$MeshFormat
2.2 0 8
$EndMeshFormat
$Nodes
1396
1 0 0 0
2 300 0 0
3 300 300 0
4 0 300 0
5 93.75 93.75 0
6 206.5 93.75 0
7 206.5 206.5 0
8 93.75 206.5 0
9 4 0 0
10 0 4 0
11 296 300 0
12 300 296 0
13 13.24999999996026 0 0
14 22.49999999991635 0 0
15 31.74999999988181 0 0
16 40.99999999983825 0 0
17 50.24999999979332 0 0
18 59.49999999974838 0 0
19 68.74999999970345 0 0
20 77.99999999965851 0 0
21 87.24999999961354 0 0
22 96.49999999956859 0 0
23 105.7499999995236 0 0
24 114.9999999994786 0 0
25 124.2499999994337 0 0
26 133.4999999993887 0 0
27 142.7499999993437 0 0
28 151.9999999993043 0 0
29 161.2499999993426 0 0
30 170.4999999993864 0 0
31 179.7499999994303 0 0
32 188.9999999994741 0 0
33 198.2499999995179 0 0
34 207.4999999995617 0 0
35 216.7499999996056 0 0
36 225.9999999996494 0 0
37 235.2499999996932 0 0
38 244.499999999737 0 0
39 253.7499999997809 0 0
40 262.9999999998247 0 0
41 272.2499999998685 0 0
42 281.4999999999123 0 0
43 290.7499999999562 0 0
44 300 9.249999999960114 0
45 300 18.49999999991612 0
46 300 27.7499999998815 0
47 300 36.99999999984063 0
48 300 46.24999999979561 0
49 300 55.49999999975058 0
50 300 64.74999999970557 0
51 300 73.99999999966053 0
52 300 83.2499999996155 0
53 300 92.49999999957043 0
54 300 101.7499999995254 0
55 300 110.9999999994803 0
56 300 120.2499999994353 0
57 300 129.4999999993902 0
58 300 138.7499999993452 0
59 300 147.9999999993057 0
60 300 157.2499999993439 0
61 300 166.4999999993876 0
62 300 175.7499999994313 0
63 300 184.9999999994751 0
64 300 194.2499999995188 0
65 300 203.4999999995626 0
66 300 212.7499999996063 0
67 300 221.9999999996501 0
68 300 231.2499999996938 0
69 300 240.4999999997376 0
70 300 249.7499999997813 0
71 300 258.999999999825 0
72 300 268.2499999998688 0
73 300 277.4999999999125 0
74 300 286.7499999999563 0
75 286.7499999999677 300 0
76 277.5000000000798 300 0
77 268.2500000000475 300 0
78 259.0000000001151 300 0
79 249.7500000001938 300 0
80 240.5000000002392 300 0
81 231.2500000002846 300 0
82 222.00000000033 300 0
83 212.7500000003755 300 0
84 203.5000000004209 300 0
85 194.2500000004664 300 0
86 185.0000000005118 300 0
87 175.7500000005573 300 0
88 166.5000000006027 300 0
89 157.2500000006482 300 0
90 148.000000000688 300 0
91 138.7500000006503 300 0
92 129.5000000006069 300 0
93 120.2500000005636 300 0
94 111.0000000005202 300 0
95 101.7500000004768 300 0
96 92.50000000043349 300 0
97 83.25000000039014 300 0
98 74.0000000003468 300 0
99 64.75000000030346 300 0
100 55.50000000026012 300 0
101 46.25000000021677 300 0
102 37.00000000017337 300 0
103 27.75000000013006 300 0
104 18.50000000008669 300 0
105 9.250000000043372 300 0
106 0 290.7499999999663 0
107 0 281.500000000077 0
108 0 272.2500000000433 0
109 0 263.0000000001095 0
110 0 253.7500000002313 0
111 0 244.5000000002753 0
112 0 235.2500000003193 0
113 0 226.0000000003633 0
114 0 216.7500000004074 0
115 0 207.5000000004515 0
116 0 198.2500000004955 0
117 0 189.0000000005396 0
118 0 179.7500000005837 0
119 0 170.5000000006277 0
120 0 161.2500000006717 0
121 0 152.0000000007103 0
122 0 142.7500000006711 0
123 0 133.5000000006263 0
124 0 124.2500000005816 0
125 0 115.0000000005368 0
126 0 105.7500000004921 0
127 0 96.50000000044739 0
128 0 87.25000000040262 0
129 0 78.00000000035791 0
130 0 68.75000000031315 0
131 0 59.50000000026841 0
132 0 50.25000000022371 0
133 0 41.00000000017894 0
134 0 31.75000000013421 0
135 0 22.50000000008947 0
136 0 13.25000000004474 0
137 102.4230769230769 93.75 0
138 111.0961538461538 93.75 0
139 119.7692307692307 93.75 0
140 128.4423076923077 93.75 0
141 137.1153846153846 93.75 0
142 145.7884615384614 93.75 0
143 154.4615384615383 93.75 0
144 163.1346153846152 93.75 0
145 171.8076923076922 93.75 0
146 180.4807692307691 93.75 0
147 189.1538461538461 93.75 0
148 197.826923076923 93.75 0
149 206.5 102.4230769230769 0
150 206.5 111.0961538461538 0
151 206.5 119.7692307692307 0
152 206.5 128.4423076923077 0
153 206.5 137.1153846153846 0
154 206.5 145.7884615384614 0
155 206.5 154.4615384615383 0
156 206.5 163.1346153846152 0
157 206.5 171.8076923076922 0
158 206.5 180.4807692307691 0
159 206.5 189.1538461538461 0
160 206.5 197.826923076923 0
161 197.8269230769231 206.5 0
162 189.1538461538462 206.5 0
163 180.4807692307693 206.5 0
164 171.8076923076923 206.5 0
165 163.1346153846154 206.5 0
166 154.4615384615386 206.5 0
167 145.7884615384617 206.5 0
168 137.1153846153848 206.5 0
169 128.4423076923078 206.5 0
170 119.7692307692309 206.5 0
171 111.0961538461539 206.5 0
172 102.423076923077 206.5 0
173 93.75 197.8269230769231 0
174 93.75 189.1538461538462 0
175 93.75 180.4807692307693 0
176 93.75 171.8076923076923 0
177 93.75 163.1346153846154 0
178 93.75 154.4615384615386 0
179 93.75 145.7884615384617 0
180 93.75 137.1153846153848 0
181 93.75 128.4423076923078 0
182 93.75 119.7692307692309 0
183 93.75 111.0961538461539 0
184 93.75 102.423076923077 0
185 54.55141730436401 7.999405835550219 0
186 245.2125324982806 292.0323434645937 0
187 7.793348633232277 239.6682508998329 0
188 239.6029958276366 7.950951304769895 0
189 60.82780365776301 292.0736341686339 0
190 292.074095493793 60.82793376750291 0
191 7.759729048053086 64.69226954332923 0
192 290.9317032460945 234.7392895945088 0
193 85.81668809303616 192.4080641680586 0
194 192.4081218922953 85.81707247036877 0
195 86.41698451308491 166.765726906472 0
196 166.780132668081 86.08261196564681 0
197 98.09531578730773 86.22090241923054 0
198 89.38731857254342 86.21662257765499 0
199 141.9029850799992 86.38422292908413 0
200 85.59155644679329 140.8979542841893 0
201 86.23889505563878 106.7596153846154 0
202 213.9542600851594 115.5785171814088 0
203 115.5768857473201 213.9533718249525 0
204 213.872216765354 141.8502650129462 0
205 141.4724673527418 213.7343541974226 0
206 202.1546508786523 214.0291594292415 0
207 210.8627737710403 214.0334531402819 0
208 167.029366483805 213.9042393641379 0
209 213.667469006979 167.272178341346 0
210 214.4389737335932 192.4177593711252 0
211 291.9160264868929 88.01977177769216 0
212 87.87500000041176 291.9892650149564 0
213 119.6607671033702 8.002463345966092 0
214 8.409827899771619 212.6661009357717 0
215 212.897853477812 8.498881772901555 0
216 7.993409020125097 91.89266257393439 0
217 291.2271923363554 207.0362113370174 0
218 7.997233993743453 119.66552533833 0
219 181.0434468741607 291.922286373995 0
220 291.3585356060897 179.5788960157446 0
221 93.74821607956393 78.65429947951296 0
222 84.98797873223319 78.64776035736463 0
223 206.5017976599984 221.595971279138 0
224 215.2623701822576 221.602534812031 0
225 156.234490427616 7.770373249731723 0
226 7.997229100979134 156.5028843598894 0
227 151.7909267277869 292.2077913155154 0
228 291.4659031263055 152.0824281835071 0
229 8.58440110284015 183.3740707978958 0
230 185.1589349822237 8.012823571648683 0
231 291.5739297351785 124.6211327002071 0
232 125.0218163049758 291.6752997056628 0
233 89.37682085406284 71.03247493282207 0
234 80.55844160542441 71.03202039013973 0
235 76.16032203276683 78.68600190943616 0
236 210.8733299537819 229.2182414131891 0
237 219.6923257140759 229.2187085793356 0
238 224.090661069971 221.5641367659843 0
239 71.69991711474482 71.03887997929539 0
240 228.5506603324425 229.2284284484784 0
241 84.96566353194213 63.3633081881936 0
242 93.84110869402627 63.38501460440927 0
243 215.2515906754295 236.8750627617709 0
244 206.4055307542124 236.8627754748666 0
245 67.26321678874341 78.76570144986766 0
246 232.9885454541875 221.4916156220067 0
247 291.8166381822139 262.628005733427 0
248 8.278056924066703 37.84009286996253 0
249 62.78786963340627 71.03025915026353 0
250 237.4608199429275 229.2264284490841 0
251 89.40481632534761 55.66667507260463 0
252 98.34389590719866 55.69395468516471 0
253 33.45783817932752 292.2422719654558 0
254 266.8992234196678 7.950124166157686 0
255 210.8060686457275 244.5696819074512 0
256 201.8920391809653 244.5405761176541 0
257 58.33265675636125 78.81402038999647 0
258 241.919577246223 221.4426044280699 0
259 53.833239510479 71.05238313168958 0
260 58.30876572935103 63.2627113349426 0
261 246.4194793330112 229.2003078992736 0
262 241.9399121363417 236.9921932930382 0
263 82.40600489094454 8.165726738506352 0
264 206.3017494781716 252.276099680775 0
265 197.4008705432888 252.2131239153751 0
266 215.0700480056087 252.33029346745 0
267 49.31279089125474 63.27825977151569 0
268 53.81324819169948 55.46089272558936 0
269 250.9404669766123 236.9740693847645 0
270 246.4319542588053 244.8003864976426 0
271 49.37185787776075 78.83542366317381 0
272 53.88294577393766 86.60967916558343 0
273 250.8832186725054 221.4143431207281 0
274 246.3685251867657 213.6485525950363 0
275 93.89076726574689 47.94162607564383 0
276 102.8357927822731 47.9724428251455 0
277 107.2855451849059 55.73064843202867 0
278 111.7828572503424 48.10133374864506 0
279 192.9719738473104 244.511203258328 0
280 188.4641621400744 252.1716860109182 0
281 116.2211021476209 55.77761895496559 0
282 120.7244902084273 48.15770540583004 0
283 7.95120099223355 266.8986599241178 0
284 292.2436712523948 33.45767020498662 0
285 44.76820202679983 55.47542237059879 0
286 255.4850621703132 244.7785521839175 0
287 49.3007812519608 47.61341118246909 0
288 201.533303875145 260.1056172115773 0
289 250.9509411740729 252.6422344112974 0
290 227.1254930094593 292.1387098913845 0
291 106.5629521895403 291.7593069233386 0
292 263.6061929746371 292.000697628115 0
293 291.9554282906763 106.4985740125448 0
294 7.990521393601757 138.1399522106306 0
295 36.37499999986003 8.010734984967739 0
296 138.150957249702 7.993034923568988 0
297 100.7232769524039 8.063925460497062 0
298 85.47517836459954 124.7878367939364 0
299 214.0269462112493 98.10785895723509 0
300 214.0211390985546 89.39608187358752 0
301 221.5972273394216 93.7724226963235 0
302 221.5987954855489 84.9957800262292 0
303 229.20937820585 89.38307015288463 0
304 229.2168606658124 80.56330065474094 0
305 221.5633485842152 76.16817657623623 0
306 229.2103266984987 71.70725268912865 0
307 221.4623185652886 67.2764522232782 0
308 229.1973337388172 62.79988181550965 0
309 236.8763755183942 76.12746176050294 0
310 221.4070863084298 58.35158342592534 0
311 229.185814593913 53.85463111684195 0
312 221.4080628331994 49.3953732702591 0
313 213.5999431151163 53.90800730294291 0
314 213.6243669354118 44.9423950779524 0
315 205.8311363914837 49.4636774836534 0
316 98.10785895723747 214.0269462112495 0
317 89.3960818735849 214.0211390985562 0
318 93.77242269632757 221.5972273394258 0
319 84.9957800262262 221.5987954855549 0
320 89.38307015288672 229.2093782058611 0
321 80.56330065473793 229.2168606658217 0
322 76.16817657623204 221.5633485842249 0
323 71.70725268912543 229.2103266985069 0
324 67.27645215278028 221.4623261862574 0
325 62.79988180376791 229.19733500898 0
326 76.1268507682083 236.8774046678416 0
327 58.35158334173508 221.4070954112546 0
328 53.85543419657957 229.1853551644688 0
329 49.39631019858929 221.4075266205091 0
330 53.90810521356758 213.599899965771 0
331 44.96001411935329 213.5982431307499 0
332 49.46654298346277 205.8268289499451 0
333 58.32713752014962 236.9625474261319 0
334 49.32596068311071 236.9450220227677 0
335 53.83740315989196 244.7746829434018 0
336 44.77513575405993 244.750478035594 0
337 49.31437414233896 252.6316453187341 0
338 58.35166369107164 252.595587469922 0
339 236.9614270229131 58.3249243427211 0
340 236.9613991179514 49.33378401532909 0
341 244.7779441011513 53.83706394866621 0
342 244.7689333042322 44.79008234180619 0
343 252.6354203952966 49.31683781153766 0
344 252.6155067138565 58.38869564331134 0
345 229.1953896128694 98.19919191903597 0
346 236.8525463737446 93.78577651652002 0
347 236.8276550666253 102.6641901205006 0
348 244.5346841908622 98.21661535640654 0
349 244.5057072688357 107.1468143263081 0
350 252.2501774216812 102.6952533610191 0
351 252.2195850433603 111.6321648317271 0
352 244.4661119416481 116.0773738228615 0
353 252.1456783824718 120.5722772180763 0
354 98.19919191904962 229.1953896128799 0
355 93.7857972433836 236.8525464257211 0
356 102.6641935747261 236.8276550754712 0
357 98.21664011345288 244.5346842529887 0
358 107.1468190279439 244.5057072808607 0
359 102.6952582693613 252.2501767204058 0
360 111.6321664334282 252.2195849253147 0
361 116.0773748752953 244.4661123972282 0
362 120.5707904790778 252.1780030800837 0
363 58.32858429048504 47.64063537770633 0
364 45.29871600014693 86.40575715788886 0
365 49.49897913684826 94.36584171858431 0
366 184.0122664599777 244.4352410939345 0
367 179.5222016718421 252.1991564282733 0
368 175.0911093815335 244.4376985238485 0
369 170.5845195189889 252.1616925423857 0
370 166.1568745624406 244.4065934867303 0
371 161.6470964916808 252.1182614417149 0
372 244.4161142725861 125.004871556293 0
373 252.0859958696698 129.5082300591542 0
374 244.3664532035824 133.9253563641912 0
375 252.0601270383022 138.4408002417792 0
376 244.3273892788012 142.8572469106578 0
377 252.0494051551979 147.3737808630164 0
378 124.99169849203 244.420796939138 0
379 125.1622457335922 55.81452200281496 0
380 129.6640514030455 48.13809570471302 0
381 134.0840359128224 55.86484818528871 0
382 138.5980653968139 48.16981652891032 0
383 142.9847044393446 55.92743883293797 0
384 147.5265289118694 48.18021923090212 0
385 205.819619663239 40.47457199002458 0
386 198.0542650065496 45.01290904445649 0
387 40.49943960597212 205.8193358273354 0
388 45.01619020327352 198.0528033349183 0
389 93.73616220344481 252.2682423214325 0
390 252.2668031687391 93.73365034877557 0
391 255.3470120543884 213.6156090962501 0
392 250.8181780539471 205.8566251325409 0
393 151.9274763066088 55.95220244730312 0
394 156.4609226315479 48.210954130198 0
395 160.8955725159738 55.9279989118717 0
396 244.2848685186038 151.7732668708161 0
397 252.0135595898297 156.3034084315555 0
398 244.2986381900231 160.7343410007444 0
399 251.9822924177823 165.2540900629035 0
400 244.1125939640581 168.9262872309561 0
401 40.39385853137985 221.2604946940378 0
402 221.4073982027036 40.42886915160395 0
403 166.0823131932348 259.9092133092824 0
404 157.102000510114 259.8639754039926 0
405 39.8760978316507 93.34740190729281 0
406 45.1658515394126 101.8599254795405 0
407 260.5359427255291 205.3373363517253 0
408 157.2289479182489 244.3585359373082 0
409 41.2294970946179 78.69080702335941 0
410 40.23396584321991 252.6179642999342 0
411 252.6248211068267 40.22737231272045 0
412 259.9721318546308 221.3383904736041 0
413 165.3964605095918 48.23978111666867 0
414 169.0350385397606 56.13741790869797 0
415 44.77385534030131 260.5118701591797 0
416 260.5191693682355 44.77348737883709 0
417 53.98944456099832 102.1604271539719 0
418 49.56345169458032 109.9202299201853 0
419 53.98452596179505 198.0769676344426 0
420 49.54379418363476 190.3128416972201 0
421 198.0777429029232 53.98378394498543 0
422 39.92435288834463 110.226742573385 0
423 45.32288485491924 117.9805428321512 0
424 54.12108254391391 117.7677512398222 0
425 49.69851084131913 125.5630596128595 0
426 41.42384768366216 125.3899426890526 0
427 45.73913897914409 133.0703672707729 0
428 54.29838938080343 133.2273537686207 0
429 49.90272234489595 141.0059703456393 0
430 40.17150564059153 139.9080952650709 0
431 45.59265961257328 148.4819584490105 0
432 54.41584950455822 148.6893684420581 0
433 259.7890949442661 142.8266133052053 0
434 40.56017041630098 190.2504980072952 0
435 40.21666790543487 47.62948485277597 0
436 49.9761162736572 156.8927534608666 0
437 40.1736990184552 156.8798124857378 0
438 259.7635594862958 160.7993541337399 0
439 259.7239005545446 169.8015001361874 0
440 116.131438141124 259.9689761830139 0
441 125.1164837991524 259.9310853857388 0
442 259.8743010159543 116.0954991310513 0
443 260.0381790008643 252.6245319553251 0
444 98.22504237707187 260.023218324479 0
445 89.23185179507468 260.0423239948068 0
446 260.034157906192 98.23546765435341 0
447 260.0440965280714 89.22539849199376 0
448 44.7635056120181 39.73773507255679 0
449 107.8561062377677 40.36519502293175 0
450 125.2296271883141 40.31026471806294 0
451 143.4498916723509 40.13396318733599 0
452 160.9649740042739 40.45597093126828 0
453 169.6724706766471 40.34429948837362 0
454 255.501065611827 260.4383008840917 0
455 246.4013625139747 260.4939322990176 0
456 208.3710150145062 292.0947465122684 0
457 183.7233487509378 259.7522859085915 0
458 58.49440492428359 190.3762271826032 0
459 184.646197479 213.8669867371042 0
460 115.5803124183648 86.31600070914085 0
461 241.8459029506237 205.8977339809429 0
462 198.2210832021911 35.99856635296007 0
463 58.50222801314025 156.2408797817278 0
464 267.5513879346846 165.3144371042904 0
465 267.4994144861574 174.3571317764425 0
466 35.68241620735182 55.22339993539192 0
467 246.2858921882986 198.1279776933851 0
468 264.463203300522 244.7964281078767 0
469 35.68633555082205 244.6956783610451 0
470 244.744674788479 35.74021769959622 0
471 84.92500202582778 47.92350553591352 0
472 89.42865334194977 40.15217847852968 0
473 35.64789195327967 260.5084482114703 0
474 35.64240292414799 39.75455021829096 0
475 260.5112486041271 35.64600597443743 0
476 264.289664862474 260.5015492667865 0
477 80.47273207863046 40.16587718692379 0
478 71.75518720399734 213.6961390163019 0
479 213.696314114131 71.75554236825781 0
480 71.80392945101076 86.64235878814409 0
481 236.6793526384136 129.4062196701323 0
482 129.5532234910036 63.55775323545843 0
483 281.6517419118816 292.769398203846 0
484 7.536640574860501 18.49063425675121 0
485 236.4726819597607 156.0223676014981 0
486 156.1847283537859 63.54641689103907 0
487 55.52684453990793 166.3153046414914 0
488 165.4339164067751 32.63992029419499 0
489 161.5590010139187 267.6876752075252 0
490 152.5363682164904 267.6411848172401 0
491 174.2067264678506 32.52647435045365 0
492 40.20887997659354 268.4267922900902 0
493 49.25855426285892 268.4849018089562 0
494 268.4314867536934 40.20713819573099 0
495 268.4879691876051 49.2585978850361 0
496 93.53338244022285 267.8840651265116 0
497 84.57186490564354 267.8255060774957 0
498 267.8533704151271 93.75896415755314 0
499 267.8619357543921 84.70471337957378 0
500 237.3573653775596 198.1684409694777 0
501 62.64623287237087 148.2616172080737 0
502 148.813341588221 259.4016915781118 0
503 120.6585324969448 267.752809659389 0
504 205.8400826267699 31.44088207680536 0
505 31.05143448532143 268.42572931027 0
506 268.4281490628542 31.04931587505906 0
507 129.6839342338297 267.7053751150604 0
508 250.8603269703202 268.1959930921686 0
509 241.8222075887704 268.2843556822189 0
510 63.96113413845814 162.8463617865133 0
511 161.7231857447044 236.6773487522384 0
512 153.0950880258558 236.4836399735455 0
513 85.10916956473521 32.41577227969518 0
514 76.53176670067126 32.28808154911424 0
515 179.5231487647718 236.6751204203315 0
516 120.5077929603915 236.7209340462893 0
517 129.3912453211863 236.6877090029855 0
518 40.19523025989058 31.87556892419295 0
519 49.32761118042941 31.85367702687294 0
520 31.04898243914053 31.88510961189522 0
521 111.7092875982135 63.46737091230376 0
522 169.9714135292364 24.81546374311749 0
523 237.394617101777 244.7907996570965 0
524 259.9650240448133 178.8248366281045 0
525 267.4912185118143 183.3961552172659 0
526 26.48583189345136 260.4812697626198 0
527 260.4819935940203 26.48337300440896 0
528 80.17427583661646 260.0181603343105 0
529 75.60721283862439 267.8575795754225 0
530 260.0303691930841 80.18513729225327 0
531 267.8696487924908 75.63407286647387 0
532 198.2000543874596 26.93624833241434 0
533 190.3098380313922 49.54849061510301 0
534 190.3731163669555 58.49190173807638 0
535 45.11322226764054 182.4823531543797 0
536 36.11258936037696 182.4026919090809 0
537 31.53768681808393 190.2064958837886 0
538 133.6156520203673 244.2067130002762 0
539 44.76552946763661 276.3717662638689 0
540 276.3747863552178 44.76549420577292 0
541 241.7681991030726 190.4233233215183 0
542 232.8756999139691 190.4751970265602 0
543 275.3702604340161 169.8807850778104 0
544 27.06632835741422 182.3408060533755 0
545 31.6605187608257 174.5227630273338 0
546 22.58487705889659 174.4517506065864 0
547 26.49033060561056 39.79366865783533 0
548 27.19308163677229 166.8119320751477 0
549 7.440621208855468 286.2942930264309 0
550 286.2946024731427 7.440485462343847 0
551 157.3453243750399 228.961498660582 0
552 275.4099138355731 160.7921987480452 0
553 179.2560817305769 24.48518001213246 0
554 124.935099997689 229.032423124549 0
555 62.9141799514518 198.1011840615811 0
556 67.39993633683068 190.4279917660151 0
557 198.1007968137037 62.91427627547804 0
558 190.4284390352994 67.39719070459618 0
559 161.7214440167687 24.63857561398481 0
560 232.9398861644447 205.9344311625251 0
561 5.58388918277082 5.539947064275221 0
562 294.4161123210124 294.4600468308187 0
563 237.288627572763 260.4826159005924 0
564 232.7275149662708 268.3645550814902 0
565 62.99496122125851 182.7176593661338 0
566 71.85852945251165 182.7749403689457 0
567 93.99319792404938 32.35323106446737 0
568 267.8293276830876 102.8015771433354 0
569 111.6581281298973 267.7856737804851 0
570 116.1668811759021 275.6103304709366 0
571 102.5112225660842 78.69612202210709 0
572 197.6910101293327 221.4745053958793 0
573 170.5756069716803 267.7228407590395 0
574 166.0360467101841 275.5514392622404 0
575 175.1076420222248 275.578752857951 0
576 229.1542950372498 107.0245641462044 0
577 107.0640632954683 229.1574978392362 0
578 275.7659932485755 98.09555136930638 0
579 275.7663792021309 107.1197234526902 0
580 106.9795071065697 275.7525940350315 0
581 76.06084355647013 47.92222670637926 0
582 44.82220395664324 24.00092276277547 0
583 53.91526904679072 23.98331042568235 0
584 79.87064784499844 275.9077330647342 0
585 71.06249698106203 275.746771789943 0
586 275.6736134995564 80.05834629197821 0
587 275.7829161810962 71.133637776226 0
588 133.4561923368094 228.9010588050513 0
589 89.49054201746769 24.48580048321644 0
590 99.06547851205636 24.55308732757284 0
591 166.1766479279615 229.0813980648843 0
592 58.39289355123967 31.89684196285834 0
593 63.04440383540965 23.95335727406636 0
594 237.1672541478475 276.1363053728413 0
595 228.129322218686 276.1652640587685 0
596 223.6207636905754 268.3384650111389 0
597 219.027836974485 276.1475499372719 0
598 66.79839941419891 268.0829351438886 0
599 268.0978747143824 66.80572534552692 0
600 53.64230389679349 276.2801025438134 0
601 276.2822170944778 53.64279881604506 0
602 22.68533794334525 190.0515590120309 0
603 26.99258639434611 198.0267114312897 0
604 16.79375366930825 198.0198278796034 0
605 22.41521217197027 205.780721970113 0
606 71.67300546245866 198.2065527219258 0
607 198.206863658854 71.67337349970808 0
608 259.4981269503519 189.0373857674898 0
609 267.8217799591313 192.6050833429868 0
610 275.3364153309902 188.0126064679002 0
611 275.3047774610179 197.0555413807218 0
612 283.0758825078692 192.6983586876948 0
613 283.2337396158148 165.4443292588188 0
614 84.55949384865495 206.5176512826717 0
615 206.5178924592908 84.55986810216936 0
616 84.87301718585681 93.79727675213158 0
617 215.6923146938508 206.5337885931549 0
618 75.06907843158837 283.987951430499 0
619 283.7619789341613 75.1461198490159 0
620 22.12394306270132 31.84554442795361 0
621 26.6096234932969 23.98010855769103 0
622 149.2163484789269 228.5280572277304 0
623 237.2825000794368 183.038431306456 0
624 228.4221923402702 182.8580075882006 0
625 205.9784978731272 22.60404688549616 0
626 213.6950053089024 26.91373709154836 0
627 198.2245618243242 16.79615153248929 0
628 153.5133504692417 221.1587198227694 0
629 183.0013182360523 62.99052174732432 0
630 182.8222134444465 71.85809685072627 0
631 128.9187059946501 221.3931543594496 0
632 148.7757925488407 244.0474869611563 0
633 176.1250893206166 67.32939914098515 0
634 232.9550912238207 176.1213543993294 0
635 214.489492157255 268.320025906225 0
636 209.3115719076876 276.2372044801639 0
637 183.5898178015419 33.48287188535961 0
638 18.22199294713062 7.246156590020513 0
639 292.3357281159202 281.4891227558811 0
640 133.7592795222827 259.6708863445848 0
641 49.05927896771779 284.323663127147 0
642 284.3263622178382 49.06009707565799 0
643 137.9584986660018 267.2173954034957 0
644 134.1224305452336 275.4530322453446 0
645 246.1607655737474 183.0142806625149 0
646 22.23202364585914 268.6271150387178 0
647 26.51313527821097 276.2840108884975 0
648 268.6291956591632 22.22894937650618 0
649 276.2867788559375 26.51046743944672 0
650 174.2210265070162 16.88516044381804 0
651 18.30546883318979 166.7515944355666 0
652 23.22772567622895 158.0560369992814 0
653 142.4459239402325 274.9857626175902 0
654 138.6722199985796 283.2889308880603 0
655 169.8994883557669 283.5251150437002 0
656 18.01994543773558 276.4973933874194 0
657 21.84761581761038 284.3658267601965 0
658 276.5000499362733 18.01782116580839 0
659 284.3710552833646 21.84377899275717 0
660 223.8856045883528 175.913305587004 0
661 228.7603399905748 168.8577619082887 0
662 16.24477841990395 261.3994895888554 0
663 21.74228939442112 252.6714179205811 0
664 13.98235213103526 253.0369700785906 0
665 261.3999533666436 16.24247974183228 0
666 252.6704073436493 21.73984153266226 0
667 253.0359809385704 13.98042990938116 0
668 175.6408068674247 76.19613113371094 0
669 168.4555872846048 70.84314139153501 0
670 183.720917293339 80.69195248068183 0
671 219.5424238325789 183.7798208624699 0
672 162.16406565512 284.0578844828063 0
673 67.47982221293847 175.596911057805 0
674 76.26698315460733 175.6044656274926 0
675 80.7033646712281 183.7069918911417 0
676 58.63739035389796 175.0081881203582 0
677 13.73304110226954 174.738119989377 0
678 36.27930326176723 166.7158852581757 0
679 95.07541305948763 16.42027070126297 0
680 189.1692002310405 23.63145382457463 0
681 283.112427082388 201.8275472284114 0
682 275.3824698655986 205.7313530272787 0
683 16.20350076153553 244.2332073222125 0
684 16.22174056919184 23.17471991001786 0
685 244.3789826259562 16.32788698198849 0
686 39.26763383861245 284.2696743670242 0
687 284.2717396639915 39.26741216421438 0
688 283.2560973082436 174.5558971232663 0
689 66.46704411676454 283.6620437420917 0
690 283.6622004016847 66.46688157338977 0
691 213.4950983465438 284.1119558213932 0
692 111.5010738618504 283.6209012981051 0
693 17.62242415846649 39.46733510578983 0
694 21.97372025368921 47.69193458343665 0
695 13.0157410246885 47.18139207328892 0
696 17.99723958865118 55.40630816596099 0
697 213.7175393538395 18.04213673353194 0
698 221.5829848654313 22.35799515270616 0
699 221.4245650255891 13.50085670315561 0
700 229.2262896599771 18.06724406380543 0
701 229.2313091807845 26.93398023510296 0
702 8.700081774040687 166.3676555582063 0
703 232.1815098233051 284.0792902548669 0
704 148.317272669552 282.381788604871 0
705 129.7227877790149 283.4290172617187 0
706 49.65783473676115 16.03174853572929 0
707 134.1862299762325 291.6045865845784 0
708 282.9939255333843 211.0237329152258 0
709 273.8342286446205 214.7959163801842 0
710 282.6880420551441 220.0144313410673 0
711 274.9260505976727 224.4462610994713 0
712 282.8106920656548 229.2694961692533 0
713 275.2872264901178 233.0647637780731 0
714 265.9029731403305 229.0319293842957 0
715 282.7129246709936 238.2358461037109 0
716 290.7512636631144 245.4861656360056 0
717 281.2353043780992 246.4533508632583 0
718 286.8270916183351 254.019706731277 0
719 277.816414389524 254.2198393881002 0
720 71.36168752390644 167.700304951752 0
721 71.35115296377802 158.0689633639328 0
722 78.79467788237392 161.8685425269126 0
723 77.42125701237487 153.169872483013 0
724 291.1299125448401 225.5927702252283 0
725 67.30635310090823 205.8536648703164 0
726 205.8537409269818 67.3067531612075 0
727 291.4639802426735 170.5160649530697 0
728 283.2942289093046 156.4006028524332 0
729 275.4388571307536 151.738850986019 0
730 283.365716555826 147.2291063468282 0
731 275.4566358251016 142.6110517628127 0
732 283.3239822122876 138.0753234665718 0
733 275.4473350733458 133.4475304482503 0
734 283.3752419902887 128.986743429607 0
735 275.4031508364992 124.5362552064599 0
736 267.5366699003778 129.1189848252706 0
737 283.5981762544628 120.15562384455 0
738 291.5419252050637 142.9741192757589 0
739 120.4164087859321 221.4180919794937 0
740 291.3437186107515 198.006499832589 0
741 102.2998431485967 283.5989522771008 0
742 97.12387458852137 291.8237074804712 0
743 92.79806066865675 284.0080385951974 0
744 228.5096211348884 213.7580576146366 0
745 291.9081912311543 115.6411837057143 0
746 115.7779779999864 291.784524657553 0
747 120.6183070321751 63.51747971686852 0
748 125.0501264278549 71.20488593355037 0
749 133.9243207628184 71.18984296865186 0
750 129.1312192109908 78.79468332611071 0
751 120.4800214863851 78.81473054943851 0
752 138.4330256256903 63.61318949016005 0
753 142.8628302868598 71.23923648348102 0
754 147.3871380475952 63.6111112231848 0
755 151.6103972953426 71.21453966779775 0
756 146.8213001400457 78.86421393205003 0
757 154.9008849072277 78.53920285261447 0
758 76.22786446776254 191.0196843724659 0
759 191.0301569893134 76.22572714364928 0
760 170.6132581355277 236.706090163317 0
761 175.0336858101281 229.0975530854032 0
762 184.0562069172924 228.9512886520575 0
763 179.9289354361746 221.4367675170934 0
764 188.44348271301 236.60558494424 0
765 197.3992442364825 236.720835642721 0
766 228.5947495416 198.2677900022159 0
767 224.034010802942 191.0711330168219 0
768 58.67176215137516 140.8669695270452 0
769 63.13274633091977 133.1717385298132 0
770 58.63490802479443 125.4830323353415 0
771 63.03979543937074 117.753796088616 0
772 67.51689490812565 125.4557386584289 0
773 71.69284514470993 117.8933129649847 0
774 67.43918118766956 110.0918169677749 0
775 71.98893412389205 133.1141200605808 0
776 77.54644341718553 110.4457901317728 0
777 71.93640368316697 102.4270282588333 0
778 62.97679247170729 102.2993094953844 0
779 67.38061367393351 94.52977952862594 0
780 76.14627187385575 125.4805020852426 0
781 80.6119511456064 132.9616493460275 0
782 76.20740919405347 140.4077693671921 0
783 162.096112254794 221.4021852639775 0
784 102.7579786138682 63.41962447030754 0
785 107.0495668947969 71.11376416819492 0
786 116.0005772142632 71.15668471177956 0
787 224.2086857806552 206.0995996065538 0
788 236.7249587440047 120.4871198402524 0
789 229.0256727879108 124.9016740221797 0
790 229.0501056344991 133.7793039795762 0
791 221.4500789852572 129.0379870833416 0
792 221.45978199021 120.1218385587139 0
793 236.6356027085235 138.2853490967226 0
794 229.007494657104 142.7011103361097 0
795 236.5977837706033 147.2283176245566 0
796 228.766229550687 151.4459699769175 0
797 221.3442929247702 146.7048782134639 0
798 221.1319679018198 155.3236314119205 0
799 76.04626061742377 206.0550060068738 0
800 206.0553781974989 76.0469114596244 0
801 267.5896100006537 138.2208646092118 0
802 115.9585314278358 229.1094255987557 0
803 291.9119705575431 97.35828942843256 0
804 283.6783896113847 93.27765157926645 0
805 8.014256777334527 147.3998817164058 0
806 15.98603925051802 142.8055083488725 0
807 15.96843047305525 133.5814486791854 0
808 23.89307084090402 138.1784617059155 0
809 23.91733395209143 129.0271688584067 0
810 31.66454973709752 134.3955105230987 0
811 23.80005165864028 147.6466767018758 0
812 15.96539632206946 124.3479525845088 0
813 23.93334265356042 119.8239409009054 0
814 31.56426792401512 143.3257003158411 0
815 31.53829536122083 152.1733866488523 0
816 16.12432593051244 152.256484548515 0
817 147.3173181888853 7.950007938926764 0
818 142.7624132133818 15.95034473227221 0
819 133.5879347872079 15.97105812434625 0
820 137.8556424070694 23.69893050005202 0
821 128.9997293560836 23.83635196223617 0
822 145.8365987334749 24.18200634854318 0
823 132.414459252101 31.77375068185078 0
824 124.3411075453266 15.95917583898338 0
825 119.3389301303765 24.18593086815586 0
826 110.3100969692664 8.002928704533005 0
827 105.0233697343804 16.27346669914233 0
828 109.0434811694246 24.62563518847451 0
829 114.6196254420241 16.17493344087586 0
830 113.3206955022733 32.34940281727824 0
831 58.41470625688875 94.39136217850093 0
832 150.8478410585189 16.09258572046377 0
833 182.8744338419041 53.84936395101438 0
834 183.1172531961477 44.24068332672477 0
835 111.5697958602768 236.7978887063068 0
836 254.3873500444076 292.0101048477145 0
837 259.0841163107817 284.0033153230427 0
838 268.2118219372417 284.0021826681531 0
839 263.9648243654167 276.0132197144464 0
840 272.9286368374958 276.0088471490139 0
841 277.3967933513281 284.6399763321997 0
842 283.4338017962894 277.0110994804225 0
843 277.8179792478304 268.7701732335037 0
844 250.2134046059152 283.9591088418225 0
845 236.7808943790872 111.5479840518695 0
846 229.1186947753066 115.8837370664524 0
847 244.7202445095665 26.45591606268816 0
848 62.84192128818686 213.5980810502048 0
849 213.5980745442906 62.84204122167581 0
850 26.36964101707816 244.5694086984766 0
851 21.96612824715194 236.604942459087 0
852 31.1080977781623 236.7429726519989 0
853 26.59211858250227 228.7808914529336 0
854 17.43952456913406 228.6727856755204 0
855 22.04349823287528 220.778748674129 0
856 13.17251618535411 221.2304630064787 0
857 31.27422275931849 221.0322516470215 0
858 40.259234736976 236.8712845114719 0
859 229.9041762939796 8.580581835190889 0
860 67.32518847839609 140.6304326323033 0
861 193.1428225028782 229.0216690507966 0
862 189.7183948435305 291.9955751496526 0
863 185.7919054361234 283.5013218397795 0
864 194.3302031817948 283.9441197304083 0
865 190.3802068579061 275.5135743395773 0
866 198.8818852924049 276.0938522167831 0
867 195.3512755102111 267.939738939439 0
868 203.870009310902 284.0828269424887 0
869 204.5583092771669 268.6728818963405 0
870 165.9124026082642 8.598723730943007 0
871 7.989215833892346 101.141735869399 0
872 15.9588569467128 96.52155900230164 0
873 15.96517096529694 87.32141700492572 0
874 23.87424183872354 91.91668126114133 0
875 23.94118080732459 101.2965277612918 0
876 23.8590630329895 82.76507525596858 0
877 15.96789569052905 78.14547687444073 0
878 23.87805875052166 73.61593844063096 0
879 31.51491480691396 88.00599619459248 0
880 15.71553321380012 69.43103377593474 0
881 23.12590335744375 63.85276806831274 0
882 31.49561388994407 68.89028756068286 0
883 7.987160079885403 110.395259726833 0
884 15.97797962958322 115.0326944725883 0
885 23.96766633824164 110.6208985508384 0
886 31.61876102776474 115.0663374241991 0
887 31.914106929515 106.2014566940782 0
888 15.97034327260666 105.834779230542 0
889 193.9662168032709 7.945724255540612 0
890 202.9071474713304 7.993477933053051 0
891 8.346760685245576 229.6955744694203 0
892 8.000061908045957 202.893486311976 0
893 8.002905109821931 193.4898814164916 0
894 63.89095248193545 8.036161850284344 0
895 73.30540053843148 8.023681891463905 0
896 77.52132845336951 16.34659430680108 0
897 68.26639482300865 16.04540106386769 0
898 40.69148526161305 174.6019999290256 0
899 45.38730791024074 166.0109200741107 0
900 128.9151277807382 7.987622038810784 0
901 27.12029130684247 7.976349317003688 0
902 31.3538427686272 16.07085673504255 0
903 137.6270671913322 236.2906612002291 0
904 129.4133856978501 252.0729043725517 0
905 62.82764567393023 86.61209234804745 0
906 237.4258440344423 213.6727933909484 0
907 276.6119994445573 8.988927908735912 0
908 228.2618807030775 260.4245722806836 0
909 232.8655946624915 252.5532036785087 0
910 7.985576735829227 128.9185753664748 0
911 7.702093971731768 27.58398630545365 0
912 254.9826724973692 197.604146196932 0
913 292.147264616363 272.6403189021813 0
914 49.67639910604389 174.6597646693671 0
915 199.0066037252701 292.0195447224697 0
916 8.989870163007671 276.6106805996548 0
917 7.985553385507831 82.66861581019418 0
918 272.7694250292026 292.2353758053856 0
919 221.5759318796685 102.5484679241494 0
920 102.5683372534842 221.5684807258792 0
921 62.79082666422295 55.49597891056746 0
922 84.76862622225023 252.2632084409869 0
923 75.80246973776144 252.2159638032524 0
924 71.32697136908602 260.1181401863886 0
925 252.2646412487375 84.76761914366264 0
926 252.2235673512829 75.79216701669249 0
927 260.1271033296402 71.32538427643732 0
928 58.52162464970668 109.9988884776258 0
929 62.7541114992171 244.6643263218587 0
930 244.668644805089 62.75643931748465 0
931 153.1895399533649 251.7933846830236 0
932 267.5796211483696 156.2626955758927 0
933 53.86302581897525 39.74017260824458 0
934 62.83359061128607 39.87536236055988 0
935 251.0365111530794 175.1181412653104 0
936 7.977205461952391 73.51166084701717 0
937 241.8888495473141 252.6271954073592 0
938 228.4944318110712 244.6649923194255 0
939 106.8003725645235 86.25915035679995 0
940 86.23889505563868 150.1250000000002 0
941 86.02541752141425 115.2366327058771 0
942 214.6521871290598 176.29975359861 0
943 53.69536166565065 260.5257416112607 0
944 260.5323128365183 53.6979995583922 0
945 232.9643494371012 237.0065560771162 0
946 193.4377456452668 213.9317126759355 0
947 236.9623873937127 40.37714465711575 0
948 39.33847187479057 63.97484662751237 0
949 259.9850739304116 236.9235685556231 0
950 67.23080490531109 63.30919441388305 0
951 31.02765927537871 252.5906978756879 0
952 252.6255649911114 31.04878776441891 0
953 35.47925361887816 276.2229506673228 0
954 276.2256404019756 35.47794760107114 0
955 54.07119246768127 182.6462892955907 0
956 219.3326110540742 260.2601779534805 0
957 250.6725278605028 190.3755059383534 0
958 190.7890078173606 39.96652676517833 0
959 26.49866421358979 55.68561264950193 0
960 283.8999623361531 102.2785935867181 0
961 156.9679007315401 32.83779770383497 0
962 31.08403368497071 47.62977514953879 0
963 268.5849914886136 253.1218158111398 0
964 58.40360474989536 205.8427710887102 0
965 205.8435724490832 58.40308989832384 0
966 244.543993829526 89.31304051172751 0
967 89.31264494337131 244.5454834618805 0
968 85.43481641546481 176.0034510261686 0
969 80.52562928828817 55.65050876855338 0
970 175.9615364066861 85.33579876996218 0
971 36.01453624049736 198.0136315837415 0
972 275.3451094388033 178.9553615865844 0
973 18.0045644443899 182.2779862960445 0
974 45.18628531666963 71.35760422923077 0
975 255.6838906512503 229.1471014697148 0
976 175.0058290372526 259.9224276421864 0
977 213.5861946220307 35.95908345494518 0
978 259.8027471747299 151.8125643229365 0
979 229.1742896530081 44.90032417503318 0
980 264.3364107760378 213.9876969272023 0
981 137.4281916238264 251.4726263012373 0
982 31.49310318869201 205.7403864560304 0
983 67.23428405926893 236.8884019904218 0
984 236.8888304183323 67.23440493529307 0
985 152.1020078578629 40.44486138545351 0
986 98.21415228373371 71.0502166128923 0
987 202.0022892061143 229.1489997094318 0
988 98.47879331064195 40.22370027623536 0
989 76.16223609437782 94.4247995642213 0
990 125.1756231786765 275.5616091583632 0
991 143.4505557735676 291.2342716520287 0
992 156.4941959289001 276.6859853303713 0
993 107.1730173272651 260.0027609645167 0
994 259.9670046357157 107.1783130651634 0
995 214.020617314909 106.8288861019197 0
996 106.8319257511297 214.0192274125762 0
997 236.8610865124932 84.95495630955972 0
998 84.95398351291047 236.8628751480084 0
999 97.62872360058175 275.8903877067279 0
1000 221.4838324416677 31.40040795560543 0
1001 32.73161440863958 124.9635141748926 0
1002 44.84227106852309 229.1208158743881 0
1003 80.61473230476358 213.9802049989601 0
1004 213.9802528892078 80.61481613980246 0
1005 76.10744615365314 63.33976699149427 0
1006 80.5624670114648 86.40246999149213 0
1007 224.1045423970462 236.8935074759944 0
1008 219.6381579563654 213.9886830380042 0
1009 267.7282149254292 111.6267429464488 0
1010 31.5152662345475 96.86434486771235 0
1011 175.6072378259421 8.09205095115632 0
1012 179.3910996111715 267.6851297402578 0
1013 174.8944192740137 48.72426657581493 0
1014 165.8421496537483 17.48219697863173 0
1015 283.1698083216488 183.7546669374199 0
1016 275.6823944350402 88.99614231637022 0
1017 120.6004970379915 283.5580355984396 0
1018 102.5329668302681 267.8897833229586 0
1019 221.5472635137505 111.3310018298081 0
1020 111.2192417795055 221.5665657133763 0
1021 267.609427703979 147.2454400936796 0
1022 72.31992761039832 24.29552048988247 0
1023 164.3099233304798 63.23860964722122 0
1024 91.67388455085566 7.986166362536474 0
1025 35.74496724281033 228.9681184719753 0
1026 103.6262921093689 32.41170861616001 0
1027 236.6389481223353 164.2648610880305 0
1028 78.87700853943932 292.1943341795205 0
1029 292.0818363363212 78.75391877687214 0
1030 229.2108522030542 35.92137488679855 0
1031 111.403678857403 78.7260754195768 0
1032 219.617244505479 244.5735705057841 0
1033 80.46231310170398 244.5373467377477 0
1034 69.99848912436758 291.9863272534575 0
1035 291.93001852766 69.99080899435779 0
1036 244.5316578761528 80.46503916967779 0
1037 148.8560350081397 32.38073326333952 0
1038 22.12827007229595 15.22602160466463 0
1039 45.50832476856382 7.907487395785941 0
1040 35.76225502605887 24.00506364198442 0
1041 58.88771203804494 16.00823083086338 0
1042 71.64276346400916 55.58919740159894 0
1043 259.7894399742323 133.8650322174003 0
1044 35.97712877892749 213.4707713317698 0
1045 267.7275566920524 201.1644802833757 0
1046 134.7745528371757 40.06188415809703 0
1047 32.61186240504261 78.5114955705225 0
1048 244.5402756075001 71.60420471848678 0
1049 71.60718450000105 244.5390794861966 0
1050 67.14103021610957 47.81750861871618 0
1051 123.1505267535496 32.01590660227993 0
1052 259.8059300667034 124.9136475601249 0
1053 166.2077741229743 290.8206062568025 0
1054 213.927493814759 124.2881212398081 0
1055 124.1607710424568 213.7960170249086 0
1056 124.2899742720204 86.38540178953072 0
1057 223.9403017903003 252.4678017008887 0
1058 291.6358465238031 133.81788647848 0
1059 132.9724435787803 213.9135805258375 0
1060 236.9648554152438 31.29041789719908 0
1061 8.045592753294219 55.13270495960413 0
1062 214.0012974443503 133.1458837798797 0
1063 71.70385349063172 40.03083804276912 0
1064 133.1925286880154 86.25470784419062 0
1065 86.31857182342918 158.5205968400914 0
1066 17.96668049017744 213.3200553513761 0
1067 246.0451470473739 276.0640703897831 0
1068 188.8171530183241 221.4471550048111 0
1069 210.5254177340827 259.8869401243738 0
1070 175.7387344041653 214.0076562436305 0
1071 236.2499144538269 292.0150354376438 0
1072 137.4594807510114 221.3309114110234 0
1073 192.2261390023539 259.8281173823638 0
1074 222.889043395472 284.1837829231973 0
1075 221.4542477352225 137.8699047342195 0
1076 217.7717749611145 292.0881991913739 0
1077 259.7147046405975 268.2030342577834 0
1078 67.47107263327277 32.05666694654174 0
1079 40.56214875439984 16.10896513228463 0
1080 252.3439397906733 67.04268018825069 0
1081 171.0005803861714 221.4882999231878 0
1082 67.06230410879817 252.3528068457301 0
1083 137.9725306947882 78.78781791392805 0
1084 158.5089723415928 213.7630476033314 0
1085 236.9196644158657 22.31387384189283 0
1086 26.8616409369935 213.35382257174 0
1087 149.8411461995323 213.7103722916422 0
1088 62.53202414538733 260.4019909505543 0
1089 213.7229725305984 150.3841489954056 0
1090 260.4092214338765 62.53639011568712 0
1091 291.5763086490164 161.3655708744267 0
1092 150.4455411750581 86.35509270642717 0
1093 267.6035004468785 120.3556616204759 0
1094 14.50773097639095 291.4185643960986 0
1095 291.4200628482055 14.50698739360312 0
1096 268.5060849424984 268.4581280311597 0
1097 58.07179780740473 268.2945431003624 0
1098 213.4460101600212 158.7980769230766 0
1099 268.3003529184884 58.07437347826779 0
1100 116.8037384608856 40.39783947463756 0
1101 254.9796540633809 276.0433140978759 0
1102 182.2895630012763 15.99347507980843 0
1103 158.6726274055338 85.88079620447581 0
1104 62.50414345953907 275.9915865437013 0
1105 275.9881565393225 62.39708190233064 0
1106 88.68260871061281 276.0796096349411 0
1107 241.1782937627582 284.0476922935918 0
1108 275.7368391286681 115.8526297914488 0
1109 51.13582276737576 292.6044248918116 0
1110 292.605908981182 51.13590482573979 0
1111 42.69509562557062 292.2400057252397 0
1112 292.2412803525677 42.69518071170583 0
1113 219.9693394446552 199.0896277497316 0
1114 283.8108294072076 111.2577213989444 0
1115 283.7990398838928 84.04199176519917 0
1116 29.94841278879131 284.3665937180888 0
1117 284.3693707863982 29.94704606706247 0
1118 80.28765891289981 199.0591255013995 0
1119 199.0610346089423 80.28759894393048 0
1120 23.74248280297288 292.4325394695278 0
1121 292.43469679525 23.74196281102246 0
1122 291.4913241743932 188.8814035787404 0
1123 57.48045995890488 284.0519391694678 0
1124 284.0526072965333 57.4681462427599 0
1125 7.547007209409859 258.7576064014919 0
1126 258.7578452262608 7.546525519031462 0
1127 71.476542735062 148.871926949728 0
1128 80.46288516399284 101.5057799464042 0
1129 291.3398454116206 216.4028576362992 0
1130 228.8885069284817 159.9393075802394 0
1131 31.7756141787574 159.9953878494528 0
1132 81.26382276644597 24.7587991234962 0
1133 83.86206736595122 284.0278219866414 0
1134 159.6290955013538 70.69829669206229 0
1135 86.16582530627237 16.59899949349867 0
1136 221.5608740457125 163.7212534947809 0
1137 267.8450491037807 220.7500585755853 0
1138 272.7329656388857 246.0147644581703 0
1139 283.0847489054763 261.4673122127064 0
1140 191.9938326879187 32.0031334320974 0
1141 268.7807848069848 238.0787460380138 0
1142 145.3968162812644 220.9579174537424 0
1143 14.8141924539411 189.4426650804132 0
1144 79.37723126435301 118.7688149363627 0
1145 212.3267169390464 184.4263898433641 0
1146 87.77901050815933 184.8173076923079 0
1147 184.8173076923077 87.7793628314699 0
1148 272.5886299745588 261.2097377831313 0
1149 285.6600865496346 268.5033819124482 0
1150 206.7451200000867 14.7869389714944 0
1151 141.3516245042791 228.4749176620315 0
1152 241.6788161419846 176.7113209871333 0
1153 14.17612576227156 31.74847079576663 0
1154 253.5476985082346 183.2841409570168 0
1155 14.38682136197636 235.6725217030421 0
1156 177.0961374832402 39.86371912534532 0
1157 176.7610983020392 58.61315201688986 0
1158 190.0375490969651 14.66119390883262 0
1159 145.2951126388168 236.0439383648133 0
1160 11.40113501121208 7.388923665525636 0
1161 7.552758823506018 11.51548870096179 0
1162 13.84375633303283 13.84032412132361 0
1163 288.5736147678088 292.6141758985324 0
1164 292.4166651513074 288.4810814759004 0
1165 285.9680575157558 286.1674756911303 0
1166 88.00434570963989 132.7788461538462 0
1167 14.78861137509336 206.2993922985823 0
1168 31.228213908624 61.52538296828036 0
1169 7.173235468929189 247.8302603668206 0
1170 247.8320243272368 7.184385512631458 0
1171 236.0064217646831 14.64810760552951 0
1172 37.65257665466263 101.5900585474127 0
1173 14.87995946996401 159.9066623061243 0
1174 169.1704217593863 79.07633788352101 0
1175 187.2440998258907 267.5482821344026 0
1176 141.1786084205574 243.4669185203467 0
1177 37.93983534198907 148.0720987442988 0
1178 6.050260392036098 175.0597555650126 0
1179 182.6228286058024 275.3736787436252 0
1180 145.3209123483817 251.2202510754272 0
1181 177.9214957759123 283.8349512812198 0
1182 221.3802891915524 5.871177032445856 0
1183 173.0636633613957 293.1085528282682 0
1184 80.12044359667122 146.6965162592906 0
1185 79.44964867422938 169.0357304641159 0
1186 293.9890738226834 254.2334111571317 0
1187 5.715755947262225 45.62500000020134 0
1188 140.5311966517186 32.03854468986975 0
1189 5.635114047022231 221.3750000003856 0
1190 14.16115672072001 283.03735163396 0
1191 283.0395539971087 14.15960018464969 0
1192 38.07922518498944 118.9619335391415 0
1193 141.2984793835118 258.9092419292682 0
1194 145.6256371836873 266.3760064379153 0
1195 6.724373197168479 293.2756268028344 0
1196 293.2756268028856 6.724373197091303 0
1197 87.40264098806276 200.1477944564015 0
1198 200.1477944564014 87.40264098806301 0
1199 87.40269073552315 100.1022917087273 0
1200 212.84730211529 200.1476959085178 0
1201 153.8561198998441 24.13177319222745 0
1202 14.76752446298906 269.8344425462265 0
1203 269.836763451198 14.76556087594469 0
1204 38.00149315371593 72.29916181330105 0
1205 158.9491152713252 15.12578528431361 0
1206 149.8879771203365 274.0402178422025 0
1207 155.0255048843782 285.4583913423377 0
1208 262.0853672055857 196.8900462980975 0
1209 38.48424062131134 132.0797652894443 0
1210 14.70084940010005 62.18581739372353 0
1211 268.4841002732775 208.088870685865 0
1212 159.5187419524017 293.0676898752862 0
1213 162.6302659953637 77.68143847570862 0
1214 38.27403460919636 85.29845936028946 0
1215 220.2513504327775 170.2239610754795 0
1216 65.26411502778957 154.8683173342907 0
1217 237.1753703766631 171.1095785565828 0
1218 276.2610896318292 240.1756266584838 0
1219 63.31011241284047 169.7715410546238 0
1220 171.1127138369387 62.94488997449459 0
1221 198.9888950556389 150.1249999999999 0
1222 101.2611049443611 150.1250000000001 0
1223 149.9652115821509 100.8180088417733 0
1224 150.2927048682307 200.0441312173684 0
1225 124.0259595854519 198.7935980318484 0
1226 101.2611049443612 124.1057692307693 0
1227 198.9888950556388 176.1442307692306 0
1228 176.4130503307188 99.64637741580586 0
1229 198.9888950556388 124.1057692307692 0
1230 101.2611049443607 176.1442307692306 0
1231 123.9202523983133 101.4490823883399 0
1232 176.4130503307186 200.6036225841942 0
1233 107.556026042209 198.6448181039268 0
1234 101.2611049443612 106.7596153846155 0
1235 193.5957644766309 100.9284753760904 0
1236 198.469704147129 192.8553293360757 0
1237 101.2611049443612 132.7788461538462 0
1238 108.7722098887224 128.4423076923078 0
1239 108.7722098887223 137.1153846153847 0
1240 116.2833148330835 132.7788461538462 0
1241 116.2833148330834 141.4519230769232 0
1242 123.7944197774446 137.1153846153848 0
1243 123.7944197774445 145.7884615384617 0
1244 131.3055247218058 141.4519230769234 0
1245 131.3055247218056 150.1250000000003 0
1246 138.8166296661669 145.7884615384621 0
1247 138.8166296661666 154.4615384615389 0
1248 146.3277346105279 150.1250000000006 0
1249 146.3277346105281 141.4519230769237 0
1250 153.8388395548892 145.7884615384623 0
1251 153.8388395548892 154.4615384615389 0
1252 153.8388395548894 137.1153846153854 0
1253 161.3499444992505 141.451923076924 0
1254 131.3055247218054 158.7980769230772 0
1255 138.8166296661665 163.1346153846157 0
1256 131.3055247218059 132.7788461538465 0
1257 161.3499444992505 132.778846153847 0
1258 168.8610494436116 137.1153846153857 0
1259 168.8610494436118 145.7884615384623 0
1260 131.3055247218052 167.4711538461541 0
1261 138.8166296661664 171.8076923076927 0
1262 168.8610494436117 128.4423076923087 0
1263 153.8388395548894 128.4423076923083 0
1264 123.7944197774441 163.1346153846153 0
1265 123.7944197774438 171.8076923076922 0
1266 176.3721543879729 132.7788461538474 0
1267 176.372154387973 124.1057692307704 0
1268 116.2037937681003 123.978379242309 0
1269 168.8610494436117 119.7692307692313 0
1270 116.2833148330829 167.4711538461536 0
1271 146.3277346105276 167.4711538461542 0
1272 146.323272203674 176.1519598846256 0
1273 153.8380958204132 171.8089804935917 0
1274 138.8166296661664 180.4807692307696 0
1275 153.8335094578135 180.490001229713 0
1276 161.3489321939915 176.1459841333715 0
1277 161.3488874321942 184.8191385861554 0
1278 168.8610494436111 180.4807692307697 0
1279 168.8608807260682 171.8079845350495 0
1280 176.3721262683819 176.1442794737909 0
1281 176.3721215817838 167.4712106681407 0
1282 116.2833148330834 150.125 0
1283 168.8610158563229 163.1346735595063 0
1284 176.3721433223934 158.7980960892239 0
1285 183.8832520203727 163.1346280493053 0
1286 116.2833148330826 176.1442307692305 0
1287 123.8266370134748 180.5365711204548 0
1288 183.7864636667322 154.4615437666786 0
1289 116.2886843724206 184.8266080072549 0
1290 183.7864667296555 128.4423076923092 0
1291 183.7703346292093 119.769230769232 0
1292 183.8671272318875 137.1153846153859 0
1293 176.5233061559684 184.555505150485 0
1294 183.8832593323334 180.48076923077 0
1295 184.0919282872451 188.8284080136946 0
1296 191.3943642766954 158.7980769230785 0
1297 191.3943642766952 132.778846153848 0
1298 191.6439156306112 184.7339187865786 0
1299 191.394364276695 167.4711538461554 0
1300 191.394364276695 141.4519230769248 0
1301 154.0149217946745 188.5785713083829 0
1302 160.9868408298719 192.9036957369605 0
1303 123.8968104166824 189.4388317365435 0
1304 115.9953971021961 193.5913070233066 0
1305 132.1069200506635 193.7904068522277 0
1306 108.4814956203769 189.2376472350424 0
1307 131.4988281379923 185.1521190304215 0
1308 139.2604449132794 189.3642594399405 0
1309 146.3812145277666 184.5967553623451 0
1310 176.356019932776 150.1250040785484 0
1311 131.3431114971748 176.2093329738641 0
1312 161.3496181084892 167.4717191715353 0
1313 123.7811662666142 128.4210760275645 0
1314 131.3033158033342 124.1022306199791 0
1315 138.8162615130885 128.441717923843 0
1316 138.816200154242 119.7685427060218 0
1317 131.3050849834063 115.4319878620262 0
1318 138.7266059457683 111.2515964880037 0
1319 146.2227802264631 115.6141594641281 0
1320 131.4696389733787 106.897116685873 0
1321 123.7897225043778 110.6927897478024 0
1322 116.1005355511082 106.1249577287696 0
1323 116.0494569148977 114.8479617408611 0
1324 139.7750171763311 102.1097758931113 0
1325 146.3101092690167 124.1358007848965 0
1326 153.8184096006265 119.8044805543248 0
1327 153.9578767404072 111.7102269169367 0
1328 161.366379037793 115.540912783672 0
1329 160.9802485884271 107.3711125288975 0
1330 168.7565523134383 111.2641217540269 0
1331 176.4870738703515 115.7224976182549 0
1332 184.0634447339651 111.4325361620921 0
1333 191.3494869731803 116.3110133831437 0
1334 161.3498845029088 158.7981808397894 0
1335 146.3247356947632 132.7837531181237 0
1336 168.7799277140781 188.9647210949504 0
1337 138.8160684880263 137.1161041480204 0
1338 184.448285660205 197.9706357397857 0
1339 101.261104944361 158.798076923077 0
1340 101.2611049443609 167.4711538461538 0
1341 101.2611049443611 141.4519230769232 0
1342 140.4830387529797 198.5077203795648 0
1343 101.305284362358 115.214622020678 0
1344 108.7722098887221 154.4615384615384 0
1345 184.5169232658794 102.2738686124283 0
1346 108.7722098887223 119.7692307692309 0
1347 161.3492785966305 124.1296809409487 0
1348 146.3277346105278 158.7980769230774 0
1349 108.7722098887222 145.7884615384616 0
1350 123.7944197774444 154.4615384615385 0
1351 153.8386512012926 163.1349416226145 0
1352 116.2833148330831 158.7980769230768 0
1353 176.366776628699 141.451923756682 0
1354 168.8583429262106 154.4615693509218 0
1355 183.7864553566983 171.8077120062324 0
1356 108.772209888722 163.1346153846152 0
1357 123.7387567067884 119.5790708734237 0
1358 161.3494834136267 150.1250224676831 0
1359 108.7722098887218 171.807692307692 0
1360 183.7640600662355 145.7884632157034 0
1361 108.7246524338871 180.4962861301264 0
1362 101.1638007284965 184.7629754786173 0
1363 167.8593028565655 198.8020832348124 0
1364 167.8577426919421 101.4481068482172 0
1365 108.5473911931985 110.6989525470879 0
1366 107.795755497744 101.4773276383722 0
1367 193.3404811035165 199.3271379892435 0
1368 100.9056149031878 193.1829846593707 0
1369 199.5151524429471 106.4568644036209 0
1370 200.4205029666758 184.6736188553 0
1371 199.4364323187012 141.0756442294344 0
1372 199.4364323187011 167.0948749986651 0
1373 200.563938330207 132.7035903843488 0
1374 190.1891581390319 176.1323208824903 0
1375 190.1364806661777 150.1250009974838 0
1376 200.5639383302071 158.7228211535794 0
1377 189.8579095328759 124.2814334458604 0
1378 199.3308341788286 115.0210116577688 0
1379 146.5651998478783 107.7190493893754 0
1380 147.1598174821075 192.6691212208174 0
1381 158.7980769230766 99.78232878579794 0
1382 158.7980769230769 200.4676712142027 0
1383 190.3988629657414 192.7430859730756 0
1384 191.6535230522231 108.5492712354875 0
1385 115.6885534690484 200.8059446318164 0
1386 177.0370163989412 107.9749257673901 0
1387 177.2790931155398 191.9195206598862 0
1388 132.4347221393575 200.8183450527282 0
1389 132.2261236342424 99.69446160019864 0
1390 115.4326923076923 99.11603647555914 0
1391 200.1508670343546 200.1508670343546 0
1392 100.0991329656455 100.0991329656456 0
1393 100.0991329656455 200.1508670343546 0
1394 200.1950263785706 100.0549736214295 0
1395 154.9659375662095 195.1993797397087 0
1396 154.914617896487 105.0929941232919 0
$EndNodes
$Elements
2658
1 2 2 1 1 675 193 758
2 2 2 1 1 194 670 759
3 2 2 1 1 210 671 767
4 2 2 1 1 487 676 914
5 2 2 1 1 637 553 680
6 2 2 1 1 825 828 829
7 2 2 1 1 834 637 958
8 2 2 1 1 193 675 1146
9 2 2 1 1 670 194 1147
10 2 2 1 1 830 449 1026
11 2 2 1 1 671 210 1145
12 2 2 1 1 1051 450 1100
13 2 2 1 1 830 1051 1100
14 2 2 1 1 637 834 1156
15 2 2 1 1 69 70 716
16 2 2 1 1 870 650 1014
17 2 2 1 1 650 870 1011
18 2 2 1 1 652 811 815
19 2 2 1 1 590 679 827
20 2 2 1 1 679 297 827
21 2 2 1 1 1011 230 1102
22 2 2 1 1 248 693 695
23 2 2 1 1 559 1201 1205
24 2 2 1 1 776 201 941
25 2 2 1 1 842 639 1165
26 2 2 1 1 437 436 899
27 2 2 1 1 828 830 1026
28 2 2 1 1 1201 832 1205
29 2 2 1 1 650 1011 1102
30 2 2 1 1 192 712 724
31 2 2 1 1 828 825 830
32 2 2 1 1 451 1046 1188
33 2 2 1 1 68 192 724
34 2 2 1 1 714 949 975
35 2 2 1 1 678 437 899
36 2 2 1 1 248 695 1187
37 2 2 1 1 637 680 1140
38 2 2 1 1 196 1103 1213
39 2 2 1 1 841 842 1165
40 2 2 1 1 412 714 975
41 2 2 1 1 639 842 913
42 2 2 1 1 823 450 1051
43 2 2 1 1 450 823 1046
44 2 2 1 1 1046 823 1188
45 2 2 1 1 657 1116 1120
46 2 2 1 1 899 487 914
47 2 2 1 1 1117 659 1121
48 2 2 1 1 1116 253 1120
49 2 2 1 1 284 1117 1121
50 2 2 1 1 810 430 814
51 2 2 1 1 217 681 740
52 2 2 1 1 719 963 1138
53 2 2 1 1 867 288 869
54 2 2 1 1 992 704 1206
55 2 2 1 1 65 217 740
56 2 2 1 1 704 992 1207
57 2 2 1 1 717 719 1138
58 2 2 1 1 604 892 893
59 2 2 1 1 676 487 1219
60 2 2 1 1 627 889 890
61 2 2 1 1 719 1139 1148
62 2 2 1 1 1139 843 1148
63 2 2 1 1 436 487 899
64 2 2 1 1 828 827 829
65 2 2 1 1 716 70 1186
66 2 2 1 1 229 677 973
67 2 2 1 1 39 1126 1170
68 2 2 1 1 1125 110 1169
69 2 2 1 1 684 484 1162
70 2 2 1 1 430 810 1209
71 2 2 1 1 866 636 868
72 2 2 1 1 590 827 828
73 2 2 1 1 635 869 1069
74 2 2 1 1 780 298 781
75 2 2 1 1 662 283 1125
76 2 2 1 1 66 67 1129
77 2 2 1 1 636 691 868
78 2 2 1 1 254 665 1126
79 2 2 1 1 691 456 868
80 2 2 1 1 776 941 1144
81 2 2 1 1 561 13 1160
82 2 2 1 1 562 75 1163
83 2 2 1 1 1038 684 1162
84 2 2 1 1 811 652 816
85 2 2 1 1 712 192 715
86 2 2 1 1 136 561 1161
87 2 2 1 1 74 562 1164
88 2 2 1 1 655 1181 1183
89 2 2 1 1 723 940 1065
90 2 2 1 1 192 69 716
91 2 2 1 1 1181 219 1183
92 2 2 1 1 1 9 10
93 2 2 1 1 12 3 11
94 2 2 1 1 67 68 724
95 2 2 1 1 1126 667 1170
96 2 2 1 1 664 1125 1169
97 2 2 1 1 263 1024 1135
98 2 2 1 1 608 912 957
99 2 2 1 1 283 662 1202
100 2 2 1 1 665 254 1203
101 2 2 1 1 636 866 869
102 2 2 1 1 879 405 1010
103 2 2 1 1 220 688 727
104 2 2 1 1 62 220 727
105 2 2 1 1 593 1022 1078
106 2 2 1 1 63 64 1122
107 2 2 1 1 484 684 911
108 2 2 1 1 437 678 1131
109 2 2 1 1 856 854 891
110 2 2 1 1 288 867 1073
111 2 2 1 1 652 815 1131
112 2 2 1 1 641 1109 1111
113 2 2 1 1 1110 642 1112
114 2 2 1 1 686 641 1111
115 2 2 1 1 642 687 1112
116 2 2 1 1 781 200 782
117 2 2 1 1 1110 190 1124
118 2 2 1 1 189 1109 1123
119 2 2 1 1 1094 657 1120
120 2 2 1 1 722 723 1065
121 2 2 1 1 697 215 699
122 2 2 1 1 659 1095 1121
123 2 2 1 1 681 217 708
124 2 2 1 1 37 188 859
125 2 2 1 1 1174 196 1213
126 2 2 1 1 297 679 1024
127 2 2 1 1 804 803 960
128 2 2 1 1 64 65 740
129 2 2 1 1 642 1110 1124
130 2 2 1 1 1109 641 1123
131 2 2 1 1 578 804 960
132 2 2 1 1 668 970 1174
133 2 2 1 1 67 724 1129
134 2 2 1 1 935 645 1152
135 2 2 1 1 881 696 959
136 2 2 1 1 677 229 1178
137 2 2 1 1 869 288 1069
138 2 2 1 1 584 1106 1133
139 2 2 1 1 657 1094 1190
140 2 2 1 1 1095 659 1191
141 2 2 1 1 1013 833 1157
142 2 2 1 1 723 721 1127
143 2 2 1 1 741 742 743
144 2 2 1 1 59 228 738
145 2 2 1 1 60 61 1091
146 2 2 1 1 228 730 738
147 2 2 1 1 580 999 1018
148 2 2 1 1 680 553 1102
149 2 2 1 1 405 879 1214
150 2 2 1 1 485 1027 1130
151 2 2 1 1 894 897 1041
152 2 2 1 1 449 830 1100
153 2 2 1 1 120 226 702
154 2 2 1 1 741 743 999
155 2 2 1 1 912 608 1208
156 2 2 1 1 187 683 1169
157 2 2 1 1 685 188 1170
158 2 2 1 1 119 120 702
159 2 2 1 1 1029 211 1115
160 2 2 1 1 210 767 1113
161 2 2 1 1 758 193 1118
162 2 2 1 1 593 897 1022
163 2 2 1 1 194 759 1119
164 2 2 1 1 61 62 727
165 2 2 1 1 989 480 1006
166 2 2 1 1 95 96 742
167 2 2 1 1 688 220 1015
168 2 2 1 1 1024 679 1135
169 2 2 1 1 201 776 1128
170 2 2 1 1 57 58 1058
171 2 2 1 1 253 686 1111
172 2 2 1 1 687 284 1112
173 2 2 1 1 762 763 1068
174 2 2 1 1 247 718 1186
175 2 2 1 1 64 740 1122
176 2 2 1 1 815 437 1131
177 2 2 1 1 897 593 1041
178 2 2 1 1 1127 721 1216
179 2 2 1 1 618 1028 1034
180 2 2 1 1 1029 619 1035
181 2 2 1 1 686 253 1116
182 2 2 1 1 284 687 1117
183 2 2 1 1 968 674 1185
184 2 2 1 1 660 671 942
185 2 2 1 1 1074 290 1076
186 2 2 1 1 422 886 887
187 2 2 1 1 689 618 1034
188 2 2 1 1 619 690 1035
189 2 2 1 1 58 59 738
190 2 2 1 1 627 890 1150
191 2 2 1 1 691 1074 1076
192 2 2 1 1 856 891 1189
193 2 2 1 1 866 867 869
194 2 2 1 1 781 298 1166
195 2 2 1 1 675 674 968
196 2 2 1 1 668 670 970
197 2 2 1 1 1103 757 1213
198 2 2 1 1 228 728 730
199 2 2 1 1 718 247 1139
200 2 2 1 1 90 91 991
201 2 2 1 1 980 709 1137
202 2 2 1 1 887 875 1010
203 2 2 1 1 709 980 1211
204 2 2 1 1 970 196 1174
205 2 2 1 1 189 689 1034
206 2 2 1 1 690 190 1035
207 2 2 1 1 786 751 1031
208 2 2 1 1 696 881 1210
209 2 2 1 1 61 727 1091
210 2 2 1 1 36 37 859
211 2 2 1 1 834 833 1013
212 2 2 1 1 231 734 737
213 2 2 1 1 91 92 707
214 2 2 1 1 1070 763 1081
215 2 2 1 1 635 636 869
216 2 2 1 1 885 875 887
217 2 2 1 1 892 604 1167
218 2 2 1 1 91 707 991
219 2 2 1 1 96 212 742
220 2 2 1 1 779 480 989
221 2 2 1 1 1022 514 1078
222 2 2 1 1 901 902 1038
223 2 2 1 1 58 738 1058
224 2 2 1 1 604 893 1143
225 2 2 1 1 400 935 1152
226 2 2 1 1 830 825 1051
227 2 2 1 1 232 746 1017
228 2 2 1 1 414 1013 1157
229 2 2 1 1 208 1070 1081
230 2 2 1 1 763 459 1068
231 2 2 1 1 999 496 1018
232 2 2 1 1 803 293 960
233 2 2 1 1 751 460 1031
234 2 2 1 1 1106 743 1133
235 2 2 1 1 231 737 745
236 2 2 1 1 92 232 707
237 2 2 1 1 875 885 888
238 2 2 1 1 480 779 905
239 2 2 1 1 291 692 746
240 2 2 1 1 1064 750 1083
241 2 2 1 1 1027 661 1130
242 2 2 1 1 765 861 987
243 2 2 1 1 699 215 1182
244 2 2 1 1 478 799 1003
245 2 2 1 1 800 479 1004
246 2 2 1 1 633 669 1220
247 2 2 1 1 804 578 1016
248 2 2 1 1 10 9 561
249 2 2 1 1 12 11 562
250 2 2 1 1 186 1071 1107
251 2 2 1 1 232 705 707
252 2 2 1 1 692 291 741
253 2 2 1 1 705 232 1017
254 2 2 1 1 1108 579 1114
255 2 2 1 1 669 1023 1220
256 2 2 1 1 199 1064 1083
257 2 2 1 1 580 741 999
258 2 2 1 1 291 95 742
259 2 2 1 1 487 510 1219
260 2 2 1 1 787 744 1008
261 2 2 1 1 616 989 1006
262 2 2 1 1 619 1029 1115
263 2 2 1 1 1062 791 1075
264 2 2 1 1 902 621 1038
265 2 2 1 1 783 628 1084
266 2 2 1 1 718 716 1186
267 2 2 1 1 856 214 1066
268 2 2 1 1 779 831 905
269 2 2 1 1 683 664 1169
270 2 2 1 1 667 685 1170
271 2 2 1 1 634 661 1217
272 2 2 1 1 204 1062 1075
273 2 2 1 1 949 714 1141
274 2 2 1 1 456 691 1076
275 2 2 1 1 756 757 1092
276 2 2 1 1 792 202 1019
277 2 2 1 1 437 815 1177
278 2 2 1 1 661 1027 1217
279 2 2 1 1 227 90 991
280 2 2 1 1 295 1039 1079
281 2 2 1 1 203 739 1020
282 2 2 1 1 739 802 1020
283 2 2 1 1 1084 628 1087
284 2 2 1 1 746 692 1017
285 2 2 1 1 805 806 816
286 2 2 1 1 908 956 1057
287 2 2 1 1 645 935 1154
288 2 2 1 1 958 637 1140
289 2 2 1 1 704 227 991
290 2 2 1 1 846 792 1019
291 2 2 1 1 185 894 1041
292 2 2 1 1 55 56 745
293 2 2 1 1 778 417 831
294 2 2 1 1 478 725 799
295 2 2 1 1 756 199 1083
296 2 2 1 1 726 479 800
297 2 2 1 1 824 825 829
298 2 2 1 1 779 778 831
299 2 2 1 1 1092 757 1103
300 2 2 1 1 861 572 987
301 2 2 1 1 753 755 756
302 2 2 1 1 213 824 829
303 2 2 1 1 797 798 1089
304 2 2 1 1 799 614 1003
305 2 2 1 1 615 800 1004
306 2 2 1 1 298 780 1144
307 2 2 1 1 715 192 716
308 2 2 1 1 393 486 754
309 2 2 1 1 853 857 1025
310 2 2 1 1 590 828 1026
311 2 2 1 1 200 781 1166
312 2 2 1 1 209 1098 1136
313 2 2 1 1 617 787 1008
314 2 2 1 1 217 66 1129
315 2 2 1 1 396 485 795
316 2 2 1 1 794 796 797
317 2 2 1 1 813 812 884
318 2 2 1 1 290 703 1071
319 2 2 1 1 560 744 787
320 2 2 1 1 797 204 1075
321 2 2 1 1 683 187 1155
322 2 2 1 1 812 218 884
323 2 2 1 1 279 366 764
324 2 2 1 1 754 486 755
325 2 2 1 1 795 485 796
326 2 2 1 1 753 754 755
327 2 2 1 1 806 811 816
328 2 2 1 1 185 706 1039
329 2 2 1 1 577 802 835
330 2 2 1 1 720 510 721
331 2 2 1 1 1089 798 1098
332 2 2 1 1 885 884 888
333 2 2 1 1 889 627 1158
334 2 2 1 1 857 401 1025
335 2 2 1 1 737 1108 1114
336 2 2 1 1 310 307 849
337 2 2 1 1 324 327 848
338 2 2 1 1 788 789 846
339 2 2 1 1 784 785 986
340 2 2 1 1 801 731 1021
341 2 2 1 1 279 764 765
342 2 2 1 1 226 805 816
343 2 2 1 1 765 764 861
344 2 2 1 1 293 55 745
345 2 2 1 1 56 231 745
346 2 2 1 1 231 57 1058
347 2 2 1 1 794 795 796
348 2 2 1 1 433 801 1021
349 2 2 1 1 751 750 1056
350 2 2 1 1 703 290 1074
351 2 2 1 1 417 778 928
352 2 2 1 1 191 880 936
353 2 2 1 1 725 478 848
354 2 2 1 1 479 726 849
355 2 2 1 1 859 188 1171
356 2 2 1 1 689 189 1123
357 2 2 1 1 789 792 846
358 2 2 1 1 190 690 1124
359 2 2 1 1 195 968 1185
360 2 2 1 1 813 884 885
361 2 2 1 1 383 393 754
362 2 2 1 1 706 185 1041
363 2 2 1 1 785 571 986
364 2 2 1 1 220 63 1122
365 2 2 1 1 228 60 1091
366 2 2 1 1 783 208 1081
367 2 2 1 1 989 616 1128
368 2 2 1 1 742 212 743
369 2 2 1 1 824 213 900
370 2 2 1 1 638 901 1038
371 2 2 1 1 515 761 762
372 2 2 1 1 956 266 1057
373 2 2 1 1 747 748 786
374 2 2 1 1 748 751 786
375 2 2 1 1 872 875 888
376 2 2 1 1 802 577 1020
377 2 2 1 1 744 560 906
378 2 2 1 1 307 479 849
379 2 2 1 1 478 324 848
380 2 2 1 1 861 762 1068
381 2 2 1 1 218 812 910
382 2 2 1 1 631 739 1055
383 2 2 1 1 792 791 1054
384 2 2 1 1 772 771 773
385 2 2 1 1 244 256 765
386 2 2 1 1 1056 750 1064
387 2 2 1 1 376 396 795
388 2 2 1 1 868 456 915
389 2 2 1 1 535 914 955
390 2 2 1 1 837 844 1101
391 2 2 1 1 418 417 928
392 2 2 1 1 195 722 1065
393 2 2 1 1 469 850 852
394 2 2 1 1 770 424 771
395 2 2 1 1 515 760 761
396 2 2 1 1 1059 205 1072
397 2 2 1 1 1071 703 1107
398 2 2 1 1 425 424 770
399 2 2 1 1 871 872 888
400 2 2 1 1 770 771 772
401 2 2 1 1 943 1088 1097
402 2 2 1 1 93 94 746
403 2 2 1 1 256 279 765
404 2 2 1 1 469 852 858
405 2 2 1 1 130 191 936
406 2 2 1 1 747 482 748
407 2 2 1 1 772 773 780
408 2 2 1 1 511 591 760
409 2 2 1 1 381 383 752
410 2 2 1 1 671 624 767
411 2 2 1 1 670 630 759
412 2 2 1 1 566 675 758
413 2 2 1 1 1039 706 1079
414 2 2 1 1 313 310 849
415 2 2 1 1 327 330 848
416 2 2 1 1 886 422 1192
417 2 2 1 1 948 882 1168
418 2 2 1 1 736 801 1043
419 2 2 1 1 1090 944 1099
420 2 2 1 1 523 909 938
421 2 2 1 1 379 482 747
422 2 2 1 1 914 676 955
423 2 2 1 1 370 511 760
424 2 2 1 1 756 755 757
425 2 2 1 1 614 799 1118
426 2 2 1 1 720 721 722
427 2 2 1 1 208 783 1084
428 2 2 1 1 768 428 769
429 2 2 1 1 366 515 764
430 2 2 1 1 752 383 754
431 2 2 1 1 800 615 1119
432 2 2 1 1 94 291 746
433 2 2 1 1 232 93 746
434 2 2 1 1 847 666 952
435 2 2 1 1 315 313 965
436 2 2 1 1 330 332 964
437 2 2 1 1 257 245 905
438 2 2 1 1 845 788 846
439 2 2 1 1 663 850 951
440 2 2 1 1 785 786 1031
441 2 2 1 1 374 376 793
442 2 2 1 1 909 523 937
443 2 2 1 1 760 591 761
444 2 2 1 1 797 796 798
445 2 2 1 1 631 1055 1059
446 2 2 1 1 242 784 986
447 2 2 1 1 466 959 962
448 2 2 1 1 895 896 897
449 2 2 1 1 1054 791 1062
450 2 2 1 1 787 617 1113
451 2 2 1 1 788 481 789
452 2 2 1 1 813 885 886
453 2 2 1 1 714 412 1137
454 2 2 1 1 245 480 905
455 2 2 1 1 762 761 763
456 2 2 1 1 429 428 768
457 2 2 1 1 895 263 896
458 2 2 1 1 822 818 832
459 2 2 1 1 959 694 962
460 2 2 1 1 715 716 717
461 2 2 1 1 244 765 987
462 2 2 1 1 802 516 835
463 2 2 1 1 470 847 952
464 2 2 1 1 199 756 1092
465 2 2 1 1 117 229 893
466 2 2 1 1 34 215 890
467 2 2 1 1 551 628 783
468 2 2 1 1 356 577 835
469 2 2 1 1 576 347 845
470 2 2 1 1 296 817 818
471 2 2 1 1 850 469 951
472 2 2 1 1 624 542 767
473 2 2 1 1 630 558 759
474 2 2 1 1 556 566 758
475 2 2 1 1 358 356 835
476 2 2 1 1 347 349 845
477 2 2 1 1 211 803 804
478 2 2 1 1 297 826 827
479 2 2 1 1 818 817 832
480 2 2 1 1 242 252 784
481 2 2 1 1 124 218 910
482 2 2 1 1 20 263 895
483 2 2 1 1 808 810 814
484 2 2 1 1 372 481 788
485 2 2 1 1 258 246 906
486 2 2 1 1 456 84 915
487 2 2 1 1 793 376 795
488 2 2 1 1 213 25 900
489 2 2 1 1 334 336 858
490 2 2 1 1 766 560 787
491 2 2 1 1 883 871 888
492 2 2 1 1 246 744 906
493 2 2 1 1 535 898 914
494 2 2 1 1 501 768 860
495 2 2 1 1 862 219 863
496 2 2 1 1 500 560 766
497 2 2 1 1 810 809 1001
498 2 2 1 1 871 216 872
499 2 2 1 1 211 53 803
500 2 2 1 1 226 121 805
501 2 2 1 1 296 27 817
502 2 2 1 1 126 871 883
503 2 2 1 1 336 469 858
504 2 2 1 1 296 819 900
505 2 2 1 1 428 425 770
506 2 2 1 1 297 23 826
507 2 2 1 1 521 747 786
508 2 2 1 1 748 482 749
509 2 2 1 1 748 749 750
510 2 2 1 1 877 917 936
511 2 2 1 1 558 607 759
512 2 2 1 1 606 556 758
513 2 2 1 1 841 483 918
514 2 2 1 1 741 291 742
515 2 2 1 1 819 824 900
516 2 2 1 1 789 790 791
517 2 2 1 1 775 780 781
518 2 2 1 1 292 836 837
519 2 2 1 1 555 458 556
520 2 2 1 1 534 557 558
521 2 2 1 1 775 772 780
522 2 2 1 1 542 766 767
523 2 2 1 1 576 845 846
524 2 2 1 1 588 554 631
525 2 2 1 1 517 516 554
526 2 2 1 1 551 622 628
527 2 2 1 1 591 551 783
528 2 2 1 1 511 512 551
529 2 2 1 1 769 772 775
530 2 2 1 1 313 849 965
531 2 2 1 1 819 818 820
532 2 2 1 1 848 330 964
533 2 2 1 1 784 521 785
534 2 2 1 1 660 624 671
535 2 2 1 1 566 674 675
536 2 2 1 1 558 557 607
537 2 2 1 1 127 216 871
538 2 2 1 1 555 556 606
539 2 2 1 1 668 630 670
540 2 2 1 1 86 219 862
541 2 2 1 1 270 289 937
542 2 2 1 1 463 432 501
543 2 2 1 1 821 820 823
544 2 2 1 1 363 933 934
545 2 2 1 1 826 213 829
546 2 2 1 1 789 481 790
547 2 2 1 1 864 863 865
548 2 2 1 1 542 500 766
549 2 2 1 1 811 808 814
550 2 2 1 1 806 807 808
551 2 2 1 1 866 865 867
552 2 2 1 1 805 294 806
553 2 2 1 1 808 809 810
554 2 2 1 1 218 883 884
555 2 2 1 1 695 696 1061
556 2 2 1 1 277 281 521
557 2 2 1 1 366 368 515
558 2 2 1 1 722 721 723
559 2 2 1 1 880 877 936
560 2 2 1 1 281 379 747
561 2 2 1 1 378 361 516
562 2 2 1 1 541 500 542
563 2 2 1 1 467 461 500
564 2 2 1 1 287 448 933
565 2 2 1 1 379 381 482
566 2 2 1 1 352 372 788
567 2 2 1 1 370 408 511
568 2 2 1 1 372 374 481
569 2 2 1 1 393 395 486
570 2 2 1 1 292 78 836
571 2 2 1 1 368 370 760
572 2 2 1 1 560 461 906
573 2 2 1 1 396 398 485
574 2 2 1 1 272 257 905
575 2 2 1 1 296 818 819
576 2 2 1 1 886 885 887
577 2 2 1 1 534 421 557
578 2 2 1 1 419 458 555
579 2 2 1 1 872 873 874
580 2 2 1 1 807 294 910
581 2 2 1 1 827 826 829
582 2 2 1 1 623 542 624
583 2 2 1 1 773 774 776
584 2 2 1 1 735 733 736
585 2 2 1 1 621 902 1040
586 2 2 1 1 629 558 630
587 2 2 1 1 785 521 786
588 2 2 1 1 417 365 831
589 2 2 1 1 500 461 560
590 2 2 1 1 769 770 772
591 2 2 1 1 556 565 566
592 2 2 1 1 419 420 458
593 2 2 1 1 424 418 928
594 2 2 1 1 874 876 879
595 2 2 1 1 533 421 534
596 2 2 1 1 733 731 801
597 2 2 1 1 252 277 784
598 2 2 1 1 812 807 910
599 2 2 1 1 836 186 844
600 2 2 1 1 862 864 915
601 2 2 1 1 535 536 898
602 2 2 1 1 634 624 660
603 2 2 1 1 774 771 928
604 2 2 1 1 365 272 831
605 2 2 1 1 361 358 835
606 2 2 1 1 349 352 845
607 2 2 1 1 521 281 747
608 2 2 1 1 633 630 668
609 2 2 1 1 566 673 674
610 2 2 1 1 748 750 751
611 2 2 1 1 753 756 1083
612 2 2 1 1 789 791 792
613 2 2 1 1 517 554 588
614 2 2 1 1 894 895 897
615 2 2 1 1 515 368 760
616 2 2 1 1 631 554 739
617 2 2 1 1 817 225 832
618 2 2 1 1 551 512 622
619 2 2 1 1 487 463 510
620 2 2 1 1 511 551 591
621 2 2 1 1 873 216 917
622 2 2 1 1 378 516 517
623 2 2 1 1 436 432 463
624 2 2 1 1 862 863 864
625 2 2 1 1 523 270 937
626 2 2 1 1 864 868 915
627 2 2 1 1 392 274 461
628 2 2 1 1 511 408 512
629 2 2 1 1 819 820 821
630 2 2 1 1 773 771 774
631 2 2 1 1 820 818 822
632 2 2 1 1 736 733 801
633 2 2 1 1 563 908 909
634 2 2 1 1 877 873 917
635 2 2 1 1 811 814 815
636 2 2 1 1 898 678 899
637 2 2 1 1 806 808 811
638 2 2 1 1 806 294 807
639 2 2 1 1 808 807 809
640 2 2 1 1 332 388 419
641 2 2 1 1 872 216 873
642 2 2 1 1 386 315 421
643 2 2 1 1 736 1043 1052
644 2 2 1 1 872 874 875
645 2 2 1 1 406 365 417
646 2 2 1 1 277 521 784
647 2 2 1 1 363 287 933
648 2 2 1 1 864 865 866
649 2 2 1 1 884 883 888
650 2 2 1 1 482 381 752
651 2 2 1 1 400 399 935
652 2 2 1 1 423 418 424
653 2 2 1 1 850 851 852
654 2 2 1 1 299 301 919
655 2 2 1 1 318 316 920
656 2 2 1 1 480 235 1006
657 2 2 1 1 536 545 898
658 2 2 1 1 837 836 844
659 2 2 1 1 432 429 768
660 2 2 1 1 54 293 803
661 2 2 1 1 122 294 805
662 2 2 1 1 28 225 817
663 2 2 1 1 218 125 883
664 2 2 1 1 427 425 428
665 2 2 1 1 892 116 893
666 2 2 1 1 225 29 870
667 2 2 1 1 24 213 826
668 2 2 1 1 431 429 432
669 2 2 1 1 214 115 892
670 2 2 1 1 889 33 890
671 2 2 1 1 516 361 835
672 2 2 1 1 563 909 937
673 2 2 1 1 230 32 889
674 2 2 1 1 769 428 770
675 2 2 1 1 564 596 908
676 2 2 1 1 853 855 857
677 2 2 1 1 352 788 845
678 2 2 1 1 274 258 906
679 2 2 1 1 534 629 833
680 2 2 1 1 322 478 1003
681 2 2 1 1 479 305 1004
682 2 2 1 1 711 713 714
683 2 2 1 1 874 873 876
684 2 2 1 1 878 881 882
685 2 2 1 1 744 238 1008
686 2 2 1 1 607 726 800
687 2 2 1 1 545 548 678
688 2 2 1 1 725 606 799
689 2 2 1 1 187 112 891
690 2 2 1 1 685 666 847
691 2 2 1 1 517 588 903
692 2 2 1 1 663 683 850
693 2 2 1 1 596 635 956
694 2 2 1 1 894 19 895
695 2 2 1 1 545 678 898
696 2 2 1 1 79 186 836
697 2 2 1 1 185 18 894
698 2 2 1 1 534 558 629
699 2 2 1 1 404 502 931
700 2 2 1 1 556 458 565
701 2 2 1 1 59 60 228
702 2 2 1 1 79 80 186
703 2 2 1 1 62 63 220
704 2 2 1 1 65 66 217
705 2 2 1 1 92 93 232
706 2 2 1 1 94 95 291
707 2 2 1 1 96 97 212
708 2 2 1 1 68 69 192
709 2 2 1 1 89 90 227
710 2 2 1 1 56 57 231
711 2 2 1 1 52 53 211
712 2 2 1 1 54 55 293
713 2 2 1 1 86 87 219
714 2 2 1 1 28 29 225
715 2 2 1 1 122 123 294
716 2 2 1 1 127 128 216
717 2 2 1 1 31 32 230
718 2 2 1 1 130 131 191
719 2 2 1 1 124 125 218
720 2 2 1 1 126 127 871
721 2 2 1 1 34 35 215
722 2 2 1 1 37 38 188
723 2 2 1 1 120 121 226
724 2 2 1 1 114 115 214
725 2 2 1 1 117 118 229
726 2 2 1 1 111 112 187
727 2 2 1 1 24 25 213
728 2 2 1 1 17 18 185
729 2 2 1 1 26 27 296
730 2 2 1 1 116 117 893
731 2 2 1 1 33 34 890
732 2 2 1 1 563 564 908
733 2 2 1 1 85 86 862
734 2 2 1 1 292 838 918
735 2 2 1 1 778 774 928
736 2 2 1 1 22 23 297
737 2 2 1 1 83 84 456
738 2 2 1 1 19 20 895
739 2 2 1 1 852 851 853
740 2 2 1 1 467 500 541
741 2 2 1 1 20 21 263
742 2 2 1 1 541 542 623
743 2 2 1 1 81 82 290
744 2 2 1 1 481 374 793
745 2 2 1 1 392 461 467
746 2 2 1 1 850 683 851
747 2 2 1 1 515 762 764
748 2 2 1 1 596 597 635
749 2 2 1 1 464 438 932
750 2 2 1 1 831 272 905
751 2 2 1 1 240 250 945
752 2 2 1 1 775 781 782
753 2 2 1 1 666 527 952
754 2 2 1 1 838 837 839
755 2 2 1 1 623 624 634
756 2 2 1 1 529 598 924
757 2 2 1 1 406 417 418
758 2 2 1 1 419 388 420
759 2 2 1 1 533 534 833
760 2 2 1 1 977 626 1000
761 2 2 1 1 526 663 951
762 2 2 1 1 634 660 661
763 2 2 1 1 204 797 1089
764 2 2 1 1 386 421 533
765 2 2 1 1 629 630 633
766 2 2 1 1 483 76 918
767 2 2 1 1 768 769 860
768 2 2 1 1 292 837 838
769 2 2 1 1 501 432 768
770 2 2 1 1 633 668 669
771 2 2 1 1 838 841 918
772 2 2 1 1 749 752 753
773 2 2 1 1 566 565 673
774 2 2 1 1 638 14 901
775 2 2 1 1 279 280 366
776 2 2 1 1 250 262 945
777 2 2 1 1 674 673 720
778 2 2 1 1 790 793 794
779 2 2 1 1 455 509 563
780 2 2 1 1 775 782 860
781 2 2 1 1 519 583 592
782 2 2 1 1 277 278 281
783 2 2 1 1 366 367 368
784 2 2 1 1 901 295 902
785 2 2 1 1 423 424 425
786 2 2 1 1 301 345 919
787 2 2 1 1 354 318 920
788 2 2 1 1 53 54 803
789 2 2 1 1 281 282 379
790 2 2 1 1 121 122 805
791 2 2 1 1 27 28 817
792 2 2 1 1 125 126 883
793 2 2 1 1 822 832 1201
794 2 2 1 1 379 380 381
795 2 2 1 1 436 463 487
796 2 2 1 1 15 16 295
797 2 2 1 1 77 78 292
798 2 2 1 1 29 30 870
799 2 2 1 1 23 24 826
800 2 2 1 1 368 369 370
801 2 2 1 1 115 116 892
802 2 2 1 1 372 373 374
803 2 2 1 1 362 361 378
804 2 2 1 1 352 353 372
805 2 2 1 1 694 547 962
806 2 2 1 1 129 130 936
807 2 2 1 1 564 595 596
808 2 2 1 1 971 387 982
809 2 2 1 1 32 33 889
810 2 2 1 1 381 382 383
811 2 2 1 1 427 428 429
812 2 2 1 1 374 375 376
813 2 2 1 1 734 231 1058
814 2 2 1 1 383 384 393
815 2 2 1 1 431 432 436
816 2 2 1 1 698 700 701
817 2 2 1 1 376 377 396
818 2 2 1 1 461 274 906
819 2 2 1 1 396 397 398
820 2 2 1 1 345 347 576
821 2 2 1 1 356 354 577
822 2 2 1 1 370 371 408
823 2 2 1 1 824 821 825
824 2 2 1 1 730 729 731
825 2 2 1 1 15 295 901
826 2 2 1 1 809 812 813
827 2 2 1 1 794 797 1075
828 2 2 1 1 112 113 891
829 2 2 1 1 732 731 733
830 2 2 1 1 26 296 900
831 2 2 1 1 402 977 1000
832 2 2 1 1 852 853 1025
833 2 2 1 1 256 265 279
834 2 2 1 1 764 762 861
835 2 2 1 1 393 394 395
836 2 2 1 1 734 733 735
837 2 2 1 1 78 79 836
838 2 2 1 1 18 19 894
839 2 2 1 1 395 413 414
840 2 2 1 1 252 276 277
841 2 2 1 1 769 775 860
842 2 2 1 1 398 399 400
843 2 2 1 1 99 100 189
844 2 2 1 1 49 50 190
845 2 2 1 1 771 424 928
846 2 2 1 1 874 879 1010
847 2 2 1 1 554 516 802
848 2 2 1 1 239 249 950
849 2 2 1 1 360 358 361
850 2 2 1 1 349 351 352
851 2 2 1 1 667 666 685
852 2 2 1 1 421 315 965
853 2 2 1 1 332 419 964
854 2 2 1 1 663 664 683
855 2 2 1 1 248 134 911
856 2 2 1 1 552 464 932
857 2 2 1 1 898 899 914
858 2 2 1 1 524 525 608
859 2 2 1 1 728 552 729
860 2 2 1 1 665 527 666
861 2 2 1 1 682 708 709
862 2 2 1 1 530 926 927
863 2 2 1 1 460 751 1056
864 2 2 1 1 289 455 937
865 2 2 1 1 247 72 913
866 2 2 1 1 507 441 640
867 2 2 1 1 526 662 663
868 2 2 1 1 776 774 777
869 2 2 1 1 717 716 718
870 2 2 1 1 717 718 719
871 2 2 1 1 344 343 944
872 2 2 1 1 337 338 943
873 2 2 1 1 448 519 933
874 2 2 1 1 42 550 907
875 2 2 1 1 245 235 480
876 2 2 1 1 404 490 502
877 2 2 1 1 565 458 955
878 2 2 1 1 447 390 925
879 2 2 1 1 25 26 900
880 2 2 1 1 695 694 696
881 2 2 1 1 392 467 912
882 2 2 1 1 322 324 478
883 2 2 1 1 307 305 479
884 2 2 1 1 709 710 711
885 2 2 1 1 348 346 966
886 2 2 1 1 294 123 910
887 2 2 1 1 355 357 967
888 2 2 1 1 876 877 878
889 2 2 1 1 607 557 726
890 2 2 1 1 842 840 843
891 2 2 1 1 555 606 725
892 2 2 1 1 254 41 907
893 2 2 1 1 41 42 907
894 2 2 1 1 491 553 637
895 2 2 1 1 563 509 564
896 2 2 1 1 71 72 247
897 2 2 1 1 133 134 248
898 2 2 1 1 611 681 682
899 2 2 1 1 135 484 911
900 2 2 1 1 592 583 593
901 2 2 1 1 693 547 694
902 2 2 1 1 399 439 935
903 2 2 1 1 364 272 365
904 2 2 1 1 439 465 524
905 2 2 1 1 14 15 901
906 2 2 1 1 216 128 917
907 2 2 1 1 549 107 916
908 2 2 1 1 73 639 913
909 2 2 1 1 108 109 283
910 2 2 1 1 102 103 253
911 2 2 1 1 85 862 915
912 2 2 1 1 13 14 638
913 2 2 1 1 77 292 918
914 2 2 1 1 135 136 484
915 2 2 1 1 75 76 483
916 2 2 1 1 108 283 916
917 2 2 1 1 123 124 910
918 2 2 1 1 330 331 332
919 2 2 1 1 314 313 315
920 2 2 1 1 134 135 911
921 2 2 1 1 72 73 913
922 2 2 1 1 246 238 744
923 2 2 1 1 345 576 919
924 2 2 1 1 577 354 920
925 2 2 1 1 73 74 639
926 2 2 1 1 530 447 925
927 2 2 1 1 711 712 713
928 2 2 1 1 40 41 254
929 2 2 1 1 46 47 284
930 2 2 1 1 84 85 915
931 2 2 1 1 933 592 934
932 2 2 1 1 878 880 881
933 2 2 1 1 107 108 916
934 2 2 1 1 106 107 549
935 2 2 1 1 335 333 929
936 2 2 1 1 128 129 917
937 2 2 1 1 42 43 550
938 2 2 1 1 840 839 1096
939 2 2 1 1 838 839 840
940 2 2 1 1 391 274 392
941 2 2 1 1 749 482 752
942 2 2 1 1 523 938 945
943 2 2 1 1 251 241 969
944 2 2 1 1 635 597 636
945 2 2 1 1 273 258 274
946 2 2 1 1 271 257 272
947 2 2 1 1 596 595 597
948 2 2 1 1 538 517 903
949 2 2 1 1 849 726 965
950 2 2 1 1 725 848 964
951 2 2 1 1 327 329 330
952 2 2 1 1 312 310 313
953 2 2 1 1 870 30 1011
954 2 2 1 1 640 441 904
955 2 2 1 1 664 662 1125
956 2 2 1 1 1014 559 1205
957 2 2 1 1 922 528 923
958 2 2 1 1 530 925 926
959 2 2 1 1 790 481 793
960 2 2 1 1 853 854 855
961 2 2 1 1 603 971 982
962 2 2 1 1 76 77 918
963 2 2 1 1 338 335 929
964 2 2 1 1 405 365 406
965 2 2 1 1 249 260 950
966 2 2 1 1 665 666 667
967 2 2 1 1 729 552 932
968 2 2 1 1 378 517 538
969 2 2 1 1 809 807 812
970 2 2 1 1 665 667 1126
971 2 2 1 1 676 565 955
972 2 2 1 1 819 821 824
973 2 2 1 1 448 518 519
974 2 2 1 1 289 454 455
975 2 2 1 1 663 662 664
976 2 2 1 1 445 528 922
977 2 2 1 1 512 408 632
978 2 2 1 1 442 994 1009
979 2 2 1 1 956 635 1069
980 2 2 1 1 332 387 388
981 2 2 1 1 385 315 386
982 2 2 1 1 864 866 868
983 2 2 1 1 739 554 802
984 2 2 1 1 876 873 877
985 2 2 1 1 810 1001 1209
986 2 2 1 1 415 337 943
987 2 2 1 1 343 416 944
988 2 2 1 1 420 434 535
989 2 2 1 1 422 418 423
990 2 2 1 1 268 363 921
991 2 2 1 1 529 585 598
992 2 2 1 1 260 268 921
993 2 2 1 1 587 531 599
994 2 2 1 1 519 582 583
995 2 2 1 1 262 270 523
996 2 2 1 1 366 280 367
997 2 2 1 1 268 287 363
998 2 2 1 1 281 278 282
999 2 2 1 1 929 333 983
1000 2 2 1 1 279 265 280
1001 2 2 1 1 378 538 904
1002 2 2 1 1 379 282 380
1003 2 2 1 1 368 367 369
1004 2 2 1 1 389 445 922
1005 2 2 1 1 277 276 278
1006 2 2 1 1 445 497 528
1007 2 2 1 1 499 447 530
1008 2 2 1 1 693 694 695
1009 2 2 1 1 372 353 373
1010 2 2 1 1 381 380 382
1011 2 2 1 1 753 752 754
1012 2 2 1 1 31 230 1011
1013 2 2 1 1 374 373 375
1014 2 2 1 1 698 701 1000
1015 2 2 1 1 362 378 904
1016 2 2 1 1 794 793 795
1017 2 2 1 1 383 382 384
1018 2 2 1 1 426 425 427
1019 2 2 1 1 341 344 930
1020 2 2 1 1 495 540 601
1021 2 2 1 1 539 493 600
1022 2 2 1 1 376 375 377
1023 2 2 1 1 360 361 362
1024 2 2 1 1 352 351 353
1025 2 2 1 1 430 429 431
1026 2 2 1 1 337 335 338
1027 2 2 1 1 341 343 344
1028 2 2 1 1 416 494 495
1029 2 2 1 1 370 369 371
1030 2 2 1 1 709 708 710
1031 2 2 1 1 396 377 397
1032 2 2 1 1 492 415 493
1033 2 2 1 1 730 731 732
1034 2 2 1 1 531 530 927
1035 2 2 1 1 519 592 933
1036 2 2 1 1 599 531 927
1037 2 2 1 1 728 729 730
1038 2 2 1 1 339 341 930
1039 2 2 1 1 732 733 734
1040 2 2 1 1 545 546 548
1041 2 2 1 1 507 640 643
1042 2 2 1 1 455 508 509
1043 2 2 1 1 711 710 712
1044 2 2 1 1 548 651 652
1045 2 2 1 1 439 524 935
1046 2 2 1 1 455 563 937
1047 2 2 1 1 477 471 581
1048 2 2 1 1 878 877 880
1049 2 2 1 1 393 384 394
1050 2 2 1 1 734 735 737
1051 2 2 1 1 853 851 854
1052 2 2 1 1 682 681 708
1053 2 2 1 1 627 532 680
1054 2 2 1 1 917 129 936
1055 2 2 1 1 841 840 842
1056 2 2 1 1 994 568 1009
1057 2 2 1 1 536 544 545
1058 2 2 1 1 608 525 609
1059 2 2 1 1 390 348 966
1060 2 2 1 1 357 389 967
1061 2 2 1 1 398 397 399
1062 2 2 1 1 604 603 605
1063 2 2 1 1 339 930 984
1064 2 2 1 1 395 394 413
1065 2 2 1 1 696 694 959
1066 2 2 1 1 649 658 659
1067 2 2 1 1 564 594 595
1068 2 2 1 1 660 942 1215
1069 2 2 1 1 262 523 945
1070 2 2 1 1 656 647 657
1071 2 2 1 1 524 465 525
1072 2 2 1 1 713 712 715
1073 2 2 1 1 271 272 364
1074 2 2 1 1 273 274 391
1075 2 2 1 1 626 697 698
1076 2 2 1 1 330 329 331
1077 2 2 1 1 312 313 314
1078 2 2 1 1 473 505 526
1079 2 2 1 1 471 251 969
1080 2 2 1 1 526 646 662
1081 2 2 1 1 648 527 665
1082 2 2 1 1 698 699 700
1083 2 2 1 1 506 475 527
1084 2 2 1 1 838 840 841
1085 2 2 1 1 504 625 626
1086 2 2 1 1 519 518 582
1087 2 2 1 1 602 537 603
1088 2 2 1 1 407 392 912
1089 2 2 1 1 528 529 924
1090 2 2 1 1 564 509 594
1091 2 2 1 1 420 535 955
1092 2 2 1 1 455 454 508
1093 2 2 1 1 882 948 1204
1094 2 2 1 1 342 340 947
1095 2 2 1 1 336 410 469
1096 2 2 1 1 411 342 470
1097 2 2 1 1 583 582 706
1098 2 2 1 1 364 365 405
1099 2 2 1 1 286 269 949
1100 2 2 1 1 285 267 948
1101 2 2 1 1 520 474 547
1102 2 2 1 1 649 648 658
1103 2 2 1 1 646 647 656
1104 2 2 1 1 726 557 965
1105 2 2 1 1 555 725 964
1106 2 2 1 1 620 547 693
1107 2 2 1 1 486 395 1023
1108 2 2 1 1 492 493 539
1109 2 2 1 1 495 494 540
1110 2 2 1 1 458 420 955
1111 2 2 1 1 601 540 642
1112 2 2 1 1 539 600 641
1113 2 2 1 1 908 596 956
1114 2 2 1 1 621 620 684
1115 2 2 1 1 520 620 621
1116 2 2 1 1 420 388 434
1117 2 2 1 1 855 854 856
1118 2 2 1 1 435 285 466
1119 2 2 1 1 443 286 468
1120 2 2 1 1 416 495 944
1121 2 2 1 1 528 497 529
1122 2 2 1 1 493 415 943
1123 2 2 1 1 137 5 197
1124 2 2 1 1 142 141 199
1125 2 2 1 1 177 176 195
1126 2 2 1 1 174 173 193
1127 2 2 1 1 180 179 200
1128 2 2 1 1 182 181 298
1129 2 2 1 1 145 144 196
1130 2 2 1 1 148 147 194
1131 2 2 1 1 184 183 201
1132 2 2 1 1 183 182 941
1133 2 2 1 1 499 530 531
1134 2 2 1 1 923 528 924
1135 2 2 1 1 406 418 422
1136 2 2 1 1 151 150 202
1137 2 2 1 1 165 164 208
1138 2 2 1 1 161 7 206
1139 2 2 1 1 154 153 204
1140 2 2 1 1 149 6 299
1141 2 2 1 1 168 167 205
1142 2 2 1 1 8 172 316
1143 2 2 1 1 171 170 203
1144 2 2 1 1 160 159 210
1145 2 2 1 1 157 156 209
1146 2 2 1 1 646 505 647
1147 2 2 1 1 332 331 387
1148 2 2 1 1 314 315 385
1149 2 2 1 1 539 641 686
1150 2 2 1 1 233 241 242
1151 2 2 1 1 236 243 244
1152 2 2 1 1 391 392 407
1153 2 2 1 1 371 404 931
1154 2 2 1 1 162 161 946
1155 2 2 1 1 138 137 939
1156 2 2 1 1 179 178 940
1157 2 2 1 1 541 623 645
1158 2 2 1 1 158 157 942
1159 2 2 1 1 506 648 649
1160 2 2 1 1 642 540 687
1161 2 2 1 1 777 778 779
1162 2 2 1 1 163 162 459
1163 2 2 1 1 139 138 460
1164 2 2 1 1 631 1059 1072
1165 2 2 1 1 533 833 834
1166 2 2 1 1 526 505 646
1167 2 2 1 1 260 921 950
1168 2 2 1 1 446 498 568
1169 2 2 1 1 506 527 648
1170 2 2 1 1 423 425 426
1171 2 2 1 1 472 513 567
1172 2 2 1 1 408 371 931
1173 2 2 1 1 431 436 437
1174 2 2 1 1 448 474 518
1175 2 2 1 1 427 429 430
1176 2 2 1 1 473 415 492
1177 2 2 1 1 244 255 256
1178 2 2 1 1 242 251 252
1179 2 2 1 1 416 475 494
1180 2 2 1 1 459 763 1070
1181 2 2 1 1 520 547 620
1182 2 2 1 1 925 390 966
1183 2 2 1 1 485 398 1027
1184 2 2 1 1 904 538 981
1185 2 2 1 1 673 565 676
1186 2 2 1 1 419 555 964
1187 2 2 1 1 470 342 947
1188 2 2 1 1 249 259 260
1189 2 2 1 1 250 261 262
1190 2 2 1 1 557 421 965
1191 2 2 1 1 567 589 590
1192 2 2 1 1 385 386 462
1193 2 2 1 1 176 175 968
1194 2 2 1 1 287 435 448
1195 2 2 1 1 289 443 454
1196 2 2 1 1 146 145 970
1197 2 2 1 1 595 594 703
1198 2 2 1 1 535 434 536
1199 2 2 1 1 473 492 505
1200 2 2 1 1 301 303 345
1201 2 2 1 1 320 318 354
1202 2 2 1 1 568 578 579
1203 2 2 1 1 252 275 276
1204 2 2 1 1 468 286 949
1205 2 2 1 1 466 285 948
1206 2 2 1 1 494 475 506
1207 2 2 1 1 256 264 265
1208 2 2 1 1 410 337 415
1209 2 2 1 1 410 415 473
1210 2 2 1 1 518 474 520
1211 2 2 1 1 343 411 416
1212 2 2 1 1 416 411 475
1213 2 2 1 1 731 729 1021
1214 2 2 1 1 700 699 859
1215 2 2 1 1 347 348 349
1216 2 2 1 1 357 356 358
1217 2 2 1 1 611 612 681
1218 2 2 1 1 609 610 611
1219 2 2 1 1 548 546 651
1220 2 2 1 1 545 544 546
1221 2 2 1 1 268 285 287
1222 2 2 1 1 488 452 961
1223 2 2 1 1 270 286 289
1224 2 2 1 1 349 350 351
1225 2 2 1 1 359 358 360
1226 2 2 1 1 345 346 347
1227 2 2 1 1 355 354 356
1228 2 2 1 1 448 435 474
1229 2 2 1 1 626 625 697
1230 2 2 1 1 644 643 653
1231 2 2 1 1 454 443 476
1232 2 2 1 1 619 587 690
1233 2 2 1 1 440 362 441
1234 2 2 1 1 585 618 689
1235 2 2 1 1 698 697 699
1236 2 2 1 1 602 603 604
1237 2 2 1 1 522 488 559
1238 2 2 1 1 636 597 691
1239 2 2 1 1 371 403 404
1240 2 2 1 1 308 311 339
1241 2 2 1 1 328 325 333
1242 2 2 1 1 543 464 552
1243 2 2 1 1 197 221 571
1244 2 2 1 1 206 223 572
1245 2 2 1 1 580 692 741
1246 2 2 1 1 543 613 688
1247 2 2 1 1 613 552 728
1248 2 2 1 1 322 323 324
1249 2 2 1 1 306 305 307
1250 2 2 1 1 503 441 507
1251 2 2 1 1 239 235 245
1252 2 2 1 1 618 584 1133
1253 2 2 1 1 319 321 322
1254 2 2 1 1 304 302 305
1255 2 2 1 1 654 653 704
1256 2 2 1 1 240 238 246
1257 2 2 1 1 574 655 672
1258 2 2 1 1 249 245 257
1259 2 2 1 1 260 267 268
1260 2 2 1 1 473 526 951
1261 2 2 1 1 250 246 258
1262 2 2 1 1 491 522 553
1263 2 2 1 1 469 410 951
1264 2 2 1 1 262 269 270
1265 2 2 1 1 529 584 585
1266 2 2 1 1 324 325 327
1267 2 2 1 1 308 307 310
1268 2 2 1 1 586 531 587
1269 2 2 1 1 712 710 724
1270 2 2 1 1 404 489 490
1271 2 2 1 1 644 654 705
1272 2 2 1 1 234 222 235
1273 2 2 1 1 237 224 238
1274 2 2 1 1 527 475 952
1275 2 2 1 1 411 470 952
1276 2 2 1 1 259 257 271
1277 2 2 1 1 261 258 273
1278 2 2 1 1 389 922 967
1279 2 2 1 1 574 573 575
1280 2 2 1 1 489 403 573
1281 2 2 1 1 331 329 401
1282 2 2 1 1 312 314 402
1283 2 2 1 1 413 452 453
1284 2 2 1 1 271 364 409
1285 2 2 1 1 327 328 329
1286 2 2 1 1 311 310 312
1287 2 2 1 1 273 391 412
1288 2 2 1 1 513 477 514
1289 2 2 1 1 777 774 778
1290 2 2 1 1 202 792 1054
1291 2 2 1 1 287 285 435
1292 2 2 1 1 289 286 443
1293 2 2 1 1 453 488 491
1294 2 2 1 1 439 464 465
1295 2 2 1 1 529 497 584
1296 2 2 1 1 499 531 586
1297 2 2 1 1 440 503 569
1298 2 2 1 1 441 362 904
1299 2 2 1 1 912 467 957
1300 2 2 1 1 569 570 580
1301 2 2 1 1 399 438 439
1302 2 2 1 1 586 587 619
1303 2 2 1 1 585 584 618
1304 2 2 1 1 445 496 497
1305 2 2 1 1 498 447 499
1306 2 2 1 1 268 267 285
1307 2 2 1 1 336 337 410
1308 2 2 1 1 270 269 286
1309 2 2 1 1 249 257 259
1310 2 2 1 1 343 342 411
1311 2 2 1 1 250 258 261
1312 2 2 1 1 809 813 1001
1313 2 2 1 1 327 325 328
1314 2 2 1 1 308 310 311
1315 2 2 1 1 278 276 449
1316 2 2 1 1 581 471 969
1317 2 2 1 1 609 525 610
1318 2 2 1 1 8 317 614
1319 2 2 1 1 300 6 615
1320 2 2 1 1 367 280 457
1321 2 2 1 1 380 282 450
1322 2 2 1 1 434 388 971
1323 2 2 1 1 385 462 504
1324 2 2 1 1 324 323 325
1325 2 2 1 1 306 307 308
1326 2 2 1 1 1001 426 1209
1327 2 2 1 1 336 335 337
1328 2 2 1 1 341 342 343
1329 2 2 1 1 492 539 953
1330 2 2 1 1 504 626 977
1331 2 2 1 1 239 245 249
1332 2 2 1 1 507 643 644
1333 2 2 1 1 240 246 250
1334 2 2 1 1 632 408 931
1335 2 2 1 1 384 382 451
1336 2 2 1 1 353 351 442
1337 2 2 1 1 360 362 440
1338 2 2 1 1 22 297 1024
1339 2 2 1 1 198 5 616
1340 2 2 1 1 260 259 267
1341 2 2 1 1 150 149 995
1342 2 2 1 1 172 171 996
1343 2 2 1 1 540 494 954
1344 2 2 1 1 207 7 617
1345 2 2 1 1 567 513 589
1346 2 2 1 1 262 261 269
1347 2 2 1 1 377 375 433
1348 2 2 1 1 730 732 738
1349 2 2 1 1 371 369 403
1350 2 2 1 1 504 462 532
1351 2 2 1 1 339 340 341
1352 2 2 1 1 334 333 335
1353 2 2 1 1 568 498 578
1354 2 2 1 1 263 21 1024
1355 2 2 1 1 388 387 971
1356 2 2 1 1 739 203 1055
1357 2 2 1 1 539 686 953
1358 2 2 1 1 625 532 627
1359 2 2 1 1 590 589 679
1360 2 2 1 1 651 546 677
1361 2 2 1 1 536 434 537
1362 2 2 1 1 252 251 275
1363 2 2 1 1 242 241 251
1364 2 2 1 1 504 532 625
1365 2 2 1 1 244 243 255
1366 2 2 1 1 410 473 951
1367 2 2 1 1 579 578 960
1368 2 2 1 1 413 394 452
1369 2 2 1 1 647 505 953
1370 2 2 1 1 687 540 954
1371 2 2 1 1 611 610 612
1372 2 2 1 1 505 492 953
1373 2 2 1 1 275 251 471
1374 2 2 1 1 264 255 266
1375 2 2 1 1 256 255 264
1376 2 2 1 1 681 612 740
1377 2 2 1 1 536 537 544
1378 2 2 1 1 8 316 317
1379 2 2 1 1 299 6 300
1380 2 2 1 1 640 904 981
1381 2 2 1 1 475 411 952
1382 2 2 1 1 559 488 961
1383 2 2 1 1 506 649 954
1384 2 2 1 1 547 474 962
1385 2 2 1 1 976 457 1012
1386 2 2 1 1 304 306 309
1387 2 2 1 1 323 321 326
1388 2 2 1 1 472 471 477
1389 2 2 1 1 265 264 288
1390 2 2 1 1 494 506 954
1391 2 2 1 1 909 908 1057
1392 2 2 1 1 399 397 438
1393 2 2 1 1 334 335 336
1394 2 2 1 1 341 340 342
1395 2 2 1 1 514 1063 1078
1396 2 2 1 1 197 5 198
1397 2 2 1 1 553 522 650
1398 2 2 1 1 651 677 702
1399 2 2 1 1 357 359 389
1400 2 2 1 1 350 348 390
1401 2 2 1 1 206 7 207
1402 2 2 1 1 472 477 513
1403 2 2 1 1 544 537 602
1404 2 2 1 1 462 386 958
1405 2 2 1 1 813 886 1001
1406 2 2 1 1 349 348 350
1407 2 2 1 1 357 358 359
1408 2 2 1 1 580 570 692
1409 2 2 1 1 328 333 334
1410 2 2 1 1 339 311 340
1411 2 2 1 1 543 552 613
1412 2 2 1 1 688 613 727
1413 2 2 1 1 465 464 543
1414 2 2 1 1 435 466 962
1415 2 2 1 1 644 653 654
1416 2 2 1 1 440 441 503
1417 2 2 1 1 347 346 348
1418 2 2 1 1 355 356 357
1419 2 2 1 1 404 403 489
1420 2 2 1 1 386 533 958
1421 2 2 1 1 322 321 323
1422 2 2 1 1 304 305 306
1423 2 2 1 1 467 541 957
1424 2 2 1 1 574 575 655
1425 2 2 1 1 491 488 522
1426 2 2 1 1 445 444 496
1427 2 2 1 1 446 447 498
1428 2 2 1 1 443 468 963
1429 2 2 1 1 705 654 707
1430 2 2 1 1 453 452 488
1431 2 2 1 1 234 235 239
1432 2 2 1 1 237 238 240
1433 2 2 1 1 489 573 574
1434 2 2 1 1 212 97 1028
1435 2 2 1 1 52 211 1029
1436 2 2 1 1 389 444 445
1437 2 2 1 1 446 390 447
1438 2 2 1 1 299 919 995
1439 2 2 1 1 920 316 996
1440 2 2 1 1 182 298 941
1441 2 2 1 1 201 183 941
1442 2 2 1 1 275 471 472
1443 2 2 1 1 137 197 939
1444 2 2 1 1 200 179 940
1445 2 2 1 1 569 503 570
1446 2 2 1 1 161 206 946
1447 2 2 1 1 157 209 942
1448 2 2 1 1 439 438 464
1449 2 2 1 1 603 537 971
1450 2 2 1 1 644 705 990
1451 2 2 1 1 605 603 982
1452 2 2 1 1 401 857 1044
1453 2 2 1 1 459 162 946
1454 2 2 1 1 460 138 939
1455 2 2 1 1 202 995 1019
1456 2 2 1 1 996 203 1020
1457 2 2 1 1 334 858 1002
1458 2 2 1 1 573 976 1012
1459 2 2 1 1 345 303 346
1460 2 2 1 1 320 354 355
1461 2 2 1 1 543 688 972
1462 2 2 1 1 195 176 968
1463 2 2 1 1 145 196 970
1464 2 2 1 1 233 234 241
1465 2 2 1 1 236 237 243
1466 2 2 1 1 474 435 962
1467 2 2 1 1 301 302 303
1468 2 2 1 1 319 318 320
1469 2 2 1 1 389 359 444
1470 2 2 1 1 350 390 446
1471 2 2 1 1 476 443 963
1472 2 2 1 1 317 318 319
1473 2 2 1 1 301 300 302
1474 2 2 1 1 319 320 321
1475 2 2 1 1 303 302 304
1476 2 2 1 1 533 834 958
1477 2 2 1 1 440 569 993
1478 2 2 1 1 541 645 957
1479 2 2 1 1 221 222 233
1480 2 2 1 1 537 434 971
1481 2 2 1 1 223 224 236
1482 2 2 1 1 299 300 301
1483 2 2 1 1 317 316 318
1484 2 2 1 1 1207 672 1212
1485 2 2 1 1 233 222 234
1486 2 2 1 1 236 224 237
1487 2 2 1 1 947 340 979
1488 2 2 1 1 948 267 974
1489 2 2 1 1 949 269 975
1490 2 2 1 1 525 465 972
1491 2 2 1 1 978 433 1021
1492 2 2 1 1 221 198 222
1493 2 2 1 1 233 242 986
1494 2 2 1 1 202 150 995
1495 2 2 1 1 149 299 995
1496 2 2 1 1 316 172 996
1497 2 2 1 1 171 203 996
1498 2 2 1 1 236 244 987
1499 2 2 1 1 223 207 224
1500 2 2 1 1 197 198 221
1501 2 2 1 1 206 207 223
1502 2 2 1 1 576 846 1019
1503 2 2 1 1 472 567 988
1504 2 2 1 1 17 185 1039
1505 2 2 1 1 777 779 989
1506 2 2 1 1 369 367 976
1507 2 2 1 1 397 377 978
1508 2 2 1 1 626 698 1000
1509 2 2 1 1 259 271 974
1510 2 2 1 1 188 685 1171
1511 2 2 1 1 261 273 975
1512 2 2 1 1 271 409 974
1513 2 2 1 1 801 433 1043
1514 2 2 1 1 273 412 975
1515 2 2 1 1 1000 701 1030
1516 2 2 1 1 394 384 985
1517 2 2 1 1 465 543 972
1518 2 2 1 1 311 312 979
1519 2 2 1 1 312 402 979
1520 2 2 1 1 446 568 994
1521 2 2 1 1 197 571 939
1522 2 2 1 1 206 572 946
1523 2 2 1 1 276 275 988
1524 2 2 1 1 391 407 980
1525 2 2 1 1 932 438 978
1526 2 2 1 1 267 259 974
1527 2 2 1 1 449 276 988
1528 2 2 1 1 269 261 975
1529 2 2 1 1 401 329 1002
1530 2 2 1 1 571 221 986
1531 2 2 1 1 572 223 987
1532 2 2 1 1 961 452 985
1533 2 2 1 1 875 874 1010
1534 2 2 1 1 314 385 977
1535 2 2 1 1 546 544 973
1536 2 2 1 1 295 16 1039
1537 2 2 1 1 402 314 977
1538 2 2 1 1 412 391 980
1539 2 2 1 1 329 328 1002
1540 2 2 1 1 507 644 990
1541 2 2 1 1 573 403 976
1542 2 2 1 1 574 672 992
1543 2 2 1 1 340 311 979
1544 2 2 1 1 503 507 990
1545 2 2 1 1 610 525 972
1546 2 2 1 1 654 704 991
1547 2 2 1 1 360 440 993
1548 2 2 1 1 442 351 994
1549 2 2 1 1 359 360 993
1550 2 2 1 1 351 350 994
1551 2 2 1 1 490 489 992
1552 2 2 1 1 544 602 973
1553 2 2 1 1 239 950 1005
1554 2 2 1 1 308 339 984
1555 2 2 1 1 333 325 983
1556 2 2 1 1 99 189 1034
1557 2 2 1 1 325 323 983
1558 2 2 1 1 306 308 984
1559 2 2 1 1 190 50 1035
1560 2 2 1 1 328 334 1002
1561 2 2 1 1 367 457 976
1562 2 2 1 1 403 369 976
1563 2 2 1 1 677 546 973
1564 2 2 1 1 385 504 977
1565 2 2 1 1 384 451 985
1566 2 2 1 1 377 433 978
1567 2 2 1 1 567 590 1026
1568 2 2 1 1 275 472 988
1569 2 2 1 1 438 397 978
1570 2 2 1 1 309 306 984
1571 2 2 1 1 323 326 983
1572 2 2 1 1 221 233 986
1573 2 2 1 1 223 236 987
1574 2 2 1 1 452 394 985
1575 2 2 1 1 401 1002 1025
1576 2 2 1 1 932 978 1021
1577 2 2 1 1 821 823 1051
1578 2 2 1 1 926 925 1036
1579 2 2 1 1 413 453 1013
1580 2 2 1 1 878 882 1047
1581 2 2 1 1 763 761 1081
1582 2 2 1 1 240 945 1007
1583 2 2 1 1 879 876 1047
1584 2 2 1 1 237 240 1007
1585 2 2 1 1 570 503 990
1586 2 2 1 1 707 654 991
1587 2 2 1 1 489 574 992
1588 2 2 1 1 969 241 1005
1589 2 2 1 1 568 579 1009
1590 2 2 1 1 234 239 1005
1591 2 2 1 1 319 322 1003
1592 2 2 1 1 305 302 1004
1593 2 2 1 1 995 919 1019
1594 2 2 1 1 920 996 1020
1595 2 2 1 1 444 359 993
1596 2 2 1 1 350 446 994
1597 2 2 1 1 243 237 1007
1598 2 2 1 1 235 222 1006
1599 2 2 1 1 241 234 1005
1600 2 2 1 1 238 224 1008
1601 2 2 1 1 326 321 998
1602 2 2 1 1 304 309 997
1603 2 2 1 1 499 586 1016
1604 2 2 1 1 321 320 998
1605 2 2 1 1 303 304 997
1606 2 2 1 1 363 934 1050
1607 2 2 1 1 320 355 998
1608 2 2 1 1 346 303 997
1609 2 2 1 1 414 413 1013
1610 2 2 1 1 355 967 998
1611 2 2 1 1 966 346 997
1612 2 2 1 1 945 938 1007
1613 2 2 1 1 922 923 1033
1614 2 2 1 1 30 31 1011
1615 2 2 1 1 578 498 1016
1616 2 2 1 1 897 896 1022
1617 2 2 1 1 569 580 1018
1618 2 2 1 1 611 682 1045
1619 2 2 1 1 896 263 1135
1620 2 2 1 1 650 522 1014
1621 2 2 1 1 614 317 1003
1622 2 2 1 1 300 615 1004
1623 2 2 1 1 317 319 1003
1624 2 2 1 1 302 300 1004
1625 2 2 1 1 855 1066 1086
1626 2 2 1 1 972 688 1015
1627 2 2 1 1 198 616 1006
1628 2 2 1 1 207 617 1008
1629 2 2 1 1 575 573 1012
1630 2 2 1 1 990 705 1017
1631 2 2 1 1 993 569 1018
1632 2 2 1 1 222 198 1006
1633 2 2 1 1 1002 858 1025
1634 2 2 1 1 224 207 1008
1635 2 2 1 1 610 972 1015
1636 2 2 1 1 522 559 1014
1637 2 2 1 1 582 518 1040
1638 2 2 1 1 583 706 1041
1639 2 2 1 1 508 1077 1101
1640 2 2 1 1 520 621 1040
1641 2 2 1 1 211 804 1115
1642 2 2 1 1 498 499 1016
1643 2 2 1 1 570 990 1017
1644 2 2 1 1 579 960 1114
1645 2 2 1 1 444 993 1018
1646 2 2 1 1 612 610 1015
1647 2 2 1 1 728 228 1091
1648 2 2 1 1 326 998 1033
1649 2 2 1 1 594 1067 1107
1650 2 2 1 1 692 570 1017
1651 2 2 1 1 791 790 1075
1652 2 2 1 1 496 444 1018
1653 2 2 1 1 266 255 1032
1654 2 2 1 1 571 785 1031
1655 2 2 1 1 997 309 1036
1656 2 2 1 1 582 1040 1079
1657 2 2 1 1 186 80 1071
1658 2 2 1 1 81 290 1071
1659 2 2 1 1 331 401 1044
1660 2 2 1 1 919 576 1019
1661 2 2 1 1 577 920 1020
1662 2 2 1 1 395 414 1023
1663 2 2 1 1 83 456 1076
1664 2 2 1 1 290 82 1076
1665 2 2 1 1 131 132 1061
1666 2 2 1 1 729 932 1021
1667 2 2 1 1 750 749 1083
1668 2 2 1 1 1088 598 1097
1669 2 2 1 1 433 375 1043
1670 2 2 1 1 858 852 1025
1671 2 2 1 1 998 967 1033
1672 2 2 1 1 599 1090 1099
1673 2 2 1 1 1005 950 1042
1674 2 2 1 1 1030 701 1060
1675 2 2 1 1 243 1007 1032
1676 2 2 1 1 380 450 1046
1677 2 2 1 1 398 400 1027
1678 2 2 1 1 451 382 1046
1679 2 2 1 1 21 22 1024
1680 2 2 1 1 966 997 1036
1681 2 2 1 1 591 783 1081
1682 2 2 1 1 969 1005 1042
1683 2 2 1 1 151 202 1054
1684 2 2 1 1 203 170 1055
1685 2 2 1 1 1028 98 1034
1686 2 2 1 1 51 1029 1035
1687 2 2 1 1 214 856 1189
1688 2 2 1 1 1007 938 1032
1689 2 2 1 1 353 442 1052
1690 2 2 1 1 592 593 1078
1691 2 2 1 1 97 98 1028
1692 2 2 1 1 51 52 1029
1693 2 2 1 1 139 460 1056
1694 2 2 1 1 1037 451 1188
1695 2 2 1 1 732 734 1058
1696 2 2 1 1 847 470 1060
1697 2 2 1 1 168 205 1059
1698 2 2 1 1 913 842 1149
1699 2 2 1 1 204 153 1062
1700 2 2 1 1 1048 930 1080
1701 2 2 1 1 514 477 1063
1702 2 2 1 1 98 99 1034
1703 2 2 1 1 50 51 1035
1704 2 2 1 1 594 509 1067
1705 2 2 1 1 460 939 1031
1706 2 2 1 1 621 684 1038
1707 2 2 1 1 255 243 1032
1708 2 2 1 1 593 583 1041
1709 2 2 1 1 902 295 1079
1710 2 2 1 1 16 17 1039
1711 2 2 1 1 449 988 1026
1712 2 2 1 1 1042 921 1050
1713 2 2 1 1 1063 934 1078
1714 2 2 1 1 518 520 1040
1715 2 2 1 1 199 141 1064
1716 2 2 1 1 402 1000 1030
1717 2 2 1 1 982 387 1044
1718 2 2 1 1 508 454 1077
1719 2 2 1 1 177 195 1065
1720 2 2 1 1 940 178 1065
1721 2 2 1 1 988 567 1026
1722 2 2 1 1 950 921 1042
1723 2 2 1 1 229 973 1143
1724 2 2 1 1 929 1049 1082
1725 2 2 1 1 984 930 1048
1726 2 2 1 1 979 402 1030
1727 2 2 1 1 595 703 1074
1728 2 2 1 1 208 164 1070
1729 2 2 1 1 1132 896 1135
1730 2 2 1 1 163 459 1070
1731 2 2 1 1 375 373 1043
1732 2 2 1 1 929 983 1049
1733 2 2 1 1 947 979 1030
1734 2 2 1 1 939 571 1031
1735 2 2 1 1 266 1032 1057
1736 2 2 1 1 967 922 1033
1737 2 2 1 1 265 288 1073
1738 2 2 1 1 691 597 1074
1739 2 2 1 1 581 1042 1050
1740 2 2 1 1 266 956 1069
1741 2 2 1 1 926 1036 1048
1742 2 2 1 1 387 331 1044
1743 2 2 1 1 925 966 1036
1744 2 2 1 1 1022 896 1132
1745 2 2 1 1 844 1067 1101
1746 2 2 1 1 457 280 1073
1747 2 2 1 1 264 266 1069
1748 2 2 1 1 1015 220 1122
1749 2 2 1 1 382 380 1046
1750 2 2 1 1 985 451 1037
1751 2 2 1 1 581 969 1042
1752 2 2 1 1 165 208 1084
1753 2 2 1 1 992 672 1207
1754 2 2 1 1 961 985 1037
1755 2 2 1 1 609 611 1045
1756 2 2 1 1 486 1023 1134
1757 2 2 1 1 1066 605 1086
1758 2 2 1 1 926 1048 1080
1759 2 2 1 1 1033 923 1049
1760 2 2 1 1 876 878 1047
1761 2 2 1 1 767 766 1113
1762 2 2 1 1 1098 798 1136
1763 2 2 1 1 1040 902 1079
1764 2 2 1 1 847 1060 1085
1765 2 2 1 1 685 847 1085
1766 2 2 1 1 796 485 1130
1767 2 2 1 1 825 821 1051
1768 2 2 1 1 782 200 1184
1769 2 2 1 1 1049 923 1082
1770 2 2 1 1 205 167 1087
1771 2 2 1 1 154 204 1089
1772 2 2 1 1 982 1044 1086
1773 2 2 1 1 759 607 1119
1774 2 2 1 1 606 758 1118
1775 2 2 1 1 944 495 1099
1776 2 2 1 1 493 943 1097
1777 2 2 1 1 947 1030 1060
1778 2 2 1 1 1052 442 1093
1779 2 2 1 1 863 219 1181
1780 2 2 1 1 1043 373 1052
1781 2 2 1 1 373 353 1052
1782 2 2 1 1 152 151 1054
1783 2 2 1 1 170 169 1055
1784 2 2 1 1 921 363 1050
1785 2 2 1 1 757 755 1134
1786 2 2 1 1 572 861 1068
1787 2 2 1 1 613 728 1091
1788 2 2 1 1 708 217 1129
1789 2 2 1 1 142 199 1092
1790 2 2 1 1 672 655 1053
1791 2 2 1 1 189 100 1109
1792 2 2 1 1 49 190 1110
1793 2 2 1 1 938 909 1057
1794 2 2 1 1 672 1053 1212
1795 2 2 1 1 140 139 1056
1796 2 2 1 1 309 984 1048
1797 2 2 1 1 983 326 1049
1798 2 2 1 1 1032 938 1057
1799 2 2 1 1 209 156 1098
1800 2 2 1 1 102 253 1111
1801 2 2 1 1 735 736 1093
1802 2 2 1 1 865 863 1179
1803 2 2 1 1 284 47 1112
1804 2 2 1 1 1044 857 1086
1805 2 2 1 1 839 1077 1096
1806 2 2 1 1 278 449 1100
1807 2 2 1 1 196 144 1103
1808 2 2 1 1 450 282 1100
1809 2 2 1 1 946 572 1068
1810 2 2 1 1 1036 309 1048
1811 2 2 1 1 326 1033 1049
1812 2 2 1 1 191 131 1061
1813 2 2 1 1 169 168 1059
1814 2 2 1 1 1055 169 1059
1815 2 2 1 1 253 103 1120
1816 2 2 1 1 497 496 1106
1817 2 2 1 1 867 865 1175
1818 2 2 1 1 1077 839 1101
1819 2 2 1 1 152 1054 1062
1820 2 2 1 1 153 152 1062
1821 2 2 1 1 46 284 1121
1822 2 2 1 1 496 999 1106
1823 2 2 1 1 857 855 1086
1824 2 2 1 1 1050 934 1063
1825 2 2 1 1 1061 696 1210
1826 2 2 1 1 860 782 1127
1827 2 2 1 1 1016 586 1115
1828 2 2 1 1 1067 844 1107
1829 2 2 1 1 657 647 1116
1830 2 2 1 1 649 659 1117
1831 2 2 1 1 598 585 1104
1832 2 2 1 1 587 599 1105
1833 2 2 1 1 1023 669 1134
1834 2 2 1 1 293 745 1114
1835 2 2 1 1 738 732 1058
1836 2 2 1 1 140 1056 1064
1837 2 2 1 1 109 110 1125
1838 2 2 1 1 141 140 1064
1839 2 2 1 1 39 40 1126
1840 2 2 1 1 477 581 1063
1841 2 2 1 1 470 947 1060
1842 2 2 1 1 1053 655 1183
1843 2 2 1 1 178 177 1065
1844 2 2 1 1 1179 863 1181
1845 2 2 1 1 119 702 1178
1846 2 2 1 1 963 719 1148
1847 2 2 1 1 776 777 1128
1848 2 2 1 1 1060 701 1085
1849 2 2 1 1 164 163 1070
1850 2 2 1 1 702 226 1173
1851 2 2 1 1 588 631 1072
1852 2 2 1 1 844 186 1107
1853 2 2 1 1 509 508 1067
1854 2 2 1 1 790 794 1075
1855 2 2 1 1 804 1016 1115
1856 2 2 1 1 80 81 1071
1857 2 2 1 1 855 856 1066
1858 2 2 1 1 761 591 1081
1859 2 2 1 1 839 837 1101
1860 2 2 1 1 597 595 1074
1861 2 2 1 1 280 265 1073
1862 2 2 1 1 735 1093 1108
1863 2 2 1 1 927 926 1080
1864 2 2 1 1 960 293 1114
1865 2 2 1 1 459 946 1068
1866 2 2 1 1 656 916 1202
1867 2 2 1 1 736 1052 1093
1868 2 2 1 1 288 264 1069
1869 2 2 1 1 737 735 1108
1870 2 2 1 1 82 83 1076
1871 2 2 1 1 454 476 1077
1872 2 2 1 1 934 592 1078
1873 2 2 1 1 907 658 1203
1874 2 2 1 1 953 686 1116
1875 2 2 1 1 916 283 1202
1876 2 2 1 1 749 753 1083
1877 2 2 1 1 687 954 1117
1878 2 2 1 1 254 907 1203
1879 2 2 1 1 548 652 1131
1880 2 2 1 1 338 929 1082
1881 2 2 1 1 215 697 1150
1882 2 2 1 1 1061 132 1187
1883 2 2 1 1 706 582 1079
1884 2 2 1 1 710 708 1129
1885 2 2 1 1 930 344 1080
1886 2 2 1 1 1175 865 1179
1887 2 2 1 1 923 924 1082
1888 2 2 1 1 166 165 1084
1889 2 2 1 1 843 840 1096
1890 2 2 1 1 773 776 1144
1891 2 2 1 1 612 1015 1122
1892 2 2 1 1 338 1082 1088
1893 2 2 1 1 879 1047 1214
1894 2 2 1 1 581 1050 1063
1895 2 2 1 1 927 1080 1090
1896 2 2 1 1 701 700 1085
1897 2 2 1 1 1080 344 1090
1898 2 2 1 1 1082 924 1088
1899 2 2 1 1 628 622 1142
1900 2 2 1 1 924 598 1088
1901 2 2 1 1 513 514 1132
1902 2 2 1 1 943 338 1088
1903 2 2 1 1 167 166 1087
1904 2 2 1 1 166 1084 1087
1905 2 2 1 1 155 154 1089
1906 2 2 1 1 693 248 1153
1907 2 2 1 1 680 532 1140
1908 2 2 1 1 462 958 1140
1909 2 2 1 1 344 944 1090
1910 2 2 1 1 682 709 1211
1911 2 2 1 1 599 927 1090
1912 2 2 1 1 143 142 1092
1913 2 2 1 1 727 613 1091
1914 2 2 1 1 605 982 1086
1915 2 2 1 1 422 887 1172
1916 2 2 1 1 104 105 1094
1917 2 2 1 1 44 45 1095
1918 2 2 1 1 514 1022 1132
1919 2 2 1 1 1066 214 1167
1920 2 2 1 1 1128 616 1199
1921 2 2 1 1 155 1089 1098
1922 2 2 1 1 483 841 1165
1923 2 2 1 1 510 720 1219
1924 2 2 1 1 1047 409 1214
1925 2 2 1 1 999 743 1106
1926 2 2 1 1 156 155 1098
1927 2 2 1 1 442 1009 1093
1928 2 2 1 1 600 493 1097
1929 2 2 1 1 495 601 1099
1930 2 2 1 1 935 524 1154
1931 2 2 1 1 695 1061 1187
1932 2 2 1 1 491 637 1156
1933 2 2 1 1 721 510 1216
1934 2 2 1 1 282 278 1100
1935 2 2 1 1 903 588 1151
1936 2 2 1 1 143 1092 1103
1937 2 2 1 1 229 118 1178
1938 2 2 1 1 602 604 1143
1939 2 2 1 1 623 634 1152
1940 2 2 1 1 1013 453 1156
1941 2 2 1 1 457 1073 1175
1942 2 2 1 1 941 298 1144
1943 2 2 1 1 709 711 1137
1944 2 2 1 1 144 143 1103
1945 2 2 1 1 210 159 1145
1946 2 2 1 1 585 689 1104
1947 2 2 1 1 158 942 1145
1948 2 2 1 1 690 587 1105
1949 2 2 1 1 820 822 1188
1950 2 2 1 1 110 111 1169
1951 2 2 1 1 174 193 1146
1952 2 2 1 1 194 147 1147
1953 2 2 1 1 38 39 1170
1954 2 2 1 1 561 1160 1161
1955 2 2 1 1 562 1163 1164
1956 2 2 1 1 512 632 1159
1957 2 2 1 1 968 175 1146
1958 2 2 1 1 146 970 1147
1959 2 2 1 1 851 683 1155
1960 2 2 1 1 215 35 1182
1961 2 2 1 1 629 633 1157
1962 2 2 1 1 510 463 1216
1963 2 2 1 1 1093 1009 1108
1964 2 2 1 1 1097 598 1104
1965 2 2 1 1 599 1099 1105
1966 2 2 1 1 225 870 1205
1967 2 2 1 1 834 1013 1156
1968 2 2 1 1 891 113 1189
1969 2 2 1 1 1102 230 1158
1970 2 2 1 1 942 671 1145
1971 2 2 1 1 114 214 1189
1972 2 2 1 1 104 1094 1120
1973 2 2 1 1 1095 45 1121
1974 2 2 1 1 643 640 1193
1975 2 2 1 1 87 88 1183
1976 2 2 1 1 553 650 1102
1977 2 2 1 1 625 627 1150
1978 2 2 1 1 71 247 1186
1979 2 2 1 1 931 502 1180
1980 2 2 1 1 133 248 1187
1981 2 2 1 1 180 200 1166
1982 2 2 1 1 298 181 1166
1983 2 2 1 1 406 422 1172
1984 2 2 1 1 745 737 1114
1985 2 2 1 1 675 968 1146
1986 2 2 1 1 970 670 1147
1987 2 2 1 1 476 963 1148
1988 2 2 1 1 584 497 1106
1989 2 2 1 1 212 1028 1133
1990 2 2 1 1 431 437 1177
1991 2 2 1 1 981 538 1176
1992 2 2 1 1 703 594 1107
1993 2 2 1 1 700 859 1171
1994 2 2 1 1 1109 101 1111
1995 2 2 1 1 1159 632 1176
1996 2 2 1 1 48 1110 1112
1997 2 2 1 1 466 948 1168
1998 2 2 1 1 641 600 1123
1999 2 2 1 1 100 101 1109
2000 2 2 1 1 601 642 1124
2001 2 2 1 1 48 49 1110
2002 2 2 1 1 88 89 1212
2003 2 2 1 1 1127 782 1184
2004 2 2 1 1 643 1193 1194
2005 2 2 1 1 101 102 1111
2006 2 2 1 1 766 787 1113
2007 2 2 1 1 47 48 1112
2008 2 2 1 1 191 1061 1210
2009 2 2 1 1 205 1087 1142
2010 2 2 1 1 881 880 1210
2011 2 2 1 1 870 1014 1205
2012 2 2 1 1 422 423 1192
2013 2 2 1 1 822 1037 1188
2014 2 2 1 1 903 1151 1159
2015 2 2 1 1 653 643 1194
2016 2 2 1 1 799 606 1118
2017 2 2 1 1 607 800 1119
2018 2 2 1 1 911 684 1153
2019 2 2 1 1 173 8 1197
2020 2 2 1 1 6 148 1198
2021 2 2 1 1 5 184 1199
2022 2 2 1 1 7 160 1200
2023 2 2 1 1 720 673 1219
2024 2 2 1 1 608 609 1208
2025 2 2 1 1 662 646 1202
2026 2 2 1 1 648 665 1203
2027 2 2 1 1 1009 579 1108
2028 2 2 1 1 887 1010 1172
2029 2 2 1 1 1142 622 1151
2030 2 2 1 1 103 104 1120
2031 2 2 1 1 45 46 1121
2032 2 2 1 1 586 619 1115
2033 2 2 1 1 4 106 1195
2034 2 2 1 1 105 4 1195
2035 2 2 1 1 43 2 1196
2036 2 2 1 1 2 44 1196
2037 2 2 1 1 427 430 1209
2038 2 2 1 1 8 614 1197
2039 2 2 1 1 615 6 1198
2040 2 2 1 1 616 5 1199
2041 2 2 1 1 617 7 1200
2042 2 2 1 1 647 953 1116
2043 2 2 1 1 954 649 1117
2044 2 2 1 1 981 1176 1180
2045 2 2 1 1 364 405 1214
2046 2 2 1 1 704 653 1206
2047 2 2 1 1 1104 689 1123
2048 2 2 1 1 653 1194 1206
2049 2 2 1 1 690 1105 1124
2050 2 2 1 1 1028 618 1133
2051 2 2 1 1 740 612 1122
2052 2 2 1 1 1077 476 1096
2053 2 2 1 1 230 889 1158
2054 2 2 1 1 501 860 1127
2055 2 2 1 1 88 1053 1183
2056 2 2 1 1 1073 867 1175
2057 2 2 1 1 283 109 1125
2058 2 2 1 1 702 677 1178
2059 2 2 1 1 40 254 1126
2060 2 2 1 1 600 1104 1123
2061 2 2 1 1 1105 601 1124
2062 2 2 1 1 214 892 1167
2063 2 2 1 1 1067 508 1101
2064 2 2 1 1 1053 88 1212
2065 2 2 1 1 714 713 1141
2066 2 2 1 1 948 974 1204
2067 2 2 1 1 407 912 1208
2068 2 2 1 1 1180 502 1193
2069 2 2 1 1 1037 822 1201
2070 2 2 1 1 651 702 1173
2071 2 2 1 1 614 1118 1197
2072 2 2 1 1 961 1037 1201
2073 2 2 1 1 1119 615 1198
2074 2 2 1 1 916 656 1190
2075 2 2 1 1 891 854 1155
2076 2 2 1 1 658 907 1191
2077 2 2 1 1 724 710 1129
2078 2 2 1 1 907 550 1191
2079 2 2 1 1 549 916 1190
2080 2 2 1 1 1113 617 1200
2081 2 2 1 1 890 215 1150
2082 2 2 1 1 777 989 1128
2083 2 2 1 1 798 796 1130
2084 2 2 1 1 600 1097 1104
2085 2 2 1 1 1099 601 1105
2086 2 2 1 1 843 1139 1149
2087 2 2 1 1 1045 407 1208
2088 2 2 1 1 743 212 1133
2089 2 2 1 1 678 548 1131
2090 2 2 1 1 1087 628 1142
2091 2 2 1 1 755 486 1134
2092 2 2 1 1 711 714 1137
2093 2 2 1 1 604 605 1167
2094 2 2 1 1 1094 549 1190
2095 2 2 1 1 589 513 1132
2096 2 2 1 1 893 229 1143
2097 2 2 1 1 550 1095 1191
2098 2 2 1 1 620 693 1153
2099 2 2 1 1 661 660 1215
2100 2 2 1 1 227 704 1207
2101 2 2 1 1 247 913 1149
2102 2 2 1 1 980 407 1211
2103 2 2 1 1 940 723 1184
2104 2 2 1 1 589 1132 1135
2105 2 2 1 1 722 195 1185
2106 2 2 1 1 1047 882 1204
2107 2 2 1 1 679 589 1135
2108 2 2 1 1 484 136 1161
2109 2 2 1 1 639 74 1164
2110 2 2 1 1 719 718 1139
2111 2 2 1 1 814 430 1177
2112 2 2 1 1 963 468 1138
2113 2 2 1 1 13 638 1160
2114 2 2 1 1 75 483 1163
2115 2 2 1 1 684 620 1153
2116 2 2 1 1 407 1045 1211
2117 2 2 1 1 1138 468 1141
2118 2 2 1 1 412 980 1137
2119 2 2 1 1 532 462 1140
2120 2 2 1 1 36 859 1182
2121 2 2 1 1 942 209 1215
2122 2 2 1 1 723 1127 1184
2123 2 2 1 1 608 957 1154
2124 2 2 1 1 780 773 1144
2125 2 2 1 1 468 949 1141
2126 2 2 1 1 685 1085 1171
2127 2 2 1 1 859 699 1182
2128 2 2 1 1 501 1127 1216
2129 2 2 1 1 638 1038 1162
2130 2 2 1 1 815 814 1177
2131 2 2 1 1 409 1047 1204
2132 2 2 1 1 187 891 1155
2133 2 2 1 1 200 940 1184
2134 2 2 1 1 426 1001 1192
2135 2 2 1 1 627 680 1158
2136 2 2 1 1 1001 886 1192
2137 2 2 1 1 842 843 1149
2138 2 2 1 1 1138 1141 1218
2139 2 2 1 1 973 602 1143
2140 2 2 1 1 816 652 1173
2141 2 2 1 1 159 158 1145
2142 2 2 1 1 175 174 1146
2143 2 2 1 1 147 146 1147
2144 2 2 1 1 882 881 1168
2145 2 2 1 1 652 651 1173
2146 2 2 1 1 1072 205 1142
2147 2 2 1 1 957 645 1154
2148 2 2 1 1 881 959 1168
2149 2 2 1 1 645 623 1152
2150 2 2 1 1 1072 1142 1151
2151 2 2 1 1 697 625 1150
2152 2 2 1 1 720 722 1185
2153 2 2 1 1 248 911 1153
2154 2 2 1 1 524 608 1154
2155 2 2 1 1 833 629 1157
2156 2 2 1 1 959 466 1168
2157 2 2 1 1 843 1096 1148
2158 2 2 1 1 674 720 1185
2159 2 2 1 1 453 491 1156
2160 2 2 1 1 854 851 1155
2161 2 2 1 1 622 512 1159
2162 2 2 1 1 1010 405 1172
2163 2 2 1 1 226 816 1173
2164 2 2 1 1 111 187 1169
2165 2 2 1 1 188 38 1170
2166 2 2 1 1 181 180 1166
2167 2 2 1 1 757 1134 1213
2168 2 2 1 1 1151 622 1159
2169 2 2 1 1 669 668 1174
2170 2 2 1 1 405 406 1172
2171 2 2 1 1 715 717 1218
2172 2 2 1 1 903 1159 1176
2173 2 2 1 1 118 119 1178
2174 2 2 1 1 430 431 1177
2175 2 2 1 1 538 903 1176
2176 2 2 1 1 1136 661 1215
2177 2 2 1 1 1012 457 1175
2178 2 2 1 1 880 191 1210
2179 2 2 1 1 219 87 1183
2180 2 2 1 1 798 1130 1136
2181 2 2 1 1 227 1207 1212
2182 2 2 1 1 35 36 1182
2183 2 2 1 1 632 931 1180
2184 2 2 1 1 1130 661 1136
2185 2 2 1 1 1012 1175 1179
2186 2 2 1 1 575 1179 1181
2187 2 2 1 1 1176 632 1180
2188 2 2 1 1 655 575 1181
2189 2 2 1 1 823 820 1188
2190 2 2 1 1 70 71 1186
2191 2 2 1 1 132 133 1187
2192 2 2 1 1 588 1072 1151
2193 2 2 1 1 1139 247 1149
2194 2 2 1 1 575 1012 1179
2195 2 2 1 1 113 114 1189
2196 2 2 1 1 1157 633 1220
2197 2 2 1 1 656 657 1190
2198 2 2 1 1 659 658 1191
2199 2 2 1 1 1096 476 1148
2200 2 2 1 1 423 426 1192
2201 2 2 1 1 1152 634 1217
2202 2 2 1 1 106 549 1195
2203 2 2 1 1 550 43 1196
2204 2 2 1 1 605 1066 1167
2205 2 2 1 1 1193 502 1194
2206 2 2 1 1 502 490 1194
2207 2 2 1 1 640 981 1193
2208 2 2 1 1 832 225 1205
2209 2 2 1 1 646 656 1202
2210 2 2 1 1 658 648 1203
2211 2 2 1 1 981 1180 1193
2212 2 2 1 1 193 173 1197
2213 2 2 1 1 148 194 1198
2214 2 2 1 1 184 201 1199
2215 2 2 1 1 160 210 1200
2216 2 2 1 1 1194 490 1206
2217 2 2 1 1 1085 700 1171
2218 2 2 1 1 1045 682 1211
2219 2 2 1 1 559 961 1201
2220 2 2 1 1 89 227 1212
2221 2 2 1 1 426 427 1209
2222 2 2 1 1 463 501 1216
2223 2 2 1 1 974 409 1204
2224 2 2 1 1 490 992 1206
2225 2 2 1 1 680 1102 1158
2226 2 2 1 1 1141 713 1218
2227 2 2 1 1 409 364 1214
2228 2 2 1 1 210 1113 1200
2229 2 2 1 1 1118 193 1197
2230 2 2 1 1 194 1119 1198
2231 2 2 1 1 713 715 1218
2232 2 2 1 1 673 676 1219
2233 2 2 1 1 201 1128 1199
2234 2 2 1 1 609 1045 1208
2235 2 2 1 1 1023 414 1220
2236 2 2 1 1 1027 400 1217
2237 2 2 1 1 549 1094 1195
2238 2 2 1 1 1095 550 1196
2239 2 2 1 1 1094 105 1195
2240 2 2 1 1 44 1095 1196
2241 2 2 1 1 209 1136 1215
2242 2 2 1 1 717 1138 1218
2243 2 2 1 1 1161 1160 1162
2244 2 2 1 1 1164 1163 1165
2245 2 2 1 1 1134 669 1213
2246 2 2 1 1 484 1161 1162
2247 2 2 1 1 639 1164 1165
2248 2 2 1 1 669 1174 1213
2249 2 2 1 1 1160 638 1162
2250 2 2 1 1 1163 483 1165
2251 2 2 1 1 400 1152 1217
2252 2 2 1 1 414 1157 1220
2253 2 2 1 1 9 13 561
2254 2 2 1 1 136 10 561
2255 2 2 1 1 11 75 562
2256 2 2 1 1 74 12 562
2257 2 2 2 2 1330 1364 1386
2258 2 2 2 2 1363 1336 1387
2259 2 2 2 2 142 1223 1324
2260 2 2 2 2 1364 1228 1386
2261 2 2 2 2 1232 1363 1387
2262 2 2 2 2 1371 1297 1373
2263 2 2 2 2 1300 1297 1371
2264 2 2 2 2 1372 1296 1376
2265 2 2 2 2 1299 1296 1372
2266 2 2 2 2 1369 1378 1384
2267 2 2 2 2 1305 1308 1342
2268 2 2 2 2 1378 1333 1384
2269 2 2 2 2 1304 1233 1306
2270 2 2 2 2 1229 1297 1377
2271 2 2 2 2 1297 1229 1373
2272 2 2 2 2 1298 1227 1370
2273 2 2 2 2 1221 1296 1375
2274 2 2 2 2 1227 1298 1374
2275 2 2 2 2 1296 1221 1376
2276 2 2 2 2 1236 1298 1370
2277 2 2 2 2 1299 1227 1374
2278 2 2 2 2 1227 1299 1372
2279 2 2 2 2 1221 1300 1371
2280 2 2 2 2 1300 1221 1375
2281 2 2 2 2 1229 1333 1378
2282 2 2 2 2 1333 1229 1377
2283 2 2 2 2 1298 1236 1383
2284 2 2 2 2 1324 1223 1379
2285 2 2 2 2 141 142 1324
2286 2 2 2 2 1305 1342 1388
2287 2 2 2 2 1233 1304 1385
2288 2 2 2 2 1346 1343 1365
2289 2 2 2 2 1303 1225 1304
2290 2 2 2 2 1345 1332 1386
2291 2 2 2 2 1295 1338 1387
2292 2 2 2 2 1231 1321 1322
2293 2 2 2 2 1225 1303 1305
2294 2 2 2 2 1231 1320 1321
2295 2 2 2 2 1268 1323 1357
2296 2 2 2 2 1330 1329 1364
2297 2 2 2 2 1302 1336 1363
2298 2 2 2 2 1306 1233 1368
2299 2 2 2 2 1323 1346 1365
2300 2 2 2 2 1338 1232 1387
2301 2 2 2 2 1228 1345 1386
2302 2 2 2 2 1323 1321 1357
2303 2 2 2 2 1323 1268 1346
2304 2 2 2 2 1343 1234 1365
2305 2 2 2 2 1338 1295 1383
2306 2 2 2 2 1332 1345 1384
2307 2 2 2 2 1322 1365 1366
2308 2 2 2 2 1307 1287 1311
2309 2 2 2 2 137 138 1366
2310 2 2 2 2 1322 1321 1323
2311 2 2 2 2 1307 1274 1308
2312 2 2 2 2 1308 1274 1309
2313 2 2 2 2 1303 1287 1307
2314 2 2 2 2 1274 1307 1311
2315 2 2 2 2 1305 1303 1307
2316 2 2 2 2 1272 1275 1309
2317 2 2 2 2 1304 1225 1385
2318 2 2 2 2 1274 1272 1309
2319 2 2 2 2 1275 1301 1309
2320 2 2 2 2 1305 1307 1308
2321 2 2 2 2 1291 1267 1331
2322 2 2 2 2 1269 1328 1330
2323 2 2 2 2 1269 1330 1331
2324 2 2 2 2 1267 1269 1331
2325 2 2 2 2 1262 1257 1347
2326 2 2 2 2 1263 1325 1326
2327 2 2 2 2 1291 1331 1332
2328 2 2 2 2 1259 1310 1354
2329 2 2 2 2 1328 1269 1347
2330 2 2 2 2 1280 1281 1355
2331 2 2 2 2 1287 1265 1311
2332 2 2 2 2 1310 1284 1354
2333 2 2 2 2 1265 1260 1311
2334 2 2 2 2 1276 1273 1312
2335 2 2 2 2 1271 1348 1351
2336 2 2 2 2 1251 1250 1358
2337 2 2 2 2 1269 1262 1347
2338 2 2 2 2 1263 1326 1347
2339 2 2 2 2 1251 1334 1351
2340 2 2 2 2 1325 1319 1326
2341 2 2 2 2 1256 1315 1337
2342 2 2 2 2 1257 1263 1347
2343 2 2 2 2 1310 1259 1353
2344 2 2 2 2 1279 1276 1312
2345 2 2 2 2 1230 1361 1362
2346 2 2 2 2 1325 1263 1335
2347 2 2 2 2 1244 1256 1337
2348 2 2 2 2 1315 1335 1337
2349 2 2 2 2 1316 1319 1325
2350 2 2 2 2 1334 1312 1351
2351 2 2 2 2 1326 1328 1347
2352 2 2 2 2 1271 1255 1348
2353 2 2 2 2 1291 1332 1333
2354 2 2 2 2 163 1232 1338
2355 2 2 2 2 1252 1249 1335
2356 2 2 2 2 1260 1261 1311
2357 2 2 2 2 1256 1242 1313
2358 2 2 2 2 1344 1222 1349
2359 2 2 2 2 1334 1251 1358
2360 2 2 2 2 1281 1285 1355
2361 2 2 2 2 1316 1318 1319
2362 2 2 2 2 1237 1239 1341
2363 2 2 2 2 1282 1344 1349
2364 2 2 2 2 180 1237 1341
2365 2 2 2 2 1295 1294 1298
2366 2 2 2 2 1228 146 1345
2367 2 2 2 2 167 168 1342
2368 2 2 2 2 1294 1280 1355
2369 2 2 2 2 1344 1352 1356
2370 2 2 2 2 1326 1319 1327
2371 2 2 2 2 1245 1247 1254
2372 2 2 2 2 1258 1262 1266
2373 2 2 2 2 1266 1262 1267
2374 2 2 2 2 1264 1260 1265
2375 2 2 2 2 1261 1272 1274
2376 2 2 2 2 1275 1273 1276
2377 2 2 2 2 1283 1279 1312
2378 2 2 2 2 1318 1320 1324
2379 2 2 2 2 1256 1313 1314
2380 2 2 2 2 1281 1284 1285
2381 2 2 2 2 1352 1270 1356
2382 2 2 2 2 1301 1277 1302
2383 2 2 2 2 1315 1316 1325
2384 2 2 2 2 1261 1271 1272
2385 2 2 2 2 1272 1273 1275
2386 2 2 2 2 1288 1284 1310
2387 2 2 2 2 163 164 1232
2388 2 2 2 2 175 176 1230
2389 2 2 2 2 1263 1252 1335
2390 2 2 2 2 1254 1264 1350
2391 2 2 2 2 1315 1325 1335
2392 2 2 2 2 1247 1246 1248
2393 2 2 2 2 1248 1246 1249
2394 2 2 2 2 1261 1274 1311
2395 2 2 2 2 1315 1314 1316
2396 2 2 2 2 1278 1276 1279
2397 2 2 2 2 1281 1279 1283
2398 2 2 2 2 1241 1240 1242
2399 2 2 2 2 1254 1255 1260
2400 2 2 2 2 1258 1257 1262
2401 2 2 2 2 1302 1277 1336
2402 2 2 2 2 1267 1262 1269
2403 2 2 2 2 1285 1296 1299
2404 2 2 2 2 1245 1244 1246
2405 2 2 2 2 1292 1290 1297
2406 2 2 2 2 180 181 1237
2407 2 2 2 2 1286 1265 1287
2408 2 2 2 2 1278 1293 1336
2409 2 2 2 2 178 179 1222
2410 2 2 2 2 1277 1276 1278
2411 2 2 2 2 142 143 1223
2412 2 2 2 2 154 155 1221
2413 2 2 2 2 166 167 1224
2414 2 2 2 2 171 172 1233
2415 2 2 2 2 183 184 1234
2416 2 2 2 2 1335 1249 1337
2417 2 2 2 2 1326 1327 1328
2418 2 2 2 2 139 140 1231
2419 2 2 2 2 151 152 1229
2420 2 2 2 2 181 182 1226
2421 2 2 2 2 182 183 1343
2422 2 2 2 2 1241 1243 1282
2423 2 2 2 2 1293 1294 1295
2424 2 2 2 2 1290 1267 1291
2425 2 2 2 2 147 148 1235
2426 2 2 2 2 1241 1282 1349
2427 2 2 2 2 1248 1249 1250
2428 2 2 2 2 145 146 1228
2429 2 2 2 2 157 158 1227
2430 2 2 2 2 1230 176 1340
2431 2 2 2 2 1243 1242 1244
2432 2 2 2 2 1243 1244 1245
2433 2 2 2 2 1224 167 1342
2434 2 2 2 2 1270 1265 1286
2435 2 2 2 2 183 1234 1343
2436 2 2 2 2 1237 1226 1238
2437 2 2 2 2 1254 1260 1264
2438 2 2 2 2 1316 1317 1318
2439 2 2 2 2 1226 182 1343
2440 2 2 2 2 1328 1327 1329
2441 2 2 2 2 146 147 1345
2442 2 2 2 2 1237 1238 1239
2443 2 2 2 2 159 160 1236
2444 2 2 2 2 1266 1267 1290
2445 2 2 2 2 169 170 1225
2446 2 2 2 2 1250 1249 1252
2447 2 2 2 2 162 163 1338
2448 2 2 2 2 1341 1239 1349
2449 2 2 2 2 1248 1250 1251
2450 2 2 2 2 1253 1252 1257
2451 2 2 2 2 1253 1258 1259
2452 2 2 2 2 1275 1277 1301
2453 2 2 2 2 1286 1287 1289
2454 2 2 2 2 1257 1252 1263
2455 2 2 2 2 1285 1284 1288
2456 2 2 2 2 1240 1238 1268
2457 2 2 2 2 1239 1240 1241
2458 2 2 2 2 1245 1246 1247
2459 2 2 2 2 1254 1247 1255
2460 2 2 2 2 1348 1251 1351
2461 2 2 2 2 1281 1283 1284
2462 2 2 2 2 1289 1287 1303
2463 2 2 2 2 1260 1255 1261
2464 2 2 2 2 1312 1273 1351
2465 2 2 2 2 147 1235 1345
2466 2 2 2 2 1241 1242 1243
2467 2 2 2 2 1275 1276 1277
2468 2 2 2 2 1284 1283 1354
2469 2 2 2 2 1283 1312 1334
2470 2 2 2 2 1292 1297 1300
2471 2 2 2 2 1316 1314 1317
2472 2 2 2 2 1277 1278 1336
2473 2 2 2 2 1285 1288 1296
2474 2 2 2 2 1222 179 1341
2475 2 2 2 2 1242 1240 1313
2476 2 2 2 2 1266 1290 1292
2477 2 2 2 2 176 177 1340
2478 2 2 2 2 1339 1222 1344
2479 2 2 2 2 1222 1341 1349
2480 2 2 2 2 1240 1268 1313
2481 2 2 2 2 1245 1254 1350
2482 2 2 2 2 1272 1271 1273
2483 2 2 2 2 1280 1279 1281
2484 2 2 2 2 1273 1271 1351
2485 2 2 2 2 1256 1314 1315
2486 2 2 2 2 1268 1238 1346
2487 2 2 2 2 1328 1329 1330
2488 2 2 2 2 1250 1252 1253
2489 2 2 2 2 178 1222 1339
2490 2 2 2 2 1244 1242 1256
2491 2 2 2 2 1253 1257 1258
2492 2 2 2 2 179 180 1341
2493 2 2 2 2 1239 1238 1240
2494 2 2 2 2 1261 1255 1271
2495 2 2 2 2 1320 1317 1321
2496 2 2 2 2 1264 1265 1270
2497 2 2 2 2 1278 1279 1280
2498 2 2 2 2 1293 1280 1294
2499 2 2 2 2 1238 1226 1346
2500 2 2 2 2 1289 1303 1304
2501 2 2 2 2 1250 1253 1358
2502 2 2 2 2 1239 1241 1349
2503 2 2 2 2 177 178 1339
2504 2 2 2 2 177 1339 1340
2505 2 2 2 2 1289 1304 1306
2506 2 2 2 2 1255 1247 1348
2507 2 2 2 2 1226 1343 1346
2508 2 2 2 2 1318 1317 1320
2509 2 2 2 2 181 1226 1237
2510 2 2 2 2 1313 1268 1357
2511 2 2 2 2 1246 1244 1337
2512 2 2 2 2 1278 1280 1293
2513 2 2 2 2 1264 1270 1352
2514 2 2 2 2 1288 1310 1360
2515 2 2 2 2 1243 1245 1350
2516 2 2 2 2 1350 1264 1352
2517 2 2 2 2 1282 1243 1350
2518 2 2 2 2 1283 1334 1354
2519 2 2 2 2 1259 1258 1353
2520 2 2 2 2 1339 1344 1356
2521 2 2 2 2 1266 1292 1353
2522 2 2 2 2 1249 1246 1337
2523 2 2 2 2 1258 1266 1353
2524 2 2 2 2 1248 1251 1348
2525 2 2 2 2 1344 1282 1352
2526 2 2 2 2 1353 1292 1360
2527 2 2 2 2 1340 1339 1356
2528 2 2 2 2 1230 1340 1359
2529 2 2 2 2 1282 1350 1352
2530 2 2 2 2 1253 1259 1358
2531 2 2 2 2 1314 1313 1357
2532 2 2 2 2 1321 1317 1357
2533 2 2 2 2 1247 1248 1348
2534 2 2 2 2 1285 1299 1355
2535 2 2 2 2 1230 1359 1361
2536 2 2 2 2 1317 1314 1357
2537 2 2 2 2 1270 1286 1359
2538 2 2 2 2 1310 1353 1360
2539 2 2 2 2 1361 1306 1362
2540 2 2 2 2 175 1230 1362
2541 2 2 2 2 1359 1286 1361
2542 2 2 2 2 1356 1270 1359
2543 2 2 2 2 1354 1334 1358
2544 2 2 2 2 1259 1354 1358
2545 2 2 2 2 1286 1289 1361
2546 2 2 2 2 1340 1356 1359
2547 2 2 2 2 1292 1300 1360
2548 2 2 2 2 1289 1306 1361
2549 2 2 2 2 174 175 1362
2550 2 2 2 2 1342 1308 1380
2551 2 2 2 2 1327 1379 1396
2552 2 2 2 2 164 165 1363
2553 2 2 2 2 144 145 1364
2554 2 2 2 2 173 174 1368
2555 2 2 2 2 161 162 1367
2556 2 2 2 2 1362 1306 1368
2557 2 2 2 2 1232 164 1363
2558 2 2 2 2 145 1228 1364
2559 2 2 2 2 1322 1366 1390
2560 2 2 2 2 1296 1288 1375
2561 2 2 2 2 1227 158 1370
2562 2 2 2 2 1297 1290 1377
2563 2 2 2 2 1291 1333 1377
2564 2 2 2 2 1229 152 1373
2565 2 2 2 2 159 1236 1370
2566 2 2 2 2 154 1221 1371
2567 2 2 2 2 157 1227 1372
2568 2 2 2 2 151 1229 1378
2569 2 2 2 2 1221 155 1376
2570 2 2 2 2 1355 1299 1374
2571 2 2 2 2 1298 1294 1374
2572 2 2 2 2 1360 1300 1375
2573 2 2 2 2 1379 1223 1396
2574 2 2 2 2 1322 1323 1365
2575 2 2 2 2 1380 1301 1395
2576 2 2 2 2 144 1364 1381
2577 2 2 2 2 1363 165 1382
2578 2 2 2 2 1225 1305 1388
2579 2 2 2 2 1318 1324 1379
2580 2 2 2 2 1327 1319 1379
2581 2 2 2 2 1345 1235 1384
2582 2 2 2 2 1231 1322 1390
2583 2 2 2 2 162 1338 1367
2584 2 2 2 2 174 1362 1368
2585 2 2 2 2 1365 1234 1366
2586 2 2 2 2 1302 1363 1382
2587 2 2 2 2 1364 1329 1381
2588 2 2 2 2 1223 143 1381
2589 2 2 2 2 166 1224 1382
2590 2 2 2 2 149 150 1369
2591 2 2 2 2 1369 150 1378
2592 2 2 2 2 1288 1360 1375
2593 2 2 2 2 156 1372 1376
2594 2 2 2 2 153 1371 1373
2595 2 2 2 2 158 159 1370
2596 2 2 2 2 156 157 1372
2597 2 2 2 2 152 153 1373
2598 2 2 2 2 153 154 1371
2599 2 2 2 2 155 156 1376
2600 2 2 2 2 1290 1291 1377
2601 2 2 2 2 1294 1355 1374
2602 2 2 2 2 150 151 1378
2603 2 2 2 2 171 1233 1385
2604 2 2 2 2 1225 170 1385
2605 2 2 2 2 1224 1380 1395
2606 2 2 2 2 1331 1330 1386
2607 2 2 2 2 1336 1293 1387
2608 2 2 2 2 1342 168 1388
2609 2 2 2 2 169 1225 1388
2610 2 2 2 2 1309 1301 1380
2611 2 2 2 2 139 1231 1390
2612 2 2 2 2 1235 1369 1384
2613 2 2 2 2 5 137 1392
2614 2 2 2 2 184 5 1392
2615 2 2 2 2 8 173 1393
2616 2 2 2 2 172 8 1393
2617 2 2 2 2 7 161 1391
2618 2 2 2 2 160 7 1391
2619 2 2 2 2 1367 1338 1383
2620 2 2 2 2 137 1366 1392
2621 2 2 2 2 1320 1231 1389
2622 2 2 2 2 148 6 1394
2623 2 2 2 2 6 149 1394
2624 2 2 2 2 1224 1342 1380
2625 2 2 2 2 1319 1318 1379
2626 2 2 2 2 1231 140 1389
2627 2 2 2 2 1236 1367 1383
2628 2 2 2 2 1308 1309 1380
2629 2 2 2 2 141 1324 1389
2630 2 2 2 2 143 144 1381
2631 2 2 2 2 165 166 1382
2632 2 2 2 2 1295 1298 1383
2633 2 2 2 2 140 141 1389
2634 2 2 2 2 1333 1332 1384
2635 2 2 2 2 1366 138 1390
2636 2 2 2 2 170 171 1385
2637 2 2 2 2 1332 1331 1386
2638 2 2 2 2 1293 1295 1387
2639 2 2 2 2 168 169 1388
2640 2 2 2 2 1324 1320 1389
2641 2 2 2 2 1366 1234 1392
2642 2 2 2 2 161 1367 1391
2643 2 2 2 2 173 1368 1393
2644 2 2 2 2 138 139 1390
2645 2 2 2 2 1235 148 1394
2646 2 2 2 2 1236 160 1391
2647 2 2 2 2 1234 184 1392
2648 2 2 2 2 1233 172 1393
2649 2 2 2 2 1382 1224 1395
2650 2 2 2 2 1223 1381 1396
2651 2 2 2 2 1329 1327 1396
2652 2 2 2 2 1301 1302 1395
2653 2 2 2 2 1367 1236 1391
2654 2 2 2 2 1368 1233 1393
2655 2 2 2 2 1369 1235 1394
2656 2 2 2 2 149 1369 1394
2657 2 2 2 2 1381 1329 1396
2658 2 2 2 2 1302 1382 1395
$EndElements
