$MeshFormat
2.2 0 8
$EndMeshFormat
$Nodes
6042
1 0 0 0
2 1 0 0
3 1 1 0
4 0 1 0
5 0.01052631578945376 0.01052631578945376 0
6 0.02105263157890768 0.02105263157890768 0
7 0.03157894736836084 0.03157894736836084 0
8 0.04210526315781175 0.04210526315781175 0
9 0.05263157894726201 0.05263157894726201 0
10 0.06315789473671397 0.06315789473671397 0
11 0.07368421052617032 0.07368421052617032 0
12 0.08421052631562788 0.08421052631562788 0
13 0.09473684210508544 0.09473684210508544 0
14 0.105263157894543 0.105263157894543 0
15 0.1157894736840006 0.1157894736840006 0
16 0.1263157894734541 0.1263157894734541 0
17 0.1368421052628993 0.1368421052628993 0
18 0.1473684210523423 0.1473684210523423 0
19 0.1578947368417852 0.1578947368417852 0
20 0.1684210526312282 0.1684210526312282 0
21 0.1789473684206712 0.1789473684206712 0
22 0.1894736842101141 0.1894736842101141 0
23 0.1999999999995571 0.1999999999995571 0
24 0.2105263157890001 0.2105263157890001 0
25 0.2210526315784431 0.2210526315784431 0
26 0.2315789473678861 0.2315789473678861 0
27 0.242105263157329 0.242105263157329 0
28 0.252631578946772 0.252631578946772 0
29 0.263157894736215 0.263157894736215 0
30 0.2736842105256579 0.2736842105256579 0
31 0.284210526315101 0.284210526315101 0
32 0.2947368421045439 0.2947368421045439 0
33 0.3052631578939869 0.3052631578939869 0
34 0.3157894736834299 0.3157894736834299 0
35 0.3263157894728728 0.3263157894728728 0
36 0.3368421052623158 0.3368421052623158 0
37 0.3473684210517588 0.3473684210517588 0
38 0.3578947368412018 0.3578947368412018 0
39 0.3684210526306447 0.3684210526306447 0
40 0.3789473684200877 0.3789473684200877 0
41 0.3894736842095307 0.3894736842095307 0
42 0.3999999999989737 0.3999999999989737 0
43 0.4105263157884166 0.4105263157884166 0
44 0.4210526315778596 0.4210526315778596 0
45 0.4315789473673026 0.4315789473673026 0
46 0.4421052631567456 0.4421052631567456 0
47 0.4526315789461886 0.4526315789461886 0
48 0.4631578947356316 0.4631578947356316 0
49 0.4736842105250745 0.4736842105250745 0
50 0.4842105263145174 0.4842105263145174 0
51 0.494736842103964 0.494736842103964 0
52 0.5052631578934362 0.5052631578934362 0
53 0.515789473682934 0.515789473682934 0
54 0.5263157894724354 0.5263157894724354 0
55 0.5368421052619367 0.5368421052619367 0
56 0.5473684210514381 0.5473684210514381 0
57 0.5578947368409395 0.5578947368409395 0
58 0.5684210526304408 0.5684210526304408 0
59 0.5789473684199422 0.5789473684199422 0
60 0.5894736842094436 0.5894736842094436 0
61 0.5999999999989449 0.5999999999989449 0
62 0.6105263157884463 0.6105263157884463 0
63 0.6210526315779477 0.6210526315779477 0
64 0.631578947367449 0.631578947367449 0
65 0.6421052631569504 0.6421052631569504 0
66 0.6526315789464517 0.6526315789464517 0
67 0.6631578947359531 0.6631578947359531 0
68 0.6736842105254545 0.6736842105254545 0
69 0.684210526314956 0.684210526314956 0
70 0.6947368421044575 0.6947368421044575 0
71 0.705263157893959 0.705263157893959 0
72 0.7157894736834605 0.7157894736834605 0
73 0.7263157894729619 0.7263157894729619 0
74 0.7368421052624633 0.7368421052624633 0
75 0.7473684210519648 0.7473684210519648 0
76 0.7578947368414662 0.7578947368414662 0
77 0.7684210526309677 0.7684210526309677 0
78 0.7789473684204692 0.7789473684204692 0
79 0.7894736842099707 0.7894736842099707 0
80 0.7999999999994721 0.7999999999994721 0
81 0.8105263157889736 0.8105263157889736 0
82 0.8210526315784751 0.8210526315784751 0
83 0.8315789473679766 0.8315789473679766 0
84 0.8421052631574779 0.8421052631574779 0
85 0.8526315789469794 0.8526315789469794 0
86 0.8631578947364809 0.8631578947364809 0
87 0.8736842105259823 0.8736842105259823 0
88 0.8842105263154838 0.8842105263154838 0
89 0.8947368421049854 0.8947368421049854 0
90 0.9052631578944869 0.9052631578944869 0
91 0.9157894736839883 0.9157894736839883 0
92 0.9263157894734898 0.9263157894734898 0
93 0.9368421052629913 0.9368421052629913 0
94 0.9473684210524927 0.9473684210524927 0
95 0.9578947368419941 0.9578947368419941 0
96 0.9684210526314956 0.9684210526314956 0
97 0.9789473684209971 0.9789473684209971 0
98 0.9894736842104985 0.9894736842104985 0
99 0.9850746268656095 1 0
100 0.970149253731219 1 0
101 0.9552238805968285 1 0
102 0.9402985074624379 1 0
103 0.9253731343280475 1 0
104 0.9104477611936569 1 0
105 0.8955223880592664 1 0
106 0.8805970149248821 1 0
107 0.865671641790589 1 0
108 0.8507462686563642 1 0
109 0.8358208955221393 1 0
110 0.8208955223879146 1 0
111 0.8059701492536898 1 0
112 0.791044776119465 1 0
113 0.7761194029852403 1 0
114 0.7611940298510155 1 0
115 0.7462686567167907 1 0
116 0.731343283582566 1 0
117 0.7164179104483412 1 0
118 0.7014925373141164 1 0
119 0.6865671641798916 1 0
120 0.6716417910456669 1 0
121 0.6567164179114421 1 0
122 0.6417910447772173 1 0
123 0.6268656716429926 1 0
124 0.6119402985087677 1 0
125 0.5970149253745429 1 0
126 0.5820895522403182 1 0
127 0.5671641791060934 1 0
128 0.5522388059718686 1 0
129 0.5373134328376439 1 0
130 0.5223880597034191 1 0
131 0.5074626865691934 1 0
132 0.4925373134348856 1 0
133 0.477611940300496 1 0
134 0.4626865671661056 1 0
135 0.447761194031715 1 0
136 0.4328358208973245 1 0
137 0.417910447762934 1 0
138 0.4029850746285435 1 0
139 0.3880597014941529 1 0
140 0.3731343283597625 1 0
141 0.358208955225372 1 0
142 0.3432835820909813 1 0
143 0.3283582089565908 1 0
144 0.3134328358222004 1 0
145 0.2985074626878098 1 0
146 0.2835820895534192 1 0
147 0.2686567164190288 1 0
148 0.2537313432846382 1 0
149 0.2388059701502477 1 0
150 0.2238805970158573 1 0
151 0.2089552238814666 1 0
152 0.1940298507470761 1 0
153 0.1791044776126857 1 0
154 0.1641791044782951 1 0
155 0.1492537313439045 1 0
156 0.1343283582095141 1 0
157 0.1194029850751236 1 0
158 0.104477611940733 1 0
159 0.08955223880634255 1 0
160 0.07462686567195198 1 0
161 0.05970149253756141 1 0
162 0.04477611940317094 1 0
163 0.02985074626878059 1 0
164 0.01492537313439035 1 0
165 0 0.9850746268656095 0
166 0 0.970149253731219 0
167 0 0.9552238805968285 0
168 0 0.9402985074624379 0
169 0 0.9253731343280475 0
170 0 0.9104477611936569 0
171 0 0.8955223880592664 0
172 0 0.8805970149248821 0
173 0 0.865671641790589 0
174 0 0.8507462686563642 0
175 0 0.8358208955221393 0
176 0 0.8208955223879146 0
177 0 0.8059701492536898 0
178 0 0.791044776119465 0
179 0 0.7761194029852403 0
180 0 0.7611940298510155 0
181 0 0.7462686567167907 0
182 0 0.731343283582566 0
183 0 0.7164179104483412 0
184 0 0.7014925373141164 0
185 0 0.6865671641798916 0
186 0 0.6716417910456669 0
187 0 0.6567164179114421 0
188 0 0.6417910447772173 0
189 0 0.6268656716429926 0
190 0 0.6119402985087677 0
191 0 0.5970149253745429 0
192 0 0.5820895522403182 0
193 0 0.5671641791060934 0
194 0 0.5522388059718686 0
195 0 0.5373134328376439 0
196 0 0.5223880597034191 0
197 0 0.5074626865691934 0
198 0 0.4925373134348856 0
199 0 0.477611940300496 0
200 0 0.4626865671661056 0
201 0 0.447761194031715 0
202 0 0.4328358208973245 0
203 0 0.417910447762934 0
204 0 0.4029850746285435 0
205 0 0.3880597014941529 0
206 0 0.3731343283597625 0
207 0 0.358208955225372 0
208 0 0.3432835820909813 0
209 0 0.3283582089565908 0
210 0 0.3134328358222004 0
211 0 0.2985074626878098 0
212 0 0.2835820895534192 0
213 0 0.2686567164190288 0
214 0 0.2537313432846382 0
215 0 0.2388059701502477 0
216 0 0.2238805970158573 0
217 0 0.2089552238814666 0
218 0 0.1940298507470761 0
219 0 0.1791044776126857 0
220 0 0.1641791044782951 0
221 0 0.1492537313439045 0
222 0 0.1343283582095141 0
223 0 0.1194029850751236 0
224 0 0.104477611940733 0
225 0 0.08955223880634255 0
226 0 0.07462686567195198 0
227 0 0.05970149253756141 0
228 0 0.04477611940317094 0
229 0 0.02985074626878059 0
230 0 0.01492537313439035 0
231 0.01492537313430021 0 0
232 0.02985074626860003 0 0
233 0.04477611940289626 0 0
234 0.05970149253719232 0 0
235 0.07462686567149505 0 0
236 0.0895522388058006 0 0
237 0.1044776119401061 0 0
238 0.1194029850744109 0 0
239 0.1343283582087043 0 0
240 0.1492537313429891 0 0
241 0.1641791044772739 0 0
242 0.1791044776115588 0 0
243 0.1940298507458436 0 0
244 0.2089552238801284 0 0
245 0.2238805970144133 0 0
246 0.2388059701486981 0 0
247 0.2537313432829829 0 0
248 0.2686567164172677 0 0
249 0.2835820895515526 0 0
250 0.2985074626858374 0 0
251 0.3134328358201222 0 0
252 0.328358208954407 0 0
253 0.3432835820886919 0 0
254 0.3582089552229767 0 0
255 0.3731343283572615 0 0
256 0.3880597014915464 0 0
257 0.4029850746258312 0 0
258 0.417910447760116 0 0
259 0.4328358208944009 0 0
260 0.4477611940286857 0 0
261 0.4626865671629705 0 0
262 0.4776119402972553 0 0
263 0.4925373134315407 0 0
264 0.5074626865658669 0 0
265 0.5223880597002343 0 0
266 0.5373134328346019 0 0
267 0.5522388059689696 0 0
268 0.5671641791033373 0 0
269 0.582089552237705 0 0
270 0.5970149253720728 0 0
271 0.6119402985064404 0 0
272 0.6268656716408081 0 0
273 0.6417910447751758 0 0
274 0.6567164179095435 0 0
275 0.6716417910439111 0 0
276 0.6865671641782789 0 0
277 0.7014925373126466 0 0
278 0.7164179104470143 0 0
279 0.731343283581382 0 0
280 0.7462686567157496 0 0
281 0.7611940298501174 0 0
282 0.7761194029844851 0 0
283 0.7910447761188528 0 0
284 0.8059701492532205 0 0
285 0.8208955223875881 0 0
286 0.8358208955219558 0 0
287 0.8507462686563236 0 0
288 0.8656716417906913 0 0
289 0.8805970149250589 0 0
290 0.8955223880594266 0 0
291 0.9104477611937943 0 0
292 0.9253731343281622 0 0
293 0.9402985074625299 0 0
294 0.9552238805968974 0 0
295 0.970149253731265 0 0
296 0.9850746268656324 0 0
297 1 0.01492537313430021 0
298 1 0.02985074626860003 0
299 1 0.04477611940289626 0
300 1 0.05970149253719232 0
301 1 0.07462686567149505 0
302 1 0.0895522388058006 0
303 1 0.1044776119401061 0
304 1 0.1194029850744109 0
305 1 0.1343283582087043 0
306 1 0.1492537313429891 0
307 1 0.1641791044772739 0
308 1 0.1791044776115588 0
309 1 0.1940298507458436 0
310 1 0.2089552238801284 0
311 1 0.2238805970144133 0
312 1 0.2388059701486981 0
313 1 0.2537313432829829 0
314 1 0.2686567164172677 0
315 1 0.2835820895515526 0
316 1 0.2985074626858374 0
317 1 0.3134328358201222 0
318 1 0.328358208954407 0
319 1 0.3432835820886919 0
320 1 0.3582089552229767 0
321 1 0.3731343283572615 0
322 1 0.3880597014915464 0
323 1 0.4029850746258312 0
324 1 0.417910447760116 0
325 1 0.4328358208944009 0
326 1 0.4477611940286857 0
327 1 0.4626865671629705 0
328 1 0.4776119402972553 0
329 1 0.4925373134315407 0
330 1 0.5074626865658669 0
331 1 0.5223880597002343 0
332 1 0.5373134328346019 0
333 1 0.5522388059689696 0
334 1 0.5671641791033373 0
335 1 0.582089552237705 0
336 1 0.5970149253720728 0
337 1 0.6119402985064404 0
338 1 0.6268656716408081 0
339 1 0.6417910447751758 0
340 1 0.6567164179095435 0
341 1 0.6716417910439111 0
342 1 0.6865671641782789 0
343 1 0.7014925373126466 0
344 1 0.7164179104470143 0
345 1 0.731343283581382 0
346 1 0.7462686567157496 0
347 1 0.7611940298501174 0
348 1 0.7761194029844851 0
349 1 0.7910447761188528 0
350 1 0.8059701492532205 0
351 1 0.8208955223875881 0
352 1 0.8358208955219558 0
353 1 0.8507462686563236 0
354 1 0.8656716417906913 0
355 1 0.8805970149250589 0
356 1 0.8955223880594266 0
357 1 0.9104477611937943 0
358 1 0.9253731343281622 0
359 1 0.9402985074625299 0
360 1 0.9552238805968974 0
361 1 0.970149253731265 0
362 1 0.9850746268656324 0
363 0.2929102410378324 0.7070897589595652 0
364 0.4895790813968573 0.7874009844732561 0
365 0.2127291555596874 0.5143741182512899 0
366 0.1714895216567751 0.8269082734613655 0
367 0.6299270096079714 0.8481561356885838 0
368 0.1536048486214056 0.3694525458542908 0
369 0.3533667641644637 0.5678001054199509 0
370 0.3493206854778069 0.8490932099551676 0
371 0.1517889052746331 0.6508882669856335 0
372 0.4618932875224405 0.6536688109532018 0
373 0.7325395463838904 0.8892173803954342 0
374 0.1107826196040527 0.2674604536149139 0
375 0.5886326850549074 0.7435858206807548 0
376 0.2553596116663562 0.4085353023525647 0
377 0.529240659232747 0.8903068909041457 0
378 0.1102009148149797 0.4724953278648448 0
379 0.3941891775334992 0.7368509818402764 0
380 0.2559249833794095 0.6063561633125766 0
381 0.1039736905125076 0.7439395204823162 0
382 0.2532427562877532 0.8937205723829983 0
383 0.1014427856037447 0.8980549797048054 0
384 0.3324025187982337 0.4714092381502455 0
385 0.4343329274400318 0.9008320730106536 0
386 0.09916792698858479 0.5656670725573524 0
387 0.2618019635701208 0.7964119973272125 0
388 0.1982392746115624 0.7315946726477258 0
389 0.4409189764026946 0.5680369776464169 0
390 0.3641087994919928 0.6537001515595363 0
391 0.5457391292573869 0.6691511971153686 0
392 0.8077498131745311 0.92006513534882 0
393 0.07993486465081341 0.192250186824614 0
394 0.08015059204771366 0.8214044123420431 0
395 0.1782629298138859 0.9195757633260131 0
396 0.7030182916583146 0.8160345761447337 0
397 0.1839654238544381 0.2969817083403742 0
398 0.6588355360842895 0.9221417793880083 0
399 0.07785822061160258 0.3411644639142586 0
400 0.07781130050883228 0.6755275861445044 0
401 0.3283008933188401 0.9228119486544091 0
402 0.5602264961234384 0.8155352790142577 0
403 0.1852338257291412 0.4406990788263747 0
404 0.2848079920934246 0.5332627436937475 0
405 0.4184171527798662 0.8239380545213075 0
406 0.1740149898734264 0.5780570709805209 0
407 0.4001270628241818 0.5026042888038292 0
408 0.3329012983456154 0.7783192063132645 0
409 0.4928987906907599 0.7170084863957304 0
410 0.6586745271651346 0.7598461445197278 0
411 0.240520078936696 0.3408219345877725 0
412 0.5906257746248186 0.9259933741182512 0
413 0.07400662588117234 0.4093742253735449 0
414 0.5041307043370169 0.6011324535553604 0
415 0.2209068861547279 0.6651590202884944 0
416 0.3180545477375386 0.4092798118518942 0
417 0.4851474032405692 0.9365403043583126 0
418 0.0634596956416706 0.5148525967570824 0
419 0.2631154378741704 0.4746311476149117 0
420 0.4808234381084348 0.8517126369158122 0
421 0.1471116619118769 0.5179786847619277 0
422 0.3160099425869305 0.6169813583328557 0
423 0.06039069085420398 0.6155532813454152 0
424 0.3844467186531285 0.9396093091463004 0
425 0.412666208618315 0.6202920207878773 0
426 0.603064957120285 0.6874401043319243 0
427 0.05879362906541224 0.943345987981754 0
428 0.8601876837146574 0.9413252519008541 0
429 0.05867474809892485 0.1398123162847169 0
430 0.2878982939226036 0.8509550642391389 0
431 0.1584170624669529 0.7735252419749795 0
432 0.7867528730990672 0.8650538934729571 0
433 0.1349461065264305 0.2132471268999815 0
434 0.753724721427083 0.9444715882050548 0
435 0.05552841179464423 0.2462752785719231 0
436 0.2253666751157798 0.8415786253458561 0
437 0.1482324091535697 0.7063344302214138 0
438 0.4118858703789992 0.6838445946838327 0
439 0.5326705003953076 0.755013810926797 0
440 0.05299733922623424 0.7732761301830222 0
441 0.2286440800183998 0.9431615157563771 0
442 0.6817045284475711 0.8645961614214579 0
443 0.1354038385779066 0.3182954715510153 0
444 0.2507013042380958 0.7459348928177296 0
445 0.3490423324956895 0.7068592128783722 0
446 0.6141114608676383 0.793593598330238 0
447 0.2064982853562637 0.3843933264699792 0
448 0.5821597214626402 0.8742516151894978 0
449 0.1258562570029551 0.4163516682230203 0
450 0.4490705822701352 0.749565849462274 0
451 0.2088906302909287 0.7885604567020721 0
452 0.0520577738593915 0.8691948855464104 0
453 0.1298759360046613 0.9455654233931745 0
454 0.2886756217821373 0.3646651345343732 0
455 0.5391146166210159 0.9463261877899369 0
456 0.0536738122096718 0.4608853833770207 0
457 0.2241568575998439 0.5633775118471016 0
458 0.2848200213184459 0.6544999636485892 0
459 0.1264911576040025 0.8508352937083933 0
460 0.3860681486058653 0.7904996934473205 0
461 0.05126742253041425 0.718672715495917 0
462 0.2813474195436687 0.9492107174932901 0
463 0.3837173743847271 0.4550074548405081 0
464 0.3821603887448755 0.8874250461111581 0
465 0.1121076533094368 0.6179323601864768 0
466 0.7552646023300449 0.8270961262387242 0
467 0.1729038737604996 0.2447353976688714 0
468 0.7014906410633917 0.9497384940715066 0
469 0.05026150592825621 0.2985093589352784 0
470 0.2078667111977912 0.6188742222275599 0
471 0.332826318987249 0.5229957930398923 0
472 0.4471542299598285 0.5181628185015026 0
473 0.5547018068728879 0.6206060216832634 0
474 0.04922033580357203 0.5622262711262408 0
475 0.4377737288711249 0.9507796641957397 0
476 0.6445393586998447 0.7125681506979351 0
477 0.488321090071412 0.5557469329157545 0
478 0.1892403262171753 0.8731134399394774 0
479 0.3971658611069115 0.5520927703636461 0
480 0.2923157950788944 0.5775975616398791 0
481 0.1251169630910302 0.8067326811309502 0
482 0.7041894768564951 0.7693607840902201 0
483 0.2308302309391717 0.2963228432105424 0
484 0.5054729866808574 0.6437769722534984 0
485 0.5551381917310225 0.7134963512021857 0
486 0.6277426838021272 0.9539308503878159 0
487 0.04606914961187709 0.3722573161961953 0
488 0.6563688654559146 0.8092280220924458 0
489 0.1907719779066334 0.3436311345425667 0
490 0.5242382039626804 0.8440970961819746 0
491 0.1558458494136738 0.4729874544224577 0
492 0.6252095732867781 0.8922446186143912 0
493 0.1077553813850748 0.3747904267115101 0
494 0.322276598523054 0.6696964724261528 0
495 0.4594920914395758 0.6086506953509347 0
496 0.3657505974568511 0.6109501198087814 0
497 0.2510410973169964 0.6966120628456944 0
498 0.2959047199377324 0.7517071791880419 0
499 0.1458326580458089 0.8930416787380762 0
500 0.229041241557811 0.4447666244890258 0
501 0.5844573164307422 0.6462418991762778 0
502 0.4504597399265025 0.706353027271609 0
503 0.296563945679342 0.4464055004867847 0
504 0.4746728794568422 0.8933332457304138 0
505 0.1066667542693193 0.5253271205406406 0
506 0.3044078045097163 0.8089110838181169 0
507 0.3187743992078781 0.8807789778007876 0
508 0.3600045123451845 0.4198786187117837 0
509 0.8990378098602132 0.9581925841490676 0
510 0.04180741585072425 0.1009621901393408 0
511 0.4468769816965427 0.7919738554774721 0
512 0.1802598589139496 0.681679614151787 0
513 0.04233097557330189 0.6534781618565557 0
514 0.3465218381418163 0.9576690244266453 0
515 0.8447831805894894 0.9035497099073044 0
516 0.09645029009229127 0.1552168194098341 0
517 0.8220657811548516 0.9584481813329879 0
518 0.04155181866680194 0.1779342188443425 0
519 0.1170191376278349 0.676927887438131 0
520 0.04104156439607762 0.80950629260464 0
521 0.1884172292904742 0.9599503224972386 0
522 0.2977054930305842 0.4928002490708458 0
523 0.4410174052910147 0.8620322521635857 0
524 0.1391876656869791 0.5590006041177222 0
525 0.2145969048067179 0.9041515504553171 0
526 0.7736349593759965 0.9010557657807837 0
527 0.09894423421877108 0.2263650406229813 0
528 0.3907323380760118 0.8485965669310751 0
529 0.1535841446651931 0.606478117230995 0
530 0.7212461400093204 0.850457980430214 0
531 0.1495420195691056 0.2787538599894411 0
532 0.6978022576249787 0.90896963504855 0
533 0.09103036495097813 0.302197742373672 0
534 0.2514554081707568 0.5113412223551227 0
535 0.1824692695094963 0.5384445430502087 0
536 0.04115349070010789 0.905452969458634 0
537 0.09223328560481439 0.9579443755302475 0
538 0.5669929489913148 0.7768623850303924 0
539 0.5274895707678604 0.793863377118859 0
540 0.09497493851451527 0.7083586961157842 0
541 0.7344606946000907 0.790522181867457 0
542 0.2094778181316305 0.2655393053986853 0
543 0.3570759504956659 0.7464537667763846 0
544 0.6661984257993452 0.9613422369602709 0
545 0.03865776304016978 0.333801574199241 0
546 0.2913428469908821 0.9056178325668036 0
547 0.5936239794470315 0.8394161911249776 0
548 0.1644164033360994 0.4074363417778494 0
549 0.1936286534149234 0.4772916538721609 0
550 0.09285595382988412 0.7822950947960153 0
551 0.4198898897037496 0.4745124378567909 0
552 0.363912445222692 0.4957945530999123 0
553 0.3524895200799497 0.8103314018244983 0
554 0.416825982635984 0.7685942366898274 0
555 0.273780640125616 0.3315994229267111 0
556 0.513315036137142 0.683975257110629 0
557 0.5719163858778754 0.9591722147048124 0
558 0.04082778529468286 0.4280836141202313 0
559 0.8204890949191032 0.8734269531921856 0
560 0.1265730468072594 0.1795109050800978 0
561 0.7835676829958937 0.9625325608261137 0
562 0.03746743917381681 0.2164323170031559 0
563 0.3186461288287185 0.5544596250283088 0
564 0.6244143875856795 0.7433755297339771 0
565 0.4974151724576275 0.754862962418396 0
566 0.6770269309259033 0.7279568300299626 0
567 0.2444640356192168 0.3791495616988028 0
568 0.5601990399507581 0.9045924789500979 0
569 0.09540752104927103 0.4398009600473632 0
570 0.08531436462318037 0.8560667592791287 0
571 0.2453171681756067 0.6422715898364322 0
572 0.3672927308990255 0.5305943659207414 0
573 0.262684027461469 0.5551318288158463 0
574 0.5367463124557518 0.5866430424241793 0
575 0.3243797616434895 0.3780308261277097 0
576 0.03578927253652753 0.6884345651819097 0
577 0.3115380505240605 0.9642136320616956 0
578 0.5073293587892685 0.9643935075569882 0
579 0.03560649244288639 0.4926706412087575 0
580 0.3932177837303431 0.5837982699000293 0
581 0.3781256078055526 0.6889142290640485 0
582 0.4235250767026733 0.6521204687358225 0
583 0.1622848866546707 0.7370693419793373 0
584 0.1866358597134803 0.6473379618373382 0
585 0.4994128593563429 0.821456485374049 0
586 0.2139452312449739 0.7010426860863992 0
587 0.2605405686400479 0.835132000760386 0
588 0.2280162006663315 0.4799827638956178 0
589 0.4570182721525997 0.8240603271044178 0
590 0.03651968007631012 0.9635425566215334 0
591 0.4762869874680274 0.6850059059304151 0
592 0.08521431303766558 0.6394373898067243 0
593 0.3601848533597453 0.9150122804125751 0
594 0.03421066799239321 0.5932037577186822 0
595 0.406796242279617 0.9657893320076139 0
596 0.1595293395644619 0.8624874245169285 0
597 0.3243242864651028 0.7342031161459739 0
598 0.0309928984164333 0.5321475557672137 0
599 0.4678524442314502 0.9690071015839432 0
600 0.03343982184442075 0.8428104997369227 0
601 0.1574969693654054 0.9654281024833025 0
602 0.5563891319027978 0.8509949060046438 0
603 0.1504459888120316 0.4418889595243043 0
604 0.2865652039254665 0.3984166571382944 0
605 0.5158487929719782 0.9216421774133691 0
606 0.07835782258613573 0.4841512070257609 0
607 0.2219888102486706 0.7570959583912293 0
608 0.03241469716168853 0.7469716885830997 0
609 0.2531099862836816 0.967056858950167 0
610 0.7877119414941859 0.8341601355166481 0
611 0.1658398644826225 0.2122880585048605 0
612 0.2101259315353663 0.4154103151911195 0
613 0.7313172447759414 0.966855911863211 0
614 0.0331440881367755 0.2686827552229423 0
615 0.6356247997834068 0.6791546059389558 0
616 0.7534945886464288 0.8628213304559591 0
617 0.137178669543408 0.2465054113524683 0
618 0.7281559082784721 0.9219295798767406 0
619 0.07807042012286924 0.2718440917202833 0
620 0.6558519455032383 0.888277409868803 0
621 0.1117225901306209 0.3441480544952208 0
622 0.3330914366109749 0.4386205407286116 0
623 0.1876295846947826 0.7633131411925436 0
624 0.1817338001720554 0.5052524447976096 0
625 0.4198336226698925 0.7167813613055342 0
626 0.2315430656786455 0.8117296192383079 0
627 0.2839520976940135 0.623249799666451 0
628 0.1285828008253355 0.7745839087907547 0
629 0.3270766150923105 0.5837584303181518 0
630 0.4821771130848362 0.522577182107922 0
631 0.07352583692798904 0.7443381474002135 0
632 0.2578714171976936 0.9276629029924082 0
633 0.4107899375640262 0.8733120145847999 0
634 0.1266879854153358 0.5892100624328855 0
635 0.5239066456061352 0.7255776504477542 0
636 0.4553153782869185 0.9231036310347431 0
637 0.07689636896445452 0.544684621710759 0
638 0.1779806587281329 0.7969254436343521 0
639 0.2647383311012201 0.4404377451517308 0
640 0.501574967365949 0.8753105158534563 0
641 0.1248584564726563 0.4951184494183029 0
642 0.6055344641990619 0.7185770298252093 0
643 0.0712255174336368 0.5854502945354843 0
644 0.4145497054623121 0.9287744825656353 0
645 0.2029301763994283 0.8226011631141265 0
646 0.08881508274380517 0.9299293323041793 0
647 0.33592935861282 0.6455307006278761 0
648 0.6781425369736547 0.8350691124959925 0
649 0.1649308875032359 0.3218574630248894 0
650 0.2286714831111573 0.8752836582181909 0
651 0.6770487009873912 0.7855350111682597 0
652 0.2160486453872427 0.3245907578272067 0
653 0.6194159637845962 0.9228711270525465 0
654 0.07712887294702531 0.3805840362138405 0
655 0.3197902911633287 0.8364888994931428 0
656 0.2275981358472782 0.5928892252614621 0
657 0.5716196406864559 0.6883476749576576 0
658 0.3918599826001742 0.6436851536517662 0
659 0.266561394257493 0.8635345408010134 0
660 0.6135481356749544 0.6588370295156878 0
661 0.07095420272436888 0.8986899270633016 0
662 0.35191326012185 0.8792783516288423 0
663 0.4179923042371894 0.5277374432176396 0
664 0.2883457075796763 0.7842812246120217 0
665 0.5185868455869687 0.5617075517225834 0
666 0.4467965549475895 0.4872113954181667 0
667 0.03192848514773391 0.6226596179640626 0
668 0.3773403820344803 0.9680715148523455 0
669 0.3462460260368201 0.3928397441603722 0
670 0.4777631253996136 0.5838858938883124 0
671 0.2602740786100587 0.303168785163557 0
672 0.6015866721343284 0.9697671582027253 0
673 0.03023284179658332 0.3984133278638258 0
674 0.4318405296100977 0.595902329212659 0
675 0.9278360586113138 0.9699499099123035 0
676 0.03005009008758671 0.07216394138835991 0
677 0.39267789859499 0.8161324653986834 0
678 0.4865782931773084 0.6236850912159324 0
679 0.871044942253923 0.970818498673802 0
680 0.02918150132603293 0.1289550577455604 0
681 0.8882823229712676 0.9292123638436223 0
682 0.07078763615605776 0.1117176770282163 0
683 0.2486327707926491 0.7726241394519927 0
684 0.5844256397580583 0.8018937445357525 0
685 0.1475270576863145 0.9195346209363411 0
686 0.1347827341198875 0.7314113667332662 0
687 0.1221518687860705 0.6469402370444647 0
688 0.4405187061940938 0.6767471461078087 0
689 0.2301814230544594 0.5331542140600666 0
690 0.02990097016770926 0.9353057779079881 0
691 0.06516807988383459 0.9673797677797249 0
692 0.1737136015065884 0.7100722635966521 0
693 0.2262278649398183 0.7293258397339848 0
694 0.643770898649087 0.7846597403362536 0
695 0.2153402596627444 0.3562291013492814 0
696 0.5959482050979125 0.8981221857543236 0
697 0.1018778142449637 0.4040517949002888 0
698 0.1414948222156591 0.8258562782880005 0
699 0.03051551796419345 0.7844906626880798 0
700 0.2158823219746992 0.97141392654642 0
701 0.2740396092835146 0.6845246197260737 0
702 0.3079807371803369 0.6440706395219714 0
703 0.560733147625384 0.7413659741783556 0
704 0.8329249634348962 0.9306259199666846 0
705 0.06937408003303942 0.1670750365643682 0
706 0.7985492040408413 0.8909708768995507 0
707 0.1090291230999629 0.2014507959582422 0
708 0.7807883696483322 0.9366754715641628 0
709 0.06332452843571934 0.2192116303507999 0
710 0.4127604643965161 0.7991509643047842 0
711 0.594502335640304 0.7746908858932957 0
712 0.3210711372275978 0.6999043677558434 0
713 0.3883678068332401 0.4268863630865507 0
714 0.3755200003480189 0.7160206717579292 0
715 0.5223274017092994 0.622658929081583 0
716 0.6301903809771264 0.8181698674689938 0
717 0.1815425977839218 0.3703236663404174 0
718 0.6099516691965753 0.8658294866480554 0
719 0.1336212269761972 0.3911908270537714 0
720 0.3512465855438243 0.6785082737378001 0
721 0.4603741415443429 0.542058385259508 0
722 0.1799103701437688 0.6046740482930717 0
723 0.27035077692327 0.7197046267077547 0
724 0.2492259874268324 0.6687802487215662 0
725 0.5788736829872355 0.6191481167899465 0
726 0.2025022011985838 0.5795486688010114 0
727 0.7021361406385074 0.741096048418054 0
728 0.1527012390713536 0.6791640064425712 0
729 0.1076924802956488 0.8287758821866179 0
730 0.02549463036055509 0.8829799162081622 0
731 0.1192545502377136 0.9717466808340338 0
732 0.4653285769506117 0.7284788786208443 0
733 0.8106309262182232 0.8496300157344587 0
734 0.150369984264881 0.189369073780936 0
735 0.2884246277334599 0.8784362508287932 0
736 0.4730789052252751 0.7648201129214141 0
737 0.757530500862503 0.9735783524847217 0
738 0.0264216475152488 0.2424694991364356 0
739 0.5542646824493335 0.8771330038154426 0
740 0.1228669961839881 0.4457353175487768 0
741 0.438869938595292 0.6311149749796638 0
742 0.2047481022915278 0.927749890862464 0
743 0.3797697163428108 0.7619536913968659 0
744 0.06163418102824503 0.8432562885719964 0
745 0.7052965541994909 0.8827623865239156 0
746 0.1172376134755176 0.2947034457991848 0
747 0.06496419193792931 0.7947052407724163 0
748 0.3012446509092649 0.3377146347743388 0
749 0.6570335544043674 0.8603913459578448 0
750 0.139608654041463 0.3429664455941145 0
751 0.1200625895622313 0.9194245613300722 0
752 0.5482428380061599 0.9741360080677466 0
753 0.02586399193235491 0.451757161991666 0
754 0.1188139010215701 0.8796949962911252 0
755 0.2635969377960146 0.3586482597460235 0
756 0.5614185601497568 0.9293878695868243 0
757 0.07061213041260581 0.4385814398483512 0
758 0.1509846888449951 0.7991944338921947 0
759 0.3535898630431622 0.4567258553731237 0
760 0.4081868012107604 0.4456669184232716 0
761 0.4056606003591834 0.9029383226634569 0
762 0.09706167733617201 0.5943393996379709 0
763 0.7614654321944646 0.8003378967152088 0
764 0.1996621032838922 0.2385345678044434 0
765 0.6884439365737119 0.9706280873795868 0
766 0.02937191262079883 0.3115560634253386 0
767 0.1711474049791503 0.8934648843488308 0
768 0.8726401893312624 0.9083922897487131 0
769 0.09160771025087083 0.1273598106681793 0
770 0.5366644696469887 0.6966286583616478 0
771 0.8451140342174139 0.9746637457878793 0
772 0.02533625421215133 0.1548859657820231 0
773 0.4215183391612307 0.7454995458492225 0
774 0.5583716867237021 0.644870618556169 0
775 0.07207432055886732 0.6981973929384896 0
776 0.2302605110708368 0.4009996842586287 0
777 0.3578779358561192 0.7812593527241085 0
778 0.3855396758809946 0.48422752299759 0
779 0.5816936597436801 0.7118476211262184 0
780 0.3027058168159633 0.9295409948096897 0
781 0.3211535644474258 0.4942339270871957 0
782 0.2010189097994247 0.8491944229127061 0
783 0.5339328833143178 0.8196919623337569 0
784 0.3689264271181921 0.8304218511369226 0
785 0.0245380317372102 0.7109641050831572 0
786 0.2889604301376512 0.9754419981186502 0
787 0.2500520518020668 0.5819939369014852 0
788 0.2714720649994299 0.7621176947794649 0
789 0.30873924254657 0.5185390839803896 0
790 0.4155856284943791 0.5709108306576035 0
791 0.3410846028685722 0.6045576022529442 0
792 0.21940421218342 0.6400587372305373 0
793 0.7309070581856236 0.8135517216037554 0
794 0.1864482783954246 0.2690929418131756 0
795 0.6787427943484065 0.9383184285709965 0
796 0.06168157142881571 0.321257205650049 0
797 0.1216008788246608 0.7027354105320323 0
798 0.1624937313296484 0.9410819792815384 0
799 0.5332711914329964 0.6466351380306083 0
800 0.7297306587253404 0.7661232347556659 0
801 0.2330914113919917 0.269426550754532 0
802 0.4249801778844429 0.5035668491826754 0
803 0.6433249443147474 0.9742322072977484 0
804 0.02576779270218571 0.3566750556839223 0
805 0.2840038305768657 0.4239916595644302 0
806 0.1881792933031974 0.4047619726934324 0
807 0.5006284218347191 0.9007261567361875 0
808 0.09901792180423183 0.500597464448046 0
809 0.272370911929832 0.4965590859489449 0
810 0.1641044326017987 0.5563388432048979 0
811 0.6681018148912365 0.7040282715183116 0
812 0.2797104796828093 0.8158385328204962 0
813 0.561507491379324 0.597277858223068 0
814 0.267810937932172 0.3826789375269565 0
815 0.1675363514124813 0.6300435064433205 0
816 0.5384534080285506 0.9193723887886298 0
817 0.08062761121080271 0.461546591969376 0
818 0.5150504646890476 0.771758555273675 0
819 0.2104960160194304 0.544933727024891 0
820 0.2997615281198998 0.6836173230707192 0
821 0.3076193506535882 0.4703275683314644 0
822 0.4657492840801969 0.8713045842880336 0
823 0.1285498424418972 0.5341924607902384 0
824 0.6235272120809019 0.7696070629307235 0
825 0.09929443316481962 0.6606441592191707 0
826 0.3470049193683334 0.5430539276581806 0
827 0.2048138003266127 0.4546814092576418 0
828 0.4417561251541885 0.974764530029435 0
829 0.0252354699694531 0.5582438748465695 0
830 0.3762758929070402 0.5683370250859658 0
831 0.3376607581888436 0.8993618314462102 0
832 0.6523397463035334 0.8354146155638591 0
833 0.1645853844353382 0.3476602536949241 0
834 0.4788033447968914 0.8087964392287272 0
835 0.4677731287156803 0.5007505576554194 0
836 0.3979627893097609 0.7046148642214415 0
837 0.4838890278580094 0.6600448665604618 0
838 0.3287544690816842 0.8023217794060745 0
839 0.2324737329157235 0.618828740884396 0
840 0.2967400631288474 0.6022601569163781 0
841 0.393994856528322 0.6692888923132299 0
842 0.649158683443071 0.7366980575901171 0
843 0.6066159799544742 0.8151780586707358 0
844 0.7121343184483895 0.7925893137152309 0
845 0.207410686283829 0.2878656815503086 0
846 0.4197663323706444 0.850132774707792 0
847 0.1497552576855099 0.580480508092006 0
848 0.6504829124283951 0.9426483421089962 0
849 0.05735165789079866 0.3495170875701208 0
850 0.681795300271217 0.8911825763465653 0
851 0.1088174236529093 0.318204699727323 0
852 0.5034623753976826 0.538180614125947 0
853 0.09779497696898455 0.8061270094546306 0
854 0.6825018859472054 0.7565858426691492 0
855 0.2581549603493015 0.5340616284152475 0
856 0.3689996098457197 0.8620776255883781 0
857 0.2932317387804292 0.5547694662866256 0
858 0.319542593191772 0.756769467516399 0
859 0.3566087863497525 0.6324464675712081 0
860 0.8452163128183801 0.8788069450998406 0
861 0.1211930548996367 0.1547836871809384 0
862 0.3928003636858298 0.5284233194983788 0
863 0.8048532852334426 0.9762379364915973 0
864 0.02376206350830465 0.1951467147657253 0
865 0.2326409496492283 0.9204405896598084 0
866 0.6979642990992636 0.8486947155073711 0
867 0.1513052844919105 0.3020357008993903 0
868 0.7519148921245981 0.9189601768404246 0
869 0.08103982315906791 0.2480851078742187 0
870 0.1746979871502703 0.4604232334093424 0
871 0.803457684180848 0.943526614335981 0
872 0.0564733856636767 0.1965423158184473 0
873 0.8211034701626549 0.9010155200470055 0
874 0.09898447995253036 0.1788965298365517 0
875 0.08420596233256836 0.6160083596354476 0
876 0.3839916403629022 0.9157940376683112 0
877 0.06538355965783436 0.6535976546894016 0
878 0.3468258619181478 0.9347134507048285 0
879 0.241081965550181 0.317108365125366 0
880 0.499754579517601 0.5778435482264448 0
881 0.4416467085062465 0.7259782255495885 0
882 0.6052655712864816 0.9463249852557314 0
883 0.05367501474356465 0.3947344287119221 0
884 0.3880972462979136 0.6215939453438118 0
885 0.08557465535955452 0.8808301399078396 0
886 0.6345974695774224 0.8714151180200067 0
887 0.1288417783182933 0.3653681154263912 0
888 0.02327128324185864 0.6677082349180202 0
889 0.3322917650806482 0.9767287167578071 0
890 0.3016699041910503 0.7289110546417225 0
891 0.5409821458017285 0.7765294837416656 0
892 0.531855965363085 0.867010551870482 0
893 0.1328757004566938 0.4670575858027506 0
894 0.6217532532457913 0.7026153517296078 0
895 0.1571965814690845 0.4981949072635046 0
896 0.2741744628282998 0.5947374385741154 0
897 0.5866003844465533 0.6696763680554538 0
898 0.1378410118826466 0.62958285973436 0
899 0.05297759688065946 0.6740188994226491 0
900 0.3260142878867118 0.9469904364709673 0
901 0.2836280256410915 0.4680363854469117 0
902 0.1114218136057505 0.548002028179115 0
903 0.4519979718180079 0.8885781863937251 0
904 0.6817436497124749 0.8080379802632855 0
905 0.1919620197358133 0.318256350286121 0
906 0.6395781511739199 0.9092314904133216 0
907 0.09076850958621166 0.3604218488245365 0
908 0.4556515607661829 0.5868751716633898 0
909 0.5027689807350373 0.8514781006536911 0
910 0.3281425133539242 0.8581298297342959 0
911 0.1430960604442572 0.7551363781510431 0
912 0.2360999177471669 0.4233653842066721 0
913 0.1127362658799368 0.7239397706755761 0
914 0.3620748471196469 0.5876506579087147 0
915 0.09693551599154429 0.6852561025965934 0
916 0.07647947301151274 0.7208380296359338 0
917 0.7673730965299436 0.8805286473777213 0
918 0.119471352621732 0.2326269034690226 0
919 0.4892610839515111 0.9792375022808024 0
920 0.02076249771987547 0.5107389160469393 0
921 0.313692469929942 0.902621702635471 0
922 0.108688926653737 0.9416067957778715 0
923 0.4613616166841745 0.6322901328283845 0
924 0.2793536545434832 0.92522819308436 0
925 0.05953684661138039 0.9182439327409295 0
926 0.4646254748586574 0.5650621453206829 0
927 0.4337543011453266 0.5457965287758539 0
928 0.7664365000816459 0.8448420133062198 0
929 0.1551579866930822 0.2335634999173143 0
930 0.3109278061822603 0.7837475690317446 0
931 0.178196635381954 0.8503350983214805 0
932 0.7258009347098048 0.9439445758464149 0
933 0.05605542415331698 0.2741990652890186 0
934 0.4388289712326777 0.7706466605683437 0
935 0.193874474922616 0.8954515513100922 0
936 0.9480195390154035 0.9784421386625064 0
937 0.02155786133744296 0.05198046098436043 0
938 0.2307738076996314 0.6857610306710291 0
939 0.02208410734128056 0.8226860222769847 0
940 0.1772935620342403 0.9778779965828079 0
941 0.4730462303914712 0.7062363456761729 0
942 0.2438188993910121 0.4627893663934498 0
943 0.3692437132726147 0.3993498961071551 0
944 0.1893804056105653 0.5612204888624837 0
945 0.3025277407822329 0.3823308734655277 0
946 0.3123589614071003 0.4306838915658747 0
947 0.2023283216497993 0.6818368611364433 0
948 0.5069166489438597 0.9419628619937551 0
949 0.05803713800596835 0.4930833510540157 0
950 0.6020629910465561 0.6343904770764668 0
951 0.4389414850988161 0.8376062689799372 0
952 0.05573988401424138 0.5358689955642367 0
953 0.4641310044331968 0.9442601159849751 0
954 0.08857525170314531 0.760354145183155 0
955 0.2510717011765419 0.2829417919402328 0
956 0.08376996260809651 0.5247239007417156 0
957 0.4752760992559824 0.916230037391581 0
958 0.7812916438263617 0.8117739382982225 0
959 0.188226061700944 0.2187083561726415 0
960 0.6221319089253793 0.9777448421790776 0
961 0.0222551578211902 0.3778680910733729 0
962 0.4302882931127961 0.6975597270674454 0
963 0.3206626626826253 0.3517212071069353 0
964 0.2626471171230255 0.6287707132979505 0
965 0.02223102545218745 0.4741657358563385 0
966 0.5258342641415485 0.977768974547622 0
967 0.7122326425691479 0.97830984449948 0
968 0.02169015550091683 0.2877673574296353 0
969 0.5125093928447806 0.7057309396727125 0
970 0.2768310481453006 0.7408187933815231 0
971 0.5066434690134637 0.8007328710761111 0
972 0.37764955569743 0.51038202647158 0
973 0.9193259631672319 0.9506622504608084 0
974 0.04933774953896521 0.0806740368324049 0
975 0.2479081265763568 0.4894935923960094 0
976 0.9075841144019219 0.9780876567994569 0
977 0.02191234320047921 0.09241588559763925 0
978 0.1702795684067803 0.6612276921015515 0
979 0.3714018952816395 0.8065550421725909 0
980 0.4392107037678799 0.8123330502728073 0
981 0.3563449927464947 0.9783114693948314 0
982 0.02168853060531438 0.6436550072518638 0
983 0.339995608828724 0.8284809591235878 0
984 0.1669909746238256 0.3866040738644899 0
985 0.2300970453641705 0.7887025670226241 0
986 0.2433657820511523 0.8571226392165192 0
987 0.365780145368278 0.4739932640490968 0
988 0.6561213257453442 0.6861386943879079 0
989 0.3384593497466545 0.4173534926383864 0
990 0.4591577946051305 0.8494837163319693 0
991 0.1379453269699865 0.8687825311099924 0
992 0.02012188848687226 0.8599627715776716 0
993 0.1396101455808109 0.9797770896506501 0
994 0.3072450212648763 0.8623794669409902 0
995 0.5551697699881158 0.7947221248151833 0
996 0.2983010053887428 0.8298518930706766 0
997 0.05940712591759238 0.8207039089095685 0
998 0.4678061848006422 0.7895997598131352 0
999 0.3696616458260238 0.4368128233846327 0
1000 0.7425950441004927 0.843460184052085 0
1001 0.1565398159472095 0.2574049558983664 0
1002 0.7077131906253431 0.9277439695754024 0
1003 0.07225603042426915 0.2922868093733065 0
1004 0.2316384984784284 0.5035127364831203 0
1005 0.1198891682034793 0.5699972147599816 0
1006 0.4300027852372184 0.8801108317957729 0
1007 0.6078763182336746 0.7553379077518312 0
1008 0.3545496978449103 0.5144392357627401 0
1009 0.5246495746809126 0.6682757936996766 0
1010 0.02105590113195653 0.9157027984105451 0
1011 0.0840533020046996 0.9790137331029718 0
1012 0.1737831884421313 0.4843430325621985 0
1013 0.05525319572665813 0.6351782776901091 0
1014 0.3648217223084449 0.9447468042734435 0
1015 0.5716347892046457 0.8328911832444537 0
1016 0.1676513921624089 0.4284548944273118 0
1017 0.5797542521913308 0.8534549792811098 0
1018 0.1466150702578799 0.4203501525641781 0
1019 0.8806242697266682 0.9483593731045975 0
1020 0.05164062689514892 0.1193757302728116 0
1021 0.5662299461157689 0.6647307190721924 0
1022 0.2485115477944929 0.7190825251887167 0
1023 0.8532399178312414 0.9242038822818555 0
1024 0.07579611771784327 0.1467600821681151 0
1025 0.8423517805031309 0.9515940568859312 0
1026 0.04840594311392646 0.1576482194961949 0
1027 0.367501315993859 0.5497834690262006 0
1028 0.07755492576658668 0.5654784095180821 0
1029 0.4345215904796394 0.9224450742325589 0
1030 0.02098048092319264 0.8024284949510458 0
1031 0.1976926792908142 0.9785535568400887 0
1032 0.5073568635937946 0.7342557140200032 0
1033 0.01969057665418111 0.7612007018258025 0
1034 0.2387992981734813 0.9803094233460247 0
1035 0.49331580824424 0.6966505850768314 0
1036 0.2097326482847182 0.4905817441315312 0
1037 0.4388995336644405 0.4669962601678721 0
1038 0.2874504782120478 0.5109384191257884 0
1039 0.3445238217251516 0.7285174699422872 0
1040 0.1358629582034382 0.6628042782662186 0
1041 0.2085954419920375 0.8807478719366101 0
1042 0.7325716701509049 0.8691308163265214 0
1043 0.1308691836728722 0.2674283298479111 0
1044 0.7171587439921481 0.9033964712294225 0
1045 0.09660352877010042 0.282841256006595 0
1046 0.1219128955814339 0.8991031625839514 0
1047 0.2771473842112405 0.8876660238049758 0
1048 0.05291549642130313 0.7400287774906084 0
1049 0.2599712225084506 0.9470845035789891 0
1050 0.5378145544737263 0.5657814618993737 0
1051 0.5338750997127782 0.607056746906103 0
1052 0.3165355790870871 0.4496057564931033 0
1053 0.3884531656930039 0.8688632701787743 0
1054 0.1312169661703527 0.610042957097894 0
1055 0.6125217624143555 0.8363714155192812 0
1056 0.1857020866512346 0.9389512330915619 0
1057 0.2087149820028346 0.9500690534866594 0
1058 0.1937475731697146 0.5214322117348957 0
1059 0.1715321432102622 0.5268136499802454 0
1060 0.2799609455049915 0.3089887926861876 0
1061 0.4876678843562882 0.955888349982525 0
1062 0.04411165001749497 0.5123321156413765 0
1063 0.232702424144606 0.8953347101614537 0
1064 0.5835396759301384 0.9795319284783726 0
1065 0.02046807152114573 0.416460324067995 0
1066 0.5456826681051924 0.7325717971134968 0
1067 0.02009605787653252 0.980771682661352 0
1068 0.3055494438350274 0.5737659168611086 0
1069 0.3426430290919553 0.4908988410010774 0
1070 0.483975526735269 0.6042702170515175 0
1071 0.627561515681955 0.7231194391613766 0
1072 0.4804381714149241 0.7458730081770013 0
1073 0.1905663258764212 0.7022464838605988 0
1074 0.338131485451642 0.756177140943554 0
1075 0.4810477144880284 0.8303066986217864 0
1076 0.7179981203996836 0.833815231161827 0
1077 0.1661847688374304 0.2820018795990625 0
1078 0.7871692367114617 0.9150995179696906 0
1079 0.08490048203004211 0.2128307632875346 0
1080 0.6775789610739785 0.9111489586213782 0
1081 0.08885104137818967 0.3224210389246061 0
1082 0.1515578534544288 0.5392454758394805 0
1083 0.0797159050169387 0.9493361268392518 0
1084 0.4111315482253997 0.5979332423675778 0
1085 0.5746168092403968 0.7584323937451048 0
1086 0.3072720495174216 0.5342784828374644 0
1087 0.1878027987306886 0.6265376656888586 0
1088 0.8623070237487542 0.8906282077183485 0
1089 0.1093717922811587 0.1376929762506431 0
1090 0.8252679180040884 0.9802107014657795 0
1091 0.01978929853392463 0.1747320819951171 0
1092 0.3962713963049069 0.7586003876933308 0
1093 0.1635351535120974 0.6947321360954698 0
1094 0.3439906645717906 0.372638044854674 0
1095 0.1109191685853122 0.7889060638499599 0
1096 0.7499159776352279 0.8997282990033131 0
1097 0.1002717009961265 0.2500840223636781 0
1098 0.3731159837551232 0.7354693095797727 0
1099 0.241873225437676 0.5508673447541705 0
1100 0.05339737025119042 0.5931301842607144 0
1101 0.4068698157379238 0.9466026297488132 0
1102 0.6345854308742704 0.6618618431272829 0
1103 0.4047573502277627 0.8356856863626539 0
1104 0.04936869538538693 0.8911466557204104 0
1105 0.01901808611588833 0.6061155350283876 0
1106 0.3938844649706171 0.9809819138836582 0
1107 0.0475053140448024 0.7890273505699072 0
1108 0.3443124086816391 0.6608888762177059 0
1109 0.01911571328868827 0.7336630383662677 0
1110 0.2663369616330731 0.9808842867114639 0
1111 0.4207336081963073 0.9801721243991732 0
1112 0.01982787559925226 0.57926639180559 0
1113 0.1073080891640197 0.8631227870078825 0
1114 0.01857745380887524 0.3347938226242398 0
1115 0.665206177376508 0.98142254619178 0
1116 0.2967369346766072 0.6632214870035196 0
1117 0.1981652184258979 0.5990407866020989 0
1118 0.7506859770109024 0.7768910326355289 0
1119 0.2231089673634409 0.2493140229878969 0
1120 0.7220803092723405 0.749293030832642 0
1121 0.2705300397489857 0.5738673013879843 0
1122 0.1031677299224094 0.6371484459807435 0
1123 0.1827385265076916 0.7436132758749856 0
1124 0.01598890535552762 0.9549075214593362 0
1125 0.04591456429316859 0.9798009592315672 0
1126 0.5480437350344339 0.8305928444728609 0
1127 0.3614948606891945 0.8957002451297104 0
1128 0.2522263545023017 0.8151431231033528 0
1129 0.1915118922451282 0.8044590348151901 0
1130 0.2590866546098445 0.3292790565711554 0
1131 0.4168737404049077 0.551564292532171 0
1132 0.8866680825999276 0.9802737940170725 0
1133 0.01972620598277109 0.1133319173996305 0
1134 0.5049700152924518 0.6655935895136734 0
1135 0.583938460971015 0.9504388000849062 0
1136 0.04956119991448933 0.4160615390271876 0
1137 0.9059263879675986 0.9338426018522531 0
1138 0.06615739814744449 0.09407361203196599 0
1139 0.1959964519815181 0.6608396490645677 0
1140 0.3338874031401954 0.5681638176482816 0
1141 0.2962422406979629 0.3246001756320755 0
1142 0.6965367628027341 0.7224594218578905 0
1143 0.1629955712403588 0.5949938827352567 0
1144 0.5759930001051243 0.7316321103098211 0
1145 0.1357832139450568 0.486527576108096 0
1146 0.3955530578924336 0.4653488067198303 0
1147 0.4047914345423625 0.4864455238247111 0
1148 0.6388448723311817 0.7584496414795872 0
1149 0.5618655027519239 0.9801121555899335 0
1150 0.0198878444102809 0.438134497246023 0
1151 0.8269520563851663 0.8586646444604124 0
1152 0.1413353555389692 0.1730479436140712 0
1153 0.7774801480039915 0.9777090061642992 0
1154 0.02229099383551914 0.2225198519950117 0
1155 0.4961117252614659 0.918361316767627 0
1156 0.08232070122926223 0.503966537632618 0
1157 0.300011844447202 0.4128889668716627 0
1158 0.04870684063028944 0.7011552496975807 0
1159 0.3484936926091139 0.5903052703951035 0
1160 0.07178700384753156 0.7819600935478889 0
1161 0.4605079912128194 0.6733333431688195 0
1162 0.3760672281401551 0.6368462575574797 0
1163 0.32965619946307 0.3907878201900212 0
1164 0.08214309751318291 0.909031321671866 0
1165 0.4019300321261662 0.7827612912279921 0
1166 0.5541790240028205 0.7602034517985272 0
1167 0.1346776661250242 0.6871932239903096 0
1168 0.2293863565801801 0.7066137435720066 0
1169 0.1908408660937176 0.7825131388909843 0
1170 0.2363821406044216 0.3600204355661192 0
1171 0.5756612005020137 0.8915416578801957 0
1172 0.10845834211909 0.4243387994961554 0
1173 0.09300995116743113 0.8407601354640546 0
1174 0.2768433197314079 0.3468169009184685 0
1175 0.3478139946347046 0.7910450853634544 0
1176 0.2659987460969703 0.9103527612662293 0
1177 0.1400080666941265 0.7860809206220198 0
1178 0.5564073840542403 0.9522488543493287 0
1179 0.04775114565034748 0.4435926159438173 0
1180 0.2169966809669083 0.8599586332445781 0
1181 0.09505035410490831 0.7324789745976297 0
1182 0.5206636585235449 0.5863085752325807 0
1183 0.2984770697626016 0.9525249342106542 0
1184 0.1706272054731585 0.8760742978326269 0
1185 0.2600757249030894 0.6555335761440818 0
1186 0.2208357478171118 0.3761760377154873 0
1187 0.5804998891721318 0.9136455170244241 0
1188 0.08635448297491741 0.4195001108261064 0
1189 0.1656658167304116 0.7553514662128423 0
1190 0.1903403477155811 0.4205994848431211 0
1191 0.2022681385702501 0.7499135559872303 0
1192 0.2063192883201562 0.7695628641383203 0
1193 0.1576560962097613 0.8402274844377301 0
1194 0.5853242227879494 0.8192336389144512 0
1195 0.2093874084817634 0.4372428793566366 0
1196 0.4320709495035516 0.7855840588102929 0
1197 0.2413217294949367 0.8308216580048489 0
1198 0.02079834711555045 0.6949679283153348 0
1199 0.3050103344084084 0.9791693585276549 0
1200 0.262855061690531 0.781427017784327 0
1201 0.4407629928160477 0.646868527337531 0
1202 0.4219965171696408 0.4502007412355603 0
1203 0.4118890691586037 0.6656923152939294 0
1204 0.4128130796084814 0.6376422948980927 0
1205 0.8031844300365638 0.8739215050887118 0
1206 0.1260784949107246 0.1968155699625558 0
1207 0.7717215980053704 0.9499965775442987 0
1208 0.05000342245559629 0.2282784019936646 0
1209 0.1066951340021517 0.7675254119477063 0
1210 0.2214716727768297 0.4647555419512965 0
1211 0.8038562560939322 0.8303765783251578 0
1212 0.1696234216741041 0.1961437439051829 0
1213 0.01879075941947834 0.8966172511626413 0
1214 0.1028786215730553 0.9811727551888917 0
1215 0.5148081195604534 0.748033985634995 0
1216 0.2466836854389277 0.4388348804798242 0
1217 0.2722823716942704 0.8461277903889504 0
1218 0.5043063528741383 0.6190426132677813 0
1219 0.5180138215264968 0.8279218106264647 0
1220 0.7420631420163815 0.9809285243645338 0
1221 0.01907147563580674 0.2579368579824851 0
1222 0.2675046789064472 0.5155111392741302 0
1223 0.3050177568779669 0.7678473545289977 0
1224 0.2489390102615226 0.8787469646325727 0
1225 0.6921288851093853 0.7950592947173254 0
1226 0.2038611790418228 0.3064345894173467 0
1227 0.3280737850840261 0.7139790283220164 0
1228 0.4784418351457069 0.6419201276298594 0
1229 0.273596312563927 0.7024063578172579 0
1230 0.4587759763190831 0.8104468009685912 0
1231 0.638484947885832 0.9292212149061622 0
1232 0.070778785093501 0.3615150521127568 0
1233 0.1639482825269279 0.8112425129096914 0
1234 0.01809978109386889 0.5419975383070741 0
1235 0.4580024616948147 0.9819002189075139 0
1236 0.3866524636181315 0.6047161414327571 0
1237 0.1822951785127006 0.8359461992299192 0
1238 0.2353053828986857 0.6591013624780322 0
1239 0.4787212645670794 0.8660943114467546 0
1240 0.1334825539805735 0.5199605904852054 0
1241 0.6090570099887649 0.7367965406925158 0
1242 0.2219474809053753 0.8262552793525306 0
1243 0.2168679818047082 0.8055640126788171 0
1244 0.6408988010385804 0.8030027017208961 0
1245 0.1969972982781796 0.3591011989598237 0
1246 0.5992341669756904 0.8832986395113456 0
1247 0.1170955442291001 0.4019931042917418 0
1248 0.07044017181601073 0.8563737600314505 0
1249 0.2778649249906697 0.5480869601378547 0
1250 0.3289108810721911 0.539023523038458 0
1251 0.7087780704791178 0.8637422344751826 0
1252 0.1362577655241612 0.2912219295195755 0
1253 0.155813084242346 0.9043932562073298 0
1254 0.2881968542295803 0.8015607918725149 0
1255 0.147339715329931 0.9514699763145269 0
1256 0.1522140336801459 0.7280031228481164 0
1257 0.3041305342214387 0.3632472085007687 0
1258 0.04157209140125868 0.9496296054488036 0
1259 0.4979517365962941 0.770770882698555 0
1260 0.5496362787050643 0.6836475768391258 0
1261 0.1220412281930461 0.7544170905527596 0
1262 0.5254061567309155 0.9605310932508317 0
1263 0.03946890674888616 0.4745938432670522 0
1264 0.6149976218538051 0.6759654550369716 0
1265 0.5535748042898144 0.5792548848334498 0
1266 0.546979133528318 0.8938026127772893 0
1267 0.1061042215664439 0.4530436890068606 0
1268 0.1938838923907557 0.9128475613400293 0
1269 0.3203197308467913 0.8181146195515011 0
1270 0.3844105318001447 0.4096726842909559 0
1271 0.0916958237602591 0.5422573878326766 0
1272 0.4577426121648855 0.9083041762391091 0
1273 0.2109210925182296 0.7191405218595437 0
1274 0.1478051569880126 0.3935343916654301 0
1275 0.6866530432493332 0.9527159076395421 0
1276 0.04728409236048844 0.313346956749313 0
1277 0.366486462414726 0.6733287698727938 0
1278 0.3589578838537901 0.6947217710634335 0
1279 0.7470877781080489 0.8068100861737733 0
1280 0.1931899138253739 0.2529122218908127 0
1281 0.04239121879593136 0.7647331757433045 0
1282 0.2357847555639189 0.9609293261638316 0
1283 0.2509667301864257 0.3927032246054719 0
1284 0.6590412285023981 0.7797648385858288 0
1285 0.2218194209776546 0.3396414511879505 0
1286 0.6711698893904334 0.8519159283030481 0
1287 0.1480840716962637 0.3288301106081378 0
1288 0.672004224889399 0.7438586615567317 0
1289 0.6140164947753293 0.9067852250746027 0
1290 0.09321477492489227 0.3859835052229477 0
1291 0.2380877042680724 0.7566265400201858 0
1292 0.6592624021197642 0.7210085900520129 0
1293 0.3298729852534798 0.6289348924720595 0
1294 0.75188512024814 0.8810446046447097 0
1295 0.1189553953547272 0.2481148797507648 0
1296 0.347809882315282 0.4356596936172553 0
1297 0.04153289767791153 0.8625123237911391 0
1298 0.3039181156580499 0.8869884021610434 0
1299 0.332351697482572 0.6859442222383985 0
1300 0.04429253312480788 0.6124540779279328 0
1301 0.3875459220708311 0.9557074668751941 0
1302 0.4968691449874199 0.5212203146456827 0
1303 0.4772792132859702 0.5448915098493006 0
1304 0.5940913373183327 0.6217228732275049 0
1305 0.4607868675352917 0.6897306066445629 0
1306 0.1043275754303425 0.9182473622856488 0
1307 0.04561552085345946 0.5823565810515722 0
1308 0.4176434189477435 0.9543844791456539 0
1309 0.1389459702781382 0.8496618307202695 0
1310 0.2077948477181938 0.5623879815763494 0
1311 0.1244974643513355 0.8233667744728425 0
1312 0.595345099027507 0.8532546413611064 0
1313 0.4016463137841068 0.7218637479559586 0
1314 0.1753558808848996 0.7745826617522723 0
1315 0.1723123177462261 0.9576103490090027 0
1316 0.2738035195662804 0.4085384811243744 0
1317 0.3013770211437536 0.6272549588314004 0
1318 0.2886941578719662 0.6385926321516945 0
1319 0.5056051459004136 0.982203459679824 0
1320 0.01779654032042959 0.4943948540973916 0
1321 0.2041210740877109 0.6393394237566247 0
1322 0.3826084263198999 0.5437451896070947 0
1323 0.3140759465993602 0.5992314736294829 0
1324 0.3990660684543716 0.5690019853210707 0
1325 0.5173275977124203 0.9020164424367516 0
1326 0.09762549759404587 0.4833683760490591 0
1327 0.8888594645005115 0.9118354471109192 0
1328 0.08816455288868323 0.1111405354989905 0
1329 0.07134063208007357 0.7607532745624936 0
1330 0.6914271776861787 0.9277506947774805 0
1331 0.07224930522221251 0.3085728223123591 0
1332 0.1666949496473433 0.4455515580436281 0
1333 0.4243657943213625 0.4883853024768996 0
1334 0.7661881888939837 0.9214489242891499 0
1335 0.07855107571052915 0.2338118111050219 0
1336 0.5958997963782151 0.7039678705160495 0
1337 0.2480507897528721 0.9103625121160248 0
1338 0.04042103492980955 0.8319182939038788 0
1339 0.04004912067684509 0.7265474682382382 0
1340 0.2733685996157686 0.9600525143166942 0
1341 0.5411497870365647 0.7109866179526861 0
1342 0.8593220716993435 0.9834013420849171 0
1343 0.01659865791513081 0.1406779283001421 0
1344 0.3215316041239445 0.653410852671712 0
1345 0.1941129082430836 0.5014406410159978 0
1346 0.7932241066438811 0.8501604870519995 0
1347 0.1498395129473307 0.2067758933551977 0
1348 0.5169183496908011 0.8654674385374685 0
1349 0.1311158583208933 0.7162531556488256 0
1350 0.3949562453788189 0.6871718897259168 0
1351 0.7463746493748806 0.958904684082413 0
1352 0.04109531591738047 0.2536253506241952 0
1353 0.6952188261789922 0.8320301648009956 0
1354 0.1679698351982206 0.3047811738196308 0
1355 0.5195228902046847 0.5425013519895194 0
1356 0.1898943027503925 0.8204994929746249 0
1357 0.4558145527156874 0.7718751662196622 0
1358 0.5406040840960531 0.8527509787482581 0
1359 0.1466606796553684 0.4589846632381006 0
1360 0.1110535108445363 0.5863915576843013 0
1361 0.413608442312943 0.8889464891553246 0
1362 0.3153797425220291 0.7130932080707693 0
1363 0.4051184346667214 0.4283934771856058 0
1364 0.07059931735360928 0.6303888205126073 0
1365 0.3692077680337438 0.9292432599824222 0
1366 0.4600494274546801 0.4867952768576815 0
1367 0.03828207200071406 0.5495620696893517 0
1368 0.4504379303091807 0.9617179279963267 0
1369 0.07237344218416755 0.6072182153334732 0
1370 0.3927817846647345 0.9276265578159877 0
1371 0.016161085398967 0.8459146083900885 0
1372 0.1539039817120094 0.9834534411059754 0
1373 0.3430401037494706 0.9147108148286579 0
1374 0.2862110182279926 0.7223951700559601 0
1375 0.4429457174354654 0.6084740925319252 0
1376 0.0848090075411438 0.7977794982895309 0
1377 0.6839175960509819 0.7080445279766596 0
1378 0.5357727668172731 0.6323113232161957 0
1379 0.1313937506978266 0.9609111815565998 0
1380 0.7800520486742032 0.8889251405322889 0
1381 0.111074859467216 0.2199479513248156 0
1382 0.5686074309354414 0.8630113434470833 0
1383 0.138683702519437 0.4341497074099488 0
1384 0.5187801285455197 0.9361586463713927 0
1385 0.06384135362820344 0.4812198714523489 0
1386 0.2444110024055882 0.7998452587784454 0
1387 0.5720780327924062 0.6348267033217675 0
1388 0.2862386277061155 0.3815971017410405 0
1389 0.213002889806831 0.4016800698459593 0
1390 0.2297587464457985 0.7721626561425381 0
1391 0.07024705178135611 0.8797503890867917 0
1392 0.576615726776923 0.6024054756547133 0
1393 0.04333201276604542 0.9284828915733048 0
1394 0.4599618869403527 0.5259686610119214 0
1395 0.2151733054893618 0.5283786551547349 0
1396 0.5939220672999647 0.7306044678557738 0
1397 0.3963969096584123 0.8016954380820169 0
1398 0.08172074458075841 0.6572654192796723 0
1399 0.6633136443510195 0.8762858887062445 0
1400 0.1237141112931311 0.3366863556474605 0
1401 0.1501709510862422 0.8761749095016398 0
1402 0.1891952539785174 0.3864946191795016 0
1403 0.771619779662023 0.8242464376400914 0
1404 0.1757535623591298 0.2283802203369567 0
1405 0.4834514558174834 0.5087227489281497 0
1406 0.2833009549908447 0.484839703938608 0
1407 0.3831969256971186 0.6579446000827907 0
1408 0.1060841605258677 0.8450029044678149 0
1409 0.3987288033675709 0.8866512413788099 0
1410 0.1136700961386955 0.6021035535838889 0
1411 0.2343157142632024 0.57549469769308 0
1412 0.7134113506012303 0.9630348349464064 0
1413 0.03696516505353069 0.2865886493975814 0
1414 0.3625806902062717 0.7629479722904373 0
1415 0.8711639984383757 0.9298336245645793 0
1416 0.07016637543515626 0.1288360015610471 0
1417 0.3607326482881015 0.7967578625464362 0
1418 0.8598151809637169 0.9595772337167022 0
1419 0.04042276628313643 0.1401848190356981 0
1420 0.2859829833965289 0.8326096935643678 0
1421 0.8198195876167496 0.9412801783385077 0
1422 0.05871982166125528 0.1801804123825285 0
1423 0.3375868649657645 0.4563911534862919 0
1424 0.7378836241617663 0.9023047987181279 0
1425 0.09769520128137968 0.2621163758370434 0
1426 0.2815237145775206 0.4507071778015627 0
1427 0.1413486367510312 0.5030662980139031 0
1428 0.1395046538939571 0.5966144487998866 0
1429 0.4039564752368915 0.8572969860894293 0
1430 0.2568633027891197 0.45658164016135 0
1431 0.1224519794309795 0.4821879574503104 0
1432 0.5410221393682734 0.8042054641559908 0
1433 0.2711476854078337 0.6122442548838363 0
1434 0.1770403137537311 0.7282273462698348 0
1435 0.4078261622767825 0.8124371628682185 0
1436 0.1643013822282728 0.7880122899050835 0
1437 0.6615118348685051 0.9018276480988172 0
1438 0.09817235190065897 0.3384881651299927 0
1439 0.215489859548165 0.7420682231006083 0
1440 0.3439311344963129 0.8652563699983753 0
1441 0.2807349252819868 0.8631636695612963 0
1442 0.6399443650630581 0.8859209610620636 0
1443 0.1140790389374039 0.3600556349353039 0
1444 0.2441139161123514 0.9405991444906086 0
1445 0.6626797262968818 0.7944269016167965 0
1446 0.2055730983822434 0.3373202737016514 0
1447 0.5976082023605872 0.7892347718753783 0
1448 0.5824664847205514 0.7836593420949275 0
1449 0.6036518468534564 0.91978928516934 0
1450 0.0802107148302621 0.3963481531449736 0
1451 0.0695122657930277 0.9261311579662277 0
1452 0.3405039323420983 0.5067211132708631 0
1453 0.1390155446864915 0.8116148187837463 0
1454 0.1027113592034057 0.882842720589467 0
1455 0.642548429277482 0.6960669307662489 0
1456 0.7684653208780445 0.8627021600005238 0
1457 0.1372978399988544 0.2315346791209211 0
1458 0.08639979219822642 0.5828850943932942 0
1459 0.4171149056040308 0.9136002078010705 0
1460 0.3491981282970464 0.4713217741584463 0
1461 0.7391045073539554 0.9322806284926396 0
1462 0.067719371506997 0.2608954926449259 0
1463 0.2659676160291548 0.425427477131967 0
1464 0.5123333471788019 0.8872764639966972 0
1465 0.3631298303749432 0.7237969987189936 0
1466 0.1379111417784074 0.4064680500139409 0
1467 0.4301484829319306 0.5792543047360266 0
1468 0.6882185121671113 0.7725209826689828 0
1469 0.6479639118106438 0.6676111544880883 0
1470 0.5187364100798153 0.8102526380062849 0
1471 0.3159233968016079 0.6320143238408358 0
1472 0.8311854800244236 0.9138394572678514 0
1473 0.08616054273177859 0.1688145199748168 0
1474 0.4351418007844456 0.6625555583603905 0
1475 0.5967721336656723 0.6569850154642315 0
1476 0.9629912549219624 0.984668874157193 0
1477 0.01533112584276156 0.03700874507791893 0
1478 0.2579733465828069 0.6834182397893841 0
1479 0.3627803544452898 0.3843001716192576 0
1480 0.8311210150268982 0.8865786449419057 0
1481 0.113421355057597 0.168878984972351 0
1482 0.1333582537246871 0.9293457437174881 0
1483 0.3107883664781954 0.7425058414602768 0
1484 0.1391787214565915 0.9073258101301835 0
1485 0.4129770318920163 0.7013139750490125 0
1486 0.3204415178107328 0.4790582863152819 0
1487 0.8003723798502965 0.9607731933219129 0
1488 0.0392268066779392 0.1996276201488754 0
1489 0.9417321347720695 0.9634036537326809 0
1490 0.03659634626716932 0.05826786522766267 0
1491 0.9329380478846401 0.9844697749056819 0
1492 0.01553022509430036 0.06706195211515661 0
1493 0.2636953949266199 0.8809291757974593 0
1494 0.5668744851721085 0.7035350752591195 0
1495 0.4958142710306114 0.8367467091604609 0
1496 0.2433425866938239 0.5968155275627132 0
1497 0.434678991781872 0.5286529715298132 0
1498 0.2824960238234332 0.6702449198034375 0
1499 0.3681246517143912 0.8803285829728974 0
1500 0.2083327040179428 0.4750147894827458 0
1501 0.2561089345194911 0.7591810163174291 0
1502 0.5679509936159598 0.802969776686447 0
1503 0.4878400253793153 0.8908527515079812 0
1504 0.1096992845938575 0.5125388201921256 0
1505 0.4440250568767853 0.9341463578208378 0
1506 0.06585364217795441 0.5559749431207337 0
1507 0.2555735572817219 0.8494186966736383 0
1508 0.191518548563432 0.7191295812160585 0
1509 0.4885880294451618 0.7321977172217179 0
1510 0.05178148142431047 0.9633892956694092 0
1511 0.1222227039571608 0.6293026883277321 0
1512 0.4911197665748988 0.683061364919935 0
1513 0.1168477155825312 0.9555251544727911 0
1514 0.01821791829691667 0.7474294089529102 0
1515 0.2525778834452914 0.9817348992132791 0
1516 0.307196315609405 0.8469712514091939 0
1517 0.425022072272047 0.6756795823127011 0
1518 0.3069078245195681 0.3980741082845771 0
1519 0.2195293807118248 0.6084599454514478 0
1520 0.4505872104511436 0.5012518279719532 0
1521 0.2887524376517852 0.7677080813907727 0
1522 0.3742208746323386 0.8465622170645108 0
1523 0.2694615454769848 0.2895071988952753 0
1524 0.6143734348619702 0.8506878819700616 0
1525 0.2446507447026811 0.5251478409101916 0
1526 0.6652264384702777 0.8251352218077974 0
1527 0.1748647781913429 0.3347735615282385 0
1528 0.3860009341627837 0.8322633375883545 0
1529 0.2266685687876711 0.311404074085914 0
1530 0.619926256791311 0.9402909810355934 0
1531 0.05970901896403866 0.3800737432071262 0
1532 0.5040289665617965 0.5521612044893339 0
1533 0.58704886609802 0.691204985805003 0
1534 0.7238042693508988 0.7811006806035108 0
1535 0.21879825237213 0.2760767423605475 0
1536 0.1845686106398414 0.5899366276260974 0
1537 0.06230875537739768 0.5718619224096876 0
1538 0.4281380775880705 0.9376912446217488 0
1539 0.4258946810333946 0.6109975482885711 0
1540 0.2651251817434357 0.6709599027167714 0
1541 0.6428806835010064 0.9579945958066941 0
1542 0.04200540419346268 0.3571193164975308 0
1543 0.5304230889406392 0.738808293548032 0
1544 0.3940866219350532 0.4414384383551543 0
1545 0.01413925243876052 0.3212578763843907 0
1546 0.6787421236160328 0.9858607475616464 0
1547 0.4363908199023143 0.7551623231402866 0
1548 0.4125358351154174 0.5131588745317605 0
1549 0.2466136729907327 0.6266730716872922 0
1550 0.62633669335286 0.648250403268859 0
1551 0.6042660780942422 0.9858227987565831 0
1552 0.01417720124260447 0.3957339219079318 0
1553 0.7321245074901425 0.8313449581775612 0
1554 0.1686550418216945 0.2678754925086596 0
1555 0.08964147621473467 0.5547935439888875 0
1556 0.4452064560086256 0.9103585237841562 0
1557 0.1469651772992158 0.7410719962182852 0
1558 0.2360371636519897 0.7410799772081247 0
1559 0.8412435504119752 0.8639562006413067 0
1560 0.136043799358103 0.1587564495873263 0
1561 0.3115402456455351 0.918300937781051 0
1562 0.4258755215030998 0.8664603274542177 0
1563 0.1336571363837176 0.5745977147863655 0
1564 0.0161486759707254 0.5254791273563029 0
1565 0.4745208726443875 0.9838513240298858 0
1566 0.5055936082945603 0.7847214334310837 0
1567 0.791555886538144 0.9839462723819128 0
1568 0.01605372761796199 0.2084441134609238 0
1569 0.7635724838705651 0.7830767301901146 0
1570 0.2169232698088734 0.2364275161283072 0
1571 0.2457143112171119 0.5693291176058141 0
1572 0.3347488497976035 0.3575865954818799 0
1573 0.3364222066266805 0.883442635637505 0
1574 0.5653262514287463 0.6118104419848357 0
1575 0.4067727666341243 0.5380863773729483 0
1576 0.4339615141067794 0.7130960119997435 0
1577 0.2168994519663421 0.9193557571562817 0
1578 0.6862031052224852 0.7409826620310206 0
1579 0.3018032572583649 0.5880640973707491 0
1580 0.1156086814043636 0.6625550149311138 0
1581 0.7960483388086862 0.8171302557108184 0
1582 0.1828697442884025 0.2039516611903766 0
1583 0.2713393085193588 0.6442522071025653 0
1584 0.1630225558223461 0.9253920488528977 0
1585 0.03831844507011584 0.6669836391566665 0
1586 0.3330170079157601 0.9616548862508788 0
1587 0.2828227430334122 0.5667910448369438 0
1588 0.7264979096806043 0.9848411030328729 0
1589 0.01515889696796549 0.2735020903181133 0
1590 0.05609936527499532 0.7566696213934296 0
1591 0.350821862803046 0.4095883505208465 0
1592 0.08590523036361483 0.6957621775546445 0
1593 0.1719509739984036 0.6464011887048314 0
1594 0.2734987210163718 0.3692819552124685 0
1595 0.3712457130753193 0.9819490083171551 0
1596 0.01805099168309097 0.6287542869237104 0
1597 0.3340882387307427 0.8428698599762157 0
1598 0.06598161198214975 0.6843411124091558 0
1599 0.5457329186734483 0.9325000585366361 0
1600 0.06749994146282819 0.4542670813245742 0
1601 0.5181508430352916 0.6083725753359183 0
1602 0.6106528265729581 0.7797729086217832 0
1603 0.4002137367426825 0.6091353032428749 0
1604 0.6457409857159104 0.8207191299924794 0
1605 0.1792808700066411 0.3542590142825247 0
1606 0.3148108456293595 0.6847800478020575 0
1607 0.4650720472403487 0.7436310163934972 0
1608 0.1609443263969193 0.7143984881697004 0
1609 0.1669253505001087 0.6148738911524578 0
1610 0.0672241167019404 0.9892811539438827 0
1611 0.01213849772216749 0.9316906537440592 0
1612 0.07690993381383648 0.8450589214563015 0
1613 0.4921386508113236 0.8042982618081804 0
1614 0.2268891258423129 0.5479222841686149 0
1615 0.2275767914380553 0.5182321263695846 0
1616 0.4866836558252141 0.5713378792340705 0
1617 0.3773001035810329 0.7769106580633439 0
1618 0.7212892918959429 0.8778088977986158 0
1619 0.1221911022008136 0.2787107081028217 0
1620 0.3412369794165366 0.741196824692835 0
1621 0.1883562729637363 0.4556985667831429 0
1622 0.3046183805814719 0.6996481456197723 0
1623 0.08886905268853929 0.7460595402890965 0
1624 0.03829129580324764 0.6396293157345978 0
1625 0.3603706842639037 0.9617087041967508 0
1626 0.01279717509908966 0.680311140571215 0
1627 0.3196857541040178 0.9871982114209916 0
1628 0.6727002818862982 0.7684600731999645 0
1629 0.6259922345088379 0.7832465281530571 0
1630 0.4518043040836061 0.4737724944552223 0
1631 0.2879429305330615 0.6957892087696824 0
1632 0.2178476941595243 0.5769118929112903 0
1633 0.2471226328063277 0.2968957447942595 0
1634 0.5206668324073885 0.6384790869801849 0
1635 0.174813144382512 0.4152578564624274 0
1636 0.1552968438933904 0.8259897738675949 0
1637 0.8137844651500864 0.8876929422776608 0
1638 0.1123070577218396 0.1862155348490653 0
1639 0.491379863337534 0.591624494624033 0
1640 0.2106458346765468 0.8352024829391015 0
1641 0.2755715523517485 0.7900581079138604 0
1642 0.3174205065947909 0.9347174875680018 0
1643 0.6153457421182184 0.9649665964432647 0
1644 0.03503340355613967 0.3846542578801326 0
1645 0.7893104305454246 0.9473361002054765 0
1646 0.05266389979434338 0.210689569453715 0
1647 0.4242604348344514 0.8092963556841158 0
1648 0.2026541346361449 0.8681948240790304 0
1649 0.7251612357971261 0.8004662875281954 0
1650 0.1995293277083555 0.2748336019303763 0
1651 0.3534798381151076 0.6171321756081565 0
1652 0.6634998561612289 0.9344103291743173 0
1653 0.06558967082545443 0.3365001438372528 0
1654 0.467894331360821 0.8359759516797449 0
1655 0.2640778041166709 0.3428203669725699 0
1656 0.2687495677087015 0.3157584190664111 0
1657 0.3837036905949599 0.7018868792354425 0
1658 0.5867061264538267 0.9668548637214032 0
1659 0.03314513627791057 0.413293873544194 0
1660 0.4504888778763425 0.8759071836906156 0
1661 0.1242331585677266 0.5496011300377427 0
1662 0.3097379158471861 0.5024523111967479 0
1663 0.06400926896227649 0.7304265418423104 0
1664 0.4671537314520873 0.5950250681805214 0
1665 0.5689958651329583 0.9421112867150766 0
1666 0.05788871328437827 0.431004134865178 0
1667 0.5453257857588288 0.6537560351488612 0
1668 0.1816009658210207 0.9034102932114765 0
1669 0.165444678930961 0.5419407789198711 0
1670 0.3565288294802004 0.6014088849057369 0
1671 0.6380335590062827 0.8345425492934867 0
1672 0.1658679489224615 0.3619405205820677 0
1673 0.01371013679221519 0.8718578499271123 0
1674 0.126507065240595 0.9860070643648444 0
1675 0.1599397897981396 0.5704067998039923 0
1676 0.06523356314049691 0.9540787429894924 0
1677 0.4972853304718389 0.6340431890557736 0
1678 0.4280189316569656 0.9666200004475934 0
1679 0.03337999955058495 0.5719810683463192 0
1680 0.3785453146433811 0.5832357410246509 0
1681 0.1120762919391893 0.6901173775439655 0
1682 0.3239890284620979 0.5097095300422327 0
1683 0.07008355818288471 0.5300797954318519 0
1684 0.4699202045657239 0.9299164418165859 0
1685 0.1849284629192821 0.6672442451100821 0
1686 0.1237083816767847 0.7905736587114921 0
1687 0.1322362958643996 0.8379447244478904 0
1688 0.3920192706921223 0.7711120716106158 0
1689 0.0146019025308415 0.783461012322714 0
1690 0.2165922712007601 0.985673732399494 0
1691 0.4539947789566519 0.7212216332532063 0
1692 0.886072589699034 0.9663002402332233 0
1693 0.03369975976654469 0.113927410300471 0
1694 0.8925593166586094 0.9445176087909009 0
1695 0.05548239120883065 0.1074406833409154 0
1696 0.5272914741621864 0.575017619474522 0
1697 0.2098317335517417 0.5930144269763723 0
1698 0.1371099811945839 0.6507949644688864 0
1699 0.3874913476332165 0.9010978732607878 0
1700 0.09891951360563708 0.6126602793429048 0
1701 0.386086321478992 0.4975822943739499 0
1702 0.4712603324862385 0.6183339802927272 0
1703 0.4096593378047496 0.7352661058315932 0
1704 0.5345733180457944 0.6794959795563612 0
1705 0.1184387298436267 0.7394260465002365 0
1706 0.3522753920083234 0.6474491248983484 0
1707 0.210176093811005 0.654035814212711 0
1708 0.649784907670841 0.8743274300210406 0
1709 0.1256725699783066 0.350215092327521 0
1710 0.6012192227351159 0.6715383196979913 0
1711 0.6904884871836969 0.8791956173274957 0
1712 0.1208043826719624 0.3095115128149162 0
1713 0.6947283709833838 0.8941344053123221 0
1714 0.1058655946871562 0.3052716290152431 0
1715 0.1086243398538691 0.4366476092353357 0
1716 0.5633561945189832 0.8913601325361966 0
1717 0.0791369271616542 0.9653978104487201 0
1718 0.2329430815567619 0.6333524318642985 0
1719 0.354759900228546 0.8249962844164519 0
1720 0.5298013808754591 0.7689739608691037 0
1721 0.9129397642467307 0.963656320783191 0
1722 0.03634367921664861 0.08706023575287808 0
1723 0.2573733580753093 0.3725849791527936 0
1724 0.6333982101317693 0.9853815088040127 0
1725 0.01461849119599801 0.3666017898690717 0
1726 0.2205937059274608 0.6254120644659162 0
1727 0.33535543101935 0.5527222117048527 0
1728 0.6180294466055416 0.8083453873027285 0
1729 0.554942511135086 0.9180886717533701 0
1730 0.0819113282460289 0.4450574888629651 0
1731 0.24815743498783 0.2689956610509086 0
1732 0.4883061214565073 0.5345674544823457 0
1733 0.3000946091180345 0.4303842396985059 0
1734 0.6451615197370123 0.849896310939743 0
1735 0.150413900849159 0.3547461424119723 0
1736 0.425871496527359 0.6261310807233295 0
1737 0.2097788039881539 0.368712423657253 0
1738 0.3199485398178747 0.5275694454599372 0
1739 0.1114360674202794 0.8141630964520529 0
1740 0.444482072534243 0.6925326760013513 0
1741 0.534058405162809 0.9043417198873167 0
1742 0.09566771012799966 0.4663507254018398 0
1743 0.3375724521171344 0.8151126528161116 0
1744 0.7943838194067211 0.9288349783018276 0
1745 0.07116502169789786 0.2056161805923962 0
1746 0.8066994235924496 0.9039041168393451 0
1747 0.09609588316023047 0.1933005764066764 0
1748 0.4274326866263382 0.5622036019883413 0
1749 0.6983602188594298 0.7561539824174547 0
1750 0.09382030109832011 0.8220994559116001 0
1751 0.345830323247017 0.7700142294597752 0
1752 0.2242265617184813 0.4156559221280175 0
1753 0.2317248311765418 0.3271020857934605 0
1754 0.2585688647315612 0.5940711760199626 0
1755 0.5587089057757965 0.7259943144983946 0
1756 0.354990657922497 0.5287777065144607 0
1757 0.5471652921815285 0.7494149895852317 0
1758 0.2027582981161953 0.2232612330180695 0
1759 0.7767387669809183 0.7972417018829095 0
1760 0.05303546100745497 0.8552489113093013 0
1761 0.0141158155947105 0.967999564450827 0
1762 0.03260569371548803 0.9872307000760503 0
1763 0.1854929388284964 0.489886711316397 0
1764 0.1405815947678533 0.3777878693044709 0
1765 0.6205203905172842 0.8775460312077531 0
1766 0.1224539687916448 0.3794796094810594 0
1767 0.59047122451911 0.7580298035191022 0
1768 0.1531236760733096 0.6254512802320074 0
1769 0.5336060908673534 0.5522110710978227 0
1770 0.552698846731916 0.8627350413716108 0
1771 0.1376979281737551 0.447623672370452 0
1772 0.4056168177756295 0.9880637740173679 0
1773 0.01193622598200768 0.5943831822256946 0
1774 0.4070222857138938 0.6514528575866286 0
1775 0.3615775988777737 0.7100428006701718 0
1776 0.902784750852752 0.9202840070930858 0
1777 0.07971599290655375 0.09721524914680532 0
1778 0.1095792308908657 0.490150814678394 0
1779 0.4512315712035869 0.6215513917518645 0
1780 0.3361739765197217 0.7022703232664613 0
1781 0.3188374670223367 0.3397379346821096 0
1782 0.263260079692408 0.7348361987790799 0
1783 0.01642952378861976 0.4625456697628403 0
1784 0.5374543302355811 0.9835704762111311 0
1785 0.7673561538296541 0.9350458312826533 0
1786 0.06495416871713913 0.2326438461694517 0
1787 0.6978868348716053 0.9854614875905918 0
1788 0.01453851240968194 0.3021131651276256 0
1789 0.1690634159019655 0.6733940021238771 0
1790 0.1587900347536941 0.6631484863150343 0
1791 0.5169355170008354 0.6563937180647047 0
1792 0.5214264050494894 0.6931834688840648 0
1793 0.7097081458046572 0.7282627446344686 0
1794 0.1782225459980341 0.6937422876228601 0
1795 0.05678109367467626 0.9042233489215311 0
1796 0.4527624424517811 0.5579098037706504 0
1797 0.8747962777148907 0.987532332270902 0
1798 0.01246766772908829 0.1252037222848202 0
1799 0.3866246403218409 0.7246367965696567 0
1800 0.2033943138500075 0.9649767568143843 0
1801 0.1493239542397937 0.9347858058791456 0
1802 0.8471779631112972 0.9366575241432712 0
1803 0.06334247585648645 0.1528220368880426 0
1804 0.670103384163958 0.6889198892525665 0
1805 0.5452922288978089 0.5980814007972841 0
1806 0.3200787547544721 0.7727371267591487 0
1807 0.03403012989803064 0.7976127241973741 0
1808 0.1670027165895856 0.5106855492228621 0
1809 0.08682243805753612 0.8954556926549837 0
1810 0.3498404476428694 0.9031965550358972 0
1811 0.1204410166896676 0.9345546045648978 0
1812 0.3732201866696488 0.4247849921721736 0
1813 0.2361326438834553 0.2554341110268146 0
1814 0.7449009772388542 0.7638675123831666 0
1815 0.247773466402234 0.3516114219363444 0
1816 0.3252657744126904 0.4243143235994264 0
1817 0.1659232404671578 0.1849025375182286 0
1818 0.8150974624809251 0.8340767595320876 0
1819 0.2220279247278578 0.9570044034128482 0
1820 0.2636998250540921 0.3954461183701891 0
1821 0.09306766051030324 0.5157324078713688 0
1822 0.4845080199484813 0.9070720727237602 0
1823 0.5512675710007096 0.7003736636235152 0
1824 0.03404139501286078 0.9201635962716743 0
1825 0.5397787480092238 0.8801027536742451 0
1826 0.1198972463249488 0.460221251988818 0
1827 0.09285103618265692 0.6263784547696555 0
1828 0.2229051784552617 0.3889906246826317 0
1829 0.2698613424064635 0.9369800516053921 0
1830 0.6477913924995631 0.7705884772365511 0
1831 0.8194864480285846 0.9267644857829408 0
1832 0.07323551421677423 0.1805135519705879 0
1833 0.2211986366612188 0.8893869689419764 0
1834 0.3365251892693032 0.6719143090614428 0
1835 0.217396281384674 0.6833871024434076 0
1836 0.07145848485660705 0.8119023808324083 0
1837 0.05530851381668134 0.8093105145729418 0
1838 0.09253410330695666 0.9431189724549793 0
1839 0.6095642197470943 0.8921232335502199 0
1840 0.107933078412161 0.3906111047181947 0
1841 0.2590293524005863 0.7092741523284678 0
1842 0.7522664901686633 0.9893610990340667 0
1843 0.01063890096594748 0.247733509831469 0
1844 0.5748537747154907 0.9265977189553176 0
1845 0.0734022810440647 0.4251462252826977 0
1846 0.372889447031215 0.907003607212528 0
1847 0.03736870128728294 0.7136427030648536 0
1848 0.4110289248356319 0.7581917783530676 0
1849 0.178134695670837 0.5521293809597742 0
1850 0.478368050061205 0.7203063985451033 0
1851 0.3845381114760177 0.7480638640382057 0
1852 0.4067423386675931 0.5845632681164707 0
1853 0.3285662205653991 0.6004338575409317 0
1854 0.06508746712136065 0.7103381122208153 0
1855 0.9334210072460633 0.9513815224753244 0
1856 0.04861847752449127 0.06657899275364004 0
1857 0.2658947504281751 0.8123697966641223 0
1858 0.1881401780381267 0.5757948127823069 0
1859 0.6750595587918555 0.923033556701025 0
1860 0.07696644329862748 0.3249404412066824 0
1861 0.5706814412886554 0.6511351743224769 0
1862 0.2933551126014783 0.9892078752472122 0
1863 0.01078341400241362 0.7066286870570331 0
1864 0.587947071928449 0.6333199640872637 0
1865 0.9185873897585126 0.9872006250927148 0
1866 0.01279937490740791 0.08141261024103424 0
1867 0.4471611335275387 0.5347256222467799 0
1868 0.5355064702848455 0.835766240637264 0
1869 0.3973756308959344 0.4159606783840036 0
1870 0.01367628848477741 0.6531889180694954 0
1871 0.3468110819302372 0.9863237115149941 0
1872 0.651564637039893 0.9862810373810713 0
1873 0.01371896261928878 0.3484353629611068 0
1874 0.2090194082654311 0.2528817616874925 0
1875 0.7471182383113288 0.7909805917336354 0
1876 0.8122019838465621 0.8631993519841326 0
1877 0.1368006480152606 0.1877980161526061 0
1878 0.4251866537784709 0.7290354281718616 0
1879 0.2480718837687715 0.4251578942666834 0
1880 0.2203037220043094 0.9325187738251641 0
1881 0.7703310258030447 0.9644277079776088 0
1882 0.03557229202232974 0.2296689741959032 0
1883 0.04195011972837047 0.878164317357651 0
1884 0.03469776504551986 0.893156838659245 0
1885 0.1748306256583929 0.3968111880558723 0
1886 0.3674763187567134 0.4593403968826729 0
1887 0.286254443825613 0.9628799921408113 0
1888 0.1126995246489073 0.9070736845552345 0
1889 0.1979048195619151 0.534540106053734 0
1890 0.1940925553045413 0.6143178694093685 0
1891 0.5954875413057201 0.8719191678347556 0
1892 0.2875231700108886 0.3359233482260751 0
1893 0.4836655557454408 0.7608720329480796 0
1894 0.6719031652336211 0.9717856470587538 0
1895 0.02821435294202689 0.3280968347659211 0
1896 0.3989317789804927 0.6276982279473931 0
1897 0.266358347136685 0.7493029647959715 0
1898 0.1332379343568251 0.8820227727860468 0
1899 0.4816019648245856 0.7739662322329435 0
1900 0.292173180125346 0.3513235341381498 0
1901 0.4198476153998021 0.4365707609845201 0
1902 0.2899363142625752 0.7383940109067101 0
1903 0.4137165341956468 0.496129928352239 0
1904 0.2242618369697768 0.4313317117288709 0
1905 0.3691673456746043 0.6243738845273736 0
1906 0.1474398900436022 0.6928491699868218 0
1907 0.5895479251961647 0.6077948758575108 0
1908 0.4377081281705626 0.740064596203551 0
1909 0.6839213502696349 0.8204894316785927 0
1910 0.1795105683205701 0.3160786497289508 0
1911 0.5434496739560961 0.9612143562290463 0
1912 0.03878564377073439 0.4565503260418671 0
1913 0.5592152709169024 0.966825944741693 0
1914 0.03317405525813594 0.4407847290810281 0
1915 0.5232809633096137 0.8775089304903644 0
1916 0.84255061822961 0.9882423873849995 0
1917 0.01175761261504295 0.1574493817703206 0
1918 0.8805501439637161 0.8970501327524167 0
1919 0.1029498672471185 0.1194498560357556 0
1920 0.6483663394424006 0.8994376033086522 0
1921 0.100562396690836 0.3516336605560855 0
1922 0.04741516982818979 0.8407551041588854 0
1923 0.2358790388618072 0.2826202553005734 0
1924 0.7361844943101926 0.7526988608571805 0
1925 0.1835395164968459 0.8867502878592323 0
1926 0.5095706201823137 0.7202834567293112 0
1927 0.01294957293005546 0.1855812137942904 0
1928 0.8144187862053823 0.98705042706972 0
1929 0.7142198705436908 0.7643730337661966 0
1930 0.06939664810377151 0.8301658775337629 0
1931 0.2399079198013465 0.4115991170942379 0
1932 0.2487077490165866 0.4758560738841108 0
1933 0.3355236977121279 0.4033319744564985 0
1934 0.1055694694942352 0.9668590172110929 0
1935 0.5577790557665179 0.6324511236023771 0
1936 0.3012466589412812 0.7929600668141816 0
1937 0.6994545209783483 0.9623394173152324 0
1938 0.03766058268449229 0.3005454790203561 0
1939 0.3809069873891021 0.4717166922968161 0
1940 0.09478656197842018 0.869726987521601 0
1941 0.758954691377856 0.8143750547377721 0
1942 0.1856249452613918 0.2410453086210702 0
1943 0.631017184841839 0.9676989952446073 0
1944 0.03230100475548835 0.3689828151559378 0
1945 0.2902102177427999 0.892757296165911 0
1946 0.479239390144418 0.7964162563235357 0
1947 0.4606494525041621 0.7593167038280222 0
1948 0.374882431248804 0.9526574796708569 0
1949 0.04734252032912763 0.6251175687499059 0
1950 0.8596861825112792 0.8780948453314268 0
1951 0.1219051546680305 0.1403138174880994 0
1952 0.01244652006492775 0.8135870088711291 0
1953 0.1864513016335712 0.9874096908328656 0
1954 0.4461010467799943 0.5938957745596362 0
1955 0.2900423156288801 0.9362389131807791 0
1956 0.3159712855829078 0.386203433548527 0
1957 0.2966871747638947 0.4787456477098197 0
1958 0.2610216592079218 0.4871438265399873 0
1959 0.3714160904551778 0.7509777208163332 0
1960 0.2937189071455712 0.9196071893398369 0
1961 0.1901927553622659 0.858939063348745 0
1962 0.4891003476551623 0.646204511339976 0
1963 0.4522221927460124 0.7349156061426592 0
1964 0.4452078631567814 0.8247234914297439 0
1965 0.9773272376300572 0.9906179853577378 0
1966 0.009382014642224601 0.02267276236989026 0
1967 0.2688869388824024 0.4631428044944565 0
1968 0.5114412378105317 0.840948183537825 0
1969 0.469458784076983 0.6640003927679967 0
1970 0.6923266582803667 0.9412637417797033 0
1971 0.05873625822010514 0.3076733417182265 0
1972 0.234396921417119 0.6728564198746596 0
1973 0.7001928135811799 0.782294565487628 0
1974 0.2176330042133365 0.3002879145708081 0
1975 0.4729303842576036 0.9557973083482447 0
1976 0.04420269165140998 0.5270696157402921 0
1977 0.1053970550300434 0.6746116195227067 0
1978 0.1233962095368216 0.8661318548626087 0
1979 0.1972354749238978 0.4339993174252374 0
1980 0.7901531982056992 0.8792945080113193 0
1981 0.1207054919881335 0.2098468017933583 0
1982 0.4104132720195166 0.4604697531475413 0
1983 0.6348358214443555 0.9425352526486963 0
1984 0.05746474735104677 0.3651641785541503 0
1985 0.2749192074414073 0.7756914330374907 0
1986 0.1091903744516223 0.7080945370998241 0
1987 0.6026038256762087 0.803602427357363 0
1988 0.251649960897834 0.7868586290498245 0
1989 0.3211585840218488 0.4612765488543582 0
1990 0.2394697897397039 0.8438508383905949 0
1991 0.06075097008233857 0.7821081958752709 0
1992 0.2475225545145023 0.955425073583273 0
1993 0.09144827005250888 0.6721691754072656 0
1994 0.4356441480306654 0.7999485945127197 0
1995 0.3793642165208291 0.6749755595268258 0
1996 0.6170258012348164 0.6903968894212622 0
1997 0.4761845615229911 0.8802814898146798 0
1998 0.1197700517109352 0.5243295084849735 0
1999 0.3149513084015966 0.79914467514885 0
2000 0.1582535353717492 0.8891603123070027 0
2001 0.3263256119091494 0.9085379015934689 0
2002 0.2952647266587047 0.4612406839909147 0
2003 0.1133603828404665 0.8925826865758598 0
2004 0.5408948320508239 0.7903473528209258 0
2005 0.6542772064471204 0.7034110788783784 0
2006 0.1557425984449721 0.7615572520682785 0
2007 0.1615566857021611 0.4608526993099366 0
2008 0.309660772347522 0.3268052062982672 0
2009 0.6941320407387367 0.8625565551460215 0
2010 0.137443444853325 0.3058679592598947 0
2011 0.05319443839635553 0.6604303339555262 0
2012 0.3396458912085132 0.9468119574429493 0
2013 0.3064207586641088 0.672264697838993 0
2014 0.6847875849539066 0.8478927826946591 0
2015 0.1521072173046061 0.3152124150446973 0
2016 0.2536767879859673 0.5468349272030568 0
2017 0.6407012881169696 0.7254216480501089 0
2018 0.859568991752672 0.9031890334003552 0
2019 0.0968109665992217 0.1404310082467226 0
2020 0.1956158492091668 0.5489370700576204 0
2021 0.2883278022042785 0.5924971026864568 0
2022 0.5513703149288227 0.9862408763470393 0
2023 0.01375912365317727 0.448629685068782 0
2024 0.3649828408965784 0.574249778855076 0
2025 0.8322369673035597 0.9691496221681974 0
2026 0.0308503778317339 0.1677630326957221 0
2027 0.438458702775565 0.5072771080913699 0
2028 0.3245889086686546 0.8932914102258649 0
2029 0.3730891998896333 0.486539757766199 0
2030 0.3860514905415441 0.5611845665086023 0
2031 0.579622801798892 0.7698403795556954 0
2032 0.3134875938143502 0.9504346060318462 0
2033 0.6647948485668616 0.8391653488673282 0
2034 0.1608346511319017 0.3352051514316478 0
2035 0.5758055461242815 0.7455699273732461 0
2036 0.7159866893691337 0.8089004259123482 0
2037 0.1910990520912648 0.2840126960734984 0
2038 0.04131189290228793 0.7777323378876221 0
2039 0.276565346988514 0.4372497726592985 0
2040 0.07863165077824742 0.8687409227816065 0
2041 0.1437957120169456 0.7703443259402791 0
2042 0.3554445033837577 0.4834635300342449 0
2043 0.5656947731843799 0.5840238244784021 0
2044 0.4275772235091232 0.5163575586320754 0
2045 0.4713175700255073 0.8187957052795698 0
2046 0.2849240219903027 0.6086969957010259 0
2047 0.294008033949281 0.8646943746078318 0
2048 0.324089664750237 0.788228022855805 0
2049 0.6682273266452159 0.9492140158156863 0
2050 0.05078598418443959 0.3317726733533956 0
2051 0.06721583054290402 0.3931625456334129 0
2052 0.6068374543651401 0.9327841694565653 0
2053 0.4050936682968949 0.9199244429881912 0
2054 0.08007555701140459 0.5949063317008393 0
2055 0.2592810040013568 0.6419522569829634 0
2056 0.2947800169996769 0.5240153838965399 0
2057 0.05092578312651997 0.6868397248111648 0
2058 0.05291815074180814 0.5476340441065681 0
2059 0.4523659558913469 0.9470818492569061 0
2060 0.09612275445449758 0.6477526117589387 0
2061 0.08059651146440619 0.7087336456744751 0
2062 0.2294744621224263 0.9061699777619607 0
2063 0.7890844280254548 0.9025232957747382 0
2064 0.09747670422487333 0.2109155719735759 0
2065 0.526984955282807 0.9248364998386309 0
2066 0.07516350016083485 0.4730150447150426 0
2067 0.06608304587939696 0.6673027796398029 0
2068 0.3331459189260136 0.9350383924462211 0
2069 0.1968024478770073 0.373805046921395 0
2070 0.2587576028407185 0.5692528790296109 0
2071 0.4539938672155905 0.5726803145634461 0
2072 0.2941230094739903 0.8182648564587254 0
2073 0.4153254226345383 0.783755733772717 0
2074 0.5703024229475804 0.7181895607363803 0
2075 0.628384837979554 0.7979005491780774 0
2076 0.3455544951791195 0.6936607606368931 0
2077 0.2818039097747145 0.7520857185459853 0
2078 0.6243345168220915 0.8619161773081122 0
2079 0.3035438717200905 0.6131920762085311 0
2080 0.2371189098471639 0.3903617099498674 0
2081 0.3604306204657828 0.8407099010648157 0
2082 0.070188510544202 0.9119953512517205 0
2083 0.7789054173486711 0.8500735699229618 0
2084 0.1499264300763668 0.221094582650342 0
2085 0.4297806101657146 0.6392126832950975 0
2086 0.1899667960926851 0.9261386916485849 0
2087 0.2600853102350352 0.5012779229653591 0
2088 0.2237335286376054 0.4919418017405215 0
2089 0.7097644699668573 0.8433495215797606 0
2090 0.1566504784195294 0.2902355300318559 0
2091 0.3064507616099328 0.5605686996109984 0
2092 0.6104097518413973 0.7028758323161752 0
2093 0.2433159680900543 0.684067809024219 0
2094 0.7372033548322424 0.9498597788689018 0
2095 0.05014022113086908 0.262796645166661 0
2096 0.4263631841250327 0.8371652285437929 0
2097 0.4329374511354342 0.8512708037122855 0
2098 0.3447347320560734 0.6317840627485192 0
2099 0.4929861118046118 0.8619041816609255 0
2100 0.6159899747323829 0.6348177988773338 0
2101 0.4760015075647282 0.5604415234178457 0
2102 0.6157441239537305 0.8238158597818646 0
2103 0.1997504000703905 0.3967640820169426 0
2104 0.2220276508127678 0.2623279070418948 0
2105 0.7376188029450168 0.7778969865496053 0
2106 0.378059629618021 0.8176613317524402 0
2107 0.1347704627131407 0.7015031503004128 0
2108 0.7384751336165587 0.8569825263996145 0
2109 0.14301747359973 0.2615248663822795 0
2110 0.6272490589163259 0.9071713833462316 0
2111 0.09282861665330462 0.3727509410820271 0
2112 0.7102857987946131 0.9134075557848202 0
2113 0.08659244421475128 0.2897142012040661 0
2114 0.3297347406445247 0.8709881375016576 0
2115 0.4513562605554276 0.6635275022965528 0
2116 0.02959613646310263 0.6541072128311998 0
2117 0.3458928950131433 0.9703994187569844 0
2118 0.5482189300838197 0.8168075072807435 0
2119 0.1523507499334424 0.5611823021501564 0
2120 0.1679270300138182 0.9103913037486345 0
2121 0.759851275635811 0.9579481238029859 0
2122 0.04205187619688627 0.2401487243631948 0
2123 0.449991969093323 0.6348927706120907 0
2124 0.2798633534946513 0.9140447049046001 0
2125 0.8011988639688594 0.8603930506664519 0
2126 0.1396069493329255 0.1988011360302554 0
2127 0.3896884943059185 0.5130921273955122 0
2128 0.2984101524758095 0.9671902106276924 0
2129 0.4704561808727244 0.5170247637606271 0
2130 0.4320517218510661 0.9879266594692494 0
2131 0.01207334053021674 0.5679482781511169 0
2132 0.469139832418525 0.8581647743237264 0
2133 0.03292868509732465 0.7014733514584921 0
2134 0.1588205370168536 0.6410610808699653 0
2135 0.4071972727032628 0.5608449235694317 0
2136 0.4523945346926135 0.8370655805579581 0
2137 0.7183094610570603 0.8920124388957922 0
2138 0.1079875611036919 0.2816905389416886 0
2139 0.4657548744877918 0.5792095056266683 0
2140 0.3787567594289525 0.5265134205151258 0
2141 0.6566572171496867 0.9696247474351073 0
2142 0.03037525256523071 0.3433427828496875 0
2143 0.7606875912656192 0.8928471316633201 0
2144 0.1071528683361556 0.2393124087333104 0
2145 0.5258005634108711 0.7109182616263245 0
2146 0.6495314090549403 0.7495767433895099 0
2147 0.3729455722213113 0.5986545588215764 0
2148 0.08560667250255383 0.8118625513660425 0
2149 0.4432122664807995 0.581491443934961 0
2150 0.2857375244772742 0.4987443816747274 0
2151 0.7546193705772961 0.838966364625592 0
2152 0.1610336353736824 0.2453806294216142 0
2153 0.2754525347518261 0.8749108812837585 0
2154 0.4552834426754569 0.861239373103311 0
2155 0.6192505170454033 0.756728316433021 0
2156 0.7213844853840303 0.9319065856693587 0
2157 0.06809341433032204 0.278615514614727 0
2158 0.1357667289986856 0.7988393026280804 0
2159 0.1707603754789716 0.8612519964584604 0
2160 0.5634470442916727 0.6790419775047631 0
2161 0.01176034836599017 0.4256184100393415 0
2162 0.5743815899598892 0.9882396516331637 0
2163 0.3561089434206035 0.8593706633504009 0
2164 0.5092370514683615 0.7606144568232703 0
2165 0.3529044938382862 0.5538635891797367 0
2166 0.7428935154435692 0.8202114599311392 0
2167 0.1797885400680536 0.2571064845552923 0
2168 0.1974070780283997 0.94061119229782 0
2169 0.2296837165258533 0.8564125352465554 0
2170 0.5707512537883879 0.8791772480257174 0
2171 0.1221396663970053 0.4283144616625012 0
2172 0.2066506675153866 0.8934767282969253 0
2173 0.1086366382086547 0.6488120630838875 0
2174 0.4196115573290176 0.5882326355352703 0
2175 0.1567318241980485 0.5296983808797309 0
2176 0.8181250194586851 0.9137537317940827 0
2177 0.08624626820553949 0.1818749805405344 0
2178 0.08134092293059322 0.7332825909503816 0
2179 0.4397370730670539 0.887003304536979 0
2180 0.1130167443563944 0.5602757852039724 0
2181 0.3422497941962923 0.5776501880276027 0
2182 0.1003617830163469 0.9301049894127847 0
2183 0.2441359890449022 0.612354626979184 0
2184 0.5143334293086043 0.9514621464143673 0
2185 0.04853785358537571 0.4856665706893174 0
2186 0.1748633580329048 0.565411798509414 0
2187 0.4796024578323972 0.4954152292913064 0
2188 0.1183831794878709 0.8400004057976196 0
2189 0.5239640810992987 0.7812949286417606 0
2190 0.1711124660308974 0.4957855523386966 0
2191 0.1825125115528895 0.4725886979294914 0
2192 0.173987894225486 0.9331905387687808 0
2193 0.5469264995611044 0.9080395744313408 0
2194 0.09194367844010924 0.453159891057681 0
2195 0.3822892529957951 0.8593347370903128 0
2196 0.2714452879319511 0.8273576070407229 0
2197 0.01254459591289813 0.8289911195870314 0
2198 0.1709816278993698 0.9873608776415157 0
2199 0.8328372886688774 0.9460171000173858 0
2200 0.05398289998237733 0.16716271133039 0
2201 0.5276929942565791 0.5961829836541895 0
2202 0.5121242789807767 0.5751781700947475 0
2203 0.501583236090628 0.5656625477804891 0
2204 0.355879941020884 0.3723694104080132 0
2205 0.2162313065934807 0.7797184555097074 0
2206 0.1420809794156306 0.5308085107659155 0
2207 0.7032829522347921 0.8042129629307992 0
2208 0.1955710274212348 0.2964296197582863 0
2209 0.2749372941649255 0.8030266521574061 0
2210 0.3653524966683865 0.5071274304054967 0
2211 0.5733054887684215 0.8167254101119039 0
2212 0.2871383906526589 0.4114194782708163 0
2213 0.6513390827584653 0.9298405514984565 0
2214 0.07015944850125487 0.3486609172401017 0
2215 0.5700240285415217 0.7896493000414657 0
2216 0.2524361501130849 0.3140736784344573 0
2217 0.2928962870251734 0.309056326218196 0
2218 0.3474663066538876 0.8921959237756329 0
2219 0.5079373784783403 0.9131999187698814 0
2220 0.08680586665228002 0.4922327000010271 0
2221 0.2770066298580779 0.9868101774245943 0
2222 0.01318572530493492 0.7229802751247764 0
2223 0.2942332249419569 0.5411944734661013 0
2224 0.1406192239727882 0.6180807548988511 0
2225 0.5994107797533358 0.9565003509193037 0
2226 0.04349964908004136 0.4005892202448574 0
2227 0.6325130711492758 0.7094585706869856 0
2228 0.4928576060125092 0.944608492506293 0
2229 0.05539150749359935 0.5071423939852252 0
2230 0.5060320933198772 0.9283988722059257 0
2231 0.071982139421574 0.4936331522773236 0
2232 0.2025513536482761 0.707524715635732 0
2233 0.1981165044582541 0.4111419390823467 0
2234 0.4867870215561643 0.8187364458305944 0
2235 0.680214032705118 0.6959880114333902 0
2236 0.0811961806246343 0.7732015062739547 0
2237 0.100101956909457 0.7931115002314766 0
2238 0.1814987203288835 0.5180042293907039 0
2239 0.1398383448731766 0.5438109414669003 0
2240 0.4053263490936338 0.5254875281377964 0
2241 0.5463268649527151 0.640275839080479 0
2242 0.8479848359262451 0.8915182098669346 0
2243 0.1084817901325912 0.1520151640730878 0
2244 0.8157754721869827 0.9692555127346594 0
2245 0.03074448726516674 0.1842245278122789 0
2246 0.6761586463738636 0.8778757084627451 0
2247 0.1221242915366582 0.3238413536246781 0
2248 0.2820544155820814 0.2982315372858236 0
2249 0.1975682776969799 0.4656827343749586 0
2250 0.309271284835758 0.3511284776166944 0
2251 0.5123919347490313 0.5288015087833038 0
2252 0.6737338849599782 0.7155563343276805 0
2253 0.5168820587372061 0.9883806190299954 0
2254 0.01161938097141237 0.483117941261204 0
2255 0.5994740207466067 0.827597044782611 0
2256 0.607227404098678 0.6222817843743547 0
2257 0.4815155634625297 0.6957257901947791 0
2258 0.01276321075619582 0.553680863899801 0
2259 0.4463191361016923 0.9872367892441238 0
2260 0.2240206858428189 0.6528199879905332 0
2261 0.5930148229843075 0.9113664869249147 0
2262 0.08863351307442982 0.4069851770139584 0
2263 0.8431563915701362 0.9203599196305883 0
2264 0.07964008036908132 0.1568436084291764 0
2265 0.4377153647436213 0.4544736677590283 0
2266 0.3575179886506579 0.6640585174773019 0
2267 0.5550380647723527 0.7822779972610866 0
2268 0.2757424591345567 0.3928778249885128 0
2269 0.5360774526140603 0.9714441816612756 0
2270 0.02855581833855653 0.4639225473839528 0
2271 0.6366371271713254 0.8578624103142127 0
2272 0.1417653737923443 0.3644581326052788 0
2273 0.152925865711768 0.4071143751666073 0
2274 0.07152757616931807 0.6429594206402925 0
2275 0.35608358507374 0.9284291334824055 0
2276 0.1600857256510298 0.9538462708556102 0
2277 0.3983914254884982 0.4535862742972612 0
2278 0.6387645347345285 0.7441891171521814 0
2279 0.1145041668134441 0.9877853000775542 0
2280 0.01159910531444972 0.8855148840564129 0
2281 0.115967799716244 0.5363734296002314 0
2282 0.4637175408638755 0.8840399187025307 0
2283 0.3377195745482724 0.3806321136022019 0
2284 0.6629258919344611 0.7347561888132548 0
2285 0.4150815580900662 0.9409640579891793 0
2286 0.0590359420103595 0.5849184419086605 0
2287 0.3093363662718563 0.6591335080799812 0
2288 0.6359853220139144 0.7733102900272345 0
2289 0.2426471825446325 0.4488723910792019 0
2290 0.5768214405139358 0.6755843349180886 0
2291 0.3646561793729449 0.6424632032668715 0
2292 0.1912085526040218 0.6881371893247081 0
2293 0.217382486350174 0.4495221017591839 0
2294 0.2713026191547715 0.5304136459824551 0
2295 0.4943647228165088 0.6098821698616319 0
2296 0.1708995182437123 0.8409503104690472 0
2297 0.6689100658065745 0.8903210517647187 0
2298 0.1096789482347119 0.3310899341919158 0
2299 0.1499071435017119 0.4865006119107714 0
2300 0.3320610292169112 0.4850092686345729 0
2301 0.3834209740942135 0.9884723510825142 0
2302 0.01152764891818263 0.6165790259053787 0
2303 0.110575893538152 0.8015217392497341 0
2304 0.3418679644961388 0.5311752710881795 0
2305 0.4812437337870329 0.9684755991992074 0
2306 0.03152440080108079 0.5187562662115048 0
2307 0.1810287441265217 0.4289904167962368 0
2308 0.4814364093948933 0.6724448622360021 0
2309 0.1684817505160126 0.4725479636234049 0
2310 0.2457242854618579 0.7324875984728159 0
2311 0.6560206013315361 0.9549890962896362 0
2312 0.04501090371045079 0.3439793986670695 0
2313 0.1323739462074529 0.7470739616099358 0
2314 0.2355374928293482 0.4911557833437168 0
2315 0.3321150318421522 0.6602882422009779 0
2316 0.1514480635095293 0.8127260324185384 0
2317 0.6861882129567616 0.903089251660405 0
2318 0.09691074833911653 0.3138117870418232 0
2319 0.1798533553650166 0.6359920949237677 0
2320 0.3091975576820124 0.4872909260397828 0
2321 0.2743153898616494 0.4752521946209621 0
2322 0.1620501196426144 0.5840602533202772 0
2323 0.4861363537196394 0.9904973017859615 0
2324 0.009502698214250994 0.5138636462816635 0
2325 0.2396218949780623 0.5124456204502054 0
2326 0.8984872818341532 0.9877483075746375 0
2327 0.01225169242523324 0.1015127181653304 0
2328 0.9195089179946161 0.9368905069714007 0
2329 0.06310949302830587 0.08049108200501272 0
2330 0.2631359436295663 0.6952470865013756 0
2331 0.2370569487646556 0.6964402186814095 0
2332 0.4462709928974419 0.8503457039047065 0
2333 0.5344003163216352 0.6599637171894758 0
2334 0.5174701588184139 0.7339151061725232 0
2335 0.02822055271422306 0.8119090062429646 0
2336 0.1881196148526221 0.9718605817652386 0
2337 0.2467781977441708 0.9264773431538968 0
2338 0.1037300282550001 0.9537679008459765 0
2339 0.04744984222088416 0.9172123154524431 0
2340 0.4638222306757558 0.714267432188707 0
2341 0.5401851644159475 0.6198095249655975 0
2342 0.5203135033977259 0.7608789539055681 0
2343 0.1558306851634408 0.3828161631740463 0
2344 0.7601302357810281 0.9080511059203475 0
2345 0.09194889407917431 0.239869764217869 0
2346 0.5429324648551327 0.763626072119906 0
2347 0.305271197817113 0.8733416042615714 0
2348 0.3260602300738454 0.7469736785803583 0
2349 0.247474268015907 0.6544330956829909 0
2350 0.2960740964675392 0.5666985378471111 0
2351 0.3194846814357457 0.8498598294330295 0
2352 0.4228097060453828 0.5396821654763505 0
2353 0.101099658399038 0.7202329572813984 0
2354 0.6034995945304953 0.8431097585465583 0
2355 0.3650291116387849 0.8172895062980876 0
2356 0.5252975200527842 0.8570014417541032 0
2357 0.3975926239396224 0.6576127637856689 0
2358 0.7224319579234052 0.863337053842822 0
2359 0.1366629461565512 0.2775680420753574 0
2360 0.875948997074958 0.9580261965556203 0
2361 0.04197380344415835 0.1240510029245171 0
2362 0.4031815103611859 0.6764994230042271 0
2363 0.1985291571699068 0.6493122067493216 0
2364 0.5892562685985778 0.9885589482608295 0
2365 0.01144105173857103 0.4107437314020196 0
2366 0.1003157595600062 0.6973263742426724 0
2367 0.3076038787360622 0.8245967041654756 0
2368 0.3836228395646526 0.8025353028130893 0
2369 0.3279918228358806 0.6125078465373969 0
2370 0.1785202784734707 0.6182404419136146 0
2371 0.4480231126045287 0.7638526890033572 0
2372 0.6753969961986386 0.7983214509698237 0
2373 0.2027017875719378 0.3233651360052617 0
2374 0.08544413012474525 0.6835080124313557 0
2375 0.3293315318977064 0.7644365322479367 0
2376 0.1964155602168715 0.8832746470262471 0
2377 0.3010284714308766 0.7164997115696495 0
2378 0.581152373164458 0.6591792218576383 0
2379 0.2153432781628772 0.8476416195115163 0
2380 0.2430202883035299 0.5387928066767494 0
2381 0.3602109954546518 0.5411187530216732 0
2382 0.4666803658300008 0.6429825818346409 0
2383 0.2443744552113312 0.5015378129989223 0
2384 0.6363200004635848 0.8977812938745993 0
2385 0.1022187061248668 0.3636799995346787 0
2386 0.3206076704310289 0.4391197818035096 0
2387 0.3086211523932307 0.4415701657027871 0
2388 0.3524083967770686 0.5026606393196676 0
2389 0.3192569890891334 0.8667721532299825 0
2390 0.3025786302659991 0.8979853309543527 0
2391 0.8089794704814868 0.9320942784216153 0
2392 0.06790572157808349 0.1910205295177148 0
2393 0.5928043305956273 0.7164836231114886 0
2394 0.4952297332809572 0.9670720089698446 0
2395 0.0329279910305457 0.5047702667169051 0
2396 0.3204118348016802 0.5677643119017844 0
2397 0.403201379758842 0.7468506992493611 0
2398 0.100528884166518 0.7571743500849086 0
2399 0.8778727268892446 0.9191777412568454 0
2400 0.0808222587428134 0.1221272731102076 0
2401 0.2462102245820534 0.3281462417739721 0
2402 0.3722164575331172 0.7906282585696234 0
2403 0.6703518281848033 0.8114258672514116 0
2404 0.1886611428278419 0.329542910946844 0
2405 0.5049345927756513 0.6924038309726106 0
2406 0.03135114537523018 0.6069265903136611 0
2407 0.393073409684712 0.9686488546247118 0
2408 0.8330044059123045 0.8722866776671302 0
2409 0.1277133223323131 0.1669955940869569 0
2410 0.6509315142268144 0.7948611111038308 0
2411 0.2049120201475219 0.3496387242857783 0
2412 0.5944672188831801 0.9416369939929787 0
2413 0.05836300600640693 0.4055327811151423 0
2414 0.7915658765243537 0.9722397938371672 0
2415 0.02776020616270836 0.2084341234747384 0
2416 0.9071260441050897 0.9484128613252081 0
2417 0.0515871386745308 0.09287395589449075 0
2418 0.4320131985759595 0.6861742820690165 0
2419 0.354233587797219 0.5795312001212896 0
2420 0.8565682561881167 0.9710862291652087 0
2421 0.02891377083473706 0.1434317438112979 0
2422 0.4361643233112578 0.4947414557191228 0
2423 0.5100117808287045 0.6316001581277642 0
2424 0.7386488368067898 0.9164623424691479 0
2425 0.08353765753041764 0.2613511631920028 0
2426 0.8976792780759696 0.9704404947404863 0
2427 0.02955950525936912 0.1023207219235733 0
2428 0.3807644255215082 0.4384920298316903 0
2429 0.04264076716276009 0.7509572008022031 0
2430 0.6534797685547169 0.9111122381217195 0
2431 0.08888776187783765 0.3465202314438194 0
2432 0.6189796431569098 0.7140247069574164 0
2433 0.2266635911026801 0.8006627620567592 0
2434 0.2584428205923813 0.5224594218415372 0
2435 0.1403108917277971 0.6763907389564237 0
2436 0.1592085151983382 0.4186736654178398 0
2437 0.5811374017178665 0.841178800859165 0
2438 0.1650957750601931 0.7247630917462614 0
2439 0.4997360843725208 0.7066029928223616 0
2440 0.5675628758000606 0.9159212876319855 0
2441 0.08407871236738325 0.4324371241980905 0
2442 0.5606589214787409 0.8271156818957248 0
2443 0.3075515317065844 0.7554951025911055 0
2444 0.01177309090043505 0.7703942109732764 0
2445 0.2296090253925281 0.9882436507744251 0
2446 0.379912086767215 0.8730382893125446 0
2447 0.7554459241607132 0.9307022814013227 0
2448 0.06929771859816575 0.2445540758384699 0
2449 0.01038074024940144 0.2322633585831736 0
2450 0.7677366414156087 0.9896192597497095 0
2451 0.5176997223238456 0.794924240916837 0
2452 0.3879404200153896 0.6338406497599364 0
2453 0.02658348885514205 0.6795179786876603 0
2454 0.3204695928507858 0.9728450962176549 0
2455 0.01181966708072391 0.907183781202561 0
2456 0.09281621879682272 0.9881803329192467 0
2457 0.2956459935732026 0.6506149144335689 0
2458 0.1423573638166434 0.4747245126144427 0
2459 0.3111009044309502 0.4198713370031898 0
2460 0.4267351632422337 0.7743882396780228 0
2461 0.3735786487116834 0.4992477765483366 0
2462 0.3523782638190943 0.9456798457545036 0
2463 0.05431091428774473 0.6477693389939531 0
2464 0.4851873014973797 0.7075406580869742 0
2465 0.1739905062728697 0.9457409121379571 0
2466 0.5060670584287057 0.5887646990439455 0
2467 0.202999344401361 0.6940291730812148 0
2468 0.6610634359390568 0.6756426709066555 0
2469 0.7550402530182749 0.8514779238647221 0
2470 0.1485220761346041 0.244959746980632 0
2471 0.2994958233554707 0.5090633459453544 0
2472 0.5142508295991544 0.6719232093790423 0
2473 0.7134371236002571 0.9431007705153762 0
2474 0.05689922948439425 0.2865628763985164 0
2475 0.2329848333078569 0.9326406284935813 0
2476 0.02938213853325138 0.8684440909004582 0
2477 0.4468857378837222 0.7797884589191066 0
2478 0.6928190257969203 0.8087668491469473 0
2479 0.1915187958348195 0.3068534234099036 0
2480 0.1329242829851364 0.9170872836191736 0
2481 0.8332111450362432 0.8997800826693617 0
2482 0.1002199173302029 0.1667888549630264 0
2483 0.8112131875572585 0.9529185272924219 0
2484 0.04708147270740744 0.1887868124418797 0
2485 0.2459951641230583 0.3654836316599167 0
2486 0.3137927784533485 0.7279998146581815 0
2487 0.02724782828804315 0.9059017070146619 0
2488 0.09409829298462673 0.972752171712182 0
2489 0.7067953744337592 0.8996919597659652 0
2490 0.1003080402335202 0.2932046255649273 0
2491 0.01105729644101392 0.3811943860669566 0
2492 0.6188056139349968 0.9889427035591291 0
2493 0.348223096211045 0.8368981259227486 0
2494 0.388811988828136 0.7132800443942806 0
2495 0.1444061484048982 0.9684474150665746 0
2496 0.586285020525536 0.8857585029756931 0
2497 0.1138260768485651 0.4135788188132071 0
2498 0.4577365755326631 0.7971378514508448 0
2499 0.8278703128964844 0.8440366628514956 0
2500 0.1559633371478022 0.1721296871027552 0
2501 0.2379702581280696 0.8853399503298955 0
2502 0.2994942529065531 0.7794729484935002 0
2503 0.07173738193191727 0.619785380385984 0
2504 0.3801748744959849 0.9282522717156673 0
2505 0.403959977063367 0.7691044060204432 0
2506 0.590950974182782 0.6790888225616922 0
2507 0.3285597811364444 0.8277068817414641 0
2508 0.1968760839788198 0.211289513233929 0
2509 0.7887104867650818 0.8031239160202788 0
2510 0.2165056365118267 0.873025313109107 0
2511 0.1268654612620402 0.6575835731044306 0
2512 0.04189006921518413 0.5390278119715922 0
2513 0.4609721880261595 0.9581099307839995 0
2514 0.7785593074773915 0.8753008698789619 0
2515 0.1246991301204733 0.2214406925216198 0
2516 0.3463933190679412 0.4467924191804802 0
2517 0.2387557401168175 0.3063402462933328 0
2518 0.377185302109022 0.6125710835861408 0
2519 0.9477958285430195 0.9902521828430066 0
2520 0.009747817156969305 0.05220417145695185 0
2521 0.5507010787064078 0.5675567837466748 0
2522 0.9562931801318154 0.9700387602601106 0
2523 0.02996123973976535 0.04370681986797732 0
2524 0.458527494828434 0.5121556217033608 0
2525 0.4349748802393623 0.4787569323598544 0
2526 0.5216430327024986 0.6793707417259548 0
2527 0.6146680779775182 0.9522425704175896 0
2528 0.04775742958220794 0.3853319220207101 0
2529 0.5569680997681499 0.658023583522507 0
2530 0.1060433256918746 0.7333942208398959 0
2531 0.5657517659695588 0.623768481476438 0
2532 0.2227856394189814 0.7161576958127182 0
2533 0.2611597315077128 0.2767781574064126 0
2534 0.4735397498590957 0.6060448269176015 0
2535 0.3819377390102618 0.3978791666451778 0
2536 0.1240075993846728 0.7256591256378019 0
2537 0.4922795533546738 0.5451095431725362 0
2538 0.5508888265384748 0.6087987403842672 0
2539 0.2679587205396893 0.9219022622557094 0
2540 0.1772870635197765 0.8089034829014309 0
2541 0.2073390699205339 0.6708679322863897 0
2542 0.2334159650427105 0.6058696132278406 0
2543 0.5794999954864291 0.7000609998114921 0
2544 0.02629374167364008 0.8323435270847958 0
2545 0.1683576269504077 0.9730715803048071 0
2546 0.0882569764041623 0.7206541490426004 0
2547 0.2354512061630784 0.4704254237346284 0
2548 0.5074995853659574 0.8126547874178084 0
2549 0.01061530071630371 0.6668104771244368 0
2550 0.3331892060053225 0.9893842285199987 0
2551 0.6059523706797402 0.7671236333365262 0
2552 0.3497827490376819 0.7558552479552201 0
2553 0.8793600704645196 0.9384034018671109 0
2554 0.06159659813261889 0.1206399295349579 0
2555 0.6329087449669002 0.9201112923107004 0
2556 0.07988870768889102 0.3670912550316102 0
2557 0.01141978310261126 0.9885802168973892 0
2558 0.201905190932357 0.9890400190044761 0
2559 0.01092020523263848 0.7981201386239665 0
2560 0.6700890885230268 0.7558485766869558 0
2561 0.03652946933108104 0.5605033210021203 0
2562 0.4394966789978649 0.9634705306672736 0
2563 0.4518410623276388 0.6800576516757588 0
2564 0.2309057998965423 0.3498839632826828 0
2565 0.629702009408636 0.6931356071604922 0
2566 0.07571749333778321 0.5153758049817826 0
2567 0.4846032696670063 0.924213400971704 0
2568 0.2515336457294998 0.3385358043683628 0
2569 0.6574616229442343 0.8479510657870886 0
2570 0.1520715444009289 0.3425316468902815 0
2571 0.08022042703783802 0.9219903415474275 0
2572 0.6084714999113076 0.6461450731890328 0
2573 0.2070951555718386 0.606304571199512 0
2574 0.3490213705808508 0.4239013886907476 0
2575 0.710905566976763 0.989722487024589 0
2576 0.01027751297571285 0.2890944330233207 0
2577 0.3706874534608897 0.699635000876648 0
2578 0.581399815507912 0.9376255285291616 0
2579 0.06237447147023212 0.4186001844903159 0
2580 0.1524083012904349 0.7836878580544774 0
2581 0.6238868899800744 0.6663127048775419 0
2582 0.4462799474290575 0.5473764339386771 0
2583 0.4095830378661235 0.7121496936769728 0
2584 0.8005796564222907 0.8409497339597541 0
2585 0.1590502660395487 0.199420343576823 0
2586 0.2254113818123261 0.6950166221753551 0
2587 0.08737463622425654 0.6049388648396676 0
2588 0.3950766072986486 0.9126271379454339 0
2589 0.06452018515666309 0.5438620755418925 0
2590 0.4561379244557267 0.9354798148424598 0
2591 0.3948368544366914 0.540586914210517 0
2592 0.009428985094719363 0.858370781765774 0
2593 0.1417910447767092 0.9907714783908657 0
2594 0.02759751967714025 0.9502443153897967 0
2595 0.618450277417852 0.7279866849321384 0
2596 0.1938761379281883 0.7910535646883214 0
2597 0.1308919808831933 0.761488013936543 0
2598 0.475062366621102 0.6312147629051722 0
2599 0.7737268996096284 0.837423314159186 0
2600 0.1625766858400923 0.226273100389363 0
2601 0.1767991227233296 0.3821017874872162 0
2602 0.5694280398174394 0.846679331564348 0
2603 0.1552897521859297 0.4305466746503618 0
2604 0.3158711886022079 0.5408865119000701 0
2605 0.1519707325784896 0.508288384395135 0
2606 0.2628955806469038 0.9900093992918648 0
2607 0.009985368080014091 0.7371038272489807 0
2608 0.7109079154541561 0.7498686368482734 0
2609 0.3678574554134125 0.4110694625172425 0
2610 0.1970053564850303 0.4444642503298066 0
2611 0.7109081497561308 0.7779436755325573 0
2612 0.2221102425340549 0.288634687398556 0
2613 0.4067941374976918 0.8467109752221283 0
2614 0.7246499866500402 0.95527539676588 0
2615 0.04472460323396113 0.2753500133486658 0
2616 0.1902698131977503 0.8454709530540629 0
2617 0.2071990661250677 0.9128328457128149 0
2618 0.7574529730247213 0.8724682608688337 0
2619 0.1275317391305835 0.2425470269741903 0
2620 0.2039419880092586 0.52221723903766 0
2621 0.7436406066337702 0.97000122125438 0
2622 0.02999877874565838 0.2563593933652159 0
2623 0.3521280927333114 0.7192231487256548 0
2624 0.4238945047294425 0.6640119811757109 0
2625 0.2103042053930004 0.7316593316111744 0
2626 0.4636504710256364 0.7024894586518796 0
2627 0.4264290412408949 0.4639602374205868 0
2628 0.2342501014276255 0.6460733051765246 0
2629 0.4481468943913411 0.8044935992063331 0
2630 0.6008078744096106 0.7451384439775763 0
2631 0.4496719419575371 0.8152114537963787 0
2632 0.3587781797330882 0.8698883877866158 0
2633 0.3137834195173486 0.5825168460162553 0
2634 0.7454994079883092 0.8322158186050204 0
2635 0.1677841813942279 0.2545005920105607 0
2636 0.02720481323459496 0.7713626875048367 0
2637 0.2287274934160534 0.9724791450374717 0
2638 0.05515982754094746 0.9895398106008608 0
2639 0.01270279854234252 0.9444320234338347 0
2640 0.5537906652738287 0.8065610164222707 0
2641 0.2527845775519839 0.8665339583199724 0
2642 0.156548853723752 0.4515130178494481 0
2643 0.5264824481233463 0.9459769892869991 0
2644 0.05402301071264888 0.4735175518746129 0
2645 0.1769547250137347 0.7576382898723538 0
2646 0.5052992902289498 0.8638430654078464 0
2647 0.2793932516042407 0.5823165777564889 0
2648 0.07678861780666041 0.8886153806063167 0
2649 0.1141970394622722 0.7776534438214707 0
2650 0.4055343495964209 0.6936096592329084 0
2651 0.366431983076867 0.5196390309316907 0
2652 0.5289663817108528 0.805194124652744 0
2653 0.2335037160374095 0.823946986638919 0
2654 0.09896610548755552 0.5797413624213805 0
2655 0.420258637576139 0.9010338945119686 0
2656 0.6244619951686785 0.8361381493295205 0
2657 0.2642346300373116 0.5826176125543535 0
2658 0.2980390638526716 0.3715867953295003 0
2659 0.05328224560156097 0.9514261740684269 0
2660 0.4993289441877555 0.8871610889153627 0
2661 0.3313343721610512 0.3470892940430675 0
2662 0.357678843296427 0.398162086999505 0
2663 0.2359590512699062 0.4350801601234738 0
2664 0.3106046000227128 0.3740709139116495 0
2665 0.1783209567138273 0.4491275730279989 0
2666 0.1326705070482024 0.1476128961143211 0
2667 0.8523871038850189 0.8673294929512068 0
2668 0.3432092626377945 0.5624037528553621 0
2669 0.3025746199955859 0.908826598655503 0
2670 0.342962323711009 0.8023616825708031 0
2671 0.3462226670118558 0.3614967094442858 0
2672 0.5062708169329204 0.8288539829027843 0
2673 0.4761730051685814 0.7341229688229014 0
2674 0.7214456413939208 0.7368420984564401 0
2675 0.1802196779568358 0.7862749989732347 0
2676 0.1938792759320515 0.7424124390893693 0
2677 0.1197301953723572 0.715336399918812 0
2678 0.2967983353517877 0.3924058399784753 0
2679 0.1984631584676961 0.4878354295449893 0
2680 0.5238871587516601 0.9133464770542532 0
2681 0.08665352294511973 0.4761128412460516 0
2682 0.1969544081413674 0.5697379880055378 0
2683 0.4971710309671436 0.7414641306583946 0
2684 0.2647366639884358 0.542905798110892 0
2685 0.1141647701333818 0.1276475882267554 0
2686 0.8723524117726801 0.8858352298661034 0
2687 0.2831921418455556 0.3209877474592761 0
2688 0.3214178550185673 0.3992235554390051 0
2689 0.3598759963195328 0.4451503451772486 0
2690 0.2745520388369782 0.6294647603533198 0
2691 0.2814613083308466 0.5208311382269337 0
2692 0.1929486534433875 0.6756663959028955 0
2693 0.2761149850024934 0.7298075037053769 0
2694 0.4715733321095577 0.7543086012335282 0
2695 0.2761067372585454 0.5073387428573229 0
2696 0.3389430963020059 0.8538481341729578 0
2697 0.1452867789745034 0.8397007288952365 0
2698 0.2263697575977571 0.7463399091400527 0
2699 0.5146543877631546 0.9742418597207305 0
2700 0.025758140279421 0.4853456122346523 0
2701 0.05688586125263073 0.9303095308995175 0
2702 0.6319368142286711 0.7345323806248757 0
2703 0.3643211759608635 0.5621631212960522 0
2704 0.09412003253902687 0.5293508029640134 0
2705 0.4706778193934533 0.9058966023694942 0
2706 0.5007224434485811 0.9542312279039621 0
2707 0.04576877209597841 0.4992775565492663 0
2708 0.2648560056073298 0.8981023652933164 0
2709 0.08313338575227933 0.5351961531934579 0
2710 0.4648038468044655 0.9168666142472105 0
2711 0.2359666055983863 0.7188863803115222 0
2712 0.05510557080082128 0.8318300356859296 0
2713 0.08162036714793655 0.6272562385523057 0
2714 0.3868583613792529 0.5737045350533497 0
2715 0.4728335166557181 0.4859837203337414 0
2716 0.8018055404227686 0.989241327101921 0
2717 0.01075867289837673 0.1981944595764134 0
2718 0.1667539020669145 0.7997300119786976 0
2719 0.2421330659816983 0.8990946195438356 0
2720 0.3257960270233409 0.449002756273175 0
2721 0.730810680364477 0.843363221242175 0
2722 0.1566367787571301 0.2691893196343386 0
2723 0.1573753951788457 0.7485366719401005 0
2724 0.3195311925699042 0.3634863451558151 0
2725 0.123415934314546 0.6186188976074025 0
2726 0.4402296708110397 0.5562646692239879 0
2727 0.1722984823155084 0.5916938137170662 0
2728 0.1394224658990128 0.9391313738550018 0
2729 0.3708506424999007 0.6619876903596658 0
2730 0.2559788322082194 0.6179465914305488 0
2731 0.2434986514092163 0.7078181804879695 0
2732 0.01067517910962452 0.9191724698833317 0
2733 0.08028813391298761 0.9889591625255452 0
2734 0.2823757041812937 0.7116973407241098 0
2735 0.5729374253150926 0.9734561264782295 0
2736 0.02654387352135769 0.4270625746831355 0
2737 0.5144734209080506 0.8533394260832634 0
2738 0.2402358046049565 0.8699066176606176 0
2739 0.3728133139189899 0.9184501461520487 0
2740 0.5616596277961436 0.6935403917256481 0
2741 0.1039259788493095 0.5385675202147173 0
2742 0.4614467170239491 0.8960769203559293 0
2743 0.689397227961267 0.7838524635105489 0
2744 0.8286465178074538 0.9905419811320698 0
2745 0.009458018867680641 0.1713534821928321 0
2746 0.3050597528710151 0.9406299977777817 0
2747 0.4070012498823488 0.4745852548521131 0
2748 0.5761041971435559 0.5900195096182083 0
2749 0.0798551022827021 0.7533915330936525 0
2750 0.009812835830027232 0.2184801421216134 0
2751 0.7815198578778206 0.9901871641694916 0
2752 0.2132538784079631 0.8177041268599942 0
2753 0.7442915975413091 0.8702963241717432 0
2754 0.1297036758276199 0.2557084024575458 0
2755 0.1182378524520198 0.7648943451401564 0
2756 0.1391230173033178 0.5860896293766007 0
2757 0.4142466829487103 0.8622548511440683 0
2758 0.008855985714079631 0.9777452725367259 0
2759 0.02252562990716239 0.991239152799677 0
2760 0.4949504808386428 0.5093460265295169 0
2761 0.5652918255381939 0.7651116982999803 0
2762 0.01056406277631517 0.7576701273661828 0
2763 0.2423306400360403 0.9894337185052651 0
2764 0.1626371165451931 0.4845725964432826 0
2765 0.009895195859409178 0.5036423285564285 0
2766 0.4963576714442111 0.9901048041406895 0
2767 0.1230723215218048 0.6870945434200375 0
2768 0.3664070945552964 0.6847220517334587 0
2769 0.7980109629089832 0.9123556344087493 0
2770 0.08764436559083935 0.2019890370900589 0
2771 0.2573673461842766 0.7245609458686115 0
2772 0.4736441726736756 0.6520262607974232 0
2773 0.1095736476347747 0.5734321743117226 0
2774 0.4265689190763775 0.8904280572025075 0
2775 0.5961190709954205 0.6435897149316187 0
2776 0.9376314450708567 0.9740663693032932 0
2777 0.02593363069662484 0.06236855492888491 0
2778 0.4143946719453855 0.48361370142141 0
2779 0.333909461829934 0.726493091580562 0
2780 0.05709354770750639 0.5237556050011131 0
2781 0.4762443949963354 0.9429064522919404 0
2782 0.5430217743222547 0.5773345831478307 0
2783 0.01112896035973527 0.6394103963116256 0
2784 0.3605896036872122 0.9888710396398289 0
2785 0.1612109145100584 0.395873852201001 0
2786 0.3452706518590741 0.5214113331211923 0
2787 0.5479177308541369 0.8417299492825319 0
2788 0.4741657276272011 0.5719873894975159 0
2789 0.3550415077410695 0.7331612604550066 0
2790 0.1667726963063975 0.3755397928837547 0
2791 0.3732343381767496 0.3887390352839697 0
2792 0.5629652741187674 0.7533497391634075 0
2793 0.09933319047896136 0.8550352156397116 0
2794 0.08265748524621458 0.8318977605415525 0
2795 0.4241666583586491 0.7614392552539149 0
2796 0.838459479955562 0.8525910452799085 0
2797 0.1474089547194297 0.1615405200437232 0
2798 0.1469781198975577 0.5691335857900485 0
2799 0.5336623497857296 0.9347886357854587 0
2800 0.06521136421409593 0.4663376502122422 0
2801 0.7082068538023399 0.8285379540082576 0
2802 0.1714620459909721 0.291793146196362 0
2803 0.4156172912649645 0.8351017155014782 0
2804 0.4027644012924026 0.8267140455137164 0
2805 0.3972164502424174 0.5954739020832387 0
2806 0.4484010108757348 0.4628278876702677 0
2807 0.240909905181208 0.784038650089085 0
2808 0.395522388061349 0.9914846607606752 0
2809 0.008515339238306352 0.6044776119416552 0
2810 0.6122812214526266 0.7474753477177843 0
2811 0.4655084325614962 0.5540182619578866 0
2812 0.5842708089845279 0.8631783494227104 0
2813 0.1993435025737521 0.6282155480579874 0
2814 0.3059508487134445 0.5476928765215947 0
2815 0.8637776974947371 0.9182593056217381 0
2816 0.08174069437792153 0.1362223025046638 0
2817 0.3076272230823002 0.4550710373099021 0
2818 0.2500403732345208 0.8380167709707781 0
2819 0.1649238243005596 0.8509453474898045 0
2820 0.8459222505770826 0.9619150222605191 0
2821 0.03808497773935307 0.1540777494222643 0
2822 0.6698760525934511 0.866213006570268 0
2823 0.1337869934290845 0.3301239474050813 0
2824 0.1805532547599822 0.6568426109967759 0
2825 0.0231108988018976 0.3883743697774162 0
2826 0.6116256302221208 0.9768891011965108 0
2827 0.1624184333070302 0.6529452110348826 0
2828 0.1781723082077747 0.2158320740512089 0
2829 0.7841679259478141 0.8218276917914451 0
2830 0.07701144555482797 0.6880925805647818 0
2831 0.1877128062855533 0.7335049762240561 0
2832 0.7700140628083247 0.8095950058548408 0
2833 0.1904049941443106 0.2299859371906363 0
2834 0.2879733817916789 0.4379707047920224 0
2835 0.2017581129191012 0.7806178833865377 0
2836 0.03025847547433733 0.8546389110719309 0
2837 0.4320668039604713 0.824177074905284 0
2838 0.6956050080388374 0.7112691592948928 0
2839 0.3605679318487556 0.4310322804972482 0
2840 0.2188103532845629 0.5033245218032135 0
2841 0.5464227528681713 0.720766764842242 0
2842 0.06235321990836033 0.8896796231406655 0
2843 0.146254746773364 0.8611027377819491 0
2844 0.1342548771570054 0.8589542773844401 0
2845 0.157559312363026 0.7036940254285122 0
2846 0.3940737905457528 0.4897211335357234 0
2847 0.2578785061045355 0.2916050044244328 0
2848 0.5119916607069492 0.875968716178249 0
2849 0.02731691813306258 0.7240900179064417 0
2850 0.2758640912512931 0.9727374587014752 0
2851 0.7019156624083196 0.9732076472874782 0
2852 0.02679235271235985 0.2980843375906088 0
2853 0.1708652566751148 0.7457893737361481 0
2854 0.7212973668455165 0.9735898890987585 0
2855 0.02641011090156866 0.2787026331533831 0
2856 0.122439274707682 0.4711329875909807 0
2857 0.6996737881502606 0.8720641983681539 0
2858 0.1279358016312416 0.3003262118483928 0
2859 0.374925055611914 0.649003757287036 0
2860 0.3387752642767008 0.4282803459329274 0
2861 0.06061746719207684 0.6941799247375068 0
2862 0.1957212738115636 0.5880065499112852 0
2863 0.2243852421012379 0.3635232404537919 0
2864 0.1267415612856461 0.5616016353625781 0
2865 0.4382878307614873 0.8734724462927813 0
2866 0.5841454363265071 0.9006083033469051 0
2867 0.09932245995656293 0.4158318702284626 0
2868 0.06222843181324788 0.746237577857728 0
2869 0.5836302783738647 0.8302824322736754 0
2870 0.5954440197064577 0.8134632744456575 0
2871 0.1801879875509702 0.8649644374069498 0
2872 0.372491069005688 0.4477398462095875 0
2873 0.2703584178515711 0.5639565476022488 0
2874 0.4824734211264829 0.8413627884718918 0
2875 0.2515174364953772 0.8262814831398638 0
2876 0.2102922401393529 0.7577514205589839 0
2877 0.7366482984184651 0.8788584860557039 0
2878 0.1211415139437397 0.2633517015804064 0
2879 0.9256139124828402 0.9590600885943521 0
2880 0.04093991140546678 0.07438608751681404 0
2881 0.6863117023290831 0.7198952078810579 0
2882 0.04370659635179314 0.5992116363200907 0
2883 0.4007883636786017 0.9562934036480956 0
2884 0.03014949289429432 0.7575267110930589 0
2885 0.2424732889059153 0.9698505071058797 0
2886 0.2181958161600813 0.7931957763538304 0
2887 0.3394327962258228 0.6189833159238153 0
2888 0.4165087209857519 0.9692009838443083 0
2889 0.03079901615335653 0.5834912790150468 0
2890 0.04739926907924109 0.820834944048471 0
2891 0.1900741621612107 0.511536125797021 0
2892 0.6081559775078456 0.8781791011820494 0
2893 0.1219105935661356 0.3920795388920321 0
2894 0.2173342117949452 0.5546553761542391 0
2895 0.69949467080585 0.9191389461430359 0
2896 0.08086105385658768 0.3005053291927256 0
2897 0.1581525825353062 0.9155076127141587 0
2898 0.4987690103850506 0.6561902260720179 0
2899 0.3080274747033545 0.8358941043179241 0
2900 0.2979457919454808 0.8411970678119719 0
2901 0.4204593987944202 0.692376540369089 0
2902 0.421841364645109 0.7057746037355962 0
2903 0.3044064175631692 0.3163287673294914 0
2904 0.918950932837568 0.9763976303243431 0
2905 0.02360236967564437 0.08104906716208589 0
2906 0.3624132938221189 0.8077334532104032 0
2907 0.457273142579725 0.9701774463756725 0
2908 0.02982255362416292 0.5427268574176014 0
2909 0.2330687006384539 0.3701174811519282 0
2910 0.2171832790906806 0.4823725502398267 0
2911 0.572349641368523 0.903022202883609 0
2912 0.09696770612700972 0.4276481098573878 0
2913 0.2316354481305896 0.4568552415677977 0
2914 0.4671237604278159 0.7747785612615675 0
2915 0.00968076098271148 0.4721957735044769 0
2916 0.5278042264932903 0.990319239015263 0
2917 0.1094121226025046 0.8740089558711354 0
2918 0.3958609446499163 0.4781162762702473 0
2919 0.4984887023790512 0.7942883876971578 0
2920 0.2789632957082872 0.3593637321190899 0
2921 0.6469049988150601 0.6810461133199959 0
2922 0.101101777062925 0.5529508790796038 0
2923 0.4470514249579498 0.8989001743053591 0
2924 0.2082819159510432 0.9784876035377779 0
2925 0.02164213731847113 0.7920005391814455 0
2926 0.4401668057288464 0.703525846386569 0
2927 0.08247555382504262 0.7861538608569001 0
2928 0.0649133615674061 0.5954703490645255 0
2929 0.4045296509337857 0.9350866384323988 0
2930 0.5539836087525185 0.9401451040769663 0
2931 0.05985489592249878 0.4460163912455567 0
2932 0.1309802967827718 0.9730764324461604 0
2933 0.1515845162469989 0.5913690652659913 0
2934 0.4631550899666295 0.4755699527578566 0
2935 0.287780086226636 0.6814102373173448 0
2936 0.6939019923164442 0.73254772670045 0
2937 0.2559722379888556 0.4451470165524712 0
2938 0.1203608788053208 0.5800672746745026 0
2939 0.4199574197043696 0.8796453253112351 0
2940 0.0490722876071057 0.7301424557596625 0
2941 0.2697394048587652 0.9509082321557278 0
2942 0.04112276425551943 0.7385650180725281 0
2943 0.2611615417031238 0.9584804943469145 0
2944 0.2625910951757283 0.7689864458515481 0
2945 0.4291549582360632 0.9117661021093126 0
2946 0.08823389788985904 0.5708450417614548 0
2947 0.4234952323079128 0.9223268393154687 0
2948 0.07767316068346618 0.5765047676897326 0
2949 0.2032410011521088 0.9037520474230357 0
2950 0.1314898001583236 0.4560520974846301 0
2951 0.5436289042759543 0.8697849748426264 0
2952 0.2727712520615526 0.6590981138830889 0
2953 0.1353898463791415 0.4220079446082232 0
2954 0.1112835776615511 0.9272911061747897 0
2955 0.3661124131799317 0.9724563424403988 0
2956 0.0275436575596666 0.6338875868186022 0
2957 0.6879859563487055 0.9151472834280634 0
2958 0.08485271657153286 0.3120140436498873 0
2959 0.06542709911096264 0.8696975008628273 0
2960 0.7468404888033885 0.9092128265744656 0
2961 0.09078717342497483 0.2531595111953167 0
2962 0.3743803676616714 0.8961644830385818 0
2963 0.4719385645206131 0.5321343648297585 0
2964 0.469695407937603 0.6769030221495593 0
2965 0.5151396908796229 0.5966755043666219 0
2966 0.4311523604065278 0.442531850117521 0
2967 0.1064632134543342 0.6265569255828504 0
2968 0.06038219204160317 0.626044842556907 0
2969 0.3739228574002708 0.9396055798963161 0
2970 0.2685311890834904 0.4506690862325229 0
2971 0.2055738597359278 0.7990951935135182 0
2972 0.5355106431418042 0.723490271421091 0
2973 0.2061770123388906 0.501553405710051 0
2974 0.09505781552696302 0.9091230379198028 0
2975 0.3228558110941808 0.6413744213180339 0
2976 0.271716652559098 0.484628411264392 0
2977 0.3590111138663 0.4653453226158349 0
2978 0.3974267064388702 0.870853157118026 0
2979 0.1251817792850673 0.6002718893035699 0
2980 0.3893674363186492 0.8781759931381152 0
2981 0.2149457518688666 0.3120178461677453 0
2982 0.7761917539161178 0.9123967194900438 0
2983 0.08760328050960642 0.2238082460828205 0
2984 0.7791303249912633 0.9245073264679632 0
2985 0.07549267353181832 0.2208696750077854 0
2986 0.4240122838799446 0.795547141416926 0
2987 0.7643334304521276 0.8345148511939627 0
2988 0.1654851488052972 0.2356665695468239 0
2989 0.455844303045401 0.5982586364724753 0
2990 0.6282414521991937 0.9311947765166521 0
2991 0.06880522348293419 0.3717585477993175 0
2992 0.7434153440247018 0.8903435377408871 0
2993 0.1096564622585609 0.2565846559741359 0
2994 0.09558469088659977 0.7704316840057881 0
2995 0.5829430961383955 0.7217514766279364 0
2996 0.332920654785702 0.3686191873450687 0
2997 0.5998071003965488 0.6115149912454205 0
2998 0.2033386818905913 0.8116538373260452 0
2999 0.05651233238892817 0.6038396240420253 0
3000 0.3961603759565008 0.9434876676111316 0
3001 0.5590452329525538 0.8385447765496332 0
3002 0.008223576214135674 0.2609644572037999 0
3003 0.7390355427973589 0.9917764237864173 0
3004 0.4025179687895424 0.7922238743165676 0
3005 0.2607188109248021 0.8230122683501935 0
3006 0.6414902041094104 0.6533715292170147 0
3007 0.146140736365324 0.6628385365811842 0
3008 0.471304720695215 0.847327564160163 0
3009 0.2316785144754416 0.3809590830397435 0
3010 0.3429999261676586 0.7817583755323019 0
3011 0.1664272167081942 0.7645309823761453 0
3012 0.3423498417575808 0.4804205303957175 0
3013 0.141205043457159 0.6068135948342767 0
3014 0.3927472498235745 0.8603620900704014 0
3015 0.3961830226659604 0.8384649269228862 0
3016 0.2559804456039044 0.4348559390406297 0
3017 0.02930494066082624 0.9745058659467205 0
3018 0.1429709807752103 0.717022705410961 0
3019 0.2653137172153515 0.6019312486719215 0
3020 0.1283323829493928 0.4004971651566761 0
3021 0.3328756170062879 0.4969974791450129 0
3022 0.4782127495558304 0.785154819094789 0
3023 0.3290453763712497 0.4116687045856431 0
3024 0.1154743615197672 0.6378319095688936 0
3025 0.1682476732137556 0.6038230760365233 0
3026 0.3138993753225989 0.8902564578250377 0
3027 0.1921767106588864 0.6376567638716323 0
3028 0.1984226319401032 0.7609291169974179 0
3029 0.2556913651921257 0.3829476499955761 0
3030 0.8600518226217515 0.9309529535168168 0
3031 0.0690470464829195 0.1399481773776197 0
3032 0.4539101356203112 0.6452569313555225 0
3033 0.02199224016859811 0.406593371256673 0
3034 0.5934066287422552 0.9780077598305186 0
3035 0.1961757025560405 0.8348191190374235 0
3036 0.3630918406196751 0.8514951217753873 0
3037 0.8541716733399803 0.9497184096288596 0
3038 0.05028159037094852 0.1458283266593924 0
3039 0.1134993311329239 0.8533547435806716 0
3040 0.04683309840560734 0.800733304854749 0
3041 0.2169180783494918 0.7672582709481559 0
3042 0.4954398251947932 0.9330370542067615 0
3043 0.06781811252164295 0.5046756394480079 0
3044 0.0218932046813571 0.9250175961749081 0
3045 0.07234223407233539 0.9781080946049499 0
3046 0.2998344697426049 0.8547093706245465 0
3047 0.1276310168389004 0.6729356085866665 0
3048 0.1524634634160167 0.5501858175118756 0
3049 0.4206661440419615 0.6003145866018377 0
3050 0.7358024712500949 0.8016943868026033 0
3051 0.1983056131965314 0.2641975287487059 0
3052 0.04113636516646288 0.851193150013636 0
3053 0.7022784734201273 0.9378586278721046 0
3054 0.06214137212763782 0.297721526578523 0
3055 0.1938788560367706 0.7721054431805652 0
3056 0.5610451291903436 0.9910796374459456 0
3057 0.008920362556114572 0.4389548708077857 0
3058 0.6457710385706872 0.9202764277730614 0
3059 0.07972357222654979 0.3542289614278472 0
3060 0.7050486362765028 0.7168147547831021 0
3061 0.2499229344373411 0.5584464986141218 0
3062 0.2721001105765636 0.3031309466194509 0
3063 0.6449105499630003 0.8639458911512312 0
3064 0.1360683138215201 0.3551600409198615 0
3065 0.1189984251496674 0.9444956001815195 0
3066 0.1035218343364697 0.7809924549461389 0
3067 0.1786878509663374 0.9676811800245104 0
3068 0.9140650639944889 0.9266244758148435 0
3069 0.07337552418482045 0.08593493600511642 0
3070 0.3408460651148579 0.716899546644199 0
3071 0.8100348692250109 0.8216403301649954 0
3072 0.1783596698341726 0.1899651307740748 0
3073 0.4710572239765913 0.6958376214195621 0
3074 0.210265841194027 0.630379999147725 0
3075 0.2427227365144258 0.4008398076521542 0
3076 0.08023763795955995 0.9361783130276661 0
3077 0.0695968421098834 0.9405293286923627 0
3078 0.2106637271680842 0.4628823944101598 0
3079 0.008173325252534615 0.3356659796240763 0
3080 0.6643340203780113 0.991826674747627 0
3081 0.6621509328119147 0.6956244835092911 0
3082 0.4938783251232751 0.6691208275732007 0
3083 0.0243926780326921 0.5955813587940327 0
3084 0.4044186412048151 0.9756073219665361 0
3085 0.8698178912311658 0.89745972861428 0
3086 0.1025402713852544 0.1301821087682665 0
3087 0.545476976387973 0.5581624949272498 0
3088 0.7265653790120787 0.8993736422298686 0
3089 0.1006263577696556 0.2734346209867154 0
3090 0.02968848231201361 0.7363629383650883 0
3091 0.263736510655372 0.9701577520399989 0
3092 0.7251781320041105 0.9112768243184071 0
3093 0.08872317568115572 0.274821867994642 0
3094 0.7575288178323352 0.7689976830578353 0
3095 0.2310023250765864 0.2424886274115163 0
3096 0.3912117047855608 0.7818396011872751 0
3097 0.2206849676013911 0.5385972201020768 0
3098 0.294639066302137 0.6741517330068029 0
3099 0.4688963295049631 0.8032472735231273 0
3100 0.3209053065983337 0.9592277314066084 0
3101 0.887214209026624 0.9911108867725225 0
3102 0.008889113227418524 0.1127857909731275 0
3103 0.5035564638648818 0.6775969302616862 0
3104 0.6738631605839404 0.9018038836831007 0
3105 0.09819611631639757 0.3261368394145974 0
3106 0.2360268207590853 0.5601037165916928 0
3107 0.4568870664457775 0.7839237881925559 0
3108 0.8873380886131859 0.9553024189017778 0
3109 0.04469758109797907 0.1126619113863291 0
3110 0.2417146357903032 0.8173400794718856 0
3111 0.145208398232136 0.6393270339854648 0
3112 0.04729446837576955 0.9397499946466323 0
3113 0.1246019186997856 0.8890968107281152 0
3114 0.412873698893885 0.7239598126618472 0
3115 0.02470537227290294 0.9622399647736428 0
3116 0.4780493063096961 0.5953511133892607 0
3117 0.1757859736758485 0.43856470422431 0
3118 0.2555132841264893 0.466569465130618 0
3119 0.4856799525022837 0.6353623136047633 0
3120 0.4816321098557773 0.6135181779688288 0
3121 0.1901213693530563 0.7529028069447807 0
3122 0.1302779320895744 0.6385277630082278 0
3123 0.1854305051560543 0.5278469480419575 0
3124 0.3493233121246114 0.3805558969289038 0
3125 0.3230391419072068 0.7226207403131538 0
3126 0.3368091535984055 0.5915207689127155 0
3127 0.2553899505294956 0.9370233480754825 0
3128 0.1113540589299095 0.7549525137022625 0
3129 0.1315093167325829 0.4770003109147505 0
3130 0.2323218782586411 0.83329067754655 0
3131 0.04127673743697081 0.6789998379552948 0
3132 0.2937153562432672 0.6155729899169556 0
3133 0.2371920507368471 0.9503431247926134 0
3134 0.2572491999927214 0.9184418422741361 0
3135 0.2388920671848312 0.4810738707269783 0
3136 0.06569524852263459 0.7713281369726765 0
3137 0.8353406899115827 0.9803444000264233 0
3138 0.01965559997380529 0.1646593100879534 0
3139 0.2395969161421684 0.5866629274401637 0
3140 0.07821552240119078 0.555072811419032 0
3141 0.4449271885786319 0.9217844775977735 0
3142 0.5564040996276086 0.6709190108107914 0
3143 0.8350828136415004 0.9574247965330042 0
3144 0.04257520346683854 0.1649171863577828 0
3145 0.6242474244521476 0.6809930524870448 0
3146 0.8522534967392417 0.9128532181265632 0
3147 0.08714678187306865 0.1477465032601218 0
3148 0.6300679496111357 0.8817816822260536 0
3149 0.1182825418581042 0.3699234466385661 0
3150 0.305990256876275 0.9914771522352338 0
3151 0.008516330823574138 0.6940038798473717 0
3152 0.09351011282668353 0.3969656285392099 0
3153 0.6030594178114829 0.9064979317388095 0
3154 0.4007432073654202 0.5160219903700063 0
3155 0.4987105689816227 0.7283188771607207 0
3156 0.3753516603446414 0.5570426743047832 0
3157 0.4148524040118977 0.6085071776051096 0
3158 0.7196474709933939 0.8217011145212668 0
3159 0.1782988628313328 0.2803525023430418 0
3160 0.6600239486758265 0.7461872750357985 0
3161 0.3714633236976622 0.539805487450052 0
3162 0.5517344281908925 0.5890636014679818 0
3163 0.4451609510021128 0.7155619021041942 0
3164 0.5469531317650683 0.6290907665095825 0
3165 0.3837929887718684 0.9776247285520769 0
3166 0.0223752714480252 0.61620701122704 0
3167 0.03392007157249841 0.8215923298613118 0
3168 0.4894393124712836 0.8769340565331932 0
3169 0.1232316564972455 0.5095481227065459 0
3170 0.4368173292602527 0.5177521052391938 0
3171 0.8695751811699975 0.9472413688658797 0
3172 0.05275863113386389 0.1304248188294379 0
3173 0.152354653820136 0.8505173733488126 0
3174 0.1325932188508483 0.8969438605494731 0
3175 0.09113770026074842 0.9192179801006848 0
3176 0.7185435030173138 0.9212529030449459 0
3177 0.07874709695467348 0.281456496981405 0
3178 0.2142499697842703 0.4256957140771502 0
3179 0.3857155168911169 0.5931757226524503 0
3180 0.2032426061498555 0.4240149416626018 0
3181 0.1595402890461183 0.5194192895839556 0
3182 0.6764917677471165 0.9607479049062491 0
3183 0.03925209509474428 0.3235082322519419 0
3184 0.6668566467168022 0.9122472883416878 0
3185 0.08775271165786093 0.3331433532817349 0
3186 0.1860330035370197 0.949204888867955 0
3187 0.2001304665803076 0.5120922902578192 0
3188 0.5542360789935905 0.7707685147085931 0
3189 0.4915590487609517 0.8483906315514913 0
3190 0.1975649859415025 0.9526699765306098 0
3191 0.1135079217664587 0.5010607338988552 0
3192 0.3409411575923645 0.9267316709933843 0
3193 0.05919394420974847 0.9781166354071005 0
3194 0.2782364256906456 0.9014234973336392 0
3195 0.1255494249882049 0.9087958410699961 0
3196 0.2544248324465316 0.8047884310861859 0
3197 0.16875644267948 0.684542409287313 0
3198 0.4362289934303566 0.6189745171857856 0
3199 0.217910697412526 0.9448305767359633 0
3200 0.05653573129061715 0.8798985856159176 0
3201 0.2040361508110059 0.7395296444872216 0
3202 0.2954843197793366 0.4026410101087652 0
3203 0.3365869461151514 0.7906723586736173 0
3204 0.2098169163479195 0.9391558974416143 0
3205 0.7070897589595767 0.2929102410378207 0
3206 0.7874009844732153 0.4895790813968499 0
3207 0.51437411825129 0.2127291555596375 0
3208 0.8243805680086516 0.1717478660389594 0
3209 0.8481561356886146 0.6299270096079514 0
3210 0.3694525458542771 0.1536048486214298 0
3211 0.5678001054199435 0.3533667641644382 0
3212 0.8490932099552162 0.3493206854777928 0
3213 0.6508882669856226 0.1517889052746693 0
3214 0.6536688109531695 0.46189328752242 0
3215 0.2674604536149213 0.1107826196040669 0
3216 0.8892173803954417 0.7325395463838906 0
3217 0.743585820680763 0.5886326850549189 0
3218 0.4085353023525731 0.2553596116663829 0
3219 0.8903068909042406 0.5292406592326593 0
3220 0.472495327864756 0.1102009148150534 0
3221 0.736850981840241 0.3941891775334899 0
3222 0.6063561633125767 0.2559249833793777 0
3223 0.7476134313020456 0.1097526535401419 0
3224 0.895269170405991 0.2540826269421776 0
3225 0.8991735553935319 0.1004888853184852 0
3226 0.4714092381502447 0.3324025187982531 0
3227 0.900832073010652 0.4343329274399571 0
3228 0.5656670725572819 0.09916792698858219 0
3229 0.7964119973272326 0.2618019635701377 0
3230 0.7315946726477256 0.1982392746115909 0
3231 0.5680369776463956 0.4409189764026811 0
3232 0.6537001515595258 0.3641087994919513 0
3233 0.6691511971153777 0.5457391292573771 0
3234 0.1922501868246151 0.07993486465082236 0
3235 0.9200651353488222 0.8077498131745304 0
3236 0.8217337810831092 0.08042034607410556 0
3237 0.9199371125436215 0.1787096079084108 0
3238 0.2969817083403737 0.1839654238544469 0
3239 0.8160345761447358 0.7030182916583068 0
3240 0.3411644639142253 0.07785822061162712 0
3241 0.9221417793880264 0.6588355360842539 0
3242 0.9228119486544104 0.3283008933188261 0
3243 0.6755275861444858 0.07781130050883017 0
3244 0.8155352790142688 0.5602264961234187 0
3245 0.4406990788263616 0.1852338257291596 0
3246 0.5332627436937225 0.2848079920934062 0
3247 0.8239380545212841 0.4184171527798655 0
3248 0.5780570709805146 0.1740149898734116 0
3249 0.5026042888038094 0.400127062824178 0
3250 0.7783192063132921 0.3329012983456406 0
3251 0.717008486395698 0.4928987906907257 0
3252 0.3408219345877891 0.2405200789366994 0
3253 0.7598461445197253 0.6586745271651431 0
3254 0.4093742253734414 0.07400662588131127 0
3255 0.9259933741183761 0.5906257746247158 0
3256 0.6011324535553558 0.5041307043370213 0
3257 0.6651590202884997 0.2209068861547329 0
3258 0.4092798118519025 0.3180545477375499 0
3259 0.93654030435812 0.4851474032404413 0
3260 0.5148525967569537 0.06345969564147819 0
3261 0.4746311476149248 0.2631154378741304 0
3262 0.8517126369157801 0.4808234381084521 0
3263 0.5179786847619365 0.1471116619118427 0
3264 0.6169813583328382 0.3160099425868996 0
3265 0.6155532813453612 0.06039069085412078 0
3266 0.9396093091462022 0.3844467186530607 0
3267 0.6202920207878586 0.4126662086182876 0
3268 0.6874401043319316 0.6030649571202855 0
3269 0.9433459879817561 0.05879362906540836 0
3270 0.1398123162847179 0.05867474809887965 0
3271 0.9413252519008597 0.8601876837146607 0
3272 0.8509550642391586 0.2878982939225962 0
3273 0.7744827091998168 0.1587997994116663 0
3274 0.2132471268999848 0.1349461065264382 0
3275 0.8650538934729584 0.7867528730990676 0
3276 0.2462752785718578 0.05552841179467766 0
3277 0.9444715882050781 0.7537247214270406 0
3278 0.8434737452424375 0.22530972284077 0
3279 0.7063344302214103 0.1482324091535894 0
3280 0.6838445946837914 0.4118858703789756 0
3281 0.7550138109267504 0.5326705003952992 0
3282 0.7728836637781833 0.0558932421810913 0
3283 0.9470025900046948 0.2267240183627227 0
3284 0.3182954715510187 0.1354038385779268 0
3285 0.8645961614214701 0.6817045284475682 0
3286 0.7459348928177519 0.2507013042381123 0
3287 0.7068592128783615 0.3490423324956737 0
3288 0.7935935983302536 0.614111460867639 0
3289 0.3843933264700057 0.2064982853562828 0
3290 0.8742516151896148 0.5821597214626175 0
3291 0.4163516682230107 0.1258562570030862 0
3292 0.7495658494622469 0.4490705822701283 0
3293 0.7885604567021225 0.2088906302909426 0
3294 0.870746295468411 0.05451136720886021 0
3295 0.9459862066879972 0.1311436446835686 0
3296 0.3646651345343821 0.2886756217821454 0
3297 0.9463261877899606 0.5391146166208831 0
3298 0.4608853833768871 0.05367381220969813 0
3299 0.5633775118470934 0.2241568575998303 0
3300 0.6544999636485989 0.2848200213184251 0
3301 0.8760567693905801 0.148013825520518 0
3302 0.7904996934472882 0.3860681486058932 0
3303 0.9492107174932852 0.2813474195436468 0
3304 0.7186727154959016 0.05126742253041197 0
3305 0.4550074548405061 0.383717374384722 0
3306 0.8874250461111125 0.3821603887448924 0
3307 0.617932360186485 0.1121076533093966 0
3308 0.2447353976688723 0.1729038737605072 0
3309 0.827096126238727 0.7552646023300397 0
3310 0.2985093589352799 0.05026150592826421 0
3311 0.9497384940715113 0.7014906410633924 0
3312 0.6188742222275815 0.2078667111977666 0
3313 0.5229957930398879 0.3328263189872227 0
3314 0.5181628185014874 0.4471542299598242 0
3315 0.6206060216832725 0.5547018068728896 0
3316 0.9507796641958924 0.4377737288709705 0
3317 0.5622262711260891 0.04922033580371418 0
3318 0.7125681506979347 0.6445393586998441 0
3319 0.5557469329157485 0.4883210900713992 0
3320 0.8103702890823582 0.1269143598363319 0
3321 0.5520927703636233 0.397165861106884 0
3322 0.5775975616398661 0.2923157950788533 0
3323 0.8758144095826013 0.1921309620998553 0
3324 0.2963228432105532 0.2308302309391847 0
3325 0.7693607840902233 0.7041894768565004 0
3326 0.6437769722534945 0.505472986680843 0
3327 0.7134963512021812 0.5551381917310523 0
3328 0.3722573161962109 0.04606914961193585 0
3329 0.9539308503878658 0.6277426838021379 0
3330 0.343631134542566 0.1907719779066742 0
3331 0.8092280220924776 0.6563688654559061 0
3332 0.8440970961820602 0.5242382039626807 0
3333 0.4729874544225093 0.155845849413737 0
3334 0.3747904267115416 0.1077553813851059 0
3335 0.8922446186144168 0.6252095732867975 0
3336 0.6696964724261614 0.3222765985230271 0
3337 0.608650695350902 0.4594920914395719 0
3338 0.6109501198087764 0.3657505974568191 0
3339 0.6966120628457175 0.2510410973169803 0
3340 0.7517071791880583 0.2959047199377576 0
3341 0.8556692606168165 0.1071719657068218 0
3342 0.4447666244890114 0.2290412415578102 0
3343 0.6462418991762817 0.5844573164307484 0
3344 0.7063530272715873 0.4504597399264673 0
3345 0.446405500486799 0.2965639456793223 0
3346 0.8933332457303169 0.4746728794567035 0
3347 0.5253271205404999 0.1066667542692258 0
3348 0.8089110838181469 0.3044078045097298 0
3349 0.8807789778007964 0.3187743992078564 0
3350 0.4198786187117804 0.3600045123451923 0
3351 0.1009621901393366 0.04180741585075241 0
3352 0.9581925841490612 0.8990378098602165 0
3353 0.7919738554774548 0.4468769816965277 0
3354 0.6816796141517852 0.1802598589139649 0
3355 0.9576690244267427 0.3465218381417404 0
3356 0.6534781618564958 0.04233097557338301 0
3357 0.1552168194098172 0.09645029009226229 0
3358 0.9035497099073089 0.8447831805894932 0
3359 0.1779342188443579 0.04155181866682194 0
3360 0.9584481813329946 0.8220657811548508 0
3361 0.6769278874381103 0.1170191376278412 0
3362 0.8115839575672354 0.0400181407589708 0
3363 0.9589584356042532 0.1904937073942765 0
3364 0.492800249070812 0.2977054930305689 0
3365 0.8620322521635921 0.4410174052910137 0
3366 0.5590006041177299 0.139187665686944 0
3367 0.7853376022536031 0.09564038541835017 0
3368 0.226365040622996 0.09894423421877219 0
3369 0.9010557657807832 0.7736349593759979 0
3370 0.8485965669310368 0.3907323380760159 0
3371 0.6064781172309957 0.1535841446651592 0
3372 0.2787538599894442 0.149542019569119 0
3373 0.8504579804302207 0.7212461400093169 0
3374 0.3021977423736796 0.09103036495102081 0
3375 0.9089696350485776 0.6978022576249766 0
3376 0.5113412223551328 0.2514554081707165 0
3377 0.5384445430501775 0.1824692695094565 0
3378 0.9054529694586277 0.04115349070010382 0
3379 0.9579443755302586 0.09223328560481737 0
3380 0.7768623850303908 0.5669929489912888 0
3381 0.7938633771188218 0.5274895707678587 0
3382 0.7083586961157741 0.09497493851451663 0
3383 0.265539305398694 0.20947781813164 0
3384 0.790522181867458 0.7344606946000926 0
3385 0.7464537667763805 0.3570759504956594 0
3386 0.3338015741992005 0.03865776303981061 0
3387 0.9613422369599803 0.6661984257993132 0
3388 0.905617832566795 0.2913428469908679 0
3389 0.8394161911250345 0.5936239794469826 0
3390 0.4074363417778313 0.1644164033361756 0
3391 0.4772916538721194 0.1936286534149928 0
3392 0.9071408280958401 0.217698648085539 0
3393 0.4745124378567783 0.4198898897037397 0
3394 0.4957945530999266 0.3639124452226856 0
3395 0.8103314018245256 0.3524895200800003 0
3396 0.7685942366897758 0.4168259826359766 0
3397 0.331599422926722 0.2737806401256206 0
3398 0.6839752571106184 0.513315036137123 0
3399 0.9591722147049838 0.571916385877794 0
3400 0.4280836141201477 0.04082778529486711 0
3401 0.179510905080096 0.1265730468072519 0
3402 0.8734269531921864 0.8204890949191046 0
3403 0.2164323170031514 0.03746743917374731 0
3404 0.962532560826082 0.7835676829958841 0
3405 0.5544596250283068 0.3186461288286911 0
3406 0.7433755297339785 0.6244143875856877 0
3407 0.7548629624183577 0.497415172457626 0
3408 0.727956830029957 0.6770269309259025 0
3409 0.3791495616988192 0.2444640356192357 0
3410 0.9045924789502163 0.5601990399507002 0
3411 0.4398009600473096 0.09540752104940164 0
3412 0.9140309669247968 0.1428039039498017 0
3413 0.6422715898364371 0.2453171681756001 0
3414 0.5305943659207373 0.3672927308989891 0
3415 0.5551318288158247 0.26268402746144 0
3416 0.5866430424241849 0.5367463124557608 0
3417 0.3780308261277151 0.3243797616434972 0
3418 0.9642136320616985 0.3115380505239856 0
3419 0.6884345651818515 0.03578927253652928 0
3420 0.9643935075569331 0.5073293587890367 0
3421 0.4926706412085244 0.03560649244283176 0
3422 0.5837982699000019 0.3932177837303091 0
3423 0.6889142290640264 0.3781256078055282 0
3424 0.6521204687357867 0.4235250767026499 0
3425 0.7374269342606308 0.1620785611326253 0
3426 0.6473379618373604 0.1866358597134962 0
3427 0.8214564853740181 0.4994128593564186 0
3428 0.7010426860863972 0.213945231244972 0
3429 0.8351918949925861 0.2604623769221494 0
3430 0.4799827638956847 0.2280162006663303 0
3431 0.8240603271044057 0.4570182721526134 0
3432 0.963542556621547 0.03651968007630929 0
3433 0.6850059059303969 0.4762869874680027 0
3434 0.6394373898066765 0.08521431303758853 0
3435 0.9150122804124637 0.3601848533596868 0
3436 0.5932037577184551 0.03421066799256302 0
3437 0.9657893320077929 0.4067962422793701 0
3438 0.8404067011049901 0.1375813838030106 0
3439 0.7342031161459744 0.3243242864651016 0
3440 0.9690071015836575 0.4678524442307946 0
3441 0.5321475557665889 0.03099289841615383 0
3442 0.9665601781557533 0.1571895002621755 0
3443 0.8425030306337756 0.03457189751690595 0
3444 0.8509949060046886 0.5563891319027996 0
3445 0.441888959524349 0.150445988812075 0
3446 0.3984166571383018 0.2865652039254802 0
3447 0.9216421774134079 0.5158487929719 0
3448 0.4841512070256827 0.07835782258617642 0
3449 0.757095958391264 0.2219888102486825 0
3450 0.9675853562931813 0.2530282938467901 0
3451 0.7468900137153538 0.03294314105009915 0
3452 0.2122880585048633 0.1658398644826234 0
3453 0.8341601355166477 0.7877119414941842 0
3454 0.4154103151911285 0.2101259315353802 0
3455 0.2686827552228925 0.03314408813668994 0
3456 0.9668559118631549 0.7313172447759091 0
3457 0.6791546059389564 0.6356247997834061 0
3458 0.2465054113524771 0.1371786695434233 0
3459 0.8628213304559665 0.7534945886464299 0
3460 0.27184409172031 0.07807042012289839 0
3461 0.9219295798767583 0.7281559082784831 0
3462 0.3441480544952328 0.1117225901306672 0
3463 0.8882774098688409 0.65585194550324 0
3464 0.4386205407286138 0.3330914366109902 0
3465 0.7633131411925521 0.1876295846948118 0
3466 0.505252444797573 0.1817338001720341 0
3467 0.7167813613054856 0.419833622669862 0
3468 0.8117296192383412 0.2315430656786666 0
3469 0.6232497996664541 0.2839520976939856 0
3470 0.5837584303181478 0.3270766150922821 0
3471 0.5225771821079169 0.4821771130848317 0
3472 0.8760530454688497 0.2272241116811261 0
3473 0.743741677409866 0.07364319389020758 0
3474 0.9267827243141696 0.2558896922093554 0
3475 0.8733120145847257 0.4107899375640117 0
3476 0.5892100624328713 0.1266879854152766 0
3477 0.725577650447683 0.5239066456061359 0
3478 0.923103631034866 0.4553153782866933 0
3479 0.5446846217105374 0.07689636896456881 0
3480 0.7969254436343934 0.1779806587281427 0
3481 0.4404377451517518 0.264738331101212 0
3482 0.8753105158534666 0.5015749673658989 0
3483 0.4951184494182426 0.1248584564726584 0
3484 0.7185770298252232 0.6055344641990795 0
3485 0.7714929854054686 0.124843957173153 0
3486 0.5854502945354603 0.07122551743365332 0
3487 0.9287744825656584 0.4145497054622847 0
3488 0.8239124957199193 0.2016399502489525 0
3489 0.9260487585169432 0.09049220559360861 0
3490 0.6455307006278723 0.3359293586127771 0
3491 0.3218574630249087 0.1649308875032587 0
3492 0.8350691124960077 0.6781425369736632 0
3493 0.3245907578272135 0.2160486453872668 0
3494 0.7855350111682828 0.6770487009873908 0
3495 0.380584036213777 0.07712887294707205 0
3496 0.9228711270525858 0.61941596378453 0
3497 0.8364888994931808 0.3197902911633231 0
3498 0.5928892252614582 0.2275981358472461 0
3499 0.6883476749576367 0.5716196406864591 0
3500 0.643685153651754 0.3918599826001404 0
3501 0.8638028186116484 0.2664484561544089 0
3502 0.6588370295156919 0.6135481356749594 0
3503 0.8984585614301666 0.07171430718662337 0
3504 0.8792783516289019 0.3519132601218356 0
3505 0.5277374432176214 0.4179923042371748 0
3506 0.784281224612046 0.2883457075796955 0
3507 0.5617075517225893 0.5185868455869622 0
3508 0.4872113954181564 0.4467965549475809 0
3509 0.6226596179639191 0.03192848514779788 0
3510 0.9680715148524142 0.3773403820343192 0
3511 0.3928397441603752 0.3462460260368256 0
3512 0.5838858938882988 0.4777631253996228 0
3513 0.3031687851635643 0.2602740786100683 0
3514 0.9697671582029692 0.6015866721343089 0
3515 0.3984133278638092 0.03023284179685294 0
3516 0.5959023292126411 0.4318405296100789 0
3517 0.07216394138836704 0.03005009008755296 0
3518 0.9699499099123126 0.9278360586113132 0
3519 0.8161324653986505 0.3926778985950008 0
3520 0.6236850912159247 0.4865782931772995 0
3521 0.1289550577454927 0.02918150132607247 0
3522 0.9708184986737984 0.871044942253936 0
3523 0.1117176770282357 0.0707876361560652 0
3524 0.9292123638436205 0.8882823229712677 0
3525 0.7726241394520192 0.2486327707926672 0
3526 0.8018937445357555 0.5844256397580558 0
3527 0.8519502165895696 0.08000169277538727 0
3528 0.7313137953284617 0.1349292892386349 0
3529 0.64694023704445 0.1221518687860974 0
3530 0.6767471461077716 0.4405187061940767 0
3531 0.5331542140600638 0.2301814230544119 0
3532 0.9353057779079932 0.02990097016769961 0
3533 0.9673797677798019 0.06516807988380856 0
3534 0.710072263596651 0.1737136015066059 0
3535 0.7293258397339887 0.226227864939849 0
3536 0.7846597403362694 0.6437708986491105 0
3537 0.3562291013493164 0.2153402596627673 0
3538 0.8981221857544557 0.5959482050979099 0
3539 0.4040517949002969 0.1018778142451099 0
3540 0.8574710649609203 0.173454371806384 0
3541 0.7841189133143516 0.02856094042793306 0
3542 0.9694844820361306 0.2155093373109242 0
3543 0.6845246197260854 0.2740396092834944 0
3544 0.6440706395219611 0.3079807371803019 0
3545 0.7413659741783476 0.5607331476253966 0
3546 0.1670750365643648 0.06937408003300355 0
3547 0.9306259199666869 0.8329249634348918 0
3548 0.2014507959582583 0.109029123099964 0
3549 0.8909708768995508 0.7985492040408428 0
3550 0.2192116303507286 0.06332452843560309 0
3551 0.936675471564106 0.7807883696482907 0
3552 0.799150964304746 0.4127604643965349 0
3553 0.7746908858933046 0.5945023356402986 0
3554 0.6999043677558455 0.3210711372275805 0
3555 0.4268863630865447 0.3883678068332422 0
3556 0.7160206717579094 0.3755200003479995 0
3557 0.6226589290815869 0.5223274017092975 0
3558 0.8181698674690165 0.6301903809771192 0
3559 0.3703236663404141 0.1815425977839464 0
3560 0.8658294866480964 0.6099516691965571 0
3561 0.3911908270537644 0.1336212269762667 0
3562 0.6785082737377932 0.3512465855437982 0
3563 0.5420583852594998 0.4603741415443398 0
3564 0.6046740482930737 0.1799103701437397 0
3565 0.7197046267077759 0.2703507769232682 0
3566 0.6687802487215774 0.2492259874268093 0
3567 0.6191481167899527 0.5788736829872385 0
3568 0.5795486688009859 0.2025022011985683 0
3569 0.7410960484180563 0.7021361406385055 0
3570 0.6791640064425639 0.1527012390713678 0
3571 0.8910100132130807 0.1723088549634927 0
3572 0.8833176664053712 0.02494413327786963 0
3573 0.9729383210263925 0.1179091018413341 0
3574 0.7284788786208112 0.4653285769506019 0
3575 0.1893690737809316 0.1503699842648731 0
3576 0.8496300157344622 0.8106309262182241 0
3577 0.8784362508287985 0.2884246277334457 0
3578 0.7648201129213728 0.4730789052252694 0
3579 0.2424694991364325 0.02642164751518898 0
3580 0.9735783524846882 0.7575305008624866 0
3581 0.8771330038154985 0.5542646824492783 0
3582 0.4457353175487305 0.1228669961840544 0
3583 0.631114974979627 0.4388699385952797 0
3584 0.7619536913968366 0.3797697163428156 0
3585 0.9385162603288835 0.1570740055311815 0
3586 0.7957471606185118 0.07359283565969374 0
3587 0.294703445799197 0.1172376134755462 0
3588 0.8827623865239335 0.7052965541994953 0
3589 0.9350319743811164 0.2052820304477997 0
3590 0.3377146347743425 0.3012446509092678 0
3591 0.3429664455941157 0.1396086540415057 0
3592 0.8603913459578774 0.657033554404362 0
3593 0.9741360080676246 0.5482428380061312 0
3594 0.4517571619916366 0.02586399193222727 0
3595 0.8808076959134125 0.1207676659719593 0
3596 0.3586482597460311 0.2635969377960266 0
3597 0.9293878695869646 0.5614185601496919 0
3598 0.4385814398482884 0.07061213041275839 0
3599 0.4567258553731204 0.3535898630431706 0
3600 0.9216878836832203 0.1173966348647526 0
3601 0.4456669184232589 0.4081868012107605 0
3602 0.8307640002993568 0.1034643843974353 0
3603 0.8480937009462197 0.1983826486924727 0
3604 0.9029383226634453 0.405660600359146 0
3605 0.5943393996379345 0.097061677336163 0
3606 0.2385345678044484 0.1996621032839037 0
3607 0.8003378967152155 0.7614654321944645 0
3608 0.3115560634250835 0.02937191262049414 0
3609 0.9706280873793429 0.6884439365735063 0
3610 0.127359810668169 0.09160771025088121 0
3611 0.9083922897487124 0.8726401893312647 0
3612 0.696628658361647 0.5366644696469909 0
3613 0.1548859657818984 0.02533625421201095 0
3614 0.974663745787871 0.8451140342174117 0
3615 0.7454995458491751 0.4215183391612212 0
3616 0.6448706185561797 0.5583716867237014 0
3617 0.6981973929384795 0.07207432055885933 0
3618 0.7969041034820729 0.1507170912650186 0
3619 0.400999684258649 0.230260511070854 0
3620 0.7812593527241087 0.357877935856142 0
3621 0.4842275229975922 0.3855396758809789 0
3622 0.7118476211261664 0.5816936597437105 0
3623 0.9295409948096727 0.3027058168159283 0
3624 0.4942339270871843 0.3211535644474212 0
3625 0.8196919623337701 0.5339328833142624 0
3626 0.8304218511369972 0.3689264271182279 0
3627 0.9754419981188386 0.2889604301372079 0
3628 0.7109641050828309 0.02453803173734561 0
3629 0.5819939369014717 0.2500520518020421 0
3630 0.7621176947794781 0.271472064999457 0
3631 0.5185390839803767 0.3087392425465523 0
3632 0.5709108306575826 0.4155856284943519 0
3633 0.6045576022529401 0.3410846028685449 0
3634 0.6400587372305457 0.2194042121834099 0
3635 0.8773610498140493 0.0861787237696995 0
3636 0.2690929418131786 0.1864482783954313 0
3637 0.8135517216037573 0.7309070581856195 0
3638 0.3212572056501189 0.06168157142876711 0
3639 0.9383184285709518 0.6787427943484601 0
3640 0.702735410532026 0.1216008788246712 0
3641 0.837519171772836 0.05891411795718819 0
3642 0.6466351380306146 0.5332711914329916 0
3643 0.2694265507545399 0.2330914113919992 0
3644 0.7661232347556667 0.7297306587253428 0
3645 0.5035668491826617 0.4249801778844381 0
3646 0.3566750556837738 0.02576779270215626 0
3647 0.9742322072977269 0.6433249443146228 0
3648 0.4239916595644392 0.2840038305768471 0
3649 0.4047619726934342 0.1881792933032304 0
3650 0.9007261567361973 0.5006284218346169 0
3651 0.5005974644478955 0.09901792180427954 0
3652 0.4965590859489559 0.2723709119298092 0
3653 0.5563388432048888 0.1641044326017754 0
3654 0.7040282715183078 0.668101814891234 0
3655 0.8158385328205148 0.2797104796828179 0
3656 0.5972778582230762 0.5615074913793312 0
3657 0.3826789375269602 0.2678109379321915 0
3658 0.6300435064433189 0.1675363514124857 0
3659 0.9193723887887234 0.5384534080284691 0
3660 0.4615465919692955 0.08062761121090316 0
3661 0.771758555273635 0.5150504646890465 0
3662 0.5449337270248892 0.2104960160193995 0
3663 0.6836173230707293 0.2997615281198789 0
3664 0.4703275683314511 0.3076193506535987 0
3665 0.8713045842879479 0.4657492840801914 0
3666 0.5341924607902194 0.1285498424418008 0
3667 0.769607062930731 0.6235272120809187 0
3668 0.6606441592191024 0.09929443316482732 0
3669 0.5430539276581843 0.3470049193682908 0
3670 0.4546814092575978 0.2048138003266261 0
3671 0.9747645300299609 0.4417561251525377 0
3672 0.5582438748450038 0.02523546996994814 0
3673 0.5683370250859408 0.3762758929070137 0
3674 0.8993618314461911 0.3376607581887925 0
3675 0.8354146155638896 0.6523397463035285 0
3676 0.3476602536949281 0.1645853844353799 0
3677 0.8087964392287184 0.4788033447969139 0
3678 0.500750557655411 0.4677731287156767 0
3679 0.7046148642213951 0.3979627893097294 0
3680 0.660044866560443 0.48388902785799 0
3681 0.8023217794061158 0.3287544690817218 0
3682 0.6188287408843942 0.2324737329156922 0
3683 0.6022601569163668 0.2967400631288077 0
3684 0.6692888923132077 0.3939948565282925 0
3685 0.7366980575901154 0.6491586834430763 0
3686 0.8151780586707565 0.6066159799544454 0
3687 0.2878656815503184 0.2074106862838421 0
3688 0.7925893137152352 0.7121343184483909 0
3689 0.8501327747077644 0.4197663323706837 0
3690 0.5804805080920418 0.1497552576854842 0
3691 0.3495170875700822 0.05735165789076854 0
3692 0.9426483421089724 0.650482912428361 0
3693 0.3182046997273543 0.1088174236529344 0
3694 0.8911825763465815 0.6817953002712374 0
3695 0.5381806141259481 0.5034623753976794 0
3696 0.9021834797992133 0.1937846473095906 0
3697 0.7565858426691563 0.6825018859472126 0
3698 0.5340616284152315 0.2581549603492795 0
3699 0.8620776255884329 0.3689996098457347 0
3700 0.5547694662866098 0.2932317387804003 0
3701 0.7567694675164117 0.3195425931918074 0
3702 0.6324464675712012 0.356608786349713 0
3703 0.1547836871809297 0.1211930548996186 0
3704 0.8788069450998417 0.8452163128183801 0
3705 0.5284233194983509 0.3928003636857927 0
3706 0.1951467147657007 0.02376206350829897 0
3707 0.976237936491595 0.8048532852334291 0
3708 0.3020357008993967 0.151305284491938 0
3709 0.8486947155073894 0.6979642990992619 0
3710 0.7662791315536006 0.08028114791343872 0
3711 0.2480851078742749 0.08103982315916365 0
3712 0.9189601768404825 0.7519148921246293 0
3713 0.4604232334093681 0.1746979871503087 0
3714 0.1965423158183321 0.05647338566374314 0
3715 0.9435266143360097 0.8034576841807854 0
3716 0.1788965298365465 0.09898447995254943 0
3717 0.9010155200470067 0.8211034701626568 0
3718 0.6160083596353807 0.08420596233250757 0
3719 0.915794037668235 0.3839916403628208 0
3720 0.6535976546894167 0.06538355965785664 0
3721 0.9347134507048676 0.3468258619181737 0
3722 0.3171083651253808 0.2410819655501938 0
3723 0.5778435482264463 0.4997545795176107 0
3724 0.7259782255495539 0.4416467085062401 0
3725 0.3947344287118523 0.05367501474380221 0
3726 0.9463249852559459 0.6052655712864122 0
3727 0.6215939453438071 0.3880972462978798 0
3728 0.3653681154263892 0.1288417783183266 0
3729 0.8714151180200367 0.6345974695774124 0
3730 0.976728716758041 0.3322917650805423 0
3731 0.667708234917937 0.0232712832420485 0
3732 0.7289110546417317 0.3016699041910448 0
3733 0.7765294837416348 0.5409821458017268 0
3734 0.8670105518705726 0.5318559653630442 0
3735 0.4670575858026781 0.1328757004568019 0
3736 0.7026153517296191 0.6217532532457954 0
3737 0.4981949072635254 0.1571965814690675 0
3738 0.5947374385741012 0.2741744628282569 0
3739 0.6696763680554482 0.5866003844465697 0
3740 0.6295828597343576 0.1378410118826639 0
3741 0.94699043647098 0.3260142878866789 0
3742 0.6740188994226266 0.05297759688066954 0
3743 0.4680363854469238 0.2836280256410622 0
3744 0.5480020281790552 0.1114218136056938 0
3745 0.888578186393667 0.4519979718179484 0
3746 0.3182563502861198 0.1919620197358395 0
3747 0.8080379802633053 0.6817436497124647 0
3748 0.3604218488245087 0.09076850958624615 0
3749 0.9092314904133512 0.6395781511738872 0
3750 0.5868751716633545 0.4556515607661807 0
3751 0.8514781006537103 0.5027689807350511 0
3752 0.8581298297343237 0.3281425133539121 0
3753 0.4233653842066761 0.2360999177471916 0
3754 0.723939770675569 0.112736265879949 0
3755 0.5876506579087041 0.3620748471196232 0
3756 0.6852561025965673 0.0969355159915424 0
3757 0.7208511407746827 0.07655134694180687 0
3758 0.2326269034690283 0.1194713526217404 0
3759 0.880528647377724 0.7673730965299426 0
3760 0.9792375022803974 0.4892610839510166 0
3761 0.5107389160464614 0.02076249771947879 0
3762 0.9026217026354652 0.3136924699299111 0
3763 0.9429221881778567 0.1075312741650006 0
3764 0.6322901328283521 0.4613616166841591 0
3765 0.9252281930843381 0.2793536545434367 0
3766 0.9182439327409244 0.05953684661137376 0
3767 0.7557319905345347 0.1430669136183492 0
3768 0.565062145320659 0.4646254748586695 0
3769 0.822257024740852 0.1478790560863165 0
3770 0.5457965287758392 0.4337543011453128 0
3771 0.2335634999173172 0.1551579866930889 0
3772 0.8448420133062201 0.766436500081643 0
3773 0.7837475690317779 0.310927806182289 0
3774 0.2741990652889923 0.05605542415332963 0
3775 0.9439445758464231 0.7258009347097861 0
3776 0.8060087263932277 0.1045009791212041 0
3777 0.7706466605683242 0.4388289712326668 0
3778 0.05198046098436637 0.02155786133738278 0
3779 0.9784421386625207 0.9480195390154017 0
3780 0.6857610306710424 0.2307738076996386 0
3781 0.8227064379649033 0.02212200341721382 0
3782 0.9779158926588449 0.1773139777220192 0
3783 0.7062363456761493 0.4730462303914341 0
3784 0.4627893663934667 0.2438188993909749 0
3785 0.3993498961071544 0.3692437132726187 0
3786 0.5612204888624714 0.189380405610541 0
3787 0.3823308734655339 0.3025277407822421 0
3788 0.4306838915658789 0.3123589614071008 0
3789 0.6818368611364424 0.202328321649809 0
3790 0.9419628619937211 0.5069166489436693 0
3791 0.4930833510538249 0.05803713800593487 0
3792 0.6343904770764723 0.6020629910465621 0
3793 0.8376062689799277 0.4389414850988161 0
3794 0.9442601159851697 0.4641310044331098 0
3795 0.5358689955641468 0.05573988401442734 0
3796 0.911424974151622 0.2396417825604881 0
3797 0.2829417919402399 0.2510717011765502 0
3798 0.9162300373915264 0.4752760992557892 0
3799 0.5247239007415215 0.08376996260804112 0
3800 0.218708356172648 0.1882260617009508 0
3801 0.8117739382982273 0.781291643826363 0
3802 0.9777448421788801 0.6221319089251369 0
3803 0.3778680910731029 0.02225515782095602 0
3804 0.6975597270674038 0.4302882931127723 0
3805 0.3517212071069398 0.3206626626826256 0
3806 0.6287707132979461 0.262647117123002 0
3807 0.9777689745476537 0.525834264141422 0
3808 0.474165735856212 0.02223102545222036 0
3809 0.2877673574295965 0.02169015550060799 0
3810 0.9783098444992678 0.7122326425691213 0
3811 0.7057309396726726 0.5125093928447686 0
3812 0.859107169158837 0.2416355200692993 0
3813 0.7408187933815338 0.2768310481453283 0
3814 0.800732871076054 0.5066434690134582 0
3815 0.5103820264715788 0.3776495556974203 0
3816 0.08067403683240923 0.04933774953897608 0
3817 0.9506622504608078 0.9193259631672333 0
3818 0.4894935923960527 0.2479081265763356 0
3819 0.9780876567994679 0.9075841144019161 0
3820 0.09241588559767547 0.02191234320043345 0
3821 0.6612276921015539 0.1702795684067945 0
3822 0.8065550421725611 0.3714018952816659 0
3823 0.8123330502727912 0.4392107037678644 0
3824 0.9783114693948034 0.3563449927463546 0
3825 0.6436550072517337 0.02168853060529369 0
3826 0.828480959123611 0.3399956088287294 0
3827 0.3866040738644629 0.1669909746238604 0
3828 0.7887025670226585 0.2300970453641857 0
3829 0.4739932640491172 0.3657801453682475 0
3830 0.6861386943879034 0.656121325745342 0
3831 0.4173534926383911 0.3384593497466646 0
3832 0.8494837163319556 0.4591577946051385 0
3833 0.8618736221812031 0.1313249521470622 0
3834 0.8603898544185478 0.02022291034934916 0
3835 0.9797327116972734 0.139646743822871 0
3836 0.8623794669410025 0.3072450212648692 0
3837 0.7947221248151835 0.5551697699880538 0
3838 0.8298518930707023 0.2983010053887419 0
3839 0.9405928740829219 0.1792960910893224 0
3840 0.7895997598131139 0.4678061848006381 0
3841 0.4368128233846298 0.3696616458260251 0
3842 0.2574049558983672 0.1565398159472179 0
3843 0.8434601840520881 0.7425950441004884 0
3844 0.2922868093733392 0.07225603042427524 0
3845 0.9277439695754029 0.7077131906253636 0
3846 0.5035127364831059 0.231638498478392 0
3847 0.8801108317957762 0.4300027852371803 0
3848 0.5699972147599485 0.1198891682034828 0
3849 0.7553379077518421 0.6078763182336884 0
3850 0.5144392357627509 0.3545496978448952 0
3851 0.668275793699679 0.5246495746809066 0
3852 0.9157027984105608 0.02105590113194585 0
3853 0.9790137331029731 0.08405330200463169 0
3854 0.4843430325623199 0.173783188442213 0
3855 0.9447468042735474 0.3648217223083767 0
3856 0.6351782776900545 0.05525319572674924 0
3857 0.9012775374110669 0.1246012470098271 0
3858 0.8328911832444599 0.5716347892046156 0
3859 0.4284548944272987 0.1676513921624179 0
3860 0.8534549792812178 0.579754252191335 0
3861 0.4203501525642027 0.1466150702580196 0
3862 0.1193757302727981 0.0516406268951817 0
3863 0.9483593731045894 0.8806242697266735 0
3864 0.6647307190722134 0.5662299461157702 0
3865 0.7190825251887418 0.2485115477945007 0
3866 0.1467600821681014 0.07579611771780433 0
3867 0.9242038822818573 0.853239917831246 0
3868 0.1576482194961743 0.04840594311385239 0
3869 0.9515940568859308 0.8423517805031224 0
3870 0.5497834690261958 0.367501315993817 0
3871 0.5654784095179478 0.0775549257665258 0
3872 0.922445074232502 0.4345215904795008 0
3873 0.8023141690368739 0.02143145224097604 0
3874 0.9790195190769153 0.1975715050479663 0
3875 0.7342557140199546 0.5073568635937958 0
3876 0.9803094233459162 0.2387992981732142 0
3877 0.7612007018256661 0.01969057665412715 0
3878 0.6966505850768113 0.4933158082442065 0
3879 0.4905817441315444 0.2097326482847171 0
3880 0.4669962601678624 0.4388995336644338 0
3881 0.5109384191257677 0.2874504782120553 0
3882 0.7285174699422791 0.3445238217251504 0
3883 0.6628042782662071 0.135862958203455 0
3884 0.2674283298479132 0.1308691836728884 0
3885 0.8691308163265294 0.7325716701508992 0
3886 0.2828412560065989 0.09660352877013229 0
3887 0.9033964712294416 0.7171587439921446 0
3888 0.8876660238049784 0.2771473842112256 0
3889 0.7400287774905973 0.05291549642129626 0
3890 0.9470845035789749 0.259971222508431 0
3891 0.5657814618993753 0.5378145544737243 0
3892 0.6070567469061087 0.5338750997127812 0
3893 0.7912982706739334 0.1189946430186963 0
3894 0.4496057564930979 0.3165355790870892 0
3895 0.8688632701787139 0.388453165692994 0
3896 0.610042957097885 0.1312169661703032 0
3897 0.8363714155193165 0.6125217624143239 0
3898 0.8144076676998435 0.06101486139000904 0
3899 0.7887538868455477 0.05089794086865166 0
3900 0.5214322117348572 0.1937475731696483 0
3901 0.5268136499802177 0.1715321432102231 0
3902 0.3089887926861963 0.2799609455050002 0
3903 0.7673677523297679 0.104664362704328 0
3904 0.9558883499823625 0.4876678843561739 0
3905 0.5123321156412597 0.04411165001733172 0
3906 0.9795319284785509 0.5835396759300805 0
3907 0.4164603240679332 0.02046807152133809 0
3908 0.7325717971134751 0.5456826681052024 0
3909 0.9807716826613612 0.0200960578765251 0
3910 0.5737659168611031 0.3055494438349902 0
3911 0.4908988410010824 0.3426430290919544 0
3912 0.6042702170515118 0.4839755267352741 0
3913 0.7231194391613829 0.6275615156819578 0
3914 0.7458730081769607 0.4804381714149202 0
3915 0.7022464838605971 0.1905663258764333 0
3916 0.7561771409435649 0.3381314854516524 0
3917 0.8303066986217684 0.4810477144881207 0
3918 0.2820018795990623 0.166184768837439 0
3919 0.8338152311618298 0.7179981203996784 0
3920 0.212830763287578 0.08490048202996395 0
3921 0.9150995179696511 0.7871692367114795 0
3922 0.3224210389245989 0.08885104137821101 0
3923 0.9111489586213923 0.6775789610739642 0
3924 0.5392454758394808 0.1515578534543744 0
3925 0.9493361268392682 0.07971590501693682 0
3926 0.5979332423675563 0.4111315482253673 0
3927 0.7584323937451064 0.5746168092404004 0
3928 0.5342784828374538 0.3072720495173994 0
3929 0.6265376656888983 0.1878027987306876 0
3930 0.137692976250632 0.1093717922811657 0
3931 0.8906282077183494 0.8623070237487549 0
3932 0.1747320819951322 0.01978929853409525 0
3933 0.9802107014658227 0.8252679180040935 0
3934 0.7586003876932905 0.3962713963049086 0
3935 0.6947321360954676 0.1635351535121118 0
3936 0.3726380448546771 0.3439906645717957 0
3937 0.8881130533521928 0.2095085492384425 0
3938 0.25008402236367 0.1002717009962013 0
3939 0.8997282990033573 0.7499159776352191 0
3940 0.7354693095797533 0.3731159837551143 0
3941 0.5508673447541497 0.2418732254376508 0
3942 0.9466026297489238 0.406869815737829 0
3943 0.5931301842606382 0.05339737025129696 0
3944 0.6618618431272841 0.6345854308742724 0
3945 0.835685686362625 0.4047573502277629 0
3946 0.8901112713590578 0.04863722418662881 0
3947 0.6061155350278689 0.01901808611618758 0
3948 0.9809819138839855 0.3938844649700534 0
3949 0.952494445538983 0.2109720841795705 0
3950 0.6608888762177019 0.344312408681602 0
3951 0.733663038366013 0.01911571328867716 0
3952 0.9808842867114316 0.2663369616327161 0
3953 0.5792663918036437 0.01982787560007874 0
3954 0.9801721244000481 0.4207336081942517 0
3955 0.981422546191436 0.6652061773754377 0
3956 0.3347938226229408 0.01857745380843605 0
3957 0.6632214870035276 0.2967369346765935 0
3958 0.599040786602091 0.1981652184258815 0
3959 0.2493140229879004 0.2231089673634476 0
3960 0.7768910326355303 0.7506859770109036 0
3961 0.7492930308326426 0.7220803092723405 0
3962 0.5738673013879685 0.2705300397489453 0
3963 0.637148445980767 0.1031677299223672 0
3964 0.7436132758749918 0.1827385265077177 0
3965 0.9549075214593702 0.01598890535552175 0
3966 0.9798009592316088 0.04591456429312093 0
3967 0.8305928444728916 0.5480437350343995 0
3968 0.8957002451296741 0.3614948606891885 0
3969 0.8151431231033711 0.252226354502322 0
3970 0.8045509972946523 0.1916223025225167 0
3971 0.3292790565711684 0.2590866546098491 0
3972 0.5515642925321452 0.4168737404048933 0
3973 0.1133319173995509 0.01972620598286094 0
3974 0.9802737940170505 0.8866680825999462 0
3975 0.6655935895136671 0.504970015292433 0
3976 0.9504388000851126 0.5839384609709233 0
3977 0.4160615390270964 0.0495611999147143 0
3978 0.9338426018522523 0.9059263879675984 0
3979 0.09407361203198397 0.06615739814745369 0
3980 0.6608396490645767 0.1959964519815344 0
3981 0.5681638176482725 0.3338874031401661 0
3982 0.32460017563208 0.2962422406979683 0
3983 0.7224594218578916 0.6965367628027356 0
3984 0.5949938827352695 0.162995571240336 0
3985 0.7316321103098085 0.5759930001051438 0
3986 0.4865275761080686 0.1357832139450802 0
3987 0.4653488067198265 0.3955530578924205 0
3988 0.486445523824682 0.4047914345423455 0
3989 0.758449641479584 0.6388448723311914 0
3990 0.9801121555897675 0.5618655027518842 0
3991 0.43813449724598 0.01988784441010551 0
3992 0.1730479436140639 0.141335355538956 0
3993 0.8586646444604151 0.8269520563851691 0
3994 0.2225198519950244 0.02229099383557359 0
3995 0.9777090061643314 0.7774801480039834 0
3996 0.5039665376325031 0.08232070122918701 0
3997 0.9183613167675644 0.4961117252613891 0
3998 0.4128889668716911 0.3000118444472088 0
3999 0.7011552496975465 0.0487068406302854 0
4000 0.5903052703950998 0.3484936926090894 0
4001 0.9282118979232504 0.2180277964154723 0
4002 0.6733333431687909 0.4605079912128048 0
4003 0.6368462575574788 0.3760672281401157 0
4004 0.3907878201900257 0.3296561994630763 0
4005 0.9099575857714904 0.08448661378030131 0
4006 0.7827612912279626 0.4019300321261913 0
4007 0.7602034517985072 0.5541790240028266 0
4008 0.6871932239902991 0.1346776661250342 0
4009 0.7066137435720228 0.2293863565801792 0
4010 0.7825131388910136 0.1908408660937279 0
4011 0.3600204355661362 0.236382140604436 0
4012 0.7828709922393019 0.1404416967823991 0
4013 0.8915416578803183 0.575661200501983 0
4014 0.4243387994961338 0.1084583421192263 0
4015 0.3468169009184766 0.2768433197314154 0
4016 0.79104508536347 0.3478139946347398 0
4017 0.9106258420524211 0.2662333332501428 0
4018 0.9522488543493838 0.5564073840541446 0
4019 0.4435926159437202 0.04775114565040718 0
4020 0.8661534684310811 0.2106899911820279 0
4021 0.8285213886205218 0.1268692751716863 0
4022 0.7301838969645065 0.09452106265378153 0
4023 0.8932245775834009 0.1499806763503444 0
4024 0.5863085752325816 0.5206636585235507 0
4025 0.9525249342106614 0.2984770697625537 0
4026 0.6555335761441096 0.2600757249030675 0
4027 0.3761760377155104 0.2208357478171304 0
4028 0.9136455170245656 0.5804998891720698 0
4029 0.4195001108260467 0.08635448297507457 0
4030 0.7568591036465528 0.1676799534963608 0
4031 0.4205994848431233 0.1903403477155951 0
4032 0.749913555987232 0.2022681385702726 0
4033 0.7695628641383517 0.206319288320166 0
4034 0.8192336389144784 0.5853242227879975 0
4035 0.4372428793566175 0.2093874084817804 0
4036 0.8421115789033448 0.1581736181666623 0
4037 0.7855840588102623 0.4320709495035509 0
4038 0.8305819878586822 0.2413821187984504 0
4039 0.9791693585279853 0.3050103344079339 0
4040 0.6949679283149786 0.02079834711579659 0
4041 0.7814270177843478 0.2628550616905509 0
4042 0.6468685273374947 0.4407629928160353 0
4043 0.4502007412355507 0.4219965171696363 0
4044 0.665692315293884 0.41188906915857 0
4045 0.6376422948980685 0.4128130796084549 0
4046 0.1968155699625584 0.1260784949107269 0
4047 0.873921505088713 0.8031844300365656 0
4048 0.2282784019936338 0.0500034224555123 0
4049 0.9499965775442589 0.7717215980053468 0
4050 0.4647555419513248 0.2214716727768463 0
4051 0.196143743905182 0.1696234216740961 0
4052 0.8303765783251599 0.803856256093932 0
4053 0.9813033500367501 0.1033518250261584 0
4054 0.8966319043539094 0.01876687626825906 0
4055 0.7480339856349478 0.5148081195604465 0
4056 0.4388348804798345 0.246683685438928 0
4057 0.8939467819806226 0.2355157389163058 0
4058 0.8462302091963105 0.2721875174322008 0
4059 0.619042613267781 0.5043063528741348 0
4060 0.827921810626546 0.5180138215264894 0
4061 0.2579368579824845 0.01907147563552852 0
4062 0.9809285243643628 0.7420631420163668 0
4063 0.5155111392741105 0.2675046789064328 0
4064 0.7678473545290236 0.3050177568779985 0
4065 0.306434589417351 0.2038611790418445 0
4066 0.7950592947173413 0.6921288851093816 0
4067 0.7139790283220111 0.3280737850840147 0
4068 0.6419201276298372 0.4784418351456814 0
4069 0.7024063578172739 0.2735963125639136 0
4070 0.8104468009685842 0.4587759763190951 0
4071 0.9110184255433332 0.1615042705384991 0
4072 0.8454179485298742 0.1849729477288092 0
4073 0.3615150521126504 0.07077878509350984 0
4074 0.9292212149061749 0.6384849478857324 0
4075 0.9819002189068043 0.4580024616926262 0
4076 0.5419975383049913 0.01809978109318665 0
4077 0.751296857343089 0.1218530097596123 0
4078 0.6047161414327443 0.3866524636181001 0
4079 0.8112884701657236 0.165641702884603 0
4080 0.844995636492509 0.09536265955310501 0
4081 0.6591013624780298 0.2353053828986789 0
4082 0.8660943114467017 0.4787212645670654 0
4083 0.5199605904851898 0.1334825539805174 0
4084 0.7367965406925225 0.6090570099887692 0
4085 0.8263574736720878 0.221941443867838 0
4086 0.805564012678854 0.2168679818047227 0
4087 0.8030027017209155 0.6408988010385779 0
4088 0.3591011989598286 0.1969972982782053 0
4089 0.8832986395114435 0.5992341669757038 0
4090 0.4019931042917613 0.1170955442292122 0
4091 0.9313685691051615 0.1414719434059334 0
4092 0.5480869601378321 0.2778649249906444 0
4093 0.5390235230384499 0.3289108810721516 0
4094 0.2912219295195865 0.1362577655241928 0
4095 0.8637422344752033 0.7087780704791206 0
4096 0.8015607918725391 0.2881968542295942 0
4097 0.8525963341698749 0.04823240981259312 0
4098 0.7279401736778098 0.1522345293387725 0
4099 0.3632472085007767 0.3041305342214444 0
4100 0.9496296054488054 0.0415720914012542 0
4101 0.7707708826985145 0.4979517365962909 0
4102 0.8778353657490139 0.2466873240294013 0
4103 0.6836475768391291 0.5496362787050589 0
4104 0.9605310932508537 0.5254061567307687 0
4105 0.4745938432669046 0.03946890674890929 0
4106 0.675965455036976 0.6149976218538041 0
4107 0.5792548848334603 0.5535748042898243 0
4108 0.8061603004303363 0.0872743057497785 0
4109 0.8938026127773789 0.5469791335282521 0
4110 0.4530436890068019 0.1061042215665386 0
4111 0.8181146195515397 0.3203197308468003 0
4112 0.4096726842909535 0.3844105318001467 0
4113 0.5422573878324985 0.09169582376025598 0
4114 0.9083041762391094 0.4577426121647077 0
4115 0.719140521859545 0.2109210925182585 0
4116 0.3935343916654258 0.1478051569880766 0
4117 0.3133469567492903 0.04728409236034799 0
4118 0.9527159076394257 0.6866530432493136 0
4119 0.6733287698727787 0.3664864624146994 0
4120 0.6947217710634219 0.3589578838537704 0
4121 0.2529122218908171 0.1931899138253842 0
4122 0.8068100861737777 0.7470877781080452 0
4123 0.7642152444350363 0.03907067383637031 0
4124 0.9576088890319029 0.2352668274393954 0
4125 0.3927032246054893 0.2509667301864529 0
4126 0.3396414511879711 0.2218194209776599 0
4127 0.7797648385858418 0.6590412285024 0
4128 0.3288301106081229 0.1480840716962817 0
4129 0.8519159283030596 0.6711698893904161 0
4130 0.7438586615567334 0.6720042248894067 0
4131 0.3859835052229583 0.09321477492494322 0
4132 0.9067852250746469 0.6140164947753304 0
4133 0.7566265400202166 0.2380877042680884 0
4134 0.7210085900520116 0.6592624021197637 0
4135 0.628934892472051 0.3298729852534419 0
4136 0.8736607113512823 0.1040136404758682 0
4137 0.2481148797507651 0.1189553953547487 0
4138 0.8810446046447217 0.7518851202481334 0
4139 0.4356596936172529 0.3478098823152929 0
4140 0.9605611039466952 0.1392023843739059 0
4141 0.8869884021610387 0.3039181156580242 0
4142 0.6859442222383999 0.3323516974825525 0
4143 0.9557074668753147 0.3875459220706468 0
4144 0.6124540779277732 0.0442925331249196 0
4145 0.5212203146456824 0.4968691449874171 0
4146 0.5448915098492901 0.4772792132859652 0
4147 0.6217228732275106 0.5940913373183359 0
4148 0.6897306066445394 0.4607868675352669 0
4149 0.5823565810509229 0.04561552085391456 0
4150 0.9543844791461353 0.4176434189470513 0
4151 0.8614472537981711 0.1501281560805338 0
4152 0.8753515678464862 0.1762980938229828 0
4153 0.5623879815763494 0.207794847718201 0
4154 0.8532546413611809 0.5953450990274838 0
4155 0.7218637479559126 0.4016463137840751 0
4156 0.7742854069018088 0.1761389550261699 0
4157 0.8276876822527657 0.04238965099115451 0
4158 0.4085384811243777 0.2738035195662951 0
4159 0.6272549588313762 0.3013770211437263 0
4160 0.6385926321516954 0.2886941578719375 0
4161 0.9822034596796344 0.5056051459002585 0
4162 0.4943948540972296 0.0177965403202395 0
4163 0.639339423756656 0.2041210740877167 0
4164 0.5437451896070725 0.3826084263198628 0
4165 0.5992314736294621 0.3140759465993219 0
4166 0.5690019853210454 0.3990660684543423 0
4167 0.9020164424368033 0.5173275977123232 0
4168 0.4833683760489454 0.09762549759409966 0
4169 0.1111405354989904 0.0881645528886915 0
4170 0.9118354471109178 0.8888594645005117 0
4171 0.928670886932903 0.2392549971325655 0
4172 0.3085728223124149 0.07224930522220731 0
4173 0.927750694777469 0.6914271776862189 0
4174 0.4455515580436379 0.1666949496473791 0
4175 0.4883853024768856 0.4243657943213536 0
4176 0.2338118111049927 0.07855107571050625 0
4177 0.921448924289139 0.7661881888939661 0
4178 0.7039678705160508 0.5958997963782402 0
4179 0.7527247480705228 0.08620002789090245 0
4180 0.9595789650704264 0.1680817060951796 0
4181 0.9600525143167147 0.2733685996157513 0
4182 0.7265474682382235 0.04004912067686024 0
4183 0.7109866179526586 0.541149787036585 0
4184 0.140677928300017 0.01659865791499072 0
4185 0.9834013420849314 0.8593220716993587 0
4186 0.6534108526717115 0.3215316041238984 0
4187 0.5014406410159569 0.1941129082430851 0
4188 0.206775893355197 0.1498395129473342 0
4189 0.850160487052 0.7932241066438801 0
4190 0.8654674385375224 0.5169183496907545 0
4191 0.819351418298091 0.1883664147910761 0
4192 0.7162472293001305 0.1311247598708825 0
4193 0.6871718897258673 0.3949562453787939 0
4194 0.2536253506240627 0.04109531591739377 0
4195 0.9589046840824249 0.746374649374799 0
4196 0.3047811738196484 0.1679698351982429 0
4197 0.8320301648010096 0.6952188261789987 0
4198 0.5425013519895213 0.5195228902046826 0
4199 0.7718751662196319 0.4558145527156833 0
4200 0.8527509787483556 0.5406040840960686 0
4201 0.4589846632381295 0.1466606796554576 0
4202 0.888946489155283 0.4136084423129005 0
4203 0.5863915576842634 0.1110535108445043 0
4204 0.7130932080707703 0.3153797425220169 0
4205 0.428393477185596 0.4051184346667208 0
4206 0.630388820512453 0.07059931735362895 0
4207 0.9292432599824227 0.3692077680335847 0
4208 0.4867952768576737 0.4600494274546736 0
4209 0.9617179279975674 0.4504379303085317 0
4210 0.5495620696887369 0.03828207200188677 0
4211 0.8767774418275514 0.07102427322201685 0
4212 0.6072182153334015 0.07237344218414497 0
4213 0.9276265578159594 0.3927817846646498 0
4214 0.9838207396241089 0.1540365810342983 0
4215 0.8460960182876612 0.01654655889403426 0
4216 0.9151837598783854 0.2021872425155403 0
4217 0.9147108148285972 0.3430401037494316 0
4218 0.7223951700559728 0.2862110182279898 0
4219 0.6084740925318919 0.4429457174354614 0
4220 0.7080445279766596 0.6839175960509809 0
4221 0.6323113232162028 0.5357727668172719 0
4222 0.8654664706603209 0.04072111196646638 0
4223 0.2199479513248208 0.1110748594672138 0
4224 0.8889251405322879 0.7800520486742005 0
4225 0.8630113434471469 0.5686074309354321 0
4226 0.4341497074099514 0.1386837025195029 0
4227 0.9361586463714042 0.518780128545403 0
4228 0.4812198714522329 0.06384135362821632 0
4229 0.7998452587784718 0.2444110024056054 0
4230 0.6348267033217712 0.5720780327924062 0
4231 0.3815971017410448 0.2862386277061276 0
4232 0.4016800698459788 0.2130028898068511 0
4233 0.7721626561425743 0.2297587464458112 0
4234 0.8471841950709069 0.1232778268543591 0
4235 0.6024054756547185 0.5766157267769287 0
4236 0.9284828915733017 0.04333201276604315 0
4237 0.5259686610119094 0.4599618869403474 0
4238 0.528378655154739 0.2151733054893069 0
4239 0.7306044678557742 0.5939220672999829 0
4240 0.8016954380819865 0.3963969096584372 0
4241 0.6572654192796321 0.08172074458071842 0
4242 0.3366863556474796 0.1237141112931752 0
4243 0.8762858887062792 0.6633136443510286 0
4244 0.3864946191795008 0.1891952539785489 0
4245 0.2283802203369599 0.1757535623591359 0
4246 0.8242464376400908 0.7716197796620204 0
4247 0.5087227489281462 0.4834514558174809 0
4248 0.4848397039386037 0.2833009549908185 0
4249 0.9162188704212759 0.1011360457958529 0
4250 0.6579446000827777 0.383196925697083 0
4251 0.8866512413787315 0.3987288033675538 0
4252 0.6021035535838702 0.1136700961386338 0
4253 0.5754946976930665 0.2343157142631776 0
4254 0.2865886493975274 0.03696516505346472 0
4255 0.9630348349463649 0.7134113506011944 0
4256 0.7629479722904287 0.3625806902062796 0
4257 0.1288360015610497 0.07016637543510534 0
4258 0.9298336245645813 0.8711639984383781 0
4259 0.7967578625464125 0.3607326482881361 0
4260 0.1401848190356622 0.04042276628311339 0
4261 0.9595772337167092 0.8598151809637131 0
4262 0.8326243248225796 0.2859694327876613 0
4263 0.1801804123824787 0.058719821661235 0
4264 0.9412801783385025 0.8198195876167154 0
4265 0.8885476699897892 0.1332909957314727 0
4266 0.4563911534862853 0.337586864965777 0
4267 0.2621163758370629 0.09769520128141881 0
4268 0.9023047987181503 0.7378836241617737 0
4269 0.450707177801593 0.2815237145775039 0
4270 0.5030662980139278 0.1413486367510046 0
4271 0.8572969860893347 0.4039564752369047 0
4272 0.5966144487998946 0.1395046538939006 0
4273 0.4565816401613563 0.2568633027890721 0
4274 0.4821879574502368 0.1224519794310194 0
4275 0.8042054641560117 0.541022139368225 0
4276 0.6122442548838311 0.2711476854078076 0
4277 0.7282273462698402 0.1770403137537537 0
4278 0.8124371628681868 0.4078261622767916 0
4279 0.3384881651299962 0.09817235190070908 0
4280 0.901827648098859 0.6615118348684998 0
4281 0.7420682231006248 0.215489859548204 0
4282 0.8652563699984215 0.3439311344962945 0
4283 0.8632254523309697 0.280700293221119 0
4284 0.3600556349353321 0.1140790389374182 0
4285 0.8859209610620751 0.6399443650630736 0
4286 0.7557676204863077 0.05963812634516585 0
4287 0.8497480603234959 0.2552384204326557 0
4288 0.7944269016168146 0.6626797262968595 0
4289 0.3373202737016327 0.2055730983822669 0
4290 0.7892347718753859 0.5976082023605805 0
4291 0.7836593420949334 0.5824664847205245 0
4292 0.9197892851693579 0.6036518468533556 0
4293 0.396348153144873 0.0802107148302835 0
4294 0.9261311579662295 0.06951226579303035 0
4295 0.5067211132708677 0.340503932342082 0
4296 0.6960669307662476 0.6425484292774805 0
4297 0.2315346791209272 0.1372978399988617 0
4298 0.8627021600005247 0.7684653208780455 0
4299 0.913600207801072 0.4171149056039833 0
4300 0.5828850943932478 0.08639979219822452 0
4301 0.4713217741584173 0.3491981282970449 0
4302 0.2608954926449 0.06771937150703816 0
4303 0.9322806284926652 0.739104507353937 0
4304 0.4254274771319834 0.2659676160291613 0
4305 0.8872764639967357 0.5123333471787315 0
4306 0.8606307508738472 0.1874939797803025 0
4307 0.7237969987189774 0.3631298303749341 0
4308 0.7875846870910916 0.164963978625477 0
4309 0.8613502809756586 0.09260472934602315 0
4310 0.4064680500139237 0.1379111417785564 0
4311 0.5792543047360055 0.4301484829319084 0
4312 0.7725209826689978 0.688218512167114 0
4313 0.6676111544880887 0.6479639118106444 0
4314 0.8102526380062965 0.5187364100797575 0
4315 0.6320143238408222 0.3159233968015717 0
4316 0.1688145199748222 0.08616054273176199 0
4317 0.9138394572678527 0.8311854800244252 0
4318 0.6625555583603523 0.43514180078443 0
4319 0.6569850154642287 0.5967721336656819 0
4320 0.03700874507785331 0.01533112584273106 0
4321 0.9846688741572003 0.9629912549219788 0
4322 0.6834182397894022 0.2579733465827853 0
4323 0.3843001716192579 0.3627803544452943 0
4324 0.1688789849723475 0.1134213550575884 0
4325 0.8865786449419057 0.8311210150268989 0
4326 0.7425058414602954 0.310788366478199 0
4327 0.701313975048969 0.4129770318919816 0
4328 0.4790582863152669 0.3204415178107425 0
4329 0.1996276201488373 0.0392268066779219 0
4330 0.9607731933219024 0.8003723798502712 0
4331 0.0582678652276704 0.0365963462671475 0
4332 0.9634036537326863 0.9417321347720679 0
4333 0.06706195211502461 0.01553022509422954 0
4334 0.9844697749056999 0.932938047884674 0
4335 0.8817587711883088 0.2601454796343645 0
4336 0.7035350752591039 0.5668744851721229 0
4337 0.8367467091604495 0.4958142710306929 0
4338 0.5968155275627087 0.2433425866937935 0
4339 0.528652971529793 0.4346789917818645 0
4340 0.6702449198034528 0.282496023823416 0
4341 0.8803285829729084 0.3681246517143942 0
4342 0.4750147894827581 0.2083327040179872 0
4343 0.7591810163174496 0.2561089345195132 0
4344 0.80296977668644 0.567950993615935 0
4345 0.8908527515079481 0.4878400253792122 0
4346 0.5125388201920082 0.1096992845938247 0
4347 0.9341463578211333 0.4440250568766416 0
4348 0.5559749431205927 0.06585364217823184 0
4349 0.7191295812160594 0.1915185485634515 0
4350 0.7321977172216865 0.4885880294451617 0
4351 0.9633892956694361 0.05178148142430279 0
4352 0.629302688327716 0.1222227039571701 0
4353 0.6830613649199195 0.4911197665748727 0
4354 0.954782487419741 0.1164098719478048 0
4355 0.747422116553828 0.01826510078689931 0
4356 0.9817820864759572 0.2525705894774286 0
4357 0.8469712514092111 0.30719631560939 0
4358 0.6756795823126609 0.4250220722720204 0
4359 0.3980741082845936 0.3069078245195636 0
4360 0.8933317522061583 0.08551211613363958 0
4361 0.6084599454514515 0.2195293807117929 0
4362 0.5012518279719405 0.4505872104511399 0
4363 0.7677080813907926 0.2887524376518093 0
4364 0.8465622170645233 0.3742208746323434 0
4365 0.2895071988952787 0.2694615454769871 0
4366 0.8506878819701011 0.6143734348619549 0
4367 0.5251478409101914 0.2446507447026439 0
4368 0.334773561528241 0.1748647781913902 0
4369 0.8251352218078326 0.6652264384702727 0
4370 0.832263337588347 0.386000934162787 0
4371 0.3114040740859265 0.2266685687876904 0
4372 0.8618666608940958 0.2256766722801181 0
4373 0.380073743207067 0.05970901896408447 0
4374 0.9402909810356346 0.6199262567912529 0
4375 0.5521612044893373 0.5040289665617925 0
4376 0.6912049858050311 0.5870488660980165 0
4377 0.2760767423605555 0.2187982523721414 0
4378 0.7811006806035141 0.7238042693508995 0
4379 0.5899366276260961 0.1845686106398191 0
4380 0.571861922409448 0.06230875537766027 0
4381 0.9376912446220281 0.4281380775878222 0
4382 0.6109975482885706 0.425894681033386 0
4383 0.6709599027168025 0.2651251817433927 0
4384 0.3571193164974573 0.04200540419326174 0
4385 0.9579945958065311 0.6428806835009483 0
4386 0.7388082935479805 0.5304230889406236 0
4387 0.4414384383551489 0.3940866219350488 0
4388 0.9858607475614271 0.6787421236151584 0
4389 0.321257876383304 0.01413925243848077 0
4390 0.7551623231402559 0.4363908199023017 0
4391 0.5131588745317377 0.4125358351154082 0
4392 0.6266730716872926 0.2466136729907046 0
4393 0.6482504032688603 0.6263366933528622 0
4394 0.3957339219057242 0.0141772012429941 0
4395 0.9858227987569393 0.6042660780922535 0
4396 0.2678754925086598 0.1686550418217017 0
4397 0.8313449581775627 0.7321245074901385 0
4398 0.5547935439887504 0.08964147621476011 0
4399 0.9103585237841885 0.4452064560084897 0
4400 0.74107997720814 0.2360371636519988 0
4401 0.1587564495873162 0.1360437993580867 0
4402 0.8639562006413094 0.841243550411979 0
4403 0.918300937781047 0.3115402456455035 0
4404 0.8664603274541975 0.4258755215030997 0
4405 0.5745977147863637 0.133657136383701 0
4406 0.9838513240295264 0.4745208726427654 0
4407 0.5254791273547322 0.01614867597037109 0
4408 0.7847214334310351 0.5055936082945665 0
4409 0.208444113460935 0.01605372761800383 0
4410 0.9839462723819248 0.7915558865381337 0
4411 0.7830767301901178 0.7635724838705664 0
4412 0.2364275161283108 0.2169232698088797 0
4413 0.5693291176057946 0.2457143112170841 0
4414 0.3575865954818838 0.3347488497976056 0
4415 0.8834426356375186 0.3364222066266552 0
4416 0.6118104419848438 0.5653262514287503 0
4417 0.5380863773729261 0.4067727666341003 0
4418 0.7810850090164675 0.08013306109462545 0
4419 0.7130960119997094 0.4339615141067661 0
4420 0.740982662031023 0.6862031052224805 0
4421 0.5880640973707399 0.3018032572583265 0
4422 0.6625550149310789 0.1156086814043657 0
4423 0.2039516611903822 0.1828697442883969 0
4424 0.8171302557108168 0.7960483388086863 0
4425 0.6442522071025788 0.2713393085193406 0
4426 0.8368849176332982 0.07447610446651404 0
4427 0.9616548862510165 0.3330170079156353 0
4428 0.6669836391565692 0.03831844507022539 0
4429 0.5667910448369274 0.2828227430333762 0
4430 0.2735020903181642 0.01515889696738839 0
4431 0.9848411030324952 0.7264979096806223 0
4432 0.9439015215120488 0.2433307526129988 0
4433 0.4095883505208475 0.3508218628030531 0
4434 0.8350455549114968 0.2100638813522147 0
4435 0.6957621775546339 0.08590523036360784 0
4436 0.6464011887048396 0.1719509739984237 0
4437 0.3692819552124716 0.2734987210163831 0
4438 0.6287542869232499 0.01805099168302332 0
4439 0.9819490083170784 0.3712457130747994 0
4440 0.8428698599762521 0.3340882387307341 0
4441 0.6843411124091444 0.06598161198215709 0
4442 0.9325000585367316 0.5457329186734061 0
4443 0.4542670813245367 0.06749994146293223 0
4444 0.6083725753359209 0.5181508430352949 0
4445 0.7797729086217934 0.6106528265729583 0
4446 0.7414035977414799 0.1475107114555461 0
4447 0.6091353032428484 0.4002137367426556 0
4448 0.8207191299925151 0.6457409857159019 0
4449 0.3542590142825244 0.1792808700066896 0
4450 0.6847800478020647 0.3148108456293392 0
4451 0.7436310163934575 0.4650720472403465 0
4452 0.714398488169695 0.1609443263969443 0
4453 0.6148738911524593 0.166925350500097 0
4454 0.9892811539439603 0.06722411670170968 0
4455 0.9316906537441192 0.01213849772215254 0
4456 0.8042982618081342 0.4921386508113279 0
4457 0.5479222841686081 0.2268891258422806 0
4458 0.5182321263695771 0.2275767914380027 0
4459 0.5713378792340656 0.4866836558252289 0
4460 0.7769106580633225 0.3773001035810531 0
4461 0.2787107081028233 0.1221911022008311 0
4462 0.8778088977986249 0.7212892918959386 0
4463 0.7411968246928321 0.341236979416539 0
4464 0.8639139506054655 0.06880240980162318 0
4465 0.4556985667831326 0.1883562729637595 0
4466 0.6996481456197802 0.3046183805814558 0
4467 0.6396293157344891 0.03829129580333121 0
4468 0.9617087041968454 0.3603706842637782 0
4469 0.9871982114212638 0.3196857541029552 0
4470 0.6803111405703857 0.01279717509929948 0
4471 0.7684600731999742 0.6727002818863036 0
4472 0.7832465281530696 0.6259922345088486 0
4473 0.4737724944552132 0.4518043040835992 0
4474 0.6957892087696952 0.2879429305330455 0
4475 0.5769118929112717 0.2178476941595043 0
4476 0.2968957447942678 0.2471226328063371 0
4477 0.6384790869801886 0.5206668324073811 0
4478 0.4152578564624027 0.1748131443825583 0
4479 0.1862155348490806 0.112307057721839 0
4480 0.8876929422776603 0.813784465150087 0
4481 0.5916244946240284 0.491379863337541 0
4482 0.7900581079138811 0.2755715523517646 0
4483 0.934717487567987 0.3174205065947648 0
4484 0.9649665964434609 0.6153457421181546 0
4485 0.3846542578800687 0.03503340355635251 0
4486 0.2106895694536652 0.05266389979430576 0
4487 0.9473361002054569 0.7893104305453933 0
4488 0.8092963556840886 0.4242604348344501 0
4489 0.7969787354142088 0.1318386496375041 0
4490 0.2748336019303868 0.1995293277083616 0
4491 0.8004662875281956 0.7251612357971287 0
4492 0.6171321756081452 0.3534798381150764 0
4493 0.3365001438372689 0.06558967082541768 0
4494 0.9344103291742846 0.6634998561612359 0
4495 0.8359759516797355 0.4678943313608585 0
4496 0.3428203669725829 0.2640778041166829 0
4497 0.3157584190664197 0.2687495677087083 0
4498 0.7018868792354143 0.3837036905949339 0
4499 0.9668548637216551 0.5867061264538247 0
4500 0.4132938735441968 0.0331451362781871 0
4501 0.8759071836905772 0.4504888778763153 0
4502 0.5496011300377076 0.124233158567671 0
4503 0.8183639016344527 0.09521891197399696 0
4504 0.5024523111967298 0.3097379158471632 0
4505 0.7299765410334712 0.0640697209484226 0
4506 0.5950250681804918 0.4671537314520829 0
4507 0.9421112867152257 0.5689958651328796 0
4508 0.4310041348651004 0.05788871328454077 0
4509 0.6537560351488673 0.5453257857588231 0
4510 0.5419407789198664 0.1654446789309345 0
4511 0.6014088849057327 0.3565288294801711 0
4512 0.8345425492935156 0.6380335590062689 0
4513 0.3619405205820606 0.1658679489224918 0
4514 0.8721197634661584 0.01323035402546113 0
4515 0.9864625279554669 0.128060082636134 0
4516 0.5704067998039953 0.159939789798125 0
4517 0.9540787429895146 0.06523356314049035 0
4518 0.6340431890557738 0.497285330471827 0
4519 0.5719810683435903 0.03337999955170938 0
4520 0.9666200004487793 0.4280189316540854 0
4521 0.5832357410246222 0.3785453146433528 0
4522 0.6901173775439555 0.1120762919391959 0
4523 0.5097095300422255 0.3239890284620801 0
4524 0.9299164418166341 0.4699202045655724 0
4525 0.5300797954316997 0.0700835581829273 0
4526 0.6672442451100796 0.1849284629193021 0
4527 0.7711120716105913 0.3920192706921343 0
4528 0.7834079052689555 0.01432267716844255 0
4529 0.9853980974693138 0.216538987676588 0
4530 0.7212216332531701 0.4539947789566408 0
4531 0.1139274103004617 0.03369975976665453 0
4532 0.9663002402331961 0.8860725896990339 0
4533 0.1074406833409101 0.05548239120885929 0
4534 0.9445176087908944 0.8925593166586135 0
4535 0.5750176194745216 0.5272914741621861 0
4536 0.5930144269763654 0.2098317335517168 0
4537 0.6507949644688787 0.1371099811946078 0
4538 0.901097873260755 0.3874913476331967 0
4539 0.6126602793428853 0.09891951360560831 0
4540 0.4975822943739504 0.3860863214789741 0
4541 0.6183339802927023 0.471260332486232 0
4542 0.7352661058315333 0.4096593378047419 0
4543 0.8686957002631306 0.1615916731727238 0
4544 0.6794959795563775 0.5345733180457826 0
4545 0.7372276400908784 0.1204495107629514 0
4546 0.6474491248983418 0.3522753920082829 0
4547 0.6540358142127215 0.2101760938110109 0
4548 0.3502150923275759 0.1256725699783623 0
4549 0.8743274300210859 0.6497849076708782 0
4550 0.6715383196979954 0.6012192227351184 0
4551 0.3095115128149259 0.1208043826719659 0
4552 0.8791956173274922 0.6904884871837006 0
4553 0.3052716290152563 0.1058655946871875 0
4554 0.894134405312343 0.694728370983389 0
4555 0.4366476092352927 0.1086243398539823 0
4556 0.891360132536299 0.563356194518933 0
4557 0.9653978104487679 0.07913692716161368 0
4558 0.6333524318643081 0.2329430815567475 0
4559 0.8249962844165077 0.3547599002285723 0
4560 0.7689739608690543 0.5298013808754521 0
4561 0.08706023575288166 0.0363436792166484 0
4562 0.9636563207831931 0.9129397642467321 0
4563 0.3725849791528026 0.2573733580753247 0
4564 0.3666017898676602 0.01461849119595043 0
4565 0.985381508803972 0.6333982101305502 0
4566 0.625412064465926 0.2205937059274402 0
4567 0.5527222117048425 0.3353554310193029 0
4568 0.808345387302759 0.6180294466055144 0
4569 0.9180886717534944 0.5549425111350239 0
4570 0.445057488862905 0.08191132824616558 0
4571 0.2689956610509128 0.2481574349878345 0
4572 0.5345674544823417 0.4883061214565025 0
4573 0.4303842396985162 0.3000946091180281 0
4574 0.8498963109397748 0.6451615197370012 0
4575 0.3547461424119674 0.1504139008491976 0
4576 0.6261310807233031 0.4258714965273456 0
4577 0.3687124236572744 0.2097788039881753 0
4578 0.5275694454599287 0.3199485398178499 0
4579 0.6925326760013224 0.4444820725342232 0
4580 0.904341719887412 0.5340584051627347 0
4581 0.4663507254017636 0.09566771012809605 0
4582 0.8151126528161416 0.3375724521171781 0
4583 0.8890499863646959 0.1855361653383301 0
4584 0.2056161805923765 0.07116502169786906 0
4585 0.9288349783018114 0.7943838194067079 0
4586 0.193300576406687 0.09609588316022891 0
4587 0.9039041168393414 0.8066994235924523 0
4588 0.5622036019883294 0.4274326866263096 0
4589 0.7561539824174586 0.6983602188594316 0
4590 0.7700142294597968 0.3458303232470302 0
4591 0.9058306857948636 0.1764076379267877 0
4592 0.4156559221280214 0.2242265617185002 0
4593 0.3271020857934751 0.2317248311765534 0
4594 0.5940711760199584 0.2585688647315295 0
4595 0.7259943144983844 0.5587089057758228 0
4596 0.5287777065144658 0.3549906579224694 0
4597 0.7494149895852021 0.5471652921815315 0
4598 0.2232612330180782 0.2027582981162054 0
4599 0.7972417018829172 0.7767387669809241 0
4600 0.9216318592874206 0.1558511258315037 0
4601 0.9476121175600408 0.1458977259327739 0
4602 0.9679995644508553 0.014115815594714 0
4603 0.9872307000760707 0.03260569371541829 0
4604 0.489886711316375 0.1854929388285423 0
4605 0.377787869304463 0.1405815947678919 0
4606 0.8775460312077794 0.6205203905172639 0
4607 0.3794796094810476 0.1224539687916785 0
4608 0.7580298035191104 0.5904712245191114 0
4609 0.6254512802319913 0.1531236760733272 0
4610 0.5522110710978226 0.533606090867355 0
4611 0.8627350413716727 0.5526988467319083 0
4612 0.4476236723704889 0.1376979281738157 0
4613 0.9880637740177436 0.4056168177738354 0
4614 0.5943831822240424 0.01193622598235226 0
4615 0.6514528575865995 0.4070222857138663 0
4616 0.7100428006701573 0.3615775988777576 0
4617 0.9202840070930856 0.9027847508527516 0
4618 0.09721524914681087 0.07971599290655892 0
4619 0.4901508146782395 0.109579230890864 0
4620 0.6215513917518291 0.45123157120358 0
4621 0.702270323266457 0.3361739765197048 0
4622 0.3397379346821122 0.3188374670223377 0
4623 0.7348361987791105 0.2632600796924243 0
4624 0.9835704762112101 0.5374543302352194 0
4625 0.4625456697624701 0.01642952378869894 0
4626 0.2326438461693582 0.06495416871707929 0
4627 0.9350458312826243 0.7673561538295972 0
4628 0.3021131651272829 0.01453851240947595 0
4629 0.9854614875904391 0.6978868348713407 0
4630 0.6733940021238756 0.1690634159019815 0
4631 0.6631484863150301 0.1587900347537151 0
4632 0.6563937180647031 0.5169355170008233 0
4633 0.6931834688840381 0.5214264050494803 0
4634 0.7282627446344699 0.7097081458046567 0
4635 0.6937422876228587 0.1782225459980487 0
4636 0.9040748508961475 0.05679192750763332 0
4637 0.557909803770636 0.452762442451781 0
4638 0.1252037222844866 0.01246766772903 0
4639 0.9875323322709133 0.8747962777149567 0
4640 0.7246367965696274 0.386624640321823 0
4641 0.7962762306889165 0.03510914611232893 0
4642 0.8497428572379768 0.06425781334173759 0
4643 0.1528220368880273 0.06334247585644159 0
4644 0.9366575241432757 0.8471779631112918 0
4645 0.688919889252563 0.6701033841639568 0
4646 0.5980814007972933 0.5452922288978158 0
4647 0.7727371267591679 0.320078754754503 0
4648 0.9659698525791359 0.2023872346026734 0
4649 0.5106855492228439 0.1670027165895535 0
4650 0.9031965550358418 0.3498404476428065 0
4651 0.4247849921721694 0.3732201866696528 0
4652 0.8343973707060841 0.1948618193056335 0
4653 0.2554341110268175 0.2361326438834594 0
4654 0.7638675123831661 0.7449009772388548 0
4655 0.3516114219363578 0.2477734664022442 0
4656 0.42431432359943 0.3252657744127029 0
4657 0.1849025375182257 0.1659232404671525 0
4658 0.8340767595320893 0.8150974624809266 0
4659 0.3954461183701927 0.2636998250541149 0
4660 0.907072072723672 0.4845080199483434 0
4661 0.5157324078712157 0.09306766051022014 0
4662 0.7003736636235106 0.551267571000717 0
4663 0.9201635962716662 0.03404139501286692 0
4664 0.8801027536743491 0.5397787480091581 0
4665 0.4602212519887606 0.119897246325059 0
4666 0.7771936702942449 0.04126826737534928 0
4667 0.6263784547696311 0.09285103618262482 0
4668 0.388990624682653 0.2229051784552825 0
4669 0.9369080229839402 0.2694246437483254 0
4670 0.7705884772365543 0.6477913924995655 0
4671 0.1805135519706071 0.0732355142167451 0
4672 0.9267644857829287 0.8194864480285915 0
4673 0.6719143090614452 0.3365251892692776 0
4674 0.6833871024434087 0.2173962813846724 0
4675 0.9285393257677517 0.1881004672590633 0
4676 0.9446904823408231 0.1906878386449531 0
4677 0.9425176379969803 0.0938469708054667 0
4678 0.3906111047182061 0.1079330784122532 0
4679 0.8921232335503015 0.6095642197470961 0
4680 0.7092741523284921 0.2590293524005787 0
4681 0.2477335098306724 0.01063890096590839 0
4682 0.9893610990340403 0.7522664901681584 0
4683 0.9265977189554703 0.5748537747154279 0
4684 0.4251462252826356 0.07340228104423399 0
4685 0.9070036072125018 0.3728894470311683 0
4686 0.7136427030647656 0.03736870128733382 0
4687 0.758191778353019 0.4110289248356266 0
4688 0.5521293809597595 0.1781346956708076 0
4689 0.7203063985450733 0.4783680500611837 0
4690 0.7480638640381737 0.3845381114760134 0
4691 0.5845632681164473 0.4067423386675623 0
4692 0.6004338575409288 0.3285662205653636 0
4693 0.7102756994107887 0.06510637082370632 0
4694 0.06657899275363713 0.04861847752445242 0
4695 0.9513815224753324 0.9334210072460649 0
4696 0.7788583808480124 0.1105117896830755 0
4697 0.812369796664139 0.2658947504281896 0
4698 0.5757948127822927 0.1881401780381062 0
4699 0.3249404412066958 0.07696644329863191 0
4700 0.9230335567010243 0.6750595587918596 0
4701 0.6511351743224901 0.5706814412886595 0
4702 0.9892078752474305 0.2933551126001366 0
4703 0.7066286870560413 0.01078341400257369 0
4704 0.6333199640872701 0.5879470719284536 0
4705 0.08141261024115834 0.01279937490716107 0
4706 0.9872006250927775 0.9185873897584823 0
4707 0.5347256222467693 0.4471611335275321 0
4708 0.8357662406373123 0.5355064702848232 0
4709 0.4159606783839972 0.3973756308959345 0
4710 0.6531889180688046 0.01367628848489421 0
4711 0.9863237115151372 0.3468110819294209 0
4712 0.3484353629596333 0.01371896261903959 0
4713 0.9862810373808727 0.6515646370386619 0
4714 0.2528817616874984 0.20901940826544 0
4715 0.7909805917336376 0.7471182383113294 0
4716 0.8442367454723517 0.2401935050564802 0
4717 0.1877980161526009 0.1368006480152583 0
4718 0.8631993519841346 0.8122019838465633 0
4719 0.7290354281718182 0.425186653778453 0
4720 0.4251578942666938 0.2480718837687833 0
4721 0.2296689741959308 0.03557229202226152 0
4722 0.9644277079775758 0.7703310258030469 0
4723 0.8931791020362279 0.03455082051870927 0
4724 0.3968111880558567 0.1748306256584352 0
4725 0.4593403968826729 0.367476318756705 0
4726 0.783376776750947 0.06491348227384444 0
4727 0.9628799921408842 0.2862544438254957 0
4728 0.5345401060537054 0.1979048195618827 0
4729 0.6143178694093921 0.1940925553045242 0
4730 0.8719191678348445 0.5954875413057094 0
4731 0.3359233482260819 0.2875231700108927 0
4732 0.7608720329480391 0.4836655557454366 0
4733 0.936169976835856 0.1191042095824224 0
4734 0.3280968347653362 0.02821435294149337 0
4735 0.9717856470583259 0.671903165233146 0
4736 0.6276982279473782 0.3989317789804617 0
4737 0.8863366194535497 0.1078232270533912 0
4738 0.7493029647959881 0.2663583471367076 0
4739 0.8667620656430455 0.117977227213962 0
4740 0.7739662322329037 0.4816019648245787 0
4741 0.3513235341381564 0.2921731801253516 0
4742 0.4365707609845143 0.4198476153998017 0
4743 0.7383940109067244 0.289936314262586 0
4744 0.4961299283522196 0.4137165341956377 0
4745 0.4313317117288515 0.2242618369697915 0
4746 0.6243738845273695 0.369167345674567 0
4747 0.6928491699868157 0.1474398900436157 0
4748 0.6077948758575158 0.5895479251961679 0
4749 0.852711490633719 0.2116412951464857 0
4750 0.7400645962035139 0.4377081281705569 0
4751 0.8187094790964139 0.1128137270518222 0
4752 0.316078649728961 0.1795105683205936 0
4753 0.8204894316786089 0.6839213502696347 0
4754 0.9612143562290527 0.5434496739559975 0
4755 0.4565503260417669 0.03878564377074259 0
4756 0.9668259447416965 0.5592152709168674 0
4757 0.4407847290809931 0.03317405525814102 0
4758 0.8775089304904599 0.523280963309575 0
4759 0.15744938176975 0.0117576126149403 0
4760 0.9882423873850044 0.8425506182295308 0
4761 0.1194498560357506 0.1029498672471254 0
4762 0.8970501327524165 0.8805501439637169 0
4763 0.351633660556063 0.1005623966908717 0
4764 0.8994376033086805 0.6483663394423708 0
4765 0.9525471518839496 0.1588078406441052 0
4766 0.2826202553005803 0.2358790388618182 0
4767 0.7526988608571807 0.7361844943101933 0
4768 0.9070981265318041 0.1142021615349523 0
4769 0.7202834567292524 0.5095706201823063 0
4770 0.9870504270697633 0.8144187862052581 0
4771 0.1855812137938964 0.0129495729301853 0
4772 0.7643730337662006 0.7142198705436913 0
4773 0.9306035322652496 0.1692999845739963 0
4774 0.4115991170942471 0.2399079198013689 0
4775 0.4758560738841502 0.248707749016561 0
4776 0.4033319744565024 0.3355236977121346 0
4777 0.9664884531487838 0.1052443367776485 0
4778 0.6324511236023856 0.5577790557665191 0
4779 0.7929600668142143 0.3012466589413035 0
4780 0.3005454790203329 0.03766058268455789 0
4781 0.9623394173152791 0.6994545209783269 0
4782 0.4717166922968223 0.3809069873890897 0
4783 0.2410453086210725 0.1856249452614015 0
4784 0.8143750547377774 0.758954691377851 0
4785 0.3689828151562688 0.03230100475535506 0
4786 0.9676989952444915 0.631017184842126 0
4787 0.8927572961659087 0.2902102177427819 0
4788 0.7964162563235143 0.4792393901444233 0
4789 0.7593167038279829 0.4606494525041582 0
4790 0.9526574796709861 0.3748824312486622 0
4791 0.6251175687497844 0.04734252032924345 0
4792 0.1403138174880945 0.1219051546680283 0
4793 0.8780948453314266 0.8596861825112789 0
4794 0.8135490549009579 0.01258952871509833 0
4795 0.9875534799350141 0.1864129911279168 0
4796 0.5938957745596083 0.4461010467799846 0
4797 0.9362286233777043 0.2899799301062533 0
4798 0.3862034335485338 0.315971285582915 0
4799 0.478745647709766 0.296687174763855 0
4800 0.4871438265400044 0.261021659207901 0
4801 0.7509777208163146 0.3714160904551765 0
4802 0.9196057193679555 0.2937099949280258 0
4803 0.9185072084014886 0.1318308701179927 0
4804 0.6462045113399637 0.4891003476551392 0
4805 0.7349156061426232 0.4522221927460129 0
4806 0.8247234914297277 0.4452078631567785 0
4807 0.022672762369823 0.009382014642218498 0
4808 0.9906179853577393 0.9773272376300742 0
4809 0.463142804494472 0.2688869388823665 0
4810 0.8409481835379078 0.5114412378105722 0
4811 0.8094191536801102 0.1407887633578891 0
4812 0.6640003927679698 0.469458784076962 0
4813 0.3076733417182498 0.05873625822006513 0
4814 0.9412637417796671 0.692326658280384 0
4815 0.6728564198746574 0.2343969214170849 0
4816 0.3002879145708162 0.2176330042133561 0
4817 0.7822945654876392 0.7001928135811755 0
4818 0.9557973083482592 0.4729303842573281 0
4819 0.5270696157400268 0.04420269165141855 0
4820 0.674611619522668 0.1053970550300459 0
4821 0.4339993174252302 0.1972354749239175 0
4822 0.2098468017933647 0.1207054919881378 0
4823 0.879294508011323 0.7901531982057015 0
4824 0.4604697531475318 0.4104132720195036 0
4825 0.3651641785540793 0.05746474735104246 0
4826 0.9425352526486961 0.6348358214442937 0
4827 0.7756914330375105 0.2749192074414303 0
4828 0.7080945370998152 0.1091903744516291 0
4829 0.8036024273573725 0.6026038256761957 0
4830 0.7868586290498498 0.2516499608978523 0
4831 0.9392479150081011 0.2178866663145046 0
4832 0.461276548854355 0.3211585840218558 0
4833 0.7524356495703601 0.04374973402613397 0
4834 0.6721691754071941 0.09144827005250318 0
4835 0.799948594512695 0.4356441480306629 0
4836 0.6749755595268037 0.3793642165207999 0
4837 0.6903968894212672 0.6170258012348162 0
4838 0.8424179291006167 0.1090754583342046 0
4839 0.5243295084849087 0.1197700517108522 0
4840 0.8802814898146053 0.4761845615229282 0
4841 0.7991446751488908 0.314951308401623 0
4842 0.9085379015934698 0.3263256119091048 0
4843 0.4612406839909154 0.2952647266586875 0
4844 0.7903473528209153 0.5408948320508598 0
4845 0.8787599276758292 0.03841017944828697 0
4846 0.7034110788783756 0.6542772064471174 0
4847 0.46085269930999 0.1615566857022213 0
4848 0.3268052062982688 0.309660772347526 0
4849 0.3058679592599037 0.1374434448533506 0
4850 0.8625565551460379 0.6941320407387382 0
4851 0.7701336963898743 0.1432873580238583 0
4852 0.8838098064929376 0.160244839342439 0
4853 0.9468119574430022 0.3396458912084804 0
4854 0.6604303339555018 0.05319443839639727 0
4855 0.6722646978390041 0.306420758664089 0
4856 0.3152124150446983 0.1521072173046412 0
4857 0.8478927826946822 0.6847875849539014 0
4858 0.5468349272030413 0.2536767879859359 0
4859 0.7254216480501117 0.6407012881169716 0
4860 0.1404310082467005 0.09681096659921321 0
4861 0.9031890334003569 0.8595689917526745 0
4862 0.5489370700575867 0.1956158492091112 0
4863 0.5924971026864472 0.2883278022042397 0
4864 0.9862408763468858 0.5513703149289213 0
4865 0.4486296850688845 0.01375912365301661 0
4866 0.5742497788550633 0.3649828408965548 0
4867 0.1677630326956945 0.03085037783166203 0
4868 0.969149622168198 0.8322369673035592 0
4869 0.5072771080913551 0.4384587027755691 0
4870 0.8932914102258716 0.3245889086686207 0
4871 0.4865397577662091 0.3730891998896214 0
4872 0.5611845665085756 0.3860514905415152 0
4873 0.7698403795556999 0.5796228017988856 0
4874 0.9504346060318025 0.3134875938143112 0
4875 0.3352051514316532 0.1608346511319343 0
4876 0.8391653488673509 0.6647948485668587 0
4877 0.7455699273732379 0.575805546124281 0
4878 0.2840126960735018 0.1910990520912706 0
4879 0.8089004259123488 0.7159866893691306 0
4880 0.9586881070980338 0.2222676621113303 0
4881 0.4372497726593226 0.276565346988512 0
4882 0.4834635300342349 0.3554445033837692 0
4883 0.5840238244784107 0.5656947731843867 0
4884 0.5163575586320587 0.4275772235091164 0
4885 0.8187957052795604 0.4713175700255472 0
4886 0.6086969957010266 0.2849240219902734 0
4887 0.8646981272056149 0.2940059304470363 0
4888 0.7882280228558419 0.3240896647502677 0
4889 0.3317726733533457 0.05078598418423323 0
4890 0.9492140158155188 0.6682273266451748 0
4891 0.7717247891276979 0.09234203414532509 0
4892 0.3931625456332642 0.06721583054302423 0
4893 0.9327841694566719 0.6068374543649969 0
4894 0.9199244429881928 0.4050936682968432 0
4895 0.5949063317007932 0.08007555701140548 0
4896 0.641952256982979 0.2592810040013616 0
4897 0.5240153838965212 0.2947800169996643 0
4898 0.6868397248111294 0.05092578312651556 0
4899 0.9470818492573285 0.4523659558909961 0
4900 0.5476340441062324 0.05291815074220722 0
4901 0.647752611758909 0.09612275445439965 0
4902 0.7087254287292547 0.08061164106984431 0
4903 0.2109155719736004 0.09747670422484103 0
4904 0.9025232957747198 0.7890844280254602 0
4905 0.7501311188085205 0.1572526310182938 0
4906 0.9248364998386933 0.5269849552827164 0
4907 0.4730150447149514 0.07516350016089934 0
4908 0.667302779639795 0.06608304587939855 0
4909 0.9350383924462308 0.3331459189260126 0
4910 0.3738050469214047 0.1968024478770317 0
4911 0.5692528790295981 0.2587576028406893 0
4912 0.5726803145634133 0.4539938672155927 0
4913 0.8182672950017826 0.2941207510391862 0
4914 0.7837557337726775 0.4153254226345441 0
4915 0.7181895607363585 0.5703024229476066 0
4916 0.9091459399936925 0.2529857380671804 0
4917 0.7979005491780893 0.6283848379795632 0
4918 0.6936607606368868 0.3455544951790999 0
4919 0.7520857185460011 0.2818039097747376 0
4920 0.8619161773081437 0.6243345168220751 0
4921 0.6131920762085132 0.3035438717200608 0
4922 0.3903617099498862 0.2371189098471863 0
4923 0.8407099010648573 0.3604306204657735 0
4924 0.8100506688611168 0.07380701897196829 0
4925 0.9120418138742612 0.07045334511582584 0
4926 0.2210945826503452 0.1499264300763724 0
4927 0.8500735699229585 0.7789054173486694 0
4928 0.6392126832950653 0.4297806101656984 0
4929 0.5012779229653681 0.2600853102350147 0
4930 0.491941801740562 0.2237335286375972 0
4931 0.8744156187693721 0.1333493517541549 0
4932 0.2902355300318579 0.1566504784195419 0
4933 0.8433495215797659 0.7097644699668526 0
4934 0.5605686996109915 0.3064507616099019 0
4935 0.7028758323161863 0.6104097518414064 0
4936 0.6840678090242355 0.2433159680900365 0
4937 0.2627966451666137 0.05014022113087325 0
4938 0.9498597788689049 0.7372033548322144 0
4939 0.8371652285437765 0.4263631841250408 0
4940 0.851270803712288 0.4329374511354624 0
4941 0.6317840627485142 0.3447347320560347 0
4942 0.8619041816609162 0.4929861118046079 0
4943 0.6348177988773364 0.6159899747323874 0
4944 0.5604415234178323 0.4760015075647342 0
4945 0.8238158597818941 0.6157441239536992 0
4946 0.3967640820169586 0.1997504000704281 0
4947 0.2623279070419 0.2220276508127768 0
4948 0.7778969865496056 0.7376188029450184 0
4949 0.8176613317524378 0.3780596296180483 0
4950 0.7015031503004093 0.1347704627131566 0
4951 0.2615248663822836 0.1430174735997446 0
4952 0.8569825263996218 0.7384751336165558 0
4953 0.3727509410820272 0.09282861665333279 0
4954 0.9071713833462551 0.6272490589163182 0
4955 0.2897142012040895 0.08659244421478064 0
4956 0.9134075557848367 0.7102857987946248 0
4957 0.8709881375016802 0.329734740644505 0
4958 0.6635275022965206 0.451356260555415 0
4959 0.6541072128310048 0.029596136463196 0
4960 0.9703994187570976 0.3458928950129119 0
4961 0.8168075072807699 0.5482189300837823 0
4962 0.5611823021501577 0.1523507499334297 0
4963 0.9294673514103978 0.1057819471293141 0
4964 0.2401487243631503 0.04205187619684426 0
4965 0.957948123802965 0.7598512756357766 0
4966 0.6348927706120501 0.4499919690933084 0
4967 0.9140899733736459 0.2799009659839016 0
4968 0.1988011360302546 0.1396069493329261 0
4969 0.8603930506664537 0.8011988639688602 0
4970 0.5130921273954869 0.3896884943058984 0
4971 0.9671902106278185 0.2984101524756235 0
4972 0.5170247637606182 0.4704561808727201 0
4973 0.8325043632608803 0.08880561567097958 0
4974 0.98792665946952 0.4320517218488019 0
4975 0.5679482781489814 0.01207334053047194 0
4976 0.8581647743236553 0.4691398324185402 0
4977 0.7014733514583528 0.03292868509741438 0
4978 0.6410610808699648 0.1588205370168781 0
4979 0.5608449235694085 0.4071972727032394 0
4980 0.8370655805579481 0.4523945346926223 0
4981 0.2816905389416915 0.1079875611037151 0
4982 0.8920124388958071 0.7183094610570571 0
4983 0.5792095056266435 0.4657548744877981 0
4984 0.5265134205151196 0.3787567594289266 0
4985 0.3433427828491647 0.03037525256495182 0
4986 0.9696247474348844 0.6566572171492551 0
4987 0.734045626453358 0.08266010207749032 0
4988 0.2393124087333188 0.1071528683361858 0
4989 0.8928471316633371 0.7606875912656192 0
4990 0.7109182616262839 0.5258005634108724 0
4991 0.7495767433895046 0.649531409054948 0
4992 0.5986545588215688 0.3729455722212814 0
4993 0.9141660315474934 0.1883970544295982 0
4994 0.5814914439349383 0.4432122664807874 0
4995 0.4987443816747101 0.2857375244772617 0
4996 0.2453806294216159 0.1610336353736899 0
4997 0.8389663646255956 0.7546193705772939 0
4998 0.8749778633529408 0.2745732481909128 0
4999 0.8612393731032775 0.4552834426754546 0
5000 0.7567283164330256 0.6192505170454091 0
5001 0.2786155146147319 0.0680934143303335 0
5002 0.9319065856693649 0.7213844853840277 0
5003 0.6790419775047529 0.5634470442916715 0
5004 0.8015578833549065 0.05804326194366331 0
5005 0.9882396516335481 0.5743815899592504 0
5006 0.425618410038654 0.0117603483664002 0
5007 0.8593706633504624 0.3561089434206015 0
5008 0.7606144568232298 0.5092370514683568 0
5009 0.553863589179731 0.3529044938382495 0
5010 0.2571064845552917 0.179788540068064 0
5011 0.8202114599311475 0.7428935154435606 0
5012 0.8911013006082183 0.2222722605072238 0
5013 0.8291820454803919 0.1389619026165574 0
5014 0.87917724802581 0.5707512537883543 0
5015 0.4283144616624795 0.1221396663971136 0
5016 0.6488120630838644 0.1086366382086364 0
5017 0.5882326355352518 0.419611557328992 0
5018 0.5296983808797516 0.1567318241980213 0
5019 0.1818749805405137 0.08624626820553444 0
5020 0.9137537317940794 0.8181250194586789 0
5021 0.8870033045369684 0.4397370730670194 0
5022 0.5602757852039407 0.1130167443563802 0
5023 0.5776501880275956 0.3422497941962684 0
5024 0.612354626979184 0.2441359890448709 0
5025 0.9514621464143429 0.5143334293084473 0
5026 0.4856665706891593 0.04853785358535217 0
5027 0.5654117985094046 0.1748633580328789 0
5028 0.4954152292913024 0.4796024578323953 0
5029 0.7932550129119093 0.106317084312173 0
5030 0.7812949286417176 0.5239640810993018 0
5031 0.4957855523387229 0.1711124660308828 0
5032 0.4725886979295216 0.1825125115529234 0
5033 0.4531598910576151 0.091943678440221 0
5034 0.9080395744314451 0.546926499561036 0
5035 0.8593347370902948 0.3822892529957949 0
5036 0.8273726533245578 0.2714294208750808 0
5037 0.8290184315228284 0.01263899228309699 0
5038 0.9874523749242901 0.1710007453163695 0
5039 0.8260621619720352 0.06680683510405899 0
5040 0.1671627113303858 0.05398289998236915 0
5041 0.9460171000173904 0.8328372886688695 0
5042 0.5961829836541936 0.5276929942565849 0
5043 0.5751781700947501 0.5121242789807814 0
5044 0.5656625477804895 0.5015832360906292 0
5045 0.3723694104080161 0.3558799410208875 0
5046 0.7797184555097473 0.2162313065934925 0
5047 0.5308085107659126 0.1420809794155598 0
5048 0.2964296197582898 0.1955710274212435 0
5049 0.8042129629308011 0.703282952234788 0
5050 0.8030266521574206 0.2749372941649385 0
5051 0.5071274304055156 0.3653524966683805 0
5052 0.8167254101119148 0.573305488768419 0
5053 0.4114194782708283 0.2871383906526645 0
5054 0.3486609172400389 0.07015944850124012 0
5055 0.9298405514984434 0.6513390827584037 0
5056 0.7896493000414588 0.5700240285414974 0
5057 0.3140736784344624 0.2524361501130916 0
5058 0.3090563262182018 0.2928962870251789 0
5059 0.8921959237756255 0.3474663066538556 0
5060 0.9131999187698786 0.507937378478293 0
5061 0.4922327000009716 0.08680586665228214 0
5062 0.7229802751241525 0.01318572530493438 0
5063 0.9868101774245852 0.277006629857194 0
5064 0.5411944734660811 0.2942332249419348 0
5065 0.6180807548988442 0.1406192239727468 0
5066 0.9565003509195016 0.5994107797532775 0
5067 0.4005892202448028 0.04349964908025782 0
5068 0.7094585706869921 0.6325130711492779 0
5069 0.944608492506162 0.4928576060123622 0
5070 0.5071423939850768 0.05539150749346766 0
5071 0.4936331522772241 0.07198213942154282 0
5072 0.9283988722059 0.5060320933197915 0
5073 0.7075247156357346 0.2025513536482854 0
5074 0.4111419390823717 0.1981165044582686 0
5075 0.8187364458305612 0.486787021556234 0
5076 0.6959880114333887 0.680214032705117 0
5077 0.9186243618992853 0.2267025387057177 0
5078 0.5180042293906519 0.1814987203288329 0
5079 0.543810941466891 0.1398383448731245 0
5080 0.5254875281377649 0.4053263490935968 0
5081 0.6402758390804869 0.5463268649527143 0
5082 0.9002696814901 0.2067960682023292 0
5083 0.152015164073076 0.1084817901325815 0
5084 0.8915182098669352 0.8479848359262465 0
5085 0.1842245278122171 0.0307444872651953 0
5086 0.9692555127346688 0.8157754721869601 0
5087 0.3238413536246936 0.1221242915366903 0
5088 0.8778757084627686 0.6761586463738706 0
5089 0.2982315372858285 0.2820544155820855 0
5090 0.4656827343749335 0.1975682776970104 0
5091 0.3511284776166996 0.3092712848357618 0
5092 0.5288015087833042 0.5123919347490297 0
5093 0.715556334327676 0.6737338849599775 0
5094 0.9883806190292517 0.5168820587367746 0
5095 0.4831179412607649 0.01161938097065472 0
5096 0.8275970447826417 0.5994740207465808 0
5097 0.6222817843743584 0.6072274040986806 0
5098 0.6957257901947593 0.4815155634624976 0
5099 0.9872367892439305 0.446319136099655 0
5100 0.5536808638978615 0.01276321075601116 0
5101 0.6528199879905392 0.2240206858428195 0
5102 0.4069851770139203 0.08863351307457741 0
5103 0.9113664869250476 0.5930148229842633 0
5104 0.1568436084291628 0.07964008036905314 0
5105 0.9203599196305914 0.84315639157014 0
5106 0.4544736677590222 0.4377153647436173 0
5107 0.6640585174772929 0.3575179886506226 0
5108 0.7822779972610777 0.5550380647723228 0
5109 0.3928778249885153 0.2757424591345751 0
5110 0.9714441816612789 0.5360774526139077 0
5111 0.463922547383798 0.02855581833855969 0
5112 0.857862410314235 0.6366371271713116 0
5113 0.3644581326052688 0.1417653737923853 0
5114 0.4071143751665878 0.1529258657118637 0
5115 0.928429133482303 0.3560835850736327 0
5116 0.6429594206401918 0.0715275761692203 0
5117 0.8399142743478962 0.04615372914478391 0
5118 0.4535862742972544 0.398391425488491 0
5119 0.7441891171521778 0.6387645347345359 0
5120 0.988140839803722 0.1146403213036287 0
5121 0.8856377474419848 0.01138827271431796 0
5122 0.5363734296001456 0.1159677997161722 0
5123 0.8840399187024639 0.4637175408637944 0
5124 0.3806321136022058 0.3377195745482783 0
5125 0.7347561888132551 0.6629258919344656 0
5126 0.9409640579893276 0.4150815580899732 0
5127 0.5849184419085859 0.05903594201049819 0
5128 0.659133508079998 0.309336366271837 0
5129 0.7733102900272417 0.6359853220139269 0
5130 0.4488723910792018 0.2426471825446168 0
5131 0.6755843349180697 0.5768214405139289 0
5132 0.6424632032668599 0.3646561793729007 0
5133 0.6881371893247046 0.1912085526040341 0
5134 0.4495221017591642 0.2173824863501812 0
5135 0.8306615546441726 0.1594283592683783 0
5136 0.5304136459824297 0.2713026191547543 0
5137 0.8860195160400459 0.09639953435633014 0
5138 0.6098821698616286 0.4943647228165111 0
5139 0.3310899341919433 0.10967894823476 0
5140 0.8903210517647575 0.6689100658065906 0
5141 0.4865006119107848 0.1499071435017374 0
5142 0.4850092686345709 0.3320610292169163 0
5143 0.8892667035725618 0.1983026892395718 0
5144 0.9884723510821954 0.3834209740933429 0
5145 0.6165790259045996 0.01152764891790014 0
5146 0.531175271088178 0.3418679644961062 0
5147 0.9684755991989575 0.4812437337864747 0
5148 0.5187562662109639 0.03152440080083348 0
5149 0.4289904167962272 0.181028744126538 0
5150 0.6724448622359831 0.4814364093948716 0
5151 0.4725479636234899 0.1684817505160529 0
5152 0.732487598472837 0.2457242854618795 0
5153 0.3439793986669916 0.04501090371028295 0
5154 0.9549890962895 0.6560206013314729 0
5155 0.4911557833437903 0.2355374928293382 0
5156 0.6602882422009784 0.3321150318421164 0
5157 0.3138117870418385 0.09691074833914548 0
5158 0.9030892516604243 0.6861882129567685 0
5159 0.6359920949238005 0.1798533553650357 0
5160 0.487290926039758 0.3091975576820035 0
5161 0.4752521946209745 0.2743153898616196 0
5162 0.5840602533202923 0.1620501196425888 0
5163 0.9904973017858357 0.4861363537177203 0
5164 0.5138636462797813 0.009502698214134167 0
5165 0.5124456204502046 0.2396218949780201 0
5166 0.9877483075746097 0.8984872818341294 0
5167 0.1015127181654186 0.01225169242533422 0
5168 0.9368905069714004 0.919508917994616 0
5169 0.08049108200503256 0.06310949302831888 0
5170 0.6952470865013942 0.2631359436295504 0
5171 0.696440218681425 0.2370569487646466 0
5172 0.8503457039047048 0.4462709928974412 0
5173 0.6599637171894814 0.5344003163216313 0
5174 0.7339151061724567 0.5174701588184085 0
5175 0.8118608841903734 0.02814176242903817 0
5176 0.9717794465257545 0.1880909919684893 0
5177 0.9539641154475145 0.1038510070092815 0
5178 0.9172032958930729 0.04745050025252051 0
5179 0.7142674321886792 0.4638222306757306 0
5180 0.6198095249656044 0.5401851644159483 0
5181 0.7608789539055235 0.5203135033977202 0
5182 0.3828161631740323 0.1558306851634699 0
5183 0.2398697642178964 0.09194889407921869 0
5184 0.9080511059203722 0.7601302357810402 0
5185 0.7636260721198737 0.5429324648551308 0
5186 0.8733422296945421 0.3052708472333918 0
5187 0.7469736785803593 0.3260602300738503 0
5188 0.6544330956829906 0.2474742680158954 0
5189 0.5666985378470996 0.2960740964675044 0
5190 0.7558606604165039 0.07222284962898645 0
5191 0.8498598294330635 0.3194846814357278 0
5192 0.5396821654763335 0.4228097060453752 0
5193 0.7194924447549861 0.1010338965519287 0
5194 0.8431097585466018 0.6034995945304662 0
5195 0.8172895062981074 0.3650291116388289 0
5196 0.8570014417541795 0.5252975200527568 0
5197 0.6576127637856446 0.3975926239395904 0
5198 0.2775680420753637 0.1366629461565642 0
5199 0.8633370538428288 0.7224319579234045 0
5200 0.1240510029244854 0.04197380344420377 0
5201 0.9580261965556101 0.8759489970749648 0
5202 0.6764994230041876 0.403181510361158 0
5203 0.6493122067493455 0.1985291571699081 0
5204 0.41074373140064 0.01144105173885692 0
5205 0.9885589482610913 0.5892562685973137 0
5206 0.6973263742426609 0.1003157595600075 0
5207 0.8245971105893444 0.3076035023302639 0
5208 0.802535302813052 0.3836228395646825 0
5209 0.6125078465373905 0.3279918228358492 0
5210 0.6182404419136569 0.1785202784734478 0
5211 0.763852689003332 0.4480231126045231 0
5212 0.3233651360052543 0.2027017875719668 0
5213 0.7983214509698454 0.6753969961986223 0
5214 0.6835080124313349 0.08544413012474274 0
5215 0.7644365322479392 0.3293315318977252 0
5216 0.7164997115696579 0.3010284714308673 0
5217 0.6591792218576388 0.5811523731644683 0
5218 0.5387928066767385 0.2430202883034666 0
5219 0.5411187530216748 0.3602109954546124 0
5220 0.6429825818346102 0.4666803658299751 0
5221 0.5015378129989423 0.2443744552113029 0
5222 0.3636799995347504 0.1022187061249105 0
5223 0.8977812938746383 0.6363200004636413 0
5224 0.4391197818035066 0.3206076704310349 0
5225 0.4415701657027931 0.3086211523932263 0
5226 0.8328294671478548 0.182214514639557 0
5227 0.5026606393196722 0.3524083967770522 0
5228 0.8667721532300009 0.319256989089119 0
5229 0.8979853309543475 0.3025786302659763 0
5230 0.1910205295176819 0.06790572157808294 0
5231 0.9320942784216149 0.8089794704814661 0
5232 0.7164836231114862 0.5928043305956534 0
5233 0.803461494621486 0.1166277237027997 0
5234 0.9670720089695435 0.4952297332807695 0
5235 0.5047702667167145 0.03292799103024692 0
5236 0.5677643119017816 0.3204118348016483 0
5237 0.7468506992493175 0.4032013797588415 0
5238 0.961676118532669 0.1270535920835525 0
5239 0.1221272731102088 0.08082225874279411 0
5240 0.9191777412568445 0.8778727268892462 0
5241 0.328146241773987 0.2462102245820611 0
5242 0.7906282585695974 0.3722164575331474 0
5243 0.3295429109468449 0.1886611428278814 0
5244 0.8114258672514428 0.6703518281847944 0
5245 0.6924038309725907 0.5049345927756292 0
5246 0.6069265903135316 0.0313511453753503 0
5247 0.9686488546248404 0.3930734096845704 0
5248 0.1669955940869507 0.1277133223323003 0
5249 0.8722866776671316 0.8330044059123063 0
5250 0.3496387242857728 0.2049120201475554 0
5251 0.7948611111038574 0.6509315142268047 0
5252 0.9416369939931497 0.5944672188830871 0
5253 0.4055327811150495 0.05836300600659553 0
5254 0.2084341234747298 0.02776020616270912 0
5255 0.9722397938371672 0.7915658765243404 0
5256 0.09287395589449637 0.05158713867457052 0
5257 0.9484128613252009 0.9071260441050917 0
5258 0.6861742820689765 0.4320131985759327 0
5259 0.5795312001212812 0.3542335877971948 0
5260 0.1434317438112331 0.02891377083465067 0
5261 0.9710862291652216 0.8565682561881283 0
5262 0.4947414557191108 0.4361643233112503 0
5263 0.631600158127765 0.5100117808286967 0
5264 0.2613511631920354 0.08353765753046001 0
5265 0.9164623424691727 0.7386488368068056 0
5266 0.102320721923582 0.02955950525938352 0
5267 0.9704404947404826 0.8976792780759646 0
5268 0.4384920298316852 0.3807644255215087 0
5269 0.957359407515634 0.2490428591338223 0
5270 0.3465202314437803 0.0888877618778641 0
5271 0.9111122381217404 0.6534797685546738 0
5272 0.7140247069574308 0.6189796431569168 0
5273 0.8661281298995929 0.08083401740322142 0
5274 0.8006627620567951 0.2266635911026849 0
5275 0.5224594218415228 0.2584428205923673 0
5276 0.6763907389564106 0.1403108917278092 0
5277 0.8411788008592559 0.5811374017177919 0
5278 0.4186736654177836 0.1592085151984278 0
5279 0.90481790422623 0.136793270242778 0
5280 0.7247931573698334 0.1650768128292478 0
5281 0.7066029928223303 0.4997360843724953 0
5282 0.9159212876321219 0.5675628758000004 0
5283 0.4324371241980329 0.08407871236753363 0
5284 0.8271156818957441 0.5606589214787066 0
5285 0.7554951025911228 0.3075515317066121 0
5286 0.98822690909967 0.2296057890260723 0
5287 0.7703909853257811 0.01175613114801925 0
5288 0.8730382893125226 0.3799120867672144 0
5289 0.2445540758382857 0.0692977185983001 0
5290 0.930702281401405 0.7554459241606055 0
5291 0.9896192597500328 0.7677366414156642 0
5292 0.2322633585833109 0.01038074024996442 0
5293 0.7949242409168051 0.5176997223238284 0
5294 0.6338406497599324 0.3879404200153518 0
5295 0.9728450962180858 0.3204695928504082 0
5296 0.6795179786873539 0.02658348885555134 0
5297 0.9071837812025711 0.01181966708071145 0
5298 0.9881803329192951 0.09281621879677564 0
5299 0.6506149144335683 0.2956459935731748 0
5300 0.7464503708810365 0.1333551656262346 0
5301 0.4747245126144264 0.1423573638167074 0
5302 0.419871337003201 0.3111009044309605 0
5303 0.7743882396779891 0.426735163242219 0
5304 0.4992477765483587 0.3735786487116722 0
5305 0.7836354448594676 0.1271610461889215 0
5306 0.9456798457545511 0.3523782638190303 0
5307 0.6477693389939574 0.05431091428778297 0
5308 0.7075406580869562 0.4851873014973356 0
5309 0.5887646990439434 0.5060670584287161 0
5310 0.694029173081214 0.2029993444013677 0
5311 0.6756426709066536 0.6610634359390579 0
5312 0.2449597469806358 0.1485220761346131 0
5313 0.8514779238647275 0.7550402530182782 0
5314 0.5090633459453437 0.2994958233554663 0
5315 0.6719232093790375 0.5142508295991399 0
5316 0.2865628763984867 0.05689922948437783 0
5317 0.9431007705153662 0.7134371236002355 0
5318 0.7797884589190842 0.4468857378837209 0
5319 0.3068534234099042 0.1915187958348136 0
5320 0.8087668491469584 0.6928190257969151 0
5321 0.1667888549630107 0.1002199173301943 0
5322 0.8997800826693582 0.8332111450362468 0
5323 0.1887868124419007 0.04708147270738176 0
5324 0.9529185272924061 0.8112131875572599 0
5325 0.365483631659927 0.2459951641230677 0
5326 0.8260540355277288 0.05424178242059785 0
5327 0.8090892011006175 0.1775891738287764 0
5328 0.7692088103336683 0.06884698490619204 0
5329 0.7279998146581845 0.3137927784533417 0
5330 0.9059017070146694 0.02724782828804685 0
5331 0.9727521717121819 0.09409829298457513 0
5332 0.8671523446406151 0.2515772853893266 0
5333 0.2932046255649379 0.100308040233563 0
5334 0.8996919597659953 0.7067953744337605 0
5335 0.9889427035590264 0.6188056139331721 0
5336 0.3811943860648946 0.0110572964408857 0
5337 0.8368981259227912 0.3482230962110401 0
5338 0.7132800443942517 0.388811988828114 0
5339 0.8555501411333323 0.03155719499755864 0
5340 0.8857585029758092 0.5862850205255212 0
5341 0.4135788188132133 0.1138260768487086 0
5342 0.797137851450835 0.4577365755326673 0
5343 0.8440366628514973 0.8278703128964895 0
5344 0.1721296871027469 0.1559633371477938 0
5345 0.7794729484935292 0.299494252906578 0
5346 0.8407736583700927 0.1707282859333194 0
5347 0.6197853803858726 0.07173738193188398 0
5348 0.928252271715625 0.3801748744958566 0
5349 0.7691044060203881 0.4039599770633651 0
5350 0.6790888225616951 0.5909509741827838 0
5351 0.827706881741505 0.3285597811364494 0
5352 0.2112895132339332 0.1968760839788221 0
5353 0.8031239160202809 0.7887104867650833 0
5354 0.6575835731044205 0.1268654612620518 0
5355 0.9581099307842396 0.4609721880259073 0
5356 0.5390278119713503 0.04189006921540726 0
5357 0.2214406925216252 0.1246991301204784 0
5358 0.8753008698789634 0.7785593074773914 0
5359 0.4467924191804755 0.3463933190679532 0
5360 0.3063402462933441 0.2387557401168313 0
5361 0.6125710835861338 0.3771853021089897 0
5362 0.05220417145667024 0.009747817156945157 0
5363 0.9902521828430122 0.9477958285430892 0
5364 0.5675567837466823 0.5507010787064103 0
5365 0.0437068198679884 0.0299612397397457 0
5366 0.970038760260115 0.9562931801318129 0
5367 0.7838928724189709 0.1524619640799318 0
5368 0.5121556217033478 0.4585274948284311 0
5369 0.4787569323598438 0.43497488023935 0
5370 0.6793707417259501 0.5216430327024865 0
5371 0.3853319220207438 0.04775742958217537 0
5372 0.9522425704175663 0.6146680779775411 0
5373 0.6580235835225209 0.5569680997681459 0
5374 0.7338836517705205 0.1059671664660489 0
5375 0.6237684814764451 0.5657517659695607 0
5376 0.7161576958127416 0.2227856394189918 0
5377 0.2767781574064136 0.2611597315077154 0
5378 0.606044826917584 0.4735397498590935 0
5379 0.3978791666451779 0.3819377390102644 0
5380 0.7257530697244504 0.1243875244251852 0
5381 0.5451095431725331 0.4922795533546678 0
5382 0.6087987403842752 0.5508888265384785 0
5383 0.7626206461199488 0.1157644819396075 0
5384 0.9038939098967333 0.2300648702347417 0
5385 0.9226076832140309 0.2692647883532558 0
5386 0.6708679322863953 0.2073390699205475 0
5387 0.6058696132278394 0.2334159650426791 0
5388 0.7000609998114805 0.5794999954864307 0
5389 0.831642382952587 0.02692839801607025 0
5390 0.9737027243032292 0.1676469819691909 0
5391 0.7189074655811701 0.08905763921656885 0
5392 0.4704254237346686 0.2354512061630677 0
5393 0.8126547874177057 0.507499585365884 0
5394 0.9893842285202888 0.3331892060045789 0
5395 0.6668104771238286 0.01061530071653618 0
5396 0.7671236333365337 0.6059523706797165 0
5397 0.7558552479552225 0.34978274903769 0
5398 0.1206399295349401 0.06159659813261695 0
5399 0.9384034018671108 0.879360070464525 0
5400 0.3670912550315363 0.07988870768891845 0
5401 0.9201112923107229 0.6329087449668263 0
5402 0.9885802168973791 0.01141978310260521 0
5403 0.9890797947674255 0.2018798613753718 0
5404 0.7980956877976976 0.01095767601900107 0
5405 0.7558485766869587 0.6700890885230377 0
5406 0.9634705306680499 0.4394966789965313 0
5407 0.560503321000855 0.03652946933181461 0
5408 0.6800576516757284 0.451841062327621 0
5409 0.3498839632827045 0.2309057998965514 0
5410 0.6931356071604949 0.6297020094086361 0
5411 0.9242134009715417 0.4846032696668698 0
5412 0.5153758049816456 0.0757174933376 0
5413 0.338535804368377 0.2515336457295074 0
5414 0.8479510657871113 0.6574616229442338 0
5415 0.342531646890291 0.1520715444009628 0
5416 0.9211133150078532 0.07950817188628628 0
5417 0.6461450731890369 0.6084714999113139 0
5418 0.6063045711995269 0.2070951555718043 0
5419 0.4239013886907433 0.3490213705808617 0
5420 0.2890944330224867 0.01027751297549447 0
5421 0.9897224870244404 0.710905566976149 0
5422 0.6996350008766337 0.3706874534608646 0
5423 0.9376255285293313 0.5813998155078214 0
5424 0.4186001844902282 0.06237447147041959 0
5425 0.8105444754652511 0.1536495107822976 0
5426 0.666312704877548 0.623886889980077 0
5427 0.5473764339386632 0.446279947429046 0
5428 0.7121496936769263 0.409583037866089 0
5429 0.1994203435768186 0.1590502660395424 0
5430 0.840949733959759 0.8005796564222909 0
5431 0.6950166221753604 0.2254113818123223 0
5432 0.8770582162795139 0.2153916015098307 0
5433 0.6049388648396289 0.08737463622424099 0
5434 0.9126271379454154 0.395076607298606 0
5435 0.9354798148426891 0.4561379244554863 0
5436 0.54386207554166 0.0645201851568786 0
5437 0.5405869142104932 0.3948368544366599 0
5438 0.9905714881432975 0.1416020752405366 0
5439 0.8584160965449275 0.009429334563180417 0
5440 0.9502443153898128 0.02759751967713352 0
5441 0.7279866849321449 0.6184502774178582 0
5442 0.8616358133769828 0.1997248545313109 0
5443 0.7910667021854236 0.1938919108249664 0
5444 0.6312147629051532 0.4750623666210835 0
5445 0.2262731003893657 0.1625766858400973 0
5446 0.8374233141591851 0.7737268996096264 0
5447 0.3821017874872054 0.1767991227233588 0
5448 0.8466793315644041 0.5694280398174169 0
5449 0.4305466746503195 0.1552897521858964 0
5450 0.5408865119000622 0.3158711886021803 0
5451 0.5082883843951543 0.1519707325784535 0
5452 0.7371030831262092 0.009990182619635548 0
5453 0.9900142143184086 0.2628948363638389 0
5454 0.7498686368482745 0.7109079154541571 0
5455 0.4110694625172407 0.3678574554134181 0
5456 0.7596210911123251 0.1303618143568025 0
5457 0.444464250329788 0.1970053564850487 0
5458 0.2886346873985647 0.2221102425340685 0
5459 0.7779436755325625 0.7109081497561315 0
5460 0.8467109752220815 0.4067941374977171 0
5461 0.275350013348707 0.04472460323393626 0
5462 0.9552753967658634 0.724649986650076 0
5463 0.7933601712835223 0.08661164097884611 0
5464 0.2425470269742022 0.1275317391305934 0
5465 0.8724682608688379 0.7574529730247226 0
5466 0.5222172390376464 0.203941988009205 0
5467 0.2563593933651375 0.02999877874554503 0
5468 0.9700012212543113 0.7436406066337147 0
5469 0.7192231487256405 0.352128092733304 0
5470 0.664011981175671 0.4238945047294175 0
5471 0.7316593316111819 0.2103042053930341 0
5472 0.7024894586518555 0.4636504710256066 0
5473 0.4639602374205742 0.4264290412408923 0
5474 0.6460733051765317 0.2342501014276301 0
5475 0.8044935992063142 0.4481468943913386 0
5476 0.7451384439775828 0.6008078744096205 0
5477 0.8152114537963646 0.449671941957538 0
5478 0.8698883877866688 0.3587781797330722 0
5479 0.5825168460162469 0.3137834195173138 0
5480 0.2545005920105614 0.1677841813942361 0
5481 0.8322158186050242 0.7454994079883043 0
5482 0.9727952021695431 0.2286373129490695 0
5483 0.7711932226546929 0.02734164366191924 0
5484 0.7424079153289886 0.09651316723275445 0
5485 0.9895398106009099 0.05515982754076857 0
5486 0.9444320234338943 0.0127027985423282 0
5487 0.8065610164222846 0.5537906652737875 0
5488 0.4515130178494733 0.156548853723812 0
5489 0.9459769892869965 0.5264824481232094 0
5490 0.473517551874476 0.05402301071264815 0
5491 0.7578112016699665 0.1773543265719276 0
5492 0.8638430654078699 0.5052992902289102 0
5493 0.5823165777564753 0.2793932516041987 0
5494 0.6936096592328624 0.405534349596392 0
5495 0.5196390309316945 0.3664319830768468 0
5496 0.8051941246527576 0.5289663817107751 0
5497 0.8239194914736168 0.2335145864906168 0
5498 0.5797413624213194 0.09896610548754831 0
5499 0.901033894511957 0.4202586375760691 0
5500 0.8361381493295437 0.6244619951686504 0
5501 0.5826176125543467 0.2642346300372794 0
5502 0.3715867953295089 0.2980390638526786 0
5503 0.9514261740684217 0.05328224560155764 0
5504 0.8871610889153738 0.4993289441876795 0
5505 0.3470892940430698 0.331334372161052 0
5506 0.7999514911988017 0.16617409215357 0
5507 0.3981620869995086 0.3576788432964312 0
5508 0.4350801601234741 0.2359590512699115 0
5509 0.3740709139116564 0.3106046000227202 0
5510 0.4491275730279882 0.1783209567138599 0
5511 0.1476128961143164 0.132670507048195 0
5512 0.8673294929512075 0.8523871038850196 0
5513 0.5624037528553437 0.34320926263777 0
5514 0.908826304661122 0.3025728375520569 0
5515 0.8023616825708291 0.3429623237110612 0
5516 0.3614967094442884 0.3462226670118579 0
5517 0.8288539829028135 0.5062708169329276 0
5518 0.734122968822862 0.4761730051685735 0
5519 0.7368420984564429 0.7214456413939228 0
5520 0.7864750757407463 0.1807632738596968 0
5521 0.7424124390893689 0.1938792759320767 0
5522 0.7153540034663982 0.1198079606904634 0
5523 0.3924058399784767 0.2967983353517942 0
5524 0.4878354295448988 0.1984631584677656 0
5525 0.4761128412459961 0.08665352294526218 0
5526 0.913346477054394 0.5238871587516085 0
5527 0.5697379880055248 0.1969544081413541 0
5528 0.7414641306583594 0.4971710309671592 0
5529 0.5429057981108718 0.2647366639884108 0
5530 0.1276475882267495 0.1141647701333873 0
5531 0.8858352298661032 0.8723524117726809 0
5532 0.3209877474592836 0.2831921418455615 0
5533 0.3992235554390113 0.3214178550185719 0
5534 0.4451503451772468 0.3598759963195357 0
5535 0.6294647603533309 0.2745520388369544 0
5536 0.5208311382269033 0.2814613083308358 0
5537 0.6756663959028947 0.1929486534434022 0
5538 0.7298075037053918 0.2761149850024993 0
5539 0.7543086012334871 0.4715733321095547 0
5540 0.507338742857313 0.2761067372585447 0
5541 0.8538481341730016 0.3389430963019868 0
5542 0.746339909140096 0.2263697575977829 0
5543 0.7559961374129787 0.09997799076816161 0
5544 0.9742418597205773 0.5146543877630355 0
5545 0.4853456122345314 0.02575814027926764 0
5546 0.930308610536315 0.05688592839871436 0
5547 0.7345323806248754 0.6319368142286746 0
5548 0.5621631212960416 0.3643211759608328 0
5549 0.9058966023694254 0.4706778193932541 0
5550 0.5293508029638102 0.09412003253895929 0
5551 0.9542312279038441 0.5007224434484098 0
5552 0.4992775565490932 0.04576877209586085 0
5553 0.897603081211818 0.2653891523212022 0
5554 0.9168666142472605 0.4648038468041556 0
5555 0.5351961531931499 0.08313338575232097 0
5556 0.7188863803115417 0.2359666055983952 0
5557 0.9449040332331984 0.1681154661001611 0
5558 0.8542299575132075 0.1603666620352142 0
5559 0.62725623855222 0.08162036714795713 0
5560 0.5737045350533208 0.3868583613792236 0
5561 0.4859837203337352 0.4728335166557135 0
5562 0.1981944595763683 0.01075867289811858 0
5563 0.9892413271018121 0.8018055404227477 0
5564 0.4490027562731718 0.3257960270233494 0
5565 0.2691893196343371 0.1566367787571382 0
5566 0.8433632212421801 0.7308106803644721 0
5567 0.8701983880946484 0.2371448574277689 0
5568 0.3634863451558206 0.319531192569909 0
5569 0.6186188976073796 0.1234159343144968 0
5570 0.5562646692239727 0.440229670811026 0
5571 0.5916938137170661 0.172298482315485 0
5572 0.6619876903596538 0.3708506424998643 0
5573 0.617946591430548 0.2559788322081911 0
5574 0.7078181804879901 0.2434986514092135 0
5575 0.9191724698833887 0.01067517910961262 0
5576 0.9889591625256009 0.08028813391274141 0
5577 0.7116973407241237 0.2823757041812822 0
5578 0.973456126478367 0.5729374253149501 0
5579 0.4270625746829841 0.0265438735215065 0
5580 0.8533394260833304 0.5144734209080384 0
5581 0.9184501461520747 0.3728133139188924 0
5582 0.6935403917256274 0.5616596277961629 0
5583 0.8960769203558795 0.4614467170238177 0
5584 0.5385675202145842 0.1039259788492596 0
5585 0.7838524635105653 0.6893972279612655 0
5586 0.1713534821919515 0.009458018867836336 0
5587 0.9905419811321294 0.8286465178072475 0
5588 0.9406893291995655 0.3044141834187623 0
5589 0.4745852548521038 0.4070012498823383 0
5590 0.5900195096182118 0.5761041971435692 0
5591 0.9202074613435699 0.2463891151306454 0
5592 0.9901871641696484 0.7815198578776715 0
5593 0.2184801421213339 0.009812835830328975 0
5594 0.8177041268600451 0.2132538784079704 0
5595 0.2557084024575565 0.1297036758276583 0
5596 0.8702963241717663 0.7442915975413082 0
5597 0.5860896293766118 0.1391230173032661 0
5598 0.8622548511439905 0.4142466829487177 0
5599 0.9777452725367289 0.00885598571409601 0
5600 0.9912391527996524 0.022525629907101 0
5601 0.5093460265295163 0.4949504808386417 0
5602 0.9001510385814673 0.2442536016287441 0
5603 0.7651116982999739 0.5652918255381922 0
5604 0.9894359375715315 0.2423298725185586 0
5605 0.757669360744474 0.01056626559980963 0
5606 0.8592498593704321 0.05895100004120352 0
5607 0.4845725964433424 0.1626371165452321 0
5608 0.9901048041406253 0.4963576714426359 0
5609 0.503642328554872 0.009895195859356337 0
5610 0.6870945434200247 0.1230723215218118 0
5611 0.6847220517334439 0.3664070945552733 0
5612 0.2019890370901035 0.08764436559085752 0
5613 0.9123556344087534 0.798010962909003 0
5614 0.7245609458686487 0.257367346184283 0
5615 0.6520262607973941 0.473644172673636 0
5616 0.5734321743116706 0.1095736476347706 0
5617 0.8904280572025025 0.4265689190763167 0
5618 0.6435897149316321 0.5961190709954313 0
5619 0.0623685549288571 0.02593363069657819 0
5620 0.9740663693033048 0.9376314450708642 0
5621 0.4836137014213933 0.4143946719453745 0
5622 0.7264930915805521 0.3339094618299315 0
5623 0.9429064522920271 0.4762443949962804 0
5624 0.5237556050010533 0.05709354770758321 0
5625 0.5773345831478367 0.5430217743222592 0
5626 0.639410396311244 0.01112896035995645 0
5627 0.9888710396400892 0.3605896036867888 0
5628 0.8984507730329334 0.1620595318449674 0
5629 0.3958738522009765 0.1612109145101079 0
5630 0.5214113331211916 0.3452706518590488 0
5631 0.8417299492825809 0.5479177308541237 0
5632 0.5719873894974998 0.4741657276272107 0
5633 0.7331612604549961 0.3550415077410664 0
5634 0.8199499803208469 0.1362826714137562 0
5635 0.3755397928837421 0.1667726963064262 0
5636 0.3887390352839697 0.3732343381767529 0
5637 0.7533497391633959 0.5629652741187713 0
5638 0.761439255253866 0.4241666583586283 0
5639 0.1615405200437159 0.1474089547194211 0
5640 0.8525910452799106 0.838459479955566 0
5641 0.5691335857900576 0.1469781198975368 0
5642 0.9347886357854602 0.5336623497856143 0
5643 0.4663376502121284 0.06521136421410126 0
5644 0.2917931461963658 0.1714620459909807 0
5645 0.8285379540082605 0.7082068538023372 0
5646 0.8929091937709317 0.1176428564356547 0
5647 0.835101715501483 0.4156172912649574 0
5648 0.8267140455136923 0.4027644012924051 0
5649 0.5954739020832174 0.3972164502423834 0
5650 0.462827887670262 0.4484010108757291 0
5651 0.88796278045036 0.06306412314136282 0
5652 0.7840386500891148 0.2409099051812244 0
5653 0.6044776119392573 0.008515339238814547 0
5654 0.9914846607612521 0.3955223880586892 0
5655 0.7474753477177902 0.612281221452635 0
5656 0.5540182619578702 0.4655084325614991 0
5657 0.863178349422801 0.5842708089845156 0
5658 0.6282155480580165 0.1993435025737476 0
5659 0.5476928765215842 0.3059508487134179 0
5660 0.1362223025046536 0.08174069437789638 0
5661 0.91825930562174 0.86377769749474 0
5662 0.4550710373099019 0.3076272230822966 0
5663 0.1540777494222313 0.03808497773930521 0
5664 0.9619150222605251 0.8459222505770826 0
5665 0.3301239474050861 0.1337869934291159 0
5666 0.8662130065702911 0.6698760525934491 0
5667 0.8379873767552919 0.25004407294061 0
5668 0.6568426109967848 0.18055325475999 0
5669 0.9768891011972229 0.6116256302214562 0
5670 0.3883743697766786 0.02311089880268257 0
5671 0.6529452110348843 0.1624184333070541 0
5672 0.2158320740512134 0.1781723082077767 0
5673 0.8218276917914455 0.7841679259478135 0
5674 0.6880925805647716 0.07701144555482767 0
5675 0.8353524738667499 0.1486007627566321 0
5676 0.7335049762240531 0.187712806285579 0
5677 0.2299859371906414 0.1904049941443194 0
5678 0.8095950058548458 0.7700140628083245 0
5679 0.4379707047920369 0.2879733817916699 0
5680 0.7806200729694189 0.2017607417352421 0
5681 0.9702054803871262 0.1455744803851087 0
5682 0.8241770749052659 0.4320668039604692 0
5683 0.7112691592948923 0.6956050080388364 0
5684 0.4310322804972436 0.3605679318487624 0
5685 0.503324521803219 0.2188103532845325 0
5686 0.7207667648422287 0.5464227528682096 0
5687 0.853749591956922 0.138907191356381 0
5688 0.8655085712192497 0.14034469537173 0
5689 0.703694025428515 0.1575593123630462 0
5690 0.4897211335357179 0.3940737905457371 0
5691 0.2916050044244416 0.2578785061045401 0
5692 0.8759687161782763 0.5119916607068878 0
5693 0.7240900179062267 0.02731691813309186 0
5694 0.9727374587015123 0.2758640912509951 0
5695 0.2980843375904556 0.0267923527123843 0
5696 0.9732076472874991 0.701915662408205 0
5697 0.7459338999410051 0.1709228026774081 0
5698 0.2787026331532966 0.02641011090128619 0
5699 0.973589889098572 0.7212973668454579 0
5700 0.471132987590937 0.1224392747077883 0
5701 0.3003262118484033 0.1279358016312639 0
5702 0.8720641983681666 0.6996737881502637 0
5703 0.6490037572870282 0.3749250556118723 0
5704 0.4282803459329288 0.3387752642767137 0
5705 0.6941799247374889 0.0606174671920633 0
5706 0.5880065499112701 0.1957212738115454 0
5707 0.3635232404538151 0.2243852421012554 0
5708 0.5616016353625868 0.1267415612856588 0
5709 0.8734724462927966 0.4382878307614902 0
5710 0.9006083033470361 0.5841454363264728 0
5711 0.4158318702284372 0.09932245995671071 0
5712 0.9377716104620795 0.2537622118637256 0
5713 0.8302824322737277 0.5836302783737927 0
5714 0.8134632744456649 0.5954440197064508 0
5715 0.4477398462095876 0.3724910690056836 0
5716 0.5639565476022316 0.2703584178515374 0
5717 0.841362788471876 0.4824734211265521 0
5718 0.8262814831398813 0.2515174364953841 0
5719 0.7577514205590008 0.2102922401393682 0
5720 0.2633517015803873 0.1211415139437519 0
5721 0.8788584860557078 0.7366482984184409 0
5722 0.07438608751683351 0.04093991140546666 0
5723 0.9590600885943541 0.925613912482838 0
5724 0.7198952078810568 0.6863117023290837 0
5725 0.5992116363198681 0.04370659635196143 0
5726 0.9562934036482729 0.4007883636783558 0
5727 0.9698505071058338 0.2424732889059623 0
5728 0.7575267110930918 0.03014949289426598 0
5729 0.7931957763538701 0.2181958161600955 0
5730 0.6189833159238082 0.3394327962257895 0
5731 0.5834912790135733 0.03079901615462546 0
5732 0.9692009838456503 0.4165087209841947 0
5733 0.9526021642862625 0.1791556984514994 0
5734 0.5115361257969839 0.1900741621611648 0
5735 0.3920795388920347 0.1219105935662066 0
5736 0.8781791011820954 0.6081559775078336 0
5737 0.554655376154235 0.2173342117949278 0
5738 0.3005053291927811 0.080861053856602 0
5739 0.9191389461430386 0.6994946708058895 0
5740 0.8415837834940643 0.08466151811649647 0
5741 0.6561902260720097 0.498769010385023 0
5742 0.8358941254770405 0.3080274551070475 0
5743 0.8411979577790315 0.2979449677104614 0
5744 0.692376540369054 0.4204593987943946 0
5745 0.705774603735552 0.4218413646450803 0
5746 0.3163287673294917 0.3044064175631777 0
5747 0.08104906716206375 0.02360236967551776 0
5748 0.9763976303243755 0.9189509328375784 0
5749 0.8077334532104017 0.3624132938221578 0
5750 0.9701774463756534 0.4572731425796531 0
5751 0.5427268574175319 0.02982255362413654 0
5752 0.370117481151949 0.2330687006384719 0
5753 0.4823725502398797 0.2171832790907021 0
5754 0.9030222028837389 0.5723496413684731 0
5755 0.4276481098573432 0.09696770612715373 0
5756 0.4568552415678063 0.2316354481305828 0
5757 0.9175293691021883 0.2138022743442592 0
5758 0.7747785612615279 0.4671237604278106 0
5759 0.9903192390162513 0.5278042264932192 0
5760 0.4721957735044098 0.009680760983714527 0
5761 0.4781162762702625 0.3958609446499171 0
5762 0.7942883876971096 0.4984887023790506 0
5763 0.3593637321190948 0.2789632957083005 0
5764 0.6810461133199937 0.6469049988150575 0
5765 0.5529508790795608 0.1011017770629077 0
5766 0.8989001743053446 0.4470514249579046 0
5767 0.9783578614048147 0.2079994578147639 0
5768 0.7917014078381932 0.02151447286727638 0
5769 0.7035258463865323 0.4401668057288196 0
5770 0.5954703490644611 0.06491336156745384 0
5771 0.9350866384324489 0.4045296509337078 0
5772 0.4460163912454849 0.05985489592263088 0
5773 0.9401451040770906 0.5539836087524421 0
5774 0.8697387601255865 0.02709641953118749 0
5775 0.591369065266016 0.1515845162469595 0
5776 0.9725562389439735 0.1312228801982384 0
5777 0.4755699527578491 0.4631550899666256 0
5778 0.6814102373173552 0.2877800862266158 0
5779 0.7325477267004521 0.6939019923164419 0
5780 0.445147016552483 0.2559722379888412 0
5781 0.7968243626545197 0.09606887911607039 0
5782 0.8796453253112092 0.4199574197043333 0
5783 0.5800672746744707 0.1203608788053022 0
5784 0.730119027979105 0.04907543483671443 0
5785 0.9507592443967527 0.2695131157560468 0
5786 0.7387939090925025 0.04139619058575067 0
5787 0.9588661349329796 0.2613635955497411 0
5788 0.7689864458515683 0.2625910951757573 0
5789 0.9117661021093073 0.4291549582359697 0
5790 0.5708450417613646 0.08823389788985044 0
5791 0.9223268393154724 0.4234952323078186 0
5792 0.5765047676896405 0.07767316068346181 0
5793 0.4560520974846189 0.1314898001584025 0
5794 0.8697849748426738 0.5436289042759627 0
5795 0.6590981138831086 0.2727712520615284 0
5796 0.422007944608206 0.135389846379271 0
5797 0.9724563424404289 0.3661124131797163 0
5798 0.6338875868184091 0.02754365755969604 0
5799 0.3120140436499025 0.08485271657155172 0
5800 0.9151472834280707 0.6879859563487104 0
5801 0.2531595111954293 0.09078717342507718 0
5802 0.9092128265745235 0.7468404888034527 0
5803 0.8961644830385856 0.3743803676617436 0
5804 0.5321343648297499 0.4719385645206059 0
5805 0.6769030221495361 0.4696954079375816 0
5806 0.5966755043666216 0.5151396908796296 0
5807 0.4425318501175182 0.4311523604065307 0
5808 0.6265569255828597 0.1064632134543163 0
5809 0.6260448425568289 0.0603821920416196 0
5810 0.9396055798963331 0.3739228574001785 0
5811 0.450669086232533 0.2685311890834763 0
5812 0.7991127101763019 0.2055948902649673 0
5813 0.7234902714210469 0.5355106431418151 0
5814 0.5015534057100374 0.206177012338872 0
5815 0.6413744213180269 0.3228558110941384 0
5816 0.4846284112644095 0.2717166525590752 0
5817 0.4653453226158319 0.359011113866292 0
5818 0.8708531571179533 0.3974267064388637 0
5819 0.6002718893035679 0.1251817792849789 0
5820 0.8781759931380544 0.3893674363186387 0
5821 0.3120178461677551 0.2149457518688944 0
5822 0.2238082460828696 0.0876032805095788 0
5823 0.9123967194900232 0.7761917539161413 0
5824 0.2208696750077663 0.07549267353173461 0
5825 0.924507326467921 0.7791303249912506 0
5826 0.7955471414168939 0.4240122838799487 0
5827 0.2356665695468262 0.1654851488053038 0
5828 0.8345148511939637 0.7643334304521245 0
5829 0.5982586364724425 0.4558443030453929 0
5830 0.3717585477992335 0.06880522348298926 0
5831 0.9311947765166977 0.628241452199112 0
5832 0.2565846559741533 0.1096564622586038 0
5833 0.8903435377409142 0.7434153440247102 0
5834 0.7217514766279187 0.5829430961384194 0
5835 0.3686191873450732 0.3329206547857083 0
5836 0.9305856355631406 0.129016175406759 0
5837 0.6115149912454273 0.5998071003965508 0
5838 0.8116992935046439 0.2028909030067009 0
5839 0.9068001449483427 0.151616543742104 0
5840 0.943487667611187 0.396160375956375 0
5841 0.6038396240419173 0.05651233238898293 0
5842 0.8385447765496561 0.5590452329525274 0
5843 0.9917764237861832 0.7390355427963925 0
5844 0.2609644572023195 0.008223576213749214 0
5845 0.7922238743165356 0.4025179687895638 0
5846 0.82302297413821 0.2607053739569856 0
5847 0.6533715292170139 0.6414902041094115 0
5848 0.6628385365811729 0.1461407363653444 0
5849 0.8473275641601308 0.4713047206952463 0
5850 0.3809590830397636 0.2316785144754614 0
5851 0.7817583755323345 0.3429999261676795 0
5852 0.7670601386726494 0.1664678904082185 0
5853 0.48042053039571 0.3423498417575876 0
5854 0.8603620900703453 0.3927472498235797 0
5855 0.606813594834283 0.1412050434571121 0
5856 0.8384649269228621 0.3961830226659645 0
5857 0.4348559390406556 0.2559804456039003 0
5858 0.9745058659467452 0.02930494066082263 0
5859 0.7170154841609679 0.1429786144143092 0
5860 0.6019312486719166 0.2653137172153177 0
5861 0.8859476197329463 0.07697860017370672 0
5862 0.4004971651566905 0.1283323829495147 0
5863 0.4969974791450128 0.3328756170062792 0
5864 0.7851548190947533 0.4782127495558149 0
5865 0.411668704585651 0.32904537637126 0
5866 0.6378319095688791 0.1154743615197612 0
5867 0.6038230760365164 0.1682476732137385 0
5868 0.8902564578250414 0.31389937532257 0
5869 0.6376567638716653 0.1921767106588967 0
5870 0.7609291169974346 0.1984226319401243 0
5871 0.3829476499955882 0.2556913651921441 0
5872 0.1399481773776259 0.0690470464828723 0
5873 0.9309529535168188 0.8600518226217509 0
5874 0.6452569313554842 0.4539101356203024 0
5875 0.9780077598308894 0.5934066287418318 0
5876 0.4065933712562095 0.02199224016900679 0
5877 0.851495121775428 0.3630918406196519 0
5878 0.1458283266593706 0.05028159037091441 0
5879 0.9497184096288619 0.8541716733399807 0
5880 0.9531669015946724 0.1992666951441253 0
5881 0.7672582709481877 0.2169180783495041 0
5882 0.9330370542066355 0.4954398251946605 0
5883 0.5046756394478713 0.06781811252153508 0
5884 0.9250175961749338 0.02189320468133582 0
5885 0.978108094605014 0.07234223407223811 0
5886 0.8547096123241061 0.2998343173197928 0
5887 0.6729356085866501 0.1276310168389098 0
5888 0.9111487342371396 0.1244418224219764 0
5889 0.5501858175118719 0.1524634634159923 0
5890 0.600314586601821 0.4206661440419359 0
5891 0.2641975287487176 0.1983056131965385 0
5892 0.801694386802602 0.7358024712500959 0
5893 0.95820992368085 0.1500014111449724 0
5894 0.2977215265785372 0.06214137212762622 0
5895 0.9378586278720928 0.702278473420139 0
5896 0.7720803525966111 0.1939456675127574 0
5897 0.4389548708076463 0.008920362554988752 0
5898 0.9910796374448844 0.5610451291902151 0
5899 0.3542289614277899 0.07972357222656762 0
5900 0.9202764277730764 0.6457710385706295 0
5901 0.7168147547831007 0.7050486362765033 0
5902 0.5584464986141051 0.2499229344373146 0
5903 0.3031309466194575 0.2721001105765699 0
5904 0.8639458911512783 0.644910549962985 0
5905 0.3551600409198508 0.1360683138215802 0
5906 0.8213095341478628 0.03231464651435421 0
5907 0.08593493600512513 0.07337552418482593 0
5908 0.9266244758148432 0.9140650639944889 0
5909 0.7168995466441876 0.3408460651148487 0
5910 0.8216403301649945 0.8100348692250119 0
5911 0.1899651307740771 0.1783596698341693 0
5912 0.8763402774324889 0.2042914413001731 0
5913 0.6958376214195402 0.4710572239765616 0
5914 0.6303799991477453 0.2102658411940162 0
5915 0.400839807652169 0.242722736514449 0
5916 0.9348219376531028 0.08038603479859183 0
5917 0.9405293286923634 0.06959684210988845 0
5918 0.4628823944101574 0.2106637271680887 0
5919 0.9918266747475397 0.6643340203763042 0
5920 0.3356659796219884 0.008173325252411373 0
5921 0.6956244835092875 0.6621509328119125 0
5922 0.6691208275731896 0.4938783251232532 0
5923 0.595581358793543 0.02439267803316204 0
5924 0.975607321967044 0.4044186412042964 0
5925 0.8829494856352975 0.2356474797959433 0
5926 0.1301821087682544 0.102540271385265 0
5927 0.8974597286142809 0.8698178912311674 0
5928 0.5581624949272515 0.5454769763879735 0
5929 0.2734346209867128 0.1006263577696755 0
5930 0.8993736422298797 0.7265653790120716 0
5931 0.9703287759313886 0.2636131058599614 0
5932 0.7362344273120245 0.02984769742022973 0
5933 0.2748218679946619 0.08872317568118492 0
5934 0.9112768243184237 0.7251781320041176 0
5935 0.2424886274115171 0.2310023250765869 0
5936 0.7689976830578351 0.7575288178323357 0
5937 0.7818396011872475 0.3912117047855933 0
5938 0.538597220102075 0.2206849676013497 0
5939 0.6741517330068139 0.2946390663021187 0
5940 0.8032472735231508 0.4688963295049952 0
5941 0.8885853911912061 0.245304744102211 0
5942 0.9592277314067167 0.3209053065982039 0
5943 0.1127857909727946 0.008889113227445032 0
5944 0.9911108867725148 0.8872142090267037 0
5945 0.6775969302616783 0.5035564638648622 0
5946 0.3261368394146087 0.09819611631643552 0
5947 0.9018038836831301 0.6738631605839427 0
5948 0.5601037165916664 0.2360268207590641 0
5949 0.7839237881925295 0.4568870664457706 0
5950 0.1126619113863094 0.04469758109803774 0
5951 0.9553024189017637 0.8873380886131916 0
5952 0.8173400794719251 0.2417146357903256 0
5953 0.6393270339854629 0.1452083982321641 0
5954 0.9397498412527654 0.04729447956677955 0
5955 0.7239598126617928 0.4128736988938531 0
5956 0.9622399647736661 0.02470537227290024 0
5957 0.5953511133892576 0.4780493063096936 0
5958 0.4385647042243028 0.1757859736758709 0
5959 0.4665694651306342 0.2555132841264451 0
5960 0.920033366484325 0.167315033371044 0
5961 0.6353623136047539 0.4856799525022665 0
5962 0.6135181779688181 0.4816321098557759 0
5963 0.7529987884685909 0.1903820807028218 0
5964 0.6385277630082218 0.1302779320895899 0
5965 0.5278469480419219 0.1854305051560087 0
5966 0.3805558969289065 0.3493233121246163 0
5967 0.8522517338738355 0.2332995993082738 0
5968 0.7226207403131449 0.3230391419071957 0
5969 0.5915207689127128 0.3368091535983805 0
5970 0.7448168056547572 0.06304398496611226 0
5971 0.4770003109146941 0.1315093167326351 0
5972 0.8336780054247531 0.2320463876699661 0
5973 0.6789998379552136 0.04127673743699134 0
5974 0.6155729899169493 0.293715356243239 0
5975 0.7628079492623705 0.04965687520739081 0
5976 0.9342765288800472 0.2286544615906635 0
5977 0.4810738707270756 0.2388920671848304 0
5978 0.1646593100877115 0.01965559997350238 0
5979 0.9803444000263997 0.8353406899115501 0
5980 0.586662927440156 0.2395969161421438 0
5981 0.5550728114188739 0.07821552240123443 0
5982 0.9217844775978239 0.4449271885784699 0
5983 0.6709190108107989 0.5564040996276047 0
5984 0.1649171863577688 0.04257520346680214 0
5985 0.9574247965330077 0.8350828136414968 0
5986 0.6809930524870484 0.6242474244521479 0
5987 0.1477465032600946 0.08714678187304599 0
5988 0.9128532181265683 0.8522534967392474 0
5989 0.8817816822260769 0.6300679496111369 0
5990 0.3699234466385777 0.1182825418581323 0
5991 0.9914771522354529 0.3059902568747064 0
5992 0.6940038798461794 0.008516330823735398 0
5993 0.9064979317389308 0.6030594178114675 0
5994 0.3969656285392029 0.09351011282681758 0
5995 0.5160219903699752 0.4007432073654137 0
5996 0.7283188771606783 0.498710568981619 0
5997 0.5570426743047653 0.3753516603446083 0
5998 0.6085071776050851 0.4148524040118553 0
5999 0.2803525023430375 0.1782988628313372 0
6000 0.8217011145212672 0.7196474709933867 0
6001 0.7461872750357986 0.660023948675835 0
6002 0.5398054874500587 0.3714633236976165 0
6003 0.5890636014679921 0.5517344281908996 0
6004 0.7155619021041755 0.4451609510020953 0
6005 0.6290907665095905 0.5469531317650687 0
6006 0.6162070112266338 0.02237527144805184 0
6007 0.9776247285521027 0.3837929887714171 0
6008 0.9660796782589353 0.1784054260624885 0
6009 0.7623997928753248 0.1560924243294577 0
6010 0.5095481227064986 0.1232316564972307 0
6011 0.8769340565331685 0.489439312471232 0
6012 0.5177521052391835 0.4368173292602437 0
6013 0.130424818829411 0.05275863113389424 0
6014 0.9472413688658714 0.8695751811700136 0
6015 0.8478829261905642 0.1489596290330723 0
6016 0.2814564969814265 0.07874709695469455 0
6017 0.9212529030449574 0.7185435030173233 0
6018 0.4256957140771409 0.2142499697842862 0
6019 0.5931757226524309 0.3857155168910854 0
6020 0.424014941662602 0.2032426061498713 0
6021 0.5194192895839411 0.1595402890460919 0
6022 0.3235082322516478 0.03925209509405553 0
6023 0.9607479049056988 0.6764917677468842 0
6024 0.3331433532817282 0.08775271165789598 0
6025 0.9122472883417159 0.6668566467167887 0
6026 0.5120922902577952 0.2001304665802687 0
6027 0.8198264186049302 0.159669299012111 0
6028 0.7707685147085762 0.5542360789935812 0
6029 0.8145424715012176 0.05041534445406431 0
6030 0.8483906315514806 0.4915590487610071 0
6031 0.5010607338987467 0.1135079217664545 0
6032 0.9267316709933832 0.3409411575923738 0
6033 0.9781166354071766 0.05919394420968636 0
6034 0.9013933415292611 0.2783706500833536 0
6035 0.8047884310862063 0.2544248324465488 0
6036 0.6845424092873102 0.1687564426794949 0
6037 0.6189745171857537 0.4362289934303533 0
6038 0.7395296444872267 0.2040361508110357 0
6039 0.4026410101087783 0.2954843197793423 0
6040 0.7906723586736472 0.336586946115185 0
6041 0.8022579125516849 0.04706262662132876 0
6042 0.8335071568906867 0.1153859403040158 0
$EndNodes
$Elements
12181
1 15 2 0 1 1
2 15 2 0 2 2
3 15 2 0 3 3
4 15 2 0 4 4
5 1 2 0 1 1 5
6 1 2 0 1 5 6
7 1 2 0 1 6 7
8 1 2 0 1 7 8
9 1 2 0 1 8 9
10 1 2 0 1 9 10
11 1 2 0 1 10 11
12 1 2 0 1 11 12
13 1 2 0 1 12 13
14 1 2 0 1 13 14
15 1 2 0 1 14 15
16 1 2 0 1 15 16
17 1 2 0 1 16 17
18 1 2 0 1 17 18
19 1 2 0 1 18 19
20 1 2 0 1 19 20
21 1 2 0 1 20 21
22 1 2 0 1 21 22
23 1 2 0 1 22 23
24 1 2 0 1 23 24
25 1 2 0 1 24 25
26 1 2 0 1 25 26
27 1 2 0 1 26 27
28 1 2 0 1 27 28
29 1 2 0 1 28 29
30 1 2 0 1 29 30
31 1 2 0 1 30 31
32 1 2 0 1 31 32
33 1 2 0 1 32 33
34 1 2 0 1 33 34
35 1 2 0 1 34 35
36 1 2 0 1 35 36
37 1 2 0 1 36 37
38 1 2 0 1 37 38
39 1 2 0 1 38 39
40 1 2 0 1 39 40
41 1 2 0 1 40 41
42 1 2 0 1 41 42
43 1 2 0 1 42 43
44 1 2 0 1 43 44
45 1 2 0 1 44 45
46 1 2 0 1 45 46
47 1 2 0 1 46 47
48 1 2 0 1 47 48
49 1 2 0 1 48 49
50 1 2 0 1 49 50
51 1 2 0 1 50 51
52 1 2 0 1 51 52
53 1 2 0 1 52 53
54 1 2 0 1 53 54
55 1 2 0 1 54 55
56 1 2 0 1 55 56
57 1 2 0 1 56 57
58 1 2 0 1 57 58
59 1 2 0 1 58 59
60 1 2 0 1 59 60
61 1 2 0 1 60 61
62 1 2 0 1 61 62
63 1 2 0 1 62 63
64 1 2 0 1 63 64
65 1 2 0 1 64 65
66 1 2 0 1 65 66
67 1 2 0 1 66 67
68 1 2 0 1 67 68
69 1 2 0 1 68 69
70 1 2 0 1 69 70
71 1 2 0 1 70 71
72 1 2 0 1 71 72
73 1 2 0 1 72 73
74 1 2 0 1 73 74
75 1 2 0 1 74 75
76 1 2 0 1 75 76
77 1 2 0 1 76 77
78 1 2 0 1 77 78
79 1 2 0 1 78 79
80 1 2 0 1 79 80
81 1 2 0 1 80 81
82 1 2 0 1 81 82
83 1 2 0 1 82 83
84 1 2 0 1 83 84
85 1 2 0 1 84 85
86 1 2 0 1 85 86
87 1 2 0 1 86 87
88 1 2 0 1 87 88
89 1 2 0 1 88 89
90 1 2 0 1 89 90
91 1 2 0 1 90 91
92 1 2 0 1 91 92
93 1 2 0 1 92 93
94 1 2 0 1 93 94
95 1 2 0 1 94 95
96 1 2 0 1 95 96
97 1 2 0 1 96 97
98 1 2 0 1 97 98
99 1 2 0 1 98 3
100 1 2 0 2 3 99
101 1 2 0 2 99 100
102 1 2 0 2 100 101
103 1 2 0 2 101 102
104 1 2 0 2 102 103
105 1 2 0 2 103 104
106 1 2 0 2 104 105
107 1 2 0 2 105 106
108 1 2 0 2 106 107
109 1 2 0 2 107 108
110 1 2 0 2 108 109
111 1 2 0 2 109 110
112 1 2 0 2 110 111
113 1 2 0 2 111 112
114 1 2 0 2 112 113
115 1 2 0 2 113 114
116 1 2 0 2 114 115
117 1 2 0 2 115 116
118 1 2 0 2 116 117
119 1 2 0 2 117 118
120 1 2 0 2 118 119
121 1 2 0 2 119 120
122 1 2 0 2 120 121
123 1 2 0 2 121 122
124 1 2 0 2 122 123
125 1 2 0 2 123 124
126 1 2 0 2 124 125
127 1 2 0 2 125 126
128 1 2 0 2 126 127
129 1 2 0 2 127 128
130 1 2 0 2 128 129
131 1 2 0 2 129 130
132 1 2 0 2 130 131
133 1 2 0 2 131 132
134 1 2 0 2 132 133
135 1 2 0 2 133 134
136 1 2 0 2 134 135
137 1 2 0 2 135 136
138 1 2 0 2 136 137
139 1 2 0 2 137 138
140 1 2 0 2 138 139
141 1 2 0 2 139 140
142 1 2 0 2 140 141
143 1 2 0 2 141 142
144 1 2 0 2 142 143
145 1 2 0 2 143 144
146 1 2 0 2 144 145
147 1 2 0 2 145 146
148 1 2 0 2 146 147
149 1 2 0 2 147 148
150 1 2 0 2 148 149
151 1 2 0 2 149 150
152 1 2 0 2 150 151
153 1 2 0 2 151 152
154 1 2 0 2 152 153
155 1 2 0 2 153 154
156 1 2 0 2 154 155
157 1 2 0 2 155 156
158 1 2 0 2 156 157
159 1 2 0 2 157 158
160 1 2 0 2 158 159
161 1 2 0 2 159 160
162 1 2 0 2 160 161
163 1 2 0 2 161 162
164 1 2 0 2 162 163
165 1 2 0 2 163 164
166 1 2 0 2 164 4
167 1 2 0 3 4 165
168 1 2 0 3 165 166
169 1 2 0 3 166 167
170 1 2 0 3 167 168
171 1 2 0 3 168 169
172 1 2 0 3 169 170
173 1 2 0 3 170 171
174 1 2 0 3 171 172
175 1 2 0 3 172 173
176 1 2 0 3 173 174
177 1 2 0 3 174 175
178 1 2 0 3 175 176
179 1 2 0 3 176 177
180 1 2 0 3 177 178
181 1 2 0 3 178 179
182 1 2 0 3 179 180
183 1 2 0 3 180 181
184 1 2 0 3 181 182
185 1 2 0 3 182 183
186 1 2 0 3 183 184
187 1 2 0 3 184 185
188 1 2 0 3 185 186
189 1 2 0 3 186 187
190 1 2 0 3 187 188
191 1 2 0 3 188 189
192 1 2 0 3 189 190
193 1 2 0 3 190 191
194 1 2 0 3 191 192
195 1 2 0 3 192 193
196 1 2 0 3 193 194
197 1 2 0 3 194 195
198 1 2 0 3 195 196
199 1 2 0 3 196 197
200 1 2 0 3 197 198
201 1 2 0 3 198 199
202 1 2 0 3 199 200
203 1 2 0 3 200 201
204 1 2 0 3 201 202
205 1 2 0 3 202 203
206 1 2 0 3 203 204
207 1 2 0 3 204 205
208 1 2 0 3 205 206
209 1 2 0 3 206 207
210 1 2 0 3 207 208
211 1 2 0 3 208 209
212 1 2 0 3 209 210
213 1 2 0 3 210 211
214 1 2 0 3 211 212
215 1 2 0 3 212 213
216 1 2 0 3 213 214
217 1 2 0 3 214 215
218 1 2 0 3 215 216
219 1 2 0 3 216 217
220 1 2 0 3 217 218
221 1 2 0 3 218 219
222 1 2 0 3 219 220
223 1 2 0 3 220 221
224 1 2 0 3 221 222
225 1 2 0 3 222 223
226 1 2 0 3 223 224
227 1 2 0 3 224 225
228 1 2 0 3 225 226
229 1 2 0 3 226 227
230 1 2 0 3 227 228
231 1 2 0 3 228 229
232 1 2 0 3 229 230
233 1 2 0 3 230 1
234 1 2 0 4 1 231
235 1 2 0 4 231 232
236 1 2 0 4 232 233
237 1 2 0 4 233 234
238 1 2 0 4 234 235
239 1 2 0 4 235 236
240 1 2 0 4 236 237
241 1 2 0 4 237 238
242 1 2 0 4 238 239
243 1 2 0 4 239 240
244 1 2 0 4 240 241
245 1 2 0 4 241 242
246 1 2 0 4 242 243
247 1 2 0 4 243 244
248 1 2 0 4 244 245
249 1 2 0 4 245 246
250 1 2 0 4 246 247
251 1 2 0 4 247 248
252 1 2 0 4 248 249
253 1 2 0 4 249 250
254 1 2 0 4 250 251
255 1 2 0 4 251 252
256 1 2 0 4 252 253
257 1 2 0 4 253 254
258 1 2 0 4 254 255
259 1 2 0 4 255 256
260 1 2 0 4 256 257
261 1 2 0 4 257 258
262 1 2 0 4 258 259
263 1 2 0 4 259 260
264 1 2 0 4 260 261
265 1 2 0 4 261 262
266 1 2 0 4 262 263
267 1 2 0 4 263 264
268 1 2 0 4 264 265
269 1 2 0 4 265 266
270 1 2 0 4 266 267
271 1 2 0 4 267 268
272 1 2 0 4 268 269
273 1 2 0 4 269 270
274 1 2 0 4 270 271
275 1 2 0 4 271 272
276 1 2 0 4 272 273
277 1 2 0 4 273 274
278 1 2 0 4 274 275
279 1 2 0 4 275 276
280 1 2 0 4 276 277
281 1 2 0 4 277 278
282 1 2 0 4 278 279
283 1 2 0 4 279 280
284 1 2 0 4 280 281
285 1 2 0 4 281 282
286 1 2 0 4 282 283
287 1 2 0 4 283 284
288 1 2 0 4 284 285
289 1 2 0 4 285 286
290 1 2 0 4 286 287
291 1 2 0 4 287 288
292 1 2 0 4 288 289
293 1 2 0 4 289 290
294 1 2 0 4 290 291
295 1 2 0 4 291 292
296 1 2 0 4 292 293
297 1 2 0 4 293 294
298 1 2 0 4 294 295
299 1 2 0 4 295 296
300 1 2 0 4 296 2
301 1 2 0 5 2 297
302 1 2 0 5 297 298
303 1 2 0 5 298 299
304 1 2 0 5 299 300
305 1 2 0 5 300 301
306 1 2 0 5 301 302
307 1 2 0 5 302 303
308 1 2 0 5 303 304
309 1 2 0 5 304 305
310 1 2 0 5 305 306
311 1 2 0 5 306 307
312 1 2 0 5 307 308
313 1 2 0 5 308 309
314 1 2 0 5 309 310
315 1 2 0 5 310 311
316 1 2 0 5 311 312
317 1 2 0 5 312 313
318 1 2 0 5 313 314
319 1 2 0 5 314 315
320 1 2 0 5 315 316
321 1 2 0 5 316 317
322 1 2 0 5 317 318
323 1 2 0 5 318 319
324 1 2 0 5 319 320
325 1 2 0 5 320 321
326 1 2 0 5 321 322
327 1 2 0 5 322 323
328 1 2 0 5 323 324
329 1 2 0 5 324 325
330 1 2 0 5 325 326
331 1 2 0 5 326 327
332 1 2 0 5 327 328
333 1 2 0 5 328 329
334 1 2 0 5 329 330
335 1 2 0 5 330 331
336 1 2 0 5 331 332
337 1 2 0 5 332 333
338 1 2 0 5 333 334
339 1 2 0 5 334 335
340 1 2 0 5 335 336
341 1 2 0 5 336 337
342 1 2 0 5 337 338
343 1 2 0 5 338 339
344 1 2 0 5 339 340
345 1 2 0 5 340 341
346 1 2 0 5 341 342
347 1 2 0 5 342 343
348 1 2 0 5 343 344
349 1 2 0 5 344 345
350 1 2 0 5 345 346
351 1 2 0 5 346 347
352 1 2 0 5 347 348
353 1 2 0 5 348 349
354 1 2 0 5 349 350
355 1 2 0 5 350 351
356 1 2 0 5 351 352
357 1 2 0 5 352 353
358 1 2 0 5 353 354
359 1 2 0 5 354 355
360 1 2 0 5 355 356
361 1 2 0 5 356 357
362 1 2 0 5 357 358
363 1 2 0 5 358 359
364 1 2 0 5 359 360
365 1 2 0 5 360 361
366 1 2 0 5 361 362
367 1 2 0 5 362 3
368 2 2 0 1 1093 692 2845
369 2 2 0 1 137 1111 2130
370 2 2 0 1 1112 192 2131
371 2 2 0 1 1050 665 1769
372 2 2 0 1 461 1158 1854
373 2 2 0 1 1440 662 1573
374 2 2 0 1 1235 134 2259
375 2 2 0 1 195 1234 2258
376 2 2 0 1 1099 1614 2380
377 2 2 0 1 703 1066 1755
378 2 2 0 1 375 1144 1396
379 2 2 0 1 891 2004 2189
380 2 2 0 1 1620 543 2552
381 2 2 0 1 1129 638 2596
382 2 2 0 1 1125 590 1510
383 2 2 0 1 714 1098 1465
384 2 2 0 1 641 1145 1427
385 2 2 0 1 1131 927 1748
386 2 2 0 1 1483 498 1902
387 2 2 0 1 1092 743 1851
388 2 2 0 1 1614 689 2380
389 2 2 0 1 553 1719 1743
390 2 2 0 1 690 2594 2639
391 2 2 0 1 1719 983 1743
392 2 2 0 1 735 1047 2153
393 2 2 0 1 1140 629 2396
394 2 2 0 1 615 1102 1469
395 2 2 0 1 547 1312 2437
396 2 2 0 1 1312 1017 2437
397 2 2 0 1 1454 383 1809
398 2 2 0 1 885 1454 1809
399 2 2 0 1 715 1378 1634
400 2 2 0 1 1378 799 1634
401 2 2 0 1 1291 683 1390
402 2 2 0 1 607 1291 1390
403 2 2 0 1 1423 759 1460
404 2 2 0 1 384 1423 1460
405 2 2 0 1 1545 210 1788
406 2 2 0 1 119 1546 1787
407 2 2 0 1 1127 662 1499
408 2 2 0 1 665 2202 2203
409 2 2 0 1 1098 543 2789
410 2 2 0 1 1217 587 2196
411 2 2 0 1 692 1073 1508
412 2 2 0 1 642 1241 1396
413 2 2 0 1 421 1240 1427
414 2 2 0 1 1176 1337 2708
415 2 2 0 1 1234 195 1564
416 2 2 0 1 134 1235 1565
417 2 2 0 1 811 1292 2005
418 2 2 0 1 1957 821 2320
419 2 2 0 1 1032 1215 2683
420 2 2 0 1 1215 565 2683
421 2 2 0 1 1525 689 1615
422 2 2 0 1 1316 805 1463
423 2 2 0 1 1244 716 2075
424 2 2 0 1 585 1495 2234
425 2 2 0 1 1495 1075 2234
426 2 2 0 1 581 1350 1657
427 2 2 0 1 1350 836 1657
428 2 2 0 1 1102 615 2581
429 2 2 0 1 1130 555 1655
430 2 2 0 1 1337 382 2708
431 2 2 0 1 1273 388 1508
432 2 2 0 1 453 1255 1379
433 2 2 0 1 694 1244 2075
434 2 2 0 1 134 135 2259
435 2 2 0 1 194 195 2258
436 2 2 0 1 1383 1018 2603
437 2 2 0 1 1017 1382 2602
438 2 2 0 1 1532 665 2203
439 2 2 0 1 1051 715 1601
440 2 2 0 1 1135 557 1665
441 2 2 0 1 558 1136 1666
442 2 2 0 1 807 1155 1822
443 2 2 0 1 1156 808 1821
444 2 2 0 1 446 1728 1987
445 2 2 0 1 1535 801 1923
446 2 2 0 1 712 1362 1622
447 2 2 0 1 1145 641 1431
448 2 2 0 1 629 1140 2181
449 2 2 0 1 1184 767 2000
450 2 2 0 1 1685 512 1789
451 2 2 0 1 978 1685 1789
452 2 2 0 1 2596 638 2675
453 2 2 0 1 1356 645 3035
454 2 2 0 1 1237 931 2296
455 2 2 0 1 596 1184 1401
456 2 2 0 1 1302 630 1405
457 2 2 0 1 1086 789 1738
458 2 2 0 1 530 2108 2358
459 2 2 0 1 2109 531 2359
460 2 2 0 1 1154 738 2449
461 2 2 0 1 737 1153 2450
462 2 2 0 1 1237 1356 3035
463 2 2 0 1 1325 807 1464
464 2 2 0 1 611 1212 1582
465 2 2 0 1 1211 610 1581
466 2 2 0 1 1098 714 1799
467 2 2 0 1 379 1098 1799
468 2 2 0 1 559 1151 2408
469 2 2 0 1 1152 560 2409
470 2 2 0 1 1535 1923 2612
471 2 2 0 1 463 1146 1939
472 2 2 0 1 805 1157 1733
473 2 2 0 1 1622 1362 2377
474 2 2 0 1 745 1251 1618
475 2 2 0 1 1252 746 1619
476 2 2 0 1 1111 137 1772
477 2 2 0 1 192 1112 1773
478 2 2 0 1 1235 599 1565
479 2 2 0 1 598 1234 1564
480 2 2 0 1 1169 2596 2675
481 2 2 0 1 2191 1621 2249
482 2 2 0 1 1363 760 1544
483 2 2 0 1 713 1363 1544
484 2 2 0 1 1317 702 1318
485 2 2 0 1 627 1317 1318
486 2 2 0 1 366 1237 2296
487 2 2 0 1 712 1227 1362
488 2 2 0 1 1173 729 1408
489 2 2 0 1 800 1534 1929
490 2 2 0 1 1411 656 1632
491 2 2 0 1 480 1068 1579
492 2 2 0 1 530 1251 2089
493 2 2 0 1 1252 531 2090
494 2 2 0 1 537 1083 1838
495 2 2 0 1 1251 866 2089
496 2 2 0 1 867 1252 2090
497 2 2 0 1 890 1483 1902
498 2 2 0 1 1153 561 2414
499 2 2 0 1 562 1154 2415
500 2 2 0 1 1131 479 1575
501 2 2 0 1 747 1376 1836
502 2 2 0 1 638 1129 2540
503 2 2 0 1 884 1162 1905
504 2 2 0 1 530 1076 2721
505 2 2 0 1 1077 531 2722
506 2 2 0 1 603 1383 2603
507 2 2 0 1 1382 602 2602
508 2 2 0 1 1047 735 1945
509 2 2 0 1 391 1260 1704
510 2 2 0 1 1260 770 1704
511 2 2 0 1 1237 366 1356
512 2 2 0 1 1274 719 1764
513 2 2 0 1 1175 777 1417
514 2 2 0 1 1093 728 3197
515 2 2 0 1 1072 565 1893
516 2 2 0 1 167 1124 1761
517 2 2 0 1 1125 162 1762
518 2 2 0 1 677 2106 2368
519 2 2 0 1 626 1242 2752
520 2 2 0 1 1177 628 2041
521 2 2 0 1 1243 626 2752
522 2 2 0 1 665 1050 1696
523 2 2 0 1 1929 1534 2611
524 2 2 0 1 1218 414 1601
525 2 2 0 1 715 1218 1601
526 2 2 0 1 2100 1550 2572
527 2 2 0 1 991 1401 1898
528 2 2 0 1 458 1116 1498
529 2 2 0 1 1401 499 1898
530 2 2 0 1 770 1341 2145
531 2 2 0 1 1175 1417 2670
532 2 2 0 1 1417 553 2670
533 2 2 0 1 1611 690 2639
534 2 2 0 1 366 1233 2540
535 2 2 0 1 1059 535 1669
536 2 2 0 1 1525 1615 2325
537 2 2 0 1 1792 770 2145
538 2 2 0 1 821 1486 2320
539 2 2 0 1 1337 1176 3134
540 2 2 0 1 1822 1155 2567
541 2 2 0 1 1156 1821 2566
542 2 2 0 1 93 1855 2328
543 2 2 0 1 1856 10 2329
544 2 2 0 1 1151 733 2499
545 2 2 0 1 734 1152 2500
546 2 2 0 1 1107 747 3040
547 2 2 0 1 1262 455 1911
548 2 2 0 1 456 1263 1912
549 2 2 0 1 982 1624 2116
550 2 2 0 1 1625 981 2117
551 2 2 0 1 565 1072 2683
552 2 2 0 1 1185 1583 2952
553 2 2 0 1 507 2347 2389
554 2 2 0 1 1257 454 1900
555 2 2 0 1 2405 1512 3103
556 2 2 0 1 576 1158 2133
557 2 2 0 1 1108 647 1706
558 2 2 0 1 1689 2444 2636
559 2 2 0 1 2445 1690 2637
560 2 2 0 1 440 1281 1590
561 2 2 0 1 555 1174 1655
562 2 2 0 1 613 1220 1588
563 2 2 0 1 1221 614 1589
564 2 2 0 1 52 53 1302
565 2 2 0 1 715 1051 2341
566 2 2 0 1 1336 426 2092
567 2 2 0 1 1865 104 2326
568 2 2 0 1 225 1866 2327
569 2 2 0 1 868 1461 2424
570 2 2 0 1 1462 869 2425
571 2 2 0 1 1304 950 1864
572 2 2 0 1 557 1178 1665
573 2 2 0 1 1179 558 1666
574 2 2 0 1 564 1241 2595
575 2 2 0 1 1035 1512 2405
576 2 2 0 1 1074 1620 2552
577 2 2 0 1 1083 537 1717
578 2 2 0 1 1452 1682 3021
579 2 2 0 1 1461 868 2447
580 2 2 0 1 869 1462 2448
581 2 2 0 1 1117 722 1536
582 2 2 0 1 535 1059 3123
583 2 2 0 1 1279 1941 2166
584 2 2 0 1 1942 1280 2167
585 2 2 0 1 1013 2274 2463
586 2 2 0 1 2275 1014 2462
587 2 2 0 1 699 1689 2636
588 2 2 0 1 1690 700 2637
589 2 2 0 1 1420 1217 2196
590 2 2 0 1 762 1360 1410
591 2 2 0 1 1361 761 1409
592 2 2 0 1 482 1468 1749
593 2 2 0 1 1468 854 1749
594 2 2 0 1 870 1621 2191
595 2 2 0 1 1202 760 1901
596 2 2 0 1 1234 598 2908
597 2 2 0 1 599 1235 2907
598 2 2 0 1 2228 1061 2781
599 2 2 0 1 1062 2229 2780
600 2 2 0 1 1464 807 2660
601 2 2 0 1 396 1353 1909
602 2 2 0 1 1354 397 1910
603 2 2 0 1 584 1139 2824
604 2 2 0 1 1092 1851 2397
605 2 2 0 1 488 1445 2403
606 2 2 0 1 1446 489 2404
607 2 2 0 1 1076 530 2089
608 2 2 0 1 531 1077 2090
609 2 2 0 1 1440 1573 2114
610 2 2 0 1 430 1217 1420
611 2 2 0 1 1445 2372 2403
612 2 2 0 1 2373 1446 2404
613 2 2 0 1 1616 880 1639
614 2 2 0 1 670 1616 1639
615 2 2 0 1 1632 656 1697
616 2 2 0 1 1285 695 2411
617 2 2 0 1 694 1284 2410
618 2 2 0 1 1455 2227 2565
619 2 2 0 1 2115 1201 3032
620 2 2 0 1 684 1194 2211
621 2 2 0 1 1835 586 2467
622 2 2 0 1 747 1160 2927
623 2 2 0 1 698 1311 1453
624 2 2 0 1 1311 481 1453
625 2 2 0 1 1682 781 3021
626 2 2 0 1 1470 2451 2652
627 2 2 0 1 2594 1124 2639
628 2 2 0 1 488 1526 1604
629 2 2 0 1 1527 489 1605
630 2 2 0 1 1066 703 1757
631 2 2 0 1 1526 832 1604
632 2 2 0 1 833 1527 1605
633 2 2 0 1 536 1104 1795
634 2 2 0 1 611 1582 2828
635 2 2 0 1 1581 610 2829
636 2 2 0 1 719 1274 1466
637 2 2 0 1 2396 629 2633
638 2 2 0 1 728 1093 1906
639 2 2 0 1 852 1355 1532
640 2 2 0 1 1355 665 1532
641 2 2 0 1 1356 366 2540
642 2 2 0 1 1143 529 2933
643 2 2 0 1 628 1177 1686
644 2 2 0 1 1534 541 1649
645 2 2 0 1 542 1535 1650
646 2 2 0 1 844 1534 1649
647 2 2 0 1 1535 845 1650
648 2 2 0 1 1219 783 1868
649 2 2 0 1 490 1219 1868
650 2 2 0 1 1835 415 1972
651 2 2 0 1 838 1269 1999
652 2 2 0 1 1162 658 2859
653 2 2 0 1 1269 506 1999
654 2 2 0 1 564 2595 2702
655 2 2 0 1 2368 979 2402
656 2 2 0 1 426 1996 2092
657 2 2 0 1 1317 422 1471
658 2 2 0 1 702 1317 1471
659 2 2 0 1 1854 1158 2861
660 2 2 0 1 1242 436 1640
661 2 2 0 1 564 1148 2155
662 2 2 0 1 1068 480 2350
663 2 2 0 1 1148 824 2155
664 2 2 0 1 951 2096 2837
665 2 2 0 1 957 1822 2567
666 2 2 0 1 1821 956 2566
667 2 2 0 1 1073 692 1794
668 2 2 0 1 1244 488 1604
669 2 2 0 1 489 1245 1605
670 2 2 0 1 2224 898 2725
671 2 2 0 1 716 1244 1604
672 2 2 0 1 1245 717 1605
673 2 2 0 1 1293 647 2975
674 2 2 0 1 141 142 1871
675 2 2 0 1 187 188 1870
676 2 2 0 1 789 1086 2056
677 2 2 0 1 729 1173 1750
678 2 2 0 1 589 1230 2045
679 2 2 0 1 1196 934 2477
680 2 2 0 1 511 1196 2477
681 2 2 0 1 141 1871 2784
682 2 2 0 1 1870 188 2783
683 2 2 0 1 1426 503 2002
684 2 2 0 1 901 1426 2002
685 2 2 0 1 1624 513 2116
686 2 2 0 1 514 1625 2117
687 2 2 0 1 647 1108 2315
688 2 2 0 1 1210 588 2910
689 2 2 0 1 659 1217 1441
690 2 2 0 1 692 1608 2845
691 2 2 0 1 743 1092 1688
692 2 2 0 1 1836 1376 2148
693 2 2 0 1 476 1292 2017
694 2 2 0 1 1292 842 2017
695 2 2 0 1 1569 78 1759
696 2 2 0 1 25 1570 1758
697 2 2 0 1 1941 466 2166
698 2 2 0 1 467 1942 2167
699 2 2 0 1 582 1204 2085
700 2 2 0 1 1420 812 2072
701 2 2 0 1 996 1420 2072
702 2 2 0 1 1217 430 1441
703 2 2 0 1 716 1728 2075
704 2 2 0 1 1326 378 1778
705 2 2 0 1 416 1157 1518
706 2 2 0 1 1781 36 2661
707 2 2 0 1 1224 382 2501
708 2 2 0 1 1337 865 2062
709 2 2 0 1 1366 835 1520
710 2 2 0 1 666 1366 1520
711 2 2 0 1 1159 914 1670
712 2 2 0 1 806 1190 1635
713 2 2 0 1 461 1339 1847
714 2 2 0 1 404 1249 2294
715 2 2 0 1 498 1223 1521
716 2 2 0 1 1471 1293 2975
717 2 2 0 1 927 1131 2352
718 2 2 0 1 35 36 1781
719 2 2 0 1 884 1603 1896
720 2 2 0 1 610 1346 2083
721 2 2 0 1 1347 611 2084
722 2 2 0 1 499 1253 1484
723 2 2 0 1 2227 894 2565
724 2 2 0 1 1253 685 1484
725 2 2 0 1 591 1305 2964
726 2 2 0 1 1305 1161 2964
727 2 2 0 1 1139 584 2363
728 2 2 0 1 1791 1134 2898
729 2 2 0 1 1183 462 1955
730 2 2 0 1 1402 806 1885
731 2 2 0 1 1629 694 2075
732 2 2 0 1 1748 927 2726
733 2 2 0 1 1397 710 1435
734 2 2 0 1 677 1397 1435
735 2 2 0 1 1474 1201 2115
736 2 2 0 1 650 1180 2169
737 2 2 0 1 1583 458 2952
738 2 2 0 1 1851 379 2397
739 2 2 0 1 1205 559 1637
740 2 2 0 1 560 1206 1638
741 2 2 0 1 1351 613 2094
742 2 2 0 1 614 1352 2095
743 2 2 0 1 898 1511 2725
744 2 2 0 1 692 1093 1794
745 2 2 0 1 582 1201 1474
746 2 2 0 1 706 1205 1637
747 2 2 0 1 1206 707 1638
748 2 2 0 1 1302 53 2251
749 2 2 0 1 1013 1364 2274
750 2 2 0 1 1365 1014 2275
751 2 2 0 1 762 1410 1700
752 2 2 0 1 1409 761 1699
753 2 2 0 1 1446 1285 2411
754 2 2 0 1 1284 1445 2410
755 2 2 0 1 1137 681 1776
756 2 2 0 1 682 1138 1777
757 2 2 0 1 1217 659 1507
758 2 2 0 1 377 1266 1741
759 2 2 0 1 1267 378 1742
760 2 2 0 1 1704 770 1792
761 2 2 0 1 1292 476 2005
762 2 2 0 1 1704 1792 2526
763 2 2 0 1 2009 442 2014
764 2 2 0 1 443 2010 2015
765 2 2 0 1 1681 797 1986
766 2 2 0 1 1577 865 1880
767 2 2 0 1 2451 539 2652
768 2 2 0 1 1880 865 2475
769 2 2 0 1 2608 727 2674
770 2 2 0 1 586 1835 2586
771 2 2 0 1 453 1379 1513
772 2 2 0 1 1379 731 1513
773 2 2 0 1 1157 416 2459
774 2 2 0 1 828 1111 1678
775 2 2 0 1 1112 829 1679
776 2 2 0 1 1434 692 1508
777 2 2 0 1 1207 708 1645
778 2 2 0 1 709 1208 1646
779 2 2 0 1 1681 1986 2366
780 2 2 0 1 2030 1324 2714
781 2 2 0 1 561 1207 1645
782 2 2 0 1 1208 562 1646
783 2 2 0 1 679 1132 1797
784 2 2 0 1 1133 680 1798
785 2 2 0 1 648 1353 2014
786 2 2 0 1 1354 649 2015
787 2 2 0 1 1353 866 2014
788 2 2 0 1 867 1354 2015
789 2 2 0 1 442 1286 2014
790 2 2 0 1 1287 443 2015
791 2 2 0 1 1222 534 2087
792 2 2 0 1 1414 743 1617
793 2 2 0 1 1098 379 1851
794 2 2 0 1 999 1812 2428
795 2 2 0 1 777 1414 1617
796 2 2 0 1 1533 2290 2506
797 2 2 0 1 841 1350 1995
798 2 2 0 1 543 1098 1959
799 2 2 0 1 979 1417 2402
800 2 2 0 1 411 1285 1753
801 2 2 0 1 783 1219 1470
802 2 2 0 1 1855 973 2328
803 2 2 0 1 974 1856 2329
804 2 2 0 1 1423 384 1989
805 2 2 0 1 1550 660 2572
806 2 2 0 1 976 1865 2326
807 2 2 0 1 1866 977 2327
808 2 2 0 1 699 1107 1807
809 2 2 0 1 1107 699 2038
810 2 2 0 1 1141 748 1892
811 2 2 0 1 2108 1042 2358
812 2 2 0 1 1043 2109 2359
813 2 2 0 1 2056 1038 2471
814 2 2 0 1 1401 1184 2000
815 2 2 0 1 440 1107 2038
816 2 2 0 1 1392 60 1907
817 2 2 0 1 590 1125 3017
818 2 2 0 1 1964 951 2837
819 2 2 0 1 474 1307 1679
820 2 2 0 1 1308 475 1678
821 2 2 0 1 1111 828 2130
822 2 2 0 1 829 1112 2131
823 2 2 0 1 1372 993 2495
824 2 2 0 1 1104 536 1884
825 2 2 0 1 1181 381 1623
826 2 2 0 1 585 1613 2548
827 2 2 0 1 382 1224 1493
828 2 2 0 1 2348 1074 2375
829 2 2 0 1 431 1314 1436
830 2 2 0 1 507 1298 2347
831 2 2 0 1 917 1380 2143
832 2 2 0 1 1381 918 2144
833 2 2 0 1 1380 526 2143
834 2 2 0 1 527 1381 2144
835 2 2 0 1 563 1727 2396
836 2 2 0 1 1512 1035 2257
837 2 2 0 1 591 1512 2257
838 2 2 0 1 747 1107 1991
839 2 2 0 1 1767 1007 2551
840 2 2 0 1 738 1843 2449
841 2 2 0 1 1842 737 2450
842 2 2 0 1 1269 655 2367
843 2 2 0 1 1107 440 1991
844 2 2 0 1 366 1193 1636
845 2 2 0 1 1452 471 1682
846 2 2 0 1 1108 720 1834
847 2 2 0 1 1183 577 2128
848 2 2 0 1 724 1185 1540
849 2 2 0 1 884 1236 1603
850 2 2 0 1 1164 661 1809
851 2 2 0 1 722 1117 1890
852 2 2 0 1 1213 730 1884
853 2 2 0 1 1120 74 1924
854 2 2 0 1 378 1431 1778
855 2 2 0 1 1162 884 2452
856 2 2 0 1 658 1162 2452
857 2 2 0 1 605 1384 2230
858 2 2 0 1 1385 606 2231
859 2 2 0 1 1384 948 2230
860 2 2 0 1 949 1385 2231
861 2 2 0 1 1007 1767 2630
862 2 2 0 1 1727 1140 2396
863 2 2 0 1 1396 1241 2630
864 2 2 0 1 685 1253 2897
865 2 2 0 1 526 1380 2063
866 2 2 0 1 1381 527 2064
867 2 2 0 1 438 1203 1517
868 2 2 0 1 1397 460 3004
869 2 2 0 1 1720 891 2189
870 2 2 0 1 866 1353 2089
871 2 2 0 1 1354 867 2090
872 2 2 0 1 720 1108 2266
873 2 2 0 1 1350 581 1995
874 2 2 0 1 417 2228 2781
875 2 2 0 1 2229 418 2780
876 2 2 0 1 1116 458 2457
877 2 2 0 1 479 1324 2030
878 2 2 0 1 1284 651 1445
879 2 2 0 1 652 1285 1446
880 2 2 0 1 555 1130 1656
881 2 2 0 1 1134 1791 2472
882 2 2 0 1 3004 460 3096
883 2 2 0 1 728 2435 3007
884 2 2 0 1 653 1289 2110
885 2 2 0 1 1290 654 2111
886 2 2 0 1 375 1767 2035
887 2 2 0 1 1767 1085 2035
888 2 2 0 1 475 1308 1538
889 2 2 0 1 1307 474 1537
890 2 2 0 1 582 1203 1774
891 2 2 0 1 728 1789 3197
892 2 2 0 1 1016 1332 2603
893 2 2 0 1 1204 582 1774
894 2 2 0 1 1289 653 1449
895 2 2 0 1 654 1290 1450
896 2 2 0 1 1332 603 2603
897 2 2 0 1 1149 752 1913
898 2 2 0 1 753 1150 1914
899 2 2 0 1 557 1135 1658
900 2 2 0 1 1136 558 1659
901 2 2 0 1 1314 623 3055
902 2 2 0 1 1169 1314 3055
903 2 2 0 1 662 1127 2218
904 2 2 0 1 651 1225 2372
905 2 2 0 1 364 1259 1566
906 2 2 0 1 1225 904 2372
907 2 2 0 1 905 1226 2373
908 2 2 0 1 1402 1885 2601
909 2 2 0 1 2725 1410 2979
910 2 2 0 1 381 1181 2530
911 2 2 0 1 601 1372 2495
912 2 2 0 1 587 1217 1507
913 2 2 0 1 1184 478 1925
914 2 2 0 1 767 1184 1925
915 2 2 0 1 1114 1895 2142
916 2 2 0 1 1894 1115 2141
917 2 2 0 1 396 1909 2478
918 2 2 0 1 1910 397 2479
919 2 2 0 1 1204 658 1896
920 2 2 0 1 570 1173 2793
921 2 2 0 1 1129 1356 2540
922 2 2 0 1 1895 545 2142
923 2 2 0 1 544 1894 2141
924 2 2 0 1 660 1264 1710
925 2 2 0 1 1500 1210 2910
926 2 2 0 1 633 1361 1409
927 2 2 0 1 1360 634 1410
928 2 2 0 1 439 1215 1543
929 2 2 0 1 543 1620 2789
930 2 2 0 1 1038 2056 2691
931 2 2 0 1 1337 2062 2719
932 2 2 0 1 620 1399 2297
933 2 2 0 1 1400 621 2298
934 2 2 0 1 1163 575 2283
935 2 2 0 1 1498 701 1540
936 2 2 0 1 733 1151 1876
937 2 2 0 1 1152 734 1877
938 2 2 0 1 1151 559 1876
939 2 2 0 1 560 1152 1877
940 2 2 0 1 1847 1339 2849
941 2 2 0 1 1340 462 1887
942 2 2 0 1 2099 640 3168
943 2 2 0 1 1132 679 1692
944 2 2 0 1 680 1133 1693
945 2 2 0 1 623 1314 2645
946 2 2 0 1 1173 570 1612
947 2 2 0 1 1533 657 2290
948 2 2 0 1 651 1284 1628
949 2 2 0 1 1733 1157 2459
950 2 2 0 1 561 1153 1881
951 2 2 0 1 1154 562 1882
952 2 2 0 1 1153 737 1881
953 2 2 0 1 738 1154 1882
954 2 2 0 1 681 1137 1694
955 2 2 0 1 1138 682 1695
956 2 2 0 1 1549 964 2055
957 2 2 0 1 571 1549 2055
958 2 2 0 1 1465 1098 2789
959 2 2 0 1 54 55 1355
960 2 2 0 1 1151 1559 2408
961 2 2 0 1 1560 1152 2409
962 2 2 0 1 107 108 1342
963 2 2 0 1 221 222 1343
964 2 2 0 1 529 1143 3025
965 2 2 0 1 1180 650 2510
966 2 2 0 1 74 1120 2674
967 2 2 0 1 1864 950 2775
968 2 2 0 1 412 1449 2052
969 2 2 0 1 1450 413 2051
970 2 2 0 1 1122 592 1827
971 2 2 0 1 1686 481 2303
972 2 2 0 1 1790 728 3007
973 2 2 0 1 592 1122 2060
974 2 2 0 1 760 1202 1982
975 2 2 0 1 938 1835 1972
976 2 2 0 1 2341 1051 2538
977 2 2 0 1 1386 626 2433
978 2 2 0 1 2045 1230 3099
979 2 2 0 1 1376 747 2927
980 2 2 0 1 2501 382 2719
981 2 2 0 1 1603 425 1896
982 2 2 0 1 1463 805 2039
983 2 2 0 1 2106 979 2368
984 2 2 0 1 89 90 1327
985 2 2 0 1 13 14 1328
986 2 2 0 1 1302 1405 2760
987 2 2 0 1 1163 669 1933
988 2 2 0 1 613 1588 2854
989 2 2 0 1 1589 614 2855
990 2 2 0 1 800 1120 1924
991 2 2 0 1 1095 1686 2303
992 2 2 0 1 1120 800 1929
993 2 2 0 1 1399 2246 2297
994 2 2 0 1 2247 1400 2298
995 2 2 0 1 1126 783 2118
996 2 2 0 1 1321 792 1707
997 2 2 0 1 43 44 1363
998 2 2 0 1 1521 1223 2502
999 2 2 0 1 1203 582 2624
1000 2 2 0 1 1194 2255 2869
1001 2 2 0 1 727 1793 2674
1002 2 2 0 1 610 2083 2599
1003 2 2 0 1 2084 611 2600
1004 2 2 0 1 1203 841 2357
1005 2 2 0 1 790 1131 1748
1006 2 2 0 1 1565 599 2305
1007 2 2 0 1 598 1564 2306
1008 2 2 0 1 640 2099 2646
1009 2 2 0 1 1127 593 1810
1010 2 2 0 1 1148 410 1830
1011 2 2 0 1 1225 651 2743
1012 2 2 0 1 1258 590 2594
1013 2 2 0 1 422 1293 1471
1014 2 2 0 1 1567 1153 2414
1015 2 2 0 1 1154 1568 2415
1016 2 2 0 1 1183 1955 2746
1017 2 2 0 1 985 1386 2433
1018 2 2 0 1 1423 1989 2720
1019 2 2 0 1 1358 490 1868
1020 2 2 0 1 1954 674 2149
1021 2 2 0 1 896 2021 2046
1022 2 2 0 1 2094 613 2614
1023 2 2 0 1 614 2095 2615
1024 2 2 0 1 494 1299 1606
1025 2 2 0 1 1299 712 1606
1026 2 2 0 1 791 1159 1670
1027 2 2 0 1 1528 2804 3015
1028 2 2 0 1 593 1127 1846
1029 2 2 0 1 747 1837 3040
1030 2 2 0 1 1470 971 2451
1031 2 2 0 1 477 1303 2537
1032 2 2 0 1 590 1258 1510
1033 2 2 0 1 877 1398 2067
1034 2 2 0 1 1124 167 2639
1035 2 2 0 1 162 1125 2638
1036 2 2 0 1 2581 615 3145
1037 2 2 0 1 1241 564 2810
1038 2 2 0 1 783 1126 1868
1039 2 2 0 1 1249 404 2223
1040 2 2 0 1 857 1249 2223
1041 2 2 0 1 1307 1100 2882
1042 2 2 0 1 1101 1308 2883
1043 2 2 0 1 1291 444 1501
1044 2 2 0 1 594 1307 2882
1045 2 2 0 1 1308 595 2883
1046 2 2 0 1 465 1410 2725
1047 2 2 0 1 683 1291 1501
1048 2 2 0 1 711 1447 1448
1049 2 2 0 1 1447 684 1448
1050 2 2 0 1 1528 677 2804
1051 2 2 0 1 964 1433 2690
1052 2 2 0 1 376 1316 1463
1053 2 2 0 1 658 1407 2859
1054 2 2 0 1 718 1312 1524
1055 2 2 0 1 479 1131 2135
1056 2 2 0 1 375 1396 2630
1057 2 2 0 1 733 1818 2499
1058 2 2 0 1 1817 734 2500
1059 2 2 0 1 645 1356 2998
1060 2 2 0 1 1395 819 1889
1061 2 2 0 1 1131 790 2135
1062 2 2 0 1 1144 703 1755
1063 2 2 0 1 377 1325 1464
1064 2 2 0 1 422 1323 2369
1065 2 2 0 1 1069 2042 2388
1066 2 2 0 1 2645 1314 3011
1067 2 2 0 1 1274 1764 2343
1068 2 2 0 1 1229 701 1631
1069 2 2 0 1 637 1271 1555
1070 2 2 0 1 1272 636 1556
1071 2 2 0 1 1633 2216 2517
1072 2 2 0 1 1229 1631 2734
1073 2 2 0 1 1631 363 2734
1074 2 2 0 1 1398 400 2067
1075 2 2 0 1 1023 1802 2263
1076 2 2 0 1 1803 1024 2264
1077 2 2 0 1 914 1159 2419
1078 2 2 0 1 2089 1353 2801
1079 2 2 0 1 1354 2090 2802
1080 2 2 0 1 1648 1041 2376
1081 2 2 0 1 1256 583 1557
1082 2 2 0 1 686 1256 1557
1083 2 2 0 1 1298 507 3026
1084 2 2 0 1 674 1467 2149
1085 2 2 0 1 656 1519 1697
1086 2 2 0 1 1256 686 3018
1087 2 2 0 1 1294 917 2143
1088 2 2 0 1 918 1295 2144
1089 2 2 0 1 1262 1911 2269
1090 2 2 0 1 1912 1263 2270
1091 2 2 0 1 1174 755 1655
1092 2 2 0 1 782 1180 1648
1093 2 2 0 1 574 1182 1696
1094 2 2 0 1 2294 1249 2684
1095 2 2 0 1 730 1213 2280
1096 2 2 0 1 1214 731 2279
1097 2 2 0 1 1433 964 2730
1098 2 2 0 1 775 1854 2861
1099 2 2 0 1 1653 849 2050
1100 2 2 0 1 848 1652 2049
1101 2 2 0 1 1636 1193 2697
1102 2 2 0 1 1410 465 1700
1103 2 2 0 1 464 1409 1699
1104 2 2 0 1 862 1322 2140
1105 2 2 0 1 795 1275 2049
1106 2 2 0 1 1276 796 2050
1107 2 2 0 1 1288 566 1578
1108 2 2 0 1 854 1288 1578
1109 2 2 0 1 1258 690 3112
1110 2 2 0 1 1310 944 2020
1111 2 2 0 1 744 1248 1760
1112 2 2 0 1 576 1198 2453
1113 2 2 0 1 1199 577 2454
1114 2 2 0 1 446 1602 1629
1115 2 2 0 1 391 1704 2333
1116 2 2 0 1 195 196 1564
1117 2 2 0 1 133 134 1565
1118 2 2 0 1 1292 811 2252
1119 2 2 0 1 1756 1008 2651
1120 2 2 0 1 648 1526 1909
1121 2 2 0 1 1527 649 1910
1122 2 2 0 1 1309 459 1687
1123 2 2 0 1 1939 1146 2918
1124 2 2 0 1 1439 607 2876
1125 2 2 0 1 1191 1439 2876
1126 2 2 0 1 2688 1933 3023
1127 2 2 0 1 1070 1639 2295
1128 2 2 0 1 664 1521 2502
1129 2 2 0 1 1369 423 2999
1130 2 2 0 1 424 1370 3000
1131 2 2 0 1 1254 664 1936
1132 2 2 0 1 495 1702 1779
1133 2 2 0 1 1702 923 1779
1134 2 2 0 1 1750 1173 2794
1135 2 2 0 1 1118 1875 2105
1136 2 2 0 1 1874 1119 2104
1137 2 2 0 1 629 2181 3126
1138 2 2 0 1 2140 1322 3161
1139 2 2 0 1 42 1270 2535
1140 2 2 0 1 601 1315 2545
1141 2 2 0 1 703 1144 2035
1142 2 2 0 1 2108 530 2721
1143 2 2 0 1 531 2109 2722
1144 2 2 0 1 529 1428 2933
1145 2 2 0 1 1875 541 2105
1146 2 2 0 1 542 1874 2104
1147 2 2 0 1 1643 2225 2527
1148 2 2 0 1 2226 1644 2528
1149 2 2 0 1 944 1858 2186
1150 2 2 0 1 1474 688 1517
1151 2 2 0 1 586 1168 2532
1152 2 2 0 1 1333 802 1903
1153 2 2 0 1 2244 1487 2483
1154 2 2 0 1 1488 2245 2484
1155 2 2 0 1 1502 684 2211
1156 2 2 0 1 1257 1900 2250
1157 2 2 0 1 1480 2242 2481
1158 2 2 0 1 2243 1481 2482
1159 2 2 0 1 1139 1685 2824
1160 2 2 0 1 1356 1129 2998
1161 2 2 0 1 1412 2473 2614
1162 2 2 0 1 2474 1413 2615
1163 2 2 0 1 1269 838 1743
1164 2 2 0 1 1082 1669 3048
1165 2 2 0 1 1455 476 2227
1166 2 2 0 1 1155 807 2219
1167 2 2 0 1 808 1156 2220
1168 2 2 0 1 2050 849 2312
1169 2 2 0 1 848 2049 2311
1170 2 2 0 1 2928 1369 2999
1171 2 2 0 1 1370 2929 3000
1172 2 2 0 1 2180 1661 2864
1173 2 2 0 1 1660 2179 2865
1174 2 2 0 1 1427 1145 2299
1175 2 2 0 1 477 1616 2101
1176 2 2 0 1 1333 551 2525
1177 2 2 0 1 192 193 2131
1178 2 2 0 1 136 137 2130
1179 2 2 0 1 526 2063 2982
1180 2 2 0 1 2064 527 2983
1181 2 2 0 1 698 1636 2697
1182 2 2 0 1 200 201 2023
1183 2 2 0 1 128 129 2022
1184 2 2 0 1 1639 414 2295
1185 2 2 0 1 948 1384 2184
1186 2 2 0 1 1385 949 2185
1187 2 2 0 1 1783 200 2023
1188 2 2 0 1 129 1784 2022
1189 2 2 0 1 1146 463 2277
1190 2 2 0 1 844 1649 2036
1191 2 2 0 1 1650 845 2037
1192 2 2 0 1 1297 452 1883
1193 2 2 0 1 1728 843 1987
1194 2 2 0 1 669 1163 2283
1195 2 2 0 1 1157 805 2212
1196 2 2 0 1 447 1186 1828
1197 2 2 0 1 1254 506 2072
1198 2 2 0 1 478 1184 2871
1199 2 2 0 1 812 1254 2072
1200 2 2 0 1 1957 901 2002
1201 2 2 0 1 1186 447 1737
1202 2 2 0 1 410 1148 2146
1203 2 2 0 1 1812 999 2839
1204 2 2 0 1 748 1141 2008
1205 2 2 0 1 824 1148 2288
1206 2 2 0 1 1310 457 1632
1207 2 2 0 1 2373 1226 2981
1208 2 2 0 1 726 1310 1632
1209 2 2 0 1 917 1456 2514
1210 2 2 0 1 1457 918 2515
1211 2 2 0 1 1275 795 1970
1212 2 2 0 1 796 1276 1971
1213 2 2 0 1 468 1275 1970
1214 2 2 0 1 1276 469 1971
1215 2 2 0 1 1602 824 1629
1216 2 2 0 1 563 1250 1727
1217 2 2 0 1 1655 755 1815
1218 2 2 0 1 2967 1511 3024
1219 2 2 0 1 387 1200 1641
1220 2 2 0 1 407 1147 1903
1221 2 2 0 1 1144 375 2035
1222 2 2 0 1 60 61 1907
1223 2 2 0 1 1222 2087 2695
1224 2 2 0 1 1613 585 2234
1225 2 2 0 1 465 1511 2967
1226 2 2 0 1 1259 818 1566
1227 2 2 0 1 1279 763 1941
1228 2 2 0 1 764 1280 1942
1229 2 2 0 1 1054 2725 2979
1230 2 2 0 1 628 1686 2649
1231 2 2 0 1 664 1254 1641
1232 2 2 0 1 1166 1757 2792
1233 2 2 0 1 844 2036 2207
1234 2 2 0 1 2037 845 2208
1235 2 2 0 1 1147 407 2846
1236 2 2 0 1 372 2115 3032
1237 2 2 0 1 412 2052 2412
1238 2 2 0 1 2051 413 2413
1239 2 2 0 1 1414 777 1751
1240 2 2 0 1 1324 790 1852
1241 2 2 0 1 580 1324 1852
1242 2 2 0 1 1300 423 1949
1243 2 2 0 1 424 1301 1948
1244 2 2 0 1 1061 1975 2781
1245 2 2 0 1 1976 1062 2780
1246 2 2 0 1 1578 727 1749
1247 2 2 0 1 854 1578 1749
1248 2 2 0 1 1158 461 1847
1249 2 2 0 1 698 1453 2316
1250 2 2 0 1 420 1239 2132
1251 2 2 0 1 570 1248 1612
1252 2 2 0 1 2041 628 2597
1253 2 2 0 1 1239 822 2132
1254 2 2 0 1 2310 693 2711
1255 2 2 0 1 1587 480 2647
1256 2 2 0 1 405 2803 2804
1257 2 2 0 1 1435 405 2804
1258 2 2 0 1 572 2140 3161
1259 2 2 0 1 2367 655 2899
1260 2 2 0 1 1955 780 2746
1261 2 2 0 1 1345 624 1763
1262 2 2 0 1 2101 1616 2788
1263 2 2 0 1 752 1149 2022
1264 2 2 0 1 1150 753 2023
1265 2 2 0 1 1249 857 1587
1266 2 2 0 1 895 1427 2299
1267 2 2 0 1 1200 387 1988
1268 2 2 0 1 2042 552 2388
1269 2 2 0 1 1148 564 2278
1270 2 2 0 1 1220 613 2621
1271 2 2 0 1 614 1221 2622
1272 2 2 0 1 1637 873 1746
1273 2 2 0 1 874 1638 1747
1274 2 2 0 1 706 1637 1746
1275 2 2 0 1 1638 707 1747
1276 2 2 0 1 1909 1526 2403
1277 2 2 0 1 1527 1910 2404
1278 2 2 0 1 820 1622 1631
1279 2 2 0 1 830 2030 2714
1280 2 2 0 1 1015 2211 2869
1281 2 2 0 1 1266 739 1716
1282 2 2 0 1 740 1267 1715
1283 2 2 0 1 568 1266 1716
1284 2 2 0 1 1267 569 1715
1285 2 2 0 1 588 1210 2547
1286 2 2 0 1 934 1196 2460
1287 2 2 0 1 766 1545 1788
1288 2 2 0 1 1546 765 1787
1289 2 2 0 1 1704 1009 2333
1290 2 2 0 1 1561 780 1960
1291 2 2 0 1 1323 422 2079
1292 2 2 0 1 840 1323 2079
1293 2 2 0 1 1427 1240 3169
1294 2 2 0 1 641 1427 3169
1295 2 2 0 1 1558 693 2310
1296 2 2 0 1 1171 2170 2496
1297 2 2 0 1 2171 1172 2497
1298 2 2 0 1 1159 791 3126
1299 2 2 0 1 423 1300 2999
1300 2 2 0 1 1301 424 3000
1301 2 2 0 1 902 1661 2180
1302 2 2 0 1 1660 903 2179
1303 2 2 0 1 819 1310 2020
1304 2 2 0 1 686 1349 3018
1305 2 2 0 1 415 1238 1972
1306 2 2 0 1 1340 1887 2850
1307 2 2 0 1 935 1268 1668
1308 2 2 0 1 1430 942 2289
1309 2 2 0 1 1268 395 1668
1310 2 2 0 1 1671 832 1734
1311 2 2 0 1 833 1672 1735
1312 2 2 0 1 1218 678 2295
1313 2 2 0 1 1645 708 1744
1314 2 2 0 1 709 1646 1745
1315 2 2 0 1 871 1645 1744
1316 2 2 0 1 1646 872 1745
1317 2 2 0 1 1561 1960 2669
1318 2 2 0 1 444 1291 1558
1319 2 2 0 1 478 1648 2376
1320 2 2 0 1 1429 528 2613
1321 2 2 0 1 1522 784 1528
1322 2 2 0 1 528 1522 1528
1323 2 2 0 1 917 1294 2618
1324 2 2 0 1 1295 918 2619
1325 2 2 0 1 1177 758 2158
1326 2 2 0 1 1158 576 2057
1327 2 2 0 1 994 2351 2389
1328 2 2 0 1 2525 551 2627
1329 2 2 0 1 1389 776 1752
1330 2 2 0 1 612 1389 1752
1331 2 2 0 1 1655 1815 2568
1332 2 2 0 1 1434 1508 2831
1333 2 2 0 1 829 1234 2908
1334 2 2 0 1 1235 828 2907
1335 2 2 0 1 1163 1933 2688
1336 2 2 0 1 1338 600 2544
1337 2 2 0 1 1248 744 1612
1338 2 2 0 1 1160 747 1991
1339 2 2 0 1 412 1187 2261
1340 2 2 0 1 1188 413 2262
1341 2 2 0 1 1669 1082 2175
1342 2 2 0 1 1590 1281 2429
1343 2 2 0 1 858 2348 2375
1344 2 2 0 1 931 1237 2616
1345 2 2 0 1 1451 925 2082
1346 2 2 0 1 930 1223 1806
1347 2 2 0 1 1300 667 2406
1348 2 2 0 1 668 1301 2407
1349 2 2 0 1 1284 410 1628
1350 2 2 0 1 1233 366 1636
1351 2 2 0 1 575 1163 1956
1352 2 2 0 1 678 1218 1677
1353 2 2 0 1 363 1622 2377
1354 2 2 0 1 1447 446 1987
1355 2 2 0 1 1757 1166 2346
1356 2 2 0 1 416 2688 3023
1357 2 2 0 1 852 1302 2251
1358 2 2 0 1 1395 365 1615
1359 2 2 0 1 436 1242 3130
1360 2 2 0 1 618 1461 2156
1361 2 2 0 1 1462 619 2157
1362 2 2 0 1 1706 390 2266
1363 2 2 0 1 690 1393 3112
1364 2 2 0 1 1461 932 2156
1365 2 2 0 1 933 1462 2157
1366 2 2 0 1 1108 1706 2266
1367 2 2 0 1 54 1355 2251
1368 2 2 0 1 803 1724 1943
1369 2 2 0 1 1725 804 1944
1370 2 2 0 1 1724 960 1943
1371 2 2 0 1 961 1725 1944
1372 2 2 0 1 2155 824 2551
1373 2 2 0 1 661 1164 2082
1374 2 2 0 1 221 1343 1917
1375 2 2 0 1 1342 108 1916
1376 2 2 0 1 1622 363 1631
1377 2 2 0 1 1230 589 2631
1378 2 2 0 1 394 1750 2794
1379 2 2 0 1 426 1336 1533
1380 2 2 0 1 1412 468 2473
1381 2 2 0 1 469 1413 2474
1382 2 2 0 1 1121 1587 2647
1383 2 2 0 1 1303 1732 2537
1384 2 2 0 1 665 1355 1769
1385 2 2 0 1 1204 425 1736
1386 2 2 0 1 1280 764 1874
1387 2 2 0 1 763 1279 1875
1388 2 2 0 1 1665 756 1844
1389 2 2 0 1 757 1666 1845
1390 2 2 0 1 755 1174 2920
1391 2 2 0 1 2170 448 2496
1392 2 2 0 1 449 2171 2497
1393 2 2 0 1 1731 955 1923
1394 2 2 0 1 801 1731 1923
1395 2 2 0 1 578 1262 2699
1396 2 2 0 1 1263 579 2700
1397 2 2 0 1 1262 966 2699
1398 2 2 0 1 965 1263 2700
1399 2 2 0 1 1583 1185 2055
1400 2 2 0 1 1200 683 2944
1401 2 2 0 1 1255 601 2495
1402 2 2 0 1 2347 994 2389
1403 2 2 0 1 484 1791 2898
1404 2 2 0 1 1294 2143 2992
1405 2 2 0 1 2144 1295 2993
1406 2 2 0 1 1178 455 2930
1407 2 2 0 1 456 1179 2931
1408 2 2 0 1 517 1421 2199
1409 2 2 0 1 1422 518 2200
1410 2 2 0 1 1636 698 2316
1411 2 2 0 1 1468 651 1628
1412 2 2 0 1 1373 593 2275
1413 2 2 0 1 1833 1063 2062
1414 2 2 0 1 525 1833 2062
1415 2 2 0 1 2255 1194 2870
1416 2 2 0 1 1174 555 1892
1417 2 2 0 1 604 1316 2268
1418 2 2 0 1 708 1207 1785
1419 2 2 0 1 1208 709 1786
1420 2 2 0 1 1207 434 1785
1421 2 2 0 1 435 1208 1786
1422 2 2 0 1 1836 394 1930
1423 2 2 0 1 997 1836 1930
1424 2 2 0 1 1336 779 2543
1425 2 2 0 1 1448 684 2215
1426 2 2 0 1 1456 917 2618
1427 2 2 0 1 918 1457 2619
1428 2 2 0 1 2319 815 2370
1429 2 2 0 1 1618 1251 2358
1430 2 2 0 1 1252 1619 2359
1431 2 2 0 1 1227 712 1780
1432 2 2 0 1 66 67 1469
1433 2 2 0 1 174 175 1371
1434 2 2 0 1 154 155 1372
1435 2 2 0 1 1576 881 1878
1436 2 2 0 1 625 1576 1878
1437 2 2 0 1 210 211 1788
1438 2 2 0 1 118 119 1787
1439 2 2 0 1 1482 685 1801
1440 2 2 0 1 1168 586 2586
1441 2 2 0 1 1187 412 1844
1442 2 2 0 1 413 1188 1845
1443 2 2 0 1 372 1969 2115
1444 2 2 0 1 1969 1161 2115
1445 2 2 0 1 777 1175 3010
1446 2 2 0 1 1390 985 2205
1447 2 2 0 1 572 1756 2651
1448 2 2 0 1 2548 1219 2672
1449 2 2 0 1 455 1178 1911
1450 2 2 0 1 1179 456 1912
1451 2 2 0 1 1178 557 1913
1452 2 2 0 1 558 1179 1914
1453 2 2 0 1 1433 896 2046
1454 2 2 0 1 1158 1847 2133
1455 2 2 0 1 1493 1224 2641
1456 2 2 0 1 462 1183 1887
1457 2 2 0 1 1182 574 2201
1458 2 2 0 1 658 1204 1774
1459 2 2 0 1 766 1276 3183
1460 2 2 0 1 1275 765 3182
1461 2 2 0 1 1439 693 2698
1462 2 2 0 1 513 1624 2463
1463 2 2 0 1 1625 514 2462
1464 2 2 0 1 1323 1853 2369
1465 2 2 0 1 1185 724 2349
1466 2 2 0 1 2613 528 3015
1467 2 2 0 1 758 1177 2580
1468 2 2 0 1 1633 671 2216
1469 2 2 0 1 2184 1384 2643
1470 2 2 0 1 1385 2185 2644
1471 2 2 0 1 1195 827 2610
1472 2 2 0 1 1131 1575 2352
1473 2 2 0 1 2102 716 2656
1474 2 2 0 1 1323 840 1579
1475 2 2 0 1 792 1321 3074
1476 2 2 0 1 1193 366 2296
1477 2 2 0 1 2143 1096 2992
1478 2 2 0 1 1097 2144 2993
1479 2 2 0 1 1757 703 2792
1480 2 2 0 1 1475 660 1710
1481 2 2 0 1 831 1373 2001
1482 2 2 0 1 1480 860 2242
1483 2 2 0 1 861 1481 2243
1484 2 2 0 1 1373 401 2001
1485 2 2 0 1 1270 42 1869
1486 2 2 0 1 834 2045 3099
1487 2 2 0 1 578 1319 2394
1488 2 2 0 1 1320 579 2395
1489 2 2 0 1 1319 919 2394
1490 2 2 0 1 920 1320 2395
1491 2 2 0 1 1397 677 2368
1492 2 2 0 1 1242 626 2653
1493 2 2 0 1 1332 870 2007
1494 2 2 0 1 827 1195 2293
1495 2 2 0 1 1076 1553 2721
1496 2 2 0 1 1554 1077 2722
1497 2 2 0 1 659 1493 2641
1498 2 2 0 1 674 1375 1539
1499 2 2 0 1 813 1392 1574
1500 2 2 0 1 1392 725 1574
1501 2 2 0 1 1180 782 2379
1502 2 2 0 1 863 1487 2244
1503 2 2 0 1 1488 864 2245
1504 2 2 0 1 2211 1015 2442
1505 2 2 0 1 1498 1540 2952
1506 2 2 0 1 2545 1315 3067
1507 2 2 0 1 696 1246 1839
1508 2 2 0 1 1247 697 1840
1509 2 2 0 1 1318 458 1583
1510 2 2 0 1 681 1327 1776
1511 2 2 0 1 1328 682 1777
1512 2 2 0 1 1198 785 1863
1513 2 2 0 1 786 1199 1862
1514 2 2 0 1 1204 1736 2085
1515 2 2 0 1 2594 590 3115
1516 2 2 0 1 1379 1255 2495
1517 2 2 0 1 684 1502 2215
1518 2 2 0 1 1173 1408 2793
1519 2 2 0 1 1190 806 2233
1520 2 2 0 1 1120 2608 2674
1521 2 2 0 1 653 2110 2555
1522 2 2 0 1 2111 654 2556
1523 2 2 0 1 1239 2099 3168
1524 2 2 0 1 1760 1248 2959
1525 2 2 0 1 89 1327 1918
1526 2 2 0 1 1328 14 1919
1527 2 2 0 1 841 1203 2362
1528 2 2 0 1 1203 438 2362
1529 2 2 0 1 1184 596 2159
1530 2 2 0 1 495 1375 2989
1531 2 2 0 1 1205 706 1980
1532 2 2 0 1 707 1206 1981
1533 2 2 0 1 2255 547 2869
1534 2 2 0 1 482 1749 1929
1535 2 2 0 1 1341 770 1823
1536 2 2 0 1 485 1341 1823
1537 2 2 0 1 1525 855 2380
1538 2 2 0 1 577 1183 2032
1539 2 2 0 1 2647 896 2657
1540 2 2 0 1 1833 650 2501
1541 2 2 0 1 935 1668 1925
1542 2 2 0 1 1668 767 1925
1543 2 2 0 1 2004 539 2189
1544 2 2 0 1 58 1265 2521
1545 2 2 0 1 1841 1022 2731
1546 2 2 0 1 1259 565 2164
1547 2 2 0 1 818 1259 2164
1548 2 2 0 1 1273 693 2625
1549 2 2 0 1 1223 930 2502
1550 2 2 0 1 1744 1078 2769
1551 2 2 0 1 1079 1745 2770
1552 2 2 0 1 1314 431 3011
1553 2 2 0 1 1407 841 1995
1554 2 2 0 1 1246 696 2496
1555 2 2 0 1 697 1247 2497
1556 2 2 0 1 1205 432 2125
1557 2 2 0 1 433 1206 2126
1558 2 2 0 1 1431 641 1778
1559 2 2 0 1 1989 821 2817
1560 2 2 0 1 1929 1749 2608
1561 2 2 0 1 1665 1844 2578
1562 2 2 0 1 1845 1666 2579
1563 2 2 0 1 454 1257 2658
1564 2 2 0 1 471 1250 1738
1565 2 2 0 1 449 1247 3020
1566 2 2 0 1 693 1558 2698
1567 2 2 0 1 884 1905 2518
1568 2 2 0 1 488 1244 2410
1569 2 2 0 1 1245 489 2411
1570 2 2 0 1 945 1388 2658
1571 2 2 0 1 739 1266 1825
1572 2 2 0 1 1267 740 1826
1573 2 2 0 1 1266 377 1825
1574 2 2 0 1 378 1267 1826
1575 2 2 0 1 1250 826 1727
1576 2 2 0 1 1273 1508 2232
1577 2 2 0 1 2211 1194 2869
1578 2 2 0 1 763 1569 1759
1579 2 2 0 1 1570 764 1758
1580 2 2 0 1 1406 901 1957
1581 2 2 0 1 1286 442 2822
1582 2 2 0 1 443 1287 2823
1583 2 2 0 1 1273 586 2532
1584 2 2 0 1 559 1205 1876
1585 2 2 0 1 1206 560 1877
1586 2 2 0 1 1214 158 2456
1587 2 2 0 1 171 1213 2455
1588 2 2 0 1 946 1733 2459
1589 2 2 0 1 944 1310 2682
1590 2 2 0 1 1245 695 1737
1591 2 2 0 1 448 1382 2812
1592 2 2 0 1 434 1207 2121
1593 2 2 0 1 1208 435 2122
1594 2 2 0 1 5 230 1
1595 2 2 0 1 98 3 99
1596 2 2 0 1 1342 679 1797
1597 2 2 0 1 680 1343 1798
1598 2 2 0 1 367 1671 1734
1599 2 2 0 1 1672 368 1735
1600 2 2 0 1 1264 426 1710
1601 2 2 0 1 1223 858 1806
1602 2 2 0 1 1430 2289 2937
1603 2 2 0 1 1643 672 2225
1604 2 2 0 1 673 1644 2226
1605 2 2 0 1 1011 1717 2488
1606 2 2 0 1 577 1199 2128
1607 2 2 0 1 1199 786 2128
1608 2 2 0 1 1686 1095 2649
1609 2 2 0 1 425 1204 1896
1610 2 2 0 1 692 1434 2438
1611 2 2 0 1 1196 511 1994
1612 2 2 0 1 1741 1266 2193
1613 2 2 0 1 1267 1742 2194
1614 2 2 0 1 1494 485 1823
1615 2 2 0 1 1624 1013 2463
1616 2 2 0 1 1014 1625 2462
1617 2 2 0 1 1207 561 1881
1618 2 2 0 1 562 1208 1882
1619 2 2 0 1 1194 684 2870
1620 2 2 0 1 1802 1023 3030
1621 2 2 0 1 1024 1803 3031
1622 2 2 0 1 1358 1868 2787
1623 2 2 0 1 481 1311 1739
1624 2 2 0 1 66 1469 3006
1625 2 2 0 1 1311 729 1739
1626 2 2 0 1 994 1516 2351
1627 2 2 0 1 1241 642 2595
1628 2 2 0 1 1434 1123 2853
1629 2 2 0 1 583 1434 2853
1630 2 2 0 1 1389 612 2233
1631 2 2 0 1 1344 647 2315
1632 2 2 0 1 1763 624 2190
1633 2 2 0 1 741 1201 2085
1634 2 2 0 1 1198 576 2133
1635 2 2 0 1 785 1198 2133
1636 2 2 0 1 1022 1841 2771
1637 2 2 0 1 626 1386 3110
1638 2 2 0 1 32 2217 2248
1639 2 2 0 1 1302 852 1732
1640 2 2 0 1 630 1302 1732
1641 2 2 0 1 1220 737 1842
1642 2 2 0 1 738 1221 1843
1643 2 2 0 1 1268 935 2949
1644 2 2 0 1 1375 1954 2989
1645 2 2 0 1 212 213 1589
1646 2 2 0 1 116 117 1588
1647 2 2 0 1 627 1318 2690
1648 2 2 0 1 1388 945 2678
1649 2 2 0 1 534 1222 2434
1650 2 2 0 1 1398 825 1993
1651 2 2 0 1 585 2548 2672
1652 2 2 0 1 400 1398 1993
1653 2 2 0 1 2274 877 2463
1654 2 2 0 1 878 2275 2462
1655 2 2 0 1 1240 421 2206
1656 2 2 0 1 823 1240 2206
1657 2 2 0 1 683 1200 1988
1658 2 2 0 1 1253 767 2120
1659 2 2 0 1 1202 1901 2966
1660 2 2 0 1 858 1223 2443
1661 2 2 0 1 1223 498 2443
1662 2 2 0 1 610 1211 2584
1663 2 2 0 1 1212 611 2585
1664 2 2 0 1 1780 445 3070
1665 2 2 0 1 454 1388 1594
1666 2 2 0 1 1388 814 1594
1667 2 2 0 1 1620 1074 2348
1668 2 2 0 1 720 1277 2768
1669 2 2 0 1 1617 743 1688
1670 2 2 0 1 631 1663 2178
1671 2 2 0 1 1227 1780 3070
1672 2 2 0 1 1278 720 2768
1673 2 2 0 1 421 1427 2605
1674 2 2 0 1 410 1284 1830
1675 2 2 0 1 376 1283 1820
1676 2 2 0 1 1800 1057 1819
1677 2 2 0 1 700 1800 1819
1678 2 2 0 1 723 1229 2734
1679 2 2 0 1 1472 704 1831
1680 2 2 0 1 705 1473 1832
1681 2 2 0 1 1201 741 2123
1682 2 2 0 1 716 1671 2656
1683 2 2 0 1 695 1285 2564
1684 2 2 0 1 2290 1021 2378
1685 2 2 0 1 1242 1640 2752
1686 2 2 0 1 1640 645 2752
1687 2 2 0 1 806 1635 1885
1688 2 2 0 1 1127 1499 2962
1689 2 2 0 1 927 1497 1867
1690 2 2 0 1 1250 563 2604
1691 2 2 0 1 1305 502 1740
1692 2 2 0 1 1330 795 1859
1693 2 2 0 1 796 1331 1860
1694 2 2 0 1 452 1760 2959
1695 2 2 0 1 432 1205 1980
1696 2 2 0 1 1206 433 1981
1697 2 2 0 1 1482 1801 2728
1698 2 2 0 1 1411 457 3106
1699 2 2 0 1 1201 582 2085
1700 2 2 0 1 1229 723 1841
1701 2 2 0 1 871 1487 1645
1702 2 2 0 1 1488 872 1646
1703 2 2 0 1 1926 409 2439
1704 2 2 0 1 1487 561 1645
1705 2 2 0 1 562 1488 1646
1706 2 2 0 1 1040 1698 3007
1707 2 2 0 1 1566 818 2189
1708 2 2 0 1 474 1679 2561
1709 2 2 0 1 1678 475 2562
1710 2 2 0 1 1264 2581 3145
1711 2 2 0 1 1236 884 2518
1712 2 2 0 1 1386 1128 3110
1713 2 2 0 1 455 1262 2643
1714 2 2 0 1 1263 456 2644
1715 2 2 0 1 1271 637 2709
1716 2 2 0 1 636 1272 2710
1717 2 2 0 1 1670 914 2147
1718 2 2 0 1 1395 1889 2620
1719 2 2 0 1 1590 1329 3136
1720 2 2 0 1 440 1590 3136
1721 2 2 0 1 559 1480 1637
1722 2 2 0 1 1481 560 1638
1723 2 2 0 1 855 2016 2380
1724 2 2 0 1 1480 873 1637
1725 2 2 0 1 874 1481 1638
1726 2 2 0 1 1260 391 3142
1727 2 2 0 1 737 1220 2621
1728 2 2 0 1 1221 738 2622
1729 2 2 0 1 1778 641 3191
1730 2 2 0 1 787 1411 1571
1731 2 2 0 1 1367 829 2908
1732 2 2 0 1 828 1368 2907
1733 2 2 0 1 1904 500 2293
1734 2 2 0 1 1195 1904 2293
1735 2 2 0 1 1858 406 2186
1736 2 2 0 1 1550 1102 2581
1737 2 2 0 1 660 1550 2581
1738 2 2 0 1 1697 1519 2573
1739 2 2 0 1 1275 468 1937
1740 2 2 0 1 469 1276 1938
1741 2 2 0 1 765 1275 1937
1742 2 2 0 1 1276 766 1938
1743 2 2 0 1 731 1214 1934
1744 2 2 0 1 1330 1002 3053
1745 2 2 0 1 1003 1331 3054
1746 2 2 0 1 78 79 1759
1747 2 2 0 1 24 25 1758
1748 2 2 0 1 742 1268 2617
1749 2 2 0 1 212 1589 2576
1750 2 2 0 1 1588 117 2575
1751 2 2 0 1 1451 2082 2571
1752 2 2 0 1 690 1258 2594
1753 2 2 0 1 473 2341 2538
1754 2 2 0 1 650 1833 2510
1755 2 2 0 1 389 1467 1748
1756 2 2 0 1 1467 790 1748
1757 2 2 0 1 714 1465 1775
1758 2 2 0 1 1698 1040 2511
1759 2 2 0 1 43 1363 1869
1760 2 2 0 1 790 1467 2174
1761 2 2 0 1 41 42 2535
1762 2 2 0 1 701 1478 1540
1763 2 2 0 1 1478 724 1540
1764 2 2 0 1 798 1255 1801
1765 2 2 0 1 34 35 2008
1766 2 2 0 1 1816 622 2386
1767 2 2 0 1 1382 1017 2812
1768 2 2 0 1 517 2199 3143
1769 2 2 0 1 2200 518 3144
1770 2 2 0 1 428 1415 3171
1771 2 2 0 1 1416 429 3172
1772 2 2 0 1 652 2373 2981
1773 2 2 0 1 35 1781 2008
1774 2 2 0 1 1072 1509 2683
1775 2 2 0 1 1506 1028 1537
1776 2 2 0 1 1029 1505 1538
1777 2 2 0 1 650 2169 2738
1778 2 2 0 1 1343 772 1917
1779 2 2 0 1 771 1342 1916
1780 2 2 0 1 1219 490 1968
1781 2 2 0 1 1338 2544 3167
1782 2 2 0 1 1051 1805 2538
1783 2 2 0 1 414 1218 2295
1784 2 2 0 1 1533 1336 2543
1785 2 2 0 1 1047 1493 2153
1786 2 2 0 1 573 1249 2873
1787 2 2 0 1 1329 954 2236
1788 2 2 0 1 1142 1793 2936
1789 2 2 0 1 767 1253 2000
1790 2 2 0 1 1253 499 2000
1791 2 2 0 1 1265 58 2043
1792 2 2 0 1 1849 535 2020
1793 2 2 0 1 770 1260 1823
1794 2 2 0 1 1068 2396 2633
1795 2 2 0 1 1442 886 1708
1796 2 2 0 1 887 1443 1709
1797 2 2 0 1 1311 698 1687
1798 2 2 0 1 1344 702 2975
1799 2 2 0 1 556 2405 3103
1800 2 2 0 1 1215 439 2342
1801 2 2 0 1 1280 1874 3051
1802 2 2 0 1 1875 1279 3050
1803 2 2 0 1 1285 652 1753
1804 2 2 0 1 565 1215 2164
1805 2 2 0 1 1251 745 2857
1806 2 2 0 1 746 1252 2858
1807 2 2 0 1 911 1557 2723
1808 2 2 0 1 1213 171 2280
1809 2 2 0 1 158 1214 2279
1810 2 2 0 1 1215 1032 2334
1811 2 2 0 1 1264 660 2581
1812 2 2 0 1 1366 666 1630
1813 2 2 0 1 228 229 1477
1814 2 2 0 1 100 101 1476
1815 2 2 0 1 844 1225 1973
1816 2 2 0 1 1226 845 1974
1817 2 2 0 1 1373 2275 3192
1818 2 2 0 1 1087 2319 2370
1819 2 2 0 1 729 1311 2188
1820 2 2 0 1 1327 768 1918
1821 2 2 0 1 769 1328 1919
1822 2 2 0 1 724 1238 2349
1823 2 2 0 1 919 1565 2305
1824 2 2 0 1 1564 920 2306
1825 2 2 0 1 713 1270 1869
1826 2 2 0 1 1247 449 2497
1827 2 2 0 1 1316 376 1820
1828 2 2 0 1 1765 492 1839
1829 2 2 0 1 493 1766 1840
1830 2 2 0 1 379 1313 1703
1831 2 2 0 1 2006 911 2723
1832 2 2 0 1 689 1395 1615
1833 2 2 0 1 96 97 1476
1834 2 2 0 1 6 7 1477
1835 2 2 0 1 457 1310 2894
1836 2 2 0 1 735 1298 1945
1837 2 2 0 1 445 1278 1775
1838 2 2 0 1 1270 713 1812
1839 2 2 0 1 1210 2293 2913
1840 2 2 0 1 446 1447 1602
1841 2 2 0 1 1571 1411 3106
1842 2 2 0 1 1027 1322 3156
1843 2 2 0 1 1873 1114 2142
1844 2 2 0 1 1115 1872 2141
1845 2 2 0 1 1608 692 2438
1846 2 2 0 1 504 1503 1822
1847 2 2 0 1 1504 505 1821
1848 2 2 0 1 1503 807 1822
1849 2 2 0 1 808 1504 1821
1850 2 2 0 1 1218 715 2423
1851 2 2 0 1 1355 852 2251
1852 2 2 0 1 2107 797 2767
1853 2 2 0 1 1238 415 2260
1854 2 2 0 1 474 1506 1537
1855 2 2 0 1 1505 475 1538
1856 2 2 0 1 749 1399 1708
1857 2 2 0 1 1400 750 1709
1858 2 2 0 1 425 1539 1736
1859 2 2 0 1 1399 620 1708
1860 2 2 0 1 621 1400 1709
1861 2 2 0 1 376 1879 1931
1862 2 2 0 1 1580 2511 3047
1863 2 2 0 1 1575 663 2352
1864 2 2 0 1 773 1848 2397
1865 2 2 0 1 1233 758 2718
1866 2 2 0 1 2293 500 2913
1867 2 2 0 1 755 1594 1723
1868 2 2 0 1 1594 814 1723
1869 2 2 0 1 1231 848 1983
1870 2 2 0 1 849 1232 1984
1871 2 2 0 1 1703 773 2397
1872 2 2 0 1 452 1297 1760
1873 2 2 0 1 1895 766 3183
1874 2 2 0 1 765 1894 3182
1875 2 2 0 1 411 1753 2401
1876 2 2 0 1 1281 440 2038
1877 2 2 0 1 701 1229 2330
1878 2 2 0 1 405 1435 1647
1879 2 2 0 1 80 81 1581
1880 2 2 0 1 22 23 1582
1881 2 2 0 1 816 1599 2799
1882 2 2 0 1 1600 817 2800
1883 2 2 0 1 1259 364 1899
1884 2 2 0 1 892 1358 2951
1885 2 2 0 1 1359 893 2950
1886 2 2 0 1 566 1288 2284
1887 2 2 0 1 1415 2553 3171
1888 2 2 0 1 2554 1416 3172
1889 2 2 0 1 1176 2708 3194
1890 2 2 0 1 388 1273 2625
1891 2 2 0 1 1292 566 2284
1892 2 2 0 1 166 167 1761
1893 2 2 0 1 162 163 1762
1894 2 2 0 1 1225 844 2207
1895 2 2 0 1 845 1226 2208
1896 2 2 0 1 1599 816 1729
1897 2 2 0 1 817 1600 1730
1898 2 2 0 1 756 1599 1729
1899 2 2 0 1 1600 757 1730
1900 2 2 0 1 1355 55 1769
1901 2 2 0 1 626 1243 2433
1902 2 2 0 1 565 1259 1893
1903 2 2 0 1 1654 2874 3008
1904 2 2 0 1 992 1371 2836
1905 2 2 0 1 1387 501 1861
1906 2 2 0 1 774 1387 1861
1907 2 2 0 1 904 1225 2478
1908 2 2 0 1 1226 905 2479
1909 2 2 0 1 1614 1099 3106
1910 2 2 0 1 1374 890 1902
1911 2 2 0 1 943 1270 2609
1912 2 2 0 1 688 2115 2563
1913 2 2 0 1 448 1891 2496
1914 2 2 0 1 1891 1246 2496
1915 2 2 0 1 1751 408 2375
1916 2 2 0 1 1620 1039 2789
1917 2 2 0 1 1499 464 2962
1918 2 2 0 1 490 1358 2356
1919 2 2 0 1 1358 892 2356
1920 2 2 0 1 1244 694 2410
1921 2 2 0 1 695 1245 2411
1922 2 2 0 1 1398 877 2274
1923 2 2 0 1 712 1299 1780
1924 2 2 0 1 1561 921 2001
1925 2 2 0 1 401 1561 2001
1926 2 2 0 1 1238 724 1972
1927 2 2 0 1 631 1329 2868
1928 2 2 0 1 2065 816 2799
1929 2 2 0 1 817 2066 2800
1930 2 2 0 1 459 1309 2844
1931 2 2 0 1 1543 1066 1757
1932 2 2 0 1 1613 971 2548
1933 2 2 0 1 439 1543 1757
1934 2 2 0 1 1468 482 1973
1935 2 2 0 1 1254 812 2209
1936 2 2 0 1 1455 988 2005
1937 2 2 0 1 1303 721 2963
1938 2 2 0 1 137 138 1772
1939 2 2 0 1 191 192 1773
1940 2 2 0 1 80 1581 2509
1941 2 2 0 1 1582 23 2508
1942 2 2 0 1 506 1254 1936
1943 2 2 0 1 1284 694 1830
1944 2 2 0 1 725 1304 1864
1945 2 2 0 1 1767 375 2630
1946 2 2 0 1 519 1580 3047
1947 2 2 0 1 848 1231 2213
1948 2 2 0 1 1232 849 2214
1949 2 2 0 1 803 1541 2141
1950 2 2 0 1 1542 804 2142
1951 2 2 0 1 1063 1833 2501
1952 2 2 0 1 1234 829 2258
1953 2 2 0 1 828 1235 2259
1954 2 2 0 1 1561 401 1642
1955 2 2 0 1 780 1561 1642
1956 2 2 0 1 458 1318 2457
1957 2 2 0 1 691 1510 1676
1958 2 2 0 1 991 1898 1978
1959 2 2 0 1 1898 754 1978
1960 2 2 0 1 1299 720 2076
1961 2 2 0 1 1447 711 1602
1962 2 2 0 1 822 1239 1997
1963 2 2 0 1 1240 823 1998
1964 2 2 0 1 711 1767 2551
1965 2 2 0 1 1566 2189 2451
1966 2 2 0 1 1325 377 1741
1967 2 2 0 1 378 1326 1742
1968 2 2 0 1 1346 432 2083
1969 2 2 0 1 433 1347 2084
1970 2 2 0 1 720 1299 1834
1971 2 2 0 1 1692 2360 3108
1972 2 2 0 1 2361 1693 3109
1973 2 2 0 1 758 1233 2316
1974 2 2 0 1 492 1289 1839
1975 2 2 0 1 1290 493 1840
1976 2 2 0 1 1333 1903 2778
1977 2 2 0 1 387 1386 1988
1978 2 2 0 1 1640 436 2379
1979 2 2 0 1 639 1463 2039
1980 2 2 0 1 1278 445 2076
1981 2 2 0 1 1074 1751 2375
1982 2 2 0 1 1141 1892 2687
1983 2 2 0 1 1277 720 2266
1984 2 2 0 1 39 40 1479
1985 2 2 0 1 1705 1261 3128
1986 2 2 0 1 778 1939 2918
1987 2 2 0 1 1905 1162 2291
1988 2 2 0 1 717 1245 2069
1989 2 2 0 1 859 1905 2291
1990 2 2 0 1 2150 522 2471
1991 2 2 0 1 457 1411 1632
1992 2 2 0 1 785 1847 2849
1993 2 2 0 1 1433 627 2690
1994 2 2 0 1 1327 90 1776
1995 2 2 0 1 13 1328 1777
1996 2 2 0 1 1167 2107 2767
1997 2 2 0 1 1386 387 3196
1998 2 2 0 1 1874 542 3051
1999 2 2 0 1 541 1875 3050
2000 2 2 0 1 1128 1386 3196
2001 2 2 0 1 193 194 2258
2002 2 2 0 1 135 136 2259
2003 2 2 0 1 107 1342 1797
2004 2 2 0 1 1343 222 1798
2005 2 2 0 1 52 1302 2760
2006 2 2 0 1 1078 1744 2984
2007 2 2 0 1 1745 1079 2985
2008 2 2 0 1 439 1757 2346
2009 2 2 0 1 519 1681 1977
2010 2 2 0 1 1681 915 1977
2011 2 2 0 1 434 1351 2094
2012 2 2 0 1 1352 435 2095
2013 2 2 0 1 592 1398 2274
2014 2 2 0 1 1389 447 1828
2015 2 2 0 1 1755 1066 2841
2016 2 2 0 1 2888 1111 3084
2017 2 2 0 1 1112 2889 3083
2018 2 2 0 1 2217 1060 2248
2019 2 2 0 1 1125 1762 3017
2020 2 2 0 1 1270 943 2535
2021 2 2 0 1 821 1957 2002
2022 2 2 0 1 1299 494 1834
2023 2 2 0 1 868 1334 2447
2024 2 2 0 1 1335 869 2448
2025 2 2 0 1 897 1475 1710
2026 2 2 0 1 1334 868 2344
2027 2 2 0 1 869 1335 2345
2028 2 2 0 1 647 1344 2975
2029 2 2 0 1 2141 1541 2311
2030 2 2 0 1 1542 2142 2312
2031 2 2 0 1 866 1251 2009
2032 2 2 0 1 1252 867 2010
2033 2 2 0 1 1248 570 2040
2034 2 2 0 1 1251 530 2358
2035 2 2 0 1 531 1252 2359
2036 2 2 0 1 887 1764 1766
2037 2 2 0 1 1764 719 1766
2038 2 2 0 1 462 1340 2941
2039 2 2 0 1 1339 461 2940
2040 2 2 0 1 1812 713 2428
2041 2 2 0 1 1774 1203 2357
2042 2 2 0 1 1470 1219 2548
2043 2 2 0 1 1149 1913 2735
2044 2 2 0 1 1914 1150 2736
2045 2 2 0 1 1239 420 2099
2046 2 2 0 1 1268 742 2086
2047 2 2 0 1 583 1256 2438
2048 2 2 0 1 825 1398 2060
2049 2 2 0 1 1398 592 2060
2050 2 2 0 1 1052 1989 2817
2051 2 2 0 1 1250 471 2304
2052 2 2 0 1 826 1250 2304
2053 2 2 0 1 409 1509 1850
2054 2 2 0 1 1701 407 2127
2055 2 2 0 1 972 1701 2127
2056 2 2 0 1 693 1273 2532
2057 2 2 0 1 930 1806 2048
2058 2 2 0 1 2131 193 2258
2059 2 2 0 1 136 2130 2259
2060 2 2 0 1 426 1264 1996
2061 2 2 0 1 1654 1075 2874
2062 2 2 0 1 655 1269 2507
2063 2 2 0 1 1469 1102 3006
2064 2 2 0 1 749 1286 2822
2065 2 2 0 1 1287 750 2823
2066 2 2 0 1 1111 1772 3084
2067 2 2 0 1 1773 1112 3083
2068 2 2 0 1 1429 2978 3014
2069 2 2 0 1 2979 1428 3013
2070 2 2 0 1 1002 1330 2895
2071 2 2 0 1 1331 1003 2896
2072 2 2 0 1 885 1391 2040
2073 2 2 0 1 944 1849 2020
2074 2 2 0 1 1313 379 1799
2075 2 2 0 1 1691 502 2340
2076 2 2 0 1 693 1439 2625
2077 2 2 0 1 2205 985 2886
2078 2 2 0 1 1982 1202 2627
2079 2 2 0 1 1962 837 2772
2080 2 2 0 1 835 1366 2715
2081 2 2 0 1 1727 826 2165
2082 2 2 0 1 808 1326 1778
2083 2 2 0 1 721 1303 2811
2084 2 2 0 1 1330 1859 2957
2085 2 2 0 1 1860 1331 2958
2086 2 2 0 1 94 95 1489
2087 2 2 0 1 8 9 1490
2088 2 2 0 1 1717 537 2488
2089 2 2 0 1 1322 1027 3161
2090 2 2 0 1 524 2239 3048
2091 2 2 0 1 574 1805 2201
2092 2 2 0 1 1283 376 3075
2093 2 2 0 1 1805 1051 2201
2094 2 2 0 1 1699 876 1846
2095 2 2 0 1 865 1337 2337
2096 2 2 0 1 1249 573 2684
2097 2 2 0 1 1332 1016 3117
2098 2 2 0 1 875 1700 1827
2099 2 2 0 1 1034 2445 2637
2100 2 2 0 1 2444 1033 2636
2101 2 2 0 1 28 1731 1813
2102 2 2 0 1 1125 1510 3193
2103 2 2 0 1 226 227 1492
2104 2 2 0 1 102 103 1491
2105 2 2 0 1 848 1541 1983
2106 2 2 0 1 1542 849 1984
2107 2 2 0 1 1541 486 1983
2108 2 2 0 1 487 1542 1984
2109 2 2 0 1 1496 787 1754
2110 2 2 0 1 380 1496 1754
2111 2 2 0 1 209 210 1545
2112 2 2 0 1 119 120 1546
2113 2 2 0 1 1609 529 3025
2114 2 2 0 1 1213 1884 2487
2115 2 2 0 1 751 1306 1888
2116 2 2 0 1 1228 1962 2772
2117 2 2 0 1 1255 798 2276
2118 2 2 0 1 1126 2118 2442
2119 2 2 0 1 1334 2344 2982
2120 2 2 0 1 2345 1335 2983
2121 2 2 0 1 1524 1055 2656
2122 2 2 0 1 367 1524 2656
2123 2 2 0 1 438 1517 2901
2124 2 2 0 1 1255 453 2728
2125 2 2 0 1 702 1471 2975
2126 2 2 0 1 1291 607 2698
2127 2 2 0 1 1072 1893 2694
2128 2 2 0 1 1472 515 2263
2129 2 2 0 1 516 1473 2264
2130 2 2 0 1 1190 1979 2307
2131 2 2 0 1 1979 403 2307
2132 2 2 0 1 1429 633 2978
2133 2 2 0 1 634 1428 2979
2134 2 2 0 1 1424 373 2992
2135 2 2 0 1 374 1425 2993
2136 2 2 0 1 1096 1424 2992
2137 2 2 0 1 1425 1097 2993
2138 2 2 0 1 1285 411 2564
2139 2 2 0 1 668 2407 3165
2140 2 2 0 1 2406 667 3166
2141 2 2 0 1 2473 932 2614
2142 2 2 0 1 933 2474 2615
2143 2 2 0 1 126 2162 2364
2144 2 2 0 1 2161 203 2365
2145 2 2 0 1 1371 600 2836
2146 2 2 0 1 601 1255 2276
2147 2 2 0 1 380 1433 2730
2148 2 2 0 1 1344 494 2287
2149 2 2 0 1 1435 710 1647
2150 2 2 0 1 1617 1688 3096
2151 2 2 0 1 2742 1272 2923
2152 2 2 0 1 1271 2741 2922
2153 2 2 0 1 1707 415 2541
2154 2 2 0 1 1139 1707 2541
2155 2 2 0 1 1329 2236 3136
2156 2 2 0 1 1800 1031 2336
2157 2 2 0 1 2103 1389 2233
2158 2 2 0 1 1887 1183 2128
2159 2 2 0 1 1739 729 1750
2160 2 2 0 1 853 1739 1750
2161 2 2 0 1 437 1608 3018
2162 2 2 0 1 1608 1256 3018
2163 2 2 0 1 1694 1019 2553
2164 2 2 0 1 1020 1695 2554
2165 2 2 0 1 566 1292 2252
2166 2 2 0 1 1374 363 2377
2167 2 2 0 1 890 1374 2377
2168 2 2 0 1 1508 388 2831
2169 2 2 0 1 981 1625 2955
2170 2 2 0 1 1624 982 2956
2171 2 2 0 1 966 1262 2269
2172 2 2 0 1 1263 965 2270
2173 2 2 0 1 1673 730 2280
2174 2 2 0 1 731 1674 2279
2175 2 2 0 1 839 1718 1726
2176 2 2 0 1 1318 1583 2690
2177 2 2 0 1 2021 840 2046
2178 2 2 0 1 1727 2165 2668
2179 2 2 0 1 1312 718 1891
2180 2 2 0 1 1304 725 1907
2181 2 2 0 1 1266 568 2193
2182 2 2 0 1 569 1267 2194
2183 2 2 0 1 778 1701 2029
2184 2 2 0 1 1713 745 2489
2185 2 2 0 1 746 1714 2490
2186 2 2 0 1 1262 578 2184
2187 2 2 0 1 579 1263 2185
2188 2 2 0 1 1718 792 1726
2189 2 2 0 1 549 1763 2191
2190 2 2 0 1 1375 495 1779
2191 2 2 0 1 1763 1012 2191
2192 2 2 0 1 381 1705 3128
2193 2 2 0 1 1706 647 2098
2194 2 2 0 1 1316 1820 2268
2195 2 2 0 1 854 1468 1628
2196 2 2 0 1 1817 1212 2585
2197 2 2 0 1 1211 1818 2584
2198 2 2 0 1 734 1817 2585
2199 2 2 0 1 1818 733 2584
2200 2 2 0 1 804 1873 2142
2201 2 2 0 1 1872 803 2141
2202 2 2 0 1 903 2742 2923
2203 2 2 0 1 2741 902 2922
2204 2 2 0 1 1456 432 2514
2205 2 2 0 1 433 1457 2515
2206 2 2 0 1 2344 526 2982
2207 2 2 0 1 527 2345 2983
2208 2 2 0 1 1970 1330 3053
2209 2 2 0 1 1331 1971 3054
2210 2 2 0 1 1604 832 1671
2211 2 2 0 1 833 1605 1672
2212 2 2 0 1 1808 624 2238
2213 2 2 0 1 1059 1808 2238
2214 2 2 0 1 2096 405 2837
2215 2 2 0 1 506 1269 2367
2216 2 2 0 1 496 1670 2147
2217 2 2 0 1 866 2009 2014
2218 2 2 0 1 2010 867 2015
2219 2 2 0 1 1358 602 1770
2220 2 2 0 1 603 1359 1771
2221 2 2 0 1 395 1268 2086
2222 2 2 0 1 1886 2689 2872
2223 2 2 0 1 1323 629 1853
2224 2 2 0 1 993 1372 2593
2225 2 2 0 1 1371 992 2592
2226 2 2 0 1 1854 775 2061
2227 2 2 0 1 1121 2647 2657
2228 2 2 0 1 1376 550 2237
2229 2 2 0 1 853 1376 2237
2230 2 2 0 1 836 1313 2494
2231 2 2 0 1 950 2100 2572
2232 2 2 0 1 2124 1176 3194
2233 2 2 0 1 835 1405 2129
2234 2 2 0 1 1405 630 2129
2235 2 2 0 1 2340 502 2626
2236 2 2 0 1 1663 916 2178
2237 2 2 0 1 1879 912 1931
2238 2 2 0 1 799 1378 2241
2239 2 2 0 1 602 1382 1770
2240 2 2 0 1 1383 603 1771
2241 2 2 0 1 1388 454 2658
2242 2 2 0 1 1382 739 1770
2243 2 2 0 1 740 1383 1771
2244 2 2 0 1 2049 1275 3182
2245 2 2 0 1 1276 2050 3183
2246 2 2 0 1 622 1296 2516
2247 2 2 0 1 1852 790 2174
2248 2 2 0 1 1007 2155 2551
2249 2 2 0 1 1493 1047 2708
2250 2 2 0 1 382 1493 2708
2251 2 2 0 1 1627 1199 2454
2252 2 2 0 1 1198 1626 2453
2253 2 2 0 1 64 65 1550
2254 2 2 0 1 1765 1839 2892
2255 2 2 0 1 1840 1766 2893
2256 2 2 0 1 721 1394 2963
2257 2 2 0 1 667 1300 1949
2258 2 2 0 1 1301 668 1948
2259 2 2 0 1 1373 831 1810
2260 2 2 0 1 630 1732 2963
2261 2 2 0 1 593 1373 1810
2262 2 2 0 1 1732 1303 2963
2263 2 2 0 1 1286 648 2014
2264 2 2 0 1 649 1287 2015
2265 2 2 0 1 1414 1751 2552
2266 2 2 0 1 400 1598 2067
2267 2 2 0 1 1598 899 2067
2268 2 2 0 1 2360 1019 3108
2269 2 2 0 1 1020 2361 3109
2270 2 2 0 1 472 1394 1867
2271 2 2 0 1 1466 449 3020
2272 2 2 0 1 1387 725 1864
2273 2 2 0 1 1393 690 1824
2274 2 2 0 1 1524 367 2078
2275 2 2 0 1 1886 759 2689
2276 2 2 0 1 517 2244 2483
2277 2 2 0 1 2245 518 2484
2278 2 2 0 1 624 1345 2891
2279 2 2 0 1 1544 463 2428
2280 2 2 0 1 77 78 1569
2281 2 2 0 1 25 26 1570
2282 2 2 0 1 2115 1161 2563
2283 2 2 0 1 1609 815 1768
2284 2 2 0 1 529 1609 1768
2285 2 2 0 1 1363 713 1869
2286 2 2 0 1 1341 485 2841
2287 2 2 0 1 2609 1591 2662
2288 2 2 0 1 1442 620 1920
2289 2 2 0 1 621 1443 1921
2290 2 2 0 1 214 1843 3002
2291 2 2 0 1 1842 115 3003
2292 2 2 0 1 2087 809 2695
2293 2 2 0 1 648 1286 2033
2294 2 2 0 1 1287 649 2034
2295 2 2 0 1 1752 776 1931
2296 2 2 0 1 912 1752 1931
2297 2 2 0 1 2242 515 2481
2298 2 2 0 1 516 2243 2482
2299 2 2 0 1 745 2137 2489
2300 2 2 0 1 2138 746 2490
2301 2 2 0 1 30 31 1523
2302 2 2 0 1 1507 659 2641
2303 2 2 0 1 1359 491 2458
2304 2 2 0 1 893 1359 2458
2305 2 2 0 1 1279 793 3050
2306 2 2 0 1 794 1280 3051
2307 2 2 0 1 1833 1041 2510
2308 2 2 0 1 586 1273 2232
2309 2 2 0 1 720 1278 2076
2310 2 2 0 1 773 1703 1878
2311 2 2 0 1 1461 618 2424
2312 2 2 0 1 619 1462 2425
2313 2 2 0 1 1378 715 2341
2314 2 2 0 1 1374 723 2734
2315 2 2 0 1 789 2056 2471
2316 2 2 0 1 1310 726 2682
2317 2 2 0 1 947 1835 2467
2318 2 2 0 1 567 1283 2080
2319 2 2 0 1 695 2564 2863
2320 2 2 0 1 2595 1071 2702
2321 2 2 0 1 830 1680 2024
2322 2 2 0 1 447 1402 2069
2323 2 2 0 1 1680 914 2024
2324 2 2 0 1 1445 488 2410
2325 2 2 0 1 489 1446 2411
2326 2 2 0 1 1932 419 1958
2327 2 2 0 1 432 1346 2125
2328 2 2 0 1 1347 433 2126
2329 2 2 0 1 975 1932 1958
2330 2 2 0 1 883 2226 2528
2331 2 2 0 1 2225 882 2527
2332 2 2 0 1 1547 934 2795
2333 2 2 0 1 1288 854 2560
2334 2 2 0 1 392 1744 2769
2335 2 2 0 1 1745 393 2770
2336 2 2 0 1 460 2368 2402
2337 2 2 0 1 566 2881 2936
2338 2 2 0 1 620 1442 1708
2339 2 2 0 1 1443 621 1709
2340 2 2 0 1 604 1388 2678
2341 2 2 0 1 1517 2418 2901
2342 2 2 0 1 1364 1013 2968
2343 2 2 0 1 1014 1365 2969
2344 2 2 0 1 1412 967 2851
2345 2 2 0 1 968 1413 2852
2346 2 2 0 1 1500 1036 2679
2347 2 2 0 1 549 1500 2679
2348 2 2 0 1 537 1838 2338
2349 2 2 0 1 143 144 1627
2350 2 2 0 1 185 186 1626
2351 2 2 0 1 1307 594 2889
2352 2 2 0 1 595 1308 2888
2353 2 2 0 1 958 1403 2832
2354 2 2 0 1 1404 959 2833
2355 2 2 0 1 820 1606 1622
2356 2 2 0 1 1651 496 1905
2357 2 2 0 1 1859 1080 2957
2358 2 2 0 1 1081 1860 2958
2359 2 2 0 1 859 1651 1905
2360 2 2 0 1 793 1279 2166
2361 2 2 0 1 1280 794 2167
2362 2 2 0 1 634 1360 2938
2363 2 2 0 1 1361 633 2939
2364 2 2 0 1 1289 492 2110
2365 2 2 0 1 493 1290 2111
2366 2 2 0 1 622 1816 2860
2367 2 2 0 1 1283 567 3029
2368 2 2 0 1 1321 1707 2363
2369 2 2 0 1 432 1456 2083
2370 2 2 0 1 1457 433 2084
2371 2 2 0 1 502 1305 2626
2372 2 2 0 1 1286 749 2569
2373 2 2 0 1 750 1287 2570
2374 2 2 0 1 1346 610 2584
2375 2 2 0 1 611 1347 2585
2376 2 2 0 1 1651 859 2098
2377 2 2 0 1 1351 434 2121
2378 2 2 0 1 435 1352 2122
2379 2 2 0 1 954 1329 2749
2380 2 2 0 1 1549 839 2183
2381 2 2 0 1 1329 631 2749
2382 2 2 0 1 647 1293 2098
2383 2 2 0 1 1711 442 2009
2384 2 2 0 1 443 1712 2010
2385 2 2 0 1 1791 1009 2472
2386 2 2 0 1 2005 988 3081
2387 2 2 0 1 1349 797 2107
2388 2 2 0 1 2801 396 3158
2389 2 2 0 1 397 2802 3159
2390 2 2 0 1 2073 1165 2505
2391 2 2 0 1 551 1333 2778
2392 2 2 0 1 396 2036 3158
2393 2 2 0 1 2037 397 3159
2394 2 2 0 1 376 1463 1879
2395 2 2 0 1 1314 1169 2675
2396 2 2 0 1 2435 1040 3007
2397 2 2 0 1 2215 995 2267
2398 2 2 0 1 1578 566 2936
2399 2 2 0 1 1335 1786 2985
2400 2 2 0 1 1785 1334 2984
2401 2 2 0 1 1786 709 2985
2402 2 2 0 1 708 1785 2984
2403 2 2 0 1 1461 434 2094
2404 2 2 0 1 435 1462 2095
2405 2 2 0 1 1392 813 2748
2406 2 2 0 1 384 1486 1989
2407 2 2 0 1 1293 422 2369
2408 2 2 0 1 1486 821 1989
2409 2 2 0 1 1351 737 2621
2410 2 2 0 1 738 1352 2622
2411 2 2 0 1 1319 578 2699
2412 2 2 0 1 579 1320 2700
2413 2 2 0 1 726 1632 1697
2414 2 2 0 1 409 1926 3155
2415 2 2 0 1 1350 841 2362
2416 2 2 0 1 473 1574 2531
2417 2 2 0 1 508 1591 2609
2418 2 2 0 1 2216 879 2517
2419 2 2 0 1 706 1380 1980
2420 2 2 0 1 1381 707 1981
2421 2 2 0 1 51 1405 2187
2422 2 2 0 1 1374 1902 2693
2423 2 2 0 1 1297 1883 2476
2424 2 2 0 1 1348 892 1915
2425 2 2 0 1 600 1338 1922
2426 2 2 0 1 842 1292 2284
2427 2 2 0 1 1806 408 2048
2428 2 2 0 1 176 1952 2197
2429 2 2 0 1 1953 153 2198
2430 2 2 0 1 1519 839 1726
2431 2 2 0 1 776 1389 1828
2432 2 2 0 1 470 1519 1726
2433 2 2 0 1 1663 631 2868
2434 2 2 0 1 1623 381 2398
2435 2 2 0 1 1395 689 3097
2436 2 2 0 1 1672 717 2790
2437 2 2 0 1 124 125 1551
2438 2 2 0 1 204 205 1552
2439 2 2 0 1 2283 575 2996
2440 2 2 0 1 669 1591 1933
2441 2 2 0 1 1503 504 1997
2442 2 2 0 1 505 1504 1998
2443 2 2 0 1 1887 786 2850
2444 2 2 0 1 596 1401 2843
2445 2 2 0 1 1296 622 2860
2446 2 2 0 1 464 1499 2446
2447 2 2 0 1 1635 548 1885
2448 2 2 0 1 1375 1779 3198
2449 2 2 0 1 1536 722 2727
2450 2 2 0 1 434 1461 2447
2451 2 2 0 1 1462 435 2448
2452 2 2 0 1 702 1344 2287
2453 2 2 0 1 1161 1305 2563
2454 2 2 0 1 1466 1274 2273
2455 2 2 0 1 548 1635 2436
2456 2 2 0 1 1635 1016 2436
2457 2 2 0 1 717 2601 2790
2458 2 2 0 1 1449 412 2261
2459 2 2 0 1 413 1450 2262
2460 2 2 0 1 909 1495 1968
2461 2 2 0 1 688 1474 2115
2462 2 2 0 1 411 1815 2564
2463 2 2 0 1 1298 735 2347
2464 2 2 0 1 1779 741 3198
2465 2 2 0 1 1815 1170 2564
2466 2 2 0 1 683 1501 2944
2467 2 2 0 1 1478 497 2093
2468 2 2 0 1 2496 696 2866
2469 2 2 0 1 697 2497 2867
2470 2 2 0 1 795 1330 1970
2471 2 2 0 1 1331 796 1971
2472 2 2 0 1 1320 198 2254
2473 2 2 0 1 131 1319 2253
2474 2 2 0 1 1322 2030 3156
2475 2 2 0 1 1346 733 2125
2476 2 2 0 1 734 1347 2126
2477 2 2 0 1 666 1520 2422
2478 2 2 0 1 897 2290 2378
2479 2 2 0 1 728 1906 2435
2480 2 2 0 1 1906 1167 2435
2481 2 2 0 1 1802 704 2263
2482 2 2 0 1 705 1803 2264
2483 2 2 0 1 824 1602 2551
2484 2 2 0 1 2118 402 2442
2485 2 2 0 1 1363 44 1901
2486 2 2 0 1 788 1897 2077
2487 2 2 0 1 1426 901 1967
2488 2 2 0 1 458 1498 2952
2489 2 2 0 1 1829 632 2539
2490 2 2 0 1 156 157 1674
2491 2 2 0 1 172 173 1673
2492 2 2 0 1 1390 683 2807
2493 2 2 0 1 985 1390 2807
2494 2 2 0 1 1618 373 2137
2495 2 2 0 1 374 1619 2138
2496 2 2 0 1 1269 1743 2507
2497 2 2 0 1 1041 1648 2510
2498 2 2 0 1 1549 2183 2730
2499 2 2 0 1 228 1477 2520
2500 2 2 0 1 1476 101 2519
2501 2 2 0 1 1793 727 2936
2502 2 2 0 1 1353 648 1909
2503 2 2 0 1 649 1354 1910
2504 2 2 0 1 2086 742 2168
2505 2 2 0 1 1306 751 2954
2506 2 2 0 1 685 1584 1801
2507 2 2 0 1 1584 798 1801
2508 2 2 0 1 1303 477 2101
2509 2 2 0 1 1358 1770 2951
2510 2 2 0 1 1771 1359 2950
2511 2 2 0 1 174 1371 2592
2512 2 2 0 1 1372 155 2593
2513 2 2 0 1 501 1387 1864
2514 2 2 0 1 2056 404 2691
2515 2 2 0 1 1401 991 2843
2516 2 2 0 1 554 2073 2505
2517 2 2 0 1 760 1363 1901
2518 2 2 0 1 1452 1008 2786
2519 2 2 0 1 471 1452 2786
2520 2 2 0 1 382 1337 2719
2521 2 2 0 1 1890 1117 2573
2522 2 2 0 1 558 1914 2736
2523 2 2 0 1 1913 557 2735
2524 2 2 0 1 737 1351 2121
2525 2 2 0 1 1352 738 2122
2526 2 2 0 1 675 1491 2904
2527 2 2 0 1 1492 676 2905
2528 2 2 0 1 662 1440 2632
2529 2 2 0 1 743 1414 1959
2530 2 2 0 1 2236 1160 3136
2531 2 2 0 1 1515 609 3091
2532 2 2 0 1 608 1514 3090
2533 2 2 0 1 1436 1314 2675
2534 2 2 0 1 1017 1312 2812
2535 2 2 0 1 549 2191 2249
2536 2 2 0 1 773 1547 2795
2537 2 2 0 1 1711 2009 2857
2538 2 2 0 1 2010 1712 2858
2539 2 2 0 1 1606 712 1622
2540 2 2 0 1 494 1344 2315
2541 2 2 0 1 1394 721 1867
2542 2 2 0 1 1892 555 2687
2543 2 2 0 1 513 1585 2116
2544 2 2 0 1 1586 514 2117
2545 2 2 0 1 1676 1083 1717
2546 2 2 0 1 1585 888 2116
2547 2 2 0 1 889 1586 2117
2548 2 2 0 1 395 1584 2120
2549 2 2 0 1 1474 1517 2624
2550 2 2 0 1 1322 479 2030
2551 2 2 0 1 1581 958 2509
2552 2 2 0 1 959 1582 2508
2553 2 2 0 1 1377 70 2838
2554 2 2 0 1 927 1867 2582
2555 2 2 0 1 1949 423 2968
2556 2 2 0 1 424 1948 2969
2557 2 2 0 1 1452 1069 2388
2558 2 2 0 1 1489 675 2879
2559 2 2 0 1 676 1490 2880
2560 2 2 0 1 1482 453 1811
2561 2 2 0 1 704 1421 1831
2562 2 2 0 1 1422 705 1832
2563 2 2 0 1 1012 1763 2190
2564 2 2 0 1 739 1382 2170
2565 2 2 0 1 1383 740 2171
2566 2 2 0 1 1513 731 1934
2567 2 2 0 1 986 1507 2641
2568 2 2 0 1 1353 396 2801
2569 2 2 0 1 397 1354 2802
2570 2 2 0 1 1657 714 2577
2571 2 2 0 1 1305 591 3073
2572 2 2 0 1 934 2460 2795
2573 2 2 0 1 899 1598 2057
2574 2 2 0 1 1936 664 2502
2575 2 2 0 1 1362 1227 3125
2576 2 2 0 1 681 1694 2553
2577 2 2 0 1 1695 682 2554
2578 2 2 0 1 2337 1337 3134
2579 2 2 0 1 1411 787 3139
2580 2 2 0 1 1018 1383 2953
2581 2 2 0 1 1441 430 2047
2582 2 2 0 1 96 1476 2522
2583 2 2 0 1 1477 7 2523
2584 2 2 0 1 995 1502 2640
2585 2 2 0 1 1502 402 2640
2586 2 2 0 1 967 1588 2575
2587 2 2 0 1 1589 968 2576
2588 2 2 0 1 1322 862 2591
2589 2 2 0 1 1316 604 2212
2590 2 2 0 1 805 1316 2212
2591 2 2 0 1 864 1927 2245
2592 2 2 0 1 1928 863 2244
2593 2 2 0 1 1927 1091 2245
2594 2 2 0 1 1090 1928 2244
2595 2 2 0 1 1327 681 2399
2596 2 2 0 1 682 1328 2400
2597 2 2 0 1 1669 810 3048
2598 2 2 0 1 632 1829 3127
2599 2 2 0 1 1402 447 2103
2600 2 2 0 1 1497 927 2352
2601 2 2 0 1 663 1497 2352
2602 2 2 0 1 806 1402 2103
2603 2 2 0 1 629 1323 2633
2604 2 2 0 1 1399 749 2822
2605 2 2 0 1 750 1400 2823
2606 2 2 0 1 1642 401 2068
2607 2 2 0 1 900 1642 2068
2608 2 2 0 1 1329 1590 2868
2609 2 2 0 1 422 1317 2079
2610 2 2 0 1 659 1441 2153
2611 2 2 0 1 950 1304 2256
2612 2 2 0 1 603 1332 2642
2613 2 2 0 1 521 1800 2336
2614 2 2 0 1 2162 1064 2364
2615 2 2 0 1 1065 2161 2365
2616 2 2 0 1 550 1376 2927
2617 2 2 0 1 963 1572 2724
2618 2 2 0 1 706 1746 2063
2619 2 2 0 1 1747 707 2064
2620 2 2 0 1 807 1325 2219
2621 2 2 0 1 1326 808 2220
2622 2 2 0 1 1692 679 2360
2623 2 2 0 1 680 1693 2361
2624 2 2 0 1 1494 1823 2740
2625 2 2 0 1 1939 778 2029
2626 2 2 0 1 987 1939 2029
2627 2 2 0 1 916 1854 2061
2628 2 2 0 1 496 1651 1670
2629 2 2 0 1 1651 791 1670
2630 2 2 0 1 1897 970 2077
2631 2 2 0 1 1100 1307 2286
2632 2 2 0 1 1308 1101 2285
2633 2 2 0 1 1843 1221 3002
2634 2 2 0 1 1220 1842 3003
2635 2 2 0 1 1577 525 2062
2636 2 2 0 1 865 1577 2062
2637 2 2 0 1 731 1379 2932
2638 2 2 0 1 1309 1687 2697
2639 2 2 0 1 156 1674 2593
2640 2 2 0 1 1673 173 2592
2641 2 2 0 1 1840 697 3152
2642 2 2 0 1 696 1839 3153
2643 2 2 0 1 1382 448 2170
2644 2 2 0 1 1510 691 3193
2645 2 2 0 1 1407 1995 2729
2646 2 2 0 1 2219 1325 2680
2647 2 2 0 1 1326 2220 2681
2648 2 2 0 1 711 1448 2031
2649 2 2 0 1 1317 627 3132
2650 2 2 0 1 1319 131 2766
2651 2 2 0 1 198 1320 2765
2652 2 2 0 1 605 2219 2680
2653 2 2 0 1 2220 606 2681
2654 2 2 0 1 521 1315 3186
2655 2 2 0 1 1885 984 2601
2656 2 2 0 1 209 1545 3079
2657 2 2 0 1 1546 120 3080
2658 2 2 0 1 761 1361 2655
2659 2 2 0 1 1360 762 2654
2660 2 2 0 1 1037 1630 2525
2661 2 2 0 1 1630 666 2525
2662 2 2 0 1 1454 885 1940
2663 2 2 0 1 1375 674 1954
2664 2 2 0 1 1827 1700 2967
2665 2 2 0 1 1370 876 2588
2666 2 2 0 1 875 1369 2587
2667 2 2 0 1 725 1392 1907
2668 2 2 0 1 1731 801 1813
2669 2 2 0 1 1310 819 2894
2670 2 2 0 1 679 1342 2420
2671 2 2 0 1 1343 680 2421
2672 2 2 0 1 928 1456 2469
2673 2 2 0 1 1457 929 2470
2674 2 2 0 1 1829 924 1955
2675 2 2 0 1 1086 1738 2604
2676 2 2 0 1 402 2211 2442
2677 2 2 0 1 462 1829 1955
2678 2 2 0 1 1456 616 2469
2679 2 2 0 1 617 1457 2470
2680 2 2 0 1 1171 1716 2170
2681 2 2 0 1 1715 1172 2171
2682 2 2 0 1 1396 1144 2995
2683 2 2 0 1 2290 897 2506
2684 2 2 0 1 1699 1846 2962
2685 2 2 0 1 1394 472 2524
2686 2 2 0 1 1387 774 1935
2687 2 2 0 1 609 1515 2885
2688 2 2 0 1 1514 608 2884
2689 2 2 0 1 57 58 2521
2690 2 2 0 1 1721 976 2426
2691 2 2 0 1 977 1722 2427
2692 2 2 0 1 438 1350 2362
2693 2 2 0 1 1642 900 2032
2694 2 2 0 1 1607 732 2673
2695 2 2 0 1 1950 1088 2242
2696 2 2 0 1 1089 1951 2243
2697 2 2 0 1 860 1950 2242
2698 2 2 0 1 1951 861 2243
2699 2 2 0 1 1072 1607 2673
2700 2 2 0 1 602 1358 2787
2701 2 2 0 1 839 1549 1718
2702 2 2 0 1 1497 472 1867
2703 2 2 0 1 1502 995 2215
2704 2 2 0 1 790 1324 2135
2705 2 2 0 1 710 1397 3004
2706 2 2 0 1 479 1322 2591
2707 2 2 0 1 2029 1701 2461
2708 2 2 0 1 802 1548 1903
2709 2 2 0 1 1548 407 1903
2710 2 2 0 1 1324 479 2135
2711 2 2 0 1 1549 571 1718
2712 2 2 0 1 642 1336 2092
2713 2 2 0 1 714 1775 2577
2714 2 2 0 1 1312 547 2354
2715 2 2 0 1 1136 2226 2413
2716 2 2 0 1 2225 1135 2412
2717 2 2 0 1 2216 1130 2401
2718 2 2 0 1 491 1359 2007
2719 2 2 0 1 716 1604 1671
2720 2 2 0 1 1605 717 1672
2721 2 2 0 1 450 1908 1963
2722 2 2 0 1 2727 722 3025
2723 2 2 0 1 1313 836 2583
2724 2 2 0 1 919 1319 2766
2725 2 2 0 1 1320 920 2765
2726 2 2 0 1 1318 702 2457
2727 2 2 0 1 1896 658 2452
2728 2 2 0 1 1315 601 2276
2729 2 2 0 1 1038 2150 2471
2730 2 2 0 1 782 2616 3035
2731 2 2 0 1 2108 1000 2469
2732 2 2 0 1 1001 2109 2470
2733 2 2 0 1 2119 524 3048
2734 2 2 0 1 1336 642 2393
2735 2 2 0 1 1793 1142 3060
2736 2 2 0 1 1056 2086 2168
2737 2 2 0 1 2533 1523 2847
2738 2 2 0 1 1067 1761 3017
2739 2 2 0 1 1577 742 2617
2740 2 2 0 1 1315 521 3067
2741 2 2 0 1 483 1529 1974
2742 2 2 0 1 2978 1053 3014
2743 2 2 0 1 1054 2979 3013
2744 2 2 0 1 1377 811 2235
2745 2 2 0 1 2160 1260 3142
2746 2 2 0 1 755 1723 2485
2747 2 2 0 1 899 1585 2011
2748 2 2 0 1 1586 900 2012
2749 2 2 0 1 1612 744 1930
2750 2 2 0 1 498 1483 2443
2751 2 2 0 1 1585 513 2011
2752 2 2 0 1 514 1586 2012
2753 2 2 0 1 1579 840 2021
2754 2 2 0 1 1597 983 2493
2755 2 2 0 1 1189 2645 3011
2756 2 2 0 1 2053 644 2929
2757 2 2 0 1 643 2054 2928
2758 2 2 0 1 1114 1545 1895
2759 2 2 0 1 1546 1115 1894
2760 2 2 0 1 1472 1831 2176
2761 2 2 0 1 1832 1473 2177
2762 2 2 0 1 870 1332 2665
2763 2 2 0 1 160 161 1610
2764 2 2 0 1 168 169 1611
2765 2 2 0 1 214 215 1843
2766 2 2 0 1 114 115 1842
2767 2 2 0 1 1324 580 2714
2768 2 2 0 1 3017 1761 3115
2769 2 2 0 1 486 1530 1983
2770 2 2 0 1 1531 487 1984
2771 2 2 0 1 616 1456 2618
2772 2 2 0 1 1457 617 2619
2773 2 2 0 1 995 1432 2004
2774 2 2 0 1 756 1729 2440
2775 2 2 0 1 1730 757 2441
2776 2 2 0 1 1529 879 1753
2777 2 2 0 1 1370 2053 2929
2778 2 2 0 1 2054 1369 2928
2779 2 2 0 1 652 1529 1753
2780 2 2 0 1 1719 784 2081
2781 2 2 0 1 768 1327 2399
2782 2 2 0 1 1328 769 2400
2783 2 2 0 1 1350 438 2650
2784 2 2 0 1 1662 781 1682
2785 2 2 0 1 789 1662 1682
2786 2 2 0 1 1403 466 1941
2787 2 2 0 1 467 1404 1942
2788 2 2 0 1 2222 785 2849
2789 2 2 0 1 786 2221 2850
2790 2 2 0 1 1752 912 1904
2791 2 2 0 1 1935 473 2531
2792 2 2 0 1 1477 937 2520
2793 2 2 0 1 936 1476 2519
2794 2 2 0 1 1076 2089 2801
2795 2 2 0 1 2090 1077 2802
2796 2 2 0 1 1656 1060 2687
2797 2 2 0 1 2428 463 2872
2798 2 2 0 1 654 1450 2051
2799 2 2 0 1 1449 653 2052
2800 2 2 0 1 1615 365 2840
2801 2 2 0 1 1782 444 2310
2802 2 2 0 1 480 1579 2021
2803 2 2 0 1 430 1420 2900
2804 2 2 0 1 638 1436 2675
2805 2 2 0 1 470 1890 2573
2806 2 2 0 1 417 1684 2567
2807 2 2 0 1 1683 418 2566
2808 2 2 0 1 1514 1109 3090
2809 2 2 0 1 1110 1515 3091
2810 2 2 0 1 1386 985 2807
2811 2 2 0 1 983 1597 2507
2812 2 2 0 1 82 1818 3071
2813 2 2 0 1 1817 21 3072
2814 2 2 0 1 486 1541 1943
2815 2 2 0 1 1542 487 1944
2816 2 2 0 1 1541 803 1943
2817 2 2 0 1 804 1542 1944
2818 2 2 0 1 1369 875 2503
2819 2 2 0 1 876 1370 2504
2820 2 2 0 1 423 1369 2503
2821 2 2 0 1 1370 424 2504
2822 2 2 0 1 802 1333 2422
2823 2 2 0 1 468 1412 1937
2824 2 2 0 1 1413 469 1938
2825 2 2 0 1 916 1663 1854
2826 2 2 0 1 1663 461 1854
2827 2 2 0 1 1420 996 2900
2828 2 2 0 1 751 1482 1811
2829 2 2 0 1 522 1406 1957
2830 2 2 0 1 733 1346 2584
2831 2 2 0 1 1347 734 2585
2832 2 2 0 1 1538 1308 2285
2833 2 2 0 1 1307 1537 2286
2834 2 2 0 1 1634 799 1791
2835 2 2 0 1 484 1634 1791
2836 2 2 0 1 955 2533 2847
2837 2 2 0 1 474 1367 2058
2838 2 2 0 1 1368 475 2059
2839 2 2 0 1 1261 1705 2313
2840 2 2 0 1 1454 754 2003
2841 2 2 0 1 1947 736 2914
2842 2 2 0 1 1357 1947 2914
2843 2 2 0 1 1815 755 2485
2844 2 2 0 1 1888 1306 2974
2845 2 2 0 1 370 1597 2493
2846 2 2 0 1 912 1879 2663
2847 2 2 0 1 1879 1216 2663
2848 2 2 0 1 1290 1840 3152
2849 2 2 0 1 1839 1289 3153
2850 2 2 0 1 779 1336 2393
2851 2 2 0 1 1349 2107 3018
2852 2 2 0 1 1414 543 1959
2853 2 2 0 1 892 1825 1915
2854 2 2 0 1 1825 377 1915
2855 2 2 0 1 395 2086 2192
2856 2 2 0 1 1476 936 2522
2857 2 2 0 1 937 1477 2523
2858 2 2 0 1 732 1607 1963
2859 2 2 0 1 963 1781 2661
2860 2 2 0 1 373 1424 3088
2861 2 2 0 1 1425 374 3089
2862 2 2 0 1 1342 771 2420
2863 2 2 0 1 772 1343 2421
2864 2 2 0 1 1493 659 2153
2865 2 2 0 1 1406 522 2150
2866 2 2 0 1 809 1406 2150
2867 2 2 0 1 1417 777 2402
2868 2 2 0 1 613 1351 2621
2869 2 2 0 1 1352 614 2622
2870 2 2 0 1 2326 1132 2426
2871 2 2 0 1 1133 2327 2427
2872 2 2 0 1 42 43 1869
2873 2 2 0 1 1415 428 3030
2874 2 2 0 1 429 1416 3031
2875 2 2 0 1 2055 1185 2349
2876 2 2 0 1 571 2055 2349
2877 2 2 0 1 1137 2328 2416
2878 2 2 0 1 2329 1138 2417
2879 2 2 0 1 92 93 2328
2880 2 2 0 1 10 11 2329
2881 2 2 0 1 68 1804 2468
2882 2 2 0 1 497 1841 2731
2883 2 2 0 1 1536 406 1858
2884 2 2 0 1 2724 1572 2996
2885 2 2 0 1 383 1888 2974
2886 2 2 0 1 1518 945 1956
2887 2 2 0 1 2351 910 2389
2888 2 2 0 1 788 1501 1897
2889 2 2 0 1 1501 444 1897
2890 2 2 0 1 1507 986 1990
2891 2 2 0 1 1349 686 2536
2892 2 2 0 1 1418 3037 3171
2893 2 2 0 1 3038 1419 3172
2894 2 2 0 1 1848 773 2795
2895 2 2 0 1 1844 756 2440
2896 2 2 0 1 757 1845 2441
2897 2 2 0 1 896 1754 2657
2898 2 2 0 1 1711 745 1713
2899 2 2 0 1 746 1712 1714
2900 2 2 0 1 3037 428 3171
2901 2 2 0 1 429 3038 3172
2902 2 2 0 1 850 1711 1713
2903 2 2 0 1 1712 851 1714
2904 2 2 0 1 1063 2501 2719
2905 2 2 0 1 954 1623 2398
2906 2 2 0 1 2181 1159 3126
2907 2 2 0 1 499 1401 2000
2908 2 2 0 1 685 1482 2480
2909 2 2 0 1 364 1613 1946
2910 2 2 0 1 77 1569 3094
2911 2 2 0 1 1570 26 3095
2912 2 2 0 1 1613 834 1946
2913 2 2 0 1 1406 809 2976
2914 2 2 0 1 1311 1687 2188
2915 2 2 0 1 364 1566 2919
2916 2 2 0 1 1359 603 2642
2917 2 2 0 1 1902 970 2693
2918 2 2 0 1 1597 655 2507
2919 2 2 0 1 2017 842 2702
2920 2 2 0 1 756 1665 2930
2921 2 2 0 1 1666 757 2931
2922 2 2 0 1 1423 622 2516
2923 2 2 0 1 1665 1178 2930
2924 2 2 0 1 1179 1666 2931
2925 2 2 0 1 1484 685 2480
2926 2 2 0 1 1332 2007 2642
2927 2 2 0 1 1380 706 2063
2928 2 2 0 1 707 1381 2064
2929 2 2 0 1 620 1437 1920
2930 2 2 0 1 1438 621 1921
2931 2 2 0 1 2078 367 2271
2932 2 2 0 1 1658 1064 2735
2933 2 2 0 1 1065 1659 2736
2934 2 2 0 1 2263 515 3146
2935 2 2 0 1 516 2264 3147
2936 2 2 0 1 363 1374 2734
2937 2 2 0 1 1145 1431 3129
2938 2 2 0 1 633 1409 2978
2939 2 2 0 1 1410 634 2979
2940 2 2 0 1 1409 464 2980
2941 2 2 0 1 1448 538 2031
2942 2 2 0 1 1580 519 1977
2943 2 2 0 1 1113 1978 2917
2944 2 2 0 1 825 1580 1977
2945 2 2 0 1 2179 1006 2865
2946 2 2 0 1 1005 2180 2864
2947 2 2 0 1 1384 605 2065
2948 2 2 0 1 606 1385 2066
2949 2 2 0 1 797 1349 2677
2950 2 2 0 1 842 2278 2702
2951 2 2 0 1 1545 1114 3079
2952 2 2 0 1 1115 1546 3080
2953 2 2 0 1 100 1476 1965
2954 2 2 0 1 1477 229 1966
2955 2 2 0 1 892 1348 2356
2956 2 2 0 1 1476 97 1965
2957 2 2 0 1 6 1477 1966
2958 2 2 0 1 497 1478 2330
2959 2 2 0 1 82 83 1818
2960 2 2 0 1 20 21 1817
2961 2 2 0 1 68 69 1804
2962 2 2 0 1 536 1795 2339
2963 2 2 0 1 501 1475 2378
2964 2 2 0 1 1475 897 2378
2965 2 2 0 1 859 1706 2098
2966 2 2 0 1 1421 871 2391
2967 2 2 0 1 872 1422 2392
2968 2 2 0 1 836 1350 2650
2969 2 2 0 1 632 2337 3134
2970 2 2 0 1 758 1436 2718
2971 2 2 0 1 1893 736 2694
2972 2 2 0 1 1651 2098 2887
2973 2 2 0 1 2295 678 3120
2974 2 2 0 1 226 1492 1866
2975 2 2 0 1 1491 103 1865
2976 2 2 0 1 702 2287 2457
2977 2 2 0 1 94 1489 1855
2978 2 2 0 1 1490 9 1856
2979 2 2 0 1 773 1878 1908
2980 2 2 0 1 987 2029 2042
2981 2 2 0 1 1775 1465 2623
2982 2 2 0 1 723 1374 2693
2983 2 2 0 1 2107 437 3018
2984 2 2 0 1 555 1656 2687
2985 2 2 0 1 2804 1103 3015
2986 2 2 0 1 1033 1514 2884
2987 2 2 0 1 1515 1034 2885
2988 2 2 0 1 1453 481 2158
2989 2 2 0 1 1550 65 3006
2990 2 2 0 1 910 1440 2114
2991 2 2 0 1 1430 1967 3118
2992 2 2 0 1 1967 419 3118
2993 2 2 0 1 1436 758 2580
2994 2 2 0 1 2202 880 2203
2995 2 2 0 1 1791 799 2333
2996 2 2 0 1 1009 1791 2333
2997 2 2 0 1 2062 1063 2719
2998 2 2 0 1 1547 450 2371
2999 2 2 0 1 934 1547 2371
3000 2 2 0 1 457 1614 3106
3001 2 2 0 1 888 1585 2453
3002 2 2 0 1 1586 889 2454
3003 2 2 0 1 1562 846 2097
3004 2 2 0 1 523 1562 2097
3005 2 2 0 1 670 1664 2139
3006 2 2 0 1 1664 908 2139
3007 2 2 0 1 70 1377 2235
3008 2 2 0 1 485 1755 2841
3009 2 2 0 1 1127 1810 2218
3010 2 2 0 1 1249 1587 2873
3011 2 2 0 1 1863 785 2222
3012 2 2 0 1 786 1862 2221
3013 2 2 0 1 377 1464 1915
3014 2 2 0 1 1866 1492 2905
3015 2 2 0 1 1491 1865 2904
3016 2 2 0 1 1403 958 2829
3017 2 2 0 1 959 1404 2828
3018 2 2 0 1 610 1403 2829
3019 2 2 0 1 1404 611 2828
3020 2 2 0 1 969 1926 2439
3021 2 2 0 1 815 1593 2134
3022 2 2 0 1 447 1389 2103
3023 2 2 0 1 946 1816 2386
3024 2 2 0 1 1380 917 2514
3025 2 2 0 1 918 1381 2515
3026 2 2 0 1 691 1676 1717
3027 2 2 0 1 2086 1056 2192
3028 2 2 0 1 656 1411 3139
3029 2 2 0 1 28 29 1731
3030 2 2 0 1 815 1609 2370
3031 2 2 0 1 1367 474 2561
3032 2 2 0 1 475 1368 2562
3033 2 2 0 1 1376 853 2148
3034 2 2 0 1 1691 732 1963
3035 2 2 0 1 1500 549 2249
3036 2 2 0 1 104 105 2326
3037 2 2 0 1 224 225 2327
3038 2 2 0 1 1459 644 2053
3039 2 2 0 1 643 1458 2054
3040 2 2 0 1 1634 484 2423
3041 2 2 0 1 1902 498 2077
3042 2 2 0 1 970 1902 2077
3043 2 2 0 1 1591 508 2574
3044 2 2 0 1 989 1591 2574
3045 2 2 0 1 1364 592 2274
3046 2 2 0 1 593 1365 2275
3047 2 2 0 1 1402 717 2069
3048 2 2 0 1 1371 175 2197
3049 2 2 0 1 154 1372 2198
3050 2 2 0 1 55 56 1769
3051 2 2 0 1 2202 1182 2466
3052 2 2 0 1 2029 552 2042
3053 2 2 0 1 509 1721 2426
3054 2 2 0 1 1722 510 2427
3055 2 2 0 1 1186 1737 2863
3056 2 2 0 1 1855 1489 2879
3057 2 2 0 1 1490 1856 2880
3058 2 2 0 1 1100 2928 2999
3059 2 2 0 1 2929 1101 3000
3060 2 2 0 1 1522 528 2195
3061 2 2 0 1 856 1522 2195
3062 2 2 0 1 681 1415 2399
3063 2 2 0 1 1416 682 2400
3064 2 2 0 1 1682 471 1738
3065 2 2 0 1 642 1396 2393
3066 2 2 0 1 686 1557 2313
3067 2 2 0 1 1557 911 2313
3068 2 2 0 1 1405 51 2760
3069 2 2 0 1 1432 539 2004
3070 2 2 0 1 767 1668 2120
3071 2 2 0 1 1428 529 3013
3072 2 2 0 1 528 1429 3014
3073 2 2 0 1 592 1364 2713
3074 2 2 0 1 1594 755 2920
3075 2 2 0 1 1365 593 2739
3076 2 2 0 1 1736 1539 3198
3077 2 2 0 1 829 1367 2561
3078 2 2 0 1 1368 828 2562
3079 2 2 0 1 886 1442 3148
3080 2 2 0 1 1443 887 3149
3081 2 2 0 1 522 1957 2320
3082 2 2 0 1 879 2216 2401
3083 2 2 0 1 684 1447 1987
3084 2 2 0 1 8 1490 2523
3085 2 2 0 1 1489 95 2522
3086 2 2 0 1 600 1371 2544
3087 2 2 0 1 1372 601 2545
3088 2 2 0 1 2226 883 2413
3089 2 2 0 1 882 2225 2412
3090 2 2 0 1 1418 679 2420
3091 2 2 0 1 680 1419 2421
3092 2 2 0 1 1444 1049 1992
3093 2 2 0 1 480 1587 2350
3094 2 2 0 1 1466 1018 2953
3095 2 2 0 1 557 1658 2735
3096 2 2 0 1 1659 558 2736
3097 2 2 0 1 1165 3004 3096
3098 2 2 0 1 206 207 1725
3099 2 2 0 1 122 123 1724
3100 2 2 0 1 484 1677 2423
3101 2 2 0 1 449 1466 2953
3102 2 2 0 1 1841 723 2771
3103 2 2 0 1 1603 1236 2805
3104 2 2 0 1 2039 1426 2970
3105 2 2 0 1 639 2039 2970
3106 2 2 0 1 1717 1011 3045
3107 2 2 0 1 455 1599 2930
3108 2 2 0 1 1600 456 2931
3109 2 2 0 1 553 1417 2906
3110 2 2 0 1 2187 835 2715
3111 2 2 0 1 1486 781 2320
3112 2 2 0 1 27 28 1813
3113 2 2 0 1 75 76 1814
3114 2 2 0 1 1118 1569 1875
3115 2 2 0 1 1570 1119 1874
3116 2 2 0 1 1878 881 1908
3117 2 2 0 1 1782 2310 2771
3118 2 2 0 1 1059 2238 3123
3119 2 2 0 1 1667 799 2241
3120 2 2 0 1 1417 979 2906
3121 2 2 0 1 1674 993 2593
3122 2 2 0 1 992 1673 2592
3123 2 2 0 1 1669 535 1849
3124 2 2 0 1 1412 613 2854
3125 2 2 0 1 614 1413 2855
3126 2 2 0 1 810 1669 1849
3127 2 2 0 1 967 1412 2854
3128 2 2 0 1 1413 968 2855
3129 2 2 0 1 463 1544 2277
3130 2 2 0 1 1952 939 2197
3131 2 2 0 1 940 1953 2198
3132 2 2 0 1 178 179 1689
3133 2 2 0 1 150 151 1690
3134 2 2 0 1 730 1673 2476
3135 2 2 0 1 1673 992 2476
3136 2 2 0 1 1459 761 2655
3137 2 2 0 1 762 1458 2654
3138 2 2 0 1 871 1421 2483
3139 2 2 0 1 1422 872 2484
3140 2 2 0 1 1531 654 2051
3141 2 2 0 1 653 1530 2052
3142 2 2 0 1 1421 517 2483
3143 2 2 0 1 518 1422 2484
3144 2 2 0 1 401 1373 3192
3145 2 2 0 1 789 1682 1738
3146 2 2 0 1 2708 1047 3194
3147 2 2 0 1 1569 1118 3094
3148 2 2 0 1 1119 1570 3095
3149 2 2 0 1 811 1377 2252
3150 2 2 0 1 2498 998 3099
3151 2 2 0 1 1908 881 1963
3152 2 2 0 1 1049 1444 3127
3153 2 2 0 1 936 1489 2522
3154 2 2 0 1 1490 937 2523
3155 2 2 0 1 942 1932 2547
3156 2 2 0 1 1741 816 2680
3157 2 2 0 1 817 1742 2681
3158 2 2 0 1 1520 2027 2422
3159 2 2 0 1 2134 1593 2827
3160 2 2 0 1 1786 1335 2448
3161 2 2 0 1 1334 1785 2447
3162 2 2 0 1 476 2017 2227
3163 2 2 0 1 2017 1071 2227
3164 2 2 0 1 1553 793 2166
3165 2 2 0 1 794 1554 2167
3166 2 2 0 1 507 1573 2028
3167 2 2 0 1 1573 831 2028
3168 2 2 0 1 1818 1211 3071
3169 2 2 0 1 1212 1817 3072
3170 2 2 0 1 607 1390 3041
3171 2 2 0 1 1388 604 2268
3172 2 2 0 1 814 1388 2268
3173 2 2 0 1 1891 718 2892
3174 2 2 0 1 1413 1938 2852
3175 2 2 0 1 1937 1412 2851
3176 2 2 0 1 998 1946 3099
3177 2 2 0 1 1607 450 1963
3178 2 2 0 1 1102 1550 3006
3179 2 2 0 1 1716 1171 2911
3180 2 2 0 1 1172 1715 2912
3181 2 2 0 1 568 1716 2911
3182 2 2 0 1 1715 569 2912
3183 2 2 0 1 383 1454 2003
3184 2 2 0 1 814 1820 3029
3185 2 2 0 1 1820 1283 3029
3186 2 2 0 1 1547 773 1908
3187 2 2 0 1 1878 1703 3114
3188 2 2 0 1 1989 1052 2720
3189 2 2 0 1 74 75 1924
3190 2 2 0 1 1407 658 2357
3191 2 2 0 1 2276 798 2465
3192 2 2 0 1 841 1407 2357
3193 2 2 0 1 1315 2276 2465
3194 2 2 0 1 476 1455 2005
3195 2 2 0 1 460 1617 3096
3196 2 2 0 1 627 1433 2046
3197 2 2 0 1 819 1395 3097
3198 2 2 0 1 1092 1848 2505
3199 2 2 0 1 1848 554 2505
3200 2 2 0 1 1795 661 2082
3201 2 2 0 1 925 1795 2082
3202 2 2 0 1 464 2446 2980
3203 2 2 0 1 896 1433 3019
3204 2 2 0 1 1978 1113 3039
3205 2 2 0 1 1460 987 2042
3206 2 2 0 1 1595 140 2784
3207 2 2 0 1 189 1596 2783
3208 2 2 0 1 1737 695 2863
3209 2 2 0 1 1491 936 2519
3210 2 2 0 1 937 1492 2520
3211 2 2 0 1 2093 497 2331
3212 2 2 0 1 725 1387 2531
3213 2 2 0 1 1391 885 2648
3214 2 2 0 1 102 1491 2519
3215 2 2 0 1 1492 227 2520
3216 2 2 0 1 1048 1663 2868
3217 2 2 0 1 1849 944 2186
3218 2 2 0 1 816 1741 2193
3219 2 2 0 1 1742 817 2194
3220 2 2 0 1 365 1395 2620
3221 2 2 0 1 1246 1891 2892
3222 2 2 0 1 735 1441 2047
3223 2 2 0 1 1432 783 2652
3224 2 2 0 1 1744 708 2984
3225 2 2 0 1 709 1745 2985
3226 2 2 0 1 1405 835 2187
3227 2 2 0 1 2805 1236 3179
3228 2 2 0 1 2137 373 3088
3229 2 2 0 1 374 2138 3089
3230 2 2 0 1 1992 609 2885
3231 2 2 0 1 1468 1973 2743
3232 2 2 0 1 2063 1746 2769
3233 2 2 0 1 1747 2064 2770
3234 2 2 0 1 1524 1312 2354
3235 2 2 0 1 1403 1941 2832
3236 2 2 0 1 1942 1404 2833
3237 2 2 0 1 1569 763 1875
3238 2 2 0 1 764 1570 1874
3239 2 2 0 1 1686 1177 2158
3240 2 2 0 1 60 1392 2748
3241 2 2 0 1 487 1644 1944
3242 2 2 0 1 1643 486 1943
3243 2 2 0 1 995 2004 2267
3244 2 2 0 1 1644 961 1944
3245 2 2 0 1 960 1643 1943
3246 2 2 0 1 880 2202 2466
3247 2 2 0 1 1272 1556 2923
3248 2 2 0 1 1555 1271 2922
3249 2 2 0 1 394 1836 2148
3250 2 2 0 1 1408 729 2188
3251 2 2 0 1 1066 1543 2972
3252 2 2 0 1 1543 635 2972
3253 2 2 0 1 1558 1291 2698
3254 2 2 0 1 1737 447 2069
3255 2 2 0 1 1277 1995 2768
3256 2 2 0 1 1995 581 2768
3257 2 2 0 1 222 223 1798
3258 2 2 0 1 106 107 1797
3259 2 2 0 1 765 1546 1894
3260 2 2 0 1 1545 766 1895
3261 2 2 0 1 2547 1932 3135
3262 2 2 0 1 2616 1237 3035
3263 2 2 0 1 783 1432 2118
3264 2 2 0 1 1814 1118 2105
3265 2 2 0 1 1119 1813 2104
3266 2 2 0 1 800 1814 2105
3267 2 2 0 1 1813 801 2104
3268 2 2 0 1 2371 1357 2477
3269 2 2 0 1 1506 474 2058
3270 2 2 0 1 475 1505 2059
3271 2 2 0 1 934 2371 2477
3272 2 2 0 1 955 1633 1923
3273 2 2 0 1 1633 483 1923
3274 2 2 0 1 1648 1180 2510
3275 2 2 0 1 969 1792 2145
3276 2 2 0 1 1478 701 2330
3277 2 2 0 1 1955 924 1960
3278 2 2 0 1 780 1955 1960
3279 2 2 0 1 914 1680 2147
3280 2 2 0 1 2328 973 2416
3281 2 2 0 1 974 2329 2417
3282 2 2 0 1 976 2326 2426
3283 2 2 0 1 2327 977 2427
3284 2 2 0 1 1282 1992 2885
3285 2 2 0 1 460 1397 2368
3286 2 2 0 1 1781 963 2250
3287 2 2 0 1 748 1781 2250
3288 2 2 0 1 30 1523 2533
3289 2 2 0 1 1458 762 2054
3290 2 2 0 1 761 1459 2053
3291 2 2 0 1 1029 1538 2947
3292 2 2 0 1 1537 1028 2948
3293 2 2 0 1 812 1420 2196
3294 2 2 0 1 742 1577 1880
3295 2 2 0 1 717 1402 2601
3296 2 2 0 1 782 1648 1961
3297 2 2 0 1 551 1982 2627
3298 2 2 0 1 450 1547 1908
3299 2 2 0 1 2045 834 2234
3300 2 2 0 1 1051 1601 2201
3301 2 2 0 1 1075 2045 2234
3302 2 2 0 1 1403 610 2599
3303 2 2 0 1 611 1404 2600
3304 2 2 0 1 538 2215 2267
3305 2 2 0 1 90 91 1776
3306 2 2 0 1 12 13 1777
3307 2 2 0 1 1421 704 2199
3308 2 2 0 1 705 1422 2200
3309 2 2 0 1 988 1455 2921
3310 2 2 0 1 1455 615 2921
3311 2 2 0 1 1819 441 3133
3312 2 2 0 1 1850 1509 2673
3313 2 2 0 1 775 1592 2061
3314 2 2 0 1 1804 988 2468
3315 2 2 0 1 2063 1078 2982
3316 2 2 0 1 1079 2064 2983
3317 2 2 0 1 1871 981 2784
3318 2 2 0 1 982 1870 2783
3319 2 2 0 1 1515 148 2763
3320 2 2 0 1 181 1514 2762
3321 2 2 0 1 1037 2525 2627
3322 2 2 0 1 1036 2088 2840
3323 2 2 0 1 1526 648 2033
3324 2 2 0 1 649 1527 2034
3325 2 2 0 1 901 1406 2321
3326 2 2 0 1 832 1526 2033
3327 2 2 0 1 1527 833 2034
3328 2 2 0 1 466 1403 2987
3329 2 2 0 1 1404 467 2988
3330 2 2 0 1 1036 2840 2973
3331 2 2 0 1 1456 928 2083
3332 2 2 0 1 929 1457 2084
3333 2 2 0 1 1282 1819 3133
3334 2 2 0 1 1139 2541 2692
3335 2 2 0 1 1868 1126 2787
3336 2 2 0 1 522 1662 2471
3337 2 2 0 1 485 1494 2074
3338 2 2 0 1 1677 484 1962
3339 2 2 0 1 752 1784 2269
3340 2 2 0 1 1783 753 2270
3341 2 2 0 1 1784 966 2269
3342 2 2 0 1 965 1783 2270
3343 2 2 0 1 788 1521 1985
3344 2 2 0 1 904 1909 2403
3345 2 2 0 1 1910 905 2404
3346 2 2 0 1 2190 895 2764
3347 2 2 0 1 1521 664 1985
3348 2 2 0 1 1069 1452 3021
3349 2 2 0 1 980 1647 1994
3350 2 2 0 1 932 1461 2094
3351 2 2 0 1 1462 933 2095
3352 2 2 0 1 622 1423 2720
3353 2 2 0 1 613 1412 2614
3354 2 2 0 1 1413 614 2615
3355 2 2 0 1 744 1760 1922
3356 2 2 0 1 834 1613 2234
3357 2 2 0 1 791 1853 3126
3358 2 2 0 1 508 1812 2839
3359 2 2 0 1 1556 636 3141
3360 2 2 0 1 637 1555 3140
3361 2 2 0 1 37 1572 2661
3362 2 2 0 1 816 2065 2680
3363 2 2 0 1 2066 817 2681
3364 2 2 0 1 50 51 2187
3365 2 2 0 1 503 1426 2834
3366 2 2 0 1 1021 1861 2378
3367 2 2 0 1 450 1607 1947
3368 2 2 0 1 543 1414 2552
3369 2 2 0 1 124 1551 2492
3370 2 2 0 1 1552 205 2491
3371 2 2 0 1 1441 735 2153
3372 2 2 0 1 1444 441 2475
3373 2 2 0 1 158 159 2456
3374 2 2 0 1 170 171 2455
3375 2 2 0 1 1054 2224 2725
3376 2 2 0 1 2492 1551 2826
3377 2 2 0 1 1552 2491 2825
3378 2 2 0 1 1428 634 2756
3379 2 2 0 1 633 1429 2757
3380 2 2 0 1 1496 656 3139
3381 2 2 0 1 679 1418 2360
3382 2 2 0 1 1419 680 2361
3383 2 2 0 1 1440 370 2163
3384 2 2 0 1 1415 681 2553
3385 2 2 0 1 682 1416 2554
3386 2 2 0 1 1652 398 1859
3387 2 2 0 1 399 1653 1860
3388 2 2 0 1 795 1652 1859
3389 2 2 0 1 1653 796 1860
3390 2 2 0 1 534 1525 2325
3391 2 2 0 1 58 59 2043
3392 2 2 0 1 574 1696 2782
3393 2 2 0 1 1743 983 2507
3394 2 2 0 1 2377 1362 2486
3395 2 2 0 1 890 2377 2486
3396 2 2 0 1 1592 915 2366
3397 2 2 0 1 540 1592 2366
3398 2 2 0 1 1424 1096 2960
3399 2 2 0 1 1097 1425 2961
3400 2 2 0 1 978 1789 1790
3401 2 2 0 1 783 1470 2652
3402 2 2 0 1 1789 728 1790
3403 2 2 0 1 1835 938 2586
3404 2 2 0 1 494 1606 2013
3405 2 2 0 1 1996 894 2092
3406 2 2 0 1 781 1486 2300
3407 2 2 0 1 1606 820 2013
3408 2 2 0 1 643 1537 2948
3409 2 2 0 1 1538 644 2947
3410 2 2 0 1 1883 1104 1884
3411 2 2 0 1 730 1883 1884
3412 2 2 0 1 1469 67 2468
3413 2 2 0 1 2219 605 2230
3414 2 2 0 1 606 2220 2231
3415 2 2 0 1 1155 2219 2230
3416 2 2 0 1 2220 1156 2231
3417 2 2 0 1 908 1954 2149
3418 2 2 0 1 1483 597 2348
3419 2 2 0 1 858 1483 2348
3420 2 2 0 1 633 1562 2939
3421 2 2 0 1 1563 634 2938
3422 2 2 0 1 1521 788 2077
3423 2 2 0 1 677 1528 2106
3424 2 2 0 1 656 1496 2542
3425 2 2 0 1 1698 371 3007
3426 2 2 0 1 1807 520 2335
3427 2 2 0 1 1030 1807 2335
3428 2 2 0 1 2018 2815 3146
3429 2 2 0 1 2816 2019 3147
3430 2 2 0 1 2820 2025 3143
3431 2 2 0 1 2026 2821 3144
3432 2 2 0 1 225 226 1866
3433 2 2 0 1 103 104 1865
3434 2 2 0 1 1548 802 2044
3435 2 2 0 1 758 1453 2158
3436 2 2 0 1 663 1548 2044
3437 2 2 0 1 1439 1191 3201
3438 2 2 0 1 384 1460 3012
3439 2 2 0 1 942 1430 3118
3440 2 2 0 1 391 1667 2529
3441 2 2 0 1 1427 895 2605
3442 2 2 0 1 72 73 1793
3443 2 2 0 1 1809 661 2648
3444 2 2 0 1 1494 657 2543
3445 2 2 0 1 759 1423 2516
3446 2 2 0 1 1048 1590 2429
3447 2 2 0 1 1479 943 2662
3448 2 2 0 1 140 141 2784
3449 2 2 0 1 188 189 2783
3450 2 2 0 1 669 1479 2662
3451 2 2 0 1 1580 825 2173
3452 2 2 0 1 1497 663 2044
3453 2 2 0 1 1684 417 2781
3454 2 2 0 1 418 1683 2780
3455 2 2 0 1 1123 1434 2831
3456 2 2 0 1 1780 1299 2076
3457 2 2 0 1 802 2027 2044
3458 2 2 0 1 1039 1620 2779
3459 2 2 0 1 1620 597 2779
3460 2 2 0 1 597 1483 2486
3461 2 2 0 1 1483 890 2486
3462 2 2 0 1 1705 686 2313
3463 2 2 0 1 973 1721 2416
3464 2 2 0 1 1722 974 2417
3465 2 2 0 1 492 1442 2384
3466 2 2 0 1 1443 493 2385
3467 2 2 0 1 1000 2108 2721
3468 2 2 0 1 2109 1001 2722
3469 2 2 0 1 616 2108 2469
3470 2 2 0 1 2109 617 2470
3471 2 2 0 1 724 1478 2093
3472 2 2 0 1 1721 509 2416
3473 2 2 0 1 510 1722 2417
3474 2 2 0 1 726 1697 2862
3475 2 2 0 1 1697 1117 2862
3476 2 2 0 1 1591 989 1933
3477 2 2 0 1 75 1814 1924
3478 2 2 0 1 2287 1116 2457
3479 2 2 0 1 2147 1236 2518
3480 2 2 0 1 496 2147 2518
3481 2 2 0 1 1022 2310 2711
3482 2 2 0 1 1926 969 2145
3483 2 2 0 1 635 1926 2145
3484 2 2 0 1 776 1828 2080
3485 2 2 0 1 1751 777 3010
3486 2 2 0 1 538 1448 2215
3487 2 2 0 1 813 2043 2748
3488 2 2 0 1 1042 1618 2358
3489 2 2 0 1 1619 1043 2359
3490 2 2 0 1 1598 400 2830
3491 2 2 0 1 1520 472 2027
3492 2 2 0 1 2803 1103 2804
3493 2 2 0 1 1450 1290 3152
3494 2 2 0 1 1289 1449 3153
3495 2 2 0 1 1752 1904 3178
3496 2 2 0 1 93 94 1855
3497 2 2 0 1 9 10 1856
3498 2 2 0 1 655 1597 2351
3499 2 2 0 1 1597 910 2351
3500 2 2 0 1 1503 1997 3168
3501 2 2 0 1 1998 1504 3169
3502 2 2 0 1 1270 1812 2609
3503 2 2 0 1 873 1472 2176
3504 2 2 0 1 1473 874 2177
3505 2 2 0 1 1460 759 2977
3506 2 2 0 1 987 1460 2977
3507 2 2 0 1 677 1435 2804
3508 2 2 0 1 1467 389 2149
3509 2 2 0 1 1767 711 2031
3510 2 2 0 1 1838 922 2338
3511 2 2 0 1 2145 1341 2972
3512 2 2 0 1 1181 2178 2546
3513 2 2 0 1 719 1466 3020
3514 2 2 0 1 1494 779 2074
3515 2 2 0 1 754 1454 2917
3516 2 2 0 1 1440 2163 2632
3517 2 2 0 1 975 2087 2383
3518 2 2 0 1 2560 410 3160
3519 2 2 0 1 2004 891 2267
3520 2 2 0 1 1926 635 2334
3521 2 2 0 1 1032 1926 2334
3522 2 2 0 1 539 1432 2652
3523 2 2 0 1 1458 643 2948
3524 2 2 0 1 644 1459 2947
3525 2 2 0 1 1719 2081 2493
3526 2 2 0 1 1764 368 2343
3527 2 2 0 1 823 2206 2239
3528 2 2 0 1 2275 878 3192
3529 2 2 0 1 1586 2454 3100
3530 2 2 0 1 2165 826 2381
3531 2 2 0 1 1437 620 2297
3532 2 2 0 1 621 1438 2298
3533 2 2 0 1 1719 553 2355
3534 2 2 0 1 1031 1800 2924
3535 2 2 0 1 1431 378 2856
3536 2 2 0 1 2120 1584 2897
3537 2 2 0 1 925 1451 2701
3538 2 2 0 1 1303 2101 2811
3539 2 2 0 1 923 2382 3032
3540 2 2 0 1 1004 1615 2840
3541 2 2 0 1 515 1472 2481
3542 2 2 0 1 1473 516 2482
3543 2 2 0 1 1472 873 2481
3544 2 2 0 1 874 1473 2482
3545 2 2 0 1 956 1683 2566
3546 2 2 0 1 1684 957 2567
3547 2 2 0 1 1596 189 2302
3548 2 2 0 1 140 1595 2301
3549 2 2 0 1 1075 1654 2045
3550 2 2 0 1 1654 589 2045
3551 2 2 0 1 1625 1014 1948
3552 2 2 0 1 1013 1624 1949
3553 2 2 0 1 1432 995 2640
3554 2 2 0 1 668 1625 1948
3555 2 2 0 1 1624 667 1949
3556 2 2 0 1 2057 1598 2861
3557 2 2 0 1 1467 674 2174
3558 2 2 0 1 787 1571 2070
3559 2 2 0 1 640 1464 2660
3560 2 2 0 1 1724 803 1872
3561 2 2 0 1 804 1725 1873
3562 2 2 0 1 122 1724 1872
3563 2 2 0 1 1725 207 1873
3564 2 2 0 1 582 1474 2624
3565 2 2 0 1 1483 858 2443
3566 2 2 0 1 781 1662 2320
3567 2 2 0 1 2273 1274 2785
3568 2 2 0 1 635 2145 2972
3569 2 2 0 1 664 1641 1985
3570 2 2 0 1 1436 638 2718
3571 2 2 0 1 1641 1200 1985
3572 2 2 0 1 1687 459 2188
3573 2 2 0 1 2613 846 2757
3574 2 2 0 1 1906 1093 2845
3575 2 2 0 1 70 71 2838
3576 2 2 0 1 2453 1585 3131
3577 2 2 0 1 2564 1170 2863
3578 2 2 0 1 1508 1073 2232
3579 2 2 0 1 1696 1050 2782
3580 2 2 0 1 1433 380 3019
3581 2 2 0 1 657 1533 2543
3582 2 2 0 1 1429 2613 2757
3583 2 2 0 1 747 1836 1837
3584 2 2 0 1 1836 997 1837
3585 2 2 0 1 1979 1195 2610
3586 2 2 0 1 1434 583 2438
3587 2 2 0 1 777 1617 2402
3588 2 2 0 1 607 1439 2698
3589 2 2 0 1 370 1440 2696
3590 2 2 0 1 407 1701 2846
3591 2 2 0 1 860 1480 2408
3592 2 2 0 1 1481 861 2409
3593 2 2 0 1 1480 559 2408
3594 2 2 0 1 560 1481 2409
3595 2 2 0 1 574 2782 3162
3596 2 2 0 1 2040 1391 2959
3597 2 2 0 1 1313 1799 2494
3598 2 2 0 1 1144 1755 2074
3599 2 2 0 1 1440 910 2696
3600 2 2 0 1 385 1556 2945
3601 2 2 0 1 1555 386 2946
3602 2 2 0 1 498 1521 2077
3603 2 2 0 1 1556 1029 2945
3604 2 2 0 1 1028 1555 2946
3605 2 2 0 1 1530 882 2052
3606 2 2 0 1 883 1531 2051
3607 2 2 0 1 494 2013 2287
3608 2 2 0 1 2123 923 3032
3609 2 2 0 1 1952 1030 2335
3610 2 2 0 1 1031 1953 2336
3611 2 2 0 1 939 1952 2335
3612 2 2 0 1 1953 940 2336
3613 2 2 0 1 784 1522 2081
3614 2 2 0 1 1660 822 2282
3615 2 2 0 1 823 1661 2281
3616 2 2 0 1 903 1660 2282
3617 2 2 0 1 1661 902 2281
3618 2 2 0 1 1445 651 2372
3619 2 2 0 1 652 1446 2373
3620 2 2 0 1 431 1436 2580
3621 2 2 0 1 1453 758 2316
3622 2 2 0 1 1543 1215 2334
3623 2 2 0 1 1640 782 3035
3624 2 2 0 1 415 1707 2260
3625 2 2 0 1 1148 1830 2288
3626 2 2 0 1 1656 1130 2216
3627 2 2 0 1 206 1725 2491
3628 2 2 0 1 1724 123 2492
3629 2 2 0 1 718 1524 2078
3630 2 2 0 1 1679 1307 2889
3631 2 2 0 1 1308 1678 2888
3632 2 2 0 1 1019 1694 3108
3633 2 2 0 1 1695 1020 3109
3634 2 2 0 1 1658 1135 2225
3635 2 2 0 1 1136 1659 2226
3636 2 2 0 1 1171 2496 2866
3637 2 2 0 1 2497 1172 2867
3638 2 2 0 1 1716 739 2170
3639 2 2 0 1 740 1715 2171
3640 2 2 0 1 499 1484 3174
3641 2 2 0 1 561 1487 2414
3642 2 2 0 1 1488 562 2415
3643 2 2 0 1 1923 483 2612
3644 2 2 0 1 1487 863 2414
3645 2 2 0 1 864 1488 2415
3646 2 2 0 1 1442 492 3148
3647 2 2 0 1 493 1443 3149
3648 2 2 0 1 1479 40 2791
3649 2 2 0 1 143 1627 2550
3650 2 2 0 1 1626 186 2549
3651 2 2 0 1 1018 1466 2273
3652 2 2 0 1 441 1444 3133
3653 2 2 0 1 436 1990 2169
3654 2 2 0 1 1990 986 2169
3655 2 2 0 1 445 1780 2076
3656 2 2 0 1 1464 640 2848
3657 2 2 0 1 524 1563 2864
3658 2 2 0 1 1562 523 2865
3659 2 2 0 1 2246 850 2297
3660 2 2 0 1 851 2247 2298
3661 2 2 0 1 1563 1005 2864
3662 2 2 0 1 1006 1562 2865
3663 2 2 0 1 229 230 1966
3664 2 2 0 1 99 100 1965
3665 2 2 0 1 1642 2032 2746
3666 2 2 0 1 436 2169 2379
3667 2 2 0 1 2169 1180 2379
3668 2 2 0 1 1008 1452 2388
3669 2 2 0 1 376 1931 3075
3670 2 2 0 1 886 1765 2078
3671 2 2 0 1 1765 718 2078
3672 2 2 0 1 801 1535 2104
3673 2 2 0 1 1534 800 2105
3674 2 2 0 1 2178 916 2546
3675 2 2 0 1 1535 542 2104
3676 2 2 0 1 541 1534 2105
3677 2 2 0 1 536 1824 2487
3678 2 2 0 1 1824 1010 2487
3679 2 2 0 1 1851 743 1959
3680 2 2 0 1 145 146 1862
3681 2 2 0 1 183 184 1863
3682 2 2 0 1 710 2073 2986
3683 2 2 0 1 2206 1082 2239
3684 2 2 0 1 1122 2967 3024
3685 2 2 0 1 2188 459 3039
3686 2 2 0 1 1795 925 2339
3687 2 2 0 1 615 1469 2921
3688 2 2 0 1 1114 1873 3079
3689 2 2 0 1 1872 1115 3080
3690 2 2 0 1 1641 1254 2209
3691 2 2 0 1 97 98 1965
3692 2 2 0 1 5 6 1966
3693 2 2 0 1 2221 147 2606
3694 2 2 0 1 182 2222 2607
3695 2 2 0 1 481 1686 2158
3696 2 2 0 1 1945 1298 2390
3697 2 2 0 1 2129 630 2963
3698 2 2 0 1 1394 2129 2963
3699 2 2 0 1 793 1553 3158
3700 2 2 0 1 1554 794 3159
3701 2 2 0 1 482 1929 2611
3702 2 2 0 1 1553 1076 3158
3703 2 2 0 1 1077 1554 3159
3704 2 2 0 1 121 122 1872
3705 2 2 0 1 207 208 1873
3706 2 2 0 1 39 1479 2204
3707 2 2 0 1 1528 784 2106
3708 2 2 0 1 4 165 2557
3709 2 2 0 1 164 4 2557
3710 2 2 0 1 175 176 2197
3711 2 2 0 1 153 154 2198
3712 2 2 0 1 16 17 1951
3713 2 2 0 1 86 87 1950
3714 2 2 0 1 704 1472 2263
3715 2 2 0 1 1473 705 2264
3716 2 2 0 1 2874 420 3008
3717 2 2 0 1 2041 431 2580
3718 2 2 0 1 1738 1250 2604
3719 2 2 0 1 1177 2041 2580
3720 2 2 0 1 1648 478 1961
3721 2 2 0 1 1618 1042 2877
3722 2 2 0 1 1043 1619 2878
3723 2 2 0 1 1909 904 2478
3724 2 2 0 1 905 1910 2479
3725 2 2 0 1 373 1618 2877
3726 2 2 0 1 1619 374 2878
3727 2 2 0 1 1256 1608 2438
3728 2 2 0 1 1504 808 3191
3729 2 2 0 1 470 1726 3074
3730 2 2 0 1 1463 639 3016
3731 2 2 0 1 2712 1338 2890
3732 2 2 0 1 921 1561 2669
3733 2 2 0 1 1496 380 2183
3734 2 2 0 1 1568 217 2717
3735 2 2 0 1 112 1567 2716
3736 2 2 0 1 1841 497 2330
3737 2 2 0 1 1562 1006 2939
3738 2 2 0 1 1005 1563 2938
3739 2 2 0 1 1534 844 2611
3740 2 2 0 1 845 1535 2612
3741 2 2 0 1 792 1718 2628
3742 2 2 0 1 615 1455 2565
3743 2 2 0 1 1903 1147 2778
3744 2 2 0 1 40 41 2791
3745 2 2 0 1 1548 663 2240
3746 2 2 0 1 1811 922 2954
3747 2 2 0 1 1323 1579 2633
3748 2 2 0 1 855 2294 2684
3749 2 2 0 1 787 1496 3139
3750 2 2 0 1 897 1710 2506
3751 2 2 0 1 1782 970 1897
3752 2 2 0 1 444 1782 1897
3753 2 2 0 1 64 1550 2100
3754 2 2 0 1 1725 961 2491
3755 2 2 0 1 960 1724 2492
3756 2 2 0 1 701 1498 2935
3757 2 2 0 1 1059 1669 2175
3758 2 2 0 1 442 2246 2822
3759 2 2 0 1 2247 443 2823
3760 2 2 0 1 2246 1399 2822
3761 2 2 0 1 1400 2247 2823
3762 2 2 0 1 44 45 1901
3763 2 2 0 1 1475 501 2775
3764 2 2 0 1 964 1583 2055
3765 2 2 0 1 2183 380 2730
3766 2 2 0 1 1639 1070 3116
3767 2 2 0 1 1055 1524 2354
3768 2 2 0 1 548 2273 2785
3769 2 2 0 1 843 2255 2870
3770 2 2 0 1 887 1709 3064
3771 2 2 0 1 1708 886 3063
3772 2 2 0 1 975 1958 2087
3773 2 2 0 1 402 1502 2211
3774 2 2 0 1 2044 2027 3170
3775 2 2 0 1 2293 1210 3078
3776 2 2 0 1 1734 749 3063
3777 2 2 0 1 750 1735 3064
3778 2 2 0 1 36 37 2661
3779 2 2 0 1 1587 857 2350
3780 2 2 0 1 1884 536 2487
3781 2 2 0 1 881 1691 1963
3782 2 2 0 1 1675 847 2798
3783 2 2 0 1 640 2660 3168
3784 2 2 0 1 477 1532 2203
3785 2 2 0 1 651 1468 2743
3786 2 2 0 1 2660 1503 3168
3787 2 2 0 1 110 111 1928
3788 2 2 0 1 218 219 1927
3789 2 2 0 1 1659 1065 3033
3790 2 2 0 1 1064 1658 3034
3791 2 2 0 1 2372 904 2403
3792 2 2 0 1 905 2373 2404
3793 2 2 0 1 1676 1510 2659
3794 2 2 0 1 843 2102 2255
3795 2 2 0 1 1469 2468 2921
3796 2 2 0 1 2102 1055 2255
3797 2 2 0 1 1857 812 2196
3798 2 2 0 1 1906 437 2107
3799 2 2 0 1 1167 1906 2107
3800 2 2 0 1 544 2141 2311
3801 2 2 0 1 2142 545 2312
3802 2 2 0 1 1559 85 2667
3803 2 2 0 1 18 1560 2666
3804 2 2 0 1 1997 504 2282
3805 2 2 0 1 505 1998 2281
3806 2 2 0 1 1479 669 3124
3807 2 2 0 1 687 1698 2511
3808 2 2 0 1 1584 395 2192
3809 2 2 0 1 1592 540 2061
3810 2 2 0 1 1498 1116 3098
3811 2 2 0 1 1978 754 2917
3812 2 2 0 1 1486 384 2300
3813 2 2 0 1 636 1505 3141
3814 2 2 0 1 1506 637 3140
3815 2 2 0 1 1505 1029 3141
3816 2 2 0 1 1028 1506 3140
3817 2 2 0 1 421 2175 2206
3818 2 2 0 1 2175 1082 2206
3819 2 2 0 1 663 1575 2240
3820 2 2 0 1 535 1889 2020
3821 2 2 0 1 1573 507 2114
3822 2 2 0 1 152 153 1953
3823 2 2 0 1 176 177 1952
3824 2 2 0 1 2339 925 2701
3825 2 2 0 1 1393 2339 2701
3826 2 2 0 1 1685 1139 2692
3827 2 2 0 1 31 32 2248
3828 2 2 0 1 3174 1484 3195
3829 2 2 0 1 1210 1500 3078
3830 2 2 0 1 1060 1656 3062
3831 2 2 0 1 771 2025 2820
3832 2 2 0 1 2026 772 2821
3833 2 2 0 1 472 1497 3170
3834 2 2 0 1 1509 409 3155
3835 2 2 0 1 371 2134 2827
3836 2 2 0 1 108 109 1916
3837 2 2 0 1 220 221 1917
3838 2 2 0 1 1964 589 2136
3839 2 2 0 1 951 1964 2136
3840 2 2 0 1 88 89 1918
3841 2 2 0 1 14 15 1919
3842 2 2 0 1 971 1470 2548
3843 2 2 0 1 142 143 2550
3844 2 2 0 1 186 187 2549
3845 2 2 0 1 1700 465 2967
3846 2 2 0 1 1562 633 2757
3847 2 2 0 1 634 1563 2756
3848 2 2 0 1 836 1485 2583
3849 2 2 0 1 1485 836 2650
3850 2 2 0 1 405 1647 2837
3851 2 2 0 1 1611 169 2732
3852 2 2 0 1 160 1610 2733
3853 2 2 0 1 2018 768 2815
3854 2 2 0 1 769 2019 2816
3855 2 2 0 1 666 2422 2525
3856 2 2 0 1 178 1689 2559
3857 2 2 0 1 1690 151 2558
3858 2 2 0 1 2422 1333 2525
3859 2 2 0 1 1736 741 2085
3860 2 2 0 1 1687 698 2697
3861 2 2 0 1 1167 2767 3047
3862 2 2 0 1 1838 646 2182
3863 2 2 0 1 922 1838 2182
3864 2 2 0 1 1733 946 2387
3865 2 2 0 1 503 1733 2387
3866 2 2 0 1 1544 760 2277
3867 2 2 0 1 38 39 2204
3868 2 2 0 1 2813 470 3074
3869 2 2 0 1 793 1649 3050
3870 2 2 0 1 1650 794 3051
3871 2 2 0 1 2073 710 3004
3872 2 2 0 1 1495 909 3189
3873 2 2 0 1 660 1475 2572
3874 2 2 0 1 1511 898 3122
3875 2 2 0 1 1523 31 2248
3876 2 2 0 1 148 149 2763
3877 2 2 0 1 180 181 2762
3878 2 2 0 1 556 1792 2405
3879 2 2 0 1 125 126 2364
3880 2 2 0 1 203 204 2365
3881 2 2 0 1 1792 969 2405
3882 2 2 0 1 1499 856 2446
3883 2 2 0 1 1753 879 2401
3884 2 2 0 1 1345 2679 2973
3885 2 2 0 1 703 2035 2792
3886 2 2 0 1 1222 2294 2434
3887 2 2 0 1 1809 383 2974
3888 2 2 0 1 2294 855 2434
3889 2 2 0 1 63 64 2100
3890 2 2 0 1 1164 1809 2974
3891 2 2 0 1 1889 1058 2620
3892 2 2 0 1 189 190 2302
3893 2 2 0 1 139 140 2301
3894 2 2 0 1 873 1480 2481
3895 2 2 0 1 1481 874 2482
3896 2 2 0 1 1796 389 2726
3897 2 2 0 1 943 1479 2791
3898 2 2 0 1 1046 3174 3195
3899 2 2 0 1 1886 463 1939
3900 2 2 0 1 1958 419 2976
3901 2 2 0 1 987 1886 1939
3902 2 2 0 1 1482 751 2480
3903 2 2 0 1 1176 2124 2539
3904 2 2 0 1 2124 924 2539
3905 2 2 0 1 1814 800 1924
3906 2 2 0 1 16 1951 2685
3907 2 2 0 1 1950 87 2686
3908 2 2 0 1 146 147 2221
3909 2 2 0 1 182 183 2222
3910 2 2 0 1 1512 591 2308
3911 2 2 0 1 774 1861 2529
3912 2 2 0 1 1861 1021 2529
3913 2 2 0 1 428 1802 3030
3914 2 2 0 1 1803 429 3031
3915 2 2 0 1 62 2256 2997
3916 2 2 0 1 1649 793 2036
3917 2 2 0 1 794 1650 2037
3918 2 2 0 1 1288 2560 3160
3919 2 2 0 1 831 2001 2028
3920 2 2 0 1 2001 921 2028
3921 2 2 0 1 589 1654 2136
3922 2 2 0 1 1174 1892 1900
3923 2 2 0 1 1654 990 2136
3924 2 2 0 1 464 1699 2962
3925 2 2 0 1 1935 774 2241
3926 2 2 0 1 1893 1259 1899
3927 2 2 0 1 1537 643 2286
3928 2 2 0 1 644 1538 2285
3929 2 2 0 1 1132 1692 2426
3930 2 2 0 1 1693 1133 2427
3931 2 2 0 1 453 1482 2728
3932 2 2 0 1 1487 871 2483
3933 2 2 0 1 872 1488 2484
3934 2 2 0 1 1694 1137 2416
3935 2 2 0 1 1138 1695 2417
3936 2 2 0 1 1999 930 2048
3937 2 2 0 1 838 1999 2048
3938 2 2 0 1 1611 2732 3044
3939 2 2 0 1 2733 1610 3045
3940 2 2 0 1 1501 788 2944
3941 2 2 0 1 453 1513 3065
3942 2 2 0 1 1027 2165 2381
3943 2 2 0 1 1781 748 2008
3944 2 2 0 1 922 1513 2338
3945 2 2 0 1 1603 1084 3157
3946 2 2 0 1 425 1603 3157
3947 2 2 0 1 1652 795 2049
3948 2 2 0 1 796 1653 2050
3949 2 2 0 1 1529 483 2517
3950 2 2 0 1 879 1529 2517
3951 2 2 0 1 1075 1495 2874
3952 2 2 0 1 753 1783 2023
3953 2 2 0 1 1784 752 2022
3954 2 2 0 1 1174 1900 2920
3955 2 2 0 1 1728 446 2075
3956 2 2 0 1 812 1857 2209
3957 2 2 0 1 1520 835 2524
3958 2 2 0 1 1036 1500 2910
3959 2 2 0 1 38 2204 2671
3960 2 2 0 1 1667 391 2333
3961 2 2 0 1 1696 1182 2202
3962 2 2 0 1 936 1491 2776
3963 2 2 0 1 1492 937 2777
3964 2 2 0 1 1491 675 2776
3965 2 2 0 1 676 1492 2777
3966 2 2 0 1 2091 1068 2350
3967 2 2 0 1 1489 936 2776
3968 2 2 0 1 937 1490 2777
3969 2 2 0 1 675 1489 2776
3970 2 2 0 1 1490 676 2777
3971 2 2 0 1 1525 534 2434
3972 2 2 0 1 855 1525 2434
3973 2 2 0 1 1516 655 2351
3974 2 2 0 1 1516 994 3046
3975 2 2 0 1 839 1519 2542
3976 2 2 0 1 1796 926 2071
3977 2 2 0 1 389 1796 2071
3978 2 2 0 1 446 1629 2075
3979 2 2 0 1 179 180 2444
3980 2 2 0 1 149 150 2445
3981 2 2 0 1 198 199 2254
3982 2 2 0 1 130 131 2253
3983 2 2 0 1 161 162 2638
3984 2 2 0 1 167 168 2639
3985 2 2 0 1 1892 748 1900
3986 2 2 0 1 1871 142 2550
3987 2 2 0 1 187 1870 2549
3988 2 2 0 1 736 1893 1899
3989 2 2 0 1 856 1499 2632
3990 2 2 0 1 1728 716 2102
3991 2 2 0 1 843 1728 2102
3992 2 2 0 1 1245 1737 2069
3993 2 2 0 1 733 1876 2125
3994 2 2 0 1 1877 734 2126
3995 2 2 0 1 813 1574 2538
3996 2 2 0 1 1514 181 2607
3997 2 2 0 1 148 1515 2606
3998 2 2 0 1 779 1494 2543
3999 2 2 0 1 1900 454 2920
4000 2 2 0 1 898 1768 3111
4001 2 2 0 1 797 1681 2767
4002 2 2 0 1 922 2182 2954
4003 2 2 0 1 687 1580 2173
4004 2 2 0 1 882 1530 2527
4005 2 2 0 1 1531 883 2528
4006 2 2 0 1 1144 2074 2995
4007 2 2 0 1 1530 486 2527
4008 2 2 0 1 487 1531 2528
4009 2 2 0 1 960 2492 2826
4010 2 2 0 1 2491 961 2825
4011 2 2 0 1 1539 1375 3198
4012 2 2 0 1 821 2002 2817
4013 2 2 0 1 671 1523 3062
4014 2 2 0 1 22 1582 3072
4015 2 2 0 1 1581 81 3071
4016 2 2 0 1 1746 873 2176
4017 2 2 0 1 874 1747 2177
4018 2 2 0 1 657 1494 2740
4019 2 2 0 1 1675 810 2186
4020 2 2 0 1 1582 1212 3072
4021 2 2 0 1 1211 1581 3071
4022 2 2 0 1 392 1746 2176
4023 2 2 0 1 1747 393 2177
4024 2 2 0 1 715 1634 2423
4025 2 2 0 1 830 2024 2703
4026 2 2 0 1 1593 815 2319
4027 2 2 0 1 673 1659 3033
4028 2 2 0 1 1658 672 3034
4029 2 2 0 1 1573 662 2218
4030 2 2 0 1 1495 585 2672
4031 2 2 0 1 831 1573 2218
4032 2 2 0 1 2349 1238 2628
4033 2 2 0 1 1517 688 2418
4034 2 2 0 1 811 1804 2235
4035 2 2 0 1 661 1795 2842
4036 2 2 0 1 1795 1104 2842
4037 2 2 0 1 1098 1851 1959
4038 2 2 0 1 921 2390 3026
4039 2 2 0 1 782 1640 2379
4040 2 2 0 1 2886 1243 2971
4041 2 2 0 1 1755 485 2074
4042 2 2 0 1 1499 662 2632
4043 2 2 0 1 1541 848 2311
4044 2 2 0 1 849 1542 2312
4045 2 2 0 1 386 1555 2922
4046 2 2 0 1 1556 385 2923
4047 2 2 0 1 860 1559 2667
4048 2 2 0 1 1560 861 2666
4049 2 2 0 1 1986 540 2366
4050 2 2 0 1 1834 494 2315
4051 2 2 0 1 1881 737 2121
4052 2 2 0 1 738 1882 2122
4053 2 2 0 1 798 1584 2192
4054 2 2 0 1 529 1768 2224
4055 2 2 0 1 1768 898 2224
4056 2 2 0 1 689 1525 2380
4057 2 2 0 1 670 1639 3116
4058 2 2 0 1 943 2609 2662
4059 2 2 0 1 461 1663 2940
4060 2 2 0 1 1663 1048 2940
4061 2 2 0 1 2360 1418 3171
4062 2 2 0 1 1419 2361 3172
4063 2 2 0 1 419 2321 2976
4064 2 2 0 1 807 1503 2660
4065 2 2 0 1 2143 526 2344
4066 2 2 0 1 527 2144 2345
4067 2 2 0 1 1096 2143 2344
4068 2 2 0 1 2144 1097 2345
4069 2 2 0 1 745 1618 2137
4070 2 2 0 1 1619 746 2138
4071 2 2 0 1 1181 1623 2178
4072 2 2 0 1 997 2712 2890
4073 2 2 0 1 2036 396 2207
4074 2 2 0 1 397 2037 2208
4075 2 2 0 1 1883 730 2476
4076 2 2 0 1 408 3010 3203
4077 2 2 0 1 635 1543 2334
4078 2 2 0 1 48 1630 2806
4079 2 2 0 1 1526 488 2403
4080 2 2 0 1 489 1527 2404
4081 2 2 0 1 1831 1421 2391
4082 2 2 0 1 1422 1832 2392
4083 2 2 0 1 1505 636 2590
4084 2 2 0 1 637 1506 2589
4085 2 2 0 1 1513 1934 2338
4086 2 2 0 1 655 1516 2899
4087 2 2 0 1 587 1507 2818
4088 2 2 0 1 1911 1178 1913
4089 2 2 0 1 1179 1912 1914
4090 2 2 0 1 752 1911 1913
4091 2 2 0 1 1912 753 1914
4092 2 2 0 1 1593 584 2824
4093 2 2 0 1 978 1593 2824
4094 2 2 0 1 1518 1157 3202
4095 2 2 0 1 1109 2222 2849
4096 2 2 0 1 2221 1110 2850
4097 2 2 0 1 73 74 2674
4098 2 2 0 1 1575 862 2240
4099 2 2 0 1 1616 477 2203
4100 2 2 0 1 1911 752 2269
4101 2 2 0 1 753 1912 2270
4102 2 2 0 1 63 2100 2256
4103 2 2 0 1 1612 1930 2794
4104 2 2 0 1 1564 196 2324
4105 2 2 0 1 133 1565 2323
4106 2 2 0 1 546 1960 2124
4107 2 2 0 1 1960 924 2124
4108 2 2 0 1 1348 2646 2737
4109 2 2 0 1 1656 671 3062
4110 2 2 0 1 568 1729 2193
4111 2 2 0 1 1730 569 2194
4112 2 2 0 1 2701 1451 3077
4113 2 2 0 1 1509 1072 2673
4114 2 2 0 1 1088 1950 2686
4115 2 2 0 1 1951 1089 2685
4116 2 2 0 1 2468 988 2921
4117 2 2 0 1 624 1808 2190
4118 2 2 0 1 976 1721 2904
4119 2 2 0 1 1722 977 2905
4120 2 2 0 1 1560 18 2797
4121 2 2 0 1 85 1559 2796
4122 2 2 0 1 1808 895 2190
4123 2 2 0 1 1510 1258 2659
4124 2 2 0 1 1046 1888 2003
4125 2 2 0 1 1888 383 2003
4126 2 2 0 1 1567 863 2716
4127 2 2 0 1 864 1568 2717
4128 2 2 0 1 98 99 1965
4129 2 2 0 1 230 5 1966
4130 2 2 0 1 528 1528 3015
4131 2 2 0 1 1511 465 2725
4132 2 2 0 1 1442 1920 2384
4133 2 2 0 1 1921 1443 2385
4134 2 2 0 1 472 1520 2524
4135 2 2 0 1 2239 1082 3048
4136 2 2 0 1 2914 1899 3022
4137 2 2 0 1 1109 1514 2607
4138 2 2 0 1 1515 1110 2606
4139 2 2 0 1 852 1532 2537
4140 2 2 0 1 1514 1033 2762
4141 2 2 0 1 1034 1515 2763
4142 2 2 0 1 1519 656 2542
4143 2 2 0 1 2369 791 2887
4144 2 2 0 1 1968 1495 2672
4145 2 2 0 1 1731 29 2533
4146 2 2 0 1 1454 1940 2917
4147 2 2 0 1 955 1731 2533
4148 2 2 0 1 444 1558 2310
4149 2 2 0 1 1900 748 2250
4150 2 2 0 1 1660 523 2154
4151 2 2 0 1 1513 922 3065
4152 2 2 0 1 1751 1074 2552
4153 2 2 0 1 2073 1196 2986
4154 2 2 0 1 1517 1203 2624
4155 2 2 0 1 1982 551 2747
4156 2 2 0 1 1146 1982 2747
4157 2 2 0 1 1519 470 2573
4158 2 2 0 1 398 1652 2213
4159 2 2 0 1 1653 399 2214
4160 2 2 0 1 1652 848 2213
4161 2 2 0 1 849 1653 2214
4162 2 2 0 1 41 2535 2791
4163 2 2 0 1 674 1539 3049
4164 2 2 0 1 32 33 2217
4165 2 2 0 1 1626 1198 3151
4166 2 2 0 1 1199 1627 3150
4167 2 2 0 1 185 1626 3151
4168 2 2 0 1 1627 144 3150
4169 2 2 0 1 1529 652 2981
4170 2 2 0 1 1668 395 2120
4171 2 2 0 1 741 1779 2123
4172 2 2 0 1 1816 989 2860
4173 2 2 0 1 1628 410 2560
4174 2 2 0 1 2006 431 2041
4175 2 2 0 1 911 2006 2041
4176 2 2 0 1 810 1675 2119
4177 2 2 0 1 1551 125 2364
4178 2 2 0 1 204 1552 2365
4179 2 2 0 1 571 2349 2628
4180 2 2 0 1 1117 1697 2573
4181 2 2 0 1 416 1518 2688
4182 2 2 0 1 945 1518 2678
4183 2 2 0 1 2160 657 2740
4184 2 2 0 1 1260 2160 2740
4185 2 2 0 1 1073 1794 2292
4186 2 2 0 1 1794 512 2292
4187 2 2 0 1 1530 653 2990
4188 2 2 0 1 654 1531 2991
4189 2 2 0 1 1523 671 2847
4190 2 2 0 1 2256 1304 2997
4191 2 2 0 1 920 1564 2324
4192 2 2 0 1 1565 919 2323
4193 2 2 0 1 1306 2182 3175
4194 2 2 0 1 1522 856 3036
4195 2 2 0 1 570 1940 2040
4196 2 2 0 1 1940 885 2040
4197 2 2 0 1 3178 1195 3180
4198 2 2 0 1 2129 1394 2524
4199 2 2 0 1 805 1733 2834
4200 2 2 0 1 713 1544 2428
4201 2 2 0 1 426 1533 2506
4202 2 2 0 1 1661 823 2239
4203 2 2 0 1 1195 1979 3180
4204 2 2 0 1 741 1736 3198
4205 2 2 0 1 2091 563 2396
4206 2 2 0 1 1068 2091 2396
4207 2 2 0 1 1572 37 2671
4208 2 2 0 1 1614 819 3097
4209 2 2 0 1 1085 1767 2031
4210 2 2 0 1 1083 1676 3077
4211 2 2 0 1 1676 427 3077
4212 2 2 0 1 1792 556 2526
4213 2 2 0 1 694 1629 2288
4214 2 2 0 1 387 1641 2209
4215 2 2 0 1 51 52 2760
4216 2 2 0 1 1532 477 2537
4217 2 2 0 1 445 1775 2623
4218 2 2 0 1 1588 1220 3003
4219 2 2 0 1 1221 1589 3002
4220 2 2 0 1 116 1588 3003
4221 2 2 0 1 1589 213 3002
4222 2 2 0 1 819 1614 2894
4223 2 2 0 1 2289 500 2663
4224 2 2 0 1 1623 631 2178
4225 2 2 0 1 1539 425 3157
4226 2 2 0 1 1110 2221 2606
4227 2 2 0 1 2222 1109 2607
4228 2 2 0 1 880 1616 2203
4229 2 2 0 1 217 218 2717
4230 2 2 0 1 111 112 2716
4231 2 2 0 1 2541 947 2692
4232 2 2 0 1 1540 1185 2952
4233 2 2 0 1 924 1829 2539
4234 2 2 0 1 152 1953 2558
4235 2 2 0 1 1952 177 2559
4236 2 2 0 1 931 1961 2871
4237 2 2 0 1 1555 1028 3140
4238 2 2 0 1 1029 1556 3141
4239 2 2 0 1 1567 112 2751
4240 2 2 0 1 217 1568 2750
4241 2 2 0 1 1969 837 2308
4242 2 2 0 1 391 2529 3142
4243 2 2 0 1 688 1740 2418
4244 2 2 0 1 1740 962 2418
4245 2 2 0 1 2271 1734 3063
4246 2 2 0 1 1735 2272 3064
4247 2 2 0 1 2147 1680 3179
4248 2 2 0 1 459 1978 3039
4249 2 2 0 1 1233 1636 2316
4250 2 2 0 1 1988 1386 2807
4251 2 2 0 1 926 2101 2788
4252 2 2 0 1 822 1660 2154
4253 2 2 0 1 2053 1370 2588
4254 2 2 0 1 1369 2054 2587
4255 2 2 0 1 62 63 2256
4256 2 2 0 1 1559 860 2408
4257 2 2 0 1 861 1560 2409
4258 2 2 0 1 830 2703 3156
4259 2 2 0 1 2048 408 3203
4260 2 2 0 1 1117 1536 2862
4261 2 2 0 1 1563 524 2798
4262 2 2 0 1 2087 534 2383
4263 2 2 0 1 1776 91 3068
4264 2 2 0 1 12 1777 3069
4265 2 2 0 1 1756 826 2304
4266 2 2 0 1 1137 1776 3068
4267 2 2 0 1 1777 1138 3069
4268 2 2 0 1 2430 1437 3184
4269 2 2 0 1 1438 2431 3185
4270 2 2 0 1 846 1562 2757
4271 2 2 0 1 1563 847 2756
4272 2 2 0 1 1408 2188 3039
4273 2 2 0 1 1974 1529 2981
4274 2 2 0 1 1683 637 2589
4275 2 2 0 1 636 1684 2590
4276 2 2 0 1 952 1683 2589
4277 2 2 0 1 1684 953 2590
4278 2 2 0 1 863 1567 2414
4279 2 2 0 1 1568 864 2415
4280 2 2 0 1 406 1536 2727
4281 2 2 0 1 1631 701 2935
4282 2 2 0 1 1977 915 1993
4283 2 2 0 1 1124 2594 3115
4284 2 2 0 1 2646 909 2737
4285 2 2 0 1 1621 403 2610
4286 2 2 0 1 1305 1740 2563
4287 2 2 0 1 1805 574 3162
4288 2 2 0 1 427 2701 3077
4289 2 2 0 1 407 1548 3154
4290 2 2 0 1 110 1928 2744
4291 2 2 0 1 1927 219 2745
4292 2 2 0 1 584 1593 2319
4293 2 2 0 1 1852 1084 2805
4294 2 2 0 1 580 1852 2805
4295 2 2 0 1 1972 724 2093
4296 2 2 0 1 1936 930 1999
4297 2 2 0 1 938 1972 2093
4298 2 2 0 1 506 1936 1999
4299 2 2 0 1 684 1987 2870
4300 2 2 0 1 788 1985 2944
4301 2 2 0 1 853 1750 2148
4302 2 2 0 1 1750 394 2148
4303 2 2 0 1 567 1723 3029
4304 2 2 0 1 1983 1530 2990
4305 2 2 0 1 1531 1984 2991
4306 2 2 0 1 1985 1200 2944
4307 2 2 0 1 971 1566 2451
4308 2 2 0 1 2031 538 2761
4309 2 2 0 1 400 2374 2830
4310 2 2 0 1 1647 980 2837
4311 2 2 0 1 1953 1031 2558
4312 2 2 0 1 1030 1952 2559
4313 2 2 0 1 1312 1891 2812
4314 2 2 0 1 2313 911 2597
4315 2 2 0 1 1261 2313 2597
4316 2 2 0 1 2582 1796 2726
4317 2 2 0 1 672 1551 3034
4318 2 2 0 1 1552 673 3033
4319 2 2 0 1 2679 1036 2973
4320 2 2 0 1 46 47 2265
4321 2 2 0 1 131 132 2766
4322 2 2 0 1 197 198 2765
4323 2 2 0 1 2390 1298 3026
4324 2 2 0 1 1198 1863 3151
4325 2 2 0 1 1862 1199 3150
4326 2 2 0 1 2182 646 3175
4327 2 2 0 1 1720 439 2346
4328 2 2 0 1 891 1720 2346
4329 2 2 0 1 1621 827 2249
4330 2 2 0 1 145 1862 3150
4331 2 2 0 1 1863 184 3151
4332 2 2 0 1 1500 2249 3078
4333 2 2 0 1 930 1936 2502
4334 2 2 0 1 2881 1142 2936
4335 2 2 0 1 546 1945 2390
4336 2 2 0 1 406 1675 2186
4337 2 2 0 1 2604 563 2814
4338 2 2 0 1 1012 2190 2764
4339 2 2 0 1 1055 2102 2656
4340 2 2 0 1 121 1872 3080
4341 2 2 0 1 1873 208 3079
4342 2 2 0 1 2567 1155 3042
4343 2 2 0 1 1156 2566 3043
4344 2 2 0 1 1216 2289 2663
4345 2 2 0 1 964 1549 2730
4346 2 2 0 1 1800 700 2924
4347 2 2 0 1 2394 1061 2706
4348 2 2 0 1 1062 2395 2707
4349 2 2 0 1 990 2132 2154
4350 2 2 0 1 2132 822 2154
4351 2 2 0 1 1928 1090 2744
4352 2 2 0 1 1091 1927 2745
4353 2 2 0 1 825 2060 2173
4354 2 2 0 1 826 1756 2381
4355 2 2 0 1 1088 2018 2242
4356 2 2 0 1 2019 1089 2243
4357 2 2 0 1 2018 515 2242
4358 2 2 0 1 516 2019 2243
4359 2 2 0 1 2260 792 2628
4360 2 2 0 1 171 172 2280
4361 2 2 0 1 157 158 2279
4362 2 2 0 1 915 1592 2374
4363 2 2 0 1 1000 1553 2634
4364 2 2 0 1 1554 1001 2635
4365 2 2 0 1 1551 672 2826
4366 2 2 0 1 673 1552 2825
4367 2 2 0 1 1585 899 3131
4368 2 2 0 1 671 1656 2216
4369 2 2 0 1 1889 819 2020
4370 2 2 0 1 691 1717 3045
4371 2 2 0 1 85 86 2667
4372 2 2 0 1 17 18 2666
4373 2 2 0 1 612 1752 3178
4374 2 2 0 1 501 1864 2775
4375 2 2 0 1 962 1576 2902
4376 2 2 0 1 1576 625 2902
4377 2 2 0 1 1553 1000 2721
4378 2 2 0 1 1001 1554 2722
4379 2 2 0 1 900 1586 3100
4380 2 2 0 1 1797 1132 3101
4381 2 2 0 1 1133 1798 3102
4382 2 2 0 1 672 1658 2225
4383 2 2 0 1 1659 673 2226
4384 2 2 0 1 47 48 2806
4385 2 2 0 1 1575 479 2591
4386 2 2 0 1 2266 390 2729
4387 2 2 0 1 1277 2266 2729
4388 2 2 0 1 398 2430 3184
4389 2 2 0 1 2431 399 3185
4390 2 2 0 1 106 1797 3101
4391 2 2 0 1 1798 223 3102
4392 2 2 0 1 825 1977 1993
4393 2 2 0 1 1635 1190 2307
4394 2 2 0 1 1574 725 2531
4395 2 2 0 1 1016 1635 2307
4396 2 2 0 1 580 1680 2714
4397 2 2 0 1 1615 1004 2325
4398 2 2 0 1 2119 1675 2798
4399 2 2 0 1 1574 473 2538
4400 2 2 0 1 1557 583 2723
4401 2 2 0 1 2782 1265 3162
4402 2 2 0 1 736 1899 2914
4403 2 2 0 1 810 1849 2186
4404 2 2 0 1 1975 1061 2305
4405 2 2 0 1 1062 1976 2306
4406 2 2 0 1 126 127 2162
4407 2 2 0 1 202 203 2161
4408 2 2 0 1 599 1975 2305
4409 2 2 0 1 1976 598 2306
4410 2 2 0 1 1768 2134 3111
4411 2 2 0 1 517 2025 2244
4412 2 2 0 1 2026 518 2245
4413 2 2 0 1 2025 1090 2244
4414 2 2 0 1 1091 2026 2245
4415 2 2 0 1 714 1657 2494
4416 2 2 0 1 2282 504 2742
4417 2 2 0 1 505 2281 2741
4418 2 2 0 1 524 1661 2239
4419 2 2 0 1 2112 1044 3092
4420 2 2 0 1 1045 2113 3093
4421 2 2 0 1 1829 1049 3127
4422 2 2 0 1 938 2093 2331
4423 2 2 0 1 1629 824 2288
4424 2 2 0 1 69 70 2235
4425 2 2 0 1 439 1720 2342
4426 2 2 0 1 1293 2369 2887
4427 2 2 0 1 1819 1282 2637
4428 2 2 0 1 1345 1763 2679
4429 2 2 0 1 700 1819 2637
4430 2 2 0 1 888 1870 2116
4431 2 2 0 1 1871 889 2117
4432 2 2 0 1 1870 982 2116
4433 2 2 0 1 981 1871 2117
4434 2 2 0 1 368 1764 2272
4435 2 2 0 1 1764 887 2272
4436 2 2 0 1 1103 2613 3015
4437 2 2 0 1 894 1996 2565
4438 2 2 0 1 1559 1151 2796
4439 2 2 0 1 1152 1560 2797
4440 2 2 0 1 1165 1688 2505
4441 2 2 0 1 481 1739 2303
4442 2 2 0 1 1580 687 2511
4443 2 2 0 1 846 2613 2803
4444 2 2 0 1 774 1667 2241
4445 2 2 0 1 88 1918 2686
4446 2 2 0 1 1919 15 2685
4447 2 2 0 1 847 1563 2798
4448 2 2 0 1 881 1576 3163
4449 2 2 0 1 2159 931 2871
4450 2 2 0 1 1916 109 2744
4451 2 2 0 1 220 1917 2745
4452 2 2 0 1 1609 722 2370
4453 2 2 0 1 1779 923 2123
4454 2 2 0 1 1566 971 2919
4455 2 2 0 1 2169 986 2738
4456 2 2 0 1 597 1620 2348
4457 2 2 0 1 1898 499 3174
4458 2 2 0 1 665 1696 2202
4459 2 2 0 1 1000 2151 2469
4460 2 2 0 1 2152 1001 2470
4461 2 2 0 1 862 1575 2591
4462 2 2 0 1 2052 882 2412
4463 2 2 0 1 883 2051 2413
4464 2 2 0 1 806 2103 2233
4465 2 2 0 1 1165 2073 3004
4466 2 2 0 1 1572 963 2661
4467 2 2 0 1 520 2890 3167
4468 2 2 0 1 1706 859 2291
4469 2 2 0 1 1113 1940 2793
4470 2 2 0 1 390 1706 2291
4471 2 2 0 1 1940 570 2793
4472 2 2 0 1 1153 1567 2751
4473 2 2 0 1 1568 1154 2750
4474 2 2 0 1 1383 2171 2953
4475 2 2 0 1 2171 449 2953
4476 2 2 0 1 2011 877 2067
4477 2 2 0 1 878 2012 2068
4478 2 2 0 1 899 2011 2067
4479 2 2 0 1 2012 900 2068
4480 2 2 0 1 2112 3092 3176
4481 2 2 0 1 3093 2113 3177
4482 2 2 0 1 1768 815 2134
4483 2 2 0 1 1710 426 2506
4484 2 2 0 1 818 1720 2189
4485 2 2 0 1 2083 928 2599
4486 2 2 0 1 929 2084 2600
4487 2 2 0 1 1008 2210 2651
4488 2 2 0 1 2355 553 2906
4489 2 2 0 1 416 1816 2459
4490 2 2 0 1 1816 946 2459
4491 2 2 0 1 1901 45 2966
4492 2 2 0 1 525 1577 2617
4493 2 2 0 1 1734 832 2569
4494 2 2 0 1 833 1735 2570
4495 2 2 0 1 1002 2156 2473
4496 2 2 0 1 2157 1003 2474
4497 2 2 0 1 2080 1828 3009
4498 2 2 0 1 172 1673 2280
4499 2 2 0 1 1674 157 2279
4500 2 2 0 1 1729 816 2193
4501 2 2 0 1 817 1730 2194
4502 2 2 0 1 1867 721 2582
4503 2 2 0 1 2035 1085 2792
4504 2 2 0 1 2756 847 2933
4505 2 2 0 1 1616 670 2788
4506 2 2 0 1 668 1595 2955
4507 2 2 0 1 1596 667 2956
4508 2 2 0 1 1595 981 2955
4509 2 2 0 1 982 1596 2956
4510 2 2 0 1 808 1778 3191
4511 2 2 0 1 72 1793 3060
4512 2 2 0 1 1553 2166 2634
4513 2 2 0 1 2167 1554 2635
4514 2 2 0 1 667 1596 3166
4515 2 2 0 1 1595 668 3165
4516 2 2 0 1 2096 846 2803
4517 2 2 0 1 888 1626 2549
4518 2 2 0 1 1627 889 2550
4519 2 2 0 1 1890 470 2813
4520 2 2 0 1 1087 1890 2813
4521 2 2 0 1 1579 1068 2633
4522 2 2 0 1 1617 460 2402
4523 2 2 0 1 1576 962 2926
4524 2 2 0 1 837 1962 2898
4525 2 2 0 1 1623 954 2749
4526 2 2 0 1 631 1623 2749
4527 2 2 0 1 2250 963 2724
4528 2 2 0 1 2559 1689 2925
4529 2 2 0 1 1690 2558 2924
4530 2 2 0 1 1257 2250 2724
4531 2 2 0 1 1639 880 2466
4532 2 2 0 1 581 1657 2577
4533 2 2 0 1 2761 538 3188
4534 2 2 0 1 414 1639 2466
4535 2 2 0 1 704 1802 2199
4536 2 2 0 1 1803 705 2200
4537 2 2 0 1 1802 1025 2199
4538 2 2 0 1 1026 1803 2200
4539 2 2 0 1 1536 1858 2862
4540 2 2 0 1 1997 1239 3168
4541 2 2 0 1 1240 1998 3169
4542 2 2 0 1 727 1578 2936
4543 2 2 0 1 442 1711 2246
4544 2 2 0 1 1712 443 2247
4545 2 2 0 1 1711 850 2246
4546 2 2 0 1 851 1712 2247
4547 2 2 0 1 932 2094 2614
4548 2 2 0 1 2095 933 2615
4549 2 2 0 1 847 1675 2322
4550 2 2 0 1 2289 1216 2937
4551 2 2 0 1 1094 2283 2996
4552 2 2 0 1 2623 1465 2789
4553 2 2 0 1 1039 2623 2789
4554 2 2 0 1 1683 956 2709
4555 2 2 0 1 957 1684 2710
4556 2 2 0 1 1583 964 2690
4557 2 2 0 1 2046 840 3132
4558 2 2 0 1 637 1683 2709
4559 2 2 0 1 1684 636 2710
4560 2 2 0 1 2583 1485 2902
4561 2 2 0 1 625 2583 2902
4562 2 2 0 1 1035 2439 2464
4563 2 2 0 1 1694 509 3108
4564 2 2 0 1 510 1695 3109
4565 2 2 0 1 1662 522 2320
4566 2 2 0 1 441 1880 2475
4567 2 2 0 1 3113 1898 3174
4568 2 2 0 1 1584 685 2897
4569 2 2 0 1 958 1581 2829
4570 2 2 0 1 1582 959 2828
4571 2 2 0 1 1591 669 2662
4572 2 2 0 1 1707 792 2260
4573 2 2 0 1 1743 838 2670
4574 2 2 0 1 19 20 2500
4575 2 2 0 1 83 84 2499
4576 2 2 0 1 1675 406 2322
4577 2 2 0 1 1013 1949 2968
4578 2 2 0 1 1948 1014 2969
4579 2 2 0 1 1602 711 2551
4580 2 2 0 1 2100 950 2256
4581 2 2 0 1 828 1678 2562
4582 2 2 0 1 1679 829 2561
4583 2 2 0 1 840 2079 3132
4584 2 2 0 1 1847 785 2133
4585 2 2 0 1 799 1667 2333
4586 2 2 0 1 2201 1601 2965
4587 2 2 0 1 1683 952 2780
4588 2 2 0 1 953 1684 2781
4589 2 2 0 1 1041 1833 2172
4590 2 2 0 1 1833 525 2172
4591 2 2 0 1 581 2577 2768
4592 2 2 0 1 1940 1113 2917
4593 2 2 0 1 1048 2429 2942
4594 2 2 0 1 1173 1612 2794
4595 2 2 0 1 2994 1209 3066
4596 2 2 0 1 1587 1121 2873
4597 2 2 0 1 1707 1139 2363
4598 2 2 0 1 1588 967 2854
4599 2 2 0 1 968 1589 2855
4600 2 2 0 1 886 2078 2271
4601 2 2 0 1 1590 1048 2868
4602 2 2 0 1 1460 2042 3012
4603 2 2 0 1 2042 1069 3012
4604 2 2 0 1 854 1628 2560
4605 2 2 0 1 1592 775 2830
4606 2 2 0 1 1720 818 2342
4607 2 2 0 1 1713 532 2317
4608 2 2 0 1 533 1714 2318
4609 2 2 0 1 1674 731 2932
4610 2 2 0 1 993 1674 2932
4611 2 2 0 1 1853 791 2369
4612 2 2 0 1 827 2293 3078
4613 2 2 0 1 1437 3104 3184
4614 2 2 0 1 3105 1438 3185
4615 2 2 0 1 1084 1852 2174
4616 2 2 0 1 1207 1881 2121
4617 2 2 0 1 1882 1208 2122
4618 2 2 0 1 2337 632 3127
4619 2 2 0 1 1444 2337 3127
4620 2 2 0 1 1876 1205 2125
4621 2 2 0 1 1206 1877 2126
4622 2 2 0 1 913 1705 2530
4623 2 2 0 1 1705 381 2530
4624 2 2 0 1 1593 978 2827
4625 2 2 0 1 1626 888 2453
4626 2 2 0 1 889 1627 2454
4627 2 2 0 1 495 1664 2534
4628 2 2 0 1 910 1597 2696
4629 2 2 0 1 27 1813 3095
4630 2 2 0 1 1814 76 3094
4631 2 2 0 1 1813 1119 3095
4632 2 2 0 1 1118 1814 3094
4633 2 2 0 1 732 1850 2673
4634 2 2 0 1 2815 1023 3146
4635 2 2 0 1 1024 2816 3147
4636 2 2 0 1 595 2888 3084
4637 2 2 0 1 2889 594 3083
4638 2 2 0 1 1613 364 2919
4639 2 2 0 1 971 1613 2919
4640 2 2 0 1 1597 370 2696
4641 2 2 0 1 1644 673 2825
4642 2 2 0 1 672 1643 2826
4643 2 2 0 1 961 1644 2825
4644 2 2 0 1 1643 960 2826
4645 2 2 0 1 512 1685 2692
4646 2 2 0 1 2204 1094 2671
4647 2 2 0 1 686 1705 2536
4648 2 2 0 1 1705 913 2536
4649 2 2 0 1 1202 2265 2627
4650 2 2 0 1 2265 1037 2627
4651 2 2 0 1 1607 1072 2694
4652 2 2 0 1 2096 951 2097
4653 2 2 0 1 846 2096 2097
4654 2 2 0 1 2444 180 2762
4655 2 2 0 1 149 2445 2763
4656 2 2 0 1 367 1734 2271
4657 2 2 0 1 1735 368 2272
4658 2 2 0 1 1572 2671 2996
4659 2 2 0 1 2671 1094 2996
4660 2 2 0 1 454 1594 2920
4661 2 2 0 1 1830 694 2288
4662 2 2 0 1 2729 390 2859
4663 2 2 0 1 786 1887 2128
4664 2 2 0 1 1621 870 2665
4665 2 2 0 1 981 1595 2784
4666 2 2 0 1 1596 982 2783
4667 2 2 0 1 2056 1086 2223
4668 2 2 0 1 404 2056 2223
4669 2 2 0 1 491 2299 2458
4670 2 2 0 1 2299 1145 2458
4671 2 2 0 1 732 1691 2340
4672 2 2 0 1 1011 2733 3045
4673 2 2 0 1 2732 1010 3044
4674 2 2 0 1 2074 779 2995
4675 2 2 0 1 1922 1338 2712
4676 2 2 0 1 1610 161 2638
4677 2 2 0 1 168 1611 2639
4678 2 2 0 1 1428 2756 2933
4679 2 2 0 1 1085 2031 2761
4680 2 2 0 1 775 1598 2830
4681 2 2 0 1 1958 809 2087
4682 2 2 0 1 940 2545 3067
4683 2 2 0 1 1598 775 2861
4684 2 2 0 1 2511 1040 3047
4685 2 2 0 1 915 1681 2366
4686 2 2 0 1 1805 813 2538
4687 2 2 0 1 850 1713 2317
4688 2 2 0 1 1714 851 2318
4689 2 2 0 1 2049 544 2311
4690 2 2 0 1 545 2050 2312
4691 2 2 0 1 1601 414 2965
4692 2 2 0 1 2039 805 2834
4693 2 2 0 1 1599 455 2799
4694 2 2 0 1 456 1600 2800
4695 2 2 0 1 1599 756 2930
4696 2 2 0 1 757 1600 2931
4697 2 2 0 1 1084 1603 2805
4698 2 2 0 1 2544 939 3167
4699 2 2 0 1 2047 430 3046
4700 2 2 0 1 1831 392 2176
4701 2 2 0 1 393 1832 2177
4702 2 2 0 1 483 1633 2517
4703 2 2 0 1 2435 1167 3047
4704 2 2 0 1 2072 506 2367
4705 2 2 0 1 996 2072 2367
4706 2 2 0 1 1265 2043 3162
4707 2 2 0 1 2043 813 3162
4708 2 2 0 1 1025 2820 3143
4709 2 2 0 1 2821 1026 3144
4710 2 2 0 1 580 2805 3179
4711 2 2 0 1 53 54 2251
4712 2 2 0 1 690 1611 3044
4713 2 2 0 1 2455 1213 2487
4714 2 2 0 1 1214 2456 2488
4715 2 2 0 1 1010 2455 2487
4716 2 2 0 1 2456 1011 2488
4717 2 2 0 1 844 1973 2611
4718 2 2 0 1 1974 845 2612
4719 2 2 0 1 1677 1218 2423
4720 2 2 0 1 722 1609 3025
4721 2 2 0 1 884 1896 2452
4722 2 2 0 1 722 1890 2370
4723 2 2 0 1 1890 1087 2370
4724 2 2 0 1 1702 678 2598
4725 2 2 0 1 1905 496 2518
4726 2 2 0 1 923 1702 2598
4727 2 2 0 1 1702 495 2534
4728 2 2 0 1 1739 853 2303
4729 2 2 0 1 113 114 2450
4730 2 2 0 1 215 216 2449
4731 2 2 0 1 1608 437 2845
4732 2 2 0 1 409 1850 2464
4733 2 2 0 1 1850 941 2464
4734 2 2 0 1 2070 1571 3061
4735 2 2 0 1 1662 789 2471
4736 2 2 0 1 827 1621 2610
4737 2 2 0 1 689 1614 3097
4738 2 2 0 1 1810 831 2218
4739 2 2 0 1 1657 836 2494
4740 2 2 0 1 2650 438 2901
4741 2 2 0 1 1485 2650 2901
4742 2 2 0 1 2154 523 2332
4743 2 2 0 1 1799 714 2494
4744 2 2 0 1 486 1643 2527
4745 2 2 0 1 1644 487 2528
4746 2 2 0 1 1633 955 2847
4747 2 2 0 1 2146 1148 2278
4748 2 2 0 1 671 1633 2847
4749 2 2 0 1 2071 926 2139
4750 2 2 0 1 908 2071 2139
4751 2 2 0 1 784 1719 2355
4752 2 2 0 1 1496 2183 2542
4753 2 2 0 1 1801 1255 2728
4754 2 2 0 1 2006 1189 3011
4755 2 2 0 1 431 2006 3011
4756 2 2 0 1 196 197 2324
4757 2 2 0 1 132 133 2323
4758 2 2 0 1 1804 69 2235
4759 2 2 0 1 1692 509 2426
4760 2 2 0 1 510 1693 2427
4761 2 2 0 1 1614 457 2894
4762 2 2 0 1 1044 2112 2489
4763 2 2 0 1 2113 1045 2490
4764 2 2 0 1 2112 532 2489
4765 2 2 0 1 533 2113 2490
4766 2 2 0 1 509 1694 2416
4767 2 2 0 1 1695 510 2417
4768 2 2 0 1 379 1703 2397
4769 2 2 0 1 427 1676 2659
4770 2 2 0 1 550 2994 3066
4771 2 2 0 1 1647 710 2986
4772 2 2 0 1 18 19 2797
4773 2 2 0 1 84 85 2796
4774 2 2 0 1 403 1621 2665
4775 2 2 0 1 1815 411 2568
4776 2 2 0 1 1407 2729 2859
4777 2 2 0 1 1980 1380 2514
4778 2 2 0 1 1381 1981 2515
4779 2 2 0 1 1689 179 2444
4780 2 2 0 1 150 1690 2445
4781 2 2 0 1 1740 688 2563
4782 2 2 0 1 837 2898 3082
4783 2 2 0 1 1677 1962 3119
4784 2 2 0 1 1228 2382 2598
4785 2 2 0 1 2382 923 2598
4786 2 2 0 1 1506 2058 2589
4787 2 2 0 1 2059 1505 2590
4788 2 2 0 1 1667 774 2529
4789 2 2 0 1 1935 2241 3164
4790 2 2 0 1 1041 2172 2376
4791 2 2 0 1 1721 675 2904
4792 2 2 0 1 676 1722 2905
4793 2 2 0 1 1857 387 2209
4794 2 2 0 1 2172 935 2376
4795 2 2 0 1 2745 1917 3138
4796 2 2 0 1 1916 2744 3137
4797 2 2 0 1 1130 1655 2568
4798 2 2 0 1 687 3024 3122
4799 2 2 0 1 563 2091 2814
4800 2 2 0 1 1701 972 2461
4801 2 2 0 1 911 2041 2597
4802 2 2 0 1 1507 1990 2818
4803 2 2 0 1 368 1672 2790
4804 2 2 0 1 1197 1990 3130
4805 2 2 0 1 1990 436 3130
4806 2 2 0 1 1630 48 2934
4807 2 2 0 1 1820 814 2268
4808 2 2 0 1 2073 554 2460
4809 2 2 0 1 1196 2073 2460
4810 2 2 0 1 2353 913 2530
4811 2 2 0 1 1181 2353 2530
4812 2 2 0 1 1829 462 2941
4813 2 2 0 1 1049 1829 2941
4814 2 2 0 1 37 38 2671
4815 2 2 0 1 415 1835 2541
4816 2 2 0 1 1835 947 2541
4817 2 2 0 1 1135 1665 2578
4818 2 2 0 1 1666 1136 2579
4819 2 2 0 1 1922 1760 3052
4820 2 2 0 1 1143 2727 3025
4821 2 2 0 1 1858 726 2862
4822 2 2 0 1 1782 723 2693
4823 2 2 0 1 970 1782 2693
4824 2 2 0 1 1862 146 2221
4825 2 2 0 1 183 1863 2222
4826 2 2 0 1 1688 1092 2505
4827 2 2 0 1 2577 1278 2768
4828 2 2 0 1 895 2299 2764
4829 2 2 0 1 408 1806 2375
4830 2 2 0 1 1366 1630 2934
4831 2 2 0 1 941 1850 2340
4832 2 2 0 1 1850 732 2340
4833 2 2 0 1 990 2154 2332
4834 2 2 0 1 1857 2196 3005
4835 2 2 0 1 762 1700 2587
4836 2 2 0 1 1699 761 2588
4837 2 2 0 1 1744 392 2391
4838 2 2 0 1 393 1745 2392
4839 2 2 0 1 871 1744 2391
4840 2 2 0 1 1745 872 2392
4841 2 2 0 1 1170 1815 2485
4842 2 2 0 1 2255 1055 2354
4843 2 2 0 1 437 1906 2845
4844 2 2 0 1 2033 1286 2569
4845 2 2 0 1 1287 2034 2570
4846 2 2 0 1 547 2255 2354
4847 2 2 0 1 1729 568 2440
4848 2 2 0 1 569 1730 2441
4849 2 2 0 1 699 1807 2925
4850 2 2 0 1 1807 1030 2925
4851 2 2 0 1 1732 852 2537
4852 2 2 0 1 1848 1092 2397
4853 2 2 0 1 1630 1037 2806
4854 2 2 0 1 1823 1260 2740
4855 2 2 0 1 573 2016 2684
4856 2 2 0 1 1009 1704 2526
4857 2 2 0 1 1824 690 3044
4858 2 2 0 1 667 1624 2956
4859 2 2 0 1 1625 668 2955
4860 2 2 0 1 983 1719 2493
4861 2 2 0 1 782 1961 2616
4862 2 2 0 1 2433 1243 2886
4863 2 2 0 1 532 1713 2489
4864 2 2 0 1 1714 533 2490
4865 2 2 0 1 2343 984 2785
4866 2 2 0 1 1274 2343 2785
4867 2 2 0 1 951 2136 2332
4868 2 2 0 1 2136 990 2332
4869 2 2 0 1 59 60 2748
4870 2 2 0 1 1691 881 3163
4871 2 2 0 1 1518 1956 2688
4872 2 2 0 1 780 1642 2746
4873 2 2 0 1 112 113 2751
4874 2 2 0 1 216 217 2750
4875 2 2 0 1 895 1808 2605
4876 2 2 0 1 1393 1824 2339
4877 2 2 0 1 1824 536 2339
4878 2 2 0 1 1839 1246 2892
4879 2 2 0 1 1247 1840 2893
4880 2 2 0 1 820 1631 2935
4881 2 2 0 1 862 2127 3154
4882 2 2 0 1 1723 567 2485
4883 2 2 0 1 908 1664 2989
4884 2 2 0 1 387 1857 3196
4885 2 2 0 1 1857 1128 3196
4886 2 2 0 1 658 1774 2357
4887 2 2 0 1 1756 572 2381
4888 2 2 0 1 1671 367 2656
4889 2 2 0 1 129 130 2916
4890 2 2 0 1 199 200 2915
4891 2 2 0 1 1844 412 2578
4892 2 2 0 1 413 1845 2579
4893 2 2 0 1 1248 2040 2959
4894 2 2 0 1 1994 1647 2986
4895 2 2 0 1 2686 1918 3085
4896 2 2 0 1 1919 2685 3086
4897 2 2 0 1 760 1982 2277
4898 2 2 0 1 645 1640 3035
4899 2 2 0 1 1315 2465 3186
4900 2 2 0 1 181 182 2607
4901 2 2 0 1 147 148 2606
4902 2 2 0 1 2689 999 2872
4903 2 2 0 1 573 2070 3061
4904 2 2 0 1 1920 1437 2430
4905 2 2 0 1 1438 1921 2431
4906 2 2 0 1 646 1838 3076
4907 2 2 0 1 1838 1083 3076
4908 2 2 0 1 211 212 2576
4909 2 2 0 1 117 118 2575
4910 2 2 0 1 3024 1511 3122
4911 2 2 0 1 1108 1834 2315
4912 2 2 0 1 1700 875 2587
4913 2 2 0 1 876 1699 2588
4914 2 2 0 1 1426 1967 2970
4915 2 2 0 1 1925 478 2376
4916 2 2 0 1 935 1925 2376
4917 2 2 0 1 1769 56 3087
4918 2 2 0 1 1649 541 3050
4919 2 2 0 1 542 1650 3051
4920 2 2 0 1 1050 1769 3087
4921 2 2 0 1 791 1651 2887
4922 2 2 0 1 1784 129 2916
4923 2 2 0 1 200 1783 2915
4924 2 2 0 1 1424 2424 3092
4925 2 2 0 1 2425 1425 3093
4926 2 2 0 1 2424 618 3092
4927 2 2 0 1 619 2425 3093
4928 2 2 0 1 990 1654 3008
4929 2 2 0 1 512 1794 3197
4930 2 2 0 1 1794 1093 3197
4931 2 2 0 1 586 2232 2467
4932 2 2 0 1 2232 1073 2467
4933 2 2 0 1 1002 2473 3053
4934 2 2 0 1 2474 1003 3054
4935 2 2 0 1 1721 973 2879
4936 2 2 0 1 974 1722 2880
4937 2 2 0 1 675 1721 2879
4938 2 2 0 1 1722 676 2880
4939 2 2 0 1 1811 453 3065
4940 2 2 0 1 2161 1065 2736
4941 2 2 0 1 1064 2162 2735
4942 2 2 0 1 1150 2161 2736
4943 2 2 0 1 2162 1149 2735
4944 2 2 0 1 625 1878 3114
4945 2 2 0 1 972 2127 2140
4946 2 2 0 1 371 1698 3111
4947 2 2 0 1 1698 687 3122
4948 2 2 0 1 523 1660 2865
4949 2 2 0 1 1661 524 2864
4950 2 2 0 1 3186 2168 3190
4951 2 2 0 1 1229 1841 2330
4952 2 2 0 1 1056 2168 3186
4953 2 2 0 1 829 2131 2258
4954 2 2 0 1 2130 828 2259
4955 2 2 0 1 1926 1032 3155
4956 2 2 0 1 1788 211 2576
4957 2 2 0 1 118 1787 2575
4958 2 2 0 1 2390 921 2669
4959 2 2 0 1 1680 830 2714
4960 2 2 0 1 369 2181 2668
4961 2 2 0 1 2181 1140 2668
4962 2 2 0 1 19 2500 2797
4963 2 2 0 1 2499 84 2796
4964 2 2 0 1 2240 862 3154
4965 2 2 0 1 1664 670 3116
4966 2 2 0 1 575 2724 2996
4967 2 2 0 1 1806 858 2375
4968 2 2 0 1 491 2007 2309
4969 2 2 0 1 1664 495 2989
4970 2 2 0 1 389 2071 2149
4971 2 2 0 1 2071 908 2149
4972 2 2 0 1 3104 1080 3184
4973 2 2 0 1 1081 3105 3185
4974 2 2 0 1 1187 1844 2440
4975 2 2 0 1 1845 1188 2441
4976 2 2 0 1 403 1979 2610
4977 2 2 0 1 1950 860 2667
4978 2 2 0 1 861 1951 2666
4979 2 2 0 1 2110 906 2555
4980 2 2 0 1 907 2111 2556
4981 2 2 0 1 2060 1122 2173
4982 2 2 0 1 67 68 2468
4983 2 2 0 1 1991 440 3136
4984 2 2 0 1 735 2047 2347
4985 2 2 0 1 1076 2801 3158
4986 2 2 0 1 2802 1077 3159
4987 2 2 0 1 2890 1338 3167
4988 2 2 0 1 1681 519 2767
4989 2 2 0 1 1759 79 2509
4990 2 2 0 1 24 1758 2508
4991 2 2 0 1 1718 571 2628
4992 2 2 0 1 2407 1106 3165
4993 2 2 0 1 1105 2406 3166
4994 2 2 0 1 1807 1107 3040
4995 2 2 0 1 749 1734 2569
4996 2 2 0 1 1735 750 2570
4997 2 2 0 1 370 2081 3036
4998 2 2 0 1 1785 434 2447
4999 2 2 0 1 435 1786 2448
5000 2 2 0 1 1678 1111 2888
5001 2 2 0 1 1112 1679 2889
5002 2 2 0 1 996 2367 2899
5003 2 2 0 1 678 1677 3119
5004 2 2 0 1 205 206 2491
5005 2 2 0 1 123 124 2492
5006 2 2 0 1 451 2886 2971
5007 2 2 0 1 832 2033 2569
5008 2 2 0 1 2034 833 2570
5009 2 2 0 1 1379 2495 2932
5010 2 2 0 1 2495 993 2932
5011 2 2 0 1 79 80 2509
5012 2 2 0 1 23 24 2508
5013 2 2 0 1 1758 959 2508
5014 2 2 0 1 958 1759 2509
5015 2 2 0 1 863 1928 2716
5016 2 2 0 1 1927 864 2717
5017 2 2 0 1 538 2267 3188
5018 2 2 0 1 544 2049 3182
5019 2 2 0 1 2050 545 3183
5020 2 2 0 1 1680 580 3179
5021 2 2 0 1 2011 513 2463
5022 2 2 0 1 514 2012 2462
5023 2 2 0 1 1685 978 2824
5024 2 2 0 1 2127 862 2140
5025 2 2 0 1 3045 1610 3193
5026 2 2 0 1 392 1831 2391
5027 2 2 0 1 1832 393 2392
5028 2 2 0 1 1160 1991 3136
5029 2 2 0 1 978 1790 2827
5030 2 2 0 1 1790 371 2827
5031 2 2 0 1 101 102 2519
5032 2 2 0 1 227 228 2520
5033 2 2 0 1 95 96 2522
5034 2 2 0 1 7 8 2523
5035 2 2 0 1 1325 1741 2680
5036 2 2 0 1 1742 1326 2681
5037 2 2 0 1 2565 1996 3145
5038 2 2 0 1 1140 1727 2668
5039 2 2 0 1 386 2654 2946
5040 2 2 0 1 2655 385 2945
5041 2 2 0 1 2654 1458 2946
5042 2 2 0 1 1459 2655 2945
5043 2 2 0 1 2003 754 3113
5044 2 2 0 1 1106 1772 2808
5045 2 2 0 1 1773 1105 2809
5046 2 2 0 1 1772 138 2808
5047 2 2 0 1 191 1773 2809
5048 2 2 0 1 691 3045 3193
5049 2 2 0 1 492 1765 3148
5050 2 2 0 1 1766 493 3149
5051 2 2 0 1 29 30 2533
5052 2 2 0 1 609 1992 2943
5053 2 2 0 1 1827 592 2713
5054 2 2 0 1 1761 1067 2758
5055 2 2 0 1 1067 1762 2759
5056 2 2 0 1 166 1761 2758
5057 2 2 0 1 1762 163 2759
5058 2 2 0 1 1689 699 2925
5059 2 2 0 1 700 1690 2924
5060 2 2 0 1 1512 3082 3103
5061 2 2 0 1 1701 778 2846
5062 2 2 0 1 502 1691 3163
5063 2 2 0 1 966 2253 2699
5064 2 2 0 1 2254 965 2700
5065 2 2 0 1 2253 1319 2699
5066 2 2 0 1 1320 2254 2700
5067 2 2 0 1 2160 1021 2290
5068 2 2 0 1 2016 1099 2380
5069 2 2 0 1 1821 505 2704
5070 2 2 0 1 504 1822 2705
5071 2 2 0 1 1688 1165 3096
5072 2 2 0 1 509 1692 3108
5073 2 2 0 1 1693 510 3109
5074 2 2 0 1 956 1821 2704
5075 2 2 0 1 1822 957 2705
5076 2 2 0 1 1861 501 2378
5077 2 2 0 1 1934 537 2338
5078 2 2 0 1 578 2394 2706
5079 2 2 0 1 2395 579 2707
5080 2 2 0 1 593 1846 2739
5081 2 2 0 1 1749 727 2608
5082 2 2 0 1 49 50 2715
5083 2 2 0 1 1969 2308 2964
5084 2 2 0 1 997 1930 2712
5085 2 2 0 1 1930 744 2712
5086 2 2 0 1 1192 2205 2835
5087 2 2 0 1 2205 451 2835
5088 2 2 0 1 2341 473 3164
5089 2 2 0 1 1378 2341 3164
5090 2 2 0 1 1368 2513 2907
5091 2 2 0 1 2512 1367 2908
5092 2 2 0 1 2513 599 2907
5093 2 2 0 1 598 2512 2908
5094 2 2 0 1 2163 370 3036
5095 2 2 0 1 1982 1146 2277
5096 2 2 0 1 151 152 2558
5097 2 2 0 1 177 178 2559
5098 2 2 0 1 2767 519 3047
5099 2 2 0 1 1770 739 2951
5100 2 2 0 1 740 1771 2950
5101 2 2 0 1 380 1754 3019
5102 2 2 0 1 520 1807 3040
5103 2 2 0 1 2217 1141 2687
5104 2 2 0 1 1060 2217 2687
5105 2 2 0 1 2305 1061 2394
5106 2 2 0 1 1062 2306 2395
5107 2 2 0 1 919 2305 2394
5108 2 2 0 1 2306 920 2395
5109 2 2 0 1 1993 915 2374
5110 2 2 0 1 2439 409 2464
5111 2 2 0 1 1120 1929 2608
5112 2 2 0 1 114 1842 2450
5113 2 2 0 1 1843 215 2449
5114 2 2 0 1 678 1702 3120
5115 2 2 0 1 1802 428 3037
5116 2 2 0 1 429 1803 3038
5117 2 2 0 1 2092 894 2432
5118 2 2 0 1 1025 1802 3037
5119 2 2 0 1 1803 1026 3038
5120 2 2 0 1 2058 952 2589
5121 2 2 0 1 953 2059 2590
5122 2 2 0 1 1703 1313 3114
5123 2 2 0 1 1879 1463 3016
5124 2 2 0 1 745 1711 2857
5125 2 2 0 1 1712 746 2858
5126 2 2 0 1 2027 802 2422
5127 2 2 0 1 155 156 2593
5128 2 2 0 1 173 174 2592
5129 2 2 0 1 1430 2937 2970
5130 2 2 0 1 1818 83 2499
5131 2 2 0 1 20 1817 2500
5132 2 2 0 1 553 1743 2670
5133 2 2 0 1 511 2498 2629
5134 2 2 0 1 2498 1230 2629
5135 2 2 0 1 959 1758 2833
5136 2 2 0 1 1759 958 2832
5137 2 2 0 1 1758 764 2833
5138 2 2 0 1 763 1759 2832
5139 2 2 0 1 2643 1384 2799
5140 2 2 0 1 1385 2644 2800
5141 2 2 0 1 455 2643 2799
5142 2 2 0 1 2644 456 2800
5143 2 2 0 1 410 2146 3160
5144 2 2 0 1 2257 1035 2464
5145 2 2 0 1 2292 947 2467
5146 2 2 0 1 1073 2292 2467
5147 2 2 0 1 1967 901 2321
5148 2 2 0 1 419 1967 2321
5149 2 2 0 1 441 1819 3199
5150 2 2 0 1 1775 1278 2577
5151 2 2 0 1 1998 823 2281
5152 2 2 0 1 822 1997 2282
5153 2 2 0 1 2555 906 3058
5154 2 2 0 1 907 2556 3059
5155 2 2 0 1 169 170 2732
5156 2 2 0 1 159 160 2733
5157 2 2 0 1 2454 577 3100
5158 2 2 0 1 2070 573 2873
5159 2 2 0 1 1121 2070 2873
5160 2 2 0 1 1783 965 2915
5161 2 2 0 1 966 1784 2916
5162 2 2 0 1 1837 997 2890
5163 2 2 0 1 520 1837 2890
5164 2 2 0 1 2007 870 2309
5165 2 2 0 1 749 1708 3063
5166 2 2 0 1 1709 750 3064
5167 2 2 0 1 1426 2039 2834
5168 2 2 0 1 1787 967 2575
5169 2 2 0 1 968 1788 2576
5170 2 2 0 1 1964 980 2631
5171 2 2 0 1 589 1964 2631
5172 2 2 0 1 998 2914 3022
5173 2 2 0 1 1754 787 2657
5174 2 2 0 1 2331 1168 2586
5175 2 2 0 1 979 2106 2355
5176 2 2 0 1 2106 784 2355
5177 2 2 0 1 537 1934 2488
5178 2 2 0 1 1934 1214 2488
5179 2 2 0 1 1057 1800 3190
5180 2 2 0 1 1800 521 3190
5181 2 2 0 1 552 2210 2388
5182 2 2 0 1 1010 1824 3044
5183 2 2 0 1 2210 1008 2388
5184 2 2 0 1 1226 1974 2981
5185 2 2 0 1 721 1796 2582
5186 2 2 0 1 201 202 3057
5187 2 2 0 1 127 128 3056
5188 2 2 0 1 2959 1391 3200
5189 2 2 0 1 1969 372 2772
5190 2 2 0 1 2571 646 3076
5191 2 2 0 1 1451 2571 3076
5192 2 2 0 1 1733 503 2834
5193 2 2 0 1 389 1748 2726
5194 2 2 0 1 1920 906 2384
5195 2 2 0 1 907 1921 2385
5196 2 2 0 1 1986 913 2353
5197 2 2 0 1 540 1986 2353
5198 2 2 0 1 2068 401 3192
5199 2 2 0 1 1760 1297 3052
5200 2 2 0 1 1947 1357 2371
5201 2 2 0 1 378 1826 2856
5202 2 2 0 1 1321 2363 3027
5203 2 2 0 1 2363 584 3027
5204 2 2 0 1 1976 952 2512
5205 2 2 0 1 953 1975 2513
5206 2 2 0 1 598 1976 2512
5207 2 2 0 1 1975 599 2513
5208 2 2 0 1 2013 1116 2287
5209 2 2 0 1 113 2450 2751
5210 2 2 0 1 2449 216 2750
5211 2 2 0 1 1723 814 3029
5212 2 2 0 1 739 1825 2951
5213 2 2 0 1 1826 740 2950
5214 2 2 0 1 1061 2228 2706
5215 2 2 0 1 2229 1062 2707
5216 2 2 0 1 2110 492 2384
5217 2 2 0 1 493 2111 2385
5218 2 2 0 1 2601 984 2790
5219 2 2 0 1 1231 1983 2990
5220 2 2 0 1 1984 1232 2991
5221 2 2 0 1 1995 1277 2729
5222 2 2 0 1 1726 792 3074
5223 2 2 0 1 1746 392 2769
5224 2 2 0 1 393 1747 2770
5225 2 2 0 1 2323 919 2766
5226 2 2 0 1 920 2324 2765
5227 2 2 0 1 2566 418 3043
5228 2 2 0 1 417 2567 3042
5229 2 2 0 1 1225 2207 2478
5230 2 2 0 1 2208 1226 2479
5231 2 2 0 1 1740 502 2926
5232 2 2 0 1 962 1740 2926
5233 2 2 0 1 885 1809 2648
5234 2 2 0 1 1391 2648 2842
5235 2 2 0 1 2648 661 2842
5236 2 2 0 1 1763 549 2679
5237 2 2 0 1 15 16 2685
5238 2 2 0 1 87 88 2686
5239 2 2 0 1 2503 1364 2968
5240 2 2 0 1 1365 2504 2969
5241 2 2 0 1 3082 1134 3103
5242 2 2 0 1 423 2503 2968
5243 2 2 0 1 2504 424 2969
5244 2 2 0 1 2097 951 2332
5245 2 2 0 1 523 2097 2332
5246 2 2 0 1 48 49 2934
5247 2 2 0 1 1819 1057 3199
5248 2 2 0 1 2189 539 2451
5249 2 2 0 1 1189 2006 2723
5250 2 2 0 1 49 2715 2934
5251 2 2 0 1 400 1993 2374
5252 2 2 0 1 450 1947 2371
5253 2 2 0 1 2114 507 2389
5254 2 2 0 1 1960 546 2669
5255 2 2 0 1 1787 765 2851
5256 2 2 0 1 766 1788 2852
5257 2 2 0 1 967 1787 2851
5258 2 2 0 1 1788 968 2852
5259 2 2 0 1 1080 1859 3184
5260 2 2 0 1 1860 1081 3185
5261 2 2 0 1 1859 398 3184
5262 2 2 0 1 399 1860 3185
5263 2 2 0 1 1812 508 2609
5264 2 2 0 1 1973 1225 2743
5265 2 2 0 1 2237 1095 2303
5266 2 2 0 1 853 2237 2303
5267 2 2 0 1 165 166 2758
5268 2 2 0 1 163 164 2759
5269 2 2 0 1 1297 2476 2836
5270 2 2 0 1 2476 992 2836
5271 2 2 0 1 576 2453 3131
5272 2 2 0 1 109 110 2744
5273 2 2 0 1 219 220 2745
5274 2 2 0 1 1189 2723 2853
5275 2 2 0 1 56 57 3087
5276 2 2 0 1 1883 452 3200
5277 2 2 0 1 1104 1883 3200
5278 2 2 0 1 1155 2230 3042
5279 2 2 0 1 2231 1156 3043
5280 2 2 0 1 1008 1756 2786
5281 2 2 0 1 906 1920 2430
5282 2 2 0 1 1921 907 2431
5283 2 2 0 1 552 2029 2461
5284 2 2 0 1 984 1885 2785
5285 2 2 0 1 1885 548 2785
5286 2 2 0 1 2337 1444 2475
5287 2 2 0 1 1793 73 2674
5288 2 2 0 1 1004 2088 2314
5289 2 2 0 1 926 1796 2811
5290 2 2 0 1 1947 1607 2694
5291 2 2 0 1 1828 1186 3009
5292 2 2 0 1 2691 1222 2695
5293 2 2 0 1 898 3111 3122
5294 2 2 0 1 3111 1698 3122
5295 2 2 0 1 1994 511 2629
5296 2 2 0 1 980 1994 2629
5297 2 2 0 1 1484 2480 3195
5298 2 2 0 1 1158 2057 2861
5299 2 2 0 1 894 2227 2432
5300 2 2 0 1 837 1969 2772
5301 2 2 0 1 1078 2063 2769
5302 2 2 0 1 2064 1079 2770
5303 2 2 0 1 138 139 2808
5304 2 2 0 1 190 191 2809
5305 2 2 0 1 1992 1049 2943
5306 2 2 0 1 1032 2683 3155
5307 2 2 0 1 2683 1509 3155
5308 2 2 0 1 781 2300 3021
5309 2 2 0 1 2099 909 2646
5310 2 2 0 1 2429 1281 2884
5311 2 2 0 1 608 2429 2884
5312 2 2 0 1 2021 896 2647
5313 2 2 0 1 2937 639 2970
5314 2 2 0 1 33 34 2903
5315 2 2 0 1 1962 1228 3119
5316 2 2 0 1 1070 2295 3120
5317 2 2 0 1 1870 888 2549
5318 2 2 0 1 889 1871 2550
5319 2 2 0 1 71 72 3060
5320 2 2 0 1 723 1782 2771
5321 2 2 0 1 408 1751 3010
5322 2 2 0 1 1044 2137 3088
5323 2 2 0 1 2138 1045 3089
5324 2 2 0 1 2180 386 2922
5325 2 2 0 1 385 2179 2923
5326 2 2 0 1 2082 1164 2571
5327 2 2 0 1 2331 497 2731
5328 2 2 0 1 1168 2331 2731
5329 2 2 0 1 922 1811 3065
5330 2 2 0 1 1004 2314 2383
5331 2 2 0 1 1281 2038 2636
5332 2 2 0 1 1754 896 3019
5333 2 2 0 1 2038 699 2636
5334 2 2 0 1 369 2024 2419
5335 2 2 0 1 61 62 2997
5336 2 2 0 1 718 1765 2892
5337 2 2 0 1 1766 719 2893
5338 2 2 0 1 451 2205 2886
5339 2 2 0 1 1387 1935 2531
5340 2 2 0 1 2265 47 2806
5341 2 2 0 1 2273 548 2436
5342 2 2 0 1 1209 2398 3128
5343 2 2 0 1 1018 2273 2436
5344 2 2 0 1 1796 721 2811
5345 2 2 0 1 45 46 2966
5346 2 2 0 1 2715 1366 2934
5347 2 2 0 1 500 1904 2663
5348 2 2 0 1 213 214 3002
5349 2 2 0 1 115 116 3003
5350 2 2 0 1 1058 1889 3123
5351 2 2 0 1 1889 535 3123
5352 2 2 0 1 65 66 3006
5353 2 2 0 1 2047 994 2347
5354 2 2 0 1 1986 797 2677
5355 2 2 0 1 875 1827 2713
5356 2 2 0 1 842 2146 2278
5357 2 2 0 1 2088 588 2314
5358 2 2 0 1 1762 1067 3017
5359 2 2 0 1 726 1858 2682
5360 2 2 0 1 1858 944 2682
5361 2 2 0 1 818 2164 2342
5362 2 2 0 1 941 2340 2626
5363 2 2 0 1 91 92 3068
5364 2 2 0 1 11 12 3069
5365 2 2 0 1 2059 953 2513
5366 2 2 0 1 952 2058 2512
5367 2 2 0 1 81 82 3071
5368 2 2 0 1 21 22 3072
5369 2 2 0 1 1368 2059 2513
5370 2 2 0 1 2058 1367 2512
5371 2 2 0 1 208 209 3079
5372 2 2 0 1 120 121 3080
5373 2 2 0 1 76 77 3094
5374 2 2 0 1 26 27 3095
5375 2 2 0 1 105 106 3101
5376 2 2 0 1 223 224 3102
5377 2 2 0 1 1761 1124 3115
5378 2 2 0 1 144 145 3150
5379 2 2 0 1 184 185 3151
5380 2 2 0 1 1968 490 2737
5381 2 2 0 1 2401 1130 2568
5382 2 2 0 1 411 2401 2568
5383 2 2 0 1 1086 2604 2814
5384 2 2 0 1 1015 2602 3001
5385 2 2 0 1 1765 886 3148
5386 2 2 0 1 887 1766 3149
5387 2 2 0 1 412 2412 2578
5388 2 2 0 1 2413 413 2579
5389 2 2 0 1 2412 1135 2578
5390 2 2 0 1 1136 2413 2579
5391 2 2 0 1 2605 1808 3181
5392 2 2 0 1 1772 1106 3084
5393 2 2 0 1 1105 1773 3083
5394 2 2 0 1 2446 1053 2980
5395 2 2 0 1 657 2160 2290
5396 2 2 0 1 835 2129 2524
5397 2 2 0 1 1846 876 2739
5398 2 2 0 1 870 2191 2309
5399 2 2 0 1 989 1816 3023
5400 2 2 0 1 1816 416 3023
5401 2 2 0 1 371 1790 3007
5402 2 2 0 1 2024 914 2419
5403 2 2 0 1 2646 1348 2848
5404 2 2 0 1 398 2213 3058
5405 2 2 0 1 2214 399 3059
5406 2 2 0 1 640 2646 2848
5407 2 2 0 1 857 2091 2350
5408 2 2 0 1 1116 2013 3098
5409 2 2 0 1 2061 540 2546
5410 2 2 0 1 2013 820 3098
5411 2 2 0 1 2032 900 3100
5412 2 2 0 1 899 2057 3131
5413 2 2 0 1 2314 975 2383
5414 2 2 0 1 2204 1479 3124
5415 2 2 0 1 1961 931 2616
5416 2 2 0 1 1756 2304 2786
5417 2 2 0 1 432 1980 2514
5418 2 2 0 1 1981 433 2515
5419 2 2 0 1 1224 2501 2738
5420 2 2 0 1 2501 650 2738
5421 2 2 0 1 1151 2499 2796
5422 2 2 0 1 2500 1152 2797
5423 2 2 0 1 1789 512 3197
5424 2 2 0 1 616 2618 2753
5425 2 2 0 1 2619 617 2754
5426 2 2 0 1 2618 1294 2753
5427 2 2 0 1 1295 2619 2754
5428 2 2 0 1 2310 1022 2771
5429 2 2 0 1 1159 2181 2419
5430 2 2 0 1 1826 893 2856
5431 2 2 0 1 2249 827 3078
5432 2 2 0 1 1262 2184 2643
5433 2 2 0 1 2185 1263 2644
5434 2 2 0 1 877 2011 2463
5435 2 2 0 1 2012 878 2462
5436 2 2 0 1 2137 1044 2489
5437 2 2 0 1 1045 2138 2490
5438 2 2 0 1 1170 2485 2909
5439 2 2 0 1 2450 1153 2751
5440 2 2 0 1 1154 2449 2750
5441 2 2 0 1 751 1811 2954
5442 2 2 0 1 1128 1857 3005
5443 2 2 0 1 554 1848 2795
5444 2 2 0 1 2199 1025 3143
5445 2 2 0 1 1026 2200 3144
5446 2 2 0 1 638 2540 2718
5447 2 2 0 1 2540 1233 2718
5448 2 2 0 1 46 2265 2966
5449 2 2 0 1 2265 1202 2966
5450 2 2 0 1 1804 811 3081
5451 2 2 0 1 1236 2147 3179
5452 2 2 0 1 988 1804 3081
5453 2 2 0 1 1444 1992 3133
5454 2 2 0 1 2108 616 2753
5455 2 2 0 1 617 2109 2754
5456 2 2 0 1 1042 2108 2753
5457 2 2 0 1 2109 1043 2754
5458 2 2 0 1 1231 2555 3058
5459 2 2 0 1 2556 1232 3059
5460 2 2 0 1 2016 573 3061
5461 2 2 0 1 1099 2016 3061
5462 2 2 0 1 1825 892 2951
5463 2 2 0 1 893 1826 2950
5464 2 2 0 1 1038 2691 2695
5465 2 2 0 1 813 1805 3162
5466 2 2 0 1 2191 1012 2309
5467 2 2 0 1 1932 975 3135
5468 2 2 0 1 521 2336 3067
5469 2 2 0 1 1122 1827 2967
5470 2 2 0 1 2197 939 2544
5471 2 2 0 1 940 2198 2545
5472 2 2 0 1 1371 2197 2544
5473 2 2 0 1 2198 1372 2545
5474 2 2 0 1 2007 1359 2642
5475 2 2 0 1 2164 1215 2342
5476 2 2 0 1 1808 1059 3181
5477 2 2 0 1 906 2110 2384
5478 2 2 0 1 2111 907 2385
5479 2 2 0 1 1904 912 2663
5480 2 2 0 1 2670 838 3203
5481 2 2 0 1 910 2114 2389
5482 2 2 0 1 2183 839 2542
5483 2 2 0 1 2335 520 3167
5484 2 2 0 1 2875 1197 3110
5485 2 2 0 1 2009 1251 2857
5486 2 2 0 1 1252 2010 2858
5487 2 2 0 1 642 2092 2432
5488 2 2 0 1 2574 508 2839
5489 2 2 0 1 452 2959 3200
5490 2 2 0 1 1296 2574 2839
5491 2 2 0 1 524 2119 2798
5492 2 2 0 1 2900 1516 3046
5493 2 2 0 1 430 2900 3046
5494 2 2 0 1 856 2195 2446
5495 2 2 0 1 1384 2065 2799
5496 2 2 0 1 2066 1385 2800
5497 2 2 0 1 670 2139 2788
5498 2 2 0 1 973 1855 2879
5499 2 2 0 1 1856 974 2880
5500 2 2 0 1 999 2428 2872
5501 2 2 0 1 2755 1209 3128
5502 2 2 0 1 1846 1127 2962
5503 2 2 0 1 1973 482 2611
5504 2 2 0 1 483 1974 2612
5505 2 2 0 1 1304 1907 2997
5506 2 2 0 1 1837 520 3040
5507 2 2 0 1 1437 2297 3104
5508 2 2 0 1 2298 1438 3105
5509 2 2 0 1 1956 1163 2688
5510 2 2 0 1 1523 2248 3062
5511 2 2 0 1 1931 776 3075
5512 2 2 0 1 1348 1915 2848
5513 2 2 0 1 1978 459 2844
5514 2 2 0 1 991 1978 2844
5515 2 2 0 1 1888 1046 3195
5516 2 2 0 1 931 2159 2819
5517 2 2 0 1 751 1888 3195
5518 2 2 0 1 2181 369 2419
5519 2 2 0 1 534 2325 2383
5520 2 2 0 1 2325 1004 2383
5521 2 2 0 1 399 2431 3059
5522 2 2 0 1 2430 398 3058
5523 2 2 0 1 1954 908 2989
5524 2 2 0 1 2150 1038 2695
5525 2 2 0 1 809 2150 2695
5526 2 2 0 1 2236 550 2927
5527 2 2 0 1 1160 2236 2927
5528 2 2 0 1 2217 33 2903
5529 2 2 0 1 744 1922 2712
5530 2 2 0 1 1141 2217 2903
5531 2 2 0 1 1261 2597 2755
5532 2 2 0 1 2597 628 2755
5533 2 2 0 1 2054 762 2587
5534 2 2 0 1 761 2053 2588
5535 2 2 0 1 2028 921 3026
5536 2 2 0 1 2018 1088 3085
5537 2 2 0 1 1089 2019 3086
5538 2 2 0 1 768 2018 3085
5539 2 2 0 1 2019 769 3086
5540 2 2 0 1 1865 976 2904
5541 2 2 0 1 977 1866 2905
5542 2 2 0 1 1951 17 2666
5543 2 2 0 1 86 1950 2667
5544 2 2 0 1 1956 945 2664
5545 2 2 0 1 2460 554 2795
5546 2 2 0 1 2442 1015 3001
5547 2 2 0 1 1184 2159 2871
5548 2 2 0 1 2192 1056 2465
5549 2 2 0 1 798 2192 2465
5550 2 2 0 1 2166 466 2634
5551 2 2 0 1 467 2167 2635
5552 2 2 0 1 1046 2003 3113
5553 2 2 0 1 1967 1430 2970
5554 2 2 0 1 945 2658 2664
5555 2 2 0 1 1891 448 2812
5556 2 2 0 1 1928 111 2716
5557 2 2 0 1 218 1927 2717
5558 2 2 0 1 575 1956 2664
5559 2 2 0 1 590 3017 3115
5560 2 2 0 1 2658 1257 2664
5561 2 2 0 1 2172 525 2949
5562 2 2 0 1 2081 370 2493
5563 2 2 0 1 2292 512 2692
5564 2 2 0 1 736 1947 2694
5565 2 2 0 1 2079 1317 3132
5566 2 2 0 1 1187 2440 2911
5567 2 2 0 1 2441 1188 2912
5568 2 2 0 1 1932 942 3118
5569 2 2 0 1 759 1886 2977
5570 2 2 0 1 1886 987 2977
5571 2 2 0 1 463 1886 2872
5572 2 2 0 1 1853 629 3126
5573 2 2 0 1 1219 1968 2672
5574 2 2 0 1 696 2261 2866
5575 2 2 0 1 2262 697 2867
5576 2 2 0 1 2261 1187 2866
5577 2 2 0 1 1188 2262 2867
5578 2 2 0 1 2227 1071 2432
5579 2 2 0 1 1253 2120 2897
5580 2 2 0 1 500 2289 2913
5581 2 2 0 1 1071 2017 2702
5582 2 2 0 1 2032 1183 2746
5583 2 2 0 1 913 1986 2677
5584 2 2 0 1 1149 2162 3056
5585 2 2 0 1 2161 1150 3057
5586 2 2 0 1 2162 127 3056
5587 2 2 0 1 202 2161 3057
5588 2 2 0 1 916 2061 2546
5589 2 2 0 1 2432 1071 2595
5590 2 2 0 1 466 2151 2634
5591 2 2 0 1 2152 467 2635
5592 2 2 0 1 2151 1000 2634
5593 2 2 0 1 1001 2152 2635
5594 2 2 0 1 1930 394 2794
5595 2 2 0 1 909 1968 2737
5596 2 2 0 1 591 2257 3073
5597 2 2 0 1 2405 969 2439
5598 2 2 0 1 1035 2405 2439
5599 2 2 0 1 372 2382 2772
5600 2 2 0 1 1216 1879 3016
5601 2 2 0 1 2901 962 2902
5602 2 2 0 1 1485 2901 2902
5603 2 2 0 1 2098 1293 2887
5604 2 2 0 1 1915 1464 2848
5605 2 2 0 1 2151 928 2469
5606 2 2 0 1 929 2152 2470
5607 2 2 0 1 2099 420 3189
5608 2 2 0 1 946 2386 2387
5609 2 2 0 1 2386 1052 2387
5610 2 2 0 1 2156 932 2473
5611 2 2 0 1 933 2157 2474
5612 2 2 0 1 2173 1122 3024
5613 2 2 0 1 2025 771 3137
5614 2 2 0 1 772 2026 3138
5615 2 2 0 1 1090 2025 3137
5616 2 2 0 1 2026 1091 3138
5617 2 2 0 1 1030 2559 2925
5618 2 2 0 1 2558 1031 2924
5619 2 2 0 1 2023 201 3057
5620 2 2 0 1 128 2022 3056
5621 2 2 0 1 480 2021 2647
5622 2 2 0 1 2195 1053 2446
5623 2 2 0 1 972 2210 2461
5624 2 2 0 1 2210 552 2461
5625 2 2 0 1 2165 369 2668
5626 2 2 0 1 2296 931 2819
5627 2 2 0 1 575 2664 2724
5628 2 2 0 1 2664 1257 2724
5629 2 2 0 1 948 2184 2706
5630 2 2 0 1 2185 949 2707
5631 2 2 0 1 1941 763 2832
5632 2 2 0 1 764 1942 2833
5633 2 2 0 1 1099 3061 3106
5634 2 2 0 1 3061 1571 3106
5635 2 2 0 1 1907 61 2997
5636 2 2 0 1 2151 466 2987
5637 2 2 0 1 467 2152 2988
5638 2 2 0 1 1033 2444 2762
5639 2 2 0 1 2445 1034 2763
5640 2 2 0 1 1193 2296 2819
5641 2 2 0 1 1975 953 2781
5642 2 2 0 1 952 1976 2780
5643 2 2 0 1 2070 1121 2657
5644 2 2 0 1 787 2070 2657
5645 2 2 0 1 2163 856 2632
5646 2 2 0 1 765 1937 2851
5647 2 2 0 1 1938 766 2852
5648 2 2 0 1 1047 1945 3194
5649 2 2 0 1 1945 546 3194
5650 2 2 0 1 1880 441 3199
5651 2 2 0 1 2572 1475 2775
5652 2 2 0 1 742 1880 3204
5653 2 2 0 1 1166 2761 3188
5654 2 2 0 1 504 2705 2742
5655 2 2 0 1 2704 505 2741
5656 2 2 0 1 2705 1272 2742
5657 2 2 0 1 1271 2704 2741
5658 2 2 0 1 2118 1432 2640
5659 2 2 0 1 1899 364 3022
5660 2 2 0 1 2485 567 2909
5661 2 2 0 1 1018 2436 2603
5662 2 2 0 1 2437 1017 2602
5663 2 2 0 1 2440 568 2911
5664 2 2 0 1 569 2441 2912
5665 2 2 0 1 642 2432 2595
5666 2 2 0 1 2223 1086 2814
5667 2 2 0 1 857 2223 2814
5668 2 2 0 1 2016 855 2684
5669 2 2 0 1 2228 948 2706
5670 2 2 0 1 949 2229 2707
5671 2 2 0 1 540 2353 2546
5672 2 2 0 1 980 1964 2837
5673 2 2 0 1 2574 1296 2860
5674 2 2 0 1 2723 583 2853
5675 2 2 0 1 754 1898 3113
5676 2 2 0 1 2207 396 2478
5677 2 2 0 1 397 2208 2479
5678 2 2 0 1 1961 478 2871
5679 2 2 0 1 972 2140 2651
5680 2 2 0 1 491 2309 2764
5681 2 2 0 1 1894 544 3182
5682 2 2 0 1 545 1895 3183
5683 2 2 0 1 683 1988 2807
5684 2 2 0 1 2024 369 2703
5685 2 2 0 1 421 2605 3181
5686 2 2 0 1 1182 2201 2965
5687 2 2 0 1 1990 1197 2818
5688 2 2 0 1 687 2173 3024
5689 2 2 0 1 2182 1306 2954
5690 2 2 0 1 1962 484 2898
5691 2 2 0 1 1321 2813 3074
5692 2 2 0 1 948 2228 3042
5693 2 2 0 1 2229 949 3043
5694 2 2 0 1 2230 948 3042
5695 2 2 0 1 949 2231 3043
5696 2 2 0 1 986 2641 2738
5697 2 2 0 1 2641 1224 2738
5698 2 2 0 1 941 2257 2464
5699 2 2 0 1 1377 2838 2881
5700 2 2 0 1 2838 1142 2881
5701 2 2 0 1 600 1922 3052
5702 2 2 0 1 364 1946 3022
5703 2 2 0 1 1946 998 3022
5704 2 2 0 1 1238 2260 2628
5705 2 2 0 1 2704 1271 2709
5706 2 2 0 1 1272 2705 2710
5707 2 2 0 1 956 2704 2709
5708 2 2 0 1 2705 957 2710
5709 2 2 0 1 1904 1195 3178
5710 2 2 0 1 1918 768 3085
5711 2 2 0 1 769 1919 3086
5712 2 2 0 1 2356 1348 2737
5713 2 2 0 1 1037 2265 2806
5714 2 2 0 1 1161 1969 2964
5715 2 2 0 1 550 2236 2994
5716 2 2 0 1 1281 2636 2884
5717 2 2 0 1 2637 1282 2885
5718 2 2 0 1 2636 1033 2884
5719 2 2 0 1 1034 2637 2885
5720 2 2 0 1 1933 989 3023
5721 2 2 0 1 588 2088 2910
5722 2 2 0 1 2088 1036 2910
5723 2 2 0 1 3010 1175 3203
5724 2 2 0 1 2165 1027 2703
5725 2 2 0 1 369 2165 2703
5726 2 2 0 1 1987 843 2870
5727 2 2 0 1 771 1916 3137
5728 2 2 0 1 1917 772 3138
5729 2 2 0 1 999 2689 2839
5730 2 2 0 1 847 2322 2933
5731 2 2 0 1 2418 962 2901
5732 2 2 0 1 2689 1296 2839
5733 2 2 0 1 2002 503 2817
5734 2 2 0 1 809 1958 2976
5735 2 2 0 1 2233 612 3180
5736 2 2 0 1 2630 1241 2810
5737 2 2 0 1 1190 2233 3180
5738 2 2 0 1 1007 2630 2810
5739 2 2 0 1 776 2080 3075
5740 2 2 0 1 2065 605 2680
5741 2 2 0 1 606 2066 2681
5742 2 2 0 1 1596 2302 3166
5743 2 2 0 1 2301 1595 3165
5744 2 2 0 1 2793 1408 3039
5745 2 2 0 1 1113 2793 3039
5746 2 2 0 1 2134 371 3111
5747 2 2 0 1 402 2118 2640
5748 2 2 0 1 2773 1005 2938
5749 2 2 0 1 1006 2774 2939
5750 2 2 0 1 1360 2773 2938
5751 2 2 0 1 2774 1361 2939
5752 2 2 0 1 2701 427 3112
5753 2 2 0 1 1393 2701 3112
5754 2 2 0 1 419 1932 3118
5755 2 2 0 1 34 2008 2903
5756 2 2 0 1 2815 1415 3030
5757 2 2 0 1 1416 2816 3031
5758 2 2 0 1 1023 2815 3030
5759 2 2 0 1 2816 1024 3031
5760 2 2 0 1 1357 2914 3107
5761 2 2 0 1 2398 1209 2994
5762 2 2 0 1 954 2398 2994
5763 2 2 0 1 1946 834 3099
5764 2 2 0 1 2043 59 2748
5765 2 2 0 1 2294 1222 2691
5766 2 2 0 1 1084 2174 3049
5767 2 2 0 1 2820 1025 3037
5768 2 2 0 1 1026 2821 3038
5769 2 2 0 1 1418 2820 3037
5770 2 2 0 1 2821 1419 3038
5771 2 2 0 1 2140 572 2651
5772 2 2 0 1 2353 1181 2546
5773 2 2 0 1 473 1935 3164
5774 2 2 0 1 2322 1143 2933
5775 2 2 0 1 1209 2649 3066
5776 2 2 0 1 2301 1106 2808
5777 2 2 0 1 1105 2302 2809
5778 2 2 0 1 139 2301 2808
5779 2 2 0 1 2302 190 2809
5780 2 2 0 1 2101 926 2811
5781 2 2 0 1 2429 608 2942
5782 2 2 0 1 2503 875 2713
5783 2 2 0 1 1364 2503 2713
5784 2 2 0 1 865 2337 2475
5785 2 2 0 1 468 1970 3053
5786 2 2 0 1 1971 469 3054
5787 2 2 0 1 2583 625 3114
5788 2 2 0 1 1313 2583 3114
5789 2 2 0 1 490 2356 2737
5790 2 2 0 1 1023 2263 3146
5791 2 2 0 1 2264 1024 3147
5792 2 2 0 1 2008 1141 2903
5793 2 2 0 1 2532 1168 2711
5794 2 2 0 1 693 2532 2711
5795 2 2 0 1 1196 1994 2986
5796 2 2 0 1 2613 1103 2803
5797 2 2 0 1 2322 406 2727
5798 2 2 0 1 1143 2322 2727
5799 2 2 0 1 1230 2498 3099
5800 2 2 0 1 612 3178 3180
5801 2 2 0 1 1300 2406 2882
5802 2 2 0 1 2407 1301 2883
5803 2 2 0 1 876 2504 2739
5804 2 2 0 1 2406 594 2882
5805 2 2 0 1 595 2407 2883
5806 2 2 0 1 2504 1365 2739
5807 2 2 0 1 994 2047 3046
5808 2 2 0 1 525 2617 2949
5809 2 2 0 1 2281 902 2741
5810 2 2 0 1 903 2282 2742
5811 2 2 0 1 965 2254 2915
5812 2 2 0 1 2253 966 2916
5813 2 2 0 1 1193 2819 3173
5814 2 2 0 1 2146 842 3160
5815 2 2 0 1 1295 2878 2993
5816 2 2 0 1 2877 1294 2992
5817 2 2 0 1 886 2271 3063
5818 2 2 0 1 2272 887 3064
5819 2 2 0 1 1979 1190 3180
5820 2 2 0 1 628 2649 2755
5821 2 2 0 1 2649 1209 2755
5822 2 2 0 1 1390 2205 3041
5823 2 2 0 1 588 2547 3135
5824 2 2 0 1 1992 1282 3133
5825 2 2 0 1 564 2155 2810
5826 2 2 0 1 2155 1007 2810
5827 2 2 0 1 2091 857 2814
5828 2 2 0 1 927 2582 2726
5829 2 2 0 1 811 2005 3081
5830 2 2 0 1 2343 368 2790
5831 2 2 0 1 405 2096 2803
5832 2 2 0 1 1996 1264 3145
5833 2 2 0 1 2210 972 2651
5834 2 2 0 1 2174 674 3049
5835 2 2 0 1 2300 1069 3021
5836 2 2 0 1 1551 2364 3034
5837 2 2 0 1 2365 1552 3033
5838 2 2 0 1 1157 2212 3202
5839 2 2 0 1 2212 604 3202
5840 2 2 0 1 2088 1004 2840
5841 2 2 0 1 1197 2653 3110
5842 2 2 0 1 1046 3113 3174
5843 2 2 0 1 2180 1005 2773
5844 2 2 0 1 1006 2179 2774
5845 2 2 0 1 386 2180 2773
5846 2 2 0 1 2179 385 2774
5847 2 2 0 1 390 2291 2859
5848 2 2 0 1 2022 1149 3056
5849 2 2 0 1 1150 2023 3057
5850 2 2 0 1 2914 998 3107
5851 2 2 0 1 2472 1009 2526
5852 2 2 0 1 507 2028 3026
5853 2 2 0 1 2184 578 2706
5854 2 2 0 1 579 2185 2707
5855 2 2 0 1 403 2665 3117
5856 2 2 0 1 2665 1332 3117
5857 2 2 0 1 2139 926 2788
5858 2 2 0 1 938 2331 2586
5859 2 2 0 1 50 2187 2715
5860 2 2 0 1 3028 1192 3055
5861 2 2 0 1 2252 1377 2881
5862 2 2 0 1 2553 1019 3171
5863 2 2 0 1 1020 2554 3172
5864 2 2 0 1 566 2252 2881
5865 2 2 0 1 1191 3028 3121
5866 2 2 0 1 2382 372 3032
5867 2 2 0 1 975 2314 3135
5868 2 2 0 1 2973 365 3187
5869 2 2 0 1 532 2112 2895
5870 2 2 0 1 2113 533 2896
5871 2 2 0 1 2112 1002 2895
5872 2 2 0 1 1003 2113 2896
5873 2 2 0 1 644 2285 2929
5874 2 2 0 1 2286 643 2928
5875 2 2 0 1 515 2018 3146
5876 2 2 0 1 2019 516 3147
5877 2 2 0 1 2285 1101 2929
5878 2 2 0 1 1100 2286 2928
5879 2 2 0 1 856 2163 3036
5880 2 2 0 1 556 2472 2526
5881 2 2 0 1 1091 2745 3138
5882 2 2 0 1 2744 1090 3137
5883 2 2 0 1 2309 1012 2764
5884 2 2 0 1 653 2555 2990
5885 2 2 0 1 2556 654 2991
5886 2 2 0 1 2555 1231 2990
5887 2 2 0 1 1232 2556 2991
5888 2 2 0 1 2466 1182 2965
5889 2 2 0 1 414 2466 2965
5890 2 2 0 1 2025 517 3143
5891 2 2 0 1 518 2026 3144
5892 2 2 0 1 768 2399 2815
5893 2 2 0 1 2400 769 2816
5894 2 2 0 1 2399 1415 2815
5895 2 2 0 1 1416 2400 2816
5896 2 2 0 1 577 2032 3100
5897 2 2 0 1 1497 2044 3170
5898 2 2 0 1 2304 471 2786
5899 2 2 0 1 1058 2238 2891
5900 2 2 0 1 2238 624 2891
5901 2 2 0 1 2926 502 3163
5902 2 2 0 1 1576 2926 3163
5903 2 2 0 1 2027 472 3170
5904 2 2 0 1 842 2284 3160
5905 2 2 0 1 1418 2420 2820
5906 2 2 0 1 2421 1419 2821
5907 2 2 0 1 2420 771 2820
5908 2 2 0 1 772 2421 2821
5909 2 2 0 1 567 2080 3009
5910 2 2 0 1 2030 830 3156
5911 2 2 0 1 2159 596 2819
5912 2 2 0 1 2132 990 3008
5913 2 2 0 1 2036 793 3158
5914 2 2 0 1 794 2037 3159
5915 2 2 0 1 1002 2112 3176
5916 2 2 0 1 2113 1003 3177
5917 2 2 0 1 627 2046 3132
5918 2 2 0 1 1309 2843 2844
5919 2 2 0 1 2843 991 2844
5920 2 2 0 1 511 2477 3107
5921 2 2 0 1 2317 532 2957
5922 2 2 0 1 533 2318 2958
5923 2 2 0 1 1512 2308 3082
5924 2 2 0 1 2278 564 2702
5925 2 2 0 1 2081 1522 3036
5926 2 2 0 1 2498 511 3107
5927 2 2 0 1 909 2099 3189
5928 2 2 0 1 1015 2437 2602
5929 2 2 0 1 2436 1016 2603
5930 2 2 0 1 373 2877 2992
5931 2 2 0 1 2878 374 2993
5932 2 2 0 1 2057 576 3131
5933 2 2 0 1 2840 365 2973
5934 2 2 0 1 947 2292 2692
5935 2 2 0 1 906 2430 3058
5936 2 2 0 1 2431 907 3059
5937 2 2 0 1 404 2294 2691
5938 2 2 0 1 2386 622 2720
5939 2 2 0 1 1052 2386 2720
5940 2 2 0 1 779 2393 2995
5941 2 2 0 1 2393 1396 2995
5942 2 2 0 1 928 2151 2987
5943 2 2 0 1 2152 929 2988
5944 2 2 0 1 2516 1296 2689
5945 2 2 0 1 2080 1283 3075
5946 2 2 0 1 759 2516 2689
5947 2 2 0 1 838 2048 3203
5948 2 2 0 1 2521 1265 2782
5949 2 2 0 1 1050 2521 2782
5950 2 2 0 1 451 2596 2835
5951 2 2 0 1 2596 1169 2835
5952 2 2 0 1 170 2455 2732
5953 2 2 0 1 2456 159 2733
5954 2 2 0 1 878 2068 3192
5955 2 2 0 1 2156 1002 3176
5956 2 2 0 1 1003 2157 3177
5957 2 2 0 1 2898 1134 3082
5958 2 2 0 1 420 2132 3008
5959 2 2 0 1 810 2119 3048
5960 2 2 0 1 1201 2123 3032
5961 2 2 0 1 1425 2425 2961
5962 2 2 0 1 2424 1424 2960
5963 2 2 0 1 2971 1243 2998
5964 2 2 0 1 1095 2237 3066
5965 2 2 0 1 2237 550 3066
5966 2 2 0 1 1128 2875 3110
5967 2 2 0 1 2535 943 2791
5968 2 2 0 1 2676 1191 3121
5969 2 2 0 1 2195 528 3014
5970 2 2 0 1 1053 2195 3014
5971 2 2 0 1 1022 2711 2731
5972 2 2 0 1 2711 1168 2731
5973 2 2 0 1 2346 1166 3188
5974 2 2 0 1 891 2346 3188
5975 2 2 0 1 546 2390 2669
5976 2 2 0 1 1088 2686 3085
5977 2 2 0 1 2685 1089 3086
5978 2 2 0 1 1080 2317 2957
5979 2 2 0 1 2318 1081 2958
5980 2 2 0 1 2813 1321 3027
5981 2 2 0 1 1087 2813 3027
5982 2 2 0 1 902 2180 2922
5983 2 2 0 1 2179 903 2923
5984 2 2 0 1 1123 2645 2853
5985 2 2 0 1 2645 1189 2853
5986 2 2 0 1 532 2895 2957
5987 2 2 0 1 2896 533 2958
5988 2 2 0 1 2299 491 2764
5989 2 2 0 1 2895 1330 2957
5990 2 2 0 1 1331 2896 2958
5991 2 2 0 1 2196 587 3005
5992 2 2 0 1 935 2172 2949
5993 2 2 0 1 2324 197 2765
5994 2 2 0 1 132 2323 2766
5995 2 2 0 1 2127 407 3154
5996 2 2 0 1 420 2874 3189
5997 2 2 0 1 1345 2973 3187
5998 2 2 0 1 2374 1592 2830
5999 2 2 0 1 641 3169 3191
6000 2 2 0 1 3169 1504 3191
6001 2 2 0 1 2437 1015 2869
6002 2 2 0 1 529 2224 3013
6003 2 2 0 1 2224 1054 3013
6004 2 2 0 1 2697 1193 3173
6005 2 2 0 1 1309 2697 3173
6006 2 2 0 1 546 2124 3194
6007 2 2 0 1 1449 2261 3153
6008 2 2 0 1 2262 1450 3152
6009 2 2 0 1 1070 2534 3116
6010 2 2 0 1 2534 1664 3116
6011 2 2 0 1 1096 2344 2960
6012 2 2 0 1 2345 1097 2961
6013 2 2 0 1 1175 2670 3203
6014 2 2 0 1 2344 868 2960
6015 2 2 0 1 869 2345 2961
6016 2 2 0 1 2629 1230 2631
6017 2 2 0 1 980 2629 2631
6018 2 2 0 1 984 2343 2790
6019 2 2 0 1 3092 618 3176
6020 2 2 0 1 619 3093 3177
6021 2 2 0 1 2291 1162 2859
6022 2 2 0 1 2254 199 2915
6023 2 2 0 1 130 2253 2916
6024 2 2 0 1 1349 2536 2677
6025 2 2 0 1 2536 913 2677
6026 2 2 0 1 445 2623 3070
6027 2 2 0 1 2321 1406 2976
6028 2 2 0 1 2455 1010 2732
6029 2 2 0 1 1011 2456 2733
6030 2 2 0 1 2387 1052 2817
6031 2 2 0 1 979 2355 2906
6032 2 2 0 1 503 2387 2817
6033 2 2 0 1 2382 1228 2772
6034 2 2 0 1 1147 2846 2918
6035 2 2 0 1 2849 1339 3090
6036 2 2 0 1 1340 2850 3091
6037 2 2 0 1 1109 2849 3090
6038 2 2 0 1 2850 1110 3091
6039 2 2 0 1 2534 1070 3120
6040 2 2 0 1 1702 2534 3120
6041 2 2 0 1 1021 2160 3142
6042 2 2 0 1 1548 2240 3154
6043 2 2 0 1 1391 2842 3200
6044 2 2 0 1 2598 678 3119
6045 2 2 0 1 1228 2598 3119
6046 2 2 0 1 2602 602 3001
6047 2 2 0 1 2289 942 2913
6048 2 2 0 1 618 2156 3176
6049 2 2 0 1 2157 619 3177
6050 2 2 0 1 2205 1192 3041
6051 2 2 0 1 1016 2307 3117
6052 2 2 0 1 2236 954 2994
6053 2 2 0 1 427 2659 3112
6054 2 2 0 1 2659 1258 3112
6055 2 2 0 1 3088 1424 3092
6056 2 2 0 1 1425 3089 3093
6057 2 2 0 1 1044 3088 3092
6058 2 2 0 1 3089 1045 3093
6059 2 2 0 1 2283 1094 3124
6060 2 2 0 1 2319 1087 3027
6061 2 2 0 1 584 2319 3027
6062 2 2 0 1 669 2283 3124
6063 2 2 0 1 2213 1231 3058
6064 2 2 0 1 1232 2214 3059
6065 2 2 0 1 2228 417 3042
6066 2 2 0 1 418 2229 3043
6067 2 2 0 1 521 3186 3190
6068 2 2 0 1 57 2521 3087
6069 2 2 0 1 2168 1057 3190
6070 2 2 0 1 2300 384 3012
6071 2 2 0 1 1069 2300 3012
6072 2 2 0 1 1057 2168 3204
6073 2 2 0 1 1027 2381 3161
6074 2 2 0 1 1059 2175 3181
6075 2 2 0 1 2175 421 3181
6076 2 2 0 1 1242 2653 3130
6077 2 2 0 1 2168 742 3204
6078 2 2 0 1 1094 2204 3124
6079 2 2 0 1 2241 1378 3164
6080 2 2 0 1 2327 1133 3102
6081 2 2 0 1 1132 2326 3101
6082 2 2 0 1 224 2327 3102
6083 2 2 0 1 2326 105 3101
6084 2 2 0 1 2557 165 2758
6085 2 2 0 1 164 2557 2759
6086 2 2 0 1 2617 1268 2949
6087 2 2 0 1 2248 1060 3062
6088 2 2 0 1 1126 2442 3001
6089 2 2 0 1 2308 591 2964
6090 2 2 0 1 1360 2654 2773
6091 2 2 0 1 2655 1361 2774
6092 2 2 0 1 2654 386 2773
6093 2 2 0 1 385 2655 2774
6094 2 2 0 1 2882 1100 2999
6095 2 2 0 1 1101 2883 3000
6096 2 2 0 1 1300 2882 2999
6097 2 2 0 1 2883 1301 3000
6098 2 2 0 1 2257 941 3073
6099 2 2 0 1 2747 1147 2918
6100 2 2 0 1 2238 1058 3123
6101 2 2 0 1 1085 2761 2792
6102 2 2 0 1 2761 1166 2792
6103 2 2 0 1 1297 2836 3052
6104 2 2 0 1 2836 600 3052
6105 2 2 0 1 547 2437 2869
6106 2 2 0 1 1067 2557 2758
6107 2 2 0 1 2557 1067 2759
6108 2 2 0 1 2477 1357 3107
6109 2 2 0 1 1129 2971 2998
6110 2 2 0 1 92 2328 3068
6111 2 2 0 1 2329 11 3069
6112 2 2 0 1 2328 1137 3068
6113 2 2 0 1 1138 2329 3069
6114 2 2 0 1 2486 1362 3125
6115 2 2 0 1 2753 1294 2877
6116 2 2 0 1 1295 2754 2878
6117 2 2 0 1 985 2433 2886
6118 2 2 0 1 950 2572 2775
6119 2 2 0 1 1339 2942 3090
6120 2 2 0 1 2943 1340 3091
6121 2 2 0 1 2942 608 3090
6122 2 2 0 1 609 2943 3091
6123 2 2 0 1 893 2458 3129
6124 2 2 0 1 2458 1145 3129
6125 2 2 0 1 2261 696 3153
6126 2 2 0 1 697 2262 3152
6127 2 2 0 1 850 2317 3104
6128 2 2 0 1 2318 851 3105
6129 2 2 0 1 2317 1080 3104
6130 2 2 0 1 1081 2318 3105
6131 2 2 0 1 2297 850 3104
6132 2 2 0 1 851 2298 3105
6133 2 2 0 1 2308 837 3082
6134 2 2 0 1 2747 551 2778
6135 2 2 0 1 1147 2747 2778
6136 2 2 0 1 2284 1288 3160
6137 2 2 0 1 2267 891 3188
6138 2 2 0 1 2819 596 3173
6139 2 2 0 1 1134 2472 3103
6140 2 2 0 1 2472 556 3103
6141 2 2 0 1 2336 940 3067
6142 2 2 0 1 2307 403 3117
6143 2 2 0 1 1176 2539 3134
6144 2 2 0 1 2539 632 3134
6145 2 2 0 1 868 2424 2960
6146 2 2 0 1 2425 869 2961
6147 2 2 0 1 1243 2752 2998
6148 2 2 0 1 2364 1064 3034
6149 2 2 0 1 1065 2365 3033
6150 2 2 0 1 596 2843 3173
6151 2 2 0 1 2843 1309 3173
6152 2 2 0 1 1192 2835 3055
6153 2 2 0 1 1106 2301 3165
6154 2 2 0 1 2302 1105 3166
6155 2 2 0 1 2314 588 3135
6156 2 2 0 1 989 2574 2860
6157 2 2 0 1 2398 381 3128
6158 2 2 0 1 2529 1021 3142
6159 2 2 0 1 594 2406 3083
6160 2 2 0 1 2407 595 3084
6161 2 2 0 1 2406 1105 3083
6162 2 2 0 1 1106 2407 3084
6163 2 2 0 1 587 2818 2875
6164 2 2 0 1 2818 1197 2875
6165 2 2 0 1 2940 1048 2942
6166 2 2 0 1 1049 2941 2943
6167 2 2 0 1 1339 2940 2942
6168 2 2 0 1 2941 1340 2943
6169 2 2 0 1 942 2547 2913
6170 2 2 0 1 2547 1210 2913
6171 2 2 0 1 623 3028 3055
6172 2 2 0 1 939 2335 3167
6173 2 2 0 1 365 2620 3187
6174 2 2 0 1 1040 2435 3047
6175 2 2 0 1 2596 451 2971
6176 2 2 0 1 1129 2596 2971
6177 2 2 0 1 2599 928 2987
6178 2 2 0 1 929 2600 2988
6179 2 2 0 1 1341 2841 2972
6180 2 2 0 1 2676 1123 2831
6181 2 2 0 1 2625 1439 3201
6182 2 2 0 1 388 2676 2831
6183 2 2 0 1 1019 2360 3171
6184 2 2 0 1 2361 1020 3172
6185 2 2 0 1 1610 2638 3193
6186 2 2 0 1 2846 778 2918
6187 2 2 0 1 2875 1128 3005
6188 2 2 0 1 2473 468 3053
6189 2 2 0 1 469 2474 3054
6190 2 2 0 1 996 2899 2900
6191 2 2 0 1 2899 1516 2900
6192 2 2 0 1 2381 572 3161
6193 2 2 0 1 3028 623 3121
6194 2 2 0 1 2787 1126 3001
6195 2 2 0 1 2893 719 3020
6196 2 2 0 1 2876 1192 3028
6197 2 2 0 1 1247 2893 3020
6198 2 2 0 1 2571 1164 3175
6199 2 2 0 1 646 2571 3175
6200 2 2 0 1 998 2498 3107
6201 2 2 0 1 1403 2599 2987
6202 2 2 0 1 2600 1404 2988
6203 2 2 0 1 2678 1518 3202
6204 2 2 0 1 2982 1078 2984
6205 2 2 0 1 1079 2983 2985
6206 2 2 0 1 1334 2982 2984
6207 2 2 0 1 2983 1335 2985
6208 2 2 0 1 597 2486 3125
6209 2 2 0 1 2521 1050 3087
6210 2 2 0 1 1227 2779 3125
6211 2 2 0 1 2779 597 3125
6212 2 2 0 1 1042 2753 2877
6213 2 2 0 1 2754 1043 2878
6214 2 2 0 1 2465 1056 3186
6215 2 2 0 1 2626 1305 3073
6216 2 2 0 1 941 2626 3073
6217 2 2 0 1 2838 71 3060
6218 2 2 0 1 2645 1123 3121
6219 2 2 0 1 2863 1170 2909
6220 2 2 0 1 1186 2863 2909
6221 2 2 0 1 1146 2747 2918
6222 2 2 0 1 1171 2866 2911
6223 2 2 0 1 2867 1172 2912
6224 2 2 0 1 2866 1187 2911
6225 2 2 0 1 1188 2867 2912
6226 2 2 0 1 2480 751 3195
6227 2 2 0 1 2946 1458 2948
6228 2 2 0 1 1459 2945 2947
6229 2 2 0 1 1028 2946 2948
6230 2 2 0 1 2945 1029 2947
6231 2 2 0 1 1053 2978 2980
6232 2 2 0 1 2978 1409 2980
6233 2 2 0 1 615 2565 3145
6234 2 2 0 1 1123 2676 3121
6235 2 2 0 1 2620 1058 3187
6236 2 2 0 1 2623 1039 3070
6237 2 2 0 1 2703 1027 3156
6238 2 2 0 1 2974 1306 3175
6239 2 2 0 1 2856 893 3129
6240 2 2 0 1 1431 2856 3129
6241 2 2 0 1 2649 1095 3066
6242 2 2 0 1 2676 388 3201
6243 2 2 0 1 1191 2676 3201
6244 2 2 0 1 2752 645 2998
6245 2 2 0 1 2653 626 3110
6246 2 2 0 1 623 2645 3121
6247 2 2 0 1 602 2787 3001
6248 2 2 0 1 2653 1197 3130
6249 2 2 0 1 2841 1066 2972
6250 2 2 0 1 639 2937 3016
6251 2 2 0 1 2937 1216 3016
6252 2 2 0 1 1451 3076 3077
6253 2 2 0 1 3076 1083 3077
6254 2 2 0 1 388 2625 3201
6255 2 2 0 1 2638 1125 3193
6256 2 2 0 1 1039 2779 3070
6257 2 2 0 1 2909 567 3009
6258 2 2 0 1 2779 1227 3070
6259 2 2 0 1 587 2875 3005
6260 2 2 0 1 2835 1169 3055
6261 2 2 0 1 1142 2838 3060
6262 2 2 0 1 1191 2876 3028
6263 2 2 0 1 1186 2909 3009
6264 2 2 0 1 1261 2755 3128
6265 2 2 0 1 1192 2876 3041
6266 2 2 0 1 604 2678 3202
6267 2 2 0 1 2876 607 3041
6268 2 2 0 1 3049 1539 3157
6269 2 2 0 1 1058 2891 3187
6270 2 2 0 1 2935 1498 3098
6271 2 2 0 1 820 2935 3098
6272 2 2 0 1 2842 1104 3200
6273 2 2 0 1 2874 1495 3189
6274 2 2 0 1 2891 1345 3187
6275 2 2 0 1 1164 2974 3175
6276 2 2 0 1 1084 3049 3157
6277 2 2 0 1 3199 1057 3204
6278 2 2 0 1 1880 3199 3204
6279 2 2 0 2 3534 3935 5689
6280 2 2 0 2 3282 3899 4726
6281 2 2 0 2 3954 324 4974
6282 2 2 0 2 269 3953 4975
6283 2 2 0 2 3507 3891 4610
6284 2 2 0 2 3294 3946 5651
6285 2 2 0 2 3999 3304 4693
6286 2 2 0 2 3504 4282 4415
6287 2 2 0 2 327 4075 5099
6288 2 2 0 2 4076 266 5100
6289 2 2 0 2 4457 3941 5218
6290 2 2 0 2 3908 3545 4595
6291 2 2 0 2 3985 3217 4239
6292 2 2 0 2 4726 3899 5004
6293 2 2 0 2 4844 3733 5030
6294 2 2 0 2 3385 4463 5397
6295 2 2 0 2 3586 4726 5004
6296 2 2 0 2 3480 3970 5443
6297 2 2 0 2 3432 3966 4351
6298 2 2 0 2 3940 3556 4307
6299 2 2 0 2 3986 3483 4270
6300 2 2 0 2 3770 3972 4588
6301 2 2 0 2 3340 4326 4743
6302 2 2 0 2 3584 3934 4690
6303 2 2 0 2 3531 4457 5218
6304 2 2 0 2 4559 3395 4582
6305 2 2 0 2 5440 3532 5486
6306 2 2 0 2 3826 4559 4582
6307 2 2 0 2 3888 3577 4998
6308 2 2 0 2 3470 3981 5236
6309 2 2 0 2 3225 4005 4249
6310 2 2 0 2 4005 3489 4249
6311 2 2 0 2 3944 3457 4313
6312 2 2 0 2 4154 3389 5277
6313 2 2 0 2 3860 4154 5277
6314 2 2 0 2 4221 3557 4477
6315 2 2 0 2 3642 4221 4477
6316 2 2 0 2 3525 4133 4233
6317 2 2 0 2 4133 3449 4233
6318 2 2 0 2 3599 4266 4301
6319 2 2 0 2 4266 3226 4301
6320 2 2 0 2 4388 342 4629
6321 2 2 0 2 251 4389 4628
6322 2 2 0 2 3504 3968 4341
6323 2 2 0 2 5043 3507 5044
6324 2 2 0 2 3385 3940 5633
6325 2 2 0 2 3429 4058 5036
6326 2 2 0 2 3915 3534 4349
6327 2 2 0 2 4084 3484 4239
6328 2 2 0 2 3833 4234 4739
6329 2 2 0 2 4083 3263 4270
6330 2 2 0 2 4075 327 4406
6331 2 2 0 2 266 4076 4407
6332 2 2 0 2 4134 3654 4846
6333 2 2 0 2 3664 4799 5160
6334 2 2 0 2 4055 3875 5528
6335 2 2 0 2 4234 3341 4739
6336 2 2 0 2 3407 4055 5528
6337 2 2 0 2 3531 4367 4458
6338 2 2 0 2 3648 4158 4304
6339 2 2 0 2 3558 4087 4917
6340 2 2 0 2 4337 3427 5075
6341 2 2 0 2 3917 4337 5075
6342 2 2 0 2 4193 3423 4498
6343 2 2 0 2 3679 4193 4498
6344 2 2 0 2 3457 3944 5426
6345 2 2 0 2 3397 3971 4496
6346 2 2 0 2 3438 4021 4234
6347 2 2 0 2 3230 4115 4349
6348 2 2 0 2 3294 4097 4222
6349 2 2 0 2 4087 3536 4917
6350 2 2 0 2 326 327 5099
6351 2 2 0 2 266 267 5100
6352 2 2 0 2 3861 4226 5449
6353 2 2 0 2 4225 3860 5448
6354 2 2 0 2 3507 4375 5044
6355 2 2 0 2 3557 3892 4444
6356 2 2 0 2 4023 3301 4265
6357 2 2 0 2 3977 3400 4508
6358 2 2 0 2 3399 3976 4507
6359 2 2 0 2 3997 3650 4660
6360 2 2 0 2 3651 3996 4661
6361 2 2 0 2 4568 3288 4829
6362 2 2 0 2 3643 4377 4766
6363 2 2 0 2 4204 3554 4466
6364 2 2 0 2 3483 3986 4274
6365 2 2 0 2 3981 3470 5023
6366 2 2 0 2 3354 4526 4630
6367 2 2 0 2 4526 3821 4630
6368 2 2 0 2 3480 5443 5520
6369 2 2 0 2 3471 4145 4247
6370 2 2 0 2 3631 3928 4578
6371 2 2 0 2 3372 4951 5198
6372 2 2 0 2 4952 3373 5199
6373 2 2 0 2 3995 3580 5291
6374 2 2 0 2 3579 3994 5292
6375 2 2 0 2 3650 4167 4305
6376 2 2 0 2 4051 3452 4423
6377 2 2 0 2 3453 4052 4424
6378 2 2 0 2 3556 3940 4640
6379 2 2 0 2 3940 3221 4640
6380 2 2 0 2 3401 3992 5248
6381 2 2 0 2 3993 3402 5249
6382 2 2 0 2 4766 4377 5458
6383 2 2 0 2 3987 3305 4782
6384 2 2 0 2 3998 3648 4573
6385 2 2 0 2 4204 4466 5216
6386 2 2 0 2 3587 4094 4461
6387 2 2 0 2 4095 3588 4462
6388 2 2 0 2 324 3954 4613
6389 2 2 0 2 3953 269 4614
6390 2 2 0 2 3440 4075 4406
6391 2 2 0 2 4076 3441 4407
6392 2 2 0 2 5443 4010 5520
6393 2 2 0 2 4465 5032 5090
6394 2 2 0 2 3601 4205 4387
6395 2 2 0 2 4205 3555 4387
6396 2 2 0 2 3544 4159 4160
6397 2 2 0 2 4159 3469 4160
6398 2 2 0 2 4067 3554 4204
6399 2 2 0 2 4378 3644 4772
6400 2 2 0 2 3498 4253 4475
6401 2 2 0 2 3910 3322 4421
6402 2 2 0 2 3372 4094 4932
6403 2 2 0 2 4095 3373 4933
6404 2 2 0 2 3925 3379 4677
6405 2 2 0 2 4094 3708 4932
6406 2 2 0 2 3709 4095 4933
6407 2 2 0 2 4326 3732 4743
6408 2 2 0 2 3994 3403 5254
6409 2 2 0 2 3404 3995 5255
6410 2 2 0 2 3321 3972 4417
6411 2 2 0 2 4003 3727 4746
6412 2 2 0 2 3372 3918 5565
6413 2 2 0 2 3919 3373 5566
6414 2 2 0 2 4226 3445 5449
6415 2 2 0 2 3444 4225 5448
6416 2 2 0 2 3577 3888 4787
6417 2 2 0 2 4103 3233 4544
6418 2 2 0 2 3589 4216 4675
6419 2 2 0 2 3603 4072 4306
6420 2 2 0 2 3612 4103 4544
6421 2 2 0 2 4072 3540 4306
6422 2 2 0 2 3561 4116 4605
6423 2 2 0 2 3620 4016 4259
6424 2 2 0 2 3570 3935 6036
6425 2 2 0 2 3407 3914 4732
6426 2 2 0 2 3965 294 4602
6427 2 2 0 2 299 3966 4603
6428 2 2 0 2 4949 3519 5208
6429 2 2 0 2 4085 3468 5594
6430 2 2 0 2 3468 4086 5594
6431 2 2 0 2 3891 3507 4535
6432 2 2 0 2 4378 4772 5459
6433 2 2 0 2 3256 4059 4444
6434 2 2 0 2 4059 3557 4444
6435 2 2 0 2 4393 4943 5417
6436 2 2 0 2 3957 3300 4340
6437 2 2 0 2 4183 3612 4990
6438 2 2 0 2 4259 4016 5515
6439 2 2 0 2 3395 4259 5515
6440 2 2 0 2 3532 4455 5486
6441 2 2 0 2 3377 3901 4510
6442 2 2 0 2 3341 4080 4309
6443 2 2 0 2 4080 3527 4309
6444 2 2 0 2 4458 4367 5165
6445 2 2 0 2 3612 4633 4990
6446 2 2 0 2 4328 3664 5160
6447 2 2 0 2 3970 3480 5327
6448 2 2 0 2 3997 4660 5411
6449 2 2 0 2 4661 3996 5412
6450 2 2 0 2 10 4694 5169
6451 2 2 0 2 4695 93 5168
6452 2 2 0 2 3992 3575 5344
6453 2 2 0 2 3576 3993 5343
6454 2 2 0 2 3949 3589 5880
6455 2 2 0 2 3297 4104 4754
6456 2 2 0 2 4105 3298 4755
6457 2 2 0 2 3824 4468 4960
6458 2 2 0 2 4467 3825 4959
6459 2 2 0 2 3914 3407 5528
6460 2 2 0 2 4425 4026 5795
6461 2 2 0 2 5186 3349 5228
6462 2 2 0 2 3296 4099 4741
6463 2 2 0 2 4353 5245 5945
6464 2 2 0 2 3999 3419 4977
6465 2 2 0 2 3490 3950 4546
6466 2 2 0 2 4079 3208 5327
6467 2 2 0 2 4529 5286 5482
6468 2 2 0 2 5287 4528 5483
6469 2 2 0 2 3283 4124 4432
6470 2 2 0 2 4015 3397 4496
6471 2 2 0 2 3455 4061 4430
6472 2 2 0 2 4062 3456 4431
6473 2 2 0 2 53 52 4145
6474 2 2 0 2 3892 3557 5180
6475 2 2 0 2 3268 4178 4935
6476 2 2 0 2 357 4706 5166
6477 2 2 0 2 4705 236 5167
6478 2 2 0 2 3711 4302 5264
6479 2 2 0 2 4303 3712 5265
6480 2 2 0 2 3792 4147 4704
6481 2 2 0 2 3400 4019 4508
6482 2 2 0 2 4018 3399 4507
6483 2 2 0 2 4084 3406 5441
6484 2 2 0 2 4353 3878 5245
6485 2 2 0 2 4463 3916 5397
6486 2 2 0 2 3379 3925 4557
6487 2 2 0 2 4523 4295 5863
6488 2 2 0 2 4302 3711 5289
6489 2 2 0 2 3712 4303 5290
6490 2 2 0 2 3899 3282 4666
6491 2 2 0 2 3564 3958 4379
6492 2 2 0 2 3901 3377 5965
6493 2 2 0 2 4121 4783 5010
6494 2 2 0 2 4784 4122 5011
6495 2 2 0 2 5116 3856 5307
6496 2 2 0 2 3855 5115 5306
6497 2 2 0 2 3542 4529 5482
6498 2 2 0 2 4528 3541 5483
6499 2 2 0 2 4058 4262 5036
6500 2 2 0 2 4203 3605 4252
6501 2 2 0 2 3604 4202 4251
6502 2 2 0 2 4312 3325 4589
6503 2 2 0 2 3697 4312 4589
6504 2 2 0 2 4465 3713 5032
6505 2 2 0 2 3489 4005 5416
6506 2 2 0 2 3601 4043 4742
6507 2 2 0 2 3441 4076 5751
6508 2 2 0 2 4075 3440 5750
6509 2 2 0 2 3474 4017 4916
6510 2 2 0 2 3904 5069 5623
6511 2 2 0 2 5070 3905 5624
6512 2 2 0 2 3650 4305 5504
6513 2 2 0 2 3238 4196 4752
6514 2 2 0 2 4197 3239 4753
6515 2 2 0 2 3980 3426 5668
6516 2 2 0 2 4690 3934 5237
6517 2 2 0 2 4288 3331 5244
6518 2 2 0 2 3330 4289 5243
6519 2 2 0 2 3918 3372 4932
6520 2 2 0 2 3373 3919 4933
6521 2 2 0 2 4415 4282 4957
6522 2 2 0 2 4077 3223 5383
6523 2 2 0 2 4058 3272 4262
6524 2 2 0 2 5213 4288 5244
6525 2 2 0 2 4289 5212 5243
6526 2 2 0 2 3723 4459 4481
6527 2 2 0 2 4459 3512 4481
6528 2 2 0 2 3498 4475 4536
6529 2 2 0 2 4127 3536 5251
6530 2 2 0 2 3537 4126 5250
6531 2 2 0 2 5068 4296 5410
6532 2 2 0 2 4042 4958 5874
6533 2 2 0 2 4034 3526 5052
6534 2 2 0 2 3428 4674 5310
6535 2 2 0 2 3624 4523 5863
6536 2 2 0 2 3278 4085 4434
6537 2 2 0 2 5293 4314 5496
6538 2 2 0 2 3965 5440 5486
6539 2 2 0 2 3330 4368 4449
6540 2 2 0 2 4369 3331 4448
6541 2 2 0 2 3545 3908 4597
6542 2 2 0 2 4368 3676 4449
6543 2 2 0 2 3675 4369 4448
6544 2 2 0 2 3946 3378 4636
6545 2 2 0 2 3589 4001 5757
6546 2 2 0 2 4423 3452 5672
6547 2 2 0 2 3453 4424 5673
6548 2 2 0 2 4116 3561 4310
6549 2 2 0 2 3470 5236 5479
6550 2 2 0 2 3935 3570 4747
6551 2 2 0 2 4198 3695 4375
6552 2 2 0 2 3507 4198 4375
6553 2 2 0 2 3371 3984 5775
6554 2 2 0 2 3540 4152 4306
6555 2 2 0 2 4152 3323 4306
6556 2 2 0 2 4377 3383 4490
6557 2 2 0 2 3384 4378 4491
6558 2 2 0 2 3687 4377 4490
6559 2 2 0 2 4378 3688 4491
6560 2 2 0 2 4354 3295 4733
6561 2 2 0 2 3763 4354 4733
6562 2 2 0 2 3625 4060 4708
6563 2 2 0 2 4060 3332 4708
6564 2 2 0 2 3257 4674 4815
6565 2 2 0 2 4111 3681 4841
6566 2 2 0 2 3500 4003 5703
6567 2 2 0 2 3348 4111 4841
6568 2 2 0 2 5441 3406 5547
6569 2 2 0 2 3822 5208 5242
6570 2 2 0 2 4837 3268 4935
6571 2 2 0 2 3264 4159 4315
6572 2 2 0 2 4159 3544 4315
6573 2 2 0 2 3999 4693 5705
6574 2 2 0 2 3989 3406 5000
6575 2 2 0 2 3322 3910 5189
6576 2 2 0 2 3667 3989 5000
6577 2 2 0 2 3208 4191 5327
6578 2 2 0 2 4939 3793 5682
6579 2 2 0 2 3799 4661 5412
6580 2 2 0 2 4660 3798 5411
6581 2 2 0 2 3534 3915 4635
6582 2 2 0 2 3331 4087 4448
6583 2 2 0 2 4088 3330 4449
6584 2 2 0 2 3740 5065 5569
6585 2 2 0 2 4087 3558 4448
6586 2 2 0 2 3559 4088 4449
6587 2 2 0 2 3490 4135 5815
6588 2 2 0 2 273 274 4710
6589 2 2 0 2 319 320 4711
6590 2 2 0 2 3928 3631 4897
6591 2 2 0 2 4070 3431 4885
6592 2 2 0 2 3777 4037 5318
6593 2 2 0 2 4037 3353 5318
6594 2 2 0 2 273 4710 5626
6595 2 2 0 2 4711 320 5627
6596 2 2 0 2 3345 4269 4843
6597 2 2 0 2 4269 3743 4843
6598 2 2 0 2 4468 3355 4960
6599 2 2 0 2 3356 4467 4959
6600 2 2 0 2 3950 3490 5156
6601 2 2 0 2 3430 4050 5753
6602 2 2 0 2 4058 3501 4283
6603 2 2 0 2 4452 3534 5689
6604 2 2 0 2 3934 3584 4527
6605 2 2 0 2 3501 4058 4287
6606 2 2 0 2 4134 3318 4859
6607 2 2 0 2 3685 4134 4859
6608 2 2 0 2 78 4411 4599
6609 2 2 0 2 4412 25 4598
6610 2 2 0 2 3485 4012 4851
6611 2 2 0 2 3489 4677 4963
6612 2 2 0 2 4675 4216 4993
6613 2 2 0 2 4783 3308 5010
6614 2 2 0 2 3309 4784 5011
6615 2 2 0 2 4045 3424 4928
6616 2 2 0 2 3655 4262 4913
6617 2 2 0 2 4262 3838 4913
6618 2 2 0 2 3272 4058 4283
6619 2 2 0 2 4568 3558 4917
6620 2 2 0 2 3220 4168 4619
6621 2 2 0 2 3998 3258 4359
6622 2 2 0 2 36 4622 5505
6623 2 2 0 2 4058 3429 4287
6624 2 2 0 2 3678 4208 4362
6625 2 2 0 2 4208 3508 4362
6626 2 2 0 2 3755 4000 4511
6627 2 2 0 2 4031 3649 4478
6628 2 2 0 2 4182 3304 4686
6629 2 2 0 2 4092 3246 5136
6630 2 2 0 2 4064 3340 4363
6631 2 2 0 2 4135 4315 5815
6632 2 2 0 2 3972 3770 5192
6633 2 2 0 2 36 35 4622
6634 2 2 0 2 4005 3225 4360
6635 2 2 0 2 3503 4005 4360
6636 2 2 0 2 4447 3727 4736
6637 2 2 0 2 3488 4191 4652
6638 2 2 0 2 3452 4188 4926
6639 2 2 0 2 4189 3453 4927
6640 2 2 0 2 3736 5068 5410
6641 2 2 0 2 4148 3433 5805
6642 2 2 0 2 4002 4148 5805
6643 2 2 0 2 3426 3980 5203
6644 2 2 0 2 3975 4632 5741
6645 2 2 0 2 4211 3294 5651
6646 2 2 0 2 3303 4025 4797
6647 2 2 0 2 3649 4244 4724
6648 2 2 0 2 3536 4472 4917
6649 2 2 0 2 3770 4588 5570
6650 2 2 0 2 3552 4240 4278
6651 2 2 0 2 4240 3519 4278
6652 2 2 0 2 4042 4318 4958
6653 2 2 0 2 3300 4425 5795
6654 2 2 0 2 3221 4690 5237
6655 2 2 0 2 4046 3401 4479
6656 2 2 0 2 3402 4047 4480
6657 2 2 0 2 4194 3455 4937
6658 2 2 0 2 3456 4195 4938
6659 2 2 0 2 4352 3740 5569
6660 2 2 0 2 3935 3534 4635
6661 2 2 0 2 4042 3424 4318
6662 2 2 0 2 3548 4046 4479
6663 2 2 0 2 4047 3549 4480
6664 2 2 0 2 53 4145 5092
6665 2 2 0 2 4206 3856 5116
6666 2 2 0 2 3855 4207 5115
6667 2 2 0 2 4252 3605 4539
6668 2 2 0 2 3604 4251 4538
6669 2 2 0 2 4288 4127 5251
6670 2 2 0 2 4126 4289 5250
6671 2 2 0 2 3979 3523 4618
6672 2 2 0 2 3524 3978 4617
6673 2 2 0 2 4109 3219 4580
6674 2 2 0 2 3220 4110 4581
6675 2 2 0 2 3527 4080 5740
6676 2 2 0 2 5383 3223 5543
6677 2 2 0 2 3612 4544 4633
6678 2 2 0 2 3318 4134 4846
6679 2 2 0 2 4633 4544 5370
6680 2 2 0 2 4489 3893 5233
6681 2 2 0 2 4849 3284 4856
6682 2 2 0 2 3285 4850 4857
6683 2 2 0 2 4179 3710 4891
6684 2 2 0 2 3640 4522 4828
6685 2 2 0 2 3381 5293 5496
6686 2 2 0 2 3569 5454 5519
6687 2 2 0 2 4674 3428 5431
6688 2 2 0 2 3258 3998 5302
6689 2 2 0 2 4335 4102 5941
6690 2 2 0 2 3672 3953 4519
6691 2 2 0 2 3954 3671 4520
6692 2 2 0 2 3534 4277 4349
6693 2 2 0 2 4048 3550 4486
6694 2 2 0 2 3551 4049 4487
6695 2 2 0 2 4828 4522 5206
6696 2 2 0 2 4166 4872 5560
6697 2 2 0 2 3403 4048 4486
6698 2 2 0 2 4049 3404 4487
6699 2 2 0 2 3521 3973 4638
6700 2 2 0 2 3974 3522 4639
6701 2 2 0 2 3491 4196 4856
6702 2 2 0 2 4197 3492 4857
6703 2 2 0 2 4196 3708 4856
6704 2 2 0 2 3709 4197 4857
6705 2 2 0 2 3284 4128 4856
6706 2 2 0 2 4129 3285 4857
6707 2 2 0 2 3376 4063 4929
6708 2 2 0 2 4726 4418 5328
6709 2 2 0 2 3225 4768 5646
6710 2 2 0 2 3584 4256 4460
6711 2 2 0 2 3221 3940 4690
6712 2 2 0 2 4651 3841 5268
6713 2 2 0 2 4256 3620 4460
6714 2 2 0 2 5131 4376 5350
6715 2 2 0 2 4193 3684 4836
6716 2 2 0 2 4418 3710 5328
6717 2 2 0 2 3940 3385 4801
6718 2 2 0 2 4259 3822 5242
6719 2 2 0 2 4126 3252 4593
6720 2 2 0 2 4060 3625 4314
6721 2 2 0 2 4694 3816 5169
6722 2 2 0 2 3817 4695 5168
6723 2 2 0 2 3226 4266 4832
6724 2 2 0 2 3502 4393 5417
6725 2 2 0 2 4706 3819 5166
6726 2 2 0 2 3820 4705 5167
6727 2 2 0 2 3542 3949 4648
6728 2 2 0 2 3949 3542 4880
6729 2 2 0 2 3590 3982 4731
6730 2 2 0 2 4951 3884 5198
6731 2 2 0 2 3885 4952 5199
6732 2 2 0 2 3881 4897 5314
6733 2 2 0 2 5012 3472 5432
6734 2 2 0 2 3946 3294 4845
6735 2 2 0 2 3283 3949 4880
6736 2 2 0 2 3473 4179 4987
6737 2 2 0 2 60 4235 4748
6738 2 2 0 2 3966 3432 5858
6739 2 2 0 2 3793 4806 5682
6740 2 2 0 2 3224 4335 5941
6741 2 2 0 2 4149 3317 4519
6742 2 2 0 2 3316 4150 4520
6743 2 2 0 2 3953 3672 4975
6744 2 2 0 2 3671 3954 4974
6745 2 2 0 2 4215 3834 5339
6746 2 2 0 2 3378 3946 4723
6747 2 2 0 2 4456 3427 5393
6748 2 2 0 2 3916 5187 5215
6749 2 2 0 2 4017 3474 5385
6750 2 2 0 2 4141 3349 5186
6751 2 2 0 2 3758 4223 4988
6752 2 2 0 2 4224 3759 4989
6753 2 2 0 2 4223 3368 4988
6754 2 2 0 2 3369 4224 4989
6755 2 2 0 2 4567 3405 5236
6756 2 2 0 2 3878 4353 5098
6757 2 2 0 2 4353 3433 5098
6758 2 2 0 2 3589 3949 4831
6759 2 2 0 2 3849 4608 5396
6760 2 2 0 2 3580 4682 5291
6761 2 2 0 2 4681 3579 5292
6762 2 2 0 2 3497 4111 5207
6763 2 2 0 2 3949 3283 4831
6764 2 2 0 2 3635 4136 4309
6765 2 2 0 2 3313 4295 4523
6766 2 2 0 2 3562 3950 4673
6767 2 2 0 2 3418 4025 4971
6768 2 2 0 2 4026 3566 4383
6769 2 2 0 2 4078 3727 4447
6770 2 2 0 2 3958 3564 4729
6771 2 2 0 2 3572 4054 4723
6772 2 2 0 2 74 3961 4767
6773 2 2 0 2 4274 3220 4619
6774 2 2 0 2 3727 4003 5294
6775 2 2 0 2 4003 3500 5294
6776 2 2 0 2 3448 4228 5071
6777 2 2 0 2 4227 3447 5072
6778 2 2 0 2 4228 3791 5071
6779 2 2 0 2 3790 4227 5072
6780 2 2 0 2 4608 3849 5476
6781 2 2 0 2 3981 4567 5236
6782 2 2 0 2 4084 4239 5476
6783 2 2 0 2 3472 4372 5432
6784 2 2 0 2 4372 4020 5432
6785 2 2 0 2 3368 4223 4903
6786 2 2 0 2 4224 3369 4904
6787 2 2 0 2 4044 3280 4358
6788 2 2 0 2 3302 4240 5845
6789 2 2 0 2 3733 4560 5030
6790 2 2 0 2 3708 4196 4932
6791 2 2 0 2 4197 3709 4933
6792 2 2 0 2 3950 3562 5107
6793 2 2 0 2 3423 4193 4836
6794 2 2 0 2 5069 3259 5623
6795 2 2 0 2 3260 5070 5624
6796 2 2 0 2 3300 3957 5299
6797 2 2 0 2 4166 3321 4872
6798 2 2 0 2 4126 3493 4289
6799 2 2 0 2 3494 4127 4288
6800 2 2 0 2 3971 3397 4497
6801 2 2 0 2 4632 3975 5315
6802 2 2 0 2 3302 5845 5937
6803 2 2 0 2 5276 3570 5848
6804 2 2 0 2 3495 4131 4953
6805 2 2 0 2 4132 3496 4954
6806 2 2 0 2 4608 3217 4877
6807 2 2 0 2 3927 4608 4877
6808 2 2 0 2 4150 3316 4381
6809 2 2 0 2 3317 4149 4380
6810 2 2 0 2 4044 3424 4615
6811 2 2 0 2 4021 3320 4751
6812 2 2 0 2 4630 3570 6036
6813 2 2 0 2 4174 3859 5449
6814 2 2 0 2 3424 4045 4615
6815 2 2 0 2 3496 4132 4292
6816 2 2 0 2 4131 3495 4293
6817 2 2 0 2 3445 4174 5449
6818 2 2 0 2 3593 3990 4756
6819 2 2 0 2 3991 3594 4757
6820 2 2 0 2 3976 3399 4499
6821 2 2 0 2 3400 3977 4500
6822 2 2 0 2 3465 4156 5896
6823 2 2 0 2 4156 4010 5896
6824 2 2 0 2 3968 3504 5059
6825 2 2 0 2 4066 3494 5213
6826 2 2 0 2 4101 3206 4408
6827 2 2 0 2 4065 3746 5212
6828 2 2 0 2 3747 4066 5213
6829 2 2 0 2 4724 4244 5447
6830 2 2 0 2 4252 5569 5819
6831 2 2 0 2 3443 4215 5339
6832 2 2 0 2 4652 4191 5226
6833 2 2 0 2 3955 4735 4986
6834 2 2 0 2 4734 3956 4985
6835 2 2 0 2 3238 4752 5319
6836 2 2 0 2 4753 3239 5320
6837 2 2 0 2 3500 4045 4736
6838 2 2 0 2 4735 3387 4986
6839 2 2 0 2 3386 4734 4985
6840 2 2 0 2 4106 3502 4550
6841 2 2 0 2 4050 4342 5753
6842 2 2 0 2 4202 3475 4251
6843 2 2 0 2 3476 4203 4252
6844 2 2 0 2 4055 3281 4386
6845 2 2 0 2 4463 3385 5633
6846 2 2 0 2 4897 3881 5536
6847 2 2 0 2 3462 4242 5139
6848 2 2 0 2 4243 3463 5140
6849 2 2 0 2 3417 4004 5124
6850 2 2 0 2 3543 4340 4383
6851 2 2 0 2 3575 3992 4717
6852 2 2 0 2 3993 3576 4718
6853 2 2 0 2 3992 3401 4717
6854 2 2 0 2 3402 3993 4718
6855 2 2 0 2 4182 4686 5693
6856 2 2 0 2 3303 4181 4727
6857 2 2 0 2 3482 4942 6011
6858 2 2 0 2 3973 3521 4531
6859 2 2 0 2 3522 3974 4532
6860 2 2 0 2 4156 3465 5491
6861 2 2 0 2 3499 4376 5131
6862 2 2 0 2 4127 3494 4471
6863 2 2 0 2 3998 4573 5302
6864 2 2 0 2 3403 3994 4721
6865 2 2 0 2 3995 3404 4722
6866 2 2 0 2 3994 3579 4721
6867 2 2 0 2 3580 3995 4722
6868 2 2 0 2 3978 3524 4534
6869 2 2 0 2 3523 3979 4533
6870 2 2 0 2 3806 4392 4896
6871 2 2 0 2 4392 3413 4896
6872 2 2 0 2 3940 4307 5633
6873 2 2 0 2 55 54 4198
6874 2 2 0 2 3992 4401 5248
6875 2 2 0 2 4402 3993 5249
6876 2 2 0 2 239 240 4184
6877 2 2 0 2 353 354 4185
6878 2 2 0 2 3320 4021 5634
6879 2 2 0 2 3984 3371 5867
6880 2 2 0 2 3961 74 5519
6881 2 2 0 2 3320 4489 5233
6882 2 2 0 2 3792 4704 5618
6883 2 2 0 2 4292 3255 4893
6884 2 2 0 2 3254 4293 4892
6885 2 2 0 2 3434 3963 4667
6886 2 2 0 2 3570 4631 5848
6887 2 2 0 2 4136 3341 4309
6888 2 2 0 2 3963 3434 4901
6889 2 2 0 2 4043 3601 4824
6890 2 2 0 2 4674 3780 4815
6891 2 2 0 2 3892 5180 5382
6892 2 2 0 2 3468 4229 5274
6893 2 2 0 2 4070 4885 5940
6894 2 2 0 2 4591 4071 5960
6895 2 2 0 2 3267 4447 4736
6896 2 2 0 2 3648 4304 4881
6897 2 2 0 2 3822 4949 5208
6898 2 2 0 2 90 89 4170
6899 2 2 0 2 14 13 4169
6900 2 2 0 2 4247 4145 5601
6901 2 2 0 2 3511 4004 4776
6902 2 2 0 2 3455 4430 5698
6903 2 2 0 2 4431 3456 5699
6904 2 2 0 2 4216 3589 5757
6905 2 2 0 2 3961 3644 4767
6906 2 2 0 2 3644 3961 4772
6907 2 2 0 2 5088 4243 5140
6908 2 2 0 2 4242 5087 5139
6909 2 2 0 2 3625 3967 4961
6910 2 2 0 2 3634 4163 4547
6911 2 2 0 2 44 43 4205
6912 2 2 0 2 4064 4363 5345
6913 2 2 0 2 3424 4044 5470
6914 2 2 0 2 5096 4034 5713
6915 2 2 0 2 4634 3569 5519
6916 2 2 0 2 3452 4926 5445
6917 2 2 0 2 4927 3453 5446
6918 2 2 0 2 3684 4044 5197
6919 2 2 0 2 3972 3632 4588
6920 2 2 0 2 3440 4406 5147
6921 2 2 0 2 4407 3441 5148
6922 2 2 0 2 4942 3482 5492
6923 2 2 0 2 3435 3968 4650
6924 2 2 0 2 3253 3989 4670
6925 2 2 0 2 3494 4066 5585
6926 2 2 0 2 3432 4100 5440
6927 2 2 0 2 4135 3264 4315
6928 2 2 0 2 4409 3994 5254
6929 2 2 0 2 3995 4410 5255
6930 2 2 0 2 4797 4025 5588
6931 2 2 0 2 4229 3828 5274
6932 2 2 0 2 4012 3485 5305
6933 2 2 0 2 4191 3970 5327
6934 2 2 0 2 4832 4266 5564
6935 2 2 0 2 3332 4200 4708
6936 2 2 0 2 3516 4796 4994
6937 2 2 0 2 4863 3738 4886
6938 2 2 0 2 4937 3455 5461
6939 2 2 0 2 3456 4938 5462
6940 2 2 0 2 4142 3336 4450
6941 2 2 0 2 3554 4142 4450
6942 2 2 0 2 4000 3633 4511
6943 2 2 0 2 5648 4370 5856
6944 2 2 0 2 3968 3435 4685
6945 2 2 0 2 3589 4676 5880
6946 2 2 0 2 3814 4314 5293
6947 2 2 0 2 4146 3319 5381
6948 2 2 0 2 4100 3432 4351
6949 2 2 0 2 4241 3720 4908
6950 2 2 0 2 294 3965 5486
6951 2 2 0 2 3966 299 5485
6952 2 2 0 2 3457 5426 5986
6953 2 2 0 2 3406 4084 5655
6954 2 2 0 2 3967 3625 4708
6955 2 2 0 2 4179 4891 5543
6956 2 2 0 2 4156 3273 4308
6957 2 2 0 2 3246 4092 5064
6958 2 2 0 2 4092 3700 5064
6959 2 2 0 2 3943 4149 5725
6960 2 2 0 2 4150 3942 5726
6961 2 2 0 2 3286 4133 4343
6962 2 2 0 2 4149 3436 5725
6963 2 2 0 2 3437 4150 5726
6964 2 2 0 2 4252 3307 5569
6965 2 2 0 2 4133 3525 4343
6966 2 2 0 2 4290 3553 4291
6967 2 2 0 2 3526 4290 4291
6968 2 2 0 2 3519 4370 5648
6969 2 2 0 2 4276 3806 5535
6970 2 2 0 2 4158 3218 4304
6971 2 2 0 2 4250 3500 5703
6972 2 2 0 2 4154 3560 4366
6973 2 2 0 2 3972 3321 4979
6974 2 2 0 2 4239 3217 5476
6975 2 2 0 2 4658 3576 5343
6976 2 2 0 2 3575 4657 5344
6977 2 2 0 2 3662 4238 4728
6978 2 2 0 2 3632 3972 4979
6979 2 2 0 2 3545 3985 4595
6980 2 2 0 2 4167 3219 4305
6981 2 2 0 2 4165 3264 5209
6982 2 2 0 2 4882 3911 5227
6983 2 2 0 2 4156 5491 5852
6984 2 2 0 2 3472 5012 5925
6985 2 2 0 2 4605 4116 5182
6986 2 2 0 2 3543 4069 4474
6987 2 2 0 2 3478 4114 4399
6988 2 2 0 2 4113 3479 4398
6989 2 2 0 2 5057 4476 5360
6990 2 2 0 2 4474 4069 5577
6991 2 2 0 2 3205 4474 5577
6992 2 2 0 2 3243 4241 4908
6993 2 2 0 2 3618 4012 4489
6994 2 2 0 2 3866 4643 5104
6995 2 2 0 2 4644 3867 5105
6996 2 2 0 2 4000 3755 5259
6997 2 2 0 2 4932 4196 5644
6998 2 2 0 2 4197 4933 5645
6999 2 2 0 2 3349 4141 5868
7000 2 2 0 2 4311 3516 4994
7001 2 2 0 2 4737 3225 5646
7002 2 2 0 2 4361 3498 4536
7003 2 2 0 2 3528 4098 5859
7004 2 2 0 2 4137 3758 4988
7005 2 2 0 2 3759 4138 4989
7006 2 2 0 2 4105 4755 5111
7007 2 2 0 2 4754 4104 5110
7008 2 2 0 2 3596 4015 4496
7009 2 2 0 2 4024 3416 4535
7010 2 2 0 2 4092 5136 5529
7011 2 2 0 2 3573 4053 5120
7012 2 2 0 2 4054 3572 5121
7013 2 2 0 2 3806 4276 5573
7014 2 2 0 2 4693 3617 5705
7015 2 2 0 2 4494 3692 4890
7016 2 2 0 2 3691 4493 4889
7017 2 2 0 2 4251 3306 4538
7018 2 2 0 2 3307 4252 4539
7019 2 2 0 2 4164 3705 4984
7020 2 2 0 2 3638 4117 4889
7021 2 2 0 2 4118 3639 4890
7022 2 2 0 2 3408 4130 4420
7023 2 2 0 2 4130 3697 4420
7024 2 2 0 2 3532 4100 5954
7025 2 2 0 2 3786 4153 4862
7026 2 2 0 2 3585 4091 4601
7027 2 2 0 2 4091 3295 4601
7028 2 2 0 2 3418 4039 5295
7029 2 2 0 2 4040 3419 5296
7030 2 2 0 2 4445 3288 4472
7031 2 2 0 2 4544 3233 5173
7032 2 2 0 2 327 328 4406
7033 2 2 0 2 265 266 4407
7034 2 2 0 2 3654 4134 5093
7035 2 2 0 2 3850 4596 5495
7036 2 2 0 2 3491 4368 4752
7037 2 2 0 2 4369 3492 4753
7038 2 2 0 2 3987 4782 5761
7039 2 2 0 2 3449 4281 5719
7040 2 2 0 2 4281 4032 5719
7041 2 2 0 2 4776 5533 5865
7042 2 2 0 2 4481 3912 5138
7043 2 2 0 2 4363 3506 5345
7044 2 2 0 2 3265 4212 5841
7045 2 2 0 2 4213 3266 5840
7046 2 2 0 2 3506 4096 4779
7047 2 2 0 2 4541 3337 4620
7048 2 2 0 2 3764 4541 4620
7049 2 2 0 2 4715 3960 4948
7050 2 2 0 2 3959 4714 4947
7051 2 2 0 2 5023 3470 5969
7052 2 2 0 2 4164 4984 6002
7053 2 2 0 2 4112 42 5379
7054 2 2 0 2 3443 4157 5389
7055 2 2 0 2 3985 3545 4877
7056 2 2 0 2 4951 3372 5565
7057 2 2 0 2 3373 4952 5566
7058 2 2 0 2 4272 3371 5775
7059 2 2 0 2 3384 4715 4948
7060 2 2 0 2 4714 3383 4947
7061 2 2 0 2 5066 4484 5372
7062 2 2 0 2 4485 5067 5371
7063 2 2 0 2 4698 3786 5027
7064 2 2 0 2 3530 4318 4358
7065 2 2 0 2 4009 3428 5376
7066 2 2 0 2 3645 4175 4744
7067 2 2 0 2 5085 4329 5323
7068 2 2 0 2 4330 5086 5324
7069 2 2 0 2 3526 4344 5052
7070 2 2 0 2 4741 4099 5091
7071 2 2 0 2 4324 5083 5321
7072 2 2 0 2 5084 4325 5322
7073 2 2 0 2 4526 3980 5668
7074 2 2 0 2 4987 4179 5484
7075 2 2 0 2 4254 5316 5461
7076 2 2 0 2 5317 4255 5462
7077 2 2 0 2 3681 4111 4582
7078 2 2 0 2 4510 3924 5889
7079 2 2 0 2 3318 4296 5068
7080 2 2 0 2 3996 3651 5061
7081 2 2 0 2 3650 3997 5060
7082 2 2 0 2 4890 3692 5154
7083 2 2 0 2 3691 4889 5153
7084 2 2 0 2 4212 5770 5841
7085 2 2 0 2 5771 4213 5840
7086 2 2 0 2 4502 5022 5708
7087 2 2 0 2 5021 4501 5709
7088 2 2 0 2 3986 4270 5141
7089 2 2 0 2 4459 3319 4944
7090 2 2 0 2 3393 4175 5369
7091 2 2 0 2 324 325 4974
7092 2 2 0 2 268 269 4975
7093 2 2 0 2 3368 4903 5822
7094 2 2 0 2 4904 3369 5823
7095 2 2 0 2 332 333 4864
7096 2 2 0 2 260 261 4865
7097 2 2 0 2 3256 4481 5138
7098 2 2 0 2 4227 3790 5025
7099 2 2 0 2 3791 4228 5026
7100 2 2 0 2 4624 332 4864
7101 2 2 0 2 261 4625 4865
7102 2 2 0 2 3305 3987 5118
7103 2 2 0 2 4491 3688 4879
7104 2 2 0 2 3687 4490 4878
7105 2 2 0 2 3686 4568 4829
7106 2 2 0 2 4004 3511 5124
7107 2 2 0 2 3648 3998 5053
7108 2 2 0 2 4027 3289 4668
7109 2 2 0 2 3348 4096 4913
7110 2 2 0 2 4096 3655 4913
7111 2 2 0 2 3743 4799 4843
7112 2 2 0 2 3289 4027 4577
7113 2 2 0 2 3989 3253 4991
7114 2 2 0 2 4151 3301 4543
7115 2 2 0 2 3841 4651 5684
7116 2 2 0 2 3982 3590 4848
7117 2 2 0 2 3989 3667 5129
7118 2 2 0 2 3299 4153 4475
7119 2 2 0 2 4065 5212 5821
7120 2 2 0 2 4153 3568 4475
7121 2 2 0 2 3758 4297 5357
7122 2 2 0 2 4298 3759 5358
7123 2 2 0 2 4117 3638 4813
7124 2 2 0 2 3639 4118 4814
7125 2 2 0 2 3310 4117 4813
7126 2 2 0 2 4118 3311 4814
7127 2 2 0 2 3667 4445 4472
7128 2 2 0 2 4093 3405 4567
7129 2 2 0 2 3596 4496 4655
7130 2 2 0 2 4352 5808 5866
7131 2 2 0 2 4041 3229 4482
7132 2 2 0 2 3988 3249 4744
7133 2 2 0 2 3217 3985 4877
7134 2 2 0 2 61 60 4748
7135 2 2 0 2 4929 4063 5540
7136 2 2 0 2 3427 4456 5075
7137 2 2 0 2 4352 3307 5808
7138 2 2 0 2 3661 4101 4408
7139 2 2 0 2 4121 3606 4783
7140 2 2 0 2 3607 4122 4784
7141 2 2 0 2 5569 3896 5819
7142 2 2 0 2 4096 3506 4482
7143 2 2 0 2 4597 4007 5637
7144 2 2 0 2 4879 3688 5049
7145 2 2 0 2 3687 4878 5048
7146 2 2 0 2 3571 4152 4852
7147 2 2 0 2 3249 3988 5690
7148 2 2 0 2 4958 3214 5874
7149 2 2 0 2 4893 3255 5252
7150 2 2 0 2 3254 4892 5253
7151 2 2 0 2 3620 4256 4590
7152 2 2 0 2 3632 4166 4691
7153 2 2 0 2 4166 3422 4691
7154 2 2 0 2 4143 3266 4790
7155 2 2 0 2 3265 4144 4791
7156 2 2 0 2 4818 3904 5623
7157 2 2 0 2 3905 4819 5624
7158 2 2 0 2 3569 4420 4589
7159 2 2 0 2 4420 3697 4589
7160 2 2 0 2 3304 3999 4686
7161 2 2 0 2 4082 3262 4976
7162 2 2 0 2 3665 4082 4976
7163 2 2 0 2 3535 5152 5556
7164 2 2 0 2 3322 4429 5493
7165 2 2 0 2 5647 3247 5648
7166 2 2 0 2 4677 3763 4963
7167 2 2 0 2 3247 4278 5648
7168 2 2 0 2 4984 3414 6002
7169 2 2 0 2 3497 5207 5742
7170 2 2 0 2 3623 4797 5588
7171 2 2 0 2 3466 4187 4604
7172 2 2 0 2 4459 4944 5632
7173 2 2 0 2 3990 3593 4864
7174 2 2 0 2 3594 3991 4865
7175 2 2 0 2 3700 4092 4429
7176 2 2 0 2 4270 3737 5141
7177 2 2 0 2 3229 4041 4830
7178 2 2 0 2 3394 4882 5227
7179 2 2 0 2 3406 3989 5119
7180 2 2 0 2 4061 3455 5467
7181 2 2 0 2 3456 4062 5468
7182 2 2 0 2 4479 3716 4586
7183 2 2 0 2 3717 4480 4587
7184 2 2 0 2 3548 4479 4586
7185 2 2 0 2 4480 3549 4587
7186 2 2 0 2 4752 4368 5243
7187 2 2 0 2 4369 4753 5244
7188 2 2 0 2 4466 3663 4474
7189 2 2 0 2 4872 3673 5560
7190 2 2 0 2 5052 3858 5713
7191 2 2 0 2 3581 4109 4556
7192 2 2 0 2 4110 3582 4555
7193 2 2 0 2 4109 3410 4556
7194 2 2 0 2 3411 4110 4555
7195 2 2 0 2 3776 4108 4503
7196 2 2 0 2 4108 3236 4503
7197 2 2 0 2 4050 3430 5392
7198 2 2 0 2 4037 3777 5303
7199 2 2 0 2 3609 4388 4629
7200 2 2 0 2 4389 3608 4628
7201 2 2 0 2 3851 4544 5173
7202 2 2 0 2 3970 4191 5838
7203 2 2 0 2 4191 3488 5838
7204 2 2 0 2 3623 4403 4802
7205 2 2 0 2 3264 4165 4921
7206 2 2 0 2 4165 3683 4921
7207 2 2 0 2 4083 4270 6010
7208 2 2 0 2 4270 3483 6010
7209 2 2 0 2 3535 4400 5152
7210 2 2 0 2 4098 3528 4446
7211 2 2 0 2 5014 4013 5340
7212 2 2 0 2 4014 5015 5341
7213 2 2 0 2 3633 4000 5969
7214 2 2 0 2 4097 3294 5606
7215 2 2 0 2 3266 4143 5840
7216 2 2 0 2 4144 3265 5841
7217 2 2 0 2 4502 3744 5022
7218 2 2 0 2 3745 4501 5021
7219 2 2 0 2 4803 5279 5888
7220 2 2 0 2 4153 3662 4862
7221 2 2 0 2 4192 3528 5859
7222 2 2 0 2 4081 3257 4815
7223 2 2 0 2 4727 4181 5694
7224 2 2 0 2 3784 4273 5130
7225 2 2 0 2 3675 4512 4574
7226 2 2 0 2 4513 3676 4575
7227 2 2 0 2 3520 4059 5138
7228 2 2 0 2 4486 3550 4584
7229 2 2 0 2 3551 4487 4585
7230 2 2 0 2 4434 4085 5594
7231 2 2 0 2 3488 4434 5594
7232 2 2 0 2 3714 4486 4584
7233 2 2 0 2 4487 3715 4585
7234 2 2 0 2 4802 4403 5514
7235 2 2 0 2 4133 3286 4400
7236 2 2 0 2 3370 4271 5460
7237 2 2 0 2 3626 4364 4370
7238 2 2 0 2 4364 3370 4370
7239 2 2 0 2 3758 4137 5464
7240 2 2 0 2 4138 3759 5465
7241 2 2 0 2 3419 3999 4898
7242 2 2 0 2 5191 3836 5228
7243 2 2 0 2 3237 4591 5960
7244 2 2 0 2 3393 5369 5473
7245 2 2 0 2 3425 4098 4446
7246 2 2 0 2 3619 4232 4592
7247 2 2 0 2 4232 3454 4592
7248 2 2 0 2 4655 4496 5413
7249 2 2 0 2 4349 4277 5676
7250 2 2 0 2 4076 3672 5751
7251 2 2 0 2 3671 4075 5750
7252 2 2 0 2 4776 4004 5533
7253 2 2 0 2 4180 3442 5390
7254 2 2 0 2 3412 4091 4600
7255 2 2 0 2 4001 3589 4831
7256 2 2 0 2 4028 3255 5103
7257 2 2 0 2 3254 4029 5102
7258 2 2 0 2 3924 4510 5018
7259 2 2 0 2 5187 3701 5215
7260 2 2 0 2 4432 4124 5269
7261 2 2 0 2 3766 4294 4925
7262 2 2 0 2 4064 3773 4647
7263 2 2 0 2 4143 3510 5247
7264 2 2 0 2 3509 4144 5246
7265 2 2 0 2 3253 4127 4471
7266 2 2 0 2 4004 3417 4798
7267 2 2 0 2 4059 3520 4518
7268 2 2 0 2 4466 3205 5216
7269 2 2 0 2 3288 4290 4829
7270 2 2 0 2 4007 4597 5185
7271 2 2 0 2 5533 3258 5865
7272 2 2 0 2 4145 3695 5092
7273 2 2 0 2 3485 4696 5305
7274 2 2 0 2 3207 4238 4458
7275 2 2 0 2 4085 3278 5972
7276 2 2 0 2 3460 4302 5001
7277 2 2 0 2 4303 3461 5002
7278 2 2 0 2 3232 4546 5107
7279 2 2 0 2 4236 3532 5954
7280 2 2 0 2 4302 3774 5001
7281 2 2 0 2 3775 4303 5002
7282 2 2 0 2 4546 3950 5107
7283 2 2 0 2 4198 54 5092
7284 2 2 0 2 3646 4564 4785
7285 2 2 0 2 4565 3647 4786
7286 2 2 0 2 4564 3803 4785
7287 2 2 0 2 3802 4565 4786
7288 2 2 0 2 3667 5000 5396
7289 2 2 0 2 4005 3503 4925
7290 2 2 0 2 353 4185 4760
7291 2 2 0 2 4184 240 4759
7292 2 2 0 2 3205 4466 4474
7293 2 2 0 2 3431 4070 5477
7294 2 2 0 2 4178 3268 4376
7295 2 2 0 2 4254 3310 5316
7296 2 2 0 2 3311 4255 5317
7297 2 2 0 2 4429 3962 5493
7298 2 2 0 2 4572 4146 5381
7299 2 2 0 2 4198 3507 4610
7300 2 2 0 2 3267 4045 4576
7301 2 2 0 2 3606 4121 4714
7302 2 2 0 2 4122 3607 4715
7303 2 2 0 2 3597 4507 4683
7304 2 2 0 2 4508 3598 4684
7305 2 2 0 2 4803 3412 5279
7306 2 2 0 2 4015 3596 5763
7307 2 2 0 2 3290 5014 5340
7308 2 2 0 2 5015 3291 5341
7309 2 2 0 2 3797 4571 4766
7310 2 2 0 2 4071 4591 5628
7311 2 2 0 2 4571 3643 4766
7312 2 2 0 2 4104 3420 5544
7313 2 2 0 2 3421 4105 5545
7314 2 2 0 2 3807 4104 5544
7315 2 2 0 2 4105 3808 5545
7316 2 2 0 2 4026 4425 4896
7317 2 2 0 2 3525 4041 5788
7318 2 2 0 2 4097 3443 5339
7319 2 2 0 2 3836 5186 5228
7320 2 2 0 2 4632 3326 5741
7321 2 2 0 2 4137 4988 5832
7322 2 2 0 2 4989 4138 5833
7323 2 2 0 2 3297 4018 5773
7324 2 2 0 2 4019 3298 5772
7325 2 2 0 2 3359 4263 5040
7326 2 2 0 2 4264 3360 5041
7327 2 2 0 2 3494 4312 4471
7328 2 2 0 2 3435 4217 5115
7329 2 2 0 2 4034 5096 5714
7330 2 2 0 2 3397 4015 4731
7331 2 2 0 2 4158 3446 5109
7332 2 2 0 2 3550 4048 4626
7333 2 2 0 2 4049 3551 4627
7334 2 2 0 2 4048 3276 4626
7335 2 2 0 2 3277 4049 4627
7336 2 2 0 2 4675 3237 4773
7337 2 2 0 2 3839 4675 4773
7338 2 2 0 2 4102 4335 5332
7339 2 2 0 2 3622 4178 5388
7340 2 2 0 2 3526 4291 5056
7341 2 2 0 2 4297 3758 5464
7342 2 2 0 2 3759 4298 5465
7343 2 2 0 2 3658 5159 5210
7344 2 2 0 2 4461 4094 5198
7345 2 2 0 2 4095 4462 5199
7346 2 2 0 2 3554 4067 4621
7347 2 2 0 2 67 66 4313
7348 2 2 0 2 306 307 4214
7349 2 2 0 2 286 287 4215
7350 2 2 0 2 3724 4419 4719
7351 2 2 0 2 4419 3467 4719
7352 2 2 0 2 342 343 4629
7353 2 2 0 2 250 251 4628
7354 2 2 0 2 3223 4077 4545
7355 2 2 0 2 3428 4009 5431
7356 2 2 0 2 3255 4028 4683
7357 2 2 0 2 4029 3254 4684
7358 2 2 0 2 4812 3214 4958
7359 2 2 0 2 4002 4812 4958
7360 2 2 0 2 4016 3620 5851
7361 2 2 0 2 3828 4233 5046
7362 2 2 0 2 4596 3414 5495
7363 2 2 0 2 4060 5393 5517
7364 2 2 0 2 4018 3297 4754
7365 2 2 0 2 3298 4019 4755
7366 2 2 0 2 3399 4018 4756
7367 2 2 0 2 4019 3400 4757
7368 2 2 0 2 3738 4276 4886
7369 2 2 0 2 4686 3999 4977
7370 2 2 0 2 4025 3303 4727
7371 2 2 0 2 4021 3438 5013
7372 2 2 0 2 3416 4024 5042
7373 2 2 0 2 4045 3500 4615
7374 2 2 0 2 3609 4118 6023
7375 2 2 0 2 4117 3608 6022
7376 2 2 0 2 3535 4281 5542
7377 2 2 0 2 4467 3356 5307
7378 2 2 0 2 3355 4468 5306
7379 2 2 0 2 4692 4165 5209
7380 2 2 0 2 3566 4026 5188
7381 2 2 0 2 4211 3635 5273
7382 2 2 0 2 3370 5460 5856
7383 2 2 0 2 3513 4476 5057
7384 2 2 0 2 5026 4228 5490
7385 2 2 0 2 4227 5025 5489
7386 2 2 0 2 3670 4035 5457
7387 2 2 0 2 4505 3473 4987
7388 2 2 0 2 4417 3972 5192
7389 2 2 0 2 4012 3618 5367
7390 2 2 0 2 3301 4023 4852
7391 2 2 0 2 3558 4945 5500
7392 2 2 0 2 3683 4165 4421
7393 2 2 0 2 4163 3634 5914
7394 2 2 0 2 4988 3938 5832
7395 2 2 0 2 3939 4989 5833
7396 2 2 0 2 3545 4597 5637
7397 2 2 0 2 3502 4319 4550
7398 2 2 0 2 4217 3674 4842
7399 2 2 0 2 4324 3703 5083
7400 2 2 0 2 3704 4325 5084
7401 2 2 0 2 3242 4217 4842
7402 2 2 0 2 42 4112 4709
7403 2 2 0 2 4885 3677 5940
7404 2 2 0 2 3776 4503 4751
7405 2 2 0 2 4503 3602 4751
7406 2 2 0 2 4161 3420 5234
7407 2 2 0 2 3421 4162 5235
7408 2 2 0 2 3760 4161 5234
7409 2 2 0 2 4162 3761 5235
7410 2 2 0 2 3519 4240 5208
7411 2 2 0 2 3468 4085 5497
7412 2 2 0 2 3713 4174 4847
7413 2 2 0 2 4035 3670 5134
7414 2 2 0 2 4397 3919 5566
7415 2 2 0 2 3918 4396 5565
7416 2 2 0 2 4219 3516 4382
7417 2 2 0 2 4235 3656 4416
7418 2 2 0 2 3567 4235 4416
7419 2 2 0 2 4072 3603 4652
7420 2 2 0 2 3706 4329 5085
7421 2 2 0 2 4330 3707 5086
7422 2 2 0 2 3858 5052 5284
7423 2 2 0 2 4383 4340 5795
7424 2 2 0 2 5389 4157 5906
7425 2 2 0 2 4089 3538 4679
7426 2 2 0 2 3539 4090 4678
7427 2 2 0 2 3474 4916 5591
7428 2 2 0 2 3300 4160 4425
7429 2 2 0 2 3523 4169 4618
7430 2 2 0 2 4170 3524 4617
7431 2 2 0 2 4039 3627 4702
7432 2 2 0 2 3628 4040 4703
7433 2 2 0 2 4576 4045 4928
7434 2 2 0 2 4696 3903 4891
7435 2 2 0 2 3367 4696 4891
7436 2 2 0 2 3540 4072 5346
7437 2 2 0 2 3432 5440 5956
7438 2 2 0 2 4222 4097 5339
7439 2 2 0 2 4344 3526 5056
7440 2 2 0 2 3649 4031 5074
7441 2 2 0 2 5454 3961 5519
7442 2 2 0 2 4954 3496 5401
7443 2 2 0 2 3495 4953 5400
7444 2 2 0 2 4942 4082 6011
7445 2 2 0 2 4170 89 4762
7446 2 2 0 2 14 4169 4761
7447 2 2 0 2 4044 3684 5202
7448 2 2 0 2 3280 4044 5202
7449 2 2 0 2 4219 3337 5829
7450 2 2 0 2 4046 3548 4822
7451 2 2 0 2 3549 4047 4823
7452 2 2 0 2 3389 5096 5713
7453 2 2 0 2 3937 5012 5432
7454 2 2 0 2 4589 3325 4772
7455 2 2 0 2 3612 4183 4662
7456 2 2 0 2 4183 3327 4662
7457 2 2 0 2 3698 4367 5218
7458 2 2 0 2 4025 3418 4874
7459 2 2 0 2 3738 5493 5501
7460 2 2 0 2 3381 4844 5030
7461 2 2 0 2 4107 58 5364
7462 2 2 0 2 3865 4680 5574
7463 2 2 0 2 4696 3485 5383
7464 2 2 0 2 3407 4101 5008
7465 2 2 0 2 4101 3661 5008
7466 2 2 0 2 3535 4115 5471
7467 2 2 0 2 3773 4064 5345
7468 2 2 0 2 4584 3920 5612
7469 2 2 0 2 3921 4585 5613
7470 2 2 0 2 3273 4156 5852
7471 2 2 0 2 4108 3776 5781
7472 2 2 0 2 3684 4250 4836
7473 2 2 0 2 3538 4089 5340
7474 2 2 0 2 4090 3539 5341
7475 2 2 0 2 4046 3274 4968
7476 2 2 0 2 3275 4047 4969
7477 2 2 0 2 3483 4274 4619
7478 2 2 0 2 3664 4832 5662
7479 2 2 0 2 4589 4772 5454
7480 2 2 0 2 4683 4507 5423
7481 2 2 0 2 4508 4684 5424
7482 2 2 0 2 4099 3296 5502
7483 2 2 0 2 4093 3313 4578
7484 2 2 0 2 4090 3291 5862
7485 2 2 0 2 4400 3535 5542
7486 2 2 0 2 4746 3727 5361
7487 2 2 0 2 4087 3331 5251
7488 2 2 0 2 3330 4088 5250
7489 2 2 0 2 4231 3787 5502
7490 2 2 0 2 4109 3581 4664
7491 2 2 0 2 3582 4110 4665
7492 2 2 0 2 3219 4109 4664
7493 2 2 0 2 4110 3220 4665
7494 2 2 0 2 3669 4093 4567
7495 2 2 0 2 4349 4115 5073
7496 2 2 0 2 4034 5052 5713
7497 2 2 0 2 4080 3602 4973
7498 2 2 0 2 4411 3607 4599
7499 2 2 0 2 3606 4412 4598
7500 2 2 0 2 3743 4248 4799
7501 2 2 0 2 4128 3284 5665
7502 2 2 0 2 3285 4129 5666
7503 2 2 0 2 3428 4115 5376
7504 2 2 0 2 3401 4046 4717
7505 2 2 0 2 4047 3402 4718
7506 2 2 0 2 303 4053 5298
7507 2 2 0 2 4054 290 5297
7508 2 2 0 2 4573 3788 5302
7509 2 2 0 2 4153 3786 5527
7510 2 2 0 2 3537 4088 4577
7511 2 2 0 2 4225 3290 5657
7512 2 2 0 2 3276 4048 4964
7513 2 2 0 2 4049 3277 4965
7514 2 2 0 2 5 1 231
7515 2 2 0 2 98 362 3
7516 2 2 0 2 4184 3521 4638
7517 2 2 0 2 3522 4185 4639
7518 2 2 0 2 4512 3209 4574
7519 2 2 0 2 3210 4513 4575
7520 2 2 0 2 3268 4106 4550
7521 2 2 0 2 3701 4064 4647
7522 2 2 0 2 5130 4273 5780
7523 2 2 0 2 3514 4484 5066
7524 2 2 0 2 4485 3515 5067
7525 2 2 0 2 4557 3853 5331
7526 2 2 0 2 4039 3418 4971
7527 2 2 0 2 3627 4039 4971
7528 2 2 0 2 4045 3267 4736
7529 2 2 0 2 4277 3534 5280
7530 2 2 0 2 3323 4152 4583
7531 2 2 0 2 4152 3571 4583
7532 2 2 0 2 3353 4037 4835
7533 2 2 0 2 4109 4580 5034
7534 2 2 0 2 4581 4110 5033
7535 2 2 0 2 3327 4336 4662
7536 2 2 0 2 3856 4467 5307
7537 2 2 0 2 4468 3855 5306
7538 2 2 0 2 4048 3403 4721
7539 2 2 0 2 3404 4049 4722
7540 2 2 0 2 3526 4034 5714
7541 2 2 0 2 4643 3866 5872
7542 2 2 0 2 3867 4644 5873
7543 2 2 0 2 4708 4200 5631
7544 2 2 0 2 4313 66 5847
7545 2 2 0 2 4357 3836 5191
7546 2 2 0 2 3484 4084 5441
7547 2 2 0 2 3964 4277 5697
7548 2 2 0 2 4277 3425 5697
7549 2 2 0 2 3454 4232 5074
7550 2 2 0 2 3490 4186 5156
7551 2 2 0 2 3466 4604 5031
7552 2 2 0 2 4042 3583 4928
7553 2 2 0 2 4641 3899 4666
7554 2 2 0 2 3419 4040 4977
7555 2 2 0 2 4040 3628 4977
7556 2 2 0 2 3541 4641 4666
7557 2 2 0 2 4680 3865 5614
7558 2 2 0 2 4229 3468 5952
7559 2 2 0 2 5058 32 5089
7560 2 2 0 2 3695 4145 4572
7561 2 2 0 2 4145 3471 4572
7562 2 2 0 2 4061 3579 4681
7563 2 2 0 2 3580 4062 4682
7564 2 2 0 2 4796 4219 5829
7565 2 2 0 2 344 345 4431
7566 2 2 0 2 248 249 4430
7567 2 2 0 2 4160 3469 5535
7568 2 2 0 2 3787 4231 5523
7569 2 2 0 2 4063 3376 5275
7570 2 2 0 2 3668 4241 4834
7571 2 2 0 2 5393 3427 5517
7572 2 2 0 2 4241 3243 4834
7573 2 2 0 2 3720 5116 5307
7574 2 2 0 2 5115 3721 5306
7575 2 2 0 2 3263 4083 5047
7576 2 2 0 2 4083 3666 5047
7577 2 2 0 2 4041 3525 4830
7578 2 2 0 2 4742 4043 5807
7579 2 2 0 2 4064 3701 5285
7580 2 2 0 2 3340 4064 5285
7581 2 2 0 2 3452 4051 5429
7582 2 2 0 2 4052 3453 5430
7583 2 2 0 2 3287 4621 5909
7584 2 2 0 2 4231 3296 4437
7585 2 2 0 2 3657 4231 4437
7586 2 2 0 2 3916 4463 5187
7587 2 2 0 2 4119 3562 5611
7588 2 2 0 2 3584 4460 4527
7589 2 2 0 2 4091 3585 4600
7590 2 2 0 2 4621 4067 5909
7591 2 2 0 2 3562 4120 5611
7592 2 2 0 2 4270 3263 5451
7593 2 2 0 2 4127 3253 4670
7594 2 2 0 2 4125 3218 4659
7595 2 2 0 2 4069 3565 5577
7596 2 2 0 2 4316 3546 4671
7597 2 2 0 2 3547 4317 4672
7598 2 2 0 2 3583 4042 4966
7599 2 2 0 2 4512 3558 5500
7600 2 2 0 2 4126 3537 5409
7601 2 2 0 2 3864 5131 5217
7602 2 2 0 2 4478 3649 4724
7603 2 2 0 2 4341 3968 5803
7604 2 2 0 2 4339 3770 4707
7605 2 2 0 2 3405 4093 5450
7606 2 2 0 2 3344 4148 4579
7607 2 2 0 2 4172 3638 4699
7608 2 2 0 2 3639 4173 4700
7609 2 2 0 2 3274 4046 4822
7610 2 2 0 2 4047 3275 4823
7611 2 2 0 2 3299 4253 5948
7612 2 2 0 2 3424 4042 4928
7613 2 2 0 2 3565 4069 4680
7614 2 2 0 2 3714 4329 4486
7615 2 2 0 2 4330 3715 4487
7616 2 2 0 2 3251 4769 5281
7617 2 2 0 2 4329 3403 4486
7618 2 2 0 2 3404 4330 4487
7619 2 2 0 2 4537 3883 5848
7620 2 2 0 2 3661 4408 5030
7621 2 2 0 2 3316 4520 5406
7622 2 2 0 2 4519 3317 5407
7623 2 2 0 2 5426 4106 5986
7624 2 2 0 2 3727 4078 5361
7625 2 2 0 2 3969 4229 5952
7626 2 2 0 2 4104 3297 5489
7627 2 2 0 2 3298 4105 5490
7628 2 2 0 2 3479 4113 5555
7629 2 2 0 2 4114 3478 5554
7630 2 2 0 2 3755 4511 4992
7631 2 2 0 2 4432 4171 5976
7632 2 2 0 2 4728 4238 5466
7633 2 2 0 2 3283 4432 5976
7634 2 2 0 2 3401 4324 4479
7635 2 2 0 2 4325 3402 4480
7636 2 2 0 2 4858 3698 5218
7637 2 2 0 2 4324 3716 4479
7638 2 2 0 2 3717 4325 4480
7639 2 2 0 2 3233 4103 5983
7640 2 2 0 2 3579 4061 5467
7641 2 2 0 2 4062 3580 5468
7642 2 2 0 2 3483 4619 6031
7643 2 2 0 2 4253 3629 4413
7644 2 2 0 2 3672 4210 5751
7645 2 2 0 2 4209 3671 5750
7646 2 2 0 2 3342 4745 5134
7647 2 2 0 2 4745 4035 5134
7648 2 2 0 2 3248 4698 5027
7649 2 2 0 2 3944 4393 5426
7650 2 2 0 2 4393 3502 5426
7651 2 2 0 2 4361 4536 5418
7652 2 2 0 2 4117 3310 4780
7653 2 2 0 2 3311 4118 4781
7654 2 2 0 2 3608 4117 4780
7655 2 2 0 2 4118 3609 4781
7656 2 2 0 2 4053 3573 4777
7657 2 2 0 2 4172 3844 5894
7658 2 2 0 2 3845 4173 5895
7659 2 2 0 2 79 78 4599
7660 2 2 0 2 25 24 4598
7661 2 2 0 2 3586 4108 5463
7662 2 2 0 2 344 4431 5421
7663 2 2 0 2 4430 249 5420
7664 2 2 0 2 4925 4294 5416
7665 2 2 0 2 4100 3532 5440
7666 2 2 0 2 5180 3315 5382
7667 2 2 0 2 4311 3231 4588
7668 2 2 0 2 3632 4311 4588
7669 2 2 0 2 4307 3556 4616
7670 2 2 0 2 4739 3595 4931
7671 2 2 0 2 3883 4537 5354
7672 2 2 0 2 4205 43 4709
7673 2 2 0 2 4311 3632 5017
7674 2 2 0 2 42 41 5379
7675 2 2 0 2 4322 3543 4383
7676 2 2 0 2 3566 4322 4383
7677 2 2 0 2 3641 4097 4642
7678 2 2 0 2 35 34 4848
7679 2 2 0 2 3464 4656 5224
7680 2 2 0 2 3860 4225 5657
7681 2 2 0 2 3359 5040 5984
7682 2 2 0 2 5041 3360 5985
7683 2 2 0 2 3270 4257 6013
7684 2 2 0 2 4258 3271 6014
7685 2 2 0 2 5212 3493 5821
7686 2 2 0 2 4622 35 4848
7687 2 2 0 2 4350 3914 5528
7688 2 2 0 2 4347 3872 4381
7689 2 2 0 2 3871 4348 4380
7690 2 2 0 2 3613 4184 4759
7691 2 2 0 2 4185 3614 4760
7692 2 2 0 2 3602 4080 4838
7693 2 2 0 2 4080 3341 4838
7694 2 2 0 2 3332 4060 4810
7695 2 2 0 2 4180 5390 6008
7696 2 2 0 2 4249 3489 4963
7697 2 2 0 2 4646 3892 5382
7698 2 2 0 2 4059 3256 5138
7699 2 2 0 2 4178 4376 5388
7700 2 2 0 2 4171 3796 5077
7701 2 2 0 2 4335 3888 4998
7702 2 2 0 2 4092 3415 5716
7703 2 2 0 2 4634 3983 5779
7704 2 2 0 2 58 4107 4883
7705 2 2 0 2 3377 4688 4862
7706 2 2 0 2 4103 3612 4662
7707 2 2 0 2 5236 3910 5479
7708 2 2 0 2 3729 4285 4549
7709 2 2 0 2 4284 3728 4548
7710 2 2 0 2 3544 4186 5815
7711 2 2 0 2 5245 3398 5945
7712 2 2 0 2 5012 4057 5925
7713 2 2 0 2 3281 4055 5181
7714 2 2 0 2 4714 4121 5891
7715 2 2 0 2 4122 4715 5892
7716 2 2 0 2 3493 4126 4593
7717 2 2 0 2 4055 3407 5008
7718 2 2 0 2 4094 3587 5701
7719 2 2 0 2 3588 4095 5702
7720 2 2 0 2 4696 3893 5305
7721 2 2 0 2 4053 303 5120
7722 2 2 0 2 290 4054 5121
7723 2 2 0 2 3875 4055 5174
7724 2 2 0 2 4152 3540 4543
7725 2 2 0 2 3502 4106 5426
7726 2 2 0 2 3294 4211 4464
7727 2 2 0 2 3508 4208 4473
7728 2 2 0 2 232 233 4320
7729 2 2 0 2 360 361 4321
7730 2 2 0 2 3687 4065 4816
7731 2 2 0 2 4066 3688 4817
7732 2 2 0 2 5115 4217 6032
7733 2 2 0 2 5159 3929 5210
7734 2 2 0 2 4169 3610 4761
7735 2 2 0 2 3611 4170 4762
7736 2 2 0 2 4081 3566 5188
7737 2 2 0 2 4406 3760 5147
7738 2 2 0 2 3761 4407 5148
7739 2 2 0 2 4112 3555 4709
7740 2 2 0 2 3291 4090 5341
7741 2 2 0 2 3218 4158 4659
7742 2 2 0 2 4607 3334 4678
7743 2 2 0 2 3335 4606 4679
7744 2 2 0 2 4136 3595 4739
7745 2 2 0 2 4155 3221 4542
7746 2 2 0 2 3341 4136 4739
7747 2 2 0 2 4238 3531 4458
7748 2 2 0 2 7 6 4320
7749 2 2 0 2 97 96 4321
7750 2 2 0 2 4153 3299 5737
7751 2 2 0 2 4141 3577 4787
7752 2 2 0 2 4120 3287 4616
7753 2 2 0 2 3555 4112 4651
7754 2 2 0 2 5134 4050 5756
7755 2 2 0 2 4290 3288 4445
7756 2 2 0 2 4253 4413 5948
7757 2 2 0 2 4164 3870 5997
7758 2 2 0 2 4713 3955 4986
7759 2 2 0 2 3956 4712 4985
7760 2 2 0 2 3534 4452 5280
7761 2 2 0 2 4345 3346 4660
7762 2 2 0 2 3347 4346 4661
7763 2 2 0 2 3650 4345 4660
7764 2 2 0 2 4346 3651 4661
7765 2 2 0 2 3557 4059 5263
7766 2 2 0 2 3695 4198 5092
7767 2 2 0 2 3640 4950 5610
7768 2 2 0 2 3257 4081 5101
7769 2 2 0 2 4348 3317 4380
7770 2 2 0 2 3316 4347 4381
7771 2 2 0 2 3591 4242 4548
7772 2 2 0 2 4243 3592 4549
7773 2 2 0 2 4382 3267 4576
7774 2 2 0 2 4242 3462 4548
7775 2 2 0 2 3463 4243 4549
7776 2 2 0 2 4720 3218 4774
7777 2 2 0 2 5354 4422 5887
7778 2 2 0 2 3505 4417 5192
7779 2 2 0 2 4687 3615 5237
7780 2 2 0 2 3342 5134 5756
7781 2 2 0 2 4437 3596 4563
7782 2 2 0 2 3657 4437 4563
7783 2 2 0 2 4464 4211 5273
7784 2 2 0 2 4073 3691 4825
7785 2 2 0 2 3692 4074 4826
7786 2 2 0 2 4140 3295 5238
7787 2 2 0 2 3615 4542 5237
7788 2 2 0 2 3295 4140 4601
7789 2 2 0 2 4735 3609 6023
7790 2 2 0 2 3608 4734 6022
7791 2 2 0 2 4593 3252 5241
7792 2 2 0 2 4124 3283 4880
7793 2 2 0 2 4069 3543 5170
7794 2 2 0 2 4278 3247 4488
7795 2 2 0 2 81 80 4424
7796 2 2 0 2 23 22 4423
7797 2 2 0 2 3660 4443 5643
7798 2 2 0 2 4442 3659 5642
7799 2 2 0 2 3206 4101 4740
7800 2 2 0 2 4200 3734 5794
7801 2 2 0 2 3735 4201 5793
7802 2 2 0 2 3501 4287 5332
7803 2 2 0 2 4130 3408 5125
7804 2 2 0 2 4257 5398 6013
7805 2 2 0 2 5399 4258 6014
7806 2 2 0 2 5553 4017 6034
7807 2 2 0 2 4115 3230 5471
7808 2 2 0 2 3408 4134 5125
7809 2 2 0 2 294 295 4602
7810 2 2 0 2 298 299 4603
7811 2 2 0 2 4065 3687 5048
7812 2 2 0 2 3688 4066 5049
7813 2 2 0 2 4443 3660 4570
7814 2 2 0 2 3659 4442 4569
7815 2 2 0 2 3598 4443 4570
7816 2 2 0 2 4442 3597 4569
7817 2 2 0 2 55 4198 4610
7818 2 2 0 2 4086 3468 5274
7819 2 2 0 2 4101 3407 4732
7820 2 2 0 2 3278 4434 4749
7821 2 2 0 2 5717 4495 5849
7822 2 2 0 2 3833 4739 4931
7823 2 2 0 2 3835 4214 5681
7824 2 2 0 2 4020 4749 5442
7825 2 2 0 2 3343 4230 4701
7826 2 2 0 2 4230 3616 4701
7827 2 2 0 2 3746 4065 5319
7828 2 2 0 2 4066 3747 5320
7829 2 2 0 2 3941 4457 5948
7830 2 2 0 2 3732 4218 4743
7831 2 2 0 2 4287 3812 5332
7832 2 2 0 2 4112 3785 5455
7833 2 2 0 2 4958 3530 5408
7834 2 2 0 2 4730 3290 5340
7835 2 2 0 2 4089 4730 5340
7836 2 2 0 2 4335 3501 5332
7837 2 2 0 2 3250 4590 5215
7838 2 2 0 2 3882 4463 5633
7839 2 2 0 2 3306 4341 5803
7840 2 2 0 2 4200 3332 5196
7841 2 2 0 2 3734 4200 5196
7842 2 2 0 2 3536 4087 5251
7843 2 2 0 2 4088 3537 5250
7844 2 2 0 2 3720 4241 5116
7845 2 2 0 2 4142 3554 4621
7846 2 2 0 2 3762 4403 4842
7847 2 2 0 2 3301 4151 5688
7848 2 2 0 2 4403 3242 4842
7849 2 2 0 2 3566 4081 4815
7850 2 2 0 2 3474 4171 5712
7851 2 2 0 2 4907 3660 5643
7852 2 2 0 2 3659 4906 5642
7853 2 2 0 2 4091 3412 4803
7854 2 2 0 2 3208 4079 6027
7855 2 2 0 2 3908 4386 4597
7856 2 2 0 2 3814 4456 5393
7857 2 2 0 2 4386 3281 4597
7858 2 2 0 2 3325 4312 4817
7859 2 2 0 2 3655 4096 5050
7860 2 2 0 2 3830 4296 4846
7861 2 2 0 2 3563 4146 5804
7862 2 2 0 2 323 324 4613
7863 2 2 0 2 269 270 4614
7864 2 2 0 2 4424 80 5353
7865 2 2 0 2 23 4423 5352
7866 2 2 0 2 4096 3348 4779
7867 2 2 0 2 3536 4127 4670
7868 2 2 0 2 4147 3567 4704
7869 2 2 0 2 3217 4608 5476
7870 2 2 0 2 4422 3361 5887
7871 2 2 0 2 4152 4543 4852
7872 2 2 0 2 3691 4073 5054
7873 2 2 0 2 4074 3692 5055
7874 2 2 0 2 3646 4384 4985
7875 2 2 0 2 4385 3647 4986
7876 2 2 0 2 4075 3671 5099
7877 2 2 0 2 3672 4076 5100
7878 2 2 0 2 3242 4403 4483
7879 2 2 0 2 4403 3623 4483
7880 2 2 0 2 4160 3300 5299
7881 2 2 0 2 4351 3533 4517
7882 2 2 0 2 3562 4142 4918
7883 2 2 0 2 3553 4290 4445
7884 2 2 0 2 4082 3665 4840
7885 2 2 0 2 3666 4083 4839
7886 2 2 0 2 4608 3553 5396
7887 2 2 0 2 5030 4408 5293
7888 2 2 0 2 3219 4167 4580
7889 2 2 0 2 4168 3220 4581
7890 2 2 0 2 4188 3274 4926
7891 2 2 0 2 3275 4189 4927
7892 2 2 0 2 3757 4505 4987
7893 2 2 0 2 4142 3562 4673
7894 2 2 0 2 4531 5200 5950
7895 2 2 0 2 5201 4532 5951
7896 2 2 0 2 3334 4131 4678
7897 2 2 0 2 4132 3335 4679
7898 2 2 0 2 4744 4175 5621
7899 2 2 0 2 4229 3229 4830
7900 2 2 0 2 4304 3481 4881
7901 2 2 0 2 3287 4120 4918
7902 2 2 0 2 4590 3916 5215
7903 2 2 0 2 4731 3982 5532
7904 2 2 0 2 3562 4119 5107
7905 2 2 0 2 40 39 4323
7906 2 2 0 2 4782 3621 5761
7907 2 2 0 2 4003 4746 5132
7908 2 2 0 2 4088 3559 4910
7909 2 2 0 2 4746 3702 5132
7910 2 2 0 2 3364 4995 5314
7911 2 2 0 2 4253 3299 4475
7912 2 2 0 2 4686 3628 5693
7913 2 2 0 2 3469 4276 5535
7914 2 2 0 2 90 4170 4617
7915 2 2 0 2 4169 13 4618
7916 2 2 0 2 4950 4008 5610
7917 2 2 0 2 3229 4229 6035
7918 2 2 0 2 3383 4714 5891
7919 2 2 0 2 4715 3384 5892
7920 2 2 0 2 4229 3969 6035
7921 2 2 0 2 267 268 5100
7922 2 2 0 2 325 326 5099
7923 2 2 0 2 239 4184 4638
7924 2 2 0 2 4185 354 4639
7925 2 2 0 2 4145 52 5601
7926 2 2 0 2 3920 4584 5824
7927 2 2 0 2 4585 3921 5825
7928 2 2 0 2 4597 3281 5185
7929 2 2 0 2 4522 3361 4820
7930 2 2 0 2 3756 4522 4820
7931 2 2 0 2 3276 4194 4937
7932 2 2 0 2 4195 3277 4938
7933 2 2 0 2 4241 3434 5116
7934 2 2 0 2 3289 4232 4668
7935 2 2 0 2 3908 4595 5686
7936 2 2 0 2 3485 4851 5456
7937 2 2 0 2 3954 5732 5924
7938 2 2 0 2 5731 3953 5923
7939 2 2 0 2 3902 5058 5089
7940 2 2 0 2 4603 3966 5858
7941 2 2 0 2 3785 4112 5379
7942 2 2 0 2 4799 3664 4843
7943 2 2 0 2 3336 4142 4673
7944 2 2 0 2 3711 4176 5289
7945 2 2 0 2 4177 3712 5290
7946 2 2 0 2 4319 3739 4550
7947 2 2 0 2 4176 3711 5183
7948 2 2 0 2 3712 4177 5184
7949 2 2 0 2 4186 3490 5815
7950 2 2 0 2 4985 4384 5153
7951 2 2 0 2 4385 4986 5154
7952 2 2 0 2 3708 4094 4849
7953 2 2 0 2 4095 3709 4850
7954 2 2 0 2 4094 3372 5198
7955 2 2 0 2 3373 4095 5199
7956 2 2 0 2 4605 3728 4607
7957 2 2 0 2 3561 4605 4607
7958 2 2 0 2 4181 3303 5785
7959 2 2 0 2 3304 4182 5784
7960 2 2 0 2 4108 3586 4924
7961 2 2 0 2 3555 4651 5268
7962 2 2 0 2 4044 4615 5197
7963 2 2 0 2 4060 4314 5393
7964 2 2 0 2 3991 4757 5579
7965 2 2 0 2 4756 3990 5578
7966 2 2 0 2 3262 4082 4942
7967 2 2 0 2 4098 3425 5280
7968 2 2 0 2 4241 3668 4901
7969 2 2 0 2 3434 4241 4901
7970 2 2 0 2 4832 3894 5662
7971 2 2 0 2 3313 4093 5146
7972 2 2 0 2 4093 3669 5146
7973 2 2 0 2 4350 3251 4689
7974 2 2 0 2 3249 4540 4970
7975 2 2 0 2 4540 3815 4970
7976 2 2 0 2 4115 3535 5376
7977 2 2 0 2 3540 5346 5558
7978 2 2 0 2 4647 3773 4888
7979 2 2 0 2 268 4975 5100
7980 2 2 0 2 4974 325 5099
7981 2 2 0 2 4106 3268 4837
7982 2 2 0 2 3917 4495 5717
7983 2 2 0 2 4111 3497 5351
7984 2 2 0 2 3944 4313 5847
7985 2 2 0 2 3591 4128 5665
7986 2 2 0 2 4129 3592 5666
7987 2 2 0 2 4613 3954 5924
7988 2 2 0 2 3953 4614 5923
7989 2 2 0 2 5818 4271 5854
7990 2 2 0 2 4272 5819 5855
7991 2 2 0 2 3844 4172 5738
7992 2 2 0 2 4173 3845 5739
7993 2 2 0 2 4688 3786 4862
7994 2 2 0 2 3221 4155 4640
7995 2 2 0 2 3344 4530 5179
7996 2 2 0 2 4281 3535 5471
7997 2 2 0 2 3828 5046 5729
7998 2 2 0 2 4043 4824 5473
7999 2 2 0 2 4749 3603 5442
8000 2 2 0 2 3680 4804 5615
8001 2 2 0 2 4208 3678 5561
8002 2 2 0 2 3669 4567 5009
8003 2 2 0 2 4168 3651 4619
8004 2 2 0 2 4146 3563 5656
8005 2 2 0 2 4172 4699 5799
8006 2 2 0 2 4700 4173 5800
8007 2 2 0 2 3295 4091 5836
8008 2 2 0 2 9 8 4331
8009 2 2 0 2 95 94 4332
8010 2 2 0 2 3379 4557 5331
8011 2 2 0 2 3870 4164 6002
8012 2 2 0 2 5079 3366 5889
8013 2 2 0 2 4646 3416 5042
8014 2 2 0 2 3218 4125 5915
8015 2 2 0 2 3892 4646 5042
8016 2 2 0 2 3719 4538 4685
8017 2 2 0 2 3903 4696 5383
8018 2 2 0 2 3710 4179 5190
8019 2 2 0 2 4179 3473 5190
8020 2 2 0 2 3415 4092 5529
8021 2 2 0 2 3859 4174 5958
8022 2 2 0 2 4539 3718 4667
8023 2 2 0 2 5286 3876 5482
8024 2 2 0 2 3877 5287 5483
8025 2 2 0 2 4571 28 4653
8026 2 2 0 2 4351 3966 6033
8027 2 2 0 2 234 235 4333
8028 2 2 0 2 358 359 4334
8029 2 2 0 2 3595 4136 4737
8030 2 2 0 2 3691 4384 4825
8031 2 2 0 2 4385 3692 4826
8032 2 2 0 2 4384 3328 4825
8033 2 2 0 2 3329 4385 4826
8034 2 2 0 2 3629 4338 4594
8035 2 2 0 2 4338 3222 4594
8036 2 2 0 2 341 342 4388
8037 2 2 0 2 251 252 4389
8038 2 2 0 2 3371 4453 5867
8039 2 2 0 2 4723 4054 5330
8040 2 2 0 2 4804 4068 5615
8041 2 2 0 2 4097 3641 5117
8042 2 2 0 2 4961 3967 5284
8043 2 2 0 2 4176 5183 5822
8044 2 2 0 2 5184 4177 5823
8045 2 2 0 2 3897 4366 5500
8046 2 2 0 2 4366 3209 5500
8047 2 2 0 2 4358 3280 5744
8048 2 2 0 2 4315 3544 5815
8049 2 2 0 2 3449 4133 5542
8050 2 2 0 2 4732 3914 5539
8051 2 2 0 2 4316 3357 5104
8052 2 2 0 2 3358 4317 5105
8053 2 2 0 2 4821 4031 5149
8054 2 2 0 2 3245 4821 5149
8055 2 2 0 2 3475 4271 5818
8056 2 2 0 2 4272 3476 5819
8057 2 2 0 2 4267 3215 5832
8058 2 2 0 2 3216 4268 5833
8059 2 2 0 2 3938 4267 5832
8060 2 2 0 2 4268 3939 5833
8061 2 2 0 2 3252 4126 5409
8062 2 2 0 2 5247 3510 6007
8063 2 2 0 2 3509 5246 6006
8064 2 2 0 2 3775 5317 5462
8065 2 2 0 2 5316 3774 5461
8066 2 2 0 2 258 5006 5204
8067 2 2 0 2 5005 335 5205
8068 2 2 0 2 4214 3442 5681
8069 2 2 0 2 3443 4097 5117
8070 2 2 0 2 4171 5077 5976
8071 2 2 0 2 4276 3222 5573
8072 2 2 0 2 3336 4186 5128
8073 2 2 0 2 3552 4278 4488
8074 2 2 0 2 4527 4460 5937
8075 2 2 0 2 4114 5583 5766
8076 2 2 0 2 5584 4113 5765
8077 2 2 0 2 3257 4547 5386
8078 2 2 0 2 4547 3980 5386
8079 2 2 0 2 4232 4946 5074
8080 2 2 0 2 4025 4727 4971
8081 2 2 0 2 4452 3279 5859
8082 2 2 0 2 4098 4452 5859
8083 2 2 0 2 4533 3862 5398
8084 2 2 0 2 3863 4534 5399
8085 2 2 0 2 4134 3408 5093
8086 2 2 0 2 3205 4218 5216
8087 2 2 0 2 4218 3732 5216
8088 2 2 0 2 3230 4349 5676
8089 2 2 0 2 4468 3824 5797
8090 2 2 0 2 3825 4467 5798
8091 2 2 0 2 4104 3807 5110
8092 2 2 0 2 3808 4105 5111
8093 2 2 0 2 3572 4514 5121
8094 2 2 0 2 4515 3573 5120
8095 2 2 0 2 4558 3682 4566
8096 2 2 0 2 4669 3474 5712
8097 2 2 0 2 4425 4160 5535
8098 2 2 0 2 3683 4863 4886
8099 2 2 0 2 5009 4567 5513
8100 2 2 0 2 3560 4154 4730
8101 2 2 0 2 3567 4147 4748
8102 2 2 0 2 3410 4109 5034
8103 2 2 0 2 4110 3411 5033
8104 2 2 0 2 4540 3621 4871
8105 2 2 0 2 4553 3587 5333
8106 2 2 0 2 3588 4554 5334
8107 2 2 0 2 3420 4104 5025
8108 2 2 0 2 4105 3421 5026
8109 2 2 0 2 3634 4558 4566
8110 2 2 0 2 4604 3391 5032
8111 2 2 0 2 3337 4219 4620
8112 2 2 0 2 3854 4604 5032
8113 2 2 0 2 3490 4546 4941
8114 2 2 0 2 4659 4158 5109
8115 2 2 0 2 4312 3697 4471
8116 2 2 0 2 4051 4657 5429
8117 2 2 0 2 4658 4052 5430
8118 2 2 0 2 4657 3575 5429
8119 2 2 0 2 3576 4658 5430
8120 2 2 0 2 3647 4713 4986
8121 2 2 0 2 4712 3646 4985
8122 2 2 0 2 5583 3745 5766
8123 2 2 0 2 3744 5584 5765
8124 2 2 0 2 4297 3274 5357
8125 2 2 0 2 3275 4298 5358
8126 2 2 0 2 5183 3368 5822
8127 2 2 0 2 3369 5184 5823
8128 2 2 0 2 4813 4172 5894
8129 2 2 0 2 4173 4814 5895
8130 2 2 0 2 3236 4108 4924
8131 2 2 0 2 4265 3595 5646
8132 2 2 0 2 3675 4448 4512
8133 2 2 0 2 4449 3676 4513
8134 2 2 0 2 3857 4265 5646
8135 2 2 0 2 3466 4649 5078
8136 2 2 0 2 4649 3901 5078
8137 2 2 0 2 3247 4939 5682
8138 2 2 0 2 4111 3348 5207
8139 2 2 0 2 4641 3873 5175
8140 2 2 0 2 4511 3338 4992
8141 2 2 0 2 3708 4849 4856
8142 2 2 0 2 4850 3709 4857
8143 2 2 0 2 3444 4200 4611
8144 2 2 0 2 4201 3445 4612
8145 2 2 0 2 3412 4600 5839
8146 2 2 0 2 5534 4725 5715
8147 2 2 0 2 3470 4165 4692
8148 2 2 0 2 4214 3835 5438
8149 2 2 0 2 3834 4215 5439
8150 2 2 0 2 3617 4693 4902
8151 2 2 0 2 5493 3962 5501
8152 2 2 0 2 4155 3679 5338
8153 2 2 0 2 4136 3635 5137
8154 2 2 0 2 4943 3792 5417
8155 2 2 0 2 4017 4967 6034
8156 2 2 0 2 4247 3678 4972
8157 2 2 0 2 3471 4247 4972
8158 2 2 0 2 3344 5179 5472
8159 2 2 0 2 3753 4720 4774
8160 2 2 0 2 4221 3642 5081
8161 2 2 0 2 4225 3444 4611
8162 2 2 0 2 3445 4226 4612
8163 2 2 0 2 3296 4231 5502
8164 2 2 0 2 3581 4225 4611
8165 2 2 0 2 4226 3582 4612
8166 2 2 0 2 4889 4117 6022
8167 2 2 0 2 4118 4890 6023
8168 2 2 0 2 3893 4489 5305
8169 2 2 0 2 4216 3392 5082
8170 2 2 0 2 3696 4216 5082
8171 2 2 0 2 4139 3464 5359
8172 2 2 0 2 3632 4691 5017
8173 2 2 0 2 5000 3849 5396
8174 2 2 0 2 3888 4335 5553
8175 2 2 0 2 4335 3224 5553
8176 2 2 0 2 4039 4469 5295
8177 2 2 0 2 4470 4040 5296
8178 2 2 0 2 4583 3571 4591
8179 2 2 0 2 3696 4583 4591
8180 2 2 0 2 65 64 4393
8181 2 2 0 2 4607 4678 5735
8182 2 2 0 2 4679 4606 5736
8183 2 2 0 2 3425 4905 5697
8184 2 2 0 2 4237 3563 5804
8185 2 2 0 2 3510 4143 4790
8186 2 2 0 2 4144 3509 4791
8187 2 2 0 2 3674 4217 4650
8188 2 2 0 2 4572 3471 5804
8189 2 2 0 2 4217 3435 4650
8190 2 2 0 2 4146 4572 5804
8191 2 2 0 2 4128 3491 4856
8192 2 2 0 2 3492 4129 4857
8193 2 2 0 2 4590 4256 5397
8194 2 2 0 2 4441 3243 4908
8195 2 2 0 2 3742 4441 4908
8196 2 2 0 2 5200 3862 5950
8197 2 2 0 2 3863 5201 5951
8198 2 2 0 2 4237 3314 4707
8199 2 2 0 2 3291 4310 5862
8200 2 2 0 2 3567 4230 4704
8201 2 2 0 2 3532 4236 4663
8202 2 2 0 2 3209 4366 4920
8203 2 2 0 2 3599 4725 5534
8204 2 2 0 2 3359 5085 5323
8205 2 2 0 2 5086 3360 5324
8206 2 2 0 2 4187 3466 5734
8207 2 2 0 2 3305 4387 5268
8208 2 2 0 2 78 77 4411
8209 2 2 0 2 26 25 4412
8210 2 2 0 2 4002 4958 5408
8211 2 2 0 2 3658 4453 4609
8212 2 2 0 2 4453 3371 4609
8213 2 2 0 2 3555 4205 4709
8214 2 2 0 2 3327 4183 5686
8215 2 2 0 2 4433 5455 5507
8216 2 2 0 2 4284 3462 4763
8217 2 2 0 2 3463 4285 4764
8218 2 2 0 2 346 4682 5843
8219 2 2 0 2 4681 247 5844
8220 2 2 0 2 3652 4929 5540
8221 2 2 0 2 3491 4128 4875
8222 2 2 0 2 4129 3492 4876
8223 2 2 0 2 3635 4211 5861
8224 2 2 0 2 3619 4592 4774
8225 2 2 0 2 4592 3753 4774
8226 2 2 0 2 5083 3357 5321
8227 2 2 0 2 3358 5084 5322
8228 2 2 0 2 3587 4981 5333
8229 2 2 0 2 4982 3588 5334
8230 2 2 0 2 31 30 4365
8231 2 2 0 2 3333 4201 5301
8232 2 2 0 2 4201 3735 5301
8233 2 2 0 2 4121 3636 5891
8234 2 2 0 2 3637 4122 5892
8235 2 2 0 2 4115 3428 5073
8236 2 2 0 2 4120 3562 4918
8237 2 2 0 2 4542 3615 4719
8238 2 2 0 2 4302 3460 5264
8239 2 2 0 2 3461 4303 5265
8240 2 2 0 2 3557 4221 5180
8241 2 2 0 2 3565 4218 5577
8242 2 2 0 2 4897 3631 5314
8243 2 2 0 2 3568 4153 5527
8244 2 2 0 2 4674 3789 5310
8245 2 2 0 2 4125 3409 4922
8246 2 2 0 2 5409 3537 5707
8247 2 2 0 2 3913 5441 5547
8248 2 2 0 2 5442 3323 5912
8249 2 2 0 2 4521 3673 4866
8250 2 2 0 2 4244 3289 4910
8251 2 2 0 2 3755 4521 4866
8252 2 2 0 2 3331 4288 5251
8253 2 2 0 2 4289 3330 5250
8254 2 2 0 2 3261 4775 4800
8255 2 2 0 2 3274 4188 4968
8256 2 2 0 2 4189 3275 4969
8257 2 2 0 2 4775 3818 4800
8258 2 2 0 2 3726 5066 5372
8259 2 2 0 2 5067 3725 5371
8260 2 2 0 2 3777 4390 5638
8261 2 2 0 2 3697 4130 5405
8262 2 2 0 2 3234 4584 5612
8263 2 2 0 2 4585 3235 5613
8264 2 2 0 2 5208 3302 5242
8265 2 2 0 2 5724 3408 5779
8266 2 2 0 2 3462 4284 4548
8267 2 2 0 2 4285 3463 4549
8268 2 2 0 2 4231 3446 5523
8269 2 2 0 2 5258 4358 5744
8270 2 2 0 2 3856 4206 5809
8271 2 2 0 2 4207 3855 5810
8272 2 2 0 2 4254 3809 5695
8273 2 2 0 2 3810 4255 5696
8274 2 2 0 2 3879 4342 5524
8275 2 2 0 2 4342 3391 5524
8276 2 2 0 2 4677 3379 5177
8277 2 2 0 2 4234 3833 5687
8278 2 2 0 2 317 318 4469
8279 2 2 0 2 275 276 4470
8280 2 2 0 2 3436 4149 5731
8281 2 2 0 2 4150 3437 5732
8282 2 2 0 2 3800 4245 5677
8283 2 2 0 2 4246 3801 5678
8284 2 2 0 2 4450 3663 4466
8285 2 2 0 2 3338 4492 4746
8286 2 2 0 2 4699 3922 5799
8287 2 2 0 2 3923 4700 5800
8288 2 2 0 2 4492 3702 4746
8289 2 2 0 2 3636 4121 5010
8290 2 2 0 2 4122 3637 5011
8291 2 2 0 2 3475 4202 5782
8292 2 2 0 2 4203 3476 5783
8293 2 2 0 2 4131 3334 4953
8294 2 2 0 2 3335 4132 4954
8295 2 2 0 2 4656 3464 5704
8296 2 2 0 2 3409 4125 5871
8297 2 2 0 2 4547 4163 5203
8298 2 2 0 2 3274 4297 4926
8299 2 2 0 2 4298 3275 4927
8300 2 2 0 2 4148 3344 5472
8301 2 2 0 2 4128 3591 5415
8302 2 2 0 2 3592 4129 5414
8303 2 2 0 2 4188 3452 5429
8304 2 2 0 2 3453 4189 5430
8305 2 2 0 2 3702 4492 4941
8306 2 2 0 2 4194 3276 4964
8307 2 2 0 2 3277 4195 4965
8308 2 2 0 2 3682 4392 5024
8309 2 2 0 2 4135 3490 4941
8310 2 2 0 2 4020 5442 5912
8311 2 2 0 2 3796 4171 5591
8312 2 2 0 2 4171 3474 5591
8313 2 2 0 2 4551 3284 4849
8314 2 2 0 2 3285 4552 4850
8315 2 2 0 2 3851 4632 5315
8316 2 2 0 2 3830 4846 5921
8317 2 2 0 2 3640 4192 4950
8318 2 2 0 2 5644 3238 5999
8319 2 2 0 2 3239 5645 6000
8320 2 2 0 2 4006 4914 5349
8321 2 2 0 2 4175 3393 5621
8322 2 2 0 2 4879 3239 6000
8323 2 2 0 2 3238 4878 5999
8324 2 2 0 2 4304 3218 4720
8325 2 2 0 2 4010 4156 5520
8326 2 2 0 2 3883 5276 5848
8327 2 2 0 2 3837 5056 5108
8328 2 2 0 2 3408 4420 5779
8329 2 2 0 2 4626 4176 5824
8330 2 2 0 2 4177 4627 5825
8331 2 2 0 2 3550 4626 5824
8332 2 2 0 2 4627 3551 5825
8333 2 2 0 2 4302 3276 4937
8334 2 2 0 2 3277 4303 4938
8335 2 2 0 2 3656 4235 5590
8336 2 2 0 2 4328 3226 4832
8337 2 2 0 2 3264 4135 5209
8338 2 2 0 2 3664 4328 4832
8339 2 2 0 2 4194 3579 5467
8340 2 2 0 2 3580 4195 5468
8341 2 2 0 2 3420 4161 5544
8342 2 2 0 2 4162 3421 5545
8343 2 2 0 2 4475 3568 4536
8344 2 2 0 2 4769 3251 5996
8345 2 2 0 2 3438 4234 5687
8346 2 2 0 2 3684 4193 5202
8347 2 2 0 2 4416 3315 5375
8348 2 2 0 2 4433 3350 5455
8349 2 2 0 2 3722 5057 5360
8350 2 2 0 2 3548 4223 4822
8351 2 2 0 2 4224 3549 4823
8352 2 2 0 2 4247 51 5028
8353 2 2 0 2 4743 4218 5538
8354 2 2 0 2 3734 4190 4758
8355 2 2 0 2 3442 4180 4765
8356 2 2 0 2 4134 3685 5125
8357 2 2 0 2 3250 4647 4888
8358 2 2 0 2 4794 285 5037
8359 2 2 0 2 308 4795 5038
8360 2 2 0 2 3682 4361 4566
8361 2 2 0 2 4232 3619 4668
8362 2 2 0 2 4361 3312 4566
8363 2 2 0 2 4600 4071 5839
8364 2 2 0 2 3294 4222 4845
8365 2 2 0 2 3531 4238 5938
8366 2 2 0 2 4021 4751 6042
8367 2 2 0 2 3559 4513 5635
8368 2 2 0 2 256 257 4394
8369 2 2 0 2 336 337 4395
8370 2 2 0 2 3417 5124 5835
8371 2 2 0 2 4433 3511 4776
8372 2 2 0 2 4924 3586 5004
8373 2 2 0 2 3346 4345 4840
8374 2 2 0 2 4346 3347 4839
8375 2 2 0 2 3627 4727 5694
8376 2 2 0 2 3464 4139 5704
8377 2 2 0 2 4341 3306 5288
8378 2 2 0 2 3390 4478 4724
8379 2 2 0 2 4620 4219 6037
8380 2 2 0 2 3564 4379 5571
8381 2 2 0 2 3276 4302 5289
8382 2 2 0 2 4303 3277 5290
8383 2 2 0 2 4186 3544 5128
8384 2 2 0 2 4148 4002 5408
8385 2 2 0 2 4116 4310 5114
8386 2 2 0 2 4478 3390 5278
8387 2 2 0 2 3859 4478 5278
8388 2 2 0 2 5447 3559 5635
8389 2 2 0 2 3255 4292 5103
8390 2 2 0 2 4293 3254 5102
8391 2 2 0 2 4337 3751 4810
8392 2 2 0 2 4318 3530 4958
8393 2 2 0 2 4655 3252 5409
8394 2 2 0 2 3577 4141 5186
8395 2 2 0 2 3583 4620 6037
8396 2 2 0 2 4011 4655 5409
8397 2 2 0 2 4343 3525 5788
8398 2 2 0 2 3339 4322 4936
8399 2 2 0 2 3538 5340 5710
8400 2 2 0 2 5341 3539 5711
8401 2 2 0 2 3638 4172 4813
8402 2 2 0 2 4173 3639 4814
8403 2 2 0 2 4161 330 5094
8404 2 2 0 2 263 4162 5095
8405 2 2 0 2 4872 4164 5997
8406 2 2 0 2 4188 3575 4968
8407 2 2 0 2 3576 4189 4969
8408 2 2 0 2 4362 3508 5262
8409 2 2 0 2 5131 3739 5217
8410 2 2 0 2 4747 3570 5276
8411 2 2 0 2 4008 4747 5276
8412 2 2 0 2 4643 3546 5104
8413 2 2 0 2 3547 4644 5105
8414 2 2 0 2 4445 3667 5396
8415 2 2 0 2 3244 4961 5284
8416 2 2 0 2 44 4205 4742
8417 2 2 0 2 4738 3630 4919
8418 2 2 0 2 3743 4269 4809
8419 2 2 0 2 4340 3300 5795
8420 2 2 0 2 3474 4669 5385
8421 2 2 0 2 304 305 4515
8422 2 2 0 2 288 289 4514
8423 2 2 0 2 3525 4233 5652
8424 2 2 0 2 4233 3828 5652
8425 2 2 0 2 4461 3215 4981
8426 2 2 0 2 3216 4462 4982
8427 2 2 0 2 4582 4111 5351
8428 2 2 0 2 5024 4392 5573
8429 2 2 0 2 4320 233 5362
8430 2 2 0 2 360 4321 5363
8431 2 2 0 2 4418 3367 4891
8432 2 2 0 2 3710 4418 4891
8433 2 2 0 2 3569 4634 5779
8434 2 2 0 2 4196 3491 4752
8435 2 2 0 2 3492 4197 4753
8436 2 2 0 2 3527 4426 4642
8437 2 2 0 2 4426 3641 4642
8438 2 2 0 2 3319 4146 4944
8439 2 2 0 2 4611 4200 5794
8440 2 2 0 2 4201 4612 5793
8441 2 2 0 2 306 4214 5438
8442 2 2 0 2 4215 287 5439
8443 2 2 0 2 4230 3343 4704
8444 2 2 0 2 3246 4897 5536
8445 2 2 0 2 4914 3396 5349
8446 2 2 0 2 4205 3601 4742
8447 2 2 0 2 3850 4295 5630
8448 2 2 0 2 4295 3313 5630
8449 2 2 0 2 3958 4729 5418
8450 2 2 0 2 3399 4756 5578
8451 2 2 0 2 4757 3400 5579
8452 2 2 0 2 3579 4194 4964
8453 2 2 0 2 4195 3580 4965
8454 2 2 0 2 5077 4001 5976
8455 2 2 0 2 3517 4333 5747
8456 2 2 0 2 4334 3518 5748
8457 2 2 0 2 4282 3504 5478
8458 2 2 0 2 4256 3584 4801
8459 2 2 0 2 3450 4356 5931
8460 2 2 0 2 4355 3451 5932
8461 2 2 0 2 4154 3860 5657
8462 2 2 0 2 3236 4426 4973
8463 2 2 0 2 5032 3391 5090
8464 2 2 0 2 4390 3615 5638
8465 2 2 0 2 4023 4265 5279
8466 2 2 0 2 4551 4849 5701
8467 2 2 0 2 4850 4552 5702
8468 2 2 0 2 3554 4450 4466
8469 2 2 0 2 4186 3336 5156
8470 2 2 0 2 3563 4237 4707
8471 2 2 0 2 3397 4731 5532
8472 2 2 0 2 3355 4427 4960
8473 2 2 0 2 4428 3356 4959
8474 2 2 0 2 3925 4517 4557
8475 2 2 0 2 4427 3730 4960
8476 2 2 0 2 3731 4428 4959
8477 2 2 0 2 4358 4318 5470
8478 2 2 0 2 3321 4164 4872
8479 2 2 0 2 4423 3800 5352
8480 2 2 0 2 3801 4424 5353
8481 2 2 0 2 70 4220 5683
8482 2 2 0 2 4707 3770 5427
8483 2 2 0 2 3265 4791 5809
8484 2 2 0 2 4790 3266 5810
8485 2 2 0 2 3911 4295 5227
8486 2 2 0 2 4331 3517 5722
8487 2 2 0 2 3518 4332 5723
8488 2 2 0 2 3546 4263 4671
8489 2 2 0 2 4264 3547 4672
8490 2 2 0 2 4604 3854 5031
8491 2 2 0 2 3582 4226 5015
8492 2 2 0 2 4225 3581 5014
8493 2 2 0 2 3573 4354 4777
8494 2 2 0 2 4196 3238 5644
8495 2 2 0 2 3239 4197 5645
8496 2 2 0 2 3425 4446 4905
8497 2 2 0 2 3556 4498 5422
8498 2 2 0 2 3433 4148 5913
8499 2 2 0 2 5303 3777 5638
8500 2 2 0 2 4441 3742 4898
8501 2 2 0 2 3506 4779 5345
8502 2 2 0 2 4067 4204 5968
8503 2 2 0 2 3523 4533 5398
8504 2 2 0 2 4534 3524 5399
8505 2 2 0 2 3629 4253 5980
8506 2 2 0 2 4226 3861 5796
8507 2 2 0 2 3272 4283 4887
8508 2 2 0 2 4321 96 5366
8509 2 2 0 2 7 4320 5365
8510 2 2 0 2 4344 3837 5487
8511 2 2 0 2 3244 4344 5487
8512 2 2 0 2 3392 4216 5757
8513 2 2 0 2 3809 4430 5420
8514 2 2 0 2 4431 3810 5421
8515 2 2 0 2 3705 4164 5437
8516 2 2 0 2 3446 4158 5053
8517 2 2 0 2 4158 3648 5053
8518 2 2 0 2 4771 3706 5085
8519 2 2 0 2 3707 4770 5086
8520 2 2 0 2 3932 4771 5085
8521 2 2 0 2 4770 3933 5086
8522 2 2 0 2 4169 3523 5239
8523 2 2 0 2 3524 4170 5240
8524 2 2 0 2 3653 4510 5889
8525 2 2 0 2 3289 4244 4946
8526 2 2 0 2 3770 4339 5192
8527 2 2 0 2 4339 3505 5192
8528 2 2 0 2 4244 3649 4946
8529 2 2 0 2 4165 3470 5479
8530 2 2 0 2 4242 3591 5665
8531 2 2 0 2 3592 4243 5666
8532 2 2 0 2 3242 4483 4909
8533 2 2 0 2 4483 3741 4909
8534 2 2 0 2 4171 4432 5712
8535 2 2 0 2 4159 3264 4921
8536 2 2 0 2 4283 3501 4998
8537 2 2 0 2 4147 3792 5097
8538 2 2 0 2 4174 3445 5488
8539 2 2 0 2 5006 3907 5204
8540 2 2 0 2 3906 5005 5205
8541 2 2 0 2 4414 3805 5568
8542 2 2 0 2 3548 4586 4903
8543 2 2 0 2 4587 3549 4904
8544 2 2 0 2 4167 3650 5060
8545 2 2 0 2 3651 4168 5061
8546 2 2 0 2 3903 5383 5543
8547 2 2 0 2 4531 3521 5200
8548 2 2 0 2 3522 4532 5201
8549 2 2 0 2 4662 4336 5582
8550 2 2 0 2 3621 4782 4871
8551 2 2 0 2 4782 3829 4871
8552 2 2 0 2 4693 3757 4902
8553 2 2 0 2 4492 3338 4511
8554 2 2 0 2 3633 4492 4511
8555 2 2 0 2 3813 4738 4919
8556 2 2 0 2 4149 3943 5127
8557 2 2 0 2 3942 4150 5126
8558 2 2 0 2 4682 4062 5843
8559 2 2 0 2 4061 4681 5844
8560 2 2 0 2 4020 4372 4749
8561 2 2 0 2 4515 305 5438
8562 2 2 0 2 288 4514 5439
8563 2 2 0 2 4679 3538 5993
8564 2 2 0 2 3539 4678 5994
8565 2 2 0 2 3290 4225 5014
8566 2 2 0 2 3533 4351 6033
8567 2 2 0 2 4836 4250 5572
8568 2 2 0 2 4167 5060 5526
8569 2 2 0 2 5061 4168 5525
8570 2 2 0 2 4291 3553 4873
8571 2 2 0 2 3898 4924 5004
8572 2 2 0 2 3469 4159 5974
8573 2 2 0 2 330 4161 5608
8574 2 2 0 2 4162 263 5609
8575 2 2 0 2 5060 3447 5526
8576 2 2 0 2 3448 5061 5525
8577 2 2 0 2 3827 4724 5447
8578 2 2 0 2 341 4388 5919
8579 2 2 0 2 4389 252 5920
8580 2 2 0 2 4202 3604 5499
8581 2 2 0 2 3605 4203 5498
8582 2 2 0 2 4473 3880 5369
8583 2 2 0 2 3508 4473 5369
8584 2 2 0 2 3516 4219 4796
8585 2 2 0 2 4539 4667 5808
8586 2 2 0 2 3719 4213 5434
8587 2 2 0 2 4212 3718 5433
8588 2 2 0 2 3362 4641 5175
8589 2 2 0 2 4235 3567 4748
8590 2 2 0 2 3362 4157 6029
8591 2 2 0 2 3643 4571 4653
8592 2 2 0 2 3662 4153 5737
8593 2 2 0 2 3521 4184 5260
8594 2 2 0 2 4185 3522 5261
8595 2 2 0 2 3771 4297 5312
8596 2 2 0 2 4298 3772 5313
8597 2 2 0 2 3765 4669 4797
8598 2 2 0 2 4578 3928 5450
8599 2 2 0 2 5052 3244 5284
8600 2 2 0 2 4669 3303 4797
8601 2 2 0 2 4297 3458 5312
8602 2 2 0 2 3459 4298 5313
8603 2 2 0 2 4556 4013 5014
8604 2 2 0 2 4014 4555 5015
8605 2 2 0 2 3985 4239 5834
8606 2 2 0 2 3739 5131 5350
8607 2 2 0 2 4685 4538 5803
8608 2 2 0 2 3314 4237 5368
8609 2 2 0 2 3616 4230 4778
8610 2 2 0 2 4356 3450 5727
8611 2 2 0 2 3451 4355 5728
8612 2 2 0 2 58 57 5364
8613 2 2 0 2 4561 3820 5266
8614 2 2 0 2 3819 4562 5267
8615 2 2 0 2 4591 3571 5628
8616 2 2 0 2 4193 3280 5202
8617 2 2 0 2 3741 4483 4874
8618 2 2 0 2 3574 4451 5518
8619 2 2 0 2 4792 3930 5083
8620 2 2 0 2 3931 4793 5084
8621 2 2 0 2 3703 4792 5083
8622 2 2 0 2 4793 3704 5084
8623 2 2 0 2 4451 3914 5518
8624 2 2 0 2 4200 3444 5631
8625 2 2 0 2 4392 3682 4558
8626 2 2 0 2 3314 4339 4707
8627 2 2 0 2 3837 4344 5056
8628 2 2 0 2 4166 3632 4979
8629 2 2 0 2 4240 3552 5845
8630 2 2 0 2 4164 3321 5437
8631 2 2 0 2 4540 4871 5304
8632 2 2 0 2 4391 3645 4744
8633 2 2 0 2 3249 4391 4744
8634 2 2 0 2 3321 4166 4979
8635 2 2 0 2 3295 4354 5238
8636 2 2 0 2 3413 4392 4558
8637 2 2 0 2 4178 3484 4935
8638 2 2 0 2 4616 3556 5422
8639 2 2 0 2 3389 4154 5194
8640 2 2 0 2 5067 3977 5253
8641 2 2 0 2 3976 5066 5252
8642 2 2 0 2 3971 5057 5241
8643 2 2 0 2 4201 3333 4847
8644 2 2 0 2 4448 3558 4512
8645 2 2 0 2 3559 4449 4513
8646 2 2 0 2 4750 3292 4805
8647 2 2 0 2 3564 5571 5867
8648 2 2 0 2 3679 4155 5428
8649 2 2 0 2 4161 3760 5608
8650 2 2 0 2 3761 4162 5609
8651 2 2 0 2 3544 4160 5299
8652 2 2 0 2 3500 4736 5294
8653 2 2 0 2 4157 3443 5117
8654 2 2 0 2 4995 3881 5314
8655 2 2 0 2 4951 3842 5312
8656 2 2 0 2 3843 4952 5313
8657 2 2 0 2 3366 4962 5889
8658 2 2 0 2 3484 4178 5232
8659 2 2 0 2 3983 4634 5901
8660 2 2 0 2 4365 5377 5691
8661 2 2 0 2 4602 3909 5858
8662 2 2 0 2 4157 3362 5906
8663 2 2 0 2 4371 3324 4816
8664 2 2 0 2 3895 5818 5854
8665 2 2 0 2 5819 3896 5855
8666 2 2 0 2 3654 4220 5076
8667 2 2 0 2 4103 5003 5983
8668 2 2 0 2 4563 3596 5325
8669 2 2 0 2 4428 3742 4854
8670 2 2 0 2 3741 4427 4853
8671 2 2 0 2 4326 3340 5285
8672 2 2 0 2 3356 4428 4854
8673 2 2 0 2 4427 3355 4853
8674 2 2 0 2 3683 4421 4863
8675 2 2 0 2 3826 4440 5337
8676 2 2 0 2 4418 3586 5463
8677 2 2 0 2 5346 4036 5558
8678 2 2 0 2 5491 4030 5852
8679 2 2 0 2 3487 4894 5771
8680 2 2 0 2 4895 3486 5770
8681 2 2 0 2 3955 4388 4735
8682 2 2 0 2 4389 3956 4734
8683 2 2 0 2 4316 4671 5019
8684 2 2 0 2 4672 4317 5020
8685 2 2 0 2 4174 3713 5510
8686 2 2 0 2 300 301 4454
8687 2 2 0 2 292 293 4455
8688 2 2 0 2 346 347 4682
8689 2 2 0 2 246 247 4681
8690 2 2 0 2 3225 4249 4768
8691 2 2 0 2 4249 3600 4768
8692 2 2 0 2 3422 4166 5560
8693 2 2 0 2 4602 5858 5956
8694 2 2 0 2 3328 4373 4825
8695 2 2 0 2 4374 3329 4826
8696 2 2 0 2 3458 4297 5464
8697 2 2 0 2 4298 3459 5465
8698 2 2 0 2 4275 3837 4844
8699 2 2 0 2 4569 3597 5282
8700 2 2 0 2 3598 4570 5283
8701 2 2 0 2 3722 4371 4593
8702 2 2 0 2 4894 4213 5771
8703 2 2 0 2 4212 4895 5770
8704 2 2 0 2 4371 3493 4593
8705 2 2 0 2 3626 4559 4923
8706 2 2 0 2 3610 4169 5239
8707 2 2 0 2 4170 3611 5240
8708 2 2 0 2 3280 4193 5494
8709 2 2 0 2 3624 4504 4523
8710 2 2 0 2 3812 4287 4716
8711 2 2 0 2 4504 3631 4523
8712 2 2 0 2 4245 3308 4783
8713 2 2 0 2 3309 4246 4784
8714 2 2 0 2 3628 5062 5693
8715 2 2 0 2 5063 3627 5694
8716 2 2 0 2 3753 4592 4745
8717 2 2 0 2 3315 4778 5375
8718 2 2 0 2 3778 4320 5362
8719 2 2 0 2 4321 3779 5363
8720 2 2 0 2 3918 4932 5644
8721 2 2 0 2 4933 3919 5645
8722 2 2 0 2 3902 4497 5532
8723 2 2 0 2 4151 4543 5558
8724 2 2 0 2 3305 5268 5715
8725 2 2 0 2 4293 3495 4892
8726 2 2 0 2 3496 4292 4893
8727 2 2 0 2 3207 4458 5685
8728 2 2 0 2 3286 4623 5152
8729 2 2 0 2 4421 3322 4863
8730 2 2 0 2 4262 3272 5743
8731 2 2 0 2 4729 3312 5418
8732 2 2 0 2 4524 3259 5411
8733 2 2 0 2 3260 4525 5412
8734 2 2 0 2 4356 3952 5931
8735 2 2 0 2 3951 4355 5932
8736 2 2 0 2 3828 4229 5652
8737 2 2 0 2 4440 3826 5351
8738 2 2 0 2 4658 82 5910
8739 2 2 0 2 21 4657 5911
8740 2 2 0 2 3328 4384 4785
8741 2 2 0 2 4385 3329 4786
8742 2 2 0 2 4384 3646 4785
8743 2 2 0 2 3647 4385 4786
8744 2 2 0 2 3718 4212 5347
8745 2 2 0 2 4213 3719 5348
8746 2 2 0 2 4212 3265 5347
8747 2 2 0 2 3266 4213 5348
8748 2 2 0 2 4175 3645 5262
8749 2 2 0 2 3310 4254 4780
8750 2 2 0 2 4255 3311 4781
8751 2 2 0 2 4505 3757 4693
8752 2 2 0 2 3304 4505 4693
8753 2 2 0 2 3838 4262 5743
8754 2 2 0 2 4248 3364 4799
8755 2 2 0 2 3575 4188 5429
8756 2 2 0 2 4189 3576 5430
8757 2 2 0 2 3341 4234 4838
8758 2 2 0 2 4150 4381 5126
8759 2 2 0 2 4380 4149 5127
8760 2 2 0 2 3642 4477 4632
8761 2 2 0 2 3603 4434 4652
8762 2 2 0 2 4477 3326 4632
8763 2 2 0 2 5377 3797 5691
8764 2 2 0 2 3316 4209 4899
8765 2 2 0 2 4210 3317 4900
8766 2 2 0 2 3578 4789 5758
8767 2 2 0 2 4789 4199 5758
8768 2 2 0 2 3596 4655 5325
8769 2 2 0 2 3236 4924 5039
8770 2 2 0 2 4440 3212 5337
8771 2 2 0 2 4265 3301 4931
8772 2 2 0 2 4720 3753 5508
8773 2 2 0 2 4056 4720 5508
8774 2 2 0 2 4132 4679 5993
8775 2 2 0 2 4678 4131 5994
8776 2 2 0 2 4178 3622 5232
8777 2 2 0 2 4950 4192 5859
8778 2 2 0 2 3385 4256 4801
8779 2 2 0 2 4664 3734 4758
8780 2 2 0 2 3595 4265 4931
8781 2 2 0 2 3219 4664 4758
8782 2 2 0 2 4320 3778 5365
8783 2 2 0 2 3779 4321 5366
8784 2 2 0 2 4451 3574 4805
8785 2 2 0 2 4622 3805 5505
8786 2 2 0 2 3215 4267 5929
8787 2 2 0 2 4268 3216 5930
8788 2 2 0 2 4184 3613 5260
8789 2 2 0 2 3614 4185 5261
8790 2 2 0 2 3501 4335 4998
8791 2 2 0 2 3364 4248 4995
8792 2 2 0 2 4248 3652 4995
8793 2 2 0 2 3620 4259 5242
8794 2 2 0 2 3455 4194 5467
8795 2 2 0 2 4195 3456 5468
8796 2 2 0 2 5167 3973 5266
8797 2 2 0 2 3974 5166 5267
8798 2 2 0 2 43 42 4709
8799 2 2 0 2 4257 3270 5872
8800 2 2 0 2 3271 4258 5873
8801 2 2 0 2 5279 3857 5888
8802 2 2 0 2 4026 4896 5188
8803 2 2 0 2 4896 3413 5188
8804 2 2 0 2 4464 3527 4642
8805 2 2 0 2 5168 3978 5257
8806 2 2 0 2 3979 5169 5256
8807 2 2 0 2 4905 4030 5697
8808 2 2 0 2 11 10 5169
8809 2 2 0 2 93 92 5168
8810 2 2 0 2 4645 68 5311
8811 2 2 0 2 4680 3339 5574
8812 2 2 0 2 3248 4379 4698
8813 2 2 0 2 4414 5568 5835
8814 2 2 0 2 3787 4359 4798
8815 2 2 0 2 3752 5191 5228
8816 2 2 0 2 4343 3630 4738
8817 2 2 0 2 3286 4343 4738
8818 2 2 0 2 3528 4192 5380
8819 2 2 0 2 4260 5878 6013
8820 2 2 0 2 5879 4261 6014
8821 2 2 0 2 3615 4687 5638
8822 2 2 0 2 4684 3598 5283
8823 2 2 0 2 3597 4683 5282
8824 2 2 0 2 4594 3738 5501
8825 2 2 0 2 4551 3587 4553
8826 2 2 0 2 3588 4552 4554
8827 2 2 0 2 5878 3270 6013
8828 2 2 0 2 3271 5879 6014
8829 2 2 0 2 3693 4551 4553
8830 2 2 0 2 4552 3694 4554
8831 2 2 0 2 4000 5023 5969
8832 2 2 0 2 4456 3206 4788
8833 2 2 0 2 4411 77 5936
8834 2 2 0 2 26 4412 5935
8835 2 2 0 2 3677 4456 4788
8836 2 2 0 2 3652 4248 5816
8837 2 2 0 2 4408 3206 5762
8838 2 2 0 2 3445 4201 5488
8839 2 2 0 2 3813 4743 5538
8840 2 2 0 2 3497 4440 5351
8841 2 2 0 2 3685 4859 5547
8842 2 2 0 2 4507 3597 5773
8843 2 2 0 2 3598 4508 5772
8844 2 2 0 2 3464 4266 5359
8845 2 2 0 2 4018 4507 5773
8846 2 2 0 2 4508 4019 5772
8847 2 2 0 2 4847 4174 5488
8848 2 2 0 2 4223 3548 4903
8849 2 2 0 2 3549 4224 4904
8850 2 2 0 2 3462 4279 4763
8851 2 2 0 2 4280 3463 4764
8852 2 2 0 2 3209 4920 5112
8853 2 2 0 2 4500 3907 5579
8854 2 2 0 2 3906 4499 5578
8855 2 2 0 2 5104 3357 5987
8856 2 2 0 2 3358 5105 5988
8857 2 2 0 2 4218 3205 5577
8858 2 2 0 2 4274 3986 5971
8859 2 2 0 2 4251 3475 5818
8860 2 2 0 2 3476 4252 5819
8861 2 2 0 2 3306 4251 5820
8862 2 2 0 2 3380 4291 4873
8863 2 2 0 2 3361 4422 4820
8864 2 2 0 2 4422 3668 4820
8865 2 2 0 2 3847 5021 5709
8866 2 2 0 2 5022 3848 5708
8867 2 2 0 2 3447 4227 4906
8868 2 2 0 2 4228 3448 4907
8869 2 2 0 2 4192 3640 5522
8870 2 2 0 2 5119 3685 5547
8871 2 2 0 2 4191 3208 5226
8872 2 2 0 2 4388 3955 5919
8873 2 2 0 2 3956 4389 5920
8874 2 2 0 2 232 4320 4807
8875 2 2 0 2 4321 361 4808
8876 2 2 0 2 4190 3734 5196
8877 2 2 0 2 4320 6 4807
8878 2 2 0 2 97 4321 4808
8879 2 2 0 2 4322 3339 5170
8880 2 2 0 2 83 82 4658
8881 2 2 0 2 21 20 4657
8882 2 2 0 2 69 68 4645
8883 2 2 0 2 4636 3378 5178
8884 2 2 0 2 4319 3343 5217
8885 2 2 0 2 3739 4319 5217
8886 2 2 0 2 4546 3702 4941
8887 2 2 0 2 4263 3714 5230
8888 2 2 0 2 3715 4264 5231
8889 2 2 0 2 4193 3679 5494
8890 2 2 0 2 3578 4732 5539
8891 2 2 0 2 4941 4492 5730
8892 2 2 0 2 3520 5138 5962
8893 2 2 0 2 358 4334 4706
8894 2 2 0 2 4333 235 4705
8895 2 2 0 2 5128 3544 5299
8896 2 2 0 2 9 4331 4694
8897 2 2 0 2 4332 94 4695
8898 2 2 0 2 4719 3615 4750
8899 2 2 0 2 4871 3829 4882
8900 2 2 0 2 4307 4616 5469
8901 2 2 0 2 4218 3565 5538
8902 2 2 0 2 3279 4950 5859
8903 2 2 0 2 4497 3397 5532
8904 2 2 0 2 3945 5648 5856
8905 2 2 0 2 4355 3877 5728
8906 2 2 0 2 3876 4356 5727
8907 2 2 0 2 65 4393 5847
8908 2 2 0 2 4282 3752 4957
8909 2 2 0 2 4809 4273 5959
8910 2 2 0 2 3261 4809 5959
8911 2 2 0 2 3723 5043 5044
8912 2 2 0 2 3642 4632 5173
8913 2 2 0 2 4632 3851 5173
8914 2 2 0 2 3292 4390 5211
8915 2 2 0 2 4390 3777 5211
8916 2 2 0 2 4457 3299 5948
8917 2 2 0 2 3730 4427 5295
8918 2 2 0 2 4428 3731 5296
8919 2 2 0 2 3689 4404 4940
8920 2 2 0 2 4404 3365 4940
8921 2 2 0 2 4506 3512 4983
8922 2 2 0 2 3750 4506 4983
8923 2 2 0 2 4220 70 5076
8924 2 2 0 2 4595 3327 5686
8925 2 2 0 2 3602 4503 4973
8926 2 2 0 2 4650 3968 5059
8927 2 2 0 2 4429 4092 5716
8928 2 2 0 2 4702 3627 5063
8929 2 2 0 2 3628 4703 5062
8930 2 2 0 2 4216 3696 4993
8931 2 2 0 2 4305 3219 4758
8932 2 2 0 2 4333 4705 5747
8933 2 2 0 2 4706 4334 5748
8934 2 2 0 2 4245 3800 5672
8935 2 2 0 2 3801 4246 5673
8936 2 2 0 2 3452 4245 5672
8937 2 2 0 2 4246 3453 5673
8938 2 2 0 2 4769 3811 5281
8939 2 2 0 2 4436 3658 4978
8940 2 2 0 2 4232 3289 4946
8941 2 2 0 2 4656 3788 5224
8942 2 2 0 2 3618 5425 5506
8943 2 2 0 2 3473 4505 5970
8944 2 2 0 2 4545 4077 5300
8945 2 2 0 2 4223 3758 5357
8946 2 2 0 2 3759 4224 5358
8947 2 2 0 2 4924 3898 5039
8948 2 2 0 2 4517 3533 4557
8949 2 2 0 2 4253 3498 5980
8950 2 2 0 2 29 28 4571
8951 2 2 0 2 4453 3658 5210
8952 2 2 0 2 4209 3316 5406
8953 2 2 0 2 3317 4210 5407
8954 2 2 0 2 4600 3585 4773
8955 2 2 0 2 3574 4530 4805
8956 2 2 0 2 3391 4342 5090
8957 2 2 0 2 356 357 5166
8958 2 2 0 2 236 237 5167
8959 2 2 0 2 3487 4299 4894
8960 2 2 0 2 4300 3486 4895
8961 2 2 0 2 3326 4477 5263
8962 2 2 0 2 3340 4743 4919
8963 2 2 0 2 4743 3813 4919
8964 2 2 0 2 3350 4433 5419
8965 2 2 0 2 4433 3831 5419
8966 2 2 0 2 3434 4206 5116
8967 2 2 0 2 4207 3435 5115
8968 2 2 0 2 3559 4244 4910
8969 2 2 0 2 286 4215 5037
8970 2 2 0 2 4214 307 5038
8971 2 2 0 2 56 55 4610
8972 2 2 0 2 4024 5043 5309
8973 2 2 0 2 3394 4871 4882
8974 2 2 0 2 3351 4561 5266
8975 2 2 0 2 4562 3352 5267
8976 2 2 0 2 4577 4027 5707
8977 2 2 0 2 4694 4331 5722
8978 2 2 0 2 4332 4695 5723
8979 2 2 0 2 3942 5771 5840
8980 2 2 0 2 5770 3943 5841
8981 2 2 0 2 3370 4364 5035
8982 2 2 0 2 4364 3699 5035
8983 2 2 0 2 3523 4257 5239
8984 2 2 0 2 4258 3524 5240
8985 2 2 0 2 3313 4523 4578
8986 2 2 0 2 4239 3484 5232
8987 2 2 0 2 4768 3857 5646
8988 2 2 0 2 51 4247 5601
8989 2 2 0 2 3381 4275 4844
8990 2 2 0 2 4271 3370 5854
8991 2 2 0 2 3371 4272 5855
8992 2 2 0 2 4206 3434 5559
8993 2 2 0 2 4845 4222 5774
8994 2 2 0 2 3572 4845 5774
8995 2 2 0 2 3596 4437 5763
8996 2 2 0 2 3435 4207 5581
8997 2 2 0 2 4382 4576 6037
8998 2 2 0 2 3671 4209 5406
8999 2 2 0 2 4210 3672 5407
9000 2 2 0 2 3728 4284 5990
9001 2 2 0 2 4285 3729 5989
9002 2 2 0 2 4799 3364 5160
9003 2 2 0 2 5057 3722 5241
9004 2 2 0 2 4290 3526 4829
9005 2 2 0 2 4331 8 5365
9006 2 2 0 2 95 4332 5366
9007 2 2 0 2 3442 4214 5390
9008 2 2 0 2 4215 3443 5389
9009 2 2 0 2 3725 5067 5253
9010 2 2 0 2 5066 3726 5252
9011 2 2 0 2 4260 3521 5260
9012 2 2 0 2 3522 4261 5261
9013 2 2 0 2 4156 4308 5520
9014 2 2 0 2 4286 3889 4833
9015 2 2 0 2 4429 3322 5189
9016 2 2 0 2 3861 4310 5796
9017 2 2 0 2 3400 4500 5579
9018 2 2 0 2 4499 3399 5578
9019 2 2 0 2 5845 4006 5937
9020 2 2 0 2 338 339 4565
9021 2 2 0 2 254 255 4564
9022 2 2 0 2 4518 3326 5263
9023 2 2 0 2 4310 3291 5796
9024 2 2 0 2 3565 4680 5614
9025 2 2 0 2 4078 4447 5649
9026 2 2 0 2 4269 4881 5811
9027 2 2 0 2 4881 3481 5811
9028 2 2 0 2 3853 4557 5885
9029 2 2 0 2 4442 3297 5773
9030 2 2 0 2 3298 4443 5772
9031 2 2 0 2 4259 3395 5749
9032 2 2 0 2 3678 5028 5561
9033 2 2 0 2 3624 4328 5160
9034 2 2 0 2 28 27 4653
9035 2 2 0 2 76 75 4654
9036 2 2 0 2 4411 3960 4715
9037 2 2 0 2 3959 4412 4714
9038 2 2 0 2 3724 4719 4750
9039 2 2 0 2 5152 4623 5614
9040 2 2 0 2 5078 3901 5965
9041 2 2 0 2 3642 4509 5081
9042 2 2 0 2 3528 4545 5300
9043 2 2 0 2 3822 4259 5749
9044 2 2 0 2 3835 4515 5438
9045 2 2 0 2 4514 3834 5439
9046 2 2 0 2 4308 3480 5520
9047 2 2 0 2 3377 4510 4688
9048 2 2 0 2 4254 3455 5698
9049 2 2 0 2 3456 4255 5699
9050 2 2 0 2 4510 3653 4688
9051 2 2 0 2 3809 4254 5698
9052 2 2 0 2 4255 3810 5699
9053 2 2 0 2 4387 3305 5118
9054 2 2 0 2 3781 4794 5037
9055 2 2 0 2 4795 3782 5038
9056 2 2 0 2 282 283 4528
9057 2 2 0 2 310 311 4529
9058 2 2 0 2 5651 3503 5861
9059 2 2 0 2 3604 4299 5499
9060 2 2 0 2 4300 3605 5498
9061 2 2 0 2 3714 4263 5323
9062 2 2 0 2 4264 3715 5324
9063 2 2 0 2 3495 4373 4892
9064 2 2 0 2 4374 3496 4893
9065 2 2 0 2 4234 4021 6042
9066 2 2 0 2 4263 3359 5323
9067 2 2 0 2 3360 4264 5324
9068 2 2 0 2 4217 3242 6032
9069 2 2 0 2 4523 3631 4578
9070 2 2 0 2 3888 5553 6034
9071 2 2 0 2 4306 3323 5442
9072 2 2 0 2 3960 4411 5936
9073 2 2 0 2 4412 3959 5935
9074 2 2 0 2 4220 3654 5093
9075 2 2 0 2 3840 5342 5940
9076 2 2 0 2 3724 4750 4805
9077 2 2 0 2 3889 4286 5970
9078 2 2 0 2 3778 4331 5365
9079 2 2 0 2 4332 3779 5366
9080 2 2 0 2 4775 3784 5392
9081 2 2 0 2 3659 4580 5526
9082 2 2 0 2 4581 3660 5525
9083 2 2 0 2 4869 4362 5262
9084 2 2 0 2 4436 4978 5671
9085 2 2 0 2 4891 3903 5543
9086 2 2 0 2 4434 3488 4652
9087 2 2 0 2 4627 4177 5290
9088 2 2 0 2 4176 4626 5289
9089 2 2 0 2 4859 3318 5068
9090 2 2 0 2 3913 4859 5068
9091 2 2 0 2 3600 4249 4963
9092 2 2 0 2 4396 3636 5010
9093 2 2 0 2 3637 4397 5011
9094 2 2 0 2 4415 3349 4870
9095 2 2 0 2 3674 4415 4870
9096 2 2 0 2 4052 4658 5910
9097 2 2 0 2 4657 4051 5911
9098 2 2 0 2 4233 3449 5881
9099 2 2 0 2 3446 4231 5109
9100 2 2 0 2 4231 3657 5109
9101 2 2 0 2 3560 4730 5736
9102 2 2 0 2 4255 4781 5696
9103 2 2 0 2 4780 4254 5695
9104 2 2 0 2 4788 3840 5940
9105 2 2 0 2 3292 4451 4805
9106 2 2 0 2 4393 3944 5847
9107 2 2 0 2 4555 4014 5755
9108 2 2 0 2 4013 4556 5754
9109 2 2 0 2 3411 4555 5755
9110 2 2 0 2 4556 3410 5754
9111 2 2 0 2 4659 3657 5871
9112 2 2 0 2 4125 4659 5871
9113 2 2 0 2 3615 4390 4750
9114 2 2 0 2 4542 4719 5955
9115 2 2 0 2 3894 4832 5564
9116 2 2 0 2 75 74 4767
9117 2 2 0 2 3500 4250 5197
9118 2 2 0 2 4250 3684 5197
9119 2 2 0 2 4296 3318 4846
9120 2 2 0 2 4460 3302 5937
9121 2 2 0 2 4276 3469 4886
9122 2 2 0 2 4238 3662 5938
9123 2 2 0 2 4687 3934 5349
9124 2 2 0 2 3396 4687 5349
9125 2 2 0 2 3503 4636 4925
9126 2 2 0 2 4636 3766 4925
9127 2 2 0 2 5288 3306 5820
9128 2 2 0 2 4276 3738 5860
9129 2 2 0 2 3829 4301 4882
9130 2 2 0 2 321 4439 5627
9131 2 2 0 2 4438 272 5626
9132 2 2 0 2 3537 4577 5707
9133 2 2 0 2 4333 3778 5362
9134 2 2 0 2 3779 4334 5363
9135 2 2 0 2 3618 4489 4811
9136 2 2 0 2 3339 4936 5171
9137 2 2 0 2 3237 4675 4993
9138 2 2 0 2 4230 3567 5375
9139 2 2 0 2 234 4333 5362
9140 2 2 0 2 4334 359 5363
9141 2 2 0 2 3786 4688 5027
9142 2 2 0 2 4580 3659 5034
9143 2 2 0 2 3660 4581 5033
9144 2 2 0 2 4238 3207 5466
9145 2 2 0 2 4730 4089 5736
9146 2 2 0 2 4283 3577 4887
9147 2 2 0 2 3625 4275 5496
9148 2 2 0 2 4584 3550 5824
9149 2 2 0 2 3551 4585 5825
9150 2 2 0 2 3678 4247 5028
9151 2 2 0 2 4078 5649 6019
9152 2 2 0 2 4981 3215 5929
9153 2 2 0 2 3216 4982 5930
9154 2 2 0 2 4833 3451 5728
9155 2 2 0 2 4817 4312 5585
9156 2 2 0 2 4903 4586 5612
9157 2 2 0 2 4587 4904 5613
9158 2 2 0 2 4154 4366 5194
9159 2 2 0 2 4245 4783 5677
9160 2 2 0 2 4784 4246 5678
9161 2 2 0 2 5117 3641 5326
9162 2 2 0 2 4157 5117 5326
9163 2 2 0 2 4412 3606 4714
9164 2 2 0 2 3607 4411 4715
9165 2 2 0 2 4235 60 5590
9166 2 2 0 2 3329 4484 4786
9167 2 2 0 2 4485 3328 4785
9168 2 2 0 2 4844 3837 5108
9169 2 2 0 2 4484 3802 4786
9170 2 2 0 2 3803 4485 4785
9171 2 2 0 2 5043 3723 5309
9172 2 2 0 2 4399 4114 5766
9173 2 2 0 2 4113 4398 5765
9174 2 2 0 2 4211 5651 5861
9175 2 2 0 2 4386 3908 5813
9176 2 2 0 2 3477 4386 5813
9177 2 2 0 2 4133 4400 5542
9178 2 2 0 2 3289 4577 4910
9179 2 2 0 2 4836 4119 5611
9180 2 2 0 2 3423 4836 5611
9181 2 2 0 2 238 239 4638
9182 2 2 0 2 354 355 4639
9183 2 2 0 2 3608 4389 4734
9184 2 2 0 2 4388 3609 4735
9185 2 2 0 2 4775 5392 5977
9186 2 2 0 2 4372 3278 4749
9187 2 2 0 2 4275 3625 4961
9188 2 2 0 2 3960 4654 4948
9189 2 2 0 2 4653 3959 4947
9190 2 2 0 2 4654 3644 4948
9191 2 2 0 2 3643 4653 4947
9192 2 2 0 2 4199 5211 5318
9193 2 2 0 2 4347 3316 4899
9194 2 2 0 2 3317 4348 4900
9195 2 2 0 2 5211 3777 5318
9196 2 2 0 2 4476 3797 4766
9197 2 2 0 2 3324 4476 4766
9198 2 2 0 2 4633 3811 4990
9199 2 2 0 2 3543 4322 5170
9200 2 2 0 2 3765 4797 4802
9201 2 2 0 2 4797 3623 4802
9202 2 2 0 2 4521 3755 4992
9203 2 2 0 2 3817 5168 5257
9204 2 2 0 2 5169 3816 5256
9205 2 2 0 2 5166 3819 5267
9206 2 2 0 2 3820 5167 5266
9207 2 2 0 2 4308 3618 5506
9208 2 2 0 2 4123 4833 5728
9209 2 2 0 2 4240 3302 5208
9210 2 2 0 2 3618 4308 5367
9211 2 2 0 2 3805 4622 5091
9212 2 2 0 2 4622 3590 5091
9213 2 2 0 2 4365 30 5377
9214 2 2 0 2 4299 3604 4894
9215 2 2 0 2 3605 4300 4895
9216 2 2 0 2 4381 3872 5791
9217 2 2 0 2 3871 4380 5792
9218 2 2 0 2 4262 3655 5036
9219 2 2 0 2 4244 3559 5447
9220 2 2 0 2 4824 3393 5473
9221 2 2 0 2 4390 3292 4750
9222 2 2 0 2 3677 4885 5075
9223 2 2 0 2 4444 3892 5042
9224 2 2 0 2 4885 3917 5075
9225 2 2 0 2 4245 3452 5445
9226 2 2 0 2 3453 4246 5446
9227 2 2 0 2 5056 3380 5108
9228 2 2 0 2 91 90 4617
9229 2 2 0 2 13 12 4618
9230 2 2 0 2 4263 3546 5040
9231 2 2 0 2 3547 4264 5041
9232 2 2 0 2 4296 3830 5764
9233 2 2 0 2 4666 3282 5975
9234 2 2 0 2 3457 4296 5764
9235 2 2 0 2 3586 4418 4726
9236 2 2 0 2 4350 4689 5518
9237 2 2 0 2 4435 3617 4902
9238 2 2 0 2 3830 4645 5311
9239 2 2 0 2 4903 3920 5822
9240 2 2 0 2 3921 4904 5823
9241 2 2 0 2 4710 3825 5626
9242 2 2 0 2 3824 4711 5627
9243 2 2 0 2 313 4356 5604
9244 2 2 0 2 4355 280 5605
9245 2 2 0 2 5369 3880 5473
9246 2 2 0 2 4930 3879 5685
9247 2 2 0 2 4368 3491 4875
9248 2 2 0 2 3492 4369 4876
9249 2 2 0 2 4248 3743 5161
9250 2 2 0 2 3676 4368 4875
9251 2 2 0 2 4369 3675 4876
9252 2 2 0 2 3273 4851 5367
9253 2 2 0 2 4851 4012 5367
9254 2 2 0 2 3308 4245 5827
9255 2 2 0 2 4246 3309 5828
9256 2 2 0 2 5685 3879 5814
9257 2 2 0 2 4434 3603 4749
9258 2 2 0 2 4297 3771 4926
9259 2 2 0 2 3772 4298 4927
9260 2 2 0 2 5386 3980 5537
9261 2 2 0 2 3967 4708 5631
9262 2 2 0 2 4504 3364 5314
9263 2 2 0 2 4336 3327 4915
9264 2 2 0 2 3326 4518 4804
9265 2 2 0 2 4123 4666 5975
9266 2 2 0 2 4624 3593 5110
9267 2 2 0 2 3594 4625 5111
9268 2 2 0 2 3807 4624 5110
9269 2 2 0 2 4625 3808 5111
9270 2 2 0 2 4363 3630 4827
9271 2 2 0 2 3746 4752 5243
9272 2 2 0 2 4753 3747 5244
9273 2 2 0 2 3635 4309 5273
9274 2 2 0 2 3737 5031 5607
9275 2 2 0 2 3506 4363 4827
9276 2 2 0 2 4295 3911 5863
9277 2 2 0 2 4488 3823 4835
9278 2 2 0 2 3774 4302 4937
9279 2 2 0 2 4303 3775 4938
9280 2 2 0 2 4266 3464 5564
9281 2 2 0 2 3455 4254 5461
9282 2 2 0 2 4255 3456 5462
9283 2 2 0 2 3585 4601 4765
9284 2 2 0 2 4456 3677 5075
9285 2 2 0 2 4023 5279 5839
9286 2 2 0 2 4692 3633 5969
9287 2 2 0 2 4651 3350 5684
9288 2 2 0 2 3478 4399 5982
9289 2 2 0 2 4398 3479 5981
9290 2 2 0 2 4414 37 5505
9291 2 2 0 2 4906 3659 5526
9292 2 2 0 2 3660 4907 5525
9293 2 2 0 2 51 50 5028
9294 2 2 0 2 4269 3345 5679
9295 2 2 0 2 4701 3864 5217
9296 2 2 0 2 4451 3292 4789
9297 2 2 0 2 4256 3385 5397
9298 2 2 0 2 4489 4012 5305
9299 2 2 0 2 256 4394 5336
9300 2 2 0 2 4395 337 5335
9301 2 2 0 2 3577 4283 4998
9302 2 2 0 2 302 303 5298
9303 2 2 0 2 290 291 5297
9304 2 2 0 2 5065 3896 5569
9305 2 2 0 2 5336 4394 5670
9306 2 2 0 2 4395 5335 5669
9307 2 2 0 2 4271 3475 5598
9308 2 2 0 2 3476 4272 5597
9309 2 2 0 2 5425 4079 5506
9310 2 2 0 2 3498 4338 5980
9311 2 2 0 2 3521 4260 5200
9312 2 2 0 2 4261 3522 5201
9313 2 2 0 2 3212 4282 5007
9314 2 2 0 2 4257 3523 5398
9315 2 2 0 2 3524 4258 5399
9316 2 2 0 2 5852 4030 6009
9317 2 2 0 2 4493 3240 4699
9318 2 2 0 2 3241 4494 4700
9319 2 2 0 2 3638 4493 4699
9320 2 2 0 2 4494 3639 4700
9321 2 2 0 2 4367 3376 5165
9322 2 2 0 2 59 58 4883
9323 2 2 0 2 4535 3416 5625
9324 2 2 0 2 3826 4582 5351
9325 2 2 0 2 4204 5216 5329
9326 2 2 0 2 5216 3732 5329
9327 2 2 0 2 3756 4435 5206
9328 2 2 0 2 4435 3382 5206
9329 2 2 0 2 4267 3938 5801
9330 2 2 0 2 3939 4268 5802
9331 2 2 0 2 4630 3821 4631
9332 2 2 0 2 4314 3625 5496
9333 2 2 0 2 3570 4630 4631
9334 2 2 0 2 3780 4674 5431
9335 2 2 0 2 4286 3282 5328
9336 2 2 0 2 4450 3336 4855
9337 2 2 0 2 3736 4837 4935
9338 2 2 0 2 4328 3624 5142
9339 2 2 0 2 3663 4450 4855
9340 2 2 0 2 3487 4381 5791
9341 2 2 0 2 4380 3486 5792
9342 2 2 0 2 67 4313 5311
9343 2 2 0 2 3447 5060 5072
9344 2 2 0 2 5061 3448 5071
9345 2 2 0 2 5060 3997 5072
9346 2 2 0 2 3996 5061 5071
9347 2 2 0 2 4796 3750 4994
9348 2 2 0 2 3439 4326 5187
9349 2 2 0 2 4326 3701 5187
9350 2 2 0 2 4404 3475 5782
9351 2 2 0 2 3476 4405 5783
9352 2 2 0 2 3630 4363 4919
9353 2 2 0 2 4370 3519 4949
9354 2 2 0 2 4338 3498 5387
9355 2 2 0 2 3213 4537 5848
9356 2 2 0 2 4648 3363 5176
9357 2 2 0 2 3874 4648 5176
9358 2 2 0 2 4860 5660 5987
9359 2 2 0 2 5661 4861 5988
9360 2 2 0 2 5663 4867 5984
9361 2 2 0 2 4868 5664 5985
9362 2 2 0 2 357 358 4706
9363 2 2 0 2 235 236 4705
9364 2 2 0 2 3645 4391 4884
9365 2 2 0 2 4391 3505 4884
9366 2 2 0 2 4265 3857 5279
9367 2 2 0 2 4032 4281 6038
9368 2 2 0 2 4301 3226 5853
9369 2 2 0 2 4273 3784 5959
9370 2 2 0 2 4509 3233 5373
9371 2 2 0 2 3737 4270 5451
9372 2 2 0 2 4309 3527 5273
9373 2 2 0 2 73 72 4634
9374 2 2 0 2 3499 4336 5388
9375 2 2 0 2 4266 3599 5359
9376 2 2 0 2 3890 4669 5712
9377 2 2 0 2 3890 4432 5269
9378 2 2 0 2 3785 4323 5507
9379 2 2 0 2 320 321 5627
9380 2 2 0 2 272 273 5626
9381 2 2 0 2 4323 3511 5507
9382 2 2 0 2 3668 4422 5016
9383 2 2 0 2 3505 4339 4884
9384 2 2 0 2 3259 4524 5623
9385 2 2 0 2 4525 3260 5624
9386 2 2 0 2 4277 3964 5676
9387 2 2 0 2 4142 4621 4918
9388 2 2 0 2 4869 3645 4884
9389 2 2 0 2 4463 3882 5622
9390 2 2 0 2 3439 4463 5622
9391 2 2 0 2 4326 3439 5329
9392 2 2 0 2 3732 4326 5329
9393 2 2 0 2 4562 3817 5257
9394 2 2 0 2 3816 4561 5256
9395 2 2 0 2 4372 3472 5567
9396 2 2 0 2 3334 4284 5222
9397 2 2 0 2 4285 3335 5223
9398 2 2 0 2 3842 4951 5565
9399 2 2 0 2 4952 3843 5566
9400 2 2 0 2 3458 4951 5312
9401 2 2 0 2 4952 3459 5313
9402 2 2 0 2 4322 3566 4936
9403 2 2 0 2 3352 4562 5257
9404 2 2 0 2 4561 3351 5256
9405 2 2 0 2 4536 3568 5706
9406 2 2 0 2 3958 4536 5706
9407 2 2 0 2 3831 4433 4776
9408 2 2 0 2 4654 75 4767
9409 2 2 0 2 3957 5128 5299
9410 2 2 0 2 4078 4992 5361
9411 2 2 0 2 4992 3338 5361
9412 2 2 0 2 5152 3865 5556
9413 2 2 0 2 3811 4769 4990
9414 2 2 0 2 4769 3477 4990
9415 2 2 0 2 4668 3619 4922
9416 2 2 0 2 3620 4590 5851
9417 2 2 0 2 4291 3380 5056
9418 2 2 0 2 4883 3656 5590
9419 2 2 0 2 3884 4461 5198
9420 2 2 0 2 4462 3885 5199
9421 2 2 0 2 3243 4441 5674
9422 2 2 0 2 3314 4362 4869
9423 2 2 0 2 3945 5647 5648
9424 2 2 0 2 4292 4132 5993
9425 2 2 0 2 4131 4293 5994
9426 2 2 0 2 4745 4592 6018
9427 2 2 0 2 10 9 4694
9428 2 2 0 2 94 93 4695
9429 2 2 0 2 4440 3497 5191
9430 2 2 0 2 3752 4440 5191
9431 2 2 0 2 4840 4345 6011
9432 2 2 0 2 4346 4839 6010
9433 2 2 0 2 4651 4112 5455
9434 2 2 0 2 3716 4316 5019
9435 2 2 0 2 4317 3717 5020
9436 2 2 0 2 3599 4301 5817
9437 2 2 0 2 4301 3829 5817
9438 2 2 0 2 4278 3519 5648
9439 2 2 0 2 4973 4426 5740
9440 2 2 0 2 3231 4311 4994
9441 2 2 0 2 3553 4608 4873
9442 2 2 0 2 3763 4677 5177
9443 2 2 0 2 4183 4990 5813
9444 2 2 0 2 4751 3602 6042
9445 2 2 0 2 3812 4372 5567
9446 2 2 0 2 4310 3561 5862
9447 2 2 0 2 3622 4336 4915
9448 2 2 0 2 5007 4282 5478
9449 2 2 0 2 4929 3818 5221
9450 2 2 0 2 3253 5405 6001
9451 2 2 0 2 3733 4844 5108
9452 2 2 0 2 3477 4769 5174
9453 2 2 0 2 4769 3875 5174
9454 2 2 0 2 4275 3381 5496
9455 2 2 0 2 4299 3487 5791
9456 2 2 0 2 3486 4300 5792
9457 2 2 0 2 4923 4559 5337
9458 2 2 0 2 3210 4605 5182
9459 2 2 0 2 5047 3666 5079
9460 2 2 0 2 3721 5115 6032
9461 2 2 0 2 5295 4427 5942
9462 2 2 0 2 3669 5009 5219
9463 2 2 0 2 4279 3462 5139
9464 2 2 0 2 3463 4280 5140
9465 2 2 0 2 3395 4559 5195
9466 2 2 0 2 3220 4274 5700
9467 2 2 0 2 4294 3766 5546
9468 2 2 0 2 4944 4146 5656
9469 2 2 0 2 5220 3764 5874
9470 2 2 0 2 4458 3846 5685
9471 2 2 0 2 3357 4316 5321
9472 2 2 0 2 4317 3358 5322
9473 2 2 0 2 4316 3716 5321
9474 2 2 0 2 3717 4317 5322
9475 2 2 0 2 3798 4524 5411
9476 2 2 0 2 4525 3799 5412
9477 2 2 0 2 272 4438 5145
9478 2 2 0 2 4439 321 5144
9479 2 2 0 2 4495 3917 4885
9480 2 2 0 2 3431 4495 4885
9481 2 2 0 2 3855 4468 4790
9482 2 2 0 2 4467 3856 4791
9483 2 2 0 2 3837 4275 5487
9484 2 2 0 2 4468 3510 4790
9485 2 2 0 2 3509 4467 4791
9486 2 2 0 2 4441 4898 5705
9487 2 2 0 2 3516 4311 5017
9488 2 2 0 2 4413 3629 4911
9489 2 2 0 2 4446 3528 5300
9490 2 2 0 2 4305 3482 5504
9491 2 2 0 2 4564 3646 4712
9492 2 2 0 2 3647 4565 4713
9493 2 2 0 2 254 4564 4712
9494 2 2 0 2 4565 339 4713
9495 2 2 0 2 4318 3424 5470
9496 2 2 0 2 3701 4326 5285
9497 2 2 0 2 4504 3624 5160
9498 2 2 0 2 4116 5114 5629
9499 2 2 0 2 4990 3477 5813
9500 2 2 0 2 4482 3506 4827
9501 2 2 0 2 4041 4482 4827
9502 2 2 0 2 3689 5460 5598
9503 2 2 0 2 3935 4747 5689
9504 2 2 0 2 71 70 5683
9505 2 2 0 2 4428 5296 5973
9506 2 2 0 2 3503 4360 5861
9507 2 2 0 2 4011 5409 5707
9508 2 2 0 2 3915 4349 5073
9509 2 2 0 2 3891 4535 5625
9510 2 2 0 2 3222 4276 5860
9511 2 2 0 2 4376 3499 5388
9512 2 2 0 2 5460 4271 5598
9513 2 2 0 2 4360 3225 5137
9514 2 2 0 2 3589 4675 4676
9515 2 2 0 2 4675 3839 4676
9516 2 2 0 2 4035 4821 5457
9517 2 2 0 2 3425 4277 5280
9518 2 2 0 2 4460 3620 5242
9519 2 2 0 2 4281 3449 5542
9520 2 2 0 2 4282 3212 5541
9521 2 2 0 2 4540 3249 5690
9522 2 2 0 2 3703 4324 5248
9523 2 2 0 2 4325 3704 5249
9524 2 2 0 2 4324 3401 5248
9525 2 2 0 2 3402 4325 5249
9526 2 2 0 2 3873 4641 5768
9527 2 2 0 2 5625 3416 6003
9528 2 2 0 2 4640 4155 5338
9529 2 2 0 2 4595 3985 4915
9530 2 2 0 2 3752 4282 5541
9531 2 2 0 2 4399 3227 5789
9532 2 2 0 2 3228 4398 5790
9533 2 2 0 2 4363 3340 4919
9534 2 2 0 2 3872 4399 5789
9535 2 2 0 2 4398 3871 5790
9536 2 2 0 2 4373 3725 4892
9537 2 2 0 2 3726 4374 4893
9538 2 2 0 2 4855 3336 5128
9539 2 2 0 2 3764 4966 5874
9540 2 2 0 2 3873 4794 5175
9541 2 2 0 2 4795 3874 5176
9542 2 2 0 2 4794 3781 5175
9543 2 2 0 2 3782 4795 5176
9544 2 2 0 2 4364 3626 4923
9545 2 2 0 2 3665 4501 5123
9546 2 2 0 2 4502 3666 5122
9547 2 2 0 2 4501 3745 5123
9548 2 2 0 2 3744 4502 5122
9549 2 2 0 2 4289 3493 5212
9550 2 2 0 2 3494 4288 5213
9551 2 2 0 2 4055 4386 5174
9552 2 2 0 2 4547 3257 5101
9553 2 2 0 2 4670 3989 5129
9554 2 2 0 2 3971 4497 5057
9555 2 2 0 2 338 4565 5335
9556 2 2 0 2 4564 255 5336
9557 2 2 0 2 4366 3560 4920
9558 2 2 0 2 4149 4519 5731
9559 2 2 0 2 4520 4150 5732
9560 2 2 0 2 3862 4533 5950
9561 2 2 0 2 4534 3863 5951
9562 2 2 0 2 4500 3977 5067
9563 2 2 0 2 3976 4499 5066
9564 2 2 0 2 5340 4013 5710
9565 2 2 0 2 4014 5341 5711
9566 2 2 0 2 4555 3582 5015
9567 2 2 0 2 3581 4556 5014
9568 2 2 0 2 3767 4446 5300
9569 2 2 0 2 3403 4329 5254
9570 2 2 0 2 4330 3404 5255
9571 2 2 0 2 4987 4022 5391
9572 2 2 0 2 3324 4766 5458
9573 2 2 0 2 4329 3706 5254
9574 2 2 0 2 3707 4330 5255
9575 2 2 0 2 4284 3334 5990
9576 2 2 0 2 3335 4285 5989
9577 2 2 0 2 40 4323 5636
9578 2 2 0 2 4469 318 5394
9579 2 2 0 2 275 4470 5395
9580 2 2 0 2 4310 3861 5114
9581 2 2 0 2 3282 4286 5975
9582 2 2 0 2 4621 3287 4918
9583 2 2 0 2 3482 4305 5692
9584 2 2 0 2 4287 3429 5667
9585 2 2 0 2 3365 4404 5709
9586 2 2 0 2 4405 3366 5708
9587 2 2 0 2 3694 5088 5140
9588 2 2 0 2 5087 3693 5139
9589 2 2 0 2 4404 3847 5709
9590 2 2 0 2 3848 4405 5708
9591 2 2 0 2 231 232 4807
9592 2 2 0 2 361 362 4808
9593 2 2 0 2 4874 4483 5588
9594 2 2 0 2 4295 3850 5227
9595 2 2 0 2 4774 3218 5915
9596 2 2 0 2 4606 3729 4920
9597 2 2 0 2 3560 4606 4920
9598 2 2 0 2 4377 3643 4947
9599 2 2 0 2 3644 4378 4948
9600 2 2 0 2 3383 4377 4947
9601 2 2 0 2 4378 3384 4948
9602 2 2 0 2 4663 3378 5330
9603 2 2 0 2 3852 4663 5330
9604 2 2 0 2 3584 4690 4801
9605 2 2 0 2 315 316 4702
9606 2 2 0 2 277 278 4703
9607 2 2 0 2 4030 4905 6009
9608 2 2 0 2 4914 3552 5826
9609 2 2 0 2 3924 5047 5079
9610 2 2 0 2 5808 3963 5866
9611 2 2 0 2 3766 4636 5178
9612 2 2 0 2 4313 3457 5764
9613 2 2 0 2 3955 4713 5919
9614 2 2 0 2 4712 3956 5920
9615 2 2 0 2 4096 4482 5050
9616 2 2 0 2 6 5 4807
9617 2 2 0 2 98 97 4808
9618 2 2 0 2 314 5063 5453
9619 2 2 0 2 5062 279 5452
9620 2 2 0 2 4141 4787 5229
9621 2 2 0 2 3471 4972 5804
9622 2 2 0 2 4972 4237 5804
9623 2 2 0 2 3636 4396 5999
9624 2 2 0 2 4397 3637 6000
9625 2 2 0 2 4772 3325 5459
9626 2 2 0 2 4396 3918 5999
9627 2 2 0 2 3919 4397 6000
9628 2 2 0 2 253 254 4712
9629 2 2 0 2 339 340 4713
9630 2 2 0 2 4323 39 5045
9631 2 2 0 2 3626 4370 4949
9632 2 2 0 2 2 297 5402
9633 2 2 0 2 296 2 5402
9634 2 2 0 2 285 286 5037
9635 2 2 0 2 307 308 5038
9636 2 2 0 2 17 16 4792
9637 2 2 0 2 87 86 4793
9638 2 2 0 2 3546 4316 5104
9639 2 2 0 2 4317 3547 5105
9640 2 2 0 2 3262 5717 5849
9641 2 2 0 2 4093 4578 5450
9642 2 2 0 2 4461 3884 5720
9643 2 2 0 2 3885 4462 5721
9644 2 2 0 2 4752 3746 5319
9645 2 2 0 2 3747 4753 5320
9646 2 2 0 2 3215 4461 5720
9647 2 2 0 2 4462 3216 5721
9648 2 2 0 2 4452 4098 5280
9649 2 2 0 2 3651 4346 6031
9650 2 2 0 2 3757 4987 5391
9651 2 2 0 2 4566 3312 5914
9652 2 2 0 2 3481 4304 5857
9653 2 2 0 2 5557 4180 5733
9654 2 2 0 2 4403 3762 5514
9655 2 2 0 2 3222 4338 5024
9656 2 2 0 2 4410 349 5563
9657 2 2 0 2 244 4409 5562
9658 2 2 0 2 3339 4680 5170
9659 2 2 0 2 3847 4404 5782
9660 2 2 0 2 4405 3848 5783
9661 2 2 0 2 4377 3687 5458
9662 2 2 0 2 3688 4378 5459
9663 2 2 0 2 4558 3634 5474
9664 2 2 0 2 4296 3457 5410
9665 2 2 0 2 3988 4744 5621
9666 2 2 0 2 41 40 5636
9667 2 2 0 2 4489 3320 4811
9668 2 2 0 2 3505 4391 5080
9669 2 2 0 2 4421 4165 5479
9670 2 2 0 2 5136 3698 5529
9671 2 2 0 2 4338 3629 5980
9672 2 2 0 2 4550 3739 5350
9673 2 2 0 2 3813 4623 4738
9674 2 2 0 2 4623 3286 4738
9675 2 2 0 2 4393 64 4943
9676 2 2 0 2 4565 3802 5335
9677 2 2 0 2 3803 4564 5336
9678 2 2 0 2 4340 3543 5778
9679 2 2 0 2 4510 3901 5018
9680 2 2 0 2 3284 5087 5665
9681 2 2 0 2 5088 3285 5666
9682 2 2 0 2 5087 4242 5665
9683 2 2 0 2 4243 5088 5666
9684 2 2 0 2 45 44 4742
9685 2 2 0 2 4543 3301 4852
9686 2 2 0 2 3343 4319 5618
9687 2 2 0 2 3603 4306 5442
9688 2 2 0 2 4425 3806 4896
9689 2 2 0 2 3222 5024 5573
9690 2 2 0 2 3912 4481 5957
9691 2 2 0 2 4366 3897 5194
9692 2 2 0 2 5114 3390 5629
9693 2 2 0 2 5096 3686 5714
9694 2 2 0 2 3729 4549 5904
9695 2 2 0 2 4548 3728 5905
9696 2 2 0 2 4800 3818 4929
9697 2 2 0 2 4344 3244 5052
9698 2 2 0 2 3480 4308 5506
9699 2 2 0 2 4308 3273 5367
9700 2 2 0 2 4869 4884 6012
9701 2 2 0 2 4050 5134 5918
9702 2 2 0 2 5681 4140 5776
9703 2 2 0 2 3592 4574 5904
9704 2 2 0 2 4575 3591 5905
9705 2 2 0 2 37 36 5505
9706 2 2 0 2 3700 4429 5189
9707 2 2 0 2 3378 4723 5330
9708 2 2 0 2 4530 3724 4805
9709 2 2 0 2 3690 4516 5641
9710 2 2 0 2 5504 3482 6011
9711 2 2 0 2 4375 3319 5044
9712 2 2 0 2 4312 3494 5585
9713 2 2 0 2 4345 5504 6011
9714 2 2 0 2 242 243 4771
9715 2 2 0 2 350 351 4770
9716 2 2 0 2 3907 4500 5876
9717 2 2 0 2 4499 3906 5875
9718 2 2 0 2 5212 3746 5243
9719 2 2 0 2 3747 5213 5244
9720 2 2 0 2 4351 4517 5503
9721 2 2 0 2 4945 3686 5096
9722 2 2 0 2 5311 4313 5764
9723 2 2 0 2 3897 4945 5096
9724 2 2 0 2 3655 4697 5036
9725 2 2 0 2 5012 3937 5082
9726 2 2 0 2 3392 5012 5082
9727 2 2 0 2 3279 4747 4950
9728 2 2 0 2 4747 4008 4950
9729 2 2 0 2 3386 4985 5153
9730 2 2 0 2 4986 3387 5154
9731 2 2 0 2 4401 18 5511
9732 2 2 0 2 85 4402 5512
9733 2 2 0 2 3346 4840 5123
9734 2 2 0 2 4839 3347 5122
9735 2 2 0 2 3511 4323 5966
9736 2 2 0 2 4537 3529 5354
9737 2 2 0 2 3382 4435 4902
9738 2 2 0 2 3957 4340 5939
9739 2 2 0 2 4426 3236 5039
9740 2 2 0 2 3226 4328 5142
9741 2 2 0 2 4347 3478 5982
9742 2 2 0 2 3479 4348 5981
9743 2 2 0 2 3872 4347 5982
9744 2 2 0 2 4348 3871 5981
9745 2 2 0 2 5018 3263 5047
9746 2 2 0 2 3924 5018 5047
9747 2 2 0 2 4417 3505 5080
9748 2 2 0 2 4728 3377 4862
9749 2 2 0 2 3349 4415 4957
9750 2 2 0 2 308 309 4795
9751 2 2 0 2 284 285 4794
9752 2 2 0 2 3766 5178 5546
9753 2 2 0 2 5178 4236 5546
9754 2 2 0 2 3980 4526 5537
9755 2 2 0 2 32 31 5089
9756 2 2 0 2 4342 4050 5918
9757 2 2 0 2 4497 3902 5903
9758 2 2 0 2 3613 4867 5663
9759 2 2 0 2 4868 3614 5664
9760 2 2 0 2 4339 3314 6012
9761 2 2 0 2 3251 4350 5996
9762 2 2 0 2 4978 3213 5671
9763 2 2 0 2 240 241 4759
9764 2 2 0 2 352 353 4760
9765 2 2 0 2 3431 4806 4980
9766 2 2 0 2 4806 3793 4980
9767 2 2 0 2 15 14 4761
9768 2 2 0 2 89 88 4762
9769 2 2 0 2 4314 3814 5393
9770 2 2 0 2 318 319 5394
9771 2 2 0 2 274 275 5395
9772 2 2 0 2 3307 4539 5808
9773 2 2 0 2 3475 4404 5598
9774 2 2 0 2 4405 3476 5597
9775 2 2 0 2 4327 3679 5428
9776 2 2 0 2 3679 4327 5494
9777 2 2 0 2 4488 3247 5682
9778 2 2 0 2 4446 3767 4905
9779 2 2 0 2 292 4455 5575
9780 2 2 0 2 4454 301 5576
9781 2 2 0 2 4860 3610 5660
9782 2 2 0 2 3611 4861 5661
9783 2 2 0 2 5262 3508 5369
9784 2 2 0 2 4528 283 5404
9785 2 2 0 2 310 4529 5403
9786 2 2 0 2 4175 5262 5369
9787 2 2 0 2 3583 4576 4928
9788 2 2 0 2 5610 4008 5887
9789 2 2 0 2 3788 4573 5225
9790 2 2 0 2 4573 3345 5225
9791 2 2 0 2 3601 4387 5118
9792 2 2 0 2 39 38 5045
9793 2 2 0 2 3312 5658 5914
9794 2 2 0 2 3636 4490 5891
9795 2 2 0 2 4491 3637 5892
9796 2 2 0 2 3552 4914 5845
9797 2 2 0 2 3751 4337 6030
9798 2 2 0 2 4319 3502 5417
9799 2 2 0 2 3740 4352 5964
9800 2 2 0 2 31 4365 5089
9801 2 2 0 2 312 313 5604
9802 2 2 0 2 280 281 5605
9803 2 2 0 2 4633 3398 5245
9804 2 2 0 2 257 258 5204
9805 2 2 0 2 335 336 5205
9806 2 2 0 2 3811 4633 5245
9807 2 2 0 2 3699 4341 5288
9808 2 2 0 2 3722 4593 5241
9809 2 2 0 2 5524 4187 5814
9810 2 2 0 2 4877 3545 5637
9811 2 2 0 2 5136 4063 5275
9812 2 2 0 2 3698 5136 5275
9813 2 2 0 2 64 63 4943
9814 2 2 0 2 3900 4728 5466
9815 2 2 0 2 271 272 5145
9816 2 2 0 2 321 322 5144
9817 2 2 0 2 3716 4324 5321
9818 2 2 0 2 4325 3717 5322
9819 2 2 0 2 3231 4637 5570
9820 2 2 0 2 4323 3785 5636
9821 2 2 0 2 3305 4725 4782
9822 2 2 0 2 3261 4800 5816
9823 2 2 0 2 4725 3829 4782
9824 2 2 0 2 4636 3503 5651
9825 2 2 0 2 3946 4636 5651
9826 2 2 0 2 4967 4017 5385
9827 2 2 0 2 3765 4967 5385
9828 2 2 0 2 3644 4654 4767
9829 2 2 0 2 4792 16 5530
9830 2 2 0 2 87 4793 5531
9831 2 2 0 2 278 279 5062
9832 2 2 0 2 314 315 5063
9833 2 2 0 2 3433 4353 5150
9834 2 2 0 2 4701 3616 5373
9835 2 2 0 2 3864 4701 5373
9836 2 2 0 2 3270 4643 5872
9837 2 2 0 2 4644 3271 5873
9838 2 2 0 2 4543 3540 5558
9839 2 2 0 2 5097 62 5837
9840 2 2 0 2 3635 4360 5137
9841 2 2 0 2 4490 3636 4878
9842 2 2 0 2 3637 4491 4879
9843 2 2 0 2 5405 4130 6001
9844 2 2 0 2 4842 3674 4870
9845 2 2 0 2 3762 4842 4870
9846 2 2 0 2 4495 3431 4980
9847 2 2 0 2 4731 4015 4741
9848 2 2 0 2 3832 4495 4980
9849 2 2 0 2 4538 3306 5803
9850 2 2 0 2 3616 4778 5081
9851 2 2 0 2 4101 4732 4740
9852 2 2 0 2 3486 4380 5127
9853 2 2 0 2 4381 3487 5126
9854 2 2 0 2 3973 4531 5266
9855 2 2 0 2 4532 3974 5267
9856 2 2 0 2 4329 3714 5323
9857 2 2 0 2 3715 4330 5324
9858 2 2 0 2 4533 3979 5256
9859 2 2 0 2 3978 4534 5257
9860 2 2 0 2 3773 4841 4888
9861 2 2 0 2 4841 3681 4888
9862 2 2 0 2 4454 5576 5885
9863 2 2 0 2 5575 4455 5884
9864 2 2 0 2 3630 4343 5788
9865 2 2 0 2 5009 3870 5219
9866 2 2 0 2 3590 4622 4848
9867 2 2 0 2 4354 3763 5177
9868 2 2 0 2 3926 4447 5998
9869 2 2 0 2 4447 3267 5998
9870 2 2 0 2 4493 3638 4889
9871 2 2 0 2 3639 4494 4890
9872 2 2 0 2 3324 4371 5360
9873 2 2 0 2 4371 3722 5360
9874 2 2 0 2 4337 3917 5717
9875 2 2 0 2 3593 4624 4864
9876 2 2 0 2 4625 3594 4865
9877 2 2 0 2 4741 4015 5763
9878 2 2 0 2 3288 4568 4917
9879 2 2 0 2 4697 3655 5050
9880 2 2 0 2 3678 4362 5368
9881 2 2 0 2 4342 3879 5753
9882 2 2 0 2 5045 38 5516
9883 2 2 0 2 3233 4509 5173
9884 2 2 0 2 4024 4535 5043
9885 2 2 0 2 3778 4333 5619
9886 2 2 0 2 4334 3779 5620
9887 2 2 0 2 4333 3517 5619
9888 2 2 0 2 3518 4334 5620
9889 2 2 0 2 3910 4934 5189
9890 2 2 0 2 4331 3778 5619
9891 2 2 0 2 3779 4332 5620
9892 2 2 0 2 3517 4331 5619
9893 2 2 0 2 4332 3518 5620
9894 2 2 0 2 3376 4367 5275
9895 2 2 0 2 4367 3698 5275
9896 2 2 0 2 3497 4357 5191
9897 2 2 0 2 3836 4357 5886
9898 2 2 0 2 4361 3682 5387
9899 2 2 0 2 3768 4637 4912
9900 2 2 0 2 4637 3231 4912
9901 2 2 0 2 4472 3288 4917
9902 2 2 0 2 311 312 5286
9903 2 2 0 2 281 282 5287
9904 2 2 0 2 330 331 5094
9905 2 2 0 2 262 263 5095
9906 2 2 0 2 299 300 5485
9907 2 2 0 2 293 294 5486
9908 2 2 0 2 4072 5226 5346
9909 2 2 0 2 3590 4731 4741
9910 2 2 0 2 4723 3946 4845
9911 2 2 0 2 4733 3600 4963
9912 2 2 0 2 3572 4723 4845
9913 2 2 0 2 3763 4733 4963
9914 2 2 0 2 4710 274 5395
9915 2 2 0 2 319 4711 5394
9916 2 2 0 2 4732 3578 4740
9917 2 2 0 2 4341 3699 5478
9918 2 2 0 2 3558 4568 4945
9919 2 2 0 2 4568 3686 4945
9920 2 2 0 2 4577 4088 4910
9921 2 2 0 2 3575 4717 4968
9922 2 2 0 2 4718 3576 4969
9923 2 2 0 2 4600 4773 5960
9924 2 2 0 2 4416 3656 5382
9925 2 2 0 2 280 4355 5452
9926 2 2 0 2 4356 313 5453
9927 2 2 0 2 4336 3622 5388
9928 2 2 0 2 3296 4741 5763
9929 2 2 0 2 4609 3740 5953
9930 2 2 0 2 4522 3640 5610
9931 2 2 0 2 4354 3573 5238
9932 2 2 0 2 4422 3529 5016
9933 2 2 0 2 3725 4373 5371
9934 2 2 0 2 4374 3726 5372
9935 2 2 0 2 4915 3985 5834
9936 2 2 0 2 4373 3328 5371
9937 2 2 0 2 3329 4374 5372
9938 2 2 0 2 3803 5336 5670
9939 2 2 0 2 5335 3802 5669
9940 2 2 0 2 4219 4382 6037
9941 2 2 0 2 4843 3664 5662
9942 2 2 0 2 4365 3513 5903
9943 2 2 0 2 4423 22 5911
9944 2 2 0 2 81 4424 5910
9945 2 2 0 2 4586 3716 5019
9946 2 2 0 2 3717 4587 5020
9947 2 2 0 2 4336 3499 5582
9948 2 2 0 2 3653 4516 5027
9949 2 2 0 2 4051 4423 5911
9950 2 2 0 2 4424 4052 5910
9951 2 2 0 2 4360 3635 5861
9952 2 2 0 2 3234 4586 5019
9953 2 2 0 2 4587 3235 5020
9954 2 2 0 2 4477 3557 5263
9955 2 2 0 2 4866 3673 5548
9956 2 2 0 2 3658 4436 5159
9957 2 2 0 2 4500 3515 5876
9958 2 2 0 2 3514 4499 5875
9959 2 2 0 2 3504 4415 5059
9960 2 2 0 2 3427 4337 5517
9961 2 2 0 2 4415 3674 5059
9962 2 2 0 2 4081 5188 5474
9963 2 2 0 2 3530 4358 5258
9964 2 2 0 2 4645 3654 5076
9965 2 2 0 2 4690 3940 4801
9966 2 2 0 2 5229 3762 5868
9967 2 2 0 2 4086 5729 5812
9968 2 2 0 2 3327 4595 4915
9969 2 2 0 2 3504 4341 5478
9970 2 2 0 2 4384 3691 5153
9971 2 2 0 2 3692 4385 5154
9972 2 2 0 2 4398 3228 5765
9973 2 2 0 2 3227 4399 5766
9974 2 2 0 2 3703 4401 5511
9975 2 2 0 2 4402 3704 5512
9976 2 2 0 2 3382 4828 5206
9977 2 2 0 2 3336 4673 5156
9978 2 2 0 2 3278 4372 5967
9979 2 2 0 2 4505 3889 5970
9980 2 2 0 2 4721 3579 4964
9981 2 2 0 2 3580 4722 4965
9982 2 2 0 2 4609 3371 5065
9983 2 2 0 2 3740 4609 5065
9984 2 2 0 2 4367 3531 5218
9985 2 2 0 2 4481 3512 5957
9986 2 2 0 2 5455 3785 5507
9987 2 2 0 2 4505 3304 5784
9988 2 2 0 2 3889 4505 5784
9989 2 2 0 2 5200 4260 6013
9990 2 2 0 2 4261 5201 6014
9991 2 2 0 2 5161 3261 5816
9992 2 2 0 2 3527 4464 5273
9993 2 2 0 2 4345 3650 5504
9994 2 2 0 2 4988 3368 5183
9995 2 2 0 2 3369 4989 5184
9996 2 2 0 2 3938 4988 5183
9997 2 2 0 2 4989 3939 5184
9998 2 2 0 2 3587 4461 4981
9999 2 2 0 2 4462 3588 4982
10000 2 2 0 2 3641 4426 5039
10001 2 2 0 2 3839 5557 5733
10002 2 2 0 2 3239 4879 5049
10003 2 2 0 2 4878 3238 5048
10004 2 2 0 2 5851 3250 6040
10005 2 2 0 2 4386 3477 5174
10006 2 2 0 2 4473 48 5650
10007 2 2 0 2 4368 3330 5243
10008 2 2 0 2 3331 4369 5244
10009 2 2 0 2 4671 4263 5230
10010 2 2 0 2 4264 4672 5231
10011 2 2 0 2 3478 4347 5435
10012 2 2 0 2 4348 3479 5436
10013 2 2 0 2 4777 4354 5177
10014 2 2 0 2 4357 3497 5742
10015 2 2 0 2 3769 4811 5634
10016 2 2 0 2 4018 4754 4756
10017 2 2 0 2 4755 4019 4757
10018 2 2 0 2 4754 3593 4756
10019 2 2 0 2 3594 4755 4757
10020 2 2 0 2 3426 4436 5668
10021 2 2 0 2 4436 3821 5668
10022 2 2 0 2 3998 4359 6039
10023 2 2 0 2 5062 3951 5693
10024 2 2 0 2 3952 5063 5694
10025 2 2 0 2 5226 3208 5346
10026 2 2 0 2 74 73 5519
10027 2 2 0 2 3705 4417 5080
10028 2 2 0 2 3319 4459 5044
10029 2 2 0 2 3593 4754 5110
10030 2 2 0 2 4755 3594 5111
10031 2 2 0 2 4943 63 5097
10032 2 2 0 2 4406 328 5163
10033 2 2 0 2 265 4407 5164
10034 2 2 0 2 4802 3388 4967
10035 2 2 0 2 3765 4802 4967
10036 2 2 0 2 5492 4190 5580
10037 2 2 0 2 3513 4497 5903
10038 2 2 0 2 4569 3410 5034
10039 2 2 0 2 3411 4570 5033
10040 2 2 0 2 4294 5546 5917
10041 2 2 0 2 3914 4350 5518
10042 2 2 0 2 3930 4792 5530
10043 2 2 0 2 4793 3931 5531
10044 2 2 0 2 3830 5311 5764
10045 2 2 0 2 4649 3466 5031
10046 2 2 0 2 3820 4561 5747
10047 2 2 0 2 4562 3819 5748
10048 2 2 0 2 18 4401 5639
10049 2 2 0 2 4402 85 5640
10050 2 2 0 2 3737 4649 5031
10051 2 2 0 2 4100 4351 5503
10052 2 2 0 2 4409 3706 5562
10053 2 2 0 2 3707 4410 5563
10054 2 2 0 2 5 231 4807
10055 2 2 0 2 362 98 4808
10056 2 2 0 2 4370 3370 5856
10057 2 2 0 2 3307 4352 5569
10058 2 2 0 2 4284 4763 5222
10059 2 2 0 2 4764 4285 5223
10060 2 2 0 2 4362 3314 5368
10061 2 2 0 2 3924 5079 5889
10062 2 2 0 2 4740 5758 5864
10063 2 2 0 2 4355 3951 5452
10064 2 2 0 2 3952 4356 5453
10065 2 2 0 2 4375 3695 5381
10066 2 2 0 2 3877 4355 5605
10067 2 2 0 2 4356 3876 5604
10068 2 2 0 2 3498 4361 5387
10069 2 2 0 2 3633 5209 5730
10070 2 2 0 2 4337 4810 5517
10071 2 2 0 2 29 4571 5377
10072 2 2 0 2 4571 3797 5377
10073 2 2 0 2 4400 3286 5152
10074 2 2 0 2 3590 4741 5091
10075 2 2 0 2 3365 4501 4999
10076 2 2 0 2 3916 4590 5397
10077 2 2 0 2 4037 4914 5826
10078 2 2 0 2 4044 4358 5470
10079 2 2 0 2 3393 4824 5589
10080 2 2 0 2 4824 3987 5589
10081 2 2 0 2 3312 4361 5418
10082 2 2 0 2 3240 4493 5054
10083 2 2 0 2 4494 3241 5055
10084 2 2 0 2 4493 3691 5054
10085 2 2 0 2 3692 4494 5055
10086 2 2 0 2 5379 41 5636
10087 2 2 0 2 4382 3516 5890
10088 2 2 0 2 33 32 5058
10089 2 2 0 2 4469 4039 5991
10090 2 2 0 2 4040 4470 5992
10091 2 2 0 2 317 4469 5991
10092 2 2 0 2 4470 276 5992
10093 2 2 0 2 3493 4371 5821
10094 2 2 0 2 4620 3583 4966
10095 2 2 0 2 3831 4656 5704
10096 2 2 0 2 3253 4471 5405
10097 2 2 0 2 4516 3653 4962
10098 2 2 0 2 4394 257 5204
10099 2 2 0 2 336 4395 5205
10100 2 2 0 2 5188 3413 5474
10101 2 2 0 2 4536 3958 5418
10102 2 2 0 2 4359 3258 5533
10103 2 2 0 2 4359 3787 5523
10104 2 2 0 2 3499 5003 5582
10105 2 2 0 2 5003 4103 5582
10106 2 2 0 2 4635 3915 5133
10107 2 2 0 2 3354 4635 5133
10108 2 2 0 2 4503 3236 4973
10109 2 2 0 2 4737 4136 5137
10110 2 2 0 2 4373 3495 5830
10111 2 2 0 2 3496 4374 5831
10112 2 2 0 2 3513 4365 5691
10113 2 2 0 2 4147 5097 5837
10114 2 2 0 2 4407 3761 5164
10115 2 2 0 2 3760 4406 5163
10116 2 2 0 2 3699 4364 5877
10117 2 2 0 2 4035 6018 6020
10118 2 2 0 2 4237 4972 5368
10119 2 2 0 2 4573 3648 5679
10120 2 2 0 2 4387 3555 5268
10121 2 2 0 2 3571 4852 5628
10122 2 2 0 2 4852 4023 5628
10123 2 2 0 2 4376 3268 5350
10124 2 2 0 2 3666 4502 5079
10125 2 2 0 2 4821 4035 6020
10126 2 2 0 2 4576 3583 6037
10127 2 2 0 2 3405 4934 5236
10128 2 2 0 2 4934 3910 5236
10129 2 2 0 2 4372 3812 5967
10130 2 2 0 2 37 4414 5516
10131 2 2 0 2 3662 4457 5938
10132 2 2 0 2 4608 3927 4873
10133 2 2 0 2 4517 3925 5917
10134 2 2 0 2 3269 4517 5917
10135 2 2 0 2 3398 4633 5370
10136 2 2 0 2 4472 3536 5129
10137 2 2 0 2 4482 3229 5050
10138 2 2 0 2 52 51 5601
10139 2 2 0 2 3319 4375 5381
10140 2 2 0 2 4616 3287 5469
10141 2 2 0 2 4430 4061 5844
10142 2 2 0 2 4062 4431 5843
10143 2 2 0 2 248 4430 5844
10144 2 2 0 2 4431 345 5843
10145 2 2 0 2 4457 3662 5737
10146 2 2 0 2 3342 5130 5508
10147 2 2 0 2 3267 4382 5998
10148 2 2 0 2 3951 5062 5452
10149 2 2 0 2 5063 3952 5453
10150 2 2 0 2 4459 3723 5044
10151 2 2 0 2 349 350 5563
10152 2 2 0 2 243 244 5562
10153 2 2 0 2 3789 5386 5537
10154 2 2 0 2 4026 4383 5795
10155 2 2 0 2 4669 3765 5385
10156 2 2 0 2 4795 309 5403
10157 2 2 0 2 284 4794 5404
10158 2 2 0 2 3871 4398 5981
10159 2 2 0 2 4399 3872 5982
10160 2 2 0 2 4409 244 5593
10161 2 2 0 2 349 4410 5592
10162 2 2 0 2 3680 4812 5150
10163 2 2 0 2 5373 3233 5983
10164 2 2 0 2 4579 3530 5258
10165 2 2 0 2 3804 4579 5258
10166 2 2 0 2 4574 5112 5904
10167 2 2 0 2 5113 4575 5905
10168 2 2 0 2 4521 4992 6019
10169 2 2 0 2 4229 4830 5652
10170 2 2 0 2 4944 3768 5632
10171 2 2 0 2 4501 3665 4999
10172 2 2 0 2 4213 4894 5434
10173 2 2 0 2 4895 4212 5433
10174 2 2 0 2 63 62 5097
10175 2 2 0 2 4401 3703 5248
10176 2 2 0 2 3704 4402 5249
10177 2 2 0 2 5548 3673 5997
10178 2 2 0 2 3250 4888 6040
10179 2 2 0 2 4379 3958 5706
10180 2 2 0 2 3366 4405 5641
10181 2 2 0 2 3376 4929 5221
10182 2 2 0 2 91 4617 5908
10183 2 2 0 2 4618 12 5907
10184 2 2 0 2 3669 4596 5146
10185 2 2 0 2 3979 4618 5907
10186 2 2 0 2 4617 3978 5908
10187 2 2 0 2 5270 4279 6024
10188 2 2 0 2 4280 5271 6025
10189 2 2 0 2 4404 3689 5598
10190 2 2 0 2 3690 4405 5597
10191 2 2 0 2 4371 4816 5821
10192 2 2 0 2 4524 3478 5435
10193 2 2 0 2 3479 4525 5436
10194 2 2 0 2 3794 4524 5435
10195 2 2 0 2 4525 3795 5436
10196 2 2 0 2 3706 4409 5254
10197 2 2 0 2 4410 3707 5255
10198 2 2 0 2 4379 3248 5571
10199 2 2 0 2 3543 4474 5778
10200 2 2 0 2 3756 4820 4834
10201 2 2 0 2 5440 3965 5956
10202 2 2 0 2 3751 5492 5580
10203 2 2 0 2 3245 4465 5457
10204 2 2 0 2 4579 4148 5408
10205 2 2 0 2 3416 4646 6003
10206 2 2 0 2 5546 3269 5917
10207 2 2 0 2 4391 3249 5995
10208 2 2 0 2 242 4771 5586
10209 2 2 0 2 4770 351 5587
10210 2 2 0 2 4436 3426 5159
10211 2 2 0 2 3926 4691 5649
10212 2 2 0 2 4691 3422 5649
10213 2 2 0 2 5013 3769 5634
10214 2 2 0 2 3566 4815 4936
10215 2 2 0 2 3773 4779 4841
10216 2 2 0 2 4815 3780 4936
10217 2 2 0 2 4779 3348 4841
10218 2 2 0 2 4829 3526 5714
10219 2 2 0 2 4827 3630 5788
10220 2 2 0 2 4563 3409 5871
10221 2 2 0 2 4825 4373 5830
10222 2 2 0 2 4374 4826 5831
10223 2 2 0 2 4041 4827 5788
10224 2 2 0 2 4408 3814 5293
10225 2 2 0 2 3380 4873 5603
10226 2 2 0 2 5214 3243 5674
10227 2 2 0 2 3823 4488 5682
10228 2 2 0 2 3874 4795 5403
10229 2 2 0 2 4794 3873 5404
10230 2 2 0 2 4730 4154 5657
10231 2 2 0 2 4637 5427 5570
10232 2 2 0 2 3515 4394 5876
10233 2 2 0 2 4395 3514 5875
10234 2 2 0 2 3879 5524 5814
10235 2 2 0 2 47 46 5106
10236 2 2 0 2 263 264 5609
10237 2 2 0 2 329 330 5608
10238 2 2 0 2 4141 5229 5868
10239 2 2 0 2 4703 4040 5992
10240 2 2 0 2 4039 4702 5991
10241 2 2 0 2 3281 4560 5185
10242 2 2 0 2 4560 3733 5185
10243 2 2 0 2 3670 4465 5090
10244 2 2 0 2 4702 316 5991
10245 2 2 0 2 277 4703 5992
10246 2 2 0 2 5090 4342 5918
10247 2 2 0 2 4779 3773 5345
10248 2 2 0 2 3696 4591 4993
10249 2 2 0 2 4591 3237 4993
10250 2 2 0 2 4716 4038 5972
10251 2 2 0 2 3983 5724 5779
10252 2 2 0 2 3278 4716 5972
10253 2 2 0 2 4787 3388 5229
10254 2 2 0 2 4516 3248 5027
10255 2 2 0 2 3405 5450 5659
10256 2 2 0 2 5031 3854 5607
10257 2 2 0 2 4945 3897 5500
10258 2 2 0 2 253 4712 5920
10259 2 2 0 2 4713 340 5919
10260 2 2 0 2 5412 3996 5883
10261 2 2 0 2 3997 5411 5882
10262 2 2 0 2 5130 4056 5508
10263 2 2 0 2 4392 3806 5573
10264 2 2 0 2 3904 5234 5551
10265 2 2 0 2 5235 3905 5552
10266 2 2 0 2 4976 3832 4999
10267 2 2 0 2 3665 4976 4999
10268 2 2 0 2 4771 3932 5586
10269 2 2 0 2 3933 4770 5587
10270 2 2 0 2 4901 3668 5016
10271 2 2 0 2 4596 3669 5219
10272 2 2 0 2 3930 4860 5083
10273 2 2 0 2 4861 3931 5084
10274 2 2 0 2 4860 3357 5083
10275 2 2 0 2 3358 4861 5084
10276 2 2 0 2 3634 5101 5474
10277 2 2 0 2 289 290 5121
10278 2 2 0 2 303 304 5120
10279 2 2 0 2 4435 3756 5214
10280 2 2 0 2 3842 4396 5480
10281 2 2 0 2 4397 3843 5481
10282 2 2 0 2 4394 3515 5670
10283 2 2 0 2 3514 4395 5669
10284 2 2 0 2 3742 4428 5973
10285 2 2 0 2 4497 3513 5057
10286 2 2 0 2 3662 4728 4862
10287 2 2 0 2 4557 3533 5885
10288 2 2 0 2 18 17 5511
10289 2 2 0 2 86 85 5512
10290 2 2 0 2 4641 3541 5768
10291 2 2 0 2 3208 5135 5346
10292 2 2 0 2 5135 4036 5346
10293 2 2 0 2 4592 3454 6018
10294 2 2 0 2 4704 3343 5618
10295 2 2 0 2 4419 3804 5745
10296 2 2 0 2 3467 4419 5745
10297 2 2 0 2 4396 3842 5565
10298 2 2 0 2 3843 4397 5566
10299 2 2 0 2 4427 3741 5942
10300 2 2 0 2 4638 3973 5943
10301 2 2 0 2 3974 4639 5944
10302 2 2 0 2 4499 3514 5066
10303 2 2 0 2 3515 4500 5067
10304 2 2 0 2 48 47 5650
10305 2 2 0 2 3321 4417 5437
10306 2 2 0 2 3232 5107 5572
10307 2 2 0 2 5107 4119 5572
10308 2 2 0 2 3240 5270 6024
10309 2 2 0 2 5271 3241 6025
10310 2 2 0 2 238 4638 5943
10311 2 2 0 2 4639 355 5944
10312 2 2 0 2 4820 3668 4834
10313 2 2 0 2 4031 4478 5149
10314 2 2 0 2 3567 4416 5375
10315 2 2 0 2 4478 3859 5149
10316 2 2 0 2 4521 3422 5560
10317 2 2 0 2 3846 4458 5165
10318 2 2 0 2 4516 4962 5641
10319 2 2 0 2 3315 4416 5382
10320 2 2 0 2 4107 5625 6003
10321 2 2 0 2 4740 3578 5758
10322 2 2 0 2 4688 3653 5027
10323 2 2 0 2 3904 4818 5147
10324 2 2 0 2 4819 3905 5148
10325 2 2 0 2 258 259 5006
10326 2 2 0 2 334 335 5005
10327 2 2 0 2 4818 3440 5147
10328 2 2 0 2 3441 4819 5148
10329 2 2 0 2 3835 5681 5776
10330 2 2 0 2 4978 4609 5953
10331 2 2 0 2 3359 4867 5085
10332 2 2 0 2 4868 3360 5086
10333 2 2 0 2 4867 3932 5085
10334 2 2 0 2 3933 4868 5086
10335 2 2 0 2 4498 3556 5338
10336 2 2 0 2 3346 5123 5583
10337 2 2 0 2 5122 3347 5584
10338 2 2 0 2 4502 3366 5079
10339 2 2 0 2 4955 3886 5933
10340 2 2 0 2 3887 4956 5934
10341 2 2 0 2 4936 3780 5171
10342 2 2 0 2 3667 4472 5129
10343 2 2 0 2 70 69 5076
10344 2 2 0 2 4560 3281 5181
10345 2 2 0 2 5209 4135 5730
10346 2 2 0 2 4604 4187 5524
10347 2 2 0 2 3730 4711 4960
10348 2 2 0 2 4710 3731 4959
10349 2 2 0 2 4711 3824 4960
10350 2 2 0 2 3825 4710 4959
10351 2 2 0 2 4605 3210 5113
10352 2 2 0 2 3728 4605 5113
10353 2 2 0 2 5460 3945 5856
10354 2 2 0 2 4837 3736 5410
10355 2 2 0 2 4401 3992 5639
10356 2 2 0 2 3993 4402 5640
10357 2 2 0 2 4527 4006 5349
10358 2 2 0 2 3529 4422 5354
10359 2 2 0 2 5460 3689 5647
10360 2 2 0 2 4509 3616 5081
10361 2 2 0 2 4762 88 5531
10362 2 2 0 2 15 4761 5530
10363 2 2 0 2 4405 3690 5641
10364 2 2 0 2 4419 3724 6004
10365 2 2 0 2 4759 241 5586
10366 2 2 0 2 352 4760 5587
10367 2 2 0 2 3564 4453 5210
10368 2 2 0 2 3764 4620 4966
10369 2 2 0 2 3814 4408 5762
10370 2 2 0 2 4463 3439 5187
10371 2 2 0 2 4535 3507 5043
10372 2 2 0 2 3842 4996 5312
10373 2 2 0 2 4997 3843 5313
10374 2 2 0 2 4417 3705 5437
10375 2 2 0 2 3726 4893 5252
10376 2 2 0 2 4892 3725 5253
10377 2 2 0 2 4946 3649 5074
10378 2 2 0 2 4914 4006 5845
10379 2 2 0 2 3805 4414 5505
10380 2 2 0 2 3363 5733 6008
10381 2 2 0 2 3702 4546 5132
10382 2 2 0 2 4546 3232 5132
10383 2 2 0 2 3994 4409 5593
10384 2 2 0 2 4410 3995 5592
10385 2 2 0 2 5015 4226 5796
10386 2 2 0 2 3291 5015 5796
10387 2 2 0 2 4666 4123 5483
10388 2 2 0 2 3541 4666 5483
10389 2 2 0 2 4853 3721 4909
10390 2 2 0 2 3720 4854 4908
10391 2 2 0 2 3741 4853 4909
10392 2 2 0 2 4854 3742 4908
10393 2 2 0 2 4955 5933 6016
10394 2 2 0 2 5934 4956 6017
10395 2 2 0 2 3658 4609 4978
10396 2 2 0 2 3367 4418 5463
10397 2 2 0 2 3600 4733 5836
10398 2 2 0 2 3268 4550 5350
10399 2 2 0 2 4560 3661 5030
10400 2 2 0 2 4926 3771 5445
10401 2 2 0 2 3772 4927 5446
10402 2 2 0 2 5051 3850 5495
10403 2 2 0 2 3282 4726 5328
10404 2 2 0 2 3395 5195 5749
10405 2 2 0 2 4656 3258 5302
10406 2 2 0 2 3788 4656 5302
10407 2 2 0 2 45 4742 5807
10408 2 2 0 2 4575 3676 5415
10409 2 2 0 2 3675 4574 5414
10410 2 2 0 2 3844 5001 5316
10411 2 2 0 2 5002 3845 5317
10412 2 2 0 2 4668 4922 5850
10413 2 2 0 2 304 4515 5120
10414 2 2 0 2 4514 289 5121
10415 2 2 0 2 3659 4569 5034
10416 2 2 0 2 4570 3660 5033
10417 2 2 0 2 3563 4707 5427
10418 2 2 0 2 3927 4877 5637
10419 2 2 0 2 3690 5597 5775
10420 2 2 0 2 3512 4459 5632
10421 2 2 0 2 4439 3510 5797
10422 2 2 0 2 3509 4438 5798
10423 2 2 0 2 3824 4439 5797
10424 2 2 0 2 4438 3825 5798
10425 2 2 0 2 4619 3651 6031
10426 2 2 0 2 4634 72 5901
10427 2 2 0 2 4396 5010 5480
10428 2 2 0 2 5011 4397 5481
10429 2 2 0 2 4438 3509 6006
10430 2 2 0 2 3510 4439 6007
10431 2 2 0 2 3689 4939 5647
10432 2 2 0 2 3730 4469 5394
10433 2 2 0 2 4470 3731 5395
10434 2 2 0 2 3312 4729 5658
10435 2 2 0 2 4729 3929 5658
10436 2 2 0 2 3910 4421 5479
10437 2 2 0 2 3302 4460 5242
10438 2 2 0 2 3804 4419 5769
10439 2 2 0 2 4804 3680 5741
10440 2 2 0 2 3225 4737 5137
10441 2 2 0 2 3805 5091 5568
10442 2 2 0 2 4528 5404 5768
10443 2 2 0 2 5403 4529 5767
10444 2 2 0 2 5091 4099 5568
10445 2 2 0 2 3723 4481 5309
10446 2 2 0 2 4498 3423 5422
10447 2 2 0 2 3380 5603 6028
10448 2 2 0 2 4481 3256 5309
10449 2 2 0 2 3546 4643 5040
10450 2 2 0 2 4644 3547 5041
10451 2 2 0 2 4643 3868 5040
10452 2 2 0 2 3869 4644 5041
10453 2 2 0 2 4698 4379 5706
10454 2 2 0 2 4082 4840 6011
10455 2 2 0 2 4839 4083 6010
10456 2 2 0 2 4420 3569 5779
10457 2 2 0 2 3323 4583 5143
10458 2 2 0 2 3284 4551 5087
10459 2 2 0 2 4552 3285 5088
10460 2 2 0 2 4551 3693 5087
10461 2 2 0 2 3694 4552 5088
10462 2 2 0 2 3774 4937 5461
10463 2 2 0 2 4938 3775 5462
10464 2 2 0 2 4516 3690 5162
10465 2 2 0 2 4056 5130 5780
10466 2 2 0 2 4803 3600 5836
10467 2 2 0 2 5124 3936 5835
10468 2 2 0 2 4307 5469 5633
10469 2 2 0 2 5469 3882 5633
10470 2 2 0 2 3799 4525 5555
10471 2 2 0 2 4524 3798 5554
10472 2 2 0 2 3806 4425 5535
10473 2 2 0 2 3683 4886 5974
10474 2 2 0 2 3478 4524 5554
10475 2 2 0 2 4525 3479 5555
10476 2 2 0 2 4327 5428 5745
10477 2 2 0 2 5428 3467 5745
10478 2 2 0 2 5281 3878 5308
10479 2 2 0 2 4533 3351 5950
10480 2 2 0 2 3352 4534 5951
10481 2 2 0 2 3364 4504 5160
10482 2 2 0 2 5279 3412 5839
10483 2 2 0 2 4426 3527 5740
10484 2 2 0 2 3800 4423 5672
10485 2 2 0 2 4424 3801 5673
10486 2 2 0 2 3511 4433 5507
10487 2 2 0 2 3634 4547 5101
10488 2 2 0 2 3681 4582 5515
10489 2 2 0 2 20 19 5344
10490 2 2 0 2 84 83 5343
10491 2 2 0 2 3248 4516 5162
10492 2 2 0 2 4791 3856 5809
10493 2 2 0 2 3855 4790 5810
10494 2 2 0 2 3553 4445 5396
10495 2 2 0 2 3792 4943 5097
10496 2 2 0 2 3672 4519 5407
10497 2 2 0 2 4520 3671 5406
10498 2 2 0 2 4921 3683 5974
10499 2 2 0 2 3628 4686 4977
10500 2 2 0 2 4509 3642 5173
10501 2 2 0 2 4444 5042 5806
10502 2 2 0 2 4524 3794 5623
10503 2 2 0 2 3795 4525 5624
10504 2 2 0 2 3890 5269 5787
10505 2 2 0 2 5422 3423 5611
10506 2 2 0 2 3618 4811 5425
10507 2 2 0 2 3962 4429 5716
10508 2 2 0 2 3980 4547 5203
10509 2 2 0 2 4430 3809 5698
10510 2 2 0 2 3810 4431 5699
10511 2 2 0 2 4920 3729 5112
10512 2 2 0 2 4432 3890 5712
10513 2 2 0 2 4882 4301 5853
10514 2 2 0 2 3911 4882 5853
10515 2 2 0 2 4471 3697 5405
10516 2 2 0 2 3617 4435 5674
10517 2 2 0 2 3661 4560 5181
10518 2 2 0 2 4553 3374 5157
10519 2 2 0 2 3375 4554 5158
10520 2 2 0 2 4514 3572 5774
10521 2 2 0 2 3834 4514 5774
10522 2 2 0 2 3633 4692 5209
10523 2 2 0 2 5134 3670 5918
10524 2 2 0 2 5947 4280 6025
10525 2 2 0 2 4279 5946 6024
10526 2 2 0 2 3573 4515 5776
10527 2 2 0 2 4515 3835 5776
10528 2 2 0 2 4691 3926 5017
10529 2 2 0 2 4048 4721 4964
10530 2 2 0 2 4722 4049 4965
10531 2 2 0 2 4717 4046 4968
10532 2 2 0 2 4047 4718 4969
10533 2 2 0 2 4545 3754 5374
10534 2 2 0 2 3223 4545 5374
10535 2 2 0 2 3821 4436 5671
10536 2 2 0 2 4469 3730 5295
10537 2 2 0 2 3731 4470 5296
10538 2 2 0 2 4506 3337 5378
10539 2 2 0 2 4440 3752 5541
10540 2 2 0 2 4653 27 5935
10541 2 2 0 2 76 4654 5936
10542 2 2 0 2 3959 4653 5935
10543 2 2 0 2 4654 3960 5936
10544 2 2 0 2 4689 3574 5518
10545 2 2 0 2 5660 3866 5987
10546 2 2 0 2 3867 5661 5988
10547 2 2 0 2 5732 3437 5924
10548 2 2 0 2 3436 5731 5923
10549 2 2 0 2 3206 4456 5762
10550 2 2 0 2 4456 3814 5762
10551 2 2 0 2 3212 4440 5541
10552 2 2 0 2 4484 3514 5669
10553 2 2 0 2 3515 4485 5670
10554 2 2 0 2 3802 4484 5669
10555 2 2 0 2 4485 3803 5670
10556 2 2 0 2 4733 3295 5836
10557 2 2 0 2 4526 3354 5537
10558 2 2 0 2 3936 5045 5516
10559 2 2 0 2 4545 3528 5380
10560 2 2 0 2 3754 4545 5380
10561 2 2 0 2 5106 4043 5473
10562 2 2 0 2 3880 5106 5473
10563 2 2 0 2 3914 4451 5539
10564 2 2 0 2 3793 4939 4940
10565 2 2 0 2 4939 3689 4940
10566 2 2 0 2 281 5287 5605
10567 2 2 0 2 5286 312 5604
10568 2 2 0 2 4574 3209 5112
10569 2 2 0 2 3210 4575 5113
10570 2 2 0 2 5516 4414 5835
10571 2 2 0 2 3936 5516 5835
10572 2 2 0 2 4437 3296 5763
10573 2 2 0 2 3536 4670 5129
10574 2 2 0 2 3232 5572 5703
10575 2 2 0 2 4727 3627 4971
10576 2 2 0 2 3713 4465 5510
10577 2 2 0 2 3825 4438 5626
10578 2 2 0 2 4439 3824 5627
10579 2 2 0 2 3928 4897 5064
10580 2 2 0 2 4897 3246 5064
10581 2 2 0 2 5141 3333 5301
10582 2 2 0 2 3986 5141 5301
10583 2 2 0 2 4530 3574 5179
10584 2 2 0 2 5576 3853 5885
10585 2 2 0 2 3852 5575 5884
10586 2 2 0 2 3622 4915 5834
10587 2 2 0 2 4765 4180 5557
10588 2 2 0 2 300 4454 5485
10589 2 2 0 2 4455 293 5486
10590 2 2 0 2 5597 4272 5775
10591 2 2 0 2 4873 3927 5603
10592 2 2 0 2 4441 3617 5674
10593 2 2 0 2 3652 4800 4929
10594 2 2 0 2 3781 5389 5906
10595 2 2 0 2 3617 4441 5705
10596 2 2 0 2 5190 3473 5970
10597 2 2 0 2 4286 5190 5970
10598 2 2 0 2 3883 5354 5887
10599 2 2 0 2 4522 3756 5206
10600 2 2 0 2 3656 4646 5382
10601 2 2 0 2 3693 4553 5157
10602 2 2 0 2 4554 3694 5158
10603 2 2 0 2 4889 3386 5153
10604 2 2 0 2 3387 4890 5154
10605 2 2 0 2 3256 4444 5806
10606 2 2 0 2 3648 4881 5679
10607 2 2 0 2 3297 4442 5642
10608 2 2 0 2 4443 3298 5643
10609 2 2 0 2 3597 4442 5773
10610 2 2 0 2 4443 3598 5772
10611 2 2 0 2 4447 3926 5649
10612 2 2 0 2 5390 3782 6008
10613 2 2 0 2 3272 4887 5886
10614 2 2 0 2 4671 3234 5019
10615 2 2 0 2 3235 4672 5020
10616 2 2 0 2 3893 4696 5029
10617 2 2 0 2 4696 3367 5029
10618 2 2 0 2 4476 3324 5360
10619 2 2 0 2 4008 5276 5887
10620 2 2 0 2 3348 4913 5207
10621 2 2 0 2 4913 3838 5207
10622 2 2 0 2 4883 4107 6003
10623 2 2 0 2 3656 4883 6003
10624 2 2 0 2 3868 5663 5984
10625 2 2 0 2 5664 3869 5985
10626 2 2 0 2 5649 3422 6019
10627 2 2 0 2 54 53 5092
10628 2 2 0 2 4455 3532 5884
10629 2 2 0 2 4054 5297 5330
10630 2 2 0 2 5298 4053 5331
10631 2 2 0 2 5297 3852 5330
10632 2 2 0 2 3853 5298 5331
10633 2 2 0 2 3687 4816 5458
10634 2 2 0 2 4817 3688 5459
10635 2 2 0 2 4059 4518 5263
10636 2 2 0 2 4453 3564 5867
10637 2 2 0 2 4736 3727 5294
10638 2 2 0 2 4729 3564 5210
10639 2 2 0 2 3929 4729 5210
10640 2 2 0 2 3520 4541 5444
10641 2 2 0 2 3338 4746 5361
10642 2 2 0 2 4541 3764 5444
10643 2 2 0 2 3337 4541 5378
10644 2 2 0 2 245 246 5292
10645 2 2 0 2 347 348 5291
10646 2 2 0 2 3279 4452 5689
10647 2 2 0 2 4464 4642 5606
10648 2 2 0 2 4689 3251 5308
10649 2 2 0 2 3783 4689 5308
10650 2 2 0 2 4413 4911 5902
10651 2 2 0 2 3631 4504 5314
10652 2 2 0 2 4465 3670 5457
10653 2 2 0 2 4457 3531 5938
10654 2 2 0 2 3674 4650 5059
10655 2 2 0 2 3679 4498 5338
10656 2 2 0 2 4583 3696 5143
10657 2 2 0 2 3280 5494 5744
10658 2 2 0 2 5494 4327 5744
10659 2 2 0 2 3365 4999 5172
10660 2 2 0 2 3556 4640 5338
10661 2 2 0 2 3328 4485 5371
10662 2 2 0 2 4484 3329 5372
10663 2 2 0 2 3797 4476 5691
10664 2 2 0 2 3989 4991 5119
10665 2 2 0 2 4476 3513 5691
10666 2 2 0 2 3768 4912 4983
10667 2 2 0 2 4912 3750 4983
10668 2 2 0 2 4559 3626 5195
10669 2 2 0 2 5024 4338 5387
10670 2 2 0 2 328 329 5163
10671 2 2 0 2 264 265 5164
10672 2 2 0 2 69 4645 5076
10673 2 2 0 2 4531 3351 5266
10674 2 2 0 2 3352 4532 5267
10675 2 2 0 2 3299 4457 5737
10676 2 2 0 2 3886 4955 5333
10677 2 2 0 2 4956 3887 5334
10678 2 2 0 2 4955 3374 5333
10679 2 2 0 2 3375 4956 5334
10680 2 2 0 2 3351 4533 5256
10681 2 2 0 2 4534 3352 5257
10682 2 2 0 2 4542 3221 5237
10683 2 2 0 2 4517 3269 5503
10684 2 2 0 2 3552 4488 5826
10685 2 2 0 2 19 18 5639
10686 2 2 0 2 85 84 5640
10687 2 2 0 2 4465 3245 5510
10688 2 2 0 2 3252 4655 5413
10689 2 2 0 2 5572 4250 5703
10690 2 2 0 2 4822 4223 5357
10691 2 2 0 2 4224 4823 5358
10692 2 2 0 2 4529 311 5286
10693 2 2 0 2 282 4528 5287
10694 2 2 0 2 3294 4464 5606
10695 2 2 0 2 3530 4579 5408
10696 2 2 0 2 5741 3680 5922
10697 2 2 0 2 4804 4518 5961
10698 2 2 0 2 5220 4068 5444
10699 2 2 0 2 3764 5220 5444
10700 2 2 0 2 3224 4916 5553
10701 2 2 0 2 4916 4017 5553
10702 2 2 0 2 4900 4348 5436
10703 2 2 0 2 4347 4899 5435
10704 2 2 0 2 3893 5029 5233
10705 2 2 0 2 5029 3776 5233
10706 2 2 0 2 4022 4987 5484
10707 2 2 0 2 3616 4509 5373
10708 2 2 0 2 5081 4778 6005
10709 2 2 0 2 4838 4234 6042
10710 2 2 0 2 4561 3517 5747
10711 2 2 0 2 3518 4562 5748
10712 2 2 0 2 3229 4697 5050
10713 2 2 0 2 5587 4760 5979
10714 2 2 0 2 4759 5586 5978
10715 2 2 0 2 4496 3971 5413
10716 2 2 0 2 5866 3529 5964
10717 2 2 0 2 4934 3405 5659
10718 2 2 0 2 3815 4540 5304
10719 2 2 0 2 4513 3210 5635
10720 2 2 0 2 4851 3767 5456
10721 2 2 0 2 48 4473 5777
10722 2 2 0 2 3657 4659 5109
10723 2 2 0 2 3396 4914 5303
10724 2 2 0 2 4914 4037 5303
10725 2 2 0 2 3754 5193 5374
10726 2 2 0 2 5193 4022 5374
10727 2 2 0 2 3303 4669 5785
10728 2 2 0 2 4669 3890 5785
10729 2 2 0 2 38 37 5516
10730 2 2 0 2 4674 3257 5386
10731 2 2 0 2 3789 4674 5386
10732 2 2 0 2 4507 3976 5423
10733 2 2 0 2 3977 4508 5424
10734 2 2 0 2 4765 4601 5893
10735 2 2 0 2 5571 3984 5867
10736 2 2 0 2 3568 4698 5706
10737 2 2 0 2 3565 4623 5538
10738 2 2 0 2 4623 3813 5538
10739 2 2 0 2 315 4702 5063
10740 2 2 0 2 4703 278 5062
10741 2 2 0 2 3934 4527 5349
10742 2 2 0 2 4120 5422 5611
10743 2 2 0 2 5141 3737 5607
10744 2 2 0 2 4647 3250 5215
10745 2 2 0 2 4473 4208 5777
10746 2 2 0 2 4689 3783 5179
10747 2 2 0 2 3574 4689 5179
10748 2 2 0 2 4999 3832 5172
10749 2 2 0 2 5036 4697 5846
10750 2 2 0 2 3604 4538 5434
10751 2 2 0 2 4539 3605 5433
10752 2 2 0 2 4584 3234 5230
10753 2 2 0 2 3235 4585 5231
10754 2 2 0 2 3714 4584 5230
10755 2 2 0 2 4585 3715 5231
10756 2 2 0 2 4072 4652 5226
10757 2 2 0 2 4655 4011 5325
10758 2 2 0 2 3897 5096 5194
10759 2 2 0 2 4747 3279 5689
10760 2 2 0 2 4875 4128 5415
10761 2 2 0 2 4129 4876 5414
10762 2 2 0 2 5096 3389 5194
10763 2 2 0 2 3410 4569 5282
10764 2 2 0 2 4570 3411 5283
10765 2 2 0 2 3542 4648 5767
10766 2 2 0 2 4648 3874 5767
10767 2 2 0 2 3695 4572 5381
10768 2 2 0 2 3934 4687 5237
10769 2 2 0 2 3880 4473 5650
10770 2 2 0 2 4071 4600 5960
10771 2 2 0 2 4103 4662 5582
10772 2 2 0 2 4858 3415 5529
10773 2 2 0 2 4544 3851 5370
10774 2 2 0 2 3532 4663 5884
10775 2 2 0 2 4467 3509 5798
10776 2 2 0 2 3510 4468 5797
10777 2 2 0 2 4559 3826 5337
10778 2 2 0 2 4086 5274 5729
10779 2 2 0 2 3374 4553 5333
10780 2 2 0 2 4554 3375 5334
10781 2 2 0 2 3827 5182 5629
10782 2 2 0 2 5182 4116 5629
10783 2 2 0 2 4980 3793 5172
10784 2 2 0 2 3832 4980 5172
10785 2 2 0 2 60 59 5590
10786 2 2 0 2 3724 4530 6004
10787 2 2 0 2 4798 4359 5533
10788 2 2 0 2 4483 3623 5588
10789 2 2 0 2 244 245 5593
10790 2 2 0 2 348 349 5592
10791 2 2 0 2 4649 3737 5451
10792 2 2 0 2 4663 4236 5178
10793 2 2 0 2 3378 4663 5178
10794 2 2 0 2 4089 4679 5736
10795 2 2 0 2 4678 4090 5735
10796 2 2 0 2 4474 3663 5778
10797 2 2 0 2 4970 3705 5995
10798 2 2 0 2 3409 4563 5325
10799 2 2 0 2 4506 3750 5829
10800 2 2 0 2 4697 3229 6035
10801 2 2 0 2 3969 4697 6035
10802 2 2 0 2 4615 3500 5197
10803 2 2 0 2 3414 4596 5219
10804 2 2 0 2 3209 4512 5500
10805 2 2 0 2 261 262 5760
10806 2 2 0 2 331 332 5759
10807 2 2 0 2 3255 4683 5423
10808 2 2 0 2 4684 3254 5424
10809 2 2 0 2 4488 4835 5826
10810 2 2 0 2 5530 4761 5926
10811 2 2 0 2 4762 5531 5927
10812 2 2 0 2 4824 3601 5118
10813 2 2 0 2 279 280 5452
10814 2 2 0 2 313 314 5453
10815 2 2 0 2 3841 5534 5715
10816 2 2 0 2 4911 3415 5902
10817 2 2 0 2 4763 4279 5270
10818 2 2 0 2 4280 4764 5271
10819 2 2 0 2 4677 3489 5916
10820 2 2 0 2 3925 4677 5916
10821 2 2 0 2 343 344 5421
10822 2 2 0 2 249 250 5420
10823 2 2 0 2 3767 5300 5456
10824 2 2 0 2 5300 4077 5456
10825 2 2 0 2 4352 5866 5964
10826 2 2 0 2 4673 3950 5156
10827 2 2 0 2 4538 3719 5434
10828 2 2 0 2 3718 4539 5433
10829 2 2 0 2 4809 4269 5811
10830 2 2 0 2 56 4610 5928
10831 2 2 0 2 4490 3383 5891
10832 2 2 0 2 3384 4491 5892
10833 2 2 0 2 4610 3891 5928
10834 2 2 0 2 4492 3633 5730
10835 2 2 0 2 4625 261 5760
10836 2 2 0 2 332 4624 5759
10837 2 2 0 2 4267 5264 5933
10838 2 2 0 2 5265 4268 5934
10839 2 2 0 2 5264 3460 5933
10840 2 2 0 2 3461 5265 5934
10841 2 2 0 2 4495 3832 5849
10842 2 2 0 2 4635 3354 6036
10843 2 2 0 2 3935 4635 6036
10844 2 2 0 2 5073 3428 5310
10845 2 2 0 2 3915 5073 5310
10846 2 2 0 2 3844 5316 5894
10847 2 2 0 2 5317 3845 5895
10848 2 2 0 2 3817 4562 5723
10849 2 2 0 2 4561 3816 5722
10850 2 2 0 2 3517 4561 5722
10851 2 2 0 2 4562 3518 5723
10852 2 2 0 2 5005 3906 5578
10853 2 2 0 2 3907 5006 5579
10854 2 2 0 2 3990 5005 5578
10855 2 2 0 2 5006 3991 5579
10856 2 2 0 2 4719 3467 5955
10857 2 2 0 2 4970 3815 4984
10858 2 2 0 2 4537 3213 5953
10859 2 2 0 2 3529 4537 5964
10860 2 2 0 2 4501 3365 5709
10861 2 2 0 2 3366 4502 5708
10862 2 2 0 2 4916 3796 5591
10863 2 2 0 2 4680 4069 5170
10864 2 2 0 2 4751 3320 5233
10865 2 2 0 2 3776 4751 5233
10866 2 2 0 2 4975 3672 5100
10867 2 2 0 2 3671 4974 5099
10868 2 2 0 2 3875 4769 5996
10869 2 2 0 2 4629 343 5421
10870 2 2 0 2 250 4628 5420
10871 2 2 0 2 4157 5326 6029
10872 2 2 0 2 3762 5229 5514
10873 2 2 0 2 3673 4521 5560
10874 2 2 0 2 5023 3211 5513
10875 2 2 0 2 3981 5023 5513
10876 2 2 0 2 5344 19 5639
10877 2 2 0 2 84 5343 5640
10878 2 2 0 2 3705 5080 5995
10879 2 2 0 2 3512 4506 5957
10880 2 2 0 2 5568 3417 5835
10881 2 2 0 2 3701 4647 5215
10882 2 2 0 2 4847 3333 5151
10883 2 2 0 2 3337 4506 5829
10884 2 2 0 2 6029 5004 6041
10885 2 2 0 2 4912 3231 4994
10886 2 2 0 2 3750 4912 4994
10887 2 2 0 2 3923 5947 6025
10888 2 2 0 2 5946 3922 6024
10889 2 2 0 2 4683 4028 5282
10890 2 2 0 2 4029 4684 5283
10891 2 2 0 2 4821 3245 5457
10892 2 2 0 2 4792 3703 5511
10893 2 2 0 2 3704 4793 5512
10894 2 2 0 2 4953 3748 5400
10895 2 2 0 2 3749 4954 5401
10896 2 2 0 2 3963 4901 5016
10897 2 2 0 2 68 67 5311
10898 2 2 0 2 4831 3283 5976
10899 2 2 0 2 4887 3577 5186
10900 2 2 0 2 3918 5644 5999
10901 2 2 0 2 5645 3919 6000
10902 2 2 0 2 5733 4180 6008
10903 2 2 0 2 3361 4522 5610
10904 2 2 0 2 3898 5004 6029
10905 2 2 0 2 4598 24 5352
10906 2 2 0 2 79 4599 5353
10907 2 2 0 2 3413 4558 5474
10908 2 2 0 2 5246 3947 6006
10909 2 2 0 2 3948 5247 6007
10910 2 2 0 2 4648 3949 5880
10911 2 2 0 2 4574 3592 5414
10912 2 2 0 2 3591 4575 5415
10913 2 2 0 2 4923 3212 5877
10914 2 2 0 2 4626 3276 5289
10915 2 2 0 2 3277 4627 5290
10916 2 2 0 2 4519 3953 5731
10917 2 2 0 2 3954 4520 5732
10918 2 2 0 2 5207 3838 5742
10919 2 2 0 2 4518 3520 5961
10920 2 2 0 2 337 338 5335
10921 2 2 0 2 255 256 5336
10922 2 2 0 2 5729 3293 5812
10923 2 2 0 2 3676 4875 5415
10924 2 2 0 2 4876 3675 5414
10925 2 2 0 2 4222 5339 5774
10926 2 2 0 2 5339 3834 5774
10927 2 2 0 2 80 79 5353
10928 2 2 0 2 24 23 5352
10929 2 2 0 2 3800 4598 5352
10930 2 2 0 2 4599 3801 5353
10931 2 2 0 2 3706 4771 5562
10932 2 2 0 2 4770 3707 5563
10933 2 2 0 2 5108 3380 6028
10934 2 2 0 2 3386 4889 6022
10935 2 2 0 2 4890 3387 6023
10936 2 2 0 2 3422 4521 6019
10937 2 2 0 2 3356 4854 5307
10938 2 2 0 2 4853 3355 5306
10939 2 2 0 2 3821 4526 5668
10940 2 2 0 2 3705 4970 4984
10941 2 2 0 2 4454 5885 6033
10942 2 2 0 2 3234 4671 5230
10943 2 2 0 2 4672 3235 5231
10944 2 2 0 2 4001 4831 5976
10945 2 2 0 2 4631 3821 5671
10946 2 2 0 2 3213 4631 5671
10947 2 2 0 2 233 234 5362
10948 2 2 0 2 359 360 5363
10949 2 2 0 2 8 7 5365
10950 2 2 0 2 96 95 5366
10951 2 2 0 2 4140 5238 5776
10952 2 2 0 2 4580 4167 5526
10953 2 2 0 2 4168 4581 5525
10954 2 2 0 2 4837 5410 5986
10955 2 2 0 2 4567 3981 5513
10956 2 2 0 2 5498 3228 5790
10957 2 2 0 2 3227 5499 5789
10958 2 2 0 2 4300 5498 5790
10959 2 2 0 2 5499 4299 5789
10960 2 2 0 2 4613 3948 5654
10961 2 2 0 2 3947 4614 5653
10962 2 2 0 2 323 4613 5654
10963 2 2 0 2 4614 270 5653
10964 2 2 0 2 5885 3533 6033
10965 2 2 0 2 3334 4607 5990
10966 2 2 0 2 4606 3335 5989
10967 2 2 0 2 30 29 5377
10968 2 2 0 2 3451 4833 5786
10969 2 2 0 2 3434 4667 5559
10970 2 2 0 2 3909 4602 5599
10971 2 2 0 2 4603 3909 5600
10972 2 2 0 2 4602 295 5599
10973 2 2 0 2 298 4603 5600
10974 2 2 0 2 3541 4528 5768
10975 2 2 0 2 4529 3542 5767
10976 2 2 0 2 5922 4353 5945
10977 2 2 0 2 3621 4540 5690
10978 2 2 0 2 4530 3344 6004
10979 2 2 0 2 5094 3807 5544
10980 2 2 0 2 3808 5095 5545
10981 2 2 0 2 4161 5094 5544
10982 2 2 0 2 5095 4162 5545
10983 2 2 0 2 3864 5003 5131
10984 2 2 0 2 3941 4858 5218
10985 2 2 0 2 3347 4661 5550
10986 2 2 0 2 4660 3346 5549
10987 2 2 0 2 4006 4527 5937
10988 2 2 0 2 3351 4531 5950
10989 2 2 0 2 4532 3352 5951
10990 2 2 0 2 4661 3799 5550
10991 2 2 0 2 3798 4660 5549
10992 2 2 0 2 3343 4701 5217
10993 2 2 0 2 3379 4777 5177
10994 2 2 0 2 5234 3420 5551
10995 2 2 0 2 3421 5235 5552
10996 2 2 0 2 4685 3435 5581
10997 2 2 0 2 3569 4589 5454
10998 2 2 0 2 50 49 5561
10999 2 2 0 2 5150 4812 5805
11000 2 2 0 2 3839 4773 5557
11001 2 2 0 2 4773 3585 5557
11002 2 2 0 2 5046 4033 5680
11003 2 2 0 2 3293 5046 5680
11004 2 2 0 2 3315 5180 6005
11005 2 2 0 2 5180 4221 6005
11006 2 2 0 2 5355 4209 5750
11007 2 2 0 2 4210 5356 5751
11008 2 2 0 2 3440 5355 5750
11009 2 2 0 2 5356 3441 5751
11010 2 2 0 2 3212 5007 5877
11011 2 2 0 2 3987 4824 5118
11012 2 2 0 2 309 310 5403
11013 2 2 0 2 283 284 5404
11014 2 2 0 2 3361 5610 5887
11015 2 2 0 2 3581 4611 5794
11016 2 2 0 2 4612 3582 5793
11017 2 2 0 2 4594 3222 5860
11018 2 2 0 2 3363 4648 5880
11019 2 2 0 2 3982 5058 5532
11020 2 2 0 2 5058 3902 5532
11021 2 2 0 2 3904 5147 5234
11022 2 2 0 2 5148 3905 5235
11023 2 2 0 2 5147 3760 5234
11024 2 2 0 2 3761 5148 5235
11025 2 2 0 2 3756 4834 5214
11026 2 2 0 2 3223 5484 5543
11027 2 2 0 2 5484 4179 5543
11028 2 2 0 2 3251 5281 5308
11029 2 2 0 2 4772 3961 5454
11030 2 2 0 2 246 4681 5292
11031 2 2 0 2 4682 347 5291
11032 2 2 0 2 4541 3520 5962
11033 2 2 0 2 4643 3270 5878
11034 2 2 0 2 3271 4644 5879
11035 2 2 0 2 3736 4935 5272
11036 2 2 0 2 3868 4643 5878
11037 2 2 0 2 4644 3869 5879
11038 2 2 0 2 3795 4900 5436
11039 2 2 0 2 4899 3794 5435
11040 2 2 0 2 4155 4542 5955
11041 2 2 0 2 4304 4720 5857
11042 2 2 0 2 3587 4551 5701
11043 2 2 0 2 4552 3588 5702
11044 2 2 0 2 3645 4869 5262
11045 2 2 0 2 5384 3796 5602
11046 2 2 0 2 305 306 5438
11047 2 2 0 2 287 288 5439
11048 2 2 0 2 5780 4273 5811
11049 2 2 0 2 4657 20 5344
11050 2 2 0 2 83 4658 5343
11051 2 2 0 2 4582 3395 5515
11052 2 2 0 2 5342 3353 5475
11053 2 2 0 2 4070 5342 5475
11054 2 2 0 2 4598 3800 5677
11055 2 2 0 2 3801 4599 5678
11056 2 2 0 2 3606 4598 5677
11057 2 2 0 2 4599 3607 5678
11058 2 2 0 2 4227 5489 5642
11059 2 2 0 2 5490 4228 5643
11060 2 2 0 2 5489 3297 5642
11061 2 2 0 2 3298 5490 5643
11062 2 2 0 2 4991 3253 6001
11063 2 2 0 2 3878 5098 5308
11064 2 2 0 2 3789 5133 5310
11065 2 2 0 2 5133 3915 5310
11066 2 2 0 2 3743 4809 5161
11067 2 2 0 2 4809 3261 5161
11068 2 2 0 2 4120 4616 5422
11069 2 2 0 2 5082 3937 5143
11070 2 2 0 2 3666 4839 5122
11071 2 2 0 2 4840 3665 5123
11072 2 2 0 2 3696 5082 5143
11073 2 2 0 2 5400 3748 5899
11074 2 2 0 2 3749 5401 5900
11075 2 2 0 2 291 292 5575
11076 2 2 0 2 301 302 5576
11077 2 2 0 2 3418 5295 5942
11078 2 2 0 2 3415 4911 5716
11079 2 2 0 2 4911 3962 5716
11080 2 2 0 2 4624 3807 5759
11081 2 2 0 2 3808 4625 5760
11082 2 2 0 2 4676 3839 5733
11083 2 2 0 2 3363 4676 5733
11084 2 2 0 2 3713 4847 5151
11085 2 2 0 2 3591 4548 5905
11086 2 2 0 2 4549 3592 5904
11087 2 2 0 2 4881 4269 5679
11088 2 2 0 2 4628 3809 5420
11089 2 2 0 2 3810 4629 5421
11090 2 2 0 2 3823 4806 5477
11091 2 2 0 2 4806 3431 5477
11092 2 2 0 2 5758 3840 5864
11093 2 2 0 2 3629 4594 5501
11094 2 2 0 2 5327 3480 5506
11095 2 2 0 2 4079 5327 5506
11096 2 2 0 2 4009 5171 5431
11097 2 2 0 2 4949 3822 5195
11098 2 2 0 2 3626 4949 5195
11099 2 2 0 2 4077 5383 5456
11100 2 2 0 2 5383 3485 5456
11101 2 2 0 2 4777 3379 5331
11102 2 2 0 2 4053 4777 5331
11103 2 2 0 2 5051 3394 5227
11104 2 2 0 2 4663 3852 5884
11105 2 2 0 2 3850 5051 5227
11106 2 2 0 2 4816 4065 5821
11107 2 2 0 2 4637 3563 5427
11108 2 2 0 2 333 334 5898
11109 2 2 0 2 259 260 5897
11110 2 2 0 2 3214 4812 5615
11111 2 2 0 2 3489 5416 5916
11112 2 2 0 2 5416 4294 5916
11113 2 2 0 2 3345 4573 5679
11114 2 2 0 2 4588 3231 5570
11115 2 2 0 2 4763 3748 5222
11116 2 2 0 2 3749 4764 5223
11117 2 2 0 2 3754 4828 5193
11118 2 2 0 2 4828 3382 5193
11119 2 2 0 2 3242 4909 6032
11120 2 2 0 2 4601 4140 5893
11121 2 2 0 2 4199 4789 5211
11122 2 2 0 2 4665 3220 5700
11123 2 2 0 2 5203 4163 5869
11124 2 2 0 2 3426 5203 5869
11125 2 2 0 2 4818 3794 5355
11126 2 2 0 2 3795 4819 5356
11127 2 2 0 2 3440 4818 5355
11128 2 2 0 2 4819 3441 5356
11129 2 2 0 2 3957 4855 5128
11130 2 2 0 2 245 5292 5593
11131 2 2 0 2 5291 348 5592
11132 2 2 0 2 3657 4563 5871
11133 2 2 0 2 4664 3581 5794
11134 2 2 0 2 3582 4665 5793
11135 2 2 0 2 5069 3904 5551
11136 2 2 0 2 3905 5070 5552
11137 2 2 0 2 4953 3334 5222
11138 2 2 0 2 3335 4954 5223
11139 2 2 0 2 3273 5852 6009
11140 2 2 0 2 3827 5447 5635
11141 2 2 0 2 4073 4825 5830
11142 2 2 0 2 4826 4074 5831
11143 2 2 0 2 4119 4836 5572
11144 2 2 0 2 3634 4566 5914
11145 2 2 0 2 4586 3234 5612
11146 2 2 0 2 3235 4587 5613
11147 2 2 0 2 3760 5163 5608
11148 2 2 0 2 5164 3761 5609
11149 2 2 0 2 5411 3259 5882
11150 2 2 0 2 3260 5412 5883
11151 2 2 0 2 4065 5048 5319
11152 2 2 0 2 5049 4066 5320
11153 2 2 0 2 3899 4641 6041
11154 2 2 0 2 4641 3362 6041
11155 2 2 0 2 3344 4579 5769
11156 2 2 0 2 4579 3804 5769
11157 2 2 0 2 3391 4604 5524
11158 2 2 0 2 16 15 5530
11159 2 2 0 2 88 87 5531
11160 2 2 0 2 4206 5347 5809
11161 2 2 0 2 5348 4207 5810
11162 2 2 0 2 3975 5922 5945
11163 2 2 0 2 5347 3265 5809
11164 2 2 0 2 3266 5348 5810
11165 2 2 0 2 5332 3812 5567
11166 2 2 0 2 3793 4940 5172
11167 2 2 0 2 4102 5332 5567
11168 2 2 0 2 4940 3365 5172
11169 2 2 0 2 49 48 5777
11170 2 2 0 2 3381 5030 5293
11171 2 2 0 2 5561 49 5777
11172 2 2 0 2 4834 3243 5214
11173 2 2 0 2 4789 3292 5211
11174 2 2 0 2 3349 4957 5228
11175 2 2 0 2 3388 4802 5514
11176 2 2 0 2 4628 3608 5695
11177 2 2 0 2 3609 4629 5696
11178 2 2 0 2 3809 4628 5695
11179 2 2 0 2 4629 3810 5696
11180 2 2 0 2 3922 4699 6024
11181 2 2 0 2 4700 3923 6025
11182 2 2 0 2 4699 3240 6024
11183 2 2 0 2 3241 4700 6025
11184 2 2 0 2 3350 4651 5455
11185 2 2 0 2 4066 4817 5585
11186 2 2 0 2 297 298 5600
11187 2 2 0 2 295 296 5599
11188 2 2 0 2 5296 3419 5973
11189 2 2 0 2 241 242 5586
11190 2 2 0 2 351 352 5587
11191 2 2 0 2 57 56 5928
11192 2 2 0 2 3996 5071 5883
11193 2 2 0 2 5072 3997 5882
11194 2 2 0 2 4596 3850 5630
11195 2 2 0 2 3748 4763 5270
11196 2 2 0 2 4764 3749 5271
11197 2 2 0 2 4871 3394 5304
11198 2 2 0 2 4724 3827 5629
11199 2 2 0 2 3390 4724 5629
11200 2 2 0 2 4716 4287 5667
11201 2 2 0 2 73 4634 5519
11202 2 2 0 2 4930 3846 5155
11203 2 2 0 2 4637 3768 5656
11204 2 2 0 2 4451 4789 5539
11205 2 2 0 2 4027 4668 5850
11206 2 2 0 2 4063 5536 5540
11207 2 2 0 2 5953 3740 5964
11208 2 2 0 2 4537 5953 5964
11209 2 2 0 2 3353 4835 5475
11210 2 2 0 2 4835 3823 5475
11211 2 2 0 2 4898 3999 5705
11212 2 2 0 2 5068 3736 5272
11213 2 2 0 2 4812 3680 5615
11214 2 2 0 2 3920 4903 5612
11215 2 2 0 2 4904 3921 5613
11216 2 2 0 2 270 271 5653
11217 2 2 0 2 322 323 5654
11218 2 2 0 2 4833 3889 5786
11219 2 2 0 2 5528 3875 5996
11220 2 2 0 2 4350 5528 5996
11221 2 2 0 2 5142 3624 5863
11222 2 2 0 2 3751 4942 5492
11223 2 2 0 2 5269 4124 5727
11224 2 2 0 2 3450 5269 5727
11225 2 2 0 2 3738 4863 5493
11226 2 2 0 2 3481 5780 5811
11227 2 2 0 2 34 33 5746
11228 2 2 0 2 4068 4804 5961
11229 2 2 0 2 5138 3912 5962
11230 2 2 0 2 4057 5384 5602
11231 2 2 0 2 3731 4710 5395
11232 2 2 0 2 4711 3730 5394
11233 2 2 0 2 72 71 5901
11234 2 2 0 2 4623 3565 5614
11235 2 2 0 2 4590 3250 5851
11236 2 2 0 2 3886 4981 5929
11237 2 2 0 2 4982 3887 5930
11238 2 2 0 2 3228 5022 5765
11239 2 2 0 2 5021 3227 5766
11240 2 2 0 2 5190 4286 5328
11241 2 2 0 2 4005 4925 5416
11242 2 2 0 2 3339 5171 5574
11243 2 2 0 2 5171 4009 5574
11244 2 2 0 2 5155 3846 5221
11245 2 2 0 2 4124 4880 5482
11246 2 2 0 2 3738 4594 5860
11247 2 2 0 2 4880 3542 5482
11248 2 2 0 2 4811 3769 5425
11249 2 2 0 2 4866 3211 5259
11250 2 2 0 2 62 61 5837
11251 2 2 0 2 4606 3560 5736
11252 2 2 0 2 3561 4607 5735
11253 2 2 0 2 5046 3293 5729
11254 2 2 0 2 4778 4230 5375
11255 2 2 0 2 47 5106 5650
11256 2 2 0 2 3390 5114 5278
11257 2 2 0 2 5114 3861 5278
11258 2 2 0 2 3563 4637 5656
11259 2 2 0 2 46 45 5807
11260 2 2 0 2 4642 4097 5606
11261 2 2 0 2 4208 5561 5777
11262 2 2 0 2 4745 3342 5508
11263 2 2 0 2 345 346 5843
11264 2 2 0 2 247 248 5844
11265 2 2 0 2 4728 3900 5965
11266 2 2 0 2 3377 4728 5965
11267 2 2 0 2 66 65 5847
11268 2 2 0 2 3836 4887 5186
11269 2 2 0 2 3640 4828 5522
11270 2 2 0 2 4667 3718 5559
11271 2 2 0 2 4991 3685 5119
11272 2 2 0 2 3430 4930 5155
11273 2 2 0 2 3909 4603 5858
11274 2 2 0 2 4698 3568 5527
11275 2 2 0 2 3786 4698 5527
11276 2 2 0 2 5008 3661 5181
11277 2 2 0 2 5179 3783 5472
11278 2 2 0 2 12 11 5907
11279 2 2 0 2 92 91 5908
11280 2 2 0 2 3794 4899 5355
11281 2 2 0 2 4900 3795 5356
11282 2 2 0 2 82 81 5910
11283 2 2 0 2 22 21 5911
11284 2 2 0 2 4899 4209 5355
11285 2 2 0 2 4210 4900 5356
11286 2 2 0 2 340 341 5919
11287 2 2 0 2 252 253 5920
11288 2 2 0 2 77 76 5936
11289 2 2 0 2 27 26 5935
11290 2 2 0 2 237 238 5943
11291 2 2 0 2 355 356 5944
11292 2 2 0 2 3965 4602 5956
11293 2 2 0 2 316 317 5991
11294 2 2 0 2 276 277 5992
11295 2 2 0 2 3332 4810 5580
11296 2 2 0 2 3971 5241 5413
11297 2 2 0 2 5241 3252 5413
11298 2 2 0 2 5450 3928 5659
11299 2 2 0 2 5448 3858 5842
11300 2 2 0 2 3729 4606 5989
11301 2 2 0 2 4607 3728 5990
11302 2 2 0 2 5252 3255 5423
11303 2 2 0 2 3254 5253 5424
11304 2 2 0 2 3976 5252 5423
11305 2 2 0 2 5253 3977 5424
11306 2 2 0 2 4649 5451 6021
11307 2 2 0 2 3948 4613 5924
11308 2 2 0 2 4614 3947 5923
11309 2 2 0 2 3895 5288 5820
11310 2 2 0 2 5003 3499 5131
11311 2 2 0 2 4972 3678 5368
11312 2 2 0 2 3719 4685 5581
11313 2 2 0 2 5032 3713 5151
11314 2 2 0 2 4656 3831 5865
11315 2 2 0 2 3258 4656 5865
11316 2 2 0 2 4631 3213 5848
11317 2 2 0 2 3755 4866 5259
11318 2 2 0 2 4190 5492 5692
11319 2 2 0 2 5055 3241 5900
11320 2 2 0 2 3240 5054 5899
11321 2 2 0 2 5492 3482 5692
11322 2 2 0 2 4934 3700 5189
11323 2 2 0 2 4855 3957 5939
11324 2 2 0 2 3382 4902 5391
11325 2 2 0 2 3663 4855 5939
11326 2 2 0 2 3741 4874 5942
11327 2 2 0 2 4898 3742 5973
11328 2 2 0 2 3818 5155 5221
11329 2 2 0 2 4323 5045 5966
11330 2 2 0 2 5146 4596 5630
11331 2 2 0 2 3274 4822 5357
11332 2 2 0 2 4823 3275 5358
11333 2 2 0 2 3992 5344 5639
11334 2 2 0 2 5343 3993 5640
11335 2 2 0 2 3354 4630 6036
11336 2 2 0 2 3458 5464 5595
11337 2 2 0 2 5465 3459 5596
11338 2 2 0 2 5464 4137 5595
11339 2 2 0 2 4138 5465 5596
11340 2 2 0 2 3865 5152 5614
11341 2 2 0 2 5023 4000 5259
11342 2 2 0 2 3735 4665 5700
11343 2 2 0 2 3670 5090 5918
11344 2 2 0 2 5025 4104 5489
11345 2 2 0 2 4105 5026 5490
11346 2 2 0 2 3721 4853 5306
11347 2 2 0 2 4854 3720 5307
11348 2 2 0 2 4981 3886 5333
11349 2 2 0 2 3887 4982 5334
11350 2 2 0 2 5325 4011 5752
11351 2 2 0 2 5292 3994 5593
11352 2 2 0 2 3995 5291 5592
11353 2 2 0 2 4697 3969 5846
11354 2 2 0 2 5135 3208 6027
11355 2 2 0 2 4687 3396 5638
11356 2 2 0 2 5040 3868 5984
11357 2 2 0 2 3869 5041 5985
11358 2 2 0 2 5106 46 5807
11359 2 2 0 2 4043 5106 5807
11360 2 2 0 2 3654 4645 5921
11361 2 2 0 2 4992 4078 6019
11362 2 2 0 2 4645 3830 5921
11363 2 2 0 2 4286 4833 5975
11364 2 2 0 2 4951 3458 5595
11365 2 2 0 2 3459 4952 5596
11366 2 2 0 2 3884 4951 5595
11367 2 2 0 2 4952 3885 5596
11368 2 2 0 2 4073 5400 5899
11369 2 2 0 2 5401 4074 5900
11370 2 2 0 2 3415 4858 5902
11371 2 2 0 2 4858 3941 5902
11372 2 2 0 2 4665 3735 5793
11373 2 2 0 2 3734 4664 5794
11374 2 2 0 2 5536 3881 5540
11375 2 2 0 2 4646 3656 6003
11376 2 2 0 2 3854 5032 5151
11377 2 2 0 2 3818 4775 5977
11378 2 2 0 2 3362 5175 5906
11379 2 2 0 2 4667 3963 5808
11380 2 2 0 2 5038 3782 5390
11381 2 2 0 2 3781 5037 5389
11382 2 2 0 2 4214 5038 5390
11383 2 2 0 2 5037 4215 5389
11384 2 2 0 2 4201 4847 5488
11385 2 2 0 2 4055 5008 5181
11386 2 2 0 2 3901 4649 6021
11387 2 2 0 2 3748 4953 5222
11388 2 2 0 2 4954 3749 5223
11389 2 2 0 2 3753 4745 5508
11390 2 2 0 2 3681 5515 6040
11391 2 2 0 2 4957 3752 5228
11392 2 2 0 2 3682 5024 5387
11393 2 2 0 2 5176 3363 6008
11394 2 2 0 2 3769 5013 5675
11395 2 2 0 2 4038 5718 5952
11396 2 2 0 2 4849 4094 5701
11397 2 2 0 2 4095 4850 5702
11398 2 2 0 2 4935 3484 5272
11399 2 2 0 2 3350 5419 5684
11400 2 2 0 2 5419 4139 5684
11401 2 2 0 2 4962 3366 5641
11402 2 2 0 2 4357 5743 5886
11403 2 2 0 2 5743 3272 5886
11404 2 2 0 2 5035 3699 5288
11405 2 2 0 2 4906 4227 5642
11406 2 2 0 2 4228 4907 5643
11407 2 2 0 2 4983 3512 5632
11408 2 2 0 2 3816 4694 5722
11409 2 2 0 2 4695 3817 5723
11410 2 2 0 2 5268 3841 5715
11411 2 2 0 2 3968 4685 5803
11412 2 2 0 2 4038 4716 5667
11413 2 2 0 2 4816 3324 5458
11414 2 2 0 2 3325 4817 5459
11415 2 2 0 2 4748 4147 5837
11416 2 2 0 2 5077 3392 5757
11417 2 2 0 2 4001 5077 5757
11418 2 2 0 2 4676 3363 5880
11419 2 2 0 2 5140 4280 5947
11420 2 2 0 2 4279 5139 5946
11421 2 2 0 2 4004 4798 5533
11422 2 2 0 2 5089 4365 5903
11423 2 2 0 2 3619 4774 5915
11424 2 2 0 2 4758 4190 5692
11425 2 2 0 2 3223 5374 5484
11426 2 2 0 2 5374 4022 5484
11427 2 2 0 2 3211 5023 5259
11428 2 2 0 2 5165 3376 5221
11429 2 2 0 2 3846 5165 5221
11430 2 2 0 2 3241 5271 5900
11431 2 2 0 2 5270 3240 5899
11432 2 2 0 2 3750 4796 5829
11433 2 2 0 2 3881 4995 5540
11434 2 2 0 2 4995 3652 5540
11435 2 2 0 2 33 5058 5746
11436 2 2 0 2 3585 4765 5557
11437 2 2 0 2 5058 3982 5746
11438 2 2 0 2 3605 4895 5433
11439 2 2 0 2 4894 3604 5434
11440 2 2 0 2 3762 4870 5868
11441 2 2 0 2 4860 3930 5926
11442 2 2 0 2 3931 4861 5927
11443 2 2 0 2 3610 4860 5926
11444 2 2 0 2 4861 3611 5927
11445 2 2 0 2 4705 3820 5747
11446 2 2 0 2 3819 4706 5748
11447 2 2 0 2 5029 3367 5781
11448 2 2 0 2 17 4792 5511
11449 2 2 0 2 4793 86 5512
11450 2 2 0 2 3787 4798 5509
11451 2 2 0 2 3396 5303 5638
11452 2 2 0 2 3858 5284 5842
11453 2 2 0 2 5010 3308 5480
11454 2 2 0 2 3309 5011 5481
11455 2 2 0 2 4273 4809 5811
11456 2 2 0 2 5502 3787 5509
11457 2 2 0 2 3290 4730 5657
11458 2 2 0 2 4771 243 5562
11459 2 2 0 2 350 4770 5563
11460 2 2 0 2 4798 3417 5509
11461 2 2 0 2 5858 3432 5956
11462 2 2 0 2 5012 3392 5384
11463 2 2 0 2 3767 4851 6009
11464 2 2 0 2 4099 5502 5509
11465 2 2 0 2 3595 4737 5646
11466 2 2 0 2 3857 4768 5888
11467 2 2 0 2 4768 3600 5888
11468 2 2 0 2 5039 3898 5326
11469 2 2 0 2 3641 5039 5326
11470 2 2 0 2 3212 4923 5337
11471 2 2 0 2 3812 4716 5967
11472 2 2 0 2 3354 5133 5537
11473 2 2 0 2 4789 3578 5539
11474 2 2 0 2 4159 4921 5974
11475 2 2 0 2 5282 4028 5754
11476 2 2 0 2 4029 5283 5755
11477 2 2 0 2 3784 4775 5959
11478 2 2 0 2 4725 3599 5817
11479 2 2 0 2 3829 4725 5817
11480 2 2 0 2 5432 4020 5912
11481 2 2 0 2 4080 4973 5740
11482 2 2 0 2 4725 3305 5715
11483 2 2 0 2 3470 4692 5969
11484 2 2 0 2 4810 4060 5517
11485 2 2 0 2 3539 5102 5711
11486 2 2 0 2 5103 3538 5710
11487 2 2 0 2 5102 4029 5711
11488 2 2 0 2 4028 5103 5710
11489 2 2 0 2 3913 5068 5272
11490 2 2 0 2 5130 3342 5756
11491 2 2 0 2 4859 3913 5547
11492 2 2 0 2 5135 3769 5675
11493 2 2 0 2 4025 4874 5588
11494 2 2 0 2 4828 3754 5522
11495 2 2 0 2 5005 3990 5898
11496 2 2 0 2 3991 5006 5897
11497 2 2 0 2 334 5005 5898
11498 2 2 0 2 5006 259 5897
11499 2 2 0 2 4902 3757 5391
11500 2 2 0 2 3913 5272 5441
11501 2 2 0 2 3308 4996 5480
11502 2 2 0 2 4997 3309 5481
11503 2 2 0 2 4996 3842 5480
11504 2 2 0 2 3843 4997 5481
11505 2 2 0 2 4810 3751 5580
11506 2 2 0 2 5098 3433 5913
11507 2 2 0 2 3811 5245 5281
11508 2 2 0 2 5245 3878 5281
11509 2 2 0 2 5220 3214 5615
11510 2 2 0 2 4720 4056 5857
11511 2 2 0 2 3804 5744 5745
11512 2 2 0 2 5744 4327 5745
11513 2 2 0 2 3392 5077 5384
11514 2 2 0 2 4135 4941 5730
11515 2 2 0 2 4305 4758 5692
11516 2 2 0 2 4996 3771 5312
11517 2 2 0 2 3772 4997 5313
11518 2 2 0 2 4716 3278 5967
11519 2 2 0 2 3262 4942 6030
11520 2 2 0 2 5224 3788 5225
11521 2 2 0 2 3894 5224 5225
11522 2 2 0 2 5001 3774 5316
11523 2 2 0 2 3775 5002 5317
11524 2 2 0 2 3963 5016 5866
11525 2 2 0 2 4905 3767 6009
11526 2 2 0 2 4867 3613 5978
11527 2 2 0 2 3614 4868 5979
11528 2 2 0 2 3932 4867 5978
11529 2 2 0 2 4868 3933 5979
11530 2 2 0 2 5404 3873 5768
11531 2 2 0 2 3874 5403 5767
11532 2 2 0 2 4864 333 5898
11533 2 2 0 2 260 4865 5897
11534 2 2 0 2 4863 3322 5493
11535 2 2 0 2 3895 5035 5288
11536 2 2 0 2 5051 3815 5304
11537 2 2 0 2 3394 5051 5304
11538 2 2 0 2 3211 5009 5513
11539 2 2 0 2 5509 3417 5568
11540 2 2 0 2 4099 5509 5568
11541 2 2 0 2 5025 3790 5551
11542 2 2 0 2 3791 5026 5552
11543 2 2 0 2 4783 3606 5677
11544 2 2 0 2 3607 4784 5678
11545 2 2 0 2 5902 3941 5948
11546 2 2 0 2 4413 5902 5948
11547 2 2 0 2 61 4748 5837
11548 2 2 0 2 4996 3308 5827
11549 2 2 0 2 3309 4997 5828
11550 2 2 0 2 5287 3877 5605
11551 2 2 0 2 3876 5286 5604
11552 2 2 0 2 3794 4818 5623
11553 2 2 0 2 4819 3795 5624
11554 2 2 0 2 3962 4911 5501
11555 2 2 0 2 4911 3629 5501
11556 2 2 0 2 3699 5007 5478
11557 2 2 0 2 3608 4780 5695
11558 2 2 0 2 4781 3609 5696
11559 2 2 0 2 4787 3888 6034
11560 2 2 0 2 3388 4787 6034
11561 2 2 0 2 4811 3320 5634
11562 2 2 0 2 4319 5417 5618
11563 2 2 0 2 5603 4007 6028
11564 2 2 0 2 5549 3346 5583
11565 2 2 0 2 3347 5550 5584
11566 2 2 0 2 4114 5549 5583
11567 2 2 0 2 5550 4113 5584
11568 2 2 0 2 4275 4961 5487
11569 2 2 0 2 3206 4740 5864
11570 2 2 0 2 3409 5325 5752
11571 2 2 0 2 5278 3861 5449
11572 2 2 0 2 3860 5277 5448
11573 2 2 0 2 3410 5282 5754
11574 2 2 0 2 5283 3411 5755
11575 2 2 0 2 5272 3484 5441
11576 2 2 0 2 3928 5064 5659
11577 2 2 0 2 5064 3700 5659
11578 2 2 0 2 3698 4858 5529
11579 2 2 0 2 4021 5013 5634
11580 2 2 0 2 3790 5069 5551
11581 2 2 0 2 5070 3791 5552
11582 2 2 0 2 5193 3382 5391
11583 2 2 0 2 4806 3823 5682
11584 2 2 0 2 4139 5419 5704
11585 2 2 0 2 3796 4916 5602
11586 2 2 0 2 5048 3238 5319
11587 2 2 0 2 3239 5049 5320
11588 2 2 0 2 4984 3815 5495
11589 2 2 0 2 5151 3333 5607
11590 2 2 0 2 4734 3386 6022
11591 2 2 0 2 3387 4735 6023
11592 2 2 0 2 4830 3525 5652
11593 2 2 0 2 3211 4866 5548
11594 2 2 0 2 5451 3263 6021
11595 2 2 0 2 4036 5135 5675
11596 2 2 0 2 5042 4024 5806
11597 2 2 0 2 5016 3529 5866
11598 2 2 0 2 3326 4804 5741
11599 2 2 0 2 5658 4163 5914
11600 2 2 0 2 5069 3790 5882
11601 2 2 0 2 3791 5070 5883
11602 2 2 0 2 3790 5072 5882
11603 2 2 0 2 5071 3791 5883
11604 2 2 0 2 5098 3783 5308
11605 2 2 0 2 5683 4220 5724
11606 2 2 0 2 3983 5683 5724
11607 2 2 0 2 3442 4765 5893
11608 2 2 0 2 4788 3206 5864
11609 2 2 0 2 3840 4788 5864
11610 2 2 0 2 5101 4081 5474
11611 2 2 0 2 5549 4114 5554
11612 2 2 0 2 4113 5550 5555
11613 2 2 0 2 3798 5549 5554
11614 2 2 0 2 5550 3799 5555
11615 2 2 0 2 4057 5012 5384
11616 2 2 0 2 4035 4745 6018
11617 2 2 0 2 4761 3610 5926
11618 2 2 0 2 3611 4762 5927
11619 2 2 0 2 4190 5196 5580
11620 2 2 0 2 5106 3880 5650
11621 2 2 0 2 4812 4002 5805
11622 2 2 0 2 4124 5482 5727
11623 2 2 0 2 5483 4123 5728
11624 2 2 0 2 5482 3876 5727
11625 2 2 0 2 3877 5483 5728
11626 2 2 0 2 3831 4776 5865
11627 2 2 0 2 4930 3430 5753
11628 2 2 0 2 3879 4930 5753
11629 2 2 0 2 4016 5851 6040
11630 2 2 0 2 3870 5009 5548
11631 2 2 0 2 5009 3211 5548
11632 2 2 0 2 3686 4829 5714
11633 2 2 0 2 3613 4759 5978
11634 2 2 0 2 4760 3614 5979
11635 2 2 0 2 5534 3841 5684
11636 2 2 0 2 5162 3690 5775
11637 2 2 0 2 3804 5258 5744
11638 2 2 0 2 4139 5534 5684
11639 2 2 0 2 3345 4843 5662
11640 2 2 0 2 4800 3652 5816
11641 2 2 0 2 3454 5074 6020
11642 2 2 0 2 4084 5476 5655
11643 2 2 0 2 5074 4031 6020
11644 2 2 0 2 5476 3849 5655
11645 2 2 0 2 4922 3619 5915
11646 2 2 0 2 4907 3448 5525
11647 2 2 0 2 3447 4906 5526
11648 2 2 0 2 5145 4438 6006
11649 2 2 0 2 4439 5144 6007
11650 2 2 0 2 3213 4978 5953
11651 2 2 0 2 4091 4803 5836
11652 2 2 0 2 4961 3244 5487
11653 2 2 0 2 3848 5616 5783
11654 2 2 0 2 5617 3847 5782
11655 2 2 0 2 4773 3237 5960
11656 2 2 0 2 5616 4203 5783
11657 2 2 0 2 4202 5617 5782
11658 2 2 0 2 5077 3796 5384
11659 2 2 0 2 3269 5546 5954
11660 2 2 0 2 5546 4236 5954
11661 2 2 0 2 4775 3261 5959
11662 2 2 0 2 4848 34 5746
11663 2 2 0 2 5660 4257 5872
11664 2 2 0 2 4258 5661 5873
11665 2 2 0 2 3866 5660 5872
11666 2 2 0 2 5661 3867 5873
11667 2 2 0 2 5758 4199 5949
11668 2 2 0 2 3677 4788 5940
11669 2 2 0 2 59 4883 5590
11670 2 2 0 2 4063 5136 5536
11671 2 2 0 2 5017 3926 5890
11672 2 2 0 2 5663 3868 5878
11673 2 2 0 2 3869 5664 5879
11674 2 2 0 2 4260 5663 5878
11675 2 2 0 2 5664 4261 5879
11676 2 2 0 2 3414 4984 5495
11677 2 2 0 2 3600 4803 5888
11678 2 2 0 2 4022 5193 5391
11679 2 2 0 2 4778 3315 6005
11680 2 2 0 2 3984 5162 5775
11681 2 2 0 2 3948 5144 5654
11682 2 2 0 2 5145 3947 5653
11683 2 2 0 2 5144 322 5654
11684 2 2 0 2 271 5145 5653
11685 2 2 0 2 3768 4944 5656
11686 2 2 0 2 5269 3450 5787
11687 2 2 0 2 3718 5347 5559
11688 2 2 0 2 5347 4206 5559
11689 2 2 0 2 3310 4813 5894
11690 2 2 0 2 4814 3311 5895
11691 2 2 0 2 3367 5463 5781
11692 2 2 0 2 3467 5428 5955
11693 2 2 0 2 5428 4155 5955
11694 2 2 0 2 5196 3332 5580
11695 2 2 0 2 3866 5104 5987
11696 2 2 0 2 5105 3867 5988
11697 2 2 0 2 3982 4848 5746
11698 2 2 0 2 4009 5376 5556
11699 2 2 0 2 5376 3535 5556
11700 2 2 0 2 3710 5190 5328
11701 2 2 0 2 4835 4037 5826
11702 2 2 0 2 3945 5460 5647
11703 2 2 0 2 3248 5162 5571
11704 2 2 0 2 5162 3984 5571
11705 2 2 0 2 5342 4070 5940
11706 2 2 0 2 4916 3224 5602
11707 2 2 0 2 6018 3454 6020
11708 2 2 0 2 4143 5247 5726
11709 2 2 0 2 5246 4144 5725
11710 2 2 0 2 5348 3719 5581
11711 2 2 0 2 5247 3437 5726
11712 2 2 0 2 3436 5246 5725
11713 2 2 0 2 4207 5348 5581
11714 2 2 0 2 4887 3836 5886
11715 2 2 0 2 3744 5122 5584
11716 2 2 0 2 5123 3745 5583
11717 2 2 0 2 3807 5094 5759
11718 2 2 0 2 5095 3808 5760
11719 2 2 0 2 3685 4991 6001
11720 2 2 0 2 5720 4137 5832
11721 2 2 0 2 4138 5721 5833
11722 2 2 0 2 3728 5113 5905
11723 2 2 0 2 5112 3729 5904
11724 2 2 0 2 4031 4821 6020
11725 2 2 0 2 4931 3301 5688
11726 2 2 0 2 3833 4931 5688
11727 2 2 0 2 3323 5143 5912
11728 2 2 0 2 5046 4233 5881
11729 2 2 0 2 5392 3430 5977
11730 2 2 0 2 4833 4123 5975
11731 2 2 0 2 5000 3406 5655
11732 2 2 0 2 3849 5000 5655
11733 2 2 0 2 3700 4934 5659
11734 2 2 0 2 5427 3770 5570
11735 2 2 0 2 4846 3654 5921
11736 2 2 0 2 3210 5182 5635
11737 2 2 0 2 4939 3247 5647
11738 2 2 0 2 4106 4837 5986
11739 2 2 0 2 3815 5051 5495
11740 2 2 0 2 3516 5017 5890
11741 2 2 0 2 3911 5142 5863
11742 2 2 0 2 4394 5204 5876
11743 2 2 0 2 5205 4395 5875
11744 2 2 0 2 5053 3998 6039
11745 2 2 0 2 3446 5053 6039
11746 2 2 0 2 3846 4930 5685
11747 2 2 0 2 5497 4038 5952
11748 2 2 0 2 3848 5022 5616
11749 2 2 0 2 5021 3847 5617
11750 2 2 0 2 5022 3228 5616
11751 2 2 0 2 3227 5021 5617
11752 2 2 0 2 5132 3232 5703
11753 2 2 0 2 3990 4864 5898
11754 2 2 0 2 4865 3991 5897
11755 2 2 0 2 3840 5758 5949
11756 2 2 0 2 3602 4838 6042
11757 2 2 0 2 3851 5315 5370
11758 2 2 0 2 4036 5675 6015
11759 2 2 0 2 4870 3349 5868
11760 2 2 0 2 3420 5025 5551
11761 2 2 0 2 5026 3421 5552
11762 2 2 0 2 5510 3245 5958
11763 2 2 0 2 4174 5510 5958
11764 2 2 0 2 3768 4983 5632
11765 2 2 0 2 5171 3780 5431
11766 2 2 0 2 5028 50 5561
11767 2 2 0 2 4033 5870 5896
11768 2 2 0 2 4220 5093 5724
11769 2 2 0 2 5398 3862 6013
11770 2 2 0 2 3863 5399 6014
11771 2 2 0 2 5093 3408 5724
11772 2 2 0 2 5870 4032 5963
11773 2 2 0 2 3214 5220 5874
11774 2 2 0 2 4851 3273 6009
11775 2 2 0 2 5155 3818 5977
11776 2 2 0 2 3207 5814 6026
11777 2 2 0 2 3374 4955 5738
11778 2 2 0 2 4956 3375 5739
11779 2 2 0 2 4955 3844 5738
11780 2 2 0 2 3845 4956 5739
11781 2 2 0 2 5126 3487 5771
11782 2 2 0 2 3486 5127 5770
11783 2 2 0 2 3357 4860 5987
11784 2 2 0 2 4861 3358 5988
11785 2 2 0 2 3942 5126 5771
11786 2 2 0 2 5127 3943 5770
11787 2 2 0 2 5007 3699 5877
11788 2 2 0 2 5315 3398 5370
11789 2 2 0 2 3933 5587 5979
11790 2 2 0 2 5586 3932 5978
11791 2 2 0 2 3854 5151 5607
11792 2 2 0 2 3495 5400 5830
11793 2 2 0 2 5401 3496 5831
11794 2 2 0 2 5400 4073 5830
11795 2 2 0 2 4074 5401 5831
11796 2 2 0 2 4024 5309 5806
11797 2 2 0 2 5309 3256 5806
11798 2 2 0 2 4867 3359 5984
11799 2 2 0 2 3360 4868 5985
11800 2 2 0 2 3610 5239 5660
11801 2 2 0 2 5240 3611 5661
11802 2 2 0 2 5239 4257 5660
11803 2 2 0 2 4258 5240 5661
11804 2 2 0 2 4874 3418 5942
11805 2 2 0 2 4884 4339 6012
11806 2 2 0 2 3313 5146 5630
11807 2 2 0 2 5078 3900 5734
11808 2 2 0 2 3466 5078 5734
11809 2 2 0 2 3344 5769 6004
11810 2 2 0 2 5769 4419 6004
11811 2 2 0 2 3314 4869 6012
11812 2 2 0 2 5125 3685 6001
11813 2 2 0 2 4260 5260 5663
11814 2 2 0 2 5261 4261 5664
11815 2 2 0 2 5260 3613 5663
11816 2 2 0 2 3614 5261 5664
11817 2 2 0 2 4922 3409 5850
11818 2 2 0 2 3673 4872 5997
11819 2 2 0 2 3832 4976 5849
11820 2 2 0 2 4878 3636 5999
11821 2 2 0 2 3637 4879 6000
11822 2 2 0 2 3844 4955 6016
11823 2 2 0 2 4956 3845 6017
11824 2 2 0 2 4886 3469 5974
11825 2 2 0 2 5318 3353 5949
11826 2 2 0 2 4151 5687 5688
11827 2 2 0 2 5687 3833 5688
11828 2 2 0 2 5157 3374 5799
11829 2 2 0 2 3375 5158 5800
11830 2 2 0 2 5150 4353 5922
11831 2 2 0 2 3406 5119 5547
11832 2 2 0 2 5013 3438 5675
11833 2 2 0 2 4364 4923 5877
11834 2 2 0 2 3353 5342 5949
11835 2 2 0 2 4942 3751 6030
11836 2 2 0 2 5277 3858 5448
11837 2 2 0 2 3859 5278 5449
11838 2 2 0 2 3215 5720 5832
11839 2 2 0 2 5721 3216 5833
11840 2 2 0 2 3419 4898 5973
11841 2 2 0 2 3207 5685 5814
11842 2 2 0 2 5133 3789 5537
11843 2 2 0 2 3748 5270 5899
11844 2 2 0 2 5271 3749 5900
11845 2 2 0 2 5136 3246 5536
11846 2 2 0 2 3464 5224 5564
11847 2 2 0 2 5224 3894 5564
11848 2 2 0 2 5232 3622 5834
11849 2 2 0 2 4239 5232 5834
11850 2 2 0 2 3771 4996 5827
11851 2 2 0 2 4997 3772 5828
11852 2 2 0 2 4139 5359 5534
11853 2 2 0 2 4125 4922 5915
11854 2 2 0 2 5359 3599 5534
11855 2 2 0 2 4888 3681 6040
11856 2 2 0 2 4107 5364 5625
11857 2 2 0 2 5364 3891 5625
11858 2 2 0 2 5443 3293 5680
11859 2 2 0 2 4010 5443 5680
11860 2 2 0 2 5297 291 5575
11861 2 2 0 2 302 5298 5576
11862 2 2 0 2 4909 3721 6032
11863 2 2 0 2 5001 3844 6016
11864 2 2 0 2 3845 5002 6017
11865 2 2 0 2 3975 5741 5922
11866 2 2 0 2 4976 3262 5849
11867 2 2 0 2 4962 3653 5889
11868 2 2 0 2 4966 4042 5874
11869 2 2 0 2 5264 4267 5801
11870 2 2 0 2 4268 5265 5802
11871 2 2 0 2 4086 5812 5838
11872 2 2 0 2 5718 3969 5952
11873 2 2 0 2 3785 5379 5636
11874 2 2 0 2 4032 5521 5963
11875 2 2 0 2 3370 5035 5854
11876 2 2 0 2 5035 3895 5854
11877 2 2 0 2 5556 3865 5574
11878 2 2 0 2 4009 5556 5574
11879 2 2 0 2 4007 5185 6028
11880 2 2 0 2 5185 3733 6028
11881 2 2 0 2 5229 3388 5514
11882 2 2 0 2 5143 3937 5912
11883 2 2 0 2 3930 5530 5926
11884 2 2 0 2 5531 3931 5927
11885 2 2 0 2 3922 5157 5799
11886 2 2 0 2 5158 3923 5800
11887 2 2 0 2 4163 5658 5869
11888 2 2 0 2 5658 3929 5869
11889 2 2 0 2 5022 3744 5765
11890 2 2 0 2 3745 5021 5766
11891 2 2 0 2 5491 3964 5697
11892 2 2 0 2 4030 5491 5697
11893 2 2 0 2 3374 5738 5799
11894 2 2 0 2 5739 3375 5800
11895 2 2 0 2 3333 5141 5607
11896 2 2 0 2 5738 4172 5799
11897 2 2 0 2 4173 5739 5800
11898 2 2 0 2 3429 5036 5846
11899 2 2 0 2 3776 5029 5781
11900 2 2 0 2 5163 329 5608
11901 2 2 0 2 264 5164 5609
11902 2 2 0 2 3249 4970 5995
11903 2 2 0 2 5717 3262 6030
11904 2 2 0 2 5814 4187 6026
11905 2 2 0 2 4435 5214 5674
11906 2 2 0 2 6010 3483 6031
11907 2 2 0 2 4346 6010 6031
11908 2 2 0 2 3858 5277 5713
11909 2 2 0 2 5065 3371 5855
11910 2 2 0 2 3896 5065 5855
11911 2 2 0 2 4967 3388 6034
11912 2 2 0 2 4293 5102 5994
11913 2 2 0 2 5103 4292 5993
11914 2 2 0 2 5378 3912 5957
11915 2 2 0 2 4506 5378 5957
11916 2 2 0 2 3938 5183 5801
11917 2 2 0 2 5184 3939 5802
11918 2 2 0 2 5515 4016 6040
11919 2 2 0 2 5183 3711 5801
11920 2 2 0 2 3712 5184 5802
11921 2 2 0 2 4070 5475 5477
11922 2 2 0 2 5475 3823 5477
11923 2 2 0 2 5182 3827 5635
11924 2 2 0 2 5558 4036 6015
11925 2 2 0 2 4151 5558 6015
11926 2 2 0 2 5933 3460 6016
11927 2 2 0 2 3461 5934 6017
11928 2 2 0 2 3362 6029 6041
11929 2 2 0 2 4003 5132 5703
11930 2 2 0 2 5094 331 5759
11931 2 2 0 2 262 5095 5760
11932 2 2 0 2 5380 4192 5522
11933 2 2 0 2 3754 5380 5522
11934 2 2 0 2 5469 3287 5909
11935 2 2 0 2 4248 5161 5816
11936 2 2 0 2 3852 5297 5575
11937 2 2 0 2 5298 3853 5576
11938 2 2 0 2 3894 5225 5662
11939 2 2 0 2 5195 3822 5749
11940 2 2 0 2 5225 3345 5662
11941 2 2 0 2 4068 5220 5615
11942 2 2 0 2 5690 3988 5761
11943 2 2 0 2 4182 5693 5932
11944 2 2 0 2 5694 4181 5931
11945 2 2 0 2 5693 3951 5932
11946 2 2 0 2 3952 5694 5931
11947 2 2 0 2 3912 5378 5962
11948 2 2 0 2 5378 4541 5962
11949 2 2 0 2 5003 3864 5983
11950 2 2 0 2 5080 4391 5995
11951 2 2 0 2 3520 5444 5961
11952 2 2 0 2 5444 4068 5961
11953 2 2 0 2 3444 5448 5842
11954 2 2 0 2 3784 5130 5756
11955 2 2 0 2 3460 5001 6016
11956 2 2 0 2 5002 3461 6017
11957 2 2 0 2 4033 5046 5881
11958 2 2 0 2 5149 3859 5958
11959 2 2 0 2 5503 3269 5954
11960 2 2 0 2 4100 5503 5954
11961 2 2 0 2 5004 3899 6041
11962 2 2 0 2 5929 4267 5933
11963 2 2 0 2 4268 5930 5934
11964 2 2 0 2 3886 5929 5933
11965 2 2 0 2 5930 3887 5934
11966 2 2 0 2 3936 5124 5966
11967 2 2 0 2 3929 5159 5869
11968 2 2 0 2 5159 3426 5869
11969 2 2 0 2 5124 3511 5966
11970 2 2 0 2 5054 4073 5899
11971 2 2 0 2 4074 5055 5900
11972 2 2 0 2 3259 5069 5882
11973 2 2 0 2 5070 3260 5883
11974 2 2 0 2 5364 57 5928
11975 2 2 0 2 3226 5142 5853
11976 2 2 0 2 5142 3911 5853
11977 2 2 0 2 5219 3870 6002
11978 2 2 0 2 5018 3901 6021
11979 2 2 0 2 3263 5018 6021
11980 2 2 0 2 5497 4085 5972
11981 2 2 0 2 5045 3936 5966
11982 2 2 0 2 4221 5081 6005
11983 2 2 0 2 3973 5167 5943
11984 2 2 0 2 5166 3974 5944
11985 2 2 0 2 356 5166 5944
11986 2 2 0 2 5167 237 5943
11987 2 2 0 2 5402 297 5600
11988 2 2 0 2 296 5402 5599
11989 2 2 0 2 3902 5089 5903
11990 2 2 0 2 5284 3967 5842
11991 2 2 0 2 3433 5150 5805
11992 2 2 0 2 5498 4203 5616
11993 2 2 0 2 4202 5499 5617
11994 2 2 0 2 3228 5498 5616
11995 2 2 0 2 5499 3227 5617
11996 2 2 0 2 3943 5725 5841
11997 2 2 0 2 5726 3942 5840
11998 2 2 0 2 5725 4144 5841
11999 2 2 0 2 4143 5726 5840
12000 2 2 0 2 3783 5098 5913
12001 2 2 0 2 3988 5589 5761
12002 2 2 0 2 3900 5078 5965
12003 2 2 0 2 5463 4108 5781
12004 2 2 0 2 5603 3927 5637
12005 2 2 0 2 4007 5603 5637
12006 2 2 0 2 4140 5681 5893
12007 2 2 0 2 5681 3442 5893
12008 2 2 0 2 5277 3389 5713
12009 2 2 0 2 5402 3909 5599
12010 2 2 0 2 3909 5402 5600
12011 2 2 0 2 4199 5318 5949
12012 2 2 0 2 5812 3970 5838
12013 2 2 0 2 5168 92 5908
12014 2 2 0 2 11 5169 5907
12015 2 2 0 2 3978 5168 5908
12016 2 2 0 2 5169 3979 5907
12017 2 2 0 2 4204 5329 5968
12018 2 2 0 2 5595 4137 5720
12019 2 2 0 2 4138 5596 5721
12020 2 2 0 2 5274 3828 5729
12021 2 2 0 2 5417 3792 5618
12022 2 2 0 2 5786 4182 5932
12023 2 2 0 2 4181 5787 5931
12024 2 2 0 2 3451 5786 5932
12025 2 2 0 2 5787 3450 5931
12026 2 2 0 2 5301 3735 5971
12027 2 2 0 2 3986 5301 5971
12028 2 2 0 2 5238 3573 5776
12029 2 2 0 2 3538 5103 5993
12030 2 2 0 2 5102 3539 5994
12031 2 2 0 2 3693 5157 5946
12032 2 2 0 2 5158 3694 5947
12033 2 2 0 2 5157 3922 5946
12034 2 2 0 2 3923 5158 5947
12035 2 2 0 2 5139 3693 5946
12036 2 2 0 2 3694 5140 5947
12037 2 2 0 2 4102 5567 5925
12038 2 2 0 2 5567 3472 5925
12039 2 2 0 2 3680 5150 5922
12040 2 2 0 2 3393 5589 5621
12041 2 2 0 2 5589 3988 5621
12042 2 2 0 2 4130 5125 6001
12043 2 2 0 2 3733 5108 6028
12044 2 2 0 2 5315 3975 5945
12045 2 2 0 2 3398 5315 5945
12046 2 2 0 2 5175 3781 5906
12047 2 2 0 2 3245 5149 5958
12048 2 2 0 2 3711 5264 5801
12049 2 2 0 2 5265 3712 5802
12050 2 2 0 2 5594 4086 5838
12051 2 2 0 2 5204 3907 5876
12052 2 2 0 2 3906 5205 5875
12053 2 2 0 2 5628 4023 5839
12054 2 2 0 2 4071 5628 5839
12055 2 2 0 2 3438 5687 6015
12056 2 2 0 2 5687 4151 6015
12057 2 2 0 2 3769 5135 6027
12058 2 2 0 2 5680 4033 5896
12059 2 2 0 2 3947 5145 6006
12060 2 2 0 2 5144 3948 6007
12061 2 2 0 2 3430 5155 5977
12062 2 2 0 2 5419 3831 5704
12063 2 2 0 2 5675 3438 6015
12064 2 2 0 2 3864 5373 5983
12065 2 2 0 2 5246 3436 5923
12066 2 2 0 2 3437 5247 5924
12067 2 2 0 2 3947 5246 5923
12068 2 2 0 2 5247 3948 5924
12069 2 2 0 2 3889 5784 5786
12070 2 2 0 2 5785 3890 5787
12071 2 2 0 2 5784 4182 5786
12072 2 2 0 2 4181 5785 5787
12073 2 2 0 2 5392 3784 5756
12074 2 2 0 2 4050 5392 5756
12075 2 2 0 2 5870 3465 5896
12076 2 2 0 2 5667 3429 5718
12077 2 2 0 2 4038 5667 5718
12078 2 2 0 2 3782 5176 6008
12079 2 2 0 2 5466 3207 6026
12080 2 2 0 2 5276 3883 5887
12081 2 2 0 2 3293 5443 5812
12082 2 2 0 2 5443 3970 5812
12083 2 2 0 2 5445 3771 5827
12084 2 2 0 2 3772 5446 5828
12085 2 2 0 2 5686 4183 5813
12086 2 2 0 2 3964 5521 5676
12087 2 2 0 2 4281 5471 6038
12088 2 2 0 2 5521 3230 5676
12089 2 2 0 2 3862 5200 6013
12090 2 2 0 2 5201 3863 6014
12091 2 2 0 2 5485 4454 6033
12092 2 2 0 2 3621 5690 5761
12093 2 2 0 2 3969 5718 5846
12094 2 2 0 2 5316 3310 5894
12095 2 2 0 2 3311 5317 5895
12096 2 2 0 2 5742 3838 5743
12097 2 2 0 2 4357 5742 5743
12098 2 2 0 2 3414 5219 6002
12099 2 2 0 2 3465 5870 5963
12100 2 2 0 2 4079 5425 6027
12101 2 2 0 2 5425 3769 6027
12102 2 2 0 2 3967 5631 5842
12103 2 2 0 2 3561 5735 5862
12104 2 2 0 2 4033 5719 5870
12105 2 2 0 2 5735 4090 5862
12106 2 2 0 2 5602 3224 5941
12107 2 2 0 2 4057 5602 5941
12108 2 2 0 2 5342 3840 5949
12109 2 2 0 2 4245 5445 5827
12110 2 2 0 2 5446 4246 5828
12111 2 2 0 2 4359 5523 6039
12112 2 2 0 2 5822 3920 5824
12113 2 2 0 2 3921 5823 5825
12114 2 2 0 2 4176 5822 5824
12115 2 2 0 2 5823 4177 5825
12116 2 2 0 2 5329 3439 5968
12117 2 2 0 2 3891 5364 5928
12118 2 2 0 2 5622 4067 5968
12119 2 2 0 2 3439 5622 5968
12120 2 2 0 2 3884 5595 5720
12121 2 2 0 2 5596 3885 5721
12122 2 2 0 2 4148 5472 5913
12123 2 2 0 2 5472 3783 5913
12124 2 2 0 2 71 5683 5901
12125 2 2 0 2 3964 5491 5963
12126 2 2 0 2 4011 5707 5752
12127 2 2 0 2 5707 4027 5752
12128 2 2 0 2 5589 3987 5761
12129 2 2 0 2 5710 4013 5754
12130 2 2 0 2 4014 5711 5755
12131 2 2 0 2 4028 5710 5754
12132 2 2 0 2 5711 4029 5755
12133 2 2 0 2 5326 3898 6029
12134 2 2 0 2 4300 5790 5792
12135 2 2 0 2 5789 4299 5791
12136 2 2 0 2 5790 3871 5792
12137 2 2 0 2 3872 5789 5791
12138 2 2 0 2 3937 5432 5912
12139 2 2 0 2 5818 3895 5820
12140 2 2 0 2 4251 5818 5820
12141 2 2 0 2 5410 3457 5986
12142 2 2 0 2 5521 3964 5963
12143 2 2 0 2 3900 5466 6026
12144 2 2 0 2 3882 5469 5909
12145 2 2 0 2 3870 5548 5997
12146 2 2 0 2 3735 5700 5971
12147 2 2 0 2 5700 4274 5971
12148 2 2 0 2 3230 5521 6038
12149 2 2 0 2 5521 4032 6038
12150 2 2 0 2 3488 5594 5838
12151 2 2 0 2 3468 5497 5952
12152 2 2 0 2 5491 3465 5963
12153 2 2 0 2 5631 3444 5842
12154 2 2 0 2 4038 5497 5972
12155 2 2 0 2 3908 5686 5813
12156 2 2 0 2 5780 3481 5857
12157 2 2 0 2 4056 5780 5857
12158 2 2 0 2 5916 4294 5917
12159 2 2 0 2 3925 5916 5917
12160 2 2 0 2 5471 3230 6038
12161 2 2 0 2 3966 5485 6033
12162 2 2 0 2 5622 3882 5909
12163 2 2 0 2 3409 5752 5850
12164 2 2 0 2 4067 5622 5909
12165 2 2 0 2 5718 3429 5846
12166 2 2 0 2 4010 5680 5896
12167 2 2 0 2 5683 3983 5901
12168 2 2 0 2 5719 4032 5870
12169 2 2 0 2 5752 4027 5850
12170 2 2 0 2 5719 4033 5881
12171 2 2 0 2 5523 3446 6039
12172 2 2 0 2 3449 5719 5881
12173 2 2 0 2 4382 5890 5998
12174 2 2 0 2 5734 3900 6026
12175 2 2 0 2 4340 5778 5939
12176 2 2 0 2 5778 3663 5939
12177 2 2 0 2 4102 5925 5941
12178 2 2 0 2 5925 4057 5941
12179 2 2 0 2 4337 5717 6030
12180 2 2 0 2 4187 5734 6026
12181 2 2 0 2 5890 3926 5998
$EndElements
