$MeshFormat
2.2 0 8
$EndMeshFormat
$Nodes
6329
1 0 0 0
2 0.1666666666666667 0 0
3 0.5 0 0
4 0.8333333333333333 0 0
5 0.9999999999999999 0 0
6 0 0.1666666666666667 0
7 0.3333333333333333 0.1666666666666667 0
8 0.6666666666666666 0.1666666666666667 0
9 1 0.1666666666666667 0
10 0.1666666666666667 0.3333333333333333 0
11 0.5 0.3333333333333333 0
12 0.8333333333333333 0.3333333333333333 0
13 0 0.5 0
14 0.3333333333333333 0.5 0
15 0.6666666666666666 0.5 0
16 1 0.5 0
17 0.1666666666666667 0.6666666666666666 0
18 0.5 0.6666666666666666 0
19 0.8333333333333333 0.6666666666666666 0
20 0 0.8333333333333333 0
21 0.3333333333333333 0.8333333333333333 0
22 0.6666666666666666 0.8333333333333333 0
23 1 0.8333333333333333 0
24 0 1 0
25 0.1666666666666667 1 0
26 0.5 1 0
27 0.8333333333333333 1 0
28 0.9999999999999999 1 0
29 0.01388888888886188 0 0
30 0.0277777777777196 0 0
31 0.04166666666656863 0 0
32 0.05555555555541675 0 0
33 0.06944444444426669 0 0
34 0.08333333333311435 0 0
35 0.09722222222203974 0 0
36 0.1111111111109642 0 0
37 0.1249999999998905 0 0
38 0.1388888888888159 0 0
39 0.1527777777777422 0 0
40 0.156250000000025 0.01041666666664165 0
41 0.1458333333333728 0.02083333333329388 0
42 0.1354166666667329 0.03124999999993374 0
43 0.1250000000000958 0.04166666666657089 0
44 0.1145833333334613 0.05208333333320534 0
45 0.1041666666668262 0.06249999999984047 0
46 0.09375000000018766 0.072916666666479 0
47 0.08333333333355253 0.08333333333311413 0
48 0.07291666666685777 0.09374999999980889 0
49 0.0625000000001657 0.104166666666501 0
50 0.05208333333347093 0.1145833333331957 0
51 0.04166666666677617 0.1249999999998905 0
52 0.03125000000008146 0.1354166666665852 0
53 0.02083333333338941 0.1458333333332772 0
54 0.01041666666669203 0.1562499999999746 0
55 0 0.152777777777818 0
56 0 0.1388888888889494 0
57 0 0.1250000000000935 0
58 0 0.1111111111112493 0
59 0 0.09722222222240065 0
60 0 0.08333333333355289 0
61 0 0.0694444444446274 0
62 0 0.05555555555570281 0
63 0 0.04166666666677644 0
64 0 0.02777777777785098 0
65 0 0.01388888888892459 0
66 0.01041666666664148 0.1770833333333081 0
67 0.02083333333329354 0.1874999999999602 0
68 0.03124999999993324 0.1979166666665999 0
69 0.04166666666657022 0.2083333333332369 0
70 0.05208333333320721 0.2187499999998739 0
71 0.06249999999984082 0.2291666666665075 0
72 0.07291666666647915 0.2395833333331458 0
73 0.08333333333311277 0.2499999999997794 0
74 0.09374999999980872 0.2604166666664754 0
75 0.1041666666664979 0.2708333333331646 0
76 0.1145833333331938 0.2812499999998605 0
77 0.1249999999998898 0.2916666666665565 0
78 0.1354166666665857 0.3020833333332524 0
79 0.1458333333332748 0.3124999999999415 0
80 0.1562499999999775 0.3229166666666442 0
81 0.1562500000000104 0.3437499999999896 0
82 0.1458333333333622 0.3541666666666378 0
83 0.1354166666667248 0.3645833333332752 0
84 0.1250000000000848 0.3749999999999152 0
85 0.1145833333334528 0.3854166666665472 0
86 0.1041666666668195 0.3958333333331804 0
87 0.09375000000017945 0.4062499999998205 0
88 0.08333333333354616 0.4166666666664538 0
89 0.07291666666685594 0.4270833333331441 0
90 0.06250000000016165 0.4374999999998384 0
91 0.05208333333346601 0.447916666666534 0
92 0.04166666666677579 0.4583333333332242 0
93 0.03125000000008016 0.4687499999999198 0
94 0.02083333333338588 0.4791666666666141 0
95 0.0104166666666943 0.4895833333333057 0
96 0 0.4855072463768502 0
97 0 0.4710144927537005 0
98 0 0.456521739130554 0
99 0 0.442028985507409 0
100 0 0.427536231884262 0
101 0 0.4130434782611123 0
102 0 0.3985507246379625 0
103 0 0.3840579710148128 0
104 0 0.3695652173916532 0
105 0 0.3550724637685062 0
106 0 0.3405797101453611 0
107 0 0.3260869565221751 0
108 0 0.3115942028989481 0
109 0 0.2971014492757201 0
110 0 0.2826086956524884 0
111 0 0.2681159420292566 0
112 0 0.2536231884060292 0
113 0 0.2391304347828129 0
114 0 0.2246376811595829 0
115 0 0.2101449275363512 0
116 0 0.1956521739131208 0
117 0 0.1811594202898937 0
118 0.01041666666662353 0.5104166666666236 0
119 0.02083333333324951 0.5208333333332495 0
120 0.03124999999986853 0.5312499999998685 0
121 0.0416666666665526 0.5416666666665526 0
122 0.05208333333322585 0.5520833333332258 0
123 0.06249999999989839 0.5624999999998984 0
124 0.07291666666658383 0.5729166666665838 0
125 0.08333333333325638 0.5833333333332563 0
126 0.09374999999995876 0.5937499999999587 0
127 0.1041666666666706 0.6041666666666705 0
128 0.1145833333333729 0.6145833333333729 0
129 0.1250000000000753 0.6250000000000753 0
130 0.1354166666667235 0.6354166666667235 0
131 0.1458333333333703 0.6458333333333702 0
132 0.1562500000000198 0.6562500000000198 0
133 0.1562500000000632 0.6770833333332701 0
134 0.1458333333334516 0.6874999999998818 0
135 0.1354166666668453 0.6979166666664879 0
136 0.1250000000002419 0.7083333333330915 0
137 0.1145833333336411 0.7187499999996922 0
138 0.1041666666670173 0.729166666666316 0
139 0.09375000000041379 0.7395833333329195 0
140 0.08333333333375745 0.7499999999995758 0
141 0.07291666666707132 0.760416666666262 0
142 0.0625000000003757 0.7708333333329576 0
143 0.05208333333368954 0.7812499999996437 0
144 0.04166666666699256 0.7916666666663407 0
145 0.03125000000024139 0.8020833333330919 0
146 0.02083333333349155 0.8124999999998417 0
147 0.01041666666674981 0.8229166666665835 0
148 0 0.8188405797101015 0
149 0 0.8043478260868698 0
150 0 0.7898550724636815 0
151 0 0.7753623188405364 0
152 0 0.7608695652173877 0
153 0 0.7463768115942332 0
154 0 0.7318840579710797 0
155 0 0.7173913043479347 0
156 0 0.7028985507248132 0
157 0 0.6884057971017454 0
158 0 0.6739130434786778 0
159 0 0.659420289855528 0
160 0 0.6449275362322888 0
161 0 0.6304347826090646 0
162 0 0.6159420289858328 0
163 0 0.6014492753626012 0
164 0 0.5869565217393694 0
165 0 0.5724637681161375 0
166 0 0.5579710144929113 0
167 0 0.543478260869689 0
168 0 0.5289855072464638 0
169 0 0.5144927536232318 0
170 0.01041666666660728 0.8437499999999405 0
171 0.02083333333326037 0.8541666666665937 0
172 0.03124999999992819 0.8645833333332614 0
173 0.04166666666658517 0.8749999999999184 0
174 0.05208333333324214 0.8854166666665755 0
175 0.06249999999986591 0.8958333333331991 0
176 0.07291666666647004 0.9062499999998033 0
177 0.08333333333307211 0.9166666666664054 0
178 0.09374999999970404 0.9270833333330374 0
179 0.1041666666663563 0.9374999999996896 0
180 0.1145833333330532 0.9479166666663865 0
181 0.1249999999997393 0.9583333333330726 0
182 0.1354166666664254 0.9687499999997587 0
183 0.1458333333331752 0.9791666666665085 0
184 0.1562499999999169 0.9895833333332502 0
185 0.152777777777818 1 0
186 0.1388888888889494 1 0
187 0.1250000000000935 1 0
188 0.1111111111112493 1 0
189 0.09722222222240065 1 0
190 0.08333333333355289 1 0
191 0.0694444444446274 1 0
192 0.05555555555570281 1 0
193 0.04166666666677644 1 0
194 0.02777777777785098 1 0
195 0.01388888888892459 1 0
196 0 0.9861111111112267 0
197 0 0.972222222222309 0
198 0 0.9583333333333985 0
199 0 0.9444444444444879 0
200 0 0.9305555555557292 0
201 0 0.9166666666669703 0
202 0 0.9027777777782116 0
203 0 0.8888888888893226 0
204 0 0.875000000000412 0
205 0 0.8611111111114653 0
206 0 0.8472222222224028 0
207 0.17708333333327 0.9895833333333967 0
208 0.1874999999999248 0.9791666666667419 0
209 0.1979166666665959 0.9687500000000708 0
210 0.2083333333332534 0.9583333333334132 0
211 0.2187499999999109 0.9479166666667557 0
212 0.2291666666665332 0.9375000000001334 0
213 0.2395833333331365 0.9270833333335301 0
214 0.2499999999997371 0.9166666666669295 0
215 0.2604166666663703 0.9062500000002964 0
216 0.2708333333330196 0.895833333333647 0
217 0.2812499999997178 0.8854166666669488 0
218 0.2916666666664051 0.8750000000002615 0
219 0.3020833333330925 0.8645833333335742 0
220 0.3124999999998395 0.8541666666668272 0
221 0.3229166666665864 0.8437500000000802 0
222 0.3437499999999553 0.8437499999999553 0
223 0.3541666666666043 0.8541666666666042 0
224 0.3645833333332696 0.8645833333332696 0
225 0.3749999999999296 0.8749999999999295 0
226 0.385416666666584 0.885416666666584 0
227 0.395833333333206 0.8958333333332059 0
228 0.4062499999998117 0.9062499999998117 0
229 0.4166666666664119 0.9166666666664119 0
230 0.4270833333330393 0.9270833333330393 0
231 0.4374999999996938 0.9374999999996938 0
232 0.4479166666663916 0.9479166666663916 0
233 0.4583333333330731 0.9583333333330731 0
234 0.4687499999997602 0.9687499999997602 0
235 0.4791666666665122 0.9791666666665122 0
236 0.489583333333248 0.989583333333248 0
237 0.4855072463768502 1 0
238 0.4710144927537005 1 0
239 0.456521739130554 1 0
240 0.442028985507409 1 0
241 0.427536231884262 1 0
242 0.4130434782611123 1 0
243 0.3985507246379625 1 0
244 0.3840579710148128 1 0
245 0.3695652173916532 1 0
246 0.3550724637685062 1 0
247 0.3405797101453611 1 0
248 0.3260869565221751 1 0
249 0.3115942028989481 1 0
250 0.2971014492757201 1 0
251 0.2826086956524884 1 0
252 0.2681159420292566 1 0
253 0.2536231884060292 1 0
254 0.2391304347828129 1 0
255 0.2246376811595829 1 0
256 0.2101449275363512 1 0
257 0.1956521739131208 1 0
258 0.1811594202898937 1 0
259 0.5104166666665854 0.9895833333334146 0
260 0.520833333333214 0.979166666666786 0
261 0.5312499999998644 0.9687500000001356 0
262 0.541666666666569 0.9583333333334308 0
263 0.5520833333332629 0.9479166666667371 0
264 0.5624999999999241 0.9375000000000759 0
265 0.5729166666665744 0.9270833333334255 0
266 0.5833333333332139 0.916666666666786 0
267 0.5937499999998535 0.9062500000001464 0
268 0.6041666666665255 0.8958333333334744 0
269 0.6145833333332302 0.8854166666667698 0
270 0.6249999999999239 0.8750000000000759 0
271 0.6354166666665636 0.8645833333334363 0
272 0.6458333333332682 0.8541666666667317 0
273 0.656249999999962 0.843750000000038 0
274 0.6770833333332357 0.8437499999999023 0
275 0.6874999999998482 0.8541666666665149 0
276 0.6979166666664823 0.864583333333149 0
277 0.7083333333331057 0.8749999999997723 0
278 0.7187499999997289 0.8854166666663955 0
279 0.7291666666663413 0.895833333333008 0
280 0.7395833333329104 0.906249999999577 0
281 0.7499999999995336 0.9166666666662003 0
282 0.7604166666661569 0.9270833333328237 0
283 0.7708333333328128 0.9374999999994795 0
284 0.7812499999995012 0.9479166666661679 0
285 0.7916666666661896 0.9583333333328563 0
286 0.8020833333329321 0.9687499999995989 0
287 0.8124999999997398 0.9791666666664065 0
288 0.8229166666665256 0.9895833333331924 0
289 0.8188405797101015 1 0
290 0.8043478260868698 1 0
291 0.7898550724636815 1 0
292 0.7753623188405364 1 0
293 0.7608695652173877 1 0
294 0.7463768115942332 1 0
295 0.7318840579710797 1 0
296 0.7173913043479347 1 0
297 0.7028985507248132 1 0
298 0.6884057971017454 1 0
299 0.6739130434786778 1 0
300 0.659420289855528 1 0
301 0.6449275362322888 1 0
302 0.6304347826090646 1 0
303 0.6159420289858328 1 0
304 0.6014492753626012 1 0
305 0.5869565217393694 1 0
306 0.5724637681161375 1 0
307 0.5579710144929113 1 0
308 0.543478260869689 1 0
309 0.5289855072464638 1 0
310 0.5144927536232318 1 0
311 0.8437499999999024 0.9895833333334308 0
312 0.8541666666665583 0.979166666666775 0
313 0.8645833333332574 0.9687500000000758 0
314 0.8749999999999349 0.9583333333333983 0
315 0.8854166666666125 0.9479166666667208 0
316 0.8958333333332249 0.9375000000001084 0
317 0.9062499999997941 0.9270833333335392 0
318 0.9166666666663631 0.9166666666669702 0
319 0.9270833333329321 0.9062500000004011 0
320 0.9374999999995446 0.8958333333337887 0
321 0.9479166666662439 0.8854166666670894 0
322 0.9583333333329214 0.8750000000004119 0
323 0.9687499999995988 0.8645833333337345 0
324 0.9791666666664065 0.8541666666669268 0
325 0.9895833333331924 0.8437500000001409 0
326 1 0.8472222222221065 0
327 1 0.8611111111110242 0
328 1 0.8749999999999347 0
329 1 0.8888888888888453 0
330 1 0.902777777777604 0
331 1 0.916666666666363 0
332 0.9999999999999999 0.9305555555551217 0
333 0.9999999999999999 0.9444444444440107 0
334 0.9999999999999999 0.9583333333329213 0
335 0.9999999999999999 0.9722222222218679 0
336 0.9999999999999999 0.9861111111109304 0
337 0.9861111111112412 1 0
338 0.9722222222224823 1 0
339 0.9583333333337236 1 0
340 0.9444444444449649 1 0
341 0.9305555555561627 1 0
342 0.9166666666672955 1 0
343 0.902777777778385 1 0
344 0.8888888888894672 1 0
345 0.8750000000005421 1 0
346 0.8611111111114653 1 0
347 0.8472222222224028 1 0
348 0.9895833333334146 0.8229166666667479 0
349 0.979166666666786 0.8125000000001192 0
350 0.9687500000001356 0.8020833333334688 0
351 0.9583333333334308 0.7916666666667642 0
352 0.9479166666667371 0.7812500000000704 0
353 0.9375000000000759 0.7708333333334092 0
354 0.9270833333334255 0.7604166666667589 0
355 0.916666666666786 0.7500000000001193 0
356 0.9062500000001464 0.7395833333334798 0
357 0.8958333333334744 0.7291666666668077 0
358 0.8854166666667698 0.718750000000103 0
359 0.8750000000000759 0.7083333333334093 0
360 0.8645833333334363 0.6979166666667697 0
361 0.8541666666667317 0.6875000000000651 0
362 0.843750000000038 0.6770833333333712 0
363 0.8437499999999023 0.6562500000000976 0
364 0.8541666666665149 0.645833333333485 0
365 0.864583333333149 0.6354166666668509 0
366 0.8749999999997723 0.6250000000002276 0
367 0.8854166666663955 0.6145833333336044 0
368 0.895833333333008 0.6041666666669919 0
369 0.906249999999577 0.5937500000004229 0
370 0.9166666666662003 0.5833333333337997 0
371 0.9270833333328237 0.5729166666671763 0
372 0.9374999999994795 0.5625000000005205 0
373 0.9479166666661679 0.5520833333338321 0
374 0.9583333333328563 0.5416666666671437 0
375 0.9687499999995989 0.5312500000004011 0
376 0.9791666666664065 0.5208333333335935 0
377 0.9895833333331924 0.5104166666668076 0
378 1 0.5144927536232318 0
379 1 0.5289855072464634 0
380 1 0.5434782608696518 0
381 1 0.5579710144927968 0
382 1 0.5724637681159456 0
383 1 0.5869565217391001 0
384 1 0.6014492753622536 0
385 1 0.6159420289853985 0
386 1 0.63043478260852 0
387 1 0.6449275362315878 0
388 1 0.6594202898546555 0
389 1 0.6739130434778052 0
390 1 0.6884057971010444 0
391 1 0.7028985507242687 0
392 1 0.7173913043475004 0
393 1 0.7318840579707321 0
394 1 0.7463768115939639 0
395 1 0.7608695652171957 0
396 1 0.7753623188404219 0
397 1 0.7898550724636443 0
398 1 0.8043478260868695 0
399 1 0.8188405797101015 0
400 0.9895833333333692 0.4895833333333692 0
401 0.9791666666667005 0.4791666666667005 0
402 0.9687500000000372 0.4687500000000372 0
403 0.9583333333333793 0.4583333333333794 0
404 0.9479166666667269 0.4479166666667269 0
405 0.937500000000107 0.437500000000107 0
406 0.9270833333335033 0.4270833333335033 0
407 0.9166666666669051 0.4166666666669052 0
408 0.9062500000002743 0.4062500000002744 0
409 0.8958333333336219 0.3958333333336219 0
410 0.8854166666669315 0.3854166666669316 0
411 0.8750000000002466 0.3750000000002466 0
412 0.8645833333335671 0.3645833333335671 0
413 0.8541666666668224 0.3541666666668225 0
414 0.8437500000000778 0.3437500000000779 0
415 0.8437499999999657 0.3229166666667009 0
416 0.8541666666666308 0.3125000000000359 0
417 0.8645833333332794 0.3020833333333871 0
418 0.8749999999999174 0.2916666666667492 0
419 0.8854166666665552 0.2812500000001114 0
420 0.8958333333331605 0.2708333333335061 0
421 0.9062499999997442 0.2604166666669224 0
422 0.9166666666663278 0.2500000000003388 0
423 0.9270833333329684 0.2395833333336982 0
424 0.9374999999996307 0.2291666666670359 0
425 0.9479166666663363 0.2187500000003303 0
426 0.9583333333330338 0.2083333333336328 0
427 0.9687499999997287 0.197916666666938 0
428 0.9791666666664884 0.1875000000001782 0
429 0.9895833333332402 0.1770833333334265 0
430 1 0.1811594202898126 0
431 1 0.1956521739129647 0
432 1 0.2101449275361279 0
433 1 0.2246376811592762 0
434 1 0.2391304347824281 0
435 1 0.2536231884055717 0
436 1 0.2681159420287158 0
437 1 0.2826086956518641 0
438 1 0.2971014492750125 0
439 1 0.3115942028981608 0
440 1 0.326086956521309 0
441 1 0.340579710144496 0
442 1 0.3550724637677215 0
443 1 0.3695652173909471 0
444 1 0.3840579710141727 0
445 1 0.3985507246373983 0
446 1 0.4130434782606281 0
447 1 0.4275362318838478 0
448 1 0.4420289855070783 0
449 1 0.4565217391303087 0
450 1 0.4710144927535364 0
451 1 0.4855072463767574 0
452 0.8472222222221354 0 0
453 0.8611111111109375 0 0
454 0.8749999999998698 0 0
455 0.8888888888888165 0 0
456 0.9027777777777776 0 0
457 0.9166666666667315 0 0
458 0.9305555555556855 0 0
459 0.9444444444446466 0 0
460 0.9583333333335933 0 0
461 0.9722222222223955 0 0
462 0.9861111111111976 0 0
463 0.9999999999999999 0.01388888888886188 0
464 0.9999999999999999 0.0277777777777196 0
465 0.9999999999999999 0.04166666666656863 0
466 0.9999999999999999 0.05555555555541675 0
467 0.9999999999999999 0.06944444444426669 0
468 0.9999999999999999 0.08333333333311435 0
469 1 0.09722222222203974 0
470 1 0.1111111111109642 0
471 1 0.1249999999998905 0
472 1 0.1388888888888159 0
473 1 0.1527777777777422 0
474 0.9895833333333965 0.1562500000000632 0
475 0.9791666666667416 0.1458333333334082 0
476 0.9687500000000703 0.1354166666667369 0
477 0.9583333333334125 0.1250000000000792 0
478 0.9479166666667576 0.1145833333334243 0
479 0.9375000000001338 0.1041666666668004 0
480 0.9270833333335302 0.09375000000019697 0
481 0.9166666666669281 0.08333333333359484 0
482 0.9062500000002962 0.07291666666696289 0
483 0.8958333333336439 0.06250000000031061 0
484 0.885416666666947 0.05208333333361365 0
485 0.8750000000002608 0.04166666666692749 0
486 0.8645833333335746 0.03125000000024139 0
487 0.8541666666668248 0.02083333333349155 0
488 0.843750000000083 0.01041666666674981 0
489 0.5144927536232318 0 0
490 0.5289855072464634 0 0
491 0.5434782608696518 0 0
492 0.5579710144927968 0 0
493 0.5724637681159456 0 0
494 0.5869565217391001 0 0
495 0.6014492753622536 0 0
496 0.6159420289853985 0 0
497 0.63043478260852 0 0
498 0.6449275362315878 0 0
499 0.6594202898546555 0 0
500 0.6739130434778052 0 0
501 0.6884057971010444 0 0
502 0.7028985507242687 0 0
503 0.7173913043475004 0 0
504 0.7318840579707321 0 0
505 0.7463768115939639 0 0
506 0.7608695652171957 0 0
507 0.7753623188404219 0 0
508 0.7898550724636443 0 0
509 0.8043478260868695 0 0
510 0.8188405797101015 0 0
511 0.8229166666667097 0.01041666666662353 0
512 0.8125000000000837 0.02083333333324951 0
513 0.8020833333334647 0.03124999999986853 0
514 0.7916666666667806 0.0416666666665526 0
515 0.7812500000001075 0.05208333333322585 0
516 0.7708333333334348 0.06249999999989839 0
517 0.7604166666667495 0.07291666666658383 0
518 0.7500000000000769 0.08333333333325638 0
519 0.7395833333333746 0.09374999999995876 0
520 0.7291666666666627 0.1041666666666706 0
521 0.7187499999999604 0.1145833333333729 0
522 0.708333333333258 0.1250000000000753 0
523 0.6979166666666098 0.1354166666667235 0
524 0.687499999999963 0.1458333333333703 0
525 0.6770833333333135 0.1562500000000198 0
526 0.6562500000000632 0.1562500000000632 0
527 0.6458333333334515 0.1458333333334516 0
528 0.6354166666668454 0.1354166666668453 0
529 0.6250000000002418 0.1250000000002419 0
530 0.614583333333641 0.1145833333336411 0
531 0.6041666666670172 0.1041666666670173 0
532 0.5937500000004138 0.09375000000041379 0
533 0.5833333333337575 0.08333333333375745 0
534 0.5729166666670713 0.07291666666707132 0
535 0.5625000000003757 0.0625000000003757 0
536 0.5520833333336895 0.05208333333368954 0
537 0.5416666666669926 0.04166666666699256 0
538 0.5312500000002414 0.03125000000024139 0
539 0.5208333333334916 0.02083333333349155 0
540 0.5104166666667498 0.01041666666674981 0
541 0.1811594202898126 0 0
542 0.1956521739129647 0 0
543 0.2101449275361279 0 0
544 0.2246376811592762 0 0
545 0.2391304347824281 0 0
546 0.2536231884055717 0 0
547 0.2681159420287158 0 0
548 0.2826086956518641 0 0
549 0.2971014492750125 0 0
550 0.3115942028981608 0 0
551 0.326086956521309 0 0
552 0.340579710144496 0 0
553 0.3550724637677215 0 0
554 0.3695652173909471 0 0
555 0.3840579710141727 0 0
556 0.3985507246373983 0 0
557 0.4130434782606281 0 0
558 0.4275362318838478 0 0
559 0.4420289855070783 0 0
560 0.4565217391303087 0 0
561 0.4710144927535364 0 0
562 0.4855072463767574 0 0
563 0.4895833333333311 0.01041666666666893 0
564 0.4791666666666651 0.02083333333333488 0
565 0.4687500000000333 0.03124999999996677 0
566 0.4583333333333959 0.04166666666660408 0
567 0.447916666666764 0.052083333333236 0
568 0.4375000000001328 0.06249999999986723 0
569 0.4270833333334941 0.07291666666650592 0
570 0.4166666666668628 0.08333333333313715 0
571 0.4062500000001693 0.09374999999983075 0
572 0.395833333333477 0.104166666666523 0
573 0.3854166666667889 0.1145833333332111 0
574 0.3750000000000953 0.1249999999999047 0
575 0.3645833333334071 0.1354166666665929 0
576 0.3541666666667204 0.1458333333332796 0
577 0.3437500000000201 0.1562499999999799 0
578 0.3229166666666665 0.1562499999999998 0
579 0.3125000000000023 0.1458333333333356 0
580 0.3020833333333816 0.1354166666667149 0
581 0.2916666666667635 0.1250000000000968 0
582 0.2812500000001482 0.1145833333334815 0
583 0.2708333333335314 0.1041666666668648 0
584 0.2604166666669134 0.09375000000024675 0
585 0.2500000000002967 0.08333333333363005 0
586 0.2395833333335933 0.07291666666692664 0
587 0.2291666666668912 0.06250000000022456 0
588 0.2187500000001878 0.05208333333352114 0
589 0.2083333333334817 0.04166666666681504 0
590 0.1979166666667783 0.03125000000011161 0
591 0.1875000000000762 0.02083333333340956 0
592 0.1770833333333687 0.01041666666670207 0
593 0.3229166666666666 0.1770833333333333 0
594 0.3125000000000027 0.1874999999999973 0
595 0.3020833333333821 0.1979166666666179 0
596 0.2916666666667642 0.2083333333332358 0
597 0.2812500000001463 0.2187499999998536 0
598 0.2708333333335312 0.2291666666664688 0
599 0.2604166666669133 0.2395833333330867 0
600 0.2500000000002982 0.2499999999997018 0
601 0.2395833333335936 0.2604166666664064 0
602 0.2291666666668943 0.2708333333331057 0
603 0.2187500000001897 0.2812499999998103 0
604 0.2083333333334823 0.2916666666665176 0
605 0.1979166666667777 0.3020833333332222 0
606 0.1875000000000785 0.3124999999999214 0
607 0.1770833333333658 0.3229166666666342 0
608 0.6562500000000633 0.17708333333327 0
609 0.6458333333334518 0.1874999999998814 0
610 0.6354166666668458 0.1979166666664875 0
611 0.6250000000002425 0.2083333333330908 0
612 0.6145833333336392 0.2187499999996941 0
613 0.6041666666670169 0.2291666666663164 0
614 0.5937500000004137 0.2395833333329197 0
615 0.5833333333337588 0.2499999999995745 0
616 0.5729166666670714 0.2604166666662618 0
617 0.5625000000003787 0.2708333333329546 0
618 0.5520833333336914 0.2812499999996419 0
619 0.5416666666669933 0.2916666666663401 0
620 0.5312500000002409 0.3020833333330925 0
621 0.5208333333334939 0.3124999999998394 0
622 0.510416666666747 0.3229166666665864 0
623 0.4895833333333059 0.3229166666666392 0
624 0.479166666666628 0.3124999999999614 0
625 0.4687500000000152 0.3020833333333485 0
626 0.458333333333397 0.2916666666667304 0
627 0.4479166666667842 0.2812500000001176 0
628 0.4375000000001714 0.2708333333335047 0
629 0.4270833333335532 0.2604166666668866 0
630 0.4166666666669404 0.2500000000002738 0
631 0.4062500000002381 0.2395833333335715 0
632 0.3958333333335359 0.2291666666668692 0
633 0.385416666666839 0.2187500000001724 0
634 0.3750000000001341 0.2083333333334674 0
635 0.3645833333334373 0.1979166666667706 0
636 0.3541666666667405 0.1875000000000738 0
637 0.3437500000000301 0.1770833333333635 0
638 0.8229166666666845 0.3229166666666846 0
639 0.8125000000000466 0.3125000000000467 0
640 0.8020833333334467 0.3020833333334468 0
641 0.7916666666667818 0.2916666666667818 0
642 0.7812500000001277 0.2812500000001277 0
643 0.7708333333334736 0.2708333333334736 0
644 0.7604166666668086 0.2604166666668086 0
645 0.7500000000001545 0.2500000000001545 0
646 0.7395833333334434 0.2395833333334435 0
647 0.7291666666667216 0.2291666666667216 0
648 0.7187500000000105 0.2187500000000106 0
649 0.7083333333332968 0.2083333333332968 0
650 0.6979166666666399 0.19791666666664 0
651 0.6874999999999831 0.1874999999999831 0
652 0.6770833333333235 0.1770833333333235 0
653 0.8229166666667479 0.6562500000000813 0
654 0.8125000000001625 0.6458333333334959 0
655 0.8020833333335772 0.6354166666669105 0
656 0.7916666666669268 0.6250000000002601 0
657 0.7812500000002872 0.6145833333336206 0
658 0.770833333333626 0.6041666666669594 0
659 0.7604166666669756 0.593750000000309 0
660 0.7500000000002819 0.5833333333336153 0
661 0.7395833333335882 0.5729166666669215 0
662 0.7291666666668727 0.5625000000002061 0
663 0.718750000000179 0.5520833333335123 0
664 0.7083333333334744 0.5416666666668077 0
665 0.6979166666667698 0.531250000000103 0
666 0.6875000000000651 0.5208333333333984 0
667 0.6770833333333712 0.5104166666667047 0
668 0.6770833333332974 0.4895833333333692 0
669 0.6874999999999227 0.4791666666667439 0
670 0.697916666666521 0.4687500000001457 0
671 0.7083333333331246 0.458333333333542 0
672 0.7187499999997229 0.4479166666669437 0
673 0.7291666666663428 0.4375000000003238 0
674 0.7395833333329465 0.4270833333337202 0
675 0.7499999999995989 0.4166666666670677 0
676 0.7604166666662838 0.4062500000003827 0
677 0.7708333333329797 0.395833333333687 0
678 0.7812499999996592 0.3854166666670075 0
679 0.7916666666663549 0.3750000000003116 0
680 0.8020833333330994 0.3645833333335671 0
681 0.8124999999998441 0.3541666666668225 0
682 0.8229166666665887 0.3437500000000779 0
683 0.3437499999999715 0.8229166666666951 0
684 0.3541666666665935 0.8125000000000732 0
685 0.36458333333321 0.8020833333334566 0
686 0.374999999999897 0.7916666666667695 0
687 0.3854166666665678 0.7812500000000988 0
688 0.3958333333332384 0.7708333333334282 0
689 0.4062499999999254 0.7604166666667411 0
690 0.4166666666665962 0.7500000000000704 0
691 0.427083333333294 0.7395833333333726 0
692 0.4375000000000081 0.7291666666666585 0
693 0.4479166666667113 0.7187499999999553 0
694 0.4583333333334091 0.7083333333332575 0
695 0.4687500000000582 0.6979166666666083 0
696 0.4791666666667073 0.6874999999999594 0
697 0.4895833333333509 0.6770833333333157 0
698 0.5104166666665854 0.677083333333252 0
699 0.5208333333331707 0.6874999999998374 0
700 0.5312499999997561 0.6979166666664227 0
701 0.5416666666664065 0.7083333333330731 0
702 0.552083333333046 0.7187499999997127 0
703 0.5624999999997072 0.7291666666663739 0
704 0.5729166666663577 0.7395833333330243 0
705 0.5833333333330514 0.749999999999718 0
706 0.5937499999997451 0.7604166666664117 0
707 0.6041666666664606 0.7708333333331272 0
708 0.6145833333331543 0.7812499999998209 0
709 0.6249999999998589 0.7916666666665255 0
710 0.6354166666665635 0.8020833333332302 0
711 0.6458333333332682 0.8124999999999348 0
712 0.656249999999962 0.8229166666666285 0
713 0.17708333333327 0.67708333333327 0
714 0.1874999999998814 0.6874999999998814 0
715 0.1979166666664875 0.6979166666664874 0
716 0.2083333333330908 0.7083333333330908 0
717 0.2187499999996941 0.718749999999694 0
718 0.2291666666663164 0.7291666666663164 0
719 0.2395833333329197 0.7395833333329196 0
720 0.2499999999995745 0.7499999999995745 0
721 0.2604166666662618 0.7604166666662618 0
722 0.2708333333329546 0.7708333333329546 0
723 0.2812499999996419 0.7812499999996418 0
724 0.2916666666663401 0.79166666666634 0
725 0.3020833333330925 0.8020833333330923 0
726 0.3124999999998394 0.8124999999998394 0
727 0.3229166666665864 0.8229166666665862 0
728 0.677083333333252 0.8229166666667479 0
729 0.6874999999998374 0.8125000000001625 0
730 0.6979166666664227 0.8020833333335772 0
731 0.7083333333330731 0.7916666666669268 0
732 0.7187499999997127 0.7812500000002872 0
733 0.7291666666663739 0.770833333333626 0
734 0.7395833333330243 0.7604166666669756 0
735 0.749999999999718 0.7500000000002819 0
736 0.7604166666664117 0.7395833333335882 0
737 0.7708333333331272 0.7291666666668727 0
738 0.7812499999998209 0.718750000000179 0
739 0.7916666666665255 0.7083333333334744 0
740 0.8020833333332302 0.6979166666667698 0
741 0.8124999999999348 0.6875000000000651 0
742 0.8229166666666285 0.6770833333333712 0
743 0.5104166666665854 0.6562500000000813 0
744 0.5208333333331707 0.6458333333334959 0
745 0.5312499999997561 0.6354166666669105 0
746 0.5416666666664065 0.6250000000002601 0
747 0.552083333333046 0.6145833333336206 0
748 0.5624999999997072 0.6041666666669594 0
749 0.5729166666663577 0.593750000000309 0
750 0.5833333333330514 0.5833333333336153 0
751 0.5937499999997451 0.5729166666669215 0
752 0.6041666666664606 0.5625000000002061 0
753 0.6145833333331543 0.5520833333335123 0
754 0.6249999999998589 0.5416666666668077 0
755 0.6354166666665635 0.531250000000103 0
756 0.6458333333332682 0.5208333333333984 0
757 0.656249999999962 0.5104166666667047 0
758 0.17708333333327 0.6562500000000633 0
759 0.1874999999998814 0.6458333333334518 0
760 0.1979166666664875 0.6354166666668458 0
761 0.2083333333330908 0.6250000000002425 0
762 0.2187499999996941 0.6145833333336392 0
763 0.2291666666663164 0.6041666666670169 0
764 0.2395833333329197 0.5937500000004137 0
765 0.2499999999995745 0.5833333333337588 0
766 0.2604166666662618 0.5729166666670714 0
767 0.2708333333329546 0.5625000000003787 0
768 0.2812499999996419 0.5520833333336914 0
769 0.2916666666663401 0.5416666666669933 0
770 0.3020833333330925 0.5312500000002409 0
771 0.3124999999998394 0.5208333333334939 0
772 0.3229166666665864 0.510416666666747 0
773 0.3437499999999715 0.5104166666666382 0
774 0.3541666666665935 0.5208333333332601 0
775 0.36458333333321 0.5312499999998767 0
776 0.374999999999897 0.5416666666665637 0
777 0.3854166666665678 0.5520833333332344 0
778 0.3958333333332384 0.5624999999999051 0
779 0.4062499999999254 0.5729166666665921 0
780 0.4166666666665962 0.5833333333332629 0
781 0.427083333333294 0.5937499999999607 0
782 0.4375000000000081 0.6041666666666747 0
783 0.4479166666667113 0.614583333333378 0
784 0.4583333333334091 0.6250000000000757 0
785 0.4687500000000582 0.6354166666667249 0
786 0.4791666666667073 0.6458333333333739 0
787 0.4895833333333509 0.6562500000000175 0
788 0.1770833333333228 0.3437499999999895 0
789 0.1874999999999709 0.3541666666666375 0
790 0.1979166666666081 0.3645833333332748 0
791 0.208333333333248 0.3749999999999147 0
792 0.2187499999998825 0.3854166666665492 0
793 0.2291666666665143 0.3958333333331809 0
794 0.2395833333331542 0.4062499999998208 0
795 0.2499999999997859 0.4166666666664526 0
796 0.2604166666664773 0.427083333333144 0
797 0.2708333333331687 0.4374999999998354 0
798 0.2812499999998656 0.4479166666665322 0
799 0.2916666666665569 0.4583333333332236 0
800 0.3020833333332538 0.4687499999999204 0
801 0.3124999999999452 0.4791666666666118 0
802 0.3229166666666419 0.4895833333333086 0
803 0.4895833333333164 0.3437500000000169 0
804 0.4791666666666544 0.3541666666666789 0
805 0.468750000000025 0.3645833333333083 0
806 0.4583333333333847 0.3749999999999486 0
807 0.4479166666667553 0.385416666666578 0
808 0.437500000000126 0.3958333333332074 0
809 0.4270833333334857 0.4062499999998476 0
810 0.4166666666668564 0.4166666666664769 0
811 0.4062500000001673 0.427083333333166 0
812 0.3958333333334729 0.4374999999998604 0
813 0.3854166666667839 0.4479166666665495 0
814 0.3750000000000948 0.4583333333332384 0
815 0.3645833333334058 0.4687499999999275 0
816 0.3541666666667168 0.4791666666666166 0
817 0.3437500000000223 0.4895833333333109 0
818 0.5104166666666382 0.3437499999999715 0
819 0.5208333333332601 0.3541666666665935 0
820 0.5312499999998767 0.36458333333321 0
821 0.5416666666665637 0.374999999999897 0
822 0.5520833333332344 0.3854166666665678 0
823 0.5624999999999051 0.3958333333332384 0
824 0.5729166666665921 0.4062499999999254 0
825 0.5833333333332629 0.4166666666665962 0
826 0.5937499999999607 0.427083333333294 0
827 0.6041666666666747 0.4375000000000081 0
828 0.614583333333378 0.4479166666667113 0
829 0.6250000000000757 0.4583333333334091 0
830 0.6354166666667249 0.4687500000000582 0
831 0.6458333333333739 0.4791666666667073 0
832 0.6562500000000175 0.4895833333333509 0
833 0.0486111111109927 0.04861111111095806 0
834 0.08008338015135999 0.03576372869490597 0
835 0.03564523265554293 0.07972763244045029 0
836 0.02847222222214521 0.02847222222214193 0
837 0.1062599133518878 0.02631533418951996 0
838 0.02631533418944752 0.1062599133519594 0
839 0.05415956035713067 0.02307424128828675 0
840 0.02518534470063229 0.05824185734900079 0
841 0.07239752158699589 0.05941848147359056 0
842 0.0576423504874858 0.07689308959002236 0
843 0.07377925788626248 0.01522723816533137 0
844 0.01522723816531877 0.07377925788646472 0
845 0.0187548445531313 0.1217371958031302 0
846 0.1217371958031009 0.01875484455314683 0
847 0.1003297306642635 0.04134717154848568 0
848 0.0406888629890941 0.0988821295127519 0
849 0.04170786866668767 0.01798880426017611 0
850 0.01840300100889789 0.04233457275905149 0
851 0.06487240713425026 0.04160384893092503 0
852 0.04160384893097523 0.06487240713424089 0
853 0.01699368353305494 0.01699368353304873 0
854 0.08832557590592441 0.05811311830977674 0
855 0.0945982857243083 0.01700480703935892 0
856 0.01700480703932757 0.09459828572445524 0
857 0.04344389650360773 0.03317799030637282 0
858 0.03294053649178605 0.04478684895935032 0
859 0.05730941310643108 0.06461035173190592 0
860 0.07203542170918642 0.07393971125777128 0
861 0.05670522271430256 0.09275616922156833 0
862 0.01199523105732874 0.06250000000016509 0
863 0.06244839142645495 0.01292067351245486 0
864 0.1129566436759681 0.0380988694563944 0
865 0.0404699777236607 0.1116430813017187 0
866 0.02958606024934119 0.01223486621562469 0
867 0.01257613221923439 0.02964706680613956 0
868 0.01260003461525803 0.1334861785896632 0
869 0.133486178589615 0.01260003461526436 0
870 0.01176791964660052 0.1073080544073809 0
871 0.107308054407169 0.0117679196466298 0
872 0.02924857674289921 0.09228720240368692 0
873 0.09202792640802707 0.03154785293211898 0
874 0.06840903149624245 0.0275883742816458 0
875 0.02723437258938641 0.0704224366894106 0
876 0.07726214594957631 0.04825431665790141 0
877 0.1454472357179142 0.008770006923039978 0
878 0.008770006923067893 0.1454472357179365 0
879 0.08227618444375341 0.06837051297110483 0
880 0.03169136462661942 0.1200113714246568 0
881 0.1205467574606616 0.03093919705141763 0
882 0.04624207109974662 0.07562182669743504 0
883 0.01111671535337179 0.05205973046613932 0
884 0.05122677723392578 0.01051387825238071 0
885 0.05477208017290412 0.03613471399732381 0
886 0.06662179539632183 0.08410527723575499 0
887 0.03762382497656259 0.05411923239016192 0
888 0.04460578934207934 0.0870216198882019 0
889 0.06303728558553733 0.05260514360838019 0
890 0.1180555555554274 0.008303131320078039 0
891 0.008303131320027449 0.1180555555556714 0
892 0.009478823844967274 0.00947882384498863 0
893 0.0894807713647417 0.04470929084120856 0
894 0.09885586910929894 0.05322955690406257 0
895 0.05182133691595316 0.1039046702489832 0
896 0.007383707668700131 0.02083333333338779 0
897 0.02083333333329074 0.007383707668679788 0
898 0.08360296899949962 0.01017496646220856 0
899 0.01017496646213581 0.08360296899977761 0
900 0.08229508876667198 0.02356244183665052 0
901 0.02242253227576845 0.08240296402404089 0
902 0.06885441417363465 0.3331096716027254 0
903 0.04904169593519837 0.2851001917115904 0
904 0.04983497585964405 0.3809301441132075 0
905 0.1085303512909828 0.3325706365042066 0
906 0.03656912298148076 0.2553773421400344 0
907 0.03656912298134066 0.4112893245270429 0
908 0.03852605433029414 0.3170721076735475 0
909 0.08234738618624707 0.3008600757975886 0
910 0.08154604542859017 0.366531227007872 0
911 0.03263072983412504 0.3521072688556459 0
912 0.02533247566069104 0.2280657702629078 0
913 0.02533247566061872 0.4386008964039168 0
914 0.06077577497213174 0.4039468495473013 0
915 0.06104288189495924 0.2630483514712501 0
916 0.02508145766097022 0.2778425712299868 0
917 0.02534454514870116 0.3896737812522639 0
918 0.05718131314477979 0.3555477290059426 0
919 0.05908534111108107 0.3111238832423502 0
920 0.1089932581882862 0.3568491467253467 0
921 0.10680689771968 0.3086150921036749 0
922 0.1331571731074815 0.3351121734927245 0
923 0.02357547215734717 0.3005476231428362 0
924 0.07849685185500734 0.2777401305405395 0
925 0.0789642047988332 0.3896192413869883 0
926 0.08751259129820023 0.3231653743643931 0
927 0.0872481027240935 0.3441281370401321 0
928 0.02132971150691394 0.3352121154594557 0
929 0.04815715014203539 0.3364092094447576 0
930 0.02113907274901836 0.36940937914542 0
931 0.017493790269018 0.2432531275157541 0
932 0.017493790268951 0.4234135391512442 0
933 0.04170464991174742 0.2334445643382568 0
934 0.04170464991160164 0.4332221023285763 0
935 0.1241198067532776 0.3483325662816212 0
936 0.1245617218466164 0.3163625921424978 0
937 0.0185671902701622 0.2114468895944223 0
938 0.01856719027015371 0.4552197770723166 0
939 0.1008304112438149 0.3816440435331508 0
940 0.1007639269043758 0.285093418915961 0
941 0.0395981025981048 0.301853232969656 0
942 0.06532951770674771 0.3721871290471506 0
943 0.04220253671339658 0.2696836934718009 0
944 0.04112137935892465 0.3958155709730838 0
945 0.06880937327936666 0.2902885810304121 0
946 0.01649953116477436 0.3145447390930553 0
947 0.05816644266443664 0.4183703621189325 0
948 0.05819824110775079 0.2483354157803671 0
949 0.01666043142588836 0.2653259409575459 0
950 0.01649920543427235 0.4020174291370316 0
951 0.07379622211181446 0.3524378039888867 0
952 0.03568402720063944 0.3671494699505999 0
953 0.07499476898795807 0.3144139736339399 0
954 0.01386058314230297 0.3522999615545367 0
955 0.06290541170731123 0.3880597745092562 0
956 0.01391814859453661 0.2888609087846656 0
957 0.07488324256098182 0.2634149707206233 0
958 0.07342640658382649 0.4020874014465956 0
959 0.03502731252342127 0.2891023177885337 0
960 0.06173274510401003 0.2780783607541641 0
961 0.05059122576275456 0.3229075622865342 0
962 0.03396193142393694 0.3389082755979305 0
963 0.03824379828630262 0.4451565234483482 0
964 0.0382437982861538 0.2215101432181271 0
965 0.1106882427480616 0.2949806091594462 0
966 0.1114292975418502 0.3714632462136041 0
967 0.01205316552871877 0.2318840579711978 0
968 0.01205316552863426 0.4347826086958356 0
969 0.01345521969271537 0.3789997846688727 0
970 0.01324864849387675 0.1985110758019936 0
971 0.01324864849389062 0.46815559086473 0
972 0.09268906342358522 0.3106658469662359 0
973 0.1473886896803079 0.3335451000189832 0
974 0.008841367359871545 0.1884057971015072 0
975 0.008841367359723981 0.4782608695652753 0
976 0.1017940047497613 0.3448685311004111 0
977 0.1009779041487944 0.321734976086726 0
978 0.1195755770076272 0.3047957741476275 0
979 0.120620541084717 0.3630347858336859 0
980 0.03638625559600637 0.3818481759000908 0
981 0.04537622071116561 0.3513432167594263 0
982 0.09176549866977206 0.3907678980690246 0
983 0.09176549866976615 0.2758987685974821 0
984 0.09279277725924001 0.3564796024066806 0
985 0.0491095003301041 0.4072829819849864 0
986 0.04927902935890219 0.2591033669103383 0
987 0.03182336696778876 0.2436679288502094 0
988 0.03182336696766884 0.4229987378167612 0
989 0.03028571582161934 0.2669904507083248 0
990 0.02925083637457748 0.4017010323491566 0
991 0.06090965045613164 0.3432871010199712 0
992 0.0818477664998763 0.3335417816119227 0
993 0.01113200753627904 0.2765508117307887 0
994 0.05181150570306132 0.3655648955339635 0
995 0.01070936003423805 0.3034202539198396 0
996 0.09465178678528474 0.3333349061179652 0
997 0.06979620212032578 0.2525907471201927 0
998 0.06954538192840547 0.4139621125585234 0
999 0.1371781159283732 0.3460795725682102 0
1000 0.136915916558809 0.3212537903526593 0
1001 0.05550481688618029 0.3006371619339091 0
1002 0.06456128050783569 0.3231695408183537 0
1003 0.1221421442639017 0.3313119907195874 0
1004 0.01107214471108355 0.3631758464070027 0
1005 0.08777188090110023 0.3791306284458064 0
1006 0.08598204934881117 0.2882010440482443 0
1007 0.06883808422280951 0.3040211161673615 0
1008 0.03090978692029358 0.4533546199924308 0
1009 0.03090978692022351 0.2133120466741343 0
1010 0.01105979405513778 0.3906599381421887 0
1011 0.02826898444837906 0.3117234350901876 0
1012 0.09654626105512681 0.2980693478318585 0
1013 0.0111905662919144 0.2212358653048924 0
1014 0.01119056629188134 0.4454308013620064 0
1015 0.01143792803827418 0.3275528917757936 0
1016 0.05355862838848716 0.3945595836688744 0
1017 0.09786988552340924 0.368305563482144 0
1018 0.113115913049242 0.3427865742662346 0
1019 0.02718873874539669 0.3249402418295675 0
1020 0.01126162174857384 0.3412588147883745 0
1021 0.1137634656620514 0.3199452888389528 0
1022 0.04816895925580786 0.3110700599204085 0
1023 0.07494492922080501 0.3790352413316267 0
1024 0.02333170759642432 0.3585117986654144 0
1025 0.05319573984030057 0.2712249330062389 0
1026 0.02635476196059028 0.3782987702088885 0
1027 0.02390570297036635 0.2548696698080938 0
1028 0.02370635206385959 0.4122472501619306 0
1029 0.02272938087537951 0.3463830391535596 0
1030 0.06652013821482805 0.3610876863821729 0
1031 0.04535587104255899 0.2460285632893361 0
1032 0.04507755564990455 0.4203459876554576 0
1033 0.01060179035640285 0.2546032286766945 0
1034 0.01060179035634719 0.4120634379903481 0
1035 0.05829980375776747 0.3319939626112164 0
1036 0.03968502008088355 0.3280474793664675 0
1037 0.07555416429350098 0.325480068406267 0
1038 0.08485146486084837 0.4002767138356602 0
1039 0.08521092600386625 0.2667743438142202 0
1040 0.05456081592768405 0.2362427617168111 0
1041 0.05456081592731726 0.4304239049503041 0
1042 0.02440059773406882 0.2890883552365056 0
1043 0.0745312311931101 0.3413008990527276 0
1044 0.06903893035373959 0.2705704533716442 0
1045 0.03582623677970996 0.2787968531986166 0
1046 0.06885337123681588 0.6673028158276028 0
1047 0.04983497585985525 0.619069855887279 0
1048 0.04904169593496394 0.7148998082889602 0
1049 0.1085303512909687 0.6659039698375404 0
1050 0.03656912298148303 0.5887106754733656 0
1051 0.03656912298133548 0.7446226578603774 0
1052 0.03852605433022667 0.6829278923269505 0
1053 0.08153703366148571 0.6336206930072102 0
1054 0.0823515441117359 0.6993179250160335 0
1055 0.03263072983420441 0.6478927311448073 0
1056 0.02533247566069105 0.5613991035962396 0
1057 0.02533247566064749 0.7719342297371323 0
1058 0.06104288189484237 0.7369516485292069 0
1059 0.0607757749722953 0.5960531504531393 0
1060 0.02508145766084448 0.7221574287704985 0
1061 0.02534454514881956 0.6103262187482295 0
1062 0.05718131314498726 0.6444522709946929 0
1063 0.0592285581133386 0.6887086116004444 0
1064 0.108993258188348 0.6901824800586333 0
1065 0.1068068977196723 0.6419484254369995 0
1066 0.1331571731074604 0.6684455068260575 0
1067 0.02357547215729563 0.699452376857658 0
1068 0.0789642047990407 0.6103807586133988 0
1069 0.07849685185468762 0.7222598694599803 0
1070 0.08738826085895554 0.6565386010715761 0
1071 0.08737100413366751 0.6775067506638766 0
1072 0.02132971150694381 0.6647878845409827 0
1073 0.04815715014206608 0.6635907905558044 0
1074 0.02113907274906381 0.6305906208550895 0
1075 0.01749379026901834 0.5765864608490849 0
1076 0.01749379026894142 0.756746872484497 0
1077 0.04170464991174809 0.5667778976715909 0
1078 0.04170464991162725 0.7665554356618287 0
1079 0.1241198067533088 0.681665899614923 0
1080 0.1245617218466214 0.6496959254758519 0
1081 0.01856719027015217 0.544780222927744 0
1082 0.01856719027021269 0.788553110405506 0
1083 0.100830411243979 0.7149773768663478 0
1084 0.1007639269044922 0.6184267522494101 0
1085 0.03959810259796183 0.6981467670308469 0
1086 0.06552758995353289 0.6280574203254922 0
1087 0.04112137935908994 0.6041844290273807 0
1088 0.04220253671322598 0.7303163065286866 0
1089 0.06874958114135897 0.7097650983352498 0
1090 0.01649953116475143 0.6854552609074527 0
1091 0.07423199313937023 0.6479507873128959 0
1092 0.05819824110765127 0.7516645842199362 0
1093 0.05816644266459794 0.5816296378813957 0
1094 0.016499205434344 0.5979825708634056 0
1095 0.01666043142579849 0.7346740590428564 0
1096 0.03568402720078186 0.6328505300498934 0
1097 0.01386058314235747 0.6477000384460445 0
1098 0.0747808726406172 0.6861064229915251 0
1099 0.0629054117075918 0.6119402254912212 0
1100 0.01391814859449631 0.7111390912158053 0
1101 0.07342640658400756 0.597912598553604 0
1102 0.07488324256078824 0.7365850292795015 0
1103 0.03502731252318425 0.7108976822118764 0
1104 0.06173274510354574 0.7219216392464082 0
1105 0.05061168533445535 0.6770685084057873 0
1106 0.03396193142397605 0.6610917244025534 0
1107 0.03824379828646608 0.7784898567814587 0
1108 0.0382437982861575 0.5548434765514569 0
1109 0.110688242748165 0.6283139424928822 0
1110 0.1114292975419974 0.7047965795468125 0
1111 0.01205316552871882 0.565217391304525 0
1112 0.01205316552865427 0.7681159420289621 0
1113 0.01345521969278753 0.6210002153316799 0
1114 0.01324864849386089 0.5318444091353105 0
1115 0.01324864849395391 0.8014889241979126 0
1116 0.09254472168781583 0.6439711749930914 0
1117 0.1473886896803085 0.6668784333523152 0
1118 0.008841367359895156 0.5217391304348483 0
1119 0.008841367359777809 0.8115942028984852 0
1120 0.1018086358699502 0.6782072549445047 0
1121 0.1009331254529474 0.655070290764622 0
1122 0.1195755770076957 0.6381291074810219 0
1123 0.1206205410848182 0.6963681191669373 0
1124 0.03638625559623158 0.6181518241003081 0
1125 0.04537622071127358 0.648656783241132 0
1126 0.09176549866987242 0.7241012314021973 0
1127 0.09176549866985709 0.609232101930964 0
1128 0.09295669577471177 0.6897992725720768 0
1129 0.04927902935873456 0.740896633090119 0
1130 0.04910950033027767 0.5927170180154375 0
1131 0.03182336696778904 0.5770012621835414 0
1132 0.03182336696767525 0.7563320711500501 0
1133 0.03028571582149904 0.7330095492921112 0
1134 0.0292508363747057 0.5982989676513001 0
1135 0.06109136059403206 0.656908153736158 0
1136 0.08184631156863807 0.6670533542570851 0
1137 0.01113200753622786 0.723449188269635 0
1138 0.05185813388793517 0.6344724314934507 0
1139 0.01070936003422516 0.6965797460807364 0
1140 0.09464628152918789 0.6667133702565341 0
1141 0.06954538192853005 0.5860378874415639 0
1142 0.069796202120295 0.7474092528797367 0
1143 0.1371781159283804 0.6794129059015357 0
1144 0.1369159165588227 0.6545871236860107 0
1145 0.0554482705483587 0.6993768262249281 0
1146 0.06441215330694441 0.6770527703425884 0
1147 0.1221421442639004 0.6646453240529201 0
1148 0.01107214471114418 0.6368241535936756 0
1149 0.08640362415212363 0.7118574684292347 0
1150 0.08769281387748186 0.6209772866364018 0
1151 0.03090978692041255 0.7866879533255833 0
1152 0.03090978692020984 0.546645380007455 0
1153 0.01105979405519022 0.6093400618583499 0
1154 0.06830473409416299 0.6963509600982576 0
1155 0.02826898444832052 0.6882765649103102 0
1156 0.0966722727665188 0.6312097124693323 0
1157 0.01119056629190289 0.7787641346951637 0
1158 0.01119056629191241 0.5545691986382217 0
1159 0.01143792803826722 0.6724471082245952 0
1160 0.05355862838867857 0.6054404163316717 0
1161 0.09863252640733353 0.7011058819343914 0
1162 0.1131188392732952 0.6761209857017043 0
1163 0.0271887387453804 0.6750597581709082 0
1164 0.01126162174860218 0.6587411852121168 0
1165 0.06670904221107278 0.6389035234317202 0
1166 0.1137581348649279 0.6532788580466474 0
1167 0.04838932560929464 0.6890509532322481 0
1168 0.07496064257175362 0.621036813592864 0
1169 0.0233317075965115 0.6414882013350645 0
1170 0.05319573984006307 0.7287750669944988 0
1171 0.02635476196083319 0.6217012297916822 0
1172 0.02370635206395717 0.5877527498384538 0
1173 0.02390570297026483 0.7451303301922565 0
1174 0.02272938087543257 0.6536169608469281 0
1175 0.04507755565009841 0.5796540123448901 0
1176 0.04535587104238413 0.7539714367109984 0
1177 0.01060179035640293 0.5879365620100258 0
1178 0.01060179035633933 0.7453967713236478 0
1179 0.05830510983653124 0.6680882949442432 0
1180 0.03968911199522091 0.6719477347724008 0
1181 0.08521092600378623 0.7332256561856246 0
1182 0.08485146486097224 0.5997232861643857 0
1183 0.07468225947956235 0.6591507424410635 0
1184 0.07545274257733661 0.6750044228165356 0
1185 0.05456081592728103 0.7637572382836789 0
1186 0.05456081592767992 0.5695760950501327 0
1187 0.02440059773395517 0.7109116447639596 0
1188 0.06903893035346599 0.7294295466287742 0
1189 0.03582623677957921 0.7212031468017918 0
1190 0.04861111111102411 0.9513888888889461 0
1191 0.03576372869490943 0.9199166198486139 0
1192 0.07972763244048425 0.964354767344463 0
1193 0.02847222222217842 0.9715277777778176 0
1194 0.02631533418956318 0.8937400866481258 0
1195 0.1062599133519714 0.9736846658105647 0
1196 0.02307424128830654 0.945840439642833 0
1197 0.05824185734901002 0.97481465529935 0
1198 0.0594184814735722 0.927602478412958 0
1199 0.07689308958997783 0.9423576495125097 0
1200 0.01522723816534595 0.9262207421137229 0
1201 0.07377925788647154 0.9847727618346763 0
1202 0.1217371958031332 0.9812451554468641 0
1203 0.01875484455318196 0.8782628041969249 0
1204 0.04134717154850467 0.8996702693357364 0
1205 0.0988821295127232 0.9593111370109209 0
1206 0.01798880426018461 0.9582921313332814 0
1207 0.04233457275905954 0.9815969989910895 0
1208 0.04160384893092989 0.93512759286572 0
1209 0.06487240713428249 0.9583961510690189 0
1210 0.01715585228679694 0.9828441477131886 0
1211 0.05811311830976886 0.9116744240940556 0
1212 0.01700480703938692 0.9054017142757363 0
1213 0.09459828572446283 0.9829951929606776 0
1214 0.03317799030639583 0.9565561034963528 0
1215 0.04478684895934114 0.9670594635081956 0
1216 0.06461035173192037 0.9426905868935544 0
1217 0.07393971125774909 0.9279645782907977 0
1218 0.09275616922149905 0.943294777285657 0
1219 0.01292067351246715 0.9375516085735149 0
1220 0.06250000000016509 0.9880047689426646 0
1221 0.03809886945642304 0.8870433563240459 0
1222 0.1116430813016494 0.9595300222762703 0
1223 0.01225417201964079 0.9703946339466337 0
1224 0.02967997368345798 0.9876965188435862 0
1225 0.133486178589635 0.9873999653847234 0
1226 0.01260003461531162 0.8665138214104996 0
1227 0.01176791964667413 0.8926919455929583 0
1228 0.1073080544073818 0.9882320803534035 0
1229 0.09228720240370765 0.9707514232571099 0
1230 0.03154785293212636 0.9079720735919691 0
1231 0.02758837428166216 0.9315909685037365 0
1232 0.07042243668942832 0.9727656274106005 0
1233 0.0482543166578948 0.922737854050389 0
1234 0.008770006923035853 0.8545527642821805 0
1235 0.1454472357178989 0.9912299930768965 0
1236 0.06837051297108523 0.9177238155562251 0
1237 0.1200113714245838 0.968308635373306 0
1238 0.03093919705144074 0.8794532425393524 0
1239 0.07562182669747275 0.9537579289002572 0
1240 0.05205973046614278 0.9888832846466209 0
1241 0.0105138782523809 0.9487732227660377 0
1242 0.0361347139973402 0.9452279198270435 0
1243 0.084105277235724 0.9333782046036828 0
1244 0.05411923239018628 0.9623761750234158 0
1245 0.08702161988823208 0.9553942106579584 0
1246 0.05260514360841469 0.9369627144144937 0
1247 0.008303131320164867 0.8819444444448666 0
1248 0.1180555555556714 0.9916968686799735 0
1249 0.009876963696292918 0.9901230363037454 0
1250 0.04470929084121212 0.9105192286352404 0
1251 0.05322955690406863 0.901144130890678 0
1252 0.1039046702487998 0.9481786630839383 0
1253 0.02083333333338779 0.9926162923312883 0
1254 0.007383707668648214 0.9791666666667692 0
1255 0.01017496646222677 0.9163970310005116 0
1256 0.08360296899977501 0.9898250335378638 0
1257 0.02356244183665504 0.9177049112333162 0
1258 0.08240296402405492 0.9775774677242317 0
1259 0.3331096716027232 0.931145585826364 0
1260 0.2851001917115923 0.9509583040647989 0
1261 0.3809301441132061 0.9501650241403542 0
1262 0.3325706365041893 0.8914696487090127 0
1263 0.2553773421400332 0.96343087701852 0
1264 0.4112893245270465 0.9634308770186575 0
1265 0.3170721076735468 0.9614739456697047 0
1266 0.3008600757975762 0.9176526138137497 0
1267 0.3665312270078763 0.9184539545714143 0
1268 0.3521072688556456 0.9673692701658747 0
1269 0.2280657702629142 0.974667524339307 0
1270 0.4386008964038715 0.974667524339368 0
1271 0.4039468495473013 0.9392242250278608 0
1272 0.2630483514712503 0.9389571181050469 0
1273 0.2778425712299861 0.9749185423390297 0
1274 0.3896737812522661 0.9746554548512991 0
1275 0.3555477290059419 0.942818686855221 0
1276 0.3111238832423489 0.9409146588889177 0
1277 0.3568491467253447 0.8910067418117222 0
1278 0.3086150921036746 0.8931931022803142 0
1279 0.3351121734927044 0.8668428268925098 0
1280 0.3005476231428358 0.9764245278426528 0
1281 0.2777401305405321 0.9215031481449911 0
1282 0.3896192413869928 0.9210357952011703 0
1283 0.3231653743643854 0.9124874087017945 0
1284 0.3441281370401282 0.9127518972759031 0
1285 0.3352121154594552 0.9786702884930858 0
1286 0.3364092094447576 0.951842849857964 0
1287 0.3694093791454223 0.9788609272509802 0
1288 0.2432531275157545 0.9825062097309829 0
1289 0.4234135391512316 0.9825062097310482 0
1290 0.2334445643382649 0.9582953500882498 0
1291 0.4332221023285319 0.9582953500883855 0
1292 0.3483325662816081 0.8758801932467195 0
1293 0.3163625921424558 0.8754382781533971 0
1294 0.2114468895944256 0.9814328097298356 0
1295 0.4552197770722566 0.9814328097298098 0
1296 0.3816440435331708 0.8991695887562103 0
1297 0.2850934189158646 0.8992360730957205 0
1298 0.3018532329696559 0.9604018974018939 0
1299 0.3721871290471507 0.9346704822932534 0
1300 0.2696836934718011 0.9577974632866033 0
1301 0.3958155709730866 0.9588786206410729 0
1302 0.2902885810304115 0.9311906267206449 0
1303 0.3145447390930545 0.9835004688352259 0
1304 0.4183703621189293 0.9418335573355527 0
1305 0.2483354157803639 0.9418017588922556 0
1306 0.265325940957545 0.9833395685741122 0
1307 0.4020174291370266 0.9835007945657293 0
1308 0.3524378039888932 0.9262037778881868 0
1309 0.3671494699506007 0.9643159727993607 0
1310 0.3144139736339283 0.9250052310120366 0
1311 0.3522999615545377 0.9861394168576963 0
1312 0.3880597745092518 0.9370945882926858 0
1313 0.2888609087846652 0.9860818514054634 0
1314 0.2634149707206005 0.9251167574390284 0
1315 0.4020874014465839 0.9265735934161707 0
1316 0.2891023177885329 0.9649726874765776 0
1317 0.2780783607541663 0.9382672548959817 0
1318 0.3229075622865332 0.9494087742372441 0
1319 0.33890827559793 0.9660380685760623 0
1320 0.4451565234481992 0.9617562017135937 0
1321 0.2215101432181508 0.9617562017138254 0
1322 0.2949806091593589 0.8893117572520259 0
1323 0.3714632462136191 0.8885707024581714 0
1324 0.2318840579711978 0.9879468344712824 0
1325 0.4347826086958356 0.9879468344713752 0
1326 0.3789997846688742 0.9865447803072847 0
1327 0.1985110758019876 0.9867513515061238 0
1328 0.4681555908646765 0.9867513515060689 0
1329 0.3106658469662258 0.9073109365764098 0
1330 0.333545100018964 0.8526113103196902 0
1331 0.1884057971015072 0.9911586326400945 0
1332 0.4782608695652754 0.9911586326403318 0
1333 0.3448685311004012 0.8982059952502373 0
1334 0.3217349760867117 0.8990220958511986 0
1335 0.3047957741475638 0.8804244229924379 0
1336 0.3630347858336856 0.8793794589152911 0
1337 0.3818481759000905 0.9636137444039951 0
1338 0.3513432167594261 0.9546237792888344 0
1339 0.3907678980690497 0.9082345013302408 0
1340 0.2758987685973572 0.9082345013303061 0
1341 0.356479602406682 0.907207222740763 0
1342 0.4072829819849869 0.9508904996698925 0
1343 0.2591033669103391 0.9507209706410993 0
1344 0.2436679288502115 0.9681766330322106 0
1345 0.4229987378167455 0.9681766330323258 0
1346 0.2669904507083247 0.9697142841783811 0
1347 0.401701032349161 0.9707491636254248 0
1348 0.3432871010199722 0.9390903495438679 0
1349 0.3335417816119165 0.9181522335001191 0
1350 0.2765508117307883 0.9888679924637211 0
1351 0.3655648955339628 0.948188494296939 0
1352 0.3034202539198395 0.9892906399657622 0
1353 0.3333349061179554 0.9053482132147108 0
1354 0.2525907471201795 0.9302037978796871 0
1355 0.4139621125584869 0.9304546180715807 0
1356 0.3460795725681886 0.8628218840716106 0
1357 0.3212537903526217 0.8630840834412166 0
1358 0.3006371619339093 0.9444951831138215 0
1359 0.323169540818349 0.9354387194921628 0
1360 0.3313119907195621 0.8778578557361005 0
1361 0.3631758464070033 0.9889278552889148 0
1362 0.3791306284458222 0.912228119098916 0
1363 0.288201044048221 0.914017950651251 0
1364 0.3040211161673629 0.931161915777196 0
1365 0.4533546199923133 0.9690902130796231 0
1366 0.2133120466741484 0.9690902130797685 0
1367 0.3906599381421885 0.9889402059448626 0
1368 0.3117234350901871 0.9717310155516209 0
1369 0.2980693478318202 0.9034537389449119 0
1370 0.2212358653048944 0.9888094337080852 0
1371 0.4454308013619854 0.9888094337081107 0
1372 0.3275528917757913 0.9885620719617263 0
1373 0.3945595836688736 0.9464413716115071 0
1374 0.368305563482158 0.9021301144766098 0
1375 0.3427865742662211 0.8868840869507585 0
1376 0.3249402418295665 0.9728112612546025 0
1377 0.3412588147883756 0.9887383782514265 0
1378 0.3199452888389235 0.8862365343379539 0
1379 0.3110700599204079 0.9518310407441912 0
1380 0.3790352413316339 0.9250550707792033 0
1381 0.3585117986654164 0.9766682924035743 0
1382 0.2712249330062489 0.946804260159698 0
1383 0.3782987702088939 0.9736452380394141 0
1384 0.2548696698080937 0.976094297029634 0
1385 0.4122472501619246 0.9762936479361399 0
1386 0.3463830391535601 0.9772706191246199 0
1387 0.3610876863821729 0.9334798617851774 0
1388 0.2460285632893363 0.9546441289574431 0
1389 0.4203459876554543 0.9549224443500974 0
1390 0.2546032286766929 0.9893982096435974 0
1391 0.4120634379903367 0.989398209643654 0
1392 0.3319939626112154 0.9417001962422327 0
1393 0.3280474793664669 0.9603149799191155 0
1394 0.3254800684062605 0.9244458357064954 0
1395 0.4002767138356661 0.9151485351391462 0
1396 0.2667743438141381 0.9147890739961657 0
1397 0.2362427617168052 0.945439184072324 0
1398 0.4304239049503358 0.9454391840727152 0
1399 0.2890883552365049 0.9755994022659308 0
1400 0.3413008990527266 0.9254687688068883 0
1401 0.2705704533716373 0.930961069646262 0
1402 0.2787968531986182 0.9641737632202891 0
1403 0.6673028158275995 0.9311466287631813 0
1404 0.6190698558872781 0.950165024140142 0
1405 0.7148998082889609 0.9509583040650367 0
1406 0.665903969837522 0.8914696487090277 0
1407 0.5887106754733644 0.9634308770185168 0
1408 0.7446226578603813 0.9634308770186626 0
1409 0.6829278923269488 0.9614739456697722 0
1410 0.6336206930071936 0.9184629663385147 0
1411 0.699317925016036 0.9176484558882668 0
1412 0.6478927311448046 0.9673692701657961 0
1413 0.561399103596247 0.974667524339306 0
1414 0.7719342297370886 0.9746675243393385 0
1415 0.736951648529207 0.938957118105151 0
1416 0.5960531504531401 0.9392242250277116 0
1417 0.7221574287705014 0.9749185423391558 0
1418 0.6103262187482285 0.9746554548511795 0
1419 0.6444522709946927 0.9428186868550112 0
1420 0.6887086116004439 0.9407714418866606 0
1421 0.6901824800586293 0.8910067418116581 0
1422 0.6419484254369981 0.8931931022803218 0
1423 0.6684455068260364 0.8668428268925311 0
1424 0.6994523768576593 0.9764245278427026 0
1425 0.6103807586133638 0.92103579520099 0
1426 0.7222598694599787 0.921503148145307 0
1427 0.6565386010715658 0.91261173914104 0
1428 0.6775067506638697 0.9126289958663298 0
1429 0.6647878845409819 0.9786702884930559 0
1430 0.6635907905558025 0.9518428498579301 0
1431 0.6305906208550875 0.9788609272509373 0
1432 0.5765864608490867 0.9825062097309805 0
1433 0.7567468724844859 0.9825062097310571 0
1434 0.5667778976715999 0.9582953500882487 0
1435 0.7665554356617856 0.9582953500883603 0
1436 0.6816658996149094 0.8758801932466876 0
1437 0.649695925475809 0.8754382781533937 0
1438 0.5447802229277479 0.9814328097298457 0
1439 0.7885531104054471 0.9814328097297504 0
1440 0.7149773768663664 0.8991695887560431 0
1441 0.6184267522493141 0.8992360730956035 0
1442 0.6981467670308469 0.9604018974020379 0
1443 0.6280574203254866 0.934472410046462 0
1444 0.6041844290273793 0.9588786206409089 0
1445 0.7303163065286907 0.9577974632867722 0
1446 0.7097650983352493 0.9312504188586441 0
1447 0.6854552609074525 0.9835004688352467 0
1448 0.6479507873128832 0.9257680068606255 0
1449 0.7516645842199345 0.9418017588923382 0
1450 0.5816296378813924 0.941833557335408 0
1451 0.5979825708634061 0.9835007945656565 0
1452 0.7346740590428544 0.9833395685742021 0
1453 0.632850530049892 0.9643159727992169 0
1454 0.6477000384460445 0.9861394168576432 0
1455 0.6861064229915305 0.9252191273593816 0
1456 0.6119402254912223 0.9370945882924054 0
1457 0.7111390912158059 0.9860818514055025 0
1458 0.5979125985535744 0.92657359341601 0
1459 0.7365850292794884 0.925116757439207 0
1460 0.710897682211877 0.9649726874768194 0
1461 0.7219216392464065 0.9382672548964572 0
1462 0.6770685084057858 0.9493883146655416 0
1463 0.6610917244025513 0.9660380685760226 0
1464 0.7784898567813097 0.9617562017134305 0
1465 0.5548434765514823 0.9617562017138218 0
1466 0.6283139424927943 0.889311757251922 0
1467 0.704796579546825 0.8885707024580214 0
1468 0.565217391304525 0.9879468344712818 0
1469 0.7681159420289621 0.987946834471353 0
1470 0.6210002153316792 0.986544780307212 0
1471 0.5318444091353045 0.986751351506139 0
1472 0.8014889241978592 0.9867513515060056 0
1473 0.643971174993079 0.9074552783121788 0
1474 0.6668784333522951 0.8526113103196897 0
1475 0.5217391304348484 0.9911586326400682 0
1476 0.8115942028984851 0.9911586326402774 0
1477 0.6782072549444923 0.8981913641300496 0
1478 0.6550702907646061 0.8990668745470459 0
1479 0.6381291074809563 0.8804244229923706 0
1480 0.6963681191669354 0.8793794589151878 0
1481 0.618151824100305 0.9636137444037651 0
1482 0.6486567832411306 0.9546237792887247 0
1483 0.7241012314022199 0.9082345013301389 0
1484 0.6092321019308407 0.908234501330215 0
1485 0.6897992725720747 0.9070433042252921 0
1486 0.7408966330901211 0.9507209706412636 0
1487 0.5927170180154377 0.9508904996697246 0
1488 0.5770012621835441 0.9681766330322091 0
1489 0.756332071150035 0.9681766330323194 0
1490 0.7330095492921138 0.9697142841784985 0
1491 0.5982989676512955 0.9707491636252975 0
1492 0.6569081537361535 0.9389086394059657 0
1493 0.6670533542570765 0.9181536884313577 0
1494 0.7234491882696352 0.9888679924637721 0
1495 0.63447243149345 0.948141866112064 0
1496 0.6965797460807366 0.9892906399657727 0
1497 0.666713370256522 0.9053537184708083 0
1498 0.5860378874415489 0.9304546180714826 0
1499 0.7474092528797005 0.93020379787969 0
1500 0.6794129059015144 0.8628218840716052 0
1501 0.6545871236859714 0.8630840834412032 0
1502 0.699376826224928 0.9445517294516425 0
1503 0.6770527703425886 0.9355878466930527 0
1504 0.6646453240528951 0.8778578557361022 0
1505 0.6368241535936754 0.9889278552888565 0
1506 0.7118574684292405 0.9135963758478889 0
1507 0.6209772866363298 0.9123071861225636 0
1508 0.786687953325468 0.9690902130795034 0
1509 0.5466453800074698 0.969090213079782 0
1510 0.6093400618583495 0.9889402059448097 0
1511 0.6963509600982594 0.9316952659058404 0
1512 0.6882765649103103 0.9717310155516787 0
1513 0.6312097124692847 0.9033277272335174 0
1514 0.7787641346951433 0.9888094337080885 0
1515 0.554569198638224 0.9888094337080867 0
1516 0.6724471082245947 0.9885620719617301 0
1517 0.6054404163316771 0.9464413716113225 0
1518 0.7011058819344052 0.9013674735926884 0
1519 0.6761209857016897 0.8868811607267051 0
1520 0.6750597581709071 0.9728112612546173 0
1521 0.6587411852121181 0.9887383782513978 0
1522 0.6389035234317156 0.9332909577889299 0
1523 0.6532788580466184 0.8862418651350785 0
1524 0.6890509532322469 0.9516106743907047 0
1525 0.6210368135928278 0.9250393574282769 0
1526 0.6414882013350627 0.9766682924034906 0
1527 0.7287750669945045 0.946804260159939 0
1528 0.6217012297916834 0.9736452380391603 0
1529 0.5877527498384544 0.9762936479360429 0
1530 0.7451303301922516 0.9760942970297335 0
1531 0.6536169608469271 0.9772706191245677 0
1532 0.5796540123448904 0.9549224443499031 0
1533 0.7539714367109955 0.9546441289576164 0
1534 0.5879365620100305 0.9893982096435976 0
1535 0.7453967713236402 0.9893982096436623 0
1536 0.6680882949442418 0.9416948901634649 0
1537 0.6719477347723991 0.9603108880047767 0
1538 0.7332256561856336 0.9147890739962079 0
1539 0.5997232861643064 0.915148535139067 0
1540 0.6591507424410556 0.925317740520434 0
1541 0.6750044228165328 0.9245472574226605 0
1542 0.7637572382837166 0.9454391840727547 0
1543 0.5695760950501247 0.9454391840723274 0
1544 0.7109116447639608 0.9755994022660451 0
1545 0.7294295466287701 0.9309610696465305 0
1546 0.721203146801796 0.96417376322042 0
1547 0.9519406284098824 0.9509129088389644 0
1548 0.9643547673444159 0.9202723675597155 0
1549 0.9199166198487745 0.9642362713050151 0
1550 0.9715277777780743 0.9715277777780886 0
1551 0.9736846658105276 0.8937400866481118 0
1552 0.8937400866482599 0.9736846658103755 0
1553 0.9417581426508826 0.9748146552995559 0
1554 0.976925758711738 0.9458404396428426 0
1555 0.9276024784132729 0.940581518526272 0
1556 0.9423576495125352 0.9231069104097357 0
1557 0.9262207421140037 0.9847727618346642 0
1558 0.9847727618346753 0.9262207421134537 0
1559 0.9812451554468219 0.8782628041969606 0
1560 0.8782628041970029 0.9812451554467867 0
1561 0.8996702693358535 0.958652828451399 0
1562 0.9593111370108589 0.9011178704873939 0
1563 0.9576654272410954 0.9815969989912159 0
1564 0.9820111957398326 0.9582921313333141 0
1565 0.9583961510689588 0.9351275928659791 0
1566 0.9338359235844969 0.9601316384959624 0
1567 0.9830063164670388 0.9830063164670696 0
1568 0.9116744240942315 0.9418868816901046 0
1569 0.905401714275917 0.982995192960583 0
1570 0.9829951929606422 0.9054017142755928 0
1571 0.9665118079334672 0.9564048587339976 0
1572 0.9553878918060477 0.9667961208448732 0
1573 0.9427694068251187 0.9353216511181055 0
1574 0.9279645782908843 0.9260602887420759 0
1575 0.9432947772855833 0.9072438307785509 0
1576 0.9870793264875758 0.9375516085732272 0
1577 0.9375000000005635 0.9880047689428955 0
1578 0.8870433563241243 0.9619011305435177 0
1579 0.9595300222761702 0.8883569186984757 0
1580 0.9703529331940022 0.9874238677808205 0
1581 0.987765133784384 0.9704139397505825 0
1582 0.9873999653847023 0.8665138214104244 0
1583 0.8665138214105427 0.9873999653846773 0
1584 0.9882320803533711 0.8926919455926414 0
1585 0.8926919455931275 0.988232080353307 0
1586 0.9707514232571122 0.9077127975964919 0
1587 0.9079720735921231 0.9684521470677938 0
1588 0.9724237171509884 0.9316272692905998 0
1589 0.9294223687972478 0.9735478506969462 0
1590 0.9226280182273828 0.9518932588034936 0
1591 0.8545527642821743 0.9912299930769767 0
1592 0.9912299930768603 0.8545527642821246 0
1593 0.91772381555632 0.9316294870287563 0
1594 0.968308635373208 0.8799886285755388 0
1595 0.879453242539425 0.969060802948525 0
1596 0.9537620323952001 0.9243746332595351 0
1597 0.9894861217474618 0.9487732227657194 0
1598 0.947940269534246 0.9888832846467335 0
1599 0.9638652860026502 0.9452279198274367 0
1600 0.9333782046036916 0.9158947227641807 0
1601 0.9454015340796825 0.9607642274885084 0
1602 0.9553944598983348 0.9129781650947215 0
1603 0.9371669408644115 0.9486904401435761 0
1604 0.8819444444450054 0.9916968686798021 0
1605 0.9916968686799772 0.8819444444443912 0
1606 0.9901500644294057 0.9901500644292988 0
1607 0.9105009226648818 0.9553153050689366 0
1608 0.9011441308909259 0.9467704430958145 0
1609 0.9481786630838179 0.8960953297513682 0
1610 0.9926162923312917 0.9791666666663991 0
1611 0.9791666666668627 0.9926162923313933 0
1612 0.9163970310008206 0.9898250335377222 0
1613 0.9898250335378973 0.9163970310001427 0
1614 0.9175550916048143 0.9773048762337873 0
1615 0.9761599311937506 0.9175650488009113 0
1616 0.9311466287631818 0.6660305175057329 0
1617 0.950165024140142 0.7142634774460563 0
1618 0.9509583040650361 0.6184335250443739 0
1619 0.8914696487090268 0.6674293634958088 0
1620 0.9634308770185165 0.7446226578599684 0
1621 0.9634308770186628 0.5887106754729527 0
1622 0.961473945669773 0.6504054410063838 0
1623 0.9184629663385138 0.6997126403261409 0
1624 0.9176484558882658 0.6340154083172967 0
1625 0.967369270165795 0.6854406021885294 0
1626 0.9746675243393054 0.7719342297370851 0
1627 0.9746675243393387 0.5613991035962446 0
1628 0.9389571181051506 0.5963816848041282 0
1629 0.9392242250277114 0.7372801828801934 0
1630 0.9749185423391553 0.6111759045628344 0
1631 0.9746554548511792 0.7230071145851042 0
1632 0.9428186868550114 0.6888810623386413 0
1633 0.9407714418866604 0.6446247217328891 0
1634 0.8910067418116575 0.6431508532747027 0
1635 0.8931931022803229 0.6913849078963354 0
1636 0.866842826892531 0.6648878265072969 0
1637 0.9764245278427039 0.6338809564756764 0
1638 0.9210357952009894 0.722952574719969 0
1639 0.9215031481453055 0.6110734638733545 0
1640 0.9126117391410397 0.6767947322617671 0
1641 0.9126289958663296 0.6558265826694614 0
1642 0.9786702884930554 0.6685454487923537 0
1643 0.9518428498579302 0.6697425427775293 0
1644 0.9788609272509357 0.7027427124782453 0
1645 0.9825062097309805 0.7567468724842469 0
1646 0.9825062097310575 0.5765864608488481 0
1647 0.9582953500882487 0.7665554356617326 0
1648 0.9582953500883604 0.5667778976715475 0
1649 0.8758801932466879 0.6516674337184235 0
1650 0.875438278153394 0.6836374078575242 0
1651 0.981432809729845 0.7885531104055838 0
1652 0.9814328097297503 0.5447802229278863 0
1653 0.8991695887560431 0.6183559564669654 0
1654 0.8992360730956018 0.7149065810840187 0
1655 0.9604018974020379 0.6351865663024875 0
1656 0.9344724100464613 0.7052759130078495 0
1657 0.958878620640909 0.7291489043059534 0
1658 0.9577974632867712 0.6030170268046442 0
1659 0.9312504188586438 0.6235682349980842 0
1660 0.9835004688352482 0.6478780724258812 0
1661 0.9257680068606249 0.6853825460204523 0
1662 0.9418017588923386 0.5816687491133997 0
1663 0.9418335573354073 0.7517036954519405 0
1664 0.9835007945656544 0.7353507624699271 0
1665 0.9833395685742017 0.5986592742904805 0
1666 0.9643159727992163 0.7004828032834423 0
1667 0.9861394168576418 0.6856332948872912 0
1668 0.9252191273593817 0.6472269103418048 0
1669 0.9370945882924088 0.7213931078421131 0
1670 0.9860818514055036 0.6221942421175286 0
1671 0.926573593416011 0.7354207347797592 0
1672 0.925116757439207 0.5967483040538455 0
1673 0.9649726874768175 0.6224356511214605 0
1674 0.938267254896461 0.6114116940869282 0
1675 0.9493883146655424 0.6562648249275463 0
1676 0.9660380685760233 0.6722416089307821 0
1677 0.9617562017134309 0.5548434765520219 0
1678 0.9617562017138213 0.7784898567818497 0
1679 0.8893117572519216 0.7050193908405393 0
1680 0.8885707024580216 0.6285367537865068 0
1681 0.98794683447128 0.7681159420288077 0
1682 0.9879468344713538 0.5652173913043719 0
1683 0.9865447803072114 0.7123331180016541 0
1684 0.9867513515061397 0.8014889241980285 0
1685 0.9867513515060052 0.5318444091354741 0
1686 0.9074552783121776 0.6893621583402565 0
1687 0.8526113103196898 0.6664548999810381 0
1688 0.9911586326400711 0.8115942028984858 0
1689 0.9911586326402753 0.5217391304348488 0
1690 0.8981913641300476 0.6551260783888383 0
1691 0.8990668745470463 0.678263042568725 0
1692 0.8804244229923699 0.6952042258523771 0
1693 0.8793794589151888 0.6369652141663973 0
1694 0.9636137444037651 0.7151815092330297 0
1695 0.9546237792887241 0.6846765500922033 0
1696 0.9082345013301384 0.6092321019311109 0
1697 0.9082345013302119 0.7241012314024889 0
1698 0.9070433042252896 0.6435340607612567 0
1699 0.9507209706412632 0.5924367002432129 0
1700 0.9508904996697242 0.7406163153178955 0
1701 0.9681766330322092 0.7563320711497888 0
1702 0.9681766330323198 0.5770012621832987 0
1703 0.9697142841784983 0.6003237840412219 0
1704 0.970749163625293 0.7350343656820334 0
1705 0.9389086394059655 0.67642517959718 0
1706 0.9181536884313581 0.6662799790762549 0
1707 0.9888679924637721 0.6098841450636991 0
1708 0.9481418661120626 0.6988609018398859 0
1709 0.9892906399657746 0.6367535872525966 0
1710 0.905353718470808 0.6666199630768092 0
1711 0.9304546180714832 0.7472954458917851 0
1712 0.9302037978796907 0.5859240804536339 0
1713 0.8628218840716061 0.6539204274318193 0
1714 0.8630840834412028 0.6787462096473617 0
1715 0.9445517294516415 0.6339565071084048 0
1716 0.9355878466930534 0.6562805629907442 0
1717 0.8778578557361022 0.6686880092804373 0
1718 0.9889278552888547 0.6965091797396579 0
1719 0.9135963758478882 0.6214758649040912 0
1720 0.9123071861225608 0.7123560466970025 0
1721 0.9690902130795034 0.546645380007865 0
1722 0.9690902130797812 0.7866879533258618 0
1723 0.988940205944809 0.7239932714749836 0
1724 0.9316952659058384 0.6369823732350743 0
1725 0.9717310155516796 0.6450567684230244 0
1726 0.9033277272335165 0.702123620864049 0
1727 0.9888094337080887 0.5545691986381902 0
1728 0.988809433708086 0.7787641346951086 0
1729 0.9885620719617311 0.660886225108738 0
1730 0.9464413716113216 0.7278929170016575 0
1731 0.9013674735926872 0.6322274513989242 0
1732 0.8868811607267043 0.6572123476316422 0
1733 0.9728112612546189 0.6582735751624266 0
1734 0.9887383782513974 0.6745921481212205 0
1735 0.9332909577889279 0.69442980990162 0
1736 0.8862418651350787 0.6800544752867133 0
1737 0.9516106743907043 0.6442823801010849 0
1738 0.9250393574282749 0.712296519740505 0
1739 0.9766682924034873 0.6918451319982716 0
1740 0.9468042601599381 0.6045582663388297 0
1741 0.9736452380391634 0.7116321035416513 0
1742 0.9762936479360415 0.7455805834948781 0
1743 0.9760942970297335 0.5882030031410831 0
1744 0.9772706191245667 0.679716372486408 0
1745 0.9549224443499031 0.7536793209884423 0
1746 0.9546441289576164 0.5793618966223387 0
1747 0.9893982096435966 0.7453967713233042 0
1748 0.9893982096436614 0.5879365620096973 0
1749 0.9416948901634652 0.6652450383890907 0
1750 0.9603108880047776 0.6613855985609336 0
1751 0.9147890739962076 0.600107677147698 0
1752 0.9151485351390679 0.7336100471690253 0
1753 0.925317740520434 0.6741825908922774 0
1754 0.924547257422661 0.6583289105167996 0
1755 0.945439184072755 0.5695760950496206 0
1756 0.9454391840723263 0.7637572382832034 0
1757 0.9755994022660451 0.622421688569375 0
1758 0.9309610696465311 0.6039037867045641 0
1759 0.9641737632204171 0.6121301865315423 0
1760 0.9311455858263639 0.3335569950639463 0
1761 0.9509583040648002 0.3815664749550773 0
1762 0.9501650241403541 0.2857365225534633 0
1763 0.8914696487090112 0.3340960301624722 0
1764 0.9634308770185205 0.4112893245266363 0
1765 0.9634308770186555 0.2553773421396203 0
1766 0.9614739456697041 0.3495945589931236 0
1767 0.917652613813752 0.3658065908690911 0
1768 0.9184539545714092 0.3001354396587994 0
1769 0.9673692701658769 0.3145593978110262 0
1770 0.9746675243393039 0.4386008964037403 0
1771 0.9746675243393628 0.2280657702628142 0
1772 0.939224225027846 0.2627198171193655 0
1773 0.9389571181050449 0.403618315195418 0
1774 0.9749185423390307 0.3888240954366827 0
1775 0.9746554548513001 0.2769928854144025 0
1776 0.9428186868552224 0.3111189376607311 0
1777 0.9409146588889183 0.3555427834243199 0
1778 0.891006741811706 0.3098175199413292 0
1779 0.8931931022803178 0.3580515745629935 0
1780 0.8668428268925095 0.3315544931739567 0
1781 0.9764245278426518 0.3661190435238325 0
1782 0.92150314814499 0.3889265361261355 0
1783 0.9210357952011582 0.2770474252796868 0
1784 0.9124874087017956 0.3435012923022798 0
1785 0.912751897275903 0.3225385296265403 0
1786 0.9786702884930861 0.3314545512072173 0
1787 0.9518428498579611 0.3302574572219163 0
1788 0.9788609272509815 0.2972572875212467 0
1789 0.9825062097309821 0.4234135391509078 0
1790 0.9825062097310482 0.2432531275154449 0
1791 0.9582953500882483 0.433222102328392 0
1792 0.9582953500883811 0.233444564338151 0
1793 0.8758801932467153 0.3183341003850558 0
1794 0.8754382781533964 0.3503040745242039 0
1795 0.9814328097298279 0.4552197770722247 0
1796 0.9814328097298004 0.2114468895944315 0
1797 0.8991695887561761 0.2850226231335215 0
1798 0.8992360730957063 0.3815732477507883 0
1799 0.9604018974018939 0.3648134336970139 0
1800 0.9346704822932532 0.2944795376195233 0
1801 0.9577974632866034 0.3969829731948691 0
1802 0.9588786206410705 0.2708510956935805 0
1803 0.9311906267206436 0.3763780856362577 0
1804 0.9835004688352247 0.352121927573615 0
1805 0.9418335573355398 0.2482963045477437 0
1806 0.9418017588922525 0.4183312508863038 0
1807 0.9833395685741135 0.4013407257091207 0
1808 0.9835007945657319 0.2646492375296437 0
1809 0.9262037778881869 0.3142288626777831 0
1810 0.9643159727993627 0.299517196716071 0
1811 0.9250052310120368 0.3522526930327366 0
1812 0.9861394168576987 0.3143667051121334 0
1813 0.9370945882926837 0.2786068921574182 0
1814 0.9860818514054623 0.3778057578820014 0
1815 0.925116757439025 0.4032516959460584 0
1816 0.9265735934161519 0.2645792652201088 0
1817 0.9649726874765804 0.3775643488781336 0
1818 0.9382672548959872 0.3885883059125023 0
1819 0.9494087742372432 0.3437591043801375 0
1820 0.966038068576062 0.3277583910687426 0
1821 0.9617562017135599 0.2215101432185139 0
1822 0.9617562017138037 0.4451565234484823 0
1823 0.8893117572520139 0.3716860575072973 0
1824 0.8885707024581444 0.2952034204530662 0
1825 0.9879468344712834 0.4347826086954633 0
1826 0.987946834471374 0.231884057970852 0
1827 0.9865447803072853 0.2876668819977952 0
1828 0.9867513515061117 0.4681555908646589 0
1829 0.9867513515060595 0.1985110758020047 0
1830 0.9073109365764134 0.3560008197004398 0
1831 0.852611310319691 0.3331215666476988 0
1832 0.9911586326401046 0.4782608695651466 0
1833 0.9911586326403405 0.1884057971013885 0
1834 0.8982059952502335 0.3217981355662651 0
1835 0.8990220958512001 0.3449316905799507 0
1836 0.880424422992428 0.3618708925190964 0
1837 0.8793794589152776 0.3036318808329858 0
1838 0.9636137444039961 0.2848184907665807 0
1839 0.954623779288835 0.3153234499072466 0
1840 0.9082345013302162 0.2758987685976421 0
1841 0.9082345013302942 0.3907678980692901 0
1842 0.9072072227407563 0.3101870642599903 0
1843 0.9508904996698864 0.2593836846816798 0
1844 0.9507209706411005 0.4075632997563301 0
1845 0.9681766330322104 0.4229987378164524 0
1846 0.9681766330323237 0.2436679288499292 0
1847 0.9697142841783802 0.3996762159583448 0
1848 0.9707491636254277 0.2649656343175041 0
1849 0.9390903495438676 0.3233795656467007 0
1850 0.9181522335001195 0.3331248850547509 0
1851 0.9888679924637214 0.3901158549358751 0
1852 0.9481884942969409 0.30110177113271 0
1853 0.9892906399657606 0.3632464127468287 0
1854 0.9053482132147105 0.3333317605487098 0
1855 0.9302037978796801 0.4140759195464765 0
1856 0.9304546180715563 0.2527045541082178 0
1857 0.8628218840716168 0.3205870940984716 0
1858 0.8630840834412152 0.3454128763140393 0
1859 0.9444951831138214 0.3660295047327609 0
1860 0.9354387194921621 0.3434971258483194 0
1861 0.8778578557360989 0.3353546759470984 0
1862 0.9889278552889172 0.3034908202596642 0
1863 0.9122281190988921 0.287536038220866 0
1864 0.914017950651242 0.378465622618444 0
1865 0.9311619157771928 0.3626455504993085 0
1866 0.9690902130796001 0.2133120466743881 0
1867 0.9690902130797503 0.4533546199924913 0
1868 0.9889402059448633 0.2760067285244842 0
1869 0.9717310155516194 0.3549432315764829 0
1870 0.9034537389449074 0.3685973188348423 0
1871 0.9888094337080831 0.4454308013617629 0
1872 0.9888094337081074 0.2212358653047004 0
1873 0.9885620719617266 0.3391137748908779 0
1874 0.9464413716115014 0.2721070829977841 0
1875 0.9021301144765825 0.298361103184529 0
1876 0.8868840869507528 0.3238800924004441 0
1877 0.9728112612546014 0.3417264248371042 0
1878 0.9887383782514271 0.3254078518782992 0
1879 0.8862365343379532 0.3467213778277354 0
1880 0.9518310407441919 0.355596606746263 0
1881 0.9250550707791918 0.2876314253350467 0
1882 0.9766682924035793 0.3081548680012554 0
1883 0.9468042601597007 0.3954417336604237 0
1884 0.9736452380394141 0.2883678964577754 0
1885 0.976094297029634 0.4117969968585721 0
1886 0.9762936479361404 0.2544194165047458 0
1887 0.9772706191246214 0.3202836275131123 0
1888 0.9334798617851749 0.3055789802845004 0
1889 0.954644128957444 0.4206381033773308 0
1890 0.9549224443500961 0.246320679011215 0
1891 0.9893982096435973 0.4120634379899706 0
1892 0.9893982096436558 0.2546032286763328 0
1893 0.9417001962422307 0.3346727040554559 0
1894 0.9603149799191142 0.3386191873002048 0
1895 0.9244458357064955 0.3411865982604065 0
1896 0.915148535139118 0.2663899528310309 0
1897 0.9147890739961561 0.3998923228525182 0
1898 0.9454391840723323 0.4304239049498703 0
1899 0.945439184072728 0.2362427617163182 0
1900 0.9755994022659311 0.3775783114301625 0
1901 0.9254687688068881 0.3253657676139443 0
1902 0.9309610696462617 0.3960962132950285 0
1903 0.9641737632202885 0.3878698134680519 0
1904 0.9509129088385733 0.04805937159027208 0
1905 0.9642362713050912 0.08008338015135323 0
1906 0.9202723675595359 0.03564523265555612 0
1907 0.9715277777778479 0.02847222222214848 0
1908 0.9736846658104805 0.1062599133518834 0
1909 0.893740086648086 0.02631533418946208 0
1910 0.9748146552993932 0.05824185734900374 0
1911 0.9458404396428595 0.02307424128828665 0
1912 0.9405815185264059 0.0723975215869969 0
1913 0.9231069104099823 0.05764235048748657 0
1914 0.9847727618346648 0.07377925788625864 0
1915 0.9262207421137195 0.01522723816532858 0
1916 0.9812451554468522 0.121737195803097 0
1917 0.8782628041968855 0.01875484455313474 0
1918 0.9586528284515143 0.1003297306642546 0
1919 0.9011178704872821 0.04068886298910297 0
1920 0.9582921313333264 0.01798880426017729 0
1921 0.9815969989911226 0.04233457275898415 0
1922 0.960131638495926 0.06616407641557837 0
1923 0.9351275928657443 0.0416038489309536 0
1924 0.9830063164669491 0.01699368353304438 0
1925 0.9418868816902215 0.08832557590592106 0
1926 0.9829951929606399 0.09459828572430451 0
1927 0.9054017142756458 0.0170048070393319 0
1928 0.9564048587335277 0.03348819206666959 0
1929 0.9667961208447721 0.04461210819381381 0
1930 0.935321651118021 0.05723059317489358 0
1931 0.9260602887422232 0.07203542170918871 0
1932 0.9072438307784944 0.05670522271434729 0
1933 0.988004768942729 0.0624999999998417 0
1934 0.9375516085735376 0.01292067351245156 0
1935 0.961901130543598 0.1129566436759564 0
1936 0.8883569186983622 0.04046997772373834 0
1937 0.970413939750703 0.01223486621561954 0
1938 0.9874238677807764 0.02964706680609627 0
1939 0.9873999653847351 0.1334861785896188 0
1940 0.8665138214103458 0.01260003461526289 0
1941 0.9882320803533698 0.107308054407167 0
1942 0.8926919455927251 0.01176791964659274 0
1943 0.9684521470678794 0.09202792640802072 0
1944 0.9077127975962878 0.02924857674295039 0
1945 0.9735478506969503 0.07057763120287219 0
1946 0.9316272692905724 0.02757628284906005 0
1947 0.951893258803564 0.07737198177281251 0
1948 0.9912299930769747 0.1454472357179297 0
1949 0.8545527642820654 0.008770006923100851 0
1950 0.931629487028902 0.08227618444375853 0
1951 0.8799886285754337 0.03169136462670081 0
1952 0.9690608029485781 0.1205467574606573 0
1953 0.9243746332593415 0.04623796760476696 0
1954 0.9888832846466489 0.052059730465963 0
1955 0.9487732227660722 0.01051387825239284 0
1956 0.9452279198270815 0.03613471399734184 0
1957 0.9158947227642604 0.06662179539631349 0
1958 0.9607642274884056 0.05459846592027914 0
1959 0.9129781650945721 0.04460554010159395 0
1960 0.9486904401434118 0.06283305913549136 0
1961 0.9916968686799217 0.1180555555554274 0
1962 0.8819444444443423 0.00830313132001167 0
1963 0.9901500644293756 0.009849935570644088 0
1964 0.9553153050690346 0.08949907733527745 0
1965 0.9467704430959372 0.09885586910930257 0
1966 0.8960953297511951 0.05182133691606178 0
1967 0.9926162923313118 0.02083333333329074 0
1968 0.9791666666667957 0.007383707668667543 0
1969 0.9898250335377905 0.08360296899949823 0
1970 0.9163970310004494 0.01017496646218414 0
1971 0.9773048762338359 0.08244490839538457 0
1972 0.9175650488008464 0.02384006880614024 0
1973 0.6660305175057297 0.06885337123681623 0
1974 0.7142634774460569 0.04983497585985525 0
1975 0.6184335250443741 0.04904169593496242 0
1976 0.667429363495793 0.1085303512909704 0
1977 0.7446226578599672 0.03656912298148361 0
1978 0.5887106754729565 0.0365691229813354 0
1979 0.6504054410063829 0.03852605433022693 0
1980 0.699712640326124 0.08153703366148507 0
1981 0.6340154083172995 0.08235154411173604 0
1982 0.6854406021885269 0.03263072983420485 0
1983 0.7719342297370926 0.0253324756606923 0
1984 0.5613991035962003 0.02533247566064749 0
1985 0.5963816848041272 0.06104288189484222 0
1986 0.737280182880195 0.06077577497229512 0
1987 0.6111759045628355 0.02508145766084423 0
1988 0.7230071145851041 0.02534454514882001 0
1989 0.6888810623386423 0.05718131314498798 0
1990 0.6446247217328888 0.05922855811333868 0
1991 0.6431508532747002 0.1089932581883497 0
1992 0.6913849078963341 0.1068068977196703 0
1993 0.6648878265072756 0.1331571731074603 0
1994 0.6338809564756751 0.02357547215729549 0
1995 0.7229525747199338 0.07896420479903909 0
1996 0.6110734638733528 0.07849685185469024 0
1997 0.6767947322617572 0.0873882608589566 0
1998 0.6558265826694561 0.08737100413366855 0
1999 0.6685454487923519 0.02132971150694424 0
2000 0.6697425427775301 0.04815715014206555 0
2001 0.7027427124782445 0.02113907274906464 0
2002 0.7567468724842485 0.01749379026901925 0
2003 0.576586460848837 0.01749379026894137 0
2004 0.7665554356617418 0.04170464991174883 0
2005 0.5667778976715041 0.04170464991162728 0
2006 0.6516674337184107 0.1241198067533098 0
2007 0.6836374078574812 0.1245617218466209 0
2008 0.7885531104055877 0.01856719027015275 0
2009 0.5447802229278268 0.01856719027021273 0
2010 0.6183559564669858 0.1008304112439803 0
2011 0.7149065810839217 0.1007639269044928 0
2012 0.6351865663024862 0.03959810259796161 0
2013 0.7052759130078443 0.06552758995353294 0
2014 0.7291489043059531 0.04112137935908988 0
2015 0.6030170268046477 0.04220253671322462 0
2016 0.6235682349980839 0.06874958114135872 0
2017 0.6478780724258808 0.01649953116475202 0
2018 0.685382546020438 0.07423199313937126 0
2019 0.5816687491133959 0.05819824110765158 0
2020 0.7517036954519368 0.05816644266459785 0
2021 0.7353507624699279 0.01649920543434556 0
2022 0.5986592742904782 0.01666043142579927 0
2023 0.7004828032834413 0.03568402720078275 0
2024 0.6856332948872889 0.01386058314235784 0
2025 0.6472269103418073 0.07478087264061661 0
2026 0.7213931078421149 0.0629054117075882 0
2027 0.6221942421175277 0.01391814859449629 0
2028 0.735420734779729 0.07342640658400607 0
2029 0.5967483040538322 0.07488324256078932 0
2030 0.6224356511214566 0.03502731252318318 0
2031 0.6114116940869271 0.06173274510354352 0
2032 0.6562648249275453 0.05061168533445562 0
2033 0.672241608930781 0.03396193142397618 0
2034 0.5548434765518739 0.03824379828646615 0
2035 0.7784898567818737 0.03824379828615856 0
2036 0.7050193908404503 0.1106882427481663 0
2037 0.6285367537865206 0.1114292975419985 0
2038 0.7681159420288077 0.01205316552872111 0
2039 0.565217391304372 0.0120531655286537 0
2040 0.712333118001654 0.01345521969278829 0
2041 0.8014889241980225 0.01324864849386081 0
2042 0.5318444091354206 0.01324864849395408 0
2043 0.6893621583402427 0.09254472168781491 0
2044 0.666454899981018 0.1473886896803084 0
2045 0.8115942028984857 0.008841367359894079 0
2046 0.5217391304348488 0.008841367359778841 0
2047 0.6551260783888287 0.1018086358699522 0
2048 0.6782630425687112 0.100933125452948 0
2049 0.6952042258523108 0.119575577007697 0
2050 0.636965214166396 0.1206205410848195 0
2051 0.7151815092330277 0.03638625559623248 0
2052 0.6846765500922027 0.04537622071127397 0
2053 0.6092321019311387 0.09176549866987513 0
2054 0.7241012314023668 0.09176549866985663 0
2055 0.6435340607612552 0.09295669577471294 0
2056 0.5924367002432147 0.04927902935873383 0
2057 0.7406163153178964 0.04910950033027787 0
2058 0.7563320711497912 0.03182336696778997 0
2059 0.5770012621832837 0.03182336696767488 0
2060 0.6003237840412234 0.03028571582149811 0
2061 0.7350343656820317 0.02925083637470867 0
2062 0.6764251795971755 0.06109136059403231 0
2063 0.6662799790762479 0.08184631156863914 0
2064 0.6098841450636987 0.01113200753622796 0
2065 0.6988609018398855 0.05185813388793663 0
2066 0.6367535872525962 0.01070936003422525 0
2067 0.6666199630767989 0.09464628152918914 0
2068 0.7472954458917695 0.0695453819285297 0
2069 0.5859240804535961 0.06979620212029558 0
2070 0.6539204274317978 0.1371781159283808 0
2071 0.6787462096473222 0.1369159165588221 0
2072 0.6339565071084048 0.05544827054835801 0
2073 0.6562805629907438 0.06441215330694412 0
2074 0.6686880092804133 0.122142144263901 0
2075 0.6965091797396574 0.01107214471114489 0
2076 0.6214758649040989 0.08640362415212527 0
2077 0.7123560466969301 0.08769281387748171 0
2078 0.5466453800077489 0.03090978692041214 0
2079 0.7866879533258757 0.0309097869202105 0
2080 0.7239932714749837 0.01105979405519077 0
2081 0.6369823732350754 0.06830473409416102 0
2082 0.6450567684230231 0.0282689844483208 0
2083 0.7021236208640005 0.09667227276651852 0
2084 0.5545691986381694 0.01119056629190278 0
2085 0.7787641346951109 0.01119056629191323 0
2086 0.6608862251087394 0.01143792803826852 0
2087 0.7278929170016673 0.05355862838867832 0
2088 0.6322274513989412 0.09863252640733461 0
2089 0.6572123476316292 0.1131188392732966 0
2090 0.6582735751624258 0.0271887387453808 0
2091 0.6745921481212171 0.01126162174860292 0
2092 0.6944298099016157 0.06670904221107447 0
2093 0.6800544752866855 0.1137581348649283 0
2094 0.6442823801010845 0.04838932560929481 0
2095 0.7122965197404696 0.07496064257175294 0
2096 0.6918451319982689 0.02333170759651134 0
2097 0.6045582663388372 0.05319573984006035 0
2098 0.7116321035416525 0.02635476196083602 0
2099 0.745580583494879 0.02370635206395838 0
2100 0.5882030031410778 0.02390570297026489 0
2101 0.6797163724864057 0.02272938087543289 0
2102 0.7536793209884423 0.04507755565009903 0
2103 0.5793618966223346 0.04535587104238388 0
2104 0.7453967713233076 0.01060179035640328 0
2105 0.5879365620096879 0.01060179035634029 0
2106 0.6652450383890884 0.05830510983653049 0
2107 0.661385598560933 0.03968911199522102 0
2108 0.6001076771477104 0.08521092600378989 0
2109 0.7336100471689448 0.0848514648609703 0
2110 0.6741825908922697 0.07468225947956311 0
2111 0.658328910516797 0.07545274257733693 0
2112 0.5695760950496532 0.05456081592728036 0
2113 0.7637572382831994 0.0545608159276799 0
2114 0.6224216885693737 0.0244005977339548 0
2115 0.6039037867045598 0.06903893035346632 0
2116 0.6121301865315424 0.03582623677957628 0
2117 0.3335569950639435 0.06885441417363483 0
2118 0.3815664749550787 0.04904169593519694 0
2119 0.2857365225534624 0.04983497585964441 0
2120 0.3324544882670758 0.1085317439478516 0
2121 0.411289324526634 0.03656912298148011 0
2122 0.2553773421396244 0.03656912298134271 0
2123 0.3495945589931218 0.03852605433029409 0
2124 0.3658065908690784 0.08234738618624486 0
2125 0.3001354396588033 0.08154604542859395 0
2126 0.3145593978110242 0.03263072983412346 0
2127 0.4386008964037483 0.02533247566069351 0
2128 0.22806577026277 0.02533247566062461 0
2129 0.2627198171193661 0.06077577497214684 0
2130 0.4036183151954187 0.06104288189496239 0
2131 0.3888240954366812 0.02508145766096877 0
2132 0.2769928854144046 0.02534454514870053 0
2133 0.3111189376607297 0.05718131314477787 0
2134 0.3555427834243185 0.05908534111108044 0
2135 0.3086150921035022 0.106806897719197 0
2136 0.3566567112220169 0.1089099252126218 0
2137 0.3351121734927123 0.1331571731075321 0
2138 0.366119043523832 0.02357547215734706 0
2139 0.3889265361261278 0.07849685185500731 0
2140 0.2770474252796929 0.07896420479884603 0
2141 0.3435012923022719 0.08751259129820023 0
2142 0.3225385296265358 0.08724810272409314 0
2143 0.331454551207214 0.02132971150691346 0
2144 0.330257457221914 0.04815715014203698 0
2145 0.2972572875212482 0.02113907274901811 0
2146 0.4234135391509088 0.01749379026901688 0
2147 0.2432531275154337 0.01749379026895136 0
2148 0.4332221023284009 0.04170464991174948 0
2149 0.2334445643381074 0.04170464991160779 0
2150 0.3165720548852063 0.1243392571940366 0
2151 0.3482986407468948 0.1241152102836817 0
2152 0.4552197770722293 0.01856719027016995 0
2153 0.2114468895943723 0.01856719027016341 0
2154 0.2850226231335425 0.1008304112438482 0
2155 0.381573247750692 0.1007639269043898 0
2156 0.3648134336970127 0.03959810259810428 0
2157 0.2944795376195236 0.06532951770674707 0
2158 0.396982973194868 0.0422025367133957 0
2159 0.2708510956935838 0.04112137935892662 0
2160 0.3763780856362566 0.06880937327936802 0
2161 0.3521219275736137 0.01649953116477396 0
2162 0.2482963045477409 0.05816644266445072 0
2163 0.4183312508862993 0.0581982411077541 0
2164 0.4013407257091191 0.01666043142588611 0
2165 0.2646492375296398 0.01649920543427079 0
2166 0.314228862677789 0.0737962221118128 0
2167 0.2995171967160701 0.03568402720063807 0
2168 0.3522526930327246 0.07499476898795751 0
2169 0.3143667051121316 0.01386058314230197 0
2170 0.2786068921574154 0.06290541170731408 0
2171 0.3778057578820014 0.01391814859453678 0
2172 0.4032516959460362 0.07488324256098439 0
2173 0.2645792652200987 0.07342640658384637 0
2174 0.3775643488781338 0.03502731252341946 0
2175 0.3885883059125053 0.06173274510400666 0
2176 0.3437591043801355 0.05059122576275495 0
2177 0.3277583910687398 0.03396193142393644 0
2178 0.4451565234485074 0.03824379828617568 0
2179 0.2215101432183649 0.03824379828633843 0
2180 0.3713485785502416 0.1113378436499727 0
2181 0.2950030158134437 0.1110649041303596 0
2182 0.4347826086954634 0.012053165528717 0
2183 0.2318840579708523 0.0120531655286346 0
2184 0.2876668819977965 0.01345521969271542 0
2185 0.4681555908646532 0.01324864849388906 0
2186 0.1985110758019513 0.01324864849389942 0
2187 0.3558822088721151 0.09286789229202994 0
2188 0.3335451000189628 0.1473886896803131 0
2189 0.4782608695651466 0.008841367359862793 0
2190 0.1884057971013887 0.008841367359711938 0
2191 0.3212259607027962 0.1010571300814265 0
2192 0.3442125989619779 0.1013994070811056 0
2193 0.362986067447815 0.1205949148936163 0
2194 0.3050695251696297 0.1195383284846969 0
2195 0.2848184907665792 0.03638625559600525 0
2196 0.3153234499072448 0.04537622071116489 0
2197 0.2758987685976733 0.0917654986697959 0
2198 0.3907678980691672 0.09176549866977808 0
2199 0.3100361626697457 0.09254420284279613 0
2200 0.2593836846816813 0.04910950033011031 0
2201 0.4075632997563305 0.04927902935890259 0
2202 0.4229987378164541 0.0318233669677891 0
2203 0.2436679288499139 0.0318233669676717 0
2204 0.399676215958343 0.03028571582161842 0
2205 0.2649656343175097 0.02925083637457508 0
2206 0.3233795656467005 0.06090965045613097 0
2207 0.3331248850547446 0.08184776649987638 0
2208 0.3901158549358745 0.01113200753627833 0
2209 0.3011017711327088 0.05181150570305992 0
2210 0.3632464127468286 0.01070936003423815 0
2211 0.332842959152567 0.0945994569387589 0
2212 0.4140759195464621 0.06979620212033197 0
2213 0.2527045541081816 0.06954538192843107 0
2214 0.3212690573163768 0.1368997019339009 0
2215 0.3460781007189637 0.1371779165120618 0
2216 0.3660295047327598 0.05550481688618049 0
2217 0.3434971258483142 0.06456128050783635 0
2218 0.3313151284119671 0.1221087832426219 0
2219 0.3034908202596645 0.01107214471108312 0
2220 0.2875360382208829 0.08777188090112305 0
2221 0.3784656226184204 0.08598204934881999 0
2222 0.3626455504993075 0.06883808422281212 0
2223 0.2133120466742716 0.03090978692031647 0
2224 0.4533546199925067 0.03090978692024166 0
2225 0.2760067285244842 0.01105979405513735 0
2226 0.3549432315764812 0.02826898444837881 0
2227 0.367626825768925 0.09803532377805171 0
2228 0.4454308013617656 0.01119056629191609 0
2229 0.2212358653046797 0.01119056629188452 0
2230 0.3391137748908758 0.0114379280382736 0
2231 0.2721070829977867 0.05355862838849306 0
2232 0.2977247285999867 0.09676072371098632 0
2233 0.3425875135219865 0.1130130139535765 0
2234 0.3417264248371019 0.0271887387453966 0
2235 0.325407851878295 0.01126162174857348 0
2236 0.3199265781961552 0.11372594425714 0
2237 0.3555966067462609 0.04816895925580776 0
2238 0.287631425335054 0.07494492922081611 0
2239 0.3081548680012546 0.02333170759642222 0
2240 0.3954417336604341 0.05319573984030004 0
2241 0.2883678964577794 0.02635476196058843 0
2242 0.4117969968585715 0.02390570297036536 0
2243 0.2544194165047411 0.02370635206385972 0
2244 0.3202836275131098 0.0227293808753785 0
2245 0.305578980284501 0.06652013821482744 0
2246 0.4206381033773303 0.04535587104255868 0
2247 0.2463206790112124 0.04507755564990652 0
2248 0.4120634379899704 0.01060179035640151 0
2249 0.2546032286763251 0.01060179035634669 0
2250 0.3346727040554535 0.05829980375776829 0
2251 0.3386191873002026 0.03968502008088381 0
2252 0.3411865982603997 0.07555416429350106 0
2253 0.2663899528310403 0.08485146486087783 0
2254 0.3998923228524334 0.08521092600387267 0
2255 0.4304239049498633 0.05456081592767669 0
2256 0.2362427617163503 0.05456081592730688 0
2257 0.3775783114301621 0.02440059773406801 0
2258 0.3253657676139427 0.07453123119310961 0
2259 0.396096213295022 0.06903893035374019 0
2260 0.3878698134680513 0.03582623677970839 0
2261 0.1659062247209283 0.1656652536657122 0
2262 0.235795454545446 0.1666666666666668 0
2263 0.09753787878787845 0.1666666666666499 0
2264 0.1639671701856167 0.098368395738446 0
2265 0.1649875946809257 0.2343318388653386 0
2266 0.2149448323008644 0.1215134689371019 0
2267 0.2148363606680147 0.214864612288168 0
2268 0.1192652014807736 0.1201256943238865 0
2269 0.1193036294260898 0.2124793094513505 0
2270 0.2772549260043933 0.1670111647255506 0
2271 0.05607840732893787 0.1663221686077719 0
2272 0.1670111647255633 0.05607840732893475 0
2273 0.1670111647255554 0.27725492600441 0
2274 0.2021389161568735 0.1562214659233198 0
2275 0.1311079339928885 0.1528599190452346 0
2276 0.1768838046237964 0.203763077522569 0
2277 0.2468116620529434 0.1317446316542752 0
2278 0.2476463826041866 0.2010941881727506 0
2279 0.1322391451605995 0.08568695072912766 0
2280 0.08568695072913957 0.2010941881727421 0
2281 0.2016424513580758 0.08500863660331576 0
2282 0.0847347819646241 0.1318451832892019 0
2283 0.2014881500441241 0.2485985513687229 0
2284 0.134831028454365 0.2477231724221192 0
2285 0.1733176513069026 0.1297575401226531 0
2286 0.1401627694875772 0.1868630857570619 0
2287 0.2111843084154676 0.1807808741253503 0
2288 0.1508431088709536 0.1195531086867869 0
2289 0.1466513742327042 0.2135154153724787 0
2290 0.2380401401665865 0.1084475731043157 0
2291 0.2380766606307854 0.2255889549095278 0
2292 0.0955553387774563 0.2258236131329522 0
2293 0.1089172196087971 0.0982424539939452 0
2294 0.1097063353279198 0.1903191922170727 0
2295 0.1898997798453241 0.1109610357662456 0
2296 0.2721969293119607 0.1924882367718001 0
2297 0.2735223902760575 0.1405456835015747 0
2298 0.05981094305727442 0.1927876498317469 0
2299 0.1405456835015914 0.05981094305726705 0
2300 0.05928683234244854 0.1424480508439142 0
2301 0.1908852824894275 0.0592868323424538 0
2302 0.1433162003476407 0.275022133624013 0
2303 0.1908852824894168 0.2740465009908862 0
2304 0.2247857199995431 0.1435477526609623 0
2305 0.189475260867498 0.2227133831660998 0
2306 0.1094252481777169 0.1448587710595522 0
2307 0.3024105405204183 0.1669159373967923 0
2308 0.03092279281290874 0.1664173959365234 0
2309 0.1669159373968137 0.03092279281290406 0
2310 0.1669159373967967 0.3024105405204451 0
2311 0.1540419982256711 0.1456975941130151 0
2312 0.187076977185941 0.1756622752398555 0
2313 0.08914108944040587 0.1097300051411183 0
2314 0.2236033281922086 0.08914108944039373 0
2315 0.1106780040936208 0.2429566616759874 0
2316 0.2236033281921979 0.2441922438929494 0
2317 0.2539658694405702 0.1565256450670414 0
2318 0.07810676891140921 0.1780103894125672 0
2319 0.1579044642821328 0.0763780878628183 0
2320 0.1579010498295319 0.2569503406864029 0
2321 0.2538137682626936 0.1793266481680257 0
2322 0.0799288262465475 0.1534747280159744 0
2323 0.1794080972562991 0.08000016112908998 0
2324 0.1798586053173427 0.2534045070867984 0
2325 0.1960284247710409 0.1341479831929214 0
2326 0.1615724992160588 0.1886293789174023 0
2327 0.2308786283693227 0.1902373657844469 0
2328 0.1807861794898305 0.1515910456161035 0
2329 0.1338875623708724 0.1347142331368076 0
2330 0.1988041195628409 0.1995540712744422 0
2331 0.1339355018679908 0.1056309523974448 0
2332 0.1316744939310353 0.2290137033835032 0
2333 0.1174361837546287 0.168049658543215 0
2334 0.1438651520092991 0.1714911021779904 0
2335 0.2902598640148284 0.1836384718562109 0
2336 0.2887240725606978 0.1484236424018613 0
2337 0.04460926077262709 0.1849096909314569 0
2338 0.1484236424018798 0.04460926077262159 0
2339 0.04403627035233336 0.1496434948327261 0
2340 0.1836898385006119 0.04403627035233188 0
2341 0.1498069119072903 0.2892302438761875 0
2342 0.1836898385005957 0.2892970629810126 0
2343 0.1681414916068967 0.2170554737202167 0
2344 0.2533893646160417 0.2198199581497791 0
2345 0.2543392727704432 0.1159503391896615 0
2346 0.07984833179440461 0.2160286309009855 0
2347 0.1169268966597591 0.07738218788578408 0
2348 0.06916490938238153 0.1209563867920758 0
2349 0.1183027940842036 0.2671116887017246 0
2350 0.2123881929927591 0.06918486963305143 0
2351 0.2123769465413053 0.2641684239509156 0
2352 0.213524374012596 0.1652990818444879 0
2353 0.09744972876608343 0.1859031001308973 0
2354 0.106200355255914 0.2044828843157806 0
2355 0.2134574294104701 0.09686712507061834 0
2356 0.09928275063341997 0.1204076936092327 0
2357 0.2121647588770748 0.2337422752376104 0
2358 0.1482942234544959 0.2391051847628584 0
2359 0.1485115750407897 0.09434702665630905 0
2360 0.2285424062368495 0.2049768153107357 0
2361 0.2313675002847586 0.1239564064737073 0
2362 0.1649698730664715 0.1157450830664623 0
2363 0.1332800200346284 0.2027138610212117 0
2364 0.2412021140611654 0.1466979823087362 0
2365 0.2685595113868227 0.2072992234179328 0
2366 0.2682976876599358 0.1246730573037843 0
2367 0.06507270797520223 0.2086015173854605 0
2368 0.1243022024753314 0.06442887821303908 0
2369 0.1180237665858535 0.2285855061036206 0
2370 0.1872890896056326 0.09456246674503649 0
2371 0.1999021611991822 0.1714703427340913 0
2372 0.2177197715658545 0.1988570382552361 0
2373 0.09529236248252239 0.1514906889449981 0
2374 0.1818118633891981 0.2379964117089047 0
2375 0.1314481028423886 0.1743424975636215 0
2376 0.1508019333755092 0.198598232179009 0
2377 0.2112717552001762 0.1353712168430012 0
2378 0.1587124429213764 0.1310939428701445 0
2379 0.2375030996056952 0.0936315055165835 0
2380 0.237507447279998 0.2397855414691982 0
2381 0.09292545296707429 0.09552982980052713 0
2382 0.09655651580747593 0.2389912679786122 0
2383 0.1242207151800383 0.09690309894596769 0
2384 0.189796166322798 0.1604068036793035 0
2385 0.2222086835942102 0.1103109614602586 0
2386 0.2227719929768708 0.2244112834298953 0
2387 0.1091600106312488 0.1104967994940337 0
2388 0.1648235973043528 0.2016910202247782 0
2389 0.2573255398570636 0.1436629261244298 0
2390 0.0747006256947626 0.1904596835040716 0
2391 0.1461679509290779 0.07751775010970295 0
2392 0.1471285179945619 0.2567216117830218 0
2393 0.1555680718514902 0.2256350529829872 0
2394 0.2675107469764538 0.1789641454285545 0
2395 0.06564235512446658 0.1548076735461176 0
2396 0.1784982965667919 0.06564668790401604 0
2397 0.1785256597872034 0.2676909782088787 0
2398 0.1239551265287029 0.1425986947745331 0
2399 0.2045105981642855 0.05603167886455336 0
2400 0.2045087237557064 0.2773049811772211 0
2401 0.05602835215608687 0.128824609577657 0
2402 0.1286441342308528 0.2776774035501931 0
2403 0.1344011340423094 0.1203235114956075 0
2404 0.1550803836994142 0.1069035138740559 0
2405 0.1080293942502746 0.1584509902164546 0
2406 0.2003191275509335 0.2121074219688042 0
2407 0.1725834833841229 0.1785541961053543 0
2408 0.167821084569193 0.1524033457767285 0
2409 0.12600386879395 0.1897049828812828 0
2410 0.2871713441069356 0.1351673131124974 0
2411 0.2853127704898313 0.1955508546110789 0
2412 0.04616198922639281 0.1981660202208251 0
2413 0.1351673131125117 0.04616198922638941 0
2414 0.200663903110786 0.1230074270237801 0
2415 0.1864593269939529 0.1250250818817025 0
2416 0.07534923849072303 0.1092052741564095 0
2417 0.109205274156411 0.2579840948426161 0
2418 0.2241280591769668 0.07534923849074303 0
2419 0.2241280591769667 0.2579840948425943 0
2420 0.09495745887491544 0.2101368088916112 0
2421 0.1066769795813819 0.2185045551956707 0
2422 0.2677125718137284 0.1550514945055505 0
2423 0.06519278439245568 0.178613835068018 0
2424 0.1556988018421803 0.06537419162017787 0
2425 0.1563200800853334 0.268359286233699 0
2426 0.3140669014689134 0.1666666666666667 0
2427 0.01926643186441462 0.1666666666666629 0
2428 0.1666666666666711 0.01926643186441195 0
2429 0.1666666666666673 0.3140669014689346 0
2430 0.2496707126099244 0.2312869653117477 0
2431 0.2496707126099334 0.1020463680215948 0
2432 0.08366262072341683 0.2312869653117388 0
2433 0.1022717374587837 0.08423123013505411 0
2434 0.2589337610760875 0.1937236324857318 0
2435 0.0740031351693179 0.1431599922421312 0
2436 0.1918244710997619 0.07521678924343975 0
2437 0.1901733410911993 0.2593301981640268 0
2438 0.2416388252162567 0.2111655770043274 0
2439 0.1799286542005424 0.2153363407176883 0
2440 0.1765540492448128 0.1048672113957416 0
2441 0.2276659539692343 0.1575296867038303 0
2442 0.2256711572044217 0.1753704675928776 0
2443 0.2137696304255569 0.1502228916996359 0
2444 0.1065877295747248 0.175858723542265 0
2445 0.1188988417677004 0.1999400459773396 0
2446 0.1970667689491958 0.2868797090297719 0
2447 0.1970671438309169 0.04645428964525314 0
2448 0.1364367826304519 0.2871359562100405 0
2449 0.04645362430354529 0.1362665643841546 0
2450 0.3019625504281197 0.1796895312404778 0
2451 0.3017203323826784 0.1533847721126599 0
2452 0.03161300095064253 0.1799485612206574 0
2453 0.1533847721126806 0.03161300095063742 0
2454 0.03137078290522615 0.1536438020928427 0
2455 0.1796895312404906 0.03137078290522559 0
2456 0.1536438020928654 0.3019625504281226 0
2457 0.1796895312404719 0.3019625504281201 0
2458 0.1979749930249726 0.1861725922234828 0
2459 0.1404986785178036 0.1450508917863171 0
2460 0.1123300321294297 0.1323930660499696 0
2461 0.09808181705610784 0.1366343320798246 0
2462 0.1959764041747335 0.2357641831794972 0
2463 0.1758240818314629 0.2266114607843441 0
2464 0.1581097498292348 0.1749398354572807 0
2465 0.2426396438186829 0.1200247376054899 0
2466 0.2485436479141431 0.16773246006517 0
2467 0.08472603032857551 0.1654610640516372 0
2468 0.167510865119834 0.08443246271176442 0
2469 0.1678344798796936 0.2486665200153199 0
2470 0.2346904516823348 0.1363315749561598 0
2471 0.1927815999978265 0.1470421592994244 0
2472 0.2401160855681403 0.1780968740802756 0
2473 0.1555629306824373 0.1604933206976143 0
2474 0.2903635307736908 0.1607675775764598 0
2475 0.0429698025596351 0.1725657557568572 0
2476 0.160767577576479 0.04296980255963074 0
2477 0.161041294157405 0.2904882623338619 0
2478 0.08287036414593776 0.1192871535427853 0
2479 0.1215880427645521 0.2523040623007711 0
2480 0.2150438922260961 0.08311019184762447 0
2481 0.2139685388877857 0.2504315092422449 0
2482 0.1997567322992521 0.09984136591848423 0
2483 0.185463969588441 0.191524939793595 0
2484 0.1321405288315972 0.2163073423550329 0
2485 0.2627341713124978 0.1669793372695415 0
2486 0.07094583776659831 0.1663189589561086 0
2487 0.1673383682456636 0.07073569803140828 0
2488 0.1675073384637403 0.2626257968248252 0
2489 0.1453974874914978 0.1327388803481131 0
2490 0.1195365314433453 0.1551360196949333 0
2491 0.1054981209691577 0.2309723208173686 0
2492 0.1659729867393008 0.1402576404521625 0
2493 0.2447589558019201 0.1899237746386968 0
2494 0.279797175571105 0.2044843296267803 0
2495 0.2799959719949954 0.1268523078053502 0
2496 0.0533392908625922 0.2064779664565431 0
2497 0.1272001308965137 0.05314516056603368 0
2498 0.1257261218010046 0.2397721405839082 0
2499 0.1220379967242615 0.1085149630886097 0
2500 0.1887190063534989 0.207225139832346 0
2501 0.119231601633401 0.1794737065965169 0
2502 0.1722654708233544 0.1928325225127397 0
2503 0.1420569992306599 0.156598485391797 0
2504 0.1845826803384846 0.1369858282924812 0
2505 0.08640370019244016 0.1435706366747908 0
2506 0.1896858213444605 0.2469773992389004 0
2507 0.2223568664875362 0.1321999009311735 0
2508 0.2281738003217214 0.2338717867364199 0
2509 0.2279346595890944 0.09948078341647615 0
2510 0.09949654335738387 0.1052954151784523 0
2511 0.132301786312696 0.2627600120636404 0
2512 0.2791014188373853 0.177729899373897 0
2513 0.05423191449596452 0.1556034339594084 0
2514 0.1777298993739282 0.05423191449596031 0
2515 0.1777298993739161 0.2791014188373817 0
2516 0.08229013827599189 0.1001937426684733 0
2517 0.09980611324573965 0.2507897962587637 0
2518 0.2340701893367539 0.08258821399724785 0
2519 0.2338046208878124 0.2508363854060462 0
2520 0.2032074932830445 0.1442488584861045 0
2521 0.2589457664319909 0.1316568106685644 0
2522 0.07438756690134476 0.2016765226647572 0
2523 0.1318504663199542 0.0736619419511558 0
2524 0.123791802719732 0.1306047557767199 0
2525 0.08973537990841855 0.1764477609690907 0
2526 0.2560153650836249 0.2087243972694304 0
2527 0.1427350790499584 0.2262835045373042 0
2528 0.2382564880129594 0.1987893713132655 0
2529 0.1749458542824391 0.0924461395440157 0
2530 0.2014157491290236 0.2246001732137132 0
2531 0.0967307428449517 0.197099832480631 0
2532 0.1773283526121356 0.1640471533471762 0
2533 0.1509024207835358 0.1841043268977488 0
2534 0.2308153530967015 0.2167439873399902 0
2535 0.2656884412092141 0.219097060629017 0
2536 0.2663004070488705 0.1136477570216361 0
2537 0.0669734541072283 0.2197180889710663 0
2538 0.1136919044444941 0.06687121781963218 0
2539 0.1443300710132371 0.1092227505207773 0
2540 0.1369126949440787 0.09747787385641019 0
2541 0.1366521893381718 0.2363795411379386 0
2542 0.1572291731678418 0.2471550992225883 0
2543 0.2199535513850344 0.1877966142715853 0
2544 0.1568124051114902 0.08620874461580814 0
2545 0.200250199220862 0.06894576133736281 0
2546 0.1998864887843504 0.2646897311303545 0
2547 0.06864360220297178 0.133446844548996 0
2548 0.259999703687125 0.2277907968180198 0
2549 0.2601263557882455 0.1052471776032456 0
2550 0.07320653505291522 0.2274891538577822 0
2551 0.1054316154196176 0.07309300821948528 0
2552 0.1773342507198832 0.1175026004976476 0
2553 0.2801524823489057 0.156059129501874 0
2554 0.05318085098441944 0.1772742038314395 0
2555 0.1560591295018947 0.05318085098441572 0
2556 0.1560591295018944 0.2801524823489202 0
2557 0.2067284699553721 0.1108142310897358 0
2558 0.2429960748458077 0.1588181527155486 0
2559 0.1309084838788684 0.1630796137361319 0
2560 0.3116299939255933 0.1764767225774883 0
2561 0.3121223460521837 0.1563373281583476 0
2562 0.1764767225775263 0.02170333940772898 0
2563 0.02170333940773489 0.1568566107558164 0
2564 0.1764767225775231 0.3116299939256196 0
2565 0.1571151953723984 0.3114330530749749 0
2566 0.02121098728115446 0.1769960051749649 0
2567 0.1563373281583683 0.02121098728114744 0
2568 0.1581176663388089 0.2111679409300006 0
2569 0.1150361222192824 0.08894180322601683 0
2570 0.2902254717631392 0.1726254303615647 0
2571 0.04326832840916762 0.1606993418643549 0
2572 0.1726339914689811 0.04326832840916454 0
2573 0.1726796108991235 0.2900857935175385 0
2574 0.08687272670625432 0.1888816339813852 0
2575 0.2083956362399435 0.1929729847437817 0
2576 0.208064643005166 0.2043739834751905 0
2577 0.1754339869267797 0.1422859618395521 0
2578 0.5 0.1666666666666666 0
2579 0.569502827986707 0.1668452272741077 0
2580 0.5000000000000302 0.2357954545454615 0
2581 0.50035095898682 0.09901210224165309 0
2582 0.4299796343605176 0.168133155934635 0
2583 0.4522618915953857 0.2115546611154864 0
2584 0.5448879944488265 0.2144047750713124 0
2585 0.5481696940013612 0.118468721045165 0
2586 0.4518020543785212 0.1184969726653155 0
2587 0.6105882593377132 0.1670111647255462 0
2588 0.5003444980589027 0.2772549260044072 0
2589 0.5003444980589054 0.05607840732892704 0
2590 0.3894117406622603 0.1670111647255555 0
2591 0.5375486211389153 0.1758840680583487 0
2592 0.5104946284025739 0.131154928447807 0
2593 0.4878640776699253 0.2012310606060693 0
2594 0.4649227585234957 0.1571442245195591 0
2595 0.5782033041184308 0.2011518855776319 0
2596 0.58097971593752 0.1322391451605965 0
2597 0.4644594558502552 0.2459498350828956 0
2598 0.4655724784939321 0.08568695072913209 0
2599 0.5347340751744624 0.2483342688455856 0
2600 0.5348214833774918 0.0847347819646229 0
2601 0.4195341186244252 0.13310573398561 0
2602 0.418332397821088 0.2014007418411025 0
2603 0.5445176417487916 0.1525524592079837 0
2604 0.521395629161334 0.2029139997828956 0
2605 0.4626188542802898 0.1846194779637126 0
2606 0.4865097613262431 0.1223929651011224 0
2607 0.5713734734999389 0.2248857602290358 0
2608 0.5714099939641434 0.1077443784238038 0
2609 0.4409118551055422 0.236361785817666 0
2610 0.4410777117571624 0.09525667270254874 0
2611 0.6090480057861645 0.1415238661342328 0
2612 0.605530262645312 0.1924882367718073 0
2613 0.4738790168349341 0.2735223902760659 0
2614 0.4748571994675988 0.05761866088050271 0
2615 0.3916445330426512 0.1433162003476449 0
2616 0.5242186158227924 0.2740465009908379 0
2617 0.3926201656757848 0.1908852824894168 0
2618 0.5242186158227939 0.05928683234249516 0
2619 0.5575913153381935 0.1888578897060395 0
2620 0.4781710633291877 0.2244880294221498 0
2621 0.5229656489981468 0.1107330028814189 0
2622 0.4420003607404066 0.1431956129537912 0
2623 0.6357438738537187 0.1669159373967901 0
2624 0.5002492707301495 0.3024105405204518 0
2625 0.5002492707301557 0.03092279281288573 0
2626 0.3642561261462242 0.1669159373967968 0
2627 0.520264409708617 0.1544975219128041 0
2628 0.4877696628666166 0.1462104728844653 0
2629 0.5224615526403833 0.2262115808483317 0
2630 0.4404550858183636 0.1891282193070406 0
2631 0.5569366615255451 0.244192243892948 0
2632 0.5569366615255443 0.08914108944038496 0
2633 0.422474422773734 0.1097300051411268 0
2634 0.4224744227737335 0.2236033281922097 0
2635 0.5874131470201209 0.1553335529741933 0
2636 0.4898589784003935 0.2539658694405895 0
2637 0.4886668863075382 0.07925351964650484 0
2638 0.412723823052104 0.1565353091743612 0
2639 0.5867156209968467 0.1794237154203108 0
2640 0.5125240399685754 0.2540739460695834 0
2641 0.5131919386507061 0.07992882624655577 0
2642 0.4125927205970812 0.1791907066352347 0
2643 0.5120344735335383 0.1838283626618836 0
2644 0.4840495973596153 0.1800154385910435 0
2645 0.5638477478531021 0.1435482481690354 0
2646 0.478728793013225 0.101586646539594 0
2647 0.5321374528961864 0.1337792620588804 0
2648 0.5009897043007236 0.2184642944022302 0
2649 0.4675240399322221 0.1351381436844472 0
2650 0.4540850434118394 0.1681734862107601 0
2651 0.6224504630771388 0.1494488307309731 0
2652 0.6235931973481652 0.1836384718562018 0
2653 0.4817569757352141 0.2887240725607103 0
2654 0.4827821640643302 0.04421620358951129 0
2655 0.3774364227904814 0.1498069119072908 0
2656 0.3773696036856605 0.1836898385005957 0
2657 0.5170231718339555 0.2892970629809923 0
2658 0.517023171833961 0.04403627035234205 0
2659 0.5872559253504237 0.2194817676759686 0
2660 0.5867226979494105 0.1135133751835573 0
2661 0.4498073166369693 0.2553967980249157 0
2662 0.4468467085169061 0.07994396871729563 0
2663 0.3995549779649293 0.1183027940842165 0
2664 0.4023005627565311 0.2127094172698346 0
2665 0.5457102798747796 0.06916490938253642 0
2666 0.546042750603311 0.2643661039100133 0
2667 0.5492304535338959 0.1677640160233546 0
2668 0.5360892082504809 0.2012810942448745 0
2669 0.4659981854296074 0.2022225133839695 0
2670 0.5013128528382842 0.1164896443149194 0
2671 0.545952760422171 0.234566495731814 0
2672 0.5454980922104247 0.09959105809573272 0
2673 0.4321001709348581 0.2126194270888269 0
2674 0.4330552845832196 0.1212811236255744 0
2675 0.5618150372619315 0.128431898125958 0
2676 0.463456161947543 0.1051112817231958 0
2677 0.5635955565009109 0.2101951325998946 0
2678 0.4567310306274724 0.2305588319633407 0
2679 0.4791920288638898 0.1635037312473362 0
2680 0.4257859979501808 0.1468217079676225 0
2681 0.4812360677010719 0.2411835367711399 0
2682 0.5048114460169177 0.1475477486384095 0
2683 0.6019627058332622 0.1257689916372448 0
2684 0.6018928447202003 0.2072992234179217 0
2685 0.4580291087803535 0.2683435680767085 0
2686 0.4591023249705872 0.06470396083344714 0
2687 0.5022243860919018 0.1954454172104543 0
2688 0.5306765591478511 0.2137972837416455 0
2689 0.4528693829250508 0.1973432258145018 0
2690 0.5339575928746322 0.1616488444802528 0
2691 0.4957743555442877 0.1327780639932693 0
2692 0.5515623252129369 0.1341890378139675 0
2693 0.4687476302065667 0.1170636609509235 0
2694 0.5151434007383514 0.09531953894376967 0
2695 0.5732409867511218 0.1875973345036955 0
2696 0.4674672836433576 0.1698971511822816 0
2697 0.5207443344707687 0.1699467229988127 0
2698 0.4982139452551489 0.1798440981720365 0
2699 0.4272771801020721 0.2369537842351286 0
2700 0.5708364329390644 0.2397018278167464 0
2701 0.5708407806133737 0.09354779186414665 0
2702 0.4268811251974763 0.09582588605335023 0
2703 0.5776202888695107 0.143920725451977 0
2704 0.4775619273704575 0.08884099908480432 0
2705 0.5561053263102287 0.2244112834298964 0
2706 0.5561053263102284 0.1089220499034365 0
2707 0.4422553832367968 0.222771992976877 0
2708 0.4422553832367962 0.110561340356463 0
2709 0.4770939666113874 0.2571788058137265 0
2710 0.4085867144594546 0.1441332193660272 0
2711 0.6007927135717935 0.1789757010538304 0
2712 0.5115350493886156 0.2677001091425487 0
2713 0.5118589931205485 0.0656423551244751 0
2714 0.3989665575241032 0.1782017160552789 0
2715 0.5139348233329007 0.2391020296000338 0
2716 0.4275646370666377 0.1806014899995571 0
2717 0.5378974688772495 0.2773379278369796 0
2718 0.5378420570891612 0.05602835215622267 0
2719 0.3893287388295695 0.2045641355437862 0
2720 0.388989263116464 0.1286441342308643 0
2721 0.4382005609160695 0.1588419842413656 0
2722 0.5336734472582905 0.1213066480058278 0
2723 0.4883623281137217 0.214968531516755 0
2724 0.454335340392412 0.1355661365543983 0
2725 0.4685006464458343 0.2871713441069238 0
2726 0.621021745312316 0.1355679873048936 0
2727 0.6186461038231839 0.1955508546110472 0
2728 0.4689013206381938 0.04564492135443161 0
2729 0.4086825718240438 0.1092052741564265 0
2730 0.4086825718240699 0.2241280591769525 0
2731 0.5574613925104328 0.07534923849081017 0
2732 0.557461392510438 0.2579840948425208 0
2733 0.6015713270196268 0.1545426637687734 0
2734 0.4884011123645012 0.2676881161398568 0
2735 0.4878759971021189 0.06509533964700796 0
2736 0.398176236992174 0.1553685440166264 0
2737 0.6474002348022188 0.1666666666666656 0
2738 0.352599765197733 0.1666666666666674 0
2739 0.5000000000000062 0.0192664318643956 0
2740 0.500000000000005 0.3140669014689411 0
2741 0.5926776650967492 0.1398595613176833 0
2742 0.4732368758774739 0.07395966175386408 0
2743 0.5830040459432997 0.2312869653117419 0
2744 0.5830040459433 0.1020463680215913 0
2745 0.4360749442768402 0.2488472263894036 0
2746 0.4353797013549349 0.08366262072341844 0
2747 0.5909320282878207 0.1935116351402522 0
2748 0.5233176588396481 0.2593655365685796 0
2749 0.5235066744245769 0.07400313516932762 0
2750 0.4073011300980779 0.1899843255062763 0
2751 0.5749659644365175 0.1221754481762911 0
2752 0.4564999692854372 0.09160046856666837 0
2753 0.5522697859262129 0.1999280746644675 0
2754 0.4666979068232414 0.2191878481617986 0
2755 0.5257449375949921 0.1889348981794392 0
2756 0.477167860597375 0.1926389514809559 0
2757 0.5139559183286498 0.1187052198530262 0
2758 0.5432015894008526 0.1888919342049162 0
2759 0.559004490537746 0.157962865740457 0
2760 0.5611145470010639 0.175746365611431 0
2761 0.4890900647240997 0.108723897216809 0
2762 0.5304111846402463 0.2868862983616484 0
2763 0.53040010228263 0.04645362430365876 0
2764 0.3797803683049172 0.1970778513068073 0
2765 0.3795307104566198 0.1364367826304595 0
2766 0.6352958837614614 0.1536438020928479 0
2767 0.6352958837614612 0.179689531240486 0
2768 0.4867181054460118 0.3017203323826911 0
2769 0.4869771354262198 0.03137078290519212 0
2770 0.3647041162385459 0.1536438020928637 0
2771 0.3647041162385511 0.1796895312404752 0
2772 0.5130228645738186 0.3019625504281016 0
2773 0.5130228645738254 0.03137078290523334 0
2774 0.5316311668085469 0.1472831818042342 0
2775 0.4810804728933589 0.1349697298593649 0
2776 0.5293356139769377 0.09758509515943051 0
2777 0.4320500570290946 0.1355084835882883 0
2778 0.4527356627438601 0.1509916515330411 0
2779 0.4896449338637588 0.2287646615171786 0
2780 0.515344603400542 0.2159164137621578 0
2781 0.4499907442246969 0.1813566277498494 0
2782 0.5764973527064396 0.2132284461308435 0
2783 0.4516938482390739 0.2429181721083374 0
2784 0.5812046047744603 0.1666420640167904 0
2785 0.5011678132130398 0.2486665200153254 0
2786 0.5010282359792735 0.08585507308894989 0
2787 0.4180001466513455 0.1678344798796977 0
2788 0.4697571280792872 0.2338465352223294 0
2789 0.5101075385191687 0.1072326183849864 0
2790 0.6238027433117664 0.1609816139613378 0
2791 0.4941009109098174 0.2903635307737134 0
2792 0.4943149472947078 0.0428639233548618 0
2793 0.376178404332807 0.1610412941574053 0
2794 0.4152200735667738 0.1203457688008303 0
2795 0.416416256034728 0.2143950461210783 0
2796 0.547728379454457 0.2502504106318806 0
2797 0.5473018722211549 0.08290182409116219 0
2798 0.5298030214400415 0.2362618307370909 0
2799 0.4304048359295918 0.1964696881066938 0
2800 0.473702794833 0.1468525176708038 0
2801 0.5200158613836587 0.1411031371230252 0
2802 0.440045950966354 0.1743724939072012 0
2803 0.5105461367349159 0.227097954631643 0
2804 0.5960236391958649 0.1667512168613477 0
2805 0.5002463384118897 0.2627807662445208 0
2806 0.5003068038916481 0.07120516499873795 0
2807 0.4038196344605287 0.1669394021102521 0
2808 0.4936134749280171 0.1582057795331881 0
2809 0.5086757804092742 0.1602186683359882 0
2810 0.6140004246182864 0.1279064749135148 0
2811 0.6131305089045155 0.2044843296267121 0
2812 0.4601868238825275 0.2799983606047678 0
2813 0.4612398082468231 0.05266624204848114 0
2814 0.5228627237511255 0.2474275223641747 0
2815 0.4192391443024954 0.1895293904177729 0
2816 0.5658590529988278 0.1974279935887319 0
2817 0.490168967269996 0.1898462315930028 0
2818 0.5230216118701336 0.08635578739291265 0
2819 0.5726356085923042 0.1555948893036418 0
2820 0.4888600820958745 0.09471159228831334 0
2821 0.5225131473380223 0.1268967060875876 0
2822 0.4772571314808186 0.2096071762010686 0
2823 0.5617496732813871 0.2339274197911414 0
2824 0.56150713365508 0.09946154659691304 0
2825 0.4327102636352327 0.22830036380687 0
2826 0.4328044202476259 0.105167736303839 0
2827 0.4039216134624496 0.1313079751358655 0
2828 0.6124347521707288 0.1777298993738841 0
2829 0.5110632327072783 0.2791014188373641 0
2830 0.5110632327072803 0.05423191449596821 0
2831 0.3875652478292942 0.1777298993739181 0
2832 0.5347563776198546 0.2250483932260389 0
2833 0.44161827344065 0.2014230442865099 0
2834 0.4158302812606084 0.0995287124455586 0
2835 0.4158591482361801 0.2337642664384721 0
2836 0.5671379542212331 0.08249694792732555 0
2837 0.5674035226701748 0.2507451193360444 0
2838 0.4905408265399291 0.1699109561152672 0
2839 0.4649901440019246 0.2589457664319974 0
2840 0.5087801309512953 0.1723140518891155 0
2841 0.5890065223531672 0.2089861270547736 0
2842 0.5896336600828145 0.1249163347922524 0
2843 0.4583729025306121 0.07701758116963442 0
2844 0.5744629337058456 0.1755893321945061 0
2845 0.571185844615083 0.1351437303272797 0
2846 0.468363866022119 0.09456526932867891 0
2847 0.5347490824623689 0.1087331601196144 0
2848 0.4426486194247309 0.1308096658774735 0
2849 0.5641486864300472 0.1165893459933497 0
2850 0.4504816470789401 0.1033788817500007 0
2851 0.4470209126769236 0.2663808302027514 0
2852 0.4474228622806035 0.06740898773096309 0
2853 0.5990300632476764 0.2190937434048853 0
2854 0.5992576789356877 0.1140895289473098 0
2855 0.4725176411406009 0.1797198775966944 0
2856 0.462644119284998 0.1451385347924499 0
2857 0.5084847337190109 0.2055370123325845 0
2858 0.5530918021702536 0.1455667143832407 0
2859 0.5332421138634926 0.2646900676303992 0
2860 0.5332198221177606 0.06864360220304094 0
2861 0.4019765990362102 0.1999087805300833 0
2862 0.5140454715220751 0.1946450824427035 0
2863 0.5933943306272722 0.2283201959106148 0
2864 0.5933943306272721 0.1050131374227198 0
2865 0.4383464707561601 0.2600609972938264 0
2866 0.4383464707561754 0.07327233603953308 0
2867 0.4786291325405303 0.1127297142496021 0
2868 0.6134858156822278 0.1560591295018544 0
2869 0.4893924628352455 0.2801524823489262 0
2870 0.48939246283525 0.05318085098440785 0
2871 0.386514184317748 0.1560591295018969 0
2872 0.4922688700217407 0.2423221634234342 0
2873 0.4245762147061475 0.1594038155851298 0
2874 0.4896706614916619 0.3121223460522307 0
2875 0.509810055910897 0.02170333940771126 0
2876 0.5098100559108957 0.3116299939256249 0
2877 0.6449633272588969 0.1764767225774385 0
2878 0.6447663864082742 0.1571151953724658 0
2879 0.4904485287057603 0.02190028025835185 0
2880 0.3550366727410517 0.176476722577521 0
2881 0.3552336135916936 0.1571151953724003 0
2882 0.5497373052825844 0.179428854720818 0
2883 0.6235764516305922 0.1726611030923743 0
2884 0.5059673248023202 0.2900650049241717 0
2885 0.5060029975331392 0.04325068187503636 0
2886 0.3765808731491329 0.1726796108991244 0
2887 0.5418048003132647 0.1403442984409475 0
2888 0.5413979763385129 0.1289593498581404 0
2889 0.4735675424073245 0.126324184393247 0
2890 0.4631953214634094 0.1265178196496663 0
2891 0.4975850459790566 0.2071292632136187 0
2892 0.8333333333333334 0.1666666666666667 0
2893 0.8333333333333345 0.2357954545454475 0
2894 0.9033536989728248 0.1681331559346497 0
2895 0.8333333333333574 0.09753787878787396 0
2896 0.7638321619471276 0.1674865796610841 0
2897 0.8810863169581107 0.2115332031284761 0
2898 0.8782519918158678 0.1189491969791992 0
2899 0.7852684468427513 0.2156073073862468 0
2900 0.7855952249287196 0.1217786722178534 0
2901 0.8326444941479663 0.2748281823063989 0
2902 0.8336778313922465 0.0560784073289337 0
2903 0.7227450739956059 0.1670111647255533 0
2904 0.9439215926710727 0.1670111647255799 0
2905 0.8445150127289214 0.202496781207947 0
2906 0.8680864367609239 0.1580475471536179 0
2907 0.8211974110032536 0.1321022727272661 0
2908 0.7992705236650466 0.1782686826949406 0
2909 0.8688695287940278 0.2459322179937914 0
2910 0.9125988846604667 0.1311304712060018 0
2911 0.9150009355122528 0.2014007418411264 0
2912 0.7989058118272483 0.2476463826041937 0
2913 0.8681231720793026 0.085010298965258 0
2914 0.7984112983209575 0.08652167128038787 0
2915 0.7514014486312723 0.2014881500441019 0
2916 0.7525681469249692 0.1327708345143499 0
2917 0.8695806664495548 0.1880622958279988 0
2918 0.81921912587465 0.2111843084154691 0
2919 0.8547289624946703 0.1304193335504689 0
2920 0.7959521876136161 0.148713855369629 0
2921 0.8924214782278079 0.2363617858176741 0
2922 0.9030284524843406 0.1075785217722189 0
2923 0.77441104509048 0.2380766606307808 0
2924 0.77511423977101 0.09529319316676665 0
2925 0.8593964287037865 0.2735353206051428 0
2926 0.8075117632282018 0.2721969293119652 0
2927 0.9401890569427378 0.1405456835016093 0
2928 0.8072123501682709 0.05981094305726676 0
2929 0.7249778663759352 0.1433162003476789 0
2930 0.7259534990090749 0.190885282489388 0
2931 0.8575519491561228 0.05928683234248629 0
2932 0.940713167657512 0.1908852824894616 0
2933 0.8567575523870987 0.2243702853884787 0
2934 0.8910369520551541 0.1432424476129176 0
2935 0.8115043966625186 0.1088453039111854 0
2936 0.7761256718341485 0.1881890361576785 0
2937 0.8335826040634597 0.3024105405204099 0
2938 0.6975894594795846 0.1669159373967957 0
2939 0.8335826040635039 0.03092279281289884 0
2940 0.9690772071871084 0.1669159373968397 0
2941 0.821158935736689 0.1869481563011934 0
2942 0.8928782475149958 0.1891282193070479 0
2943 0.8567045751130747 0.1065240610496553 0
2944 0.7728463957131739 0.1438856804262908 0
2945 0.9108589105596039 0.2236033281922144 0
2946 0.89026999485889 0.08914108944040913 0
2947 0.7558077561070593 0.2236033281921981 0
2948 0.7558077561070736 0.1097300051411299 0
2949 0.8434646908256488 0.2539428436145478 0
2950 0.9206095102812354 0.1565353091743757 0
2951 0.8231923117337272 0.07936746389274527 0
2952 0.7457028256263454 0.1563691440722523 0
2953 0.8206733518319742 0.2538137682626963 0
2954 0.9207406127362515 0.1791907066352446 0
2955 0.8461203044772585 0.07987519053355474 0
2956 0.7465954929131907 0.1798586053173307 0
2957 0.8504950293285389 0.1787011402002076 0
2958 0.8461267471444988 0.1503771510679176 0
2959 0.8173829306929483 0.1533178947422968 0
2960 0.8097626342155526 0.2308786283693263 0
2961 0.8837856497917981 0.1689436871190577 0
2962 0.801804199582824 0.1967483434469692 0
2963 0.8343707428171783 0.114832385979583 0
2964 0.7845880894655293 0.1642790331503629 0
2965 0.8165395786653129 0.2899998895408342 0
2966 0.8511764126289851 0.2891888807336714 0
2967 0.8150903090685718 0.04460926077260916 0
2968 0.7107697561238087 0.1498069119072972 0
2969 0.9553907392273888 0.1484236424018991 0
2970 0.7107029370189835 0.1836898385005873 0
2971 0.8503565051673057 0.04403627035234897 0
2972 0.9559637296476553 0.1836898385006416 0
2973 0.8835256997365315 0.2553955139805213 0
2974 0.9220621806471889 0.1164743002634897 0
2975 0.780180041850226 0.2533893646160354 0
2976 0.7826170058563418 0.07899406056290788 0
2977 0.8793817740969467 0.06896837579853018 0
2978 0.7328883112981441 0.118302794084325 0
2979 0.9310327705766933 0.2127094172699643 0
2980 0.7358315760489539 0.2123769465411493 0
2981 0.8685525023737181 0.2026021652786082 0
2982 0.8348759097477911 0.2135836757002047 0
2983 0.8693881302686908 0.132019784445102 0
2984 0.7993315187629371 0.1311108199493695 0
2985 0.9012350218009957 0.2126167448404572 0
2986 0.8793518608864943 0.09885812437208588 0
2987 0.7666047415973364 0.2123450442178528 0
2988 0.7655463062394935 0.1208186866222762 0
2989 0.7950453612110855 0.2286708973565594 0
2990 0.8751597058977999 0.2293594090068996 0
2991 0.8960341073919027 0.1248440164659918 0
2992 0.7902461419250076 0.1025584920401986 0
2993 0.812659158615341 0.1700677108026818 0
2994 0.8529359338851911 0.2410220102962794 0
2995 0.9073943537999009 0.1466827594147297 0
2996 0.81459240146344 0.09211774790054743 0
2997 0.875301699357138 0.2683440733472821 0
2998 0.9350101790354928 0.1246957891982351 0
2999 0.7927007765820653 0.2685595113868216 0
3000 0.7913397239704647 0.06503564567340635 0
3001 0.8595418057596427 0.1689249028625522 0
3002 0.8351172468387608 0.1382449768865136 0
3003 0.7581615059303605 0.1466264184670583 0
3004 0.8804639504083063 0.1973432258145157 0
3005 0.8640098924811818 0.1195360495917142 0
3006 0.7862027162583808 0.1359901075188337 0
3007 0.828263448084295 0.1998821179681622 0
3008 0.8005148484879877 0.2172135517950375 0
3009 0.7618985444517328 0.1817242890410452 0
3010 0.7991435487137954 0.1643679440156508 0
3011 0.836683027993415 0.1873193697547996 0
3012 0.847768593044208 0.1652260540892065 0
3013 0.8317266742211284 0.1519767846760231 0
3014 0.9060561532312543 0.2369537842351608 0
3015 0.9036204509018116 0.09394384676874641 0
3016 0.7602144585307939 0.2375074472799639 0
3017 0.7602981721832426 0.09583023372769173 0
3018 0.891077950096563 0.2227719929768829 0
3019 0.8894386596435515 0.1089220499034643 0
3020 0.7754604866542023 0.2233931762636771 0
3021 0.7755887165701247 0.1105613403564681 0
3022 0.8563671613322847 0.257147265970234 0
3023 0.9237627237215591 0.1435596395852889 0
3024 0.8105342182057897 0.07600554824765768 0
3025 0.7413804873628713 0.1445242698728146 0
3026 0.8206734926343967 0.2670305448270029 0
3027 0.8450822017077879 0.06563741931691897 0
3028 0.9343667758092215 0.1782017160552914 0
3029 0.7323090217911146 0.1785256597872125 0
3030 0.905768696266701 0.1806014899995678 0
3031 0.8547432730291816 0.09165815694921013 0
3032 0.944004594503663 0.204564135543904 0
3033 0.8712317505705982 0.05599559655885473 0
3034 0.7226950188226662 0.204508723755582 0
3035 0.7223225964496873 0.1286441342309693 0
3036 0.8920664206493356 0.1576213243815191 0
3037 0.7747486307414746 0.1746600775233267 0
3038 0.8217036123109051 0.1183586929913258 0
3039 0.7902535758549539 0.1897934661591332 0
3040 0.8641925406818185 0.2866186891973204 0
3041 0.8047057138481002 0.2854164989439114 0
3042 0.9538380107736093 0.1351673131125213 0
3043 0.8018339797792033 0.04616198922636965 0
3044 0.7420159051573092 0.1092052741565605 0
3045 0.742015905157328 0.2241280591768152 0
3046 0.8907947258437098 0.075349238490793 0
3047 0.9246507615091885 0.22412805917709 0
3048 0.8448076875063084 0.2672939600722174 0
3049 0.9343371537090481 0.1550358907669332 0
3050 0.8217522654080185 0.06562038731482188 0
3051 0.7314031547077721 0.1553953160886132 0
3052 0.8333333333333339 0.3140669014689071 0
3053 0.6859330985310893 0.1666666666666678 0
3054 0.8333333333333419 0.01926643186440738 0
3055 0.9807335681355975 0.1666666666666801 0
3056 0.8972583437765079 0.2488470429545116 0
3057 0.9155137096211537 0.1027416562234899 0
3058 0.7687130346882608 0.2496707126099105 0
3059 0.7687130346882735 0.08366262072343179 0
3060 0.8062246015232605 0.2588651607690253 0
3061 0.8572854380333529 0.07498117750026359 0
3062 0.9260322032352494 0.1899843255063149 0
3063 0.7406698018359625 0.1901733410911682 0
3064 0.7888366859060665 0.2416519365550046 0
3065 0.8425766350305264 0.2276319071574101 0
3066 0.8000615364839426 0.1141094836165728 0
3067 0.8556015648460984 0.1924116042616628 0
3068 0.8595636910306632 0.1445454763850651 0
3069 0.8105011939307113 0.1406943818523852 0
3070 0.8472851551492896 0.2157357655261526 0
3071 0.8678513486937677 0.2156922481958371 0
3072 0.8246295324071192 0.2256711572044198 0
3073 0.8779143810372134 0.145703276150566 0
3074 0.8825251125137659 0.1329517443307553 0
3075 0.9535529650283187 0.1970778513069156 0
3076 0.8637447076455724 0.04644707318417177 0
3077 0.7131202909701323 0.1970667689490988 0
3078 0.7128640437898599 0.1364367826305488 0
3079 0.8203104687595191 0.3019625504281257 0
3080 0.8463561979071487 0.3019625504281238 0
3081 0.8200514387793706 0.0316130009506217 0
3082 0.6980374495718743 0.1536438020928579 0
3083 0.6980374495718777 0.1796895312404807 0
3084 0.9683869990493801 0.1533847721127029 0
3085 0.8463561979071743 0.03137078290524502 0
3086 0.9686292170947581 0.1796895312405064 0
3087 0.8143362322726501 0.1980218098842562 0
3088 0.778895632591204 0.2010697265984441 0
3089 0.7647399864869859 0.1962485953079057 0
3090 0.8229830446798369 0.1045641279362685 0
3091 0.8823588618826366 0.1822258227591511 0
3092 0.8489154209200485 0.1172513290192156 0
3093 0.7825941361979123 0.1505350239589119 0
3094 0.8809015459967059 0.2427405526871317 0
3095 0.9094072193538021 0.1190984540033234 0
3096 0.7866469950114274 0.09064969989048194 0
3097 0.8322639487113521 0.2485396305788771 0
3098 0.9153331866819918 0.1678344798797042 0
3099 0.8341023761512065 0.08472528115789912 0
3100 0.751333479984686 0.1678344798796821 0
3101 0.8032413733643666 0.09893514804808937 0
3102 0.863335818305572 0.2353793002822941 0
3103 0.9020614643225873 0.1366551505654328 0
3104 0.8219025273824774 0.2401154160122639 0
3105 0.829632033835207 0.2883519810417827 0
3106 0.7095117376661535 0.1610412941574017 0
3107 0.8274342442431686 0.04296980255962295 0
3108 0.9570301974403808 0.160767577576502 0
3109 0.7488451663995954 0.1201811586940127 0
3110 0.7496039006387916 0.2139869353511031 0
3111 0.8810798871967592 0.08309773236191091 0
3112 0.9169173429274817 0.2143946629427809 0
3113 0.9029287187611996 0.1964693687914221 0
3114 0.7648090202042415 0.1351820891942213 0
3115 0.808126667895351 0.1864323414271575 0
3116 0.8452299580690013 0.103293099442222 0
3117 0.7709315794940669 0.1576935320956143 0
3118 0.893659299468292 0.1748709858811315 0
3119 0.8654331468326053 0.09822956114727242 0
3120 0.8324212776096076 0.2609081549436233 0
3121 0.7376617754673547 0.1672148777787427 0
3122 0.8337545112310739 0.0711397636252232 0
3123 0.9294439758598693 0.166911115269301 0
3124 0.8276214844246815 0.1750155395119375 0
3125 0.7869956452551399 0.1766318746796582 0
3126 0.8100674979399269 0.2447474108247668 0
3127 0.8726882229639231 0.2800759170169284 0
3128 0.7955669840650554 0.2798179212619216 0
3129 0.9466650243711962 0.1268534912651087 0
3130 0.7935189744720373 0.05333736133833469 0
3131 0.9140942333023307 0.1895293265547352 0
3132 0.8562174547479874 0.1574242263116719 0
3133 0.8235023006033667 0.1434871017403415 0
3134 0.7530640043810894 0.1896469406346361 0
3135 0.8790365641053949 0.1598150373230359 0
3136 0.8105950180512016 0.1237211439917668 0
3137 0.9006231665016602 0.2283002241646305 0
3138 0.8949704544183097 0.09938168284098163 0
3139 0.7659402964352701 0.2289472881258006 0
3140 0.7659402964352887 0.1043860452075323 0
3141 0.7371637624685337 0.1312898986240251 0
3142 0.842705849012001 0.091417921374152 0
3143 0.8186178460598641 0.2796373376619826 0
3144 0.8443965660406189 0.05423191449597414 0
3145 0.9457680855040358 0.1777298993739501 0
3146 0.7208985811626152 0.177729899373905 0
3147 0.8917184510887216 0.2014181523763838 0
3148 0.7749999326688018 0.1315310471958951 0
3149 0.7492548806638504 0.09926314399670969 0
3150 0.7491636145939146 0.2338046208877156 0
3151 0.9004309331051972 0.08252581490286971 0
3152 0.9174741850971213 0.2337642664385579 0
3153 0.8236371179369619 0.1630924742620172 0
3154 0.8683431893314371 0.25894576643199 0
3155 0.9256124330986707 0.1316568106685998 0
3156 0.7983234773352607 0.07438756690133835 0
3157 0.8391969028306304 0.1758748411702756 0
3158 0.7912673522171321 0.2560061169222403 0
3159 0.8686053104627387 0.1086130459914618 0
3160 0.801212873259711 0.2382750676531489 0
3161 0.7832560126600054 0.2308153530967081 0
3162 0.8863122135022137 0.2663807734408084 0
3163 0.9330473992198349 0.1136876034478921 0
3164 0.7809025814249145 0.2656880399804997 0
3165 0.7803144236882895 0.06703292628447607 0
3166 0.8058509744739305 0.1536134557366537 0
3167 0.7928696059448448 0.2040991245413701 0
3168 0.8718551798979449 0.1724004186736167 0
3169 0.8417921865161453 0.1278221238774512 0
3170 0.8121755722588839 0.2197110033679076 0
3171 0.8434777681410004 0.2802559249816055 0
3172 0.9313567342970741 0.1999087805301542 0
3173 0.8667148167872647 0.06884845623307856 0
3174 0.7353102688695859 0.1998864887842779 0
3175 0.7579923105965173 0.1592020308351382 0
3176 0.861414849256356 0.1801000723652076 0
3177 0.8474581933510462 0.1388313208159517 0
3178 0.894986862577184 0.2600609972938323 0
3179 0.9267276639604752 0.1050131374228594 0
3180 0.7722091315927369 0.2599996234413456 0
3181 0.7719138442699409 0.07320697754515307 0
3182 0.822725796168587 0.05318085098441076 0
3183 0.7198475176510943 0.1560591295018832 0
3184 0.9468191490155939 0.1560591295019244 0
3185 0.8397388369357922 0.1585616641249535 0
3186 0.825564346979216 0.09101340208320211 0
3187 0.8411699640508975 0.2429949966602328 0
3188 0.9096616633269149 0.1588300359491346 0
3189 0.8237818620391033 0.3114330530749551 0
3190 0.8431433892442332 0.02170333940772448 0
3191 0.9782966605922842 0.1764767225775778 0
3192 0.8431433892441405 0.3116299939255865 0
3193 0.68837000607441 0.1764767225774828 0
3194 0.6885669469250426 0.1571151953724357 0
3195 0.8230039948250597 0.02121098728115255 0
3196 0.9787890127188597 0.1563373281583895 0
3197 0.8567605226964823 0.2088848083097811 0
3198 0.8408450033151602 0.2924339755411187 0
3199 0.7099142064824702 0.1726796108991206 0
3200 0.8393006581356695 0.04326832840917061 0
3201 0.9567316715908352 0.1726339914690033 0
3202 0.8069008757406314 0.2070091489400821 0
3203 0.8308362398972486 0.1262720904924279 0
3204 0.8333333333333331 0.5000000000000001 0
3205 0.8333333333333346 0.5691287878787721 0
3206 0.7643135015199518 0.5003334377053472 0
3207 0.9024621212121339 0.5000000000000357 0
3208 0.8325134203389126 0.4304988286137845 0
3209 0.878199869795135 0.4522470163752501 0
3210 0.8810351085110983 0.5449383833658458 0
3211 0.7843926926137548 0.4519351135094354 0
3212 0.7851137759073101 0.5481573835286625 0
3213 0.8326444941479629 0.6081615156397242 0
3214 0.7227450739956073 0.500344498058901 0
3215 0.9439215926710783 0.5003444980589212 0
3216 0.8329888352744433 0.3894117406622464 0
3217 0.842550734725017 0.537548621138919 0
3218 0.8680861550957657 0.4913842213439417 0
3219 0.797824133179305 0.5104897187018695 0
3220 0.8217313173050691 0.4659371903317067 0
3221 0.8688738774831184 0.5792831684162323 0
3222 0.9125988846604576 0.4644638045393366 0
3223 0.7523536173958123 0.4655724784939413 0
3224 0.9149897010347487 0.5347898387459955 0
3225 0.8672291654856681 0.4192348135916403 0
3226 0.7989058118272632 0.5809797159375275 0
3227 0.7985118499558506 0.4180681152979607 0
3228 0.7514026030678185 0.534819868770587 0
3229 0.8192191258746514 0.5445176417487958 0
3230 0.869580666449562 0.5213956291613369 0
3231 0.7888156915845241 0.4858857925413343 0
3232 0.8512861446303797 0.462618854280304 0
3233 0.8924214782278332 0.5696951191510237 0
3234 0.7619233393692008 0.4410777117571495 0
3235 0.9030284524843235 0.4409118551055488 0
3236 0.7744110450904789 0.5714099939641394 0
3237 0.8593964287037998 0.6068686539384874 0
3238 0.7242853275471588 0.4748571994675888 0
3239 0.8075117632281941 0.6055302626453168 0
3240 0.940189056942732 0.4738790168349509 0
3241 0.7259534990091219 0.5242186158227643 0
3242 0.8566837996523859 0.3916445330426951 0
3243 0.9407131676574705 0.524218615822828 0
3244 0.8091147175105574 0.3926201656758218 0
3245 0.8552444136685751 0.5578724892724218 0
3246 0.8910369520551482 0.4765757809462463 0
3247 0.7750485093608027 0.5230558017345159 0
3248 0.8118109638423232 0.4427923385008136 0
3249 0.8335826040634577 0.6357438738537087 0
3250 0.6975894594795781 0.5002492707301517 0
3251 0.969077207187125 0.5002492707301818 0
3252 0.8330840626032041 0.3642561261461962 0
3253 0.8128771395511422 0.4877696628666101 0
3254 0.8211641885794769 0.520264409708622 0
3255 0.8934759389503724 0.5233712417797534 0
3256 0.8561143195737151 0.4395130623798429 0
3257 0.9108589105596138 0.5569366615255494 0
3258 0.8902699948588765 0.4224744227737341 0
3259 0.7763966718077938 0.4224744227737186 0
3260 0.7558077561070629 0.5569366615255452 0
3261 0.8434743549329666 0.5872992027738934 0
3262 0.745920186313187 0.4886668863075399 0
3263 0.9206095102812382 0.4898686425077164 0
3264 0.8436308559277361 0.412369492292992 0
3265 0.8206733518319865 0.5871471015960434 0
3266 0.7465954929132111 0.5131919386506957 0
3267 0.9201248094664446 0.5127869711439339 0
3268 0.8201413946826343 0.4132621595798918 0
3269 0.8504950293285507 0.5120344735335436 0
3270 0.8466821052577169 0.4840495973596249 0
3271 0.8097626342155593 0.5642119617026664 0
3272 0.7694855854802195 0.4768815815023866 0
3273 0.8838358819868217 0.5023449483880811 0
3274 0.8032516565530252 0.4684708662494981 0
3275 0.8357209668496582 0.45125475613219 0
3276 0.8005369054832275 0.5319149586769105 0
3277 0.8165395786653203 0.6233332228741728 0
3278 0.7108828702561787 0.4827821640643324 0
3279 0.8511764126289758 0.6225222140670065 0
3280 0.955390739227387 0.4817569757352364 0
3281 0.7107029370190028 0.5170231718339501 0
3282 0.8501930880927189 0.3774364227904872 0
3283 0.9559637296476453 0.5170231718339919 0
3284 0.8163101614993979 0.377369603685665 0
3285 0.8835260166963863 0.5887301313582761 0
3286 0.7466106353839315 0.4468467085168983 0
3287 0.922062180647174 0.4498076335968176 0
3288 0.7801800418502314 0.5867226979494045 0
3289 0.8816972059158839 0.3995549779650399 0
3290 0.7358316601916797 0.5457101621919109 0
3291 0.7876230534585734 0.4024982427158591 0
3292 0.9310316242013277 0.5460484407637792 0
3293 0.8344306826900216 0.5492304535338982 0
3294 0.8679417053737279 0.5360976064033183 0
3295 0.7865634115810251 0.5013529850962077 0
3296 0.868920593551963 0.4662329434150756 0
3297 0.9011399138142004 0.5460209931635798 0
3298 0.8791786311293491 0.4322111135036695 0
3299 0.7876549557821351 0.4332714082640287 0
3300 0.7662529558843841 0.5454958688631188 0
3301 0.7713898049517049 0.4617874079811286 0
3302 0.795019582721849 0.5618736878247467 0
3303 0.876599654511528 0.5638958379582761 0
3304 0.8960260756735627 0.4581736274355576 0
3305 0.8299104511788615 0.4793188328399156 0
3306 0.9073943537999 0.4800160927480666 0
3307 0.8532178284722611 0.5743771058187094 0
3308 0.814214415305084 0.5048114460169163 0
3309 0.8753017131083511 0.6016774623885326 0
3310 0.7313706275000749 0.4591023249705883 0
3311 0.9350101790354788 0.4580291225315682 0
3312 0.7927007765820766 0.6018928447201988 0
3313 0.8595417588154618 0.5022587930053901 0
3314 0.853373581532937 0.4248281725970239 0
3315 0.8804639504083124 0.5306765591478526 0
3316 0.8640098924811633 0.4528693829250575 0
3317 0.8283155111469218 0.5339575928746377 0
3318 0.8000630214266454 0.4953781050912734 0
3319 0.8011399601052521 0.5510513951113249 0
3320 0.7828370334618497 0.4672443319074678 0
3321 0.8182757109589569 0.4285652111184164 0
3322 0.7619959885092155 0.5154004955960365 0
3323 0.8356301990100015 0.4658096207850524 0
3324 0.8366133896654848 0.5207443344707779 0
3325 0.8461435755441826 0.4982188605285097 0
3326 0.9036204509017948 0.4272771801020697 0
3327 0.9060561532312384 0.5702871175685398 0
3328 0.762492552719968 0.4268811251974819 0
3329 0.7602144585308067 0.5708407806133409 0
3330 0.7557130444638087 0.4772540587853237 0
3331 0.8910779500965667 0.5561053263102281 0
3332 0.8901320433088462 0.4429516202850842 0
3333 0.7766068237363074 0.4421271533208848 0
3334 0.7755887165701029 0.556105326310224 0
3335 0.8564164792295399 0.5904910001542711 0
3336 0.9237627237215558 0.4768929729186283 0
3337 0.8554757301272222 0.4080471540295554 0
3338 0.8206734926343998 0.600363878160338 0
3339 0.7323090217911348 0.511858993120556 0
3340 0.9343625806830754 0.5117488683744483 0
3341 0.8214743402128044 0.3989756884578025 0
3342 0.9083418430508099 0.521409939695873 0
3343 0.9440044034410132 0.5378984172374116 0
3344 0.7954912762441896 0.389361685489543 0
3345 0.8713558657692309 0.3889892631165627 0
3346 0.7226950328465442 0.5378420374752522 0
3347 0.8922233922200116 0.4909788750315764 0
3348 0.8253399224766789 0.4414152974081418 0
3349 0.7867740721703018 0.5316774297036362 0
3350 0.8102065338408625 0.4569202425216187 0
3351 0.7123115880210281 0.4689013206382313 0
3352 0.8641925406817814 0.6199520225307028 0
3353 0.9538380107735902 0.4685006464458468 0
3354 0.8047057138481326 0.6187498322772751 0
3355 0.8907947258436986 0.4086825718241125 0
3356 0.7420159051574041 0.5574613925102908 0
3357 0.7758719408229159 0.4086825718241329 0
3358 0.9246507615091215 0.557461392510554 0
3359 0.8448175178404034 0.6006328645183308 0
3360 0.731762006313686 0.4878759971021195 0
3361 0.9343371537090526 0.4883692241002733 0
3362 0.8446046839113917 0.398069821374431 0
3363 0.833333333333331 0.647400234802211 0
3364 0.6859330985310846 0.5000000000000059 0
3365 0.9807335681356137 0.500000000000015 0
3366 0.8333333333333333 0.3525997651977083 0
3367 0.7406556682365749 0.4731928946510294 0
3368 0.8972583890564618 0.5821805597228292 0
3369 0.9155137096211341 0.4360749895568122 0
3370 0.7503292873900436 0.4353797013549249 0
3371 0.76871303468827 0.5830040459432884 0
3372 0.8062246015232712 0.5921984941023792 0
3373 0.7406709261221628 0.5235061526398911 0
3374 0.9250188224997387 0.5239521047000474 0
3375 0.8098266589087699 0.4073364685026603 0
3376 0.7583542575580801 0.4555110444200287 0
3377 0.7888340554479855 0.5749719491878271 0
3378 0.8663796442187049 0.5527171247053357 0
3379 0.8556015648461083 0.525744937594992 0
3380 0.8590782709283543 0.4777317684872814 0
3381 0.8554750516458545 0.5433244078785514 0
3382 0.8425024222922102 0.5610197268943168 0
3383 0.8246461441304086 0.5591103981324923 0
3384 0.8823331511289371 0.4664514836052216 0
3385 0.7856061465680786 0.5165156800681983 0
3386 0.7743288427955711 0.4912961990738177 0
3387 0.8779202646061174 0.479048669870591 0
3388 0.9535529268157168 0.5304113743123552 0
3389 0.8029332310507199 0.3797869576369817 0
3390 0.8635632173696298 0.3795307104567117 0
3391 0.7131202937749826 0.5304000983597755 0
3392 0.8203104687595134 0.6352958837614667 0
3393 0.8463561979071571 0.6352958837614602 0
3394 0.6980374495718572 0.4869771354262111 0
3395 0.9683869990493774 0.4867181054460392 0
3396 0.6980374495718944 0.5130228645738303 0
3397 0.8463561979071309 0.3647041162385523 0
3398 0.8203104687595321 0.3647041162385518 0
3399 0.96862921709475 0.5130228645738429 0
3400 0.8141345692402894 0.5317815338082291 0
3401 0.8019399293235967 0.4810682407399164 0
3402 0.7643873398308889 0.53011994407148 0
3403 0.798930273401553 0.4455622992578778 0
3404 0.8037514046920804 0.4314066531536651 0
3405 0.8825267156418781 0.5158000107374293 0
3406 0.8494649760411004 0.4492608028645892 0
3407 0.8816393472249544 0.576251696646482 0
3408 0.9094072193537851 0.45243178733665 0
3409 0.8322675399348318 0.5818769812474698 0
3410 0.7513334799846776 0.5011678132130306 0
3411 0.915270701506843 0.5007726340413607 0
3412 0.8321655201202921 0.4180001466513428 0
3413 0.8636725599498566 0.5671911928518762 0
3414 0.9020609416420462 0.4699882416583076 0
3415 0.7746427333891074 0.5079924332123538 0
3416 0.8219058945402784 0.5734670701672723 0
3417 0.8296320338351935 0.6216853143750873 0
3418 0.7095305900215423 0.4943149472947013 0
3419 0.9570301974403882 0.4941009109098441 0
3420 0.8389587058425927 0.3761784043327944 0
3421 0.7495681305231728 0.547301468584712 0
3422 0.87981884130597 0.4155118330664748 0
3423 0.7860130646488432 0.4162705673056087 0
3424 0.9169019873789197 0.5477469060935309 0
3425 0.8648175276274412 0.4314754212419775 0
3426 0.8135574717167315 0.4747934391114009 0
3427 0.8077928069425222 0.5200093656543674 0
3428 0.8423064679043872 0.4375982461607335 0
3429 0.8950313847335083 0.50958290128404 0
3430 0.9017700464900001 0.5321003066213693 0
3431 0.832425125220425 0.5942469239892998 0
3432 0.7377303721688764 0.5003234202290037 0
3433 0.928851962310809 0.5004168382973105 0
3434 0.8327851222212601 0.4043284421340006 0
3435 0.8246543337678581 0.4931925961014672 0
3436 0.8264708713437201 0.5087970022673302 0
3437 0.8233681253203745 0.453662311921805 0
3438 0.8100680591329028 0.5780837976283864 0
3439 0.7193329087150608 0.4612398082468555 0
3440 0.8726882243671068 0.6134092560348192 0
3441 0.7955669840651236 0.6131512545953343 0
3442 0.9466650243711752 0.4601868245984497 0
3443 0.8559063731282963 0.4907286481449495 0
3444 0.75304912333814 0.5230433593804744 0
3445 0.8103530593653367 0.4197306710477989 0
3446 0.7601824400929026 0.4892666627645742 0
3447 0.7957068128686871 0.5221214305609964 0
3448 0.8790648010410594 0.4931660158001567 0
3449 0.9006182150238045 0.5616372494487185 0
3450 0.8949975344843158 0.4327522867306693 0
3451 0.7710527118741689 0.4326069631019399 0
3452 0.7661278656777237 0.5615069716035177 0
3453 0.8687101013760601 0.403830429135328 0
3454 0.908246171993948 0.5089104892330487 0
3455 0.8186178460598672 0.6129706709953189 0
3456 0.7208985811626326 0.5110632327072687 0
3457 0.9457680855040259 0.5110632327073044 0
3458 0.822270100626074 0.3875652478292972 0
3459 0.8678901306358376 0.442176165145328 0
3460 0.9004309331051845 0.4158591482361917 0
3461 0.7491636145939566 0.5671379542211404 0
3462 0.7661953791121114 0.4158302812606541 0
3463 0.9174741850970878 0.5670975997719749 0
3464 0.8361447598163905 0.4909559773659035 0
3465 0.8683431893314659 0.5922790997653268 0
3466 0.9256124330986605 0.4649901440019398 0
3467 0.8389009580503273 0.5087930020871585 0
3468 0.7439034100786858 0.4579413855555216 0
3469 0.7912669138074655 0.5893372301388384 0
3470 0.8913843756248173 0.5352752176459559 0
3471 0.7621330394877951 0.4684795574802415 0
3472 0.8012088950090965 0.5715882852585732 0
3473 0.76953573414365 0.4500697552510692 0
3474 0.7832560126600102 0.5641486864300539 0
3475 0.7755153306307375 0.5357012855802827 0
3476 0.9330473992198233 0.4470209367812141 0
3477 0.8863122376064806 0.5997142044237533 0
3478 0.7340756543976413 0.4474228622806439 0
3479 0.7809025624046827 0.599021276994753 0
3480 0.8463865442633479 0.4725176411406111 0
3481 0.7959068975130231 0.45954375079638 0
3482 0.8718903219380312 0.5057809413485114 0
3483 0.78063399381075 0.4789016418742583 0
3484 0.8122040942917192 0.5532923094271759 0
3485 0.8434777681409981 0.6135892583149322 0
3486 0.9311515437668597 0.5333814834540123 0
3487 0.8001135112155883 0.401976935536369 0
3488 0.7353107442474655 0.5332193673800811 0
3489 0.8407979691648532 0.4246589772631753 0
3490 0.8614218682755429 0.5134429549287548 0
3491 0.8949868625772641 0.5933943306272617 0
3492 0.7399390027060826 0.4383464707560749 0
3493 0.7722091277887571 0.5933329375109427 0
3494 0.9267276639604529 0.4383464707561907 0
3495 0.7198475176510847 0.4893924628352339 0
3496 0.9468191490156012 0.4893924628352753 0
3497 0.8439408704980889 0.3865141843177358 0
3498 0.841181847284459 0.5763294081791277 0
3499 0.909661663326919 0.4921633692824779 0
3500 0.9782966605922997 0.5098100559109491 0
3501 0.6883700060744022 0.509810055910857 0
3502 0.6885669469250335 0.4904485287057904 0
3503 0.8237818620391502 0.6447663864082679 0
3504 0.8428848046276406 0.355233613591679 0
3505 0.8431433892440876 0.6449633272588853 0
3506 0.8235232774224425 0.3550366727410239 0
3507 0.9787890127188849 0.4896706614917031 0
3508 0.8460406610043357 0.5497991397436214 0
3509 0.8408450033151564 0.6257673088744391 0
3510 0.7099173485417094 0.5060029975331337 0
3511 0.9567316715908352 0.5059673248023475 0
3512 0.8273203891008741 0.3765808731491251 0
3513 0.8070741396782697 0.5417592586389501 0
3514 0.7929908510599243 0.4735675424073226 0
3515 0.7961277706688723 0.5409120851318969 0
3516 0.4999999999999998 0.8333333333333334 0
3517 0.4308712121212174 0.8333333333333339 0
3518 0.4999999999999777 0.902462121212127 0
3519 0.4992768871756895 0.7660415855114403 0
3520 0.5695011713862117 0.8325134203389135 0
3521 0.4550830746211763 0.8810499837312278 0
3522 0.5477538029143495 0.8782016028988332 0
3523 0.451059359280409 0.7852684468427529 0
3524 0.5480648864905731 0.7843926926137539 0
3525 0.4996555019411042 0.7227450739956186 0
3526 0.3918384843602659 0.8326444941479655 0
3527 0.4996555019410859 0.9439215926710673 0
3528 0.6105882593377406 0.8329888352744459 0
3529 0.4641698854587161 0.8445150127289203 0
3530 0.4904353184806909 0.7967067926617531 0
3531 0.5086191195130485 0.8680864367609225 0
3532 0.5340628096682901 0.8217313173050635 0
3533 0.4207344486728789 0.868869528794023 0
3534 0.4652101612540391 0.9149897010347565 0
3535 0.5355361954606682 0.9125988846604526 0
3536 0.4190202840624619 0.798905811827251 0
3537 0.5344275215060678 0.7523536173958125 0
3538 0.5807651864083665 0.8672291654856569 0
3539 0.4651785166225631 0.7514014486312753 0
3540 0.5819318847020505 0.7985118499558734 0
3541 0.4554823582511923 0.8192191258746518 0
3542 0.4786043708386676 0.8695806664495517 0
3543 0.5141142074586733 0.7888156915845309 0
3544 0.5373811457197146 0.8512861446303739 0
3545 0.4303048808490014 0.8924214782277989 0
3546 0.5589222882428529 0.7619233393692073 0
3547 0.5590881448944446 0.9030284524843154 0
3548 0.4285900060358814 0.7744110450904893 0
3549 0.5251428005324206 0.724285327547163 0
3550 0.3931313460615257 0.8593964287037869 0
3551 0.475781384177277 0.7259534990090697 0
3552 0.3944697373546956 0.8075117632282054 0
3553 0.6083554669573563 0.8566837996523526 0
3554 0.5261209831650616 0.9401890569427287 0
3555 0.4757813841772128 0.9407131676575204 0
3556 0.6073798343242186 0.8091147175105842 0
3557 0.4422963812781884 0.8567575523870998 0
3558 0.5234242190537611 0.8910369520551472 0
3559 0.4776049552728973 0.7757542187640396 0
3560 0.5572076614991864 0.8118109638423211 0
3561 0.4997507292698531 0.6975894594796082 0
3562 0.3642561261462621 0.8335826040634595 0
3563 0.4997507292698245 0.969077207187097 0
3564 0.6357438738537782 0.8330840626032066 0
3565 0.4797355902913685 0.8211641885794795 0
3566 0.5122303371333849 0.8128771395511465 0
3567 0.4766287582202634 0.8934759389503659 0
3568 0.5604869376201631 0.8561143195737115 0
3569 0.443063338474455 0.910858910559603 0
3570 0.577525577226264 0.8902699948588714 0
3571 0.4430633384744577 0.7558077561070737 0
3572 0.577525577226279 0.7763966718077968 0
3573 0.5113331136924648 0.7459201863131992 0
3574 0.4127238230521183 0.8434646908256489 0
3575 0.5101313574922937 0.9206095102812309 0
3576 0.5876305077069992 0.8436308559277435 0
3577 0.4128528984039648 0.820673351831978 0
3578 0.4868080613493305 0.7465954929131901 0
3579 0.4872130288560845 0.9201248094664563 0
3580 0.5867378404201266 0.820141394682653 0
3581 0.4879655264664545 0.8504950293285365 0
3582 0.5159504026403877 0.8466821052577046 0
3583 0.4357880382973316 0.8097626342155541 0
3584 0.5231184184976225 0.7694855854802253 0
3585 0.4976561922912425 0.883836963923941 0
3586 0.469918323219689 0.8018041995828291 0
3587 0.5487452438678084 0.8357209668496456 0
3588 0.5315291337505065 0.8032516565530288 0
3589 0.5172178359356695 0.7108828702561826 0
3590 0.3766667771258273 0.8165395786653128 0
3591 0.4829768281660635 0.7107029370189923 0
3592 0.3774777859329952 0.8511764126289861 0
3593 0.6225635772095198 0.8501930880927123 0
3594 0.5182430242647602 0.9553907392273899 0
3595 0.4829768281660239 0.9559637296476553 0
3596 0.6226303963143455 0.8163101614994065 0
3597 0.4112711526861553 0.8835256997365297 0
3598 0.5531532914831067 0.7466106353839383 0
3599 0.5501923664031869 0.9220621806471661 0
3600 0.4132773020506321 0.7801800418502345 0
3601 0.6004450220350805 0.8816972059157756 0
3602 0.4542897201255646 0.735831576048913 0
3603 0.4539515592363909 0.9310316242014767 0
3604 0.5975017572842589 0.7876230534587079 0
3605 0.4640561032352218 0.8685464468359032 0
3606 0.4530829909664572 0.8348759097477909 0
3607 0.4988203618192812 0.7832777986542476 0
3608 0.5337692726210593 0.8689215437020421 0
3609 0.4539816890848113 0.9011417732167344 0
3610 0.5677889889075475 0.8791788477673076 0
3611 0.4543216224488044 0.7666047415973387 0
3612 0.5667285917359847 0.787654955782139 0
3613 0.437995769310096 0.7950453612110875 0
3614 0.5382125920188789 0.7713898049517045 0
3615 0.4373009590451439 0.8751551642444355 0
3616 0.5418271918540384 0.89602780877726 0
3617 0.5206811671600865 0.8299104511788614 0
3618 0.4256446563703872 0.8529359338851903 0
3619 0.5199839072519422 0.907394353799895 0
3620 0.4951885539830766 0.8142144153050899 0
3621 0.3983225933193933 0.8753016993571381 0
3622 0.5408976750294197 0.7313706275000758 0
3623 0.5419708774684402 0.9350101790354757 0
3624 0.3981071552798466 0.7927007765820662 0
3625 0.4977417638041127 0.8595418057596415 0
3626 0.5751718274029787 0.8533735815329396 0
3627 0.469323440852153 0.8804639504083051 0
3628 0.5471306170749518 0.8640098924811633 0
3629 0.4667873953528153 0.8282643235580953 0
3630 0.5050993597797695 0.7996771046175712 0
3631 0.4494531148716172 0.8005148484879909 0
3632 0.5327556680925389 0.7828370334618493 0
3633 0.4847288924778016 0.7619856194414356 0
3634 0.5714347888815938 0.8182757109589537 0
3635 0.5341903792149526 0.835630199009997 0
3636 0.479347275231456 0.8366845315414507 0
3637 0.5017812190157059 0.8461435822504846 0
3638 0.4297128824315313 0.9060561532312679 0
3639 0.572722819897953 0.9036204509017534 0
3640 0.4291592193867121 0.7602144585307973 0
3641 0.5731188748025308 0.7624925527200004 0
3642 0.5227459412146837 0.7557130444638155 0
3643 0.4438946736897914 0.891077950096561 0
3644 0.5570486284278354 0.8901325694296058 0
3645 0.5578728466791235 0.7766068237363111 0
3646 0.443273490402983 0.7754604866542049 0
3647 0.4095194006964334 0.8563671613322832 0
3648 0.5231070270813817 0.9237627237215503 0
3649 0.5919528459704568 0.8554757301272039 0
3650 0.4881410068794399 0.7323090217911172 0
3651 0.399636121839659 0.820673492634399 0
3652 0.488251131625545 0.9343625806830891 0
3653 0.6010243115422068 0.8214743402127972 0
3654 0.478590060304159 0.9083418430508097 0
3655 0.4621015827627376 0.944004403441149 0
3656 0.611010736883549 0.8713558657691262 0
3657 0.6106383145105599 0.795491276244301 0
3658 0.4621579429111151 0.7226950188226375 0
3659 0.5090220900659727 0.8922235184922387 0
3660 0.55858470259186 0.8253399224766735 0
3661 0.4768225240807024 0.7900805233958825 0
3662 0.5430797574783832 0.8102065338408659 0
3663 0.3800479774693482 0.8641925406818205 0
3664 0.5310986793617468 0.7123115880209959 0
3665 0.3812501677227501 0.8047057138481006 0
3666 0.5314993535541309 0.9538380107736245 0
3667 0.442538607489892 0.7420159051573079 0
3668 0.5913174281759579 0.8907947258435676 0
3669 0.4425386074896283 0.9246507615092162 0
3670 0.5913174281759358 0.7758719408230448 0
3671 0.5121240028978837 0.7317620063136979 0
3672 0.3993727065944489 0.844807687506308 0
3673 0.5116307758997345 0.9343371537090414 0
3674 0.6019301786255657 0.8446046839113905 0
3675 0.4999999999999944 0.6859330985311081 0
3676 0.3525997651977641 0.8333333333333316 0
3677 0.4999999999999882 0.9807335681355893 0
3678 0.6474002348022684 0.8333333333333325 0
3679 0.5268071053489776 0.7406556682365802 0
3680 0.4178196237121884 0.8972583437765251 0
3681 0.5639250104432169 0.9155137096210939 0
3682 0.5646202986450762 0.7503292873900591 0
3683 0.41699595405676 0.7687130346882737 0
3684 0.4078015058976355 0.8062246015232626 0
3685 0.4764933255755 0.7406698018359628 0
3686 0.4760478952999877 0.9250188224997469 0
3687 0.5926635314973556 0.8098266589088011 0
3688 0.5444889555799769 0.7583542575580814 0
3689 0.4250147301116539 0.7888366859060711 0
3690 0.4390347595092533 0.8425766350305268 0
3691 0.4742550624050008 0.8556015648460957 0
3692 0.5222682315127334 0.8590782709283422 0
3693 0.4509309011405109 0.8472851551492895 0
3694 0.450961401333934 0.8678419626101553 0
3695 0.4409955094622425 0.8246295324071192 0
3696 0.5209633905161055 0.877914381037207 0
3697 0.5113102077702274 0.7748348020347888 0
3698 0.5335542514219377 0.8823452828548507 0
3699 0.4695886256877615 0.9535529268158316 0
3700 0.6204692895433825 0.8635632173695407 0
3701 0.6202130423631093 0.8029332310508096 0
3702 0.4695998977175846 0.7131202909701131 0
3703 0.5130228645737995 0.6980374495718554 0
3704 0.3647041162385374 0.8203104687595202 0
3705 0.4869771354261636 0.6980374495718888 0
3706 0.3647041162385399 0.846356197907151 0
3707 0.5132818945539592 0.9683869990493809 0
3708 0.6352958837614548 0.8463561979071379 0
3709 0.635295883761455 0.8203104687595302 0
3710 0.4869771354261548 0.9686292170947567 0
3711 0.468648177879106 0.8143372536587521 0
3712 0.519011336738592 0.8018756098554207 0
3713 0.465443048124395 0.778804881669677 0
3714 0.4699349243695271 0.7647614430240258 0
3715 0.5544377007421264 0.7989302734015539 0
3716 0.568593346846341 0.8037514046920865 0
3717 0.4842001793758007 0.882526895964722 0
3718 0.5507391971354212 0.8494649760410934 0
3719 0.4895470192689783 0.7743521544814043 0
3720 0.4239261139795421 0.880901545996693 0
3721 0.547568212663341 0.909407219353782 0
3722 0.4181270360877874 0.8322639487113526 0
3723 0.4989442848106802 0.7530574154030278 0
3724 0.4992273659586505 0.9152707015068369 0
3725 0.5819998533486542 0.8321655201203053 0
3726 0.4312867925310011 0.8633354045251964 0
3727 0.5300118116586452 0.9020610544273158 0
3728 0.4265512506543969 0.8219025273824785 0
3729 0.5056850527053067 0.7095305900215584 0
3730 0.378314685624887 0.829632033835202 0
3731 0.5058990890901622 0.957030197440375 0
3732 0.6238215956671941 0.8389587058425967 0
3733 0.4526797313155602 0.7496039006387689 0
3734 0.584488166933635 0.8798188413059773 0
3735 0.452253477084863 0.9169022530079296 0
3736 0.5837294326944664 0.786013064648867 0
3737 0.5685245933881988 0.8648175585757186 0
3738 0.4801247479891055 0.8063845621972976 0
3739 0.5252100133336892 0.8135546812358548 0
3740 0.4904171840929826 0.8950314363686829 0
3741 0.5624017538392703 0.8423064679043866 0
3742 0.4679002298283294 0.9017704183705075 0
3743 0.4996899247738185 0.7379356025758299 0
3744 0.4057585117230406 0.8324212776096087 0
3745 0.4995831617026916 0.9288519623108 0
3746 0.595671557865989 0.8327851222212604 0
3747 0.5068074038985321 0.8246543337678633 0
3748 0.4912085619759973 0.8264751924003302 0
3749 0.5463376880781967 0.8233681253203534 0
3750 0.4219192558418922 0.8100674979399283 0
3751 0.538760191753143 0.7193329087150424 0
3752 0.3865907496497475 0.8726882229639281 0
3753 0.3868487454047514 0.7955669840650481 0
3754 0.5398131754015685 0.9466650243711954 0
3755 0.5092721472971976 0.855906440191419 0
3756 0.4768909219628189 0.7530744025318892 0
3757 0.5802693289522259 0.8103530593653523 0
3758 0.5111214755268946 0.7608421032010827 0
3759 0.5068387665614122 0.8790663372446869 0
3760 0.4383628901935607 0.9006183118273434 0
3761 0.567247731549434 0.8949975731535408 0
3762 0.5673930368980645 0.7710527118741837 0
3763 0.4377193785408637 0.7659402964352802 0
3764 0.5961695708647406 0.8687101013760153 0
3765 0.4910895278423708 0.9082461823209826 0
3766 0.4889367672927536 0.72089858116262 0
3767 0.3870293290046808 0.8186178460598642 0
3768 0.4889367672927164 0.9457680855040355 0
3769 0.6124347521707109 0.8222701006260823 0
3770 0.4868921349275471 0.7843894242913522 0
3771 0.5578238348546772 0.8678901306358384 0
3772 0.4328620457789769 0.7491636145939058 0
3773 0.5841408517638466 0.9004309331050979 0
3774 0.4329024002281465 0.917474185097141 0
3775 0.5841697187393827 0.7661953791121958 0
3776 0.5090440385429423 0.8361447611576494 0
3777 0.4077209002346779 0.8683431893314326 0
3778 0.5350098559980728 0.9256124330986538 0
3779 0.4912169217383239 0.8389086590338757 0
3780 0.5420586144444863 0.7439034100786881 0
3781 0.4106605497444216 0.7912673522171341 0
3782 0.4645834385213466 0.8915804129354282 0
3783 0.4283915990135088 0.8012128732597122 0
3784 0.5315204425197668 0.7621330394877974 0
3785 0.4358513135699464 0.7832560126600009 0
3786 0.549930244748942 0.7695357341436473 0
3787 0.4002858932258679 0.8863122135022237 0
3788 0.5529790632187973 0.9330473992198169 0
3789 0.4009786266861672 0.7809025814249075 0
3790 0.5525771377193702 0.7340756543976413 0
3791 0.5274823588594046 0.8463865442633532 0
3792 0.4625431887478281 0.7928382007804895 0
3793 0.5404562492036272 0.7959068975130223 0
3794 0.4942204887687214 0.8718907686627325 0
3795 0.4469556632987547 0.8121755722588893 0
3796 0.5214400987888569 0.7811469433127652 0
3797 0.3864107416850606 0.843477768141 0
3798 0.4666185165460737 0.9311515437669299 0
3799 0.5980230644636887 0.8001135112156534 0
3800 0.466780177882404 0.7353102688695717 0
3801 0.5753410227368229 0.8407979691648576 0
3802 0.4865574424565914 0.8614219670093116 0
3803 0.561653529243921 0.7399390027061038 0
3804 0.4066056693728656 0.8949868625771641 0
3805 0.5616535292438052 0.9267276639604306 0
3806 0.4066670432253447 0.772209131592717 0
3807 0.5106075371647848 0.7198475176510979 0
3808 0.6134858156822514 0.8439408704981032 0
3809 0.5106075371647446 0.9468191490155887 0
3810 0.4236716700064346 0.8411699640508967 0
3811 0.5078366307175367 0.9096616633269157 0
3812 0.4901899440890995 0.9782966605922738 0
3813 0.490189944089188 0.6883700060744311 0
3814 0.3552336135917167 0.8237818620391137 0
3815 0.6447663864083071 0.8428848046276067 0
3816 0.6449633272589508 0.823523277422482 0
3817 0.3550366727410835 0.8431433892441291 0
3818 0.5095514712941771 0.6885669469250527 0
3819 0.5103293385082533 0.9787890127188302 0
3820 0.4577782891419286 0.8567579490929106 0
3821 0.4939970024668741 0.7099173485417143 0
3822 0.3742326911255489 0.8408450033151598 0
3823 0.4940326751976613 0.9567316715908311 0
3824 0.6234191268508706 0.827320389100878 0
3825 0.4596575177265677 0.8069008757406315 0
3826 0.5264324575926875 0.7929908510599204 0
3827 0.1667566696552477 0.8336769495000531 0
3828 0.1666666666666669 0.7642045454545631 0
3829 0.1658467536722293 0.9028345047195401 0
3830 0.09836839573844054 0.8360328298143752 0
3831 0.2342175654848001 0.8324594328697916 0
3832 0.120696601203889 0.8820084522860678 0
3833 0.2114053276402769 0.8810098428494301 0
3834 0.1215134689370936 0.7850551676991299 0
3835 0.2114695123817937 0.785980823834756 0
3836 0.1670111647255451 0.7227450739956229 0
3837 0.1663221686077562 0.9439215926710667 0
3838 0.05607840732893089 0.8329888352744245 0
3839 0.2772549260044236 0.832988835274444 0
3840 0.1545307443365547 0.7987689393939486 0
3841 0.1545307443365626 0.8678977272727254 0
3842 0.1999493722756902 0.8470632505021053 0
3843 0.1317446316542716 0.7531883379470576 0
3844 0.1998432440790283 0.751918338919895 0
3845 0.08568695072912068 0.8677608548393948 0
3846 0.2010941881727404 0.9143130492708623 0
3847 0.1318451832891769 0.9152652180353649 0
3848 0.2471325480422409 0.8668942660143972 0
3849 0.08500863660334002 0.798357548641887 0
3850 0.2514618911810687 0.7985673233142553 0
3851 0.1297575401226498 0.8266823486931039 0
3852 0.1868630857570641 0.8068294361542376 0
3853 0.1846194779636986 0.870714479053044 0
3854 0.1195531086867834 0.8491568911290435 0
3855 0.2131231784034165 0.8128471787721629 0
3856 0.1084475731042962 0.7619598598333959 0
3857 0.2258236131330021 0.762222005444106 0
3858 0.2257548115611305 0.9030284524843222 0
3859 0.09824245399393779 0.8910827803912 0
3860 0.1878619658365085 0.778825337089996 0
3861 0.1109610357662457 0.8101002201546702 0
3862 0.1924882367718123 0.7278030706880305 0
3863 0.1405456835015593 0.7264776097239319 0
3864 0.1927876498317311 0.9401890569427285 0
3865 0.05981094305726248 0.8594543164983944 0
3866 0.1424480508438788 0.9407131676575137 0
3867 0.2750221336239677 0.8566837996523901 0
3868 0.05928683234249561 0.8091147175105359 0
3869 0.2740465009908477 0.809114717510558 0
3870 0.143534218467101 0.775121768157177 0
3871 0.1434030937832183 0.8912831310292542 0
3872 0.2237927539773348 0.8547820464251619 0
3873 0.16691593739679 0.6975894594796154 0
3874 0.1664173959364984 0.9690772071871024 0
3875 0.03092279281289495 0.8330840626031646 0
3876 0.3024105405204747 0.8330840626032048 0
3877 0.1462757434580534 0.8462576587031294 0
3878 0.1890360393844666 0.8939561856419093 0
3879 0.1097300051411083 0.910858910559588 0
3880 0.244192243892941 0.8902699948588705 0
3881 0.08914108944038368 0.7763966718077899 0
3882 0.2429566616759698 0.7773446707602525 0
3883 0.1565256450670373 0.7460341305594389 0
3884 0.1769641892610624 0.9209638410403339 0
3885 0.076378087862811 0.8420955357178617 0
3886 0.2539428436145746 0.8434646908256345 0
3887 0.1788543298578926 0.7457102769916492 0
3888 0.1534747280159569 0.9200711737534384 0
3889 0.08000016112909895 0.820591902743688 0
3890 0.253404507086785 0.820141394682644 0
3891 0.1341479831929172 0.8039715752289645 0
3892 0.1877840762995251 0.8284782020687055 0
3893 0.1708514723133387 0.8539421789972201 0
3894 0.1510782142813114 0.8190677341583338 0
3895 0.1355741363150301 0.8658011636264544 0
3896 0.1665756713728786 0.8817389079375002 0
3897 0.1056309523974358 0.8660644981320111 0
3898 0.2290922542173635 0.7984105852092451 0
3899 0.168049658543234 0.7841028504213193 0
3900 0.183638471856202 0.7097401359851735 0
3901 0.1484236424018714 0.7112759274392928 0
3902 0.1849096909314393 0.9553907392273824 0
3903 0.04460926077261224 0.8515763575981046 0
3904 0.1496434948326963 0.9559637296476512 0
3905 0.2892302438761817 0.8501930880927195 0
3906 0.04403627035234579 0.8163101614993619 0
3907 0.2892970629810088 0.8163101614993993 0
3908 0.2173205606706351 0.8337096336285194 0
3909 0.2202033733821021 0.7474144128616316 0
3910 0.1159503391896533 0.745660727229531 0
3911 0.2159919130221473 0.9224493450305105 0
3912 0.07738218788578369 0.8830731033402333 0
3913 0.1209563867919464 0.9308350906175096 0
3914 0.2671116887016132 0.8816972059158965 0
3915 0.06918486963317218 0.7876118070070984 0
3916 0.2643771221878476 0.7876270967062522 0
3917 0.2020020987892785 0.8649476634480804 0
3918 0.1709088957444792 0.8123977226225432 0
3919 0.2042908555419623 0.7747280319279402 0
3920 0.1206323035682002 0.9013044923672783 0
3921 0.2325048666013632 0.8785676486464908 0
3922 0.09686712507063583 0.7865425705895198 0
3923 0.09434702665630497 0.8514884249592042 0
3924 0.123956406473681 0.7686324997152318 0
3925 0.2111740550377662 0.8965889155899385 0
3926 0.1157450830664569 0.8350301269335274 0
3927 0.1854167490348646 0.7650712211049224 0
3928 0.2380651917480217 0.8182222452624559 0
3929 0.2023384593094003 0.8007685616328345 0
3930 0.2410001082239351 0.8526098202299958 0
3931 0.1468218244250101 0.7590424900129595 0
3932 0.2072992234179288 0.7314404886131425 0
3933 0.124673057303778 0.7317023123400298 0
3934 0.208981782804262 0.9355510661817446 0
3935 0.06442887821304283 0.8756977975246631 0
3936 0.1836748202236421 0.8470952952681582 0
3937 0.2285370238964464 0.7846945957032478 0
3938 0.09456246674504243 0.8127109103943435 0
3939 0.1866132389152722 0.9086223259766604 0
3940 0.1973432258144858 0.8804639504082893 0
3941 0.1515183943863779 0.9048067590431472 0
3942 0.1984096047765081 0.8175511147896205 0
3943 0.1353712168429994 0.7887282447998274 0
3944 0.1311366504267509 0.8414794618662046 0
3945 0.17997402729581 0.7933819885278407 0
3946 0.0955298298005126 0.9070745470329175 0
3947 0.2393894865645997 0.9036204509017984 0
3948 0.09363150551658481 0.7624969003942705 0
3949 0.2389912679785883 0.7632231824740768 0
3950 0.09690309894595869 0.8757792848199609 0
3951 0.1103109614602499 0.7777913164057791 0
3952 0.1105160154537568 0.8908014344953252 0
3953 0.2229797528810515 0.890961762872532 0
3954 0.2027105503097947 0.8327050863023767 0
3955 0.1436835664771322 0.7427152274886245 0
3956 0.1896103864387448 0.9243121349792633 0
3957 0.07751775010969732 0.8538320490709135 0
3958 0.2580941711961855 0.8557991054194132 0
3959 0.1791903974595022 0.7324856720990632 0
3960 0.1548076735461115 0.9343576448755209 0
3961 0.06564668790402745 0.8215017034332049 0
3962 0.2676909782088693 0.8214743402128081 0
3963 0.1345240036655408 0.8794302036133735 0
3964 0.277339764216623 0.7954919501187949 0
3965 0.05603167886466243 0.7954894018355945 0
3966 0.2776774035500927 0.871355865769242 0
3967 0.128824609577551 0.943971647843819 0
3968 0.1207203910724915 0.8660269514029599 0
3969 0.1586247845249853 0.892344438635116 0
3970 0.1703740214658735 0.8680705654409478 0
3971 0.1069035138740466 0.8449196163005763 0
3972 0.190136210947158 0.8577546441040123 0
3973 0.1581433474635 0.773039110242745 0
3974 0.1529208402467022 0.8321256072650138 0
3975 0.1612506371540286 0.8444477813610446 0
3976 0.1994563691871331 0.7872720116950721 0
3977 0.1351673131125395 0.7128286558929894 0
3978 0.1955508546110506 0.7146872295101551 0
3979 0.1981660202208169 0.9538380107736053 0
3980 0.04616198922638945 0.8648326868874797 0
3981 0.1248164181586736 0.8132849748032378 0
3982 0.1231029480508549 0.7991075452348443 0
3983 0.1092052741562839 0.9246507615092056 0
3984 0.2579840948425477 0.8907947258437144 0
3985 0.07534923849080992 0.7758719408228991 0
3986 0.2579840948425292 0.7758719408229005 0
3987 0.210334689323956 0.759299872003232 0
3988 0.2180200674066286 0.7733180364952137 0
3989 0.1550549345643284 0.7322942227438958 0
3990 0.1782979188652032 0.9344877773785113 0
3991 0.06537419162017064 0.8443011981578099 0
3992 0.268492122411281 0.844623399410212 0
3993 0.1666666666666663 0.6859330985311146 0
3994 0.1666666666666543 0.9807335681355953 0
3995 0.01926643186440274 0.8333333333333229 0
3996 0.314066901468959 0.8333333333333315 0
3997 0.224965572174614 0.8232375585826681 0
3998 0.2279602154455194 0.843132481639129 0
3999 0.2304678028173248 0.9155690188187634 0
4000 0.1020463680215908 0.7503292873900341 0
4001 0.2338202972894696 0.7503969894697297 0
4002 0.0842312301350451 0.8977282625412029 0
4003 0.1935028868372473 0.7406697666879974 0
4004 0.1431599922420971 0.9259968648306667 0
4005 0.07521678924344562 0.8081755289002248 0
4006 0.2597853174715198 0.8098418980667539 0
4007 0.1753348834135184 0.824879673349171 0
4008 0.104867211395739 0.8234459507551778 0
4009 0.2193386525074731 0.8663048463459997 0
4010 0.2113715848044501 0.8553368863369775 0
4011 0.1749485606597255 0.7720608050054408 0
4012 0.1679109789966772 0.8003913118752615 0
4013 0.2868866656375824 0.8029333658256368 0
4014 0.04645428964534756 0.8029328561689848 0
4015 0.287135956209948 0.8635632173696375 0
4016 0.1362665643840582 0.953546375696363 0
4017 0.1796895312404871 0.698037449571875 0
4018 0.1533847721126663 0.6982796676173124 0
4019 0.1799485612206372 0.9683869990493729 0
4020 0.03161300095062437 0.8466152278873007 0
4021 0.1536438020928264 0.9686292170947545 0
4022 0.03137078290524006 0.8203104687594941 0
4023 0.3019625504281176 0.8463561979071298 0
4024 0.3019625504281219 0.8203104687595379 0
4025 0.1457023676771542 0.8603500135889562 0
4026 0.1504995553125995 0.786088308300018 0
4027 0.1367804359202983 0.9025445262446835 0
4028 0.233416495649512 0.8639475791643184 0
4029 0.1502499972256399 0.8807013692794587 0
4030 0.1813566277498259 0.8833425891086314 0
4031 0.1200247376054755 0.757360356181304 0
4032 0.2136681214956033 0.9090949193757366 0
4033 0.167451583949415 0.7512738213006585 0
4034 0.1654988534536269 0.9153331866819909 0
4035 0.08443246271176022 0.832489134880158 0
4036 0.2484357224074688 0.8319902541224824 0
4037 0.1363396148921817 0.7653206337572351 0
4038 0.146184661999736 0.8072488366858246 0
4039 0.1607675775764563 0.7096364692263238 0
4040 0.1725657557568358 0.9570301974403749 0
4041 0.04296980255962247 0.8392324224235028 0
4042 0.2904882623338757 0.8389587058425934 0
4043 0.1189616386192485 0.9169367819460916 0
4044 0.2513985872566561 0.8796476702294415 0
4045 0.08311019184766832 0.784956107773839 0
4046 0.2509701931031383 0.786691706049051 0
4047 0.09984136591849282 0.8002432677007315 0
4048 0.1751832633608416 0.8956952781945302 0
4049 0.2162511687524528 0.7988445412861424 0
4050 0.1669348217647707 0.7372101082880541 0
4051 0.1661613009855889 0.9289125418445077 0
4052 0.07073569803140412 0.8326616317543314 0
4053 0.2622560993841084 0.8327467036973222 0
4054 0.1343314833601005 0.853286373670177 0
4055 0.1994346885291612 0.9024061790963457 0
4056 0.2314289970683436 0.7722811335296834 0
4057 0.1407507011147413 0.8343397004054218 0
4058 0.1628118963463617 0.8219292405255949 0
4059 0.2044843296267153 0.7202028244288226 0
4060 0.1268523078053232 0.7200040280049242 0
4061 0.2061281669211311 0.9468527929436242 0
4062 0.05314516056604143 0.8727998691034784 0
4063 0.2393156831892328 0.7921159393027228 0
4064 0.1086764031067975 0.8783216817956321 0
4065 0.1596604129225248 0.8573433510724685 0
4066 0.2471504105867955 0.8104425115762103 0
4067 0.191305144731131 0.7941702775828068 0
4068 0.1796354833737609 0.835910135445154 0
4069 0.1373011446794722 0.8155068653668989 0
4070 0.1436576061089363 0.9136505108929145 0
4071 0.1321999009311611 0.7776431335124531 0
4072 0.2261581526186347 0.8099783118528979 0
4073 0.2335007896542596 0.8944280910987663 0
4074 0.1050482891641883 0.9005957118436934 0
4075 0.09948078341646888 0.7720653404108908 0
4076 0.2627394220617927 0.8686796521667965 0
4077 0.1777298993738871 0.7208985811626135 0
4078 0.1556034339593821 0.9457680855040266 0
4079 0.05423191449596729 0.8222701006260482 0
4080 0.2791014188373745 0.8222701006260745 0
4081 0.1001937426683823 0.9177098617239811 0
4082 0.2508075184304748 0.9004309331051918 0
4083 0.08258821399728689 0.7659298106631615 0
4084 0.2507897962587285 0.7664727799122921 0
4085 0.131895307897577 0.8909376006986813 0
4086 0.1439243505898889 0.7969062539969664 0
4087 0.1316568106685378 0.7410542335680064 0
4088 0.2016808597610516 0.9260681019299686 0
4089 0.07366194195115321 0.8681495336800351 0
4090 0.1438416856706539 0.8715138071887838 0
4091 0.2084045369043821 0.7441364222472593 0
4092 0.1764213410439003 0.7586010917577659 0
4093 0.1589042319508533 0.8099672975435844 0
4094 0.09244613954401622 0.8250541457175485 0
4095 0.2010857453634737 0.891016937486599 0
4096 0.2196076189978012 0.9331150414595908 0
4097 0.06687121781963305 0.8863080955555074 0
4098 0.1136477570216714 0.7336995929511004 0
4099 0.2190998179378866 0.7343530156841078 0
4100 0.1842313700578391 0.817001192711535 0
4101 0.109222750520757 0.8556699289867573 0
4102 0.09747787385640083 0.8630873050559175 0
4103 0.1925800486458787 0.8380575976440541 0
4104 0.1796588345152985 0.8609487391198418 0
4105 0.1724338165440036 0.843014468114326 0
4106 0.0862087446158028 0.8431875948885024 0
4107 0.2379899037331914 0.8041495068374084 0
4108 0.2654021192095813 0.8001285971433227 0
4109 0.06894576133742317 0.7997498007790681 0
4110 0.13344684454893 0.9313563977969747 0
4111 0.1740212597326065 0.9086898273226112 0
4112 0.1888810858883835 0.7531099986426546 0
4113 0.2283746977217389 0.7401828836029409 0
4114 0.1052471776032035 0.7398736442116629 0
4115 0.2278257611644655 0.9268791522141264 0
4116 0.07309300821949383 0.8945683845803655 0
4117 0.1174282325812155 0.8224318857525458 0
4118 0.1560591295018524 0.719847517651105 0
4119 0.1772742038314123 0.9468191490155906 0
4120 0.05318085098440738 0.8439408704980835 0
4121 0.2801524823489334 0.8439408704980894 0
4122 0.2125315308413141 0.8439030508049532 0
4123 0.1770621374704812 0.8047745445514686 0
4124 0.1108256026405778 0.7932443215143383 0
4125 0.1588181527155464 0.757003925154202 0
4126 0.2411112910352596 0.8407313359374067 0
4127 0.1974143194556283 0.7622439366156709 0
4128 0.1568566107557664 0.9782966605922756 0
4129 0.02170333940771903 0.8235232774224324 0
4130 0.1764767225774387 0.6883700060744394 0
4131 0.156337328158406 0.6878776539478839 0
4132 0.3114330530749918 0.8428848046276429 0
4133 0.3116299939256486 0.8235232774224399 0
4134 0.1769960051749433 0.9787890127188486 0
4135 0.02121098728114967 0.8436626718416109 0
4136 0.2112532968096008 0.8243238604144175 0
4137 0.08894180322601462 0.8849638777807203 0
4138 0.1726254303615612 0.7097745282368706 0
4139 0.1606993418643325 0.9567316715908293 0
4140 0.0432683284091669 0.8273660085309993 0
4141 0.2900857935175465 0.8273203891008755 0
4142 0.1423425236282458 0.824422924670647 0
4143 0.8333333333333333 0.8333333333333331 0
4144 0.7642045454545612 0.8333333333333347 0
4145 0.8318668440653442 0.9033536989728289 0
4146 0.9024621212121314 0.8333333333333642 0
4147 0.8325134203389146 0.7638321619471229 0
4148 0.8810499837311996 0.8782502587121718 0
4149 0.7884453388845062 0.8810714417379797 0
4150 0.8782213277821482 0.7855952249287241 0
4151 0.7843926926137561 0.7852684468427493 0
4152 0.7251718176936115 0.8326444941479633 0
4153 0.9439215926710711 0.8336778313922615 0
4154 0.8329888352744463 0.7227450739955895 0
4155 0.8329888352744088 0.9439215926710757 0
4156 0.7957847121944179 0.8425507347250153 0
4157 0.8419491119893922 0.8680861550957669 0
4158 0.8678977272727383 0.8211974110032607 0
4159 0.8217313173050658 0.7992705236650413 0
4160 0.8688695287939893 0.9125988846604711 0
4161 0.7540501649171022 0.8688738774831208 0
4162 0.9149897010347308 0.8681231720793292 0
4163 0.7985992581588529 0.9150009355122516 0
4164 0.7523536173958191 0.7989058118272555 0
4165 0.912616501749557 0.7977927891836009 0
4166 0.8672291654856586 0.752568146924971 0
4167 0.7985118499558779 0.7514014486312754 0
4168 0.8119377041719966 0.8695806664495631 0
4169 0.7888156915845401 0.8192191258746506 0
4170 0.8695806664495229 0.8547289624946771 0
4171 0.8512861446303752 0.7959521876136281 0
4172 0.7636382141823099 0.892421478227834 0
4173 0.8924214782277757 0.9030284524843457 0
4174 0.7619233393692101 0.7744110450904709 0
4175 0.9030284524843166 0.7742451884388923 0
4176 0.7264646793948475 0.8593964287038012 0
4177 0.7278030706880257 0.8075117632281905 0
4178 0.8594543164983768 0.9401890569427442 0
4179 0.8566837996523524 0.7249778663759791 0
4180 0.9401890569427356 0.8072123501682874 0
4181 0.9407131676574758 0.8575519491561582 0
4182 0.8091147175105007 0.9407131676574682 0
4183 0.8091147175105869 0.7259534990091097 0
4184 0.8567575523870743 0.8910369520551612 0
4185 0.7754608440609116 0.8552444136685755 0
4186 0.8911546960888219 0.8115043966625244 0
4187 0.8118109638423268 0.7761256718341418 0
4188 0.6975894594796247 0.8335826040634579 0
4189 0.8330840626032068 0.6975894594795546 0
4190 0.969077207187113 0.8335826040635296 0
4191 0.8330840626031382 0.9690772071871185 0
4192 0.813051843698815 0.821158935736682 0
4193 0.8934759389503382 0.856704575113088 0
4194 0.8108717806929486 0.8928782475149999 0
4195 0.8561143195737108 0.7728463957131761 0
4196 0.9108589105595859 0.8902699948588997 0
4197 0.7763966718077828 0.9108589105596135 0
4198 0.8902699948588741 0.7558077561070699 0
4199 0.7763966718078031 0.7558077561070473 0
4200 0.7460341305594391 0.8434743549329667 0
4201 0.843464690825616 0.920609510281243 0
4202 0.9206325361072635 0.8231923117337381 0
4203 0.8436308559277427 0.7457028256263367 0
4204 0.7461862317372997 0.8206733518319791 0
4205 0.9201248094664338 0.8461203044772762 0
4206 0.8208092933647527 0.9207406127362481 0
4207 0.8201413946826607 0.7465954929131985 0
4208 0.8212988597997939 0.8504950293285496 0
4209 0.849622848932074 0.8461267471445089 0
4210 0.8466821052577091 0.8173829306929564 0
4211 0.769121371630678 0.8097626342155561 0
4212 0.8310551722016215 0.8837845678546747 0
4213 0.8851676140204188 0.8343707428171856 0
4214 0.8032516565530359 0.8018041995828187 0
4215 0.8357209668496484 0.7845880894655257 0
4216 0.710000110459166 0.8165395786653205 0
4217 0.7108111192663277 0.8511764126289757 0
4218 0.8501930880927123 0.7107697561238147 0
4219 0.9553907392274004 0.8150903090685901 0
4220 0.8515763575980861 0.9553907392274004 0
4221 0.9559637296476362 0.8503565051673356 0
4222 0.8163101614994076 0.7107029370189855 0
4223 0.8163101614993318 0.9559637296476438 0
4224 0.7446032019750589 0.8835260166963874 0
4225 0.8835256997365027 0.9220621806471909 0
4226 0.7466106353839408 0.7801800418502212 0
4227 0.9220634646915634 0.7831406499703069 0
4228 0.9310316242013676 0.8793817740970622 0
4229 0.8816972059157755 0.732888311298253 0
4230 0.7876230534587076 0.7358315760490728 0
4231 0.787290582729911 0.9310327705765826 0
4232 0.8679771131043164 0.8693868000585789 0
4233 0.7841028797994356 0.8344306826900214 0
4234 0.7972441250828513 0.8679477609115418 0
4235 0.868889180050636 0.7993315187629443 0
4236 0.9011417732166944 0.8793516442485421 0
4237 0.787380572911159 0.9012331623984707 0
4238 0.8791813133777242 0.7655463062395081 0
4239 0.7876549557821433 0.7666047415973404 0
4240 0.7713291026434486 0.7950453612110864 0
4241 0.8751551642444075 0.8960323742882046 0
4242 0.7694411680366474 0.8766023027059086 0
4243 0.8972254986299979 0.7900643639608217 0
4244 0.8299322891973229 0.8126591586153383 0
4245 0.8533172405852613 0.9073943537999078 0
4246 0.7589562275146242 0.8532178284722616 0
4247 0.9078502034378131 0.814569401034413 0
4248 0.7316558709448014 0.8753017131083519 0
4249 0.8753042108017578 0.9350101790354938 0
4250 0.731440488613142 0.7927007765820711 0
4251 0.9350102347433602 0.7913624421136931 0
4252 0.8617550231134812 0.8351172468387671 0
4253 0.8310745403279458 0.8595417588154606 0
4254 0.8533735815329389 0.7581615059303606 0
4255 0.8804639504082783 0.864009892481187 0
4256 0.8026567741854806 0.8804639504083116 0
4257 0.8640098924811651 0.7862027162583864 0
4258 0.7993737071341882 0.8283148858084921 0
4259 0.7827864482049705 0.8005148484879872 0
4260 0.8182757109589583 0.7618985444517332 0
4261 0.8356320559843549 0.7991435487137957 0
4262 0.8125890507881689 0.8366118954192002 0
4263 0.8480232153239682 0.8317266742211374 0
4264 0.8347739169223751 0.8477685906002336 0
4265 0.906056153231239 0.9036204509018384 0
4266 0.7630462157647943 0.9060561532312394 0
4267 0.9036204509017551 0.7606105134353826 0
4268 0.7624925527200039 0.7602144585307951 0
4269 0.7772280070231018 0.8910779500965627 0
4270 0.89107795009653 0.8894386596435542 0
4271 0.7766068237363158 0.7754604866541986 0
4272 0.8894386596435312 0.7755887165701342 0
4273 0.7428423331790623 0.8564164792295413 0
4274 0.8564403604147005 0.9237627237215649 0
4275 0.9238454724803968 0.8104272999447352 0
4276 0.8554757301272036 0.7413804873628795 0
4277 0.7329694551730013 0.8206734926343958 0
4278 0.9343625806830669 0.8450822017077905 0
4279 0.8217982839447153 0.9343667758092012 0
4280 0.8214743402127971 0.7323090217911179 0
4281 0.9083418430507848 0.8547432730292067 0
4282 0.8193985100004276 0.9057686962666965 0
4283 0.7954358644559788 0.9440045945035536 0
4284 0.9440044034410526 0.871231750570702 0
4285 0.8713558657691257 0.7223225964497854 0
4286 0.795491276244302 0.722695018822771 0
4287 0.8423779862630875 0.8920663304548891 0
4288 0.8253399224766793 0.7747486307414739 0
4289 0.8816413070086813 0.8217036123109096 0
4290 0.8102065338408728 0.7902535758549445 0
4291 0.7133813108026321 0.8641925406817821 0
4292 0.7145835010560642 0.8047057138481319 0
4293 0.8648326868874698 0.9538380107736109 0
4294 0.9538380107736277 0.801833979779212 0
4295 0.8907947258435659 0.7420159051573744 0
4296 0.7758719408230432 0.742015905157395 0
4297 0.9246507615091372 0.8907947258438397 0
4298 0.77587194082278 0.9246507615091206 0
4299 0.7327004688150034 0.8448175178404044 0
4300 0.9343547828065277 0.8217344456978533 0
4301 0.8449641092330591 0.9343371537090556 0
4302 0.8446046839113901 0.731403154707768 0
4303 0.6859330985311235 0.8333333333333325 0
4304 0.9807335681356015 0.8333333333333498 0
4305 0.8333333333333325 0.6859330985310663 0
4306 0.8333333333333159 0.9807335681356056 0
4307 0.8972583437764944 0.9155137096211646 0
4308 0.751152773610505 0.8972583890564635 0
4309 0.9155138930560082 0.7694082776101426 0
4310 0.7503292873900593 0.7687130346882534 0
4311 0.7411348392309648 0.8062246015232654 0
4312 0.9250188224997249 0.8572854380333812 0
4313 0.8100156744936546 0.9260322032352355 0
4314 0.8098266589088046 0.7406698018359694 0
4315 0.7583480634449962 0.788836685906066 0
4316 0.7806266185832391 0.8663871503785511 0
4317 0.8858545148284651 0.8000312401565826 0
4318 0.8075883957383414 0.8556015648461085 0
4319 0.8554531749491655 0.8595640023786039 0
4320 0.8593056181476195 0.8105011939307205 0
4321 0.7900120601394622 0.8554773119287977 0
4322 0.7723136064390158 0.8425024222922106 0
4323 0.867044895385946 0.8825253299440498 0
4324 0.774222935200841 0.8246461441304086 0
4325 0.8542846634627317 0.8779202646061323 0
4326 0.8029221486929865 0.9535529650282242 0
4327 0.9535529268157369 0.8637447076456685 0
4328 0.8635632173695404 0.7128640437899516 0
4329 0.8029332310508105 0.713120290970222 0
4330 0.6980374495718716 0.8203104687595115 0
4331 0.6980374495718717 0.8463561979071561 0
4332 0.9683869990493928 0.8200514387793927 0
4333 0.8466152278872765 0.968386999049393 0
4334 0.846356197907138 0.6980374495718794 0
4335 0.8203104687595318 0.6980374495718763 0
4336 0.9686292170947381 0.8463561979071902 0
4337 0.8203104687594795 0.9686292170947443 0
4338 0.8018541609661407 0.8143448052266803 0
4339 0.7989302734015571 0.7788956325911987 0
4340 0.8037514046920905 0.7647399864869846 0
4341 0.8954339254735051 0.8229816476664146 0
4342 0.8177739871276257 0.8823586815597877 0
4343 0.8827486709807786 0.8489154209200551 0
4344 0.8494649760410933 0.7825941361979183 0
4345 0.8809015459966685 0.9094072193538021 0
4346 0.7570818278916411 0.8816394850943047 0
4347 0.9095848387749889 0.7850271815724227 0
4348 0.7514563520858657 0.8322675399348306 0
4349 0.8321655201202848 0.9153331866819995 0
4350 0.915274718842108 0.8341023761512167 0
4351 0.8321655201203089 0.7513334799846828 0
4352 0.7661435774831769 0.8636735961084514 0
4353 0.900513201888997 0.8030904614126315 0
4354 0.8633447961176099 0.9020613515373173 0
4355 0.7598662631660684 0.8219058945402749 0
4356 0.7116480189582441 0.8296320338351931 0
4357 0.8389587058425972 0.7095117376661386 0
4358 0.9570301974403872 0.8274342442431901 0
4359 0.8392324224234811 0.9570301974403901 0
4360 0.8798188413059792 0.7488451663996969 0
4361 0.786013064648871 0.7496039006388637 0
4362 0.9169022530078579 0.8810798562485201 0
4363 0.7856049538788409 0.9169170772984956 0
4364 0.8035303118932871 0.9029284974037587 0
4365 0.8648179108057795 0.7648090202042432 0
4366 0.8135622776052975 0.8081270398303904 0
4367 0.8967069005577772 0.8452299580690138 0
4368 0.8423064679043859 0.7709315794940685 0
4369 0.8251287736250654 0.8936591384618136 0
4370 0.9017704183704769 0.8654331035050312 0
4371 0.7390864093440366 0.8324251252204232 0
4372 0.9288572804368469 0.8337523898370124 0
4373 0.8327851222212606 0.7376617754673422 0
4374 0.8330888847306996 0.9294439758598763 0
4375 0.8249691972452275 0.8276096289956456 0
4376 0.8233681253203623 0.7869956452551395 0
4377 0.7552495357049575 0.8100680591328976 0
4378 0.7199240772985155 0.8726882243671075 0
4379 0.7201820787380036 0.7955669840651215 0
4380 0.8731465087348741 0.9466650243711927 0
4381 0.9466650272714392 0.7935201572158679 0
4382 0.810470609582195 0.9140941890308381 0
4383 0.8565128982596635 0.8235023006033851 0
4384 0.8425747186241905 0.8562174508069149 0
4385 0.8103530593653568 0.753064004381099 0
4386 0.8401802197071302 0.8790350330557362 0
4387 0.8762745701088397 0.8105914113455683 0
4388 0.9006183118273161 0.8949704431397918 0
4389 0.7716996361931046 0.9006230696981223 0
4390 0.8949615754351108 0.7660494696243035 0
4391 0.7710527118741862 0.7659402964352594 0
4392 0.8687101013760158 0.7371637624685941 0
4393 0.9085820786258471 0.8427058490120157 0
4394 0.7203626623380188 0.8186178460598659 0
4395 0.945768085504015 0.8443965660406442 0
4396 0.8222701006260186 0.9457680855040256 0
4397 0.8222701006260886 0.7208985811626147 0
4398 0.7985769557134763 0.8917150598927042 0
4399 0.8684689528041055 0.7749999326688077 0
4400 0.9004309331050986 0.7491924815694876 0
4401 0.9174741850970973 0.9004309331052771 0
4402 0.7661953791121974 0.7491636145939462 0
4403 0.7662357335613579 0.9174741850970893 0
4404 0.836905968264225 0.8236359081993048 0
4405 0.7410542335680081 0.8683431893314695 0
4406 0.8683431893313889 0.9256124330986759 0
4407 0.9256124330986643 0.7983234773352755 0
4408 0.8241195949142637 0.8391925822117728 0
4409 0.7439938830777515 0.79126735221714 0
4410 0.8915804129353975 0.8687498948120042 0
4411 0.7617244961368186 0.801212953430139 0
4412 0.7691846469033027 0.7832560126600148 0
4413 0.8863123965521115 0.9330473992198374 0
4414 0.7336191289095815 0.8863122376064798 0
4415 0.9330474968694031 0.7803542460102391 0
4416 0.7343119600194856 0.7809025814249505 0
4417 0.846386544263344 0.8058509744739392 0
4418 0.795900875458634 0.7928696059448398 0
4419 0.8721778761225452 0.8417921865161505 0
4420 0.8275981568365427 0.8718547339095228 0
4421 0.7802812774196578 0.8121767830258875 0
4422 0.7197440750184059 0.8434777681409997 0
4423 0.8000912194697796 0.9313567342970184 0
4424 0.9311515437668704 0.8667148167873265 0
4425 0.8001135112156558 0.7353102688696397 0
4426 0.8407979691648582 0.7579923105965144 0
4427 0.8198995313749242 0.8614147506698409 0
4428 0.8611685415650852 0.8474582251212477 0
4429 0.7399390027060755 0.8949868625772659 0
4430 0.8949868625771185 0.9267276639604665 0
4431 0.7400003765585766 0.7722091315928054 0
4432 0.9267276639604297 0.7716798040895416 0
4433 0.8439408704981071 0.7198475176510849 0
4434 0.9468191490155978 0.8227257961686121 0
4435 0.843940870498066 0.9468191490156015 0
4436 0.8414383286279375 0.8397388363248032 0
4437 0.7570039251542037 0.8411818472844569 0
4438 0.9089831290135558 0.8255618574442811 0
4439 0.841169964050855 0.9096616633269244 0
4440 0.9782966605922894 0.8431433892442843 0
4441 0.8235232774223812 0.9782966605922945 0
4442 0.8428848046276072 0.6885669469250257 0
4443 0.6885669469250686 0.8237818620391497 0
4444 0.8235232774224814 0.6883700060743826 0
4445 0.6883700060744458 0.84314338924409 0
4446 0.9787890127188499 0.8230039948250817 0
4447 0.8436626718415902 0.9787890127188568 0
4448 0.7835348205266487 0.8460411130609242 0
4449 0.7075660244588948 0.8408450033151564 0
4450 0.9567316715908267 0.8393006581356919 0
4451 0.8273203891008796 0.70991420648246 0
4452 0.8273660085309762 0.9567316715908328 0
4453 0.7929908510599244 0.8069008757406345 0
4454 0.873727909507573 0.8308362398972549 0
4455 0.6656846862980765 0.6662950654777317 0
4456 0.5975378787878952 0.6666666666666666 0
4457 0.7357954545454516 0.6666666666666964 0
4458 0.6658172161490831 0.7342175393625718 0
4459 0.6666666666666664 0.5975378787878685 0
4460 0.6172077010368718 0.7136211875929533 0
4461 0.713122337674828 0.7147256665061935 0
4462 0.6184969726653227 0.6184687210451643 0
4463 0.7116050500325013 0.6189648914889248 0
4464 0.5560784073289607 0.6663221686077895 0
4465 0.7772549260043855 0.6670111647255736 0
4466 0.6663221686077586 0.7772549260043892 0
4467 0.6670111647255522 0.5560784073289239 0
4468 0.6306743547866231 0.6767896035783356 0
4469 0.6771577201589771 0.7021738785135457 0
4470 0.7042152878056013 0.6574492652750104 0
4471 0.6571442245195664 0.6315894251901546 0
4472 0.586521671280388 0.7015887016790597 0
4473 0.5856869507291549 0.6322391451605873 0
4474 0.7022072108164203 0.7459498350829084 0
4475 0.7468116620529444 0.6317446316542881 0
4476 0.6318531458361982 0.7506728260352551 0
4477 0.7483163946274817 0.7014103330855469 0
4478 0.6331057339856121 0.5862007852910774 0
4479 0.7014565054126071 0.5850102989652451 0
4480 0.622149024917875 0.6525524592079833 0
4481 0.6500550840242912 0.7105502311558025 0
4482 0.7111977588217852 0.6806957285744449 0
4483 0.6846194779637089 0.6292855209469497 0
4484 0.5952566727025465 0.6077443784238024 0
4485 0.5955201167717674 0.7249156959044585 0
4486 0.7380401401665895 0.6084475731043187 0
4487 0.7257548115611275 0.7363617858176879 0
4488 0.5611364040213607 0.6408450965615204 0
4489 0.5598109430572653 0.6927876498317778 0
4490 0.7735223902760782 0.6405456835015858 0
4491 0.6927876498317429 0.7735223902760863 0
4492 0.7740465009908701 0.6908852824894394 0
4493 0.6424480508438963 0.7740465009908774 0
4494 0.6908852824894145 0.5592868323424509 0
4495 0.643316200347629 0.5583111997093271 0
4496 0.608432486616394 0.6898130417864279 0
4497 0.6898130417864008 0.7249008467169515 0
4498 0.7245391559391012 0.6447555863314548 0
4499 0.6431956129538025 0.6086670274070555 0
4500 0.5309227928129608 0.666417395936543 0
4501 0.8024105405204067 0.6669159373968335 0
4502 0.6664173959364996 0.8024105405204095 0
4503 0.6669159373967937 0.5309227928128881 0
4504 0.6544363295332941 0.6871228604488611 0
4505 0.6869310763752956 0.6788358114205364 0
4506 0.6462104728844884 0.6544363295332752 0
4507 0.6900379084463875 0.606524061049655 0
4508 0.6087427540009539 0.7441143816521147 0
4509 0.7441922438929245 0.7236033281922224 0
4510 0.6097300051411401 0.589141089440379 0
4511 0.7236033281922037 0.5891410894403919 0
4512 0.5793674638927723 0.6768076882662997 0
4513 0.676807688266277 0.7539658694405814 0
4514 0.75396586944058 0.6565256450670567 0
4515 0.6565353091743593 0.5793904897187648 0
4516 0.5797067209151441 0.6539677754771813 0
4517 0.6534747280159713 0.7534045070867905 0
4518 0.7538137682626682 0.6793266481680629 0
4519 0.679453637810568 0.5798751905335418 0
4520 0.6793989125014507 0.6502257988357928 0
4521 0.6026084626778495 0.6433177527889775 0
4522 0.6365806075222449 0.7265247999410982 0
4523 0.7311908925187895 0.6877978498460229 0
4524 0.635947251664438 0.6994392326105858 0
4525 0.6351381436844601 0.6341907065988646 0
4526 0.6981151393419789 0.6990200798952841 0
4527 0.6682402734671252 0.6207003959463554 0
4528 0.5430734693185045 0.6496948614771351 0
4529 0.5446092607726214 0.6849096909314565 0
4530 0.7887240725607305 0.6484236424019117 0
4531 0.6849096909314188 0.7887240725607363 0
4532 0.7892970629809852 0.683689838500632 0
4533 0.6496434948327036 0.7892970629809928 0
4534 0.6836898385005932 0.544036270352324 0
4535 0.6498069119072853 0.5441030894571441 0
4536 0.5799439687172779 0.6135133751835503 0
4537 0.5790085327315589 0.7173849033066485 0
4538 0.7543392727704579 0.615950339189666 0
4539 0.7168593500296965 0.7553967980249459 0
4540 0.7643642800103243 0.712710395968255 0
4541 0.6209569671526063 0.7643196101511102 0
4542 0.7127151074301948 0.5689683757984545 0
4543 0.6183027940841781 0.5662216446316322 0
4544 0.6197222822557704 0.6679805408502341 0
4545 0.6679795195049076 0.7168436890184045 0
4546 0.7158979371591749 0.665564145690048 0
4547 0.7022914539073811 0.6329292267020448 0
4548 0.7336867230547595 0.7126351670578754 0
4549 0.621281123625583 0.599721951249868 0
4550 0.7126876598302263 0.5988600861857839 0
4551 0.6048032425061569 0.6283419454552363 0
4552 0.6015182781375693 0.7095292768217361 0
4553 0.7103257225602664 0.7315598200693949 0
4554 0.7307785139547364 0.6235821234526935 0
4555 0.6634266654861458 0.6457973873817384 0
4556 0.6468217079676271 0.5924526646168364 0
4557 0.592114772598257 0.686639274040897 0
4558 0.6867276324890694 0.7410954425965123 0
4559 0.741166890623965 0.6468705299759638 0
4560 0.6475477486384252 0.671478112683586 0
4561 0.6714781126835916 0.6857855846949179 0
4562 0.6176074804061353 0.7313397189783269 0
4563 0.6494446917074166 0.7362633821451625 0
4564 0.5647738219464788 0.6260341099154002 0
4565 0.5650362735440746 0.7086603588580195 0
4566 0.7682976876599659 0.6246730573037924 0
4567 0.7086375578863131 0.7683435680767515 0
4568 0.7206330827074926 0.6990847774672981 0
4569 0.6973432258144989 0.6195360495917118 0
4570 0.6333180720951558 0.6619964511980719 0
4571 0.6616316944432895 0.7001077647760274 0
4572 0.7006259580371392 0.6716737368089469 0
4573 0.6150612009480216 0.634135629805503 0
4574 0.6698971511822776 0.6341339503100033 0
4575 0.6871442177711784 0.6618752863160208 0
4576 0.5961765886972299 0.7390712401312829 0
4577 0.7393894865645892 0.7369537842351441 0
4578 0.5958258860533401 0.5935477918641271 0
4579 0.7375030996056917 0.5936315055165819 0
4580 0.6105613403564596 0.6089220499034347 0
4581 0.7240390444551139 0.7235278065842237 0
4582 0.7227719929768791 0.6089220499034576 0
4583 0.5760050523639514 0.6896710610449653 0
4584 0.7573196692842054 0.6436916840689759 0
4585 0.6897888723092015 0.7571641234512945 0
4586 0.6441332193660223 0.5752533811261132 0
4587 0.5658448668145605 0.6543645557990436 0
4588 0.7677001091425538 0.678201716055306 0
4589 0.6548076735461039 0.7676909782088653 0
4590 0.6784155350410987 0.5656374193169008 0
4591 0.6880766063624856 0.5916581569492042 0
4592 0.6556875341389686 0.7236329517328526 0
4593 0.7045650839038484 0.5559955965587819 0
4594 0.7773376238537875 0.7045642986602015 0
4595 0.628644134230828 0.5556559297831614 0
4596 0.6288247063043871 0.7773301788772532 0
4597 0.6202791642017472 0.6987614571380507 0
4598 0.6984676014886336 0.7132761051901984 0
4599 0.658095696019561 0.6066233758413209 0
4600 0.6340653662973597 0.7129077121331653 0
4601 0.635566136554406 0.6210020070590593 0
4602 0.5480205628434824 0.6377824787222897 0
4603 0.5461619892263039 0.6981660202207792 0
4604 0.7871713441070352 0.6351673131125729 0
4605 0.6981660202207558 0.7871713441070388 0
4606 0.7579840948425892 0.7241280591769623 0
4607 0.6092052741563742 0.7579840948425972 0
4608 0.7241280591769534 0.5753492384907333 0
4609 0.6092052741563818 0.5753492384907268 0
4610 0.6074921082076222 0.7224946164319602 0
4611 0.565620304667564 0.678281947800468 0
4612 0.7677115933849255 0.6550562874963206 0
4613 0.6783015830111522 0.7676856690794424 0
4614 0.6553685440166224 0.5648429036588382 0
4615 0.5192664318644578 0.6666666666666653 0
4616 0.8140669014689065 0.6666666666666753 0
4617 0.6666666666666566 0.8140669014689044 0
4618 0.6666666666666665 0.5192664318643981 0
4619 0.5836626207233967 0.6020463680215841 0
4620 0.7496707126099458 0.6020463680216007 0
4621 0.5836626207233803 0.7312869653117328 0
4622 0.7305917223898191 0.7488472263894419 0
4623 0.574693575651995 0.6396750881432913 0
4624 0.6431630061873047 0.7596696896022068 0
4625 0.7591961628472089 0.689975220361749 0
4626 0.6906187713666538 0.5749811775002485 0
4627 0.5915450536419766 0.6228680496944858 0
4628 0.7193409897332038 0.633795807454645 0
4629 0.6924116042616769 0.6443984351539331 0
4630 0.7099051377449954 0.6446993456456858 0
4631 0.6056514718964456 0.6758020193329835 0
4632 0.6076621761289176 0.657962865740459 0
4633 0.7256711572044239 0.6753704675929091 0
4634 0.6771822056529944 0.7280413536925323 0
4635 0.7276928458255353 0.657501908550606 0
4636 0.618654900011171 0.6830723143106093 0
4637 0.6833145519615866 0.7152332610258211 0
4638 0.636436782630433 0.5461973771233087 0
4639 0.6970780409788201 0.5464470731840935 0
4640 0.6362665837294819 0.7868847485697757 0
4641 0.7868862375650798 0.6970778839301035 0
4642 0.5313707829052067 0.6536438020928422 0
4643 0.5316130009506397 0.6799485612206635 0
4644 0.8017203323827166 0.6533847721127051 0
4645 0.6799485612206243 0.8017203323827209 0
4646 0.8019625504280906 0.6796895312405168 0
4647 0.6536438020928222 0.8019625504280957 0
4648 0.6796895312404722 0.5313707829052137 0
4649 0.6536438020928647 0.5313707829052092 0
4650 0.6407431209479171 0.6870478962206044 0
4651 0.6350190745124863 0.6475690495937162 0
4652 0.6983686122777231 0.685772461625839 0
4653 0.6355084835882993 0.5987167236957414 0
4654 0.6510651245573531 0.6194961173381698 0
4655 0.6813566277498421 0.6166574108913572 0
4656 0.5906421497303209 0.7133546444279757 0
4657 0.7149931269720082 0.7429702851917659 0
4658 0.7426842892752989 0.6199808012366015 0
4659 0.5847054750252122 0.6658211323970092 0
4660 0.7485436479141401 0.6677324600651917 0
4661 0.6644814033295016 0.7474835993060502 0
4662 0.6674393007079985 0.5847292984931594 0
4663 0.5986992119435033 0.6971116669073423 0
4664 0.7344071681122202 0.6365212254547219 0
4665 0.6972650662261075 0.7345075723862708 0
4666 0.5889997786233486 0.6443170452348341 0
4667 0.7404658094459092 0.6782387465813507 0
4668 0.5429698025596613 0.6725657557568768 0
4669 0.7903635307736967 0.6607675775764972 0
4670 0.6725657557568351 0.7903635307737014 0
4671 0.6610412941574012 0.5428450709994703 0
4672 0.7504170344601322 0.7140426246683298 0
4673 0.6200514267975302 0.7501924389908277 0
4674 0.7144135727601134 0.5830980126209652 0
4675 0.6203457688008388 0.5818867402334629 0
4676 0.6867379721638038 0.6924930438682247 0
4677 0.6485626961226459 0.6968535970423763 0
4678 0.646847897486134 0.6403295618138036 0
4679 0.6764102532530821 0.6052547425519585 0
4680 0.6987669732880001 0.598229953510007 0
4681 0.5706097716344762 0.6663690323144382 0
4682 0.666021981107852 0.7620494862165531 0
4683 0.7627501903377809 0.6669149124070941 0
4684 0.667123106541303 0.5710504254710828 0
4685 0.7357418870582311 0.6987598495673214 0
4686 0.6578129926146189 0.6595266501466317 0
4687 0.6746219970271401 0.6726107110274318 0
4688 0.6599499443693779 0.6751080066002317 0
4689 0.7455542174191083 0.6892490228895829 0
4690 0.5535361577621549 0.6288490037066183 0
4691 0.5533373940262316 0.7064810298402044 0
4692 0.7799959719950817 0.6268523078053395 0
4693 0.7064798427841656 0.7799983606048724 0
4694 0.5935367486930612 0.6553422063841878 0
4695 0.6054250568617783 0.7328193631237339 0
4696 0.642192608209915 0.7471599886730043 0
4697 0.6320534205325671 0.7377325724761616 0
4698 0.6890175159558667 0.7052838872453968 0
4699 0.6292597583223793 0.6890221007716373 0
4700 0.728419892256521 0.5994107682165235 0
4701 0.7340597035647122 0.7289472881258354 0
4702 0.6051677363038394 0.599471086914266 0
4703 0.6313079751358515 0.570588280129129 0
4704 0.67560929296016 0.5918110534631464 0
4705 0.5542319144959449 0.65560343395945 0
4706 0.6556034339593915 0.7791014188373678 0
4707 0.7791014188373606 0.6777298993739403 0
4708 0.6777298993739159 0.5542319144959578 0
4709 0.7508075184304794 0.7337642664384808 0
4710 0.5991977464281595 0.750672828527285 0
4711 0.7340701893367436 0.582588213997243 0
4712 0.5995287124455336 0.5824969479272777 0
4713 0.6709673035762571 0.6577410806614865 0
4714 0.5743875669013397 0.7016765226647995 0
4715 0.7589457664319964 0.6316568106685566 0
4716 0.7016765226647712 0.7589457664320102 0
4717 0.5773420597363117 0.6247365495074338 0
4718 0.7019418843126002 0.6086156243751966 0
4719 0.6308096658774827 0.6093152860913778 0
4720 0.6025179802366387 0.6165893459933472 0
4721 0.7196457539897045 0.7663808302027869 0
4722 0.766300407048893 0.6136477570216685 0
4723 0.5670340268704006 0.7196857215005527 0
4724 0.5676459373260488 0.6142418091754038 0
4725 0.5951171723530471 0.6347148979186243 0
4726 0.679719877596685 0.639184307807259 0
4727 0.6451523053603839 0.6293215636000105 0
4728 0.7090862760063613 0.7032968824136333 0
4729 0.6135563807761931 0.6455460217164333 0
4730 0.6451411593091445 0.7202899169823208 0
4731 0.626643983248529 0.721974852569457 0
4732 0.6334491752648787 0.7652077611313406 0
4733 0.7000481501205438 0.5688484562330361 0
4734 0.7646521924659345 0.6999091061130384 0
4735 0.5733338386865577 0.6055436438095613 0
4736 0.7601263557882966 0.6052471776032228 0
4737 0.5732077882881925 0.7280862626830419 0
4738 0.7283201959105526 0.760060997293905 0
4739 0.7202237637481121 0.6871609864078611 0
4740 0.5531808509844436 0.67727420383149 0
4741 0.6772742038314356 0.7801524823489164 0
4742 0.7801524823489122 0.656059129501899 0
4743 0.6560591295018861 0.5531808509844106 0
4744 0.5903372584875399 0.6745151806177916 0
4745 0.7425891784547558 0.658880962313014 0
4746 0.6742032291773851 0.7409607608796496 0
4747 0.6089930321911131 0.7004483722094836 0
4748 0.7007998876555726 0.7241980950384062 0
4749 0.6588300359491087 0.5903383366730754 0
4750 0.8116299939255811 0.6764767225775263 0
4751 0.6568566107558066 0.8116299939255838 0
4752 0.5212109872812365 0.6769960051749033 0
4753 0.5217033394077868 0.6568566107559134 0
4754 0.6764767225775181 0.5217033394077181 0
4755 0.6571151953723933 0.5219002802583574 0
4756 0.8121223460521336 0.6563373281584338 0
4757 0.6769960051748997 0.8121223460521366 0
4758 0.7165021477314892 0.6542436796295512 0
4759 0.5431078615702064 0.6607079029717726 0
4760 0.7900650049241542 0.6726339914689988 0
4761 0.660699341864335 0.7900650049241593 0
4762 0.6726796108991213 0.5432475398157962 0
4763 0.6243654191945345 0.6404922027967734 0
4764 0.6257255746093489 0.6296578534610729 0
4765 0.7096041054839086 0.6925051527307267 0
4766 0.3333333333333333 0.6666666666666667 0
4767 0.2642045454545632 0.6666666666666664 0
4768 0.3329823743465132 0.5990121022416527 0
4769 0.3333333333333047 0.7357954545454621 0
4770 0.4033536989728137 0.6681331559346312 0
4771 0.2884453388845071 0.7144047750713118 0
4772 0.2851636393319718 0.6184687210451643 0
4773 0.3813982198238955 0.6177260259470818 0
4774 0.3810714417379418 0.7115546611154828 0
4775 0.2251718176936073 0.6659778274812936 0
4776 0.4414948489730662 0.6673555058520356 0
4777 0.3329888352744207 0.7772549260044035 0
4778 0.3329888352744221 0.5560784073289314 0
4779 0.295784712194419 0.6758840680583491 0
4780 0.3228387049307588 0.6311549284478066 0
4781 0.3454692556634092 0.7012310606060693 0
4782 0.3673961430016168 0.655064650638392 0
4783 0.2531883379470574 0.7015887016790616 0
4784 0.2523536173958137 0.6322391451605959 0
4785 0.2985992581588715 0.7483342688455857 0
4786 0.2985118499558411 0.5847347819646231 0
4787 0.3677608548394004 0.5856869507291257 0
4788 0.3682553683457057 0.7468116620529486 0
4789 0.4137992147089107 0.6331057339856165 0
4790 0.4150009355122464 0.7014007418410784 0
4791 0.2888156915845423 0.6525524592079834 0
4792 0.3119377041720002 0.7029139997828949 0
4793 0.3468235720070898 0.6223929651011196 0
4794 0.3707144790530478 0.6846194779637077 0
4795 0.2619233393691904 0.6077443784238031 0
4796 0.2619598598333945 0.7248857602290352 0
4797 0.3922556215761628 0.5952566727025498 0
4798 0.3915524268956495 0.7380401401665698 0
4799 0.2264646793948442 0.6927297620371311 0
4800 0.227803070688022 0.6408450965615252 0
4801 0.4417035778096892 0.6433823578272677 0
4802 0.4407131676575951 0.6908852824893794 0
4803 0.3594543164983944 0.7735223902760685 0
4804 0.358476133865731 0.5576186608804975 0
4805 0.3091147175105341 0.7740465009908385 0
4806 0.3091147175105341 0.5592868323424967 0
4807 0.275460844060913 0.6885777470019068 0
4808 0.3103676843351859 0.6107330028814181 0
4809 0.3551622700041476 0.7244880294221492 0
4810 0.3909737499834495 0.6440447020243327 0
4811 0.1975894594796148 0.6669159373967898 0
4812 0.4690772071870769 0.6664173959365416 0
4813 0.333084062603165 0.5309227928128961 0
4814 0.3330840626031641 0.8024105405204386 0
4815 0.3130689236247168 0.6544975219128037 0
4816 0.3455636704667103 0.6462104728844632 0
4817 0.3108717806929502 0.726211580848332 0
4818 0.3928782475149693 0.689128219307039 0
4819 0.2763966718077892 0.5891410894403845 0
4820 0.2763966718077883 0.7441922438929494 0
4821 0.4108589105595883 0.6097300051411247 0
4822 0.4108589105595891 0.7236033281922086 0
4823 0.2460341305594403 0.6768076882662972 0
4824 0.4206095102812169 0.656535309174354 0
4825 0.34347435493294 0.7539658694405902 0
4826 0.3446664470257934 0.5792535196465045 0
4827 0.2463733875818053 0.6539677754771887 0
4828 0.4207406127362525 0.6791907066352337 0
4829 0.3208092933647548 0.754073946069584 0
4830 0.3201413946826282 0.5799288262465541 0
4831 0.3212988597997959 0.6838283626618831 0
4832 0.3492837359737196 0.6800154385910422 0
4833 0.2692751293445122 0.643317752788982 0
4834 0.35460454032011 0.6015866465395912 0
4835 0.3011958804371469 0.6337792620588794 0
4836 0.3323436290326112 0.7184642944022308 0
4837 0.3648624670838259 0.636584989886348 0
4838 0.3820629934632389 0.6690340173670246 0
4839 0.2108111192663247 0.6845097459623053 0
4840 0.2100001104591655 0.6498729119986481 0
4841 0.351576357598095 0.7887240725607257 0
4842 0.350551169268989 0.544216203589504 0
4843 0.4560567861994788 0.6497238912336809 0
4844 0.4558089829369676 0.6835838560472992 0
4845 0.3163101614993629 0.789297062980986 0
4846 0.3163101614993615 0.5440362703523469 0
4847 0.2456607272295313 0.7173829941436787 0
4848 0.2466106353839231 0.6135133751835569 0
4849 0.3864866248164199 0.5799439687172979 0
4850 0.3840496608103197 0.7543392727704292 0
4851 0.431032770576948 0.7127094172696696 0
4852 0.4337783553685244 0.6183027940843258 0
4853 0.2872905827300225 0.764366103910014 0
4854 0.2876230534585505 0.5691649093825389 0
4855 0.2841028797994379 0.6677640160233549 0
4856 0.2972441250828526 0.7012810942448742 0
4857 0.3320204804950483 0.6164896443149193 0
4858 0.3673351479037267 0.7022225133839659 0
4859 0.2878352411229085 0.5995910580957328 0
4860 0.2873805729111628 0.7345664957318138 0
4861 0.399931031915167 0.6211008382847928 0
4862 0.4012331623984876 0.7126194270888219 0
4863 0.2714699091728104 0.6283419454552385 0
4864 0.3698635939234518 0.6050326136907167 0
4865 0.2692251587068447 0.7097538580750463 0
4866 0.3764205247416513 0.7307748412931372 0
4867 0.354014500493414 0.6632437845121887 0
4868 0.4074960178675078 0.6469430064062665 0
4869 0.2588331093760476 0.686462803357394 0
4870 0.3520742652032276 0.7412155854327878 0
4871 0.3285218873164127 0.6475477486384074 0
4872 0.2314404886131333 0.6260341099154106 0
4873 0.231701751361572 0.7086577645849034 0
4874 0.3742310083627448 0.5647039608334435 0
4875 0.3753269426962005 0.7682976876599293 0
4876 0.3311089472414325 0.6954454172104536 0
4877 0.3026567741854821 0.7137972837416441 0
4878 0.3804639504082831 0.6973432258145017 0
4879 0.2993757404587019 0.661648844480253 0
4880 0.3375589777890438 0.6327780639932674 0
4881 0.2817278676146775 0.6341356298055048 0
4882 0.3684407685235326 0.6184465825043278 0
4883 0.3181899325949817 0.5953195389437683 0
4884 0.3675223874004971 0.6689618076140809 0
4885 0.3125889988625661 0.6699467229988123 0
4886 0.3351193880781849 0.6798440981720363 0
4887 0.2624925527199594 0.5935477918641464 0
4888 0.2624969003942685 0.7397018278167465 0
4889 0.4064522081358617 0.5958258860533783 0
4890 0.4063684944834196 0.7375030996056438 0
4891 0.3557714059628754 0.5888409990848007 0
4892 0.2772280070231057 0.6089220499034367 0
4893 0.2772280070231048 0.7244112834298939 0
4894 0.3911993655000433 0.6099460165640992 0
4895 0.3910779500965343 0.7227719929768692 0
4896 0.2426781756609583 0.6896320012986066 0
4897 0.3561324484608764 0.7573277850856774 0
4898 0.4247422688742817 0.6441555355467771 0
4899 0.233000647813749 0.6540003410197086 0
4900 0.4342045618290062 0.678627723882391 0
4901 0.3214743402127787 0.5656423551244762 0
4902 0.3217982839447064 0.7677001091425517 0
4903 0.4057686962667045 0.6806014899995553 0
4904 0.3193985100004331 0.739102029600037 0
4905 0.2954912762441685 0.5560283521562247 0
4906 0.2954358644560804 0.7773379278369804 0
4907 0.4440045945038947 0.7045641355436418 0
4908 0.4443465331368078 0.6286551604775685 0
4909 0.3953721719354982 0.6599470169705116 0
4910 0.2996598860750422 0.6213066480058271 0
4911 0.3449710052196134 0.7149685315167544 0
4912 0.3764291836283431 0.6434989766541933 0
4913 0.2133813108026273 0.6975258740151118 0
4914 0.2145835010560676 0.6380390471814572 0
4915 0.3648326868874653 0.7871713441069601 0
4916 0.3644320126951119 0.545644921354399 0
4917 0.4246507615093565 0.6092052741565579 0
4918 0.4246507615093568 0.7241280591767755 0
4919 0.2758719408228952 0.5753492384908121 0
4920 0.2758719408228993 0.7579840948425224 0
4921 0.2326731092286501 0.6781312159630232 0
4922 0.4352504254792018 0.6552842301700228 0
4923 0.3449144012586476 0.7677129460185138 0
4924 0.3454573362312106 0.565095339647008 0
4925 0.1859330985311149 0.6666666666666666 0
4926 0.4807335681355742 0.6666666666666661 0
4927 0.3333333333333249 0.5192664318644038 0
4928 0.3333333333333254 0.8140669014689292 0
4929 0.3600964574558573 0.5739596617538608 0
4930 0.250329287390035 0.6020463680215902 0
4931 0.2503292873900325 0.7312869653117408 0
4932 0.3979536319783858 0.7496707126099068 0
4933 0.3979536319783875 0.583662620723427 0
4934 0.2414301157947296 0.639623057460537 0
4935 0.4260051675718938 0.6900553268107565 0
4936 0.3100156744936814 0.7593655365685807 0
4937 0.3098266589087544 0.5740031351693282 0
4938 0.2582117203086282 0.6228680496944915 0
4939 0.3768314244104172 0.5915892302763111 0
4940 0.2805906170282725 0.6996901873845177 0
4941 0.3666051301827206 0.7192238497167615 0
4942 0.3075883957383408 0.6889348981794384 0
4943 0.3561654727359597 0.6926389514809528 0
4944 0.3193774150046826 0.6187052198530261 0
4945 0.290006059880302 0.6888055958742357 0
4946 0.2743288427955886 0.6579628657404568 0
4947 0.2723071967066882 0.6758311555397346 0
4948 0.3442432686092335 0.6087238972168066 0
4949 0.302922148693082 0.7868862983616474 0
4950 0.3029332310506994 0.5464536243036604 0
4951 0.4535220156863849 0.6970566548160373 0
4952 0.4538380460958886 0.6364356152410636 0
4953 0.1980374495718722 0.6796895312404856 0
4954 0.1980374495718721 0.653643802092847 0
4955 0.3466152278872971 0.8017203323827111 0
4956 0.346356197907106 0.5313707829051805 0
4957 0.4686292170947875 0.6536438020928521 0
4958 0.4686292170947895 0.6796895312404816 0
4959 0.320310468759495 0.8019625504280923 0
4960 0.3203104687594955 0.5313707829052404 0
4961 0.3017021665247868 0.6472831818042338 0
4962 0.3520950560537573 0.6352108708930131 0
4963 0.3039977193563954 0.5975850951594295 0
4964 0.3878240265443525 0.6320922839845505 0
4965 0.4000048082038775 0.6354573129371117 0
4966 0.3436870024561535 0.7287666081074167 0
4967 0.3179887299327915 0.7159164137621579 0
4968 0.3838844153114084 0.6826829912014972 0
4969 0.2573163665571175 0.7133530049886021 0
4970 0.3800196716552335 0.7426836334428544 0
4971 0.2513721416918779 0.6658211323970102 0
4972 0.3321655201202946 0.7486665200153265 0
4973 0.3323050973540591 0.58585507308895 0
4974 0.4153331866819823 0.6678344798796838 0
4975 0.265588114644571 0.6968234278276297 0
4976 0.3634252933022957 0.7343981852852433 0
4977 0.255669476729868 0.6443147878992384 0
4978 0.3232257948141633 0.6072326183849853 0
4979 0.2116480189582394 0.6629653671685285 0
4980 0.4550186477084524 0.670367966164795 0
4981 0.3390183860386169 0.5428639233548638 0
4982 0.3392324224234984 0.7903635307737131 0
4983 0.4169170772986813 0.7143950461210298 0
4984 0.4180982045450853 0.6203379471752613 0
4985 0.2856049538788774 0.7502504106318819 0
4986 0.2860314611121776 0.5829018240911648 0
4987 0.3035303118932925 0.7362618307370916 0
4988 0.4029284974037419 0.6964696881066871 0
4989 0.3585332154195562 0.6468863241790683 0
4990 0.313317471949675 0.6411031371230249 0
4991 0.3938867039107721 0.6749211484633764 0
4992 0.3227871965984181 0.7270979546316441 0
4993 0.2382017975567016 0.6660827829921058 0
4994 0.4279388576634543 0.6674713259322866 0
4995 0.3330854796399583 0.7627828776287566 0
4996 0.3330265294416812 0.5712051649987402 0
4997 0.3401407372318571 0.6579876671011824 0
4998 0.3245363310660077 0.6598042046770483 0
4999 0.3797460986772235 0.656716314414584 0
5000 0.2199890399246733 0.7062692714391285 0
5001 0.2201820787380016 0.6289003173984551 0
5002 0.373147692194625 0.7799959719949963 0
5003 0.3720935250865025 0.5526662420484635 0
5004 0.2602039205997024 0.6553418301615903 0
5005 0.3104706095822066 0.7474275223641759 0
5006 0.4140887818981678 0.6895435906786621 0
5007 0.3431643660633374 0.6898462315930018 0
5008 0.3103117214632 0.5863557873929115 0
5009 0.3444732512374591 0.5947115922883122 0
5010 0.3108201859953117 0.6268967060875882 0
5011 0.3560725951468757 0.709611462100466 0
5012 0.2715836600519461 0.7339274197911395 0
5013 0.2718261996782532 0.5994615465969129 0
5014 0.4005940864577788 0.7284163399480172 0
5015 0.400726370231373 0.6043860452075306 0
5016 0.4294113590738832 0.6313232548494693 0
5017 0.2203678611114751 0.6519500985685267 0
5018 0.4454480418210175 0.6781640668871801 0
5019 0.3222701006260472 0.55423191449597 0
5020 0.3222701006260485 0.7791014188373664 0
5021 0.2985769557134789 0.7250483932260388 0
5022 0.3917150598926848 0.7014230442865066 0
5023 0.4175030520727555 0.5995287124456431 0
5024 0.4174117860028148 0.7340701893366259 0
5025 0.2659298106631592 0.7507451193360457 0
5026 0.266195379112097 0.5824969479273265 0
5027 0.3428345174863348 0.669842661948531 0
5028 0.241054233568008 0.7016765226647996 0
5029 0.3683431893314062 0.7589457664319958 0
5030 0.3245408328046865 0.6722717596790202 0
5031 0.244020371982312 0.6247278777269836 0
5032 0.374960199893496 0.5770162432779222 0
5033 0.364966363891251 0.5945472880641091 0
5034 0.2985842508709641 0.6087331601196129 0
5035 0.2691846469032859 0.6165893459933489 0
5036 0.3828489147414125 0.6032282514608704 0
5037 0.2336995520634593 0.7196853932617584 0
5038 0.2343131092326771 0.6142414329528225 0
5039 0.3859104710527367 0.5674089877309577 0
5040 0.3863522429783779 0.7663004070488599 0
5041 0.261784272082542 0.6347145754421154 0
5042 0.3608156921927358 0.6797198775966901 0
5043 0.3740777792492344 0.6294859454223986 0
5044 0.3248485996143235 0.7055370123325846 0
5045 0.280223047442859 0.6455460217164383 0
5046 0.219744075018399 0.6768111014743246 0
5047 0.4474816251322836 0.6571602483647112 0
5048 0.3001135112155697 0.5686436022030422 0
5049 0.300091219469838 0.7646900676303998 0
5050 0.4313513271645156 0.699922980790905 0
5051 0.3192878618112594 0.6946450824427033 0
5052 0.2400006064011742 0.60554356856508 0
5053 0.2398736420829866 0.7280861462002488 0
5054 0.3949868625771345 0.5732723360395559 0
5055 0.3947528223967193 0.760126355788181 0
5056 0.3572902557182383 0.6137511482409668 0
5057 0.3439408704980769 0.7801524823489255 0
5058 0.3439408704980818 0.5531808509844078 0
5059 0.2574064396282603 0.6744638240548029 0
5060 0.3410619737766503 0.7423256323266896 0
5061 0.4084329171478038 0.6598785936730893 0
5062 0.3235232774224328 0.8116299939256145 0
5063 0.3235232774224334 0.5217033394077198 0
5064 0.1883700060744371 0.6764767225774382 0
5065 0.1885669469250593 0.6571151953724662 0
5066 0.47809971974162 0.6762181379608985 0
5067 0.4782966605922496 0.6568566107558609 0
5068 0.342884804627541 0.5219002802583568 0
5069 0.3436626718416122 0.8121223460521841 0
5070 0.2835323385283521 0.6793725164995164 0
5071 0.2075660244588901 0.6741783366484867 0
5072 0.4592526966644158 0.6594626607585161 0
5073 0.3273303358001847 0.5432506818750414 0
5074 0.3273660085309982 0.7900650049241664 0
5075 0.2915211968026942 0.6403354769319868 0
5076 0.2919353569948188 0.6289593498581398 0
5077 0.359765790926012 0.6263241843932389 0
5078 0.3357482873542779 0.7071292632136186 0
5079 0.1666666666666667 0.4999999999999998 0
5080 0.1666666666666669 0.4308712121212188 0
5081 0.1666666666666499 0.5691287878787779 0
5082 0.09664630102717674 0.4985335107320259 0
5083 0.2366870323061562 0.5014664892679742 0
5084 0.214864612288169 0.4518303059986632 0
5085 0.1189285582620329 0.4551120055511833 0
5086 0.2144047750713024 0.5448879944488216 0
5087 0.1196300304913118 0.5481103377883446 0
5088 0.1663221686077772 0.6105882593377153 0
5089 0.1670111647255494 0.3894117406622761 0
5090 0.0560784073289383 0.4996555019411016 0
5091 0.2772549260044133 0.5003444980588986 0
5092 0.1574492652749921 0.4624513788610773 0
5093 0.175884068058335 0.5375486211389245 0
5094 0.201743908143181 0.4904775578529018 0
5095 0.1326038569983758 0.5116020160282665 0
5096 0.2010941881727576 0.4190202840624851 0
5097 0.202207210816444 0.5792831684162323 0
5098 0.1317446316542751 0.4198550046137244 0
5099 0.2471325480422594 0.4664390673189571 0
5100 0.08740111533953976 0.5355361954606682 0
5101 0.2483342688455835 0.5347340751744563 0
5102 0.08499906448774477 0.4652659248255686 0
5103 0.1319230002478193 0.5816497279608248 0
5104 0.1807808741253511 0.4554823582511984 0
5105 0.1292855209469192 0.482047188702957 0
5106 0.1535226679597614 0.544995101103131 0
5107 0.2040478123864018 0.5179528112970481 0
5108 0.2257548115611625 0.5696951191510161 0
5109 0.2255889549095292 0.4285900060358962 0
5110 0.1084475731043227 0.4286265265000884 0
5111 0.09697154751567173 0.5590881448944345 0
5112 0.1927876498317632 0.606855723609405 0
5113 0.1924882367718018 0.3944697373547117 0
5114 0.140545683501574 0.3931442763906117 0
5115 0.1424480508439447 0.6073798343242591 0
5116 0.05981094305726721 0.5261209831650757 0
5117 0.05928683234244331 0.4757813841772466 0
5118 0.2750221336240218 0.4766495336809848 0
5119 0.2740465009908393 0.5242186158227873 0
5120 0.1447555863314267 0.4421275107275718 0
5121 0.1885777470018916 0.5578724892724278 0
5122 0.2246663059262779 0.4765289462871425 0
5123 0.1091582007851495 0.5227300738665651 0
5124 0.1664173959365274 0.6357438738537313 0
5125 0.166915937396792 0.3642561261462548 0
5126 0.03092279281291366 0.49975072926985 0
5127 0.3024105405204573 0.5002492707301466 0
5128 0.1788410642633216 0.4797185103654754 0
5129 0.1544922690700168 0.5202814896345241 0
5130 0.2262115808483204 0.522461552640374 0
5131 0.1071217524850079 0.4775384473596239 0
5132 0.08914108944039675 0.44306333847446 0
5133 0.2441922438929542 0.4430633384744788 0
5134 0.2441922438929487 0.5569366615255409 0
5135 0.1097300051411191 0.5775255772262526 0
5136 0.1768076882662877 0.5872992027739039 0
5137 0.156525645067041 0.4127007972260944 0
5138 0.07939048971877369 0.5101313574923023 0
5139 0.2539428436145738 0.4898686425077017 0
5140 0.1793655578561655 0.4130400542484883 0
5141 0.1540066851652886 0.5871471015960165 0
5142 0.07925938726374585 0.4874759600314277 0
5143 0.2540739460695846 0.5125240399685695 0
5144 0.1502257988357751 0.4872677541652282 0
5145 0.1831075344975526 0.5127322458347756 0
5146 0.1900155805443669 0.4359417960111807 0
5147 0.1455354834873236 0.564524225852127 0
5148 0.1991426267344657 0.4684714770177955 0
5149 0.1327661088633943 0.5318172169904131 0
5150 0.2125816232548431 0.5015068195440993 0
5151 0.1179370065367487 0.4976326492996465 0
5152 0.1849096909314487 0.6220574058940465 0
5153 0.183638471856212 0.3764068026518415 0
5154 0.1484236424018604 0.3779425941059684 0
5155 0.1496434948327371 0.6226303963143403 0
5156 0.04460926077261494 0.5182430242647783 0
5157 0.04403627035233135 0.4829768281660536 0
5158 0.2892302438761993 0.4831402452406382 0
5159 0.2892970629809955 0.5170231718339513 0
5160 0.2168593500297177 0.5887301313582758 0
5161 0.2198199581497843 0.4132773020506405 0
5162 0.1159503391896628 0.412327393896232 0
5163 0.07793781935282029 0.5501923664031811 0
5164 0.1206229373652463 0.5976976133438072 0
5165 0.267111688701731 0.4516361274175439 0
5166 0.06896722942316892 0.4539572493968614 0
5167 0.2643661039100124 0.5460427506033082 0
5168 0.1655693173099799 0.4507695464660934 0
5169 0.1329249013178714 0.4643812114398849 0
5170 0.1678229451263407 0.5492594537376418 0
5171 0.2004084320154548 0.5356187885601181 0
5172 0.2336113820834668 0.4546144569589247 0
5173 0.2345664957318088 0.545952760422164 0
5174 0.09876683760150815 0.4540472395778414 0
5175 0.1208259617334929 0.5672268897356344 0
5176 0.2049913878781031 0.4381365758394926 0
5177 0.2099356360392336 0.5638921652966817 0
5178 0.1235794752583163 0.4358918253735262 0
5179 0.1024657484798245 0.5429787601629359 0
5180 0.1875289535095058 0.4967818368379362 0
5181 0.1459311837998556 0.503478109897209 0
5182 0.09263352517729093 0.5198847436537751 0
5183 0.2408806687165006 0.4801550413009693 0
5184 0.1468705299759457 0.4254997760427073 0
5185 0.1865511618055809 0.574377105818715 0
5186 0.2086375578863288 0.6016769014100782 0
5187 0.2072992234179397 0.398107155279856 0
5188 0.1246730573037835 0.3983689790067383 0
5189 0.06498982096450905 0.541970877468443 0
5190 0.134163040766111 0.5541753574493899 0
5191 0.1195360495916954 0.4693234408521577 0
5192 0.2137972837416336 0.5306765591478404 0
5193 0.1716851141915122 0.4660403738008481 0
5194 0.1617707355530999 0.5340199190036854 0
5195 0.1991977035278338 0.4483945342813557 0
5196 0.1324729939169436 0.4977095552892077 0
5197 0.1991993830233189 0.5032304845156221 0
5198 0.161882562618815 0.4795228910151517 0
5199 0.1714682730589849 0.5204857222426394 0
5200 0.2397855414692097 0.4291592193866937 0
5201 0.09363150551657849 0.4291635670609905 0
5202 0.2393894865645818 0.5702871175685131 0
5203 0.09637954909825987 0.5727228198979556 0
5204 0.2244112834298857 0.556105326310223 0
5205 0.1089220499034407 0.4438946736897917 0
5206 0.2244112834298952 0.4438946736898101 0
5207 0.1105613403564564 0.5577446167632131 0
5208 0.1897594605286352 0.5904888450994286 0
5209 0.1436916840689649 0.4093469973824711 0
5210 0.07624192277464573 0.5230904998150282 0
5211 0.2580799522072263 0.4774665526993701 0
5212 0.1789687775342862 0.3991782001478969 0
5213 0.1551316172780261 0.6010334424759076 0
5214 0.06563322419076427 0.4884649506113675 0
5215 0.2677001091425508 0.5115350493886056 0
5216 0.09423130373328974 0.4860651766671066 0
5217 0.2391020296000284 0.5139348233328911 0
5218 0.2773379278369805 0.5378974688772473 0
5219 0.2776774035501995 0.4619774675641927 0
5220 0.05599540549621573 0.4621025311228997 0
5221 0.1287690346732832 0.6106709571872579 0
5222 0.1046651843235504 0.5067581057843824 0
5223 0.2284661057506088 0.4921753175747084 0
5224 0.2123313262742742 0.4688994698877462 0
5225 0.125538515371448 0.5216613833332608 0
5226 0.1955508546110825 0.3813538961768393 0
5227 0.1351673131124968 0.3794953225597336 0
5228 0.1981660202207869 0.6205046774403463 0
5229 0.04616198922637042 0.531499353554138 0
5230 0.109205274156554 0.5913174281760198 0
5231 0.07534923849071624 0.442538607489748 0
5232 0.2579840948426255 0.4425386074897508 0
5233 0.2579840948425218 0.5574613925104365 0
5234 0.1782966810477369 0.6010175671318985 0
5235 0.1550562874963051 0.3989550732817498 0
5236 0.06566362070699666 0.5116280213553535 0
5237 0.2684904296745029 0.4887018773499682 0
5238 0.1666666666666634 0.6474002348022292 0
5239 0.1666666666666664 0.352599765197758 0
5240 0.01926643186441969 0.4999999999999941 0
5241 0.3140669014689454 0.500000000000005 0
5242 0.230591722389805 0.5821805597228177 0
5243 0.2312869653117537 0.4169959540567622 0
5244 0.1020463680215971 0.4169959540567459 0
5245 0.08448629037890656 0.5639250104432199 0
5246 0.1936582451900507 0.408026908985342 0
5247 0.1433581129716307 0.5925294961805649 0
5248 0.07396779676473841 0.4766823411603911 0
5249 0.2593655365685794 0.5233176588396421 0
5250 0.2104652836388567 0.4248783869753195 0
5251 0.1337885896537298 0.4473356869766672 0
5252 0.1995750400069714 0.5526283114683683 0
5253 0.1443984351539062 0.4742550624050021 0
5254 0.1889348981794199 0.5257449375950007 0
5255 0.1446974217814888 0.4567641970423114 0
5256 0.1886409609397318 0.5432298026985283 0
5257 0.1575021777935968 0.4389738633733425 0
5258 0.1753704675928776 0.4409955094622426 0
5259 0.1758388235713304 0.5610212366925214 0
5260 0.1586221158766223 0.5595484035826314 0
5261 0.2868862983616495 0.5304111846402441 0
5262 0.2871359562100462 0.4697701159637919 0
5263 0.04644703497156927 0.4695888153598688 0
5264 0.1362554494033527 0.6202195708985312 0
5265 0.1799485612206544 0.6350536657160299 0
5266 0.1796895312404809 0.3647041162385473 0
5267 0.1533847721126607 0.3649463342839863 0
5268 0.03161300095063082 0.5132818945539799 0
5269 0.1536438020928382 0.6352958837614459 0
5270 0.03137078290522652 0.4869771354261711 0
5271 0.3019625504281357 0.4869771354262157 0
5272 0.3019625504281043 0.513022864573816 0
5273 0.1858129991595369 0.4682796865991521 0
5274 0.1473202274165465 0.5320586869630526 0
5275 0.2346166096375918 0.4688418169216396 0
5276 0.2139310039228192 0.4843249848663876 0
5277 0.1166184431571392 0.5340888016468961 0
5278 0.1161155846885657 0.4839836754651683 0
5279 0.2166759224419975 0.5146899610831792 0
5280 0.2149728184276314 0.5762515054416888 0
5281 0.1199803283447445 0.4239830332238076 0
5282 0.0904000806168275 0.5482907977345364 0
5283 0.1675122009363287 0.4180388083585347 0
5284 0.1656008732681514 0.5818769812474706 0
5285 0.08466681331801311 0.4988321867869763 0
5286 0.2486665200153258 0.5011678132130388 0
5287 0.1969920882473964 0.5671817555152922 0
5288 0.1365205063588484 0.4322604958361412 0
5289 0.09882917527150907 0.530233291394448 0
5290 0.1890162880985192 0.4223331119566832 0
5291 0.1554749726674599 0.5737000338627424 0
5292 0.1725657557568615 0.6236968641070193 0
5293 0.160767577576459 0.3763031358929783 0
5294 0.0429698025596332 0.5058990890901849 0
5295 0.2904882623338726 0.4943746274907535 0
5296 0.1193037490179008 0.5837714732371913 0
5297 0.08308292270137416 0.452271620545598 0
5298 0.251446593099893 0.4536791021341803 0
5299 0.2502504106318789 0.5477283794544517 0
5300 0.09707150259624259 0.4701969785599723 0
5301 0.2362618307370853 0.5298030214400326 0
5302 0.1930014020930459 0.4802018676393763 0
5303 0.1411919037224194 0.5198589177033335 0
5304 0.2266207157003257 0.5077058272405376 0
5305 0.1061195221323898 0.4917519275513255 0
5306 0.1664200905870184 0.5960811971756668 0
5307 0.1669647178525155 0.4039432270154795 0
5308 0.07055608999184941 0.4997553171674003 0
5309 0.2628470322061482 0.5002727354435836 0
5310 0.134573483766028 0.5690752203915574 0
5311 0.1737260183569329 0.4913098325877429 0
5312 0.1596135756629429 0.5087018188072013 0
5313 0.1203631526021902 0.5098208657955944 0
5314 0.144107414544567 0.5788815310175011 0
5315 0.206479842784186 0.6133316939381965 0
5316 0.2044843296267909 0.3868694910955742 0
5317 0.1268523078053486 0.3866706946716805 0
5318 0.05333497562879023 0.5398131754015787 0
5319 0.1779911269491541 0.4268700820263914 0
5320 0.08590581096915229 0.4771372762488933 0
5321 0.2474275223641723 0.5228627237511184 0
5322 0.2339564030314515 0.5616336971402186 0
5323 0.2338622464190644 0.4385010696371868 0
5324 0.09940591354220135 0.4382503267186385 0
5325 0.1050388033191117 0.5672547020389888 0
5326 0.2627450532042218 0.4646413084692048 0
5327 0.1777298993738995 0.3875652478292866 0
5328 0.1556034339594226 0.6124347521707068 0
5329 0.05423191449595873 0.4889367672927395 0
5330 0.2791014188373679 0.5110632327072725 0
5331 0.1082849401072974 0.4652436223801557 0
5332 0.2250483932260301 0.5347563776198465 0
5333 0.09956906689497377 0.5841408517638688 0
5334 0.08258821399722571 0.4325964773299493 0
5335 0.2508363854060694 0.4328620457788923 0
5336 0.2508075184304525 0.5670975997719016 0
5337 0.1596743009901647 0.4950467344120888 0
5338 0.1736851702920976 0.5050019093850492 0
5339 0.2016765226647893 0.5922790997653262 0
5340 0.1316568106685672 0.4077209002346776 0
5341 0.07438756690133469 0.5350098559980838 0
5342 0.2085967838259108 0.4106753930696601 0
5343 0.2240180472419559 0.4641429992108232 0
5344 0.2167439873399923 0.4358513135699772 0
5345 0.2190915241579638 0.4009792706594014 0
5346 0.1136477570216252 0.4003662596178038 0
5347 0.2196457539897066 0.5997141635361142 0
5348 0.06695260078017067 0.5529790632187863 0
5349 0.1986184354147229 0.4284505056863795 0
5350 0.1391843078072366 0.4869467890699623 0
5351 0.1941490255260874 0.5130532109300382 0
5352 0.2040300534335572 0.4784750714528414 0
5353 0.1401634688906234 0.5426277815748883 0
5354 0.1877873116169058 0.4468897141095174 0
5355 0.264690067630399 0.5332421138634883 0
5356 0.06864326570286224 0.4667578861365935 0
5357 0.1334242272203848 0.5979855257993428 0
5358 0.2283201959106123 0.5933943306272701 0
5359 0.227789689523834 0.4066671720199612 0
5360 0.1052471776032549 0.4065403108784499 0
5361 0.07327233603955029 0.5616535292438022 0
5362 0.1462969138890442 0.5535493649982308 0
5363 0.1772742038314601 0.6134858156822353 0
5364 0.1560591295018706 0.3865141843177613 0
5365 0.0531808509844181 0.5106075371647762 0
5366 0.28015248234893 0.4893924628352437 0
5367 0.1588695092785342 0.4240731062949076 0
5368 0.1745151806177739 0.5763294081791382 0
5369 0.09160046271296096 0.5068279808898923 0
5370 0.2420904519605268 0.4927371489184718 0
5371 0.176476722577477 0.3550366727410824 0
5372 0.1563373281583612 0.3545443206144973 0
5373 0.02170333940773892 0.4901899440891495 0
5374 0.1568566107558561 0.6449633272589069 0
5375 0.3116299939256292 0.5098100559108953 0
5376 0.1769960051749263 0.6454556793854649 0
5377 0.02121098728116825 0.5103293385082753 0
5378 0.3114330530749868 0.4904485287057376 0
5379 0.1542441820579282 0.4501650228796753 0
5380 0.1790993864928951 0.5498375628361006 0
5381 0.1606993418643606 0.623398338257493 0
5382 0.1726254303615654 0.3764411949035307 0
5383 0.04326832840916696 0.4940326751976834 0
5384 0.2900857935175351 0.506012944232473 0
5385 0.1928492497732143 0.4576866323200887 0
5386 0.2036771037195914 0.4590564839011297 0
5387 0.128668218433716 0.5421638990899864 0
5388 0.3333333333333333 0.3333333333333333 0
5389 0.4024621212121152 0.3333333333333351 0
5390 0.3347998226013105 0.2633129676938448 0
5391 0.2642045454545433 0.3333333333333137 0
5392 0.3318668440653669 0.4033536989728185 0
5393 0.3782213277821533 0.2855952249286995 0
5394 0.2855795304189786 0.2884650637678182 0
5395 0.381503027334681 0.3815312789548356 0
5396 0.2884453388845183 0.3810714417379542 0
5397 0.443921592671063 0.3336778313922166 0
5398 0.3336778313922278 0.2227450739956008 0
5399 0.2227450739956025 0.3329888352744366 0
5400 0.3329888352744478 0.4439215926710726 0
5401 0.3708819544722589 0.3241159319416584 0
5402 0.3247142138202806 0.2985802299057475 0
5403 0.2959859672871671 0.3423905816815183 0
5404 0.3428557754804366 0.3684105748098414 0
5405 0.4134783287196113 0.2984112983209439 0
5406 0.4143130492708569 0.3677608548394224 0
5407 0.2977971378726544 0.2540677820062022 0
5408 0.25405016491711 0.3688738774830848 0
5409 0.3680674085077723 0.2516657311544136 0
5410 0.2516657311544219 0.2985992581588873 0
5411 0.3668942660143838 0.4137992147089221 0
5412 0.2985992581589059 0.4150009355122509 0
5413 0.3778509750821371 0.347447540792018 0
5414 0.3547289624946625 0.297086000217116 0
5415 0.2973025024124304 0.3135508414566345 0
5416 0.3153805220362919 0.3707144790530548 0
5417 0.4047068068332515 0.275114239770987 0
5418 0.2742451884388718 0.2636382141823248 0
5419 0.4047433272974444 0.392255621576191 0
5420 0.2636382141823412 0.3924214782277921 0
5421 0.4401890569427225 0.3072123501682438 0
5422 0.4388635959786232 0.3591549034384633 0
5423 0.3072123501682558 0.226477609723933 0
5424 0.2264776097239392 0.35945431649841 0
5425 0.3575519491560898 0.2259534990091173 0
5426 0.2259534990091254 0.3091147175105707 0
5427 0.3566837996523569 0.4416888002906881 0
5428 0.3091147175105917 0.4407131676575581 0
5429 0.3912058226057622 0.3114222529980949 0
5430 0.3099091142795785 0.2756297146115191 0
5431 0.2755119705778541 0.3551622700041535 0
5432 0.3568043870461995 0.3913329725929393 0
5433 0.4690772071870933 0.3335826040634551 0
5434 0.3335826040634737 0.1975894594795668 0
5435 0.1975894594795703 0.3330840626031877 0
5436 0.3330840626032063 0.4690772071871067 0
5437 0.3536148229678606 0.3455077309299815 0
5438 0.3557948859737119 0.2737884191516755 0
5439 0.2737884191516882 0.3108717806929513 0
5440 0.3108717806929632 0.3928782475149769 0
5441 0.3902699948588763 0.2558077561070636 0
5442 0.3902699948588631 0.4108589105596114 0
5443 0.2558077561070691 0.2763966718077843 0
5444 0.276396671807795 0.410858910559603 0
5445 0.4206325361072397 0.3231923117337094 0
5446 0.3232019758410324 0.2460571563854409 0
5447 0.2460341305594168 0.3434743549329471 0
5448 0.3434646908256412 0.4206095102812309 0
5449 0.4204804349293573 0.345993314834696 0
5450 0.3458573733019056 0.2459260539304143 0
5451 0.2459260539304189 0.3208092933647578 0
5452 0.3208092933647691 0.420740612736255 0
5453 0.3453678068668729 0.3161716373381334 0
5454 0.31729062505405 0.3200481323840827 0
5455 0.3196973424099294 0.3497860760370598 0
5456 0.3975452950359903 0.3569040324511166 0
5457 0.3648618563155451 0.3658092934011313 0
5458 0.33561035378572 0.2828810168748737 0
5459 0.281530297689513 0.3339658676532919 0
5460 0.3318265137892409 0.3792482899215015 0
5461 0.4553907392273618 0.315090309068523 0
5462 0.4569265306814958 0.3503051385228766 0
5463 0.3150903090685417 0.2112759274392913 0
5464 0.211275927439292 0.3515763575981219 0
5465 0.3503565051672725 0.2107029370189965 0
5466 0.2107029370190023 0.3163101614993888 0
5467 0.3163101614994082 0.4559637296476772 0
5468 0.3501930880927121 0.4558969105428566 0
5469 0.4210059394371067 0.2826170058563311 0
5470 0.2831409669301453 0.2446044860194715 0
5471 0.4200560312826957 0.386486624816444 0
5472 0.2446032019750918 0.3835260166963704 0
5473 0.3816972059157795 0.4337783553684111 0
5474 0.2872905827301956 0.4310327705768286 0
5475 0.3793760839365035 0.2356338960898622 0
5476 0.2356338960898779 0.2872905827301466 0
5477 0.382563786867241 0.3322359839766472 0
5478 0.3694225415838133 0.2987189057551353 0
5479 0.2987164792731667 0.2975557907649218 0
5480 0.2977774866160352 0.3673351479037342 0
5481 0.3792860937554962 0.2654335042681786 0
5482 0.2654315424544732 0.2873830385215787 0
5483 0.3787188763744168 0.4002780487501313 0
5484 0.2873805729111783 0.4012331623984835 0
5485 0.3952090729035181 0.3716434819774044 0
5486 0.3974415079598118 0.2902461419249803 0
5487 0.2915061414792879 0.2706388578893939 0
5488 0.2694411680366653 0.3766023027058638 0
5489 0.3364385283593218 0.3541971045352726 0
5490 0.3133494260813862 0.2592723128667715 0
5491 0.3531782920323737 0.4075473353831606 0
5492 0.4078335572906268 0.3135371966426142 0
5493 0.2588164632288658 0.3520972656322721 0
5494 0.4349643543265974 0.2913397239704528 0
5495 0.2913624558648906 0.231656487631165 0
5496 0.435226178053475 0.3739658900846029 0
5497 0.2316564319232965 0.3753042245529883 0
5498 0.3355915695292165 0.3071248609070288 0
5499 0.312045058250928 0.336556642427298 0
5500 0.3640098924811785 0.2862027162583632 0
5501 0.286202716258376 0.3026567741854871 0
5502 0.3026567741854999 0.3804639504082898 0
5503 0.3672929595324886 0.3383517808581774 0
5504 0.3843864382325233 0.3655237049219038 0
5505 0.3301028488177221 0.3658660496899881 0
5506 0.3540776158785108 0.3300547712474721 0
5507 0.3314615982146263 0.3206254693414877 0
5508 0.4041697662723575 0.260298172183251 0
5509 0.2606105134354098 0.2630462157648594 0
5510 0.4041741139466409 0.4064522081358715 0
5511 0.2630462157648901 0.406056153231275 0
5512 0.3894386596435472 0.2755887165701084 0
5513 0.2755887165701233 0.277228007023114 0
5514 0.3894386596435296 0.3910779500965623 0
5515 0.2772280070231289 0.3910779500965442 0
5516 0.2985089416287536 0.3296021495259355 0
5517 0.4239863359508634 0.3103583507356339 0
5518 0.3102263062519402 0.242903942945114 0
5519 0.2428211941862791 0.3562393667219554 0
5520 0.3558667806339722 0.4247466188738883 0
5521 0.434177413643119 0.3456308120952202 0
5522 0.3448683827219575 0.2322998908574359 0
5523 0.232299890857442 0.3217982839447097 0
5524 0.3217982839447207 0.4343667758092359 0
5525 0.34726815666623 0.2608979703999609 0
5526 0.2608979703999698 0.3193985100004338 0
5527 0.3193985100004479 0.4057686962667024 0
5528 0.3712308022104558 0.2226620721629029 0
5529 0.2226620721629152 0.2954358644561974 0
5530 0.2954358644562374 0.444004594503785 0
5531 0.3713558657691344 0.4443440702168755 0
5532 0.3242879910481804 0.2746002460173355 0
5533 0.3411580157586331 0.3951327724172692 0
5534 0.3644338634455973 0.3789979929409372 0
5535 0.2827905543706438 0.3463746741958954 0
5536 0.453838010773585 0.301833979779153 0
5537 0.4519794371564945 0.362217521277753 0
5538 0.3018339797791733 0.212828655893059 0
5539 0.2128286558930634 0.3648326868874928 0
5540 0.3907947258435699 0.424650761509298 0
5541 0.275871940823081 0.4246507615092829 0
5542 0.3907947258436201 0.242015905157402 0
5543 0.2420159051574154 0.2758719408230303 0
5544 0.4343782600515863 0.3217229541629735 0
5545 0.3217025574335838 0.2323295129576279 0
5546 0.2323118838601523 0.3449322209688386 0
5547 0.3446314559833759 0.4351570963411603 0
5548 0.4807335681355875 0.333333333333333 0
5549 0.1859330985310771 0.3333333333333301 0
5550 0.3333333333333355 0.1859330985310752 0
5551 0.3333333333333338 0.4807335681355975 0
5552 0.4163373792765961 0.2687130346882638 0
5553 0.2694083228901562 0.2511529570454946 0
5554 0.4163373792765739 0.3979536319784115 0
5555 0.2511527736106183 0.3972583890565103 0
5556 0.4256004277427491 0.3603902991524016 0
5557 0.3566509921729484 0.2406344634314083 0
5558 0.2406344634314152 0.3100156744937118 0
5559 0.310015674493733 0.4260322032352606 0
5560 0.4083054918829218 0.3778322436709945 0
5561 0.3860760496383954 0.3003098126154958 0
5562 0.2808121518382066 0.3666354265100973 0
5563 0.3590782709283328 0.311065101820574 0
5564 0.3110651018205896 0.3075883957383247 0
5565 0.3075883957383249 0.3556015648460723 0
5566 0.3766606067863718 0.3111944041257722 0
5567 0.3943594699599912 0.3241688444602652 0
5568 0.3924439698238226 0.3420206935991301 0
5569 0.3123699428172276 0.2887522856294592 0
5570 0.2996162416536479 0.2842083425326224 0
5571 0.363744517973478 0.2131137016382509 0
5572 0.2131137016382606 0.3029221486931794 0
5573 0.3029221486932096 0.4535529650284328 0
5574 0.3635632173695408 0.4538026228767173 0
5575 0.4683869990493404 0.3200514387793209 0
5576 0.4686292170947877 0.3463561979071396 0
5577 0.3200514387793405 0.19827966761731 0
5578 0.1982796676173079 0.3466152278873222 0
5579 0.3463561979071512 0.1980374495718892 0
5580 0.198037449571895 0.3203104687595089 0
5581 0.346356197907137 0.4686292170947903 0
5582 0.320310468759527 0.4686292170947861 0
5583 0.365053646734185 0.3524796658262007 0
5584 0.3644915164117017 0.4012832763042536 0
5585 0.3490083484669559 0.3805976705894794 0
5586 0.2708414213263144 0.3438294565896822 0
5587 0.3488924894258147 0.2843078047840339 0
5588 0.2841462731308267 0.3188852461918926 0
5589 0.3186433722501606 0.3833425891086461 0
5590 0.4093503001095313 0.2866469950114118 0
5591 0.2857651206699742 0.2572594473128633 0
5592 0.257081827891669 0.3816394850942615 0
5593 0.4152103145808118 0.3343991267318375 0
5594 0.3345011465463606 0.2513334799846793 0
5595 0.2513334799846777 0.3321655201203019 0
5596 0.332165520120308 0.4153331866819862 0
5597 0.4010785520221012 0.3031765721723878 0
5598 0.266153464777677 0.3635762052540518 0
5599 0.303321521674678 0.2646056122393526 0
5600 0.4068004432269283 0.3447608006368758 0
5601 0.4570301974403606 0.327434244243124 0
5602 0.3274342442431411 0.209636469226297 0
5603 0.2096364692262987 0.3392324224235214 0
5604 0.3389587058425989 0.4571549290005264 0
5605 0.3796542311991617 0.4181132597665689 0
5606 0.2856049538789339 0.4169170772986225 0
5607 0.381061712787747 0.2497495893680562 0
5608 0.2497493091089662 0.2856053061089703 0
5609 0.3631363547733652 0.2637381692629113 0
5610 0.26373793571367 0.3035306054183459 0
5611 0.3035303118933111 0.4029284974037478 0
5612 0.3531126376712823 0.359668316152892 0
5613 0.3415376525477948 0.2730073671983769 0
5614 0.2729135011653082 0.3232909475743767 0
5615 0.3256275060928021 0.3932873823669857 0
5616 0.4294007547794397 0.3336464115034477 0
5617 0.3335777819359623 0.2372226908068089 0
5618 0.23721923375549 0.3330869949214412 0
5619 0.333060597889749 0.4295136988728032 0
5620 0.3416481612364418 0.3390886370850149 0
5621 0.4114285709672737 0.3565899846203557 0
5622 0.4466626386616454 0.2935189744720235 0
5623 0.2935201579317579 0.2200016422954575 0
5624 0.4464638422377465 0.3711509962934691 0
5625 0.2200016393952263 0.3731465094508206 0
5626 0.3561960570844443 0.2525724776358216 0
5627 0.2525724309259791 0.3104706682872274 0
5628 0.3104706095822334 0.4140941890308433 0
5629 0.3234573495974896 0.3305035903378537 0
5630 0.3240246216877526 0.3107934176553342 0
5631 0.3264817039896979 0.2876301025612773 0
5632 0.2900777544047053 0.3555832775235785 0
5633 0.3950830066147032 0.2660725802088682 0
5634 0.266043494833322 0.271699764556845 0
5635 0.3948322636961527 0.4005289130857265 0
5636 0.2716996361931391 0.4006230696981061 0
5637 0.3686920248641313 0.4294117198708923 0
5638 0.4457680855040485 0.3443965660405669 0
5639 0.3443965660405925 0.2208985811626278 0
5640 0.2208985811626327 0.3222701006260705 0
5641 0.3222701006260871 0.4457680855040432 0
5642 0.368089710953181 0.2749516067739656 0
5643 0.2749480287994372 0.2985814525172362 0
5644 0.2985769557134941 0.3917150598926904 0
5645 0.4004712875544343 0.417503052072736 0
5646 0.2662357335615528 0.4174741850971698 0
5647 0.4007368560034106 0.2492548806639097 0
5648 0.249192481569521 0.2662357335615141 0
5649 0.3282441189132782 0.3415482495843383 0
5650 0.4256124330986584 0.2983234773352373 0
5651 0.2983234773352453 0.2410542335680005 0
5652 0.2410542335680084 0.3683431893314202 0
5653 0.3420678842024281 0.3276633325170986 0
5654 0.422682031750287 0.3753910639361016 0
5655 0.305709287249836 0.3209670370930772 0
5656 0.404923575893726 0.3654559727392198 0
5657 0.3691903341225193 0.3906847139086194 0
5658 0.3974820197633708 0.3834106540066646 0
5659 0.4329670737155333 0.280314423688297 0
5660 0.4323551078758738 0.3857637272957004 0
5661 0.2803542701145666 0.2336192674468247 0
5662 0.2336191697972551 0.3863124206564184 0
5663 0.3202801224033093 0.3608156921927427 0
5664 0.3548544962759634 0.3706967695788563 0
5665 0.3390670853402796 0.2948114867687259 0
5666 0.3866257441841873 0.3544624250104925 0
5667 0.2353099323695511 0.3000912194699028 0
5668 0.3665754471967539 0.2353099323695409 0
5669 0.3000912194699327 0.4313567342971367 0
5670 0.3467667390318729 0.3052518174103156 0
5671 0.2716798040894807 0.2399390027061545 0
5672 0.4267930224548971 0.2719138442699214 0
5673 0.2399390027061881 0.3949868625771731 0
5674 0.426666370353751 0.3944574634847222 0
5675 0.4468191490155751 0.3227257961685421 0
5676 0.3227257961685593 0.2198475176510829 0
5677 0.2198475176510836 0.3439408704981022 0
5678 0.3439408704981153 0.4468191490155857 0
5679 0.4092558429071261 0.3255476429968922 0
5680 0.2573272495389613 0.341129301167522 0
5681 0.3254967026157931 0.2570050033397609 0
5682 0.340596184414872 0.4087571186271867 0
5683 0.4787890127188706 0.3230039948249929 0
5684 0.4782966605922662 0.3431433892441615 0
5685 0.3230039948250152 0.1878776539477998 0
5686 0.34314338924419 0.1883700060743917 0
5687 0.1883700060743961 0.3235232774224737 0
5688 0.1878776539478125 0.3436626718416371 0
5689 0.3235232774224879 0.4782966605922789 0
5690 0.3428848046275995 0.4780997197416397 0
5691 0.383134328138325 0.3206274835004876 0
5692 0.4568921384298081 0.3392920970282297 0
5693 0.3393006581356431 0.2099349950758296 0
5694 0.2099349950758336 0.3273660085310189 0
5695 0.3273203891008792 0.456752460184202 0
5696 0.375584995036735 0.359460546682267 0
5697 0.3741540360730164 0.370264563380215 0
5698 0.4989985869990465 0.5007604419457373 0
5699 0.4999999999999995 0.4308712121212175 0
5700 0.4999999999999846 0.5691287878787783 0
5701 0.4317017290717787 0.5026994964810554 0
5702 0.5675508988181214 0.5008739004635494 0
5703 0.4548468022704386 0.4517218343658065 0
5704 0.5481979456215 0.4518303059986579 0
5705 0.4522798498269104 0.5486048056673057 0
5706 0.5472768138978221 0.5452562393269287 0
5707 0.5003444980588734 0.3894117406622766 0
5708 0.499655501941106 0.6105882593377132 0
5709 0.3894117406622708 0.499655501941102 0
5710 0.6105882593377321 0.5003444980588965 0
5711 0.4895547992566542 0.4645277505097912 0
5712 0.4861236848828577 0.5351328589238288 0
5713 0.5369107925302048 0.4896601645648427 0
5714 0.4644594558502393 0.4207168315837808 0
5715 0.5344275215060913 0.4190202840624787 0
5716 0.5344275215060653 0.5809797159375247 0
5717 0.4183419699366379 0.4650242153086104 0
5718 0.4183556729499545 0.5341057680744733 0
5719 0.4651801312294435 0.5819307302655172 0
5720 0.5847952245144336 0.5347660100190406 0
5721 0.5804658813755955 0.4664390673189661 0
5722 0.4630908734559872 0.4933490153597629 0
5723 0.5201964190903958 0.5265038971790946 0
5724 0.514114207458684 0.4554823582511955 0
5725 0.452886442020118 0.5158235577957159 0
5726 0.5467367411825276 0.5193795802160298 0
5727 0.4409118551055391 0.4303048808490075 0
5728 0.5591569464662995 0.5711113278892302 0
5729 0.5589222882428537 0.4285900060359004 0
5730 0.4294674828214744 0.5592568835752341 0
5731 0.5236525255504044 0.5569603313387428 0
5732 0.4442943690995765 0.4767668868213463 0
5733 0.4738790168349024 0.3931442763906168 0
5734 0.5261209831650939 0.6068557236094069 0
5735 0.5258215701051292 0.3944697373547069 0
5736 0.4757813841772754 0.6073798343242599 0
5737 0.393144276390602 0.5261209831650767 0
5738 0.6083554669574094 0.4766495336810229 0
5739 0.392620165675773 0.4757813841772506 0
5740 0.6073798343242138 0.5242186158227587 0
5741 0.4768810859942946 0.4418809466671223 0
5742 0.4774447700554469 0.556074504807975 0
5743 0.5580909376804525 0.4765381360486952 0
5744 0.5002492707301098 0.3642561261462549 0
5745 0.4997507292698538 0.6357438738537249 0
5746 0.3642561261462456 0.4997507292698519 0
5747 0.6357438738537619 0.5002492707301456 0
5748 0.4790309274463437 0.5126246684409925 0
5749 0.5089956085731899 0.4795896894807233 0
5750 0.4224744227737302 0.4430633384744606 0
5751 0.4428775056832993 0.5771443926418635 0
5752 0.5775255772262771 0.4430633384744778 0
5753 0.5762899950093162 0.5559886625730583 0
5754 0.4898589784003716 0.4127007972260948 0
5755 0.5113437227459019 0.5885598977552537 0
5756 0.4097114211961532 0.5087622023845354 0
5757 0.5872761769478949 0.4898686425076964 0
5758 0.5126599815013628 0.4128528984039764 0
5759 0.4868080613493229 0.5867378404201353 0
5760 0.4133334944624184 0.4872585694103754 0
5761 0.5867378404201237 0.5131919386506887 0
5762 0.4674813165262555 0.4706382418956249 0
5763 0.5219627122507347 0.5050941674506116 0
5764 0.5235706991177835 0.4357880382973447 0
5765 0.4849243789494373 0.485880487176835 0
5766 0.4689045341124661 0.5327199101594031 0
5767 0.5328874046077707 0.4678625471038312 0
5768 0.439525979354689 0.535293641452826 0
5769 0.5599173052885758 0.5359708570463013 0
5770 0.5013829918765526 0.5492304829120258 0
5771 0.5048244355113225 0.5228015146573649 0
5772 0.5182430242647698 0.6220574058940556 0
5773 0.516971805189528 0.3764068026518333 0
5774 0.4817569757351796 0.377942594105976 0
5775 0.37794259410595 0.5182430242647801 0
5776 0.482976828166064 0.6226303963143376 0
5777 0.6225635772095381 0.4831402452406456 0
5778 0.3773696036856629 0.4829768281660564 0
5779 0.6226303963143341 0.5170231718339435 0
5780 0.5500186944141672 0.498651151404177 0
5781 0.4498073166369577 0.4112698686417628 0
5782 0.5493619642343286 0.5868183348722849 0
5783 0.5531532914831103 0.4132773020506475 0
5784 0.4129438991638257 0.5494297668956686 0
5785 0.4542898378082818 0.5975016731418128 0
5786 0.6004450220351967 0.4516361274176642 0
5787 0.4025182029663298 0.4542784736739764 0
5788 0.597710455521312 0.5457062366269269 0
5789 0.4986324151778215 0.453142292654068 0
5790 0.5192364334642264 0.5692169379005811 0
5791 0.5369346422806303 0.5625406535892754 0
5792 0.4302004584039426 0.4532092372562037 0
5793 0.4558512274929795 0.5688414253783375 0
5794 0.5669447154168057 0.4546144569589237 0
5795 0.4276238954656608 0.5183666832897109 0
5796 0.5383101486440697 0.43812426042982 0
5797 0.4573848844047664 0.4355030375485505 0
5798 0.4490784163997952 0.5016967936001974 0
5799 0.5713985250813538 0.5151110880708839 0
5800 0.5367666111409864 0.5322475534189265 0
5801 0.5744579638537481 0.4800437232354816 0
5802 0.4799429571938735 0.42558767074408 0
5803 0.458029108780334 0.3983230985899714 0
5804 0.5419348507187972 0.6015939586915027 0
5805 0.5406325567512725 0.3981071552798572 0
5806 0.3983957259033249 0.5419377923169661 0
5807 0.5617713797619304 0.5496579001590366 0
5808 0.4278958000783659 0.4793775770610473 0
5809 0.5048036760674245 0.4667645054674816 0
5810 0.5321903715885707 0.4489468951008137 0
5811 0.5076758308969564 0.5352185638242724 0
5812 0.5319882217946734 0.5157675275304944 0
5813 0.4845995044039757 0.5713373448241266 0
5814 0.4687045501763341 0.4553949114664886 0
5815 0.4644272762034768 0.5079542237452881 0
5816 0.4272771801020515 0.4297128824315625 0
5817 0.5731188748025494 0.4291592193867271 0
5818 0.4303678238803239 0.5720590980166034 0
5819 0.5723246013119354 0.5701101508592155 0
5820 0.4381501232552577 0.5491262509893517 0
5821 0.493740137012638 0.4768705003438668 0
5822 0.4431553311661221 0.4445211120006956 0
5823 0.557744616763226 0.4438946736898138 0
5824 0.4672205162413826 0.5460713883392387 0
5825 0.5349411744443183 0.5018274148799375 0
5826 0.4768784481935006 0.4095052843277112 0
5827 0.523793016837409 0.5919660409719074 0
5828 0.4107480726378241 0.5204829783421955 0
5829 0.5917249294136204 0.4779551092075663 0
5830 0.5122974787618835 0.3991559196902151 0
5831 0.4881410068794396 0.6010243115422106 0
5832 0.3989800212373448 0.4881683700998715 0
5833 0.6010243115422028 0.5118589931205487 0
5834 0.6106730975500666 0.5378413832144192 0
5835 0.3893650121978459 0.4621560685024281 0
5836 0.6110107368836541 0.4619774675643088 0
5837 0.4621579625249004 0.6106383004869269 0
5838 0.4546437102997898 0.5319904283898669 0
5839 0.4402368472073885 0.5115862829672591 0
5840 0.5462326353218716 0.4685053710138188 0
5841 0.5118875294386886 0.4940831832825441 0
5842 0.4883726248918905 0.5466198780086122 0
5843 0.4857366791100619 0.498845582097472 0
5844 0.5231239610701438 0.5405271915378207 0
5845 0.4414990021600408 0.5625054760447825 0
5846 0.4685006464458143 0.3794953225597529 0
5847 0.5288841879444014 0.381353896176828 0
5848 0.5314993535541018 0.6205046774403661 0
5849 0.3794953225597095 0.5314993535541426 0
5850 0.4563407603571133 0.4660027635558815 0
5851 0.4583584152150356 0.4802073396727132 0
5852 0.4425386074898896 0.5913174281760216 0
5853 0.5913174281760345 0.4425386074898953 0
5854 0.4086825718240404 0.4425386074897608 0
5855 0.5913174281759325 0.5574613925102884 0
5856 0.5440126155929675 0.572361336081716 0
5857 0.5519542706049194 0.5601842909701815 0
5858 0.4883651926281663 0.3989814544392912 0
5859 0.5119471684013542 0.6014738822742025 0
5860 0.3986903564859786 0.5109652419252535 0
5861 0.6021402653957926 0.4885829239935241 0
5862 0.4999999999999954 0.6474002348022252 0
5863 0.4999999999999965 0.352599765197758 0
5864 0.3525997651977519 0.4999999999999959 0
5865 0.6474002348022553 0.5000000000000038 0
5866 0.5582989055079463 0.510095774750673 0
5867 0.5616387637803349 0.4892149613011885 0
5868 0.4360749442768143 0.4178194402772958 0
5869 0.5646202986450678 0.583004045943281 0
5870 0.5646202986450766 0.4169959540567756 0
5871 0.4169959540567584 0.5646202986450558 0
5872 0.527056965819069 0.4077329055905849 0
5873 0.4764938473601518 0.592662407211183 0
5874 0.4085501225767715 0.4748421955669127 0
5875 0.5931186508048627 0.5234914352665544 0
5876 0.5444989103376591 0.4250278414504178 0
5877 0.4270462904822713 0.5437980848516 0
5878 0.4382005447290743 0.4901126174218599 0
5879 0.4908565799170316 0.4390096863226903 0
5880 0.508703800926212 0.440995509462242 0
5881 0.483555151679614 0.4528985318453176 0
5882 0.5090154625333999 0.5602931654761882 0
5883 0.5486730914086486 0.4833297663631795 0
5884 0.5336797291354962 0.548766586765269 0
5885 0.6202199989710073 0.5303999675076064 0
5886 0.3797876229785564 0.4695995228357802 0
5887 0.6204692895434805 0.469770115963889 0
5888 0.4695999016403414 0.6202130395584651 0
5889 0.5132818945539773 0.6350536657160393 0
5890 0.513022864573802 0.3647041162385358 0
5891 0.4867181054459789 0.3649463342839969 0
5892 0.4869771354261642 0.6352958837614425 0
5893 0.3649463342839663 0.5132818945539818 0
5894 0.6352958837614727 0.4869771354262085 0
5895 0.3647041162385583 0.4869771354261727 0
5896 0.6352958837614412 0.5130228645738248 0
5897 0.5195059255568131 0.4686916736416906 0
5898 0.4709249852471357 0.5693591270071781 0
5899 0.4781557579269726 0.5271471063310689 0
5900 0.5679841531979342 0.4688313956661353 0
5901 0.5082731687906135 0.5085569168374323 0
5902 0.4517278889396794 0.4237170078259973 0
5903 0.5010657933985013 0.4181230187525221 0
5904 0.4988321867869854 0.5819998533486509 0
5905 0.4177657960450994 0.4991558015468374 0
5906 0.5817690557407962 0.5013430792108435 0
5907 0.4696203220658947 0.4320628634008999 0
5908 0.4803754926327589 0.4738850666688386 0
5909 0.5114302074136111 0.4265505810985276 0
5910 0.4938266540309467 0.5111037359842268 0
5911 0.5058990890901875 0.6236968641070192 0
5912 0.4941009109097787 0.3763031358929814 0
5913 0.3763031358929663 0.5058990890901855 0
5914 0.6238215956671915 0.4943746274907502 0
5915 0.4521474619407787 0.5833471299207105 0
5916 0.5847799264333247 0.4536791021341844 0
5917 0.4164435251809361 0.4516227744406023 0
5918 0.5843035264365527 0.5466416272842616 0
5919 0.4331746992518123 0.4669099343674238 0
5920 0.4927386312034363 0.5592882497268753 0
5921 0.5247653613586251 0.4811963788919721 0
5922 0.5494072237369945 0.530712898275306 0
5923 0.4996567910277728 0.5957278785441718 0
5924 0.5003110009420949 0.4039348218496066 0
5925 0.4040669874995613 0.4993279861710934 0
5926 0.5956269100568474 0.5005715094063058 0
5927 0.4676648166933971 0.5199530403368525 0
5928 0.5654886301539036 0.5609910833830066 0
5929 0.473590973785495 0.5006936799273641 0
5930 0.5232571079720345 0.4219077108647479 0
5931 0.5398112997899051 0.6133273758041653 0
5932 0.4601868238824984 0.3866683060619124 0
5933 0.5378176629601203 0.3868694910955714 0
5934 0.3866720871589997 0.5398114529343028 0
5935 0.5730667780128874 0.5420348139296038 0
5936 0.4777036480185027 0.5406276077616876 0
5937 0.512794047146043 0.5474462967545961 0
5938 0.5260935140045143 0.4943722618139816 0
5939 0.4900230598878412 0.5239316059447734 0
5940 0.5804837439201358 0.5228908217571204 0
5941 0.4703191616258171 0.4820839863281812 0
5942 0.4769053728060698 0.5803645060853699 0
5943 0.4655332342645151 0.4443098001791358 0
5944 0.5592051370037374 0.5228985501477246 0
5945 0.4326787147084768 0.4386096524699855 0
5946 0.5671955797523925 0.4385010696371973 0
5947 0.5961303271831334 0.4647227345539521 0
5948 0.5378938570454243 0.4781108455875289 0
5949 0.5110632327072222 0.3875652478292859 0
5950 0.4889367672927538 0.6124347521707079 0
5951 0.3875652478292906 0.4889367672927414 0
5952 0.612434752170707 0.5110632327072604 0
5953 0.4331053015872782 0.5841537883976824 0
5954 0.5841697187394393 0.4328620457789855 0
5955 0.415859148236156 0.4329024002282295 0
5956 0.5841231295920857 0.5668605534209479 0
5957 0.4651618024922611 0.5577299358393694 0
5958 0.4775820384832447 0.4634593870413646 0
5959 0.4649901440019013 0.407720900234679 0
5960 0.5350098559981192 0.5922790997653288 0
5961 0.4073552403128162 0.5347932385639705 0
5962 0.5097726634873034 0.5769478954435463 0
5963 0.5420577306027703 0.4106513015830496 0
5964 0.5321227046466024 0.4284101786537085 0
5965 0.4257794728773474 0.491720812384235 0
5966 0.557490077447713 0.4640639331372461 0
5967 0.5298042389893747 0.5707922825138805 0
5968 0.4973804866805103 0.4893383140545298 0
5969 0.5176592380659335 0.5156961024802522 0
5970 0.5500773206733311 0.4358513135699689 0
5971 0.4470209126769019 0.4002858364639292 0
5972 0.5524303939623743 0.4009782254574637 0
5973 0.4002814730151471 0.5530586411064002 0
5974 0.5530514223043625 0.5996932125594829 0
5975 0.4411502354527959 0.5233046621377789 0
5976 0.4301318683024681 0.5304357595419766 0
5977 0.5211299476049222 0.4467131152816281 0
5978 0.4195101828833033 0.5098934324088669 0
5979 0.5713232370665159 0.5291838264959253 0
5980 0.5987354525429778 0.53320473618994 0
5981 0.4022790946706716 0.4664164674458356 0
5982 0.4667806326200106 0.59802258908594 0
5983 0.560822487191093 0.5934601316138265 0
5984 0.438346470756166 0.4066056693728697 0
5985 0.5611241301514117 0.4066669629796102 0
5986 0.4065022854735246 0.5608332045430322 0
5987 0.4508359338309814 0.4893324159467847 0
5988 0.4893924628351909 0.386514184317764 0
5989 0.5106075371647889 0.6134858156822354 0
5990 0.3865141843177514 0.5106075371647743 0
5991 0.6134858156822504 0.4893924628352305 0
5992 0.4443897956883086 0.4600102958684733 0
5993 0.4921514860488794 0.4236705918208525 0
5994 0.5750499313040078 0.4922387207548091 0
5995 0.4964004379912368 0.5354891507118129 0
5996 0.4896706614916716 0.354544320614487 0
5997 0.4901899440891895 0.6449633272589012 0
5998 0.3550366727410695 0.4901899440891514 0
5999 0.6449633272589351 0.5098100559108554 0
6000 0.5098100559107885 0.3550366727410837 0
6001 0.3545443206144976 0.5103293385082813 0
6002 0.5103293385082359 0.6454556793854463 0
6003 0.6447663864083029 0.490448528705774 0
6004 0.5444551389994242 0.5082251079205597 0
6005 0.4940326751976881 0.6233983382574908 0
6006 0.5059587636948857 0.3764411949035279 0
6007 0.376601661742499 0.494032675197685 0
6008 0.6234191268508612 0.5060129442324701 0
6009 0.5213962661717134 0.5797437950871155 0
6010 0.5263063180771146 0.4582710304267236 0
6011 0.5373184726905531 0.458945742423837 0
6012 0.4756192951728863 0.4912326797398857 0
6013 0.6676680796676208 0.3340937752790717 0
6014 0.6666666666666518 0.4024621212121118 0
6015 0.6670001043720053 0.2643135015199577 0
6016 0.7342970597748169 0.3344443371996182 0
6017 0.5990014944679983 0.3350124053190551 0
6018 0.7142013038723108 0.3820653354499489 0
6019 0.7152698510414023 0.2840105663232994 0
6020 0.6184687210451805 0.2851636393319687 0
6021 0.6203223670136072 0.3803619776308371 0
6022 0.6663221686077805 0.4439215926710496 0
6023 0.6670111647255581 0.2227450739956179 0
6024 0.7772549260044019 0.3336778313922431 0
6025 0.5560784073289329 0.3329888352744221 0
6026 0.6804586562675189 0.3679658965452465 0
6027 0.6771104231569363 0.2978604011018004 0
6028 0.6295702558107701 0.3231161953761903 0
6029 0.7022072108164381 0.4126165017495692 0
6030 0.6322391451606104 0.2523536173958049 0
6031 0.747646382604215 0.2989058118272742 0
6032 0.7514469499160376 0.3680620504624313 0
6033 0.5850403593130173 0.367442484477536 0
6034 0.5847347819646324 0.2985118499558351 0
6035 0.6330318550891261 0.4134856432498867 0
6036 0.7014865354372373 0.2514026030678264 0
6037 0.7035757932106848 0.3266823486931116 0
6038 0.6464702475762617 0.3598372305124183 0
6039 0.6525524592079958 0.2888156915845271 0
6040 0.7135446011291251 0.3490957637019759 0
6041 0.619817917960849 0.353348625767278 0
6042 0.725923550241964 0.4038658505118895 0
6043 0.6077443784238178 0.2619233393691856 0
6044 0.7380763227143414 0.2744113030508495 0
6045 0.5961341494881376 0.3925902169085574 0
6046 0.645275408213327 0.3845061290926054 0
6047 0.723925346166586 0.3108711044286478 0
6048 0.6927876498317629 0.440189056942739 0
6049 0.6415238661342486 0.224285327547158 0
6050 0.6424480508439466 0.4407131676575912 0
6051 0.7735223902760758 0.3072123501682711 0
6052 0.6908852824894001 0.2259534990090886 0
6053 0.5598109430572604 0.3594543164983935 0
6054 0.7740465009908362 0.3575519491561293 0
6055 0.5592868323425014 0.3091147175105321 0
6056 0.6898368702639336 0.3916715483605571 0
6057 0.6106199501672436 0.3105247391324849 0
6058 0.6898058914491023 0.2754928421782292 0
6059 0.6664173959365345 0.4690772071870697 0
6060 0.66691593739681 0.1975894594795987 0
6061 0.8024105405204409 0.3335826040634978 0
6062 0.5309227928128961 0.3330840626031644 0
6063 0.68763573922032 0.3459580017743352 0
6064 0.6576710580934857 0.3129230228140548 0
6065 0.7429485344432039 0.3892792329964778 0
6066 0.5891410894403938 0.2763966718077817 0
6067 0.6088509486151715 0.4099552800360643 0
6068 0.7236033281922216 0.2558077561070837 0
6069 0.6768076882662882 0.4206325361072388 0
6070 0.6553335529742041 0.2459201863131959 0
6071 0.7537776967138055 0.3232662631965469 0
6072 0.5763829926469214 0.3420989501704577 0
6073 0.6544790034754179 0.420956389675009 0
6074 0.6798586053173573 0.2465954929132106 0
6075 0.7534045070867712 0.3465252719840454 0
6076 0.5799288262465622 0.3201413946826197 0
6077 0.6991853501404203 0.3039715752289742 0
6078 0.6447039544159305 0.3384275007839341 0
6079 0.6435482481690497 0.2694855854802195 0
6080 0.6817422877172375 0.3192138205101758 0
6081 0.6977398912319372 0.3658640153210146 0
6082 0.6337792620589 0.3011958804371457 0
6083 0.7265352341789315 0.3690573691524164 0
6084 0.603749910529696 0.3692967092076543 0
6085 0.6652836747900915 0.3825638162453588 0
6086 0.661842231155336 0.3561348479906964 0
6087 0.684909690931457 0.455390739227378 0
6088 0.6494488307309908 0.2108828702561816 0
6089 0.7887240725607264 0.3150903090685679 0
6090 0.6496434948327428 0.4559637296476737 0
6091 0.6836898385006017 0.210702937019 0
6092 0.5446092607726057 0.3515763575980962 0
6093 0.7892970629809852 0.3503565051672999 0
6094 0.5440362703523516 0.316310161499361 0
6095 0.616277859613121 0.3318585083930864 0
6096 0.6135133751835693 0.2466106353839168 0
6097 0.7168593500297107 0.4220634646916103 0
6098 0.7537090766562159 0.2839221423724287 0
6099 0.5796184977699858 0.382761133416607 0
6100 0.6202237343300873 0.4311862552416366 0
6101 0.7123768288584351 0.235831660191563 0
6102 0.764376033174373 0.3790368518197303 0
6103 0.5691649093825415 0.2876230534585505 0
6104 0.668011991394269 0.2865694562347764 0
6105 0.627652846504803 0.3956066939268309 0
6106 0.5995910580957442 0.2878352411229019 0
6107 0.7122347322163902 0.2663226586546963 0
6108 0.5943127026290242 0.3516995939531824 0
6109 0.7278011543384588 0.2947532212851167 0
6110 0.6284318981259732 0.2715182960713971 0
6111 0.7100687098212985 0.3985899182744536 0
6112 0.7172487116056411 0.3347501575583649 0
6113 0.7406881003546308 0.3145112546593375 0
6114 0.6462993095306419 0.4049114968711167 0
6115 0.6305435213309146 0.3666722095449214 0
6116 0.7379791346587636 0.3486337511271118 0
6117 0.6866052609847545 0.4075191513510031 0
6118 0.708637557886326 0.4350102347434096 0
6119 0.6257689916372559 0.2313706275000632 0
6120 0.7682703467900709 0.2913963469277512 0
6121 0.5650627366948077 0.3752710403207221 0
6122 0.7290215117010119 0.3832549493151862 0
6123 0.6124418897702304 0.3946472083465895 0
6124 0.66185903987464 0.3001133633851554 0
6125 0.6341890378139807 0.2817710081203889 0
6126 0.595336921624446 0.3181881366107843 0
6127 0.6589908357696965 0.3685518971576023 0
6128 0.6347242510141496 0.3491912422787032 0
6129 0.682067162262692 0.2619959885092156 0
6130 0.6979621164903455 0.2887282447998365 0
6131 0.7021966829065805 0.3414794618662041 0
6132 0.7389993994802656 0.4033302540965663 0
6133 0.5935477918641564 0.2624925527199539 0
6134 0.7375074070518316 0.2602144892403819 0
6135 0.5957097985083749 0.4063646452939274 0
6136 0.6070352942774508 0.3807686207988384 0
6137 0.6439207254519906 0.2557130444638099 0
6138 0.6729256304910867 0.3102063073177055 0
6139 0.6089220499034526 0.2772280070231007 0
6140 0.7233697774342308 0.2753803985719924 0
6141 0.6986604453273891 0.3793637208467235 0
6142 0.6316405047518613 0.3351752653046723 0
6143 0.6897684770584953 0.4237902971325896 0
6144 0.7573476288767345 0.3106154378999615 0
6145 0.5774246805755939 0.3538196612634419 0
6146 0.60770194870288 0.3444316599185678 0
6147 0.6551316172780294 0.4343667758092378 0
6148 0.6785256597872231 0.2323090217911313 0
6149 0.7676909782088525 0.345192326453887 0
6150 0.5656423551244811 0.3214743402127777 0
6151 0.7773395827143791 0.3711742635244237 0
6152 0.5560283521562264 0.2954912762441678 0
6153 0.704508704141801 0.2226950328464393 0
6154 0.6287025008340925 0.4440301752813421 0
6155 0.7113339610926441 0.3651588400368448 0
6156 0.6212259113645398 0.2996808724490507 0
6157 0.654779137227982 0.327416516615873 0
6158 0.675199570962689 0.3936291325571937 0
6159 0.6809299875566074 0.332178915430811 0
6160 0.6447509957182009 0.3734450797535323 0
6161 0.6981660202207998 0.4538380107736627 0
6162 0.6355679873049048 0.2123115880210112 0
6163 0.7871713441069645 0.3018339797792001 0
6164 0.5461619892263714 0.3648326868874652 0
6165 0.7122056432523927 0.2994984994658889 0
6166 0.7085676664211583 0.3132499761251394 0
6167 0.6092052741565559 0.4246507615093521 0
6168 0.724128059176822 0.2420159051573411 0
6169 0.7579840948425259 0.3907947258437574 0
6170 0.575349238490817 0.2758719408228953 0
6171 0.6782981838027157 0.4343455869152042 0
6172 0.6545426637687819 0.2317620063136936 0
6173 0.7676848911958938 0.3217781272675146 0
6174 0.5653594974951714 0.3442997025986632 0
6175 0.6666666666666714 0.1859330985311005 0
6176 0.6666666666666645 0.4807335681355684 0
6177 0.5192664318644037 0.3333333333333249 0
6178 0.8140669014689292 0.3333333333333414 0
6179 0.6398595613176954 0.2406556682365731 0
6180 0.730560101189304 0.4155920646593225 0
6181 0.6020463680216022 0.2503292873900276 0
6182 0.7496707126099245 0.268713034688282 0
6183 0.5836626207234189 0.3979536319783792 0
6184 0.6436296766912802 0.4260026675483444 0
6185 0.6901728193065286 0.2406709261221608 0
6186 0.7597837586421005 0.3568188056665582 0
6187 0.5740031351693351 0.3098266589087502 0
6188 0.7402019808582609 0.2884458149376613 0
6189 0.6221754481763062 0.2583673688968116 0
6190 0.6179969926156534 0.3200713457994431 0
6191 0.5937025056184553 0.3770067324534528 0
6192 0.7283786605327192 0.3238480723752705 0
6193 0.6579628657404745 0.2743288427955757 0
6194 0.6832364909074023 0.2865035489988393 0
6195 0.6567033080033173 0.3934304570908786 0
6196 0.6342629367079404 0.3827053311374269 0
6197 0.7218620952104353 0.392221013820566 0
6198 0.7868866293371309 0.3637332102363464 0
6199 0.5464536243036626 0.3029332310506987 0
6200 0.6970667650263479 0.2131202937748929 0
6201 0.6362421426355165 0.4535580811840149 0
6202 0.6799485612206618 0.4683869990493587 0
6203 0.6536438020928672 0.1980374495718578 0
6204 0.6536438020928432 0.4686292170947806 0
6205 0.80172033238271 0.320051438779365 0
6206 0.5316130009506206 0.3466152278872976 0
6207 0.6796895312404989 0.1980374495718928 0
6208 0.8019625504280931 0.3463561979071678 0
6209 0.5313707829052441 0.3203104687594934 0
6210 0.6471605697088547 0.3020256805044679 0
6211 0.6968306942227034 0.2645912442696073 0
6212 0.688474613164721 0.3602078288740209 0
6213 0.6811841695631458 0.3799484175269133 0
6214 0.597569150153855 0.3040235958252416 0
6215 0.7254479236335024 0.3445074679191431 0
6216 0.6203157621024329 0.4063959947821353 0
6217 0.6067218725490013 0.3241759181685263 0
6218 0.6583934978760505 0.341890250170762 0
6219 0.7149868850281205 0.4097035387581137 0
6220 0.6658817493839034 0.4153928453660165 0
6221 0.6678344798796878 0.2513334799846802 0
6222 0.7483326756865563 0.3347796120414742 0
6223 0.5846668133180055 0.3321655201202934 0
6224 0.6972422681076927 0.4011581109223181 0
6225 0.6746807510209909 0.2748673633727656 0
6226 0.6862907834645757 0.3072186984853771 0
6227 0.6728400126357174 0.3444370693175633 0
6228 0.6725657557568674 0.4570301974403537 0
6229 0.6609816139613564 0.2095305900215541 0
6230 0.7903635307737145 0.3274342442431639 0
6231 0.5429698025596209 0.3392324224234999 0
6232 0.7139755022601965 0.2495752430506892 0
6233 0.7509628510241192 0.3799522925703324 0
6234 0.5829018240911699 0.2860314611121718 0
6235 0.6418083760498478 0.3145360991390453 0
6236 0.6150257378493734 0.3676382615511864 0
6237 0.6665827368611197 0.4298274487092305 0
6238 0.6669900868956674 0.2377303721688847 0
6239 0.7621280726177719 0.3339083375960087 0
6240 0.5707534234603653 0.3325664451891035 0
6241 0.699001849973268 0.3532863736702032 0
6242 0.6183255148586748 0.417134786963815 0
6243 0.7024206570839887 0.2758291112451338 0
6244 0.7325226155896397 0.3941209218316349 0
6245 0.6930671513698528 0.3340653942182211 0
6246 0.6279064749135262 0.219332908715042 0
6247 0.7064798427841814 0.446665027271514 0
6248 0.779994548584457 0.2935219223561147 0
6249 0.5533387717413647 0.3731447818252217 0
6250 0.7365961424229984 0.3030463380407938 0
6251 0.7398071004526435 0.3753333102882218 0
6252 0.6261081914188653 0.3112810018283316 0
6253 0.6543128876192243 0.3782805044298904 0
6254 0.6405004456512784 0.327734315443943 0
6255 0.6764968217675917 0.356462575844146 0
6256 0.7471459571788271 0.3562264671760518 0
6257 0.695561596204607 0.3156027883683173 0
6258 0.6897132391290972 0.2530639851777 0
6259 0.5863559340944613 0.3103141786555061 0
6260 0.6559333294312353 0.2601824400929065 0
6261 0.5994615465969251 0.2718261996782479 0
6262 0.7289472881258228 0.2659402964352978 0
6263 0.6556034339594243 0.4457680855040387 0
6264 0.6777298993739158 0.2208985811626319 0
6265 0.7791014188373584 0.3443965660406192 0
6266 0.5542319144959751 0.3222701006260465 0
6267 0.599456180078952 0.4174308076583595 0
6268 0.7338046179556471 0.2491636168322407 0
6269 0.7507897964809646 0.4001857655024996 0
6270 0.5824969479273331 0.2661953791120938 0
6271 0.6893638880871561 0.3709671570417541 0
6272 0.689102219768848 0.2968314774550008 0
6273 0.701676522664783 0.4256124330986669 0
6274 0.7589457664320064 0.2983234773352585 0
6275 0.5740245481625552 0.3681269130427504 0
6276 0.6249163347922642 0.2436996732505109 0
6277 0.6569119922893935 0.4080655749089049 0
6278 0.6059811378702729 0.3581428761817838 0
6279 0.6351437303272942 0.2621474887182423 0
6280 0.6087331601196286 0.2985842508709581 0
6281 0.66928603012567 0.3226720596612819 0
6282 0.6492268364075456 0.3490962143473028 0
6283 0.6165893459933705 0.2691846469032857 0
6284 0.7308140146431413 0.283257386278212 0
6285 0.7663837360168522 0.2802766699663506 0
6286 0.7196457539897088 0.4330474968694462 0
6287 0.5669489841781685 0.3863917650374876 0
6288 0.6140895289473175 0.2340756543976355 0
6289 0.7248289298895165 0.3560527159880758 0
6290 0.5965573231920931 0.3647176792547219 0
6291 0.5863577367275087 0.3429592261652861 0
6292 0.6455667143832488 0.2802415311630649 0
6293 0.5686436022030473 0.3001135112155671 0
6294 0.7653985650875452 0.3665287841258546 0
6295 0.6998860340466804 0.2353107442474156 0
6296 0.6336071635577065 0.4310835817957601 0
6297 0.6441339062952948 0.4145210152847588 0
6298 0.7379275214525579 0.3623939672324869 0
6299 0.6050131374227343 0.2399390027060579 0
6300 0.7283201959105884 0.4267276639605886 0
6301 0.7601622171244136 0.272503065029483 0
6302 0.5731702059167393 0.3941662269885555 0
6303 0.6032841965954785 0.4008893376462846 0
6304 0.7158649511250419 0.3228455165517045 0
6305 0.701098514090974 0.3906044775946123 0
6306 0.6772742038314656 0.4468191490155696 0
6307 0.6560591295018768 0.2198475176510944 0
6308 0.7801524823489275 0.3227257961685811 0
6309 0.5531808509844071 0.3439408704980828 0
6310 0.6745151806177742 0.4096627415124741 0
6311 0.6703167840999857 0.3697846103114149 0
6312 0.7410948386125057 0.3261699078944495 0
6313 0.6402721524463704 0.3953586729246439 0
6314 0.8116299939256153 0.3431433892442315 0
6315 0.521703339407722 0.3235232774224332 0
6316 0.6769960051749471 0.4787890127188182 0
6317 0.6764767225774866 0.1883700060744253 0
6318 0.6568566107558594 0.4782966605922419 0
6319 0.8121223460522001 0.3230039948250393 0
6320 0.6571151953724715 0.1885669469250451 0
6321 0.5212109872811466 0.3436626718416128 0
6322 0.6221649243616656 0.341881905195605 0
6323 0.6606993418643654 0.4567316715908277 0
6324 0.67266966419979 0.2099173485417159 0
6325 0.7900650049241655 0.3393006581356652 0
6326 0.5432683284091701 0.3273660085309978 0
6327 0.6403297017629386 0.2915670465890716 0
6328 0.628959349858155 0.2919353569948201 0
6329 0.690989466949505 0.3245823286464263 0
$EndNodes
$Elements
13260
1 15 2 0 1 1
2 15 2 0 2 2
3 15 2 0 3 3
4 15 2 0 4 4
5 15 2 0 5 5
6 15 2 0 6 6
7 15 2 0 7 7
8 15 2 0 8 8
9 15 2 0 9 9
10 15 2 0 10 10
11 15 2 0 11 11
12 15 2 0 12 12
13 15 2 0 13 13
14 15 2 0 14 14
15 15 2 0 15 15
16 15 2 0 16 16
17 15 2 0 17 17
18 15 2 0 18 18
19 15 2 0 19 19
20 15 2 0 20 20
21 15 2 0 21 21
22 15 2 0 22 22
23 15 2 0 23 23
24 15 2 0 24 24
25 15 2 0 25 25
26 15 2 0 26 26
27 15 2 0 27 27
28 15 2 0 28 28
29 1 2 0 1 1 29
30 1 2 0 1 29 30
31 1 2 0 1 30 31
32 1 2 0 1 31 32
33 1 2 0 1 32 33
34 1 2 0 1 33 34
35 1 2 0 1 34 35
36 1 2 0 1 35 36
37 1 2 0 1 36 37
38 1 2 0 1 37 38
39 1 2 0 1 38 39
40 1 2 0 1 39 2
41 1 2 0 2 2 40
42 1 2 0 2 40 41
43 1 2 0 2 41 42
44 1 2 0 2 42 43
45 1 2 0 2 43 44
46 1 2 0 2 44 45
47 1 2 0 2 45 46
48 1 2 0 2 46 47
49 1 2 0 2 47 48
50 1 2 0 2 48 49
51 1 2 0 2 49 50
52 1 2 0 2 50 51
53 1 2 0 2 51 52
54 1 2 0 2 52 53
55 1 2 0 2 53 54
56 1 2 0 2 54 6
57 1 2 0 3 6 55
58 1 2 0 3 55 56
59 1 2 0 3 56 57
60 1 2 0 3 57 58
61 1 2 0 3 58 59
62 1 2 0 3 59 60
63 1 2 0 3 60 61
64 1 2 0 3 61 62
65 1 2 0 3 62 63
66 1 2 0 3 63 64
67 1 2 0 3 64 65
68 1 2 0 3 65 1
69 1 2 0 4 6 66
70 1 2 0 4 66 67
71 1 2 0 4 67 68
72 1 2 0 4 68 69
73 1 2 0 4 69 70
74 1 2 0 4 70 71
75 1 2 0 4 71 72
76 1 2 0 4 72 73
77 1 2 0 4 73 74
78 1 2 0 4 74 75
79 1 2 0 4 75 76
80 1 2 0 4 76 77
81 1 2 0 4 77 78
82 1 2 0 4 78 79
83 1 2 0 4 79 80
84 1 2 0 4 80 10
85 1 2 0 5 10 81
86 1 2 0 5 81 82
87 1 2 0 5 82 83
88 1 2 0 5 83 84
89 1 2 0 5 84 85
90 1 2 0 5 85 86
91 1 2 0 5 86 87
92 1 2 0 5 87 88
93 1 2 0 5 88 89
94 1 2 0 5 89 90
95 1 2 0 5 90 91
96 1 2 0 5 91 92
97 1 2 0 5 92 93
98 1 2 0 5 93 94
99 1 2 0 5 94 95
100 1 2 0 5 95 13
101 1 2 0 6 13 96
102 1 2 0 6 96 97
103 1 2 0 6 97 98
104 1 2 0 6 98 99
105 1 2 0 6 99 100
106 1 2 0 6 100 101
107 1 2 0 6 101 102
108 1 2 0 6 102 103
109 1 2 0 6 103 104
110 1 2 0 6 104 105
111 1 2 0 6 105 106
112 1 2 0 6 106 107
113 1 2 0 6 107 108
114 1 2 0 6 108 109
115 1 2 0 6 109 110
116 1 2 0 6 110 111
117 1 2 0 6 111 112
118 1 2 0 6 112 113
119 1 2 0 6 113 114
120 1 2 0 6 114 115
121 1 2 0 6 115 116
122 1 2 0 6 116 117
123 1 2 0 6 117 6
124 1 2 0 7 13 118
125 1 2 0 7 118 119
126 1 2 0 7 119 120
127 1 2 0 7 120 121
128 1 2 0 7 121 122
129 1 2 0 7 122 123
130 1 2 0 7 123 124
131 1 2 0 7 124 125
132 1 2 0 7 125 126
133 1 2 0 7 126 127
134 1 2 0 7 127 128
135 1 2 0 7 128 129
136 1 2 0 7 129 130
137 1 2 0 7 130 131
138 1 2 0 7 131 132
139 1 2 0 7 132 17
140 1 2 0 8 17 133
141 1 2 0 8 133 134
142 1 2 0 8 134 135
143 1 2 0 8 135 136
144 1 2 0 8 136 137
145 1 2 0 8 137 138
146 1 2 0 8 138 139
147 1 2 0 8 139 140
148 1 2 0 8 140 141
149 1 2 0 8 141 142
150 1 2 0 8 142 143
151 1 2 0 8 143 144
152 1 2 0 8 144 145
153 1 2 0 8 145 146
154 1 2 0 8 146 147
155 1 2 0 8 147 20
156 1 2 0 9 20 148
157 1 2 0 9 148 149
158 1 2 0 9 149 150
159 1 2 0 9 150 151
160 1 2 0 9 151 152
161 1 2 0 9 152 153
162 1 2 0 9 153 154
163 1 2 0 9 154 155
164 1 2 0 9 155 156
165 1 2 0 9 156 157
166 1 2 0 9 157 158
167 1 2 0 9 158 159
168 1 2 0 9 159 160
169 1 2 0 9 160 161
170 1 2 0 9 161 162
171 1 2 0 9 162 163
172 1 2 0 9 163 164
173 1 2 0 9 164 165
174 1 2 0 9 165 166
175 1 2 0 9 166 167
176 1 2 0 9 167 168
177 1 2 0 9 168 169
178 1 2 0 9 169 13
179 1 2 0 10 20 170
180 1 2 0 10 170 171
181 1 2 0 10 171 172
182 1 2 0 10 172 173
183 1 2 0 10 173 174
184 1 2 0 10 174 175
185 1 2 0 10 175 176
186 1 2 0 10 176 177
187 1 2 0 10 177 178
188 1 2 0 10 178 179
189 1 2 0 10 179 180
190 1 2 0 10 180 181
191 1 2 0 10 181 182
192 1 2 0 10 182 183
193 1 2 0 10 183 184
194 1 2 0 10 184 25
195 1 2 0 11 25 185
196 1 2 0 11 185 186
197 1 2 0 11 186 187
198 1 2 0 11 187 188
199 1 2 0 11 188 189
200 1 2 0 11 189 190
201 1 2 0 11 190 191
202 1 2 0 11 191 192
203 1 2 0 11 192 193
204 1 2 0 11 193 194
205 1 2 0 11 194 195
206 1 2 0 11 195 24
207 1 2 0 12 24 196
208 1 2 0 12 196 197
209 1 2 0 12 197 198
210 1 2 0 12 198 199
211 1 2 0 12 199 200
212 1 2 0 12 200 201
213 1 2 0 12 201 202
214 1 2 0 12 202 203
215 1 2 0 12 203 204
216 1 2 0 12 204 205
217 1 2 0 12 205 206
218 1 2 0 12 206 20
219 1 2 0 13 25 207
220 1 2 0 13 207 208
221 1 2 0 13 208 209
222 1 2 0 13 209 210
223 1 2 0 13 210 211
224 1 2 0 13 211 212
225 1 2 0 13 212 213
226 1 2 0 13 213 214
227 1 2 0 13 214 215
228 1 2 0 13 215 216
229 1 2 0 13 216 217
230 1 2 0 13 217 218
231 1 2 0 13 218 219
232 1 2 0 13 219 220
233 1 2 0 13 220 221
234 1 2 0 13 221 21
235 1 2 0 14 21 222
236 1 2 0 14 222 223
237 1 2 0 14 223 224
238 1 2 0 14 224 225
239 1 2 0 14 225 226
240 1 2 0 14 226 227
241 1 2 0 14 227 228
242 1 2 0 14 228 229
243 1 2 0 14 229 230
244 1 2 0 14 230 231
245 1 2 0 14 231 232
246 1 2 0 14 232 233
247 1 2 0 14 233 234
248 1 2 0 14 234 235
249 1 2 0 14 235 236
250 1 2 0 14 236 26
251 1 2 0 15 26 237
252 1 2 0 15 237 238
253 1 2 0 15 238 239
254 1 2 0 15 239 240
255 1 2 0 15 240 241
256 1 2 0 15 241 242
257 1 2 0 15 242 243
258 1 2 0 15 243 244
259 1 2 0 15 244 245
260 1 2 0 15 245 246
261 1 2 0 15 246 247
262 1 2 0 15 247 248
263 1 2 0 15 248 249
264 1 2 0 15 249 250
265 1 2 0 15 250 251
266 1 2 0 15 251 252
267 1 2 0 15 252 253
268 1 2 0 15 253 254
269 1 2 0 15 254 255
270 1 2 0 15 255 256
271 1 2 0 15 256 257
272 1 2 0 15 257 258
273 1 2 0 15 258 25
274 1 2 0 16 26 259
275 1 2 0 16 259 260
276 1 2 0 16 260 261
277 1 2 0 16 261 262
278 1 2 0 16 262 263
279 1 2 0 16 263 264
280 1 2 0 16 264 265
281 1 2 0 16 265 266
282 1 2 0 16 266 267
283 1 2 0 16 267 268
284 1 2 0 16 268 269
285 1 2 0 16 269 270
286 1 2 0 16 270 271
287 1 2 0 16 271 272
288 1 2 0 16 272 273
289 1 2 0 16 273 22
290 1 2 0 17 22 274
291 1 2 0 17 274 275
292 1 2 0 17 275 276
293 1 2 0 17 276 277
294 1 2 0 17 277 278
295 1 2 0 17 278 279
296 1 2 0 17 279 280
297 1 2 0 17 280 281
298 1 2 0 17 281 282
299 1 2 0 17 282 283
300 1 2 0 17 283 284
301 1 2 0 17 284 285
302 1 2 0 17 285 286
303 1 2 0 17 286 287
304 1 2 0 17 287 288
305 1 2 0 17 288 27
306 1 2 0 18 27 289
307 1 2 0 18 289 290
308 1 2 0 18 290 291
309 1 2 0 18 291 292
310 1 2 0 18 292 293
311 1 2 0 18 293 294
312 1 2 0 18 294 295
313 1 2 0 18 295 296
314 1 2 0 18 296 297
315 1 2 0 18 297 298
316 1 2 0 18 298 299
317 1 2 0 18 299 300
318 1 2 0 18 300 301
319 1 2 0 18 301 302
320 1 2 0 18 302 303
321 1 2 0 18 303 304
322 1 2 0 18 304 305
323 1 2 0 18 305 306
324 1 2 0 18 306 307
325 1 2 0 18 307 308
326 1 2 0 18 308 309
327 1 2 0 18 309 310
328 1 2 0 18 310 26
329 1 2 0 19 27 311
330 1 2 0 19 311 312
331 1 2 0 19 312 313
332 1 2 0 19 313 314
333 1 2 0 19 314 315
334 1 2 0 19 315 316
335 1 2 0 19 316 317
336 1 2 0 19 317 318
337 1 2 0 19 318 319
338 1 2 0 19 319 320
339 1 2 0 19 320 321
340 1 2 0 19 321 322
341 1 2 0 19 322 323
342 1 2 0 19 323 324
343 1 2 0 19 324 325
344 1 2 0 19 325 23
345 1 2 0 20 23 326
346 1 2 0 20 326 327
347 1 2 0 20 327 328
348 1 2 0 20 328 329
349 1 2 0 20 329 330
350 1 2 0 20 330 331
351 1 2 0 20 331 332
352 1 2 0 20 332 333
353 1 2 0 20 333 334
354 1 2 0 20 334 335
355 1 2 0 20 335 336
356 1 2 0 20 336 28
357 1 2 0 21 28 337
358 1 2 0 21 337 338
359 1 2 0 21 338 339
360 1 2 0 21 339 340
361 1 2 0 21 340 341
362 1 2 0 21 341 342
363 1 2 0 21 342 343
364 1 2 0 21 343 344
365 1 2 0 21 344 345
366 1 2 0 21 345 346
367 1 2 0 21 346 347
368 1 2 0 21 347 27
369 1 2 0 22 23 348
370 1 2 0 22 348 349
371 1 2 0 22 349 350
372 1 2 0 22 350 351
373 1 2 0 22 351 352
374 1 2 0 22 352 353
375 1 2 0 22 353 354
376 1 2 0 22 354 355
377 1 2 0 22 355 356
378 1 2 0 22 356 357
379 1 2 0 22 357 358
380 1 2 0 22 358 359
381 1 2 0 22 359 360
382 1 2 0 22 360 361
383 1 2 0 22 361 362
384 1 2 0 22 362 19
385 1 2 0 23 19 363
386 1 2 0 23 363 364
387 1 2 0 23 364 365
388 1 2 0 23 365 366
389 1 2 0 23 366 367
390 1 2 0 23 367 368
391 1 2 0 23 368 369
392 1 2 0 23 369 370
393 1 2 0 23 370 371
394 1 2 0 23 371 372
395 1 2 0 23 372 373
396 1 2 0 23 373 374
397 1 2 0 23 374 375
398 1 2 0 23 375 376
399 1 2 0 23 376 377
400 1 2 0 23 377 16
401 1 2 0 24 16 378
402 1 2 0 24 378 379
403 1 2 0 24 379 380
404 1 2 0 24 380 381
405 1 2 0 24 381 382
406 1 2 0 24 382 383
407 1 2 0 24 383 384
408 1 2 0 24 384 385
409 1 2 0 24 385 386
410 1 2 0 24 386 387
411 1 2 0 24 387 388
412 1 2 0 24 388 389
413 1 2 0 24 389 390
414 1 2 0 24 390 391
415 1 2 0 24 391 392
416 1 2 0 24 392 393
417 1 2 0 24 393 394
418 1 2 0 24 394 395
419 1 2 0 24 395 396
420 1 2 0 24 396 397
421 1 2 0 24 397 398
422 1 2 0 24 398 399
423 1 2 0 24 399 23
424 1 2 0 25 16 400
425 1 2 0 25 400 401
426 1 2 0 25 401 402
427 1 2 0 25 402 403
428 1 2 0 25 403 404
429 1 2 0 25 404 405
430 1 2 0 25 405 406
431 1 2 0 25 406 407
432 1 2 0 25 407 408
433 1 2 0 25 408 409
434 1 2 0 25 409 410
435 1 2 0 25 410 411
436 1 2 0 25 411 412
437 1 2 0 25 412 413
438 1 2 0 25 413 414
439 1 2 0 25 414 12
440 1 2 0 26 12 415
441 1 2 0 26 415 416
442 1 2 0 26 416 417
443 1 2 0 26 417 418
444 1 2 0 26 418 419
445 1 2 0 26 419 420
446 1 2 0 26 420 421
447 1 2 0 26 421 422
448 1 2 0 26 422 423
449 1 2 0 26 423 424
450 1 2 0 26 424 425
451 1 2 0 26 425 426
452 1 2 0 26 426 427
453 1 2 0 26 427 428
454 1 2 0 26 428 429
455 1 2 0 26 429 9
456 1 2 0 27 9 430
457 1 2 0 27 430 431
458 1 2 0 27 431 432
459 1 2 0 27 432 433
460 1 2 0 27 433 434
461 1 2 0 27 434 435
462 1 2 0 27 435 436
463 1 2 0 27 436 437
464 1 2 0 27 437 438
465 1 2 0 27 438 439
466 1 2 0 27 439 440
467 1 2 0 27 440 441
468 1 2 0 27 441 442
469 1 2 0 27 442 443
470 1 2 0 27 443 444
471 1 2 0 27 444 445
472 1 2 0 27 445 446
473 1 2 0 27 446 447
474 1 2 0 27 447 448
475 1 2 0 27 448 449
476 1 2 0 27 449 450
477 1 2 0 27 450 451
478 1 2 0 27 451 16
479 1 2 0 28 4 452
480 1 2 0 28 452 453
481 1 2 0 28 453 454
482 1 2 0 28 454 455
483 1 2 0 28 455 456
484 1 2 0 28 456 457
485 1 2 0 28 457 458
486 1 2 0 28 458 459
487 1 2 0 28 459 460
488 1 2 0 28 460 461
489 1 2 0 28 461 462
490 1 2 0 28 462 5
491 1 2 0 29 5 463
492 1 2 0 29 463 464
493 1 2 0 29 464 465
494 1 2 0 29 465 466
495 1 2 0 29 466 467
496 1 2 0 29 467 468
497 1 2 0 29 468 469
498 1 2 0 29 469 470
499 1 2 0 29 470 471
500 1 2 0 29 471 472
501 1 2 0 29 472 473
502 1 2 0 29 473 9
503 1 2 0 30 9 474
504 1 2 0 30 474 475
505 1 2 0 30 475 476
506 1 2 0 30 476 477
507 1 2 0 30 477 478
508 1 2 0 30 478 479
509 1 2 0 30 479 480
510 1 2 0 30 480 481
511 1 2 0 30 481 482
512 1 2 0 30 482 483
513 1 2 0 30 483 484
514 1 2 0 30 484 485
515 1 2 0 30 485 486
516 1 2 0 30 486 487
517 1 2 0 30 487 488
518 1 2 0 30 488 4
519 1 2 0 31 3 489
520 1 2 0 31 489 490
521 1 2 0 31 490 491
522 1 2 0 31 491 492
523 1 2 0 31 492 493
524 1 2 0 31 493 494
525 1 2 0 31 494 495
526 1 2 0 31 495 496
527 1 2 0 31 496 497
528 1 2 0 31 497 498
529 1 2 0 31 498 499
530 1 2 0 31 499 500
531 1 2 0 31 500 501
532 1 2 0 31 501 502
533 1 2 0 31 502 503
534 1 2 0 31 503 504
535 1 2 0 31 504 505
536 1 2 0 31 505 506
537 1 2 0 31 506 507
538 1 2 0 31 507 508
539 1 2 0 31 508 509
540 1 2 0 31 509 510
541 1 2 0 31 510 4
542 1 2 0 32 4 511
543 1 2 0 32 511 512
544 1 2 0 32 512 513
545 1 2 0 32 513 514
546 1 2 0 32 514 515
547 1 2 0 32 515 516
548 1 2 0 32 516 517
549 1 2 0 32 517 518
550 1 2 0 32 518 519
551 1 2 0 32 519 520
552 1 2 0 32 520 521
553 1 2 0 32 521 522
554 1 2 0 32 522 523
555 1 2 0 32 523 524
556 1 2 0 32 524 525
557 1 2 0 32 525 8
558 1 2 0 33 8 526
559 1 2 0 33 526 527
560 1 2 0 33 527 528
561 1 2 0 33 528 529
562 1 2 0 33 529 530
563 1 2 0 33 530 531
564 1 2 0 33 531 532
565 1 2 0 33 532 533
566 1 2 0 33 533 534
567 1 2 0 33 534 535
568 1 2 0 33 535 536
569 1 2 0 33 536 537
570 1 2 0 33 537 538
571 1 2 0 33 538 539
572 1 2 0 33 539 540
573 1 2 0 33 540 3
574 1 2 0 34 2 541
575 1 2 0 34 541 542
576 1 2 0 34 542 543
577 1 2 0 34 543 544
578 1 2 0 34 544 545
579 1 2 0 34 545 546
580 1 2 0 34 546 547
581 1 2 0 34 547 548
582 1 2 0 34 548 549
583 1 2 0 34 549 550
584 1 2 0 34 550 551
585 1 2 0 34 551 552
586 1 2 0 34 552 553
587 1 2 0 34 553 554
588 1 2 0 34 554 555
589 1 2 0 34 555 556
590 1 2 0 34 556 557
591 1 2 0 34 557 558
592 1 2 0 34 558 559
593 1 2 0 34 559 560
594 1 2 0 34 560 561
595 1 2 0 34 561 562
596 1 2 0 34 562 3
597 1 2 0 35 3 563
598 1 2 0 35 563 564
599 1 2 0 35 564 565
600 1 2 0 35 565 566
601 1 2 0 35 566 567
602 1 2 0 35 567 568
603 1 2 0 35 568 569
604 1 2 0 35 569 570
605 1 2 0 35 570 571
606 1 2 0 35 571 572
607 1 2 0 35 572 573
608 1 2 0 35 573 574
609 1 2 0 35 574 575
610 1 2 0 35 575 576
611 1 2 0 35 576 577
612 1 2 0 35 577 7
613 1 2 0 36 7 578
614 1 2 0 36 578 579
615 1 2 0 36 579 580
616 1 2 0 36 580 581
617 1 2 0 36 581 582
618 1 2 0 36 582 583
619 1 2 0 36 583 584
620 1 2 0 36 584 585
621 1 2 0 36 585 586
622 1 2 0 36 586 587
623 1 2 0 36 587 588
624 1 2 0 36 588 589
625 1 2 0 36 589 590
626 1 2 0 36 590 591
627 1 2 0 36 591 592
628 1 2 0 36 592 2
629 1 2 0 37 7 593
630 1 2 0 37 593 594
631 1 2 0 37 594 595
632 1 2 0 37 595 596
633 1 2 0 37 596 597
634 1 2 0 37 597 598
635 1 2 0 37 598 599
636 1 2 0 37 599 600
637 1 2 0 37 600 601
638 1 2 0 37 601 602
639 1 2 0 37 602 603
640 1 2 0 37 603 604
641 1 2 0 37 604 605
642 1 2 0 37 605 606
643 1 2 0 37 606 607
644 1 2 0 37 607 10
645 1 2 0 38 8 608
646 1 2 0 38 608 609
647 1 2 0 38 609 610
648 1 2 0 38 610 611
649 1 2 0 38 611 612
650 1 2 0 38 612 613
651 1 2 0 38 613 614
652 1 2 0 38 614 615
653 1 2 0 38 615 616
654 1 2 0 38 616 617
655 1 2 0 38 617 618
656 1 2 0 38 618 619
657 1 2 0 38 619 620
658 1 2 0 38 620 621
659 1 2 0 38 621 622
660 1 2 0 38 622 11
661 1 2 0 39 11 623
662 1 2 0 39 623 624
663 1 2 0 39 624 625
664 1 2 0 39 625 626
665 1 2 0 39 626 627
666 1 2 0 39 627 628
667 1 2 0 39 628 629
668 1 2 0 39 629 630
669 1 2 0 39 630 631
670 1 2 0 39 631 632
671 1 2 0 39 632 633
672 1 2 0 39 633 634
673 1 2 0 39 634 635
674 1 2 0 39 635 636
675 1 2 0 39 636 637
676 1 2 0 39 637 7
677 1 2 0 40 12 638
678 1 2 0 40 638 639
679 1 2 0 40 639 640
680 1 2 0 40 640 641
681 1 2 0 40 641 642
682 1 2 0 40 642 643
683 1 2 0 40 643 644
684 1 2 0 40 644 645
685 1 2 0 40 645 646
686 1 2 0 40 646 647
687 1 2 0 40 647 648
688 1 2 0 40 648 649
689 1 2 0 40 649 650
690 1 2 0 40 650 651
691 1 2 0 40 651 652
692 1 2 0 40 652 8
693 1 2 0 41 19 653
694 1 2 0 41 653 654
695 1 2 0 41 654 655
696 1 2 0 41 655 656
697 1 2 0 41 656 657
698 1 2 0 41 657 658
699 1 2 0 41 658 659
700 1 2 0 41 659 660
701 1 2 0 41 660 661
702 1 2 0 41 661 662
703 1 2 0 41 662 663
704 1 2 0 41 663 664
705 1 2 0 41 664 665
706 1 2 0 41 665 666
707 1 2 0 41 666 667
708 1 2 0 41 667 15
709 1 2 0 42 15 668
710 1 2 0 42 668 669
711 1 2 0 42 669 670
712 1 2 0 42 670 671
713 1 2 0 42 671 672
714 1 2 0 42 672 673
715 1 2 0 42 673 674
716 1 2 0 42 674 675
717 1 2 0 42 675 676
718 1 2 0 42 676 677
719 1 2 0 42 677 678
720 1 2 0 42 678 679
721 1 2 0 42 679 680
722 1 2 0 42 680 681
723 1 2 0 42 681 682
724 1 2 0 42 682 12
725 1 2 0 43 21 683
726 1 2 0 43 683 684
727 1 2 0 43 684 685
728 1 2 0 43 685 686
729 1 2 0 43 686 687
730 1 2 0 43 687 688
731 1 2 0 43 688 689
732 1 2 0 43 689 690
733 1 2 0 43 690 691
734 1 2 0 43 691 692
735 1 2 0 43 692 693
736 1 2 0 43 693 694
737 1 2 0 43 694 695
738 1 2 0 43 695 696
739 1 2 0 43 696 697
740 1 2 0 43 697 18
741 1 2 0 44 18 698
742 1 2 0 44 698 699
743 1 2 0 44 699 700
744 1 2 0 44 700 701
745 1 2 0 44 701 702
746 1 2 0 44 702 703
747 1 2 0 44 703 704
748 1 2 0 44 704 705
749 1 2 0 44 705 706
750 1 2 0 44 706 707
751 1 2 0 44 707 708
752 1 2 0 44 708 709
753 1 2 0 44 709 710
754 1 2 0 44 710 711
755 1 2 0 44 711 712
756 1 2 0 44 712 22
757 1 2 0 45 17 713
758 1 2 0 45 713 714
759 1 2 0 45 714 715
760 1 2 0 45 715 716
761 1 2 0 45 716 717
762 1 2 0 45 717 718
763 1 2 0 45 718 719
764 1 2 0 45 719 720
765 1 2 0 45 720 721
766 1 2 0 45 721 722
767 1 2 0 45 722 723
768 1 2 0 45 723 724
769 1 2 0 45 724 725
770 1 2 0 45 725 726
771 1 2 0 45 726 727
772 1 2 0 45 727 21
773 1 2 0 46 22 728
774 1 2 0 46 728 729
775 1 2 0 46 729 730
776 1 2 0 46 730 731
777 1 2 0 46 731 732
778 1 2 0 46 732 733
779 1 2 0 46 733 734
780 1 2 0 46 734 735
781 1 2 0 46 735 736
782 1 2 0 46 736 737
783 1 2 0 46 737 738
784 1 2 0 46 738 739
785 1 2 0 46 739 740
786 1 2 0 46 740 741
787 1 2 0 46 741 742
788 1 2 0 46 742 19
789 1 2 0 47 18 743
790 1 2 0 47 743 744
791 1 2 0 47 744 745
792 1 2 0 47 745 746
793 1 2 0 47 746 747
794 1 2 0 47 747 748
795 1 2 0 47 748 749
796 1 2 0 47 749 750
797 1 2 0 47 750 751
798 1 2 0 47 751 752
799 1 2 0 47 752 753
800 1 2 0 47 753 754
801 1 2 0 47 754 755
802 1 2 0 47 755 756
803 1 2 0 47 756 757
804 1 2 0 47 757 15
805 1 2 0 48 17 758
806 1 2 0 48 758 759
807 1 2 0 48 759 760
808 1 2 0 48 760 761
809 1 2 0 48 761 762
810 1 2 0 48 762 763
811 1 2 0 48 763 764
812 1 2 0 48 764 765
813 1 2 0 48 765 766
814 1 2 0 48 766 767
815 1 2 0 48 767 768
816 1 2 0 48 768 769
817 1 2 0 48 769 770
818 1 2 0 48 770 771
819 1 2 0 48 771 772
820 1 2 0 48 772 14
821 1 2 0 49 14 773
822 1 2 0 49 773 774
823 1 2 0 49 774 775
824 1 2 0 49 775 776
825 1 2 0 49 776 777
826 1 2 0 49 777 778
827 1 2 0 49 778 779
828 1 2 0 49 779 780
829 1 2 0 49 780 781
830 1 2 0 49 781 782
831 1 2 0 49 782 783
832 1 2 0 49 783 784
833 1 2 0 49 784 785
834 1 2 0 49 785 786
835 1 2 0 49 786 787
836 1 2 0 49 787 18
837 1 2 0 50 10 788
838 1 2 0 50 788 789
839 1 2 0 50 789 790
840 1 2 0 50 790 791
841 1 2 0 50 791 792
842 1 2 0 50 792 793
843 1 2 0 50 793 794
844 1 2 0 50 794 795
845 1 2 0 50 795 796
846 1 2 0 50 796 797
847 1 2 0 50 797 798
848 1 2 0 50 798 799
849 1 2 0 50 799 800
850 1 2 0 50 800 801
851 1 2 0 50 801 802
852 1 2 0 50 802 14
853 1 2 0 51 11 803
854 1 2 0 51 803 804
855 1 2 0 51 804 805
856 1 2 0 51 805 806
857 1 2 0 51 806 807
858 1 2 0 51 807 808
859 1 2 0 51 808 809
860 1 2 0 51 809 810
861 1 2 0 51 810 811
862 1 2 0 51 811 812
863 1 2 0 51 812 813
864 1 2 0 51 813 814
865 1 2 0 51 814 815
866 1 2 0 51 815 816
867 1 2 0 51 816 817
868 1 2 0 51 817 14
869 1 2 0 52 11 818
870 1 2 0 52 818 819
871 1 2 0 52 819 820
872 1 2 0 52 820 821
873 1 2 0 52 821 822
874 1 2 0 52 822 823
875 1 2 0 52 823 824
876 1 2 0 52 824 825
877 1 2 0 52 825 826
878 1 2 0 52 826 827
879 1 2 0 52 827 828
880 1 2 0 52 828 829
881 1 2 0 52 829 830
882 1 2 0 52 830 831
883 1 2 0 52 831 832
884 1 2 0 52 832 15
885 2 2 0 1 846 837 871
886 2 2 0 1 838 845 870
887 2 2 0 1 859 841 860
888 2 2 0 1 849 839 857
889 2 2 0 1 842 859 860
890 2 2 0 1 850 836 858
891 2 2 0 1 850 63 867
892 2 2 0 1 31 849 866
893 2 2 0 1 845 52 868
894 2 2 0 1 42 846 869
895 2 2 0 1 836 849 857
896 2 2 0 1 843 33 898
897 2 2 0 1 61 844 899
898 2 2 0 1 33 843 863
899 2 2 0 1 844 61 862
900 2 2 0 1 840 850 858
901 2 2 0 1 836 857 858
902 2 2 0 1 863 843 874
903 2 2 0 1 844 862 875
904 2 2 0 1 845 838 880
905 2 2 0 1 837 846 881
906 2 2 0 1 839 863 874
907 2 2 0 1 862 840 875
908 2 2 0 1 837 847 873
909 2 2 0 1 848 838 872
910 2 2 0 1 852 833 859
911 2 2 0 1 846 871 890
912 2 2 0 1 870 845 891
913 2 2 0 1 63 64 867
914 2 2 0 1 30 31 866
915 2 2 0 1 45 46 854
916 2 2 0 1 6 55 54
917 2 2 0 1 39 2 40
918 2 2 0 1 849 836 866
919 2 2 0 1 836 850 867
920 2 2 0 1 847 837 864
921 2 2 0 1 838 848 865
922 2 2 0 1 857 833 858
923 2 2 0 1 44 847 864
924 2 2 0 1 833 852 887
925 2 2 0 1 839 849 884
926 2 2 0 1 850 840 883
927 2 2 0 1 847 44 894
928 2 2 0 1 52 53 868
929 2 2 0 1 41 42 869
930 2 2 0 1 846 42 881
931 2 2 0 1 52 845 880
932 2 2 0 1 836 853 866
933 2 2 0 1 853 836 867
934 2 2 0 1 849 31 884
935 2 2 0 1 63 850 883
936 2 2 0 1 37 869 890
937 2 2 0 1 868 57 891
938 2 2 0 1 851 834 876
939 2 2 0 1 840 852 875
940 2 2 0 1 852 859 882
941 2 2 0 1 48 49 861
942 2 2 0 1 852 835 875
943 2 2 0 1 834 851 874
944 2 2 0 1 859 842 882
945 2 2 0 1 33 34 898
946 2 2 0 1 60 61 899
947 2 2 0 1 852 840 887
948 2 2 0 1 835 852 882
949 2 2 0 1 833 851 889
950 2 2 0 1 35 855 898
951 2 2 0 1 856 59 899
952 2 2 0 1 851 833 885
953 2 2 0 1 839 874 885
954 2 2 0 1 874 851 885
955 2 2 0 1 869 846 890
956 2 2 0 1 845 868 891
957 2 2 0 1 59 60 899
958 2 2 0 1 34 35 898
959 2 2 0 1 48 861 886
960 2 2 0 1 37 38 869
961 2 2 0 1 56 57 868
962 2 2 0 1 855 35 871
963 2 2 0 1 59 856 870
964 2 2 0 1 848 872 888
965 2 2 0 1 854 46 879
966 2 2 0 1 857 839 885
967 2 2 0 1 872 835 888
968 2 2 0 1 45 854 894
969 2 2 0 1 838 865 880
970 2 2 0 1 864 837 881
971 2 2 0 1 53 54 878
972 2 2 0 1 40 41 877
973 2 2 0 1 863 839 884
974 2 2 0 1 840 862 883
975 2 2 0 1 837 855 871
976 2 2 0 1 856 838 870
977 2 2 0 1 854 841 876
978 2 2 0 1 842 861 888
979 2 2 0 1 841 854 879
980 2 2 0 1 860 47 886
981 2 2 0 1 855 837 873
982 2 2 0 1 838 856 872
983 2 2 0 1 851 876 889
984 2 2 0 1 47 48 886
985 2 2 0 1 882 842 888
986 2 2 0 1 47 860 879
987 2 2 0 1 46 47 879
988 2 2 0 1 833 857 885
989 2 2 0 1 873 847 893
990 2 2 0 1 61 62 862
991 2 2 0 1 32 33 863
992 2 2 0 1 58 59 870
993 2 2 0 1 35 36 871
994 2 2 0 1 840 858 887
995 2 2 0 1 50 51 865
996 2 2 0 1 43 44 864
997 2 2 0 1 858 833 887
998 2 2 0 1 50 865 895
999 2 2 0 1 859 833 889
1000 2 2 0 1 865 848 895
1001 2 2 0 1 876 841 889
1002 2 2 0 1 38 39 877
1003 2 2 0 1 55 56 878
1004 2 2 0 1 44 45 894
1005 2 2 0 1 834 873 893
1006 2 2 0 1 62 63 883
1007 2 2 0 1 31 32 884
1008 2 2 0 1 856 899 901
1009 2 2 0 1 898 855 900
1010 2 2 0 1 841 859 889
1011 2 2 0 1 42 43 881
1012 2 2 0 1 51 52 880
1013 2 2 0 1 39 40 877
1014 2 2 0 1 54 55 878
1015 2 2 0 1 860 841 879
1016 2 2 0 1 899 844 901
1017 2 2 0 1 843 898 900
1018 2 2 0 1 868 53 878
1019 2 2 0 1 41 869 877
1020 2 2 0 1 861 842 886
1021 2 2 0 1 65 1 892
1022 2 2 0 1 1 29 892
1023 2 2 0 1 56 868 878
1024 2 2 0 1 869 38 877
1025 2 2 0 1 58 870 891
1026 2 2 0 1 871 36 890
1027 2 2 0 1 848 861 895
1028 2 2 0 1 861 49 895
1029 2 2 0 1 862 62 883
1030 2 2 0 1 32 863 884
1031 2 2 0 1 842 860 886
1032 2 2 0 1 872 856 901
1033 2 2 0 1 855 873 900
1034 2 2 0 1 861 848 888
1035 2 2 0 1 854 893 894
1036 2 2 0 1 43 864 881
1037 2 2 0 1 865 51 880
1038 2 2 0 1 36 37 890
1039 2 2 0 1 57 58 891
1040 2 2 0 1 49 50 895
1041 2 2 0 1 64 65 896
1042 2 2 0 1 29 30 897
1043 2 2 0 1 893 847 894
1044 2 2 0 1 874 843 900
1045 2 2 0 1 844 875 901
1046 2 2 0 1 834 874 900
1047 2 2 0 1 875 835 901
1048 2 2 0 1 30 866 897
1049 2 2 0 1 867 64 896
1050 2 2 0 1 866 853 897
1051 2 2 0 1 853 867 896
1052 2 2 0 1 854 876 893
1053 2 2 0 1 835 882 888
1054 2 2 0 1 876 834 893
1055 2 2 0 1 873 834 900
1056 2 2 0 1 835 872 901
1057 2 2 0 1 65 892 896
1058 2 2 0 1 892 29 897
1059 2 2 0 1 892 853 896
1060 2 2 0 1 853 892 897
1061 2 2 0 2 952 981 994
1062 2 2 0 2 922 935 1003
1063 2 2 0 2 952 911 981
1064 2 2 0 2 951 927 984
1065 2 2 0 2 910 951 984
1066 2 2 0 2 973 81 999
1067 2 2 0 2 80 973 1000
1068 2 2 0 2 914 955 958
1069 2 2 0 2 955 925 958
1070 2 2 0 2 81 82 999
1071 2 2 0 2 79 80 1000
1072 2 2 0 2 969 104 1004
1073 2 2 0 2 932 100 1034
1074 2 2 0 2 113 931 1033
1075 2 2 0 2 100 932 968
1076 2 2 0 2 931 113 967
1077 2 2 0 2 85 86 939
1078 2 2 0 2 75 76 940
1079 2 2 0 2 1003 935 1018
1080 2 2 0 2 108 946 1015
1081 2 2 0 2 107 108 1015
1082 2 2 0 2 83 935 999
1083 2 2 0 2 936 78 1000
1084 2 2 0 2 68 937 970
1085 2 2 0 2 938 93 971
1086 2 2 0 2 937 115 970
1087 2 2 0 2 98 938 971
1088 2 2 0 2 912 931 967
1089 2 2 0 2 932 913 968
1090 2 2 0 2 930 969 1004
1091 2 2 0 2 904 942 955
1092 2 2 0 2 926 953 972
1093 2 2 0 2 953 909 972
1094 2 2 0 2 933 912 964
1095 2 2 0 2 913 934 963
1096 2 2 0 2 941 923 959
1097 2 2 0 2 937 912 1013
1098 2 2 0 2 913 938 1014
1099 2 2 0 2 70 933 964
1100 2 2 0 2 934 91 963
1101 2 2 0 2 933 70 1040
1102 2 2 0 2 91 934 1041
1103 2 2 0 2 931 912 987
1104 2 2 0 2 913 932 988
1105 2 2 0 2 924 945 960
1106 2 2 0 2 912 933 987
1107 2 2 0 2 934 913 988
1108 2 2 0 2 10 81 973
1109 2 2 0 2 80 10 973
1110 2 2 0 2 909 945 1006
1111 2 2 0 2 945 924 1006
1112 2 2 0 2 912 937 1009
1113 2 2 0 2 938 913 1008
1114 2 2 0 2 935 83 979
1115 2 2 0 2 78 936 978
1116 2 2 0 2 100 101 1034
1117 2 2 0 2 112 113 1033
1118 2 2 0 2 935 922 999
1119 2 2 0 2 115 937 1013
1120 2 2 0 2 938 98 1014
1121 2 2 0 2 935 920 1018
1122 2 2 0 2 920 935 979
1123 2 2 0 2 96 95 13
1124 2 2 0 2 66 117 6
1125 2 2 0 2 937 68 1009
1126 2 2 0 2 93 938 1008
1127 2 2 0 2 903 941 959
1128 2 2 0 2 945 903 960
1129 2 2 0 2 942 904 994
1130 2 2 0 2 947 89 1041
1131 2 2 0 2 72 948 1040
1132 2 2 0 2 910 942 1030
1133 2 2 0 2 103 104 969
1134 2 2 0 2 921 978 1021
1135 2 2 0 2 85 939 966
1136 2 2 0 2 940 76 965
1137 2 2 0 2 78 79 1000
1138 2 2 0 2 82 83 999
1139 2 2 0 2 978 936 1021
1140 2 2 0 2 89 90 1041
1141 2 2 0 2 71 72 1040
1142 2 2 0 2 941 903 1001
1143 2 2 0 2 923 941 1011
1144 2 2 0 2 1005 910 1017
1145 2 2 0 2 944 917 980
1146 2 2 0 2 941 908 1011
1147 2 2 0 2 943 906 986
1148 2 2 0 2 907 944 985
1149 2 2 0 2 904 944 980
1150 2 2 0 2 954 105 1020
1151 2 2 0 2 939 1005 1017
1152 2 2 0 2 939 86 982
1153 2 2 0 2 75 940 983
1154 2 2 0 2 109 956 995
1155 2 2 0 2 909 1006 1012
1156 2 2 0 2 951 918 991
1157 2 2 0 2 1006 940 1012
1158 2 2 0 2 903 943 1025
1159 2 2 0 2 109 110 956
1160 2 2 0 2 917 944 990
1161 2 2 0 2 93 94 971
1162 2 2 0 2 67 68 970
1163 2 2 0 2 943 903 1045
1164 2 2 0 2 906 943 989
1165 2 2 0 2 944 907 990
1166 2 2 0 2 945 909 1007
1167 2 2 0 2 105 106 1020
1168 2 2 0 2 944 904 1016
1169 2 2 0 2 946 108 995
1170 2 2 0 2 942 910 1023
1171 2 2 0 2 951 910 1030
1172 2 2 0 2 908 941 1022
1173 2 2 0 2 923 946 995
1174 2 2 0 2 903 945 1001
1175 2 2 0 2 946 923 1011
1176 2 2 0 2 949 111 1033
1177 2 2 0 2 102 950 1034
1178 2 2 0 2 115 116 970
1179 2 2 0 2 97 98 971
1180 2 2 0 2 942 994 1030
1181 2 2 0 2 952 930 1024
1182 2 2 0 2 911 952 1024
1183 2 2 0 2 981 918 994
1184 2 2 0 2 912 967 1013
1185 2 2 0 2 968 913 1014
1186 2 2 0 2 956 923 995
1187 2 2 0 2 106 107 1015
1188 2 2 0 2 994 918 1030
1189 2 2 0 2 917 950 1010
1190 2 2 0 2 70 71 1040
1191 2 2 0 2 90 91 1041
1192 2 2 0 2 949 916 993
1193 2 2 0 2 924 960 1044
1194 2 2 0 2 106 1015 1020
1195 2 2 0 2 959 923 1042
1196 2 2 0 2 111 112 1033
1197 2 2 0 2 101 102 1034
1198 2 2 0 2 957 73 1039
1199 2 2 0 2 88 958 1038
1200 2 2 0 2 964 912 1009
1201 2 2 0 2 913 963 1008
1202 2 2 0 2 918 951 1030
1203 2 2 0 2 73 74 1039
1204 2 2 0 2 87 88 1038
1205 2 2 0 2 915 948 997
1206 2 2 0 2 947 914 998
1207 2 2 0 2 919 953 1002
1208 2 2 0 2 951 991 1043
1209 2 2 0 2 909 953 1007
1210 2 2 0 2 914 947 985
1211 2 2 0 2 948 915 986
1212 2 2 0 2 952 904 980
1213 2 2 0 2 111 949 993
1214 2 2 0 2 916 949 989
1215 2 2 0 2 950 917 990
1216 2 2 0 2 930 952 1026
1217 2 2 0 2 922 973 999
1218 2 2 0 2 973 922 1000
1219 2 2 0 2 955 942 1023
1220 2 2 0 2 904 952 994
1221 2 2 0 2 948 72 997
1222 2 2 0 2 89 947 998
1223 2 2 0 2 83 84 979
1224 2 2 0 2 77 78 978
1225 2 2 0 2 941 1001 1022
1226 2 2 0 2 94 95 975
1227 2 2 0 2 66 67 974
1228 2 2 0 2 962 1019 1036
1229 2 2 0 2 76 77 965
1230 2 2 0 2 84 85 966
1231 2 2 0 2 927 951 1043
1232 2 2 0 2 936 1000 1003
1233 2 2 0 2 1000 922 1003
1234 2 2 0 2 911 962 981
1235 2 2 0 2 985 944 1016
1236 2 2 0 2 962 929 981
1237 2 2 0 2 950 102 1010
1238 2 2 0 2 86 87 982
1239 2 2 0 2 74 75 983
1240 2 2 0 2 916 956 993
1241 2 2 0 2 105 954 1004
1242 2 2 0 2 116 117 974
1243 2 2 0 2 96 97 975
1244 2 2 0 2 960 903 1025
1245 2 2 0 2 953 919 1007
1246 2 2 0 2 953 926 1037
1247 2 2 0 2 904 955 1016
1248 2 2 0 2 903 959 1045
1249 2 2 0 2 981 929 991
1250 2 2 0 2 918 981 991
1251 2 2 0 2 69 70 964
1252 2 2 0 2 91 92 963
1253 2 2 0 2 962 928 1019
1254 2 2 0 2 113 114 967
1255 2 2 0 2 99 100 968
1256 2 2 0 2 927 976 984
1257 2 2 0 2 976 920 984
1258 2 2 0 2 969 917 1010
1259 2 2 0 2 943 986 1025
1260 2 2 0 2 965 77 978
1261 2 2 0 2 84 966 979
1262 2 2 0 2 926 972 977
1263 2 2 0 2 972 921 977
1264 2 2 0 2 958 88 998
1265 2 2 0 2 73 957 997
1266 2 2 0 2 910 984 1017
1267 2 2 0 2 117 66 974
1268 2 2 0 2 95 96 975
1269 2 2 0 2 957 915 997
1270 2 2 0 2 914 958 998
1271 2 2 0 2 914 985 1016
1272 2 2 0 2 905 1003 1018
1273 2 2 0 2 925 955 1023
1274 2 2 0 2 956 110 993
1275 2 2 0 2 92 93 1008
1276 2 2 0 2 68 69 1009
1277 2 2 0 2 920 976 1018
1278 2 2 0 2 972 909 1012
1279 2 2 0 2 88 89 998
1280 2 2 0 2 72 73 997
1281 2 2 0 2 114 115 1013
1282 2 2 0 2 98 99 1014
1283 2 2 0 2 987 933 1031
1284 2 2 0 2 934 988 1032
1285 2 2 0 2 961 908 1022
1286 2 2 0 2 1001 919 1022
1287 2 2 0 2 927 992 996
1288 2 2 0 2 966 920 979
1289 2 2 0 2 921 965 978
1290 2 2 0 2 989 943 1045
1291 2 2 0 2 1019 908 1036
1292 2 2 0 2 110 111 993
1293 2 2 0 2 108 109 995
1294 2 2 0 2 992 926 996
1295 2 2 0 2 910 1005 1023
1296 2 2 0 2 955 914 1016
1297 2 2 0 2 102 103 1010
1298 2 2 0 2 916 989 1045
1299 2 2 0 2 74 983 1039
1300 2 2 0 2 982 87 1038
1301 2 2 0 2 956 916 1042
1302 2 2 0 2 986 915 1025
1303 2 2 0 2 991 902 1043
1304 2 2 0 2 906 987 1031
1305 2 2 0 2 988 907 1032
1306 2 2 0 2 104 105 1004
1307 2 2 0 2 976 927 996
1308 2 2 0 2 961 919 1002
1309 2 2 0 2 977 921 1021
1310 2 2 0 2 923 956 1042
1311 2 2 0 2 952 980 1026
1312 2 2 0 2 926 977 996
1313 2 2 0 2 977 905 996
1314 2 2 0 2 103 969 1010
1315 2 2 0 2 1002 953 1037
1316 2 2 0 2 924 983 1006
1317 2 2 0 2 982 925 1005
1318 2 2 0 2 983 940 1006
1319 2 2 0 2 939 982 1005
1320 2 2 0 2 916 959 1042
1321 2 2 0 2 924 957 1039
1322 2 2 0 2 958 925 1038
1323 2 2 0 2 915 957 1044
1324 2 2 0 2 950 1028 1034
1325 2 2 0 2 1027 949 1033
1326 2 2 0 2 960 915 1044
1327 2 2 0 2 971 94 975
1328 2 2 0 2 67 970 974
1329 2 2 0 2 905 976 996
1330 2 2 0 2 948 1031 1040
1331 2 2 0 2 1032 947 1041
1332 2 2 0 2 970 116 974
1333 2 2 0 2 97 971 975
1334 2 2 0 2 929 961 1035
1335 2 2 0 2 919 1001 1007
1336 2 2 0 2 1001 945 1007
1337 2 2 0 2 957 924 1044
1338 2 2 0 2 959 916 1045
1339 2 2 0 2 915 960 1025
1340 2 2 0 2 992 927 1043
1341 2 2 0 2 1028 932 1034
1342 2 2 0 2 931 1027 1033
1343 2 2 0 2 969 930 1026
1344 2 2 0 2 917 969 1026
1345 2 2 0 2 908 961 1036
1346 2 2 0 2 963 92 1008
1347 2 2 0 2 69 964 1009
1348 2 2 0 2 961 929 1036
1349 2 2 0 2 931 987 1027
1350 2 2 0 2 988 932 1028
1351 2 2 0 2 987 906 1027
1352 2 2 0 2 907 988 1028
1353 2 2 0 2 965 921 1012
1354 2 2 0 2 940 965 1012
1355 2 2 0 2 1004 954 1024
1356 2 2 0 2 1031 933 1040
1357 2 2 0 2 934 1032 1041
1358 2 2 0 2 919 961 1022
1359 2 2 0 2 967 114 1013
1360 2 2 0 2 99 968 1014
1361 2 2 0 2 920 966 1017
1362 2 2 0 2 1015 946 1019
1363 2 2 0 2 928 1015 1019
1364 2 2 0 2 930 1004 1024
1365 2 2 0 2 966 939 1017
1366 2 2 0 2 926 992 1037
1367 2 2 0 2 928 962 1029
1368 2 2 0 2 954 1020 1029
1369 2 2 0 2 962 911 1029
1370 2 2 0 2 1020 928 1029
1371 2 2 0 2 902 1002 1037
1372 2 2 0 2 921 972 1012
1373 2 2 0 2 985 947 1032
1374 2 2 0 2 948 986 1031
1375 2 2 0 2 905 977 1021
1376 2 2 0 2 929 962 1036
1377 2 2 0 2 1024 954 1029
1378 2 2 0 2 911 1024 1029
1379 2 2 0 2 989 949 1027
1380 2 2 0 2 950 990 1028
1381 2 2 0 2 925 982 1038
1382 2 2 0 2 983 924 1039
1383 2 2 0 2 946 1011 1019
1384 2 2 0 2 1011 908 1019
1385 2 2 0 2 976 905 1018
1386 2 2 0 2 984 920 1017
1387 2 2 0 2 961 1002 1035
1388 2 2 0 2 1015 928 1020
1389 2 2 0 2 1003 905 1021
1390 2 2 0 2 980 917 1026
1391 2 2 0 2 986 906 1031
1392 2 2 0 2 907 985 1032
1393 2 2 0 2 906 989 1027
1394 2 2 0 2 990 907 1028
1395 2 2 0 2 902 991 1035
1396 2 2 0 2 991 929 1035
1397 2 2 0 2 992 902 1037
1398 2 2 0 2 902 992 1043
1399 2 2 0 2 936 1003 1021
1400 2 2 0 2 1002 902 1035
1401 2 2 0 2 1005 925 1023
1402 2 2 0 3 1125 1096 1138
1403 2 2 0 3 1066 1079 1147
1404 2 2 0 3 1055 1096 1125
1405 2 2 0 3 1117 133 1143
1406 2 2 0 3 132 1117 1144
1407 2 2 0 3 1099 1059 1101
1408 2 2 0 3 1068 1099 1101
1409 2 2 0 3 133 134 1143
1410 2 2 0 3 131 132 1144
1411 2 2 0 3 161 1113 1148
1412 2 2 0 3 165 1075 1177
1413 2 2 0 3 1076 152 1178
1414 2 2 0 3 1070 1091 1116
1415 2 2 0 3 1091 1053 1116
1416 2 2 0 3 1075 165 1111
1417 2 2 0 3 152 1076 1112
1418 2 2 0 3 137 138 1083
1419 2 2 0 3 127 128 1084
1420 2 2 0 3 1147 1079 1162
1421 2 2 0 3 1090 157 1159
1422 2 2 0 3 157 158 1159
1423 2 2 0 3 135 1079 1143
1424 2 2 0 3 1080 130 1144
1425 2 2 0 3 120 1081 1114
1426 2 2 0 3 1082 145 1115
1427 2 2 0 3 1081 167 1114
1428 2 2 0 3 150 1082 1115
1429 2 2 0 3 1098 1071 1128
1430 2 2 0 3 1054 1098 1128
1431 2 2 0 3 1056 1075 1111
1432 2 2 0 3 1076 1057 1112
1433 2 2 0 3 1113 1074 1148
1434 2 2 0 3 1086 1047 1099
1435 2 2 0 3 1077 1056 1108
1436 2 2 0 3 1057 1078 1107
1437 2 2 0 3 1067 1085 1103
1438 2 2 0 3 1081 1056 1158
1439 2 2 0 3 1057 1082 1157
1440 2 2 0 3 122 1077 1108
1441 2 2 0 3 1078 143 1107
1442 2 2 0 3 1077 122 1186
1443 2 2 0 3 143 1078 1185
1444 2 2 0 3 1075 1056 1131
1445 2 2 0 3 1057 1076 1132
1446 2 2 0 3 1089 1069 1104
1447 2 2 0 3 1056 1077 1131
1448 2 2 0 3 1078 1057 1132
1449 2 2 0 3 17 133 1117
1450 2 2 0 3 132 17 1117
1451 2 2 0 3 1089 1054 1149
1452 2 2 0 3 1069 1089 1149
1453 2 2 0 3 1056 1081 1152
1454 2 2 0 3 1082 1057 1151
1455 2 2 0 3 1079 135 1123
1456 2 2 0 3 130 1080 1122
1457 2 2 0 3 164 165 1177
1458 2 2 0 3 152 153 1178
1459 2 2 0 3 1079 1066 1143
1460 2 2 0 3 167 1081 1158
1461 2 2 0 3 1082 150 1157
1462 2 2 0 3 1079 1064 1162
1463 2 2 0 3 1064 1079 1123
1464 2 2 0 3 148 147 20
1465 2 2 0 3 118 169 13
1466 2 2 0 3 1081 120 1152
1467 2 2 0 3 145 1082 1151
1468 2 2 0 3 1085 1048 1103
1469 2 2 0 3 1048 1089 1104
1470 2 2 0 3 1047 1086 1138
1471 2 2 0 3 1092 141 1185
1472 2 2 0 3 124 1093 1186
1473 2 2 0 3 161 162 1113
1474 2 2 0 3 1065 1122 1166
1475 2 2 0 3 1086 1053 1165
1476 2 2 0 3 137 1083 1110
1477 2 2 0 3 1084 128 1109
1478 2 2 0 3 130 131 1144
1479 2 2 0 3 134 135 1143
1480 2 2 0 3 1122 1080 1166
1481 2 2 0 3 141 142 1185
1482 2 2 0 3 123 124 1186
1483 2 2 0 3 1048 1085 1145
1484 2 2 0 3 1085 1067 1155
1485 2 2 0 3 1149 1054 1161
1486 2 2 0 3 1061 1087 1124
1487 2 2 0 3 1052 1085 1155
1488 2 2 0 3 1051 1088 1129
1489 2 2 0 3 1087 1050 1130
1490 2 2 0 3 1087 1047 1124
1491 2 2 0 3 160 1097 1164
1492 2 2 0 3 1062 1091 1135
1493 2 2 0 3 1083 1149 1161
1494 2 2 0 3 1083 138 1126
1495 2 2 0 3 127 1084 1127
1496 2 2 0 3 1100 156 1139
1497 2 2 0 3 1053 1150 1156
1498 2 2 0 3 1150 1084 1156
1499 2 2 0 3 1088 1048 1170
1500 2 2 0 3 1138 1086 1165
1501 2 2 0 3 155 156 1100
1502 2 2 0 3 1087 1061 1134
1503 2 2 0 3 145 146 1115
1504 2 2 0 3 119 120 1114
1505 2 2 0 3 1054 1089 1154
1506 2 2 0 3 1048 1088 1189
1507 2 2 0 3 1050 1087 1134
1508 2 2 0 3 1088 1051 1133
1509 2 2 0 3 1053 1091 1165
1510 2 2 0 3 159 160 1164
1511 2 2 0 3 1047 1087 1160
1512 2 2 0 3 157 1090 1139
1513 2 2 0 3 1053 1086 1168
1514 2 2 0 3 1085 1052 1167
1515 2 2 0 3 1090 1067 1139
1516 2 2 0 3 1089 1048 1145
1517 2 2 0 3 1067 1090 1155
1518 2 2 0 3 1062 1138 1165
1519 2 2 0 3 154 1095 1178
1520 2 2 0 3 1094 163 1177
1521 2 2 0 3 167 168 1114
1522 2 2 0 3 149 150 1115
1523 2 2 0 3 1074 1096 1169
1524 2 2 0 3 1096 1055 1169
1525 2 2 0 3 1062 1125 1138
1526 2 2 0 3 1056 1111 1158
1527 2 2 0 3 1112 1057 1157
1528 2 2 0 3 1067 1100 1139
1529 2 2 0 3 1091 1062 1165
1530 2 2 0 3 158 159 1159
1531 2 2 0 3 1094 1061 1153
1532 2 2 0 3 122 123 1186
1533 2 2 0 3 142 143 1185
1534 2 2 0 3 1060 1095 1137
1535 2 2 0 3 1104 1069 1188
1536 2 2 0 3 1159 159 1164
1537 2 2 0 3 1135 1091 1183
1538 2 2 0 3 1067 1103 1187
1539 2 2 0 3 153 154 1178
1540 2 2 0 3 163 164 1177
1541 2 2 0 3 1101 125 1182
1542 2 2 0 3 140 1102 1181
1543 2 2 0 3 1108 1056 1152
1544 2 2 0 3 1057 1107 1151
1545 2 2 0 3 125 126 1182
1546 2 2 0 3 139 140 1181
1547 2 2 0 3 1059 1093 1141
1548 2 2 0 3 1092 1058 1142
1549 2 2 0 3 1091 1070 1183
1550 2 2 0 3 1058 1092 1129
1551 2 2 0 3 1093 1059 1130
1552 2 2 0 3 1047 1096 1124
1553 2 2 0 3 1095 154 1137
1554 2 2 0 3 1061 1094 1134
1555 2 2 0 3 1095 1060 1133
1556 2 2 0 3 1096 1074 1171
1557 2 2 0 3 1098 1054 1154
1558 2 2 0 3 1066 1117 1143
1559 2 2 0 3 1117 1066 1144
1560 2 2 0 3 1098 1063 1146
1561 2 2 0 3 1086 1099 1168
1562 2 2 0 3 1096 1047 1138
1563 2 2 0 3 141 1092 1142
1564 2 2 0 3 1093 124 1141
1565 2 2 0 3 129 130 1122
1566 2 2 0 3 135 136 1123
1567 2 2 0 3 1145 1085 1167
1568 2 2 0 3 146 147 1119
1569 2 2 0 3 118 119 1118
1570 2 2 0 3 1163 1106 1180
1571 2 2 0 3 128 129 1109
1572 2 2 0 3 136 137 1110
1573 2 2 0 3 1080 1144 1147
1574 2 2 0 3 1144 1066 1147
1575 2 2 0 3 1106 1055 1125
1576 2 2 0 3 1087 1130 1160
1577 2 2 0 3 1073 1106 1125
1578 2 2 0 3 163 1094 1153
1579 2 2 0 3 138 139 1126
1580 2 2 0 3 126 127 1127
1581 2 2 0 3 1100 1060 1137
1582 2 2 0 3 1097 160 1148
1583 2 2 0 3 168 169 1118
1584 2 2 0 3 148 149 1119
1585 2 2 0 3 1048 1104 1170
1586 2 2 0 3 1099 1047 1160
1587 2 2 0 3 1103 1048 1189
1588 2 2 0 3 1073 1125 1135
1589 2 2 0 3 1125 1062 1135
1590 2 2 0 3 143 144 1107
1591 2 2 0 3 121 122 1108
1592 2 2 0 3 1072 1106 1163
1593 2 2 0 3 165 166 1111
1594 2 2 0 3 151 152 1112
1595 2 2 0 3 1071 1098 1184
1596 2 2 0 3 1071 1120 1128
1597 2 2 0 3 1120 1064 1128
1598 2 2 0 3 1061 1113 1153
1599 2 2 0 3 1129 1088 1170
1600 2 2 0 3 1109 129 1122
1601 2 2 0 3 136 1110 1123
1602 2 2 0 3 1063 1098 1154
1603 2 2 0 3 1070 1116 1121
1604 2 2 0 3 1116 1065 1121
1605 2 2 0 3 1102 140 1142
1606 2 2 0 3 125 1101 1141
1607 2 2 0 3 1054 1128 1161
1608 2 2 0 3 169 118 1118
1609 2 2 0 3 147 148 1119
1610 2 2 0 3 1101 1059 1141
1611 2 2 0 3 1058 1102 1142
1612 2 2 0 3 1130 1059 1160
1613 2 2 0 3 1049 1147 1162
1614 2 2 0 3 1099 1068 1168
1615 2 2 0 3 155 1100 1137
1616 2 2 0 3 144 145 1151
1617 2 2 0 3 120 121 1152
1618 2 2 0 3 1064 1120 1162
1619 2 2 0 3 1046 1135 1183
1620 2 2 0 3 1116 1053 1156
1621 2 2 0 3 140 141 1142
1622 2 2 0 3 124 125 1141
1623 2 2 0 3 166 167 1158
1624 2 2 0 3 150 151 1157
1625 2 2 0 3 1131 1077 1175
1626 2 2 0 3 1078 1132 1176
1627 2 2 0 3 1052 1105 1167
1628 2 2 0 3 1063 1145 1167
1629 2 2 0 3 1071 1136 1140
1630 2 2 0 3 1110 1064 1123
1631 2 2 0 3 1065 1109 1122
1632 2 2 0 3 1088 1133 1189
1633 2 2 0 3 1052 1163 1180
1634 2 2 0 3 154 155 1137
1635 2 2 0 3 156 157 1139
1636 2 2 0 3 1136 1070 1140
1637 2 2 0 3 1150 1053 1168
1638 2 2 0 3 1059 1099 1160
1639 2 2 0 3 162 163 1153
1640 2 2 0 3 1133 1060 1189
1641 2 2 0 3 126 1127 1182
1642 2 2 0 3 1126 139 1181
1643 2 2 0 3 1060 1100 1187
1644 2 2 0 3 1058 1129 1170
1645 2 2 0 3 1050 1131 1175
1646 2 2 0 3 1132 1051 1176
1647 2 2 0 3 160 161 1148
1648 2 2 0 3 1120 1071 1140
1649 2 2 0 3 1063 1105 1146
1650 2 2 0 3 1121 1065 1166
1651 2 2 0 3 1100 1067 1187
1652 2 2 0 3 1124 1096 1171
1653 2 2 0 3 1070 1121 1140
1654 2 2 0 3 1121 1049 1140
1655 2 2 0 3 1113 162 1153
1656 2 2 0 3 1068 1127 1150
1657 2 2 0 3 1126 1069 1149
1658 2 2 0 3 1127 1084 1150
1659 2 2 0 3 1083 1126 1149
1660 2 2 0 3 1103 1060 1187
1661 2 2 0 3 1068 1101 1182
1662 2 2 0 3 1102 1069 1181
1663 2 2 0 3 1102 1058 1188
1664 2 2 0 3 1095 1173 1178
1665 2 2 0 3 1172 1094 1177
1666 2 2 0 3 1058 1104 1188
1667 2 2 0 3 119 1114 1118
1668 2 2 0 3 1115 146 1119
1669 2 2 0 3 1049 1120 1140
1670 2 2 0 3 1098 1146 1184
1671 2 2 0 3 1176 1092 1185
1672 2 2 0 3 1093 1175 1186
1673 2 2 0 3 1114 168 1118
1674 2 2 0 3 149 1115 1119
1675 2 2 0 3 1105 1073 1179
1676 2 2 0 3 1069 1102 1188
1677 2 2 0 3 1060 1103 1189
1678 2 2 0 3 1104 1058 1170
1679 2 2 0 3 1136 1071 1184
1680 2 2 0 3 1173 1076 1178
1681 2 2 0 3 1075 1172 1177
1682 2 2 0 3 1074 1113 1171
1683 2 2 0 3 1113 1061 1171
1684 2 2 0 3 1105 1052 1180
1685 2 2 0 3 1107 144 1151
1686 2 2 0 3 121 1108 1152
1687 2 2 0 3 1073 1105 1180
1688 2 2 0 3 1075 1131 1172
1689 2 2 0 3 1132 1076 1173
1690 2 2 0 3 1131 1050 1172
1691 2 2 0 3 1051 1132 1173
1692 2 2 0 3 1109 1065 1156
1693 2 2 0 3 1084 1109 1156
1694 2 2 0 3 1097 1148 1169
1695 2 2 0 3 1145 1063 1154
1696 2 2 0 3 1089 1145 1154
1697 2 2 0 3 1175 1077 1186
1698 2 2 0 3 1078 1176 1185
1699 2 2 0 3 1105 1063 1167
1700 2 2 0 3 1111 166 1158
1701 2 2 0 3 151 1112 1157
1702 2 2 0 3 1064 1110 1161
1703 2 2 0 3 1090 1159 1163
1704 2 2 0 3 1159 1072 1163
1705 2 2 0 3 1148 1074 1169
1706 2 2 0 3 1110 1083 1161
1707 2 2 0 3 1070 1136 1183
1708 2 2 0 3 1106 1072 1174
1709 2 2 0 3 1164 1097 1174
1710 2 2 0 3 1055 1106 1174
1711 2 2 0 3 1072 1164 1174
1712 2 2 0 3 1065 1116 1156
1713 2 2 0 3 1129 1092 1176
1714 2 2 0 3 1093 1130 1175
1715 2 2 0 3 1049 1121 1166
1716 2 2 0 3 1106 1073 1180
1717 2 2 0 3 1097 1169 1174
1718 2 2 0 3 1169 1055 1174
1719 2 2 0 3 1095 1133 1173
1720 2 2 0 3 1134 1094 1172
1721 2 2 0 3 1069 1126 1181
1722 2 2 0 3 1127 1068 1182
1723 2 2 0 3 1155 1090 1163
1724 2 2 0 3 1052 1155 1163
1725 2 2 0 3 1120 1049 1162
1726 2 2 0 3 1128 1064 1161
1727 2 2 0 3 1146 1105 1179
1728 2 2 0 3 1072 1159 1164
1729 2 2 0 3 1146 1046 1184
1730 2 2 0 3 1147 1049 1166
1731 2 2 0 3 1061 1124 1171
1732 2 2 0 3 1130 1050 1175
1733 2 2 0 3 1051 1129 1176
1734 2 2 0 3 1050 1134 1172
1735 2 2 0 3 1133 1051 1173
1736 2 2 0 3 1135 1046 1179
1737 2 2 0 3 1073 1135 1179
1738 2 2 0 3 1136 1046 1183
1739 2 2 0 3 1046 1136 1184
1740 2 2 0 3 1080 1147 1166
1741 2 2 0 3 1046 1146 1179
1742 2 2 0 3 1068 1150 1168
1743 2 2 0 4 1203 1194 1227
1744 2 2 0 4 1195 1202 1228
1745 2 2 0 4 1216 1198 1217
1746 2 2 0 4 1206 1196 1214
1747 2 2 0 4 1199 1216 1217
1748 2 2 0 4 1207 1193 1215
1749 2 2 0 4 1207 193 1224
1750 2 2 0 4 198 1206 1223
1751 2 2 0 4 1202 182 1225
1752 2 2 0 4 172 1203 1226
1753 2 2 0 4 1193 1206 1214
1754 2 2 0 4 1200 200 1255
1755 2 2 0 4 191 1201 1256
1756 2 2 0 4 200 1200 1219
1757 2 2 0 4 1201 191 1220
1758 2 2 0 4 1197 1207 1215
1759 2 2 0 4 1193 1214 1215
1760 2 2 0 4 1219 1200 1231
1761 2 2 0 4 1201 1220 1232
1762 2 2 0 4 1202 1195 1237
1763 2 2 0 4 1194 1203 1238
1764 2 2 0 4 1196 1219 1231
1765 2 2 0 4 1220 1197 1232
1766 2 2 0 4 1194 1204 1230
1767 2 2 0 4 1205 1195 1229
1768 2 2 0 4 1209 1190 1216
1769 2 2 0 4 1203 1227 1247
1770 2 2 0 4 1228 1202 1248
1771 2 2 0 4 193 194 1224
1772 2 2 0 4 197 198 1223
1773 2 2 0 4 175 176 1211
1774 2 2 0 4 184 25 185
1775 2 2 0 4 170 206 20
1776 2 2 0 4 1206 1193 1223
1777 2 2 0 4 1193 1207 1224
1778 2 2 0 4 1204 1194 1221
1779 2 2 0 4 1195 1205 1222
1780 2 2 0 4 1214 1190 1215
1781 2 2 0 4 174 1204 1221
1782 2 2 0 4 1190 1209 1244
1783 2 2 0 4 1196 1206 1241
1784 2 2 0 4 1207 1197 1240
1785 2 2 0 4 1204 174 1251
1786 2 2 0 4 182 183 1225
1787 2 2 0 4 171 172 1226
1788 2 2 0 4 1203 172 1238
1789 2 2 0 4 182 1202 1237
1790 2 2 0 4 1193 1210 1223
1791 2 2 0 4 1210 1193 1224
1792 2 2 0 4 1206 198 1241
1793 2 2 0 4 193 1207 1240
1794 2 2 0 4 204 1226 1247
1795 2 2 0 4 1225 187 1248
1796 2 2 0 4 1208 1191 1233
1797 2 2 0 4 1197 1209 1232
1798 2 2 0 4 1209 1216 1239
1799 2 2 0 4 178 179 1218
1800 2 2 0 4 1209 1192 1232
1801 2 2 0 4 1191 1208 1231
1802 2 2 0 4 1216 1199 1239
1803 2 2 0 4 200 201 1255
1804 2 2 0 4 190 191 1256
1805 2 2 0 4 1209 1197 1244
1806 2 2 0 4 1192 1209 1239
1807 2 2 0 4 1190 1208 1246
1808 2 2 0 4 202 1212 1255
1809 2 2 0 4 1213 189 1256
1810 2 2 0 4 1208 1190 1242
1811 2 2 0 4 1196 1231 1242
1812 2 2 0 4 1231 1208 1242
1813 2 2 0 4 1226 1203 1247
1814 2 2 0 4 1202 1225 1248
1815 2 2 0 4 189 190 1256
1816 2 2 0 4 201 202 1255
1817 2 2 0 4 178 1218 1243
1818 2 2 0 4 204 205 1226
1819 2 2 0 4 186 187 1225
1820 2 2 0 4 1212 202 1227
1821 2 2 0 4 189 1213 1228
1822 2 2 0 4 1205 1229 1245
1823 2 2 0 4 1211 176 1236
1824 2 2 0 4 1214 1196 1242
1825 2 2 0 4 1229 1192 1245
1826 2 2 0 4 175 1211 1251
1827 2 2 0 4 1195 1222 1237
1828 2 2 0 4 1221 1194 1238
1829 2 2 0 4 183 184 1235
1830 2 2 0 4 170 171 1234
1831 2 2 0 4 1219 1196 1241
1832 2 2 0 4 1197 1220 1240
1833 2 2 0 4 1194 1212 1227
1834 2 2 0 4 1213 1195 1228
1835 2 2 0 4 1211 1198 1233
1836 2 2 0 4 1199 1218 1245
1837 2 2 0 4 1198 1211 1236
1838 2 2 0 4 1217 177 1243
1839 2 2 0 4 1212 1194 1230
1840 2 2 0 4 1195 1213 1229
1841 2 2 0 4 1208 1233 1246
1842 2 2 0 4 177 178 1243
1843 2 2 0 4 1239 1199 1245
1844 2 2 0 4 177 1217 1236
1845 2 2 0 4 176 177 1236
1846 2 2 0 4 1190 1214 1242
1847 2 2 0 4 1230 1204 1250
1848 2 2 0 4 199 200 1219
1849 2 2 0 4 191 192 1220
1850 2 2 0 4 202 203 1227
1851 2 2 0 4 188 189 1228
1852 2 2 0 4 1197 1215 1244
1853 2 2 0 4 180 181 1222
1854 2 2 0 4 173 174 1221
1855 2 2 0 4 1215 1190 1244
1856 2 2 0 4 180 1222 1252
1857 2 2 0 4 1216 1190 1246
1858 2 2 0 4 1222 1205 1252
1859 2 2 0 4 1233 1198 1246
1860 2 2 0 4 205 206 1234
1861 2 2 0 4 185 186 1235
1862 2 2 0 4 174 175 1251
1863 2 2 0 4 1191 1230 1250
1864 2 2 0 4 198 199 1241
1865 2 2 0 4 192 193 1240
1866 2 2 0 4 1213 1256 1258
1867 2 2 0 4 1255 1212 1257
1868 2 2 0 4 1198 1216 1246
1869 2 2 0 4 172 173 1238
1870 2 2 0 4 181 182 1237
1871 2 2 0 4 206 170 1234
1872 2 2 0 4 184 185 1235
1873 2 2 0 4 1217 1198 1236
1874 2 2 0 4 1256 1201 1258
1875 2 2 0 4 1200 1255 1257
1876 2 2 0 4 1225 183 1235
1877 2 2 0 4 171 1226 1234
1878 2 2 0 4 1218 1199 1243
1879 2 2 0 4 195 24 1249
1880 2 2 0 4 24 196 1249
1881 2 2 0 4 186 1225 1235
1882 2 2 0 4 1226 205 1234
1883 2 2 0 4 188 1228 1248
1884 2 2 0 4 1227 203 1247
1885 2 2 0 4 1205 1218 1252
1886 2 2 0 4 1218 179 1252
1887 2 2 0 4 199 1219 1241
1888 2 2 0 4 1220 192 1240
1889 2 2 0 4 1199 1217 1243
1890 2 2 0 4 1229 1213 1258
1891 2 2 0 4 1212 1230 1257
1892 2 2 0 4 1218 1205 1245
1893 2 2 0 4 1211 1250 1251
1894 2 2 0 4 173 1221 1238
1895 2 2 0 4 1222 181 1237
1896 2 2 0 4 203 204 1247
1897 2 2 0 4 187 188 1248
1898 2 2 0 4 179 180 1252
1899 2 2 0 4 196 197 1254
1900 2 2 0 4 194 195 1253
1901 2 2 0 4 1250 1204 1251
1902 2 2 0 4 1231 1200 1257
1903 2 2 0 4 1201 1232 1258
1904 2 2 0 4 1191 1231 1257
1905 2 2 0 4 1232 1192 1258
1906 2 2 0 4 197 1223 1254
1907 2 2 0 4 1224 194 1253
1908 2 2 0 4 1223 1210 1254
1909 2 2 0 4 1210 1224 1253
1910 2 2 0 4 1211 1233 1250
1911 2 2 0 4 1192 1239 1245
1912 2 2 0 4 1233 1191 1250
1913 2 2 0 4 1230 1191 1257
1914 2 2 0 4 1192 1229 1258
1915 2 2 0 4 195 1249 1253
1916 2 2 0 4 1249 196 1254
1917 2 2 0 4 1249 1210 1253
1918 2 2 0 4 1210 1249 1254
1919 2 2 0 5 1309 1338 1351
1920 2 2 0 5 1279 1292 1360
1921 2 2 0 5 1309 1268 1338
1922 2 2 0 5 1308 1284 1341
1923 2 2 0 5 1267 1308 1341
1924 2 2 0 5 1330 222 1356
1925 2 2 0 5 221 1330 1357
1926 2 2 0 5 1271 1312 1315
1927 2 2 0 5 1312 1282 1315
1928 2 2 0 5 222 223 1356
1929 2 2 0 5 220 221 1357
1930 2 2 0 5 1326 245 1361
1931 2 2 0 5 1289 241 1391
1932 2 2 0 5 254 1288 1390
1933 2 2 0 5 241 1289 1325
1934 2 2 0 5 1288 254 1324
1935 2 2 0 5 226 227 1296
1936 2 2 0 5 216 217 1297
1937 2 2 0 5 1360 1292 1375
1938 2 2 0 5 249 1303 1372
1939 2 2 0 5 248 249 1372
1940 2 2 0 5 224 1292 1356
1941 2 2 0 5 1293 219 1357
1942 2 2 0 5 1295 234 1328
1943 2 2 0 5 209 1294 1327
1944 2 2 0 5 1294 256 1327
1945 2 2 0 5 239 1295 1328
1946 2 2 0 5 1269 1288 1324
1947 2 2 0 5 1289 1270 1325
1948 2 2 0 5 1287 1326 1361
1949 2 2 0 5 1261 1299 1312
1950 2 2 0 5 1283 1310 1329
1951 2 2 0 5 1310 1266 1329
1952 2 2 0 5 1290 1269 1321
1953 2 2 0 5 1270 1291 1320
1954 2 2 0 5 1298 1280 1316
1955 2 2 0 5 1294 1269 1370
1956 2 2 0 5 1270 1295 1371
1957 2 2 0 5 211 1290 1321
1958 2 2 0 5 1291 232 1320
1959 2 2 0 5 1290 211 1397
1960 2 2 0 5 232 1291 1398
1961 2 2 0 5 1288 1269 1344
1962 2 2 0 5 1270 1289 1345
1963 2 2 0 5 1281 1302 1317
1964 2 2 0 5 1269 1290 1344
1965 2 2 0 5 1291 1270 1345
1966 2 2 0 5 21 222 1330
1967 2 2 0 5 221 21 1330
1968 2 2 0 5 1266 1302 1363
1969 2 2 0 5 1302 1281 1363
1970 2 2 0 5 1269 1294 1366
1971 2 2 0 5 1295 1270 1365
1972 2 2 0 5 1292 224 1336
1973 2 2 0 5 219 1293 1335
1974 2 2 0 5 241 242 1391
1975 2 2 0 5 253 254 1390
1976 2 2 0 5 1292 1279 1356
1977 2 2 0 5 256 1294 1370
1978 2 2 0 5 1295 239 1371
1979 2 2 0 5 1292 1277 1375
1980 2 2 0 5 1277 1292 1336
1981 2 2 0 5 237 236 26
1982 2 2 0 5 207 258 25
1983 2 2 0 5 1294 209 1366
1984 2 2 0 5 234 1295 1365
1985 2 2 0 5 1260 1298 1316
1986 2 2 0 5 1302 1260 1317
1987 2 2 0 5 1299 1261 1351
1988 2 2 0 5 1304 230 1398
1989 2 2 0 5 213 1305 1397
1990 2 2 0 5 1267 1299 1387
1991 2 2 0 5 244 245 1326
1992 2 2 0 5 1278 1335 1378
1993 2 2 0 5 226 1296 1323
1994 2 2 0 5 1297 217 1322
1995 2 2 0 5 219 220 1357
1996 2 2 0 5 223 224 1356
1997 2 2 0 5 1335 1293 1378
1998 2 2 0 5 230 231 1398
1999 2 2 0 5 212 213 1397
2000 2 2 0 5 1298 1260 1358
2001 2 2 0 5 1280 1298 1368
2002 2 2 0 5 1362 1267 1374
2003 2 2 0 5 1301 1274 1337
2004 2 2 0 5 1298 1265 1368
2005 2 2 0 5 1300 1263 1343
2006 2 2 0 5 1264 1301 1342
2007 2 2 0 5 1261 1301 1337
2008 2 2 0 5 1311 246 1377
2009 2 2 0 5 1296 1362 1374
2010 2 2 0 5 1296 227 1339
2011 2 2 0 5 216 1297 1340
2012 2 2 0 5 250 1313 1352
2013 2 2 0 5 1266 1363 1369
2014 2 2 0 5 1308 1275 1348
2015 2 2 0 5 1363 1297 1369
2016 2 2 0 5 1260 1300 1382
2017 2 2 0 5 250 251 1313
2018 2 2 0 5 1274 1301 1347
2019 2 2 0 5 234 235 1328
2020 2 2 0 5 208 209 1327
2021 2 2 0 5 1300 1260 1402
2022 2 2 0 5 1263 1300 1346
2023 2 2 0 5 1301 1264 1347
2024 2 2 0 5 1302 1266 1364
2025 2 2 0 5 246 247 1377
2026 2 2 0 5 1301 1261 1373
2027 2 2 0 5 1303 249 1352
2028 2 2 0 5 1299 1267 1380
2029 2 2 0 5 1308 1267 1387
2030 2 2 0 5 1265 1298 1379
2031 2 2 0 5 1280 1303 1352
2032 2 2 0 5 1260 1302 1358
2033 2 2 0 5 1303 1280 1368
2034 2 2 0 5 1306 252 1390
2035 2 2 0 5 243 1307 1391
2036 2 2 0 5 256 257 1327
2037 2 2 0 5 238 239 1328
2038 2 2 0 5 1299 1351 1387
2039 2 2 0 5 1309 1287 1381
2040 2 2 0 5 1268 1309 1381
2041 2 2 0 5 1338 1275 1351
2042 2 2 0 5 1269 1324 1370
2043 2 2 0 5 1325 1270 1371
2044 2 2 0 5 1313 1280 1352
2045 2 2 0 5 247 248 1372
2046 2 2 0 5 1351 1275 1387
2047 2 2 0 5 1274 1307 1367
2048 2 2 0 5 211 212 1397
2049 2 2 0 5 231 232 1398
2050 2 2 0 5 1306 1273 1350
2051 2 2 0 5 1281 1317 1401
2052 2 2 0 5 247 1372 1377
2053 2 2 0 5 1316 1280 1399
2054 2 2 0 5 252 253 1390
2055 2 2 0 5 242 243 1391
2056 2 2 0 5 1314 214 1396
2057 2 2 0 5 229 1315 1395
2058 2 2 0 5 1321 1269 1366
2059 2 2 0 5 1270 1320 1365
2060 2 2 0 5 1275 1308 1387
2061 2 2 0 5 214 215 1396
2062 2 2 0 5 228 229 1395
2063 2 2 0 5 1272 1305 1354
2064 2 2 0 5 1304 1271 1355
2065 2 2 0 5 1276 1310 1359
2066 2 2 0 5 1308 1348 1400
2067 2 2 0 5 1266 1310 1364
2068 2 2 0 5 1271 1304 1342
2069 2 2 0 5 1305 1272 1343
2070 2 2 0 5 1309 1261 1337
2071 2 2 0 5 252 1306 1350
2072 2 2 0 5 1273 1306 1346
2073 2 2 0 5 1307 1274 1347
2074 2 2 0 5 1287 1309 1383
2075 2 2 0 5 1279 1330 1356
2076 2 2 0 5 1330 1279 1357
2077 2 2 0 5 1312 1299 1380
2078 2 2 0 5 1261 1309 1351
2079 2 2 0 5 1305 213 1354
2080 2 2 0 5 230 1304 1355
2081 2 2 0 5 224 225 1336
2082 2 2 0 5 218 219 1335
2083 2 2 0 5 1298 1358 1379
2084 2 2 0 5 235 236 1332
2085 2 2 0 5 207 208 1331
2086 2 2 0 5 1319 1376 1393
2087 2 2 0 5 217 218 1322
2088 2 2 0 5 225 226 1323
2089 2 2 0 5 1284 1308 1400
2090 2 2 0 5 1293 1357 1360
2091 2 2 0 5 1357 1279 1360
2092 2 2 0 5 1268 1319 1338
2093 2 2 0 5 1342 1301 1373
2094 2 2 0 5 1319 1286 1338
2095 2 2 0 5 1307 243 1367
2096 2 2 0 5 227 228 1339
2097 2 2 0 5 215 216 1340
2098 2 2 0 5 1273 1313 1350
2099 2 2 0 5 246 1311 1361
2100 2 2 0 5 257 258 1331
2101 2 2 0 5 237 238 1332
2102 2 2 0 5 1317 1260 1382
2103 2 2 0 5 1310 1276 1364
2104 2 2 0 5 1310 1283 1394
2105 2 2 0 5 1261 1312 1373
2106 2 2 0 5 1260 1316 1402
2107 2 2 0 5 1338 1286 1348
2108 2 2 0 5 1275 1338 1348
2109 2 2 0 5 232 233 1320
2110 2 2 0 5 210 211 1321
2111 2 2 0 5 1319 1285 1376
2112 2 2 0 5 254 255 1324
2113 2 2 0 5 240 241 1325
2114 2 2 0 5 1284 1333 1341
2115 2 2 0 5 1333 1277 1341
2116 2 2 0 5 1326 1274 1367
2117 2 2 0 5 1300 1343 1382
2118 2 2 0 5 1322 218 1335
2119 2 2 0 5 225 1323 1336
2120 2 2 0 5 1283 1329 1334
2121 2 2 0 5 1329 1278 1334
2122 2 2 0 5 1315 229 1355
2123 2 2 0 5 214 1314 1354
2124 2 2 0 5 1267 1341 1374
2125 2 2 0 5 258 207 1331
2126 2 2 0 5 236 237 1332
2127 2 2 0 5 1314 1272 1354
2128 2 2 0 5 1271 1315 1355
2129 2 2 0 5 1271 1342 1373
2130 2 2 0 5 1262 1360 1375
2131 2 2 0 5 1282 1312 1380
2132 2 2 0 5 1313 251 1350
2133 2 2 0 5 233 234 1365
2134 2 2 0 5 209 210 1366
2135 2 2 0 5 1277 1333 1375
2136 2 2 0 5 1329 1266 1369
2137 2 2 0 5 229 230 1355
2138 2 2 0 5 213 214 1354
2139 2 2 0 5 255 256 1370
2140 2 2 0 5 239 240 1371
2141 2 2 0 5 1344 1290 1388
2142 2 2 0 5 1291 1345 1389
2143 2 2 0 5 1318 1265 1379
2144 2 2 0 5 1358 1276 1379
2145 2 2 0 5 1284 1349 1353
2146 2 2 0 5 1323 1277 1336
2147 2 2 0 5 1278 1322 1335
2148 2 2 0 5 1346 1300 1402
2149 2 2 0 5 1376 1265 1393
2150 2 2 0 5 251 252 1350
2151 2 2 0 5 249 250 1352
2152 2 2 0 5 1349 1283 1353
2153 2 2 0 5 1267 1362 1380
2154 2 2 0 5 1312 1271 1373
2155 2 2 0 5 243 244 1367
2156 2 2 0 5 1273 1346 1402
2157 2 2 0 5 215 1340 1396
2158 2 2 0 5 1339 228 1395
2159 2 2 0 5 1313 1273 1399
2160 2 2 0 5 1343 1272 1382
2161 2 2 0 5 1348 1259 1400
2162 2 2 0 5 1263 1344 1388
2163 2 2 0 5 1345 1264 1389
2164 2 2 0 5 245 246 1361
2165 2 2 0 5 1333 1284 1353
2166 2 2 0 5 1318 1276 1359
2167 2 2 0 5 1334 1278 1378
2168 2 2 0 5 1280 1313 1399
2169 2 2 0 5 1309 1337 1383
2170 2 2 0 5 1283 1334 1353
2171 2 2 0 5 1334 1262 1353
2172 2 2 0 5 244 1326 1367
2173 2 2 0 5 1359 1310 1394
2174 2 2 0 5 1281 1340 1363
2175 2 2 0 5 1339 1282 1362
2176 2 2 0 5 1340 1297 1363
2177 2 2 0 5 1296 1339 1362
2178 2 2 0 5 1273 1316 1399
2179 2 2 0 5 1281 1314 1396
2180 2 2 0 5 1315 1282 1395
2181 2 2 0 5 1272 1314 1401
2182 2 2 0 5 1307 1385 1391
2183 2 2 0 5 1384 1306 1390
2184 2 2 0 5 1317 1272 1401
2185 2 2 0 5 1328 235 1332
2186 2 2 0 5 208 1327 1331
2187 2 2 0 5 1262 1333 1353
2188 2 2 0 5 1389 1304 1398
2189 2 2 0 5 1305 1388 1397
2190 2 2 0 5 1327 257 1331
2191 2 2 0 5 238 1328 1332
2192 2 2 0 5 1286 1318 1392
2193 2 2 0 5 1276 1358 1364
2194 2 2 0 5 1358 1302 1364
2195 2 2 0 5 1314 1281 1401
2196 2 2 0 5 1316 1273 1402
2197 2 2 0 5 1272 1317 1382
2198 2 2 0 5 1349 1284 1400
2199 2 2 0 5 1385 1289 1391
2200 2 2 0 5 1288 1384 1390
2201 2 2 0 5 1326 1287 1383
2202 2 2 0 5 1274 1326 1383
2203 2 2 0 5 1265 1318 1393
2204 2 2 0 5 1320 233 1365
2205 2 2 0 5 210 1321 1366
2206 2 2 0 5 1318 1286 1393
2207 2 2 0 5 1288 1344 1384
2208 2 2 0 5 1345 1289 1385
2209 2 2 0 5 1344 1263 1384
2210 2 2 0 5 1264 1345 1385
2211 2 2 0 5 1322 1278 1369
2212 2 2 0 5 1297 1322 1369
2213 2 2 0 5 1361 1311 1381
2214 2 2 0 5 1388 1290 1397
2215 2 2 0 5 1291 1389 1398
2216 2 2 0 5 1276 1318 1379
2217 2 2 0 5 1324 255 1370
2218 2 2 0 5 240 1325 1371
2219 2 2 0 5 1277 1323 1374
2220 2 2 0 5 1372 1303 1376
2221 2 2 0 5 1285 1372 1376
2222 2 2 0 5 1287 1361 1381
2223 2 2 0 5 1323 1296 1374
2224 2 2 0 5 1283 1349 1394
2225 2 2 0 5 1285 1319 1386
2226 2 2 0 5 1311 1377 1386
2227 2 2 0 5 1319 1268 1386
2228 2 2 0 5 1377 1285 1386
2229 2 2 0 5 1259 1359 1394
2230 2 2 0 5 1278 1329 1369
2231 2 2 0 5 1342 1304 1389
2232 2 2 0 5 1305 1343 1388
2233 2 2 0 5 1262 1334 1378
2234 2 2 0 5 1286 1319 1393
2235 2 2 0 5 1381 1311 1386
2236 2 2 0 5 1268 1381 1386
2237 2 2 0 5 1346 1306 1384
2238 2 2 0 5 1307 1347 1385
2239 2 2 0 5 1282 1339 1395
2240 2 2 0 5 1340 1281 1396
2241 2 2 0 5 1303 1368 1376
2242 2 2 0 5 1368 1265 1376
2243 2 2 0 5 1333 1262 1375
2244 2 2 0 5 1341 1277 1374
2245 2 2 0 5 1318 1359 1392
2246 2 2 0 5 1372 1285 1377
2247 2 2 0 5 1360 1262 1378
2248 2 2 0 5 1337 1274 1383
2249 2 2 0 5 1343 1263 1388
2250 2 2 0 5 1264 1342 1389
2251 2 2 0 5 1263 1346 1384
2252 2 2 0 5 1347 1264 1385
2253 2 2 0 5 1259 1348 1392
2254 2 2 0 5 1348 1286 1392
2255 2 2 0 5 1349 1259 1394
2256 2 2 0 5 1259 1349 1400
2257 2 2 0 5 1293 1360 1378
2258 2 2 0 5 1359 1259 1392
2259 2 2 0 5 1362 1282 1380
2260 2 2 0 6 1482 1453 1495
2261 2 2 0 6 1423 1436 1504
2262 2 2 0 6 1412 1453 1482
2263 2 2 0 6 1474 274 1500
2264 2 2 0 6 273 1474 1501
2265 2 2 0 6 1456 1416 1458
2266 2 2 0 6 1425 1456 1458
2267 2 2 0 6 274 275 1500
2268 2 2 0 6 272 273 1501
2269 2 2 0 6 302 1470 1505
2270 2 2 0 6 306 1432 1534
2271 2 2 0 6 1433 293 1535
2272 2 2 0 6 1427 1448 1473
2273 2 2 0 6 1448 1410 1473
2274 2 2 0 6 1432 306 1468
2275 2 2 0 6 293 1433 1469
2276 2 2 0 6 278 279 1440
2277 2 2 0 6 268 269 1441
2278 2 2 0 6 1504 1436 1519
2279 2 2 0 6 1447 298 1516
2280 2 2 0 6 298 299 1516
2281 2 2 0 6 276 1436 1500
2282 2 2 0 6 1437 271 1501
2283 2 2 0 6 1439 286 1472
2284 2 2 0 6 261 1438 1471
2285 2 2 0 6 1438 308 1471
2286 2 2 0 6 291 1439 1472
2287 2 2 0 6 1455 1428 1485
2288 2 2 0 6 1411 1455 1485
2289 2 2 0 6 1413 1432 1468
2290 2 2 0 6 1433 1414 1469
2291 2 2 0 6 1470 1431 1505
2292 2 2 0 6 1443 1404 1456
2293 2 2 0 6 1434 1413 1465
2294 2 2 0 6 1414 1435 1464
2295 2 2 0 6 1424 1442 1460
2296 2 2 0 6 1438 1413 1515
2297 2 2 0 6 1414 1439 1514
2298 2 2 0 6 263 1434 1465
2299 2 2 0 6 1435 284 1464
2300 2 2 0 6 1434 263 1543
2301 2 2 0 6 284 1435 1542
2302 2 2 0 6 1432 1413 1488
2303 2 2 0 6 1414 1433 1489
2304 2 2 0 6 1446 1426 1461
2305 2 2 0 6 1413 1434 1488
2306 2 2 0 6 1435 1414 1489
2307 2 2 0 6 22 274 1474
2308 2 2 0 6 273 22 1474
2309 2 2 0 6 1446 1411 1506
2310 2 2 0 6 1426 1446 1506
2311 2 2 0 6 1413 1438 1509
2312 2 2 0 6 1439 1414 1508
2313 2 2 0 6 1436 276 1480
2314 2 2 0 6 271 1437 1479
2315 2 2 0 6 305 306 1534
2316 2 2 0 6 293 294 1535
2317 2 2 0 6 1436 1423 1500
2318 2 2 0 6 308 1438 1515
2319 2 2 0 6 1439 291 1514
2320 2 2 0 6 1436 1421 1519
2321 2 2 0 6 1421 1436 1480
2322 2 2 0 6 289 288 27
2323 2 2 0 6 259 310 26
2324 2 2 0 6 1438 261 1509
2325 2 2 0 6 286 1439 1508
2326 2 2 0 6 1442 1405 1460
2327 2 2 0 6 1405 1446 1461
2328 2 2 0 6 1404 1443 1495
2329 2 2 0 6 1449 282 1542
2330 2 2 0 6 265 1450 1543
2331 2 2 0 6 302 303 1470
2332 2 2 0 6 1422 1479 1523
2333 2 2 0 6 1443 1410 1522
2334 2 2 0 6 278 1440 1467
2335 2 2 0 6 1441 269 1466
2336 2 2 0 6 271 272 1501
2337 2 2 0 6 275 276 1500
2338 2 2 0 6 1479 1437 1523
2339 2 2 0 6 282 283 1542
2340 2 2 0 6 264 265 1543
2341 2 2 0 6 1405 1442 1502
2342 2 2 0 6 1442 1424 1512
2343 2 2 0 6 1506 1411 1518
2344 2 2 0 6 1418 1444 1481
2345 2 2 0 6 1409 1442 1512
2346 2 2 0 6 1408 1445 1486
2347 2 2 0 6 1444 1407 1487
2348 2 2 0 6 1444 1404 1481
2349 2 2 0 6 301 1454 1521
2350 2 2 0 6 1419 1448 1492
2351 2 2 0 6 1440 1506 1518
2352 2 2 0 6 1440 279 1483
2353 2 2 0 6 268 1441 1484
2354 2 2 0 6 1457 297 1496
2355 2 2 0 6 1410 1507 1513
2356 2 2 0 6 1507 1441 1513
2357 2 2 0 6 1445 1405 1527
2358 2 2 0 6 1495 1443 1522
2359 2 2 0 6 296 297 1457
2360 2 2 0 6 1444 1418 1491
2361 2 2 0 6 286 287 1472
2362 2 2 0 6 260 261 1471
2363 2 2 0 6 1411 1446 1511
2364 2 2 0 6 1405 1445 1546
2365 2 2 0 6 1407 1444 1491
2366 2 2 0 6 1445 1408 1490
2367 2 2 0 6 1410 1448 1522
2368 2 2 0 6 300 301 1521
2369 2 2 0 6 1404 1444 1517
2370 2 2 0 6 298 1447 1496
2371 2 2 0 6 1410 1443 1525
2372 2 2 0 6 1442 1409 1524
2373 2 2 0 6 1447 1424 1496
2374 2 2 0 6 1446 1405 1502
2375 2 2 0 6 1424 1447 1512
2376 2 2 0 6 1419 1495 1522
2377 2 2 0 6 295 1452 1535
2378 2 2 0 6 1451 304 1534
2379 2 2 0 6 308 309 1471
2380 2 2 0 6 290 291 1472
2381 2 2 0 6 1431 1453 1526
2382 2 2 0 6 1453 1412 1526
2383 2 2 0 6 1419 1482 1495
2384 2 2 0 6 1413 1468 1515
2385 2 2 0 6 1469 1414 1514
2386 2 2 0 6 1424 1457 1496
2387 2 2 0 6 1448 1419 1522
2388 2 2 0 6 299 300 1516
2389 2 2 0 6 1451 1418 1510
2390 2 2 0 6 263 264 1543
2391 2 2 0 6 283 284 1542
2392 2 2 0 6 1417 1452 1494
2393 2 2 0 6 1461 1426 1545
2394 2 2 0 6 1516 300 1521
2395 2 2 0 6 1492 1448 1540
2396 2 2 0 6 1424 1460 1544
2397 2 2 0 6 294 295 1535
2398 2 2 0 6 304 305 1534
2399 2 2 0 6 1458 266 1539
2400 2 2 0 6 281 1459 1538
2401 2 2 0 6 1465 1413 1509
2402 2 2 0 6 1414 1464 1508
2403 2 2 0 6 266 267 1539
2404 2 2 0 6 280 281 1538
2405 2 2 0 6 1416 1450 1498
2406 2 2 0 6 1449 1415 1499
2407 2 2 0 6 1448 1427 1540
2408 2 2 0 6 1415 1449 1486
2409 2 2 0 6 1450 1416 1487
2410 2 2 0 6 1404 1453 1481
2411 2 2 0 6 1452 295 1494
2412 2 2 0 6 1418 1451 1491
2413 2 2 0 6 1452 1417 1490
2414 2 2 0 6 1453 1431 1528
2415 2 2 0 6 1455 1411 1511
2416 2 2 0 6 1423 1474 1500
2417 2 2 0 6 1474 1423 1501
2418 2 2 0 6 1455 1420 1503
2419 2 2 0 6 1443 1456 1525
2420 2 2 0 6 1453 1404 1495
2421 2 2 0 6 282 1449 1499
2422 2 2 0 6 1450 265 1498
2423 2 2 0 6 270 271 1479
2424 2 2 0 6 276 277 1480
2425 2 2 0 6 1502 1442 1524
2426 2 2 0 6 287 288 1476
2427 2 2 0 6 259 260 1475
2428 2 2 0 6 1520 1463 1537
2429 2 2 0 6 269 270 1466
2430 2 2 0 6 277 278 1467
2431 2 2 0 6 1437 1501 1504
2432 2 2 0 6 1501 1423 1504
2433 2 2 0 6 1463 1412 1482
2434 2 2 0 6 1444 1487 1517
2435 2 2 0 6 1430 1463 1482
2436 2 2 0 6 304 1451 1510
2437 2 2 0 6 279 280 1483
2438 2 2 0 6 267 268 1484
2439 2 2 0 6 1457 1417 1494
2440 2 2 0 6 1454 301 1505
2441 2 2 0 6 309 310 1475
2442 2 2 0 6 289 290 1476
2443 2 2 0 6 1405 1461 1527
2444 2 2 0 6 1456 1404 1517
2445 2 2 0 6 1460 1405 1546
2446 2 2 0 6 1430 1482 1492
2447 2 2 0 6 1482 1419 1492
2448 2 2 0 6 284 285 1464
2449 2 2 0 6 262 263 1465
2450 2 2 0 6 1429 1463 1520
2451 2 2 0 6 306 307 1468
2452 2 2 0 6 292 293 1469
2453 2 2 0 6 1428 1455 1541
2454 2 2 0 6 1428 1477 1485
2455 2 2 0 6 1477 1421 1485
2456 2 2 0 6 1418 1470 1510
2457 2 2 0 6 1486 1445 1527
2458 2 2 0 6 1466 270 1479
2459 2 2 0 6 277 1467 1480
2460 2 2 0 6 1420 1455 1511
2461 2 2 0 6 1427 1473 1478
2462 2 2 0 6 1473 1422 1478
2463 2 2 0 6 1459 281 1499
2464 2 2 0 6 266 1458 1498
2465 2 2 0 6 1411 1485 1518
2466 2 2 0 6 310 259 1475
2467 2 2 0 6 288 289 1476
2468 2 2 0 6 1458 1416 1498
2469 2 2 0 6 1415 1459 1499
2470 2 2 0 6 1487 1416 1517
2471 2 2 0 6 1406 1504 1519
2472 2 2 0 6 1456 1425 1525
2473 2 2 0 6 296 1457 1494
2474 2 2 0 6 285 286 1508
2475 2 2 0 6 261 262 1509
2476 2 2 0 6 1421 1477 1519
2477 2 2 0 6 1403 1492 1540
2478 2 2 0 6 1473 1410 1513
2479 2 2 0 6 281 282 1499
2480 2 2 0 6 265 266 1498
2481 2 2 0 6 307 308 1515
2482 2 2 0 6 291 292 1514
2483 2 2 0 6 1488 1434 1532
2484 2 2 0 6 1435 1489 1533
2485 2 2 0 6 1409 1462 1524
2486 2 2 0 6 1420 1502 1524
2487 2 2 0 6 1428 1493 1497
2488 2 2 0 6 1467 1421 1480
2489 2 2 0 6 1422 1466 1479
2490 2 2 0 6 1445 1490 1546
2491 2 2 0 6 1409 1520 1537
2492 2 2 0 6 295 296 1494
2493 2 2 0 6 297 298 1496
2494 2 2 0 6 1493 1427 1497
2495 2 2 0 6 1507 1410 1525
2496 2 2 0 6 1416 1456 1517
2497 2 2 0 6 303 304 1510
2498 2 2 0 6 1490 1417 1546
2499 2 2 0 6 267 1484 1539
2500 2 2 0 6 1483 280 1538
2501 2 2 0 6 1417 1457 1544
2502 2 2 0 6 1415 1486 1527
2503 2 2 0 6 1407 1488 1532
2504 2 2 0 6 1489 1408 1533
2505 2 2 0 6 301 302 1505
2506 2 2 0 6 1477 1428 1497
2507 2 2 0 6 1420 1462 1503
2508 2 2 0 6 1478 1422 1523
2509 2 2 0 6 1457 1424 1544
2510 2 2 0 6 1481 1453 1528
2511 2 2 0 6 1427 1478 1497
2512 2 2 0 6 1478 1406 1497
2513 2 2 0 6 1470 303 1510
2514 2 2 0 6 1425 1484 1507
2515 2 2 0 6 1483 1426 1506
2516 2 2 0 6 1484 1441 1507
2517 2 2 0 6 1440 1483 1506
2518 2 2 0 6 1460 1417 1544
2519 2 2 0 6 1425 1458 1539
2520 2 2 0 6 1459 1426 1538
2521 2 2 0 6 1459 1415 1545
2522 2 2 0 6 1452 1530 1535
2523 2 2 0 6 1529 1451 1534
2524 2 2 0 6 1415 1461 1545
2525 2 2 0 6 1472 287 1476
2526 2 2 0 6 260 1471 1475
2527 2 2 0 6 1406 1477 1497
2528 2 2 0 6 1455 1503 1541
2529 2 2 0 6 1533 1449 1542
2530 2 2 0 6 1450 1532 1543
2531 2 2 0 6 1471 309 1475
2532 2 2 0 6 290 1472 1476
2533 2 2 0 6 1462 1430 1536
2534 2 2 0 6 1426 1459 1545
2535 2 2 0 6 1417 1460 1546
2536 2 2 0 6 1461 1415 1527
2537 2 2 0 6 1493 1428 1541
2538 2 2 0 6 1530 1433 1535
2539 2 2 0 6 1432 1529 1534
2540 2 2 0 6 1431 1470 1528
2541 2 2 0 6 1470 1418 1528
2542 2 2 0 6 1462 1409 1537
2543 2 2 0 6 1464 285 1508
2544 2 2 0 6 262 1465 1509
2545 2 2 0 6 1430 1462 1537
2546 2 2 0 6 1432 1488 1529
2547 2 2 0 6 1489 1433 1530
2548 2 2 0 6 1488 1407 1529
2549 2 2 0 6 1408 1489 1530
2550 2 2 0 6 1466 1422 1513
2551 2 2 0 6 1441 1466 1513
2552 2 2 0 6 1454 1505 1526
2553 2 2 0 6 1502 1420 1511
2554 2 2 0 6 1446 1502 1511
2555 2 2 0 6 1532 1434 1543
2556 2 2 0 6 1435 1533 1542
2557 2 2 0 6 1462 1420 1524
2558 2 2 0 6 1468 307 1515
2559 2 2 0 6 292 1469 1514
2560 2 2 0 6 1421 1467 1518
2561 2 2 0 6 1447 1516 1520
2562 2 2 0 6 1516 1429 1520
2563 2 2 0 6 1505 1431 1526
2564 2 2 0 6 1467 1440 1518
2565 2 2 0 6 1427 1493 1540
2566 2 2 0 6 1463 1429 1531
2567 2 2 0 6 1521 1454 1531
2568 2 2 0 6 1412 1463 1531
2569 2 2 0 6 1429 1521 1531
2570 2 2 0 6 1422 1473 1513
2571 2 2 0 6 1486 1449 1533
2572 2 2 0 6 1450 1487 1532
2573 2 2 0 6 1406 1478 1523
2574 2 2 0 6 1463 1430 1537
2575 2 2 0 6 1454 1526 1531
2576 2 2 0 6 1526 1412 1531
2577 2 2 0 6 1452 1490 1530
2578 2 2 0 6 1491 1451 1529
2579 2 2 0 6 1426 1483 1538
2580 2 2 0 6 1484 1425 1539
2581 2 2 0 6 1512 1447 1520
2582 2 2 0 6 1409 1512 1520
2583 2 2 0 6 1477 1406 1519
2584 2 2 0 6 1485 1421 1518
2585 2 2 0 6 1503 1462 1536
2586 2 2 0 6 1429 1516 1521
2587 2 2 0 6 1503 1403 1541
2588 2 2 0 6 1504 1406 1523
2589 2 2 0 6 1418 1481 1528
2590 2 2 0 6 1487 1407 1532
2591 2 2 0 6 1408 1486 1533
2592 2 2 0 6 1407 1491 1529
2593 2 2 0 6 1490 1408 1530
2594 2 2 0 6 1492 1403 1536
2595 2 2 0 6 1430 1492 1536
2596 2 2 0 6 1493 1403 1540
2597 2 2 0 6 1403 1493 1541
2598 2 2 0 6 1437 1504 1523
2599 2 2 0 6 1403 1503 1536
2600 2 2 0 6 1425 1507 1525
2601 2 2 0 7 1560 1552 1585
2602 2 2 0 7 1551 1559 1584
2603 2 2 0 7 1573 1555 1574
2604 2 2 0 7 1554 1564 1571
2605 2 2 0 7 1556 1573 1574
2606 2 2 0 7 1550 1563 1572
2607 2 2 0 7 1564 334 1581
2608 2 2 0 7 339 1563 1580
2609 2 2 0 7 1559 323 1582
2610 2 2 0 7 313 1560 1583
2611 2 2 0 7 1564 1550 1571
2612 2 2 0 7 1557 341 1612
2613 2 2 0 7 332 1558 1613
2614 2 2 0 7 341 1557 1577
2615 2 2 0 7 1558 332 1576
2616 2 2 0 7 1563 1553 1572
2617 2 2 0 7 1571 1550 1572
2618 2 2 0 7 1577 1557 1589
2619 2 2 0 7 1558 1576 1588
2620 2 2 0 7 1559 1551 1594
2621 2 2 0 7 1552 1560 1595
2622 2 2 0 7 1553 1577 1589
2623 2 2 0 7 1576 1554 1588
2624 2 2 0 7 1562 1551 1586
2625 2 2 0 7 1552 1561 1587
2626 2 2 0 7 1565 1547 1573
2627 2 2 0 7 1560 1585 1604
2628 2 2 0 7 1584 1559 1605
2629 2 2 0 7 334 335 1581
2630 2 2 0 7 338 339 1580
2631 2 2 0 7 316 317 1568
2632 2 2 0 7 325 23 326
2633 2 2 0 7 311 347 27
2634 2 2 0 7 1563 1550 1580
2635 2 2 0 7 1550 1564 1581
2636 2 2 0 7 1561 1552 1578
2637 2 2 0 7 1551 1562 1579
2638 2 2 0 7 1547 1571 1572
2639 2 2 0 7 315 1561 1578
2640 2 2 0 7 1553 1563 1598
2641 2 2 0 7 1564 1554 1597
2642 2 2 0 7 1561 315 1608
2643 2 2 0 7 323 324 1582
2644 2 2 0 7 312 313 1583
2645 2 2 0 7 323 1559 1594
2646 2 2 0 7 1560 313 1595
2647 2 2 0 7 1550 1567 1580
2648 2 2 0 7 1567 1550 1581
2649 2 2 0 7 1563 339 1598
2650 2 2 0 7 334 1564 1597
2651 2 2 0 7 345 1583 1604
2652 2 2 0 7 1582 328 1605
2653 2 2 0 7 1566 1549 1590
2654 2 2 0 7 1566 1553 1589
2655 2 2 0 7 1565 1573 1596
2656 2 2 0 7 319 320 1575
2657 2 2 0 7 1565 1548 1588
2658 2 2 0 7 1549 1566 1589
2659 2 2 0 7 1573 1556 1596
2660 2 2 0 7 341 342 1612
2661 2 2 0 7 331 332 1613
2662 2 2 0 7 1553 1566 1601
2663 2 2 0 7 1548 1565 1596
2664 2 2 0 7 343 1569 1612
2665 2 2 0 7 1570 330 1613
2666 2 2 0 7 1547 1565 1599
2667 2 2 0 7 1588 1554 1599
2668 2 2 0 7 1565 1588 1599
2669 2 2 0 7 1583 1560 1604
2670 2 2 0 7 1559 1582 1605
2671 2 2 0 7 330 331 1613
2672 2 2 0 7 342 343 1612
2673 2 2 0 7 319 1575 1600
2674 2 2 0 7 345 346 1583
2675 2 2 0 7 327 328 1582
2676 2 2 0 7 1569 343 1585
2677 2 2 0 7 330 1570 1584
2678 2 2 0 7 1562 1586 1602
2679 2 2 0 7 1568 317 1593
2680 2 2 0 7 1554 1571 1599
2681 2 2 0 7 1586 1548 1602
2682 2 2 0 7 316 1568 1608
2683 2 2 0 7 1551 1579 1594
2684 2 2 0 7 1578 1552 1595
2685 2 2 0 7 324 325 1592
2686 2 2 0 7 311 312 1591
2687 2 2 0 7 1577 1553 1598
2688 2 2 0 7 1554 1576 1597
2689 2 2 0 7 1547 1601 1603
2690 2 2 0 7 1552 1569 1585
2691 2 2 0 7 1570 1551 1584
2692 2 2 0 7 1568 1555 1590
2693 2 2 0 7 1556 1575 1602
2694 2 2 0 7 1555 1568 1593
2695 2 2 0 7 1574 318 1600
2696 2 2 0 7 1569 1552 1587
2697 2 2 0 7 1551 1570 1586
2698 2 2 0 7 1566 1590 1603
2699 2 2 0 7 318 319 1600
2700 2 2 0 7 1596 1556 1602
2701 2 2 0 7 318 1574 1593
2702 2 2 0 7 317 318 1593
2703 2 2 0 7 1571 1547 1599
2704 2 2 0 7 1587 1561 1607
2705 2 2 0 7 332 333 1576
2706 2 2 0 7 340 341 1577
2707 2 2 0 7 1601 1566 1603
2708 2 2 0 7 329 330 1584
2709 2 2 0 7 343 344 1585
2710 2 2 0 7 1572 1553 1601
2711 2 2 0 7 321 322 1579
2712 2 2 0 7 314 315 1578
2713 2 2 0 7 1547 1572 1601
2714 2 2 0 7 321 1579 1609
2715 2 2 0 7 1573 1547 1603
2716 2 2 0 7 1579 1562 1609
2717 2 2 0 7 1590 1555 1603
2718 2 2 0 7 346 347 1591
2719 2 2 0 7 326 327 1592
2720 2 2 0 7 315 316 1608
2721 2 2 0 7 1549 1587 1607
2722 2 2 0 7 333 334 1597
2723 2 2 0 7 339 340 1598
2724 2 2 0 7 1570 1613 1615
2725 2 2 0 7 1612 1569 1614
2726 2 2 0 7 1555 1573 1603
2727 2 2 0 7 313 314 1595
2728 2 2 0 7 322 323 1594
2729 2 2 0 7 347 311 1591
2730 2 2 0 7 325 326 1592
2731 2 2 0 7 1574 1555 1593
2732 2 2 0 7 1613 1558 1615
2733 2 2 0 7 1557 1612 1614
2734 2 2 0 7 1582 324 1592
2735 2 2 0 7 312 1583 1591
2736 2 2 0 7 1575 1556 1600
2737 2 2 0 7 336 28 1606
2738 2 2 0 7 28 337 1606
2739 2 2 0 7 327 1582 1592
2740 2 2 0 7 1583 346 1591
2741 2 2 0 7 329 1584 1605
2742 2 2 0 7 1585 344 1604
2743 2 2 0 7 1562 1575 1609
2744 2 2 0 7 1575 320 1609
2745 2 2 0 7 1576 333 1597
2746 2 2 0 7 340 1577 1598
2747 2 2 0 7 1556 1574 1600
2748 2 2 0 7 1586 1570 1615
2749 2 2 0 7 1569 1587 1614
2750 2 2 0 7 1575 1562 1602
2751 2 2 0 7 1568 1607 1608
2752 2 2 0 7 1579 322 1594
2753 2 2 0 7 314 1578 1595
2754 2 2 0 7 328 329 1605
2755 2 2 0 7 344 345 1604
2756 2 2 0 7 320 321 1609
2757 2 2 0 7 335 336 1610
2758 2 2 0 7 337 338 1611
2759 2 2 0 7 1607 1561 1608
2760 2 2 0 7 1589 1557 1614
2761 2 2 0 7 1558 1588 1615
2762 2 2 0 7 1549 1589 1614
2763 2 2 0 7 1588 1548 1615
2764 2 2 0 7 338 1580 1611
2765 2 2 0 7 1581 335 1610
2766 2 2 0 7 1580 1567 1611
2767 2 2 0 7 1567 1581 1610
2768 2 2 0 7 1568 1590 1607
2769 2 2 0 7 1548 1596 1602
2770 2 2 0 7 1590 1549 1607
2771 2 2 0 7 1587 1549 1614
2772 2 2 0 7 1548 1586 1615
2773 2 2 0 7 336 1606 1610
2774 2 2 0 7 1606 337 1611
2775 2 2 0 7 1606 1567 1610
2776 2 2 0 7 1567 1606 1611
2777 2 2 0 8 1695 1666 1708
2778 2 2 0 8 1636 1649 1717
2779 2 2 0 8 1625 1666 1695
2780 2 2 0 8 1687 363 1713
2781 2 2 0 8 362 1687 1714
2782 2 2 0 8 1669 1629 1671
2783 2 2 0 8 1638 1669 1671
2784 2 2 0 8 363 364 1713
2785 2 2 0 8 361 362 1714
2786 2 2 0 8 391 1683 1718
2787 2 2 0 8 395 1645 1747
2788 2 2 0 8 1646 382 1748
2789 2 2 0 8 1640 1661 1686
2790 2 2 0 8 1661 1623 1686
2791 2 2 0 8 1645 395 1681
2792 2 2 0 8 382 1646 1682
2793 2 2 0 8 367 368 1653
2794 2 2 0 8 357 358 1654
2795 2 2 0 8 1717 1649 1732
2796 2 2 0 8 1660 387 1729
2797 2 2 0 8 387 388 1729
2798 2 2 0 8 365 1649 1713
2799 2 2 0 8 1650 360 1714
2800 2 2 0 8 1652 375 1685
2801 2 2 0 8 350 1651 1684
2802 2 2 0 8 1651 397 1684
2803 2 2 0 8 380 1652 1685
2804 2 2 0 8 1668 1641 1698
2805 2 2 0 8 1624 1668 1698
2806 2 2 0 8 1626 1645 1681
2807 2 2 0 8 1646 1627 1682
2808 2 2 0 8 1683 1644 1718
2809 2 2 0 8 1656 1617 1669
2810 2 2 0 8 1647 1626 1678
2811 2 2 0 8 1627 1648 1677
2812 2 2 0 8 1637 1655 1673
2813 2 2 0 8 1651 1626 1728
2814 2 2 0 8 1627 1652 1727
2815 2 2 0 8 352 1647 1678
2816 2 2 0 8 1648 373 1677
2817 2 2 0 8 1647 352 1756
2818 2 2 0 8 373 1648 1755
2819 2 2 0 8 1645 1626 1701
2820 2 2 0 8 1627 1646 1702
2821 2 2 0 8 1659 1639 1674
2822 2 2 0 8 1626 1647 1701
2823 2 2 0 8 1648 1627 1702
2824 2 2 0 8 19 363 1687
2825 2 2 0 8 362 19 1687
2826 2 2 0 8 1659 1624 1719
2827 2 2 0 8 1639 1659 1719
2828 2 2 0 8 1626 1651 1722
2829 2 2 0 8 1652 1627 1721
2830 2 2 0 8 1649 365 1693
2831 2 2 0 8 360 1650 1692
2832 2 2 0 8 394 395 1747
2833 2 2 0 8 382 383 1748
2834 2 2 0 8 1649 1636 1713
2835 2 2 0 8 397 1651 1728
2836 2 2 0 8 1652 380 1727
2837 2 2 0 8 1649 1634 1732
2838 2 2 0 8 1634 1649 1693
2839 2 2 0 8 378 377 16
2840 2 2 0 8 348 399 23
2841 2 2 0 8 1651 350 1722
2842 2 2 0 8 375 1652 1721
2843 2 2 0 8 1655 1618 1673
2844 2 2 0 8 1618 1659 1674
2845 2 2 0 8 1617 1656 1708
2846 2 2 0 8 1662 371 1755
2847 2 2 0 8 354 1663 1756
2848 2 2 0 8 391 392 1683
2849 2 2 0 8 1635 1692 1736
2850 2 2 0 8 1656 1623 1735
2851 2 2 0 8 367 1653 1680
2852 2 2 0 8 1654 358 1679
2853 2 2 0 8 360 361 1714
2854 2 2 0 8 364 365 1713
2855 2 2 0 8 1692 1650 1736
2856 2 2 0 8 371 372 1755
2857 2 2 0 8 353 354 1756
2858 2 2 0 8 1618 1655 1715
2859 2 2 0 8 1655 1637 1725
2860 2 2 0 8 1719 1624 1731
2861 2 2 0 8 1631 1657 1694
2862 2 2 0 8 1622 1655 1725
2863 2 2 0 8 1621 1658 1699
2864 2 2 0 8 1657 1620 1700
2865 2 2 0 8 1657 1617 1694
2866 2 2 0 8 390 1667 1734
2867 2 2 0 8 1632 1661 1705
2868 2 2 0 8 1653 1719 1731
2869 2 2 0 8 1653 368 1696
2870 2 2 0 8 357 1654 1697
2871 2 2 0 8 1670 386 1709
2872 2 2 0 8 1623 1720 1726
2873 2 2 0 8 1720 1654 1726
2874 2 2 0 8 1658 1618 1740
2875 2 2 0 8 1708 1656 1735
2876 2 2 0 8 385 386 1670
2877 2 2 0 8 1657 1631 1704
2878 2 2 0 8 375 376 1685
2879 2 2 0 8 349 350 1684
2880 2 2 0 8 1624 1659 1724
2881 2 2 0 8 1618 1658 1759
2882 2 2 0 8 1620 1657 1704
2883 2 2 0 8 1658 1621 1703
2884 2 2 0 8 1623 1661 1735
2885 2 2 0 8 389 390 1734
2886 2 2 0 8 1617 1657 1730
2887 2 2 0 8 387 1660 1709
2888 2 2 0 8 1623 1656 1738
2889 2 2 0 8 1655 1622 1737
2890 2 2 0 8 1660 1637 1709
2891 2 2 0 8 1659 1618 1715
2892 2 2 0 8 1637 1660 1725
2893 2 2 0 8 1632 1708 1735
2894 2 2 0 8 384 1665 1748
2895 2 2 0 8 1664 393 1747
2896 2 2 0 8 397 398 1684
2897 2 2 0 8 379 380 1685
2898 2 2 0 8 1644 1666 1739
2899 2 2 0 8 1666 1625 1739
2900 2 2 0 8 1632 1695 1708
2901 2 2 0 8 1626 1681 1728
2902 2 2 0 8 1682 1627 1727
2903 2 2 0 8 1637 1670 1709
2904 2 2 0 8 1661 1632 1735
2905 2 2 0 8 388 389 1729
2906 2 2 0 8 1664 1631 1723
2907 2 2 0 8 352 353 1756
2908 2 2 0 8 372 373 1755
2909 2 2 0 8 1630 1665 1707
2910 2 2 0 8 1674 1639 1758
2911 2 2 0 8 1729 389 1734
2912 2 2 0 8 1705 1661 1753
2913 2 2 0 8 1637 1673 1757
2914 2 2 0 8 383 384 1748
2915 2 2 0 8 393 394 1747
2916 2 2 0 8 1671 355 1752
2917 2 2 0 8 370 1672 1751
2918 2 2 0 8 1678 1626 1722
2919 2 2 0 8 1627 1677 1721
2920 2 2 0 8 355 356 1752
2921 2 2 0 8 369 370 1751
2922 2 2 0 8 1629 1663 1711
2923 2 2 0 8 1662 1628 1712
2924 2 2 0 8 1661 1640 1753
2925 2 2 0 8 1628 1662 1699
2926 2 2 0 8 1663 1629 1700
2927 2 2 0 8 1617 1666 1694
2928 2 2 0 8 1665 384 1707
2929 2 2 0 8 1631 1664 1704
2930 2 2 0 8 1665 1630 1703
2931 2 2 0 8 1666 1644 1741
2932 2 2 0 8 1668 1624 1724
2933 2 2 0 8 1636 1687 1713
2934 2 2 0 8 1687 1636 1714
2935 2 2 0 8 1668 1633 1716
2936 2 2 0 8 1656 1669 1738
2937 2 2 0 8 1666 1617 1708
2938 2 2 0 8 371 1662 1712
2939 2 2 0 8 1663 354 1711
2940 2 2 0 8 359 360 1692
2941 2 2 0 8 365 366 1693
2942 2 2 0 8 1715 1655 1737
2943 2 2 0 8 376 377 1689
2944 2 2 0 8 348 349 1688
2945 2 2 0 8 1733 1676 1750
2946 2 2 0 8 358 359 1679
2947 2 2 0 8 366 367 1680
2948 2 2 0 8 1650 1714 1717
2949 2 2 0 8 1714 1636 1717
2950 2 2 0 8 1676 1625 1695
2951 2 2 0 8 1657 1700 1730
2952 2 2 0 8 1643 1676 1695
2953 2 2 0 8 393 1664 1723
2954 2 2 0 8 368 369 1696
2955 2 2 0 8 356 357 1697
2956 2 2 0 8 1670 1630 1707
2957 2 2 0 8 1667 390 1718
2958 2 2 0 8 398 399 1688
2959 2 2 0 8 378 379 1689
2960 2 2 0 8 1618 1674 1740
2961 2 2 0 8 1669 1617 1730
2962 2 2 0 8 1673 1618 1759
2963 2 2 0 8 1643 1695 1705
2964 2 2 0 8 1695 1632 1705
2965 2 2 0 8 373 374 1677
2966 2 2 0 8 351 352 1678
2967 2 2 0 8 1642 1676 1733
2968 2 2 0 8 395 396 1681
2969 2 2 0 8 381 382 1682
2970 2 2 0 8 1641 1668 1754
2971 2 2 0 8 1641 1690 1698
2972 2 2 0 8 1690 1634 1698
2973 2 2 0 8 1631 1683 1723
2974 2 2 0 8 1699 1658 1740
2975 2 2 0 8 1679 359 1692
2976 2 2 0 8 366 1680 1693
2977 2 2 0 8 1633 1668 1724
2978 2 2 0 8 1640 1686 1691
2979 2 2 0 8 1686 1635 1691
2980 2 2 0 8 1672 370 1712
2981 2 2 0 8 355 1671 1711
2982 2 2 0 8 1624 1698 1731
2983 2 2 0 8 399 348 1688
2984 2 2 0 8 377 378 1689
2985 2 2 0 8 1671 1629 1711
2986 2 2 0 8 1628 1672 1712
2987 2 2 0 8 1700 1629 1730
2988 2 2 0 8 1619 1717 1732
2989 2 2 0 8 1669 1638 1738
2990 2 2 0 8 385 1670 1707
2991 2 2 0 8 374 375 1721
2992 2 2 0 8 350 351 1722
2993 2 2 0 8 1634 1690 1732
2994 2 2 0 8 1616 1705 1753
2995 2 2 0 8 1686 1623 1726
2996 2 2 0 8 370 371 1712
2997 2 2 0 8 354 355 1711
2998 2 2 0 8 396 397 1728
2999 2 2 0 8 380 381 1727
3000 2 2 0 8 1701 1647 1745
3001 2 2 0 8 1648 1702 1746
3002 2 2 0 8 1622 1675 1737
3003 2 2 0 8 1633 1715 1737
3004 2 2 0 8 1641 1706 1710
3005 2 2 0 8 1680 1634 1693
3006 2 2 0 8 1635 1679 1692
3007 2 2 0 8 1658 1703 1759
3008 2 2 0 8 1622 1733 1750
3009 2 2 0 8 384 385 1707
3010 2 2 0 8 386 387 1709
3011 2 2 0 8 1706 1640 1710
3012 2 2 0 8 1720 1623 1738
3013 2 2 0 8 1629 1669 1730
3014 2 2 0 8 392 393 1723
3015 2 2 0 8 1703 1630 1759
3016 2 2 0 8 356 1697 1752
3017 2 2 0 8 1696 369 1751
3018 2 2 0 8 1630 1670 1757
3019 2 2 0 8 1628 1699 1740
3020 2 2 0 8 1620 1701 1745
3021 2 2 0 8 1702 1621 1746
3022 2 2 0 8 390 391 1718
3023 2 2 0 8 1690 1641 1710
3024 2 2 0 8 1633 1675 1716
3025 2 2 0 8 1691 1635 1736
3026 2 2 0 8 1670 1637 1757
3027 2 2 0 8 1694 1666 1741
3028 2 2 0 8 1640 1691 1710
3029 2 2 0 8 1691 1619 1710
3030 2 2 0 8 1683 392 1723
3031 2 2 0 8 1638 1697 1720
3032 2 2 0 8 1696 1639 1719
3033 2 2 0 8 1697 1654 1720
3034 2 2 0 8 1653 1696 1719
3035 2 2 0 8 1673 1630 1757
3036 2 2 0 8 1638 1671 1752
3037 2 2 0 8 1672 1639 1751
3038 2 2 0 8 1672 1628 1758
3039 2 2 0 8 1665 1743 1748
3040 2 2 0 8 1742 1664 1747
3041 2 2 0 8 1628 1674 1758
3042 2 2 0 8 1685 376 1689
3043 2 2 0 8 349 1684 1688
3044 2 2 0 8 1619 1690 1710
3045 2 2 0 8 1668 1716 1754
3046 2 2 0 8 1746 1662 1755
3047 2 2 0 8 1663 1745 1756
3048 2 2 0 8 1684 398 1688
3049 2 2 0 8 379 1685 1689
3050 2 2 0 8 1675 1643 1749
3051 2 2 0 8 1639 1672 1758
3052 2 2 0 8 1630 1673 1759
3053 2 2 0 8 1674 1628 1740
3054 2 2 0 8 1706 1641 1754
3055 2 2 0 8 1743 1646 1748
3056 2 2 0 8 1645 1742 1747
3057 2 2 0 8 1644 1683 1741
3058 2 2 0 8 1683 1631 1741
3059 2 2 0 8 1675 1622 1750
3060 2 2 0 8 1677 374 1721
3061 2 2 0 8 351 1678 1722
3062 2 2 0 8 1643 1675 1750
3063 2 2 0 8 1645 1701 1742
3064 2 2 0 8 1702 1646 1743
3065 2 2 0 8 1701 1620 1742
3066 2 2 0 8 1621 1702 1743
3067 2 2 0 8 1679 1635 1726
3068 2 2 0 8 1654 1679 1726
3069 2 2 0 8 1667 1718 1739
3070 2 2 0 8 1715 1633 1724
3071 2 2 0 8 1659 1715 1724
3072 2 2 0 8 1745 1647 1756
3073 2 2 0 8 1648 1746 1755
3074 2 2 0 8 1675 1633 1737
3075 2 2 0 8 1681 396 1728
3076 2 2 0 8 381 1682 1727
3077 2 2 0 8 1634 1680 1731
3078 2 2 0 8 1660 1729 1733
3079 2 2 0 8 1729 1642 1733
3080 2 2 0 8 1718 1644 1739
3081 2 2 0 8 1680 1653 1731
3082 2 2 0 8 1640 1706 1753
3083 2 2 0 8 1676 1642 1744
3084 2 2 0 8 1734 1667 1744
3085 2 2 0 8 1625 1676 1744
3086 2 2 0 8 1642 1734 1744
3087 2 2 0 8 1635 1686 1726
3088 2 2 0 8 1699 1662 1746
3089 2 2 0 8 1663 1700 1745
3090 2 2 0 8 1619 1691 1736
3091 2 2 0 8 1676 1643 1750
3092 2 2 0 8 1667 1739 1744
3093 2 2 0 8 1739 1625 1744
3094 2 2 0 8 1665 1703 1743
3095 2 2 0 8 1704 1664 1742
3096 2 2 0 8 1639 1696 1751
3097 2 2 0 8 1697 1638 1752
3098 2 2 0 8 1725 1660 1733
3099 2 2 0 8 1622 1725 1733
3100 2 2 0 8 1690 1619 1732
3101 2 2 0 8 1698 1634 1731
3102 2 2 0 8 1716 1675 1749
3103 2 2 0 8 1642 1729 1734
3104 2 2 0 8 1716 1616 1754
3105 2 2 0 8 1717 1619 1736
3106 2 2 0 8 1631 1694 1741
3107 2 2 0 8 1700 1620 1745
3108 2 2 0 8 1621 1699 1746
3109 2 2 0 8 1620 1704 1742
3110 2 2 0 8 1703 1621 1743
3111 2 2 0 8 1705 1616 1749
3112 2 2 0 8 1643 1705 1749
3113 2 2 0 8 1706 1616 1753
3114 2 2 0 8 1616 1706 1754
3115 2 2 0 8 1650 1717 1736
3116 2 2 0 8 1616 1716 1749
3117 2 2 0 8 1638 1720 1738
3118 2 2 0 9 1810 1839 1852
3119 2 2 0 9 1780 1793 1861
3120 2 2 0 9 1810 1769 1839
3121 2 2 0 9 1809 1785 1842
3122 2 2 0 9 1768 1809 1842
3123 2 2 0 9 1831 415 1857
3124 2 2 0 9 414 1831 1858
3125 2 2 0 9 1772 1813 1816
3126 2 2 0 9 1813 1783 1816
3127 2 2 0 9 415 416 1857
3128 2 2 0 9 413 414 1858
3129 2 2 0 9 1827 438 1862
3130 2 2 0 9 1790 434 1892
3131 2 2 0 9 447 1789 1891
3132 2 2 0 9 434 1790 1826
3133 2 2 0 9 1789 447 1825
3134 2 2 0 9 419 420 1797
3135 2 2 0 9 409 410 1798
3136 2 2 0 9 1861 1793 1876
3137 2 2 0 9 442 1804 1873
3138 2 2 0 9 441 442 1873
3139 2 2 0 9 417 1793 1857
3140 2 2 0 9 1794 412 1858
3141 2 2 0 9 1796 427 1829
3142 2 2 0 9 402 1795 1828
3143 2 2 0 9 1795 449 1828
3144 2 2 0 9 432 1796 1829
3145 2 2 0 9 1770 1789 1825
3146 2 2 0 9 1790 1771 1826
3147 2 2 0 9 1788 1827 1862
3148 2 2 0 9 1762 1800 1813
3149 2 2 0 9 1784 1811 1830
3150 2 2 0 9 1811 1767 1830
3151 2 2 0 9 1791 1770 1822
3152 2 2 0 9 1771 1792 1821
3153 2 2 0 9 1799 1781 1817
3154 2 2 0 9 1795 1770 1871
3155 2 2 0 9 1771 1796 1872
3156 2 2 0 9 404 1791 1822
3157 2 2 0 9 1792 425 1821
3158 2 2 0 9 1791 404 1898
3159 2 2 0 9 425 1792 1899
3160 2 2 0 9 1789 1770 1845
3161 2 2 0 9 1771 1790 1846
3162 2 2 0 9 1782 1803 1818
3163 2 2 0 9 1770 1791 1845
3164 2 2 0 9 1792 1771 1846
3165 2 2 0 9 12 415 1831
3166 2 2 0 9 414 12 1831
3167 2 2 0 9 1767 1803 1864
3168 2 2 0 9 1803 1782 1864
3169 2 2 0 9 1770 1795 1867
3170 2 2 0 9 1796 1771 1866
3171 2 2 0 9 1793 417 1837
3172 2 2 0 9 412 1794 1836
3173 2 2 0 9 434 435 1892
3174 2 2 0 9 446 447 1891
3175 2 2 0 9 1793 1780 1857
3176 2 2 0 9 449 1795 1871
3177 2 2 0 9 1796 432 1872
3178 2 2 0 9 1793 1778 1876
3179 2 2 0 9 1778 1793 1837
3180 2 2 0 9 430 429 9
3181 2 2 0 9 400 451 16
3182 2 2 0 9 1795 402 1867
3183 2 2 0 9 427 1796 1866
3184 2 2 0 9 1761 1799 1817
3185 2 2 0 9 1803 1761 1818
3186 2 2 0 9 1800 1762 1852
3187 2 2 0 9 1805 423 1899
3188 2 2 0 9 406 1806 1898
3189 2 2 0 9 1768 1800 1888
3190 2 2 0 9 437 438 1827
3191 2 2 0 9 1779 1836 1879
3192 2 2 0 9 419 1797 1824
3193 2 2 0 9 1798 410 1823
3194 2 2 0 9 412 413 1858
3195 2 2 0 9 416 417 1857
3196 2 2 0 9 1836 1794 1879
3197 2 2 0 9 423 424 1899
3198 2 2 0 9 405 406 1898
3199 2 2 0 9 1799 1761 1859
3200 2 2 0 9 1781 1799 1869
3201 2 2 0 9 1863 1768 1875
3202 2 2 0 9 1802 1775 1838
3203 2 2 0 9 1799 1766 1869
3204 2 2 0 9 1765 1802 1843
3205 2 2 0 9 1801 1764 1844
3206 2 2 0 9 1762 1802 1838
3207 2 2 0 9 1812 439 1878
3208 2 2 0 9 1797 1863 1875
3209 2 2 0 9 1797 420 1840
3210 2 2 0 9 409 1798 1841
3211 2 2 0 9 443 1814 1853
3212 2 2 0 9 1767 1864 1870
3213 2 2 0 9 1809 1776 1849
3214 2 2 0 9 1864 1798 1870
3215 2 2 0 9 1761 1801 1883
3216 2 2 0 9 443 444 1814
3217 2 2 0 9 1775 1802 1848
3218 2 2 0 9 427 428 1829
3219 2 2 0 9 401 402 1828
3220 2 2 0 9 1801 1761 1903
3221 2 2 0 9 1764 1801 1847
3222 2 2 0 9 1802 1765 1848
3223 2 2 0 9 1803 1767 1865
3224 2 2 0 9 439 440 1878
3225 2 2 0 9 1802 1762 1874
3226 2 2 0 9 1804 442 1853
3227 2 2 0 9 1800 1768 1881
3228 2 2 0 9 1809 1768 1888
3229 2 2 0 9 1766 1799 1880
3230 2 2 0 9 1781 1804 1853
3231 2 2 0 9 1761 1803 1859
3232 2 2 0 9 1804 1781 1869
3233 2 2 0 9 1807 445 1891
3234 2 2 0 9 436 1808 1892
3235 2 2 0 9 449 450 1828
3236 2 2 0 9 431 432 1829
3237 2 2 0 9 1800 1852 1888
3238 2 2 0 9 1810 1788 1882
3239 2 2 0 9 1769 1810 1882
3240 2 2 0 9 1839 1776 1852
3241 2 2 0 9 1770 1825 1871
3242 2 2 0 9 1826 1771 1872
3243 2 2 0 9 1814 1781 1853
3244 2 2 0 9 440 441 1873
3245 2 2 0 9 1852 1776 1888
3246 2 2 0 9 1775 1808 1868
3247 2 2 0 9 404 405 1898
3248 2 2 0 9 424 425 1899
3249 2 2 0 9 1807 1774 1851
3250 2 2 0 9 1782 1818 1902
3251 2 2 0 9 440 1873 1878
3252 2 2 0 9 1817 1781 1900
3253 2 2 0 9 445 446 1891
3254 2 2 0 9 435 436 1892
3255 2 2 0 9 1815 407 1897
3256 2 2 0 9 422 1816 1896
3257 2 2 0 9 1822 1770 1867
3258 2 2 0 9 1771 1821 1866
3259 2 2 0 9 1776 1809 1888
3260 2 2 0 9 407 408 1897
3261 2 2 0 9 421 422 1896
3262 2 2 0 9 1773 1806 1855
3263 2 2 0 9 1805 1772 1856
3264 2 2 0 9 1777 1811 1860
3265 2 2 0 9 1809 1849 1901
3266 2 2 0 9 1767 1811 1865
3267 2 2 0 9 1772 1805 1843
3268 2 2 0 9 1806 1773 1844
3269 2 2 0 9 1810 1762 1838
3270 2 2 0 9 445 1807 1851
3271 2 2 0 9 1774 1807 1847
3272 2 2 0 9 1808 1775 1848
3273 2 2 0 9 1788 1810 1884
3274 2 2 0 9 1780 1831 1857
3275 2 2 0 9 1831 1780 1858
3276 2 2 0 9 1813 1800 1881
3277 2 2 0 9 1762 1810 1852
3278 2 2 0 9 1806 406 1855
3279 2 2 0 9 423 1805 1856
3280 2 2 0 9 417 418 1837
3281 2 2 0 9 411 412 1836
3282 2 2 0 9 1799 1859 1880
3283 2 2 0 9 428 429 1833
3284 2 2 0 9 400 401 1832
3285 2 2 0 9 1820 1877 1894
3286 2 2 0 9 410 411 1823
3287 2 2 0 9 418 419 1824
3288 2 2 0 9 1785 1809 1901
3289 2 2 0 9 1794 1858 1861
3290 2 2 0 9 1858 1780 1861
3291 2 2 0 9 1769 1820 1839
3292 2 2 0 9 1843 1802 1874
3293 2 2 0 9 1820 1787 1839
3294 2 2 0 9 1808 436 1868
3295 2 2 0 9 420 421 1840
3296 2 2 0 9 408 409 1841
3297 2 2 0 9 1774 1814 1851
3298 2 2 0 9 439 1812 1862
3299 2 2 0 9 450 451 1832
3300 2 2 0 9 430 431 1833
3301 2 2 0 9 1818 1761 1883
3302 2 2 0 9 1811 1777 1865
3303 2 2 0 9 1811 1784 1895
3304 2 2 0 9 1762 1813 1874
3305 2 2 0 9 1761 1817 1903
3306 2 2 0 9 1839 1787 1849
3307 2 2 0 9 1776 1839 1849
3308 2 2 0 9 425 426 1821
3309 2 2 0 9 403 404 1822
3310 2 2 0 9 1820 1786 1877
3311 2 2 0 9 447 448 1825
3312 2 2 0 9 433 434 1826
3313 2 2 0 9 1785 1834 1842
3314 2 2 0 9 1834 1778 1842
3315 2 2 0 9 1827 1775 1868
3316 2 2 0 9 1801 1844 1883
3317 2 2 0 9 1823 411 1836
3318 2 2 0 9 418 1824 1837
3319 2 2 0 9 1784 1830 1835
3320 2 2 0 9 1830 1779 1835
3321 2 2 0 9 1816 422 1856
3322 2 2 0 9 407 1815 1855
3323 2 2 0 9 1768 1842 1875
3324 2 2 0 9 451 400 1832
3325 2 2 0 9 429 430 1833
3326 2 2 0 9 1815 1773 1855
3327 2 2 0 9 1772 1816 1856
3328 2 2 0 9 1772 1843 1874
3329 2 2 0 9 1763 1861 1876
3330 2 2 0 9 1783 1813 1881
3331 2 2 0 9 1814 444 1851
3332 2 2 0 9 426 427 1866
3333 2 2 0 9 402 403 1867
3334 2 2 0 9 1778 1834 1876
3335 2 2 0 9 1830 1767 1870
3336 2 2 0 9 422 423 1856
3337 2 2 0 9 406 407 1855
3338 2 2 0 9 448 449 1871
3339 2 2 0 9 432 433 1872
3340 2 2 0 9 1845 1791 1889
3341 2 2 0 9 1792 1846 1890
3342 2 2 0 9 1819 1766 1880
3343 2 2 0 9 1859 1777 1880
3344 2 2 0 9 1785 1850 1854
3345 2 2 0 9 1824 1778 1837
3346 2 2 0 9 1779 1823 1836
3347 2 2 0 9 1847 1801 1903
3348 2 2 0 9 1877 1766 1894
3349 2 2 0 9 444 445 1851
3350 2 2 0 9 442 443 1853
3351 2 2 0 9 1850 1784 1854
3352 2 2 0 9 1768 1863 1881
3353 2 2 0 9 1813 1772 1874
3354 2 2 0 9 436 437 1868
3355 2 2 0 9 1774 1847 1903
3356 2 2 0 9 408 1841 1897
3357 2 2 0 9 1840 421 1896
3358 2 2 0 9 1814 1774 1900
3359 2 2 0 9 1844 1773 1883
3360 2 2 0 9 1849 1760 1901
3361 2 2 0 9 1764 1845 1889
3362 2 2 0 9 1846 1765 1890
3363 2 2 0 9 438 439 1862
3364 2 2 0 9 1834 1785 1854
3365 2 2 0 9 1819 1777 1860
3366 2 2 0 9 1835 1779 1879
3367 2 2 0 9 1781 1814 1900
3368 2 2 0 9 1810 1838 1884
3369 2 2 0 9 1784 1835 1854
3370 2 2 0 9 1835 1763 1854
3371 2 2 0 9 437 1827 1868
3372 2 2 0 9 1860 1811 1895
3373 2 2 0 9 1782 1841 1864
3374 2 2 0 9 1840 1783 1863
3375 2 2 0 9 1841 1798 1864
3376 2 2 0 9 1797 1840 1863
3377 2 2 0 9 1774 1817 1900
3378 2 2 0 9 1782 1815 1897
3379 2 2 0 9 1816 1783 1896
3380 2 2 0 9 1773 1815 1902
3381 2 2 0 9 1808 1886 1892
3382 2 2 0 9 1885 1807 1891
3383 2 2 0 9 1818 1773 1902
3384 2 2 0 9 1829 428 1833
3385 2 2 0 9 401 1828 1832
3386 2 2 0 9 1763 1834 1854
3387 2 2 0 9 1890 1805 1899
3388 2 2 0 9 1806 1889 1898
3389 2 2 0 9 1828 450 1832
3390 2 2 0 9 431 1829 1833
3391 2 2 0 9 1787 1819 1893
3392 2 2 0 9 1777 1859 1865
3393 2 2 0 9 1859 1803 1865
3394 2 2 0 9 1815 1782 1902
3395 2 2 0 9 1817 1774 1903
3396 2 2 0 9 1773 1818 1883
3397 2 2 0 9 1850 1785 1901
3398 2 2 0 9 1886 1790 1892
3399 2 2 0 9 1789 1885 1891
3400 2 2 0 9 1827 1788 1884
3401 2 2 0 9 1775 1827 1884
3402 2 2 0 9 1766 1819 1894
3403 2 2 0 9 1821 426 1866
3404 2 2 0 9 403 1822 1867
3405 2 2 0 9 1819 1787 1894
3406 2 2 0 9 1789 1845 1885
3407 2 2 0 9 1846 1790 1886
3408 2 2 0 9 1845 1764 1885
3409 2 2 0 9 1765 1846 1886
3410 2 2 0 9 1823 1779 1870
3411 2 2 0 9 1798 1823 1870
3412 2 2 0 9 1862 1812 1882
3413 2 2 0 9 1889 1791 1898
3414 2 2 0 9 1792 1890 1899
3415 2 2 0 9 1777 1819 1880
3416 2 2 0 9 1825 448 1871
3417 2 2 0 9 433 1826 1872
3418 2 2 0 9 1778 1824 1875
3419 2 2 0 9 1873 1804 1877
3420 2 2 0 9 1786 1873 1877
3421 2 2 0 9 1788 1862 1882
3422 2 2 0 9 1824 1797 1875
3423 2 2 0 9 1784 1850 1895
3424 2 2 0 9 1786 1820 1887
3425 2 2 0 9 1812 1878 1887
3426 2 2 0 9 1820 1769 1887
3427 2 2 0 9 1878 1786 1887
3428 2 2 0 9 1760 1860 1895
3429 2 2 0 9 1779 1830 1870
3430 2 2 0 9 1843 1805 1890
3431 2 2 0 9 1806 1844 1889
3432 2 2 0 9 1763 1835 1879
3433 2 2 0 9 1787 1820 1894
3434 2 2 0 9 1882 1812 1887
3435 2 2 0 9 1769 1882 1887
3436 2 2 0 9 1847 1807 1885
3437 2 2 0 9 1808 1848 1886
3438 2 2 0 9 1783 1840 1896
3439 2 2 0 9 1841 1782 1897
3440 2 2 0 9 1804 1869 1877
3441 2 2 0 9 1869 1766 1877
3442 2 2 0 9 1834 1763 1876
3443 2 2 0 9 1842 1778 1875
3444 2 2 0 9 1819 1860 1893
3445 2 2 0 9 1873 1786 1878
3446 2 2 0 9 1861 1763 1879
3447 2 2 0 9 1838 1775 1884
3448 2 2 0 9 1844 1764 1889
3449 2 2 0 9 1765 1843 1890
3450 2 2 0 9 1764 1847 1885
3451 2 2 0 9 1848 1765 1886
3452 2 2 0 9 1760 1849 1893
3453 2 2 0 9 1849 1787 1893
3454 2 2 0 9 1850 1760 1895
3455 2 2 0 9 1760 1850 1901
3456 2 2 0 9 1794 1861 1879
3457 2 2 0 9 1860 1760 1893
3458 2 2 0 9 1863 1783 1881
3459 2 2 0 10 1916 1908 1941
3460 2 2 0 10 1909 1917 1942
3461 2 2 0 10 1930 1912 1931
3462 2 2 0 10 1911 1920 1928
3463 2 2 0 10 1913 1930 1931
3464 2 2 0 10 1907 1921 1929
3465 2 2 0 10 465 1921 1938
3466 2 2 0 10 1920 460 1937
3467 2 2 0 10 1917 486 1940
3468 2 2 0 10 476 1916 1939
3469 2 2 0 10 1920 1907 1928
3470 2 2 0 10 1914 467 1969
3471 2 2 0 10 458 1915 1970
3472 2 2 0 10 467 1914 1933
3473 2 2 0 10 1915 458 1934
3474 2 2 0 10 1921 1910 1929
3475 2 2 0 10 1928 1907 1929
3476 2 2 0 10 1933 1914 1945
3477 2 2 0 10 1915 1934 1946
3478 2 2 0 10 1910 1933 1945
3479 2 2 0 10 1934 1911 1946
3480 2 2 0 10 1917 1909 1951
3481 2 2 0 10 1908 1916 1952
3482 2 2 0 10 1923 1904 1930
3483 2 2 0 10 1908 1918 1943
3484 2 2 0 10 1919 1909 1944
3485 2 2 0 10 1916 1941 1961
3486 2 2 0 10 1942 1917 1962
3487 2 2 0 10 464 465 1938
3488 2 2 0 10 460 461 1937
3489 2 2 0 10 479 480 1925
3490 2 2 0 10 1907 1920 1937
3491 2 2 0 10 1921 1907 1938
3492 2 2 0 10 452 488 4
3493 2 2 0 10 473 9 474
3494 2 2 0 10 1918 1908 1935
3495 2 2 0 10 1909 1919 1936
3496 2 2 0 10 1904 1928 1929
3497 2 2 0 10 478 1918 1935
3498 2 2 0 10 1910 1921 1954
3499 2 2 0 10 1920 1911 1955
3500 2 2 0 10 1918 478 1965
3501 2 2 0 10 486 487 1940
3502 2 2 0 10 475 476 1939
3503 2 2 0 10 1916 476 1952
3504 2 2 0 10 486 1917 1951
3505 2 2 0 10 1924 1907 1937
3506 2 2 0 10 1907 1924 1938
3507 2 2 0 10 460 1920 1955
3508 2 2 0 10 1921 465 1954
3509 2 2 0 10 471 1939 1961
3510 2 2 0 10 1940 454 1962
3511 2 2 0 10 1922 1905 1947
3512 2 2 0 10 1922 1910 1945
3513 2 2 0 10 1923 1930 1953
3514 2 2 0 10 482 483 1932
3515 2 2 0 10 1905 1922 1945
3516 2 2 0 10 1923 1906 1946
3517 2 2 0 10 1930 1913 1953
3518 2 2 0 10 467 468 1969
3519 2 2 0 10 457 458 1970
3520 2 2 0 10 1910 1922 1958
3521 2 2 0 10 1906 1923 1953
3522 2 2 0 10 1904 1923 1956
3523 2 2 0 10 469 1926 1969
3524 2 2 0 10 1927 456 1970
3525 2 2 0 10 1946 1911 1956
3526 2 2 0 10 1923 1946 1956
3527 2 2 0 10 1939 1916 1961
3528 2 2 0 10 1917 1940 1962
3529 2 2 0 10 468 469 1969
3530 2 2 0 10 456 457 1970
3531 2 2 0 10 482 1932 1957
3532 2 2 0 10 471 472 1939
3533 2 2 0 10 453 454 1940
3534 2 2 0 10 1919 1944 1959
3535 2 2 0 10 1926 469 1941
3536 2 2 0 10 456 1927 1942
3537 2 2 0 10 1925 480 1950
3538 2 2 0 10 1911 1928 1956
3539 2 2 0 10 1944 1906 1959
3540 2 2 0 10 479 1925 1965
3541 2 2 0 10 1909 1936 1951
3542 2 2 0 10 1935 1908 1952
3543 2 2 0 10 1904 1958 1960
3544 2 2 0 10 1933 1910 1954
3545 2 2 0 10 1911 1934 1955
3546 2 2 0 10 1925 1912 1947
3547 2 2 0 10 487 488 1949
3548 2 2 0 10 474 475 1948
3549 2 2 0 10 1908 1926 1941
3550 2 2 0 10 1927 1909 1942
3551 2 2 0 10 1913 1932 1959
3552 2 2 0 10 1912 1925 1950
3553 2 2 0 10 1931 481 1957
3554 2 2 0 10 1926 1908 1943
3555 2 2 0 10 1909 1927 1944
3556 2 2 0 10 1922 1947 1960
3557 2 2 0 10 481 482 1957
3558 2 2 0 10 1953 1913 1959
3559 2 2 0 10 481 1931 1950
3560 2 2 0 10 480 481 1950
3561 2 2 0 10 1928 1904 1956
3562 2 2 0 10 1943 1918 1964
3563 2 2 0 10 466 467 1933
3564 2 2 0 10 458 459 1934
3565 2 2 0 10 1958 1922 1960
3566 2 2 0 10 1929 1910 1958
3567 2 2 0 10 469 470 1941
3568 2 2 0 10 455 456 1942
3569 2 2 0 10 484 485 1936
3570 2 2 0 10 477 478 1935
3571 2 2 0 10 1904 1929 1958
3572 2 2 0 10 484 1936 1966
3573 2 2 0 10 1930 1904 1960
3574 2 2 0 10 1936 1919 1966
3575 2 2 0 10 1947 1912 1960
3576 2 2 0 10 472 473 1948
3577 2 2 0 10 452 453 1949
3578 2 2 0 10 1905 1943 1964
3579 2 2 0 10 478 479 1965
3580 2 2 0 10 459 460 1955
3581 2 2 0 10 465 466 1954
3582 2 2 0 10 1927 1970 1972
3583 2 2 0 10 1969 1926 1971
3584 2 2 0 10 1912 1930 1960
3585 2 2 0 10 476 477 1952
3586 2 2 0 10 485 486 1951
3587 2 2 0 10 1931 1912 1950
3588 2 2 0 10 473 474 1948
3589 2 2 0 10 488 452 1949
3590 2 2 0 10 1970 1915 1972
3591 2 2 0 10 1914 1969 1971
3592 2 2 0 10 1940 487 1949
3593 2 2 0 10 475 1939 1948
3594 2 2 0 10 1932 1913 1957
3595 2 2 0 10 5 463 1963
3596 2 2 0 10 462 5 1963
3597 2 2 0 10 453 1940 1949
3598 2 2 0 10 1939 472 1948
3599 2 2 0 10 455 1942 1962
3600 2 2 0 10 1941 470 1961
3601 2 2 0 10 1919 1932 1966
3602 2 2 0 10 1932 483 1966
3603 2 2 0 10 1913 1931 1957
3604 2 2 0 10 466 1933 1954
3605 2 2 0 10 1934 459 1955
3606 2 2 0 10 1944 1927 1972
3607 2 2 0 10 1926 1943 1971
3608 2 2 0 10 1932 1919 1959
3609 2 2 0 10 1925 1964 1965
3610 2 2 0 10 477 1935 1952
3611 2 2 0 10 1936 485 1951
3612 2 2 0 10 470 471 1961
3613 2 2 0 10 454 455 1962
3614 2 2 0 10 483 484 1966
3615 2 2 0 10 463 464 1967
3616 2 2 0 10 461 462 1968
3617 2 2 0 10 1964 1918 1965
3618 2 2 0 10 1945 1914 1971
3619 2 2 0 10 1915 1946 1972
3620 2 2 0 10 1905 1945 1971
3621 2 2 0 10 1946 1906 1972
3622 2 2 0 10 1937 461 1968
3623 2 2 0 10 464 1938 1967
3624 2 2 0 10 1924 1937 1968
3625 2 2 0 10 1938 1924 1967
3626 2 2 0 10 1925 1947 1964
3627 2 2 0 10 1906 1953 1959
3628 2 2 0 10 1947 1905 1964
3629 2 2 0 10 1943 1905 1971
3630 2 2 0 10 1906 1944 1972
3631 2 2 0 10 1963 463 1967
3632 2 2 0 10 462 1963 1968
3633 2 2 0 10 1924 1963 1967
3634 2 2 0 10 1963 1924 1968
3635 2 2 0 11 2052 2023 2065
3636 2 2 0 11 1993 2006 2074
3637 2 2 0 11 1982 2023 2052
3638 2 2 0 11 2044 526 2070
3639 2 2 0 11 525 2044 2071
3640 2 2 0 11 2026 1986 2028
3641 2 2 0 11 1995 2026 2028
3642 2 2 0 11 526 527 2070
3643 2 2 0 11 524 525 2071
3644 2 2 0 11 502 2040 2075
3645 2 2 0 11 506 2002 2104
3646 2 2 0 11 2003 493 2105
3647 2 2 0 11 1997 2018 2043
3648 2 2 0 11 2018 1980 2043
3649 2 2 0 11 2002 506 2038
3650 2 2 0 11 493 2003 2039
3651 2 2 0 11 530 531 2010
3652 2 2 0 11 520 521 2011
3653 2 2 0 11 2074 2006 2089
3654 2 2 0 11 2017 498 2086
3655 2 2 0 11 498 499 2086
3656 2 2 0 11 528 2006 2070
3657 2 2 0 11 2007 523 2071
3658 2 2 0 11 513 2008 2041
3659 2 2 0 11 2009 538 2042
3660 2 2 0 11 2008 508 2041
3661 2 2 0 11 491 2009 2042
3662 2 2 0 11 2025 1998 2055
3663 2 2 0 11 1981 2025 2055
3664 2 2 0 11 1983 2002 2038
3665 2 2 0 11 2003 1984 2039
3666 2 2 0 11 2040 2001 2075
3667 2 2 0 11 2013 1974 2026
3668 2 2 0 11 2004 1983 2035
3669 2 2 0 11 1984 2005 2034
3670 2 2 0 11 1994 2012 2030
3671 2 2 0 11 2008 1983 2085
3672 2 2 0 11 1984 2009 2084
3673 2 2 0 11 515 2004 2035
3674 2 2 0 11 2005 536 2034
3675 2 2 0 11 2004 515 2113
3676 2 2 0 11 536 2005 2112
3677 2 2 0 11 2002 1983 2058
3678 2 2 0 11 1984 2003 2059
3679 2 2 0 11 2016 1996 2031
3680 2 2 0 11 1983 2004 2058
3681 2 2 0 11 2005 1984 2059
3682 2 2 0 11 8 526 2044
3683 2 2 0 11 525 8 2044
3684 2 2 0 11 2016 1981 2076
3685 2 2 0 11 1996 2016 2076
3686 2 2 0 11 1983 2008 2079
3687 2 2 0 11 2009 1984 2078
3688 2 2 0 11 2006 528 2050
3689 2 2 0 11 523 2007 2049
3690 2 2 0 11 505 506 2104
3691 2 2 0 11 493 494 2105
3692 2 2 0 11 2006 1993 2070
3693 2 2 0 11 508 2008 2085
3694 2 2 0 11 2009 491 2084
3695 2 2 0 11 2006 1991 2089
3696 2 2 0 11 1991 2006 2050
3697 2 2 0 11 540 3 489
3698 2 2 0 11 510 4 511
3699 2 2 0 11 2008 513 2079
3700 2 2 0 11 538 2009 2078
3701 2 2 0 11 2012 1975 2030
3702 2 2 0 11 1975 2016 2031
3703 2 2 0 11 1974 2013 2065
3704 2 2 0 11 2019 534 2112
3705 2 2 0 11 517 2020 2113
3706 2 2 0 11 502 503 2040
3707 2 2 0 11 1992 2049 2093
3708 2 2 0 11 2013 1980 2092
3709 2 2 0 11 530 2010 2037
3710 2 2 0 11 2011 521 2036
3711 2 2 0 11 523 524 2071
3712 2 2 0 11 527 528 2070
3713 2 2 0 11 2049 2007 2093
3714 2 2 0 11 534 535 2112
3715 2 2 0 11 516 517 2113
3716 2 2 0 11 1975 2012 2072
3717 2 2 0 11 2012 1994 2082
3718 2 2 0 11 2076 1981 2088
3719 2 2 0 11 1988 2014 2051
3720 2 2 0 11 1979 2012 2082
3721 2 2 0 11 1978 2015 2056
3722 2 2 0 11 2014 1977 2057
3723 2 2 0 11 2014 1974 2051
3724 2 2 0 11 501 2024 2091
3725 2 2 0 11 1989 2018 2062
3726 2 2 0 11 2010 2076 2088
3727 2 2 0 11 2010 531 2053
3728 2 2 0 11 520 2011 2054
3729 2 2 0 11 2027 497 2066
3730 2 2 0 11 1980 2077 2083
3731 2 2 0 11 2077 2011 2083
3732 2 2 0 11 2015 1975 2097
3733 2 2 0 11 2065 2013 2092
3734 2 2 0 11 496 497 2027
3735 2 2 0 11 2014 1988 2061
3736 2 2 0 11 538 539 2042
3737 2 2 0 11 512 513 2041
3738 2 2 0 11 1981 2016 2081
3739 2 2 0 11 1975 2015 2116
3740 2 2 0 11 1977 2014 2061
3741 2 2 0 11 2015 1978 2060
3742 2 2 0 11 1980 2018 2092
3743 2 2 0 11 500 501 2091
3744 2 2 0 11 1974 2014 2087
3745 2 2 0 11 498 2017 2066
3746 2 2 0 11 1980 2013 2095
3747 2 2 0 11 2012 1979 2094
3748 2 2 0 11 2017 1994 2066
3749 2 2 0 11 2016 1975 2072
3750 2 2 0 11 1994 2017 2082
3751 2 2 0 11 1989 2065 2092
3752 2 2 0 11 495 2022 2105
3753 2 2 0 11 2021 504 2104
3754 2 2 0 11 508 509 2041
3755 2 2 0 11 490 491 2042
3756 2 2 0 11 2001 2023 2096
3757 2 2 0 11 2023 1982 2096
3758 2 2 0 11 1989 2052 2065
3759 2 2 0 11 1983 2038 2085
3760 2 2 0 11 2039 1984 2084
3761 2 2 0 11 1994 2027 2066
3762 2 2 0 11 2018 1989 2092
3763 2 2 0 11 499 500 2086
3764 2 2 0 11 2021 1988 2080
3765 2 2 0 11 515 516 2113
3766 2 2 0 11 535 536 2112
3767 2 2 0 11 1987 2022 2064
3768 2 2 0 11 2031 1996 2115
3769 2 2 0 11 2086 500 2091
3770 2 2 0 11 2062 2018 2110
3771 2 2 0 11 1994 2030 2114
3772 2 2 0 11 494 495 2105
3773 2 2 0 11 504 505 2104
3774 2 2 0 11 2028 518 2109
3775 2 2 0 11 533 2029 2108
3776 2 2 0 11 2035 1983 2079
3777 2 2 0 11 1984 2034 2078
3778 2 2 0 11 518 519 2109
3779 2 2 0 11 532 533 2108
3780 2 2 0 11 1986 2020 2068
3781 2 2 0 11 2019 1985 2069
3782 2 2 0 11 2018 1997 2110
3783 2 2 0 11 1985 2019 2056
3784 2 2 0 11 2020 1986 2057
3785 2 2 0 11 1974 2023 2051
3786 2 2 0 11 2022 495 2064
3787 2 2 0 11 1988 2021 2061
3788 2 2 0 11 2022 1987 2060
3789 2 2 0 11 2023 2001 2098
3790 2 2 0 11 2025 1981 2081
3791 2 2 0 11 1993 2044 2070
3792 2 2 0 11 2044 1993 2071
3793 2 2 0 11 2025 1990 2073
3794 2 2 0 11 2013 2026 2095
3795 2 2 0 11 2023 1974 2065
3796 2 2 0 11 534 2019 2069
3797 2 2 0 11 2020 517 2068
3798 2 2 0 11 522 523 2049
3799 2 2 0 11 528 529 2050
3800 2 2 0 11 2072 2012 2094
3801 2 2 0 11 539 540 2046
3802 2 2 0 11 511 512 2045
3803 2 2 0 11 2090 2033 2107
3804 2 2 0 11 521 522 2036
3805 2 2 0 11 529 530 2037
3806 2 2 0 11 2007 2071 2074
3807 2 2 0 11 2071 1993 2074
3808 2 2 0 11 2033 1982 2052
3809 2 2 0 11 2014 2057 2087
3810 2 2 0 11 2000 2033 2052
3811 2 2 0 11 504 2021 2080
3812 2 2 0 11 531 532 2053
3813 2 2 0 11 519 520 2054
3814 2 2 0 11 2027 1987 2064
3815 2 2 0 11 2024 501 2075
3816 2 2 0 11 509 510 2045
3817 2 2 0 11 489 490 2046
3818 2 2 0 11 1975 2031 2097
3819 2 2 0 11 2026 1974 2087
3820 2 2 0 11 2030 1975 2116
3821 2 2 0 11 2000 2052 2062
3822 2 2 0 11 2052 1989 2062
3823 2 2 0 11 536 537 2034
3824 2 2 0 11 514 515 2035
3825 2 2 0 11 1999 2033 2090
3826 2 2 0 11 506 507 2038
3827 2 2 0 11 492 493 2039
3828 2 2 0 11 1998 2025 2111
3829 2 2 0 11 1998 2047 2055
3830 2 2 0 11 2047 1991 2055
3831 2 2 0 11 1988 2040 2080
3832 2 2 0 11 2056 2015 2097
3833 2 2 0 11 2036 522 2049
3834 2 2 0 11 529 2037 2050
3835 2 2 0 11 1990 2025 2081
3836 2 2 0 11 1997 2043 2048
3837 2 2 0 11 2043 1992 2048
3838 2 2 0 11 2029 533 2069
3839 2 2 0 11 518 2028 2068
3840 2 2 0 11 1981 2055 2088
3841 2 2 0 11 510 511 2045
3842 2 2 0 11 540 489 2046
3843 2 2 0 11 2028 1986 2068
3844 2 2 0 11 1985 2029 2069
3845 2 2 0 11 2057 1986 2087
3846 2 2 0 11 1976 2074 2089
3847 2 2 0 11 2026 1995 2095
3848 2 2 0 11 496 2027 2064
3849 2 2 0 11 537 538 2078
3850 2 2 0 11 513 514 2079
3851 2 2 0 11 1991 2047 2089
3852 2 2 0 11 1973 2062 2110
3853 2 2 0 11 2043 1980 2083
3854 2 2 0 11 533 534 2069
3855 2 2 0 11 517 518 2068
3856 2 2 0 11 507 508 2085
3857 2 2 0 11 491 492 2084
3858 2 2 0 11 2058 2004 2102
3859 2 2 0 11 2005 2059 2103
3860 2 2 0 11 1979 2032 2094
3861 2 2 0 11 1990 2072 2094
3862 2 2 0 11 1998 2063 2067
3863 2 2 0 11 2037 1991 2050
3864 2 2 0 11 1992 2036 2049
3865 2 2 0 11 2015 2060 2116
3866 2 2 0 11 1979 2090 2107
3867 2 2 0 11 495 496 2064
3868 2 2 0 11 497 498 2066
3869 2 2 0 11 2063 1997 2067
3870 2 2 0 11 2077 1980 2095
3871 2 2 0 11 1986 2026 2087
3872 2 2 0 11 503 504 2080
3873 2 2 0 11 2060 1987 2116
3874 2 2 0 11 519 2054 2109
3875 2 2 0 11 2053 532 2108
3876 2 2 0 11 1987 2027 2114
3877 2 2 0 11 1985 2056 2097
3878 2 2 0 11 1977 2058 2102
3879 2 2 0 11 2059 1978 2103
3880 2 2 0 11 501 502 2075
3881 2 2 0 11 2047 1998 2067
3882 2 2 0 11 1990 2032 2073
3883 2 2 0 11 2048 1992 2093
3884 2 2 0 11 2027 1994 2114
3885 2 2 0 11 2051 2023 2098
3886 2 2 0 11 1997 2048 2067
3887 2 2 0 11 2048 1976 2067
3888 2 2 0 11 2040 503 2080
3889 2 2 0 11 1995 2054 2077
3890 2 2 0 11 2053 1996 2076
3891 2 2 0 11 2054 2011 2077
3892 2 2 0 11 2010 2053 2076
3893 2 2 0 11 2030 1987 2114
3894 2 2 0 11 1995 2028 2109
3895 2 2 0 11 2029 1996 2108
3896 2 2 0 11 2029 1985 2115
3897 2 2 0 11 2022 2100 2105
3898 2 2 0 11 2099 2021 2104
3899 2 2 0 11 1985 2031 2115
3900 2 2 0 11 512 2041 2045
3901 2 2 0 11 2042 539 2046
3902 2 2 0 11 1976 2047 2067
3903 2 2 0 11 2025 2073 2111
3904 2 2 0 11 2103 2019 2112
3905 2 2 0 11 2020 2102 2113
3906 2 2 0 11 2041 509 2045
3907 2 2 0 11 490 2042 2046
3908 2 2 0 11 2032 2000 2106
3909 2 2 0 11 1996 2029 2115
3910 2 2 0 11 1987 2030 2116
3911 2 2 0 11 2031 1985 2097
3912 2 2 0 11 2063 1998 2111
3913 2 2 0 11 2100 2003 2105
3914 2 2 0 11 2002 2099 2104
3915 2 2 0 11 2001 2040 2098
3916 2 2 0 11 2040 1988 2098
3917 2 2 0 11 2032 1979 2107
3918 2 2 0 11 2034 537 2078
3919 2 2 0 11 514 2035 2079
3920 2 2 0 11 2000 2032 2107
3921 2 2 0 11 2002 2058 2099
3922 2 2 0 11 2059 2003 2100
3923 2 2 0 11 2058 1977 2099
3924 2 2 0 11 1978 2059 2100
3925 2 2 0 11 2036 1992 2083
3926 2 2 0 11 2011 2036 2083
3927 2 2 0 11 2024 2075 2096
3928 2 2 0 11 2072 1990 2081
3929 2 2 0 11 2016 2072 2081
3930 2 2 0 11 2102 2004 2113
3931 2 2 0 11 2005 2103 2112
3932 2 2 0 11 2032 1990 2094
3933 2 2 0 11 2038 507 2085
3934 2 2 0 11 492 2039 2084
3935 2 2 0 11 1991 2037 2088
3936 2 2 0 11 2017 2086 2090
3937 2 2 0 11 2086 1999 2090
3938 2 2 0 11 2075 2001 2096
3939 2 2 0 11 2037 2010 2088
3940 2 2 0 11 1997 2063 2110
3941 2 2 0 11 2033 1999 2101
3942 2 2 0 11 2091 2024 2101
3943 2 2 0 11 1982 2033 2101
3944 2 2 0 11 1999 2091 2101
3945 2 2 0 11 1992 2043 2083
3946 2 2 0 11 2056 2019 2103
3947 2 2 0 11 2020 2057 2102
3948 2 2 0 11 1976 2048 2093
3949 2 2 0 11 2033 2000 2107
3950 2 2 0 11 2024 2096 2101
3951 2 2 0 11 2096 1982 2101
3952 2 2 0 11 2022 2060 2100
3953 2 2 0 11 2061 2021 2099
3954 2 2 0 11 1996 2053 2108
3955 2 2 0 11 2054 1995 2109
3956 2 2 0 11 2082 2017 2090
3957 2 2 0 11 1979 2082 2090
3958 2 2 0 11 2047 1976 2089
3959 2 2 0 11 2055 1991 2088
3960 2 2 0 11 2073 2032 2106
3961 2 2 0 11 1999 2086 2091
3962 2 2 0 11 2073 1973 2111
3963 2 2 0 11 2074 1976 2093
3964 2 2 0 11 1988 2051 2098
3965 2 2 0 11 2057 1977 2102
3966 2 2 0 11 1978 2056 2103
3967 2 2 0 11 1977 2061 2099
3968 2 2 0 11 2060 1978 2100
3969 2 2 0 11 2062 1973 2106
3970 2 2 0 11 2000 2062 2106
3971 2 2 0 11 2063 1973 2110
3972 2 2 0 11 1973 2063 2111
3973 2 2 0 11 2007 2074 2093
3974 2 2 0 11 1973 2073 2106
3975 2 2 0 11 1995 2077 2095
3976 2 2 0 12 2167 2196 2209
3977 2 2 0 12 2151 2137 2218
3978 2 2 0 12 2167 2126 2196
3979 2 2 0 12 2166 2142 2199
3980 2 2 0 12 2125 2166 2199
3981 2 2 0 12 2188 578 2214
3982 2 2 0 12 577 2188 2215
3983 2 2 0 12 2129 2170 2173
3984 2 2 0 12 2170 2140 2173
3985 2 2 0 12 578 579 2214
3986 2 2 0 12 576 577 2215
3987 2 2 0 12 2184 549 2219
3988 2 2 0 12 2147 545 2249
3989 2 2 0 12 558 2146 2248
3990 2 2 0 12 545 2147 2183
3991 2 2 0 12 2146 558 2182
3992 2 2 0 12 582 583 2154
3993 2 2 0 12 572 573 2155
3994 2 2 0 12 2151 2218 2233
3995 2 2 0 12 553 2161 2230
3996 2 2 0 12 552 553 2230
3997 2 2 0 12 580 2150 2214
3998 2 2 0 12 2151 575 2215
3999 2 2 0 12 565 2152 2185
4000 2 2 0 12 2153 590 2186
4001 2 2 0 12 2152 560 2185
4002 2 2 0 12 543 2153 2186
4003 2 2 0 12 2127 2146 2182
4004 2 2 0 12 2147 2128 2183
4005 2 2 0 12 2145 2184 2219
4006 2 2 0 12 2119 2157 2170
4007 2 2 0 12 2141 2168 2187
4008 2 2 0 12 2168 2124 2187
4009 2 2 0 12 2148 2127 2178
4010 2 2 0 12 2128 2149 2179
4011 2 2 0 12 2156 2138 2174
4012 2 2 0 12 2152 2127 2228
4013 2 2 0 12 2128 2153 2229
4014 2 2 0 12 567 2148 2178
4015 2 2 0 12 2149 588 2179
4016 2 2 0 12 2148 567 2255
4017 2 2 0 12 588 2149 2256
4018 2 2 0 12 2146 2127 2202
4019 2 2 0 12 2128 2147 2203
4020 2 2 0 12 2139 2160 2175
4021 2 2 0 12 2127 2148 2202
4022 2 2 0 12 2149 2128 2203
4023 2 2 0 12 7 578 2188
4024 2 2 0 12 577 7 2188
4025 2 2 0 12 2124 2160 2221
4026 2 2 0 12 2160 2139 2221
4027 2 2 0 12 2127 2152 2224
4028 2 2 0 12 2153 2128 2223
4029 2 2 0 12 2150 580 2194
4030 2 2 0 12 575 2151 2193
4031 2 2 0 12 545 546 2249
4032 2 2 0 12 557 558 2248
4033 2 2 0 12 2137 2151 2215
4034 2 2 0 12 560 2152 2228
4035 2 2 0 12 2153 543 2229
4036 2 2 0 12 2136 2151 2233
4037 2 2 0 12 2151 2136 2193
4038 2 2 0 12 541 592 2
4039 2 2 0 12 562 3 563
4040 2 2 0 12 2152 565 2224
4041 2 2 0 12 590 2153 2223
4042 2 2 0 12 2118 2156 2174
4043 2 2 0 12 2160 2118 2175
4044 2 2 0 12 2157 2119 2209
4045 2 2 0 12 2162 586 2256
4046 2 2 0 12 569 2163 2255
4047 2 2 0 12 2125 2157 2245
4048 2 2 0 12 548 549 2184
4049 2 2 0 12 2194 2135 2236
4050 2 2 0 12 582 2154 2181
4051 2 2 0 12 2155 573 2180
4052 2 2 0 12 575 576 2215
4053 2 2 0 12 579 580 2214
4054 2 2 0 12 2150 2194 2236
4055 2 2 0 12 586 587 2256
4056 2 2 0 12 568 569 2255
4057 2 2 0 12 2156 2118 2216
4058 2 2 0 12 2138 2156 2226
4059 2 2 0 12 2220 2125 2232
4060 2 2 0 12 2159 2132 2195
4061 2 2 0 12 2156 2123 2226
4062 2 2 0 12 2158 2121 2201
4063 2 2 0 12 2122 2159 2200
4064 2 2 0 12 2119 2159 2195
4065 2 2 0 12 2169 550 2235
4066 2 2 0 12 2154 2220 2232
4067 2 2 0 12 2154 583 2197
4068 2 2 0 12 572 2155 2198
4069 2 2 0 12 554 2171 2210
4070 2 2 0 12 2124 2221 2227
4071 2 2 0 12 2166 2133 2206
4072 2 2 0 12 2221 2155 2227
4073 2 2 0 12 2118 2158 2240
4074 2 2 0 12 554 555 2171
4075 2 2 0 12 2132 2159 2205
4076 2 2 0 12 590 591 2186
4077 2 2 0 12 564 565 2185
4078 2 2 0 12 2158 2118 2260
4079 2 2 0 12 2121 2158 2204
4080 2 2 0 12 2159 2122 2205
4081 2 2 0 12 2160 2124 2222
4082 2 2 0 12 550 551 2235
4083 2 2 0 12 2159 2119 2231
4084 2 2 0 12 2161 553 2210
4085 2 2 0 12 2157 2125 2238
4086 2 2 0 12 2166 2125 2245
4087 2 2 0 12 2123 2156 2237
4088 2 2 0 12 2138 2161 2210
4089 2 2 0 12 2118 2160 2216
4090 2 2 0 12 2161 2138 2226
4091 2 2 0 12 2164 556 2248
4092 2 2 0 12 547 2165 2249
4093 2 2 0 12 560 561 2185
4094 2 2 0 12 542 543 2186
4095 2 2 0 12 2157 2209 2245
4096 2 2 0 12 2167 2145 2239
4097 2 2 0 12 2126 2167 2239
4098 2 2 0 12 2196 2133 2209
4099 2 2 0 12 2127 2182 2228
4100 2 2 0 12 2183 2128 2229
4101 2 2 0 12 2171 2138 2210
4102 2 2 0 12 551 552 2230
4103 2 2 0 12 2209 2133 2245
4104 2 2 0 12 2132 2165 2225
4105 2 2 0 12 567 568 2255
4106 2 2 0 12 587 588 2256
4107 2 2 0 12 2164 2131 2208
4108 2 2 0 12 2139 2175 2259
4109 2 2 0 12 551 2230 2235
4110 2 2 0 12 2174 2138 2257
4111 2 2 0 12 556 557 2248
4112 2 2 0 12 546 547 2249
4113 2 2 0 12 2172 570 2254
4114 2 2 0 12 585 2173 2253
4115 2 2 0 12 2178 2127 2224
4116 2 2 0 12 2128 2179 2223
4117 2 2 0 12 2133 2166 2245
4118 2 2 0 12 570 571 2254
4119 2 2 0 12 584 585 2253
4120 2 2 0 12 2130 2163 2212
4121 2 2 0 12 2162 2129 2213
4122 2 2 0 12 2134 2168 2217
4123 2 2 0 12 2166 2206 2258
4124 2 2 0 12 2124 2168 2222
4125 2 2 0 12 2129 2162 2200
4126 2 2 0 12 2163 2130 2201
4127 2 2 0 12 2167 2119 2195
4128 2 2 0 12 556 2164 2208
4129 2 2 0 12 2131 2164 2204
4130 2 2 0 12 2165 2132 2205
4131 2 2 0 12 2145 2167 2241
4132 2 2 0 12 2137 2188 2214
4133 2 2 0 12 2188 2137 2215
4134 2 2 0 12 2170 2157 2238
4135 2 2 0 12 2119 2167 2209
4136 2 2 0 12 2163 569 2212
4137 2 2 0 12 586 2162 2213
4138 2 2 0 12 574 575 2193
4139 2 2 0 12 580 581 2194
4140 2 2 0 12 2156 2216 2237
4141 2 2 0 12 591 592 2190
4142 2 2 0 12 563 564 2189
4143 2 2 0 12 2177 2234 2251
4144 2 2 0 12 573 574 2180
4145 2 2 0 12 581 582 2181
4146 2 2 0 12 2142 2166 2258
4147 2 2 0 12 2214 2150 2218
4148 2 2 0 12 2137 2214 2218
4149 2 2 0 12 2126 2177 2196
4150 2 2 0 12 2200 2159 2231
4151 2 2 0 12 2177 2144 2196
4152 2 2 0 12 2165 547 2225
4153 2 2 0 12 583 584 2197
4154 2 2 0 12 571 572 2198
4155 2 2 0 12 2131 2171 2208
4156 2 2 0 12 550 2169 2219
4157 2 2 0 12 561 562 2189
4158 2 2 0 12 541 542 2190
4159 2 2 0 12 2175 2118 2240
4160 2 2 0 12 2168 2134 2222
4161 2 2 0 12 2168 2141 2252
4162 2 2 0 12 2119 2170 2231
4163 2 2 0 12 2118 2174 2260
4164 2 2 0 12 2196 2144 2206
4165 2 2 0 12 2133 2196 2206
4166 2 2 0 12 566 567 2178
4167 2 2 0 12 588 589 2179
4168 2 2 0 12 2177 2143 2234
4169 2 2 0 12 558 559 2182
4170 2 2 0 12 544 545 2183
4171 2 2 0 12 2142 2191 2199
4172 2 2 0 12 2191 2135 2199
4173 2 2 0 12 2184 2132 2225
4174 2 2 0 12 2158 2201 2240
4175 2 2 0 12 2180 574 2193
4176 2 2 0 12 581 2181 2194
4177 2 2 0 12 2141 2187 2192
4178 2 2 0 12 2187 2136 2192
4179 2 2 0 12 2173 585 2213
4180 2 2 0 12 570 2172 2212
4181 2 2 0 12 2125 2199 2232
4182 2 2 0 12 562 563 2189
4183 2 2 0 12 592 541 2190
4184 2 2 0 12 2172 2130 2212
4185 2 2 0 12 2129 2173 2213
4186 2 2 0 12 2129 2200 2231
4187 2 2 0 12 2192 2136 2233
4188 2 2 0 12 2140 2170 2238
4189 2 2 0 12 2171 555 2208
4190 2 2 0 12 589 590 2223
4191 2 2 0 12 565 566 2224
4192 2 2 0 12 2187 2124 2227
4193 2 2 0 12 2218 2120 2233
4194 2 2 0 12 585 586 2213
4195 2 2 0 12 569 570 2212
4196 2 2 0 12 559 560 2228
4197 2 2 0 12 543 544 2229
4198 2 2 0 12 2202 2148 2246
4199 2 2 0 12 2149 2203 2247
4200 2 2 0 12 2176 2123 2237
4201 2 2 0 12 2216 2134 2237
4202 2 2 0 12 2142 2207 2211
4203 2 2 0 12 2181 2135 2194
4204 2 2 0 12 2136 2180 2193
4205 2 2 0 12 2204 2158 2260
4206 2 2 0 12 2234 2123 2251
4207 2 2 0 12 555 556 2208
4208 2 2 0 12 553 554 2210
4209 2 2 0 12 2207 2141 2211
4210 2 2 0 12 2125 2220 2238
4211 2 2 0 12 2170 2129 2231
4212 2 2 0 12 547 548 2225
4213 2 2 0 12 2131 2204 2260
4214 2 2 0 12 571 2198 2254
4215 2 2 0 12 2197 584 2253
4216 2 2 0 12 2171 2131 2257
4217 2 2 0 12 2201 2130 2240
4218 2 2 0 12 2206 2117 2258
4219 2 2 0 12 2121 2202 2246
4220 2 2 0 12 2203 2122 2247
4221 2 2 0 12 549 550 2219
4222 2 2 0 12 2191 2142 2211
4223 2 2 0 12 2176 2134 2217
4224 2 2 0 12 2135 2191 2236
4225 2 2 0 12 2138 2171 2257
4226 2 2 0 12 2167 2195 2241
4227 2 2 0 12 2141 2192 2211
4228 2 2 0 12 2192 2120 2211
4229 2 2 0 12 548 2184 2225
4230 2 2 0 12 2217 2168 2252
4231 2 2 0 12 2139 2198 2221
4232 2 2 0 12 2197 2140 2220
4233 2 2 0 12 2198 2155 2221
4234 2 2 0 12 2154 2197 2220
4235 2 2 0 12 2131 2174 2257
4236 2 2 0 12 2139 2172 2254
4237 2 2 0 12 2173 2140 2253
4238 2 2 0 12 2130 2172 2259
4239 2 2 0 12 2165 2243 2249
4240 2 2 0 12 2242 2164 2248
4241 2 2 0 12 2175 2130 2259
4242 2 2 0 12 2186 591 2190
4243 2 2 0 12 564 2185 2189
4244 2 2 0 12 2120 2191 2211
4245 2 2 0 12 2163 2246 2255
4246 2 2 0 12 2247 2162 2256
4247 2 2 0 12 2185 561 2189
4248 2 2 0 12 542 2186 2190
4249 2 2 0 12 2144 2176 2250
4250 2 2 0 12 2134 2216 2222
4251 2 2 0 12 2216 2160 2222
4252 2 2 0 12 2172 2139 2259
4253 2 2 0 12 2174 2131 2260
4254 2 2 0 12 2130 2175 2240
4255 2 2 0 12 2207 2142 2258
4256 2 2 0 12 2243 2147 2249
4257 2 2 0 12 2146 2242 2248
4258 2 2 0 12 2184 2145 2241
4259 2 2 0 12 2132 2184 2241
4260 2 2 0 12 2123 2176 2251
4261 2 2 0 12 2179 589 2223
4262 2 2 0 12 566 2178 2224
4263 2 2 0 12 2176 2144 2251
4264 2 2 0 12 2146 2202 2242
4265 2 2 0 12 2203 2147 2243
4266 2 2 0 12 2202 2121 2242
4267 2 2 0 12 2122 2203 2243
4268 2 2 0 12 2180 2136 2227
4269 2 2 0 12 2155 2180 2227
4270 2 2 0 12 2219 2169 2239
4271 2 2 0 12 2246 2148 2255
4272 2 2 0 12 2149 2247 2256
4273 2 2 0 12 2134 2176 2237
4274 2 2 0 12 2182 559 2228
4275 2 2 0 12 544 2183 2229
4276 2 2 0 12 2135 2181 2232
4277 2 2 0 12 2230 2161 2234
4278 2 2 0 12 2143 2230 2234
4279 2 2 0 12 2145 2219 2239
4280 2 2 0 12 2181 2154 2232
4281 2 2 0 12 2141 2207 2252
4282 2 2 0 12 2143 2177 2244
4283 2 2 0 12 2169 2235 2244
4284 2 2 0 12 2177 2126 2244
4285 2 2 0 12 2235 2143 2244
4286 2 2 0 12 2117 2217 2252
4287 2 2 0 12 2136 2187 2227
4288 2 2 0 12 2191 2120 2236
4289 2 2 0 12 2200 2162 2247
4290 2 2 0 12 2163 2201 2246
4291 2 2 0 12 2144 2177 2251
4292 2 2 0 12 2239 2169 2244
4293 2 2 0 12 2126 2239 2244
4294 2 2 0 12 2204 2164 2242
4295 2 2 0 12 2165 2205 2243
4296 2 2 0 12 2140 2197 2253
4297 2 2 0 12 2198 2139 2254
4298 2 2 0 12 2161 2226 2234
4299 2 2 0 12 2226 2123 2234
4300 2 2 0 12 2199 2135 2232
4301 2 2 0 12 2120 2192 2233
4302 2 2 0 12 2176 2217 2250
4303 2 2 0 12 2230 2143 2235
4304 2 2 0 12 2120 2218 2236
4305 2 2 0 12 2195 2132 2241
4306 2 2 0 12 2201 2121 2246
4307 2 2 0 12 2122 2200 2247
4308 2 2 0 12 2121 2204 2242
4309 2 2 0 12 2205 2122 2243
4310 2 2 0 12 2117 2206 2250
4311 2 2 0 12 2206 2144 2250
4312 2 2 0 12 2207 2117 2252
4313 2 2 0 12 2117 2207 2258
4314 2 2 0 12 2218 2150 2236
4315 2 2 0 12 2217 2117 2250
4316 2 2 0 12 2220 2140 2238
4317 2 2 0 13 50 49 2348
4318 2 2 0 13 76 75 2349
4319 2 2 0 13 588 587 2350
4320 2 2 0 13 602 603 2351
4321 2 2 0 13 2284 2358 2392
4322 2 2 0 13 2359 2279 2391
4323 2 2 0 13 2312 2407 2532
4324 2 2 0 13 2313 2356 2478
4325 2 2 0 13 2356 2282 2478
4326 2 2 0 13 2314 2355 2480
4327 2 2 0 13 2355 2281 2480
4328 2 2 0 13 2357 2316 2481
4329 2 2 0 13 2283 2357 2481
4330 2 2 0 13 2369 2269 2484
4331 2 2 0 13 2332 2369 2484
4332 2 2 0 13 595 2335 2450
4333 2 2 0 13 2336 580 2451
4334 2 2 0 13 2337 68 2452
4335 2 2 0 13 2338 42 2453
4336 2 2 0 13 52 2339 2454
4337 2 2 0 13 78 2341 2456
4338 2 2 0 13 590 2340 2455
4339 2 2 0 13 2342 605 2457
4340 2 2 0 13 2334 2286 2375
4341 2 2 0 13 2327 2360 2372
4342 2 2 0 13 2358 2284 2541
4343 2 2 0 13 2353 2294 2531
4344 2 2 0 13 2294 2354 2531
4345 2 2 0 13 2370 2323 2436
4346 2 2 0 13 2281 2370 2436
4347 2 2 0 13 2327 2372 2543
4348 2 2 0 13 2279 2359 2540
4349 2 2 0 13 2335 595 2411
4350 2 2 0 13 580 2336 2410
4351 2 2 0 13 68 2337 2412
4352 2 2 0 13 42 2338 2413
4353 2 2 0 13 2274 2352 2371
4354 2 2 0 13 2352 2287 2371
4355 2 2 0 13 2384 2312 2532
4356 2 2 0 13 2503 2334 2559
4357 2 2 0 13 2334 2375 2559
4358 2 2 0 13 2392 2358 2542
4359 2 2 0 13 2359 2391 2544
4360 2 2 0 13 2286 2334 2533
4361 2 2 0 13 2300 2339 2449
4362 2 2 0 13 2301 2340 2447
4363 2 2 0 13 2302 2341 2448
4364 2 2 0 13 2342 2303 2446
4365 2 2 0 13 2297 2336 2553
4366 2 2 0 13 2298 2337 2554
4367 2 2 0 13 2299 2338 2555
4368 2 2 0 13 2341 2302 2556
4369 2 2 0 13 2336 2297 2410
4370 2 2 0 13 2337 2298 2412
4371 2 2 0 13 2338 2299 2413
4372 2 2 0 13 2339 52 2449
4373 2 2 0 13 2341 78 2448
4374 2 2 0 13 2340 590 2447
4375 2 2 0 13 605 2342 2446
4376 2 2 0 13 2339 2300 2513
4377 2 2 0 13 2340 2301 2514
4378 2 2 0 13 2303 2342 2515
4379 2 2 0 13 2362 2285 2378
4380 2 2 0 13 2288 2362 2378
4381 2 2 0 13 2290 2361 2385
4382 2 2 0 13 2361 2266 2385
4383 2 2 0 13 2355 2314 2509
4384 2 2 0 13 2316 2357 2508
4385 2 2 0 13 2356 2313 2510
4386 2 2 0 13 2274 2384 2471
4387 2 2 0 13 2411 2296 2512
4388 2 2 0 13 2266 2377 2414
4389 2 2 0 13 2377 2325 2414
4390 2 2 0 13 2335 2411 2512
4391 2 2 0 13 2287 2352 2442
4392 2 2 0 13 2346 2280 2420
4393 2 2 0 13 2292 2346 2420
4394 2 2 0 13 2343 2265 2393
4395 2 2 0 13 2387 2293 2499
4396 2 2 0 13 2293 2383 2499
4397 2 2 0 13 50 2348 2401
4398 2 2 0 13 76 2349 2402
4399 2 2 0 13 588 2350 2399
4400 2 2 0 13 2351 603 2400
4401 2 2 0 13 2277 2345 2521
4402 2 2 0 13 2280 2346 2522
4403 2 2 0 13 2279 2347 2523
4404 2 2 0 13 2384 2328 2471
4405 2 2 0 13 2348 2282 2547
4406 2 2 0 13 2350 2281 2545
4407 2 2 0 13 2283 2351 2546
4408 2 2 0 13 2360 2327 2528
4409 2 2 0 13 66 6 2427
4410 2 2 0 13 40 2 2428
4411 2 2 0 13 7 593 2426
4412 2 2 0 13 578 7 2426
4413 2 2 0 13 6 54 2427
4414 2 2 0 13 2 592 2428
4415 2 2 0 13 10 80 2429
4416 2 2 0 13 607 10 2429
4417 2 2 0 13 2360 2267 2372
4418 2 2 0 13 2276 2343 2388
4419 2 2 0 13 2296 2365 2434
4420 2 2 0 13 2363 2286 2376
4421 2 2 0 13 2289 2363 2376
4422 2 2 0 13 2282 2348 2478
4423 2 2 0 13 2281 2350 2480
4424 2 2 0 13 2351 2283 2481
4425 2 2 0 13 2347 2279 2569
4426 2 2 0 13 2265 2343 2463
4427 2 2 0 13 2391 2319 2544
4428 2 2 0 13 2320 2392 2542
4429 2 2 0 13 2403 2288 2489
4430 2 2 0 13 2375 2286 2409
4431 2 2 0 13 2343 2276 2439
4432 2 2 0 13 2381 47 2433
4433 2 2 0 13 2382 73 2432
4434 2 2 0 13 2379 585 2431
4435 2 2 0 13 600 2380 2430
4436 2 2 0 13 2344 2291 2438
4437 2 2 0 13 2345 2277 2465
4438 2 2 0 13 2348 49 2416
4439 2 2 0 13 2349 75 2417
4440 2 2 0 13 2350 587 2418
4441 2 2 0 13 602 2351 2419
4442 2 2 0 13 2291 2344 2430
4443 2 2 0 13 2345 2290 2431
4444 2 2 0 13 2346 2292 2432
4445 2 2 0 13 2290 2345 2465
4446 2 2 0 13 2385 2355 2509
4447 2 2 0 13 2357 2386 2508
4448 2 2 0 13 2387 2356 2510
4449 2 2 0 13 2352 2274 2443
4450 2 2 0 13 2329 2403 2489
4451 2 2 0 13 2317 2364 2389
4452 2 2 0 13 2364 2277 2389
4453 2 2 0 13 2267 2360 2534
4454 2 2 0 13 2363 2269 2445
4455 2 2 0 13 2405 2333 2444
4456 2 2 0 13 2263 2405 2444
4457 2 2 0 13 2375 2409 2501
4458 2 2 0 13 2281 2355 2482
4459 2 2 0 13 47 46 2433
4460 2 2 0 13 73 72 2432
4461 2 2 0 13 585 584 2431
4462 2 2 0 13 599 600 2430
4463 2 2 0 13 2357 2267 2386
4464 2 2 0 13 2268 2356 2387
4465 2 2 0 13 2359 2264 2404
4466 2 2 0 13 2441 2262 2442
4467 2 2 0 13 2352 2441 2442
4468 2 2 0 13 2265 2358 2393
4469 2 2 0 13 2294 2353 2444
4470 2 2 0 13 2358 2265 2542
4471 2 2 0 13 2264 2359 2544
4472 2 2 0 13 2354 2269 2421
4473 2 2 0 13 2315 2369 2498
4474 2 2 0 13 2267 2357 2530
4475 2 2 0 13 2434 2365 2526
4476 2 2 0 13 2354 2294 2445
4477 2 2 0 13 2269 2354 2445
4478 2 2 0 13 2264 2362 2404
4479 2 2 0 13 2479 2315 2498
4480 2 2 0 13 2479 2284 2511
4481 2 2 0 13 2356 2268 2460
4482 2 2 0 13 2282 2356 2461
4483 2 2 0 13 2357 2283 2462
4484 2 2 0 13 2275 2503 2559
4485 2 2 0 13 2362 2288 2404
4486 2 2 0 13 605 606 2457
4487 2 2 0 13 580 579 2451
4488 2 2 0 13 594 595 2450
4489 2 2 0 13 79 78 2456
4490 2 2 0 13 591 590 2455
4491 2 2 0 13 53 52 2454
4492 2 2 0 13 42 41 2453
4493 2 2 0 13 68 67 2452
4494 2 2 0 13 2304 2364 2441
4495 2 2 0 13 2373 2263 2467
4496 2 2 0 13 2322 2373 2467
4497 2 2 0 13 2265 2374 2469
4498 2 2 0 13 2374 2324 2469
4499 2 2 0 13 2275 2398 2459
4500 2 2 0 13 2398 2329 2459
4501 2 2 0 13 2266 2361 2507
4502 2 2 0 13 2361 2290 2465
4503 2 2 0 13 2263 2444 2525
4504 2 2 0 13 2444 2353 2525
4505 2 2 0 13 2274 2371 2384
4506 2 2 0 13 2361 2277 2470
4507 2 2 0 13 2277 2361 2465
4508 2 2 0 13 2363 2289 2484
4509 2 2 0 13 2349 2479 2511
4510 2 2 0 13 2345 2366 2521
4511 2 2 0 13 2346 2367 2522
4512 2 2 0 13 2347 2368 2523
4513 2 2 0 13 2362 2264 2440
4514 2 2 0 13 2285 2362 2552
4515 2 2 0 13 2269 2369 2421
4516 2 2 0 13 2407 2312 2483
4517 2 2 0 13 2370 2295 2440
4518 2 2 0 13 2365 2296 2494
4519 2 2 0 13 2297 2366 2495
4520 2 2 0 13 2298 2367 2496
4521 2 2 0 13 2299 2368 2497
4522 2 2 0 13 2407 2483 2502
4523 2 2 0 13 2377 2304 2443
4524 2 2 0 13 2286 2363 2409
4525 2 2 0 13 2406 2305 2500
4526 2 2 0 13 595 596 2411
4527 2 2 0 13 581 580 2410
4528 2 2 0 13 69 68 2412
4529 2 2 0 13 43 42 2413
4530 2 2 0 13 2305 2439 2500
4531 2 2 0 13 2321 2466 2485
4532 2 2 0 13 2322 2467 2486
4533 2 2 0 13 2323 2468 2487
4534 2 2 0 13 2469 2324 2488
4535 2 2 0 13 2386 2267 2534
4536 2 2 0 13 2370 2281 2482
4537 2 2 0 13 2409 2363 2445
4538 2 2 0 13 2394 2296 2434
4539 2 2 0 13 2321 2394 2434
4540 2 2 0 13 2322 2395 2435
4541 2 2 0 13 2395 2300 2435
4542 2 2 0 13 2323 2396 2436
4543 2 2 0 13 2396 2301 2436
4544 2 2 0 13 2397 2324 2437
4545 2 2 0 13 2303 2397 2437
4546 2 2 0 13 2407 2261 2532
4547 2 2 0 13 2282 2435 2547
4548 2 2 0 13 2281 2436 2545
4549 2 2 0 13 2437 2283 2546
4550 2 2 0 13 2389 2297 2422
4551 2 2 0 13 2317 2389 2422
4552 2 2 0 13 2390 2298 2423
4553 2 2 0 13 2318 2390 2423
4554 2 2 0 13 2391 2299 2424
4555 2 2 0 13 2319 2391 2424
4556 2 2 0 13 2392 2320 2425
4557 2 2 0 13 2302 2392 2425
4558 2 2 0 13 2371 2287 2458
4559 2 2 0 13 2312 2371 2458
4560 2 2 0 13 2295 2482 2557
4561 2 2 0 13 2279 2383 2569
4562 2 2 0 13 2269 2363 2484
4563 2 2 0 13 2414 2295 2557
4564 2 2 0 13 2366 2297 2521
4565 2 2 0 13 2367 2298 2522
4566 2 2 0 13 2368 2299 2523
4567 2 2 0 13 2277 2364 2470
4568 2 2 0 13 2364 2304 2470
4569 2 2 0 13 2371 2312 2384
4570 2 2 0 13 2421 2369 2491
4571 2 2 0 13 2394 2321 2485
4572 2 2 0 13 2395 2322 2486
4573 2 2 0 13 2396 2323 2487
4574 2 2 0 13 2324 2397 2488
4575 2 2 0 13 2318 2525 2574
4576 2 2 0 13 2334 2464 2533
4577 2 2 0 13 2364 2317 2558
4578 2 2 0 13 2376 2326 2388
4579 2 2 0 13 2441 2364 2558
4580 2 2 0 13 2377 2443 2520
4581 2 2 0 13 2380 600 2519
4582 2 2 0 13 585 2379 2518
4583 2 2 0 13 73 2382 2517
4584 2 2 0 13 47 2381 2516
4585 2 2 0 13 2261 2464 2473
4586 2 2 0 13 2306 2373 2461
4587 2 2 0 13 2374 2305 2462
4588 2 2 0 13 2365 597 2535
4589 2 2 0 13 582 2366 2536
4590 2 2 0 13 70 2367 2537
4591 2 2 0 13 44 2368 2538
4592 2 2 0 13 2390 2318 2574
4593 2 2 0 13 2398 2306 2460
4594 2 2 0 13 600 601 2519
4595 2 2 0 13 586 585 2518
4596 2 2 0 13 74 73 2517
4597 2 2 0 13 48 47 2516
4598 2 2 0 13 2296 2411 2494
4599 2 2 0 13 2410 2297 2495
4600 2 2 0 13 2412 2298 2496
4601 2 2 0 13 2413 2299 2497
4602 2 2 0 13 2464 2334 2473
4603 2 2 0 13 2287 2442 2543
4604 2 2 0 13 49 48 2416
4605 2 2 0 13 75 74 2417
4606 2 2 0 13 587 586 2418
4607 2 2 0 13 601 602 2419
4608 2 2 0 13 2484 2289 2527
4609 2 2 0 13 2263 2373 2405
4610 2 2 0 13 2373 2306 2405
4611 2 2 0 13 2422 2297 2553
4612 2 2 0 13 2423 2298 2554
4613 2 2 0 13 2424 2299 2555
4614 2 2 0 13 2302 2425 2556
4615 2 2 0 13 2370 2440 2529
4616 2 2 0 13 2366 2345 2536
4617 2 2 0 13 2367 2346 2537
4618 2 2 0 13 2368 2347 2538
4619 2 2 0 13 2401 2300 2449
4620 2 2 0 13 2402 2302 2448
4621 2 2 0 13 2399 2301 2447
4622 2 2 0 13 2303 2400 2446
4623 2 2 0 13 2331 2403 2499
4624 2 2 0 13 2403 2268 2499
4625 2 2 0 13 2512 2270 2570
4626 2 2 0 13 2513 2271 2571
4627 2 2 0 13 2514 2272 2572
4628 2 2 0 13 2273 2515 2573
4629 2 2 0 13 2261 2407 2464
4630 2 2 0 13 2407 2326 2464
4631 2 2 0 13 2344 2438 2526
4632 2 2 0 13 2270 2474 2570
4633 2 2 0 13 2271 2475 2571
4634 2 2 0 13 2272 2476 2572
4635 2 2 0 13 2477 2273 2573
4636 2 2 0 13 2290 2379 2431
4637 2 2 0 13 2380 2291 2430
4638 2 2 0 13 2293 2381 2433
4639 2 2 0 13 2292 2382 2432
4640 2 2 0 13 597 2365 2494
4641 2 2 0 13 2366 582 2495
4642 2 2 0 13 2367 70 2496
4643 2 2 0 13 2368 44 2497
4644 2 2 0 13 2336 2451 2474
4645 2 2 0 13 2451 2307 2474
4646 2 2 0 13 2337 2452 2475
4647 2 2 0 13 2338 2453 2476
4648 2 2 0 13 2452 2308 2475
4649 2 2 0 13 2453 2309 2476
4650 2 2 0 13 2456 2341 2477
4651 2 2 0 13 2310 2456 2477
4652 2 2 0 13 2385 2266 2557
4653 2 2 0 13 2355 2385 2557
4654 2 2 0 13 2305 2374 2463
4655 2 2 0 13 2306 2398 2490
4656 2 2 0 13 2406 2267 2530
4657 2 2 0 13 589 588 2399
4658 2 2 0 13 603 604 2400
4659 2 2 0 13 51 50 2401
4660 2 2 0 13 77 76 2402
4661 2 2 0 13 2288 2378 2489
4662 2 2 0 13 2278 2438 2528
4663 2 2 0 13 2438 2360 2528
4664 2 2 0 13 2405 2306 2490
4665 2 2 0 13 2295 2370 2482
4666 2 2 0 13 2398 2460 2524
4667 2 2 0 13 2377 2266 2507
4668 2 2 0 13 2438 2278 2526
4669 2 2 0 13 2402 2349 2511
4670 2 2 0 13 2296 2394 2512
4671 2 2 0 13 2300 2395 2513
4672 2 2 0 13 2301 2396 2514
4673 2 2 0 13 2397 2303 2515
4674 2 2 0 13 2359 2539 2540
4675 2 2 0 13 2284 2392 2511
4676 2 2 0 13 2297 2389 2521
4677 2 2 0 13 2298 2390 2522
4678 2 2 0 13 2299 2391 2523
4679 2 2 0 13 2483 2330 2500
4680 2 2 0 13 2369 2315 2491
4681 2 2 0 13 604 605 2446
4682 2 2 0 13 590 589 2447
4683 2 2 0 13 78 77 2448
4684 2 2 0 13 52 51 2449
4685 2 2 0 13 2420 2280 2531
4686 2 2 0 13 2354 2420 2531
4687 2 2 0 13 2369 2332 2498
4688 2 2 0 13 2323 2370 2529
4689 2 2 0 13 2343 2393 2568
4690 2 2 0 13 2414 2325 2415
4691 2 2 0 13 2295 2414 2415
4692 2 2 0 13 2461 2373 2505
4693 2 2 0 13 2374 2462 2506
4694 2 2 0 13 2292 2421 2491
4695 2 2 0 13 2378 2311 2489
4696 2 2 0 13 2374 2265 2463
4697 2 2 0 13 2262 2441 2558
4698 2 2 0 13 2289 2376 2568
4699 2 2 0 13 2383 2279 2540
4700 2 2 0 13 2331 2383 2540
4701 2 2 0 13 597 598 2535
4702 2 2 0 13 583 582 2536
4703 2 2 0 13 71 70 2537
4704 2 2 0 13 45 44 2538
4705 2 2 0 13 2442 2262 2472
4706 2 2 0 13 2327 2442 2472
4707 2 2 0 13 2527 2358 2541
4708 2 2 0 13 2393 2289 2568
4709 2 2 0 13 2326 2376 2533
4710 2 2 0 13 2376 2286 2533
4711 2 2 0 13 2359 2404 2539
4712 2 2 0 13 2388 2326 2502
4713 2 2 0 13 2460 2306 2461
4714 2 2 0 13 2356 2460 2461
4715 2 2 0 13 2292 2420 2421
4716 2 2 0 13 2420 2354 2421
4717 2 2 0 13 2466 2317 2485
4718 2 2 0 13 2467 2318 2486
4719 2 2 0 13 2468 2319 2487
4720 2 2 0 13 2320 2469 2488
4721 2 2 0 13 2302 2402 2511
4722 2 2 0 13 2426 2307 2561
4723 2 2 0 13 2307 2426 2560
4724 2 2 0 13 2308 2427 2563
4725 2 2 0 13 2309 2428 2562
4726 2 2 0 13 2427 2308 2566
4727 2 2 0 13 2428 2309 2567
4728 2 2 0 13 2429 2310 2564
4729 2 2 0 13 2310 2429 2565
4730 2 2 0 13 2401 2348 2547
4731 2 2 0 13 2399 2350 2545
4732 2 2 0 13 2351 2400 2546
4733 2 2 0 13 2471 2328 2504
4734 2 2 0 13 2372 2267 2576
4735 2 2 0 13 2311 2473 2503
4736 2 2 0 13 2393 2358 2527
4737 2 2 0 13 2439 2305 2463
4738 2 2 0 13 2459 2311 2503
4739 2 2 0 13 2276 2388 2502
4740 2 2 0 13 2403 2329 2524
4741 2 2 0 13 2268 2403 2524
4742 2 2 0 13 2403 2331 2539
4743 2 2 0 13 2307 2451 2561
4744 2 2 0 13 2450 2307 2560
4745 2 2 0 13 2308 2452 2566
4746 2 2 0 13 2309 2453 2567
4747 2 2 0 13 2454 2308 2563
4748 2 2 0 13 2455 2309 2562
4749 2 2 0 13 2310 2457 2564
4750 2 2 0 13 2456 2310 2565
4751 2 2 0 13 2276 2483 2500
4752 2 2 0 13 2311 2378 2492
4753 2 2 0 13 2458 2330 2483
4754 2 2 0 13 2333 2375 2501
4755 2 2 0 13 2444 2333 2501
4756 2 2 0 13 2294 2444 2501
4757 2 2 0 13 2373 2322 2505
4758 2 2 0 13 2324 2374 2506
4759 2 2 0 13 2325 2377 2520
4760 2 2 0 13 2382 2292 2491
4761 2 2 0 13 2315 2382 2491
4762 2 2 0 13 2284 2479 2498
4763 2 2 0 13 2278 2434 2526
4764 2 2 0 13 2288 2403 2539
4765 2 2 0 13 2376 2388 2568
4766 2 2 0 13 2375 2333 2559
4767 2 2 0 13 2378 2285 2492
4768 2 2 0 13 2418 586 2518
4769 2 2 0 13 601 2419 2519
4770 2 2 0 13 2417 74 2517
4771 2 2 0 13 2416 48 2516
4772 2 2 0 13 2504 2328 2577
4773 2 2 0 13 2332 2484 2527
4774 2 2 0 13 2400 604 2446
4775 2 2 0 13 589 2399 2447
4776 2 2 0 13 77 2402 2448
4777 2 2 0 13 51 2401 2449
4778 2 2 0 13 2304 2377 2507
4779 2 2 0 13 2294 2409 2445
4780 2 2 0 13 2408 2261 2473
4781 2 2 0 13 2268 2387 2499
4782 2 2 0 13 2440 2264 2529
4783 2 2 0 13 2539 2331 2540
4784 2 2 0 13 2415 2285 2552
4785 2 2 0 13 2441 2352 2443
4786 2 2 0 13 2327 2472 2493
4787 2 2 0 13 2304 2441 2443
4788 2 2 0 13 2333 2405 2490
4789 2 2 0 13 2311 2408 2473
4790 2 2 0 13 2409 2294 2501
4791 2 2 0 13 2343 2439 2463
4792 2 2 0 13 2311 2459 2489
4793 2 2 0 13 2282 2461 2505
4794 2 2 0 13 2462 2283 2506
4795 2 2 0 13 2332 2527 2541
4796 2 2 0 13 2383 2331 2499
4797 2 2 0 13 596 597 2494
4798 2 2 0 13 582 581 2495
4799 2 2 0 13 70 69 2496
4800 2 2 0 13 44 43 2497
4801 2 2 0 13 2416 2313 2478
4802 2 2 0 13 2417 2315 2479
4803 2 2 0 13 2418 2314 2480
4804 2 2 0 13 2348 2416 2478
4805 2 2 0 13 2316 2419 2481
4806 2 2 0 13 2349 2417 2479
4807 2 2 0 13 2350 2418 2480
4808 2 2 0 13 2419 2351 2481
4809 2 2 0 13 2443 2274 2520
4810 2 2 0 13 2379 2314 2518
4811 2 2 0 13 2316 2380 2519
4812 2 2 0 13 2381 2313 2516
4813 2 2 0 13 2382 2315 2517
4814 2 2 0 13 2379 2290 2509
4815 2 2 0 13 2291 2380 2508
4816 2 2 0 13 2381 2293 2510
4817 2 2 0 13 2270 2394 2485
4818 2 2 0 13 2271 2395 2486
4819 2 2 0 13 2272 2396 2487
4820 2 2 0 13 2397 2273 2488
4821 2 2 0 13 2314 2379 2509
4822 2 2 0 13 2380 2316 2508
4823 2 2 0 13 2313 2381 2510
4824 2 2 0 13 2261 2408 2532
4825 2 2 0 13 2408 2328 2532
4826 2 2 0 13 2466 2321 2472
4827 2 2 0 13 2262 2466 2472
4828 2 2 0 13 2295 2415 2552
4829 2 2 0 13 2398 2275 2490
4830 2 2 0 13 2328 2408 2577
4831 2 2 0 13 2300 2401 2547
4832 2 2 0 13 2301 2399 2545
4833 2 2 0 13 2400 2303 2546
4834 2 2 0 13 2422 2270 2485
4835 2 2 0 13 2317 2422 2485
4836 2 2 0 13 2318 2423 2486
4837 2 2 0 13 2423 2271 2486
4838 2 2 0 13 2319 2424 2487
4839 2 2 0 13 2424 2272 2487
4840 2 2 0 13 2425 2320 2488
4841 2 2 0 13 2273 2425 2488
4842 2 2 0 13 2327 2493 2528
4843 2 2 0 13 2329 2398 2524
4844 2 2 0 13 2433 2347 2569
4845 2 2 0 13 2293 2433 2569
4846 2 2 0 13 2408 2311 2492
4847 2 2 0 13 2470 2304 2507
4848 2 2 0 13 2361 2470 2507
4849 2 2 0 13 2526 2365 2535
4850 2 2 0 13 2344 2526 2535
4851 2 2 0 13 2440 2295 2552
4852 2 2 0 13 2330 2406 2500
4853 2 2 0 13 2290 2385 2509
4854 2 2 0 13 2386 2291 2508
4855 2 2 0 13 2293 2387 2510
4856 2 2 0 13 72 71 2550
4857 2 2 0 13 46 45 2551
4858 2 2 0 13 598 599 2548
4859 2 2 0 13 584 583 2549
4860 2 2 0 13 2383 2293 2569
4861 2 2 0 13 2525 2353 2574
4862 2 2 0 13 2321 2434 2493
4863 2 2 0 13 2434 2278 2493
4864 2 2 0 13 593 594 2560
4865 2 2 0 13 579 578 2561
4866 2 2 0 13 67 66 2566
4867 2 2 0 13 606 607 2564
4868 2 2 0 13 80 79 2565
4869 2 2 0 13 41 40 2567
4870 2 2 0 13 54 53 2563
4871 2 2 0 13 592 591 2562
4872 2 2 0 13 2392 2302 2511
4873 2 2 0 13 2394 2270 2512
4874 2 2 0 13 2395 2271 2513
4875 2 2 0 13 2396 2272 2514
4876 2 2 0 13 2273 2397 2515
4877 2 2 0 13 2442 2327 2543
4878 2 2 0 13 2328 2384 2532
4879 2 2 0 13 2389 2277 2521
4880 2 2 0 13 2390 2280 2522
4881 2 2 0 13 2391 2279 2523
4882 2 2 0 13 2291 2386 2534
4883 2 2 0 13 2326 2407 2502
4884 2 2 0 13 2415 2325 2504
4885 2 2 0 13 2285 2415 2504
4886 2 2 0 13 2406 2330 2576
4887 2 2 0 13 2267 2406 2576
4888 2 2 0 13 2312 2458 2483
4889 2 2 0 13 2411 596 2494
4890 2 2 0 13 581 2410 2495
4891 2 2 0 13 69 2412 2496
4892 2 2 0 13 43 2413 2497
4893 2 2 0 13 2289 2393 2527
4894 2 2 0 13 2287 2543 2575
4895 2 2 0 13 2543 2372 2575
4896 2 2 0 13 2459 2329 2489
4897 2 2 0 13 2483 2276 2502
4898 2 2 0 13 2388 2343 2568
4899 2 2 0 13 2280 2390 2574
4900 2 2 0 13 2305 2406 2530
4901 2 2 0 13 2313 2416 2516
4902 2 2 0 13 2315 2417 2517
4903 2 2 0 13 2314 2418 2518
4904 2 2 0 13 2419 2316 2519
4905 2 2 0 13 2467 2263 2525
4906 2 2 0 13 2439 2276 2500
4907 2 2 0 13 2404 2288 2539
4908 2 2 0 13 2265 2469 2542
4909 2 2 0 13 2468 2264 2544
4910 2 2 0 13 2322 2435 2505
4911 2 2 0 13 2435 2282 2505
4912 2 2 0 13 2283 2437 2506
4913 2 2 0 13 2437 2324 2506
4914 2 2 0 13 2482 2355 2557
4915 2 2 0 13 2317 2466 2558
4916 2 2 0 13 2408 2492 2577
4917 2 2 0 13 2471 2325 2520
4918 2 2 0 13 2472 2321 2493
4919 2 2 0 13 2468 2323 2529
4920 2 2 0 13 2473 2334 2503
4921 2 2 0 13 2275 2459 2503
4922 2 2 0 13 2335 2512 2570
4923 2 2 0 13 2339 2513 2571
4924 2 2 0 13 2340 2514 2572
4925 2 2 0 13 2515 2342 2573
4926 2 2 0 13 2270 2422 2553
4927 2 2 0 13 2271 2423 2554
4928 2 2 0 13 2272 2424 2555
4929 2 2 0 13 2425 2273 2556
4930 2 2 0 13 2438 2291 2534
4931 2 2 0 13 2266 2414 2557
4932 2 2 0 13 2360 2438 2534
4933 2 2 0 13 2431 584 2549
4934 2 2 0 13 599 2430 2548
4935 2 2 0 13 2433 46 2551
4936 2 2 0 13 2432 72 2550
4937 2 2 0 13 2333 2490 2559
4938 2 2 0 13 2325 2471 2504
4939 2 2 0 13 2450 2335 2570
4940 2 2 0 13 2307 2450 2570
4941 2 2 0 13 2308 2454 2571
4942 2 2 0 13 2454 2339 2571
4943 2 2 0 13 2309 2455 2572
4944 2 2 0 13 2455 2340 2572
4945 2 2 0 13 2457 2310 2573
4946 2 2 0 13 2342 2457 2573
4947 2 2 0 13 2436 2301 2545
4948 2 2 0 13 2435 2300 2547
4949 2 2 0 13 2303 2437 2546
4950 2 2 0 13 2430 2344 2548
4951 2 2 0 13 2345 2431 2549
4952 2 2 0 13 2346 2432 2550
4953 2 2 0 13 2347 2433 2551
4954 2 2 0 13 2426 593 2560
4955 2 2 0 13 578 2426 2561
4956 2 2 0 13 66 2427 2566
4957 2 2 0 13 40 2428 2567
4958 2 2 0 13 2427 54 2563
4959 2 2 0 13 2428 592 2562
4960 2 2 0 13 2429 80 2565
4961 2 2 0 13 607 2429 2564
4962 2 2 0 13 2460 2268 2524
4963 2 2 0 13 2462 2305 2530
4964 2 2 0 13 2357 2462 2530
4965 2 2 0 13 2274 2471 2520
4966 2 2 0 13 2318 2467 2525
4967 2 2 0 13 2362 2440 2552
4968 2 2 0 13 2264 2468 2529
4969 2 2 0 13 2464 2326 2533
4970 2 2 0 13 2458 2287 2575
4971 2 2 0 13 2330 2458 2575
4972 2 2 0 13 2469 2320 2542
4973 2 2 0 13 2319 2468 2544
4974 2 2 0 13 2493 2278 2528
4975 2 2 0 13 594 2450 2560
4976 2 2 0 13 2451 579 2561
4977 2 2 0 13 2452 67 2566
4978 2 2 0 13 2453 41 2567
4979 2 2 0 13 53 2454 2563
4980 2 2 0 13 79 2456 2565
4981 2 2 0 13 591 2455 2562
4982 2 2 0 13 2457 606 2564
4983 2 2 0 13 2474 2270 2553
4984 2 2 0 13 2475 2271 2554
4985 2 2 0 13 2476 2272 2555
4986 2 2 0 13 2273 2477 2556
4987 2 2 0 13 2466 2262 2558
4988 2 2 0 13 2490 2275 2559
4989 2 2 0 13 2336 2474 2553
4990 2 2 0 13 2337 2475 2554
4991 2 2 0 13 2338 2476 2555
4992 2 2 0 13 2477 2341 2556
4993 2 2 0 13 2474 2307 2570
4994 2 2 0 13 2475 2308 2571
4995 2 2 0 13 2476 2309 2572
4996 2 2 0 13 2310 2477 2573
4997 2 2 0 13 2284 2498 2541
4998 2 2 0 13 2498 2332 2541
4999 2 2 0 13 2492 2285 2577
5000 2 2 0 13 2344 2535 2548
5001 2 2 0 13 2536 2345 2549
5002 2 2 0 13 2537 2346 2550
5003 2 2 0 13 2538 2347 2551
5004 2 2 0 13 2285 2504 2577
5005 2 2 0 13 2535 598 2548
5006 2 2 0 13 583 2536 2549
5007 2 2 0 13 71 2537 2550
5008 2 2 0 13 45 2538 2551
5009 2 2 0 13 2531 2280 2574
5010 2 2 0 13 2353 2531 2574
5011 2 2 0 13 2575 2372 2576
5012 2 2 0 13 2330 2575 2576
5013 2 2 0 14 573 572 2663
5014 2 2 0 14 632 633 2664
5015 2 2 0 14 536 535 2665
5016 2 2 0 14 617 618 2666
5017 2 2 0 14 2605 2650 2696
5018 2 2 0 14 2650 2594 2696
5019 2 2 0 14 2650 2605 2781
5020 2 2 0 14 2594 2650 2778
5021 2 2 0 14 2633 2674 2794
5022 2 2 0 14 2674 2601 2794
5023 2 2 0 14 2673 2634 2795
5024 2 2 0 14 2602 2673 2795
5025 2 2 0 14 2632 2672 2797
5026 2 2 0 14 2671 2631 2796
5027 2 2 0 14 2599 2671 2796
5028 2 2 0 14 2672 2600 2797
5029 2 2 0 14 2648 2580 2779
5030 2 2 0 14 625 2653 2768
5031 2 2 0 14 2651 528 2766
5032 2 2 0 14 610 2652 2767
5033 2 2 0 14 2654 565 2769
5034 2 2 0 14 575 2655 2770
5035 2 2 0 14 2656 635 2771
5036 2 2 0 14 2657 620 2772
5037 2 2 0 14 538 2658 2773
5038 2 2 0 14 2580 2648 2803
5039 2 2 0 14 2675 2645 2692
5040 2 2 0 14 2678 2754 2788
5041 2 2 0 14 2692 2645 2858
5042 2 2 0 14 2754 2620 2788
5043 2 2 0 14 2697 2591 2755
5044 2 2 0 14 528 2651 2726
5045 2 2 0 14 2652 610 2727
5046 2 2 0 14 2653 625 2725
5047 2 2 0 14 565 2654 2728
5048 2 2 0 14 2668 2584 2688
5049 2 2 0 14 2604 2668 2688
5050 2 2 0 14 2669 2583 2689
5051 2 2 0 14 2605 2669 2689
5052 2 2 0 14 2667 2591 2690
5053 2 2 0 14 2603 2667 2690
5054 2 2 0 14 2670 2592 2691
5055 2 2 0 14 2606 2670 2691
5056 2 2 0 14 2676 2646 2867
5057 2 2 0 14 2693 2676 2867
5058 2 2 0 14 2643 2697 2755
5059 2 2 0 14 2615 2655 2765
5060 2 2 0 14 2656 2617 2764
5061 2 2 0 14 2657 2616 2762
5062 2 2 0 14 2618 2658 2763
5063 2 2 0 14 2611 2651 2868
5064 2 2 0 14 2653 2613 2869
5065 2 2 0 14 2614 2654 2870
5066 2 2 0 14 2655 2615 2871
5067 2 2 0 14 2651 2611 2726
5068 2 2 0 14 2613 2653 2725
5069 2 2 0 14 2654 2614 2728
5070 2 2 0 14 2655 575 2765
5071 2 2 0 14 635 2656 2764
5072 2 2 0 14 620 2657 2762
5073 2 2 0 14 2658 538 2763
5074 2 2 0 14 2616 2657 2829
5075 2 2 0 14 2658 2618 2830
5076 2 2 0 14 2617 2656 2831
5077 2 2 0 14 2677 2607 2705
5078 2 2 0 14 2678 2609 2707
5079 2 2 0 14 2584 2677 2705
5080 2 2 0 14 2583 2678 2707
5081 2 2 0 14 2631 2671 2823
5082 2 2 0 14 2672 2632 2824
5083 2 2 0 14 2634 2673 2825
5084 2 2 0 14 2674 2633 2826
5085 2 2 0 14 2727 2612 2828
5086 2 2 0 14 2652 2727 2828
5087 2 2 0 14 2680 2622 2721
5088 2 2 0 14 2667 2603 2759
5089 2 2 0 14 2581 2670 2761
5090 2 2 0 14 2668 2604 2755
5091 2 2 0 14 2669 2605 2756
5092 2 2 0 14 2592 2682 2691
5093 2 2 0 14 2682 2628 2691
5094 2 2 0 14 2679 2644 2855
5095 2 2 0 14 573 2663 2720
5096 2 2 0 14 2664 633 2719
5097 2 2 0 14 2666 618 2717
5098 2 2 0 14 536 2665 2718
5099 2 2 0 14 2661 2597 2839
5100 2 2 0 14 2599 2666 2859
5101 2 2 0 14 2665 2600 2860
5102 2 2 0 14 2602 2664 2861
5103 2 2 0 14 2683 2611 2741
5104 2 2 0 14 2686 2614 2742
5105 2 2 0 14 2645 2675 2845
5106 2 2 0 14 2646 2676 2846
5107 2 2 0 14 8 608 2737
5108 2 2 0 14 526 8 2737
5109 2 2 0 14 563 3 2739
5110 2 2 0 14 7 577 2738
5111 2 2 0 14 637 7 2738
5112 2 2 0 14 11 623 2740
5113 2 2 0 14 3 540 2739
5114 2 2 0 14 622 11 2740
5115 2 2 0 14 2677 2584 2753
5116 2 2 0 14 2678 2583 2754
5117 2 2 0 14 2585 2675 2692
5118 2 2 0 14 2586 2676 2693
5119 2 2 0 14 2612 2684 2747
5120 2 2 0 14 2666 2599 2796
5121 2 2 0 14 2600 2665 2797
5122 2 2 0 14 2664 2602 2795
5123 2 2 0 14 2695 2639 2747
5124 2 2 0 14 2595 2695 2747
5125 2 2 0 14 2702 570 2746
5126 2 2 0 14 630 2699 2745
5127 2 2 0 14 615 2700 2743
5128 2 2 0 14 2701 533 2744
5129 2 2 0 14 2608 2660 2751
5130 2 2 0 14 2610 2662 2752
5131 2 2 0 14 2680 2721 2873
5132 2 2 0 14 2696 2679 2855
5133 2 2 0 14 2663 572 2729
5134 2 2 0 14 632 2664 2730
5135 2 2 0 14 2665 535 2731
5136 2 2 0 14 617 2666 2732
5137 2 2 0 14 2601 2680 2710
5138 2 2 0 14 2680 2638 2710
5139 2 2 0 14 2607 2659 2743
5140 2 2 0 14 2660 2608 2744
5141 2 2 0 14 2662 2610 2746
5142 2 2 0 14 2659 2607 2782
5143 2 2 0 14 2597 2661 2783
5144 2 2 0 14 2591 2667 2882
5145 2 2 0 14 2670 2581 2789
5146 2 2 0 14 2671 2705 2823
5147 2 2 0 14 2706 2672 2824
5148 2 2 0 14 2673 2707 2825
5149 2 2 0 14 2708 2674 2826
5150 2 2 0 14 2670 2606 2761
5151 2 2 0 14 2584 2668 2753
5152 2 2 0 14 2583 2669 2754
5153 2 2 0 14 2592 2670 2757
5154 2 2 0 14 2668 2755 2758
5155 2 2 0 14 2755 2591 2758
5156 2 2 0 14 2597 2681 2709
5157 2 2 0 14 2681 2636 2709
5158 2 2 0 14 2675 2585 2849
5159 2 2 0 14 2676 2586 2850
5160 2 2 0 14 2594 2679 2696
5161 2 2 0 14 2733 2635 2741
5162 2 2 0 14 2735 2637 2742
5163 2 2 0 14 570 569 2746
5164 2 2 0 14 629 630 2745
5165 2 2 0 14 614 615 2743
5166 2 2 0 14 533 532 2744
5167 2 2 0 14 2721 2650 2802
5168 2 2 0 14 2671 2584 2705
5169 2 2 0 14 2585 2672 2706
5170 2 2 0 14 2673 2583 2707
5171 2 2 0 14 2586 2674 2708
5172 2 2 0 14 2759 2579 2760
5173 2 2 0 14 2667 2759 2760
5174 2 2 0 14 2677 2753 2816
5175 2 2 0 14 2683 2741 2842
5176 2 2 0 14 2686 2742 2843
5177 2 2 0 14 2584 2671 2832
5178 2 2 0 14 2583 2673 2833
5179 2 2 0 14 2582 2721 2802
5180 2 2 0 14 2672 2585 2847
5181 2 2 0 14 2674 2586 2848
5182 2 2 0 14 2747 2684 2841
5183 2 2 0 14 2635 2784 2819
5184 2 2 0 14 2637 2786 2820
5185 2 2 0 14 2756 2593 2822
5186 2 2 0 14 2628 2679 2800
5187 2 2 0 14 2679 2594 2800
5188 2 2 0 14 2671 2599 2798
5189 2 2 0 14 2673 2602 2799
5190 2 2 0 14 2794 2601 2827
5191 2 2 0 14 2690 2591 2697
5192 2 2 0 14 2669 2756 2822
5193 2 2 0 14 2600 2672 2776
5194 2 2 0 14 2601 2674 2777
5195 2 2 0 14 624 625 2768
5196 2 2 0 14 620 621 2772
5197 2 2 0 14 539 538 2773
5198 2 2 0 14 565 564 2769
5199 2 2 0 14 635 636 2771
5200 2 2 0 14 576 575 2770
5201 2 2 0 14 528 527 2766
5202 2 2 0 14 609 610 2767
5203 2 2 0 14 2661 2745 2783
5204 2 2 0 14 2745 2609 2783
5205 2 2 0 14 2694 2581 2786
5206 2 2 0 14 2641 2694 2786
5207 2 2 0 14 2607 2677 2782
5208 2 2 0 14 2678 2597 2783
5209 2 2 0 14 2595 2677 2816
5210 2 2 0 14 2597 2678 2788
5211 2 2 0 14 2677 2595 2782
5212 2 2 0 14 2609 2678 2783
5213 2 2 0 14 2621 2722 2821
5214 2 2 0 14 2757 2621 2821
5215 2 2 0 14 2644 2679 2838
5216 2 2 0 14 2663 2794 2827
5217 2 2 0 14 2685 2661 2839
5218 2 2 0 14 2715 2629 2798
5219 2 2 0 14 2716 2630 2799
5220 2 2 0 14 2611 2733 2741
5221 2 2 0 14 2614 2735 2742
5222 2 2 0 14 2721 2582 2873
5223 2 2 0 14 2715 2798 2814
5224 2 2 0 14 2716 2799 2815
5225 2 2 0 14 2703 2635 2819
5226 2 2 0 14 2704 2637 2820
5227 2 2 0 14 2643 2687 2698
5228 2 2 0 14 2611 2683 2810
5229 2 2 0 14 2684 2612 2811
5230 2 2 0 14 2685 2613 2812
5231 2 2 0 14 2614 2686 2813
5232 2 2 0 14 2650 2721 2778
5233 2 2 0 14 529 528 2726
5234 2 2 0 14 610 611 2727
5235 2 2 0 14 625 626 2725
5236 2 2 0 14 566 565 2728
5237 2 2 0 14 2808 2682 2809
5238 2 2 0 14 2695 2619 2760
5239 2 2 0 14 2628 2682 2808
5240 2 2 0 14 2681 2620 2779
5241 2 2 0 14 2627 2690 2697
5242 2 2 0 14 2627 2682 2801
5243 2 2 0 14 2682 2592 2801
5244 2 2 0 14 2753 2619 2816
5245 2 2 0 14 2785 2640 2805
5246 2 2 0 14 2641 2786 2806
5247 2 2 0 14 2639 2784 2804
5248 2 2 0 14 2787 2642 2807
5249 2 2 0 14 2679 2628 2808
5250 2 2 0 14 2585 2706 2849
5251 2 2 0 14 2586 2708 2850
5252 2 2 0 14 2723 2648 2779
5253 2 2 0 14 2711 2612 2747
5254 2 2 0 14 2639 2711 2747
5255 2 2 0 14 2712 2640 2748
5256 2 2 0 14 2641 2713 2749
5257 2 2 0 14 2616 2712 2748
5258 2 2 0 14 2713 2618 2749
5259 2 2 0 14 2714 2642 2750
5260 2 2 0 14 2617 2714 2750
5261 2 2 0 14 2622 2680 2777
5262 2 2 0 14 2680 2601 2777
5263 2 2 0 14 2748 2599 2859
5264 2 2 0 14 2750 2602 2861
5265 2 2 0 14 2600 2749 2860
5266 2 2 0 14 2613 2709 2734
5267 2 2 0 14 2709 2636 2734
5268 2 2 0 14 2710 2638 2736
5269 2 2 0 14 2615 2710 2736
5270 2 2 0 14 2604 2688 2780
5271 2 2 0 14 2688 2629 2780
5272 2 2 0 14 2605 2689 2781
5273 2 2 0 14 2689 2630 2781
5274 2 2 0 14 2603 2690 2774
5275 2 2 0 14 2690 2627 2774
5276 2 2 0 14 2691 2628 2775
5277 2 2 0 14 2606 2691 2775
5278 2 2 0 14 2581 2761 2820
5279 2 2 0 14 2613 2685 2839
5280 2 2 0 14 2638 2680 2873
5281 2 2 0 14 2681 2597 2788
5282 2 2 0 14 2620 2681 2788
5283 2 2 0 14 2635 2703 2741
5284 2 2 0 14 2637 2704 2742
5285 2 2 0 14 2640 2712 2805
5286 2 2 0 14 2713 2641 2806
5287 2 2 0 14 2711 2639 2804
5288 2 2 0 14 2642 2714 2807
5289 2 2 0 14 2636 2681 2872
5290 2 2 0 14 2688 2584 2832
5291 2 2 0 14 2689 2583 2833
5292 2 2 0 14 2622 2724 2778
5293 2 2 0 14 533 2701 2836
5294 2 2 0 14 2700 615 2837
5295 2 2 0 14 2699 630 2835
5296 2 2 0 14 570 2702 2834
5297 2 2 0 14 2621 2694 2776
5298 2 2 0 14 530 2683 2854
5299 2 2 0 14 2684 612 2853
5300 2 2 0 14 2685 627 2851
5301 2 2 0 14 567 2686 2852
5302 2 2 0 14 534 533 2836
5303 2 2 0 14 615 616 2837
5304 2 2 0 14 630 631 2835
5305 2 2 0 14 571 570 2834
5306 2 2 0 14 2578 2808 2809
5307 2 2 0 14 2695 2760 2844
5308 2 2 0 14 2726 2611 2810
5309 2 2 0 14 2612 2727 2811
5310 2 2 0 14 2613 2725 2812
5311 2 2 0 14 2728 2614 2813
5312 2 2 0 14 2682 2627 2809
5313 2 2 0 14 2759 2603 2858
5314 2 2 0 14 572 571 2729
5315 2 2 0 14 631 632 2730
5316 2 2 0 14 535 534 2731
5317 2 2 0 14 616 617 2732
5318 2 2 0 14 2756 2605 2855
5319 2 2 0 14 2755 2604 2862
5320 2 2 0 14 2733 2611 2868
5321 2 2 0 14 2613 2734 2869
5322 2 2 0 14 2735 2614 2870
5323 2 2 0 14 2615 2736 2871
5324 2 2 0 14 2661 2685 2851
5325 2 2 0 14 2720 2615 2765
5326 2 2 0 14 2617 2719 2764
5327 2 2 0 14 2616 2717 2762
5328 2 2 0 14 2718 2618 2763
5329 2 2 0 14 2687 2593 2817
5330 2 2 0 14 2828 2587 2883
5331 2 2 0 14 2588 2829 2884
5332 2 2 0 14 2830 2589 2885
5333 2 2 0 14 2590 2831 2886
5334 2 2 0 14 2751 2660 2842
5335 2 2 0 14 2752 2662 2843
5336 2 2 0 14 2580 2715 2785
5337 2 2 0 14 2715 2640 2785
5338 2 2 0 14 2582 2716 2787
5339 2 2 0 14 2716 2642 2787
5340 2 2 0 14 2587 2790 2883
5341 2 2 0 14 2791 2588 2884
5342 2 2 0 14 2589 2792 2885
5343 2 2 0 14 2793 2590 2886
5344 2 2 0 14 2627 2697 2809
5345 2 2 0 14 2700 2607 2743
5346 2 2 0 14 2608 2701 2744
5347 2 2 0 14 2699 2609 2745
5348 2 2 0 14 2610 2702 2746
5349 2 2 0 14 2683 530 2810
5350 2 2 0 14 612 2684 2811
5351 2 2 0 14 627 2685 2812
5352 2 2 0 14 2686 567 2813
5353 2 2 0 14 2778 2724 2856
5354 2 2 0 14 2651 2766 2790
5355 2 2 0 14 2766 2623 2790
5356 2 2 0 14 2768 2653 2791
5357 2 2 0 14 2654 2769 2792
5358 2 2 0 14 2624 2768 2791
5359 2 2 0 14 2769 2625 2792
5360 2 2 0 14 2770 2655 2793
5361 2 2 0 14 2626 2770 2793
5362 2 2 0 14 2687 2643 2862
5363 2 2 0 14 2585 2722 2847
5364 2 2 0 14 2586 2724 2848
5365 2 2 0 14 618 619 2717
5366 2 2 0 14 537 536 2718
5367 2 2 0 14 633 634 2719
5368 2 2 0 14 574 573 2720
5369 2 2 0 14 2751 2596 2845
5370 2 2 0 14 2675 2751 2845
5371 2 2 0 14 2752 2598 2846
5372 2 2 0 14 2676 2752 2846
5373 2 2 0 14 2596 2751 2842
5374 2 2 0 14 2598 2752 2843
5375 2 2 0 14 2720 2663 2827
5376 2 2 0 14 2612 2711 2828
5377 2 2 0 14 2712 2616 2829
5378 2 2 0 14 2714 2617 2831
5379 2 2 0 14 2618 2713 2830
5380 2 2 0 14 2601 2710 2827
5381 2 2 0 14 2709 2613 2839
5382 2 2 0 14 619 620 2762
5383 2 2 0 14 538 537 2763
5384 2 2 0 14 634 635 2764
5385 2 2 0 14 575 574 2765
5386 2 2 0 14 2593 2687 2891
5387 2 2 0 14 2784 2579 2819
5388 2 2 0 14 2786 2581 2820
5389 2 2 0 14 2694 2621 2789
5390 2 2 0 14 2581 2694 2789
5391 2 2 0 14 2695 2595 2816
5392 2 2 0 14 2776 2694 2818
5393 2 2 0 14 2647 2801 2821
5394 2 2 0 14 2698 2687 2817
5395 2 2 0 14 531 530 2854
5396 2 2 0 14 612 613 2853
5397 2 2 0 14 627 628 2851
5398 2 2 0 14 568 567 2852
5399 2 2 0 14 2629 2688 2832
5400 2 2 0 14 2630 2689 2833
5401 2 2 0 14 2578 2698 2838
5402 2 2 0 14 2809 2697 2840
5403 2 2 0 14 2703 2596 2741
5404 2 2 0 14 2704 2598 2742
5405 2 2 0 14 2698 2578 2840
5406 2 2 0 14 2698 2644 2838
5407 2 2 0 14 2681 2779 2872
5408 2 2 0 14 2643 2698 2840
5409 2 2 0 14 2761 2646 2820
5410 2 2 0 14 2784 2635 2804
5411 2 2 0 14 2636 2785 2805
5412 2 2 0 14 2786 2637 2806
5413 2 2 0 14 2638 2787 2807
5414 2 2 0 14 2615 2720 2827
5415 2 2 0 14 2623 2737 2877
5416 2 2 0 14 2737 2623 2878
5417 2 2 0 14 2624 2740 2874
5418 2 2 0 14 2740 2624 2876
5419 2 2 0 14 2625 2739 2875
5420 2 2 0 14 2739 2625 2879
5421 2 2 0 14 2738 2626 2880
5422 2 2 0 14 2626 2738 2881
5423 2 2 0 14 2664 2719 2861
5424 2 2 0 14 2666 2717 2859
5425 2 2 0 14 2718 2665 2860
5426 2 2 0 14 2585 2692 2888
5427 2 2 0 14 2586 2693 2890
5428 2 2 0 14 2767 2623 2877
5429 2 2 0 14 2623 2766 2878
5430 2 2 0 14 2768 2624 2874
5431 2 2 0 14 2625 2769 2879
5432 2 2 0 14 2624 2772 2876
5433 2 2 0 14 2773 2625 2875
5434 2 2 0 14 2770 2626 2881
5435 2 2 0 14 2626 2771 2880
5436 2 2 0 14 2741 2596 2842
5437 2 2 0 14 2742 2598 2843
5438 2 2 0 14 2647 2774 2801
5439 2 2 0 14 2649 2775 2800
5440 2 2 0 14 2694 2641 2818
5441 2 2 0 14 2639 2695 2844
5442 2 2 0 14 2595 2747 2841
5443 2 2 0 14 2731 534 2836
5444 2 2 0 14 616 2732 2837
5445 2 2 0 14 631 2730 2835
5446 2 2 0 14 2729 571 2834
5447 2 2 0 14 2758 2591 2882
5448 2 2 0 14 2619 2695 2816
5449 2 2 0 14 2593 2723 2822
5450 2 2 0 14 2649 2800 2856
5451 2 2 0 14 2717 619 2762
5452 2 2 0 14 537 2718 2763
5453 2 2 0 14 2719 634 2764
5454 2 2 0 14 574 2720 2765
5455 2 2 0 14 2721 2622 2778
5456 2 2 0 14 2753 2668 2758
5457 2 2 0 14 2620 2723 2779
5458 2 2 0 14 2605 2696 2855
5459 2 2 0 14 2619 2753 2758
5460 2 2 0 14 2801 2592 2821
5461 2 2 0 14 2596 2703 2845
5462 2 2 0 14 2703 2645 2845
5463 2 2 0 14 2598 2704 2846
5464 2 2 0 14 2704 2646 2846
5465 2 2 0 14 2621 2757 2789
5466 2 2 0 14 2779 2580 2872
5467 2 2 0 14 2629 2715 2803
5468 2 2 0 14 2630 2716 2802
5469 2 2 0 14 2644 2698 2817
5470 2 2 0 14 2659 2782 2841
5471 2 2 0 14 2782 2595 2841
5472 2 2 0 14 2723 2620 2822
5473 2 2 0 14 2648 2780 2803
5474 2 2 0 14 2650 2781 2802
5475 2 2 0 14 2697 2643 2840
5476 2 2 0 14 2760 2579 2844
5477 2 2 0 14 2600 2776 2818
5478 2 2 0 14 626 627 2812
5479 2 2 0 14 567 566 2813
5480 2 2 0 14 611 612 2811
5481 2 2 0 14 530 529 2810
5482 2 2 0 14 2631 2732 2796
5483 2 2 0 14 2731 2632 2797
5484 2 2 0 14 2732 2666 2796
5485 2 2 0 14 2665 2731 2797
5486 2 2 0 14 2729 2633 2794
5487 2 2 0 14 2634 2730 2795
5488 2 2 0 14 2663 2729 2794
5489 2 2 0 14 2730 2664 2795
5490 2 2 0 14 2634 2699 2835
5491 2 2 0 14 2631 2700 2837
5492 2 2 0 14 2701 2632 2836
5493 2 2 0 14 2702 2633 2834
5494 2 2 0 14 2609 2699 2825
5495 2 2 0 14 2607 2700 2823
5496 2 2 0 14 2701 2608 2824
5497 2 2 0 14 2702 2610 2826
5498 2 2 0 14 2587 2711 2804
5499 2 2 0 14 2712 2588 2805
5500 2 2 0 14 2589 2713 2806
5501 2 2 0 14 2714 2590 2807
5502 2 2 0 14 2715 2580 2803
5503 2 2 0 14 2716 2582 2802
5504 2 2 0 14 2700 2631 2823
5505 2 2 0 14 2699 2634 2825
5506 2 2 0 14 2632 2701 2824
5507 2 2 0 14 2633 2702 2826
5508 2 2 0 14 2757 2670 2789
5509 2 2 0 14 2620 2754 2822
5510 2 2 0 14 2724 2649 2856
5511 2 2 0 14 2798 2599 2814
5512 2 2 0 14 2799 2602 2815
5513 2 2 0 14 2719 2617 2861
5514 2 2 0 14 2717 2616 2859
5515 2 2 0 14 2618 2718 2860
5516 2 2 0 14 2733 2587 2804
5517 2 2 0 14 2635 2733 2804
5518 2 2 0 14 2734 2636 2805
5519 2 2 0 14 2588 2734 2805
5520 2 2 0 14 2637 2735 2806
5521 2 2 0 14 2735 2589 2806
5522 2 2 0 14 2736 2638 2807
5523 2 2 0 14 2590 2736 2807
5524 2 2 0 14 2645 2703 2819
5525 2 2 0 14 2646 2704 2820
5526 2 2 0 14 2841 2684 2853
5527 2 2 0 14 2683 2842 2854
5528 2 2 0 14 2659 2841 2853
5529 2 2 0 14 2842 2660 2854
5530 2 2 0 14 2843 2662 2852
5531 2 2 0 14 2686 2843 2852
5532 2 2 0 14 2644 2756 2855
5533 2 2 0 14 2722 2647 2821
5534 2 2 0 14 2705 2607 2823
5535 2 2 0 14 2608 2706 2824
5536 2 2 0 14 2707 2609 2825
5537 2 2 0 14 2610 2708 2826
5538 2 2 0 14 569 568 2866
5539 2 2 0 14 628 629 2865
5540 2 2 0 14 532 531 2864
5541 2 2 0 14 613 614 2863
5542 2 2 0 14 2640 2715 2814
5543 2 2 0 14 2642 2716 2815
5544 2 2 0 14 623 624 2874
5545 2 2 0 14 527 526 2878
5546 2 2 0 14 608 609 2877
5547 2 2 0 14 564 563 2879
5548 2 2 0 14 636 637 2880
5549 2 2 0 14 577 576 2881
5550 2 2 0 14 621 622 2876
5551 2 2 0 14 540 539 2875
5552 2 2 0 14 2710 2615 2827
5553 2 2 0 14 2619 2758 2882
5554 2 2 0 14 2760 2619 2882
5555 2 2 0 14 2780 2629 2803
5556 2 2 0 14 2781 2630 2802
5557 2 2 0 14 2711 2587 2828
5558 2 2 0 14 2588 2712 2829
5559 2 2 0 14 2713 2589 2830
5560 2 2 0 14 2590 2714 2831
5561 2 2 0 14 2645 2759 2858
5562 2 2 0 14 2597 2709 2839
5563 2 2 0 14 2706 2608 2849
5564 2 2 0 14 2708 2610 2850
5565 2 2 0 14 2722 2585 2888
5566 2 2 0 14 2647 2722 2888
5567 2 2 0 14 2649 2724 2890
5568 2 2 0 14 2724 2586 2890
5569 2 2 0 14 2648 2723 2891
5570 2 2 0 14 2723 2593 2891
5571 2 2 0 14 2775 2628 2800
5572 2 2 0 14 2774 2627 2801
5573 2 2 0 14 529 2726 2810
5574 2 2 0 14 2727 611 2811
5575 2 2 0 14 2725 626 2812
5576 2 2 0 14 566 2728 2813
5577 2 2 0 14 2593 2756 2817
5578 2 2 0 14 2756 2644 2817
5579 2 2 0 14 2800 2594 2856
5580 2 2 0 14 2579 2759 2819
5581 2 2 0 14 2759 2645 2819
5582 2 2 0 14 2867 2606 2889
5583 2 2 0 14 2693 2867 2889
5584 2 2 0 14 2858 2603 2887
5585 2 2 0 14 2692 2858 2887
5586 2 2 0 14 2578 2809 2840
5587 2 2 0 14 2722 2621 2847
5588 2 2 0 14 2724 2622 2848
5589 2 2 0 14 2633 2729 2834
5590 2 2 0 14 2730 2634 2835
5591 2 2 0 14 2632 2731 2836
5592 2 2 0 14 2732 2631 2837
5593 2 2 0 14 2748 2640 2814
5594 2 2 0 14 2599 2748 2814
5595 2 2 0 14 2602 2750 2815
5596 2 2 0 14 2750 2642 2815
5597 2 2 0 14 2604 2857 2862
5598 2 2 0 14 2857 2687 2862
5599 2 2 0 14 2643 2755 2862
5600 2 2 0 14 2641 2749 2818
5601 2 2 0 14 2749 2600 2818
5602 2 2 0 14 2785 2636 2872
5603 2 2 0 14 2787 2638 2873
5604 2 2 0 14 2808 2578 2838
5605 2 2 0 14 2679 2808 2838
5606 2 2 0 14 2754 2669 2822
5607 2 2 0 14 2604 2780 2857
5608 2 2 0 14 2780 2648 2857
5609 2 2 0 14 2592 2757 2821
5610 2 2 0 14 2784 2639 2844
5611 2 2 0 14 2798 2629 2832
5612 2 2 0 14 2799 2630 2833
5613 2 2 0 14 2652 2828 2883
5614 2 2 0 14 2829 2657 2884
5615 2 2 0 14 2658 2830 2885
5616 2 2 0 14 2831 2656 2886
5617 2 2 0 14 2587 2733 2868
5618 2 2 0 14 2734 2588 2869
5619 2 2 0 14 2589 2735 2870
5620 2 2 0 14 2736 2590 2871
5621 2 2 0 14 2608 2751 2849
5622 2 2 0 14 2610 2752 2850
5623 2 2 0 14 2751 2675 2849
5624 2 2 0 14 2752 2676 2850
5625 2 2 0 14 629 2745 2865
5626 2 2 0 14 2746 569 2866
5627 2 2 0 14 614 2743 2863
5628 2 2 0 14 2744 532 2864
5629 2 2 0 14 2623 2767 2883
5630 2 2 0 14 2767 2652 2883
5631 2 2 0 14 2656 2771 2886
5632 2 2 0 14 2771 2626 2886
5633 2 2 0 14 2772 2624 2884
5634 2 2 0 14 2625 2773 2885
5635 2 2 0 14 2657 2772 2884
5636 2 2 0 14 2773 2658 2885
5637 2 2 0 14 2616 2748 2859
5638 2 2 0 14 2749 2618 2860
5639 2 2 0 14 2617 2750 2861
5640 2 2 0 14 2743 2659 2863
5641 2 2 0 14 2660 2744 2864
5642 2 2 0 14 2745 2661 2865
5643 2 2 0 14 2662 2746 2866
5644 2 2 0 14 2737 608 2877
5645 2 2 0 14 526 2737 2878
5646 2 2 0 14 563 2739 2879
5647 2 2 0 14 2740 623 2874
5648 2 2 0 14 2738 577 2881
5649 2 2 0 14 637 2738 2880
5650 2 2 0 14 2739 540 2875
5651 2 2 0 14 622 2740 2876
5652 2 2 0 14 2761 2606 2867
5653 2 2 0 14 2621 2776 2847
5654 2 2 0 14 2622 2777 2848
5655 2 2 0 14 2776 2672 2847
5656 2 2 0 14 2777 2674 2848
5657 2 2 0 14 2579 2784 2844
5658 2 2 0 14 2646 2761 2867
5659 2 2 0 14 2594 2778 2856
5660 2 2 0 14 2603 2774 2887
5661 2 2 0 14 2774 2647 2887
5662 2 2 0 14 2606 2775 2889
5663 2 2 0 14 2775 2649 2889
5664 2 2 0 14 2671 2798 2832
5665 2 2 0 14 2673 2799 2833
5666 2 2 0 14 2667 2760 2882
5667 2 2 0 14 609 2767 2877
5668 2 2 0 14 2766 527 2878
5669 2 2 0 14 624 2768 2874
5670 2 2 0 14 2769 564 2879
5671 2 2 0 14 576 2770 2881
5672 2 2 0 14 2771 636 2880
5673 2 2 0 14 539 2773 2875
5674 2 2 0 14 2772 621 2876
5675 2 2 0 14 2790 2587 2868
5676 2 2 0 14 2588 2791 2869
5677 2 2 0 14 2792 2589 2870
5678 2 2 0 14 2590 2793 2871
5679 2 2 0 14 2580 2785 2872
5680 2 2 0 14 2582 2787 2873
5681 2 2 0 14 2651 2790 2868
5682 2 2 0 14 2791 2653 2869
5683 2 2 0 14 2654 2792 2870
5684 2 2 0 14 2793 2655 2871
5685 2 2 0 14 2687 2857 2891
5686 2 2 0 14 2790 2623 2883
5687 2 2 0 14 2624 2791 2884
5688 2 2 0 14 2792 2625 2885
5689 2 2 0 14 2626 2793 2886
5690 2 2 0 14 2659 2853 2863
5691 2 2 0 14 2854 2660 2864
5692 2 2 0 14 2661 2851 2865
5693 2 2 0 14 2852 2662 2866
5694 2 2 0 14 2853 613 2863
5695 2 2 0 14 531 2854 2864
5696 2 2 0 14 2851 628 2865
5697 2 2 0 14 568 2852 2866
5698 2 2 0 14 2692 2887 2888
5699 2 2 0 14 2887 2647 2888
5700 2 2 0 14 2693 2889 2890
5701 2 2 0 14 2889 2649 2890
5702 2 2 0 14 2857 2648 2891
5703 2 2 0 15 484 483 2977
5704 2 2 0 15 521 520 2978
5705 2 2 0 15 425 424 2979
5706 2 2 0 15 647 648 2980
5707 2 2 0 15 2964 2920 3010
5708 2 2 0 15 2920 2964 3093
5709 2 2 0 15 2948 2988 3109
5710 2 2 0 15 2988 2916 3109
5711 2 2 0 15 2987 2947 3110
5712 2 2 0 15 2915 2987 3110
5713 2 2 0 15 2946 2986 3111
5714 2 2 0 15 2986 2913 3111
5715 2 2 0 15 2945 2985 3112
5716 2 2 0 15 2985 2911 3112
5717 2 2 0 15 2895 2963 3090
5718 2 2 0 15 640 2965 3079
5719 2 2 0 15 2966 417 3080
5720 2 2 0 15 486 2971 3085
5721 2 2 0 15 2967 513 3081
5722 2 2 0 15 427 2972 3086
5723 2 2 0 15 523 2968 3082
5724 2 2 0 15 2970 650 3083
5725 2 2 0 15 2969 476 3084
5726 2 2 0 15 2960 2989 3008
5727 2 2 0 15 3066 2992 3101
5728 2 2 0 15 2960 3008 3170
5729 2 2 0 15 2906 3135 3168
5730 2 2 0 15 2990 2933 3071
5731 2 2 0 15 2991 2934 3074
5732 2 2 0 15 2935 3066 3101
5733 2 2 0 15 2905 3011 3067
5734 2 2 0 15 2965 640 3041
5735 2 2 0 15 417 2966 3040
5736 2 2 0 15 513 2967 3043
5737 2 2 0 15 476 2969 3042
5738 2 2 0 15 2897 2981 3004
5739 2 2 0 15 2981 2917 3004
5740 2 2 0 15 2898 2983 3005
5741 2 2 0 15 2983 2919 3005
5742 2 2 0 15 2984 2920 3006
5743 2 2 0 15 2900 2984 3006
5744 2 2 0 15 2963 2895 3116
5745 2 2 0 15 2905 2982 3007
5746 2 2 0 15 2982 2918 3007
5747 2 2 0 15 2933 2990 3102
5748 2 2 0 15 2934 2991 3103
5749 2 2 0 15 3001 2906 3168
5750 2 2 0 15 3011 2957 3067
5751 2 2 0 15 2929 2968 3078
5752 2 2 0 15 2970 2930 3077
5753 2 2 0 15 2931 2971 3076
5754 2 2 0 15 2932 2972 3075
5755 2 2 0 15 2925 2966 3171
5756 2 2 0 15 2927 2969 3184
5757 2 2 0 15 2928 2967 3182
5758 2 2 0 15 2968 2929 3183
5759 2 2 0 15 2966 2925 3040
5760 2 2 0 15 2969 2927 3042
5761 2 2 0 15 2967 2928 3043
5762 2 2 0 15 2968 523 3078
5763 2 2 0 15 650 2970 3077
5764 2 2 0 15 2971 486 3076
5765 2 2 0 15 2972 427 3075
5766 2 2 0 15 2971 2931 3144
5767 2 2 0 15 2930 2970 3146
5768 2 2 0 15 2972 2932 3145
5769 2 2 0 15 2921 2990 3018
5770 2 2 0 15 2990 2897 3018
5771 2 2 0 15 2922 2991 3019
5772 2 2 0 15 2991 2898 3019
5773 2 2 0 15 2992 2900 3021
5774 2 2 0 15 2924 2992 3021
5775 2 2 0 15 2985 2945 3137
5776 2 2 0 15 2986 2946 3138
5777 2 2 0 15 2947 2987 3139
5778 2 2 0 15 2988 2948 3140
5779 2 2 0 15 3041 2926 3143
5780 2 2 0 15 2965 3041 3143
5781 2 2 0 15 2934 2995 3036
5782 2 2 0 15 2918 2982 3072
5783 2 2 0 15 2917 2981 3067
5784 2 2 0 15 2919 2983 3068
5785 2 2 0 15 2920 2984 3069
5786 2 2 0 15 2959 2993 3166
5787 2 2 0 15 521 2978 3035
5788 2 2 0 15 484 2977 3033
5789 2 2 0 15 2980 648 3034
5790 2 2 0 15 425 2979 3032
5791 2 2 0 15 2909 2973 3154
5792 2 2 0 15 2910 2974 3155
5793 2 2 0 15 2914 2976 3156
5794 2 2 0 15 2962 3039 3115
5795 2 2 0 15 2977 2913 3173
5796 2 2 0 15 2979 2911 3172
5797 2 2 0 15 2915 2980 3174
5798 2 2 0 15 2964 3037 3117
5799 2 2 0 15 2989 2960 3160
5800 2 2 0 15 2897 2990 3071
5801 2 2 0 15 415 12 3052
5802 2 2 0 15 12 638 3052
5803 2 2 0 15 474 9 3055
5804 2 2 0 15 8 525 3053
5805 2 2 0 15 511 4 3054
5806 2 2 0 15 652 8 3053
5807 2 2 0 15 9 429 3055
5808 2 2 0 15 4 488 3054
5809 2 2 0 15 2900 2992 3066
5810 2 2 0 15 2898 2991 3074
5811 2 2 0 15 2989 2899 3008
5812 2 2 0 15 2926 2999 3060
5813 2 2 0 15 2913 2977 3111
5814 2 2 0 15 2911 2979 3112
5815 2 2 0 15 2980 2915 3110
5816 2 2 0 15 2964 3010 3125
5817 2 2 0 15 3039 2908 3115
5818 2 2 0 15 3037 2896 3117
5819 2 2 0 15 3015 481 3057
5820 2 2 0 15 3017 518 3059
5821 2 2 0 15 3014 422 3056
5822 2 2 0 15 645 3016 3058
5823 2 2 0 15 2975 2923 3064
5824 2 2 0 15 2976 2914 3096
5825 2 2 0 15 3010 2908 3125
5826 2 2 0 15 3036 2995 3188
5827 2 2 0 15 2993 3010 3166
5828 2 2 0 15 2977 483 3046
5829 2 2 0 15 2978 520 3044
5830 2 2 0 15 2979 424 3047
5831 2 2 0 15 647 2980 3045
5832 2 2 0 15 2994 2909 3022
5833 2 2 0 15 2949 2994 3022
5834 2 2 0 15 2995 2910 3023
5835 2 2 0 15 2950 2995 3023
5836 2 2 0 15 2923 2975 3058
5837 2 2 0 15 2976 2924 3059
5838 2 2 0 15 2973 2909 3094
5839 2 2 0 15 2974 2910 3095
5840 2 2 0 15 2924 2976 3096
5841 2 2 0 15 3018 2985 3137
5842 2 2 0 15 3019 2986 3138
5843 2 2 0 15 2987 3020 3139
5844 2 2 0 15 3021 2988 3140
5845 2 2 0 15 2981 2897 3071
5846 2 2 0 15 2983 2898 3074
5847 2 2 0 15 2984 2900 3066
5848 2 2 0 15 2982 2905 3070
5849 2 2 0 15 2951 2996 3024
5850 2 2 0 15 2996 2914 3024
5851 2 2 0 15 2899 2989 3161
5852 2 2 0 15 3065 2893 3072
5853 2 2 0 15 2982 3065 3072
5854 2 2 0 15 2993 2908 3010
5855 2 2 0 15 2906 3068 3073
5856 2 2 0 15 3068 2983 3073
5857 2 2 0 15 518 517 3059
5858 2 2 0 15 481 480 3057
5859 2 2 0 15 644 645 3058
5860 2 2 0 15 422 421 3056
5861 2 2 0 15 2961 3036 3118
5862 2 2 0 15 2897 2985 3018
5863 2 2 0 15 2898 2986 3019
5864 2 2 0 15 2987 2899 3020
5865 2 2 0 15 2900 2988 3021
5866 2 2 0 15 2985 2897 3147
5867 2 2 0 15 2988 2900 3148
5868 2 2 0 15 3036 2894 3118
5869 2 2 0 15 2905 3067 3197
5870 2 2 0 15 3060 2999 3158
5871 2 2 0 15 2986 2898 3159
5872 2 2 0 15 2907 3069 3136
5873 2 2 0 15 2993 2941 3115
5874 2 2 0 15 2908 2993 3115
5875 2 2 0 15 2911 2985 3113
5876 2 2 0 15 2916 2988 3114
5877 2 2 0 15 3067 2981 3197
5878 2 2 0 15 2913 2986 3119
5879 2 2 0 15 3109 2916 3141
5880 2 2 0 15 2905 3007 3011
5881 2 2 0 15 3069 2984 3136
5882 2 2 0 15 2899 2987 3088
5883 2 2 0 15 2987 2915 3089
5884 2 2 0 15 428 427 3086
5885 2 2 0 15 487 486 3085
5886 2 2 0 15 639 640 3079
5887 2 2 0 15 417 416 3080
5888 2 2 0 15 476 475 3084
5889 2 2 0 15 650 651 3083
5890 2 2 0 15 513 512 3081
5891 2 2 0 15 524 523 3082
5892 2 2 0 15 3056 2973 3094
5893 2 2 0 15 2921 3056 3094
5894 2 2 0 15 3057 2974 3095
5895 2 2 0 15 2922 3057 3095
5896 2 2 0 15 2933 2994 3065
5897 2 2 0 15 3009 2956 3100
5898 2 2 0 15 2896 3009 3100
5899 2 2 0 15 3008 3167 3202
5900 2 2 0 15 3135 2961 3168
5901 2 2 0 15 2909 2990 3094
5902 2 2 0 15 2910 2991 3095
5903 2 2 0 15 2992 2924 3096
5904 2 2 0 15 2992 2914 3101
5905 2 2 0 15 2990 2921 3094
5906 2 2 0 15 2991 2922 3095
5907 2 2 0 15 2914 2992 3096
5908 2 2 0 15 2990 2909 3102
5909 2 2 0 15 2991 2910 3103
5910 2 2 0 15 3003 2944 3117
5911 2 2 0 15 2934 3036 3073
5912 2 2 0 15 2993 2959 3153
5913 2 2 0 15 2978 3109 3141
5914 2 2 0 15 2973 2997 3154
5915 2 2 0 15 2974 2998 3155
5916 2 2 0 15 2976 3000 3156
5917 2 2 0 15 3073 3036 3135
5918 2 2 0 15 2942 3030 3113
5919 2 2 0 15 2894 3036 3188
5920 2 2 0 15 3113 3030 3131
5921 2 2 0 15 3008 2899 3167
5922 2 2 0 15 3031 2943 3116
5923 2 2 0 15 3001 2957 3012
5924 2 2 0 15 3002 2958 3013
5925 2 2 0 15 2925 2997 3127
5926 2 2 0 15 2999 2926 3128
5927 2 2 0 15 2927 2998 3129
5928 2 2 0 15 2928 3000 3130
5929 2 2 0 15 3031 3116 3142
5930 2 2 0 15 3167 2962 3202
5931 2 2 0 15 640 641 3041
5932 2 2 0 15 514 513 3043
5933 2 2 0 15 418 417 3040
5934 2 2 0 15 477 476 3042
5935 2 2 0 15 3039 2936 3125
5936 2 2 0 15 2935 2996 3090
5937 2 2 0 15 3007 2941 3011
5938 2 2 0 15 2954 3098 3123
5939 2 2 0 15 2955 3099 3122
5940 2 2 0 15 2953 3097 3120
5941 2 2 0 15 3100 2956 3121
5942 2 2 0 15 2941 2993 3124
5943 2 2 0 15 3020 2899 3161
5944 2 2 0 15 2963 3038 3090
5945 2 2 0 15 3003 3117 3175
5946 2 2 0 15 2953 3026 3060
5947 2 2 0 15 3026 2926 3060
5948 2 2 0 15 2955 3027 3061
5949 2 2 0 15 3027 2931 3061
5950 2 2 0 15 2954 3028 3062
5951 2 2 0 15 3028 2932 3062
5952 2 2 0 15 2930 3029 3063
5953 2 2 0 15 3029 2956 3063
5954 2 2 0 15 2936 3037 3125
5955 2 2 0 15 2913 3061 3173
5956 2 2 0 15 2911 3062 3172
5957 2 2 0 15 3063 2915 3174
5958 2 2 0 15 2913 3031 3061
5959 2 2 0 15 3031 2955 3061
5960 2 2 0 15 3022 2925 3048
5961 2 2 0 15 2949 3022 3048
5962 2 2 0 15 3023 2927 3049
5963 2 2 0 15 2950 3023 3049
5964 2 2 0 15 2951 3024 3050
5965 2 2 0 15 3024 2928 3050
5966 2 2 0 15 2929 3025 3051
5967 2 2 0 15 3025 2952 3051
5968 2 2 0 15 3004 2917 3091
5969 2 2 0 15 2942 3004 3091
5970 2 2 0 15 3005 2919 3092
5971 2 2 0 15 2943 3005 3092
5972 2 2 0 15 3006 2920 3093
5973 2 2 0 15 2944 3006 3093
5974 2 2 0 15 2941 3007 3087
5975 2 2 0 15 3007 2918 3087
5976 2 2 0 15 3003 2952 3025
5977 2 2 0 15 2916 3003 3025
5978 2 2 0 15 2997 2925 3154
5979 2 2 0 15 2998 2927 3155
5980 2 2 0 15 3000 2928 3156
5981 2 2 0 15 2909 2994 3102
5982 2 2 0 15 2910 2995 3103
5983 2 2 0 15 2994 2933 3102
5984 2 2 0 15 2995 2934 3103
5985 2 2 0 15 2994 2949 3187
5986 2 2 0 15 2995 2950 3188
5987 2 2 0 15 2914 2996 3101
5988 2 2 0 15 2996 2935 3101
5989 2 2 0 15 3048 2925 3171
5990 2 2 0 15 3027 2955 3122
5991 2 2 0 15 3028 2954 3123
5992 2 2 0 15 3026 2953 3120
5993 2 2 0 15 2956 3029 3121
5994 2 2 0 15 2996 2951 3186
5995 2 2 0 15 2897 3004 3147
5996 2 2 0 15 2900 3006 3148
5997 2 2 0 15 2936 3039 3088
5998 2 2 0 15 422 3014 3152
5999 2 2 0 15 481 3015 3151
6000 2 2 0 15 3016 645 3150
6001 2 2 0 15 518 3017 3149
6002 2 2 0 15 3009 2936 3089
6003 2 2 0 15 419 2997 3162
6004 2 2 0 15 478 2998 3163
6005 2 2 0 15 2999 642 3164
6006 2 2 0 15 515 3000 3165
6007 2 2 0 15 423 422 3152
6008 2 2 0 15 482 481 3151
6009 2 2 0 15 645 646 3150
6010 2 2 0 15 519 518 3149
6011 2 2 0 15 3065 2994 3187
6012 2 2 0 15 2898 3005 3159
6013 2 2 0 15 3040 2925 3127
6014 2 2 0 15 2926 3041 3128
6015 2 2 0 15 3042 2927 3129
6016 2 2 0 15 3043 2928 3130
6017 2 2 0 15 2936 3009 3037
6018 2 2 0 15 3009 2896 3037
6019 2 2 0 15 2918 3072 3170
6020 2 2 0 15 483 482 3046
6021 2 2 0 15 520 519 3044
6022 2 2 0 15 646 647 3045
6023 2 2 0 15 424 423 3047
6024 2 2 0 15 2920 3069 3166
6025 2 2 0 15 2917 3067 3176
6026 2 2 0 15 2919 3068 3177
6027 2 2 0 15 3049 2927 3184
6028 2 2 0 15 3050 2928 3182
6029 2 2 0 15 2929 3051 3183
6030 2 2 0 15 2997 2973 3162
6031 2 2 0 15 2998 2974 3163
6032 2 2 0 15 3000 2976 3165
6033 2 2 0 15 3035 2929 3078
6034 2 2 0 15 2930 3034 3077
6035 2 2 0 15 3033 2931 3076
6036 2 2 0 15 3032 2932 3075
6037 2 2 0 15 2906 3001 3132
6038 2 2 0 15 2907 3002 3133
6039 2 2 0 15 2944 3003 3114
6040 2 2 0 15 3003 2916 3114
6041 2 2 0 15 3144 2902 3200
6042 2 2 0 15 2903 3146 3199
6043 2 2 0 15 3145 2904 3201
6044 2 2 0 15 2975 3064 3158
6045 2 2 0 15 3030 2894 3098
6046 2 2 0 15 2954 3030 3098
6047 2 2 0 15 3011 2941 3124
6048 2 2 0 15 3088 3039 3167
6049 2 2 0 15 2902 3107 3200
6050 2 2 0 15 3106 2903 3199
6051 2 2 0 15 2904 3108 3201
6052 2 2 0 15 2921 3014 3056
6053 2 2 0 15 2922 3015 3057
6054 2 2 0 15 3016 2923 3058
6055 2 2 0 15 2924 3017 3059
6056 2 2 0 15 2997 419 3127
6057 2 2 0 15 2998 478 3129
6058 2 2 0 15 642 2999 3128
6059 2 2 0 15 3000 515 3130
6060 2 2 0 15 2937 3079 3105
6061 2 2 0 15 3079 2965 3105
6062 2 2 0 15 2967 3081 3107
6063 2 2 0 15 3081 2939 3107
6064 2 2 0 15 2938 3082 3106
6065 2 2 0 15 3082 2968 3106
6066 2 2 0 15 2969 3084 3108
6067 2 2 0 15 3084 2940 3108
6068 2 2 0 15 2957 3001 3176
6069 2 2 0 15 2958 3002 3177
6070 2 2 0 15 426 425 3032
6071 2 2 0 15 485 484 3033
6072 2 2 0 15 648 649 3034
6073 2 2 0 15 522 521 3035
6074 2 2 0 15 2912 3064 3160
6075 2 2 0 15 3064 2989 3160
6076 2 2 0 15 3064 2912 3158
6077 2 2 0 15 3035 2978 3141
6078 2 2 0 15 2926 3026 3143
6079 2 2 0 15 3029 2930 3146
6080 2 2 0 15 2931 3027 3144
6081 2 2 0 15 2932 3028 3145
6082 2 2 0 15 2916 3025 3141
6083 2 2 0 15 2925 3022 3154
6084 2 2 0 15 2927 3023 3155
6085 2 2 0 15 2928 3024 3156
6086 2 2 0 15 427 426 3075
6087 2 2 0 15 486 485 3076
6088 2 2 0 15 649 650 3077
6089 2 2 0 15 523 522 3078
6090 2 2 0 15 3002 2907 3203
6091 2 2 0 15 3009 3089 3134
6092 2 2 0 15 2893 3065 3187
6093 2 2 0 15 3001 3012 3132
6094 2 2 0 15 3002 3013 3133
6095 2 2 0 15 3005 2943 3159
6096 2 2 0 15 420 419 3162
6097 2 2 0 15 479 478 3163
6098 2 2 0 15 642 643 3164
6099 2 2 0 15 516 515 3165
6100 2 2 0 15 2952 3003 3175
6101 2 2 0 15 3011 3124 3157
6102 2 2 0 15 3004 2942 3147
6103 2 2 0 15 3006 2944 3148
6104 2 2 0 15 3072 2893 3104
6105 2 2 0 15 2960 3072 3104
6106 2 2 0 15 3013 2892 3153
6107 2 2 0 15 2892 3012 3157
6108 2 2 0 15 3105 2901 3171
6109 2 2 0 15 2959 3013 3153
6110 2 2 0 15 3090 2996 3186
6111 2 2 0 15 3105 3171 3198
6112 2 2 0 15 3012 2957 3157
6113 2 2 0 15 2936 3088 3089
6114 2 2 0 15 3088 2987 3089
6115 2 2 0 15 3097 2949 3120
6116 2 2 0 15 3098 2950 3123
6117 2 2 0 15 3099 2951 3122
6118 2 2 0 15 2952 3100 3121
6119 2 2 0 15 2929 3035 3141
6120 2 2 0 15 2937 3052 3189
6121 2 2 0 15 3052 2937 3192
6122 2 2 0 15 2939 3054 3190
6123 2 2 0 15 3053 2938 3193
6124 2 2 0 15 2940 3055 3191
6125 2 2 0 15 2938 3053 3194
6126 2 2 0 15 3054 2939 3195
6127 2 2 0 15 3055 2940 3196
6128 2 2 0 15 2980 3034 3174
6129 2 2 0 15 3033 2977 3173
6130 2 2 0 15 3032 2979 3172
6131 2 2 0 15 3079 2937 3189
6132 2 2 0 15 2937 3080 3192
6133 2 2 0 15 3082 2938 3194
6134 2 2 0 15 2938 3083 3193
6135 2 2 0 15 2939 3081 3195
6136 2 2 0 15 3085 2939 3190
6137 2 2 0 15 3086 2940 3191
6138 2 2 0 15 2940 3084 3196
6139 2 2 0 15 3087 2962 3115
6140 2 2 0 15 2956 3009 3134
6141 2 2 0 15 2912 3060 3158
6142 2 2 0 15 3047 423 3152
6143 2 2 0 15 3046 482 3151
6144 2 2 0 15 646 3045 3150
6145 2 2 0 15 3044 519 3149
6146 2 2 0 15 3070 2905 3197
6147 2 2 0 15 3038 2907 3136
6148 2 2 0 15 426 3032 3075
6149 2 2 0 15 485 3033 3076
6150 2 2 0 15 3034 649 3077
6151 2 2 0 15 522 3035 3078
6152 2 2 0 15 3092 2963 3116
6153 2 2 0 15 3093 2964 3117
6154 2 2 0 15 3065 2982 3070
6155 2 2 0 15 3038 2935 3090
6156 2 2 0 15 3010 2920 3166
6157 2 2 0 15 2933 3065 3070
6158 2 2 0 15 3073 2983 3074
6159 2 2 0 15 2960 3104 3126
6160 2 2 0 15 2934 3073 3074
6161 2 2 0 15 2895 3090 3186
6162 2 2 0 15 3030 2942 3118
6163 2 2 0 15 3031 2913 3119
6164 2 2 0 15 3012 2958 3132
6165 2 2 0 15 3013 2959 3133
6166 2 2 0 15 2935 3038 3136
6167 2 2 0 15 3091 2961 3118
6168 2 2 0 15 3117 2896 3175
6169 2 2 0 15 2957 3011 3157
6170 2 2 0 15 2908 3039 3125
6171 2 2 0 15 3012 2892 3185
6172 2 2 0 15 2892 3013 3185
6173 2 2 0 15 3089 2915 3134
6174 2 2 0 15 478 477 3129
6175 2 2 0 15 419 418 3127
6176 2 2 0 15 515 514 3130
6177 2 2 0 15 641 642 3128
6178 2 2 0 15 3047 2945 3112
6179 2 2 0 15 3046 2946 3111
6180 2 2 0 15 2977 3046 3111
6181 2 2 0 15 2979 3047 3112
6182 2 2 0 15 3044 2948 3109
6183 2 2 0 15 2947 3045 3110
6184 2 2 0 15 2978 3044 3109
6185 2 2 0 15 3045 2980 3110
6186 2 2 0 15 3014 2945 3152
6187 2 2 0 15 3015 2946 3151
6188 2 2 0 15 2947 3016 3150
6189 2 2 0 15 3017 2948 3149
6190 2 2 0 15 3014 2921 3137
6191 2 2 0 15 3015 2922 3138
6192 2 2 0 15 2923 3016 3139
6193 2 2 0 15 3017 2924 3140
6194 2 2 0 15 2901 3026 3120
6195 2 2 0 15 2902 3027 3122
6196 2 2 0 15 3029 2903 3121
6197 2 2 0 15 2904 3028 3123
6198 2 2 0 15 2894 3030 3118
6199 2 2 0 15 2945 3014 3137
6200 2 2 0 15 2946 3015 3138
6201 2 2 0 15 3016 2947 3139
6202 2 2 0 15 2948 3017 3140
6203 2 2 0 15 3013 2958 3185
6204 2 2 0 15 2958 3012 3185
6205 2 2 0 15 2943 3031 3119
6206 2 2 0 15 2893 3097 3104
6207 2 2 0 15 3097 2953 3104
6208 2 2 0 15 3066 2935 3136
6209 2 2 0 15 2911 3113 3131
6210 2 2 0 15 3039 2962 3167
6211 2 2 0 15 3034 2930 3174
6212 2 2 0 15 2931 3033 3173
6213 2 2 0 15 2932 3032 3172
6214 2 2 0 15 3048 2901 3120
6215 2 2 0 15 2949 3048 3120
6216 2 2 0 15 2903 3051 3121
6217 2 2 0 15 3051 2952 3121
6218 2 2 0 15 2950 3049 3123
6219 2 2 0 15 3050 2902 3122
6220 2 2 0 15 2951 3050 3122
6221 2 2 0 15 3049 2904 3123
6222 2 2 0 15 2960 3126 3160
6223 2 2 0 15 2955 3031 3142
6224 2 2 0 15 3036 2961 3135
6225 2 2 0 15 3037 2964 3125
6226 2 2 0 15 3158 2999 3164
6227 2 2 0 15 2975 3158 3164
6228 2 2 0 15 3069 2959 3166
6229 2 2 0 15 2921 3018 3137
6230 2 2 0 15 2922 3019 3138
6231 2 2 0 15 3020 2923 3139
6232 2 2 0 15 2924 3021 3140
6233 2 2 0 15 517 516 3181
6234 2 2 0 15 643 644 3180
6235 2 2 0 15 480 479 3179
6236 2 2 0 15 421 420 3178
6237 2 2 0 15 3030 2954 3131
6238 2 2 0 15 2953 3060 3126
6239 2 2 0 15 3060 2912 3126
6240 2 2 0 15 416 415 3192
6241 2 2 0 15 638 639 3189
6242 2 2 0 15 475 474 3196
6243 2 2 0 15 651 652 3193
6244 2 2 0 15 525 524 3194
6245 2 2 0 15 488 487 3190
6246 2 2 0 15 429 428 3191
6247 2 2 0 15 512 511 3195
6248 2 2 0 15 3025 2929 3141
6249 2 2 0 15 2933 3070 3197
6250 2 2 0 15 3071 2933 3197
6251 2 2 0 15 2942 3091 3118
6252 2 2 0 15 3026 2901 3143
6253 2 2 0 15 3027 2902 3144
6254 2 2 0 15 2903 3029 3146
6255 2 2 0 15 3028 2904 3145
6256 2 2 0 15 3072 2960 3170
6257 2 2 0 15 3022 2909 3154
6258 2 2 0 15 3023 2910 3155
6259 2 2 0 15 3024 2914 3156
6260 2 2 0 15 2923 3020 3161
6261 2 2 0 15 2907 3038 3203
6262 2 2 0 15 3038 2963 3203
6263 2 2 0 15 2941 3087 3115
6264 2 2 0 15 418 3040 3127
6265 2 2 0 15 3041 641 3128
6266 2 2 0 15 477 3042 3129
6267 2 2 0 15 514 3043 3130
6268 2 2 0 15 3068 2906 3132
6269 2 2 0 15 2958 3068 3132
6270 2 2 0 15 2959 3069 3133
6271 2 2 0 15 3069 2907 3133
6272 2 2 0 15 2943 3092 3116
6273 2 2 0 15 2944 3093 3117
6274 2 2 0 15 2918 3170 3202
6275 2 2 0 15 3170 3008 3202
6276 2 2 0 15 3124 2892 3157
6277 2 2 0 15 2948 3044 3149
6278 2 2 0 15 2946 3046 3151
6279 2 2 0 15 3045 2947 3150
6280 2 2 0 15 2945 3047 3152
6281 2 2 0 15 3062 2911 3131
6282 2 2 0 15 2954 3062 3131
6283 2 2 0 15 3116 2895 3142
6284 2 2 0 15 3168 2917 3176
6285 2 2 0 15 3001 3168 3176
6286 2 2 0 15 3002 3169 3177
6287 2 2 0 15 3169 2919 3177
6288 2 2 0 15 3067 2957 3176
6289 2 2 0 15 3068 2958 3177
6290 2 2 0 15 3063 2956 3134
6291 2 2 0 15 2915 3063 3134
6292 2 2 0 15 3100 2952 3175
6293 2 2 0 15 2951 3099 3186
6294 2 2 0 15 2949 3097 3187
6295 2 2 0 15 2950 3098 3188
6296 2 2 0 15 2892 3124 3153
6297 2 2 0 15 3124 2993 3153
6298 2 2 0 15 3099 2955 3142
6299 2 2 0 15 2984 3066 3136
6300 2 2 0 15 3091 2917 3168
6301 2 2 0 15 2961 3091 3168
6302 2 2 0 15 3092 2919 3169
6303 2 2 0 15 2963 3092 3169
6304 2 2 0 15 2943 3119 3159
6305 2 2 0 15 2906 3073 3135
6306 2 2 0 15 3104 2953 3126
6307 2 2 0 15 2942 3113 3147
6308 2 2 0 15 2944 3114 3148
6309 2 2 0 15 2971 3144 3200
6310 2 2 0 15 2972 3145 3201
6311 2 2 0 15 3146 2970 3199
6312 2 2 0 15 2902 3050 3182
6313 2 2 0 15 3051 2903 3183
6314 2 2 0 15 2904 3049 3184
6315 2 2 0 15 3064 2923 3161
6316 2 2 0 15 2989 3064 3161
6317 2 2 0 15 3056 421 3178
6318 2 2 0 15 3057 480 3179
6319 2 2 0 15 3059 517 3181
6320 2 2 0 15 644 3058 3180
6321 2 2 0 15 2901 3048 3171
6322 2 2 0 15 3080 2937 3198
6323 2 2 0 15 2966 3080 3198
6324 2 2 0 15 3083 2938 3199
6325 2 2 0 15 2970 3083 3199
6326 2 2 0 15 3085 2971 3200
6327 2 2 0 15 2939 3085 3200
6328 2 2 0 15 3086 2972 3201
6329 2 2 0 15 2940 3086 3201
6330 2 2 0 15 3062 2932 3172
6331 2 2 0 15 3061 2931 3173
6332 2 2 0 15 2930 3063 3174
6333 2 2 0 15 2973 3056 3178
6334 2 2 0 15 2974 3057 3179
6335 2 2 0 15 3058 2975 3180
6336 2 2 0 15 2976 3059 3181
6337 2 2 0 15 3052 638 3189
6338 2 2 0 15 415 3052 3192
6339 2 2 0 15 3053 525 3194
6340 2 2 0 15 511 3054 3195
6341 2 2 0 15 474 3055 3196
6342 2 2 0 15 652 3053 3193
6343 2 2 0 15 3054 488 3190
6344 2 2 0 15 3055 429 3191
6345 2 2 0 15 2895 3099 3142
6346 2 2 0 15 2901 3105 3143
6347 2 2 0 15 3105 2965 3143
6348 2 2 0 15 2899 3088 3167
6349 2 2 0 15 3087 2918 3202
6350 2 2 0 15 2962 3087 3202
6351 2 2 0 15 3113 2985 3147
6352 2 2 0 15 3114 2988 3148
6353 2 2 0 15 2981 3071 3197
6354 2 2 0 15 2896 3100 3175
6355 2 2 0 15 3126 2912 3160
6356 2 2 0 15 639 3079 3189
6357 2 2 0 15 3081 512 3195
6358 2 2 0 15 3080 416 3192
6359 2 2 0 15 524 3082 3194
6360 2 2 0 15 3083 651 3193
6361 2 2 0 15 3084 475 3196
6362 2 2 0 15 487 3085 3190
6363 2 2 0 15 428 3086 3191
6364 2 2 0 15 3119 2986 3159
6365 2 2 0 15 3107 2902 3182
6366 2 2 0 15 2903 3106 3183
6367 2 2 0 15 3108 2904 3184
6368 2 2 0 15 3099 2895 3186
6369 2 2 0 15 3097 2893 3187
6370 2 2 0 15 3098 2894 3188
6371 2 2 0 15 2967 3107 3182
6372 2 2 0 15 3106 2968 3183
6373 2 2 0 15 2969 3108 3184
6374 2 2 0 15 3169 3002 3203
6375 2 2 0 15 2937 3105 3198
6376 2 2 0 15 2938 3106 3199
6377 2 2 0 15 3107 2939 3200
6378 2 2 0 15 3108 2940 3201
6379 2 2 0 15 3171 2966 3198
6380 2 2 0 15 3162 2973 3178
6381 2 2 0 15 3163 2974 3179
6382 2 2 0 15 2975 3164 3180
6383 2 2 0 15 3165 2976 3181
6384 2 2 0 15 420 3162 3178
6385 2 2 0 15 479 3163 3179
6386 2 2 0 15 3164 643 3180
6387 2 2 0 15 516 3165 3181
6388 2 2 0 15 2963 3169 3203
6389 2 2 0 16 410 409 3289
6390 2 2 0 16 662 663 3290
6391 2 2 0 16 677 678 3291
6392 2 2 0 16 373 372 3292
6393 2 2 0 16 3275 3232 3323
6394 2 2 0 16 3232 3275 3406
6395 2 2 0 16 3258 3298 3422
6396 2 2 0 16 3228 3300 3421
6397 2 2 0 16 3300 3260 3421
6398 2 2 0 16 3298 3225 3422
6399 2 2 0 16 3299 3259 3423
6400 2 2 0 16 3227 3299 3423
6401 2 2 0 16 3257 3297 3424
6402 2 2 0 16 3297 3224 3424
6403 2 2 0 16 670 3278 3394
6404 2 2 0 16 655 3277 3392
6405 2 2 0 16 3279 365 3393
6406 2 2 0 16 412 3282 3397
6407 2 2 0 16 3280 402 3395
6408 2 2 0 16 375 3283 3399
6409 2 2 0 16 3281 665 3396
6410 2 2 0 16 3284 680 3398
6411 2 2 0 16 3272 3301 3320
6412 2 2 0 16 3271 3302 3319
6413 2 2 0 16 3378 3303 3413
6414 2 2 0 16 3272 3320 3483
6415 2 2 0 16 3271 3319 3484
6416 2 2 0 16 3218 3448 3482
6417 2 2 0 16 3304 3246 3384
6418 2 2 0 16 3245 3378 3413
6419 2 2 0 16 3217 3324 3379
6420 2 2 0 16 3277 655 3354
6421 2 2 0 16 3278 670 3351
6422 2 2 0 16 365 3279 3352
6423 2 2 0 16 402 3280 3353
6424 2 2 0 16 3210 3294 3315
6425 2 2 0 16 3294 3230 3315
6426 2 2 0 16 3209 3296 3316
6427 2 2 0 16 3296 3232 3316
6428 2 2 0 16 3217 3293 3317
6429 2 2 0 16 3293 3229 3317
6430 2 2 0 16 3219 3295 3318
6431 2 2 0 16 3295 3231 3318
6432 2 2 0 16 3246 3304 3414
6433 2 2 0 16 3313 3218 3482
6434 2 2 0 16 3324 3269 3379
6435 2 2 0 16 3281 3241 3391
6436 2 2 0 16 3242 3282 3390
6437 2 2 0 16 3243 3283 3388
6438 2 2 0 16 3284 3244 3389
6439 2 2 0 16 3237 3279 3485
6440 2 2 0 16 3278 3238 3495
6441 2 2 0 16 3240 3280 3496
6442 2 2 0 16 3282 3242 3497
6443 2 2 0 16 3238 3278 3351
6444 2 2 0 16 3279 3237 3352
6445 2 2 0 16 3280 3240 3353
6446 2 2 0 16 3282 412 3390
6447 2 2 0 16 665 3281 3391
6448 2 2 0 16 3283 375 3388
6449 2 2 0 16 680 3284 3389
6450 2 2 0 16 3241 3281 3456
6451 2 2 0 16 3283 3243 3457
6452 2 2 0 16 3244 3284 3458
6453 2 2 0 16 3233 3303 3331
6454 2 2 0 16 3235 3304 3332
6455 2 2 0 16 3303 3210 3331
6456 2 2 0 16 3304 3209 3332
6457 2 2 0 16 3297 3257 3449
6458 2 2 0 16 3298 3258 3450
6459 2 2 0 16 3259 3299 3451
6460 2 2 0 16 3260 3300 3452
6461 2 2 0 16 3354 3239 3455
6462 2 2 0 16 3277 3354 3455
6463 2 2 0 16 3246 3306 3347
6464 2 2 0 16 3229 3293 3383
6465 2 2 0 16 3231 3295 3386
6466 2 2 0 16 3230 3294 3379
6467 2 2 0 16 3232 3296 3380
6468 2 2 0 16 3308 3219 3318
6469 2 2 0 16 3253 3308 3318
6470 2 2 0 16 3270 3305 3480
6471 2 2 0 16 410 3289 3345
6472 2 2 0 16 3290 663 3346
6473 2 2 0 16 3291 678 3344
6474 2 2 0 16 373 3292 3343
6475 2 2 0 16 3221 3285 3465
6476 2 2 0 16 3222 3287 3466
6477 2 2 0 16 3274 3350 3426
6478 2 2 0 16 3292 3224 3486
6479 2 2 0 16 3228 3290 3488
6480 2 2 0 16 3227 3291 3487
6481 2 2 0 16 3273 3347 3429
6482 2 2 0 16 3275 3348 3428
6483 2 2 0 16 3238 3310 3367
6484 2 2 0 16 3301 3272 3471
6485 2 2 0 16 3302 3271 3472
6486 2 2 0 16 3209 3304 3384
6487 2 2 0 16 363 19 3363
6488 2 2 0 16 19 653 3363
6489 2 2 0 16 15 668 3364
6490 2 2 0 16 667 15 3364
6491 2 2 0 16 400 16 3365
6492 2 2 0 16 16 377 3365
6493 2 2 0 16 682 12 3366
6494 2 2 0 16 12 414 3366
6495 2 2 0 16 3210 3303 3378
6496 2 2 0 16 3302 3212 3319
6497 2 2 0 16 3301 3211 3320
6498 2 2 0 16 3239 3312 3372
6499 2 2 0 16 3224 3292 3424
6500 2 2 0 16 3290 3228 3421
6501 2 2 0 16 3291 3227 3423
6502 2 2 0 16 3275 3323 3437
6503 2 2 0 16 3350 3220 3426
6504 2 2 0 16 3347 3207 3429
6505 2 2 0 16 3348 3208 3428
6506 2 2 0 16 3326 407 3369
6507 2 2 0 16 660 3329 3371
6508 2 2 0 16 3327 370 3368
6509 2 2 0 16 675 3328 3370
6510 2 2 0 16 3286 3234 3376
6511 2 2 0 16 3288 3236 3377
6512 2 2 0 16 3323 3220 3437
6513 2 2 0 16 3347 3306 3499
6514 2 2 0 16 3305 3323 3480
6515 2 2 0 16 3289 409 3355
6516 2 2 0 16 662 3290 3356
6517 2 2 0 16 677 3291 3357
6518 2 2 0 16 3292 372 3358
6519 2 2 0 16 3306 3222 3336
6520 2 2 0 16 3263 3306 3336
6521 2 2 0 16 3234 3286 3370
6522 2 2 0 16 3236 3288 3371
6523 2 2 0 16 3285 3221 3407
6524 2 2 0 16 3287 3222 3408
6525 2 2 0 16 3293 3217 3508
6526 2 2 0 16 3331 3297 3449
6527 2 2 0 16 3332 3298 3450
6528 2 2 0 16 3299 3333 3451
6529 2 2 0 16 3300 3334 3452
6530 2 2 0 16 3296 3209 3384
6531 2 2 0 16 3295 3219 3385
6532 2 2 0 16 3294 3210 3378
6533 2 2 0 16 3379 3294 3381
6534 2 2 0 16 3217 3379 3381
6535 2 2 0 16 3307 3221 3335
6536 2 2 0 16 3261 3307 3335
6537 2 2 0 16 3211 3301 3473
6538 2 2 0 16 3212 3302 3474
6539 2 2 0 16 3305 3220 3323
6540 2 2 0 16 3380 3296 3387
6541 2 2 0 16 3218 3380 3387
6542 2 2 0 16 3262 3360 3367
6543 2 2 0 16 407 406 3369
6544 2 2 0 16 659 660 3371
6545 2 2 0 16 370 369 3368
6546 2 2 0 16 674 675 3370
6547 2 2 0 16 3210 3297 3331
6548 2 2 0 16 3209 3298 3332
6549 2 2 0 16 3299 3211 3333
6550 2 2 0 16 3300 3212 3334
6551 2 2 0 16 3382 3205 3383
6552 2 2 0 16 3293 3382 3383
6553 2 2 0 16 3367 3310 3468
6554 2 2 0 16 3298 3209 3459
6555 2 2 0 16 3372 3312 3469
6556 2 2 0 16 3212 3300 3475
6557 2 2 0 16 3410 3262 3446
6558 2 2 0 16 3206 3386 3415
6559 2 2 0 16 3386 3295 3415
6560 2 2 0 16 3297 3210 3470
6561 2 2 0 16 3305 3253 3426
6562 2 2 0 16 3220 3305 3426
6563 2 2 0 16 3225 3298 3425
6564 2 2 0 16 3224 3297 3430
6565 2 2 0 16 3422 3225 3453
6566 2 2 0 16 3217 3317 3324
6567 2 2 0 16 3300 3228 3402
6568 2 2 0 16 3211 3299 3403
6569 2 2 0 16 3299 3227 3404
6570 2 2 0 16 376 375 3399
6571 2 2 0 16 413 412 3397
6572 2 2 0 16 680 681 3398
6573 2 2 0 16 665 666 3396
6574 2 2 0 16 402 401 3395
6575 2 2 0 16 669 670 3394
6576 2 2 0 16 365 364 3393
6577 2 2 0 16 654 655 3392
6578 2 2 0 16 3245 3307 3382
6579 2 2 0 16 3368 3285 3407
6580 2 2 0 16 3233 3368 3407
6581 2 2 0 16 3369 3287 3408
6582 2 2 0 16 3235 3369 3408
6583 2 2 0 16 3208 3321 3412
6584 2 2 0 16 3321 3268 3412
6585 2 2 0 16 3320 3481 3514
6586 2 2 0 16 3448 3273 3482
6587 2 2 0 16 3221 3303 3407
6588 2 2 0 16 3222 3304 3408
6589 2 2 0 16 3206 3322 3410
6590 2 2 0 16 3322 3266 3410
6591 2 2 0 16 3303 3221 3413
6592 2 2 0 16 3303 3233 3407
6593 2 2 0 16 3304 3235 3408
6594 2 2 0 16 3304 3222 3414
6595 2 2 0 16 3314 3256 3428
6596 2 2 0 16 3349 3247 3385
6597 2 2 0 16 3246 3347 3387
6598 2 2 0 16 3305 3270 3464
6599 2 2 0 16 3289 3422 3453
6600 2 2 0 16 3285 3309 3465
6601 2 2 0 16 3287 3311 3466
6602 2 2 0 16 3349 3385 3447
6603 2 2 0 16 3387 3347 3448
6604 2 2 0 16 3360 3238 3367
6605 2 2 0 16 3207 3347 3499
6606 2 2 0 16 3320 3211 3481
6607 2 2 0 16 3262 3330 3446
6608 2 2 0 16 3342 3255 3429
6609 2 2 0 16 3313 3269 3325
6610 2 2 0 16 3237 3309 3440
6611 2 2 0 16 3310 3238 3439
6612 2 2 0 16 3312 3239 3441
6613 2 2 0 16 3240 3311 3442
6614 2 2 0 16 3342 3429 3454
6615 2 2 0 16 3481 3274 3514
6616 2 2 0 16 655 656 3354
6617 2 2 0 16 366 365 3352
6618 2 2 0 16 670 671 3351
6619 2 2 0 16 403 402 3353
6620 2 2 0 16 3308 3435 3436
6621 2 2 0 16 3350 3248 3437
6622 2 2 0 16 3308 3253 3435
6623 2 2 0 16 3317 3254 3324
6624 2 2 0 16 3308 3254 3427
6625 2 2 0 16 3219 3308 3427
6626 2 2 0 16 3267 3411 3433
6627 2 2 0 16 3412 3268 3434
6628 2 2 0 16 3410 3266 3432
6629 2 2 0 16 3265 3409 3431
6630 2 2 0 16 3253 3305 3435
6631 2 2 0 16 3334 3212 3474
6632 2 2 0 16 3333 3211 3473
6633 2 2 0 16 3314 3428 3489
6634 2 2 0 16 3338 3239 3372
6635 2 2 0 16 3265 3338 3372
6636 2 2 0 16 3339 3266 3373
6637 2 2 0 16 3267 3340 3374
6638 2 2 0 16 3241 3339 3373
6639 2 2 0 16 3340 3243 3374
6640 2 2 0 16 3341 3268 3375
6641 2 2 0 16 3244 3341 3375
6642 2 2 0 16 3248 3348 3437
6643 2 2 0 16 3375 3227 3487
6644 2 2 0 16 3373 3228 3488
6645 2 2 0 16 3224 3374 3486
6646 2 2 0 16 3224 3342 3374
6647 2 2 0 16 3342 3267 3374
6648 2 2 0 16 3335 3237 3359
6649 2 2 0 16 3261 3335 3359
6650 2 2 0 16 3336 3240 3361
6651 2 2 0 16 3263 3336 3361
6652 2 2 0 16 3242 3337 3362
6653 2 2 0 16 3337 3264 3362
6654 2 2 0 16 3315 3230 3405
6655 2 2 0 16 3255 3315 3405
6656 2 2 0 16 3316 3232 3406
6657 2 2 0 16 3256 3316 3406
6658 2 2 0 16 3317 3229 3400
6659 2 2 0 16 3254 3317 3400
6660 2 2 0 16 3253 3318 3401
6661 2 2 0 16 3318 3231 3401
6662 2 2 0 16 3225 3314 3337
6663 2 2 0 16 3314 3264 3337
6664 2 2 0 16 3309 3237 3465
6665 2 2 0 16 3311 3240 3466
6666 2 2 0 16 3222 3306 3414
6667 2 2 0 16 3306 3246 3414
6668 2 2 0 16 3306 3263 3499
6669 2 2 0 16 3221 3307 3413
6670 2 2 0 16 3307 3245 3413
6671 2 2 0 16 3359 3237 3485
6672 2 2 0 16 3330 3262 3367
6673 2 2 0 16 3340 3267 3433
6674 2 2 0 16 3268 3341 3434
6675 2 2 0 16 3266 3339 3432
6676 2 2 0 16 3338 3265 3431
6677 2 2 0 16 3307 3261 3498
6678 2 2 0 16 3209 3316 3459
6679 2 2 0 16 3248 3350 3403
6680 2 2 0 16 3382 3307 3498
6681 2 2 0 16 370 3327 3463
6682 2 2 0 16 3328 675 3462
6683 2 2 0 16 407 3326 3460
6684 2 2 0 16 3329 660 3461
6685 2 2 0 16 3322 3247 3402
6686 2 2 0 16 3321 3248 3404
6687 2 2 0 16 367 3309 3477
6688 2 2 0 16 3310 672 3478
6689 2 2 0 16 3312 657 3479
6690 2 2 0 16 404 3311 3476
6691 2 2 0 16 371 370 3463
6692 2 2 0 16 675 676 3462
6693 2 2 0 16 408 407 3460
6694 2 2 0 16 660 661 3461
6695 2 2 0 16 3435 3204 3436
6696 2 2 0 16 3210 3315 3470
6697 2 2 0 16 3352 3237 3440
6698 2 2 0 16 3238 3351 3439
6699 2 2 0 16 3239 3354 3441
6700 2 2 0 16 3353 3240 3442
6701 2 2 0 16 3248 3321 3348
6702 2 2 0 16 3321 3208 3348
6703 2 2 0 16 3254 3308 3436
6704 2 2 0 16 3229 3383 3484
6705 2 2 0 16 3231 3386 3483
6706 2 2 0 16 409 408 3355
6707 2 2 0 16 661 662 3356
6708 2 2 0 16 372 371 3358
6709 2 2 0 16 676 677 3357
6710 2 2 0 16 3232 3380 3480
6711 2 2 0 16 3230 3379 3490
6712 2 2 0 16 3238 3360 3495
6713 2 2 0 16 3361 3240 3496
6714 2 2 0 16 3242 3362 3497
6715 2 2 0 16 3309 3285 3477
6716 2 2 0 16 3311 3287 3476
6717 2 2 0 16 3241 3346 3391
6718 2 2 0 16 3345 3242 3390
6719 2 2 0 16 3244 3344 3389
6720 2 2 0 16 3343 3243 3388
6721 2 2 0 16 3218 3313 3443
6722 2 2 0 16 3256 3314 3425
6723 2 2 0 16 3314 3225 3425
6724 2 2 0 16 3214 3456 3510
6725 2 2 0 16 3457 3215 3511
6726 2 2 0 16 3216 3458 3512
6727 2 2 0 16 3286 3376 3468
6728 2 2 0 16 3288 3377 3469
6729 2 2 0 16 3403 3350 3481
6730 2 2 0 16 3418 3214 3510
6731 2 2 0 16 3215 3419 3511
6732 2 2 0 16 3420 3216 3512
6733 2 2 0 16 3324 3254 3436
6734 2 2 0 16 3233 3327 3368
6735 2 2 0 16 3235 3326 3369
6736 2 2 0 16 3328 3234 3370
6737 2 2 0 16 3329 3236 3371
6738 2 2 0 16 672 3310 3439
6739 2 2 0 16 3309 367 3440
6740 2 2 0 16 3311 404 3442
6741 2 2 0 16 657 3312 3441
6742 2 2 0 16 3249 3392 3417
6743 2 2 0 16 3392 3277 3417
6744 2 2 0 16 3394 3278 3418
6745 2 2 0 16 3250 3394 3418
6746 2 2 0 16 3280 3395 3419
6747 2 2 0 16 3395 3251 3419
6748 2 2 0 16 3397 3282 3420
6749 2 2 0 16 3252 3397 3420
6750 2 2 0 16 3349 3212 3475
6751 2 2 0 16 3269 3313 3490
6752 2 2 0 16 374 373 3343
6753 2 2 0 16 678 679 3344
6754 2 2 0 16 411 410 3345
6755 2 2 0 16 663 664 3346
6756 2 2 0 16 3223 3376 3471
6757 2 2 0 16 3376 3301 3471
6758 2 2 0 16 3226 3377 3472
6759 2 2 0 16 3377 3302 3472
6760 2 2 0 16 3376 3223 3468
6761 2 2 0 16 3377 3226 3469
6762 2 2 0 16 3345 3289 3453
6763 2 2 0 16 3239 3338 3455
6764 2 2 0 16 3339 3241 3456
6765 2 2 0 16 3243 3340 3457
6766 2 2 0 16 3341 3244 3458
6767 2 2 0 16 3225 3337 3453
6768 2 2 0 16 3237 3335 3465
6769 2 2 0 16 3240 3336 3466
6770 2 2 0 16 375 374 3388
6771 2 2 0 16 679 680 3389
6772 2 2 0 16 412 411 3390
6773 2 2 0 16 664 665 3391
6774 2 2 0 16 3206 3410 3446
6775 2 2 0 16 3322 3402 3444
6776 2 2 0 16 3322 3206 3415
6777 2 2 0 16 3321 3404 3445
6778 2 2 0 16 3247 3322 3415
6779 2 2 0 16 3427 3276 3447
6780 2 2 0 16 3205 3382 3498
6781 2 2 0 16 3313 3325 3443
6782 2 2 0 16 3315 3255 3470
6783 2 2 0 16 368 367 3477
6784 2 2 0 16 672 673 3478
6785 2 2 0 16 657 658 3479
6786 2 2 0 16 405 404 3476
6787 2 2 0 16 3264 3314 3489
6788 2 2 0 16 3316 3256 3459
6789 2 2 0 16 3383 3205 3416
6790 2 2 0 16 3271 3383 3416
6791 2 2 0 16 3325 3204 3464
6792 2 2 0 16 3324 3436 3467
6793 2 2 0 16 3223 3330 3367
6794 2 2 0 16 3204 3325 3467
6795 2 2 0 16 3417 3213 3485
6796 2 2 0 16 3270 3325 3464
6797 2 2 0 16 3417 3485 3509
6798 2 2 0 16 3325 3269 3467
6799 2 2 0 16 3248 3403 3404
6800 2 2 0 16 3403 3299 3404
6801 2 2 0 16 3409 3261 3431
6802 2 2 0 16 3262 3410 3432
6803 2 2 0 16 3411 3263 3433
6804 2 2 0 16 3264 3412 3434
6805 2 2 0 16 3242 3345 3453
6806 2 2 0 16 3249 3363 3503
6807 2 2 0 16 3363 3249 3505
6808 2 2 0 16 3364 3250 3501
6809 2 2 0 16 3250 3364 3502
6810 2 2 0 16 3251 3365 3500
6811 2 2 0 16 3366 3252 3506
6812 2 2 0 16 3365 3251 3507
6813 2 2 0 16 3252 3366 3504
6814 2 2 0 16 3290 3346 3488
6815 2 2 0 16 3291 3344 3487
6816 2 2 0 16 3343 3292 3486
6817 2 2 0 16 3319 3212 3515
6818 2 2 0 16 3392 3249 3503
6819 2 2 0 16 3394 3250 3502
6820 2 2 0 16 3249 3393 3505
6821 2 2 0 16 3250 3396 3501
6822 2 2 0 16 3399 3251 3500
6823 2 2 0 16 3251 3395 3507
6824 2 2 0 16 3252 3398 3506
6825 2 2 0 16 3397 3252 3504
6826 2 2 0 16 3223 3367 3468
6827 2 2 0 16 3400 3276 3427
6828 2 2 0 16 3401 3274 3426
6829 2 2 0 16 3268 3321 3445
6830 2 2 0 16 3226 3372 3469
6831 2 2 0 16 3358 371 3463
6832 2 2 0 16 3355 408 3460
6833 2 2 0 16 676 3357 3462
6834 2 2 0 16 661 3356 3461
6835 2 2 0 16 3217 3381 3508
6836 2 2 0 16 3266 3322 3444
6837 2 2 0 16 374 3343 3388
6838 2 2 0 16 3344 679 3389
6839 2 2 0 16 411 3345 3390
6840 2 2 0 16 3346 664 3391
6841 2 2 0 16 3405 3273 3429
6842 2 2 0 16 3406 3275 3428
6843 2 2 0 16 3294 3378 3381
6844 2 2 0 16 3323 3232 3480
6845 2 2 0 16 3219 3427 3447
6846 2 2 0 16 3378 3245 3381
6847 2 2 0 16 3330 3223 3471
6848 2 2 0 16 3272 3330 3471
6849 2 2 0 16 3296 3384 3387
6850 2 2 0 16 3271 3416 3438
6851 2 2 0 16 3384 3246 3387
6852 2 2 0 16 3342 3224 3430
6853 2 2 0 16 3325 3270 3443
6854 2 2 0 16 3428 3208 3489
6855 2 2 0 16 3269 3324 3467
6856 2 2 0 16 3220 3350 3437
6857 2 2 0 16 3385 3247 3415
6858 2 2 0 16 3402 3228 3444
6859 2 2 0 16 3404 3227 3445
6860 2 2 0 16 404 403 3442
6861 2 2 0 16 671 672 3439
6862 2 2 0 16 367 366 3440
6863 2 2 0 16 656 657 3441
6864 2 2 0 16 3358 3257 3424
6865 2 2 0 16 3355 3258 3422
6866 2 2 0 16 3289 3355 3422
6867 2 2 0 16 3292 3358 3424
6868 2 2 0 16 3259 3357 3423
6869 2 2 0 16 3357 3291 3423
6870 2 2 0 16 3260 3356 3421
6871 2 2 0 16 3356 3290 3421
6872 2 2 0 16 3326 3258 3460
6873 2 2 0 16 3327 3257 3463
6874 2 2 0 16 3259 3328 3462
6875 2 2 0 16 3260 3329 3461
6876 2 2 0 16 3327 3233 3449
6877 2 2 0 16 3326 3235 3450
6878 2 2 0 16 3234 3328 3451
6879 2 2 0 16 3236 3329 3452
6880 2 2 0 16 3213 3338 3431
6881 2 2 0 16 3339 3214 3432
6882 2 2 0 16 3215 3340 3433
6883 2 2 0 16 3341 3216 3434
6884 2 2 0 16 3257 3327 3449
6885 2 2 0 16 3258 3326 3450
6886 2 2 0 16 3328 3259 3451
6887 2 2 0 16 3329 3260 3452
6888 2 2 0 16 3255 3342 3430
6889 2 2 0 16 3205 3409 3416
6890 2 2 0 16 3409 3265 3416
6891 2 2 0 16 3295 3385 3415
6892 2 2 0 16 3350 3274 3481
6893 2 2 0 16 3346 3241 3488
6894 2 2 0 16 3344 3244 3487
6895 2 2 0 16 3243 3343 3486
6896 2 2 0 16 3359 3213 3431
6897 2 2 0 16 3261 3359 3431
6898 2 2 0 16 3360 3262 3432
6899 2 2 0 16 3214 3360 3432
6900 2 2 0 16 3263 3361 3433
6901 2 2 0 16 3361 3215 3433
6902 2 2 0 16 3362 3264 3434
6903 2 2 0 16 3216 3362 3434
6904 2 2 0 16 3271 3438 3472
6905 2 2 0 16 3267 3342 3454
6906 2 2 0 16 3347 3273 3448
6907 2 2 0 16 3276 3349 3447
6908 2 2 0 16 3330 3272 3446
6909 2 2 0 16 3348 3275 3437
6910 2 2 0 16 3468 3310 3478
6911 2 2 0 16 3286 3468 3478
6912 2 2 0 16 3469 3312 3479
6913 2 2 0 16 3288 3469 3479
6914 2 2 0 16 3380 3270 3480
6915 2 2 0 16 3233 3331 3449
6916 2 2 0 16 3235 3332 3450
6917 2 2 0 16 3333 3234 3451
6918 2 2 0 16 3334 3236 3452
6919 2 2 0 16 406 405 3494
6920 2 2 0 16 658 659 3493
6921 2 2 0 16 369 368 3491
6922 2 2 0 16 673 674 3492
6923 2 2 0 16 3349 3276 3515
6924 2 2 0 16 3212 3349 3515
6925 2 2 0 16 3265 3372 3438
6926 2 2 0 16 3372 3226 3438
6927 2 2 0 16 364 363 3505
6928 2 2 0 16 668 669 3502
6929 2 2 0 16 653 654 3503
6930 2 2 0 16 401 400 3507
6931 2 2 0 16 666 667 3501
6932 2 2 0 16 377 376 3500
6933 2 2 0 16 414 413 3504
6934 2 2 0 16 681 682 3506
6935 2 2 0 16 3337 3242 3453
6936 2 2 0 16 3381 3245 3508
6937 2 2 0 16 3245 3382 3508
6938 2 2 0 16 3338 3213 3455
6939 2 2 0 16 3214 3339 3456
6940 2 2 0 16 3340 3215 3457
6941 2 2 0 16 3216 3341 3458
6942 2 2 0 16 3386 3272 3483
6943 2 2 0 16 3383 3271 3484
6944 2 2 0 16 3335 3221 3465
6945 2 2 0 16 3336 3222 3466
6946 2 2 0 16 3234 3333 3473
6947 2 2 0 16 3236 3334 3474
6948 2 2 0 16 3253 3401 3426
6949 2 2 0 16 3254 3400 3427
6950 2 2 0 16 3351 671 3439
6951 2 2 0 16 366 3352 3440
6952 2 2 0 16 3354 656 3441
6953 2 2 0 16 403 3353 3442
6954 2 2 0 16 3270 3380 3443
6955 2 2 0 16 3380 3218 3443
6956 2 2 0 16 3256 3406 3428
6957 2 2 0 16 3255 3405 3429
6958 2 2 0 16 3272 3386 3446
6959 2 2 0 16 3386 3206 3446
6960 2 2 0 16 3247 3349 3475
6961 2 2 0 16 3483 3320 3514
6962 2 2 0 16 3231 3483 3514
6963 2 2 0 16 3229 3484 3513
6964 2 2 0 16 3484 3319 3513
6965 2 2 0 16 3436 3204 3467
6966 2 2 0 16 3258 3355 3460
6967 2 2 0 16 3356 3260 3461
6968 2 2 0 16 3357 3259 3462
6969 2 2 0 16 3257 3358 3463
6970 2 2 0 16 3429 3207 3454
6971 2 2 0 16 3482 3230 3490
6972 2 2 0 16 3313 3482 3490
6973 2 2 0 16 3379 3269 3490
6974 2 2 0 16 3373 3266 3444
6975 2 2 0 16 3228 3373 3444
6976 2 2 0 16 3227 3375 3445
6977 2 2 0 16 3375 3268 3445
6978 2 2 0 16 3412 3264 3489
6979 2 2 0 16 3261 3409 3498
6980 2 2 0 16 3263 3411 3499
6981 2 2 0 16 3204 3435 3464
6982 2 2 0 16 3435 3305 3464
6983 2 2 0 16 3411 3267 3454
6984 2 2 0 16 3405 3230 3482
6985 2 2 0 16 3273 3405 3482
6986 2 2 0 16 3255 3430 3470
6987 2 2 0 16 3385 3219 3447
6988 2 2 0 16 3218 3387 3448
6989 2 2 0 16 3416 3265 3438
6990 2 2 0 16 3256 3425 3459
6991 2 2 0 16 3456 3281 3510
6992 2 2 0 16 3283 3457 3511
6993 2 2 0 16 3458 3284 3512
6994 2 2 0 16 3360 3214 3495
6995 2 2 0 16 3215 3361 3496
6996 2 2 0 16 3362 3216 3497
6997 2 2 0 16 3376 3234 3473
6998 2 2 0 16 3377 3236 3474
6999 2 2 0 16 3301 3376 3473
7000 2 2 0 16 3302 3377 3474
7001 2 2 0 16 3369 406 3494
7002 2 2 0 16 3368 369 3491
7003 2 2 0 16 674 3370 3492
7004 2 2 0 16 659 3371 3493
7005 2 2 0 16 3213 3359 3485
7006 2 2 0 16 3393 3249 3509
7007 2 2 0 16 3279 3393 3509
7008 2 2 0 16 3396 3250 3510
7009 2 2 0 16 3281 3396 3510
7010 2 2 0 16 3284 3398 3512
7011 2 2 0 16 3398 3252 3512
7012 2 2 0 16 3399 3283 3511
7013 2 2 0 16 3251 3399 3511
7014 2 2 0 16 3374 3243 3486
7015 2 2 0 16 3244 3375 3487
7016 2 2 0 16 3241 3373 3488
7017 2 2 0 16 3285 3368 3491
7018 2 2 0 16 3370 3286 3492
7019 2 2 0 16 3287 3369 3494
7020 2 2 0 16 3371 3288 3493
7021 2 2 0 16 3402 3247 3475
7022 2 2 0 16 363 3363 3505
7023 2 2 0 16 3363 653 3503
7024 2 2 0 16 3364 668 3502
7025 2 2 0 16 667 3364 3501
7026 2 2 0 16 400 3365 3507
7027 2 2 0 16 3366 414 3504
7028 2 2 0 16 682 3366 3506
7029 2 2 0 16 3365 377 3500
7030 2 2 0 16 3207 3411 3454
7031 2 2 0 16 3417 3277 3455
7032 2 2 0 16 3213 3417 3455
7033 2 2 0 16 3300 3402 3475
7034 2 2 0 16 3211 3403 3481
7035 2 2 0 16 3400 3229 3513
7036 2 2 0 16 3276 3400 3513
7037 2 2 0 16 3401 3231 3514
7038 2 2 0 16 3274 3401 3514
7039 2 2 0 16 3425 3298 3459
7040 2 2 0 16 3382 3293 3508
7041 2 2 0 16 3208 3412 3489
7042 2 2 0 16 3438 3226 3472
7043 2 2 0 16 654 3392 3503
7044 2 2 0 16 669 3394 3502
7045 2 2 0 16 3393 364 3505
7046 2 2 0 16 3395 401 3507
7047 2 2 0 16 3396 666 3501
7048 2 2 0 16 413 3397 3504
7049 2 2 0 16 3398 681 3506
7050 2 2 0 16 376 3399 3500
7051 2 2 0 16 3430 3297 3470
7052 2 2 0 16 3214 3418 3495
7053 2 2 0 16 3419 3215 3496
7054 2 2 0 16 3216 3420 3497
7055 2 2 0 16 3409 3205 3498
7056 2 2 0 16 3411 3207 3499
7057 2 2 0 16 3418 3278 3495
7058 2 2 0 16 3280 3419 3496
7059 2 2 0 16 3420 3282 3497
7060 2 2 0 16 3249 3417 3509
7061 2 2 0 16 3250 3418 3510
7062 2 2 0 16 3419 3251 3511
7063 2 2 0 16 3252 3420 3512
7064 2 2 0 16 3485 3279 3509
7065 2 2 0 16 3477 3285 3491
7066 2 2 0 16 3286 3478 3492
7067 2 2 0 16 3476 3287 3494
7068 2 2 0 16 3288 3479 3493
7069 2 2 0 16 368 3477 3491
7070 2 2 0 16 3478 673 3492
7071 2 2 0 16 405 3476 3494
7072 2 2 0 16 3479 658 3493
7073 2 2 0 16 3276 3513 3515
7074 2 2 0 16 3513 3319 3515
7075 2 2 0 17 269 268 3601
7076 2 2 0 17 232 231 3603
7077 2 2 0 17 692 693 3602
7078 2 2 0 17 707 708 3604
7079 2 2 0 17 3587 3544 3635
7080 2 2 0 17 3544 3587 3718
7081 2 2 0 17 3539 3611 3733
7082 2 2 0 17 3611 3571 3733
7083 2 2 0 17 3570 3610 3734
7084 2 2 0 17 3610 3538 3734
7085 2 2 0 17 3569 3609 3735
7086 2 2 0 17 3609 3534 3735
7087 2 2 0 17 3612 3572 3736
7088 2 2 0 17 3540 3612 3736
7089 2 2 0 17 271 3593 3708
7090 2 2 0 17 700 3589 3703
7091 2 2 0 17 685 3590 3704
7092 2 2 0 17 234 3595 3710
7093 2 2 0 17 3591 695 3705
7094 2 2 0 17 3592 224 3706
7095 2 2 0 17 3594 261 3707
7096 2 2 0 17 3596 710 3709
7097 2 2 0 17 3583 3613 3631
7098 2 2 0 17 3584 3614 3632
7099 2 2 0 17 3584 3632 3796
7100 2 2 0 17 3583 3631 3795
7101 2 2 0 17 3531 3759 3794
7102 2 2 0 17 3615 3557 3694
7103 2 2 0 17 3616 3558 3698
7104 2 2 0 17 3529 3636 3691
7105 2 2 0 17 3589 700 3664
7106 2 2 0 17 3590 685 3665
7107 2 2 0 17 224 3592 3663
7108 2 2 0 17 261 3594 3666
7109 2 2 0 17 3521 3605 3627
7110 2 2 0 17 3605 3542 3627
7111 2 2 0 17 3522 3608 3628
7112 2 2 0 17 3608 3544 3628
7113 2 2 0 17 3529 3606 3629
7114 2 2 0 17 3606 3541 3629
7115 2 2 0 17 3530 3607 3630
7116 2 2 0 17 3607 3543 3630
7117 2 2 0 17 3557 3615 3726
7118 2 2 0 17 3558 3616 3727
7119 2 2 0 17 3625 3531 3794
7120 2 2 0 17 3636 3581 3691
7121 2 2 0 17 3591 3551 3702
7122 2 2 0 17 3553 3593 3700
7123 2 2 0 17 3555 3595 3699
7124 2 2 0 17 3596 3556 3701
7125 2 2 0 17 3550 3592 3797
7126 2 2 0 17 3589 3549 3807
7127 2 2 0 17 3593 3553 3808
7128 2 2 0 17 3554 3594 3809
7129 2 2 0 17 3549 3589 3664
7130 2 2 0 17 3592 3550 3663
7131 2 2 0 17 3594 3554 3666
7132 2 2 0 17 3593 271 3700
7133 2 2 0 17 695 3591 3702
7134 2 2 0 17 3595 234 3699
7135 2 2 0 17 710 3596 3701
7136 2 2 0 17 3551 3591 3766
7137 2 2 0 17 3595 3555 3768
7138 2 2 0 17 3556 3596 3769
7139 2 2 0 17 3545 3615 3643
7140 2 2 0 17 3615 3521 3643
7141 2 2 0 17 3547 3616 3644
7142 2 2 0 17 3616 3522 3644
7143 2 2 0 17 3609 3569 3760
7144 2 2 0 17 3610 3570 3761
7145 2 2 0 17 3572 3612 3762
7146 2 2 0 17 3571 3611 3763
7147 2 2 0 17 3665 3552 3767
7148 2 2 0 17 3590 3665 3767
7149 2 2 0 17 3558 3619 3659
7150 2 2 0 17 3541 3606 3695
7151 2 2 0 17 3543 3607 3697
7152 2 2 0 17 3542 3605 3691
7153 2 2 0 17 3544 3608 3692
7154 2 2 0 17 3620 3530 3630
7155 2 2 0 17 3566 3620 3630
7156 2 2 0 17 3582 3617 3791
7157 2 2 0 17 3602 693 3658
7158 2 2 0 17 269 3601 3656
7159 2 2 0 17 232 3603 3655
7160 2 2 0 17 3604 708 3657
7161 2 2 0 17 3533 3597 3777
7162 2 2 0 17 3535 3599 3778
7163 2 2 0 17 3586 3661 3738
7164 2 2 0 17 3588 3662 3739
7165 2 2 0 17 3603 3534 3798
7166 2 2 0 17 3539 3602 3800
7167 2 2 0 17 3540 3604 3799
7168 2 2 0 17 3585 3659 3740
7169 2 2 0 17 3587 3660 3741
7170 2 2 0 17 3549 3622 3679
7171 2 2 0 17 3613 3583 3783
7172 2 2 0 17 3614 3584 3784
7173 2 2 0 17 3521 3615 3694
7174 2 2 0 17 18 698 3675
7175 2 2 0 17 697 18 3675
7176 2 2 0 17 21 683 3676
7177 2 2 0 17 222 21 3676
7178 2 2 0 17 259 26 3677
7179 2 2 0 17 26 236 3677
7180 2 2 0 17 22 273 3678
7181 2 2 0 17 712 22 3678
7182 2 2 0 17 3522 3616 3698
7183 2 2 0 17 3613 3523 3631
7184 2 2 0 17 3614 3524 3632
7185 2 2 0 17 3552 3624 3684
7186 2 2 0 17 3534 3603 3735
7187 2 2 0 17 3602 3539 3733
7188 2 2 0 17 3604 3540 3736
7189 2 2 0 17 3587 3635 3749
7190 2 2 0 17 3607 3530 3770
7191 2 2 0 17 3661 3530 3738
7192 2 2 0 17 3662 3532 3739
7193 2 2 0 17 3659 3518 3740
7194 2 2 0 17 3660 3520 3741
7195 2 2 0 17 3639 266 3681
7196 2 2 0 17 690 3640 3683
7197 2 2 0 17 3638 229 3680
7198 2 2 0 17 705 3641 3682
7199 2 2 0 17 3598 3546 3688
7200 2 2 0 17 3600 3548 3689
7201 2 2 0 17 3635 3532 3749
7202 2 2 0 17 3659 3619 3811
7203 2 2 0 17 3617 3635 3791
7204 2 2 0 17 3601 268 3668
7205 2 2 0 17 692 3602 3667
7206 2 2 0 17 3603 231 3669
7207 2 2 0 17 707 3604 3670
7208 2 2 0 17 3618 3533 3647
7209 2 2 0 17 3574 3618 3647
7210 2 2 0 17 3619 3535 3648
7211 2 2 0 17 3575 3619 3648
7212 2 2 0 17 3546 3598 3682
7213 2 2 0 17 3548 3600 3683
7214 2 2 0 17 3597 3533 3720
7215 2 2 0 17 3599 3535 3721
7216 2 2 0 17 3519 3607 3719
7217 2 2 0 17 3643 3609 3760
7218 2 2 0 17 3644 3610 3761
7219 2 2 0 17 3612 3645 3762
7220 2 2 0 17 3611 3646 3763
7221 2 2 0 17 3605 3521 3694
7222 2 2 0 17 3607 3519 3697
7223 2 2 0 17 3608 3522 3698
7224 2 2 0 17 3606 3529 3693
7225 2 2 0 17 3523 3613 3785
7226 2 2 0 17 3524 3614 3786
7227 2 2 0 17 3690 3517 3695
7228 2 2 0 17 3606 3690 3695
7229 2 2 0 17 3617 3532 3635
7230 2 2 0 17 3531 3692 3696
7231 2 2 0 17 3692 3608 3696
7232 2 2 0 17 3573 3671 3679
7233 2 2 0 17 266 265 3681
7234 2 2 0 17 689 690 3683
7235 2 2 0 17 229 228 3680
7236 2 2 0 17 704 705 3682
7237 2 2 0 17 3521 3609 3643
7238 2 2 0 17 3522 3610 3644
7239 2 2 0 17 3611 3523 3646
7240 2 2 0 17 3612 3524 3645
7241 2 2 0 17 3679 3622 3780
7242 2 2 0 17 3610 3522 3771
7243 2 2 0 17 3529 3691 3820
7244 2 2 0 17 3684 3624 3781
7245 2 2 0 17 3723 3573 3758
7246 2 2 0 17 3609 3521 3782
7247 2 2 0 17 3617 3566 3739
7248 2 2 0 17 3532 3617 3739
7249 2 2 0 17 3538 3610 3737
7250 2 2 0 17 3691 3605 3820
7251 2 2 0 17 3534 3609 3742
7252 2 2 0 17 3734 3538 3764
7253 2 2 0 17 3529 3629 3636
7254 2 2 0 17 3523 3611 3713
7255 2 2 0 17 3524 3612 3715
7256 2 2 0 17 3611 3539 3714
7257 2 2 0 17 3612 3540 3716
7258 2 2 0 17 235 234 3710
7259 2 2 0 17 272 271 3708
7260 2 2 0 17 710 711 3709
7261 2 2 0 17 224 223 3706
7262 2 2 0 17 684 685 3704
7263 2 2 0 17 695 696 3705
7264 2 2 0 17 261 260 3707
7265 2 2 0 17 699 700 3703
7266 2 2 0 17 3680 3597 3720
7267 2 2 0 17 3545 3680 3720
7268 2 2 0 17 3547 3681 3721
7269 2 2 0 17 3681 3599 3721
7270 2 2 0 17 3557 3618 3690
7271 2 2 0 17 3633 3578 3723
7272 2 2 0 17 3519 3633 3723
7273 2 2 0 17 3520 3634 3725
7274 2 2 0 17 3634 3580 3725
7275 2 2 0 17 3631 3792 3825
7276 2 2 0 17 3632 3793 3826
7277 2 2 0 17 3759 3585 3794
7278 2 2 0 17 3533 3615 3720
7279 2 2 0 17 3535 3616 3721
7280 2 2 0 17 3615 3545 3720
7281 2 2 0 17 3616 3547 3721
7282 2 2 0 17 3615 3533 3726
7283 2 2 0 17 3616 3535 3727
7284 2 2 0 17 3626 3568 3741
7285 2 2 0 17 3558 3659 3696
7286 2 2 0 17 3617 3582 3776
7287 2 2 0 17 3601 3734 3764
7288 2 2 0 17 3597 3621 3777
7289 2 2 0 17 3599 3623 3778
7290 2 2 0 17 3696 3659 3759
7291 2 2 0 17 3671 3549 3679
7292 2 2 0 17 3518 3659 3811
7293 2 2 0 17 3631 3523 3792
7294 2 2 0 17 3632 3524 3793
7295 2 2 0 17 3573 3642 3758
7296 2 2 0 17 3654 3567 3740
7297 2 2 0 17 3625 3581 3637
7298 2 2 0 17 3622 3549 3751
7299 2 2 0 17 3550 3621 3752
7300 2 2 0 17 3624 3552 3753
7301 2 2 0 17 3554 3623 3754
7302 2 2 0 17 3654 3740 3765
7303 2 2 0 17 3792 3586 3825
7304 2 2 0 17 3793 3588 3826
7305 2 2 0 17 700 701 3664
7306 2 2 0 17 685 686 3665
7307 2 2 0 17 262 261 3666
7308 2 2 0 17 225 224 3663
7309 2 2 0 17 3620 3747 3748
7310 2 2 0 17 3662 3560 3749
7311 2 2 0 17 3620 3566 3747
7312 2 2 0 17 3629 3565 3636
7313 2 2 0 17 3620 3565 3738
7314 2 2 0 17 3530 3620 3738
7315 2 2 0 17 3579 3724 3745
7316 2 2 0 17 3725 3580 3746
7317 2 2 0 17 3577 3722 3744
7318 2 2 0 17 3723 3578 3743
7319 2 2 0 17 3566 3617 3747
7320 2 2 0 17 3646 3523 3785
7321 2 2 0 17 3645 3524 3786
7322 2 2 0 17 3626 3741 3801
7323 2 2 0 17 3577 3651 3684
7324 2 2 0 17 3651 3552 3684
7325 2 2 0 17 3551 3650 3685
7326 2 2 0 17 3650 3578 3685
7327 2 2 0 17 3579 3652 3686
7328 2 2 0 17 3652 3555 3686
7329 2 2 0 17 3653 3580 3687
7330 2 2 0 17 3556 3653 3687
7331 2 2 0 17 3560 3660 3749
7332 2 2 0 17 3685 3539 3800
7333 2 2 0 17 3534 3686 3798
7334 2 2 0 17 3687 3540 3799
7335 2 2 0 17 3534 3654 3686
7336 2 2 0 17 3654 3579 3686
7337 2 2 0 17 3647 3550 3672
7338 2 2 0 17 3574 3647 3672
7339 2 2 0 17 3575 3648 3673
7340 2 2 0 17 3553 3649 3674
7341 2 2 0 17 3648 3554 3673
7342 2 2 0 17 3649 3576 3674
7343 2 2 0 17 3627 3542 3717
7344 2 2 0 17 3567 3627 3717
7345 2 2 0 17 3628 3544 3718
7346 2 2 0 17 3568 3628 3718
7347 2 2 0 17 3565 3629 3711
7348 2 2 0 17 3629 3541 3711
7349 2 2 0 17 3566 3630 3712
7350 2 2 0 17 3630 3543 3712
7351 2 2 0 17 3626 3576 3649
7352 2 2 0 17 3538 3626 3649
7353 2 2 0 17 3621 3550 3777
7354 2 2 0 17 3623 3554 3778
7355 2 2 0 17 3533 3618 3726
7356 2 2 0 17 3535 3619 3727
7357 2 2 0 17 3618 3557 3726
7358 2 2 0 17 3619 3558 3727
7359 2 2 0 17 3618 3574 3810
7360 2 2 0 17 3619 3575 3811
7361 2 2 0 17 3672 3550 3797
7362 2 2 0 17 3642 3573 3679
7363 2 2 0 17 3652 3579 3745
7364 2 2 0 17 3580 3653 3746
7365 2 2 0 17 3578 3650 3743
7366 2 2 0 17 3651 3577 3744
7367 2 2 0 17 3522 3628 3771
7368 2 2 0 17 3559 3661 3713
7369 2 2 0 17 3560 3662 3715
7370 2 2 0 17 229 3638 3774
7371 2 2 0 17 3641 705 3775
7372 2 2 0 17 266 3639 3773
7373 2 2 0 17 3640 690 3772
7374 2 2 0 17 3633 3559 3714
7375 2 2 0 17 3634 3560 3716
7376 2 2 0 17 3622 702 3790
7377 2 2 0 17 226 3621 3787
7378 2 2 0 17 263 3623 3788
7379 2 2 0 17 3624 687 3789
7380 2 2 0 17 230 229 3774
7381 2 2 0 17 705 706 3775
7382 2 2 0 17 267 266 3773
7383 2 2 0 17 690 691 3772
7384 2 2 0 17 3690 3618 3810
7385 2 2 0 17 3747 3516 3748
7386 2 2 0 17 3521 3627 3782
7387 2 2 0 17 3549 3664 3751
7388 2 2 0 17 3663 3550 3752
7389 2 2 0 17 3552 3665 3753
7390 2 2 0 17 3666 3554 3754
7391 2 2 0 17 3560 3634 3660
7392 2 2 0 17 3634 3520 3660
7393 2 2 0 17 3565 3620 3748
7394 2 2 0 17 3541 3695 3795
7395 2 2 0 17 3543 3697 3796
7396 2 2 0 17 268 267 3668
7397 2 2 0 17 231 230 3669
7398 2 2 0 17 691 692 3667
7399 2 2 0 17 706 707 3670
7400 2 2 0 17 3544 3692 3791
7401 2 2 0 17 3542 3691 3802
7402 2 2 0 17 3549 3671 3807
7403 2 2 0 17 3553 3674 3808
7404 2 2 0 17 3673 3554 3809
7405 2 2 0 17 3621 3597 3787
7406 2 2 0 17 3623 3599 3788
7407 2 2 0 17 3551 3658 3702
7408 2 2 0 17 3656 3553 3700
7409 2 2 0 17 3655 3555 3699
7410 2 2 0 17 3556 3657 3701
7411 2 2 0 17 3531 3625 3755
7412 2 2 0 17 3568 3626 3737
7413 2 2 0 17 3626 3538 3737
7414 2 2 0 17 3525 3766 3821
7415 2 2 0 17 3768 3527 3823
7416 2 2 0 17 3528 3769 3824
7417 2 2 0 17 3598 3688 3780
7418 2 2 0 17 3600 3689 3781
7419 2 2 0 17 3713 3661 3792
7420 2 2 0 17 3715 3662 3793
7421 2 2 0 17 3729 3525 3821
7422 2 2 0 17 3732 3528 3824
7423 2 2 0 17 3527 3731 3823
7424 2 2 0 17 3636 3565 3748
7425 2 2 0 17 3545 3638 3680
7426 2 2 0 17 3547 3639 3681
7427 2 2 0 17 3641 3546 3682
7428 2 2 0 17 3640 3548 3683
7429 2 2 0 17 3621 226 3752
7430 2 2 0 17 702 3622 3751
7431 2 2 0 17 3623 263 3754
7432 2 2 0 17 687 3624 3753
7433 2 2 0 17 3561 3703 3729
7434 2 2 0 17 3703 3589 3729
7435 2 2 0 17 3562 3704 3730
7436 2 2 0 17 3704 3590 3730
7437 2 2 0 17 3594 3707 3731
7438 2 2 0 17 3707 3563 3731
7439 2 2 0 17 3708 3593 3732
7440 2 2 0 17 3564 3708 3732
7441 2 2 0 17 3633 3519 3719
7442 2 2 0 17 3581 3625 3802
7443 2 2 0 17 233 232 3655
7444 2 2 0 17 270 269 3656
7445 2 2 0 17 708 709 3657
7446 2 2 0 17 693 694 3658
7447 2 2 0 17 3537 3688 3784
7448 2 2 0 17 3688 3614 3784
7449 2 2 0 17 3536 3689 3783
7450 2 2 0 17 3689 3613 3783
7451 2 2 0 17 3688 3537 3780
7452 2 2 0 17 3689 3536 3781
7453 2 2 0 17 3656 3601 3764
7454 2 2 0 17 3650 3551 3766
7455 2 2 0 17 3552 3651 3767
7456 2 2 0 17 3555 3652 3768
7457 2 2 0 17 3653 3556 3769
7458 2 2 0 17 3538 3649 3764
7459 2 2 0 17 3550 3647 3777
7460 2 2 0 17 3554 3648 3778
7461 2 2 0 17 234 233 3699
7462 2 2 0 17 271 270 3700
7463 2 2 0 17 709 710 3701
7464 2 2 0 17 694 695 3702
7465 2 2 0 17 3519 3723 3758
7466 2 2 0 17 3633 3714 3756
7467 2 2 0 17 3634 3716 3757
7468 2 2 0 17 3517 3690 3810
7469 2 2 0 17 3559 3633 3719
7470 2 2 0 17 3625 3637 3755
7471 2 2 0 17 3627 3567 3782
7472 2 2 0 17 702 703 3790
7473 2 2 0 17 227 226 3787
7474 2 2 0 17 264 263 3788
7475 2 2 0 17 687 688 3789
7476 2 2 0 17 3576 3626 3801
7477 2 2 0 17 3628 3568 3771
7478 2 2 0 17 3695 3517 3728
7479 2 2 0 17 3583 3695 3728
7480 2 2 0 17 3637 3516 3776
7481 2 2 0 17 3636 3748 3779
7482 2 2 0 17 3537 3642 3679
7483 2 2 0 17 3516 3637 3779
7484 2 2 0 17 3730 3526 3797
7485 2 2 0 17 3582 3637 3776
7486 2 2 0 17 3730 3797 3822
7487 2 2 0 17 3637 3581 3779
7488 2 2 0 17 3713 3611 3714
7489 2 2 0 17 3559 3713 3714
7490 2 2 0 17 3560 3715 3716
7491 2 2 0 17 3715 3612 3716
7492 2 2 0 17 3722 3574 3744
7493 2 2 0 17 3573 3723 3743
7494 2 2 0 17 3724 3575 3745
7495 2 2 0 17 3576 3725 3746
7496 2 2 0 17 3553 3656 3764
7497 2 2 0 17 3675 3561 3813
7498 2 2 0 17 3562 3676 3814
7499 2 2 0 17 3676 3562 3817
7500 2 2 0 17 3561 3675 3818
7501 2 2 0 17 3563 3677 3812
7502 2 2 0 17 3678 3564 3816
7503 2 2 0 17 3564 3678 3815
7504 2 2 0 17 3677 3563 3819
7505 2 2 0 17 3602 3658 3800
7506 2 2 0 17 3604 3657 3799
7507 2 2 0 17 3655 3603 3798
7508 2 2 0 17 3561 3705 3813
7509 2 2 0 17 3703 3561 3818
7510 2 2 0 17 3704 3562 3814
7511 2 2 0 17 3562 3706 3817
7512 2 2 0 17 3710 3563 3812
7513 2 2 0 17 3708 3564 3815
7514 2 2 0 17 3564 3709 3816
7515 2 2 0 17 3563 3707 3819
7516 2 2 0 17 3537 3679 3780
7517 2 2 0 17 3711 3586 3738
7518 2 2 0 17 3712 3588 3739
7519 2 2 0 17 3578 3633 3756
7520 2 2 0 17 3580 3634 3757
7521 2 2 0 17 3536 3684 3781
7522 2 2 0 17 3669 230 3774
7523 2 2 0 17 3668 267 3773
7524 2 2 0 17 706 3670 3775
7525 2 2 0 17 691 3667 3772
7526 2 2 0 17 3693 3529 3820
7527 2 2 0 17 3661 3559 3770
7528 2 2 0 17 233 3655 3699
7529 2 2 0 17 270 3656 3700
7530 2 2 0 17 3657 709 3701
7531 2 2 0 17 3658 694 3702
7532 2 2 0 17 3717 3585 3740
7533 2 2 0 17 3718 3587 3741
7534 2 2 0 17 3690 3606 3693
7535 2 2 0 17 3635 3544 3791
7536 2 2 0 17 3557 3690 3693
7537 2 2 0 17 3642 3537 3784
7538 2 2 0 17 3584 3642 3784
7539 2 2 0 17 3696 3608 3698
7540 2 2 0 17 3583 3728 3750
7541 2 2 0 17 3558 3696 3698
7542 2 2 0 17 3654 3534 3742
7543 2 2 0 17 3637 3582 3755
7544 2 2 0 17 3741 3520 3801
7545 2 2 0 17 3581 3636 3779
7546 2 2 0 17 3532 3662 3749
7547 2 2 0 17 3559 3719 3770
7548 2 2 0 17 3714 3539 3756
7549 2 2 0 17 3716 3540 3757
7550 2 2 0 17 3530 3661 3770
7551 2 2 0 17 226 225 3752
7552 2 2 0 17 263 262 3754
7553 2 2 0 17 686 687 3753
7554 2 2 0 17 701 702 3751
7555 2 2 0 17 3669 3569 3735
7556 2 2 0 17 3603 3669 3735
7557 2 2 0 17 3668 3570 3734
7558 2 2 0 17 3601 3668 3734
7559 2 2 0 17 3572 3670 3736
7560 2 2 0 17 3571 3667 3733
7561 2 2 0 17 3670 3604 3736
7562 2 2 0 17 3667 3602 3733
7563 2 2 0 17 3638 3569 3774
7564 2 2 0 17 3639 3570 3773
7565 2 2 0 17 3571 3640 3772
7566 2 2 0 17 3572 3641 3775
7567 2 2 0 17 3638 3545 3760
7568 2 2 0 17 3639 3547 3761
7569 2 2 0 17 3548 3640 3763
7570 2 2 0 17 3546 3641 3762
7571 2 2 0 17 3650 3525 3743
7572 2 2 0 17 3526 3651 3744
7573 2 2 0 17 3527 3652 3745
7574 2 2 0 17 3653 3528 3746
7575 2 2 0 17 3569 3638 3760
7576 2 2 0 17 3570 3639 3761
7577 2 2 0 17 3641 3572 3762
7578 2 2 0 17 3640 3571 3763
7579 2 2 0 17 3567 3654 3742
7580 2 2 0 17 3517 3722 3728
7581 2 2 0 17 3722 3577 3728
7582 2 2 0 17 3661 3586 3792
7583 2 2 0 17 3662 3588 3793
7584 2 2 0 17 3658 3551 3800
7585 2 2 0 17 3555 3655 3798
7586 2 2 0 17 3657 3556 3799
7587 2 2 0 17 3525 3671 3743
7588 2 2 0 17 3671 3573 3743
7589 2 2 0 17 3672 3526 3744
7590 2 2 0 17 3574 3672 3744
7591 2 2 0 17 3673 3527 3745
7592 2 2 0 17 3575 3673 3745
7593 2 2 0 17 3528 3674 3746
7594 2 2 0 17 3674 3576 3746
7595 2 2 0 17 3583 3750 3783
7596 2 2 0 17 3579 3654 3765
7597 2 2 0 17 3659 3585 3759
7598 2 2 0 17 3642 3584 3758
7599 2 2 0 17 3660 3587 3749
7600 2 2 0 17 3781 3624 3789
7601 2 2 0 17 3600 3781 3789
7602 2 2 0 17 3780 3622 3790
7603 2 2 0 17 3598 3780 3790
7604 2 2 0 17 3692 3582 3791
7605 2 2 0 17 3545 3643 3760
7606 2 2 0 17 3547 3644 3761
7607 2 2 0 17 3645 3546 3762
7608 2 2 0 17 3646 3548 3763
7609 2 2 0 17 688 689 3806
7610 2 2 0 17 265 264 3805
7611 2 2 0 17 228 227 3804
7612 2 2 0 17 703 704 3803
7613 2 2 0 17 3577 3684 3750
7614 2 2 0 17 3684 3536 3750
7615 2 2 0 17 223 222 3817
7616 2 2 0 17 260 259 3819
7617 2 2 0 17 696 697 3813
7618 2 2 0 17 683 684 3814
7619 2 2 0 17 698 699 3818
7620 2 2 0 17 236 235 3812
7621 2 2 0 17 273 272 3815
7622 2 2 0 17 711 712 3816
7623 2 2 0 17 3649 3553 3764
7624 2 2 0 17 3557 3693 3820
7625 2 2 0 17 3694 3557 3820
7626 2 2 0 17 3525 3650 3766
7627 2 2 0 17 3651 3526 3767
7628 2 2 0 17 3652 3527 3768
7629 2 2 0 17 3528 3653 3769
7630 2 2 0 17 3695 3583 3795
7631 2 2 0 17 3697 3584 3796
7632 2 2 0 17 3647 3533 3777
7633 2 2 0 17 3648 3535 3778
7634 2 2 0 17 3546 3645 3786
7635 2 2 0 17 3548 3646 3785
7636 2 2 0 17 3565 3711 3738
7637 2 2 0 17 3566 3712 3739
7638 2 2 0 17 3664 701 3751
7639 2 2 0 17 225 3663 3752
7640 2 2 0 17 3665 686 3753
7641 2 2 0 17 262 3666 3754
7642 2 2 0 17 3692 3531 3755
7643 2 2 0 17 3582 3692 3755
7644 2 2 0 17 3567 3717 3740
7645 2 2 0 17 3568 3718 3741
7646 2 2 0 17 3697 3519 3758
7647 2 2 0 17 3584 3697 3758
7648 2 2 0 17 3541 3795 3825
7649 2 2 0 17 3795 3631 3825
7650 2 2 0 17 3543 3796 3826
7651 2 2 0 17 3796 3632 3826
7652 2 2 0 17 3748 3516 3779
7653 2 2 0 17 3667 3571 3772
7654 2 2 0 17 3570 3668 3773
7655 2 2 0 17 3569 3669 3774
7656 2 2 0 17 3670 3572 3775
7657 2 2 0 17 3740 3518 3765
7658 2 2 0 17 3794 3542 3802
7659 2 2 0 17 3625 3794 3802
7660 2 2 0 17 3691 3581 3802
7661 2 2 0 17 3685 3578 3756
7662 2 2 0 17 3539 3685 3756
7663 2 2 0 17 3540 3687 3757
7664 2 2 0 17 3687 3580 3757
7665 2 2 0 17 3725 3576 3801
7666 2 2 0 17 3574 3722 3810
7667 2 2 0 17 3575 3724 3811
7668 2 2 0 17 3516 3747 3776
7669 2 2 0 17 3747 3617 3776
7670 2 2 0 17 3724 3579 3765
7671 2 2 0 17 3717 3542 3794
7672 2 2 0 17 3585 3717 3794
7673 2 2 0 17 3567 3742 3782
7674 2 2 0 17 3531 3696 3759
7675 2 2 0 17 3728 3577 3750
7676 2 2 0 17 3568 3737 3771
7677 2 2 0 17 3766 3591 3821
7678 2 2 0 17 3595 3768 3823
7679 2 2 0 17 3769 3596 3824
7680 2 2 0 17 3671 3525 3807
7681 2 2 0 17 3527 3673 3809
7682 2 2 0 17 3674 3528 3808
7683 2 2 0 17 3688 3546 3786
7684 2 2 0 17 3689 3548 3785
7685 2 2 0 17 3614 3688 3786
7686 2 2 0 17 3613 3689 3785
7687 2 2 0 17 3680 228 3804
7688 2 2 0 17 3681 265 3805
7689 2 2 0 17 689 3683 3806
7690 2 2 0 17 704 3682 3803
7691 2 2 0 17 3526 3672 3797
7692 2 2 0 17 3705 3561 3821
7693 2 2 0 17 3591 3705 3821
7694 2 2 0 17 3706 3562 3822
7695 2 2 0 17 3592 3706 3822
7696 2 2 0 17 3709 3564 3824
7697 2 2 0 17 3596 3709 3824
7698 2 2 0 17 3710 3595 3823
7699 2 2 0 17 3563 3710 3823
7700 2 2 0 17 3686 3555 3798
7701 2 2 0 17 3556 3687 3799
7702 2 2 0 17 3551 3685 3800
7703 2 2 0 17 3597 3680 3804
7704 2 2 0 17 3682 3598 3803
7705 2 2 0 17 3599 3681 3805
7706 2 2 0 17 3683 3600 3806
7707 2 2 0 17 3675 698 3818
7708 2 2 0 17 3676 683 3814
7709 2 2 0 17 697 3675 3813
7710 2 2 0 17 222 3676 3817
7711 2 2 0 17 259 3677 3819
7712 2 2 0 17 3678 273 3815
7713 2 2 0 17 712 3678 3816
7714 2 2 0 17 3677 236 3812
7715 2 2 0 17 3518 3724 3765
7716 2 2 0 17 3719 3607 3770
7717 2 2 0 17 3526 3730 3767
7718 2 2 0 17 3730 3590 3767
7719 2 2 0 17 3523 3713 3792
7720 2 2 0 17 3524 3715 3793
7721 2 2 0 17 3586 3711 3825
7722 2 2 0 17 3711 3541 3825
7723 2 2 0 17 3588 3712 3826
7724 2 2 0 17 3712 3543 3826
7725 2 2 0 17 3737 3610 3771
7726 2 2 0 17 3605 3694 3820
7727 2 2 0 17 3520 3725 3801
7728 2 2 0 17 3750 3536 3783
7729 2 2 0 17 699 3703 3818
7730 2 2 0 17 684 3704 3814
7731 2 2 0 17 3705 696 3813
7732 2 2 0 17 3706 223 3817
7733 2 2 0 17 3707 260 3819
7734 2 2 0 17 272 3708 3815
7735 2 2 0 17 3709 711 3816
7736 2 2 0 17 235 3710 3812
7737 2 2 0 17 3742 3609 3782
7738 2 2 0 17 3525 3729 3807
7739 2 2 0 17 3731 3527 3809
7740 2 2 0 17 3528 3732 3808
7741 2 2 0 17 3722 3517 3810
7742 2 2 0 17 3724 3518 3811
7743 2 2 0 17 3729 3589 3807
7744 2 2 0 17 3732 3593 3808
7745 2 2 0 17 3594 3731 3809
7746 2 2 0 17 3561 3729 3821
7747 2 2 0 17 3562 3730 3822
7748 2 2 0 17 3731 3563 3823
7749 2 2 0 17 3564 3732 3824
7750 2 2 0 17 3797 3592 3822
7751 2 2 0 17 3598 3790 3803
7752 2 2 0 17 3787 3597 3804
7753 2 2 0 17 3788 3599 3805
7754 2 2 0 17 3600 3789 3806
7755 2 2 0 17 227 3787 3804
7756 2 2 0 17 3790 703 3803
7757 2 2 0 17 264 3788 3805
7758 2 2 0 17 3789 688 3806
7759 2 2 0 18 180 179 3913
7760 2 2 0 18 217 216 3914
7761 2 2 0 18 143 142 3915
7762 2 2 0 18 722 723 3916
7763 2 2 0 18 3919 3860 4127
7764 2 2 0 18 3831 3928 4036
7765 2 2 0 18 3928 3890 4036
7766 2 2 0 18 3860 3927 4127
7767 2 2 0 18 3923 3845 3957
7768 2 2 0 18 3921 4009 4028
7769 2 2 0 18 3841 3896 4029
7770 2 2 0 18 3879 3920 4043
7771 2 2 0 18 3920 3847 4043
7772 2 2 0 18 3880 3921 4044
7773 2 2 0 18 3921 3848 4044
7774 2 2 0 18 3881 3922 4045
7775 2 2 0 18 3922 3849 4045
7776 2 2 0 18 3835 3937 4049
7777 2 2 0 18 3937 3898 4049
7778 2 2 0 18 715 3900 4017
7779 2 2 0 18 3901 135 4018
7780 2 2 0 18 182 3904 4021
7781 2 2 0 18 219 3905 4023
7782 2 2 0 18 3902 209 4019
7783 2 2 0 18 3903 172 4020
7784 2 2 0 18 3907 725 4024
7785 2 2 0 18 145 3906 4022
7786 2 2 0 18 3849 3938 4005
7787 2 2 0 18 3938 3889 4005
7788 2 2 0 18 3845 3923 4102
7789 2 2 0 18 3899 3840 4026
7790 2 2 0 18 3900 715 3978
7791 2 2 0 18 135 3901 3977
7792 2 2 0 18 209 3902 3979
7793 2 2 0 18 172 3903 3980
7794 2 2 0 18 3853 3917 3940
7795 2 2 0 18 3917 3833 3940
7796 2 2 0 18 3899 3860 3945
7797 2 2 0 18 3860 3899 4011
7798 2 2 0 18 3896 3841 3970
7799 2 2 0 18 3963 3832 3968
7800 2 2 0 18 3895 3963 3968
7801 2 2 0 18 3840 3899 4012
7802 2 2 0 18 3923 3957 4106
7803 2 2 0 18 3921 3833 4009
7804 2 2 0 18 3866 3904 4016
7805 2 2 0 18 3867 3905 4015
7806 2 2 0 18 3868 3906 4014
7807 2 2 0 18 3907 3869 4013
7808 2 2 0 18 3970 3853 4030
7809 2 2 0 18 3863 3901 4118
7810 2 2 0 18 3864 3902 4119
7811 2 2 0 18 3865 3903 4120
7812 2 2 0 18 3905 3867 4121
7813 2 2 0 18 3901 3863 3977
7814 2 2 0 18 3902 3864 3979
7815 2 2 0 18 3903 3865 3980
7816 2 2 0 18 3904 182 4016
7817 2 2 0 18 3905 219 4015
7818 2 2 0 18 725 3907 4013
7819 2 2 0 18 3906 145 4014
7820 2 2 0 18 3904 3866 4078
7821 2 2 0 18 3906 3868 4079
7822 2 2 0 18 3869 3907 4080
7823 2 2 0 18 3926 3851 3944
7824 2 2 0 18 3854 3926 3944
7825 2 2 0 18 4009 3872 4028
7826 2 2 0 18 3896 3970 4030
7827 2 2 0 18 3858 3925 3953
7828 2 2 0 18 3856 3924 3951
7829 2 2 0 18 3925 3833 3953
7830 2 2 0 18 3924 3834 3951
7831 2 2 0 18 3920 3879 4074
7832 2 2 0 18 3921 3880 4073
7833 2 2 0 18 3922 3881 4075
7834 2 2 0 18 3978 3862 4077
7835 2 2 0 18 3943 3891 3982
7836 2 2 0 18 3834 3943 3982
7837 2 2 0 18 3900 3978 4077
7838 2 2 0 18 3860 3919 3976
7839 2 2 0 18 3919 3835 3976
7840 2 2 0 18 3842 3917 3972
7841 2 2 0 18 3870 3931 3973
7842 2 2 0 18 3909 3857 3987
7843 2 2 0 18 3952 3859 4064
7844 2 2 0 18 3859 3950 4064
7845 2 2 0 18 180 3913 3967
7846 2 2 0 18 217 3914 3966
7847 2 2 0 18 143 3915 3965
7848 2 2 0 18 3916 723 3964
7849 2 2 0 18 3843 3910 4087
7850 2 2 0 18 3846 3911 4088
7851 2 2 0 18 3845 3912 4089
7852 2 2 0 18 3913 3847 4110
7853 2 2 0 18 3915 3849 4109
7854 2 2 0 18 3850 3916 4108
7855 2 2 0 18 3969 3896 4048
7856 2 2 0 18 17 713 3993
7857 2 2 0 18 133 17 3993
7858 2 2 0 18 207 25 3994
7859 2 2 0 18 170 20 3995
7860 2 2 0 18 25 184 3994
7861 2 2 0 18 20 147 3995
7862 2 2 0 18 21 221 3996
7863 2 2 0 18 727 21 3996
7864 2 2 0 18 3862 3932 4003
7865 2 2 0 18 3852 3929 3942
7866 2 2 0 18 3929 3855 3942
7867 2 2 0 18 3847 3913 4043
7868 2 2 0 18 3849 3915 4045
7869 2 2 0 18 3916 3850 4046
7870 2 2 0 18 3912 3845 4137
7871 2 2 0 18 3831 3908 3997
7872 2 2 0 18 3957 3885 4106
7873 2 2 0 18 3968 3854 4054
7874 2 2 0 18 3829 3969 4048
7875 2 2 0 18 3908 3831 3998
7876 2 2 0 18 3946 177 4002
7877 2 2 0 18 3947 214 3999
7878 2 2 0 18 3948 140 4000
7879 2 2 0 18 720 3949 4001
7880 2 2 0 18 3910 3843 4031
7881 2 2 0 18 3913 179 3983
7882 2 2 0 18 3914 216 3984
7883 2 2 0 18 3915 142 3985
7884 2 2 0 18 722 3916 3986
7885 2 2 0 18 3848 3930 3958
7886 2 2 0 18 3930 3886 3958
7887 2 2 0 18 3917 3853 3972
7888 2 2 0 18 3910 3856 4000
7889 2 2 0 18 3857 3909 4001
7890 2 2 0 18 3856 3910 4031
7891 2 2 0 18 3911 3846 4032
7892 2 2 0 18 3973 3931 4125
7893 2 2 0 18 3951 3922 4075
7894 2 2 0 18 3952 3920 4074
7895 2 2 0 18 3953 3921 4073
7896 2 2 0 18 3833 3917 4009
7897 2 2 0 18 3917 3842 4010
7898 2 2 0 18 3895 3968 4054
7899 2 2 0 18 3833 3925 4095
7900 2 2 0 18 3931 3843 3955
7901 2 2 0 18 3883 3931 3955
7902 2 2 0 18 3849 3922 4047
7903 2 2 0 18 177 176 4002
7904 2 2 0 18 214 213 3999
7905 2 2 0 18 140 139 4000
7906 2 2 0 18 719 720 4001
7907 2 2 0 18 3832 3920 3952
7908 2 2 0 18 3833 3921 3953
7909 2 2 0 18 3923 3830 3971
7910 2 2 0 18 3973 3828 4011
7911 2 2 0 18 3899 3973 4011
7912 2 2 0 18 3830 3923 4106
7913 2 2 0 18 3835 3919 3988
7914 2 2 0 18 3937 3882 4063
7915 2 2 0 18 4003 3932 4091
7916 2 2 0 18 3920 3832 4085
7917 2 2 0 18 3930 3872 3998
7918 2 2 0 18 3830 3926 3971
7919 2 2 0 18 3998 3872 4122
7920 2 2 0 18 3882 4046 4063
7921 2 2 0 18 4044 3848 4076
7922 2 2 0 18 3847 3920 4027
7923 2 2 0 18 3848 3921 4028
7924 2 2 0 18 3926 3854 3971
7925 2 2 0 18 220 219 4023
7926 2 2 0 18 183 182 4021
7927 2 2 0 18 725 726 4024
7928 2 2 0 18 146 145 4022
7929 2 2 0 18 172 171 4020
7930 2 2 0 18 209 208 4019
7931 2 2 0 18 135 134 4018
7932 2 2 0 18 714 715 4017
7933 2 2 0 18 3999 3911 4032
7934 2 2 0 18 3858 3999 4032
7935 2 2 0 18 3941 3829 4034
7936 2 2 0 18 3888 3941 4034
7937 2 2 0 18 3872 4010 4122
7938 2 2 0 18 3834 3924 4071
7939 2 2 0 18 3924 3856 4031
7940 2 2 0 18 3936 3842 3972
7941 2 2 0 18 3924 3843 4037
7942 2 2 0 18 3843 3924 4031
7943 2 2 0 18 3925 3858 4032
7944 2 2 0 18 3878 3939 4048
7945 2 2 0 18 3855 3929 4049
7946 2 2 0 18 3914 4044 4076
7947 2 2 0 18 3911 3934 4088
7948 2 2 0 18 3910 3933 4087
7949 2 2 0 18 3912 3935 4089
7950 2 2 0 18 3926 3830 4008
7951 2 2 0 18 4025 3877 4065
7952 2 2 0 18 3927 3860 4011
7953 2 2 0 18 3851 3926 4117
7954 2 2 0 18 3937 3835 3988
7955 2 2 0 18 3909 3987 4091
7956 2 2 0 18 3940 3833 4095
7957 2 2 0 18 3928 3831 3997
7958 2 2 0 18 4032 3846 4055
7959 2 2 0 18 4100 3918 4123
7960 2 2 0 18 3925 4032 4055
7961 2 2 0 18 3877 3975 4065
7962 2 2 0 18 3938 3861 4008
7963 2 2 0 18 3932 3862 4059
7964 2 2 0 18 3863 3933 4060
7965 2 2 0 18 3864 3934 4061
7966 2 2 0 18 3865 3935 4062
7967 2 2 0 18 3835 3929 3976
7968 2 2 0 18 3896 3969 4029
7969 2 2 0 18 715 716 3978
7970 2 2 0 18 136 135 3977
7971 2 2 0 18 210 209 3979
7972 2 2 0 18 173 172 3980
7973 2 2 0 18 3828 3973 4125
7974 2 2 0 18 3888 4034 4051
7975 2 2 0 18 3889 4035 4052
7976 2 2 0 18 4036 3890 4053
7977 2 2 0 18 3887 4033 4050
7978 2 2 0 18 4007 3918 4100
7979 2 2 0 18 3938 3849 4047
7980 2 2 0 18 4048 3939 4111
7981 2 2 0 18 3959 3862 4003
7982 2 2 0 18 3887 3959 4003
7983 2 2 0 18 3888 3960 4004
7984 2 2 0 18 3960 3866 4004
7985 2 2 0 18 3889 3961 4005
7986 2 2 0 18 3961 3868 4005
7987 2 2 0 18 3962 3890 4006
7988 2 2 0 18 3869 3962 4006
7989 2 2 0 18 3893 3936 4104
7990 2 2 0 18 3890 3928 4066
7991 2 2 0 18 3872 3930 4028
7992 2 2 0 18 3930 3848 4028
7993 2 2 0 18 3987 3844 4091
7994 2 2 0 18 3847 4004 4110
7995 2 2 0 18 3849 4005 4109
7996 2 2 0 18 4006 3850 4108
7997 2 2 0 18 3955 3863 3989
7998 2 2 0 18 3883 3955 3989
7999 2 2 0 18 3956 3864 3990
8000 2 2 0 18 3884 3956 3990
8001 2 2 0 18 3885 3957 3991
8002 2 2 0 18 3957 3865 3991
8003 2 2 0 18 3958 3886 3992
8004 2 2 0 18 3867 3958 3992
8005 2 2 0 18 3940 3878 4030
8006 2 2 0 18 3853 3940 4030
8007 2 2 0 18 3861 4047 4124
8008 2 2 0 18 3939 3846 3956
8009 2 2 0 18 3884 3939 3956
8010 2 2 0 18 3845 3950 4137
8011 2 2 0 18 3930 3998 4126
8012 2 2 0 18 3929 3835 4049
8013 2 2 0 18 3929 3852 4067
8014 2 2 0 18 3982 3861 4124
8015 2 2 0 18 3933 3863 4087
8016 2 2 0 18 3934 3864 4088
8017 2 2 0 18 3935 3865 4089
8018 2 2 0 18 3973 3899 4026
8019 2 2 0 18 3886 3930 4126
8020 2 2 0 18 3843 3931 4037
8021 2 2 0 18 3931 3870 4037
8022 2 2 0 18 3937 3988 4056
8023 2 2 0 18 3960 3888 4051
8024 2 2 0 18 3959 3887 4050
8025 2 2 0 18 3961 3889 4052
8026 2 2 0 18 3890 3962 4053
8027 2 2 0 18 3931 3883 4125
8028 2 2 0 18 3892 3942 3954
8029 2 2 0 18 3855 4049 4072
8030 2 2 0 18 3943 3870 4026
8031 2 2 0 18 140 3948 4083
8032 2 2 0 18 3949 720 4084
8033 2 2 0 18 214 3947 4082
8034 2 2 0 18 177 3946 4081
8035 2 2 0 18 3871 3941 4027
8036 2 2 0 18 3932 717 4099
8037 2 2 0 18 137 3933 4098
8038 2 2 0 18 211 3934 4096
8039 2 2 0 18 174 3935 4097
8040 2 2 0 18 141 140 4083
8041 2 2 0 18 720 721 4084
8042 2 2 0 18 215 214 4082
8043 2 2 0 18 178 177 4081
8044 2 2 0 18 3871 3963 4029
8045 2 2 0 18 3862 3978 4059
8046 2 2 0 18 3977 3863 4060
8047 2 2 0 18 3979 3864 4061
8048 2 2 0 18 3980 3865 4062
8049 2 2 0 18 3941 3871 3969
8050 2 2 0 18 3829 3941 3969
8051 2 2 0 18 179 178 3983
8052 2 2 0 18 216 215 3984
8053 2 2 0 18 142 141 3985
8054 2 2 0 18 721 722 3986
8055 2 2 0 18 3936 3972 4104
8056 2 2 0 18 3989 3863 4118
8057 2 2 0 18 3990 3864 4119
8058 2 2 0 18 3991 3865 4120
8059 2 2 0 18 3867 3992 4121
8060 2 2 0 18 3938 4008 4094
8061 2 2 0 18 3933 3910 4098
8062 2 2 0 18 3934 3911 4096
8063 2 2 0 18 3935 3912 4097
8064 2 2 0 18 3967 3866 4016
8065 2 2 0 18 3966 3867 4015
8066 2 2 0 18 3965 3868 4014
8067 2 2 0 18 3869 3964 4013
8068 2 2 0 18 3897 3968 4064
8069 2 2 0 18 3968 3832 4064
8070 2 2 0 18 4077 3836 4138
8071 2 2 0 18 4078 3837 4139
8072 2 2 0 18 4079 3838 4140
8073 2 2 0 18 3839 4080 4141
8074 2 2 0 18 3945 3860 4067
8075 2 2 0 18 3842 3936 4103
8076 2 2 0 18 3836 4039 4138
8077 2 2 0 18 3837 4040 4139
8078 2 2 0 18 3838 4041 4140
8079 2 2 0 18 4042 3839 4141
8080 2 2 0 18 3856 3948 4000
8081 2 2 0 18 3949 3857 4001
8082 2 2 0 18 3858 3947 3999
8083 2 2 0 18 3859 3946 4002
8084 2 2 0 18 717 3932 4059
8085 2 2 0 18 3933 137 4060
8086 2 2 0 18 3934 211 4061
8087 2 2 0 18 3935 174 4062
8088 2 2 0 18 4018 3873 4039
8089 2 2 0 18 3901 4018 4039
8090 2 2 0 18 3902 4019 4040
8091 2 2 0 18 4019 3874 4040
8092 2 2 0 18 3903 4020 4041
8093 2 2 0 18 4020 3875 4041
8094 2 2 0 18 4023 3905 4042
8095 2 2 0 18 3876 4023 4042
8096 2 2 0 18 3951 3834 4124
8097 2 2 0 18 3922 3951 4124
8098 2 2 0 18 3936 3893 4105
8099 2 2 0 18 723 724 3964
8100 2 2 0 18 144 143 3965
8101 2 2 0 18 218 217 3966
8102 2 2 0 18 181 180 3967
8103 2 2 0 18 3854 3944 4054
8104 2 2 0 18 3998 3831 4126
8105 2 2 0 18 3861 3938 4047
8106 2 2 0 18 3832 3963 4085
8107 2 2 0 18 3943 3834 4071
8108 2 2 0 18 3846 3939 4055
8109 2 2 0 18 3939 3878 4055
8110 2 2 0 18 3966 3914 4076
8111 2 2 0 18 3862 3959 4077
8112 2 2 0 18 3866 3960 4078
8113 2 2 0 18 3868 3961 4079
8114 2 2 0 18 3962 3869 4080
8115 2 2 0 18 3923 4101 4102
8116 2 2 0 18 3848 3958 4076
8117 2 2 0 18 4029 3963 4090
8118 2 2 0 18 3863 3955 4087
8119 2 2 0 18 3864 3956 4088
8120 2 2 0 18 3865 3957 4089
8121 2 2 0 18 3860 3976 4067
8122 2 2 0 18 3882 3937 4056
8123 2 2 0 18 724 725 4013
8124 2 2 0 18 145 144 4014
8125 2 2 0 18 182 181 4016
8126 2 2 0 18 219 218 4015
8127 2 2 0 18 3898 3937 4063
8128 2 2 0 18 3889 3938 4094
8129 2 2 0 18 3891 3981 3982
8130 2 2 0 18 3981 3861 3982
8131 2 2 0 18 3899 3945 4012
8132 2 2 0 18 3974 3827 3975
8133 2 2 0 18 3877 3974 3975
8134 2 2 0 18 4027 3941 4070
8135 2 2 0 18 3988 3857 4056
8136 2 2 0 18 3944 3877 4054
8137 2 2 0 18 3942 3855 4136
8138 2 2 0 18 3852 4100 4123
8139 2 2 0 18 3950 3845 4102
8140 2 2 0 18 3897 3950 4102
8141 2 2 0 18 3927 4011 4092
8142 2 2 0 18 3853 3970 4104
8143 2 2 0 18 3827 3974 4058
8144 2 2 0 18 3974 3894 4058
8145 2 2 0 18 717 718 4099
8146 2 2 0 18 138 137 4098
8147 2 2 0 18 212 211 4096
8148 2 2 0 18 175 174 4097
8149 2 2 0 18 3939 3884 4111
8150 2 2 0 18 4049 3898 4072
8151 2 2 0 18 3842 3954 4122
8152 2 2 0 18 3954 3908 4122
8153 2 2 0 18 3943 4026 4086
8154 2 2 0 18 3878 3940 4095
8155 2 2 0 18 3923 3971 4101
8156 2 2 0 18 3987 3857 3988
8157 2 2 0 18 3919 3987 3988
8158 2 2 0 18 3852 3942 4100
8159 2 2 0 18 3942 3892 4100
8160 2 2 0 18 4033 3883 4050
8161 2 2 0 18 4034 3884 4051
8162 2 2 0 18 4035 3885 4052
8163 2 2 0 18 3886 4036 4053
8164 2 2 0 18 3867 3966 4076
8165 2 2 0 18 3993 3873 4131
8166 2 2 0 18 3873 3993 4130
8167 2 2 0 18 3874 3994 4128
8168 2 2 0 18 3875 3995 4129
8169 2 2 0 18 3994 3874 4134
8170 2 2 0 18 3995 3875 4135
8171 2 2 0 18 3996 3876 4133
8172 2 2 0 18 3876 3996 4132
8173 2 2 0 18 3967 3913 4110
8174 2 2 0 18 3965 3915 4109
8175 2 2 0 18 3916 3964 4108
8176 2 2 0 18 4038 3894 4069
8177 2 2 0 18 3968 3897 4101
8178 2 2 0 18 4017 3873 4130
8179 2 2 0 18 3873 4018 4131
8180 2 2 0 18 4021 3874 4128
8181 2 2 0 18 4022 3875 4129
8182 2 2 0 18 3874 4019 4134
8183 2 2 0 18 3875 4020 4135
8184 2 2 0 18 3876 4024 4133
8185 2 2 0 18 4023 3876 4132
8186 2 2 0 18 3840 4012 4093
8187 2 2 0 18 4012 3918 4093
8188 2 2 0 18 3877 3944 4057
8189 2 2 0 18 3941 3888 4070
8190 2 2 0 18 3891 3943 4086
8191 2 2 0 18 3857 3949 4056
8192 2 2 0 18 3949 3882 4056
8193 2 2 0 18 4046 3850 4063
8194 2 2 0 18 3844 4003 4091
8195 2 2 0 18 3854 3968 4101
8196 2 2 0 18 3954 3942 4136
8197 2 2 0 18 3944 3851 4057
8198 2 2 0 18 3983 178 4081
8199 2 2 0 18 3984 215 4082
8200 2 2 0 18 3985 141 4083
8201 2 2 0 18 721 3986 4084
8202 2 2 0 18 4069 3894 4142
8203 2 2 0 18 3964 724 4013
8204 2 2 0 18 144 3965 4014
8205 2 2 0 18 218 3966 4015
8206 2 2 0 18 181 3967 4016
8207 2 2 0 18 3844 3987 4127
8208 2 2 0 18 3987 3919 4127
8209 2 2 0 18 3870 3943 4071
8210 2 2 0 18 3896 4030 4048
8211 2 2 0 18 3970 3841 4065
8212 2 2 0 18 3893 3970 4065
8213 2 2 0 18 3969 3871 4029
8214 2 2 0 18 3832 3952 4064
8215 2 2 0 18 4011 3828 4092
8216 2 2 0 18 4008 3830 4094
8217 2 2 0 18 4101 3897 4102
8218 2 2 0 18 3870 3973 4026
8219 2 2 0 18 3981 3851 4117
8220 2 2 0 18 4009 3917 4010
8221 2 2 0 18 3872 4009 4010
8222 2 2 0 18 3908 3998 4122
8223 2 2 0 18 4068 3892 4103
8224 2 2 0 18 3936 4068 4103
8225 2 2 0 18 3852 3945 4067
8226 2 2 0 18 3928 4072 4107
8227 2 2 0 18 3829 4048 4111
8228 2 2 0 18 3877 4025 4054
8229 2 2 0 18 3841 4025 4065
8230 2 2 0 18 3847 4027 4070
8231 2 2 0 18 3950 3897 4064
8232 2 2 0 18 211 210 4061
8233 2 2 0 18 174 173 4062
8234 2 2 0 18 137 136 4060
8235 2 2 0 18 716 717 4059
8236 2 2 0 18 3983 3879 4043
8237 2 2 0 18 3984 3880 4044
8238 2 2 0 18 3913 3983 4043
8239 2 2 0 18 3914 3984 4044
8240 2 2 0 18 3985 3881 4045
8241 2 2 0 18 3882 3986 4046
8242 2 2 0 18 3915 3985 4045
8243 2 2 0 18 3986 3916 4046
8244 2 2 0 18 3946 3879 4081
8245 2 2 0 18 3947 3880 4082
8246 2 2 0 18 3948 3881 4083
8247 2 2 0 18 3882 3949 4084
8248 2 2 0 18 3947 3858 4073
8249 2 2 0 18 3946 3859 4074
8250 2 2 0 18 3948 3856 4075
8251 2 2 0 18 3836 3959 4050
8252 2 2 0 18 3837 3960 4051
8253 2 2 0 18 3838 3961 4052
8254 2 2 0 18 3962 3839 4053
8255 2 2 0 18 3945 3852 4123
8256 2 2 0 18 3879 3946 4074
8257 2 2 0 18 3880 3947 4073
8258 2 2 0 18 3881 3948 4075
8259 2 2 0 18 3861 3981 4117
8260 2 2 0 18 3892 3954 4103
8261 2 2 0 18 4072 3898 4107
8262 2 2 0 18 3976 3929 4067
8263 2 2 0 18 3894 3974 4142
8264 2 2 0 18 3866 3967 4110
8265 2 2 0 18 3868 3965 4109
8266 2 2 0 18 3964 3869 4108
8267 2 2 0 18 3989 3836 4050
8268 2 2 0 18 3883 3989 4050
8269 2 2 0 18 3884 3990 4051
8270 2 2 0 18 3990 3837 4051
8271 2 2 0 18 3885 3991 4052
8272 2 2 0 18 3991 3838 4052
8273 2 2 0 18 3992 3886 4053
8274 2 2 0 18 3839 3992 4053
8275 2 2 0 18 3970 3893 4104
8276 2 2 0 18 3963 3895 4090
8277 2 2 0 18 3855 3997 4136
8278 2 2 0 18 3997 3908 4136
8279 2 2 0 18 4002 3912 4137
8280 2 2 0 18 3859 4002 4137
8281 2 2 0 18 3974 3877 4057
8282 2 2 0 18 4037 3870 4071
8283 2 2 0 18 3924 4037 4071
8284 2 2 0 18 4091 3932 4099
8285 2 2 0 18 3909 4091 4099
8286 2 2 0 18 4008 3861 4117
8287 2 2 0 18 3859 3952 4074
8288 2 2 0 18 3858 3953 4073
8289 2 2 0 18 3856 3951 4075
8290 2 2 0 18 176 175 4116
8291 2 2 0 18 213 212 4115
8292 2 2 0 18 139 138 4114
8293 2 2 0 18 718 719 4113
8294 2 2 0 18 3950 3859 4137
8295 2 2 0 18 4092 3887 4112
8296 2 2 0 18 208 207 4134
8297 2 2 0 18 713 714 4130
8298 2 2 0 18 134 133 4131
8299 2 2 0 18 171 170 4135
8300 2 2 0 18 184 183 4128
8301 2 2 0 18 147 146 4129
8302 2 2 0 18 221 220 4132
8303 2 2 0 18 726 727 4133
8304 2 2 0 18 3958 3867 4076
8305 2 2 0 18 3959 3836 4077
8306 2 2 0 18 3960 3837 4078
8307 2 2 0 18 3961 3838 4079
8308 2 2 0 18 3839 3962 4080
8309 2 2 0 18 3955 3843 4087
8310 2 2 0 18 3956 3846 4088
8311 2 2 0 18 3957 3845 4089
8312 2 2 0 18 3954 3842 4103
8313 2 2 0 18 3981 3891 4069
8314 2 2 0 18 3851 3981 4069
8315 2 2 0 18 136 3977 4060
8316 2 2 0 18 3978 716 4059
8317 2 2 0 18 210 3979 4061
8318 2 2 0 18 173 3980 4062
8319 2 2 0 18 3963 3871 4085
8320 2 2 0 18 3975 3893 4065
8321 2 2 0 18 4030 3878 4048
8322 2 2 0 18 3918 4007 4058
8323 2 2 0 18 4007 3827 4058
8324 2 2 0 18 3827 4007 4068
8325 2 2 0 18 4007 3892 4068
8326 2 2 0 18 4026 3840 4086
8327 2 2 0 18 3927 4092 4112
8328 2 2 0 18 3895 4025 4090
8329 2 2 0 18 4025 3841 4090
8330 2 2 0 18 4025 3895 4054
8331 2 2 0 18 3908 3954 4136
8332 2 2 0 18 3928 3997 4072
8333 2 2 0 18 3879 3983 4081
8334 2 2 0 18 3880 3984 4082
8335 2 2 0 18 3881 3985 4083
8336 2 2 0 18 3986 3882 4084
8337 2 2 0 18 3971 3854 4101
8338 2 2 0 18 3850 4006 4066
8339 2 2 0 18 4006 3890 4066
8340 2 2 0 18 4035 3830 4106
8341 2 2 0 18 4004 3847 4070
8342 2 2 0 18 3888 4004 4070
8343 2 2 0 18 3884 4034 4111
8344 2 2 0 18 3972 3853 4104
8345 2 2 0 18 3997 3855 4072
8346 2 2 0 18 3918 4058 4093
8347 2 2 0 18 4058 3894 4093
8348 2 2 0 18 4047 3922 4124
8349 2 2 0 18 3883 4033 4125
8350 2 2 0 18 4036 3886 4126
8351 2 2 0 18 3975 3827 4105
8352 2 2 0 18 3893 3975 4105
8353 2 2 0 18 3974 4057 4142
8354 2 2 0 18 4068 3936 4105
8355 2 2 0 18 4003 3844 4112
8356 2 2 0 18 4038 3891 4086
8357 2 2 0 18 4033 3887 4092
8358 2 2 0 18 4035 3889 4094
8359 2 2 0 18 3900 4077 4138
8360 2 2 0 18 3904 4078 4139
8361 2 2 0 18 4080 3907 4141
8362 2 2 0 18 3906 4079 4140
8363 2 2 0 18 3836 3989 4118
8364 2 2 0 18 3837 3990 4119
8365 2 2 0 18 3838 3991 4120
8366 2 2 0 18 3992 3839 4121
8367 2 2 0 18 3834 3982 4124
8368 2 2 0 18 4002 176 4116
8369 2 2 0 18 3999 213 4115
8370 2 2 0 18 4000 139 4114
8371 2 2 0 18 719 4001 4113
8372 2 2 0 18 3892 4007 4100
8373 2 2 0 18 4038 3840 4093
8374 2 2 0 18 3894 4038 4093
8375 2 2 0 18 3891 4038 4069
8376 2 2 0 18 4017 3900 4138
8377 2 2 0 18 3873 4017 4138
8378 2 2 0 18 4021 3904 4139
8379 2 2 0 18 3874 4021 4139
8380 2 2 0 18 3875 4022 4140
8381 2 2 0 18 4022 3906 4140
8382 2 2 0 18 3907 4024 4141
8383 2 2 0 18 4024 3876 4141
8384 2 2 0 18 4004 3866 4110
8385 2 2 0 18 4005 3868 4109
8386 2 2 0 18 3869 4006 4108
8387 2 2 0 18 4027 3920 4085
8388 2 2 0 18 3871 4027 4085
8389 2 2 0 18 3887 4003 4112
8390 2 2 0 18 4001 3909 4113
8391 2 2 0 18 3910 4000 4114
8392 2 2 0 18 3911 3999 4115
8393 2 2 0 18 3912 4002 4116
8394 2 2 0 18 3993 713 4130
8395 2 2 0 18 133 3993 4131
8396 2 2 0 18 207 3994 4134
8397 2 2 0 18 170 3995 4135
8398 2 2 0 18 3994 184 4128
8399 2 2 0 18 3995 147 4129
8400 2 2 0 18 3996 221 4132
8401 2 2 0 18 727 3996 4133
8402 2 2 0 18 3841 4029 4090
8403 2 2 0 18 4112 3844 4127
8404 2 2 0 18 3840 4038 4086
8405 2 2 0 18 3926 4008 4117
8406 2 2 0 18 3828 4033 4092
8407 2 2 0 18 3830 4035 4094
8408 2 2 0 18 4012 3945 4123
8409 2 2 0 18 4010 3842 4122
8410 2 2 0 18 3918 4012 4123
8411 2 2 0 18 3885 4035 4106
8412 2 2 0 18 4034 3829 4111
8413 2 2 0 18 3927 4112 4127
8414 2 2 0 18 714 4017 4130
8415 2 2 0 18 4018 134 4131
8416 2 2 0 18 4019 208 4134
8417 2 2 0 18 4020 171 4135
8418 2 2 0 18 183 4021 4128
8419 2 2 0 18 146 4022 4129
8420 2 2 0 18 220 4023 4132
8421 2 2 0 18 4024 726 4133
8422 2 2 0 18 3925 4055 4095
8423 2 2 0 18 4055 3878 4095
8424 2 2 0 18 4039 3836 4118
8425 2 2 0 18 4040 3837 4119
8426 2 2 0 18 4041 3838 4120
8427 2 2 0 18 3839 4042 4121
8428 2 2 0 18 4033 3828 4125
8429 2 2 0 18 3831 4036 4126
8430 2 2 0 18 3901 4039 4118
8431 2 2 0 18 3902 4040 4119
8432 2 2 0 18 3903 4041 4120
8433 2 2 0 18 4042 3905 4121
8434 2 2 0 18 4066 3928 4107
8435 2 2 0 18 4039 3873 4138
8436 2 2 0 18 4040 3874 4139
8437 2 2 0 18 4041 3875 4140
8438 2 2 0 18 3876 4042 4141
8439 2 2 0 18 4063 3850 4107
8440 2 2 0 18 3898 4063 4107
8441 2 2 0 18 3850 4066 4107
8442 2 2 0 18 3827 4068 4105
8443 2 2 0 18 4057 3851 4142
8444 2 2 0 18 3909 4099 4113
8445 2 2 0 18 4098 3910 4114
8446 2 2 0 18 4096 3911 4115
8447 2 2 0 18 4097 3912 4116
8448 2 2 0 18 3851 4069 4142
8449 2 2 0 18 4099 718 4113
8450 2 2 0 18 138 4098 4114
8451 2 2 0 18 212 4096 4115
8452 2 2 0 18 175 4097 4116
8453 2 2 0 19 321 320 4228
8454 2 2 0 19 358 357 4229
8455 2 2 0 19 737 738 4230
8456 2 2 0 19 284 283 4231
8457 2 2 0 19 4215 4171 4261
8458 2 2 0 19 4171 4215 4344
8459 2 2 0 19 4198 4238 4360
8460 2 2 0 19 4238 4166 4360
8461 2 2 0 19 4196 4236 4362
8462 2 2 0 19 4239 4199 4361
8463 2 2 0 19 4167 4239 4361
8464 2 2 0 19 4236 4162 4362
8465 2 2 0 19 4197 4237 4363
8466 2 2 0 19 4237 4163 4363
8467 2 2 0 19 4146 4213 4341
8468 2 2 0 19 323 4221 4336
8469 2 2 0 19 360 4218 4334
8470 2 2 0 19 730 4216 4330
8471 2 2 0 19 4217 276 4331
8472 2 2 0 19 4219 350 4332
8473 2 2 0 19 286 4223 4337
8474 2 2 0 19 4222 740 4335
8475 2 2 0 19 4220 313 4333
8476 2 2 0 19 4211 4240 4259
8477 2 2 0 19 4316 4242 4352
8478 2 2 0 19 4317 4243 4353
8479 2 2 0 19 4211 4259 4421
8480 2 2 0 19 4157 4386 4420
8481 2 2 0 19 4241 4184 4323
8482 2 2 0 19 4185 4316 4352
8483 2 2 0 19 4186 4317 4353
8484 2 2 0 19 4156 4262 4318
8485 2 2 0 19 4216 730 4292
8486 2 2 0 19 276 4217 4291
8487 2 2 0 19 350 4219 4294
8488 2 2 0 19 313 4220 4293
8489 2 2 0 19 4148 4232 4255
8490 2 2 0 19 4232 4170 4255
8491 2 2 0 19 4149 4234 4256
8492 2 2 0 19 4234 4168 4256
8493 2 2 0 19 4235 4171 4257
8494 2 2 0 19 4150 4235 4257
8495 2 2 0 19 4213 4146 4367
8496 2 2 0 19 4156 4233 4258
8497 2 2 0 19 4233 4169 4258
8498 2 2 0 19 4184 4241 4354
8499 2 2 0 19 4253 4157 4420
8500 2 2 0 19 4262 4208 4318
8501 2 2 0 19 4179 4218 4328
8502 2 2 0 19 4181 4221 4327
8503 2 2 0 19 4222 4183 4329
8504 2 2 0 19 4182 4223 4326
8505 2 2 0 19 4176 4217 4422
8506 2 2 0 19 4218 4179 4433
8507 2 2 0 19 4180 4219 4434
8508 2 2 0 19 4178 4220 4435
8509 2 2 0 19 4217 4176 4291
8510 2 2 0 19 4220 4178 4293
8511 2 2 0 19 4219 4180 4294
8512 2 2 0 19 4218 360 4328
8513 2 2 0 19 4221 323 4327
8514 2 2 0 19 740 4222 4329
8515 2 2 0 19 4223 286 4326
8516 2 2 0 19 4221 4181 4395
8517 2 2 0 19 4183 4222 4397
8518 2 2 0 19 4223 4182 4396
8519 2 2 0 19 4173 4241 4270
8520 2 2 0 19 4241 4148 4270
8521 2 2 0 19 4172 4242 4269
8522 2 2 0 19 4242 4149 4269
8523 2 2 0 19 4175 4243 4272
8524 2 2 0 19 4243 4150 4272
8525 2 2 0 19 4236 4196 4388
8526 2 2 0 19 4237 4197 4389
8527 2 2 0 19 4238 4198 4390
8528 2 2 0 19 4199 4239 4391
8529 2 2 0 19 4292 4177 4394
8530 2 2 0 19 4216 4292 4394
8531 2 2 0 19 4184 4245 4287
8532 2 2 0 19 4169 4233 4324
8533 2 2 0 19 4168 4234 4318
8534 2 2 0 19 4170 4232 4319
8535 2 2 0 19 4171 4235 4320
8536 2 2 0 19 4210 4244 4417
8537 2 2 0 19 358 4229 4285
8538 2 2 0 19 321 4228 4284
8539 2 2 0 19 4230 738 4286
8540 2 2 0 19 284 4231 4283
8541 2 2 0 19 4161 4224 4405
8542 2 2 0 19 4160 4225 4406
8543 2 2 0 19 4165 4227 4407
8544 2 2 0 19 4214 4290 4366
8545 2 2 0 19 4228 4162 4424
8546 2 2 0 19 4231 4163 4423
8547 2 2 0 19 4167 4230 4425
8548 2 2 0 19 4215 4288 4368
8549 2 2 0 19 4240 4211 4411
8550 2 2 0 19 4148 4241 4323
8551 2 2 0 19 274 22 4303
8552 2 2 0 19 22 728 4303
8553 2 2 0 19 311 27 4306
8554 2 2 0 19 348 23 4304
8555 2 2 0 19 27 288 4306
8556 2 2 0 19 23 325 4304
8557 2 2 0 19 19 362 4305
8558 2 2 0 19 742 19 4305
8559 2 2 0 19 4149 4242 4316
8560 2 2 0 19 4150 4243 4317
8561 2 2 0 19 4240 4151 4259
8562 2 2 0 19 4177 4250 4311
8563 2 2 0 19 4162 4228 4362
8564 2 2 0 19 4163 4231 4363
8565 2 2 0 19 4230 4167 4361
8566 2 2 0 19 4215 4261 4376
8567 2 2 0 19 4290 4159 4366
8568 2 2 0 19 4288 4147 4368
8569 2 2 0 19 4265 318 4307
8570 2 2 0 19 4267 355 4309
8571 2 2 0 19 4266 281 4308
8572 2 2 0 19 735 4268 4310
8573 2 2 0 19 4226 4174 4315
8574 2 2 0 19 4261 4159 4376
8575 2 2 0 19 4287 4245 4439
8576 2 2 0 19 4244 4261 4417
8577 2 2 0 19 4228 320 4297
8578 2 2 0 19 4229 357 4295
8579 2 2 0 19 737 4230 4296
8580 2 2 0 19 4231 283 4298
8581 2 2 0 19 4245 4160 4274
8582 2 2 0 19 4201 4245 4274
8583 2 2 0 19 4174 4226 4310
8584 2 2 0 19 4224 4161 4346
8585 2 2 0 19 4225 4160 4345
8586 2 2 0 19 4227 4165 4347
8587 2 2 0 19 4233 4156 4448
8588 2 2 0 19 4270 4236 4388
8589 2 2 0 19 4269 4237 4389
8590 2 2 0 19 4272 4238 4390
8591 2 2 0 19 4239 4271 4391
8592 2 2 0 19 4232 4148 4323
8593 2 2 0 19 4234 4149 4316
8594 2 2 0 19 4235 4150 4317
8595 2 2 0 19 4318 4234 4321
8596 2 2 0 19 4156 4318 4321
8597 2 2 0 19 4246 4161 4273
8598 2 2 0 19 4200 4246 4273
8599 2 2 0 19 4247 4165 4275
8600 2 2 0 19 4202 4247 4275
8601 2 2 0 19 4151 4240 4412
8602 2 2 0 19 4244 4159 4261
8603 2 2 0 19 4319 4232 4325
8604 2 2 0 19 4157 4319 4325
8605 2 2 0 19 355 354 4309
8606 2 2 0 19 318 317 4307
8607 2 2 0 19 734 735 4310
8608 2 2 0 19 281 280 4308
8609 2 2 0 19 4212 4287 4369
8610 2 2 0 19 4148 4236 4270
8611 2 2 0 19 4149 4237 4269
8612 2 2 0 19 4150 4238 4272
8613 2 2 0 19 4239 4151 4271
8614 2 2 0 19 4322 4144 4324
8615 2 2 0 19 4233 4322 4324
8616 2 2 0 19 4237 4149 4398
8617 2 2 0 19 4238 4150 4399
8618 2 2 0 19 4287 4145 4369
8619 2 2 0 19 4311 4250 4409
8620 2 2 0 19 4236 4148 4410
8621 2 2 0 19 4158 4320 4387
8622 2 2 0 19 4244 4192 4366
8623 2 2 0 19 4159 4244 4366
8624 2 2 0 19 4163 4237 4364
8625 2 2 0 19 4166 4238 4365
8626 2 2 0 19 4162 4236 4370
8627 2 2 0 19 4360 4166 4392
8628 2 2 0 19 4156 4258 4262
8629 2 2 0 19 4320 4235 4387
8630 2 2 0 19 4151 4239 4339
8631 2 2 0 19 4239 4167 4340
8632 2 2 0 19 324 323 4336
8633 2 2 0 19 287 286 4337
8634 2 2 0 19 361 360 4334
8635 2 2 0 19 740 741 4335
8636 2 2 0 19 313 312 4333
8637 2 2 0 19 350 349 4332
8638 2 2 0 19 276 275 4331
8639 2 2 0 19 729 730 4330
8640 2 2 0 19 4185 4246 4322
8641 2 2 0 19 4307 4225 4345
8642 2 2 0 19 4173 4307 4345
8643 2 2 0 19 4308 4224 4346
8644 2 2 0 19 4172 4308 4346
8645 2 2 0 19 4175 4309 4347
8646 2 2 0 19 4309 4227 4347
8647 2 2 0 19 4147 4260 4351
8648 2 2 0 19 4260 4207 4351
8649 2 2 0 19 4259 4418 4453
8650 2 2 0 19 4386 4212 4420
8651 2 2 0 19 4161 4242 4346
8652 2 2 0 19 4160 4241 4345
8653 2 2 0 19 4165 4243 4347
8654 2 2 0 19 4242 4161 4352
8655 2 2 0 19 4243 4165 4353
8656 2 2 0 19 4241 4173 4345
8657 2 2 0 19 4242 4172 4346
8658 2 2 0 19 4243 4175 4347
8659 2 2 0 19 4241 4160 4354
8660 2 2 0 19 4254 4195 4368
8661 2 2 0 19 4184 4287 4325
8662 2 2 0 19 4244 4210 4404
8663 2 2 0 19 4229 4360 4392
8664 2 2 0 19 4225 4249 4406
8665 2 2 0 19 4224 4248 4405
8666 2 2 0 19 4227 4251 4407
8667 2 2 0 19 4325 4287 4386
8668 2 2 0 19 4194 4282 4364
8669 2 2 0 19 4145 4287 4439
8670 2 2 0 19 4364 4282 4382
8671 2 2 0 19 4259 4151 4418
8672 2 2 0 19 4281 4193 4367
8673 2 2 0 19 4252 4209 4263
8674 2 2 0 19 4253 4208 4264
8675 2 2 0 19 4176 4248 4378
8676 2 2 0 19 4250 4177 4379
8677 2 2 0 19 4178 4249 4380
8678 2 2 0 19 4180 4251 4381
8679 2 2 0 19 4281 4367 4393
8680 2 2 0 19 4418 4214 4453
8681 2 2 0 19 730 731 4292
8682 2 2 0 19 277 276 4291
8683 2 2 0 19 351 350 4294
8684 2 2 0 19 314 313 4293
8685 2 2 0 19 4290 4187 4376
8686 2 2 0 19 4186 4247 4341
8687 2 2 0 19 4258 4192 4262
8688 2 2 0 19 4205 4350 4372
8689 2 2 0 19 4206 4349 4374
8690 2 2 0 19 4351 4207 4373
8691 2 2 0 19 4204 4348 4371
8692 2 2 0 19 4192 4244 4375
8693 2 2 0 19 4271 4151 4412
8694 2 2 0 19 4213 4289 4341
8695 2 2 0 19 4254 4368 4426
8696 2 2 0 19 4204 4277 4311
8697 2 2 0 19 4277 4177 4311
8698 2 2 0 19 4205 4278 4312
8699 2 2 0 19 4278 4181 4312
8700 2 2 0 19 4206 4279 4313
8701 2 2 0 19 4279 4182 4313
8702 2 2 0 19 4280 4207 4314
8703 2 2 0 19 4183 4280 4314
8704 2 2 0 19 4187 4288 4376
8705 2 2 0 19 4162 4312 4424
8706 2 2 0 19 4163 4313 4423
8707 2 2 0 19 4314 4167 4425
8708 2 2 0 19 4162 4281 4312
8709 2 2 0 19 4281 4205 4312
8710 2 2 0 19 4273 4176 4299
8711 2 2 0 19 4200 4273 4299
8712 2 2 0 19 4274 4178 4301
8713 2 2 0 19 4201 4274 4301
8714 2 2 0 19 4202 4275 4300
8715 2 2 0 19 4275 4180 4300
8716 2 2 0 19 4179 4276 4302
8717 2 2 0 19 4276 4203 4302
8718 2 2 0 19 4256 4168 4342
8719 2 2 0 19 4194 4256 4342
8720 2 2 0 19 4255 4170 4343
8721 2 2 0 19 4193 4255 4343
8722 2 2 0 19 4257 4171 4344
8723 2 2 0 19 4195 4257 4344
8724 2 2 0 19 4192 4258 4338
8725 2 2 0 19 4258 4169 4338
8726 2 2 0 19 4254 4203 4276
8727 2 2 0 19 4166 4254 4276
8728 2 2 0 19 4248 4176 4405
8729 2 2 0 19 4249 4178 4406
8730 2 2 0 19 4251 4180 4407
8731 2 2 0 19 4160 4245 4354
8732 2 2 0 19 4245 4184 4354
8733 2 2 0 19 4245 4201 4439
8734 2 2 0 19 4161 4246 4352
8735 2 2 0 19 4165 4247 4353
8736 2 2 0 19 4246 4185 4352
8737 2 2 0 19 4247 4186 4353
8738 2 2 0 19 4299 4176 4422
8739 2 2 0 19 4278 4205 4372
8740 2 2 0 19 4279 4206 4374
8741 2 2 0 19 4277 4204 4371
8742 2 2 0 19 4207 4280 4373
8743 2 2 0 19 4246 4200 4437
8744 2 2 0 19 4247 4202 4438
8745 2 2 0 19 4149 4256 4398
8746 2 2 0 19 4150 4257 4399
8747 2 2 0 19 4187 4290 4339
8748 2 2 0 19 4322 4246 4437
8749 2 2 0 19 281 4266 4403
8750 2 2 0 19 318 4265 4401
8751 2 2 0 19 4268 735 4402
8752 2 2 0 19 355 4267 4400
8753 2 2 0 19 4260 4187 4340
8754 2 2 0 19 278 4248 4414
8755 2 2 0 19 4250 732 4416
8756 2 2 0 19 315 4249 4413
8757 2 2 0 19 352 4251 4415
8758 2 2 0 19 282 281 4403
8759 2 2 0 19 319 318 4401
8760 2 2 0 19 735 736 4402
8761 2 2 0 19 356 355 4400
8762 2 2 0 19 4148 4255 4410
8763 2 2 0 19 4291 4176 4378
8764 2 2 0 19 4177 4292 4379
8765 2 2 0 19 4293 4178 4380
8766 2 2 0 19 4294 4180 4381
8767 2 2 0 19 4187 4260 4288
8768 2 2 0 19 4260 4147 4288
8769 2 2 0 19 4169 4324 4421
8770 2 2 0 19 320 319 4297
8771 2 2 0 19 357 356 4295
8772 2 2 0 19 736 737 4296
8773 2 2 0 19 283 282 4298
8774 2 2 0 19 4171 4320 4417
8775 2 2 0 19 4170 4319 4428
8776 2 2 0 19 4168 4318 4427
8777 2 2 0 19 4300 4180 4434
8778 2 2 0 19 4301 4178 4435
8779 2 2 0 19 4179 4302 4433
8780 2 2 0 19 4248 4224 4414
8781 2 2 0 19 4249 4225 4413
8782 2 2 0 19 4251 4227 4415
8783 2 2 0 19 4285 4179 4328
8784 2 2 0 19 4284 4181 4327
8785 2 2 0 19 4183 4286 4329
8786 2 2 0 19 4283 4182 4326
8787 2 2 0 19 4157 4253 4384
8788 2 2 0 19 4158 4252 4383
8789 2 2 0 19 4195 4254 4365
8790 2 2 0 19 4254 4166 4365
8791 2 2 0 19 4395 4153 4450
8792 2 2 0 19 4154 4397 4451
8793 2 2 0 19 4396 4155 4452
8794 2 2 0 19 4226 4315 4409
8795 2 2 0 19 4282 4145 4349
8796 2 2 0 19 4206 4282 4349
8797 2 2 0 19 4262 4192 4375
8798 2 2 0 19 4339 4290 4418
8799 2 2 0 19 4153 4358 4450
8800 2 2 0 19 4357 4154 4451
8801 2 2 0 19 4155 4359 4452
8802 2 2 0 19 4172 4266 4308
8803 2 2 0 19 4173 4265 4307
8804 2 2 0 19 4268 4174 4310
8805 2 2 0 19 4175 4267 4309
8806 2 2 0 19 4248 278 4378
8807 2 2 0 19 4249 315 4380
8808 2 2 0 19 732 4250 4379
8809 2 2 0 19 4251 352 4381
8810 2 2 0 19 4188 4330 4356
8811 2 2 0 19 4330 4216 4356
8812 2 2 0 19 4219 4332 4358
8813 2 2 0 19 4332 4190 4358
8814 2 2 0 19 4220 4333 4359
8815 2 2 0 19 4334 4218 4357
8816 2 2 0 19 4333 4191 4359
8817 2 2 0 19 4189 4334 4357
8818 2 2 0 19 4209 4252 4428
8819 2 2 0 19 4208 4253 4427
8820 2 2 0 19 285 284 4283
8821 2 2 0 19 322 321 4284
8822 2 2 0 19 359 358 4285
8823 2 2 0 19 738 739 4286
8824 2 2 0 19 4164 4315 4411
8825 2 2 0 19 4315 4240 4411
8826 2 2 0 19 4315 4164 4409
8827 2 2 0 19 4285 4229 4392
8828 2 2 0 19 4177 4277 4394
8829 2 2 0 19 4181 4278 4395
8830 2 2 0 19 4280 4183 4397
8831 2 2 0 19 4182 4279 4396
8832 2 2 0 19 4166 4276 4392
8833 2 2 0 19 4176 4273 4405
8834 2 2 0 19 4178 4274 4406
8835 2 2 0 19 4180 4275 4407
8836 2 2 0 19 286 285 4326
8837 2 2 0 19 323 322 4327
8838 2 2 0 19 360 359 4328
8839 2 2 0 19 739 740 4329
8840 2 2 0 19 4252 4158 4454
8841 2 2 0 19 4260 4340 4385
8842 2 2 0 19 4144 4322 4437
8843 2 2 0 19 4253 4264 4384
8844 2 2 0 19 4252 4263 4383
8845 2 2 0 19 4255 4193 4410
8846 2 2 0 19 279 278 4414
8847 2 2 0 19 732 733 4416
8848 2 2 0 19 316 315 4413
8849 2 2 0 19 353 352 4415
8850 2 2 0 19 4203 4254 4426
8851 2 2 0 19 4262 4375 4408
8852 2 2 0 19 4256 4194 4398
8853 2 2 0 19 4257 4195 4399
8854 2 2 0 19 4324 4144 4355
8855 2 2 0 19 4211 4324 4355
8856 2 2 0 19 4263 4143 4404
8857 2 2 0 19 4143 4264 4408
8858 2 2 0 19 4356 4152 4422
8859 2 2 0 19 4210 4263 4404
8860 2 2 0 19 4341 4247 4438
8861 2 2 0 19 4356 4422 4449
8862 2 2 0 19 4264 4208 4408
8863 2 2 0 19 4187 4339 4340
8864 2 2 0 19 4339 4239 4340
8865 2 2 0 19 4348 4200 4371
8866 2 2 0 19 4349 4201 4374
8867 2 2 0 19 4350 4202 4372
8868 2 2 0 19 4203 4351 4373
8869 2 2 0 19 4179 4285 4392
8870 2 2 0 19 4188 4303 4443
8871 2 2 0 19 4303 4188 4445
8872 2 2 0 19 4190 4304 4440
8873 2 2 0 19 4191 4306 4441
8874 2 2 0 19 4189 4305 4442
8875 2 2 0 19 4305 4189 4444
8876 2 2 0 19 4304 4190 4446
8877 2 2 0 19 4306 4191 4447
8878 2 2 0 19 4230 4286 4425
8879 2 2 0 19 4284 4228 4424
8880 2 2 0 19 4283 4231 4423
8881 2 2 0 19 4330 4188 4443
8882 2 2 0 19 4188 4331 4445
8883 2 2 0 19 4334 4189 4442
8884 2 2 0 19 4336 4190 4440
8885 2 2 0 19 4189 4335 4444
8886 2 2 0 19 4337 4191 4441
8887 2 2 0 19 4190 4332 4446
8888 2 2 0 19 4191 4333 4447
8889 2 2 0 19 4338 4214 4366
8890 2 2 0 19 4207 4260 4385
8891 2 2 0 19 4164 4311 4409
8892 2 2 0 19 4297 319 4401
8893 2 2 0 19 4298 282 4403
8894 2 2 0 19 4295 356 4400
8895 2 2 0 19 736 4296 4402
8896 2 2 0 19 4156 4321 4448
8897 2 2 0 19 4289 4158 4387
8898 2 2 0 19 285 4283 4326
8899 2 2 0 19 322 4284 4327
8900 2 2 0 19 359 4285 4328
8901 2 2 0 19 4286 739 4329
8902 2 2 0 19 4343 4213 4367
8903 2 2 0 19 4344 4215 4368
8904 2 2 0 19 4234 4316 4321
8905 2 2 0 19 4289 4186 4341
8906 2 2 0 19 4261 4171 4417
8907 2 2 0 19 4316 4185 4321
8908 2 2 0 19 4232 4323 4325
8909 2 2 0 19 4211 4355 4377
8910 2 2 0 19 4323 4184 4325
8911 2 2 0 19 4146 4341 4438
8912 2 2 0 19 4282 4194 4369
8913 2 2 0 19 4281 4162 4370
8914 2 2 0 19 4263 4210 4383
8915 2 2 0 19 4264 4209 4384
8916 2 2 0 19 4186 4289 4387
8917 2 2 0 19 4342 4212 4369
8918 2 2 0 19 4368 4147 4426
8919 2 2 0 19 4208 4262 4408
8920 2 2 0 19 4159 4290 4376
8921 2 2 0 19 4264 4143 4436
8922 2 2 0 19 4143 4263 4436
8923 2 2 0 19 4340 4167 4385
8924 2 2 0 19 315 314 4380
8925 2 2 0 19 352 351 4381
8926 2 2 0 19 278 277 4378
8927 2 2 0 19 731 732 4379
8928 2 2 0 19 4297 4196 4362
8929 2 2 0 19 4228 4297 4362
8930 2 2 0 19 4298 4197 4363
8931 2 2 0 19 4231 4298 4363
8932 2 2 0 19 4295 4198 4360
8933 2 2 0 19 4229 4295 4360
8934 2 2 0 19 4199 4296 4361
8935 2 2 0 19 4296 4230 4361
8936 2 2 0 19 4265 4196 4401
8937 2 2 0 19 4266 4197 4403
8938 2 2 0 19 4267 4198 4400
8939 2 2 0 19 4199 4268 4402
8940 2 2 0 19 4265 4173 4388
8941 2 2 0 19 4266 4172 4389
8942 2 2 0 19 4267 4175 4390
8943 2 2 0 19 4174 4268 4391
8944 2 2 0 19 4152 4277 4371
8945 2 2 0 19 4153 4278 4372
8946 2 2 0 19 4280 4154 4373
8947 2 2 0 19 4155 4279 4374
8948 2 2 0 19 4145 4282 4369
8949 2 2 0 19 4196 4265 4388
8950 2 2 0 19 4197 4266 4389
8951 2 2 0 19 4198 4267 4390
8952 2 2 0 19 4268 4199 4391
8953 2 2 0 19 4263 4209 4436
8954 2 2 0 19 4209 4264 4436
8955 2 2 0 19 4193 4281 4370
8956 2 2 0 19 4144 4348 4355
8957 2 2 0 19 4348 4204 4355
8958 2 2 0 19 4317 4186 4387
8959 2 2 0 19 4163 4364 4382
8960 2 2 0 19 4290 4214 4418
8961 2 2 0 19 4181 4284 4424
8962 2 2 0 19 4286 4183 4425
8963 2 2 0 19 4182 4283 4423
8964 2 2 0 19 4299 4152 4371
8965 2 2 0 19 4200 4299 4371
8966 2 2 0 19 4300 4153 4372
8967 2 2 0 19 4202 4300 4372
8968 2 2 0 19 4302 4203 4373
8969 2 2 0 19 4154 4302 4373
8970 2 2 0 19 4201 4301 4374
8971 2 2 0 19 4301 4155 4374
8972 2 2 0 19 4211 4377 4411
8973 2 2 0 19 4205 4281 4393
8974 2 2 0 19 4287 4212 4386
8975 2 2 0 19 4288 4215 4376
8976 2 2 0 19 4409 4250 4416
8977 2 2 0 19 4226 4409 4416
8978 2 2 0 19 4320 4210 4417
8979 2 2 0 19 4173 4270 4388
8980 2 2 0 19 4172 4269 4389
8981 2 2 0 19 4175 4272 4390
8982 2 2 0 19 4271 4174 4391
8983 2 2 0 19 354 353 4432
8984 2 2 0 19 317 316 4430
8985 2 2 0 19 280 279 4429
8986 2 2 0 19 733 734 4431
8987 2 2 0 19 4282 4206 4382
8988 2 2 0 19 4204 4311 4377
8989 2 2 0 19 4311 4164 4377
8990 2 2 0 19 275 274 4445
8991 2 2 0 19 312 311 4447
8992 2 2 0 19 728 729 4443
8993 2 2 0 19 349 348 4446
8994 2 2 0 19 325 324 4440
8995 2 2 0 19 288 287 4441
8996 2 2 0 19 362 361 4442
8997 2 2 0 19 741 742 4444
8998 2 2 0 19 4276 4179 4392
8999 2 2 0 19 4321 4185 4448
9000 2 2 0 19 4185 4322 4448
9001 2 2 0 19 4194 4342 4369
9002 2 2 0 19 4277 4152 4394
9003 2 2 0 19 4278 4153 4395
9004 2 2 0 19 4279 4155 4396
9005 2 2 0 19 4154 4280 4397
9006 2 2 0 19 4324 4211 4421
9007 2 2 0 19 4273 4161 4405
9008 2 2 0 19 4274 4160 4406
9009 2 2 0 19 4275 4165 4407
9010 2 2 0 19 4174 4271 4412
9011 2 2 0 19 4289 4213 4454
9012 2 2 0 19 4158 4289 4454
9013 2 2 0 19 4192 4338 4366
9014 2 2 0 19 277 4291 4378
9015 2 2 0 19 4292 731 4379
9016 2 2 0 19 314 4293 4380
9017 2 2 0 19 351 4294 4381
9018 2 2 0 19 4210 4320 4383
9019 2 2 0 19 4320 4158 4383
9020 2 2 0 19 4209 4319 4384
9021 2 2 0 19 4319 4157 4384
9022 2 2 0 19 4193 4343 4367
9023 2 2 0 19 4195 4344 4368
9024 2 2 0 19 4169 4421 4453
9025 2 2 0 19 4421 4259 4453
9026 2 2 0 19 4375 4143 4408
9027 2 2 0 19 4198 4295 4400
9028 2 2 0 19 4196 4297 4401
9029 2 2 0 19 4296 4199 4402
9030 2 2 0 19 4197 4298 4403
9031 2 2 0 19 4313 4163 4382
9032 2 2 0 19 4206 4313 4382
9033 2 2 0 19 4367 4146 4393
9034 2 2 0 19 4253 4420 4427
9035 2 2 0 19 4420 4168 4427
9036 2 2 0 19 4419 4170 4428
9037 2 2 0 19 4252 4419 4428
9038 2 2 0 19 4319 4209 4428
9039 2 2 0 19 4318 4208 4427
9040 2 2 0 19 4167 4314 4385
9041 2 2 0 19 4314 4207 4385
9042 2 2 0 19 4351 4203 4426
9043 2 2 0 19 4200 4348 4437
9044 2 2 0 19 4202 4350 4438
9045 2 2 0 19 4201 4349 4439
9046 2 2 0 19 4143 4375 4404
9047 2 2 0 19 4375 4244 4404
9048 2 2 0 19 4350 4205 4393
9049 2 2 0 19 4235 4317 4387
9050 2 2 0 19 4343 4170 4419
9051 2 2 0 19 4342 4168 4420
9052 2 2 0 19 4213 4343 4419
9053 2 2 0 19 4212 4342 4420
9054 2 2 0 19 4193 4370 4410
9055 2 2 0 19 4157 4325 4386
9056 2 2 0 19 4355 4204 4377
9057 2 2 0 19 4194 4364 4398
9058 2 2 0 19 4195 4365 4399
9059 2 2 0 19 4221 4395 4450
9060 2 2 0 19 4223 4396 4452
9061 2 2 0 19 4397 4222 4451
9062 2 2 0 19 4153 4300 4434
9063 2 2 0 19 4302 4154 4433
9064 2 2 0 19 4155 4301 4435
9065 2 2 0 19 4315 4174 4412
9066 2 2 0 19 4240 4315 4412
9067 2 2 0 19 4307 317 4430
9068 2 2 0 19 4309 354 4432
9069 2 2 0 19 4308 280 4429
9070 2 2 0 19 734 4310 4431
9071 2 2 0 19 4152 4299 4422
9072 2 2 0 19 4331 4188 4449
9073 2 2 0 19 4217 4331 4449
9074 2 2 0 19 4222 4335 4451
9075 2 2 0 19 4335 4189 4451
9076 2 2 0 19 4336 4221 4450
9077 2 2 0 19 4190 4336 4450
9078 2 2 0 19 4337 4223 4452
9079 2 2 0 19 4191 4337 4452
9080 2 2 0 19 4313 4182 4423
9081 2 2 0 19 4312 4181 4424
9082 2 2 0 19 4183 4314 4425
9083 2 2 0 19 4224 4308 4429
9084 2 2 0 19 4225 4307 4430
9085 2 2 0 19 4310 4226 4431
9086 2 2 0 19 4227 4309 4432
9087 2 2 0 19 274 4303 4445
9088 2 2 0 19 4303 728 4443
9089 2 2 0 19 348 4304 4446
9090 2 2 0 19 311 4306 4447
9091 2 2 0 19 4305 362 4442
9092 2 2 0 19 742 4305 4444
9093 2 2 0 19 4304 325 4440
9094 2 2 0 19 4306 288 4441
9095 2 2 0 19 4146 4350 4393
9096 2 2 0 19 4152 4356 4394
9097 2 2 0 19 4356 4216 4394
9098 2 2 0 19 4151 4339 4418
9099 2 2 0 19 4338 4169 4453
9100 2 2 0 19 4214 4338 4453
9101 2 2 0 19 4364 4237 4398
9102 2 2 0 19 4365 4238 4399
9103 2 2 0 19 4322 4233 4448
9104 2 2 0 19 4147 4351 4426
9105 2 2 0 19 4377 4164 4411
9106 2 2 0 19 729 4330 4443
9107 2 2 0 19 4331 275 4445
9108 2 2 0 19 4332 349 4446
9109 2 2 0 19 4333 312 4447
9110 2 2 0 19 361 4334 4442
9111 2 2 0 19 4335 741 4444
9112 2 2 0 19 324 4336 4440
9113 2 2 0 19 287 4337 4441
9114 2 2 0 19 4370 4236 4410
9115 2 2 0 19 4358 4153 4434
9116 2 2 0 19 4154 4357 4433
9117 2 2 0 19 4359 4155 4435
9118 2 2 0 19 4348 4144 4437
9119 2 2 0 19 4350 4146 4438
9120 2 2 0 19 4349 4145 4439
9121 2 2 0 19 4357 4218 4433
9122 2 2 0 19 4219 4358 4434
9123 2 2 0 19 4220 4359 4435
9124 2 2 0 19 4419 4252 4454
9125 2 2 0 19 4188 4356 4449
9126 2 2 0 19 4358 4190 4450
9127 2 2 0 19 4189 4357 4451
9128 2 2 0 19 4359 4191 4452
9129 2 2 0 19 4422 4217 4449
9130 2 2 0 19 4414 4224 4429
9131 2 2 0 19 4413 4225 4430
9132 2 2 0 19 4226 4416 4431
9133 2 2 0 19 4415 4227 4432
9134 2 2 0 19 279 4414 4429
9135 2 2 0 19 316 4413 4430
9136 2 2 0 19 4416 733 4431
9137 2 2 0 19 353 4415 4432
9138 2 2 0 19 4213 4419 4454
9139 2 2 0 20 4508 4562 4673
9140 2 2 0 20 4673 4562 4697
9141 2 2 0 20 4575 4687 4713
9142 2 2 0 20 738 737 4540
9143 2 2 0 20 663 662 4542
9144 2 2 0 20 708 707 4541
9145 2 2 0 20 752 753 4543
9146 2 2 0 20 4527 4483 4574
9147 2 2 0 20 4471 4527 4574
9148 2 2 0 20 4687 4455 4713
9149 2 2 0 20 4548 4461 4568
9150 2 2 0 20 4483 4527 4655
9151 2 2 0 20 4527 4471 4654
9152 2 2 0 20 4509 4548 4672
9153 2 2 0 20 4548 4477 4672
9154 2 2 0 20 4511 4550 4674
9155 2 2 0 20 4550 4479 4674
9156 2 2 0 20 4549 4510 4675
9157 2 2 0 20 4478 4549 4675
9158 2 2 0 20 745 4528 4642
9159 2 2 0 20 4529 700 4643
9160 2 2 0 20 4530 655 4644
9161 2 2 0 20 4531 730 4645
9162 2 2 0 20 740 4532 4646
9163 2 2 0 20 710 4533 4647
9164 2 2 0 20 665 4534 4648
9165 2 2 0 20 4535 755 4649
9166 2 2 0 20 4521 4551 4573
9167 2 2 0 20 4628 4554 4664
9168 2 2 0 20 4521 4573 4729
9169 2 2 0 20 4563 4696 4697
9170 2 2 0 20 4524 4481 4600
9171 2 2 0 20 4498 4628 4664
9172 2 2 0 20 4470 4575 4629
9173 2 2 0 20 4528 745 4602
9174 2 2 0 20 700 4529 4603
9175 2 2 0 20 655 4530 4604
9176 2 2 0 20 730 4531 4605
9177 2 2 0 20 4463 4547 4569
9178 2 2 0 20 4547 4483 4569
9179 2 2 0 20 4544 4480 4570
9180 2 2 0 20 4468 4544 4570
9181 2 2 0 20 4545 4481 4571
9182 2 2 0 20 4546 4482 4572
9183 2 2 0 20 4470 4546 4572
9184 2 2 0 20 4469 4545 4571
9185 2 2 0 20 4522 4563 4697
9186 2 2 0 20 4481 4524 4677
9187 2 2 0 20 4575 4520 4629
9188 2 2 0 20 4460 4597 4600
9189 2 2 0 20 4597 4524 4600
9190 2 2 0 20 4492 4532 4641
9191 2 2 0 20 4493 4533 4640
9192 2 2 0 20 4494 4534 4639
9193 2 2 0 20 4535 4495 4638
9194 2 2 0 20 4563 4458 4661
9195 2 2 0 20 4517 4563 4661
9196 2 2 0 20 4489 4529 4740
9197 2 2 0 20 4490 4530 4742
9198 2 2 0 20 4491 4531 4741
9199 2 2 0 20 4495 4535 4743
9200 2 2 0 20 4529 4489 4603
9201 2 2 0 20 4530 4490 4604
9202 2 2 0 20 4531 4491 4605
9203 2 2 0 20 4532 740 4641
9204 2 2 0 20 4533 710 4640
9205 2 2 0 20 4534 665 4639
9206 2 2 0 20 755 4535 4638
9207 2 2 0 20 4532 4492 4707
9208 2 2 0 20 4533 4493 4706
9209 2 2 0 20 4534 4494 4708
9210 2 2 0 20 4487 4553 4581
9211 2 2 0 20 4486 4554 4582
9212 2 2 0 20 4553 4461 4581
9213 2 2 0 20 4554 4463 4582
9214 2 2 0 20 4548 4509 4701
9215 2 2 0 20 4510 4549 4702
9216 2 2 0 20 4550 4511 4700
9217 2 2 0 20 4602 4488 4705
9218 2 2 0 20 4528 4602 4705
9219 2 2 0 20 4499 4556 4599
9220 2 2 0 20 4545 4458 4592
9221 2 2 0 20 4480 4544 4632
9222 2 2 0 20 4482 4546 4633
9223 2 2 0 20 4483 4547 4629
9224 2 2 0 20 4560 4468 4570
9225 2 2 0 20 4504 4561 4571
9226 2 2 0 20 4561 4469 4571
9227 2 2 0 20 4506 4560 4570
9228 2 2 0 20 4520 4555 4726
9229 2 2 0 20 738 4540 4594
9230 2 2 0 20 708 4541 4596
9231 2 2 0 20 663 4542 4593
9232 2 2 0 20 4543 753 4595
9233 2 2 0 20 4472 4537 4714
9234 2 2 0 20 4475 4538 4715
9235 2 2 0 20 4474 4539 4716
9236 2 2 0 20 4540 4477 4734
9237 2 2 0 20 4541 4476 4732
9238 2 2 0 20 4542 4479 4733
9239 2 2 0 20 4527 4599 4679
9240 2 2 0 20 698 18 4615
9241 2 2 0 20 18 743 4615
9242 2 2 0 20 728 22 4617
9243 2 2 0 20 653 19 4616
9244 2 2 0 20 22 712 4617
9245 2 2 0 20 19 742 4616
9246 2 2 0 20 15 667 4618
9247 2 2 0 20 757 15 4618
9248 2 2 0 20 4463 4554 4628
9249 2 2 0 20 4551 4462 4573
9250 2 2 0 20 4488 4564 4623
9251 2 2 0 20 4477 4540 4672
9252 2 2 0 20 4476 4541 4673
9253 2 2 0 20 4479 4542 4674
9254 2 2 0 20 4551 4521 4725
9255 2 2 0 20 4599 4459 4679
9256 2 2 0 20 4577 735 4622
9257 2 2 0 20 4576 705 4621
9258 2 2 0 20 4579 660 4620
9259 2 2 0 20 750 4578 4619
9260 2 2 0 20 4536 4484 4627
9261 2 2 0 20 4537 4472 4656
9262 2 2 0 20 4538 4475 4658
9263 2 2 0 20 4481 4545 4592
9264 2 2 0 20 4599 4556 4749
9265 2 2 0 20 4555 4574 4726
9266 2 2 0 20 4540 737 4606
9267 2 2 0 20 4542 662 4608
9268 2 2 0 20 4541 707 4607
9269 2 2 0 20 752 4543 4609
9270 2 2 0 20 4556 4478 4586
9271 2 2 0 20 4515 4556 4586
9272 2 2 0 20 4484 4536 4619
9273 2 2 0 20 4537 4485 4621
9274 2 2 0 20 4538 4486 4620
9275 2 2 0 20 4485 4537 4656
9276 2 2 0 20 4486 4538 4658
9277 2 2 0 20 4539 4474 4657
9278 2 2 0 20 4546 4470 4758
9279 2 2 0 20 4549 4580 4702
9280 2 2 0 20 4581 4548 4701
9281 2 2 0 20 4582 4550 4700
9282 2 2 0 20 4458 4545 4634
9283 2 2 0 20 4544 4468 4636
9284 2 2 0 20 4545 4469 4637
9285 2 2 0 20 4547 4463 4628
9286 2 2 0 20 4629 4547 4630
9287 2 2 0 20 4470 4629 4630
9288 2 2 0 20 4512 4557 4583
9289 2 2 0 20 4557 4472 4583
9290 2 2 0 20 4513 4558 4585
9291 2 2 0 20 4558 4474 4585
9292 2 2 0 20 4514 4559 4584
9293 2 2 0 20 4559 4475 4584
9294 2 2 0 20 4462 4551 4720
9295 2 2 0 20 4555 4471 4574
9296 2 2 0 20 735 734 4622
9297 2 2 0 20 705 704 4621
9298 2 2 0 20 660 659 4620
9299 2 2 0 20 749 750 4619
9300 2 2 0 20 4548 4568 4685
9301 2 2 0 20 4468 4560 4650
9302 2 2 0 20 4560 4504 4650
9303 2 2 0 20 4549 4462 4580
9304 2 2 0 20 4461 4548 4581
9305 2 2 0 20 4463 4550 4582
9306 2 2 0 20 4631 4456 4632
9307 2 2 0 20 4544 4631 4632
9308 2 2 0 20 4457 4633 4635
9309 2 2 0 20 4633 4546 4635
9310 2 2 0 20 4477 4548 4685
9311 2 2 0 20 4462 4549 4719
9312 2 2 0 20 4623 4564 4717
9313 2 2 0 20 4550 4463 4718
9314 2 2 0 20 4460 4552 4747
9315 2 2 0 20 4461 4553 4748
9316 2 2 0 20 4555 4506 4678
9317 2 2 0 20 4471 4555 4678
9318 2 2 0 20 4485 4552 4610
9319 2 2 0 20 4552 4460 4610
9320 2 2 0 20 4479 4550 4680
9321 2 2 0 20 4478 4675 4703
9322 2 2 0 20 4470 4572 4575
9323 2 2 0 20 4549 4478 4653
9324 2 2 0 20 755 756 4649
9325 2 2 0 20 666 665 4648
9326 2 2 0 20 711 710 4647
9327 2 2 0 20 741 740 4646
9328 2 2 0 20 730 729 4645
9329 2 2 0 20 655 654 4644
9330 2 2 0 20 700 699 4643
9331 2 2 0 20 744 745 4642
9332 2 2 0 20 4458 4563 4592
9333 2 2 0 20 4496 4557 4631
9334 2 2 0 20 4498 4559 4635
9335 2 2 0 20 4497 4558 4634
9336 2 2 0 20 4622 4539 4657
9337 2 2 0 20 4487 4622 4657
9338 2 2 0 20 4520 4575 4713
9339 2 2 0 20 4552 4485 4656
9340 2 2 0 20 4474 4553 4657
9341 2 2 0 20 4554 4486 4658
9342 2 2 0 20 4552 4472 4663
9343 2 2 0 20 4553 4474 4665
9344 2 2 0 20 4554 4475 4664
9345 2 2 0 20 4472 4552 4656
9346 2 2 0 20 4553 4487 4657
9347 2 2 0 20 4475 4554 4658
9348 2 2 0 20 4597 4496 4636
9349 2 2 0 20 4598 4497 4637
9350 2 2 0 20 4555 4520 4713
9351 2 2 0 20 4675 4543 4703
9352 2 2 0 20 4538 4566 4715
9353 2 2 0 20 4537 4565 4714
9354 2 2 0 20 4539 4567 4716
9355 2 2 0 20 4597 4636 4699
9356 2 2 0 20 4598 4637 4698
9357 2 2 0 20 4568 4523 4685
9358 2 2 0 20 4459 4599 4749
9359 2 2 0 20 4563 4522 4730
9360 2 2 0 20 4591 4507 4679
9361 2 2 0 20 4564 4488 4690
9362 2 2 0 20 4489 4565 4691
9363 2 2 0 20 4490 4566 4692
9364 2 2 0 20 4491 4567 4693
9365 2 2 0 20 4591 4679 4704
9366 2 2 0 20 4599 4527 4654
9367 2 2 0 20 745 746 4602
9368 2 2 0 20 701 700 4603
9369 2 2 0 20 656 655 4604
9370 2 2 0 20 731 730 4605
9371 2 2 0 20 4560 4686 4688
9372 2 2 0 20 4560 4506 4686
9373 2 2 0 20 4572 4505 4575
9374 2 2 0 20 4469 4561 4676
9375 2 2 0 20 4561 4505 4676
9376 2 2 0 20 4687 4561 4688
9377 2 2 0 20 4561 4504 4688
9378 2 2 0 20 4696 4476 4697
9379 2 2 0 20 4518 4660 4683
9380 2 2 0 20 4517 4661 4682
9381 2 2 0 20 4519 4662 4684
9382 2 2 0 20 4516 4659 4681
9383 2 2 0 20 4506 4555 4686
9384 2 2 0 20 4580 4462 4720
9385 2 2 0 20 4587 4488 4623
9386 2 2 0 20 4516 4587 4623
9387 2 2 0 20 4518 4588 4625
9388 2 2 0 20 4588 4492 4625
9389 2 2 0 20 4517 4589 4624
9390 2 2 0 20 4589 4493 4624
9391 2 2 0 20 4519 4590 4626
9392 2 2 0 20 4590 4494 4626
9393 2 2 0 20 4556 4499 4653
9394 2 2 0 20 4478 4556 4653
9395 2 2 0 20 4476 4673 4697
9396 2 2 0 20 4477 4625 4734
9397 2 2 0 20 4476 4624 4732
9398 2 2 0 20 4479 4626 4733
9399 2 2 0 20 4479 4591 4626
9400 2 2 0 20 4591 4519 4626
9401 2 2 0 20 4583 4489 4611
9402 2 2 0 20 4512 4583 4611
9403 2 2 0 20 4584 4490 4612
9404 2 2 0 20 4514 4584 4612
9405 2 2 0 20 4585 4491 4613
9406 2 2 0 20 4513 4585 4613
9407 2 2 0 20 4515 4586 4614
9408 2 2 0 20 4586 4495 4614
9409 2 2 0 20 4569 4483 4655
9410 2 2 0 20 4507 4569 4655
9411 2 2 0 20 4570 4480 4651
9412 2 2 0 20 4506 4570 4651
9413 2 2 0 20 4572 4482 4652
9414 2 2 0 20 4505 4572 4652
9415 2 2 0 20 4565 4489 4714
9416 2 2 0 20 4566 4490 4715
9417 2 2 0 20 4567 4491 4716
9418 2 2 0 20 4460 4562 4610
9419 2 2 0 20 4562 4460 4731
9420 2 2 0 20 4556 4515 4749
9421 2 2 0 20 4472 4557 4663
9422 2 2 0 20 4474 4558 4665
9423 2 2 0 20 4475 4559 4664
9424 2 2 0 20 4557 4496 4663
9425 2 2 0 20 4559 4498 4664
9426 2 2 0 20 4558 4497 4665
9427 2 2 0 20 4588 4518 4683
9428 2 2 0 20 4589 4517 4682
9429 2 2 0 20 4587 4516 4681
9430 2 2 0 20 4590 4519 4684
9431 2 2 0 20 4592 4563 4730
9432 2 2 0 20 4557 4512 4744
9433 2 2 0 20 4558 4513 4746
9434 2 2 0 20 4559 4514 4745
9435 2 2 0 20 4562 4508 4695
9436 2 2 0 20 4631 4557 4744
9437 2 2 0 20 4635 4559 4745
9438 2 2 0 20 4634 4558 4746
9439 2 2 0 20 4601 4499 4654
9440 2 2 0 20 4578 750 4712
9441 2 2 0 20 660 4579 4711
9442 2 2 0 20 705 4576 4710
9443 2 2 0 20 735 4577 4709
9444 2 2 0 20 4564 747 4724
9445 2 2 0 20 657 4566 4722
9446 2 2 0 20 702 4565 4723
9447 2 2 0 20 732 4567 4721
9448 2 2 0 20 750 751 4712
9449 2 2 0 20 661 660 4711
9450 2 2 0 20 706 705 4710
9451 2 2 0 20 736 735 4709
9452 2 2 0 20 4686 4455 4688
9453 2 2 0 20 4463 4569 4718
9454 2 2 0 20 4488 4602 4690
9455 2 2 0 20 4603 4489 4691
9456 2 2 0 20 4604 4490 4692
9457 2 2 0 20 4605 4491 4693
9458 2 2 0 20 4504 4560 4688
9459 2 2 0 20 4505 4561 4687
9460 2 2 0 20 4455 4687 4688
9461 2 2 0 20 4482 4633 4739
9462 2 2 0 20 4480 4632 4729
9463 2 2 0 20 737 736 4606
9464 2 2 0 20 662 661 4608
9465 2 2 0 20 707 706 4607
9466 2 2 0 20 751 752 4609
9467 2 2 0 20 4483 4629 4726
9468 2 2 0 20 4597 4460 4747
9469 2 2 0 20 4598 4461 4748
9470 2 2 0 20 4611 4489 4740
9471 2 2 0 20 4612 4490 4742
9472 2 2 0 20 4613 4491 4741
9473 2 2 0 20 4614 4495 4743
9474 2 2 0 20 4566 4538 4722
9475 2 2 0 20 4565 4537 4723
9476 2 2 0 20 4567 4539 4721
9477 2 2 0 20 4594 4492 4641
9478 2 2 0 20 4596 4493 4640
9479 2 2 0 20 4593 4494 4639
9480 2 2 0 20 4495 4595 4638
9481 2 2 0 20 4705 4464 4759
9482 2 2 0 20 4706 4466 4761
9483 2 2 0 20 4707 4465 4760
9484 2 2 0 20 4708 4467 4762
9485 2 2 0 20 4563 4517 4696
9486 2 2 0 20 4536 4627 4717
9487 2 2 0 20 4521 4632 4694
9488 2 2 0 20 4464 4668 4759
9489 2 2 0 20 4466 4670 4761
9490 2 2 0 20 4465 4669 4760
9491 2 2 0 20 4467 4671 4762
9492 2 2 0 20 4575 4505 4687
9493 2 2 0 20 4485 4576 4621
9494 2 2 0 20 4578 4484 4619
9495 2 2 0 20 4486 4579 4620
9496 2 2 0 20 4487 4577 4622
9497 2 2 0 20 747 4564 4690
9498 2 2 0 20 4566 657 4692
9499 2 2 0 20 4565 702 4691
9500 2 2 0 20 4567 732 4693
9501 2 2 0 20 4601 4654 4727
9502 2 2 0 20 4643 4500 4668
9503 2 2 0 20 4529 4643 4668
9504 2 2 0 20 4530 4644 4669
9505 2 2 0 20 4531 4645 4670
9506 2 2 0 20 4644 4501 4669
9507 2 2 0 20 4645 4502 4670
9508 2 2 0 20 4649 4503 4671
9509 2 2 0 20 4535 4649 4671
9510 2 2 0 20 4571 4481 4677
9511 2 2 0 20 4504 4571 4677
9512 2 2 0 20 4523 4568 4739
9513 2 2 0 20 4601 4462 4719
9514 2 2 0 20 664 663 4593
9515 2 2 0 20 753 754 4595
9516 2 2 0 20 739 738 4594
9517 2 2 0 20 709 708 4596
9518 2 2 0 20 4568 4461 4728
9519 2 2 0 20 4627 4473 4717
9520 2 2 0 20 4543 4595 4703
9521 2 2 0 20 4488 4587 4705
9522 2 2 0 20 4492 4588 4707
9523 2 2 0 20 4493 4589 4706
9524 2 2 0 20 4494 4590 4708
9525 2 2 0 20 4586 4478 4703
9526 2 2 0 20 4489 4583 4714
9527 2 2 0 20 4490 4584 4715
9528 2 2 0 20 4491 4585 4716
9529 2 2 0 20 710 709 4640
9530 2 2 0 20 665 664 4639
9531 2 2 0 20 740 739 4641
9532 2 2 0 20 754 755 4638
9533 2 2 0 20 4473 4627 4725
9534 2 2 0 20 4627 4551 4725
9535 2 2 0 20 4600 4481 4730
9536 2 2 0 20 4676 4526 4698
9537 2 2 0 20 4456 4631 4744
9538 2 2 0 20 4458 4634 4746
9539 2 2 0 20 4457 4635 4745
9540 2 2 0 20 4569 4507 4718
9541 2 2 0 20 747 748 4724
9542 2 2 0 20 658 657 4722
9543 2 2 0 20 703 702 4723
9544 2 2 0 20 733 732 4721
9545 2 2 0 20 4632 4456 4694
9546 2 2 0 20 4633 4457 4667
9547 2 2 0 20 4523 4633 4667
9548 2 2 0 20 4659 4512 4681
9549 2 2 0 20 4660 4514 4683
9550 2 2 0 20 4661 4513 4682
9551 2 2 0 20 4662 4515 4684
9552 2 2 0 20 4595 4495 4703
9553 2 2 0 20 4615 4500 4752
9554 2 2 0 20 4500 4615 4753
9555 2 2 0 20 4502 4617 4751
9556 2 2 0 20 4501 4616 4750
9557 2 2 0 20 4617 4502 4757
9558 2 2 0 20 4616 4501 4756
9559 2 2 0 20 4618 4503 4755
9560 2 2 0 20 4503 4618 4754
9561 2 2 0 20 4594 4540 4734
9562 2 2 0 20 4596 4541 4732
9563 2 2 0 20 4593 4542 4733
9564 2 2 0 20 4573 4462 4764
9565 2 2 0 20 4685 4523 4689
9566 2 2 0 20 4516 4623 4666
9567 2 2 0 20 4623 4473 4666
9568 2 2 0 20 4500 4643 4752
9569 2 2 0 20 4642 4500 4753
9570 2 2 0 20 4501 4644 4756
9571 2 2 0 20 4502 4645 4757
9572 2 2 0 20 4647 4502 4751
9573 2 2 0 20 4646 4501 4750
9574 2 2 0 20 4503 4649 4755
9575 2 2 0 20 4648 4503 4754
9576 2 2 0 20 4524 4650 4677
9577 2 2 0 20 4652 4526 4676
9578 2 2 0 20 4651 4525 4678
9579 2 2 0 20 4473 4623 4717
9580 2 2 0 20 751 4609 4712
9581 2 2 0 20 4608 661 4711
9582 2 2 0 20 4607 706 4710
9583 2 2 0 20 4606 736 4709
9584 2 2 0 20 4470 4630 4758
9585 2 2 0 20 4678 4525 4727
9586 2 2 0 20 664 4593 4639
9587 2 2 0 20 4595 754 4638
9588 2 2 0 20 739 4594 4641
9589 2 2 0 20 709 4596 4640
9590 2 2 0 20 4655 4527 4679
9591 2 2 0 20 4576 4485 4695
9592 2 2 0 20 4508 4576 4695
9593 2 2 0 20 4499 4599 4654
9594 2 2 0 20 4547 4628 4630
9595 2 2 0 20 4461 4598 4728
9596 2 2 0 20 4598 4526 4728
9597 2 2 0 20 4574 4483 4726
9598 2 2 0 20 4610 4562 4695
9599 2 2 0 20 4628 4498 4630
9600 2 2 0 20 4469 4676 4698
9601 2 2 0 20 4631 4544 4636
9602 2 2 0 20 4634 4545 4637
9603 2 2 0 20 4523 4667 4689
9604 2 2 0 20 4496 4631 4636
9605 2 2 0 20 4497 4634 4637
9606 2 2 0 20 4591 4479 4680
9607 2 2 0 20 732 731 4693
9608 2 2 0 20 657 656 4692
9609 2 2 0 20 702 701 4691
9610 2 2 0 20 746 747 4690
9611 2 2 0 20 4606 4509 4672
9612 2 2 0 20 4607 4508 4673
9613 2 2 0 20 4540 4606 4672
9614 2 2 0 20 4541 4607 4673
9615 2 2 0 20 4510 4609 4675
9616 2 2 0 20 4608 4511 4674
9617 2 2 0 20 4609 4543 4675
9618 2 2 0 20 4542 4608 4674
9619 2 2 0 20 4666 4521 4694
9620 2 2 0 20 4577 4509 4709
9621 2 2 0 20 4576 4508 4710
9622 2 2 0 20 4579 4511 4711
9623 2 2 0 20 4510 4578 4712
9624 2 2 0 20 4468 4650 4699
9625 2 2 0 20 4650 4524 4699
9626 2 2 0 20 4577 4487 4701
9627 2 2 0 20 4484 4578 4702
9628 2 2 0 20 4579 4486 4700
9629 2 2 0 20 4464 4587 4681
9630 2 2 0 20 4466 4589 4682
9631 2 2 0 20 4465 4588 4683
9632 2 2 0 20 4467 4590 4684
9633 2 2 0 20 4511 4579 4700
9634 2 2 0 20 4509 4577 4701
9635 2 2 0 20 4578 4510 4702
9636 2 2 0 20 4739 4568 4765
9637 2 2 0 20 4507 4591 4680
9638 2 2 0 20 4660 4518 4667
9639 2 2 0 20 4457 4660 4667
9640 2 2 0 20 4525 4601 4727
9641 2 2 0 20 4493 4596 4732
9642 2 2 0 20 4492 4594 4734
9643 2 2 0 20 4494 4593 4733
9644 2 2 0 20 4611 4464 4681
9645 2 2 0 20 4512 4611 4681
9646 2 2 0 20 4613 4466 4682
9647 2 2 0 20 4513 4613 4682
9648 2 2 0 20 4612 4465 4683
9649 2 2 0 20 4514 4612 4683
9650 2 2 0 20 4515 4614 4684
9651 2 2 0 20 4614 4467 4684
9652 2 2 0 20 4522 4600 4730
9653 2 2 0 20 4519 4591 4704
9654 2 2 0 20 4524 4597 4699
9655 2 2 0 20 4526 4598 4698
9656 2 2 0 20 4717 4564 4724
9657 2 2 0 20 4536 4717 4724
9658 2 2 0 20 4629 4520 4726
9659 2 2 0 20 4482 4739 4765
9660 2 2 0 20 4697 4562 4731
9661 2 2 0 20 4522 4697 4731
9662 2 2 0 20 4580 4484 4702
9663 2 2 0 20 4487 4581 4701
9664 2 2 0 20 4486 4582 4700
9665 2 2 0 20 734 733 4738
9666 2 2 0 20 659 658 4736
9667 2 2 0 20 704 703 4737
9668 2 2 0 20 748 749 4735
9669 2 2 0 20 4477 4685 4689
9670 2 2 0 20 4518 4625 4689
9671 2 2 0 20 4625 4477 4689
9672 2 2 0 20 743 744 4753
9673 2 2 0 20 699 698 4752
9674 2 2 0 20 742 741 4750
9675 2 2 0 20 712 711 4751
9676 2 2 0 20 654 653 4756
9677 2 2 0 20 729 728 4757
9678 2 2 0 20 667 666 4754
9679 2 2 0 20 756 757 4755
9680 2 2 0 20 4495 4586 4703
9681 2 2 0 20 4630 4498 4758
9682 2 2 0 20 4498 4635 4758
9683 2 2 0 20 4587 4464 4705
9684 2 2 0 20 4588 4465 4707
9685 2 2 0 20 4589 4466 4706
9686 2 2 0 20 4590 4467 4708
9687 2 2 0 20 4632 4521 4729
9688 2 2 0 20 4583 4472 4714
9689 2 2 0 20 4584 4475 4715
9690 2 2 0 20 4585 4474 4716
9691 2 2 0 20 4484 4580 4720
9692 2 2 0 20 4462 4601 4764
9693 2 2 0 20 4601 4525 4764
9694 2 2 0 20 4505 4652 4676
9695 2 2 0 20 4650 4504 4677
9696 2 2 0 20 4506 4651 4678
9697 2 2 0 20 4602 746 4690
9698 2 2 0 20 701 4603 4691
9699 2 2 0 20 656 4604 4692
9700 2 2 0 20 731 4605 4693
9701 2 2 0 20 4507 4655 4679
9702 2 2 0 20 4471 4678 4727
9703 2 2 0 20 4485 4610 4695
9704 2 2 0 20 4480 4729 4763
9705 2 2 0 20 4729 4573 4763
9706 2 2 0 20 4600 4522 4731
9707 2 2 0 20 4460 4600 4731
9708 2 2 0 20 4481 4592 4730
9709 2 2 0 20 4499 4601 4719
9710 2 2 0 20 4509 4606 4709
9711 2 2 0 20 4508 4607 4710
9712 2 2 0 20 4511 4608 4711
9713 2 2 0 20 4609 4510 4712
9714 2 2 0 20 4679 4459 4704
9715 2 2 0 20 4633 4523 4739
9716 2 2 0 20 4517 4624 4696
9717 2 2 0 20 4624 4476 4696
9718 2 2 0 20 4659 4516 4694
9719 2 2 0 20 4496 4597 4747
9720 2 2 0 20 4497 4598 4748
9721 2 2 0 20 4516 4666 4694
9722 2 2 0 20 4512 4659 4744
9723 2 2 0 20 4513 4661 4746
9724 2 2 0 20 4514 4660 4745
9725 2 2 0 20 4515 4662 4749
9726 2 2 0 20 4686 4555 4713
9727 2 2 0 20 4455 4686 4713
9728 2 2 0 20 4662 4519 4704
9729 2 2 0 20 4507 4680 4718
9730 2 2 0 20 4636 4468 4699
9731 2 2 0 20 4637 4469 4698
9732 2 2 0 20 4667 4518 4689
9733 2 2 0 20 4456 4659 4694
9734 2 2 0 20 4528 4705 4759
9735 2 2 0 20 4532 4707 4760
9736 2 2 0 20 4533 4706 4761
9737 2 2 0 20 4534 4708 4762
9738 2 2 0 20 4464 4611 4740
9739 2 2 0 20 4466 4613 4741
9740 2 2 0 20 4465 4612 4742
9741 2 2 0 20 4467 4614 4743
9742 2 2 0 20 4627 4484 4720
9743 2 2 0 20 4551 4627 4720
9744 2 2 0 20 4622 734 4738
9745 2 2 0 20 4620 659 4736
9746 2 2 0 20 4621 704 4737
9747 2 2 0 20 749 4619 4735
9748 2 2 0 20 4500 4642 4759
9749 2 2 0 20 4642 4528 4759
9750 2 2 0 20 4501 4646 4760
9751 2 2 0 20 4502 4647 4761
9752 2 2 0 20 4646 4532 4760
9753 2 2 0 20 4647 4533 4761
9754 2 2 0 20 4503 4648 4762
9755 2 2 0 20 4648 4534 4762
9756 2 2 0 20 4624 4493 4732
9757 2 2 0 20 4625 4492 4734
9758 2 2 0 20 4626 4494 4733
9759 2 2 0 20 4619 4536 4735
9760 2 2 0 20 4537 4621 4737
9761 2 2 0 20 4538 4620 4736
9762 2 2 0 20 4539 4622 4738
9763 2 2 0 20 4615 743 4753
9764 2 2 0 20 698 4615 4752
9765 2 2 0 20 728 4617 4757
9766 2 2 0 20 653 4616 4756
9767 2 2 0 20 4616 742 4750
9768 2 2 0 20 4617 712 4751
9769 2 2 0 20 4618 667 4754
9770 2 2 0 20 757 4618 4755
9771 2 2 0 20 4459 4662 4704
9772 2 2 0 20 4653 4499 4719
9773 2 2 0 20 4549 4653 4719
9774 2 2 0 20 4663 4496 4747
9775 2 2 0 20 4552 4663 4747
9776 2 2 0 20 4553 4665 4748
9777 2 2 0 20 4665 4497 4748
9778 2 2 0 20 4521 4666 4725
9779 2 2 0 20 4654 4471 4727
9780 2 2 0 20 4651 4480 4763
9781 2 2 0 20 4525 4651 4763
9782 2 2 0 20 4652 4482 4765
9783 2 2 0 20 4526 4652 4765
9784 2 2 0 20 4635 4546 4758
9785 2 2 0 20 4666 4473 4725
9786 2 2 0 20 744 4642 4753
9787 2 2 0 20 4643 699 4752
9788 2 2 0 20 4644 654 4756
9789 2 2 0 20 4645 729 4757
9790 2 2 0 20 741 4646 4750
9791 2 2 0 20 711 4647 4751
9792 2 2 0 20 666 4648 4754
9793 2 2 0 20 4649 756 4755
9794 2 2 0 20 4680 4550 4718
9795 2 2 0 20 4668 4464 4740
9796 2 2 0 20 4670 4466 4741
9797 2 2 0 20 4669 4465 4742
9798 2 2 0 20 4671 4467 4743
9799 2 2 0 20 4659 4456 4744
9800 2 2 0 20 4661 4458 4746
9801 2 2 0 20 4660 4457 4745
9802 2 2 0 20 4662 4459 4749
9803 2 2 0 20 4529 4668 4740
9804 2 2 0 20 4531 4670 4741
9805 2 2 0 20 4530 4669 4742
9806 2 2 0 20 4535 4671 4743
9807 2 2 0 20 4568 4728 4765
9808 2 2 0 20 4668 4500 4759
9809 2 2 0 20 4669 4501 4760
9810 2 2 0 20 4670 4502 4761
9811 2 2 0 20 4671 4503 4762
9812 2 2 0 20 4536 4724 4735
9813 2 2 0 20 4722 4538 4736
9814 2 2 0 20 4723 4537 4737
9815 2 2 0 20 4721 4539 4738
9816 2 2 0 20 658 4722 4736
9817 2 2 0 20 4724 748 4735
9818 2 2 0 20 733 4721 4738
9819 2 2 0 20 703 4723 4737
9820 2 2 0 20 4763 4573 4764
9821 2 2 0 20 4525 4763 4764
9822 2 2 0 20 4728 4526 4765
9823 2 2 0 21 693 692 4851
9824 2 2 0 21 782 783 4852
9825 2 2 0 21 723 722 4853
9826 2 2 0 21 767 768 4854
9827 2 2 0 21 4838 4794 4884
9828 2 2 0 21 4794 4838 4968
9829 2 2 0 21 4861 4821 4984
9830 2 2 0 21 4822 4862 4983
9831 2 2 0 21 4862 4790 4983
9832 2 2 0 21 4789 4861 4984
9833 2 2 0 21 4820 4860 4985
9834 2 2 0 21 4859 4819 4986
9835 2 2 0 21 4860 4785 4985
9836 2 2 0 21 4786 4859 4986
9837 2 2 0 21 4769 4836 4966
9838 2 2 0 21 4839 715 4953
9839 2 2 0 21 760 4840 4954
9840 2 2 0 21 4841 685 4955
9841 2 2 0 21 775 4842 4956
9842 2 2 0 21 4843 785 4957
9843 2 2 0 21 695 4844 4958
9844 2 2 0 21 725 4845 4959
9845 2 2 0 21 4846 770 4960
9846 2 2 0 21 4836 4769 4992
9847 2 2 0 21 4833 4863 4881
9848 2 2 0 21 4940 4865 4975
9849 2 2 0 21 4941 4866 4976
9850 2 2 0 21 4833 4881 5045
9851 2 2 0 21 4807 4940 4975
9852 2 2 0 21 4809 4941 4976
9853 2 2 0 21 4779 4885 4942
9854 2 2 0 21 715 4839 4913
9855 2 2 0 21 4840 760 4914
9856 2 2 0 21 685 4841 4915
9857 2 2 0 21 4842 775 4916
9858 2 2 0 21 4771 4856 4877
9859 2 2 0 21 4856 4792 4877
9860 2 2 0 21 4858 4794 4878
9861 2 2 0 21 4774 4858 4878
9862 2 2 0 21 4855 4791 4879
9863 2 2 0 21 4779 4855 4879
9864 2 2 0 21 4780 4857 4880
9865 2 2 0 21 4857 4793 4880
9866 2 2 0 21 4834 4864 5056
9867 2 2 0 21 4864 4882 5056
9868 2 2 0 21 4885 4831 4942
9869 2 2 0 21 4802 4844 4951
9870 2 2 0 21 4843 4801 4952
9871 2 2 0 21 4805 4845 4949
9872 2 2 0 21 4846 4806 4950
9873 2 2 0 21 4799 4839 5046
9874 2 2 0 21 4801 4843 5047
9875 2 2 0 21 4803 4841 5057
9876 2 2 0 21 4842 4804 5058
9877 2 2 0 21 4839 4799 4913
9878 2 2 0 21 4841 4803 4915
9879 2 2 0 21 4804 4842 4916
9880 2 2 0 21 785 4843 4952
9881 2 2 0 21 4844 695 4951
9882 2 2 0 21 4845 725 4949
9883 2 2 0 21 770 4846 4950
9884 2 2 0 21 4844 4802 5018
9885 2 2 0 21 4806 4846 5019
9886 2 2 0 21 4845 4805 5020
9887 2 2 0 21 4796 4865 4893
9888 2 2 0 21 4865 4771 4893
9889 2 2 0 21 4798 4866 4895
9890 2 2 0 21 4866 4774 4895
9891 2 2 0 21 4860 4820 5012
9892 2 2 0 21 4819 4859 5013
9893 2 2 0 21 4821 4861 5015
9894 2 2 0 21 4862 4822 5014
9895 2 2 0 21 4914 4800 5017
9896 2 2 0 21 4840 4914 5017
9897 2 2 0 21 4810 4868 4909
9898 2 2 0 21 4791 4855 4946
9899 2 2 0 21 4857 4768 4948
9900 2 2 0 21 4792 4856 4942
9901 2 2 0 21 4794 4858 4943
9902 2 2 0 21 4871 4780 4880
9903 2 2 0 21 4816 4871 4880
9904 2 2 0 21 4832 4867 5042
9905 2 2 0 21 4852 783 4908
9906 2 2 0 21 693 4851 4907
9907 2 2 0 21 723 4853 4906
9908 2 2 0 21 4854 768 4905
9909 2 2 0 21 4783 4847 5028
9910 2 2 0 21 4788 4850 5029
9911 2 2 0 21 4837 4912 4989
9912 2 2 0 21 4851 4790 5050
9913 2 2 0 21 4853 4785 5049
9914 2 2 0 21 4786 4854 5048
9915 2 2 0 21 4804 4874 4929
9916 2 2 0 21 4864 4834 5033
9917 2 2 0 21 713 17 4925
9918 2 2 0 21 17 758 4925
9919 2 2 0 21 18 697 4926
9920 2 2 0 21 787 18 4926
9921 2 2 0 21 683 21 4928
9922 2 2 0 21 14 773 4927
9923 2 2 0 21 21 727 4928
9924 2 2 0 21 772 14 4927
9925 2 2 0 21 4771 4865 4940
9926 2 2 0 21 4774 4866 4941
9927 2 2 0 21 4863 4772 4881
9928 2 2 0 21 4864 4773 4882
9929 2 2 0 21 4800 4872 4934
9930 2 2 0 21 4790 4851 4983
9931 2 2 0 21 4785 4853 4985
9932 2 2 0 21 4854 4786 4986
9933 2 2 0 21 4838 4884 4999
9934 2 2 0 21 4912 4782 4989
9935 2 2 0 21 4863 4833 5041
9936 2 2 0 21 4890 690 4932
9937 2 2 0 21 780 4889 4933
9938 2 2 0 21 4888 720 4931
9939 2 2 0 21 765 4887 4930
9940 2 2 0 21 4848 4795 4938
9941 2 2 0 21 4849 4797 4939
9942 2 2 0 21 4847 4783 4969
9943 2 2 0 21 4850 4788 4970
9944 2 2 0 21 4884 4782 4999
9945 2 2 0 21 4909 4868 5061
9946 2 2 0 21 4867 4884 5042
9947 2 2 0 21 4851 692 4918
9948 2 2 0 21 782 4852 4917
9949 2 2 0 21 4853 722 4920
9950 2 2 0 21 767 4854 4919
9951 2 2 0 21 4824 4868 4898
9952 2 2 0 21 4868 4789 4898
9953 2 2 0 21 4795 4848 4930
9954 2 2 0 21 4847 4796 4931
9955 2 2 0 21 4850 4798 4932
9956 2 2 0 21 4797 4849 4933
9957 2 2 0 21 4796 4847 4969
9958 2 2 0 21 4798 4850 4970
9959 2 2 0 21 4855 4779 5070
9960 2 2 0 21 4768 4857 4978
9961 2 2 0 21 4859 4892 5013
9962 2 2 0 21 4893 4860 5012
9963 2 2 0 21 4861 4894 5015
9964 2 2 0 21 4895 4862 5014
9965 2 2 0 21 4793 4857 4948
9966 2 2 0 21 4856 4771 4940
9967 2 2 0 21 4858 4774 4941
9968 2 2 0 21 4857 4780 4944
9969 2 2 0 21 4942 4856 4945
9970 2 2 0 21 4779 4942 4945
9971 2 2 0 21 4823 4869 4896
9972 2 2 0 21 4869 4783 4896
9973 2 2 0 21 4825 4870 4897
9974 2 2 0 21 4870 4788 4897
9975 2 2 0 21 4772 4863 5035
9976 2 2 0 21 4773 4864 5036
9977 2 2 0 21 4867 4782 4884
9978 2 2 0 21 4826 4924 4929
9979 2 2 0 21 690 689 4932
9980 2 2 0 21 779 780 4933
9981 2 2 0 21 720 719 4931
9982 2 2 0 21 764 765 4930
9983 2 2 0 21 4838 4909 4991
9984 2 2 0 21 4859 4772 4892
9985 2 2 0 21 4771 4860 4893
9986 2 2 0 21 4861 4773 4894
9987 2 2 0 21 4774 4862 4895
9988 2 2 0 21 4767 4946 4947
9989 2 2 0 21 4946 4855 4947
9990 2 2 0 21 4929 4874 5032
9991 2 2 0 21 4860 4771 5021
9992 2 2 0 21 4862 4774 5022
9993 2 2 0 21 4909 4770 4991
9994 2 2 0 21 4772 4859 5034
9995 2 2 0 21 4934 4872 5031
9996 2 2 0 21 4973 4826 5009
9997 2 2 0 21 4781 4943 5011
9998 2 2 0 21 4867 4816 4989
9999 2 2 0 21 4782 4867 4989
10000 2 2 0 21 4785 4860 4987
10001 2 2 0 21 4790 4862 4988
10002 2 2 0 21 4789 4984 5016
10003 2 2 0 21 4779 4879 4885
10004 2 2 0 21 4943 4858 5011
10005 2 2 0 21 4859 4786 4963
10006 2 2 0 21 4773 4861 4964
10007 2 2 0 21 4861 4789 4965
10008 2 2 0 21 770 771 4960
10009 2 2 0 21 726 725 4959
10010 2 2 0 21 685 684 4955
10011 2 2 0 21 774 775 4956
10012 2 2 0 21 785 786 4957
10013 2 2 0 21 696 695 4958
10014 2 2 0 21 715 714 4953
10015 2 2 0 21 759 760 4954
10016 2 2 0 21 4807 4869 4947
10017 2 2 0 21 4768 4883 4973
10018 2 2 0 21 4883 4830 4973
10019 2 2 0 21 4882 5043 5077
10020 2 2 0 21 4865 4796 4969
10021 2 2 0 21 4866 4798 4970
10022 2 2 0 21 4865 4783 4975
10023 2 2 0 21 4866 4788 4976
10024 2 2 0 21 4783 4865 4969
10025 2 2 0 21 4788 4866 4970
10026 2 2 0 21 4910 4808 5010
10027 2 2 0 21 4808 4944 5010
10028 2 2 0 21 4867 4832 5027
10029 2 2 0 21 4984 4852 5016
10030 2 2 0 21 4847 4873 5028
10031 2 2 0 21 4850 4875 5029
10032 2 2 0 21 4817 4904 4987
10033 2 2 0 21 4818 4903 4988
10034 2 2 0 21 4924 4804 4929
10035 2 2 0 21 4770 4909 5061
10036 2 2 0 21 4987 4904 5005
10037 2 2 0 21 4988 4903 5006
10038 2 2 0 21 4882 4773 5043
10039 2 2 0 21 4826 4891 5009
10040 2 2 0 21 4876 4831 4886
10041 2 2 0 21 4799 4873 5000
10042 2 2 0 21 4872 4800 5001
10043 2 2 0 21 4874 4804 5003
10044 2 2 0 21 4803 4875 5002
10045 2 2 0 21 5043 4837 5077
10046 2 2 0 21 760 761 4914
10047 2 2 0 21 716 715 4913
10048 2 2 0 21 775 776 4916
10049 2 2 0 21 686 685 4915
10050 2 2 0 21 4871 4997 4998
10051 2 2 0 21 4912 4810 4999
10052 2 2 0 21 4871 4816 4997
10053 2 2 0 21 4809 4870 4966
10054 2 2 0 21 4879 4815 4885
10055 2 2 0 21 4871 4815 4990
10056 2 2 0 21 4780 4871 4990
10057 2 2 0 21 4973 4830 4996
10058 2 2 0 21 4829 4972 4995
10059 2 2 0 21 4827 4971 4993
10060 2 2 0 21 4828 4974 4994
10061 2 2 0 21 4816 4867 4997
10062 2 2 0 21 4892 4772 5035
10063 2 2 0 21 4894 4773 5036
10064 2 2 0 21 4836 4911 4966
10065 2 2 0 21 4899 4800 4934
10066 2 2 0 21 4827 4899 4934
10067 2 2 0 21 4900 4802 4935
10068 2 2 0 21 4828 4900 4935
10069 2 2 0 21 4901 4830 4937
10070 2 2 0 21 4829 4902 4936
10071 2 2 0 21 4806 4901 4937
10072 2 2 0 21 4902 4805 4936
10073 2 2 0 21 4810 4909 4999
10074 2 2 0 21 4868 4810 4965
10075 2 2 0 21 4789 4868 4965
10076 2 2 0 21 4790 4935 5050
10077 2 2 0 21 4785 4936 5049
10078 2 2 0 21 4937 4786 5048
10079 2 2 0 21 4896 4799 4921
10080 2 2 0 21 4823 4896 4921
10081 2 2 0 21 4898 4801 4922
10082 2 2 0 21 4824 4898 4922
10083 2 2 0 21 4897 4803 4923
10084 2 2 0 21 4825 4897 4923
10085 2 2 0 21 4877 4792 4967
10086 2 2 0 21 4817 4877 4967
10087 2 2 0 21 4878 4794 4968
10088 2 2 0 21 4818 4878 4968
10089 2 2 0 21 4879 4791 4961
10090 2 2 0 21 4815 4879 4961
10091 2 2 0 21 4816 4880 4962
10092 2 2 0 21 4880 4793 4962
10093 2 2 0 21 4948 4768 5009
10094 2 2 0 21 4873 4799 5028
10095 2 2 0 21 4875 4803 5029
10096 2 2 0 21 4868 4824 5061
10097 2 2 0 21 4783 4869 4975
10098 2 2 0 21 4788 4870 4976
10099 2 2 0 21 4869 4807 4975
10100 2 2 0 21 4870 4809 4976
10101 2 2 0 21 4921 4799 5046
10102 2 2 0 21 4922 4801 5047
10103 2 2 0 21 4891 4826 4929
10104 2 2 0 21 4899 4827 4993
10105 2 2 0 21 4830 4901 4996
10106 2 2 0 21 4902 4829 4995
10107 2 2 0 21 4900 4828 4994
10108 2 2 0 21 4869 4823 5059
10109 2 2 0 21 4870 4825 5060
10110 2 2 0 21 4771 4877 5021
10111 2 2 0 21 4774 4878 5022
10112 2 2 0 21 4810 4912 4964
10113 2 2 0 21 4947 4869 5059
10114 2 2 0 21 720 4888 5025
10115 2 2 0 21 4887 765 5026
10116 2 2 0 21 4889 780 5023
10117 2 2 0 21 690 4890 5024
10118 2 2 0 21 4883 4808 4963
10119 2 2 0 21 717 4873 5037
10120 2 2 0 21 4872 762 5038
10121 2 2 0 21 687 4875 5040
10122 2 2 0 21 4874 777 5039
10123 2 2 0 21 721 720 5025
10124 2 2 0 21 765 766 5026
10125 2 2 0 21 780 781 5023
10126 2 2 0 21 691 690 5024
10127 2 2 0 21 4997 4766 4998
10128 2 2 0 21 4913 4799 5000
10129 2 2 0 21 4800 4914 5001
10130 2 2 0 21 4804 4916 5003
10131 2 2 0 21 4915 4803 5002
10132 2 2 0 21 4815 4871 4998
10133 2 2 0 21 4791 4946 5045
10134 2 2 0 21 781 782 4917
10135 2 2 0 21 692 691 4918
10136 2 2 0 21 722 721 4920
10137 2 2 0 21 766 767 4919
10138 2 2 0 21 4794 4943 5042
10139 2 2 0 21 4792 4942 5051
10140 2 2 0 21 4923 4803 5057
10141 2 2 0 21 4804 4924 5058
10142 2 2 0 21 4873 4847 5037
10143 2 2 0 21 4875 4850 5040
10144 2 2 0 21 4801 4908 4952
10145 2 2 0 21 4907 4802 4951
10146 2 2 0 21 4906 4805 4949
10147 2 2 0 21 4806 4905 4950
10148 2 2 0 21 4781 4876 5007
10149 2 2 0 21 5020 4777 5074
10150 2 2 0 21 4778 5019 5073
10151 2 2 0 21 4848 4938 5031
10152 2 2 0 21 4849 4939 5032
10153 2 2 0 21 4833 4946 5004
10154 2 2 0 21 4904 4769 4972
10155 2 2 0 21 4828 4903 4974
10156 2 2 0 21 4829 4904 4972
10157 2 2 0 21 4903 4770 4974
10158 2 2 0 21 4964 4912 5043
10159 2 2 0 21 4777 4982 5074
10160 2 2 0 21 4981 4778 5073
10161 2 2 0 21 4885 4815 4998
10162 2 2 0 21 4796 4888 4931
10163 2 2 0 21 4887 4795 4930
10164 2 2 0 21 4798 4890 4932
10165 2 2 0 21 4889 4797 4933
10166 2 2 0 21 4873 717 5000
10167 2 2 0 21 762 4872 5001
10168 2 2 0 21 777 4874 5003
10169 2 2 0 21 4875 687 5002
10170 2 2 0 21 4811 4954 4979
10171 2 2 0 21 4954 4840 4979
10172 2 2 0 21 4812 4958 4980
10173 2 2 0 21 4958 4844 4980
10174 2 2 0 21 4956 4842 4981
10175 2 2 0 21 4841 4955 4982
10176 2 2 0 21 4813 4956 4981
10177 2 2 0 21 4955 4814 4982
10178 2 2 0 21 4831 4876 5051
10179 2 2 0 21 4910 4772 5034
10180 2 2 0 21 724 723 4906
10181 2 2 0 21 768 769 4905
10182 2 2 0 21 694 693 4907
10183 2 2 0 21 783 784 4908
10184 2 2 0 21 4787 4939 5033
10185 2 2 0 21 4939 4864 5033
10186 2 2 0 21 4938 4784 5031
10187 2 2 0 21 4939 4787 5032
10188 2 2 0 21 4852 4908 5016
10189 2 2 0 21 4800 4899 5017
10190 2 2 0 21 4802 4900 5018
10191 2 2 0 21 4805 4902 5020
10192 2 2 0 21 4901 4806 5019
10193 2 2 0 21 4898 4789 5016
10194 2 2 0 21 4799 4896 5028
10195 2 2 0 21 4803 4897 5029
10196 2 2 0 21 769 770 4950
10197 2 2 0 21 725 724 4949
10198 2 2 0 21 695 694 4951
10199 2 2 0 21 784 785 4952
10200 2 2 0 21 4876 4781 5078
10201 2 2 0 21 4768 4973 5009
10202 2 2 0 21 4808 4883 4978
10203 2 2 0 21 4883 4768 4978
10204 2 2 0 21 4784 4938 5041
10205 2 2 0 21 4938 4863 5041
10206 2 2 0 21 4883 4963 5008
10207 2 2 0 21 4990 4835 5010
10208 2 2 0 21 4767 4947 5059
10209 2 2 0 21 4876 4886 5007
10210 2 2 0 21 718 717 5037
10211 2 2 0 21 762 763 5038
10212 2 2 0 21 688 687 5040
10213 2 2 0 21 777 778 5039
10214 2 2 0 21 4946 4767 5004
10215 2 2 0 21 4877 4817 5021
10216 2 2 0 21 4878 4818 5022
10217 2 2 0 21 4886 4766 5027
10218 2 2 0 21 4885 4998 5030
10219 2 2 0 21 4787 4891 4929
10220 2 2 0 21 4766 4886 5030
10221 2 2 0 21 4979 4775 5046
10222 2 2 0 21 4980 4776 5047
10223 2 2 0 21 4832 4886 5027
10224 2 2 0 21 4966 4870 5060
10225 2 2 0 21 4979 5046 5071
10226 2 2 0 21 4980 5047 5072
10227 2 2 0 21 4886 4831 5030
10228 2 2 0 21 4834 4948 5009
10229 2 2 0 21 4810 4964 4965
10230 2 2 0 21 4964 4861 4965
10231 2 2 0 21 4971 4823 4993
10232 2 2 0 21 4826 4973 4996
10233 2 2 0 21 4972 4825 4995
10234 2 2 0 21 4974 4824 4994
10235 2 2 0 21 4908 4801 5016
10236 2 2 0 21 4811 4925 5065
10237 2 2 0 21 4925 4811 5064
10238 2 2 0 21 4812 4926 5066
10239 2 2 0 21 4926 4812 5067
10240 2 2 0 21 4927 4813 5063
10241 2 2 0 21 4814 4928 5062
10242 2 2 0 21 4813 4927 5068
10243 2 2 0 21 4928 4814 5069
10244 2 2 0 21 4907 4851 5050
10245 2 2 0 21 4854 4905 5048
10246 2 2 0 21 4906 4853 5049
10247 2 2 0 21 4881 4772 5076
10248 2 2 0 21 4827 4934 4977
10249 2 2 0 21 4934 4784 4977
10250 2 2 0 21 4954 4811 5065
10251 2 2 0 21 4811 4953 5064
10252 2 2 0 21 4958 4812 5066
10253 2 2 0 21 4812 4957 5067
10254 2 2 0 21 4956 4813 5068
10255 2 2 0 21 4814 4955 5069
10256 2 2 0 21 4959 4814 5062
10257 2 2 0 21 4813 4960 5063
10258 2 2 0 21 4787 4929 5032
10259 2 2 0 21 4961 4835 4990
10260 2 2 0 21 4962 4837 4989
10261 2 2 0 21 4830 4883 5008
10262 2 2 0 21 4784 4934 5031
10263 2 2 0 21 4920 721 5025
10264 2 2 0 21 766 4919 5026
10265 2 2 0 21 781 4917 5023
10266 2 2 0 21 4918 691 5024
10267 2 2 0 21 4779 4945 5070
10268 2 2 0 21 4911 4781 5011
10269 2 2 0 21 724 4906 4949
10270 2 2 0 21 4905 769 4950
10271 2 2 0 21 694 4907 4951
10272 2 2 0 21 4908 784 4952
10273 2 2 0 21 4856 4940 4945
10274 2 2 0 21 4911 4809 4966
10275 2 2 0 21 4884 4794 5042
10276 2 2 0 21 4940 4807 4945
10277 2 2 0 21 4780 4990 5010
10278 2 2 0 21 4834 4891 5033
10279 2 2 0 21 4891 4787 5033
10280 2 2 0 21 4944 4808 4978
10281 2 2 0 21 4769 4966 5060
10282 2 2 0 21 4904 4817 4992
10283 2 2 0 21 4903 4818 4991
10284 2 2 0 21 4886 4832 5007
10285 2 2 0 21 4809 4911 5011
10286 2 2 0 21 4967 4836 4992
10287 2 2 0 21 4968 4838 4991
10288 2 2 0 21 4831 4885 5030
10289 2 2 0 21 4782 4912 4999
10290 2 2 0 21 4963 4786 5008
10291 2 2 0 21 687 686 5002
10292 2 2 0 21 776 777 5003
10293 2 2 0 21 761 762 5001
10294 2 2 0 21 717 716 5000
10295 2 2 0 21 4819 4919 4986
10296 2 2 0 21 4920 4820 4985
10297 2 2 0 21 4919 4854 4986
10298 2 2 0 21 4853 4920 4985
10299 2 2 0 21 4821 4917 4984
10300 2 2 0 21 4918 4822 4983
10301 2 2 0 21 4851 4918 4983
10302 2 2 0 21 4917 4852 4984
10303 2 2 0 21 4977 4833 5004
10304 2 2 0 21 4888 4820 5025
10305 2 2 0 21 4819 4887 5026
10306 2 2 0 21 4821 4889 5023
10307 2 2 0 21 4890 4822 5024
10308 2 2 0 21 4888 4796 5012
10309 2 2 0 21 4795 4887 5013
10310 2 2 0 21 4890 4798 5014
10311 2 2 0 21 4797 4889 5015
10312 2 2 0 21 4775 4899 4993
10313 2 2 0 21 4776 4900 4994
10314 2 2 0 21 4777 4902 4995
10315 2 2 0 21 4901 4778 4996
10316 2 2 0 21 4770 4903 4991
10317 2 2 0 21 4769 4904 4992
10318 2 2 0 21 4820 4888 5012
10319 2 2 0 21 4887 4819 5013
10320 2 2 0 21 4822 4890 5014
10321 2 2 0 21 4889 4821 5015
10322 2 2 0 21 4857 4944 4978
10323 2 2 0 21 4941 4809 5011
10324 2 2 0 21 4790 4988 5006
10325 2 2 0 21 4785 4987 5005
10326 2 2 0 21 4912 4837 5043
10327 2 2 0 21 4802 4907 5050
10328 2 2 0 21 4905 4806 5048
10329 2 2 0 21 4805 4906 5049
10330 2 2 0 21 4921 4775 4993
10331 2 2 0 21 4823 4921 4993
10332 2 2 0 21 4922 4776 4994
10333 2 2 0 21 4824 4922 4994
10334 2 2 0 21 4825 4923 4995
10335 2 2 0 21 4924 4826 4996
10336 2 2 0 21 4923 4777 4995
10337 2 2 0 21 4778 4924 4996
10338 2 2 0 21 4891 4834 5009
10339 2 2 0 21 4909 4838 4999
10340 2 2 0 21 5031 4872 5038
10341 2 2 0 21 4848 5031 5038
10342 2 2 0 21 5032 4874 5039
10343 2 2 0 21 4849 5032 5039
10344 2 2 0 21 4943 4832 5042
10345 2 2 0 21 4835 4910 5010
10346 2 2 0 21 4892 4795 5013
10347 2 2 0 21 4796 4893 5012
10348 2 2 0 21 4894 4797 5015
10349 2 2 0 21 4798 4895 5014
10350 2 2 0 21 778 779 5054
10351 2 2 0 21 689 688 5055
10352 2 2 0 21 719 718 5053
10353 2 2 0 21 763 764 5052
10354 2 2 0 21 4903 4828 5006
10355 2 2 0 21 4904 4829 5005
10356 2 2 0 21 714 713 5064
10357 2 2 0 21 758 759 5065
10358 2 2 0 21 786 787 5067
10359 2 2 0 21 697 696 5066
10360 2 2 0 21 771 772 5063
10361 2 2 0 21 727 726 5062
10362 2 2 0 21 684 683 5069
10363 2 2 0 21 773 774 5068
10364 2 2 0 21 4801 4898 5016
10365 2 2 0 21 4945 4807 5070
10366 2 2 0 21 4807 4947 5070
10367 2 2 0 21 4817 4967 4992
10368 2 2 0 21 4818 4968 4991
10369 2 2 0 21 4899 4775 5017
10370 2 2 0 21 4900 4776 5018
10371 2 2 0 21 4902 4777 5020
10372 2 2 0 21 4778 4901 5019
10373 2 2 0 21 4946 4833 5045
10374 2 2 0 21 4896 4783 5028
10375 2 2 0 21 4897 4788 5029
10376 2 2 0 21 4795 4892 5035
10377 2 2 0 21 4797 4894 5036
10378 2 2 0 21 4772 4910 5076
10379 2 2 0 21 4910 4835 5076
10380 2 2 0 21 4911 4836 5078
10381 2 2 0 21 4781 4911 5078
10382 2 2 0 21 4815 4961 4990
10383 2 2 0 21 4816 4962 4989
10384 2 2 0 21 4914 761 5001
10385 2 2 0 21 716 4913 5000
10386 2 2 0 21 4916 776 5003
10387 2 2 0 21 686 4915 5002
10388 2 2 0 21 4832 4943 5007
10389 2 2 0 21 4943 4781 5007
10390 2 2 0 21 4793 5056 5077
10391 2 2 0 21 5056 4882 5077
10392 2 2 0 21 5045 4881 5075
10393 2 2 0 21 4791 5045 5075
10394 2 2 0 21 4998 4766 5030
10395 2 2 0 21 4808 4910 5034
10396 2 2 0 21 4822 4918 5024
10397 2 2 0 21 4917 4821 5023
10398 2 2 0 21 4919 4819 5026
10399 2 2 0 21 4820 4920 5025
10400 2 2 0 21 4936 4785 5005
10401 2 2 0 21 4829 4936 5005
10402 2 2 0 21 4828 4935 5006
10403 2 2 0 21 4935 4790 5006
10404 2 2 0 21 5044 4792 5051
10405 2 2 0 21 4876 5044 5051
10406 2 2 0 21 4942 4831 5051
10407 2 2 0 21 4971 4827 5004
10408 2 2 0 21 4786 4937 5008
10409 2 2 0 21 4937 4830 5008
10410 2 2 0 21 4827 4977 5004
10411 2 2 0 21 4823 4971 5059
10412 2 2 0 21 4825 4972 5060
10413 2 2 0 21 4824 4974 5061
10414 2 2 0 21 4766 4997 5027
10415 2 2 0 21 4997 4867 5027
10416 2 2 0 21 4858 4941 5011
10417 2 2 0 21 4967 4792 5044
10418 2 2 0 21 4836 4967 5044
10419 2 2 0 21 4944 4780 5010
10420 2 2 0 21 4767 4971 5004
10421 2 2 0 21 4817 4987 5021
10422 2 2 0 21 4818 4988 5022
10423 2 2 0 21 5019 4846 5073
10424 2 2 0 21 4845 5020 5074
10425 2 2 0 21 4924 4778 5058
10426 2 2 0 21 4777 4923 5057
10427 2 2 0 21 4938 4795 5035
10428 2 2 0 21 4939 4797 5036
10429 2 2 0 21 4863 4938 5035
10430 2 2 0 21 4864 4939 5036
10431 2 2 0 21 4932 689 5055
10432 2 2 0 21 779 4933 5054
10433 2 2 0 21 764 4930 5052
10434 2 2 0 21 4931 719 5053
10435 2 2 0 21 4775 4921 5046
10436 2 2 0 21 4776 4922 5047
10437 2 2 0 21 4953 4811 5071
10438 2 2 0 21 4839 4953 5071
10439 2 2 0 21 4957 4812 5072
10440 2 2 0 21 4843 4957 5072
10441 2 2 0 21 4960 4813 5073
10442 2 2 0 21 4814 4959 5074
10443 2 2 0 21 4846 4960 5073
10444 2 2 0 21 4959 4845 5074
10445 2 2 0 21 4806 4937 5048
10446 2 2 0 21 4936 4805 5049
10447 2 2 0 21 4935 4802 5050
10448 2 2 0 21 4930 4848 5052
10449 2 2 0 21 4847 4931 5053
10450 2 2 0 21 4933 4849 5054
10451 2 2 0 21 4850 4932 5055
10452 2 2 0 21 713 4925 5064
10453 2 2 0 21 4925 758 5065
10454 2 2 0 21 4926 697 5066
10455 2 2 0 21 787 4926 5067
10456 2 2 0 21 4927 773 5068
10457 2 2 0 21 683 4928 5069
10458 2 2 0 21 4928 727 5062
10459 2 2 0 21 772 4927 5063
10460 2 2 0 21 4979 4840 5017
10461 2 2 0 21 4775 4979 5017
10462 2 2 0 21 4980 4844 5018
10463 2 2 0 21 4776 4980 5018
10464 2 2 0 21 4793 4948 5056
10465 2 2 0 21 4963 4808 5034
10466 2 2 0 21 4859 4963 5034
10467 2 2 0 21 4948 4834 5056
10468 2 2 0 21 4833 4977 5041
10469 2 2 0 21 4773 4964 5043
10470 2 2 0 21 4961 4791 5075
10471 2 2 0 21 4835 4961 5075
10472 2 2 0 21 4962 4793 5077
10473 2 2 0 21 4837 4962 5077
10474 2 2 0 21 4987 4860 5021
10475 2 2 0 21 4988 4862 5022
10476 2 2 0 21 4947 4855 5070
10477 2 2 0 21 4977 4784 5041
10478 2 2 0 21 4953 714 5064
10479 2 2 0 21 759 4954 5065
10480 2 2 0 21 4955 684 5069
10481 2 2 0 21 774 4956 5068
10482 2 2 0 21 4957 786 5067
10483 2 2 0 21 696 4958 5066
10484 2 2 0 21 726 4959 5062
10485 2 2 0 21 4960 771 5063
10486 2 2 0 21 4778 4981 5058
10487 2 2 0 21 4982 4777 5057
10488 2 2 0 21 4971 4767 5059
10489 2 2 0 21 4972 4769 5060
10490 2 2 0 21 4974 4770 5061
10491 2 2 0 21 4841 4982 5057
10492 2 2 0 21 4981 4842 5058
10493 2 2 0 21 5044 4876 5078
10494 2 2 0 21 4811 4979 5071
10495 2 2 0 21 4812 4980 5072
10496 2 2 0 21 4813 4981 5073
10497 2 2 0 21 4982 4814 5074
10498 2 2 0 21 5046 4839 5071
10499 2 2 0 21 5047 4843 5072
10500 2 2 0 21 4848 5038 5052
10501 2 2 0 21 5037 4847 5053
10502 2 2 0 21 4849 5039 5054
10503 2 2 0 21 5040 4850 5055
10504 2 2 0 21 718 5037 5053
10505 2 2 0 21 5038 763 5052
10506 2 2 0 21 5039 778 5054
10507 2 2 0 21 688 5040 5055
10508 2 2 0 21 5075 4881 5076
10509 2 2 0 21 4835 5075 5076
10510 2 2 0 21 4836 5044 5078
10511 2 2 0 22 5199 5312 5338
10512 2 2 0 22 5198 5311 5337
10513 2 2 0 22 128 127 5164
10514 2 2 0 22 797 798 5165
10515 2 2 0 22 91 90 5166
10516 2 2 0 22 768 767 5167
10517 2 2 0 22 5094 5150 5197
10518 2 2 0 22 5150 5107 5197
10519 2 2 0 22 5151 5105 5196
10520 2 2 0 22 5311 5079 5337
10521 2 2 0 22 5312 5079 5338
10522 2 2 0 22 5175 5087 5190
10523 2 2 0 22 5107 5150 5279
10524 2 2 0 22 5105 5151 5278
10525 2 2 0 22 5150 5094 5276
10526 2 2 0 22 5175 5103 5296
10527 2 2 0 22 5135 5175 5296
10528 2 2 0 22 5132 5174 5297
10529 2 2 0 22 5174 5102 5297
10530 2 2 0 22 5172 5133 5298
10531 2 2 0 22 5099 5172 5298
10532 2 2 0 22 5134 5173 5299
10533 2 2 0 22 5173 5101 5299
10534 2 2 0 22 5152 760 5265
10535 2 2 0 22 790 5153 5266
10536 2 2 0 22 5154 83 5267
10537 2 2 0 22 5156 120 5268
10538 2 2 0 22 130 5155 5269
10539 2 2 0 22 93 5157 5270
10540 2 2 0 22 5158 800 5271
10541 2 2 0 22 770 5159 5272
10542 2 2 0 22 5146 5176 5195
10543 2 2 0 22 5251 5178 5288
10544 2 2 0 22 5252 5177 5287
10545 2 2 0 22 5146 5195 5354
10546 2 2 0 22 5120 5251 5288
10547 2 2 0 22 5121 5252 5287
10548 2 2 0 22 5092 5198 5253
10549 2 2 0 22 5093 5199 5254
10550 2 2 0 22 760 5152 5228
10551 2 2 0 22 5153 790 5226
10552 2 2 0 22 83 5154 5227
10553 2 2 0 22 120 5156 5229
10554 2 2 0 22 5085 5169 5191
10555 2 2 0 22 5169 5105 5191
10556 2 2 0 22 5171 5107 5192
10557 2 2 0 22 5086 5171 5192
10558 2 2 0 22 5092 5168 5193
10559 2 2 0 22 5168 5104 5193
10560 2 2 0 22 5093 5170 5194
10561 2 2 0 22 5170 5106 5194
10562 2 2 0 22 5198 5144 5253
10563 2 2 0 22 5199 5145 5254
10564 2 2 0 22 5115 5155 5264
10565 2 2 0 22 5117 5157 5263
10566 2 2 0 22 5158 5118 5262
10567 2 2 0 22 5119 5159 5261
10568 2 2 0 22 5112 5152 5363
10569 2 2 0 22 5114 5154 5364
10570 2 2 0 22 5116 5156 5365
10571 2 2 0 22 5118 5158 5366
10572 2 2 0 22 5152 5112 5228
10573 2 2 0 22 5154 5114 5227
10574 2 2 0 22 5156 5116 5229
10575 2 2 0 22 5155 130 5264
10576 2 2 0 22 5157 93 5263
10577 2 2 0 22 800 5158 5262
10578 2 2 0 22 5159 770 5261
10579 2 2 0 22 5155 5115 5328
10580 2 2 0 22 5157 5117 5329
10581 2 2 0 22 5159 5119 5330
10582 2 2 0 22 5110 5178 5205
10583 2 2 0 22 5178 5085 5205
10584 2 2 0 22 5108 5177 5204
10585 2 2 0 22 5177 5086 5204
10586 2 2 0 22 5179 5087 5207
10587 2 2 0 22 5111 5179 5207
10588 2 2 0 22 5173 5134 5322
10589 2 2 0 22 5133 5172 5323
10590 2 2 0 22 5174 5132 5324
10591 2 2 0 22 5175 5135 5325
10592 2 2 0 22 5226 5113 5327
10593 2 2 0 22 5153 5226 5327
10594 2 2 0 22 5122 5183 5223
10595 2 2 0 22 5123 5182 5222
10596 2 2 0 22 5104 5168 5258
10597 2 2 0 22 5106 5170 5260
10598 2 2 0 22 5105 5169 5253
10599 2 2 0 22 5107 5171 5254
10600 2 2 0 22 5144 5181 5350
10601 2 2 0 22 5145 5180 5351
10602 2 2 0 22 128 5164 5221
10603 2 2 0 22 91 5166 5220
10604 2 2 0 22 5165 798 5219
10605 2 2 0 22 768 5167 5218
10606 2 2 0 22 5097 5160 5339
10607 2 2 0 22 5098 5162 5340
10608 2 2 0 22 5100 5163 5341
10609 2 2 0 22 5149 5225 5303
10610 2 2 0 22 5164 5103 5357
10611 2 2 0 22 5166 5102 5356
10612 2 2 0 22 5167 5101 5355
10613 2 2 0 22 758 17 5238
10614 2 2 0 22 17 132 5238
10615 2 2 0 22 118 13 5240
10616 2 2 0 22 10 788 5239
10617 2 2 0 22 81 10 5239
10618 2 2 0 22 13 95 5240
10619 2 2 0 22 802 14 5241
10620 2 2 0 22 14 772 5241
10621 2 2 0 22 5086 5177 5252
10622 2 2 0 22 5085 5178 5251
10623 2 2 0 22 5176 5084 5195
10624 2 2 0 22 5113 5187 5246
10625 2 2 0 22 5103 5164 5296
10626 2 2 0 22 5102 5166 5297
10627 2 2 0 22 5101 5167 5299
10628 2 2 0 22 5151 5196 5313
10629 2 2 0 22 5277 5179 5289
10630 2 2 0 22 5225 5095 5303
10631 2 2 0 22 5176 5146 5349
10632 2 2 0 22 5203 125 5245
10633 2 2 0 22 5201 88 5244
10634 2 2 0 22 795 5200 5243
10635 2 2 0 22 5202 765 5242
10636 2 2 0 22 5161 5109 5250
10637 2 2 0 22 5162 5098 5281
10638 2 2 0 22 5196 5095 5313
10639 2 2 0 22 5223 5183 5370
10640 2 2 0 22 5222 5182 5369
10641 2 2 0 22 5181 5196 5350
10642 2 2 0 22 5180 5197 5351
10643 2 2 0 22 5164 127 5230
10644 2 2 0 22 797 5165 5232
10645 2 2 0 22 5166 90 5231
10646 2 2 0 22 5167 767 5233
10647 2 2 0 22 5138 5182 5210
10648 2 2 0 22 5182 5100 5210
10649 2 2 0 22 5183 5099 5211
10650 2 2 0 22 5139 5183 5211
10651 2 2 0 22 5109 5161 5243
10652 2 2 0 22 5162 5110 5244
10653 2 2 0 22 5160 5097 5280
10654 2 2 0 22 5110 5162 5281
10655 2 2 0 22 5163 5100 5282
10656 2 2 0 22 5123 5277 5289
10657 2 2 0 22 5168 5092 5379
10658 2 2 0 22 5170 5093 5380
10659 2 2 0 22 5204 5173 5322
10660 2 2 0 22 5205 5174 5324
10661 2 2 0 22 5172 5206 5323
10662 2 2 0 22 5207 5175 5325
10663 2 2 0 22 5169 5085 5251
10664 2 2 0 22 5171 5086 5252
10665 2 2 0 22 5253 5169 5255
10666 2 2 0 22 5254 5171 5256
10667 2 2 0 22 5092 5253 5255
10668 2 2 0 22 5093 5254 5256
10669 2 2 0 22 5185 5097 5208
10670 2 2 0 22 5136 5185 5208
10671 2 2 0 22 5137 5184 5209
10672 2 2 0 22 5184 5098 5209
10673 2 2 0 22 5084 5176 5344
10674 2 2 0 22 5181 5095 5196
10675 2 2 0 22 5180 5094 5197
10676 2 2 0 22 125 124 5245
10677 2 2 0 22 88 87 5244
10678 2 2 0 22 794 795 5243
10679 2 2 0 22 765 764 5242
10680 2 2 0 22 5151 5222 5305
10681 2 2 0 22 5150 5223 5304
10682 2 2 0 22 5175 5190 5310
10683 2 2 0 22 5172 5084 5206
10684 2 2 0 22 5085 5174 5205
10685 2 2 0 22 5086 5173 5204
10686 2 2 0 22 5087 5175 5207
10687 2 2 0 22 5087 5179 5277
10688 2 2 0 22 5257 5080 5258
10689 2 2 0 22 5168 5257 5258
10690 2 2 0 22 5259 5081 5260
10691 2 2 0 22 5170 5259 5260
10692 2 2 0 22 5174 5085 5331
10693 2 2 0 22 5173 5086 5332
10694 2 2 0 22 5103 5175 5310
10695 2 2 0 22 5222 5082 5305
10696 2 2 0 22 5223 5083 5304
10697 2 2 0 22 5084 5172 5343
10698 2 2 0 22 5246 5187 5342
10699 2 2 0 22 5180 5128 5302
10700 2 2 0 22 5094 5180 5302
10701 2 2 0 22 5181 5129 5303
10702 2 2 0 22 5095 5181 5303
10703 2 2 0 22 5101 5173 5301
10704 2 2 0 22 5102 5174 5300
10705 2 2 0 22 5099 5298 5326
10706 2 2 0 22 5092 5193 5198
10707 2 2 0 22 5093 5194 5199
10708 2 2 0 22 5172 5099 5275
10709 2 2 0 22 771 770 5272
10710 2 2 0 22 800 801 5271
10711 2 2 0 22 94 93 5270
10712 2 2 0 22 83 82 5267
10713 2 2 0 22 789 790 5266
10714 2 2 0 22 131 130 5269
10715 2 2 0 22 120 119 5268
10716 2 2 0 22 760 759 5265
10717 2 2 0 22 5120 5184 5257
10718 2 2 0 22 5121 5185 5259
10719 2 2 0 22 5242 5160 5280
10720 2 2 0 22 5108 5242 5280
10721 2 2 0 22 5111 5245 5282
10722 2 2 0 22 5245 5163 5282
10723 2 2 0 22 5145 5199 5338
10724 2 2 0 22 5144 5198 5337
10725 2 2 0 22 5097 5177 5280
10726 2 2 0 22 5178 5110 5281
10727 2 2 0 22 5100 5179 5282
10728 2 2 0 22 5177 5097 5287
10729 2 2 0 22 5178 5098 5288
10730 2 2 0 22 5177 5108 5280
10731 2 2 0 22 5098 5178 5281
10732 2 2 0 22 5179 5111 5282
10733 2 2 0 22 5179 5100 5289
10734 2 2 0 22 5180 5145 5338
10735 2 2 0 22 5181 5144 5337
10736 2 2 0 22 5298 5165 5326
10737 2 2 0 22 5160 5186 5339
10738 2 2 0 22 5162 5188 5340
10739 2 2 0 22 5163 5189 5341
10740 2 2 0 22 5131 5216 5300
10741 2 2 0 22 5130 5217 5301
10742 2 2 0 22 5190 5147 5310
10743 2 2 0 22 5083 5223 5370
10744 2 2 0 22 5082 5222 5369
10745 2 2 0 22 5300 5216 5320
10746 2 2 0 22 5301 5217 5321
10747 2 2 0 22 5112 5186 5315
10748 2 2 0 22 5187 5113 5316
10749 2 2 0 22 5114 5188 5317
10750 2 2 0 22 5116 5189 5318
10751 2 2 0 22 5223 5150 5276
10752 2 2 0 22 761 760 5228
10753 2 2 0 22 121 120 5229
10754 2 2 0 22 790 791 5226
10755 2 2 0 22 84 83 5227
10756 2 2 0 22 5225 5123 5313
10757 2 2 0 22 5193 5128 5198
10758 2 2 0 22 5194 5129 5199
10759 2 2 0 22 5140 5283 5307
10760 2 2 0 22 5143 5286 5309
10761 2 2 0 22 5141 5284 5306
10762 2 2 0 22 5142 5285 5308
10763 2 2 0 22 5128 5180 5311
10764 2 2 0 22 5129 5181 5312
10765 2 2 0 22 5206 5084 5344
10766 2 2 0 22 5225 5149 5277
10767 2 2 0 22 5212 5113 5246
10768 2 2 0 22 5140 5212 5246
10769 2 2 0 22 5213 5115 5247
10770 2 2 0 22 5141 5213 5247
10771 2 2 0 22 5142 5214 5248
10772 2 2 0 22 5214 5117 5248
10773 2 2 0 22 5143 5215 5249
10774 2 2 0 22 5215 5119 5249
10775 2 2 0 22 5123 5222 5313
10776 2 2 0 22 5183 5122 5275
10777 2 2 0 22 5099 5183 5275
10778 2 2 0 22 5103 5247 5357
10779 2 2 0 22 5102 5248 5356
10780 2 2 0 22 5101 5249 5355
10781 2 2 0 22 5208 5112 5234
10782 2 2 0 22 5136 5208 5234
10783 2 2 0 22 5209 5114 5235
10784 2 2 0 22 5137 5209 5235
10785 2 2 0 22 5138 5210 5236
10786 2 2 0 22 5210 5116 5236
10787 2 2 0 22 5139 5211 5237
10788 2 2 0 22 5211 5118 5237
10789 2 2 0 22 5191 5105 5278
10790 2 2 0 22 5131 5191 5278
10791 2 2 0 22 5192 5107 5279
10792 2 2 0 22 5130 5192 5279
10793 2 2 0 22 5193 5104 5273
10794 2 2 0 22 5128 5193 5273
10795 2 2 0 22 5129 5194 5274
10796 2 2 0 22 5194 5106 5274
10797 2 2 0 22 5277 5149 5387
10798 2 2 0 22 5186 5112 5339
10799 2 2 0 22 5188 5114 5340
10800 2 2 0 22 5189 5116 5341
10801 2 2 0 22 5100 5182 5289
10802 2 2 0 22 5182 5123 5289
10803 2 2 0 22 5182 5138 5369
10804 2 2 0 22 5183 5139 5370
10805 2 2 0 22 5098 5184 5288
10806 2 2 0 22 5097 5185 5287
10807 2 2 0 22 5184 5120 5288
10808 2 2 0 22 5185 5121 5287
10809 2 2 0 22 5212 5140 5307
10810 2 2 0 22 5213 5141 5306
10811 2 2 0 22 5215 5143 5309
10812 2 2 0 22 5214 5142 5308
10813 2 2 0 22 5184 5137 5367
10814 2 2 0 22 5185 5136 5368
10815 2 2 0 22 5085 5191 5331
10816 2 2 0 22 5086 5192 5332
10817 2 2 0 22 5257 5184 5367
10818 2 2 0 22 5259 5185 5368
10819 2 2 0 22 5224 5122 5276
10820 2 2 0 22 765 5202 5336
10821 2 2 0 22 5200 795 5335
10822 2 2 0 22 88 5201 5334
10823 2 2 0 22 125 5203 5333
10824 2 2 0 22 762 5186 5347
10825 2 2 0 22 5187 792 5345
10826 2 2 0 22 85 5188 5346
10827 2 2 0 22 122 5189 5348
10828 2 2 0 22 766 765 5336
10829 2 2 0 22 795 796 5335
10830 2 2 0 22 89 88 5334
10831 2 2 0 22 126 125 5333
10832 2 2 0 22 5228 5112 5315
10833 2 2 0 22 5113 5226 5316
10834 2 2 0 22 5227 5114 5317
10835 2 2 0 22 5229 5116 5318
10836 2 2 0 22 5106 5260 5362
10837 2 2 0 22 5104 5258 5354
10838 2 2 0 22 127 126 5230
10839 2 2 0 22 90 89 5231
10840 2 2 0 22 796 797 5232
10841 2 2 0 22 767 766 5233
10842 2 2 0 22 5105 5253 5350
10843 2 2 0 22 5107 5254 5351
10844 2 2 0 22 5234 5112 5363
10845 2 2 0 22 5235 5114 5364
10846 2 2 0 22 5236 5116 5365
10847 2 2 0 22 5237 5118 5366
10848 2 2 0 22 5186 5160 5347
10849 2 2 0 22 5188 5162 5346
10850 2 2 0 22 5189 5163 5348
10851 2 2 0 22 5221 5115 5264
10852 2 2 0 22 5220 5117 5263
10853 2 2 0 22 5118 5219 5262
10854 2 2 0 22 5218 5119 5261
10855 2 2 0 22 5327 5089 5382
10856 2 2 0 22 5328 5088 5381
10857 2 2 0 22 5329 5090 5383
10858 2 2 0 22 5330 5091 5384
10859 2 2 0 22 5161 5250 5342
10860 2 2 0 22 5146 5258 5319
10861 2 2 0 22 5216 5082 5285
10862 2 2 0 22 5142 5216 5285
10863 2 2 0 22 5217 5083 5286
10864 2 2 0 22 5143 5217 5286
10865 2 2 0 22 5198 5128 5311
10866 2 2 0 22 5199 5129 5312
10867 2 2 0 22 5089 5293 5382
10868 2 2 0 22 5088 5292 5381
10869 2 2 0 22 5090 5294 5383
10870 2 2 0 22 5091 5295 5384
10871 2 2 0 22 5108 5202 5242
10872 2 2 0 22 5200 5109 5243
10873 2 2 0 22 5110 5201 5244
10874 2 2 0 22 5111 5203 5245
10875 2 2 0 22 5186 762 5315
10876 2 2 0 22 792 5187 5316
10877 2 2 0 22 5188 85 5317
10878 2 2 0 22 5189 122 5318
10879 2 2 0 22 5224 5276 5352
10880 2 2 0 22 5152 5265 5292
10881 2 2 0 22 5265 5124 5292
10882 2 2 0 22 5154 5267 5293
10883 2 2 0 22 5267 5125 5293
10884 2 2 0 22 5156 5268 5294
10885 2 2 0 22 5268 5126 5294
10886 2 2 0 22 5158 5271 5295
10887 2 2 0 22 5271 5127 5295
10888 2 2 0 22 5147 5190 5362
10889 2 2 0 22 5224 5084 5343
10890 2 2 0 22 769 768 5218
10891 2 2 0 22 798 799 5219
10892 2 2 0 22 92 91 5220
10893 2 2 0 22 129 128 5221
10894 2 2 0 22 5250 5096 5342
10895 2 2 0 22 5165 5219 5326
10896 2 2 0 22 5113 5212 5327
10897 2 2 0 22 5115 5213 5328
10898 2 2 0 22 5117 5214 5329
10899 2 2 0 22 5119 5215 5330
10900 2 2 0 22 5211 5099 5326
10901 2 2 0 22 5112 5208 5339
10902 2 2 0 22 5114 5209 5340
10903 2 2 0 22 5116 5210 5341
10904 2 2 0 22 770 769 5261
10905 2 2 0 22 799 800 5262
10906 2 2 0 22 93 92 5263
10907 2 2 0 22 130 129 5264
10908 2 2 0 22 5190 5087 5387
10909 2 2 0 22 5096 5250 5349
10910 2 2 0 22 5250 5176 5349
10911 2 2 0 22 5080 5257 5367
10912 2 2 0 22 5081 5259 5368
10913 2 2 0 22 763 762 5347
10914 2 2 0 22 792 793 5345
10915 2 2 0 22 86 85 5346
10916 2 2 0 22 123 122 5348
10917 2 2 0 22 5258 5080 5319
10918 2 2 0 22 5191 5131 5331
10919 2 2 0 22 5192 5130 5332
10920 2 2 0 22 5260 5081 5291
10921 2 2 0 22 5147 5260 5291
10922 2 2 0 22 5283 5137 5307
10923 2 2 0 22 5284 5136 5306
10924 2 2 0 22 5285 5138 5308
10925 2 2 0 22 5286 5139 5309
10926 2 2 0 22 5219 5118 5326
10927 2 2 0 22 5124 5238 5374
10928 2 2 0 22 5239 5125 5372
10929 2 2 0 22 5125 5239 5371
10930 2 2 0 22 5238 5124 5376
10931 2 2 0 22 5126 5240 5373
10932 2 2 0 22 5240 5126 5377
10933 2 2 0 22 5127 5241 5375
10934 2 2 0 22 5241 5127 5378
10935 2 2 0 22 5221 5164 5357
10936 2 2 0 22 5220 5166 5356
10937 2 2 0 22 5218 5167 5355
10938 2 2 0 22 5195 5084 5386
10939 2 2 0 22 5310 5147 5314
10940 2 2 0 22 5246 5096 5290
10941 2 2 0 22 5140 5246 5290
10942 2 2 0 22 5125 5267 5372
10943 2 2 0 22 5266 5125 5371
10944 2 2 0 22 5124 5265 5376
10945 2 2 0 22 5269 5124 5374
10946 2 2 0 22 5126 5268 5377
10947 2 2 0 22 5270 5126 5373
10948 2 2 0 22 5127 5271 5378
10949 2 2 0 22 5272 5127 5375
10950 2 2 0 22 5274 5149 5303
10951 2 2 0 22 5273 5148 5302
10952 2 2 0 22 5096 5246 5342
10953 2 2 0 22 796 5232 5335
10954 2 2 0 22 5233 766 5336
10955 2 2 0 22 5231 89 5334
10956 2 2 0 22 5230 126 5333
10957 2 2 0 22 5092 5255 5379
10958 2 2 0 22 5093 5256 5380
10959 2 2 0 22 5302 5148 5352
10960 2 2 0 22 769 5218 5261
10961 2 2 0 22 5219 799 5262
10962 2 2 0 22 92 5220 5263
10963 2 2 0 22 129 5221 5264
10964 2 2 0 22 5122 5223 5276
10965 2 2 0 22 5169 5251 5255
10966 2 2 0 22 5171 5252 5256
10967 2 2 0 22 5123 5225 5277
10968 2 2 0 22 5196 5105 5350
10969 2 2 0 22 5197 5107 5351
10970 2 2 0 22 5251 5120 5255
10971 2 2 0 22 5252 5121 5256
10972 2 2 0 22 5147 5291 5314
10973 2 2 0 22 5217 5130 5304
10974 2 2 0 22 5216 5131 5305
10975 2 2 0 22 5278 5151 5305
10976 2 2 0 22 5279 5150 5304
10977 2 2 0 22 5095 5225 5313
10978 2 2 0 22 791 792 5316
10979 2 2 0 22 85 84 5317
10980 2 2 0 22 122 121 5318
10981 2 2 0 22 762 761 5315
10982 2 2 0 22 5233 5134 5299
10983 2 2 0 22 5133 5232 5298
10984 2 2 0 22 5231 5132 5297
10985 2 2 0 22 5167 5233 5299
10986 2 2 0 22 5232 5165 5298
10987 2 2 0 22 5166 5231 5297
10988 2 2 0 22 5230 5135 5296
10989 2 2 0 22 5164 5230 5296
10990 2 2 0 22 5290 5146 5319
10991 2 2 0 22 5133 5200 5335
10992 2 2 0 22 5201 5132 5334
10993 2 2 0 22 5202 5134 5336
10994 2 2 0 22 5203 5135 5333
10995 2 2 0 22 5109 5200 5323
10996 2 2 0 22 5202 5108 5322
10997 2 2 0 22 5201 5110 5324
10998 2 2 0 22 5203 5111 5325
10999 2 2 0 22 5089 5212 5307
11000 2 2 0 22 5088 5213 5306
11001 2 2 0 22 5090 5214 5308
11002 2 2 0 22 5091 5215 5309
11003 2 2 0 22 5082 5216 5305
11004 2 2 0 22 5083 5217 5304
11005 2 2 0 22 5134 5202 5322
11006 2 2 0 22 5200 5133 5323
11007 2 2 0 22 5132 5201 5324
11008 2 2 0 22 5135 5203 5325
11009 2 2 0 22 5081 5284 5291
11010 2 2 0 22 5284 5141 5291
11011 2 2 0 22 5148 5224 5352
11012 2 2 0 22 5102 5300 5320
11013 2 2 0 22 5101 5301 5321
11014 2 2 0 22 5115 5221 5357
11015 2 2 0 22 5117 5220 5356
11016 2 2 0 22 5119 5218 5355
11017 2 2 0 22 5234 5088 5306
11018 2 2 0 22 5136 5234 5306
11019 2 2 0 22 5235 5089 5307
11020 2 2 0 22 5137 5235 5307
11021 2 2 0 22 5236 5090 5308
11022 2 2 0 22 5138 5236 5308
11023 2 2 0 22 5139 5237 5309
11024 2 2 0 22 5237 5091 5309
11025 2 2 0 22 5087 5277 5387
11026 2 2 0 22 5222 5151 5313
11027 2 2 0 22 5342 5187 5345
11028 2 2 0 22 5161 5342 5345
11029 2 2 0 22 5253 5144 5350
11030 2 2 0 22 5254 5145 5351
11031 2 2 0 22 5108 5204 5322
11032 2 2 0 22 5206 5109 5323
11033 2 2 0 22 5110 5205 5324
11034 2 2 0 22 5111 5207 5325
11035 2 2 0 22 124 123 5361
11036 2 2 0 22 87 86 5360
11037 2 2 0 22 793 794 5359
11038 2 2 0 22 764 763 5358
11039 2 2 0 22 5103 5310 5314
11040 2 2 0 22 5216 5142 5320
11041 2 2 0 22 5217 5143 5321
11042 2 2 0 22 5141 5247 5314
11043 2 2 0 22 5247 5103 5314
11044 2 2 0 22 759 758 5376
11045 2 2 0 22 132 131 5374
11046 2 2 0 22 788 789 5371
11047 2 2 0 22 82 81 5372
11048 2 2 0 22 119 118 5377
11049 2 2 0 22 95 94 5373
11050 2 2 0 22 801 802 5378
11051 2 2 0 22 772 771 5375
11052 2 2 0 22 5118 5211 5326
11053 2 2 0 22 5255 5120 5379
11054 2 2 0 22 5256 5121 5380
11055 2 2 0 22 5120 5257 5379
11056 2 2 0 22 5121 5259 5380
11057 2 2 0 22 5130 5279 5304
11058 2 2 0 22 5131 5278 5305
11059 2 2 0 22 5212 5089 5327
11060 2 2 0 22 5213 5088 5328
11061 2 2 0 22 5214 5090 5329
11062 2 2 0 22 5215 5091 5330
11063 2 2 0 22 5258 5146 5354
11064 2 2 0 22 5208 5097 5339
11065 2 2 0 22 5209 5098 5340
11066 2 2 0 22 5210 5100 5341
11067 2 2 0 22 5109 5206 5344
11068 2 2 0 22 5084 5224 5386
11069 2 2 0 22 5224 5148 5386
11070 2 2 0 22 5128 5273 5302
11071 2 2 0 22 5129 5274 5303
11072 2 2 0 22 761 5228 5315
11073 2 2 0 22 5226 791 5316
11074 2 2 0 22 84 5227 5317
11075 2 2 0 22 121 5229 5318
11076 2 2 0 22 5094 5302 5352
11077 2 2 0 22 5354 5195 5385
11078 2 2 0 22 5104 5354 5385
11079 2 2 0 22 5122 5224 5343
11080 2 2 0 22 5135 5230 5333
11081 2 2 0 22 5132 5231 5334
11082 2 2 0 22 5232 5133 5335
11083 2 2 0 22 5134 5233 5336
11084 2 2 0 22 5142 5248 5320
11085 2 2 0 22 5248 5102 5320
11086 2 2 0 22 5249 5101 5321
11087 2 2 0 22 5143 5249 5321
11088 2 2 0 22 5260 5147 5362
11089 2 2 0 22 5283 5140 5319
11090 2 2 0 22 5353 5106 5362
11091 2 2 0 22 5190 5353 5362
11092 2 2 0 22 5274 5106 5353
11093 2 2 0 22 5149 5274 5353
11094 2 2 0 22 5140 5290 5319
11095 2 2 0 22 5137 5283 5367
11096 2 2 0 22 5136 5284 5368
11097 2 2 0 22 5138 5285 5369
11098 2 2 0 22 5139 5286 5370
11099 2 2 0 22 5079 5311 5338
11100 2 2 0 22 5079 5312 5337
11101 2 2 0 22 5311 5180 5338
11102 2 2 0 22 5312 5181 5337
11103 2 2 0 22 5291 5141 5314
11104 2 2 0 22 5080 5283 5319
11105 2 2 0 22 5131 5300 5331
11106 2 2 0 22 5130 5301 5332
11107 2 2 0 22 5153 5327 5382
11108 2 2 0 22 5155 5328 5381
11109 2 2 0 22 5157 5329 5383
11110 2 2 0 22 5159 5330 5384
11111 2 2 0 22 5088 5234 5363
11112 2 2 0 22 5089 5235 5364
11113 2 2 0 22 5090 5236 5365
11114 2 2 0 22 5091 5237 5366
11115 2 2 0 22 5250 5109 5344
11116 2 2 0 22 5176 5250 5344
11117 2 2 0 22 5244 87 5360
11118 2 2 0 22 794 5243 5359
11119 2 2 0 22 5245 124 5361
11120 2 2 0 22 5242 764 5358
11121 2 2 0 22 5124 5269 5381
11122 2 2 0 22 5269 5155 5381
11123 2 2 0 22 5266 5153 5382
11124 2 2 0 22 5125 5266 5382
11125 2 2 0 22 5126 5270 5383
11126 2 2 0 22 5270 5157 5383
11127 2 2 0 22 5127 5272 5384
11128 2 2 0 22 5272 5159 5384
11129 2 2 0 22 5249 5119 5355
11130 2 2 0 22 5248 5117 5356
11131 2 2 0 22 5247 5115 5357
11132 2 2 0 22 5160 5242 5358
11133 2 2 0 22 5243 5161 5359
11134 2 2 0 22 5162 5244 5360
11135 2 2 0 22 5163 5245 5361
11136 2 2 0 22 758 5238 5376
11137 2 2 0 22 5238 132 5374
11138 2 2 0 22 118 5240 5377
11139 2 2 0 22 5239 788 5371
11140 2 2 0 22 81 5239 5372
11141 2 2 0 22 5240 95 5373
11142 2 2 0 22 802 5241 5378
11143 2 2 0 22 5241 772 5375
11144 2 2 0 22 5275 5122 5343
11145 2 2 0 22 5172 5275 5343
11146 2 2 0 22 5146 5290 5349
11147 2 2 0 22 5276 5094 5352
11148 2 2 0 22 5273 5104 5385
11149 2 2 0 22 5148 5273 5385
11150 2 2 0 22 5301 5173 5332
11151 2 2 0 22 5300 5174 5331
11152 2 2 0 22 5257 5168 5379
11153 2 2 0 22 5259 5170 5380
11154 2 2 0 22 5290 5096 5349
11155 2 2 0 22 5265 759 5376
11156 2 2 0 22 789 5266 5371
11157 2 2 0 22 5268 119 5377
11158 2 2 0 22 5267 82 5372
11159 2 2 0 22 131 5269 5374
11160 2 2 0 22 94 5270 5373
11161 2 2 0 22 5271 801 5378
11162 2 2 0 22 771 5272 5375
11163 2 2 0 22 5292 5088 5363
11164 2 2 0 22 5293 5089 5364
11165 2 2 0 22 5294 5090 5365
11166 2 2 0 22 5295 5091 5366
11167 2 2 0 22 5283 5080 5367
11168 2 2 0 22 5284 5081 5368
11169 2 2 0 22 5285 5082 5369
11170 2 2 0 22 5286 5083 5370
11171 2 2 0 22 5152 5292 5363
11172 2 2 0 22 5154 5293 5364
11173 2 2 0 22 5156 5294 5365
11174 2 2 0 22 5158 5295 5366
11175 2 2 0 22 5353 5190 5387
11176 2 2 0 22 5292 5124 5381
11177 2 2 0 22 5293 5125 5382
11178 2 2 0 22 5294 5126 5383
11179 2 2 0 22 5295 5127 5384
11180 2 2 0 22 5347 5160 5358
11181 2 2 0 22 5161 5345 5359
11182 2 2 0 22 5346 5162 5360
11183 2 2 0 22 5348 5163 5361
11184 2 2 0 22 763 5347 5358
11185 2 2 0 22 5345 793 5359
11186 2 2 0 22 86 5346 5360
11187 2 2 0 22 123 5348 5361
11188 2 2 0 22 5385 5195 5386
11189 2 2 0 22 5148 5385 5386
11190 2 2 0 22 5149 5353 5387
11191 2 2 0 23 5499 5455 5565
11192 2 2 0 23 5403 5499 5565
11193 2 2 0 23 812 813 5473
11194 2 2 0 23 798 797 5474
11195 2 2 0 23 633 632 5475
11196 2 2 0 23 603 602 5476
11197 2 2 0 23 5404 5460 5505
11198 2 2 0 23 5460 5416 5505
11199 2 2 0 23 5416 5460 5589
11200 2 2 0 23 5460 5404 5585
11201 2 2 0 23 5483 5442 5605
11202 2 2 0 23 5411 5483 5605
11203 2 2 0 23 5444 5484 5606
11204 2 2 0 23 5441 5481 5607
11205 2 2 0 23 5484 5412 5606
11206 2 2 0 23 5481 5409 5607
11207 2 2 0 23 5443 5482 5608
11208 2 2 0 23 5482 5410 5608
11209 2 2 0 23 5391 5459 5586
11210 2 2 0 23 5461 625 5575
11211 2 2 0 23 805 5462 5576
11212 2 2 0 23 5463 595 5577
11213 2 2 0 23 5464 790 5578
11214 2 2 0 23 635 5465 5579
11215 2 2 0 23 605 5466 5580
11216 2 2 0 23 800 5467 5582
11217 2 2 0 23 5468 815 5581
11218 2 2 0 23 5459 5391 5614
11219 2 2 0 23 5456 5485 5504
11220 2 2 0 23 5561 5486 5597
11221 2 2 0 23 5562 5488 5598
11222 2 2 0 23 5456 5504 5666
11223 2 2 0 23 5403 5459 5516
11224 2 2 0 23 5402 5631 5665
11225 2 2 0 23 5487 5430 5570
11226 2 2 0 23 5429 5561 5597
11227 2 2 0 23 5431 5562 5598
11228 2 2 0 23 5401 5506 5563
11229 2 2 0 23 625 5461 5536
11230 2 2 0 23 5462 805 5537
11231 2 2 0 23 595 5463 5538
11232 2 2 0 23 790 5464 5539
11233 2 2 0 23 5393 5478 5500
11234 2 2 0 23 5478 5414 5500
11235 2 2 0 23 5479 5415 5501
11236 2 2 0 23 5394 5479 5501
11237 2 2 0 23 5480 5416 5502
11238 2 2 0 23 5396 5480 5502
11239 2 2 0 23 5401 5477 5503
11240 2 2 0 23 5477 5413 5503
11241 2 2 0 23 5430 5487 5599
11242 2 2 0 23 5498 5402 5665
11243 2 2 0 23 5459 5403 5535
11244 2 2 0 23 5506 5453 5563
11245 2 2 0 23 5425 5465 5571
11246 2 2 0 23 5428 5467 5573
11247 2 2 0 23 5468 5427 5574
11248 2 2 0 23 5426 5466 5572
11249 2 2 0 23 5421 5461 5675
11250 2 2 0 23 5423 5463 5676
11251 2 2 0 23 5424 5464 5677
11252 2 2 0 23 5427 5468 5678
11253 2 2 0 23 5461 5421 5536
11254 2 2 0 23 5463 5423 5538
11255 2 2 0 23 5464 5424 5539
11256 2 2 0 23 5465 635 5571
11257 2 2 0 23 5467 800 5573
11258 2 2 0 23 815 5468 5574
11259 2 2 0 23 5466 605 5572
11260 2 2 0 23 5465 5425 5639
11261 2 2 0 23 5466 5426 5640
11262 2 2 0 23 5467 5428 5641
11263 2 2 0 23 5417 5486 5512
11264 2 2 0 23 5486 5393 5512
11265 2 2 0 23 5418 5487 5513
11266 2 2 0 23 5487 5394 5513
11267 2 2 0 23 5420 5488 5515
11268 2 2 0 23 5488 5396 5515
11269 2 2 0 23 5481 5441 5633
11270 2 2 0 23 5482 5443 5634
11271 2 2 0 23 5442 5483 5635
11272 2 2 0 23 5484 5444 5636
11273 2 2 0 23 5455 5499 5649
11274 2 2 0 23 5499 5629 5649
11275 2 2 0 23 5537 5422 5638
11276 2 2 0 23 5462 5537 5638
11277 2 2 0 23 5430 5490 5532
11278 2 2 0 23 5432 5491 5533
11279 2 2 0 23 5413 5477 5568
11280 2 2 0 23 5414 5478 5563
11281 2 2 0 23 5415 5479 5564
11282 2 2 0 23 5416 5480 5565
11283 2 2 0 23 5455 5489 5663
11284 2 2 0 23 5473 813 5531
11285 2 2 0 23 798 5474 5530
11286 2 2 0 23 633 5475 5528
11287 2 2 0 23 603 5476 5529
11288 2 2 0 23 5405 5469 5650
11289 2 2 0 23 5407 5470 5651
11290 2 2 0 23 5408 5472 5652
11291 2 2 0 23 5475 5409 5668
11292 2 2 0 23 5474 5412 5669
11293 2 2 0 23 5476 5410 5667
11294 2 2 0 23 5485 5456 5656
11295 2 2 0 23 788 10 5549
11296 2 2 0 23 11 803 5548
11297 2 2 0 23 623 11 5548
11298 2 2 0 23 593 7 5550
11299 2 2 0 23 10 607 5549
11300 2 2 0 23 7 637 5550
11301 2 2 0 23 817 14 5551
11302 2 2 0 23 14 802 5551
11303 2 2 0 23 5393 5486 5561
11304 2 2 0 23 5396 5488 5562
11305 2 2 0 23 5394 5487 5570
11306 2 2 0 23 5485 5395 5504
11307 2 2 0 23 5422 5496 5556
11308 2 2 0 23 5409 5475 5607
11309 2 2 0 23 5412 5474 5606
11310 2 2 0 23 5410 5476 5608
11311 2 2 0 23 810 5510 5554
11312 2 2 0 23 5511 795 5555
11313 2 2 0 23 5508 630 5552
11314 2 2 0 23 5509 600 5553
11315 2 2 0 23 5471 5419 5560
11316 2 2 0 23 5469 5405 5590
11317 2 2 0 23 5532 5490 5681
11318 2 2 0 23 5533 5491 5682
11319 2 2 0 23 5489 5505 5663
11320 2 2 0 23 812 5473 5540
11321 2 2 0 23 5474 797 5541
11322 2 2 0 23 5475 632 5542
11323 2 2 0 23 5476 602 5543
11324 2 2 0 23 5490 5407 5518
11325 2 2 0 23 5446 5490 5518
11326 2 2 0 23 5491 5411 5520
11327 2 2 0 23 5448 5491 5520
11328 2 2 0 23 5469 5417 5552
11329 2 2 0 23 5419 5471 5554
11330 2 2 0 23 5417 5469 5590
11331 2 2 0 23 5470 5407 5591
11332 2 2 0 23 5472 5408 5592
11333 2 2 0 23 5477 5401 5691
11334 2 2 0 23 5512 5481 5633
11335 2 2 0 23 5513 5482 5634
11336 2 2 0 23 5483 5514 5635
11337 2 2 0 23 5515 5484 5636
11338 2 2 0 23 5479 5394 5570
11339 2 2 0 23 5478 5393 5561
11340 2 2 0 23 5480 5396 5562
11341 2 2 0 23 5563 5478 5566
11342 2 2 0 23 5401 5563 5566
11343 2 2 0 23 5492 5405 5517
11344 2 2 0 23 5445 5492 5517
11345 2 2 0 23 5493 5408 5519
11346 2 2 0 23 5447 5493 5519
11347 2 2 0 23 5395 5485 5658
11348 2 2 0 23 5489 5404 5505
11349 2 2 0 23 5402 5564 5569
11350 2 2 0 23 5564 5479 5569
11351 2 2 0 23 809 810 5554
11352 2 2 0 23 795 794 5555
11353 2 2 0 23 630 629 5552
11354 2 2 0 23 600 599 5553
11355 2 2 0 23 5458 5532 5613
11356 2 2 0 23 5460 5533 5615
11357 2 2 0 23 5393 5481 5512
11358 2 2 0 23 5394 5482 5513
11359 2 2 0 23 5483 5395 5514
11360 2 2 0 23 5396 5484 5515
11361 2 2 0 23 5415 5516 5588
11362 2 2 0 23 5516 5459 5588
11363 2 2 0 23 5567 5389 5568
11364 2 2 0 23 5477 5567 5568
11365 2 2 0 23 5481 5393 5642
11366 2 2 0 23 5482 5394 5643
11367 2 2 0 23 5484 5396 5644
11368 2 2 0 23 5532 5390 5613
11369 2 2 0 23 5533 5392 5615
11370 2 2 0 23 5395 5483 5657
11371 2 2 0 23 5556 5496 5654
11372 2 2 0 23 5403 5565 5632
11373 2 2 0 23 5489 5437 5612
11374 2 2 0 23 5404 5489 5612
11375 2 2 0 23 5409 5481 5609
11376 2 2 0 23 5410 5482 5610
11377 2 2 0 23 5412 5484 5611
11378 2 2 0 23 5411 5605 5637
11379 2 2 0 23 5401 5503 5506
11380 2 2 0 23 5565 5480 5632
11381 2 2 0 23 5483 5411 5584
11382 2 2 0 23 625 624 5575
11383 2 2 0 23 804 805 5576
11384 2 2 0 23 595 594 5577
11385 2 2 0 23 636 635 5579
11386 2 2 0 23 606 605 5580
11387 2 2 0 23 801 800 5582
11388 2 2 0 23 815 816 5581
11389 2 2 0 23 790 789 5578
11390 2 2 0 23 5429 5492 5567
11391 2 2 0 23 5553 5470 5591
11392 2 2 0 23 5418 5553 5591
11393 2 2 0 23 5555 5472 5592
11394 2 2 0 23 5420 5555 5592
11395 2 2 0 23 5631 5458 5665
11396 2 2 0 23 5486 5417 5590
11397 2 2 0 23 5407 5487 5591
11398 2 2 0 23 5408 5488 5592
11399 2 2 0 23 5486 5405 5597
11400 2 2 0 23 5488 5408 5598
11401 2 2 0 23 5405 5486 5590
11402 2 2 0 23 5487 5418 5591
11403 2 2 0 23 5488 5420 5592
11404 2 2 0 23 5487 5407 5599
11405 2 2 0 23 5430 5532 5569
11406 2 2 0 23 5489 5455 5649
11407 2 2 0 23 5605 5473 5637
11408 2 2 0 23 5469 5494 5650
11409 2 2 0 23 5470 5495 5651
11410 2 2 0 23 5472 5497 5652
11411 2 2 0 23 5569 5532 5631
11412 2 2 0 23 5438 5525 5609
11413 2 2 0 23 5439 5526 5610
11414 2 2 0 23 5440 5527 5611
11415 2 2 0 23 5390 5532 5681
11416 2 2 0 23 5392 5533 5682
11417 2 2 0 23 5609 5525 5626
11418 2 2 0 23 5610 5526 5627
11419 2 2 0 23 5611 5527 5628
11420 2 2 0 23 5499 5403 5516
11421 2 2 0 23 5498 5453 5507
11422 2 2 0 23 5421 5494 5622
11423 2 2 0 23 5423 5495 5623
11424 2 2 0 23 5496 5422 5624
11425 2 2 0 23 5424 5497 5625
11426 2 2 0 23 5533 5460 5585
11427 2 2 0 23 626 625 5536
11428 2 2 0 23 596 595 5538
11429 2 2 0 23 805 806 5537
11430 2 2 0 23 791 790 5539
11431 2 2 0 23 5431 5493 5586
11432 2 2 0 23 5503 5437 5506
11433 2 2 0 23 5449 5593 5616
11434 2 2 0 23 5450 5594 5617
11435 2 2 0 23 5451 5595 5618
11436 2 2 0 23 5452 5596 5619
11437 2 2 0 23 5437 5489 5620
11438 2 2 0 23 5514 5395 5658
11439 2 2 0 23 5459 5535 5586
11440 2 2 0 23 5449 5521 5556
11441 2 2 0 23 5521 5422 5556
11442 2 2 0 23 5450 5522 5557
11443 2 2 0 23 5522 5425 5557
11444 2 2 0 23 5451 5523 5558
11445 2 2 0 23 5523 5426 5558
11446 2 2 0 23 5452 5524 5559
11447 2 2 0 23 5524 5428 5559
11448 2 2 0 23 5491 5432 5584
11449 2 2 0 23 5411 5491 5584
11450 2 2 0 23 5409 5557 5668
11451 2 2 0 23 5410 5558 5667
11452 2 2 0 23 5412 5559 5669
11453 2 2 0 23 5517 5421 5544
11454 2 2 0 23 5445 5517 5544
11455 2 2 0 23 5518 5423 5545
11456 2 2 0 23 5446 5518 5545
11457 2 2 0 23 5519 5424 5546
11458 2 2 0 23 5447 5519 5546
11459 2 2 0 23 5448 5520 5547
11460 2 2 0 23 5520 5427 5547
11461 2 2 0 23 5500 5414 5587
11462 2 2 0 23 5438 5500 5587
11463 2 2 0 23 5501 5415 5588
11464 2 2 0 23 5439 5501 5588
11465 2 2 0 23 5502 5416 5589
11466 2 2 0 23 5440 5502 5589
11467 2 2 0 23 5437 5503 5583
11468 2 2 0 23 5503 5413 5583
11469 2 2 0 23 5494 5421 5650
11470 2 2 0 23 5495 5423 5651
11471 2 2 0 23 5497 5424 5652
11472 2 2 0 23 5407 5490 5599
11473 2 2 0 23 5490 5430 5599
11474 2 2 0 23 5490 5446 5681
11475 2 2 0 23 5491 5448 5682
11476 2 2 0 23 5405 5492 5597
11477 2 2 0 23 5408 5493 5598
11478 2 2 0 23 5492 5429 5597
11479 2 2 0 23 5493 5431 5598
11480 2 2 0 23 5521 5449 5616
11481 2 2 0 23 5522 5450 5617
11482 2 2 0 23 5523 5451 5618
11483 2 2 0 23 5524 5452 5619
11484 2 2 0 23 5492 5445 5679
11485 2 2 0 23 5493 5447 5680
11486 2 2 0 23 5393 5500 5642
11487 2 2 0 23 5394 5501 5643
11488 2 2 0 23 5396 5502 5644
11489 2 2 0 23 5567 5492 5679
11490 2 2 0 23 5534 5432 5585
11491 2 2 0 23 600 5509 5648
11492 2 2 0 23 630 5508 5647
11493 2 2 0 23 795 5511 5646
11494 2 2 0 23 5510 810 5645
11495 2 2 0 23 627 5494 5659
11496 2 2 0 23 597 5495 5661
11497 2 2 0 23 5496 807 5660
11498 2 2 0 23 792 5497 5662
11499 2 2 0 23 601 600 5648
11500 2 2 0 23 631 630 5647
11501 2 2 0 23 796 795 5646
11502 2 2 0 23 810 811 5645
11503 2 2 0 23 5415 5564 5655
11504 2 2 0 23 5454 5499 5655
11505 2 2 0 23 5536 5421 5622
11506 2 2 0 23 5538 5423 5623
11507 2 2 0 23 5422 5537 5624
11508 2 2 0 23 5539 5424 5625
11509 2 2 0 23 5413 5568 5666
11510 2 2 0 23 811 812 5540
11511 2 2 0 23 797 796 5541
11512 2 2 0 23 632 631 5542
11513 2 2 0 23 602 601 5543
11514 2 2 0 23 5416 5565 5663
11515 2 2 0 23 5414 5563 5670
11516 2 2 0 23 5544 5421 5675
11517 2 2 0 23 5545 5423 5676
11518 2 2 0 23 5546 5424 5677
11519 2 2 0 23 5547 5427 5678
11520 2 2 0 23 5494 5469 5659
11521 2 2 0 23 5495 5470 5661
11522 2 2 0 23 5497 5472 5662
11523 2 2 0 23 5427 5531 5574
11524 2 2 0 23 5528 5425 5571
11525 2 2 0 23 5530 5428 5573
11526 2 2 0 23 5529 5426 5572
11527 2 2 0 23 5402 5498 5630
11528 2 2 0 23 5638 5397 5692
11529 2 2 0 23 5639 5398 5693
11530 2 2 0 23 5640 5399 5694
11531 2 2 0 23 5641 5400 5695
11532 2 2 0 23 5471 5560 5654
11533 2 2 0 23 5525 5390 5594
11534 2 2 0 23 5450 5525 5594
11535 2 2 0 23 5526 5391 5595
11536 2 2 0 23 5451 5526 5595
11537 2 2 0 23 5527 5392 5596
11538 2 2 0 23 5452 5527 5596
11539 2 2 0 23 5506 5437 5620
11540 2 2 0 23 5397 5601 5692
11541 2 2 0 23 5398 5602 5693
11542 2 2 0 23 5399 5603 5694
11543 2 2 0 23 5400 5604 5695
11544 2 2 0 23 5417 5508 5552
11545 2 2 0 23 5418 5509 5553
11546 2 2 0 23 5510 5419 5554
11547 2 2 0 23 5420 5511 5555
11548 2 2 0 23 5494 627 5622
11549 2 2 0 23 5495 597 5623
11550 2 2 0 23 807 5496 5624
11551 2 2 0 23 5497 792 5625
11552 2 2 0 23 5534 5585 5664
11553 2 2 0 23 5461 5575 5601
11554 2 2 0 23 5575 5433 5601
11555 2 2 0 23 5463 5577 5602
11556 2 2 0 23 5577 5434 5602
11557 2 2 0 23 5464 5578 5603
11558 2 2 0 23 5578 5435 5603
11559 2 2 0 23 5468 5581 5604
11560 2 2 0 23 5581 5436 5604
11561 2 2 0 23 5453 5498 5670
11562 2 2 0 23 5534 5395 5657
11563 2 2 0 23 634 633 5528
11564 2 2 0 23 604 603 5529
11565 2 2 0 23 799 798 5530
11566 2 2 0 23 813 814 5531
11567 2 2 0 23 5406 5560 5656
11568 2 2 0 23 5560 5485 5656
11569 2 2 0 23 5560 5406 5654
11570 2 2 0 23 5507 5388 5629
11571 2 2 0 23 5473 5531 5637
11572 2 2 0 23 5422 5521 5638
11573 2 2 0 23 5425 5522 5639
11574 2 2 0 23 5426 5523 5640
11575 2 2 0 23 5428 5524 5641
11576 2 2 0 23 5520 5411 5637
11577 2 2 0 23 5421 5517 5650
11578 2 2 0 23 5423 5518 5651
11579 2 2 0 23 5424 5519 5652
11580 2 2 0 23 5454 5507 5629
11581 2 2 0 23 605 604 5572
11582 2 2 0 23 635 634 5571
11583 2 2 0 23 800 799 5573
11584 2 2 0 23 814 815 5574
11585 2 2 0 23 5499 5454 5629
11586 2 2 0 23 5499 5516 5655
11587 2 2 0 23 5389 5567 5679
11588 2 2 0 23 5498 5507 5630
11589 2 2 0 23 598 597 5661
11590 2 2 0 23 628 627 5659
11591 2 2 0 23 793 792 5662
11592 2 2 0 23 807 808 5660
11593 2 2 0 23 5506 5620 5653
11594 2 2 0 23 5500 5438 5642
11595 2 2 0 23 5501 5439 5643
11596 2 2 0 23 5502 5440 5644
11597 2 2 0 23 5568 5389 5600
11598 2 2 0 23 5456 5568 5600
11599 2 2 0 23 5388 5507 5653
11600 2 2 0 23 5586 5493 5680
11601 2 2 0 23 5507 5453 5653
11602 2 2 0 23 5593 5445 5616
11603 2 2 0 23 5594 5446 5617
11604 2 2 0 23 5595 5447 5618
11605 2 2 0 23 5596 5448 5619
11606 2 2 0 23 5531 5427 5637
11607 2 2 0 23 5548 5433 5683
11608 2 2 0 23 5433 5548 5684
11609 2 2 0 23 5550 5434 5685
11610 2 2 0 23 5434 5550 5686
11611 2 2 0 23 5435 5549 5687
11612 2 2 0 23 5549 5435 5688
11613 2 2 0 23 5551 5436 5690
11614 2 2 0 23 5436 5551 5689
11615 2 2 0 23 5528 5475 5668
11616 2 2 0 23 5530 5474 5669
11617 2 2 0 23 5529 5476 5667
11618 2 2 0 23 5504 5395 5697
11619 2 2 0 23 5433 5575 5683
11620 2 2 0 23 5576 5433 5684
11621 2 2 0 23 5434 5577 5685
11622 2 2 0 23 5579 5434 5686
11623 2 2 0 23 5435 5578 5688
11624 2 2 0 23 5580 5435 5687
11625 2 2 0 23 5436 5581 5690
11626 2 2 0 23 5582 5436 5689
11627 2 2 0 23 5583 5457 5612
11628 2 2 0 23 5406 5556 5654
11629 2 2 0 23 5629 5388 5649
11630 2 2 0 23 5543 601 5648
11631 2 2 0 23 5542 631 5647
11632 2 2 0 23 811 5540 5645
11633 2 2 0 23 5541 796 5646
11634 2 2 0 23 5401 5566 5691
11635 2 2 0 23 5535 5403 5632
11636 2 2 0 23 5612 5457 5664
11637 2 2 0 23 634 5528 5571
11638 2 2 0 23 604 5529 5572
11639 2 2 0 23 799 5530 5573
11640 2 2 0 23 5531 814 5574
11641 2 2 0 23 5432 5533 5585
11642 2 2 0 23 5478 5561 5566
11643 2 2 0 23 5535 5431 5586
11644 2 2 0 23 5505 5416 5663
11645 2 2 0 23 5561 5429 5566
11646 2 2 0 23 5569 5479 5570
11647 2 2 0 23 5456 5600 5621
11648 2 2 0 23 5430 5569 5570
11649 2 2 0 23 5391 5586 5680
11650 2 2 0 23 5525 5438 5613
11651 2 2 0 23 5526 5439 5614
11652 2 2 0 23 5527 5440 5615
11653 2 2 0 23 5507 5454 5630
11654 2 2 0 23 5431 5535 5632
11655 2 2 0 23 5587 5458 5613
11656 2 2 0 23 5588 5459 5614
11657 2 2 0 23 5589 5460 5615
11658 2 2 0 23 5453 5506 5653
11659 2 2 0 23 5564 5454 5655
11660 2 2 0 23 627 626 5622
11661 2 2 0 23 806 807 5624
11662 2 2 0 23 597 596 5623
11663 2 2 0 23 792 791 5625
11664 2 2 0 23 5442 5540 5605
11665 2 2 0 23 5542 5441 5607
11666 2 2 0 23 5541 5444 5606
11667 2 2 0 23 5543 5443 5608
11668 2 2 0 23 5540 5473 5605
11669 2 2 0 23 5475 5542 5607
11670 2 2 0 23 5474 5541 5606
11671 2 2 0 23 5476 5543 5608
11672 2 2 0 23 5508 5441 5647
11673 2 2 0 23 5509 5443 5648
11674 2 2 0 23 5442 5510 5645
11675 2 2 0 23 5511 5444 5646
11676 2 2 0 23 5508 5417 5633
11677 2 2 0 23 5509 5418 5634
11678 2 2 0 23 5419 5510 5635
11679 2 2 0 23 5511 5420 5636
11680 2 2 0 23 5397 5521 5616
11681 2 2 0 23 5398 5522 5617
11682 2 2 0 23 5399 5523 5618
11683 2 2 0 23 5400 5524 5619
11684 2 2 0 23 5390 5525 5613
11685 2 2 0 23 5391 5526 5614
11686 2 2 0 23 5392 5527 5615
11687 2 2 0 23 5441 5508 5633
11688 2 2 0 23 5443 5509 5634
11689 2 2 0 23 5510 5442 5635
11690 2 2 0 23 5444 5511 5636
11691 2 2 0 23 5389 5593 5600
11692 2 2 0 23 5593 5449 5600
11693 2 2 0 23 5562 5431 5632
11694 2 2 0 23 5457 5534 5664
11695 2 2 0 23 5409 5609 5626
11696 2 2 0 23 5410 5610 5627
11697 2 2 0 23 5412 5611 5628
11698 2 2 0 23 5425 5528 5668
11699 2 2 0 23 5428 5530 5669
11700 2 2 0 23 5426 5529 5667
11701 2 2 0 23 5445 5544 5616
11702 2 2 0 23 5544 5397 5616
11703 2 2 0 23 5446 5545 5617
11704 2 2 0 23 5545 5398 5617
11705 2 2 0 23 5447 5546 5618
11706 2 2 0 23 5546 5399 5618
11707 2 2 0 23 5448 5547 5619
11708 2 2 0 23 5547 5400 5619
11709 2 2 0 23 5456 5621 5656
11710 2 2 0 23 5532 5458 5631
11711 2 2 0 23 5654 5496 5660
11712 2 2 0 23 5471 5654 5660
11713 2 2 0 23 5565 5455 5663
11714 2 2 0 23 5417 5512 5633
11715 2 2 0 23 5418 5513 5634
11716 2 2 0 23 5514 5419 5635
11717 2 2 0 23 5420 5515 5636
11718 2 2 0 23 808 809 5674
11719 2 2 0 23 794 793 5673
11720 2 2 0 23 629 628 5672
11721 2 2 0 23 599 598 5671
11722 2 2 0 23 5525 5450 5626
11723 2 2 0 23 5526 5451 5627
11724 2 2 0 23 5527 5452 5628
11725 2 2 0 23 5449 5556 5621
11726 2 2 0 23 5556 5406 5621
11727 2 2 0 23 624 623 5683
11728 2 2 0 23 594 593 5685
11729 2 2 0 23 803 804 5684
11730 2 2 0 23 607 606 5687
11731 2 2 0 23 637 636 5686
11732 2 2 0 23 789 788 5688
11733 2 2 0 23 802 801 5689
11734 2 2 0 23 816 817 5690
11735 2 2 0 23 5427 5520 5637
11736 2 2 0 23 5566 5429 5691
11737 2 2 0 23 5429 5567 5691
11738 2 2 0 23 5438 5587 5613
11739 2 2 0 23 5439 5588 5614
11740 2 2 0 23 5440 5589 5615
11741 2 2 0 23 5521 5397 5638
11742 2 2 0 23 5522 5398 5639
11743 2 2 0 23 5523 5399 5640
11744 2 2 0 23 5524 5400 5641
11745 2 2 0 23 5568 5456 5666
11746 2 2 0 23 5517 5405 5650
11747 2 2 0 23 5518 5407 5651
11748 2 2 0 23 5519 5408 5652
11749 2 2 0 23 5419 5514 5658
11750 2 2 0 23 5534 5457 5697
11751 2 2 0 23 5395 5534 5697
11752 2 2 0 23 5516 5415 5655
11753 2 2 0 23 5437 5583 5612
11754 2 2 0 23 626 5536 5622
11755 2 2 0 23 596 5538 5623
11756 2 2 0 23 5537 806 5624
11757 2 2 0 23 791 5539 5625
11758 2 2 0 23 5454 5564 5630
11759 2 2 0 23 5564 5402 5630
11760 2 2 0 23 5404 5612 5664
11761 2 2 0 23 5413 5666 5696
11762 2 2 0 23 5666 5504 5696
11763 2 2 0 23 5620 5388 5653
11764 2 2 0 23 5432 5534 5657
11765 2 2 0 23 5540 5442 5645
11766 2 2 0 23 5444 5541 5646
11767 2 2 0 23 5441 5542 5647
11768 2 2 0 23 5443 5543 5648
11769 2 2 0 23 5450 5557 5626
11770 2 2 0 23 5557 5409 5626
11771 2 2 0 23 5451 5558 5627
11772 2 2 0 23 5558 5410 5627
11773 2 2 0 23 5452 5559 5628
11774 2 2 0 23 5559 5412 5628
11775 2 2 0 23 5665 5414 5670
11776 2 2 0 23 5498 5665 5670
11777 2 2 0 23 5563 5453 5670
11778 2 2 0 23 5445 5593 5679
11779 2 2 0 23 5447 5595 5680
11780 2 2 0 23 5446 5594 5681
11781 2 2 0 23 5448 5596 5682
11782 2 2 0 23 5388 5620 5649
11783 2 2 0 23 5620 5489 5649
11784 2 2 0 23 5480 5562 5632
11785 2 2 0 23 5587 5414 5665
11786 2 2 0 23 5458 5587 5665
11787 2 2 0 23 5402 5569 5631
11788 2 2 0 23 5600 5449 5621
11789 2 2 0 23 5438 5609 5642
11790 2 2 0 23 5439 5610 5643
11791 2 2 0 23 5440 5611 5644
11792 2 2 0 23 5462 5638 5692
11793 2 2 0 23 5465 5639 5693
11794 2 2 0 23 5466 5640 5694
11795 2 2 0 23 5467 5641 5695
11796 2 2 0 23 5397 5544 5675
11797 2 2 0 23 5398 5545 5676
11798 2 2 0 23 5399 5546 5677
11799 2 2 0 23 5400 5547 5678
11800 2 2 0 23 5560 5419 5658
11801 2 2 0 23 5485 5560 5658
11802 2 2 0 23 5552 629 5672
11803 2 2 0 23 809 5554 5674
11804 2 2 0 23 5553 599 5671
11805 2 2 0 23 5555 794 5673
11806 2 2 0 23 5433 5576 5692
11807 2 2 0 23 5576 5462 5692
11808 2 2 0 23 5434 5579 5693
11809 2 2 0 23 5579 5465 5693
11810 2 2 0 23 5435 5580 5694
11811 2 2 0 23 5580 5466 5694
11812 2 2 0 23 5582 5467 5695
11813 2 2 0 23 5436 5582 5695
11814 2 2 0 23 5557 5425 5668
11815 2 2 0 23 5558 5426 5667
11816 2 2 0 23 5559 5428 5669
11817 2 2 0 23 5469 5552 5672
11818 2 2 0 23 5470 5553 5671
11819 2 2 0 23 5554 5471 5674
11820 2 2 0 23 5472 5555 5673
11821 2 2 0 23 5548 803 5684
11822 2 2 0 23 623 5548 5683
11823 2 2 0 23 788 5549 5688
11824 2 2 0 23 593 5550 5685
11825 2 2 0 23 5550 637 5686
11826 2 2 0 23 5549 607 5687
11827 2 2 0 23 817 5551 5690
11828 2 2 0 23 5551 802 5689
11829 2 2 0 23 5584 5432 5657
11830 2 2 0 23 5483 5584 5657
11831 2 2 0 23 5585 5404 5664
11832 2 2 0 23 5583 5413 5696
11833 2 2 0 23 5457 5583 5696
11834 2 2 0 23 5609 5481 5642
11835 2 2 0 23 5610 5482 5643
11836 2 2 0 23 5611 5484 5644
11837 2 2 0 23 5567 5477 5691
11838 2 2 0 23 5621 5406 5656
11839 2 2 0 23 5575 624 5683
11840 2 2 0 23 804 5576 5684
11841 2 2 0 23 5577 594 5685
11842 2 2 0 23 5578 789 5688
11843 2 2 0 23 636 5579 5686
11844 2 2 0 23 606 5580 5687
11845 2 2 0 23 5581 816 5690
11846 2 2 0 23 801 5582 5689
11847 2 2 0 23 5601 5397 5675
11848 2 2 0 23 5602 5398 5676
11849 2 2 0 23 5603 5399 5677
11850 2 2 0 23 5604 5400 5678
11851 2 2 0 23 5593 5389 5679
11852 2 2 0 23 5595 5391 5680
11853 2 2 0 23 5594 5390 5681
11854 2 2 0 23 5596 5392 5682
11855 2 2 0 23 5461 5601 5675
11856 2 2 0 23 5463 5602 5676
11857 2 2 0 23 5464 5603 5677
11858 2 2 0 23 5468 5604 5678
11859 2 2 0 23 5601 5433 5692
11860 2 2 0 23 5602 5434 5693
11861 2 2 0 23 5603 5435 5694
11862 2 2 0 23 5604 5436 5695
11863 2 2 0 23 5659 5469 5672
11864 2 2 0 23 5661 5470 5671
11865 2 2 0 23 5471 5660 5674
11866 2 2 0 23 5662 5472 5673
11867 2 2 0 23 628 5659 5672
11868 2 2 0 23 598 5661 5671
11869 2 2 0 23 5660 808 5674
11870 2 2 0 23 793 5662 5673
11871 2 2 0 23 5696 5504 5697
11872 2 2 0 23 5457 5696 5697
11873 2 2 0 24 5705 5793 5845
11874 2 2 0 24 5706 5769 5807
11875 2 2 0 24 783 782 5785
11876 2 2 0 24 827 828 5786
11877 2 2 0 24 813 812 5787
11878 2 2 0 24 753 752 5788
11879 2 2 0 24 5799 5702 5906
11880 2 2 0 24 5761 5799 5906
11881 2 2 0 24 5795 5718 5828
11882 2 2 0 24 5749 5841 5968
11883 2 2 0 24 5820 5705 5845
11884 2 2 0 24 5793 5719 5915
11885 2 2 0 24 5751 5793 5915
11886 2 2 0 24 5794 5752 5916
11887 2 2 0 24 5721 5794 5916
11888 2 2 0 24 5750 5792 5917
11889 2 2 0 24 5792 5717 5917
11890 2 2 0 24 5774 805 5891
11891 2 2 0 24 820 5773 5890
11892 2 2 0 24 5772 745 5889
11893 2 2 0 24 5775 775 5893
11894 2 2 0 24 785 5776 5892
11895 2 2 0 24 5777 830 5894
11896 2 2 0 24 815 5778 5895
11897 2 2 0 24 755 5779 5896
11898 2 2 0 24 5771 5723 5811
11899 2 2 0 24 5764 5796 5810
11900 2 2 0 24 5790 5731 5967
11901 2 2 0 24 5731 5791 5967
11902 2 2 0 24 5808 5760 5874
11903 2 2 0 24 5717 5808 5874
11904 2 2 0 24 5764 5810 5977
11905 2 2 0 24 5718 5795 5976
11906 2 2 0 24 5766 5824 5838
11907 2 2 0 24 5824 5705 5838
11908 2 2 0 24 745 5772 5848
11909 2 2 0 24 5773 820 5847
11910 2 2 0 24 805 5774 5846
11911 2 2 0 24 775 5775 5849
11912 2 2 0 24 5711 5789 5809
11913 2 2 0 24 5789 5724 5809
11914 2 2 0 24 5821 5749 5968
11915 2 2 0 24 5939 5771 5995
11916 2 2 0 24 5768 5705 5820
11917 2 2 0 24 5771 5811 5995
11918 2 2 0 24 5705 5768 5838
11919 2 2 0 24 5795 5828 5978
11920 2 2 0 24 5723 5771 5969
11921 2 2 0 24 5769 5706 5922
11922 2 2 0 24 5736 5776 5888
11923 2 2 0 24 5777 5738 5887
11924 2 2 0 24 5739 5778 5886
11925 2 2 0 24 5740 5779 5885
11926 2 2 0 24 5768 5877 5976
11927 2 2 0 24 5733 5774 5988
11928 2 2 0 24 5734 5772 5989
11929 2 2 0 24 5737 5775 5990
11930 2 2 0 24 5738 5777 5991
11931 2 2 0 24 5774 5733 5846
11932 2 2 0 24 5772 5734 5848
11933 2 2 0 24 5775 5737 5849
11934 2 2 0 24 5776 785 5888
11935 2 2 0 24 830 5777 5887
11936 2 2 0 24 5778 815 5886
11937 2 2 0 24 5779 755 5885
11938 2 2 0 24 5776 5736 5950
11939 2 2 0 24 5778 5739 5951
11940 2 2 0 24 5779 5740 5952
11941 2 2 0 24 5798 5722 5815
11942 2 2 0 24 5725 5798 5815
11943 2 2 0 24 5727 5797 5822
11944 2 2 0 24 5797 5703 5822
11945 2 2 0 24 5792 5750 5945
11946 2 2 0 24 5752 5794 5946
11947 2 2 0 24 5711 5821 5908
11948 2 2 0 24 5847 5735 5949
11949 2 2 0 24 5703 5814 5850
11950 2 2 0 24 5814 5762 5850
11951 2 2 0 24 5773 5847 5949
11952 2 2 0 24 5768 5820 5877
11953 2 2 0 24 5724 5789 5880
11954 2 2 0 24 5782 5716 5856
11955 2 2 0 24 5728 5782 5856
11956 2 2 0 24 783 5785 5837
11957 2 2 0 24 5786 828 5836
11958 2 2 0 24 813 5787 5835
11959 2 2 0 24 753 5788 5834
11960 2 2 0 24 5714 5781 5959
11961 2 2 0 24 5716 5782 5960
11962 2 2 0 24 5718 5784 5961
11963 2 2 0 24 5821 5765 5908
11964 2 2 0 24 5785 5719 5982
11965 2 2 0 24 5787 5717 5981
11966 2 2 0 24 5788 5720 5980
11967 2 2 0 24 5796 5764 5964
11968 2 2 0 24 743 18 5862
11969 2 2 0 24 18 787 5862
11970 2 2 0 24 11 818 5863
11971 2 2 0 24 773 14 5864
11972 2 2 0 24 803 11 5863
11973 2 2 0 24 14 817 5864
11974 2 2 0 24 832 15 5865
11975 2 2 0 24 15 757 5865
11976 2 2 0 24 5796 5704 5810
11977 2 2 0 24 5713 5780 5825
11978 2 2 0 24 5735 5805 5872
11979 2 2 0 24 5800 5723 5812
11980 2 2 0 24 5726 5800 5812
11981 2 2 0 24 5717 5787 5917
11982 2 2 0 24 5719 5785 5915
11983 2 2 0 24 5720 5788 5918
11984 2 2 0 24 5780 5702 5866
11985 2 2 0 24 5828 5756 5978
11986 2 2 0 24 5838 5725 5927
11987 2 2 0 24 5780 5713 5883
11988 2 2 0 24 5811 5723 5844
11989 2 2 0 24 5702 5780 5867
11990 2 2 0 24 5818 780 5871
11991 2 2 0 24 825 5817 5870
11992 2 2 0 24 5816 810 5868
11993 2 2 0 24 5819 750 5869
11994 2 2 0 24 5783 5729 5876
11995 2 2 0 24 5784 5718 5877
11996 2 2 0 24 5730 5784 5877
11997 2 2 0 24 5785 782 5852
11998 2 2 0 24 827 5786 5853
11999 2 2 0 24 5787 812 5854
12000 2 2 0 24 5788 752 5855
12001 2 2 0 24 5757 5801 5829
12002 2 2 0 24 5801 5721 5829
12003 2 2 0 24 5782 5728 5869
12004 2 2 0 24 5729 5783 5870
12005 2 2 0 24 5784 5730 5871
12006 2 2 0 24 5781 5714 5902
12007 2 2 0 24 5822 5792 5945
12008 2 2 0 24 5794 5823 5946
12009 2 2 0 24 5789 5711 5881
12010 2 2 0 24 5766 5838 5927
12011 2 2 0 24 5802 5714 5826
12012 2 2 0 24 5754 5802 5826
12013 2 2 0 24 5704 5796 5970
12014 2 2 0 24 5800 5706 5884
12015 2 2 0 24 5811 5844 5937
12016 2 2 0 24 5770 5882 5920
12017 2 2 0 24 5717 5792 5919
12018 2 2 0 24 780 779 5871
12019 2 2 0 24 824 825 5870
12020 2 2 0 24 810 809 5868
12021 2 2 0 24 750 749 5869
12022 2 2 0 24 5794 5704 5823
12023 2 2 0 24 5795 5701 5839
12024 2 2 0 24 5879 5699 5880
12025 2 2 0 24 5789 5879 5880
12026 2 2 0 24 5731 5790 5882
12027 2 2 0 24 5701 5795 5978
12028 2 2 0 24 5791 5706 5857
12029 2 2 0 24 5753 5807 5935
12030 2 2 0 24 5793 5705 5957
12031 2 2 0 24 5704 5794 5966
12032 2 2 0 24 5872 5805 5963
12033 2 2 0 24 5842 5742 5936
12034 2 2 0 24 5882 5700 5920
12035 2 2 0 24 5743 5801 5867
12036 2 2 0 24 5791 5731 5884
12037 2 2 0 24 5706 5791 5884
12038 2 2 0 24 5701 5798 5839
12039 2 2 0 24 5793 5751 5845
12040 2 2 0 24 5742 5824 5936
12041 2 2 0 24 5918 5753 5935
12042 2 2 0 24 5721 5916 5947
12043 2 2 0 24 5719 5793 5898
12044 2 2 0 24 5794 5721 5900
12045 2 2 0 24 5712 5939 5995
12046 2 2 0 24 5798 5725 5839
12047 2 2 0 24 805 804 5891
12048 2 2 0 24 756 755 5896
12049 2 2 0 24 816 815 5895
12050 2 2 0 24 830 831 5894
12051 2 2 0 24 775 774 5893
12052 2 2 0 24 819 820 5890
12053 2 2 0 24 786 785 5892
12054 2 2 0 24 745 744 5889
12055 2 2 0 24 5741 5802 5879
12056 2 2 0 24 5868 5781 5902
12057 2 2 0 24 5727 5868 5902
12058 2 2 0 24 5703 5797 5943
12059 2 2 0 24 5714 5797 5902
12060 2 2 0 24 5700 5882 5962
12061 2 2 0 24 5882 5790 5962
12062 2 2 0 24 5711 5809 5821
12063 2 2 0 24 5759 5813 5904
12064 2 2 0 24 5813 5700 5904
12065 2 2 0 24 5797 5714 5907
12066 2 2 0 24 5797 5727 5902
12067 2 2 0 24 5818 5730 5845
12068 2 2 0 24 5751 5818 5845
12069 2 2 0 24 5706 5800 5922
12070 2 2 0 24 5916 5786 5947
12071 2 2 0 24 5781 5803 5959
12072 2 2 0 24 5782 5804 5960
12073 2 2 0 24 5784 5806 5961
12074 2 2 0 24 5798 5701 5878
12075 2 2 0 24 5722 5798 5987
12076 2 2 0 24 5706 5807 5857
12077 2 2 0 24 5702 5799 5866
12078 2 2 0 24 5841 5749 5921
12079 2 2 0 24 5808 5732 5878
12080 2 2 0 24 5734 5804 5931
12081 2 2 0 24 5733 5803 5932
12082 2 2 0 24 5805 5735 5933
12083 2 2 0 24 5737 5806 5934
12084 2 2 0 24 5841 5921 5938
12085 2 2 0 24 5814 5741 5881
12086 2 2 0 24 5840 5743 5883
12087 2 2 0 24 5723 5800 5844
12088 2 2 0 24 746 745 5848
12089 2 2 0 24 820 821 5847
12090 2 2 0 24 776 775 5849
12091 2 2 0 24 806 805 5846
12092 2 2 0 24 5758 5903 5924
12093 2 2 0 24 5760 5905 5925
12094 2 2 0 24 5759 5904 5923
12095 2 2 0 24 5761 5906 5926
12096 2 2 0 24 5823 5704 5970
12097 2 2 0 24 5840 5883 5948
12098 2 2 0 24 5877 5718 5976
12099 2 2 0 24 5808 5717 5919
12100 2 2 0 24 5844 5800 5884
12101 2 2 0 24 5758 5830 5872
12102 2 2 0 24 5830 5735 5872
12103 2 2 0 24 5831 5736 5873
12104 2 2 0 24 5759 5831 5873
12105 2 2 0 24 5760 5832 5874
12106 2 2 0 24 5832 5739 5874
12107 2 2 0 24 5761 5833 5875
12108 2 2 0 24 5833 5740 5875
12109 2 2 0 24 5799 5761 5940
12110 2 2 0 24 5801 5743 5900
12111 2 2 0 24 5721 5801 5900
12112 2 2 0 24 5841 5698 5968
12113 2 2 0 24 5719 5873 5982
12114 2 2 0 24 5717 5874 5981
12115 2 2 0 24 5720 5875 5980
12116 2 2 0 24 5826 5733 5858
12117 2 2 0 24 5754 5826 5858
12118 2 2 0 24 5827 5734 5859
12119 2 2 0 24 5755 5827 5859
12120 2 2 0 24 5756 5828 5860
12121 2 2 0 24 5828 5737 5860
12122 2 2 0 24 5829 5738 5861
12123 2 2 0 24 5757 5829 5861
12124 2 2 0 24 5809 5724 5897
12125 2 2 0 24 5749 5809 5897
12126 2 2 0 24 5730 5820 5845
12127 2 2 0 24 5732 5919 5992
12128 2 2 0 24 5867 5801 5994
12129 2 2 0 24 5800 5726 5922
12130 2 2 0 24 5850 5732 5992
12131 2 2 0 24 5803 5733 5959
12132 2 2 0 24 5804 5734 5960
12133 2 2 0 24 5806 5737 5961
12134 2 2 0 24 5801 5757 5994
12135 2 2 0 24 5714 5802 5907
12136 2 2 0 24 5802 5741 5907
12137 2 2 0 24 5809 5749 5821
12138 2 2 0 24 5857 5807 5928
12139 2 2 0 24 5830 5758 5924
12140 2 2 0 24 5831 5759 5923
12141 2 2 0 24 5832 5760 5925
12142 2 2 0 24 5833 5761 5926
12143 2 2 0 24 5755 5962 6009
12144 2 2 0 24 5771 5901 5969
12145 2 2 0 24 5802 5754 5993
12146 2 2 0 24 5812 5763 5825
12147 2 2 0 24 5879 5802 5993
12148 2 2 0 24 5814 5881 5958
12149 2 2 0 24 810 5816 5955
12150 2 2 0 24 750 5819 5956
12151 2 2 0 24 5817 825 5954
12152 2 2 0 24 780 5818 5953
12153 2 2 0 24 5742 5813 5898
12154 2 2 0 24 5698 5901 5910
12155 2 2 0 24 747 5804 5974
12156 2 2 0 24 807 5803 5971
12157 2 2 0 24 5805 822 5972
12158 2 2 0 24 777 5806 5973
12159 2 2 0 24 5827 5755 6009
12160 2 2 0 24 811 810 5955
12161 2 2 0 24 751 750 5956
12162 2 2 0 24 825 826 5954
12163 2 2 0 24 781 780 5953
12164 2 2 0 24 5848 5734 5931
12165 2 2 0 24 5846 5733 5932
12166 2 2 0 24 5735 5847 5933
12167 2 2 0 24 5849 5737 5934
12168 2 2 0 24 5901 5771 5910
12169 2 2 0 24 5724 5880 5977
12170 2 2 0 24 782 781 5852
12171 2 2 0 24 826 827 5853
12172 2 2 0 24 752 751 5855
12173 2 2 0 24 812 811 5854
12174 2 2 0 24 5858 5733 5988
12175 2 2 0 24 5859 5734 5989
12176 2 2 0 24 5860 5737 5990
12177 2 2 0 24 5861 5738 5991
12178 2 2 0 24 5808 5878 5965
12179 2 2 0 24 5803 5781 5971
12180 2 2 0 24 5804 5782 5974
12181 2 2 0 24 5806 5784 5973
12182 2 2 0 24 5837 5736 5888
12183 2 2 0 24 5738 5836 5887
12184 2 2 0 24 5835 5739 5886
12185 2 2 0 24 5834 5740 5885
12186 2 2 0 24 5949 5707 6006
12187 2 2 0 24 5950 5708 6005
12188 2 2 0 24 5951 5709 6007
12189 2 2 0 24 5952 5710 6008
12190 2 2 0 24 5698 5841 5901
12191 2 2 0 24 5841 5763 5901
12192 2 2 0 24 5783 5876 5963
12193 2 2 0 24 5707 5912 6006
12194 2 2 0 24 5708 5911 6005
12195 2 2 0 24 5709 5913 6007
12196 2 2 0 24 5710 5914 6008
12197 2 2 0 24 5727 5816 5868
12198 2 2 0 24 5728 5819 5869
12199 2 2 0 24 5817 5729 5870
12200 2 2 0 24 5730 5818 5871
12201 2 2 0 24 5803 807 5932
12202 2 2 0 24 5804 747 5931
12203 2 2 0 24 822 5805 5933
12204 2 2 0 24 5806 777 5934
12205 2 2 0 24 5889 5745 5911
12206 2 2 0 24 5772 5889 5911
12207 2 2 0 24 5891 5744 5912
12208 2 2 0 24 5774 5891 5912
12209 2 2 0 24 5775 5893 5913
12210 2 2 0 24 5893 5746 5913
12211 2 2 0 24 5777 5894 5914
12212 2 2 0 24 5894 5747 5914
12213 2 2 0 24 5822 5703 5992
12214 2 2 0 24 5792 5822 5992
12215 2 2 0 24 5705 5824 5957
12216 2 2 0 24 5840 5704 5966
12217 2 2 0 24 754 753 5834
12218 2 2 0 24 814 813 5835
12219 2 2 0 24 828 829 5836
12220 2 2 0 24 784 783 5837
12221 2 2 0 24 5725 5815 5927
12222 2 2 0 24 5702 5867 5994
12223 2 2 0 24 5715 5876 5964
12224 2 2 0 24 5876 5796 5964
12225 2 2 0 24 5732 5808 5919
12226 2 2 0 24 5814 5703 5943
12227 2 2 0 24 5876 5715 5963
12228 2 2 0 24 5786 5836 5947
12229 2 2 0 24 5735 5830 5949
12230 2 2 0 24 5736 5831 5950
12231 2 2 0 24 5739 5832 5951
12232 2 2 0 24 5740 5833 5952
12233 2 2 0 24 5795 5975 5976
12234 2 2 0 24 5829 5721 5947
12235 2 2 0 24 5733 5826 5959
12236 2 2 0 24 5734 5827 5960
12237 2 2 0 24 5737 5828 5961
12238 2 2 0 24 5807 5753 5928
12239 2 2 0 24 5813 5742 5920
12240 2 2 0 24 755 754 5885
12241 2 2 0 24 815 814 5886
12242 2 2 0 24 785 784 5888
12243 2 2 0 24 829 830 5887
12244 2 2 0 24 5856 5716 5967
12245 2 2 0 24 5791 5856 5967
12246 2 2 0 24 5807 5769 5935
12247 2 2 0 24 5760 5808 5965
12248 2 2 0 24 5850 5762 5851
12249 2 2 0 24 5732 5850 5851
12250 2 2 0 24 5898 5813 5942
12251 2 2 0 24 5842 5770 5920
12252 2 2 0 24 5728 5857 5928
12253 2 2 0 24 5815 5748 5927
12254 2 2 0 24 5699 5879 5993
12255 2 2 0 24 5726 5812 6004
12256 2 2 0 24 748 747 5974
12257 2 2 0 24 808 807 5971
12258 2 2 0 24 822 823 5972
12259 2 2 0 24 778 777 5973
12260 2 2 0 24 5820 5730 5877
12261 2 2 0 24 5880 5699 5909
12262 2 2 0 24 5764 5880 5909
12263 2 2 0 24 5921 5767 5948
12264 2 2 0 24 5763 5812 5969
12265 2 2 0 24 5812 5723 5969
12266 2 2 0 24 5795 5839 5975
12267 2 2 0 24 5825 5763 5938
12268 2 2 0 24 5728 5856 5857
12269 2 2 0 24 5856 5791 5857
12270 2 2 0 24 5700 5813 5920
12271 2 2 0 24 5903 5754 5924
12272 2 2 0 24 5904 5755 5923
12273 2 2 0 24 5905 5756 5925
12274 2 2 0 24 5906 5757 5926
12275 2 2 0 24 5836 5738 5947
12276 2 2 0 24 5867 5780 5883
12277 2 2 0 24 5863 5744 5996
12278 2 2 0 24 5745 5862 5997
12279 2 2 0 24 5744 5863 6000
12280 2 2 0 24 5862 5745 6002
12281 2 2 0 24 5746 5864 5998
12282 2 2 0 24 5864 5746 6001
12283 2 2 0 24 5747 5865 5999
12284 2 2 0 24 5865 5747 6003
12285 2 2 0 24 5837 5785 5982
12286 2 2 0 24 5835 5787 5981
12287 2 2 0 24 5834 5788 5980
12288 2 2 0 24 5908 5765 5941
12289 2 2 0 24 5810 5704 6011
12290 2 2 0 24 5748 5910 5939
12291 2 2 0 24 5899 5748 5939
12292 2 2 0 24 5713 5825 5938
12293 2 2 0 24 5742 5842 5920
12294 2 2 0 24 5838 5768 5975
12295 2 2 0 24 5744 5891 5996
12296 2 2 0 24 5890 5744 6000
12297 2 2 0 24 5745 5889 6002
12298 2 2 0 24 5892 5745 5997
12299 2 2 0 24 5746 5893 6001
12300 2 2 0 24 5895 5746 5998
12301 2 2 0 24 5747 5894 6003
12302 2 2 0 24 5896 5747 5999
12303 2 2 0 24 5748 5815 5929
12304 2 2 0 24 5897 5767 5921
12305 2 2 0 24 5770 5811 5937
12306 2 2 0 24 5882 5770 5937
12307 2 2 0 24 5731 5882 5937
12308 2 2 0 24 5762 5814 5958
12309 2 2 0 24 5819 5728 5928
12310 2 2 0 24 5753 5819 5928
12311 2 2 0 24 5720 5918 5935
12312 2 2 0 24 5715 5872 5963
12313 2 2 0 24 5725 5838 5975
12314 2 2 0 24 5812 5825 6004
12315 2 2 0 24 5811 5770 5995
12316 2 2 0 24 5815 5722 5929
12317 2 2 0 24 5855 751 5956
12318 2 2 0 24 826 5853 5954
12319 2 2 0 24 5854 811 5955
12320 2 2 0 24 5852 781 5953
12321 2 2 0 24 5941 5765 6012
12322 2 2 0 24 5813 5759 5942
12323 2 2 0 24 754 5834 5885
12324 2 2 0 24 814 5835 5886
12325 2 2 0 24 5836 829 5887
12326 2 2 0 24 784 5837 5888
12327 2 2 0 24 5741 5814 5943
12328 2 2 0 24 5731 5844 5884
12329 2 2 0 24 5843 5698 5910
12330 2 2 0 24 5878 5701 5965
12331 2 2 0 24 5975 5768 5976
12332 2 2 0 24 5851 5722 5987
12333 2 2 0 24 5743 5867 5883
12334 2 2 0 24 5879 5789 5881
12335 2 2 0 24 5764 5909 5930
12336 2 2 0 24 5741 5879 5881
12337 2 2 0 24 5712 5842 5936
12338 2 2 0 24 5748 5843 5910
12339 2 2 0 24 5944 5799 5979
12340 2 2 0 24 5844 5731 5937
12341 2 2 0 24 5748 5899 5927
12342 2 2 0 24 5713 5921 5948
12343 2 2 0 24 5719 5898 5942
12344 2 2 0 24 5899 5712 5936
12345 2 2 0 24 5766 5899 5936
12346 2 2 0 24 807 806 5932
12347 2 2 0 24 777 776 5934
12348 2 2 0 24 821 822 5933
12349 2 2 0 24 747 746 5931
12350 2 2 0 24 5854 5750 5917
12351 2 2 0 24 5787 5854 5917
12352 2 2 0 24 5855 5753 5918
12353 2 2 0 24 5852 5751 5915
12354 2 2 0 24 5788 5855 5918
12355 2 2 0 24 5752 5853 5916
12356 2 2 0 24 5785 5852 5915
12357 2 2 0 24 5853 5786 5916
12358 2 2 0 24 5881 5711 5958
12359 2 2 0 24 5816 5750 5955
12360 2 2 0 24 5818 5751 5953
12361 2 2 0 24 5752 5817 5954
12362 2 2 0 24 5819 5753 5956
12363 2 2 0 24 5816 5727 5945
12364 2 2 0 24 5729 5817 5946
12365 2 2 0 24 5707 5830 5924
12366 2 2 0 24 5708 5831 5923
12367 2 2 0 24 5709 5832 5925
12368 2 2 0 24 5710 5833 5926
12369 2 2 0 24 5750 5816 5945
12370 2 2 0 24 5817 5752 5946
12371 2 2 0 24 5698 5843 5968
12372 2 2 0 24 5843 5765 5968
12373 2 2 0 24 5699 5903 5909
12374 2 2 0 24 5903 5758 5909
12375 2 2 0 24 5732 5851 5987
12376 2 2 0 24 5769 5944 5979
12377 2 2 0 24 5765 5843 6012
12378 2 2 0 24 5736 5837 5982
12379 2 2 0 24 5739 5835 5981
12380 2 2 0 24 5740 5834 5980
12381 2 2 0 24 5859 5708 5923
12382 2 2 0 24 5858 5707 5924
12383 2 2 0 24 5755 5859 5923
12384 2 2 0 24 5754 5858 5924
12385 2 2 0 24 5860 5709 5925
12386 2 2 0 24 5756 5860 5925
12387 2 2 0 24 5861 5710 5926
12388 2 2 0 24 5757 5861 5926
12389 2 2 0 24 5764 5930 5964
12390 2 2 0 24 5842 5712 5995
12391 2 2 0 24 5770 5842 5995
12392 2 2 0 24 5824 5766 5936
12393 2 2 0 24 5780 5866 6004
12394 2 2 0 24 5866 5726 6004
12395 2 2 0 24 5767 5840 5948
12396 2 2 0 24 5843 5748 5929
12397 2 2 0 24 5797 5907 5943
12398 2 2 0 24 5907 5741 5943
12399 2 2 0 24 5963 5805 5972
12400 2 2 0 24 5783 5963 5972
12401 2 2 0 24 5878 5732 5987
12402 2 2 0 24 5727 5822 5945
12403 2 2 0 24 5823 5729 5946
12404 2 2 0 24 779 778 5986
12405 2 2 0 24 823 824 5985
12406 2 2 0 24 809 808 5984
12407 2 2 0 24 749 748 5983
12408 2 2 0 24 5962 5790 6009
12409 2 2 0 24 5824 5742 5957
12410 2 2 0 24 5758 5872 5930
12411 2 2 0 24 5872 5715 5930
12412 2 2 0 24 804 803 5996
12413 2 2 0 24 817 816 5998
12414 2 2 0 24 787 786 5997
12415 2 2 0 24 818 819 6000
12416 2 2 0 24 744 743 6002
12417 2 2 0 24 774 773 6001
12418 2 2 0 24 757 756 5999
12419 2 2 0 24 831 832 6003
12420 2 2 0 24 5738 5829 5947
12421 2 2 0 24 5830 5707 5949
12422 2 2 0 24 5831 5708 5950
12423 2 2 0 24 5832 5709 5951
12424 2 2 0 24 5833 5710 5952
12425 2 2 0 24 5880 5764 5977
12426 2 2 0 24 5765 5821 5968
12427 2 2 0 24 5826 5714 5959
12428 2 2 0 24 5827 5716 5960
12429 2 2 0 24 5828 5718 5961
12430 2 2 0 24 5729 5823 5970
12431 2 2 0 24 5763 5841 5938
12432 2 2 0 24 5851 5762 5941
12433 2 2 0 24 5722 5851 5941
12434 2 2 0 24 5840 5767 6011
12435 2 2 0 24 5704 5840 6011
12436 2 2 0 24 5749 5897 5921
12437 2 2 0 24 746 5848 5931
12438 2 2 0 24 806 5846 5932
12439 2 2 0 24 5847 821 5933
12440 2 2 0 24 776 5849 5934
12441 2 2 0 24 5724 5977 6010
12442 2 2 0 24 5977 5810 6010
12443 2 2 0 24 5899 5766 5927
12444 2 2 0 24 5921 5713 5938
12445 2 2 0 24 5825 5780 6004
12446 2 2 0 24 5866 5799 5944
12447 2 2 0 24 5716 5827 6009
12448 2 2 0 24 5743 5840 5966
12449 2 2 0 24 5751 5852 5953
12450 2 2 0 24 5853 5752 5954
12451 2 2 0 24 5750 5854 5955
12452 2 2 0 24 5753 5855 5956
12453 2 2 0 24 5904 5700 5962
12454 2 2 0 24 5839 5725 5975
12455 2 2 0 24 5875 5720 5940
12456 2 2 0 24 5761 5875 5940
12457 2 2 0 24 5905 5701 5978
12458 2 2 0 24 5759 5873 5942
12459 2 2 0 24 5873 5719 5942
12460 2 2 0 24 5726 5866 5944
12461 2 2 0 24 5919 5792 5992
12462 2 2 0 24 5754 5903 5993
12463 2 2 0 24 5757 5906 5994
12464 2 2 0 24 5843 5929 6012
12465 2 2 0 24 5922 5726 5944
12466 2 2 0 24 5769 5922 5944
12467 2 2 0 24 5908 5762 5958
12468 2 2 0 24 5909 5758 5930
12469 2 2 0 24 5905 5760 5965
12470 2 2 0 24 5910 5771 5939
12471 2 2 0 24 5712 5899 5939
12472 2 2 0 24 5773 5949 6006
12473 2 2 0 24 5776 5950 6005
12474 2 2 0 24 5778 5951 6007
12475 2 2 0 24 5779 5952 6008
12476 2 2 0 24 5708 5859 5989
12477 2 2 0 24 5707 5858 5988
12478 2 2 0 24 5709 5860 5990
12479 2 2 0 24 5710 5861 5991
12480 2 2 0 24 5883 5713 5948
12481 2 2 0 24 5876 5729 5970
12482 2 2 0 24 5703 5850 5992
12483 2 2 0 24 5796 5876 5970
12484 2 2 0 24 5868 809 5984
12485 2 2 0 24 5871 779 5986
12486 2 2 0 24 824 5870 5985
12487 2 2 0 24 5869 749 5983
12488 2 2 0 24 5762 5908 5941
12489 2 2 0 24 5742 5898 5957
12490 2 2 0 24 5744 5890 6006
12491 2 2 0 24 5745 5892 6005
12492 2 2 0 24 5890 5773 6006
12493 2 2 0 24 5892 5776 6005
12494 2 2 0 24 5746 5895 6007
12495 2 2 0 24 5895 5778 6007
12496 2 2 0 24 5747 5896 6008
12497 2 2 0 24 5896 5779 6008
12498 2 2 0 24 5874 5739 5981
12499 2 2 0 24 5875 5740 5980
12500 2 2 0 24 5873 5736 5982
12501 2 2 0 24 5782 5869 5983
12502 2 2 0 24 5781 5868 5984
12503 2 2 0 24 5870 5783 5985
12504 2 2 0 24 5784 5871 5986
12505 2 2 0 24 743 5862 6002
12506 2 2 0 24 5862 787 5997
12507 2 2 0 24 5863 818 6000
12508 2 2 0 24 773 5864 6001
12509 2 2 0 24 803 5863 5996
12510 2 2 0 24 832 5865 6003
12511 2 2 0 24 5864 817 5998
12512 2 2 0 24 5865 757 5999
12513 2 2 0 24 5898 5793 5957
12514 2 2 0 24 5900 5743 5966
12515 2 2 0 24 5794 5900 5966
12516 2 2 0 24 5711 5908 5958
12517 2 2 0 24 5755 5904 5962
12518 2 2 0 24 5798 5878 5987
12519 2 2 0 24 5701 5905 5965
12520 2 2 0 24 5901 5763 5969
12521 2 2 0 24 5897 5724 6010
12522 2 2 0 24 5767 5897 6010
12523 2 2 0 24 5756 5905 5978
12524 2 2 0 24 5930 5715 5964
12525 2 2 0 24 5889 744 6002
12526 2 2 0 24 819 5890 6000
12527 2 2 0 24 5891 804 5996
12528 2 2 0 24 5893 774 6001
12529 2 2 0 24 786 5892 5997
12530 2 2 0 24 5894 831 6003
12531 2 2 0 24 816 5895 5998
12532 2 2 0 24 756 5896 5999
12533 2 2 0 24 5912 5707 5988
12534 2 2 0 24 5911 5708 5989
12535 2 2 0 24 5913 5709 5990
12536 2 2 0 24 5914 5710 5991
12537 2 2 0 24 5903 5699 5993
12538 2 2 0 24 5906 5702 5994
12539 2 2 0 24 5774 5912 5988
12540 2 2 0 24 5772 5911 5989
12541 2 2 0 24 5775 5913 5990
12542 2 2 0 24 5777 5914 5991
12543 2 2 0 24 5799 5940 5979
12544 2 2 0 24 5911 5745 6005
12545 2 2 0 24 5912 5744 6006
12546 2 2 0 24 5913 5746 6007
12547 2 2 0 24 5914 5747 6008
12548 2 2 0 24 5720 5935 5979
12549 2 2 0 24 5935 5769 5979
12550 2 2 0 24 5940 5720 5979
12551 2 2 0 24 5929 5722 6012
12552 2 2 0 24 5974 5782 5983
12553 2 2 0 24 5971 5781 5984
12554 2 2 0 24 5783 5972 5985
12555 2 2 0 24 5973 5784 5986
12556 2 2 0 24 5722 5941 6012
12557 2 2 0 24 808 5971 5984
12558 2 2 0 24 748 5974 5983
12559 2 2 0 24 5972 823 5985
12560 2 2 0 24 778 5973 5986
12561 2 2 0 24 5967 5716 6009
12562 2 2 0 24 5790 5967 6009
12563 2 2 0 24 6010 5810 6011
12564 2 2 0 24 5767 6010 6011
12565 2 2 0 25 6083 6122 6018
12566 2 2 0 25 827 6100 828
12567 2 2 0 25 647 6101 648
12568 2 2 0 25 677 6102 678
12569 2 2 0 25 617 6103 618
12570 2 2 0 25 6105 6313 6035
12571 2 2 0 25 6016 6222 6116
12572 2 2 0 25 6116 6222 6075
12573 2 2 0 25 6035 6313 6114
12574 2 2 0 25 6033 6145 6108
12575 2 2 0 25 6064 6281 6157
12576 2 2 0 25 6107 6232 6068
12577 2 2 0 25 6036 6232 6107
12578 2 2 0 25 6106 6234 6066
12579 2 2 0 25 6034 6234 6106
12580 2 2 0 25 670 6202 6087
12581 2 2 0 25 640 6205 6089
12582 2 2 0 25 610 6203 6088
12583 2 2 0 25 6090 6204 830
12584 2 2 0 25 820 6206 6092
12585 2 2 0 25 6091 6207 650
12586 2 2 0 25 6093 6208 680
12587 2 2 0 25 6094 6209 620
12588 2 2 0 25 6086 6127 6038
12589 2 2 0 25 6079 6125 6110
12590 2 2 0 25 6108 6290 6033
12591 2 2 0 25 6105 6123 6021
12592 2 2 0 25 6079 6292 6125
12593 2 2 0 25 6141 6155 6018
12594 2 2 0 25 6081 6155 6141
12595 2 2 0 25 6087 6161 670
12596 2 2 0 25 6088 6162 610
12597 2 2 0 25 6089 6163 640
12598 2 2 0 25 6092 6164 820
12599 2 2 0 25 6027 6124 6104
12600 2 2 0 25 6104 6124 6039
12601 2 2 0 25 6138 6281 6064
12602 2 2 0 25 6255 6311 6086
12603 2 2 0 25 6086 6311 6127
12604 2 2 0 25 6145 6291 6108
12605 2 2 0 25 6018 6155 6083
12606 2 2 0 25 6038 6282 6086
12607 2 2 0 25 6031 6144 6113
12608 2 2 0 25 6113 6144 6071
12609 2 2 0 25 6090 6201 6050
12610 2 2 0 25 6091 6200 6052
12611 2 2 0 25 6093 6198 6054
12612 2 2 0 25 6094 6199 6055
12613 2 2 0 25 6087 6306 6048
12614 2 2 0 25 6088 6307 6049
12615 2 2 0 25 6089 6308 6051
12616 2 2 0 25 6092 6309 6053
12617 2 2 0 25 6048 6161 6087
12618 2 2 0 25 6049 6162 6088
12619 2 2 0 25 6051 6163 6089
12620 2 2 0 25 6053 6164 6092
12621 2 2 0 25 830 6201 6090
12622 2 2 0 25 650 6200 6091
12623 2 2 0 25 680 6198 6093
12624 2 2 0 25 620 6199 6094
12625 2 2 0 25 6050 6263 6090
12626 2 2 0 25 6052 6264 6091
12627 2 2 0 25 6054 6265 6093
12628 2 2 0 25 6055 6266 6094
12629 2 2 0 25 6112 6131 6037
12630 2 2 0 25 6040 6131 6112
12631 2 2 0 25 6066 6261 6106
12632 2 2 0 25 6068 6262 6107
12633 2 2 0 25 6027 6226 6138
12634 2 2 0 25 6191 6290 6084
12635 2 2 0 25 6130 6165 6077
12636 2 2 0 25 6019 6165 6130
12637 2 2 0 25 6039 6193 6104
12638 2 2 0 25 6117 6158 6056
12639 2 2 0 25 6109 6165 6019
12640 2 2 0 25 6047 6165 6109
12641 2 2 0 25 6136 6191 6084
12642 2 2 0 25 6095 6146 6017
12643 2 2 0 25 6100 6154 828
12644 2 2 0 25 6101 6153 648
12645 2 2 0 25 6102 6151 678
12646 2 2 0 25 6103 6152 618
12647 2 2 0 25 6097 6273 6029
12648 2 2 0 25 6098 6274 6031
12649 2 2 0 25 6099 6275 6033
12650 2 2 0 25 6138 6226 6080
12651 2 2 0 25 6035 6296 6100
12652 2 2 0 25 6036 6295 6101
12653 2 2 0 25 6032 6294 6102
12654 2 2 0 25 6034 6293 6103
12655 2 2 0 25 6049 6179 6119
12656 2 2 0 25 6110 6279 6079
12657 2 2 0 25 8 6175 608
12658 2 2 0 25 652 6175 8
12659 2 2 0 25 15 6176 668
12660 2 2 0 25 832 6176 15
12661 2 2 0 25 11 6177 818
12662 2 2 0 25 12 6178 638
12663 2 2 0 25 622 6177 11
12664 2 2 0 25 682 6178 12
12665 2 2 0 25 6110 6125 6020
12666 2 2 0 25 6028 6142 6095
12667 2 2 0 25 6115 6128 6038
12668 2 2 0 25 6041 6128 6115
12669 2 2 0 25 6102 6233 6032
12670 2 2 0 25 6101 6232 6036
12671 2 2 0 25 6103 6234 6034
12672 2 2 0 25 6017 6217 6095
12673 2 2 0 25 6072 6291 6145
12674 2 2 0 25 6155 6241 6040
12675 2 2 0 25 6100 6242 6035
12676 2 2 0 25 6127 6160 6038
12677 2 2 0 25 6095 6190 6028
12678 2 2 0 25 825 6183 6135
12679 2 2 0 25 645 6182 6134
12680 2 2 0 25 675 6180 6132
12681 2 2 0 25 615 6181 6133
12682 2 2 0 25 6031 6188 6098
12683 2 2 0 25 6098 6188 6044
12684 2 2 0 25 6096 6189 6043
12685 2 2 0 25 6099 6191 6045
12686 2 2 0 25 6033 6191 6099
12687 2 2 0 25 827 6167 6100
12688 2 2 0 25 647 6168 6101
12689 2 2 0 25 677 6169 6102
12690 2 2 0 25 617 6170 6103
12691 2 2 0 25 6043 6181 6096
12692 2 2 0 25 6044 6182 6098
12693 2 2 0 25 6045 6183 6099
12694 2 2 0 25 6029 6219 6097
12695 2 2 0 25 6117 6310 6158
12696 2 2 0 25 6106 6261 6139
12697 2 2 0 25 6107 6262 6140
12698 2 2 0 25 6104 6194 6027
12699 2 2 0 25 6081 6241 6155
12700 2 2 0 25 6029 6143 6117
12701 2 2 0 25 6117 6143 6069
12702 2 2 0 25 6020 6283 6110
12703 2 2 0 25 6019 6284 6109
12704 2 2 0 25 6115 6196 6021
12705 2 2 0 25 6127 6253 6160
12706 2 2 0 25 6070 6179 6172
12707 2 2 0 25 824 6183 825
12708 2 2 0 25 644 6182 645
12709 2 2 0 25 674 6180 675
12710 2 2 0 25 614 6181 615
12711 2 2 0 25 6106 6139 6020
12712 2 2 0 25 6107 6140 6019
12713 2 2 0 25 6122 6251 6065
12714 2 2 0 25 6017 6146 6108
12715 2 2 0 25 6014 6195 6158
12716 2 2 0 25 6158 6195 6085
12717 2 2 0 25 6108 6291 6017
12718 2 2 0 25 6179 6276 6119
12719 2 2 0 25 6113 6192 6047
12720 2 2 0 25 6020 6280 6106
12721 2 2 0 25 6221 6260 6070
12722 2 2 0 25 6065 6251 6233
12723 2 2 0 25 6015 6225 6193
12724 2 2 0 25 6193 6225 6104
12725 2 2 0 25 6021 6196 6105
12726 2 2 0 25 6035 6216 6105
12727 2 2 0 25 6016 6215 6112
12728 2 2 0 25 6109 6250 6047
12729 2 2 0 25 6019 6243 6107
12730 2 2 0 25 6111 6305 6018
12731 2 2 0 25 6107 6211 6036
12732 2 2 0 25 6106 6214 6034
12733 2 2 0 25 6026 6311 6255
12734 2 2 0 25 6047 6250 6113
12735 2 2 0 25 680 6208 681
12736 2 2 0 25 620 6209 621
12737 2 2 0 25 639 6205 640
12738 2 2 0 25 819 6206 820
12739 2 2 0 25 669 6202 670
12740 2 2 0 25 830 6204 831
12741 2 2 0 25 650 6207 651
12742 2 2 0 25 609 6203 610
12743 2 2 0 25 6097 6219 6180
12744 2 2 0 25 6180 6219 6042
12745 2 2 0 25 6017 6223 6126
12746 2 2 0 25 6126 6223 6076
12747 2 2 0 25 6113 6250 6031
12748 2 2 0 25 6071 6312 6113
12749 2 2 0 25 6018 6197 6111
12750 2 2 0 25 6111 6219 6029
12751 2 2 0 25 6027 6138 6124
12752 2 2 0 25 6111 6197 6042
12753 2 2 0 25 6015 6221 6129
12754 2 2 0 25 6129 6221 6074
12755 2 2 0 25 6029 6224 6111
12756 2 2 0 25 6042 6219 6111
12757 2 2 0 25 6115 6236 6041
12758 2 2 0 25 6136 6236 6021
12759 2 2 0 25 6084 6236 6136
12760 2 2 0 25 6118 6273 6097
12761 2 2 0 25 6120 6274 6098
12762 2 2 0 25 6121 6275 6099
12763 2 2 0 25 6112 6192 6016
12764 2 2 0 25 6116 6215 6016
12765 2 2 0 25 6112 6215 6040
12766 2 2 0 25 6037 6304 6112
12767 2 2 0 25 6172 6179 6049
12768 2 2 0 25 6157 6235 6064
12769 2 2 0 25 6070 6260 6137
12770 2 2 0 25 6123 6136 6021
12771 2 2 0 25 6045 6136 6123
12772 2 2 0 25 6119 6246 6049
12773 2 2 0 25 6118 6247 6048
12774 2 2 0 25 6120 6248 6051
12775 2 2 0 25 6121 6249 6053
12776 2 2 0 25 6157 6254 6235
12777 2 2 0 25 6130 6194 6058
12778 2 2 0 25 6114 6297 6035
12779 2 2 0 25 6038 6160 6115
12780 2 2 0 25 6156 6252 6057
12781 2 2 0 25 610 6162 611
12782 2 2 0 25 670 6161 671
12783 2 2 0 25 640 6163 641
12784 2 2 0 25 820 6164 821
12785 2 2 0 25 6158 6310 6014
12786 2 2 0 25 6105 6216 6123
12787 2 2 0 25 6057 6252 6190
12788 2 2 0 25 6222 6239 6075
12789 2 2 0 25 6223 6240 6076
12790 2 2 0 25 6220 6237 6073
12791 2 2 0 25 6221 6238 6074
12792 2 2 0 25 6139 6283 6020
12793 2 2 0 25 6140 6284 6019
12794 2 2 0 25 6160 6196 6115
12795 2 2 0 25 6147 6184 6073
12796 2 2 0 25 6050 6184 6147
12797 2 2 0 25 6148 6185 6074
12798 2 2 0 25 6052 6185 6148
12799 2 2 0 25 6149 6186 6075
12800 2 2 0 25 6054 6186 6149
12801 2 2 0 25 6150 6187 6076
12802 2 2 0 25 6055 6187 6150
12803 2 2 0 25 6033 6290 6191
12804 2 2 0 25 6075 6256 6116
12805 2 2 0 25 6157 6281 6013
12806 2 2 0 25 6184 6296 6035
12807 2 2 0 25 6185 6295 6036
12808 2 2 0 25 6186 6294 6032
12809 2 2 0 25 6187 6293 6034
12810 2 2 0 25 6048 6171 6143
12811 2 2 0 25 6143 6171 6069
12812 2 2 0 25 6051 6173 6144
12813 2 2 0 25 6144 6173 6071
12814 2 2 0 25 6053 6174 6145
12815 2 2 0 25 6145 6174 6072
12816 2 2 0 25 6064 6210 6124
12817 2 2 0 25 6124 6210 6039
12818 2 2 0 25 6031 6250 6188
12819 2 2 0 25 6188 6250 6109
12820 2 2 0 25 6021 6236 6115
12821 2 2 0 25 6048 6273 6118
12822 2 2 0 25 6051 6274 6120
12823 2 2 0 25 6053 6275 6121
12824 2 2 0 25 6085 6213 6158
12825 2 2 0 25 6117 6224 6029
12826 2 2 0 25 6056 6224 6117
12827 2 2 0 25 6124 6138 6064
12828 2 2 0 25 6137 6179 6070
12829 2 2 0 25 6075 6239 6149
12830 2 2 0 25 6073 6237 6147
12831 2 2 0 25 6076 6240 6150
12832 2 2 0 25 6074 6238 6148
12833 2 2 0 25 6086 6282 6218
12834 2 2 0 25 6069 6310 6117
12835 2 2 0 25 6123 6216 6067
12836 2 2 0 25 6128 6142 6078
12837 2 2 0 25 6085 6311 6213
12838 2 2 0 25 6056 6213 6141
12839 2 2 0 25 6130 6272 6194
12840 2 2 0 25 6114 6313 6195
12841 2 2 0 25 6113 6312 6192
12842 2 2 0 25 6133 6270 615
12843 2 2 0 25 6132 6269 675
12844 2 2 0 25 6134 6268 645
12845 2 2 0 25 6135 6267 825
12846 2 2 0 25 6129 6211 6058
12847 2 2 0 25 6013 6227 6218
12848 2 2 0 25 6126 6214 6057
12849 2 2 0 25 6119 6288 612
12850 2 2 0 25 6118 6286 672
12851 2 2 0 25 6120 6285 642
12852 2 2 0 25 6121 6287 822
12853 2 2 0 25 615 6270 616
12854 2 2 0 25 675 6269 676
12855 2 2 0 25 645 6268 646
12856 2 2 0 25 825 6267 826
12857 2 2 0 25 6049 6246 6162
12858 2 2 0 25 6048 6247 6161
12859 2 2 0 25 6051 6248 6163
12860 2 2 0 25 6053 6249 6164
12861 2 2 0 25 6218 6227 6086
12862 2 2 0 25 6039 6292 6193
12863 2 2 0 25 826 6167 827
12864 2 2 0 25 646 6168 647
12865 2 2 0 25 676 6169 677
12866 2 2 0 25 616 6170 617
12867 2 2 0 25 6122 6197 6018
12868 2 2 0 25 6236 6278 6041
12869 2 2 0 25 6195 6313 6046
12870 2 2 0 25 6048 6306 6171
12871 2 2 0 25 6049 6307 6172
12872 2 2 0 25 6051 6308 6173
12873 2 2 0 25 6053 6309 6174
12874 2 2 0 25 6097 6286 6118
12875 2 2 0 25 6098 6285 6120
12876 2 2 0 25 6099 6287 6121
12877 2 2 0 25 6050 6201 6154
12878 2 2 0 25 6052 6200 6153
12879 2 2 0 25 6054 6198 6151
12880 2 2 0 25 6055 6199 6152
12881 2 2 0 25 6022 6323 6263
12882 2 2 0 25 6023 6324 6264
12883 2 2 0 25 6024 6325 6265
12884 2 2 0 25 6025 6326 6266
12885 2 2 0 25 6013 6218 6157
12886 2 2 0 25 6157 6218 6078
12887 2 2 0 25 6096 6276 6189
12888 2 2 0 25 6018 6305 6141
12889 2 2 0 25 6228 6323 6022
12890 2 2 0 25 6229 6324 6023
12891 2 2 0 25 6230 6325 6024
12892 2 2 0 25 6231 6326 6025
12893 2 2 0 25 6133 6181 6043
12894 2 2 0 25 6132 6180 6042
12895 2 2 0 25 6134 6182 6044
12896 2 2 0 25 6135 6183 6045
12897 2 2 0 25 672 6247 6118
12898 2 2 0 25 612 6246 6119
12899 2 2 0 25 642 6248 6120
12900 2 2 0 25 822 6249 6121
12901 2 2 0 25 6202 6228 6087
12902 2 2 0 25 6059 6228 6202
12903 2 2 0 25 6203 6229 6088
12904 2 2 0 25 6060 6229 6203
12905 2 2 0 25 6205 6230 6089
12906 2 2 0 25 6061 6230 6205
12907 2 2 0 25 6206 6231 6092
12908 2 2 0 25 6062 6231 6206
12909 2 2 0 25 6057 6217 6126
12910 2 2 0 25 6156 6280 6020
12911 2 2 0 25 678 6151 679
12912 2 2 0 25 618 6152 619
12913 2 2 0 25 648 6153 649
12914 2 2 0 25 828 6154 829
12915 2 2 0 25 6123 6303 6045
12916 2 2 0 25 6213 6271 6141
12917 2 2 0 25 6192 6312 6016
12918 2 2 0 25 6040 6241 6131
12919 2 2 0 25 6030 6279 6189
12920 2 2 0 25 6189 6279 6110
12921 2 2 0 25 6130 6243 6019
12922 2 2 0 25 6189 6276 6030
12923 2 2 0 25 6147 6263 6050
12924 2 2 0 25 6148 6264 6052
12925 2 2 0 25 6149 6265 6054
12926 2 2 0 25 6150 6266 6055
12927 2 2 0 25 6143 6273 6048
12928 2 2 0 25 6144 6274 6051
12929 2 2 0 25 6145 6275 6053
12930 2 2 0 25 6065 6244 6122
12931 2 2 0 25 6235 6252 6082
12932 2 2 0 25 6083 6251 6122
12933 2 2 0 25 619 6199 620
12934 2 2 0 25 679 6198 680
12935 2 2 0 25 649 6200 650
12936 2 2 0 25 829 6201 830
12937 2 2 0 25 6015 6260 6221
12938 2 2 0 25 6067 6303 6123
12939 2 2 0 25 6095 6322 6146
12940 2 2 0 25 6165 6166 6077
12941 2 2 0 25 6047 6166 6165
12942 2 2 0 25 6129 6258 6211
12943 2 2 0 25 6129 6225 6015
12944 2 2 0 25 6126 6259 6214
12945 2 2 0 25 6058 6225 6129
12946 2 2 0 25 6131 6241 6063
12947 2 2 0 25 6126 6217 6017
12948 2 2 0 25 6041 6322 6128
12949 2 2 0 25 6195 6277 6114
12950 2 2 0 25 612 6288 613
12951 2 2 0 25 672 6286 673
12952 2 2 0 25 642 6285 643
12953 2 2 0 25 822 6287 823
12954 2 2 0 25 6045 6191 6136
12955 2 2 0 25 6030 6179 6137
12956 2 2 0 25 6278 6290 6108
12957 2 2 0 25 6146 6322 6041
12958 2 2 0 25 6078 6282 6128
12959 2 2 0 25 6128 6282 6038
12960 2 2 0 25 6142 6254 6078
12961 2 2 0 25 6069 6237 6220
12962 2 2 0 25 6070 6238 6221
12963 2 2 0 25 6071 6239 6222
12964 2 2 0 25 6072 6240 6223
12965 2 2 0 25 6059 6316 6176
12966 2 2 0 25 6176 6318 6059
12967 2 2 0 25 6175 6317 6060
12968 2 2 0 25 6060 6320 6175
12969 2 2 0 25 6178 6314 6061
12970 2 2 0 25 6177 6315 6062
12971 2 2 0 25 6061 6319 6178
12972 2 2 0 25 6062 6321 6177
12973 2 2 0 25 6100 6296 6154
12974 2 2 0 25 6101 6295 6153
12975 2 2 0 25 6102 6294 6151
12976 2 2 0 25 6103 6293 6152
12977 2 2 0 25 6226 6257 6080
12978 2 2 0 25 6125 6328 6020
12979 2 2 0 25 6063 6255 6227
12980 2 2 0 25 6155 6289 6083
12981 2 2 0 25 6146 6278 6108
12982 2 2 0 25 6190 6217 6057
12983 2 2 0 25 6212 6255 6063
12984 2 2 0 25 6028 6254 6142
12985 2 2 0 25 6058 6243 6130
12986 2 2 0 25 6233 6251 6032
12987 2 2 0 25 6116 6298 6289
12988 2 2 0 25 6202 6316 6059
12989 2 2 0 25 6205 6319 6061
12990 2 2 0 25 6059 6318 6204
12991 2 2 0 25 6203 6320 6060
12992 2 2 0 25 6060 6317 6207
12993 2 2 0 25 6206 6321 6062
12994 2 2 0 25 6061 6314 6208
12995 2 2 0 25 6062 6315 6209
12996 2 2 0 25 6028 6252 6235
12997 2 2 0 25 6040 6289 6155
12998 2 2 0 25 6042 6244 6132
12999 2 2 0 25 6132 6244 6065
13000 2 2 0 25 6063 6245 6131
13001 2 2 0 25 6030 6276 6179
13002 2 2 0 25 6210 6235 6082
13003 2 2 0 25 6085 6253 6127
13004 2 2 0 25 6195 6253 6085
13005 2 2 0 25 6046 6253 6195
13006 2 2 0 25 6076 6259 6126
13007 2 2 0 25 6077 6272 6130
13008 2 2 0 25 6128 6322 6142
13009 2 2 0 25 6127 6311 6085
13010 2 2 0 25 6131 6245 6037
13011 2 2 0 25 646 6268 6168
13012 2 2 0 25 676 6269 6169
13013 2 2 0 25 616 6270 6170
13014 2 2 0 25 826 6267 6167
13015 2 2 0 25 6257 6329 6080
13016 2 2 0 25 6074 6258 6129
13017 2 2 0 25 6084 6278 6236
13018 2 2 0 25 6151 6198 679
13019 2 2 0 25 6152 6199 619
13020 2 2 0 25 6153 6200 649
13021 2 2 0 25 6154 6201 829
13022 2 2 0 25 6046 6196 6160
13023 2 2 0 25 6159 6227 6013
13024 2 2 0 25 6014 6277 6195
13025 2 2 0 25 6158 6213 6056
13026 2 2 0 25 6166 6304 6037
13027 2 2 0 25 6137 6279 6030
13028 2 2 0 25 6079 6279 6137
13029 2 2 0 25 6213 6311 6026
13030 2 2 0 25 6289 6298 6083
13031 2 2 0 25 6063 6227 6159
13032 2 2 0 25 6160 6253 6046
13033 2 2 0 25 6194 6225 6058
13034 2 2 0 25 6095 6217 6190
13035 2 2 0 25 6063 6241 6212
13036 2 2 0 25 6211 6258 6036
13037 2 2 0 25 6084 6290 6278
13038 2 2 0 25 6214 6259 6034
13039 2 2 0 25 6194 6272 6027
13040 2 2 0 25 641 6248 642
13041 2 2 0 25 821 6249 822
13042 2 2 0 25 671 6247 672
13043 2 2 0 25 611 6246 612
13044 2 2 0 25 6196 6313 6105
13045 2 2 0 25 6065 6233 6169
13046 2 2 0 25 6169 6233 6102
13047 2 2 0 25 6066 6234 6170
13048 2 2 0 25 6170 6234 6103
13049 2 2 0 25 6068 6232 6168
13050 2 2 0 25 6168 6232 6101
13051 2 2 0 25 6065 6269 6132
13052 2 2 0 25 6066 6270 6133
13053 2 2 0 25 6068 6268 6134
13054 2 2 0 25 6067 6267 6135
13055 2 2 0 25 6043 6261 6133
13056 2 2 0 25 6044 6262 6134
13057 2 2 0 25 6147 6237 6022
13058 2 2 0 25 6148 6238 6023
13059 2 2 0 25 6149 6239 6024
13060 2 2 0 25 6150 6240 6025
13061 2 2 0 25 6135 6303 6067
13062 2 2 0 25 6133 6261 6066
13063 2 2 0 25 6134 6262 6068
13064 2 2 0 25 6013 6281 6159
13065 2 2 0 25 6159 6281 6080
13066 2 2 0 25 6046 6313 6196
13067 2 2 0 25 6047 6304 6166
13068 2 2 0 25 6104 6225 6194
13069 2 2 0 25 6141 6271 6081
13070 2 2 0 25 6080 6329 6159
13071 2 2 0 25 6154 6296 6050
13072 2 2 0 25 6153 6295 6052
13073 2 2 0 25 6151 6294 6054
13074 2 2 0 25 6152 6293 6055
13075 2 2 0 25 6022 6237 6171
13076 2 2 0 25 6171 6237 6069
13077 2 2 0 25 6023 6238 6172
13078 2 2 0 25 6172 6238 6070
13079 2 2 0 25 6173 6239 6071
13080 2 2 0 25 6024 6239 6173
13081 2 2 0 25 6174 6240 6072
13082 2 2 0 25 6025 6240 6174
13083 2 2 0 25 6045 6303 6135
13084 2 2 0 25 6137 6260 6079
13085 2 2 0 25 6159 6245 6063
13086 2 2 0 25 6276 6288 6119
13087 2 2 0 25 6096 6288 6276
13088 2 2 0 25 6192 6304 6047
13089 2 2 0 25 6067 6242 6167
13090 2 2 0 25 6082 6252 6156
13091 2 2 0 25 6035 6242 6216
13092 2 2 0 25 6139 6261 6043
13093 2 2 0 25 6140 6262 6044
13094 2 2 0 25 823 6302 824
13095 2 2 0 25 643 6301 644
13096 2 2 0 25 673 6300 674
13097 2 2 0 25 613 6299 614
13098 2 2 0 25 6073 6297 6277
13099 2 2 0 25 6167 6242 6100
13100 2 2 0 25 668 6316 669
13101 2 2 0 25 638 6319 639
13102 2 2 0 25 608 6320 609
13103 2 2 0 25 651 6317 652
13104 2 2 0 25 831 6318 832
13105 2 2 0 25 621 6315 622
13106 2 2 0 25 681 6314 682
13107 2 2 0 25 818 6321 819
13108 2 2 0 25 6107 6243 6211
13109 2 2 0 25 6211 6243 6058
13110 2 2 0 25 6022 6263 6147
13111 2 2 0 25 6023 6264 6148
13112 2 2 0 25 6024 6265 6149
13113 2 2 0 25 6025 6266 6150
13114 2 2 0 25 6193 6292 6079
13115 2 2 0 25 6080 6281 6138
13116 2 2 0 25 6029 6273 6143
13117 2 2 0 25 6031 6274 6144
13118 2 2 0 25 6033 6275 6145
13119 2 2 0 25 6044 6284 6140
13120 2 2 0 25 6043 6283 6139
13121 2 2 0 25 6078 6254 6157
13122 2 2 0 25 6166 6257 6077
13123 2 2 0 25 6037 6257 6166
13124 2 2 0 25 6020 6328 6156
13125 2 2 0 25 6156 6328 6082
13126 2 2 0 25 6064 6235 6210
13127 2 2 0 25 6161 6247 671
13128 2 2 0 25 6162 6246 611
13129 2 2 0 25 6163 6248 641
13130 2 2 0 25 6164 6249 821
13131 2 2 0 25 6041 6278 6146
13132 2 2 0 25 6212 6271 6026
13133 2 2 0 25 6081 6271 6212
13134 2 2 0 25 6079 6260 6193
13135 2 2 0 25 6193 6260 6015
13136 2 2 0 25 6141 6305 6056
13137 2 2 0 25 6197 6244 6042
13138 2 2 0 25 6122 6244 6197
13139 2 2 0 25 6277 6297 6114
13140 2 2 0 25 6292 6327 6125
13141 2 2 0 25 6039 6327 6292
13142 2 2 0 25 6216 6242 6067
13143 2 2 0 25 6212 6241 6081
13144 2 2 0 25 6235 6254 6028
13145 2 2 0 25 6142 6322 6095
13146 2 2 0 25 6116 6289 6215
13147 2 2 0 25 6057 6280 6156
13148 2 2 0 25 6167 6267 6067
13149 2 2 0 25 6168 6268 6068
13150 2 2 0 25 6169 6269 6065
13151 2 2 0 25 6170 6270 6066
13152 2 2 0 25 6190 6252 6028
13153 2 2 0 25 6186 6256 6075
13154 2 2 0 25 6032 6256 6186
13155 2 2 0 25 6017 6291 6223
13156 2 2 0 25 6185 6258 6074
13157 2 2 0 25 6036 6258 6185
13158 2 2 0 25 6187 6259 6076
13159 2 2 0 25 6034 6259 6187
13160 2 2 0 25 6220 6310 6069
13161 2 2 0 25 6222 6312 6071
13162 2 2 0 25 6159 6329 6245
13163 2 2 0 25 6035 6297 6184
13164 2 2 0 25 6226 6272 6077
13165 2 2 0 25 6073 6277 6220
13166 2 2 0 25 6227 6255 6086
13167 2 2 0 25 6026 6255 6212
13168 2 2 0 25 6263 6323 6090
13169 2 2 0 25 6264 6324 6091
13170 2 2 0 25 6265 6325 6093
13171 2 2 0 25 6266 6326 6094
13172 2 2 0 25 6171 6306 6022
13173 2 2 0 25 6172 6307 6023
13174 2 2 0 25 6173 6308 6024
13175 2 2 0 25 6174 6309 6025
13176 2 2 0 25 6188 6284 6044
13177 2 2 0 25 6189 6283 6043
13178 2 2 0 25 6109 6284 6188
13179 2 2 0 25 6110 6283 6189
13180 2 2 0 25 644 6301 6182
13181 2 2 0 25 824 6302 6183
13182 2 2 0 25 674 6300 6180
13183 2 2 0 25 614 6299 6181
13184 2 2 0 25 6077 6257 6226
13185 2 2 0 25 6204 6323 6059
13186 2 2 0 25 6090 6323 6204
13187 2 2 0 25 6207 6324 6060
13188 2 2 0 25 6091 6324 6207
13189 2 2 0 25 6208 6325 6061
13190 2 2 0 25 6093 6325 6208
13191 2 2 0 25 6209 6326 6062
13192 2 2 0 25 6094 6326 6209
13193 2 2 0 25 6224 6305 6111
13194 2 2 0 25 6056 6305 6224
13195 2 2 0 25 6054 6294 6186
13196 2 2 0 25 6055 6293 6187
13197 2 2 0 25 6052 6295 6185
13198 2 2 0 25 6050 6296 6184
13199 2 2 0 25 6184 6297 6073
13200 2 2 0 25 6181 6299 6096
13201 2 2 0 25 6180 6300 6097
13202 2 2 0 25 6182 6301 6098
13203 2 2 0 25 6183 6302 6099
13204 2 2 0 25 6026 6271 6213
13205 2 2 0 25 6175 6320 608
13206 2 2 0 25 6176 6316 668
13207 2 2 0 25 832 6318 6176
13208 2 2 0 25 652 6317 6175
13209 2 2 0 25 6177 6321 818
13210 2 2 0 25 6178 6319 638
13211 2 2 0 25 682 6314 6178
13212 2 2 0 25 622 6315 6177
13213 2 2 0 25 6214 6280 6057
13214 2 2 0 25 6106 6280 6214
13215 2 2 0 25 6027 6272 6226
13216 2 2 0 25 6112 6304 6192
13217 2 2 0 25 6220 6277 6014
13218 2 2 0 25 6218 6282 6078
13219 2 2 0 25 6215 6289 6040
13220 2 2 0 25 6210 6327 6039
13221 2 2 0 25 6082 6327 6210
13222 2 2 0 25 6223 6291 6072
13223 2 2 0 25 669 6316 6202
13224 2 2 0 25 609 6320 6203
13225 2 2 0 25 639 6319 6205
13226 2 2 0 25 6204 6318 831
13227 2 2 0 25 819 6321 6206
13228 2 2 0 25 6207 6317 651
13229 2 2 0 25 6208 6314 681
13230 2 2 0 25 6209 6315 621
13231 2 2 0 25 6022 6306 6228
13232 2 2 0 25 6023 6307 6229
13233 2 2 0 25 6024 6308 6230
13234 2 2 0 25 6025 6309 6231
13235 2 2 0 25 6014 6310 6220
13236 2 2 0 25 6016 6312 6222
13237 2 2 0 25 6228 6306 6087
13238 2 2 0 25 6229 6307 6088
13239 2 2 0 25 6230 6308 6089
13240 2 2 0 25 6231 6309 6092
13241 2 2 0 25 6256 6298 6116
13242 2 2 0 25 6059 6323 6228
13243 2 2 0 25 6060 6324 6229
13244 2 2 0 25 6061 6325 6230
13245 2 2 0 25 6062 6326 6231
13246 2 2 0 25 6251 6298 6032
13247 2 2 0 25 6083 6298 6251
13248 2 2 0 25 6032 6298 6256
13249 2 2 0 25 6245 6329 6037
13250 2 2 0 25 6096 6299 6288
13251 2 2 0 25 6097 6300 6286
13252 2 2 0 25 6098 6301 6285
13253 2 2 0 25 6099 6302 6287
13254 2 2 0 25 6037 6329 6257
13255 2 2 0 25 6286 6300 673
13256 2 2 0 25 6288 6299 613
13257 2 2 0 25 6285 6301 643
13258 2 2 0 25 6287 6302 823
13259 2 2 0 25 6327 6328 6125
13260 2 2 0 25 6082 6328 6327
$EndElements
