$MeshFormat
2.2 0 8
$EndMeshFormat
$Nodes
6684
1 0 0 0
2 1 0 0
3 1 1 0
4 0 1 0
5 0.0166666666666352 0 0
6 0.03333333333326933 0 0
7 0.0499999999998994 0 0
8 0.0666666666665325 0 0
9 0.083333333333173 0 0
10 0.09999999999981414 0 0
11 0.1166666666664553 0 0
12 0.1333333333330848 0 0
13 0.1499999999997029 0 0
14 0.1666666666663209 0 0
15 0.1833333333329389 0 0
16 0.1999999999995569 0 0
17 0.216666666666175 0 0
18 0.2333333333327929 0 0
19 0.2499999999994109 0 0
20 0.266666666666029 0 0
21 0.283333333332647 0 0
22 0.299999999999265 0 0
23 0.316666666665883 0 0
24 0.3333333333325011 0 0
25 0.3499999999991191 0 0
26 0.3666666666657371 0 0
27 0.3833333333323551 0 0
28 0.3999999999989731 0 0
29 0.4166666666655911 0 0
30 0.4333333333322092 0 0
31 0.4499999999988272 0 0
32 0.4666666666654452 0 0
33 0.4833333333320632 0 0
34 0.4999999999986921 0 0
35 0.5166666666653918 0 0
36 0.5333333333321025 0 0
37 0.5499999999988131 0 0
38 0.5666666666655237 0 0
39 0.5833333333322344 0 0
40 0.599999999998945 0 0
41 0.6166666666656556 0 0
42 0.6333333333323662 0 0
43 0.6499999999990769 0 0
44 0.6666666666657876 0 0
45 0.6833333333324981 0 0
46 0.6999999999992088 0 0
47 0.7166666666659194 0 0
48 0.73333333333263 0 0
49 0.7499999999993406 0 0
50 0.7666666666660513 0 0
51 0.7833333333327619 0 0
52 0.7999999999994725 0 0
53 0.8166666666661831 0 0
54 0.8333333333328937 0 0
55 0.8499999999996044 0 0
56 0.8666666666663151 0 0
57 0.8833333333330255 0 0
58 0.8999999999997362 0 0
59 0.9166666666664469 0 0
60 0.9333333333331575 0 0
61 0.9499999999998682 0 0
62 0.9666666666665787 0 0
63 0.9833333333332894 0 0
64 1 0.01111111111109007 0
65 1 0.02222222222218031 0
66 1 0.03333333333326933 0
67 1 0.0444444444443562 0
68 1 0.05555555555544273 0
69 1 0.0666666666665325 0
70 1 0.07777777777762594 0
71 1 0.08888888888872004 0
72 1 0.09999999999981413 0
73 1 0.1111111111109082 0
74 1 0.1222222222220006 0
75 1 0.1333333333330848 0
76 1 0.1444444444441635 0
77 1 0.1555555555552422 0
78 1 0.1666666666663209 0
79 1 0.1777777777773995 0
80 1 0.1888888888884782 0
81 1 0.1999999999995569 0
82 1 0.2111111111106356 0
83 1 0.2222222222217143 0
84 1 0.2333333333327929 0
85 1 0.2444444444438716 0
86 1 0.2555555555549502 0
87 1 0.266666666666029 0
88 1 0.2777777777771076 0
89 1 0.2888888888881863 0
90 1 0.299999999999265 0
91 1 0.3111111111103437 0
92 1 0.3222222222214223 0
93 1 0.333333333332501 0
94 1 0.3444444444435797 0
95 1 0.3555555555546583 0
96 1 0.3666666666657371 0
97 1 0.3777777777768157 0
98 1 0.3888888888878944 0
99 1 0.3999999999989731 0
100 1 0.4111111111100518 0
101 1 0.4222222222211304 0
102 1 0.4333333333322091 0
103 1 0.4444444444432878 0
104 1 0.4555555555543664 0
105 1 0.4666666666654452 0
106 1 0.4777777777765238 0
107 1 0.4888888888876025 0
108 1 0.499999999998692 0
109 1 0.5111111111098217 0
110 1 0.522222222220962 0
111 1 0.5333333333321025 0
112 1 0.5444444444432428 0
113 1 0.5555555555543833 0
114 1 0.5666666666655237 0
115 1 0.5777777777766642 0
116 1 0.5888888888878044 0
117 1 0.5999999999989449 0
118 1 0.6111111111100853 0
119 1 0.6222222222212258 0
120 1 0.6333333333323662 0
121 1 0.6444444444435066 0
122 1 0.655555555554647 0
123 1 0.6666666666657874 0
124 1 0.6777777777769279 0
125 1 0.6888888888880682 0
126 1 0.6999999999992087 0
127 1 0.7111111111103491 0
128 1 0.7222222222214896 0
129 1 0.73333333333263 0
130 1 0.7444444444437703 0
131 1 0.7555555555549107 0
132 1 0.7666666666660512 0
133 1 0.7777777777771916 0
134 1 0.788888888888332 0
135 1 0.7999999999994724 0
136 1 0.8111111111106128 0
137 1 0.8222222222217532 0
138 1 0.8333333333328937 0
139 1 0.8444444444440341 0
140 1 0.8555555555551745 0
141 1 0.866666666666315 0
142 1 0.8777777777774554 0
143 1 0.8888888888885957 0
144 1 0.8999999999997361 0
145 1 0.9111111111108766 0
146 1 0.922222222222017 0
147 1 0.9333333333331575 0
148 1 0.9444444444442978 0
149 1 0.9555555555554383 0
150 1 0.9666666666665786 0
151 1 0.9777777777777191 0
152 1 0.9888888888888595 0
153 0.9833333333332639 1 0
154 0.9666666666665279 1 0
155 0.9499999999997918 1 0
156 0.9333333333330558 1 0
157 0.9166666666663197 1 0
158 0.8999999999995836 1 0
159 0.8833333333328475 1 0
160 0.866666666666204 1 0
161 0.849999999999653 1 0
162 0.833333333333102 1 0
163 0.816666666666551 1 0
164 0.8 1 0
165 0.783333333333449 1 0
166 0.766666666666898 1 0
167 0.7500000000003469 1 0
168 0.7333333333337959 1 0
169 0.7166666666672448 1 0
170 0.7000000000006938 1 0
171 0.6833333333341427 1 0
172 0.6666666666675918 1 0
173 0.6500000000010406 1 0
174 0.6333333333344895 1 0
175 0.6166666666679386 1 0
176 0.6000000000013874 1 0
177 0.5833333333348363 1 0
178 0.5666666666682854 1 0
179 0.5500000000017342 1 0
180 0.5333333333351832 1 0
181 0.5166666666686321 1 0
182 0.5000000000020595 1 0
183 0.483333333335345 1 0
184 0.466666666668609 1 0
185 0.450000000001873 1 0
186 0.4333333333351369 1 0
187 0.4166666666684009 1 0
188 0.4000000000016649 1 0
189 0.3833333333349288 1 0
190 0.3666666666681927 1 0
191 0.3500000000014567 1 0
192 0.3333333333347207 1 0
193 0.3166666666679846 1 0
194 0.3000000000012486 1 0
195 0.2833333333345126 1 0
196 0.2666666666677765 1 0
197 0.2500000000010405 1 0
198 0.2333333333343045 1 0
199 0.2166666666675684 1 0
200 0.2000000000008324 1 0
201 0.1833333333340964 1 0
202 0.1666666666673603 1 0
203 0.1500000000006243 1 0
204 0.1333333333338883 1 0
205 0.1166666666671521 1 0
206 0.1000000000004161 1 0
207 0.08333333333368009 1 0
208 0.06666666666694399 1 0
209 0.05000000000020799 1 0
210 0.03333333333347199 1 0
211 0.016666666666736 1 0
212 0 0.9888888888888426 0
213 0 0.9777777777776853 0
214 0 0.9666666666665279 0
215 0 0.9555555555553705 0
216 0 0.9444444444442132 0
217 0 0.9333333333330558 0
218 0 0.9222222222218983 0
219 0 0.9111111111107409 0
220 0 0.8999999999995836 0
221 0 0.8888888888884262 0
222 0 0.8777777777772828 0
223 0 0.866666666666204 0
224 0 0.8555555555551699 0
225 0 0.844444444444136 0
226 0 0.833333333333102 0
227 0 0.822222222222068 0
228 0 0.811111111111034 0
229 0 0.8 0
230 0 0.788888888888966 0
231 0 0.777777777777932 0
232 0 0.766666666666898 0
233 0 0.755555555555864 0
234 0 0.7444444444448299 0
235 0 0.7333333333337959 0
236 0 0.7222222222227619 0
237 0 0.7111111111117279 0
238 0 0.7000000000006938 0
239 0 0.6888888888896598 0
240 0 0.6777777777786258 0
241 0 0.6666666666675918 0
242 0 0.6555555555565576 0
243 0 0.6444444444455236 0
244 0 0.6333333333344896 0
245 0 0.6222222222234555 0
246 0 0.6111111111124214 0
247 0 0.6000000000013874 0
248 0 0.5888888888903534 0
249 0 0.5777777777793194 0
250 0 0.5666666666682854 0
251 0 0.5555555555572513 0
252 0 0.5444444444462173 0
253 0 0.5333333333351833 0
254 0 0.5222222222241493 0
255 0 0.5111111111131151 0
256 0 0.5000000000020595 0
257 0 0.4888888888909237 0
258 0 0.4777777777797664 0
259 0 0.466666666668609 0
260 0 0.4555555555574516 0
261 0 0.4444444444462943 0
262 0 0.433333333335137 0
263 0 0.4222222222239795 0
264 0 0.4111111111128222 0
265 0 0.4000000000016649 0
266 0 0.3888888888905075 0
267 0 0.3777777777793502 0
268 0 0.3666666666681927 0
269 0 0.3555555555570354 0
270 0 0.3444444444458781 0
271 0 0.3333333333347207 0
272 0 0.3222222222235634 0
273 0 0.311111111112406 0
274 0 0.3000000000012486 0
275 0 0.2888888888900912 0
276 0 0.277777777778934 0
277 0 0.2666666666677766 0
278 0 0.2555555555566191 0
279 0 0.2444444444454619 0
280 0 0.2333333333343045 0
281 0 0.2222222222231471 0
282 0 0.2111111111119899 0
283 0 0.2000000000008324 0
284 0 0.188888888889675 0
285 0 0.1777777777785177 0
286 0 0.1666666666673604 0
287 0 0.155555555556203 0
288 0 0.1444444444450456 0
289 0 0.1333333333338883 0
290 0 0.1222222222227309 0
291 0 0.1111111111115736 0
292 0 0.1000000000004162 0
293 0 0.08888888888925883 0
294 0 0.07777777777810146 0
295 0 0.0666666666669441 0
296 0 0.05555555555578684 0
297 0 0.04444444444462947 0
298 0 0.03333333333347199 0
299 0 0.02222222222231462 0
300 0 0.01111111111115737 0
301 0.4944444444464572 0.4944444444464947 0
302 0.7059808466367916 0.7079423425328848 0
303 0.7076923076920609 0.2944444444437251 0
304 0.2918328773579254 0.7061921411975023 0
305 0.2876404494393776 0.2944444444456697 0
306 0.7849875781496456 0.5061716587892808 0
307 0.2132182265574381 0.5072580707558794 0
308 0.4974567572468017 0.2212423468805281 0
309 0.4985186093651753 0.7771839951877837 0
310 0.8277088407026296 0.1699563523112266 0
311 0.172359344838224 0.8299768436785246 0
312 0.169733491502206 0.1722222222229389 0
313 0.8331898582725106 0.8170387770683583 0
314 0.8467735438084867 0.3603763779558652 0
315 0.8498239907899621 0.6388495059560856 0
316 0.1486209622951605 0.6388888888900081 0
317 0.1495347334983298 0.3726069438473423 0
318 0.6379748526292742 0.5610626362235773 0
319 0.3489484026653308 0.4339097563455959 0
320 0.4361163843759306 0.6395915956529172 0
321 0.6381062497801464 0.1554061747725854 0
322 0.3561104004446745 0.1564448948099201 0
323 0.6396052726075891 0.844510925646399 0
324 0.3585177726851707 0.8454355930918221 0
325 0.5674885415253108 0.3583233456548576 0
326 0.8897165594734426 0.4600524253151674 0
327 0.1078492755692329 0.5388888888907 0
328 0.1093464629525513 0.7362621190763671 0
329 0.1071266631704593 0.272417535778092 0
330 0.891248134549433 0.2611111111104893 0
331 0.6825107761673104 0.4233303750098673 0
332 0.3190465088171003 0.5800293367034018 0
333 0.899153553572879 0.7277777777770613 0
334 0.4155531175098881 0.3203175886455347 0
335 0.5761362128105456 0.6805091677888997 0
336 0.897732010222369 0.8920813736564306 0
337 0.9020188058391305 0.1037380936415358 0
338 0.09903018943368179 0.8939066453535403 0
339 0.9048966872745654 0.5606590483821323 0
340 0.09830769739507447 0.1077037046208787 0
341 0.0903008429447289 0.4495679548699976 0
342 0.7474708803458171 0.6047579636118771 0
343 0.2503912437471822 0.406240377926934 0
344 0.7439705549626807 0.8873627201577409 0
345 0.7999232164767126 0.7225483838312966 0
346 0.5305348845793801 0.1126724225778238 0
347 0.3965288540020864 0.7390895607039618 0
348 0.4652533812192096 0.8887872831431052 0
349 0.7385470599787405 0.1136988607836124 0
350 0.08145205135574549 0.1937411920231346 0
351 0.2585232479284575 0.1088065144008843 0
352 0.2589265254037214 0.8878169447592033 0
353 0.6070829206278369 0.260814851324447 0
354 0.9187145975794792 0.8053544206119546 0
355 0.1997575301243346 0.7167341592700291 0
356 0.8007594088656785 0.2828191697906894 0
357 0.1963718636010645 0.2944417221424984 0
358 0.9214185065582148 0.3831926585945511 0
359 0.9207259807727823 0.1832895209388019 0
360 0.07928040669139372 0.8166822550504133 0
361 0.2290830971290749 0.595703823804831 0
362 0.7747232952662989 0.4135720278130071 0
363 0.7425314162098401 0.210746581549941 0
364 0.592668436599333 0.4731835288290903 0
365 0.07641414622227133 0.6165400364052477 0
366 0.07586801030074719 0.3500000000014565 0
367 0.7419569281894247 0.7927912264932072 0
368 0.518700492161143 0.5920959862993405 0
369 0.2551318021150848 0.7881708155144937 0
370 0.928509543226408 0.6501263319059628 0
371 0.2599691102197922 0.2046264230679915 0
372 0.3984385953407233 0.5214698584083542 0
373 0.4762324411714751 0.3949478220932195 0
374 0.5603107702667824 0.9018744652699271 0
375 0.4359571231218445 0.1001461406822521 0
376 0.6279229121736263 0.7533428813921746 0
377 0.3642286458546997 0.2458070000177801 0
378 0.932658118482268 0.3166666666658831 0
379 0.06760782152950123 0.6824370123926928 0
380 0.1672392309312562 0.445806552345558 0
381 0.8299306189252967 0.5663163428570944 0
382 0.6995866359406817 0.5053668781550217 0
383 0.8190016017825705 0.08856462392473932 0
384 0.2979827075325708 0.4989909826099872 0
385 0.1787776662785011 0.909822966561562 0
386 0.1776776762758795 0.09087140936111258 0
387 0.4994495431809793 0.3087747123732139 0
388 0.9365422694779628 0.5055555555542562 0
389 0.4966492710934619 0.6977174812201428 0
390 0.6527199036338763 0.6430773657782402 0
391 0.6515420401526908 0.347051817627389 0
392 0.3538343772453718 0.6530741551640571 0
393 0.8211978187837141 0.9168238809546059 0
394 0.3422373113920862 0.35469880223372 0
395 0.7651474663584221 0.342126005507409 0
396 0.05949097412721189 0.5046685060344152 0
397 0.1640442264987318 0.5736669245177801 0
398 0.6694967876776172 0.9192434354766541 0
399 0.4224333062788128 0.193144878015207 0
400 0.6046584458000217 0.08220649520441201 0
401 0.9394826177475902 0.9388888888887288 0
402 0.4274334424427383 0.8135808887717551 0
403 0.5730132407510145 0.8082652121693477 0
404 0.3912529908280966 0.9182937385566062 0
405 0.5686834788926652 0.1908255700977864 0
406 0.3314769086449558 0.07960100526261343 0
407 0.9408066216835799 0.06111111111098762 0
408 0.05919000700948027 0.9388888888886331 0
409 0.9432134310956494 0.4392731067105992 0
410 0.3282084993459947 0.7709655436813041 0
411 0.05866050792995244 0.06088533650766276 0
412 0.8372706914292601 0.4245523519484787 0
413 0.05448051989026455 0.5607665776575559 0
414 0.05595941844021095 0.4055555555572437 0
415 0.943203829551883 0.2417358352376058 0
416 0.05412444636293623 0.2494251724756566 0
417 0.0563350550788627 0.7582729362679358 0
418 0.4260318014024149 0.4521848488464713 0
419 0.1635963478069901 0.237572579874266 0
420 0.8642171093898068 0.5162529632975745 0
421 0.7889454946453908 0.6570298312233411 0
422 0.2383654063948884 0.6666313416072511 0
423 0.672565830427146 0.230502648744027 0
424 0.943690685124603 0.8592294291312979 0
425 0.9454689734873518 0.599649616687687 0
426 0.4546168181307655 0.5688437354558368 0
427 0.2091912111092451 0.3561010520851694 0
428 0.9472813911810569 0.7055555555547794 0
429 0.05445300682866776 0.1388888888894669 0
430 0.9477554611533062 0.7611111111104777 0
431 0.5700497835304112 0.5384341008214844 0
432 0.9479043773181229 0.1388888888886242 0
433 0.05209506367359535 0.8611111111106864 0
434 0.1622064716911469 0.7673555317732923 0
435 0.05376896698530188 0.3010301807149746 0
436 0.6781405415794908 0.07256527427926997 0
437 0.8375999486866968 0.2323745024901056 0
438 0.152592249817942 0.5016157483273099 0
439 0.5418073884917778 0.4239808582205877 0
440 0.4003079203452153 0.3876151679592005 0
441 0.3866954720740134 0.5887509806217591 0
442 0.6171725671856769 0.4089172814727514 0
443 0.5541617495410577 0.7412707386316195 0
444 0.8489146866670587 0.7606978323405893 0
445 0.3191539763303999 0.9295523664961372 0
446 0.8771110429075302 0.3148594710915885 0
447 0.5929496860635977 0.6129047789576428 0
448 0.4409090851041051 0.2599724004316369 0
449 0.4791393878922312 0.1558982095110986 0
450 0.8515358648246606 0.6954086420629968 0
451 0.1484349117938227 0.6975307403078308 0
452 0.5182403756342373 0.8444321171039412 0
453 0.1217728752765494 0.324691677349582 0
454 0.6970625547492071 0.5690388826302359 0
455 0.2595686695317556 0.5445232270997689 0
456 0.9534081959400487 0.5493921846227996 0
457 0.2947200214531793 0.6364212530009726 0
458 0.7407164320127256 0.4658445981478836 0
459 0.7068761166344621 0.3674659990807919 0
460 0.6770240288878161 0.7946195318989113 0
461 0.1076230020109204 0.4047413987003723 0
462 0.2676101725560042 0.3484387659124826 0
463 0.2928517621269535 0.8405287946877416 0
464 0.8963547219222543 0.6109673667594132 0
465 0.6996865194863211 0.1605551796941917 0
466 0.5422581508318269 0.2648485952788452 0
467 0.2531377684094293 0.46274958414798 0
468 0.8800324800384171 0.8440539060323942 0
469 0.04452731653560214 0.4609481135656858 0
470 0.1173392355515532 0.5882550839582317 0
471 0.4874343282368859 0.06275209800083328 0
472 0.5054297117765305 0.9355472279200121 0
473 0.8293058244753178 0.4793743677841678 0
474 0.2420072152899373 0.2589465170916421 0
475 0.3241617637045134 0.2051331510628252 0
476 0.7756977374409321 0.5594414016207959 0
477 0.7748015279910082 0.8417569183796987 0
478 0.1186686318426835 0.1552011178638439 0
479 0.2264195178614557 0.8419224366308644 0
480 0.7714729454087862 0.1538963457454591 0
481 0.6517666650865409 0.4732076898291456 0
482 0.4555611852382269 0.7393968142014422 0
483 0.2264229642795843 0.1556682719386127 0
484 0.8769617756051438 0.1524039428783142 0
485 0.1226792244843432 0.8474589325787727 0
486 0.7095388194602261 0.6486073066734803 0
487 0.8835040815707715 0.416952553001631 0
488 0.7936192617718969 0.7773070692936012 0
489 0.6108592722043669 0.9380671331909043 0
490 0.3099674856443984 0.4021494333681191 0
491 0.8685192194118787 0.05886929953951375 0
492 0.1306785347964458 0.05821112594067326 0
493 0.1312763161028476 0.9411441358037458 0
494 0.6965142126531068 0.8501744448895281 0
495 0.6481574180614188 0.7005154424617567 0
496 0.1044264018075392 0.6535399176980353 0
497 0.9555942493127191 0.3547000273527033 0
498 0.7486686138623095 0.7364867208917596 0
499 0.8078234083125766 0.6115045571323234 0
500 0.3487079955745381 0.7097111370893558 0
501 0.7690907173079546 0.06057004329797588 0
502 0.2280589882078673 0.05810579376958116 0
503 0.228300558675162 0.9412872460903243 0
504 0.1899359335356184 0.401414434321792 0
505 0.3000146199967104 0.1488154228872223 0
506 0.1867378695301625 0.670260725321759 0
507 0.3460565309695713 0.2983030461500366 0
508 0.6509749062526106 0.293097278914221 0
509 0.04273720940621413 0.6484893525389859 0
510 0.1028117594324394 0.4937223853622087 0
511 0.7648497684139008 0.9404818672134179 0
512 0.7504769853413831 0.2589689405348721 0
513 0.3988688407686807 0.6841184076391295 0
514 0.9570760940535539 0.2810137845556818 0
515 0.344546051299888 0.5292843130474804 0
516 0.1178961710120756 0.7864421108885755 0
517 0.3882050644767096 0.06132239863545687 0
518 0.04280643611098352 0.7189697415906532 0
519 0.8683854401578667 0.9459548972362983 0
520 0.8822330152412864 0.2134953509301765 0
521 0.5295663987498122 0.6491493201160833 0
522 0.2491647482018448 0.7374452854991659 0
523 0.2056787011198565 0.2106294830958937 0
524 0.8341311989071544 0.8654567461144361 0
525 0.5861268313239006 0.1350946821442416 0
526 0.1298228593200669 0.2028745785015574 0
527 0.5523723088539296 0.05665529116793293 0
528 0.809465986685332 0.3284445892149504 0
529 0.04069710825081221 0.205130652582954 0
530 0.4431758741954462 0.9438514650279487 0
531 0.8468026984164797 0.2785637436217036 0
532 0.4111380763087625 0.8657248056848172 0
533 0.6000414349672519 0.3136954531666055 0
534 0.7924158504827382 0.2085373694837344 0
535 0.8009794561474206 0.3748110328737461 0
536 0.3774566075447549 0.7927828345809413 0
537 0.8940715524398476 0.6832482991744691 0
538 0.9592915762056242 0.8166666666661834 0
539 0.9602686643442844 0.3942874624607276 0
540 0.9595022769319883 0.1944444444440177 0
541 0.04049693033592442 0.8055555555555137 0
542 0.2061472627282577 0.7928112478646983 0
543 0.2094633823243722 0.5541278528171536 0
544 0.1507957685645861 0.2891443939843149 0
545 0.6244382816112003 0.2075924681153304 0
546 0.8748078424601782 0.7969390591236334 0
547 0.1684491200990542 0.3299561112703389 0
548 0.04118749959968985 0.5982207676513371 0
549 0.03972845049912683 0.3702950932440442 0
550 0.4652211823674848 0.3439412201473071 0
551 0.2802588154219735 0.06084261620880939 0
552 0.1869347523059146 0.6136951314343974 0
553 0.5128236984674577 0.3582231056140886 0
554 0.9602854819288942 0.4740919671612035 0
555 0.4098852481632455 0.1437905680937995 0
556 0.960381382378922 0.6672757050646685 0
557 0.3008618922934673 0.4495621331431338 0
558 0.9570422631376057 0.9005118457404568 0
559 0.8888799642638328 0.35524330556573 0
560 0.2913024126747141 0.2418989538767704 0
561 0.7503307473500405 0.6898865703079697 0
562 0.21239470546792 0.4400942941585128 0
563 0.04171894910850153 0.09915182959034749 0
564 0.5859112223862388 0.8575999476063778 0
565 0.9584752256996251 0.09871147814884677 0
566 0.04152418599479399 0.9012878857103749 0
567 0.6226312061449792 0.5154902444025833 0
568 0.2418536730700114 0.3093160669165501 0
569 0.366892811382835 0.482964771677415 0
570 0.4831701957350888 0.6223103856733294 0
571 0.7418622249842377 0.5261141162705811 0
572 0.7874067222268416 0.4586051728970582 0
573 0.09372144852633409 0.233706960186154 0
574 0.9079404107852126 0.76706488508587 0
575 0.868468962220222 0.5793001793106211 0
576 0.5465398693340886 0.4933139942157415 0
577 0.5202536332266373 0.5397022459460478 0
578 0.726964084038628 0.4094160389848169 0
579 0.6760705676135018 0.7454104515804553 0
580 0.713469965281015 0.9472649768787023 0
581 0.1052436745732949 0.698023618355389 0
582 0.9631164116366263 0.6309869275068739 0
583 0.1267063783759223 0.4613318205861532 0
584 0.2752330940610637 0.5945719640691616 0
585 0.548126678306336 0.3143948233187062 0
586 0.822823716403338 0.5245201087355656 0
587 0.1415554313856668 0.114906999902225 0
588 0.4406529835701187 0.5003377887794209 0
589 0.3777891850677584 0.109807733615968 0
590 0.855500914809199 0.1159153499279335 0
591 0.4758398123028509 0.4487197666948686 0
592 0.4477146248235738 0.6916891938933299 0
593 0.323645672239625 0.880255421476192 0
594 0.6718849885661061 0.120037423433778 0
595 0.5298987175947432 0.1626855300015856 0
596 0.9021320025528681 0.5233395380631222 0
597 0.1437853317735513 0.8839811835673552 0
598 0.1464212904810184 0.4106324255675388 0
599 0.3772580728878518 0.1989393423837556 0
600 0.6183408094406341 0.8021082263140769 0
601 0.03428796531803065 0.3328680652238112 0
602 0.4681894534996917 0.8392407507651007 0
603 0.0353575755439298 0.5319430746312525 0
604 0.3980651910271454 0.2774386773924785 0
605 0.6244315062619268 0.8909578406137841 0
606 0.03595299802545707 0.169884397121736 0
607 0.110927416437952 0.3641246276381581 0
608 0.7918422185273821 0.882767259144425 0
609 0.6661147227211084 0.5988742694877548 0
610 0.444151973490502 0.0477572642101244 0
611 0.807959973513411 0.131205421235673 0
612 0.0904925130730513 0.3063838094631812 0
613 0.5964415558440126 0.7213821135332099 0
614 0.7202576187111529 0.04897799102043893 0
615 0.5526984291967838 0.9516226220391363 0
616 0.2767816622248815 0.9515420276298532 0
617 0.1921265297075812 0.8672387345805124 0
618 0.8878792973379981 0.6458765002477016 0
619 0.9242513981884014 0.469742252706375 0
620 0.7628353563792102 0.3006183050951491 0
621 0.9665582197340926 0.3166666666658831 0
622 0.9204334378125518 0.2825678369064143 0
623 0.6992614153596695 0.4630366842250752 0
624 0.1900407186461821 0.1335093070368277 0
625 0.03328035977987121 0.6833333333341427 0
626 0.145591747903133 0.5418744178481286 0
627 0.1747155663556496 0.04505899622589727 0
628 0.4820100280667394 0.1110857676006384 0
629 0.1752554013911705 0.9551349616133467 0
630 0.2006535874494962 0.2532869511276553 0
631 0.3018931669796908 0.5405282964097666 0
632 0.9678635699100104 0.516484562080189 0
633 0.03326603464660507 0.4300939535220401 0
634 0.255869118416614 0.503872807439378 0
635 0.4862755327067749 0.2637362494407946 0
636 0.2893668037498643 0.7488903955857376 0
637 0.9664074792510811 0.7331721481409452 0
638 0.03352558610983846 0.2749709511658219 0
639 0.8225321095744427 0.04480837042386908 0
640 0.96588988461742 0.9615504381963057 0
641 0.5403376141060783 0.6999610412281811 0
642 0.513841833694537 0.7385764321649481 0
643 0.639163740353767 0.04598475883668741 0
644 0.1866932695086211 0.4797193029759986 0
645 0.8271924223705354 0.6671028105984391 0
646 0.08231241447903775 0.5826607325984658 0
647 0.5151973345612628 0.8919189418354283 0
648 0.4543216359484852 0.3027521537695046 0
649 0.6624742246295319 0.5274325703135342 0
650 0.3573600614942092 0.9545985518812445 0
651 0.9663821219204474 0.03851202787074993 0
652 0.03361708300054168 0.9614881147874186 0
653 0.6860762548378559 0.3306728333711009 0
654 0.3501682340923229 0.6097400092781023 0
655 0.1448177000997579 0.7324769622040874 0
656 0.03351099239389142 0.03848151535571297 0
657 0.7490597327940638 0.6474559692979707 0
658 0.07866774485888733 0.7186094444684528 0
659 0.8579753076560133 0.9029395125820689 0
660 0.665783726477559 0.1891528792743148 0
661 0.3064154796513074 0.3315271850824048 0
662 0.9218731789938905 0.3504901384793436 0
663 0.4068820582201031 0.2343657015089079 0
664 0.709168300373761 0.251179660614578 0
665 0.7793547442304828 0.1033803881281461 0
666 0.3196531099527789 0.6703960322137139 0
667 0.6553274957849065 0.3912551960417791 0
668 0.9175106310598197 0.4169159651275097 0
669 0.3324958817500171 0.81241613332796 0
670 0.3909904773556349 0.631556770950082 0
671 0.9117736842894427 0.1478569176420451 0
672 0.7538580300972424 0.3804041773593987 0
673 0.7079082124411171 0.6080837848658649 0
674 0.08814108515169072 0.8521202142655122 0
675 0.7147970286186853 0.7626207466581673 0
676 0.6111895153862802 0.6510597237658592 0
677 0.5884708146345461 0.7684286473289187 0
678 0.3825724931433048 0.3516513353921414 0
679 0.9685170786109143 0.7862424836457892 0
680 0.6096757866081447 0.3671032684236681 0
681 0.3585417727791448 0.393300929830773 0
682 0.5392336255799992 0.2208756064435897 0
683 0.7368800402788653 0.836865368110163 0
684 0.2529262445238092 0.6264580916501049 0
685 0.07479892089609022 0.5350939731438378 0
686 0.03381803279423665 0.4900756474036098 0
687 0.9675157940343568 0.5773998395292347 0
688 0.91503888955738 0.84053832950032 0
689 0.4269257068198685 0.7700708288246593 0
690 0.2192584286543955 0.8961427244222675 0
691 0.2182669856879513 0.1041323492932246 0
692 0.2321770292632448 0.7019386214084244 0
693 0.4369312481370444 0.4108274073038761 0
694 0.08244204118068191 0.7811641728169214 0
695 0.11090020534305 0.6223085618721557 0
696 0.1282579480078366 0.2428873407238947 0
697 0.08108805759526812 0.1561801597895846 0
698 0.07940087670988125 0.3820294040519859 0
699 0.9160072396519818 0.2185697599524963 0
700 0.85616007340456 0.4546066330858748 0
701 0.9703955554043042 0.1641434306800082 0
702 0.5651676482448881 0.5805922393057269 0
703 0.02960423650588949 0.8358565196675525 0
704 0.2131898947654956 0.7550153309798826 0
705 0.07379359304122221 0.2775687797456451 0
706 0.8429788679339238 0.6043107820655474 0
707 0.1800889239348163 0.5283163358256755 0
708 0.7384564566819426 0.5695117467943654 0
709 0.9052199757554089 0.04015366948911733 0
710 0.3007527768761181 0.107382415026825 0
711 0.1483742229848927 0.604061447309017 0
712 0.854839753247096 0.395731193641971 0
713 0.09467876061393832 0.959942477600487 0
714 0.7248805699205672 0.3303458634372154 0
715 0.7021959327902372 0.8922476015047296 0
716 0.457794559914294 0.2200756515068463 0
717 0.5771383803470929 0.4019329617231838 0
718 0.0941320735496618 0.03989298026625098 0
719 0.6793695534962044 0.6748780100510214 0
720 0.540387729651863 0.7807038772232375 0
721 0.8385606014839372 0.3171417547699578 0
722 0.07364358824481283 0.4766934958440278 0
723 0.3268125126193381 0.2617042037219323 0
724 0.8045725399282049 0.9561155254402295 0
725 0.931729906353993 0.7319140922965207 0
726 0.8643492701803935 0.7284093003854023 0
727 0.7847831569966348 0.2449087107528796 0
728 0.969549574882662 0.4235028638078381 0
729 0.3923982594109655 0.4259368864761128 0
730 0.5200686930853811 0.4603421574423104 0
731 0.6529297653179646 0.9568639642224948 0
732 0.4128974891255628 0.5597294517101948 0
733 0.2770088367720088 0.6703024876567234 0
734 0.6324535305713487 0.112791026599472 0
735 0.8770327061308248 0.5460081869636826 0
736 0.4718415194662008 0.5300017891123415 0
737 0.3641768027537081 0.8872474601483015 0
738 0.2108919635659483 0.6410248276469861 0
739 0.9061766652776367 0.960680610368239 0
740 0.2955980515497207 0.7938065263799303 0
741 0.9703037974397222 0.2224136278530972 0
742 0.6640118607302058 0.8788166677319733 0
743 0.9274047210974754 0.6803755355374195 0
744 0.9717344027210594 0.254602128984894 0
745 0.03154592016257653 0.2344324663855704 0
746 0.4259278372036304 0.5983203469826858 0
747 0.8893461368195585 0.4920560878713172 0
748 0.02957723009891141 0.7777249140541613 0
749 0.117619194708084 0.432291511326613 0
750 0.8618942804601374 0.1851548574388976 0
751 0.5890905305130616 0.04209930213752609 0
752 0.06240518106190594 0.4362094076026931 0
753 0.1382802391216214 0.8155401026868092 0
754 0.02780170464963583 0.7448035319733253 0
755 0.3507334366060897 0.04161560023171124 0
756 0.9701825992366213 0.9293342129765108 0
757 0.9700965129527598 0.8443908610867688 0
758 0.2619566949028782 0.1648772063481402 0
759 0.5815394507089445 0.2289849477891016 0
760 0.02918110741283809 0.07222222222252281 0
761 0.7023122980565185 0.2049661752835485 0
762 0.6456698537183833 0.435035737255041 0
763 0.4061693081479679 0.9582755467891109 0
764 0.02814631389098815 0.5722222222238036 0
765 0.4606905504267127 0.7931847115540208 0
766 0.3331294798122888 0.4754252994035391 0
767 0.02719971368891235 0.3941430544946924 0
768 0.5703460800947759 0.1010380207251551 0
769 0.3597422723767315 0.7468445310800244 0
770 0.9711603084776016 0.0722222222220792 0
771 0.02883991762085484 0.9277777777774762 0
772 0.3572475410883529 0.5665215780026299 0
773 0.07325516278048738 0.64522610334575 0
774 0.4752916332477743 0.6586109899925535 0
775 0.5538442756228773 0.6181933051368131 0
776 0.8067890587291419 0.4092582809502746 0
777 0.4233383773886494 0.900851344343703 0
778 0.42413465647906 0.3578155929435336 0
779 0.6039168346276027 0.1769883220067725 0
780 0.3931509608013791 0.8281604489654206 0
781 0.3364886657696851 0.1207366278343077 0
782 0.7327143186281663 0.1671582537842165 0
783 0.9336227453004687 0.5721278081561927 0
784 0.9705986558080859 0.875951003595823 0
785 0.02807670983989178 0.1277777777783096 0
786 0.4049456837688404 0.4821601965662257 0
787 0.1334716819792023 0.6662379397319476 0
788 0.6441173128245931 0.2556426199332773 0
789 0.6296793768419511 0.6091913290556837 0
790 0.447397366761252 0.1348672847001217 0
791 0.7755042378289607 0.6275410039588307 0
792 0.9725384869727741 0.6038174540254414 0
793 0.9718615749279398 0.695833821082684 0
794 0.9252262775562268 0.6211546855596641 0
795 0.2409921452195635 0.3715425868886803 0
796 0.5492715122799835 0.862842962003454 0
797 0.5977593633850339 0.5619818042401925 0
798 0.8638781731705658 0.6675449443555908 0
799 0.5759829085978114 0.2810882962392699 0
800 0.1262376903942616 0.512942341483573 0
801 0.02706876889677991 0.6241307113183654 0
802 0.3789529710502655 0.3119858387053895 0
803 0.7804840989822639 0.590995921124491 0
804 0.0655102311910202 0.2205980207551925 0
805 0.8000162640019748 0.6890183716758602 0
806 0.9291023154553288 0.5335532559893502 0
807 0.5386601770511753 0.3856659275260641 0
808 0.2618097894749998 0.8278369908847507 0
809 0.1948753690321513 0.5852913829150244 0
810 0.4967965760498055 0.5711722464025435 0
811 0.268873876899589 0.4335093586924241 0
812 0.9284910893785597 0.8883103730525438 0
813 0.5767333114096344 0.4376785534469429 0
814 0.9729978281303912 0.4500490302731421 0
815 0.8157090860751837 0.7529445193114324 0
816 0.179593469175666 0.3721173765730111 0
817 0.7963023112367453 0.8101903340307042 0
818 0.9730874651543693 0.1294470013668595 0
819 0.2764924183402711 0.3831348508802634 0
820 0.0269123231162818 0.8705529095541437 0
821 0.8267692910615136 0.7841015045887577 0
822 0.6161347635550781 0.6898096244160606 0
823 0.1641856673189866 0.2079320613625244 0
824 0.9049341553690813 0.3241833996708875 0
825 0.9311990960840673 0.1130143349892352 0
826 0.06879622323147709 0.8869843739896777 0
827 0.3240647423636565 0.7349665890631123 0
828 0.7098589589281096 0.8115407657075008 0
829 0.8588329227125705 0.4854136573931753 0
830 0.8333317673395972 0.7217118738436954 0
831 0.8923029058994365 0.3851886401316528 0
832 0.2219806983937517 0.4749090394504707 0
833 0.4270026754057232 0.7185391156002072 0
834 0.5016612769923632 0.4199070701733529 0
835 0.8807365846906211 0.7560560719134422 0
836 0.6984471376843829 0.09624463604238234 0
837 0.9065828693995963 0.9241774701603038 0
838 0.4765761325871499 0.9632960576123251 0
839 0.02514796726065831 0.3055428098644237 0
840 0.2114435404360589 0.3231131750159234 0
841 0.8440885066616165 0.1434287737718473 0
842 0.8667599041731284 0.2417035186218895 0
843 0.9147954391698386 0.4435684760287905 0
844 0.1546619129715196 0.8562873878712284 0
845 0.5207922987666156 0.0383787283665594 0
846 0.6789588939109185 0.2726888072564315 0
847 0.3123202363535325 0.0367624982009438 0
848 0.08823199848379146 0.07335930897555921 0
849 0.08964400584242083 0.9243622984148899 0
850 0.9103460925956282 0.07563833234865931 0
851 0.8116270923488822 0.8466910406368876 0
852 0.5000710324534645 0.1868559388448574 0
853 0.8136843966216678 0.4484362143167692 0
854 0.2985801590071386 0.9048241753144662 0
855 0.3052957807880287 0.3653686126562133 0
856 0.5169156377157913 0.8092591328371814 0
857 0.9203845835356235 0.2535603569973217 0
858 0.06807538623006129 0.1122550739571664 0
859 0.4591414897794264 0.1861618016402252 0
860 0.08227130811520209 0.4147075806307202 0
861 0.754662593587371 0.4934395047185988 0
862 0.9729473510498737 0.37020423804273 0
863 0.8925027178197453 0.2906871479104747 0
864 0.1749824403211653 0.7378170211436946 0
865 0.5858851266570849 0.505066835881535 0
866 0.9397629776313765 0.7880035719965763 0
867 0.7097699840391976 0.5354090351742152 0
868 0.9746589659213725 0.7615674912231375 0
869 0.7814526527344556 0.749590562566484 0
870 0.9201459167510428 0.7072154624090302 0
871 0.8724905618739216 0.8744826958319827 0
872 0.08081112650049571 0.7482384389567425 0
873 0.8398851991161652 0.9639470675612756 0
874 0.2906039668237769 0.1889290826491982 0
875 0.8225060565952897 0.2600086044864592 0
876 0.1480605972639256 0.1497069687558544 0
877 0.1296100303742502 0.7591292941978501 0
878 0.2198660557743913 0.3950126563481012 0
879 0.804557283228073 0.5491284115340664 0
880 0.1542416855252972 0.4768845419952723 0
881 0.6702562563368352 0.8291156073104483 0
882 0.2353232336575913 0.2266207347199054 0
883 0.8238463380322757 0.2037023746136899 0
884 0.7473349082433072 0.4338179130614047 0
885 0.1765871465404661 0.6975053628356078 0
886 0.5766463693903103 0.6446803879587243 0
887 0.06042408347840615 0.328505391238572 0
888 0.1264211613793036 0.5611752182437781 0
889 0.869267761175647 0.615435890921279 0
890 0.6870908708901844 0.03420369238610761 0
891 0.1739665608970465 0.7936212424349401 0
892 0.8458421687636013 0.5423731714016656 0
893 0.1725438922870273 0.2665793594009624 0
894 0.6082571941689592 0.4425031578598644 0
895 0.2550944384160191 0.0347080455121513 0
896 0.3098085665463768 0.9659889301378067 0
897 0.9187904104833419 0.5936103143886843 0
898 0.236319223154866 0.5663771465775322 0
899 0.2338869177115274 0.5308624727696508 0
900 0.9408186872074991 0.1653455536930817 0
901 0.7711998698361116 0.7165317239052473 0
902 0.05799681712597506 0.837190300317159 0
903 0.683357289302684 0.6284711783172439 0
904 0.8216398375597009 0.6384384225475817 0
905 0.09725527777444695 0.3325569559737928 0
906 0.891403630425565 0.1844387574386344 0
907 0.1085841146260677 0.8154627302348452 0
908 0.5861288320528538 0.9645918482820078 0
909 0.644296080751344 0.08139505892316821 0
910 0.7336170077791606 0.9240209535629784 0
911 0.524142460038769 0.07930181484265747 0
912 0.4716953349950503 0.9216356854020309 0
913 0.1264217507773059 0.08868206719328565 0
914 0.865278544335862 0.3425925160284731 0
915 0.1997939735758747 0.1765450583009314 0
916 0.3266281227085994 0.1702970205708806 0
917 0.1765128598464006 0.6433341041040093 0
918 0.7224578586599146 0.6781243628876901 0
919 0.3169148052127631 0.6125527259621937 0
920 0.798289481814356 0.1752022271974455 0
921 0.2397997995622313 0.3427367691129682 0
922 0.43711283195249 0.5324833749394714 0
923 0.1237850892809187 0.2946813010717379 0
924 0.1085106563360494 0.1825798738684243 0
925 0.6320042971008184 0.3206506432287294 0
926 0.3541542132491118 0.9205956785751124 0
927 0.5459282208660986 0.8284933073992344 0
928 0.20166978305138 0.8247797412236236 0
929 0.9755533022591132 0.3398566869291999 0
930 0.8285301413689213 0.3824315494947569 0
931 0.2688598145133445 0.859286840759299 0
932 0.231363340547612 0.1871526467409051 0
933 0.7668106425211781 0.188500127864367 0
934 0.9760132395263881 0.5413985013935573 0
935 0.8941347041295649 0.8181974866968796 0
936 0.1437222413069163 0.3416948782326521 0
937 0.9416008820441437 0.4132075708946706 0
938 0.8493127972593816 0.8417221695111136 0
939 0.6473158631484092 0.7834198686015568 0
940 0.7723643110033287 0.9069486577418063 0
941 0.7922853567923224 0.03489894031013205 0
942 0.9760815858735614 0.4914439598295098 0
943 0.02359567805790415 0.6611111111120762 0
944 0.5078990318128711 0.1342711462646934 0
945 0.9762639630323673 0.2930833845839692 0
946 0.6848547406243131 0.9669925153630843 0
947 0.08951328667766485 0.5570017927099042 0
948 0.8810419241414876 0.7073686268879069 0
949 0.02255715531031189 0.7063674336653302 0
950 0.06178070568669017 0.1760227015767627 0
951 0.381451802401265 0.7125209020815001 0
952 0.4841122683713356 0.8071701697569122 0
953 0.3665650844125229 0.682177124005207 0
954 0.8747731975448656 0.08887328096371067 0
955 0.2307432166002182 0.8103504189846825 0
956 0.09856720309468299 0.1344429386469611 0
957 0.12504542369003 0.9111426246964777 0
958 0.6855684497437455 0.3953855651698035 0
959 0.4891187233701892 0.8656560756105942 0
960 0.2274935546895534 0.2838686370589987 0
961 0.5901472569729413 0.9062643341561742 0
962 0.1402056003320366 0.1751306079468679 0
963 0.7171485501279136 0.4370118978437313 0
964 0.4551062613497823 0.5997471276020873 0
965 0.3838092964046115 0.5491716106825831 0
966 0.9091639201968041 0.8683200378490744 0
967 0.6693693000270931 0.5553760145931438 0
968 0.7396547726895223 0.07906114486509221 0
969 0.2824235621482283 0.5648457458106559 0
970 0.0630493691883813 0.0315226004202229 0
971 0.9366438682024147 0.03197210775656336 0
972 0.9406599199828448 0.2156397504154406 0
973 0.06332528390504553 0.9680506278954932 0
974 0.4093072704695967 0.03755997365877545 0
975 0.0597057695815309 0.7870307764832247 0
976 0.9394294513201299 0.8359772569401202 0
977 0.4739299094909293 0.03237642657561687 0
978 0.7465879457291792 0.9678517288309646 0
979 0.4013166989578104 0.1754834087806277 0
980 0.5119650612782088 0.2530336101565783 0
981 0.7633809548896026 0.7729632111529363 0
982 0.914477280205656 0.4968892614198047 0
983 0.7241926818653519 0.1426174696030914 0
984 0.2059819666441463 0.9645526944200513 0
985 0.1573376204839531 0.6618649721040626 0
986 0.9362684424427963 0.9683947400485908 0
987 0.2575974393988509 0.9225468874363236 0
988 0.5608743274670724 0.1582970899143077 0
989 0.2409792510933135 0.432870393194459 0
990 0.08383590470666215 0.5106285463563205 0
991 0.02480599760803238 0.4525964162668129 0
992 0.435717796936946 0.8439824595401093 0
993 0.4033928192752885 0.08902314260360818 0
994 0.5983957874153149 0.8240264614959557 0
995 0.2076766202653943 0.03345476686007176 0
996 0.2812337832028257 0.4742344088644813 0
997 0.9772795235497378 0.6512829487452053 0
998 0.3512488186516106 0.215970858973236 0
999 0.5240340744546649 0.9689559600204568 0
1000 0.44865438581498 0.38111812289232 0
1001 0.7363956322209081 0.3566536063800438 0
1002 0.8078022956344133 0.5847957632493217 0
1003 0.8191403346760726 0.3544120223459649 0
1004 0.05024813801747142 0.6235066503507046 0
1005 0.7695107104739517 0.8123229547542749 0
1006 0.5524546858218189 0.4611995672806117 0
1007 0.6184972123896981 0.2888325125438005 0
1008 0.2576425852014567 0.2852967174070003 0
1009 0.6793019335576054 0.3659156332948748 0
1010 0.2140459202444762 0.679053508663457 0
1011 0.7274009267419685 0.4900357863641533 0
1012 0.8780803495918112 0.4385708442908076 0
1013 0.2705050298321982 0.3193949319286437 0
1014 0.1237236658370433 0.7177558673735693 0
1015 0.0235395668950592 0.5115797376739718 0
1016 0.3247867967550147 0.6428656589299797 0
1017 0.5201035789334156 0.2801053539186999 0
1018 0.2785981460497919 0.5224287844359028 0
1019 0.6699086477029819 0.4976765626626735 0
1020 0.3220318460125627 0.4270912060428743 0
1021 0.8035384605941207 0.4845059924828486 0
1022 0.5103372562651967 0.3888496193665022 0
1023 0.7903026615283146 0.3480036714294722 0
1024 0.3701449452555701 0.2771551019082331 0
1025 0.4326798480622375 0.1667397679484378 0
1026 0.3843205489379903 0.4590930229096588 0
1027 0.7817302909767679 0.3220394712623291 0
1028 0.6737139375308434 0.7151978341503553 0
1029 0.7725014050842294 0.530065427622573 0
1030 0.09136507518672801 0.6760582975450822 0
1031 0.133185959452036 0.4886515877138002 0
1032 0.8951965038509639 0.586220143073457 0
1033 0.3245178085309423 0.8481536788589237 0
1034 0.7204319757913338 0.7307707335097884 0
1035 0.8969682451311354 0.2353668203220524 0
1036 0.2575360763772975 0.710260982504343 0
1037 0.7580231412327866 0.2317568509243917 0
1038 0.9446039006145096 0.3760277467032547 0
1039 0.2546962286409462 0.0773874814488161 0
1040 0.8711522131173742 0.3710065207584025 0
1041 0.1001393620650266 0.7612453425978187 0
1042 0.7398708915123807 0.2865155808711775 0
1043 0.1038284419185777 0.2099756685271202 0
1044 0.1470431817994113 0.7872487067776374 0
1045 0.6718593459908074 0.1521130232713619 0
1046 0.6512359933854537 0.7298120366353019 0
1047 0.02223460976941272 0.1909601512510831 0
1048 0.6221519019511023 0.4830085324532115 0
1049 0.4839019585973172 0.7529973644672472 0
1050 0.2376073355488274 0.869406948482218 0
1051 0.02228296345148098 0.1500000000006243 0
1052 0.853799577015903 0.2095441155820631 0
1053 0.02300355262288262 0.3530504020876952 0
1054 0.8177266152395883 0.3019163692325513 0
1055 0.1471505145741295 0.3140451153617885 0
1056 0.1329597756993864 0.3907469552280018 0
1057 0.1878501443004283 0.4290542871748713 0
1058 0.4268131568623251 0.6687950229313682 0
1059 0.7640559270840125 0.1295143668255787 0
1060 0.6401080983601738 0.9178803744052689 0
1061 0.7487251857918994 0.03187058540795941 0
1062 0.809151392724236 0.2311344772455892 0
1063 0.9352783757458002 0.08740748252494185 0
1064 0.459353531857508 0.07778841994523811 0
1065 0.06472271299131255 0.9125917982084627 0
1066 0.6706552344542853 0.4494633148760026 0
1067 0.8008699069036572 0.06500366976638006 0
1068 0.8378562986559819 0.5019088193247043 0
1069 0.6412072699034214 0.6711842966620436 0
1070 0.1987209266219527 0.9375867084365492 0
1071 0.0218671571214859 0.5497989288732873 0
1072 0.2415640300302931 0.7660413414684029 0
1073 0.2002585926840807 0.06497742626806788 0
1074 0.25119807678377 0.9704947939256789 0
1075 0.534446504722875 0.9219812960883529 0
1076 0.2490141863399941 0.1378874102477314 0
1077 0.425191961398204 0.2932896805780801 0
1078 0.06151090760352918 0.7361018353184968 0
1079 0.3256058834767417 0.5064828095284354 0
1080 0.0602891646654444 0.5840221542216542 0
1081 0.4923453742006999 0.3378975926678002 0
1082 0.4812056354989772 0.7225168768433614 0
1083 0.8496373210644117 0.07831639301588554 0
1084 0.7549023311559351 0.8586231861295548 0
1085 0.06425240253947082 0.08662453448227445 0
1086 0.1640264294695772 0.3936318787412619 0
1087 0.5216194421235738 0.3290781071506702 0
1088 0.3287097806142865 0.3787818541773788 0
1089 0.8826354950492249 0.1243812024389913 0
1090 0.02363830667610891 0.2548952916426155 0
1091 0.5134721852870947 0.6182369377871549 0
1092 0.1509544867960846 0.9213352285053239 0
1093 0.5695198871807132 0.7072775174049244 0
1094 0.3690817604795447 0.514108691774056 0
1095 0.1319918771252328 0.2655625412679988 0
1096 0.8992950917961999 0.7909633965620678 0
1097 0.7285792706009564 0.8618210236518211 0
1098 0.08030281952542091 0.2526232373161297 0
1099 0.1406979988005141 0.4394370123236104 0
1100 0.1903507573290541 0.7684561823428412 0
1101 0.7297535548792596 0.6298420320281561 0
1102 0.5453722144396538 0.5566726997724099 0
1103 0.3508984698011749 0.3266621511463982 0
1104 0.05213444747569604 0.3493052316173308 0
1105 0.1461098402547684 0.03034537605945545 0
1106 0.7951053008724811 0.4331490830585449 0
1107 0.1175317459423341 0.8744538878295771 0
1108 0.538460533092933 0.1913735220420191 0
1109 0.2611084583765763 0.2386730595969799 0
1110 0.1065068455992696 0.4690350666378609 0
1111 0.9474542457587063 0.3306298613291137 0
1112 0.1464069924237169 0.9700459492606329 0
1113 0.1521723179799907 0.07788486280663151 0
1114 0.9403227619819624 0.2660526085302144 0
1115 0.9766379179805946 0.8066737068769601 0
1116 0.4513298188065035 0.4666688138573323 0
1117 0.3178552409381064 0.2333577446264666 0
1118 0.5020545613170372 0.6681772356293588 0
1119 0.483673915236815 0.3675429028156036 0
1120 0.6806727630945771 0.3008834147309487 0
1121 0.9492447809091613 0.6485227032249058 0
1122 0.8536079377845176 0.02994362618990988 0
1123 0.3662174102790965 0.08026788568768596 0
1124 0.3147083551693528 0.3040927968303019 0
1125 0.3181487575521259 0.6985558883126142 0
1126 0.8816144790390958 0.9170932351411063 0
1127 0.9786415192586289 0.1841389080311161 0
1128 0.02135370688263012 0.8158854228381959 0
1129 0.5525076419235154 0.672897331319512 0
1130 0.9354964586921045 0.9135426345663593 0
1131 0.6164812245740527 0.9706583528391851 0
1132 0.1408012706071232 0.5805595643293064 0
1133 0.1712065285407862 0.3035976427909325 0
1134 0.7752393887615081 0.2759725153418548 0
1135 0.5780001326025939 0.3321288689139487 0
1136 0.7296901305546166 0.2330938661708799 0
1137 0.05037270975636833 0.6693297810647609 0
1138 0.3981458610136455 0.7716845277307891 0
1139 0.8258605579213871 0.6968247205433553 0
1140 0.1247226110957363 0.6409115685353708 0
1141 0.190107785998059 0.2285648745101355 0
1142 0.6188129888173993 0.585783548083606 0
1143 0.5441937407844827 0.5234434910508036 0
1144 0.951407270636763 0.3018468183650157 0
1145 0.09422041470735616 0.6037845611943529 0
1146 0.1882828744502135 0.5075393280512274 0
1147 0.9775620809950869 0.71528050394683 0
1148 0.04895060991021364 0.6979869079847546 0
1149 0.3619437042135336 0.8142976294392803 0
1150 0.9789200882787946 0.2729761291866967 0
1151 0.5936862634093258 0.2026506074150696 0
1152 0.3293184649093988 0.5552695074981973 0
1153 0.8693223598224508 0.2914051259699046 0
1154 0.2860562560512751 0.2137098297550713 0
1155 0.05807380365581627 0.3832532583709952 0
1156 0.9784843072401976 0.8948200524855121 0
1157 0.385008134434031 0.6581657991987973 0
1158 0.7817681189928103 0.9736717268306829 0
1159 0.02099038338303099 0.7269040260688889 0
1160 0.9072036064082388 0.6600906270355369 0
1161 0.8608467405741598 0.4207516014103745 0
1162 0.2977896753967804 0.868393511470605 0
1163 0.1695743633780558 0.8817908186598273 0
1164 0.5993491124527177 0.5333326354685923 0
1165 0.8678355902963458 0.8235469209461618 0
1166 0.1898190354009587 0.45315477339187 0
1167 0.7920172881944643 0.9278003690710307 0
1168 0.8464462110873209 0.928470324589469 0
1169 0.6008408964277712 0.1110829869710297 0
1170 0.2246857255104975 0.726446537785143 0
1171 0.6471143585607252 0.8133762470047841 0
1172 0.1833119731609421 0.5550069141320646 0
1173 0.2761248546711594 0.1299448142038417 0
1174 0.851089399081294 0.7853738871315765 0
1175 0.3814883803407492 0.1382497614165893 0
1176 0.2689395926792657 0.7650297706936786 0
1177 0.02258817099205599 0.2142871786693698 0
1178 0.8377788944661397 0.338654845540854 0
1179 0.777077225399379 0.3893067214128699 0
1180 0.3758803577917529 0.0290327824247761 0
1181 0.2125927366035119 0.6167871856627116 0
1182 0.02375641739470108 0.1050992935527309 0
1183 0.5781728659802394 0.93519925603802 0
1184 0.3496449206392152 0.1871961184868399 0
1185 0.9793223251669745 0.4043548184435196 0
1186 0.9780224478016792 0.1068033068756709 0
1187 0.02197719554541973 0.8931967246612789 0
1188 0.6251753307056525 0.7169910883657995 0
1189 0.826984172046203 0.1143310854755111 0
1190 0.3920915863325162 0.8870817991936254 0
1191 0.7770868123217858 0.4832857491997373 0
1192 0.913448696060274 0.3043126518145262 0
1193 0.6149708820673321 0.1393618255596275 0
1194 0.0521464536701716 0.4819667457133952 0
1195 0.6998709895318598 0.9218431472509031 0
1196 0.3486872801897611 0.7893945855708635 0
1197 0.9773882528774799 0.2033349245299547 0
1198 0.563635321901278 0.02889675252667218 0
1199 0.7782539331651945 0.6797541304606075 0
1200 0.884576990209155 0.9724496358257625 0
1201 0.3815709844494291 0.8619064812331906 0
1202 0.9083963362654127 0.6362622035077812 0
1203 0.4161432006583046 0.06307753380646597 0
1204 0.697236728193977 0.1322533549333411 0
1205 0.8182461476425227 0.8906639717455647 0
1206 0.01851042514925637 0.4717563544657851 0
1207 0.943726756187978 0.4606503333743017 0
1208 0.6574945376960305 0.3218611645654973 0
1209 0.02260267446274994 0.7967565170127463 0
1210 0.9771743489229134 0.8254328545324499 0
1211 0.3007934444654335 0.2673830209856306 0
1212 0.7421616458849549 0.7139302359931641 0
1213 0.6449210988167811 0.2272585595788106 0
1214 0.01987001425806117 0.594444444445871 0
1215 0.2551197096032828 0.6849895631017049 0
1216 0.4947364302305811 0.599994620378682 0
1217 0.7292935909668468 0.3838592068779794 0
1218 0.1436972708667469 0.2263475762978521 0
1219 0.9000071137964035 0.4299090934560548 0
1220 0.1687445929651333 0.1158140325446879 0
1221 0.5570592933636054 0.1320383334998234 0
1222 0.8702630402654385 0.2662180117791776 0
1223 0.216265317648439 0.1303842841594869 0
1224 0.9796649247497382 0.5599915593807372 0
1225 0.2841030293713336 0.03032827238084407 0
1226 0.6158851766087935 0.8607235966807446 0
1227 0.01934298141809697 0.4135163193281338 0
1228 0.4307173901238048 0.9727567646209505 0
1229 0.956039018505826 0.4941500949723369 0
1230 0.9502269840871607 0.5292460161433197 0
1231 0.01920177186685108 0.37414705673127 0
1232 0.6107852009158493 0.3390438679122598 0
1233 0.579457497346334 0.0710133079677101 0
1234 0.5419540075010415 0.3493806882970812 0
1235 0.4487634887676886 0.4376449812101834 0
1236 0.06691567362859133 0.458569962210035 0
1237 0.5687207877639936 0.2562583109589355 0
1238 0.9803438120132176 0.6726668463066459 0
1239 0.6381548482601452 0.1830724656474059 0
1240 0.192532827571537 0.3384070367360341 0
1241 0.2795986849120217 0.4069822979839439 0
1242 0.2054581413626387 0.5299921411048014 0
1243 0.9266193221224951 0.7525260712851212 0
1244 0.4163705008102089 0.9299522676333095 0
1245 0.3034430995144125 0.07747020099227757 0
1246 0.6065689220041294 0.23061924736387 0
1247 0.4383125684826307 0.8727216262626949 0
1248 0.162635597090947 0.6226006740872631 0
1249 0.1610991628197994 0.7169120972132337 0
1250 0.4412503363051825 0.3262182126308678 0
1251 0.08191208858915537 0.6980352361574842 0
1252 0.4046246458505167 0.7978070554033991 0
1253 0.170924172645497 0.5967720554842657 0
1254 0.7733864216845827 0.4378471168918812 0
1255 0.090782388144541 0.6327553012098187 0
1256 0.9806738070867288 0.4722222222209836 0
1257 0.5209128714879989 0.507282722939023 0
1258 0.9082429007824414 0.3660040156778082 0
1259 0.6893140373743187 0.7700281356699372 0
1260 0.05704022940049479 0.5408567539968578 0
1261 0.2088868850730674 0.4154268726925296 0
1262 0.7982631035593721 0.5257901474579283 0
1263 0.4767410578929897 0.2397149734476574 0
1264 0.2698129170970376 0.6443559360784459 0
1265 0.2513015031006152 0.5854428290220384 0
1266 0.4136729451190134 0.1165143909996929 0
1267 0.6421705244102238 0.4984200799729469 0
1268 0.8453636011903067 0.255402876006584 0
1269 0.9438827831243094 0.6187976083067518 0
1270 0.9466259382622118 0.6831660001444761 0
1271 0.753578600794534 0.5478772107510445 0
1272 0.1195171886663172 0.9721350831240014 0
1273 0.1320053589572763 0.6193425699149836 0
1274 0.01915840772661107 0.6432453121458818 0
1275 0.1191048418017167 0.0267011707456263 0
1276 0.1136437323629307 0.676242992420363 0
1277 0.9799731352607086 0.1469406185762533 0
1278 0.02002680027477844 0.8530593620370479 0
1279 0.343037919811701 0.6836887435053726 0
1280 0.6374386172723143 0.5356779502067097 0
1281 0.433166119177482 0.2358244955191658 0
1282 0.635664109852529 0.3732015686007629 0
1283 0.5195452138780114 0.7642703977498095 0
1284 0.05278668630573524 0.2820003173758799 0
1285 0.3513722479029817 0.4617462505911144 0
1286 0.7491997833127533 0.3216571036030909 0
1287 0.1691454470056694 0.4154121650823777 0
1288 0.8138327071455883 0.5028781011246281 0
1289 0.2795040194525976 0.09295871040271333 0
1290 0.1046204216767293 0.5173000209055387 0
1291 0.8807855337137911 0.02764416552242877 0
1292 0.1235734479712705 0.1328493241619512 0
1293 0.4808534956188269 0.2917893917521968 0
1294 0.7284602647171752 0.5929134711547919 0
1295 0.852672144618704 0.5645425556779987 0
1296 0.6600350794892097 0.02647125104992235 0
1297 0.165516583319811 0.3540937416276013 0
1298 0.4607957291673336 0.638294664105022 0
1299 0.4888870170423162 0.8986667589020454 0
1300 0.6856282762343656 0.5389408787757752 0
1301 0.7726124051104482 0.3663200991257946 0
1302 0.4787323842867536 0.2066237477774696 0
1303 0.6151193850033909 0.02814122389220205 0
1304 0.7055583816115849 0.0708117886371603 0
1305 0.7573185379086347 0.5787373088002621 0
1306 0.2720510916143006 0.264558975881258 0
1307 0.5807105344846086 0.8847368673741353 0
1308 0.7522171514804032 0.405664363206556 0
1309 0.1059537907870656 0.5699083215733772 0
1310 0.3644176846508546 0.3693419395770497 0
1311 0.4528210934279898 0.8164743786778133 0
1312 0.2758490532460536 0.6204872233691634 0
1313 0.7402948576394344 0.7634538682193035 0
1314 0.5074695331176368 0.1018765791054261 0
1315 0.07619260553340562 0.1335155788951127 0
1316 0.3813080805261613 0.2258355180851315 0
1317 0.2016740751169955 0.3794722555319222 0
1318 0.09978415457654002 0.7188874243642959 0
1319 0.05895320988509886 0.6050556076348388 0
1320 0.3791333249573406 0.9715528867552224 0
1321 0.534053501881961 0.7242655837138173 0
1322 0.1847810140645704 0.194411917279551 0
1323 0.5804697046014303 0.7425254644945789 0
1324 0.7981217238066565 0.6371306676011671 0
1325 0.2933018205291454 0.9308446447956449 0
1326 0.9402708874944685 0.8084172476675009 0
1327 0.9505094782429995 0.8799493828802218 0
1328 0.3352717797691041 0.9746534830391469 0
1329 0.9805395261762175 0.6231404638833464 0
1330 0.5740420306027386 0.8341572935151795 0
1331 0.06205205787145332 0.1958282361754117 0
1332 0.6132898854489229 0.7761166597863105 0
1333 0.09056397552944026 0.3648454873356909 0
1334 0.9122386784471502 0.1253880846057246 0
1335 0.09674126196763362 0.4307244441130196 0
1336 0.9198497581363503 0.7850315020537857 0
1337 0.08775665613649793 0.8746085148536794 0
1338 0.4010611002707491 0.208250522208707 0
1339 0.9541807658652701 0.1190609104737606 0
1340 0.04581876114436225 0.8809387930909545 0
1341 0.0463884601702887 0.1202816817901028 0
1342 0.4980939563021507 0.5214572642973799 0
1343 0.4520737977355256 0.7665546828678713 0
1344 0.7137527259877946 0.1818408408158059 0
1345 0.1030949533490153 0.8361636846727097 0
1346 0.8968901255546183 0.1637694651512524 0
1347 0.689663934085301 0.5915208058231265 0
1348 0.9246976694933858 0.5547845164805913 0
1349 0.9387839967731513 0.1926038934464682 0
1350 0.6516468093698836 0.7567474205917788 0
1351 0.061221739979422 0.8073716223814347 0
1352 0.4182407261624561 0.2586947100459228 0
1353 0.5944301139362559 0.7932467659796234 0
1354 0.5636767926609759 0.7657249859154921 0
1355 0.02001285832046575 0.2881107494926123 0
1356 0.9082033902296712 0.3987135948881038 0
1357 0.8849704938848113 0.5663778912277664 0
1358 0.01826847029542841 0.3228639342775892 0
1359 0.873004065381026 0.6869229620043276 0
1360 0.1079096856112808 0.251347691113866 0
1361 0.8802949630424932 0.5993301569996511 0
1362 0.2344738756111348 0.4929935462128735 0
1363 0.8944884115239549 0.5428937680169633 0
1364 0.01847948222550254 0.7613897409333461 0
1365 0.3664146368545732 0.6316247294883666 0
1366 0.4752620257780336 0.3180184971185983 0
1367 0.8843037540860169 0.3340580140874871 0
1368 0.9812985739673288 0.2386904335501404 0
1369 0.9045657001283988 0.4778504562530084 0
1370 0.8098478701592182 0.1564858069549827 0
1371 0.4213104258260343 0.7451750285757719 0
1372 0.3260664404994968 0.1456431131980465 0
1373 0.7936181703005264 0.3023117085362806 0
1374 0.390076717551508 0.2525231090530612 0
1375 0.2987729615462019 0.5930963733896544 0
1376 0.3375665498348508 0.4072568650509134 0
1377 0.8823128958340745 0.7769808092932797 0
1378 0.7180906317538885 0.7869795050728721 0
1379 0.9390661169109364 0.666389725963532 0
1380 0.2810769422439711 0.8170625563539721 0
1381 0.1223325882320615 0.3454447515637895 0
1382 0.4090710045994777 0.6497858297264105 0
1383 0.6961521203472552 0.2287274353861532 0
1384 0.3717525904616258 0.7700078281981653 0
1385 0.9803288728595297 0.9480136273740807 0
1386 0.2339658425145972 0.6401471447266516 0
1387 0.6719490728500042 0.8545988801708887 0
1388 0.8712642287660515 0.4694150585009844 0
1389 0.5709811412748353 0.4840795258988179 0
1390 0.3686743180563115 0.4162614544788492 0
1391 0.7030929512252497 0.4120606333010537 0
1392 0.4934113902751686 0.4677926565325907 0
1393 0.3309384876565479 0.9055914515191905 0
1394 0.8826776242815135 0.5284450555269761 0
1395 0.1530739568248871 0.257356960357222 0
1396 0.8034198721085193 0.1080323271605502 0
1397 0.32541385585359 0.4514850257537063 0
1398 0.1881114453352165 0.1568482849413406 0
1399 0.4199103011200306 0.5058995749710833 0
1400 0.1899961493151085 0.8432489458510226 0
1401 0.07158778444626161 0.2988663022296182 0
1402 0.5920491728346806 0.5883021909924958 0
1403 0.9805035131547919 0.05205224798036288 0
1404 0.519124317288562 0.2077572082209411 0
1405 0.01949613180087196 0.9479475852489621 0
1406 0.7096847815144383 0.9736616700271751 0
1407 0.01948196149457163 0.05206949153064883 0
1408 0.7648846027585888 0.4604111532306847 0
1409 0.9086984110834657 0.7465070544986658 0
1410 0.3020678175457397 0.7711088685741589 0
1411 0.948510681415158 0.7247860235015594 0
1412 0.1906620040611959 0.31495291569034 0
1413 0.4005045256918497 0.6083534263305918 0
1414 0.1257337716867781 0.4096281522860091 0
1415 0.5985294941871252 0.3929667641982054 0
1416 0.5521631053829024 0.2883736120737129 0
1417 0.2119308198628393 0.2324270093921383 0
1418 0.8282122519140496 0.4051400480431381 0
1419 0.9385215130178391 0.3940604889606883 0
1420 0.6331964152742625 0.4568282386634633 0
1421 0.1987627977348826 0.6951095863327748 0
1422 0.4089949716865782 0.4077168179904944 0
1423 0.4700971433123347 0.4872365847729517 0
1424 0.7217198586276254 0.513733846607876 0
1425 0.1002612729858159 0.3812285309563938 0
1426 0.8263516279238194 0.9430166907766289 0
1427 0.8245910642557599 0.2809835535003903 0
1428 0.5954593708783567 0.4176633805367285 0
1429 0.7488856650089071 0.148446609374841 0
1430 0.9422935633682517 0.4799803663389255 0
1431 0.6768368506687696 0.4734440540657516 0
1432 0.6658100425959741 0.09473601700905426 0
1433 0.272332578200201 0.7325893754388921 0
1434 0.8117057297686987 0.8675522990945483 0
1435 0.3464669905123219 0.8682388597810407 0
1436 0.5197094099296973 0.5644198505188488 0
1437 0.1955776090875181 0.8907537332018336 0
1438 0.1207327460865205 0.2238006850822882 0
1439 0.0420645050654547 0.5158883861477139 0
1440 0.6491464410850636 0.1342004930527964 0
1441 0.5464402179148696 0.8049731741995297 0
1442 0.6449700867295565 0.5864400050598398 0
1443 0.4225671571855459 0.6934617061139382 0
1444 0.09059801075528301 0.2865805768691896 0
1445 0.01797912636358086 0.1716585561117296 0
1446 0.8293328934081707 0.5876777496477389 0
1447 0.7061194902006739 0.3436187581430774 0
1448 0.6057537617011846 0.7461124598237208 0
1449 0.9810537107600835 0.7449578331617036 0
1450 0.657574589321423 0.4156371645116793 0
1451 0.1949837811987611 0.1098384831713782 0
1452 0.2299345448178465 0.7881801178485535 0
1453 0.6131730816988383 0.05538554752256812 0
1454 0.9806831281686322 0.9726190132928061 0
1455 0.4601421227735994 0.7137256441235016 0
1456 0.6950135411224361 0.727569672665727 0
1457 0.06442469869591048 0.3656385787836985 0
1458 0.7856465646491066 0.135850621383771 0
1459 0.04710708594551732 0.2242621170815613 0
1460 0.09145537830559171 0.8003247854861679 0
1461 0.5259673646703417 0.6791646942871893 0
1462 0.9522141355141613 0.5688452171642543 0
1463 0.4692765789267268 0.4227885696604188 0
1464 0.05207648007069657 0.1589810556665789 0
1465 0.9085717081234879 0.199529339000394 0
1466 0.425155322843746 0.387534079124955 0
1467 0.8452667894893873 0.6591874759772061 0
1468 0.2979369760225866 0.4263052040724121 0
1469 0.8572909304461628 0.1625440247265031 0
1470 0.4930530294559736 0.8351829455738872 0
1471 0.1247373911701886 0.6956983933240308 0
1472 0.3420771750142769 0.5873456891876595 0
1473 0.472298233695758 0.6875696159459457 0
1474 0.1596518261649734 0.5251026718320366 0
1475 0.9814396487439359 0.8597771585811675 0
1476 0.7672681503305516 0.8821911423467377 0
1477 0.3722964590893866 0.1755298621700568 0
1478 0.1426521761450177 0.8374490616165248 0
1479 0.873983540666164 0.3949010846230305 0
1480 0.9804852242768707 0.589855162479082 0
1481 0.9201535445653309 0.5156735319398894 0
1482 0.2314017588389907 0.02557744113333192 0
1483 0.9808476158703174 0.02738297445912592 0
1484 0.01915200946845844 0.9726169916000824 0
1485 0.01766012221071975 0.528824021423079 0
1486 0.3828877230172189 0.9448625567224752 0
1487 0.08023431335334931 0.3238267798263526 0
1488 0.9008585601727502 0.7021981908709448 0
1489 0.7585568211824096 0.6683814734365197 0
1490 0.01912570552862646 0.02739276390860497 0
1491 0.6245610388001499 0.8248237799862694 0
1492 0.2161311945068266 0.5761146721836043 0
1493 0.4263404525757066 0.4787994007751289 0
1494 0.0386197274579918 0.411150447249952 0
1495 0.4014596384954581 0.3009243243631452 0
1496 0.3288472305882773 0.3237417990165636 0
1497 0.5252146588786426 0.3049017764428707 0
1498 0.8254688821337511 0.5455804892117805 0
1499 0.7098181232921654 0.02503066531453452 0
1500 0.3019592426117595 0.7272850391526381 0
1501 0.763299984412081 0.08332186466805989 0
1502 0.1488839233599784 0.5610729251432222 0
1503 0.5466692695295123 0.08534972923101557 0
1504 0.3033633934700311 0.4758694305151026 0
1505 0.3485344385390192 0.1009775529903795 0
1506 0.517011435678607 0.7078313501377209 0
1507 0.2310922856705819 0.4546385982291715 0
1508 0.8847813312871766 0.6657605447303608 0
1509 0.3395715649870762 0.2399444040554003 0
1510 0.6863515539624558 0.6526479442300496 0
1511 0.8373489994360603 0.445834619124163 0
1512 0.9815685340398373 0.9127967142777678 0
1513 0.4494982203426457 0.6620043039818927 0
1514 0.8445329685466132 0.5215258574754802 0
1515 0.7052580588387863 0.3178593464089351 0
1516 0.7696234639931464 0.2118582645911632 0
1517 0.8445208168878381 0.7376294191253225 0
1518 0.2145936279997843 0.8609145005052844 0
1519 0.8863168004862996 0.62624561510645 0
1520 0.01841325323271713 0.0872485918848975 0
1521 0.04417291674888377 0.1855014992318947 0
1522 0.4490979609583729 0.9155372489130467 0
1523 0.04650845265940556 0.4433649310579966 0
1524 0.8366416331580222 0.6240834524344584 0
1525 0.5037366445396326 0.1616896868776391 0
1526 0.9236292986612555 0.2350025522210947 0
1527 0.9816607541723081 0.08733761288764276 0
1528 0.04011707799959074 0.5510422383835497 0
1529 0.2308089817314302 0.08289787171343517 0
1530 0.5621232550482612 0.9746025375517293 0
1531 0.01833927269389944 0.9126624830723598 0
1532 0.2357078023816033 0.1195267206908672 0
1533 0.6418963551937902 0.8703018801085846 0
1534 0.2342330539319254 0.9174547649172348 0
1535 0.4716723049562598 0.1333658483246392 0
1536 0.110425136957678 0.4514240460873262 0
1537 0.9390669434429151 0.2855866175594971 0
1538 0.8487549993445473 0.583988737454144 0
1539 0.1259817281812773 0.5349941262368537 0
1540 0.9812346032364899 0.3553761457668856 0
1541 0.5529332092162563 0.6429952448807771 0
1542 0.4991085584910648 0.6442100865656721 0
1543 0.8914682485423691 0.05936280486644655 0
1544 0.463493495851971 0.271899231789325 0
1545 0.08500682703025977 0.2146587928122898 0
1546 0.4064117691525937 0.3434904719429085 0
1547 0.5242701959479384 0.8678862916928837 0
1548 0.7988952885726927 0.9046095650630679 0
1549 0.2972786353844388 0.6592337993291201 0
1550 0.8165177544495748 0.4283810193400189 0
1551 0.07550899021143313 0.6662770457822101 0
1552 0.653206436312931 0.6194075669858525 0
1553 0.7274601407480497 0.2662549842946496 0
1554 0.1083745962057093 0.9408092118063313 0
1555 0.938068821452303 0.3595598463064837 0
1556 0.5330785830484108 0.1389255655165398 0
1557 0.5925953529315621 0.697543921200602 0
1558 0.4564001569048665 0.1117146391994478 0
1559 0.06089475708206631 0.7134641794032717 0
1560 0.2881287970333454 0.9749892101616007 0
1561 0.1088025984332819 0.3118349578958315 0
1562 0.9170096537124541 0.9065729992951066 0
1563 0.04085407717837872 0.3163772108348585 0
1564 0.6315601087374634 0.6341506044316472 0
1565 0.3220210372110321 0.5295145278224408 0
1566 0.2970271097559529 0.683823566577376 0
1567 0.1976236730326842 0.7394514950969755 0
1568 0.8523271708982182 0.8061760755819274 0
1569 0.2888390960206174 0.3518425590684502 0
1570 0.840764249393892 0.1917302303760876 0
1571 0.6899851807988016 0.1815861135324854 0
1572 0.107733662316314 0.05882628524633891 0
1573 0.4614898964228636 0.8628190775045547 0
1574 0.9511096608439332 0.7431548568758336 0
1575 0.3190948374253719 0.7926520938679904 0
1576 0.9830290915427455 0.324769681392173 0
1577 0.5908776940791649 0.3523083959807132 0
1578 0.8021597030727021 0.2586404704070735 0
1579 0.3748179057179573 0.6094389019301403 0
1580 0.7890282831451289 0.8599758454615205 0
1581 0.9829238506782401 0.4356266827374908 0
1582 0.1311374424789557 0.3630935607779399 0
1583 0.2759379610832925 0.4966612132671712 0
1584 0.7312303135400275 0.5485065713790316 0
1585 0.5391999887209775 0.8888960779124744 0
1586 0.07304662820056956 0.5668113411413731 0
1587 0.9360055892223486 0.6352431281669402 0
1588 0.57077167598795 0.3061089861927675 0
1589 0.5868783659184152 0.1599720318310345 0
1590 0.9827423504137656 0.3875439710040367 0
1591 0.03850883991504189 0.2928077404264359 0
1592 0.6785955571525617 0.2070811612427245 0
1593 0.7247421434043206 0.9020601651565441 0
1594 0.7286515981417219 0.3064029047703539 0
1595 0.3500424425584688 0.5007395512303814 0
1596 0.8092063603782352 0.6551885578301838 0
1597 0.6855409213074634 0.2504835068390183 0
1598 0.1190656488287426 0.1099654695016146 0
1599 0.6467154436070969 0.8971651762311824 0
1600 0.9523037532456036 0.07927312774755477 0
1601 0.4342138205780067 0.02391022074138128 0
1602 0.2040945901703038 0.2746116149889747 0
1603 0.04769588729978105 0.9207261717547719 0
1604 0.9045466927785382 0.3437381620488934 0
1605 0.1658491660267812 0.5448331776096088 0
1606 0.6887834427758279 0.8724490936817888 0
1607 0.7013620699824661 0.6697718439902599 0
1608 0.2307559219717095 0.4142430120643613 0
1609 0.04056591441285867 0.2586010632117262 0
1610 0.868526589778094 0.6480274103013166 0
1611 0.1746832595602742 0.9323200856190721 0
1612 0.925988583052082 0.8243486103705875 0
1613 0.6836036547560014 0.9402951067465635 0
1614 0.2336762216745545 0.6167002022696355 0
1615 0.01623877522760199 0.4345073338969748 0
1616 0.7300497301544763 0.6572158152447133 0
1617 0.6620267669185471 0.05208971176802812 0
1618 0.4756588553639436 0.5572645254484359 0
1619 0.9568246741307338 0.7999523177960315 0
1620 0.9837143779411004 0.5248159830225032 0
1621 0.01666475014239521 0.6832454630971603 0
1622 0.6187435217740094 0.5486406952288909 0
1623 0.07429348833938355 0.7658244359875418 0
1624 0.7206208958784731 0.4603047873197689 0
1625 0.8904101127559765 0.8596912531830976 0
1626 0.5623168364341662 0.2131719505720455 0
1627 0.4988952349874848 0.974870830369703 0
1628 0.2051848864404389 0.4869779847595944 0
1629 0.4035968970934796 0.7085436668417865 0
1630 0.9827231289953605 0.7765784625365422 0
1631 0.7772202412849039 0.7910792764814518 0
1632 0.08386913058259668 0.4922229179008211 0
1633 0.6504375135267366 0.2043538596071264 0
1634 0.1590195949292034 0.810586196778518 0
1635 0.4742150321528376 0.5833686294242865 0
1636 0.956147976797087 0.1768095486284663 0
1637 0.1743105303099121 0.06782359856061411 0
1638 0.8251266419383017 0.06710195160716323 0
1639 0.4960779529477994 0.02420745900025793 0
1640 0.8518982754954811 0.8830790314162833 0
1641 0.04385629575383428 0.8231925389395809 0
1642 0.4315162647887362 0.5756460836254594 0
1643 0.304542979037836 0.5632527499435483 0
1644 0.6785156991779819 0.898060493349659 0
1645 0.9285606665243903 0.1361297990504936 0
1646 0.6925602895056135 0.4414109641032289 0
1647 0.1619348594563323 0.6837229196955349 0
1648 0.9156691237601509 0.5771849434639461 0
1649 0.8951629220641109 0.3090983674110124 0
1650 0.07143667600666949 0.8638680743390835 0
1651 0.2514165234018501 0.5247245935961682 0
1652 0.9598447453642506 0.4400957298834076 0
1653 0.1534323907692264 0.05445545035597688 0
1654 0.3293147969930017 0.05573079353175248 0
1655 0.7714448826747495 0.6450811143931865 0
1656 0.4090756898819787 0.5822207524830817 0
1657 0.4376026080626664 0.7907082250813059 0
1658 0.7933517443290363 0.5684148171877259 0
1659 0.059787278960312 0.5242559394899762 0
1660 0.01631891231206541 0.270129576404852 0
1661 0.6933476262381524 0.8277418310415453 0
1662 0.3076723638389357 0.8198775900685246 0
1663 0.5715986220510407 0.6027799168919921 0
1664 0.3615498348916249 0.5450630378884285 0
1665 0.4566847105791199 0.1572244162593475 0
1666 0.2603855928910782 0.5656681798820661 0
1667 0.4119507380119097 0.8408631823803031 0
1668 0.7035184490131927 0.4846216404888 0
1669 0.3234995622546418 0.1017213438964413 0
1670 0.04659339342586784 0.08110641676201658 0
1671 0.3351189748536823 0.9480687646107432 0
1672 0.5529153326235656 0.2399659375851577 0
1673 0.327427362942314 0.2834153076005487 0
1674 0.3327612436927114 0.02378791779052824 0
1675 0.8590351265082309 0.3220185506840039 0
1676 0.7560255099584376 0.6276159199419895 0
1677 0.0725115280581423 0.4003084814695032 0
1678 0.4564853709420934 0.976262244887489 0
1679 0.5260963557700239 0.4048167372109691 0
1680 0.3863054930355057 0.4989254378904815 0
1681 0.2155409848097395 0.3027265554512082 0
1682 0.5477275540627465 0.5966164543011522 0
1683 0.8815125488014006 0.7370745120963007 0
1684 0.8396322500272826 0.6801392651304374 0
1685 0.2750085808584525 0.6921573585099142 0
1686 0.1540541903973781 0.9454242718239574 0
1687 0.01573010235365383 0.4944444444464913 0
1688 0.953302850956146 0.9205958233655569 0
1689 0.9251008511459211 0.8563328991168138 0
1690 0.03832214472742738 0.7608398582500434 0
1691 0.8925098599376454 0.9430614939144175 0
1692 0.8938128565418854 0.1420995138783457 0
1693 0.9609439565116251 0.2383513642922099 0
1694 0.7893001044876533 0.7065183531800215 0
1695 0.3468225725162509 0.2650806243267204 0
1696 0.2504313019615367 0.8468096497051163 0
1697 0.0159237320142566 0.6109390160019603 0
1698 0.1351593023650457 0.8647513405782352 0
1699 0.5384630231557406 0.02134648853383714 0
1700 0.2562486623442327 0.6056878608053915 0
1701 0.5635406006285766 0.5092440405008761 0
1702 0.9612648206455247 0.5930733038705682 0
1703 0.958856701188967 0.9423777394808256 0
1704 0.7927599671326224 0.08591823580214261 0
1705 0.8083473158442154 0.793773285787747 0
1706 0.4403603933618965 0.6167125538831568 0
1707 0.9085845499592479 0.2688345175276749 0
1708 0.2724828238902785 0.4545461700895053 0
1709 0.07608529709116305 0.5989020926739134 0
1710 0.9216983246150158 0.3309760905170965 0
1711 0.1699975731111486 0.1468534733733847 0
1712 0.220702977465796 0.2608248498245555 0
1713 0.8200842586656802 0.9764516219960289 0
1714 0.9212242480677614 0.164175699931117 0
1715 0.07681612803264048 0.8348955764603678 0
1716 0.1682141742102943 0.4908809349030482 0
1717 0.8645514117566275 0.1364126369533909 0
1718 0.5245458618064004 0.4832001964947536 0
1719 0.7170731545355407 0.1180110016265561 0
1720 0.2059772716692376 0.6598662386957274 0
1721 0.8136277780010378 0.02358491493320435 0
1722 0.08956672813031696 0.177136681740824 0
1723 0.3582518808507229 0.1318920420763231 0
1724 0.4007907768066683 0.365406297051271 0
1725 0.2004204537974403 0.08806000338551725 0
1726 0.1729155064400366 0.4652709362312465 0
1727 0.1058892116342175 0.8582456087779099 0
1728 0.4827902307716893 0.08623782602745102 0
1729 0.8458552899212067 0.05394004898823358 0
1730 0.0425515970796685 0.5813830212442654 0
1731 0.8771406116943476 0.8947808164638078 0
1732 0.1498094246582938 0.7521571892748268 0
1733 0.9205458505480909 0.05523213221570573 0
1734 0.6087273511284507 0.6282926686395875 0
1735 0.5765520936736833 0.5606936578609353 0
1736 0.3639339590885955 0.5889945840251519 0
1737 0.8640387271517842 0.8568348506199053 0
1738 0.9328023801894159 0.7723625445616316 0
1739 0.1522392719916845 0.09918972399474263 0
1740 0.2806359532627418 0.5435237884579336 0
1741 0.0794373368697433 0.9447557601567327 0
1742 0.31933282778207 0.3493936681543501 0
1743 0.9594953898604941 0.0579543198791265 0
1744 0.6385366912005138 0.4057164912587976 0
1745 0.8372791288117019 0.9024587785791904 0
1746 0.9846089745102262 0.5077364300000683 0
1747 0.04050394826701635 0.9420454580585473 0
1748 0.9267478027016947 0.4319843454873356 0
1749 0.2601044724333104 0.4824663374403046 0
1750 0.181144416036139 0.2477826318819285 0
1751 0.6008760469990969 0.6703005392226895 0
1752 0.07906684966186649 0.05520216214801838 0
1753 0.7577654325463189 0.8318308052212633 0
1754 0.1853380216722489 0.9764793233024069 0
1755 0.6818094038975172 0.5175777680859927 0
1756 0.5812354733337359 0.3776777242067483 0
1757 0.1269826330179422 0.7401361923867478 0
1758 0.701664954419992 0.2734499770676577 0
1759 0.1844552661893262 0.02356816993606931 0
1760 0.2943938405726435 0.3145654119110755 0
1761 0.7322070139476222 0.8131288202315423 0
1762 0.7147743591801622 0.8352812683617804 0
1763 0.4772081802466435 0.7746304729325271 0
1764 0.2022991401666343 0.912557495161244 0
1765 0.7705896785587338 0.02430718483191444 0
1766 0.3085328005012259 0.1287308992825201 0
1767 0.3624753411317471 0.7261433354713571 0
1768 0.5221758930198305 0.4375680888127069 0
1769 0.8608216218024648 0.5984003283265171 0
1770 0.03992984535854605 0.05764995597986272 0
1771 0.5539888388040097 0.4047980944877819 0
1772 0.6606941579526884 0.6635084859915116 0
1773 0.3499527170998777 0.7672489913763461 0
1774 0.3008216018803062 0.5198430456485259 0
1775 0.05068054294948476 0.4243175701572938 0
1776 0.9616661211551295 0.7148250737790727 0
1777 0.4963928447334766 0.546258732596139 0
1778 0.7078318123535162 0.3897774450655356 0
1779 0.8469509554046349 0.4710458625517136 0
1780 0.05945108359139584 0.6396061869357808 0
1781 0.662773966743377 0.9779441358827052 0
1782 0.9196446193996823 0.9442736409996249 0
1783 0.6864200976244295 0.6959141344670461 0
1784 0.3803422287666109 0.3971969031400665 0
1785 0.07021892238401958 0.2393142022730212 0
1786 0.09253176079405448 0.5308156982913295 0
1787 0.6272465728706516 0.2409614595808655 0
1788 0.2565976608399821 0.3858408265592507 0
1789 0.5070168043955141 0.9128934800602817 0
1790 0.8770149712540161 0.1713496909348461 0
1791 0.4237030026012155 0.4309874081298832 0
1792 0.1228326468906407 0.8290081008663363 0
1793 0.3437269239278036 0.6313513496973739 0
1794 0.9124272864632658 0.5403071834888208 0
1795 0.1476956684180248 0.4580926817168016 0
1796 0.9191615286069825 0.09755504568225998 0
1797 0.01504106977075241 0.3388888888902989 0
1798 0.2425636820256356 0.1693959898765215 0
1799 0.6678996811717512 0.7755409659889021 0
1800 0.08083002826631912 0.9024403349002272 0
1801 0.8654821363151814 0.7683165030262008 0
1802 0.4033218292416166 0.4467466648747753 0
1803 0.3054011561762821 0.171480859478627 0
1804 0.179732379680853 0.7195409680960184 0
1805 0.0376035048041998 0.1431096993622213 0
1806 0.06918868835497277 0.5500112926480053 0
1807 0.9627162648907016 0.1474364000843591 0
1808 0.08809515424750079 0.4674155404500344 0
1809 0.03728349679151738 0.8525633915611124 0
1810 0.9608029290989135 0.8594795259211805 0
1811 0.851037183250722 0.7148872695488936 0
1812 0.7218715835128164 0.09497433289410384 0
1813 0.01475847253615417 0.2403457455502195 0
1814 0.657276955400747 0.2719699257425144 0
1815 0.4149307137634188 0.6266960042125904 0
1816 0.7424846991061811 0.9437283467647137 0
1817 0.3731223538953556 0.4397369883660632 0
1818 0.5750082221736075 0.7853462687288809 0
1819 0.7658515293804438 0.5116487381524051 0
1820 0.6160279375633883 0.9129011217291242 0
1821 0.8126329609069559 0.4672649651206039 0
1822 0.6681868868734893 0.3432589156010506 0
1823 0.0900131025516844 0.3957528407816321 0
1824 0.1312289218899206 0.6002495262376785 0
1825 0.4797653839280193 0.1789068144557207 0
1826 0.08052092132043712 0.09736989270669671 0
1827 0.09926683063422465 0.3494427186802145 0
1828 0.2794611982340161 0.8835992106359148 0
1829 0.9535839972820923 0.7772224604690715 0
1830 0.1581905623677124 0.9006150604686003 0
1831 0.1044328849899364 0.0870264321928135 0
1832 0.5973806923858592 0.2906918922699522 0
1833 0.5199413556987247 0.7875935918546958 0
1834 0.1792288195811155 0.2848707937154146 0
1835 0.7255945350538857 0.6993286917907324 0
1836 0.6557654999829139 0.1688953927318329 0
1837 0.4133923696531978 0.5386763108735459 0
1838 0.6270888520734081 0.3533082138956581 0
1839 0.1170187221570664 0.482176980178319 0
1840 0.4446257748900175 0.2034077573358253 0
1841 0.2267426165751901 0.978449002557547 0
1842 0.06291745198275832 0.2655642252081946 0
1843 0.04422394201961816 0.02053121214394114 0
1844 0.4442789551035363 0.2822966699406214 0
1845 0.6025948815987627 0.8821000658635434 0
1846 0.8183243230578054 0.7334987098570143 0
1847 0.5013009488496637 0.4461721892941384 0
1848 0.8712102086409469 0.4990542670523368 0
1849 0.9556478306069689 0.02054647502265784 0
1850 0.0443508342542708 0.9794536832690005 0
1851 0.8628053405538982 0.7477646558002228 0
1852 0.9838093325736498 0.16761577809447 0
1853 0.01619056135220603 0.832384216317853 0
1854 0.2753338307855474 0.9064517100893372 0
1855 0.7887598705555677 0.6106192944255762 0
1856 0.5429258874818574 0.7597266828453435 0
1857 0.7683157581769594 0.6096373662471031 0
1858 0.04041293273955154 0.7341484077282181 0
1859 0.959134205394241 0.4108144482642644 0
1860 0.2204770617078289 0.3725450491103781 0
1861 0.2172361716494086 0.7047780608622708 0
1862 0.0441472009263115 0.3955181957360539 0
1863 0.7040102611313681 0.6289427588024755 0
1864 0.9516809716574255 0.5121938304287962 0
1865 0.8617776841438355 0.5337683513339676 0
1866 0.09990785208927361 0.5861884570300521 0
1867 0.9576532368395962 0.8331002706084061 0
1868 0.1479458948932623 0.1928938962128422 0
1869 0.07909647837040194 0.4347940050179419 0
1870 0.06860720002808732 0.1531394828399748 0
1871 0.6046050766205193 0.4957068925650976 0
1872 0.9537964333667561 0.9813650279395818 0
1873 0.1940247085087178 0.631854045968979 0
1874 0.4553904996988475 0.2430594041820904 0
1875 0.7462279257379317 0.05488029484495644 0
1876 0.7994418095716087 0.7425507111700577 0
1877 0.8503829476706168 0.2970418894997878 0
1878 0.889144217026906 0.5110666573682318 0
1879 0.984450137791945 0.3080705009620495 0
1880 0.4724789772089272 0.05703488809423997 0
1881 0.1415735760695774 0.713770587991007 0
1882 0.03642524957433806 0.4741353899929019 0
1883 0.5755046696289553 0.4593079707174559 0
1884 0.916727415252398 0.02191164679866238 0
1885 0.4374839647160171 0.5559580122819833 0
1886 0.1411033127913736 0.5236555773978134 0
1887 0.1854862114170602 0.8132351842613872 0
1888 0.423198255531943 0.2162773060838602 0
1889 0.3427954170865096 0.8308564502449057 0
1890 0.2764671450794428 0.7851724374324446 0
1891 0.1008119618191949 0.1610935546215808 0
1892 0.3611776184974006 0.3474759699626162 0
1893 0.0831854208730648 0.9781450562041972 0
1894 0.09155884456977713 0.7326563979110902 0
1895 0.6989921077732242 0.7492594992374128 0
1896 0.7185105797762825 0.2127611164047802 0
1897 0.9595313249620544 0.4569182996328869 0
1898 0.09074200855576324 0.2680644826255358 0
1899 0.2377431763885335 0.5129108863589632 0
1900 0.6283515730033515 0.268959414639131 0
1901 0.6564545864595401 0.3702924546090726 0
1902 0.8299459202619781 0.8394722147253737 0
1903 0.8579837209366228 0.9789614367881014 0
1904 0.06609761342915785 0.4188075387610484 0
1905 0.7867078726518657 0.5426237386779096 0
1906 0.2967714596600765 0.6149649594006583 0
1907 0.2082846300527793 0.5962040016838079 0
1908 0.9588304811526156 0.2092805560176534 0
1909 0.8975088612931873 0.8348808251385107 0
1910 0.9595393193855367 0.2651265187366473 0
1911 0.6721302408492172 0.5793176388622426 0
1912 0.5572287866471409 0.9273294140115266 0
1913 0.4424517026211175 0.07529783986339857 0
1914 0.9323166845262715 0.6969799374966761 0
1915 0.04117561304961086 0.7907508714306953 0
1916 0.2476598599429923 0.9441985373162997 0
1917 0.8106364764566243 0.39211238699436 0
1918 0.9856943012391751 0.4187977238708164 0
1919 0.08283077908368948 0.02169809095972379 0
1920 0.5261341603574569 0.9446481846877589 0
1921 0.8538486160081815 0.4366654610433081 0
1922 0.3334150984680801 0.6602354528866864 0
1923 0.9152251509391081 0.7250249793138287 0
1924 0.6544051567571468 0.9359286338800386 0
1925 0.8305715569334211 0.7654020163273888 0
1926 0.8143905072830597 0.1862888481631789 0
1927 0.7189129900347124 0.574620202306018 0
1928 0.8139935971984784 0.8237933392459044 0
1929 0.1566948861677756 0.4287853789376039 0
1930 0.175144344779638 0.8568844303347 0
1931 0.9306142372934738 0.4903035554729498 0
1932 0.9340671226408406 0.7157110488154663 0
1933 0.8962379679719349 0.08595358121566497 0
1934 0.2281532911285652 0.2081467997301703 0
1935 0.8815278995175766 0.2762209738157631 0
1936 0.07457821288820372 0.7972559856221161 0
1937 0.9254077902912337 0.2024724352997067 0
1938 0.2347648739981389 0.6819230415199193 0
1939 0.3912313670233449 0.3281303828741771 0
1940 0.6246761861929377 0.09320741899960792 0
1941 0.826224345022871 0.1431012134273421 0
1942 0.6309533582837623 0.9421049881880724 0
1943 0.6375341801842608 0.9774600445336741 0
1944 0.2692648152562359 0.1851684273207062 0
1945 0.6644068087802274 0.2506408460969252 0
1946 0.1027869579671835 0.9137991212165524 0
1947 0.8461201532159255 0.379002405099825 0
1948 0.7589093734610753 0.1072943252363132 0
1949 0.255179142831564 0.3263575866467322 0
1950 0.8759297575459781 0.1961866557857351 0
1951 0.842471433591273 0.09879454040085953 0
1952 0.6200523387401313 0.3869610089534174 0
1953 0.2587671838472447 0.6623904438062285 0
1954 0.9846738325181787 0.2584742467215029 0
1955 0.124107124398987 0.8037799803307871 0
1956 0.455847459929103 0.4009054846190536 0
1957 0.8120394482511668 0.7717016991322462 0
1958 0.985032314432374 0.218986620498931 0
1959 0.5145232865290335 0.06069497355676397 0
1960 0.3111434306766337 0.751316679101988 0
1961 0.7552451296377187 0.1694001027473146 0
1962 0.9108883527463776 0.6899946493109992 0
1963 0.6140804643231892 0.4616452572878911 0
1964 0.4612494339200514 0.5103644305511597 0
1965 0.2151895850772008 0.7703097293571115 0
1966 0.9312993629195083 0.4500415667999794 0
1967 0.5371857855335053 0.6295930302908831 0
1968 0.3594973988205254 0.9788556506366233 0
1969 0.9306472197075785 0.2993182045580183 0
1970 0.01523379761141361 0.7413448613974647 0
1971 0.1191484274136047 0.8960906882759579 0
1972 0.5191514864528317 0.2279109453252079 0
1973 0.3969463986537936 0.1176841380491697 0
1974 0.01489001340875994 0.7811623606542742 0
1975 0.3714333786384913 0.9073728276703054 0
1976 0.9574296232519484 0.6090412308071943 0
1977 0.01428996941332212 0.5634838707317212 0
1978 0.2833686637830881 0.1650461126843444 0
1979 0.6607510113173221 0.6841547418813926 0
1980 0.4834304524530139 0.9403547931739809 0
1981 0.3441074268129953 0.7316773588576342 0
1982 0.2067639474282583 0.1496965521343175 0
1983 0.5394853197607854 0.9770025837138333 0
1984 0.6381636042866468 0.02136808248041749 0
1985 0.9837010518777967 0.574244004937432 0
1986 0.05914452068588654 0.6543216541309521 0
1987 0.784469844497834 0.2264294473521423 0
1988 0.04253773629837415 0.4981489649818382 0
1989 0.960581545940199 0.3784068988550852 0
1990 0.8097017313729902 0.7066340374456315 0
1991 0.9850689750153481 0.8410960844342458 0
1992 0.938181496645051 0.3418762614171231 0
1993 0.336069708535747 0.7517837973852621 0
1994 0.1010539637569463 0.7815132460698377 0
1995 0.3600746010512995 0.02144570427299654 0
1996 0.8806451496722123 0.103849941256062 0
1997 0.3760538260714297 0.5709840122706543 0
1998 0.1114286312549004 0.6064769687699639 0
1999 0.38441845156117 0.1561582797853265 0
2000 0.382779174326422 0.2929834233626964 0
2001 0.9203348286728457 0.6683927284852118 0
2002 0.172486263514731 0.2208266844036354 0
2003 0.2077921691338842 0.4627308931216132 0
2004 0.8985271548151229 0.4464066921054048 0
2005 0.2468836663137949 0.7219168030862068 0
2006 0.9172864950591917 0.9787756302019935 0
2007 0.1050087333287936 0.63747726513361 0
2008 0.2406579461010129 0.8945619687754633 0
2009 0.6262997301613104 0.4275644465885464 0
2010 0.9117211328232495 0.4615675812856317 0
2011 0.9856431642870248 0.728718932412412 0
2012 0.9855911749920686 0.7924864866834564 0
2013 0.3720315939160273 0.05693032429418687 0
2014 0.6487130567893751 0.1089866405059433 0
2015 0.1424389362358117 0.7731867370484959 0
2016 0.8995463806759614 0.2158280906389734 0
2017 0.01384263855543375 0.5802030670718967 0
2018 0.231200755613062 0.7446864262797986 0
2019 0.7887260825162996 0.4053015298158785 0
2020 0.9461034262891097 0.5837561153420495 0
2021 0.06470297330637198 0.491047912461405 0
2022 0.8248911943872781 0.6045894220555055 0
2023 0.2968179592989433 0.3832038053049898 0
2024 0.2474506571900599 0.05716320372461176 0
2025 0.7661257351037097 0.2561317787906947 0
2026 0.7886282962813328 0.9504070560708042 0
2027 0.8267132136989064 0.3233964656044365 0
2028 0.795593630170992 0.9764207490895576 0
2029 0.8459539760843375 0.4112884809677623 0
2030 0.7544534647365553 0.2826451136466827 0
2031 0.1738642223641721 0.5103536725299667 0
2032 0.553279812242521 0.7189642950332776 0
2033 0.01534805135899943 0.1371541144815454 0
2034 0.7552478205475032 0.359897908146887 0
2035 0.3089844753333417 0.2515506094607224 0
2036 0.4455227905389126 0.3596997168328812 0
2037 0.8701965242840575 0.3561960296694767 0
2038 0.06520527840498566 0.3124479827859344 0
2039 0.30375095428115 0.0576906977014635 0
2040 0.1177072941693976 0.3803926095922501 0
2041 0.0415029919065914 0.6142107520671746 0
2042 0.6983692745246064 0.7979775264092102 0
2043 0.5628414120325449 0.689382476344885 0
2044 0.2239182102196897 0.5504698701891175 0
2045 0.2586744150558148 0.3668189551820848 0
2046 0.08723728602802613 0.115826693895035 0
2047 0.9851667032531151 0.6380051130495046 0
2048 0.5531823294386415 0.4385121269807203 0
2049 0.1096419663654302 0.4197740986751037 0
2050 0.9320984100630135 0.6064131876351797 0
2051 0.7595417889810602 0.7540533161610603 0
2052 0.9641609209198756 0.5598704747667017 0
2053 0.9014943960966495 0.4137167827072766 0
2054 0.2422341653296414 0.8268843321032899 0
2055 0.9660415947435772 0.7493750052852879 0
2056 0.7951977231966983 0.8307128309007826 0
2057 0.8086626667036122 0.6733164259026155 0
2058 0.3806969694969798 0.3750891812052829 0
2059 0.5385893079666202 0.5774253409096314 0
2060 0.9532092697326399 0.4250949029266454 0
2061 0.5752579074823954 0.6233698911432888 0
2062 0.61046760547965 0.6038820286931039 0
2063 0.7418765562757009 0.3425283955665753 0
2064 0.1464241411640044 0.2416026376065145 0
2065 0.2194660114616959 0.3396797328365655 0
2066 0.9235774768091838 0.4019557011787425 0
2067 0.267534530017465 0.8072574816892174 0
2068 0.3001049477625962 0.2173043013472686 0
2069 0.7455500093400871 0.187567495113427 0
2070 0.2365258648021901 0.3903525712176104 0
2071 0.9538909246894681 0.2258157899764516 0
2072 0.5365571947426317 0.8495112584272058 0
2073 0.5969264357014448 0.4502566446509744 0
2074 0.01373785014226438 0.6277777777789706 0
2075 0.04574406766290691 0.7740576014285471 0
2076 0.08831230433076526 0.6538679860977853 0
2077 0.4591001166351477 0.02225045416862224 0
2078 0.9858766236932947 0.9277777777775855 0
2079 0.9852925132040137 0.6863288215465252 0
2080 0.01443365639753492 0.1195890712110842 0
2081 0.3443421482572807 0.8892417327819242 0
2082 0.7849739117036262 0.7312521184074208 0
2083 0.5616694103358569 0.3862573638888814 0
2084 0.8670140239362392 0.223199836920999 0
2085 0.8862395880801912 0.4763156060389718 0
2086 0.5682824235861013 0.6607995876807983 0
2087 0.6796734416880265 0.6075596380766473 0
2088 0.9247166561920305 0.3677036586477926 0
2089 0.2621328491943854 0.3027036322513448 0
2090 0.6133738486011119 0.8447450876061826 0
2091 0.5875896039537023 0.2440951137744047 0
2092 0.3787055090869949 0.8131749618124113 0
2093 0.01406171501132651 0.07222222222252278 0
2094 0.5507211299179412 0.1785912266318887 0
2095 0.1586376372370193 0.1270508199708129 0
2096 0.5498104388171275 0.3337335538314539 0
2097 0.6154913683087317 0.1559004413535847 0
2098 0.9840935873383068 0.8796911647826993 0
2099 0.4121437042623579 0.9759631941957017 0
2100 0.5831918690361535 0.02389002961650556 0
2101 0.1918537307569249 0.3563199213921001 0
2102 0.9369327970063757 0.5563189210654953 0
2103 0.1073206601754187 0.2925507132842095 0
2104 0.9121450906102428 0.6128043300505341 0
2105 0.1188668845731169 0.5014076839649912 0
2106 0.1543357130268949 0.5855877561903038 0
2107 0.4563290284320534 0.5439932798917115 0
2108 0.950054699544302 0.3160295982284071 0
2109 0.8527780506775551 0.5032510934788881 0
2110 0.4955591407809971 0.2837308805965764 0
2111 0.1474001606945013 0.3957619699407373 0
2112 0.7423638757918729 0.1278597499890713 0
2113 0.2083799542094465 0.8418449310564764 0
2114 0.6560086203194349 0.54486935332383 0
2115 0.9643470630572955 0.6822663618689738 0
2116 0.7308902081558941 0.02126587712682544 0
2117 0.9855999163443766 0.7017050376017767 0
2118 0.7344758165889888 0.4488450300211583 0
2119 0.8801141612668359 0.2438680834987006 0
2120 0.3830150085418791 0.5308828505275743 0
2121 0.3819773848473367 0.0896357264909336 0
2122 0.9861152535394787 0.0722222222220792 0
2123 0.8130666398496592 0.5649282576280112 0
2124 0.01388486370480264 0.9277777777774762 0
2125 0.2565495960049042 0.4435630829712198 0
2126 0.5663235167655539 0.4146687847594446 0
2127 0.6202109420806098 0.1874431984105505 0
2128 0.04556606282349138 0.2391273521434241 0
2129 0.5231292524997434 0.1803836329804097 0
2130 0.2801990245625857 0.1105947248903931 0
2131 0.4240930407238055 0.1309967500159107 0
2132 0.2397269179376889 0.477442120912583 0
2133 0.3744068472597295 0.7505698582199651 0
2134 0.2759162430832703 0.8428957297094385 0
2135 0.01329008481265684 0.3943767460942899 0
2136 0.1461007061203073 0.6788329779586877 0
2137 0.1214238902820821 0.6563307820615809 0
2138 0.2309417651882943 0.3236044530645886 0
2139 0.1270461987178326 0.4469079361440915 0
2140 0.03661616382017658 0.3487511406251147 0
2141 0.2663654735961616 0.978695738870807 0
2142 0.7936750003402669 0.1580754544571121 0
2143 0.3824765179347343 0.840199517905084 0
2144 0.3980895547160406 0.5663263620852637 0
2145 0.6552080442035418 0.4565693512743874 0
2146 0.9861995097197618 0.4589814293285157 0
2147 0.5712207969814871 0.05044586134614289 0
2148 0.5755537260915204 0.1160331554393541 0
2149 0.9624545836574045 0.6541047477931429 0
2150 0.8355327139358923 0.0215834522119283 0
2151 0.4973980626529599 0.2433653683304886 0
2152 0.6202447243384724 0.6676822352560453 0
2153 0.1297008065992505 0.1820756222978912 0
2154 0.5028854397762178 0.7181084778255568 0
2155 0.06774519172705128 0.7002587476534079 0
2156 0.9849678441076893 0.1174359198376551 0
2157 0.0150319775227392 0.8825640196319238 0
2158 0.6010287589060882 0.9786853590768875 0
2159 0.7220338135424386 0.1575784241762167 0
2160 0.2810161452473048 0.366222688462141 0
2161 0.5524323240838667 0.1094484187260184 0
2162 0.1446267783754585 0.6559973716483977 0
2163 0.4168778544189702 0.8860409711313192 0
2164 0.853359305284248 0.6222053292814264 0
2165 0.5673925325508888 0.8561201193108666 0
2166 0.1930620541540457 0.6501732260694918 0
2167 0.2504995053343181 0.6465864152621328 0
2168 0.8728155495831867 0.5628592754026076 0
2169 0.04800225336077617 0.6831308987430494 0
2170 0.5501425521465952 0.3656798740821113 0
2171 0.9309906090015337 0.8732698745353165 0
2172 0.1769290823784842 0.7561598305876291 0
2173 0.3614094355765468 0.2996993199614594 0
2174 0.7543992004609522 0.4800294111162549 0
2175 0.7580649192432173 0.9837237763609235 0
2176 0.5910344157742128 0.09407357388907589 0
2177 0.7449815586301894 0.304734996387068 0
2178 0.9265183337524912 0.268720849413289 0
2179 0.1931151472495873 0.5426296331468288 0
2180 0.2313487627406596 0.2451746418790036 0
2181 0.07310433682913733 0.6329115728228205 0
2182 0.7656682135897506 0.6976383071362311 0
2183 0.4278901609774511 0.3403477546156497 0
2184 0.1817953211659212 0.5733118809971008 0
2185 0.7122744315443228 0.5562169487023907 0
2186 0.3332520260177853 0.7153919913631366 0
2187 0.4047447705813792 0.9093886697905017 0
2188 0.646852634344763 0.5172398590781181 0
2189 0.4244678369025627 0.9501427416153476 0
2190 0.257393838855524 0.4202495645982661 0
2191 0.7495781548574725 0.9057114457686329 0
2192 0.1353143342070571 0.4264454773078539 0
2193 0.2107258168582924 0.8830222193890969 0
2194 0.6683917670039794 0.4334432437431853 0
2195 0.04029258585382935 0.6318964251585588 0
2196 0.526606692290614 0.828395085344706 0
2197 0.1642897140644486 0.3749553786220267 0
2198 0.2253606878349162 0.6550596230658435 0
2199 0.7792318749426306 0.2918580655596191 0
2200 0.110684885611935 0.5535472511794223 0
2201 0.7638317168153808 0.7354923563162743 0
2202 0.6923131281903381 0.05992393244391209 0
2203 0.8352793381555947 0.2132302336983041 0
2204 0.7416502136568683 0.5093140073006102 0
2205 0.9372565625939837 0.5201873513971783 0
2206 0.4686364573577163 0.4688077877186254 0
2207 0.4422119857757646 0.8911634324146245 0
2208 0.5018267328179873 0.08336609002625858 0
2209 0.8508645289046284 0.9480681814179553 0
2210 0.6241262418842621 0.07017274892757248 0
2211 0.2420950424777641 0.286915250391927 0
2212 0.0165513434200216 0.2035365823377317 0
2213 0.2271333572101332 0.3549951077740241 0
2214 0.9034975292879208 0.2505029758878154 0
2215 0.1457673996727921 0.6213145806277831 0
2216 0.5248288083244993 0.377898915574416 0
2217 0.1352097600777742 0.3093668530615223 0
2218 0.5619182807730088 0.8797541775710584 0
2219 0.7185090134423662 0.8828424664140117 0
2220 0.5045145887232395 0.7995242246041594 0
2221 0.9355331625724781 0.1505304191033504 0
2222 0.7442243034011408 0.589520092720382 0
2223 0.1436656485055102 0.3277910349735843 0
2224 0.891487920548992 0.7554813073188897 0
2225 0.9521139712063096 0.850713925854588 0
2226 0.04131306561837583 0.5649295274112671 0
2227 0.9043586737369116 0.5072798839486482 0
2228 0.7394108188780184 0.6771736027872131 0
2229 0.06463438480760351 0.8496772969112022 0
2230 0.407909490160038 0.4674312102409879 0
2231 0.2413747384185752 0.09937295186802084 0
2232 0.2179943662647958 0.9278702716204632 0
2233 0.6335632548658507 0.3036345452796956 0
2234 0.5914372212959977 0.186369042988372 0
2235 0.8631602256183082 0.9198802476546512 0
2236 0.161268836208396 0.9768672065425934 0
2237 0.8478974039778951 0.8241055542005794 0
2238 0.4092797487965862 0.8169119425903461 0
2239 0.8455292975002171 0.1272382639335114 0
2240 0.3447710715900357 0.4853858245744084 0
2241 0.8308471386160929 0.4580779654559919 0
2242 0.4181414882906418 0.1768631762225849 0
2243 0.1751537840156626 0.7818548678591026 0
2244 0.7061948305437551 0.5919835966809542 0
2245 0.1392272838728823 0.5041334248743086 0
2246 0.8969692126473874 0.977622286187298 0
2247 0.8238823887072486 0.2461591392948088 0
2248 0.5881411737431247 0.2664032738509575 0
2249 0.1798909641096969 0.3887365812188517 0
2250 0.7334656152782382 0.7457222420528188 0
2251 0.8329056878197981 0.2969450513884021 0
2252 0.4816688064424099 0.6446016590012731 0
2253 0.7807099057954255 0.07422197913119985 0
2254 0.4974862030783248 0.4045968549389498 0
2255 0.8705506179970297 0.633942919573153 0
2256 0.3487739190958596 0.06471338808463388 0
2257 0.9632595606137748 0.5299924846620514 0
2258 0.3048806754108224 0.2879814753190543 0
2259 0.8671242719401978 0.7064537292948343 0
2260 0.3050593609212492 0.9410573295045714 0
2261 0.4358352753576149 0.7491492642993931 0
2262 0.1605845828015292 0.02321307740134169 0
2263 0.6291052745207265 0.7358214701428029 0
2264 0.8295038173275769 0.3659543646200473 0
2265 0.4595999557944888 0.9467767131560351 0
2266 0.1179264243151469 0.7689808137235341 0
2267 0.2501653945012509 0.1869844358854144 0
2268 0.9902634812952735 0.605708145067232 0
2269 0.9291719405911376 0.925762601349112 0
2270 0.7867990610414032 0.1933496675641072 0
2271 0.6540539251876548 0.5726183532165093 0
2272 0.7935865874871245 0.7568966546110805 0
2273 0.2132211738430226 0.1913096877029483 0
2274 0.9115716657168577 0.8856464478901894 0
2275 0.4297171460727672 0.3107909474403119 0
2276 0.6716653692314996 0.378876452182588 0
2277 0.8908337764546916 0.8800105302233128 0
2278 0.1356526191736532 0.1574298681094442 0
2279 0.2531146437814826 0.2213702382021285 0
2280 0.6654905404509028 0.8100679041714003 0
2281 0.4678786769974526 0.3691719629185732 0
2282 0.3034017754453058 0.02190060751766884 0
2283 0.03807174664212282 0.660108683664118 0
2284 0.2550657802358364 0.8727467017994057 0
2285 0.05418874962671549 0.211934360898777 0
2286 0.6908048278602158 0.3477748847827729 0
2287 0.9477839343888044 0.04058267081370853 0
2288 0.05221053581294843 0.9594198737503559 0
2289 0.9645619276869517 0.3311565820519339 0
2290 0.6825296578875405 0.1039203651150791 0
2291 0.2774452085455906 0.2793355941891131 0
2292 0.9098095995351245 0.8173348465290962 0
2293 0.9661864837599672 0.3021211413023714 0
2294 0.1097896289945289 0.234421791577949 0
2295 0.8763879094567371 0.4544781969927663 0
2296 0.7805255739733081 0.1733484224688687 0
2297 0.82420333275105 0.8033586479799638 0
2298 0.7301431765779755 0.4261635207471334 0
2299 0.05201316184299358 0.04047589982238049 0
2300 0.8852751100241127 0.3725945156404972 0
2301 0.1899534088262192 0.5984181063332941 0
2302 0.5276376719970421 0.7441030844327068 0
2303 0.6334698006515135 0.6916766546544314 0
2304 0.2822882719354302 0.3309492807440486 0
2305 0.8103250589462379 0.2156866375327688 0
2306 0.9429899244451556 0.1018675654580248 0
2307 0.1159844713018554 0.7531526513147916 0
2308 0.2204961537427282 0.1701993380588651 0
2309 0.3711894485605473 0.3300213570124193 0
2310 0.3976727600112563 0.02042020711209319 0
2311 0.05700757694888366 0.8981316268255333 0
2312 0.9015601884940712 0.8564184841271719 0
2313 0.03339267826298046 0.381587076045952 0
2314 0.3344256598561072 0.5718011759441683 0
2315 0.05841330496779075 0.4698429467299298 0
2316 0.07355313581550343 0.9268367438730809 0
2317 0.03547858789931752 0.6976892477814431 0
2318 0.9264567396955625 0.07316577441792491 0
2319 0.2699865350182623 0.144762870791245 0
2320 0.718827393455421 0.9308117042836055 0
2321 0.3702214717298993 0.9306444801829258 0
2322 0.07343367469826259 0.07423241545683013 0
2323 0.09010906938630918 0.6176929166138075 0
2324 0.3640889433607303 0.702039153257308 0
2325 0.2133891059361219 0.8073880654681249 0
2326 0.4980231170576058 0.044190386185998 0
2327 0.9462703116592023 0.9603784318784998 0
2328 0.4387722682157795 0.1817564357906228 0
2329 0.4858611833044313 0.6798483660093697 0
2330 0.725556201141665 0.1941032120995593 0
2331 0.5302574358505466 0.05205045546492199 0
2332 0.9860051849978393 0.2843963612360592 0
2333 0.1581941164517046 0.1656137906614033 0
2334 0.2223208210466725 0.8254014123495426 0
2335 0.1543529035807748 0.8736432966614023 0
2336 0.8924465793447016 0.3985212284989154 0
2337 0.7018971214321483 0.5248095888347742 0
2338 0.1229282928843145 0.2830562319508343 0
2339 0.1981919200141629 0.5662790214635851 0
2340 0.9413358579607336 0.8982694439546388 0
2341 0.9850807952770356 0.134463114146574 0
2342 0.5922697831751949 0.3294297531564432 0
2343 0.3146039030372695 0.4955322207270584 0
2344 0.01491910655282826 0.8655367830525201 0
2345 0.788344241325632 0.1176260468066328 0
2346 0.01339971290033662 0.7151471657525377 0
2347 0.9892092872358853 0.484585799784348 0
2348 0.3132914700469241 0.8963298562161647 0
2349 0.5013914139711741 0.7620145764881761 0
2350 0.1423358596910765 0.4736277017301609 0
2351 0.8402169769842273 0.4871314216135 0
2352 0.4977253750448247 0.9587279298458947 0
2353 0.8363144181917281 0.6455550087174606 0
2354 0.7060138969423552 0.6854766014510224 0
2355 0.015987914345276 0.3626682682521585 0
2356 0.3304458220356279 0.217345780017835 0
2357 0.7317458206675386 0.6100825787964502 0
2358 0.3806316913805073 0.4751429382293274 0
2359 0.03332874208281632 0.1138568261131362 0
2360 0.4780930000577816 0.6058848950436996 0
2361 0.7261506319549209 0.982544765431805 0
2362 0.9425428919496652 0.5400876428177692 0
2363 0.2657619246533129 0.3999583114396666 0
2364 0.3263830197009236 0.5968417533587275 0
2365 0.9895694530679395 0.659745763232484 0
2366 0.1640982357739535 0.6452244294612219 0
2367 0.7591306171864568 0.9252063994259194 0
2368 0.6767316686573005 0.4084684658571034 0
2369 0.2875405428405267 0.5820679975823183 0
2370 0.9033292767030108 0.1770432800058093 0
2371 0.835976126749285 0.74655686079437 0
2372 0.309083247170007 0.8546150613724672 0
2373 0.09462579965841424 0.481031971830609 0
2374 0.6128554504617876 0.7049732600780845 0
2375 0.5361366876578811 0.6070195736430387 0
2376 0.09667341583149186 0.8228836452339415 0
2377 0.9529572120180679 0.2469216691629262 0
2378 0.9862070277753283 0.5492236150668705 0
2379 0.1507174205239346 0.4892494315412981 0
2380 0.425284274159942 0.2718709951883467 0
2381 0.3462565158089713 0.3721450270632879 0
2382 0.2635664634631431 0.7483518370102012 0
2383 0.572925939787245 0.724976082914092 0
2384 0.5056011115321691 0.2653915624622826 0
2385 0.9076745333691529 0.3806612517555423 0
2386 0.464378406461334 0.6233898819996578 0
2387 0.07463776774439407 0.7354200420748284 0
2388 0.3848625539263001 0.6940422538164557 0
2389 0.8974482680524051 0.9139424808303469 0
2390 0.9587099965108494 0.6974241410864489 0
2391 0.05682326663197259 0.1016440532791854 0
2392 0.9328375382523151 0.2490343032574483 0
2393 0.7451812082905187 0.2477675618715248 0
2394 0.6512404180502024 0.8305298611462583 0
2395 0.1401874578482222 0.9046539428230231 0
2396 0.4826476649329545 0.7934360149281877 0
2397 0.1191822234359816 0.2594261427222904 0
2398 0.3116172130199423 0.6298800872497061 0
2399 0.7819120639420545 0.577422506167973 0
2400 0.06683844782726581 0.7512337834370066 0
2401 0.4059646171585352 0.7302566448812393 0
2402 0.0982974264703889 0.1922600129542414 0
2403 0.5754823590951025 0.9144391592492115 0
2404 0.9704624537404114 0.3603771525403393 0
2405 0.9399990653795702 0.126368438113488 0
2406 0.6774200032327106 0.1702212466445239 0
2407 0.05999851243780865 0.8736309903809197 0
2408 0.01247228654006801 0.3055555555568273 0
2409 0.5612418259960428 0.2717715046395331 0
2410 0.01429286753032111 0.2241454598309139 0
2411 0.0133748834888418 0.4608492960183672 0
2412 0.5092683458930628 0.8754648842225989 0
2413 0.4461192815513497 0.7231139448487663 0
2414 0.9659896448145524 0.8900975342419276 0
2415 0.5075439091215839 0.5822421633087513 0
2416 0.1922841211271257 0.2662157879647132 0
2417 0.6910510104849701 0.3743016502750833 0
2418 0.1597053668577459 0.741220270839458 0
2419 0.1768326976806374 0.6560259112677966 0
2420 0.2680443607538667 0.02080981292700786 0
2421 0.8818827611706888 0.2312038244022294 0
2422 0.7951891037229879 0.6785874965444988 0
2423 0.371664919521359 0.647815903299496 0
2424 0.9717711956896157 0.08553135650010668 0
2425 0.8059875339912641 0.3446038415686193 0
2426 0.02822865312805826 0.9144685045603793 0
2427 0.5004819795906256 0.3725086327030045 0
2428 0.4377339437468551 0.116901574772092 0
2429 0.3063609240002633 0.1889055769484091 0
2430 0.69487379645176 0.2882386883870044 0
2431 0.8597404113720757 0.0951557664079109 0
2432 0.8603475100197655 0.5501444652612473 0
2433 0.5326480763899152 0.2432494466674574 0
2434 0.0935297804375621 0.7501763091722429 0
2435 0.8587877528244457 0.6818066314024959 0
2436 0.706816929509102 0.8670446535374755 0
2437 0.4981912333775766 0.1185040255174135 0
2438 0.9077273244918982 0.290555998023423 0
2439 0.409487934329496 0.6668673658249339 0
2440 0.6881761635153586 0.4930967666307085 0
2441 0.783513513777535 0.2663487786136267 0
2442 0.666802050529637 0.2905884575888528 0
2443 0.01444420669103941 0.6725115109319983 0
2444 0.1582620119184948 0.2719870973569751 0
2445 0.9538452595212235 0.1591175913010009 0
2446 0.01425452477793648 0.6942552472473628 0
2447 0.8573682706530238 0.230753407719674 0
2448 0.04595672088876421 0.8413050964737954 0
2449 0.6028001336210036 0.9562125014307155 0
2450 0.6708776275725122 0.6431471333058061 0
2451 0.8071655838569374 0.04529057011577615 0
2452 0.5036040926484459 0.8210806146526266 0
2453 0.7569938484205532 0.7215882493860302 0
2454 0.7534678694085247 0.449129238782309 0
2455 0.8406071357657163 0.1607189406680749 0
2456 0.4846172796374333 0.5092629049581127 0
2457 0.5304650313435215 0.902875671943528 0
2458 0.8004006105440744 0.4486426907562147 0
2459 0.9692668337333539 0.6204343963975536 0
2460 0.3320656661512136 0.1892958704409498 0
2461 0.6770278436669634 0.01877579471657324 0
2462 0.193763641079762 0.04697316358656554 0
2463 0.1591863998842036 0.8387286131720033 0
2464 0.4208206316805967 0.08473429818190034 0
2465 0.08370397299330122 0.3376243569347108 0
2466 0.8634624720007361 0.3078099002051981 0
2467 0.8016032923676215 0.5975105226054613 0
2468 0.4452220057483179 0.590900536440906 0
2469 0.04675716001085015 0.7512060603295974 0
2470 0.8893669337387342 0.8022440949420574 0
2471 0.9051578323763458 0.5949241251038557 0
2472 0.1041160872539202 0.9801147300078332 0
2473 0.1625733444920276 0.1866273166046188 0
2474 0.2145076552496289 0.07465431263896352 0
2475 0.3453629907289128 0.1698736709529158 0
2476 0.6686395495863631 0.9514628975637744 0
2477 0.4731500479053142 0.9814977977655799 0
2478 0.4912091749156968 0.4364036821786509 0
2479 0.1198516672002924 0.07181877656961404 0
2480 0.824491221733197 0.8509842985833043 0
2481 0.7574564751245416 0.7882281966535154 0
2482 0.2467116430953493 0.3553947411712374 0
2483 0.2435936292053231 0.5501095337902373 0
2484 0.07112246058392924 0.2078116113485849 0
2485 0.193731285205634 0.9514687505141517 0
2486 0.9613441163679044 0.7650293964187144 0
2487 0.8069662607417998 0.9392361593056147 0
2488 0.2494446444776216 0.8109840124556742 0
2489 0.9655616976632344 0.5021497686254178 0
2490 0.8515289545363187 0.346692252857578 0
2491 0.5253597373378045 0.264888538885955 0
2492 0.381980677507582 0.7302952549374685 0
2493 0.8354474468413607 0.8860238736764677 0
2494 0.114580044389046 0.1964768106647288 0
2495 0.4390283389986603 0.7052784985370415 0
2496 0.1018831285627761 0.01913193654515925 0
2497 0.6867399971211754 0.1457258788939245 0
2498 0.7480061632236543 0.8154050413733445 0
2499 0.6516445914655972 0.8541724835063378 0
2500 0.8224797709360138 0.6240153821187044 0
2501 0.5843836675721369 0.5257828735853247 0
2502 0.688142957059979 0.8101681924061424 0
2503 0.05034525020691455 0.3333041487911464 0
2504 0.5955828624846744 0.6413570358654909 0
2505 0.2473151321747178 0.9079929296407061 0
2506 0.4195448769515158 0.7869699356430919 0
2507 0.7188426065048885 0.3548513584531199 0
2508 0.495853213791811 0.2033290128615198 0
2509 0.3429957369944604 0.2816433669375625 0
2510 0.9663250710967801 0.1140683727612786 0
2511 0.2873101700605915 0.4390625826725224 0
2512 0.9308981767999667 0.5907099305559886 0
2513 0.7658369121784032 0.3268679467606753 0
2514 0.0336742151778695 0.8859315167848809 0
2515 0.5386508257752208 0.4475815053728085 0
2516 0.3243446520089356 0.3624018712835182 0
2517 0.749264298205065 0.09308954855949012 0
2518 0.8820512669531811 0.8245967483895724 0
2519 0.8960111992124095 0.01976266709767601 0
2520 0.2314360641950252 0.1401067391674104 0
2521 0.9701567980486137 0.9121534894360999 0
2522 0.6327670266008337 0.6540991030712828 0
2523 0.7859698602531 0.04808137094622705 0
2524 0.1358700374356883 0.1347695203423096 0
2525 0.5365963949865966 0.2806763389427451 0
2526 0.7933561544351924 0.333580691455332 0
2527 0.8233938936553777 0.2232623362256625 0
2528 0.1772478864498036 0.3425112714551766 0
2529 0.6406306009513902 0.278042814656091 0
2530 0.7197346110381203 0.2817111463075809 0
2531 0.03161798173001296 0.0853084765924302 0
2532 0.9335163233763073 0.2266868021082805 0
2533 0.6302280449079091 0.771429724445315 0
2534 0.1130442187698756 0.3351227681372863 0
2535 0.8217033464326056 0.3384232439879782 0
2536 0.22328576783711 0.4304207626428163 0
2537 0.6029040746658062 0.5161592720648653 0
2538 0.1896164072285575 0.7882673793389245 0
2539 0.9873599511609281 0.1935967181283123 0
2540 0.9464849135924748 0.8196061424031699 0
2541 0.4736817638618168 0.7058257753724274 0
2542 0.8632448167805427 0.9578754311238135 0
2543 0.3214888140783416 0.8312013589454079 0
2544 0.7607844849128844 0.9599144512441148 0
2545 0.9865603252080248 0.8163271340546687 0
2546 0.488380318218222 0.7365650016886921 0
2547 0.1775620385950679 0.6824974411591319 0
2548 0.9909571669006755 0.372162444377656 0
2549 0.4628375687589835 0.09561883405372822 0
2550 0.125958845095436 0.5753518991103812 0
2551 0.4604414803354098 0.3273776010336973 0
2552 0.8814705212741392 0.2982547121336323 0
2553 0.06447789101783435 0.341571971888733 0
2554 0.8853229911201544 0.7215569182595728 0
2555 0.6665622757435746 0.7295144183114652 0
2556 0.7560302701475758 0.420817515932899 0
2557 0.6184243899539474 0.5720777127449861 0
2558 0.6169325245588386 0.3122637696270096 0
2559 0.8162124352486011 0.3738689870123492 0
2560 0.1056306044363229 0.1203841215926831 0
2561 0.7855428193570034 0.8197088305466151 0
2562 0.8177735833388324 0.4890811517671496 0
2563 0.06093918881887871 0.1253337370775918 0
2564 0.01261649894392086 0.8064933716045843 0
2565 0.6868473447128167 0.5559488694236172 0
2566 0.0119677158461473 0.1609568997482917 0
2567 0.5538049180325071 0.7894087228877488 0
2568 0.07973743543883817 0.2280764049890009 0
2569 0.03441306232634539 0.2221633949152502 0
2570 0.0141251148462462 0.03963840820474447 0
2571 0.7787457886854259 0.3374869294646463 0
2572 0.03499924007495794 0.1558989772365083 0
2573 0.985770866619301 0.9603849487631683 0
2574 0.1086342255173464 0.7988600243393853 0
2575 0.9341750677539311 0.1808708315259557 0
2576 0.2047727098727156 0.3935524098308624 0
2577 0.01349735437854817 0.6534031203731012 0
2578 0.06694739168307356 0.8184830937493899 0
2579 0.8913344405226147 0.2010015735692281 0
2580 0.8365921574110871 0.7932600399361061 0
2581 0.6888886170040514 0.08612236459420688 0
2582 0.9858794471930135 0.03961582247808093 0
2583 0.01412037274594143 0.9603841077954117 0
2584 0.2229515366767824 0.6290666197551501 0
2585 0.3423381594598296 0.5507860179083165 0
2586 0.6579333222747858 0.7153108079570376 0
2587 0.40696874582394 0.7550364669246373 0
2588 0.1908796210730802 0.2125308185521629 0
2589 0.7325306155706354 0.7790290180371578 0
2590 0.3937969914623654 0.8512891583024075 0
2591 0.3539617175610756 0.6709074780940584 0
2592 0.9495437297034263 0.6359805271648882 0
2593 0.1617990189386645 0.7863667728164171 0
2594 0.723201047015541 0.06716252658492841 0
2595 0.7951726433528978 0.3907266514685073 0
2596 0.9880820142328361 0.7611111111104777 0
2597 0.6914229294341144 0.982498118513637 0
2598 0.520734213956176 0.01982708165012541 0
2599 0.3200352827201338 0.9788419742095515 0
2600 0.09328874414627968 0.5686306711212616 0
2601 0.5967232197135031 0.9290477549985627 0
2602 0.3675192693757284 0.4648536216954495 0
2603 0.7409644561299745 0.4851284027757293 0
2604 0.864897845107475 0.4058884982200457 0
2605 0.7712213218499746 0.6673130245819981 0
2606 0.2104233945780025 0.9483761664607808 0
2607 0.777581664643744 0.7626689149802368 0
2608 0.8701047718279032 0.4847300608650029 0
2609 0.8390120025053938 0.394189813450509 0
2610 0.4144026814759719 0.3717501263059271 0
2611 0.2862481354673659 0.7651382635469971 0
2612 0.6442479907861964 0.3324893502503837 0
2613 0.8413821700475008 0.7040602545279223 0
2614 0.2796285068046425 0.717424950051095 0
2615 0.8042302217498684 0.3603271415107928 0
2616 0.8642534555024192 0.07494065095015483 0
2617 0.1183752522364226 0.1718720172194013 0
2618 0.4843903698034184 0.1429906230766909 0
2619 0.2744004874621622 0.9332078851297468 0
2620 0.7188486204195679 0.7124942502876902 0
2621 0.3434069164071799 0.1432848585363295 0
2622 0.03210769241010135 0.5837173944278173 0
2623 0.6586766568471452 0.07053968760824712 0
2624 0.4397104921183111 0.8262177952445784 0
2625 0.9047726903448625 0.6193516399963281 0
2626 0.1632780263587586 0.3156937250879464 0
2627 0.1355678726657952 0.2885206712421989 0
2628 0.5323458741841657 0.0947018752849869 0
2629 0.0284064770918619 0.6045311864448151 0
2630 0.8501995781535225 0.8570348193107635 0
2631 0.07767622065780649 0.3692729135575811 0
2632 0.1851292062941622 0.1787684869984263 0
2633 0.174136187159912 0.4342701173903328 0
2634 0.1317423889140365 0.5475066962624369 0
2635 0.9378085818116866 0.7465782045366707 0
2636 0.7054719924404323 0.4261045498589758 0
2637 0.3967644970668417 0.04797510957411494 0
2638 0.01187607294471352 0.5391981498619057 0
2639 0.4916782674764082 0.9248367681357094 0
2640 0.923357559074055 0.6328770669595218 0
2641 0.7244781380111923 0.5286677169149332 0
2642 0.766643438456316 0.4006633058820699 0
2643 0.04756255245952669 0.5264914649042073 0
2644 0.8035812158610975 0.3111157142850893 0
2645 0.9697736071968489 0.2827736634291312 0
2646 0.5950859360777335 0.05964005967219507 0
2647 0.5834087230013238 0.6586991457498694 0
2648 0.9046597023124018 0.803623108057589 0
2649 0.05955147790499333 0.2309621857256871 0
2650 0.135428794010543 0.9252033604253102 0
2651 0.218612131529762 0.5200837872155566 0
2652 0.1612382420828566 0.6998849327760426 0
2653 0.5690377204140511 0.951098763515922 0
2654 0.3108299463149717 0.3863432731305608 0
2655 0.47318436040748 0.7389089739163186 0
2656 0.8647543840341816 0.8374793199409093 0
2657 0.8509894882411264 0.1747836181771789 0
2658 0.4056039037847505 0.1927801945018655 0
2659 0.3931517484528608 0.4096984766277756 0
2660 0.4635699837986962 0.9063000574166519 0
2661 0.3085476668079961 0.9146361215957232 0
2662 0.4335808885852305 0.5157174758063108 0
2663 0.03016778684490732 0.7171890672187777 0
2664 0.08632996957625411 0.5429691654361519 0
2665 0.6017988808197807 0.150873677579574 0
2666 0.897046303433124 0.1208308792847818 0
2667 0.8801596409572674 0.04538487108273713 0
2668 0.773159312756342 0.856479123817378 0
2669 0.865333443231016 0.7828863173771941 0
2670 0.2764481395788232 0.2303236854619167 0
2671 0.5732786052152467 0.1681240689153131 0
2672 0.540088914972065 0.4768767431403584 0
2673 0.8371804529664832 0.2664397684503553 0
2674 0.01169257584390045 0.5172215042180349 0
2675 0.09615771363736604 0.4111623793083256 0
2676 0.6169527411376721 0.5322130719012332 0
2677 0.9152311225145229 0.4307807331831776 0
2678 0.5505206487384573 0.5383072017517154 0
2679 0.03415468284370729 0.2480640652450095 0
2680 0.5042691758344267 0.3251670077967915 0
2681 0.4693650084381904 0.8206658036272854 0
2682 0.9107729173179477 0.648849737028384 0
2683 0.09803176881499555 0.3181124008349535 0
2684 0.6327617297330227 0.1373687993968603 0
2685 0.4813031015944887 0.8825865441883701 0
2686 0.3653374353823189 0.2287121475028613 0
2687 0.8111435998702942 0.5349337283887664 0
2688 0.334446750479209 0.6177812531072068 0
2689 0.08720460281812988 0.1422577588227111 0
2690 0.7430796243545128 0.3908989806152291 0
2691 0.363825168601195 0.8628262344780886 0
2692 0.4805183680434334 0.2231583574790173 0
2693 0.07350110943680635 0.5021626926614267 0
2694 0.4962230244102961 0.3548017031013107 0
2695 0.2738547693379847 0.04554624229294905 0
2696 0.3069512367045386 0.6477401664547822 0
2697 0.9887360464397932 0.3390392076359197 0
2698 0.1377802400926662 0.09977755416172211 0
2699 0.4578999178438674 0.6770587839987121 0
2700 0.272885839660492 0.2001608325098068 0
2701 0.5894310342720916 0.4896094139885226 0
2702 0.797859599809824 0.498001579056953 0
2703 0.6364058613776291 0.7973822426268766 0
2704 0.4013727729603904 0.5484402578935185 0
2705 0.401507843020864 0.5015967488759417 0
2706 0.7885038322188063 0.3634740223967315 0
2707 0.223103674666715 0.9577779020521342 0
2708 0.06319902827611872 0.774247664329639 0
2709 0.9184676649490631 0.3180651191143883 0
2710 0.1198097271449974 0.9546798504542213 0
2711 0.1550726642554971 0.3343803563817233 0
2712 0.3523543309134894 0.4175951835005635 0
2713 0.02842753950008002 0.202557298715163 0
2714 0.5897547560893532 0.8108143937986956 0
2715 0.8832495267222957 0.6123209208880822 0
2716 0.07717276006847183 0.1817801230346872 0
2717 0.5432809313181068 0.1520638295617539 0
2718 0.2110501300268308 0.05190276134573577 0
2719 0.03073652829437805 0.6488644226572732 0
2720 0.8119927312365429 0.2713921339854307 0
2721 0.01165665179835389 0.1826739639584857 0
2722 0.2727717609011211 0.5795801975325634 0
2723 0.3223554959295557 0.4113957228526671 0
2724 0.9118286778060967 0.2312009460308961 0
2725 0.337913161994745 0.9320591534107785 0
2726 0.1975328961169743 0.4715649973244171 0
2727 0.6652943105959513 0.2167269078412118 0
2728 0.7390678283014225 0.8526973738020075 0
2729 0.01261193559985542 0.4234362456570492 0
2730 0.03366027109746551 0.4417758682092851 0
2731 0.9700085785622939 0.6619067726304775 0
2732 0.5089377460985034 0.3420892257732778 0
2733 0.9615430085455614 0.1342843421423677 0
2734 0.7702718522078562 0.4994596931699558 0
2735 0.07478741206041692 0.5197468964615218 0
2736 0.5466824453692809 0.04132372449993856 0
2737 0.4682010125013532 0.2550183371644608 0
2738 0.1014611736723117 0.8786036559094141 0
2739 0.03845653840039969 0.8657154385058889 0
2740 0.6450386865245019 0.6054096717036034 0
2741 0.4543428093031808 0.5265796881012442 0
2742 0.7416088696433023 0.8697077264978563 0
2743 0.4007546003652461 0.9407086919186463 0
2744 0.1319460377537979 0.7815774071657932 0
2745 0.04550029157947029 0.2706312503755683 0
2746 0.5099137217454554 0.6833184847749203 0
2747 0.0853385629492437 0.7609565559996175 0
2748 0.7653982262412846 0.04004270649964517 0
2749 0.2365331712194977 0.5818940540769574 0
2750 0.1192326187221482 0.04503723046203122 0
2751 0.09395432562960473 0.2483834435361974 0
2752 0.2854730210756294 0.8553125024358106 0
2753 0.4801404198522026 0.3491461990802784 0
2754 0.3071454447986859 0.7118610116373449 0
2755 0.5793356805368149 0.9810740176392605 0
2756 0.5916735806217187 0.5482945742281491 0
2757 0.0108915839829424 0.482895783176212 0
2758 0.6053141231069619 0.2762565406746235 0
2759 0.1567874963161409 0.3015207294776693 0
2760 0.2494365502302429 0.01902862049457836 0
2761 0.4256369375590151 0.04769739776024794 0
2762 0.9368849214154309 0.8483575059472632 0
2763 0.179299026099402 0.6271023863777297 0
2764 0.7933811058863958 0.7957129383164897 0
2765 0.4651111972802183 0.7554334388616939 0
2766 0.8746017630547538 0.4248904239624616 0
2767 0.4523621201055421 0.4184167655170074 0
2768 0.8405462413555629 0.5560725453077564 0
2769 0.2384405847647073 0.2748896040208157 0
2770 0.3379159669409196 0.3372869354596189 0
2771 0.6609777818153491 0.7930439143486927 0
2772 0.149416207543264 0.8257286189513076 0
2773 0.9705366109635915 0.4815673043774799 0
2774 0.7863976379507307 0.5197424861933096 0
2775 0.8436965535181903 0.9830113724185774 0
2776 0.9350918839393708 0.04869364133713178 0
2777 0.8208256814622419 0.6817692454509987 0
2778 0.6662928377395561 0.7004080081468561 0
2779 0.8964965525112799 0.7764943375390251 0
2780 0.06488247711049003 0.9513201962934243 0
2781 0.9497966093199121 0.4031241689077615 0
2782 0.7250761930188101 0.2492856220071368 0
2783 0.7433247985911001 0.2236687523790506 0
2784 0.1383619713876741 0.2522022222844524 0
2785 0.9628055050533427 0.344289327288299 0
2786 0.972383587634889 0.4607158988375405 0
2787 0.2000038587291381 0.6840313980231346 0
2788 0.9322807533110056 0.7984018044890449 0
2789 0.7534242331259489 0.7050986531148445 0
2790 0.8775939936806207 0.8113593367280491 0
2791 0.2560300244806915 0.2677828752962233 0
2792 0.3847331751050838 0.2663039794534223 0
2793 0.1499613502564463 0.3562707059806064 0
2794 0.03310874907760449 0.4607346256224421 0
2795 0.7389326668218441 0.3739327333436941 0
2796 0.5776961047088686 0.2051934789570829 0
2797 0.3598028902946515 0.2015980537246932 0
2798 0.8955762160635021 0.2736740983587649 0
2799 0.8803180931982758 0.07150589335907205 0
2800 0.9395284657274453 0.4267104445735075 0
2801 0.8337586376839003 0.3532088159047405 0
2802 0.1194342701811224 0.9285214219171385 0
2803 0.1347304303931026 0.9819496243138349 0
2804 0.7022794304321273 0.04207590671374273 0
2805 0.135288313856753 0.3757498049572657 0
2806 0.9059011613584844 0.7141965869848494 0
2807 0.06453204667627865 0.0485051193218006 0
2808 0.08044152497220092 0.6857168172193964 0
2809 0.7583235590379723 0.5933058749920244 0
2810 0.1342153720877435 0.0184131925837468 0
2811 0.9090245428875087 0.6724848115472633 0
2812 0.7054089796297903 0.7756162545069711 0
2813 0.7839178878555734 0.8980117431549144 0
2814 0.1033393037784445 0.6683738494340773 0
2815 0.2134455203219636 0.738188967104832 0
2816 0.2511591346090143 0.6993302832814912 0
2817 0.4496179791523546 0.9598408799878089 0
2818 0.3115702208798248 0.4624731893696652 0
2819 0.4428186819128562 0.4525704277643443 0
2820 0.5053605366739941 0.4798342612837377 0
2821 0.7091736978115406 0.1456333480818857 0
2822 0.1150578480079942 0.5267748777935006 0
2823 0.1271638014291896 0.6802239520127717 0
2824 0.5261645826272533 0.5217402996297386 0
2825 0.5163644595164424 0.1193257771856341 0
2826 0.3352085344557899 0.4376957168740612 0
2827 0.3378761248527721 0.2085817835121331 0
2828 0.9318280062949098 0.9519279185383149 0
2829 0.5621059905362544 0.8216033350064578 0
2830 0.7250685113999619 0.9624781409545232 0
2831 0.3590040559460088 0.1151586103967341 0
2832 0.2944567811894768 0.9580620189190976 0
2833 0.9365793747413677 0.3294350231976918 0
2834 0.1053696889382813 0.1479674888316361 0
2835 0.402299298687075 0.07234673631258222 0
2836 0.1922596647549771 0.5206368553592655 0
2837 0.2387652368310589 0.04264237069063342 0
2838 0.4825979219276695 0.8493236529974486 0
2839 0.6631169138642692 0.3058808260642345 0
2840 0.2460697884171322 0.2439204937288965 0
2841 0.7603216502694271 0.5629178772076193 0
2842 0.3194556635347183 0.06814840013661541 0
2843 0.6111357878962996 0.7311160248378877 0
2844 0.8656893861053974 0.01792672095576529 0
2845 0.1956087816071458 0.4409927525952602 0
2846 0.1357204303922022 0.07650832782073558 0
2847 0.4715379430520748 0.8011633649290936 0
2848 0.7910934801370427 0.4743908711273335 0
2849 0.346604371744811 0.8058749909081525 0
2850 0.1630417499813748 0.5591844267176996 0
2851 0.4095544806091673 0.1610312063384631 0
2852 0.6957305080910636 0.9532619642362971 0
2853 0.5690376173700815 0.142644854245797 0
2854 0.4374031581081839 0.2187859897024492 0
2855 0.1883744802561453 0.7070368063914496 0
2856 0.8348398436462888 0.5330850584958283 0
2857 0.7293083114766954 0.4740944315504588 0
2858 0.6003375530982574 0.01816900269398944 0
2859 0.0279941409847433 0.3647882343041041 0
2860 0.04914625274759832 0.1730642477903925 0
2861 0.2963933823714415 0.2028700965352949 0
2862 0.03200906437236561 0.5020816581592411 0
2863 0.8997412468834969 0.4894261254789285 0
2864 0.8735873603563906 0.3279469749682012 0
2865 0.6105639329012633 0.4278239207912184 0
2866 0.9882838327123229 0.9833333333332931 0
2867 0.974237834973968 0.986087566787054 0
2868 0.9863734329951284 0.5355232791198222 0
2869 0.7558785674339712 0.1999333642888766 0
2870 0.604127458538663 0.7616015993361546 0
2871 0.8616359608903199 0.2785724867897041 0
2872 0.1430094977856133 0.3004716440308465 0
2873 0.4917791392704731 0.3877959234768606 0
2874 0.1490339506492868 0.2085967777202089 0
2875 0.03073856522565547 0.5571200604993676 0
2876 0.452830667173654 0.8476176688979907 0
2877 0.8184688063175246 0.718871458328705 0
2878 0.6602896729893717 0.5108527278374314 0
2879 0.09643460666723611 0.5055445224719138 0
2880 0.2165805242423296 0.541661779254601 0
2881 0.381702283100388 0.6781840068492437 0
2882 0.2414414972564444 0.1551179128974642 0
2883 0.7353563224351355 0.7311916320311947 0
2884 0.2442662062311231 0.2008004354566365 0
2885 0.6392434599423221 0.3900679317479809 0
2886 0.1984417094753064 0.7550708016863119 0
2887 0.1115479129704794 0.7111218003258429 0
2888 0.09264464503518299 0.690153483901369 0
2889 0.0722209874519542 0.1637077273168698 0
2890 0.7121156563506558 0.2357969273070545 0
2891 0.422020239220502 0.8312689544119982 0
2892 0.801928262165947 0.1968287366410889 0
2893 0.4998617707256553 0.8518989175974704 0
2894 0.299564139413928 0.8872205502344397 0
2895 0.2610160154525172 0.1256051273599079 0
2896 0.9190267551529497 0.7437990610570838 0
2897 0.2547373982088771 0.7742586639179471 0
2898 0.9883795144541592 0.01666666666663519 0
2899 0.9725295522543075 0.01483876956298727 0
2900 0.01140554351320196 0.9844444760737955 0
2901 0.02747044281436015 0.9851610075834307 0
2902 0.01304817873181811 0.4470063110109511 0
2903 0.9878496590429935 0.4455444088867634 0
2904 0.8934945586866562 0.3211402116382006 0
2905 0.3608368556846808 0.5296598175950791 0
2906 0.6842265616855905 0.8399513880188652 0
2907 0.01139673331743001 0.01555997330682532 0
2908 0.02747009012550813 0.01486038257222832 0
2909 0.02530855150473046 0.6735860775370602 0
2910 0.4259690135689778 0.8591404905562217 0
2911 0.6470737796838338 0.3107835683067549 0
2912 0.4984741417732856 0.6154373383002514 0
2913 0.6401167554012173 0.06531527704167388 0
2914 0.1117320876292159 0.7247635117734108 0
2915 0.8824647018078049 0.5793935184655216 0
2916 0.9234385186731082 0.5033110843053064 0
2917 0.6003036145841164 0.1278143252502014 0
2918 0.9654219222985151 0.5476176901149269 0
2919 0.08867935287665318 0.7109071805548747 0
2920 0.436450808190171 0.1468202373945692 0
2921 0.2692766018801654 0.0749058218190015 0
2922 0.4346237508423765 0.3718395489593736 0
2923 0.5092984022469553 0.6039042857623488 0
2924 0.9701605338036525 0.3870697919619864 0
2925 0.8961124507105626 0.7417232600315528 0
2926 0.06491199805225589 0.6706752309627965 0
2927 0.9538727837143284 0.3678232382375715 0
2928 0.393640135032384 0.9848960072885475 0
2929 0.7680057349280479 0.5460521998281765 0
2930 0.05209916947709784 0.7977436238295962 0
2931 0.949042939384738 0.3882823901643047 0
2932 0.7767114616378812 0.3074225264076129 0
2933 0.1376800974226809 0.6315353963288159 0
2934 0.1950708739543765 0.4158300734345068 0
2935 0.947630250692987 0.2027422573627356 0
2936 0.3705721471360955 0.6656224951507147 0
2937 0.7882830135850789 0.4211355794405205 0
2938 0.8853005743233351 0.6926188035218336 0
2939 0.6545594098030536 0.9119391654359846 0
2940 0.3539621791357558 0.9372873594717086 0
2941 0.2157002559081305 0.0178918953837028 0
2942 0.8225392817289406 0.6530646380049363 0
2943 0.4197209245092736 0.01775030539304019 0
2944 0.5481131060223857 0.2068768588271426 0
2945 0.7920297843346079 0.01672030775904287 0
2946 0.2661310011593243 0.2153883646424909 0
2947 0.3145902572176364 0.157715237612227 0
2948 0.9718765497148234 0.8163142695981932 0
2949 0.2933873772901002 0.1200410598004866 0
2950 0.6413472981885228 0.7156963492227887 0
2951 0.4648614772794229 0.3837001327480626 0
2952 0.9501940034603762 0.4496198434300803 0
2953 0.0536403808357958 0.3173334859988687 0
2954 0.7560120122706948 0.5336065424868243 0
2955 0.2857621583672115 0.4578834583533302 0
2956 0.05511277496181295 0.7251251721496401 0
2957 0.3081567339277537 0.5083814986833912 0
2958 0.01122733930919469 0.2505542631127733 0
2959 0.2422502954708649 0.6034760692912168 0
2960 0.6302804886214854 0.2265179514421519 0
2961 0.7996582838305811 0.2435024019823861 0
2962 0.6748502691614977 0.3179105321594723 0
2963 0.9453853830587973 0.2779757199757605 0
2964 0.05093243838002695 0.3613297827746764 0
2965 0.9320899994351304 0.4162182824349344 0
2966 0.5626746215272593 0.2297294192836553 0
2967 0.1816270819398065 0.442812332986436 0
2968 0.6560057191890171 0.4888117972848551 0
2969 0.8435974114983444 0.770978225128244 0
2970 0.07759687296217532 0.4476325737688496 0
2971 0.2417306063567907 0.7972430824783161 0
2972 0.3643926001914641 0.7829659231080337 0
2973 0.5182322185653506 0.1489918836742732 0
2974 0.6269607447840196 0.3351519184276127 0
2975 0.1661836781175099 0.2904766476180543 0
2976 0.01055959048679493 0.3501293845624361 0
2977 0.7352772597906001 0.6428230672653309 0
2978 0.04982841299839458 0.5742637988234054 0
2979 0.2642796765264694 0.5162677697532122 0
2980 0.9725274371260213 0.6383776163446439 0
2981 0.69891446518279 0.3042959854421263 0
2982 0.2536933923007336 0.3417141117308571 0
2983 0.3115711095541933 0.6851298205415508 0
2984 0.2612890435652146 0.09162752059771069 0
2985 0.9727652111968815 0.7743363019471612 0
2986 0.6357985587270493 0.4734235007527847 0
2987 0.9419208825338224 0.4939114559185467 0
2988 0.7732930715481137 0.9233483657442562 0
2989 0.1677158064912964 0.2539174207277548 0
2990 0.9724158562963067 0.1939972148297145 0
2991 0.3620393358842091 0.7981265623446721 0
2992 0.199687125660085 0.1237649896169494 0
2993 0.3548557308555064 0.9024223181153012 0
2994 0.9882866343969634 0.4973488347640768 0
2995 0.5524613121421462 0.8452005476668372 0
2996 0.6268807278661837 0.5013018243046247 0
2997 0.6687206533548518 0.6218138417495439 0
2998 0.6065546249164353 0.8982537447721395 0
2999 0.2870078204597191 0.2582481062860141 0
3000 0.7984622135506175 0.1438986112831518 0
3001 0.238578831803873 0.8529962789263125 0
3002 0.0275803439181354 0.8060588284001643 0
3003 0.1737906059734584 0.4033513573486987 0
3004 0.9877522580841797 0.1563293749268358 0
3005 0.01224771735507504 0.8436706133473612 0
3006 0.3919341303174497 0.8734555177369251 0
3007 0.3900062237228805 0.1875429899227556 0
3008 0.594938024867937 0.2204987306933937 0
3009 0.5140819557533693 0.9823952763894644 0
3010 0.3712014804658743 0.827724405764125 0
3011 0.4426128045131827 0.3453141732397101 0
3012 0.4412144786010078 0.6763034022873633 0
3013 0.4312645719415308 0.9187931453553398 0
3014 0.8107901983750223 0.5175395570797979 0
3015 0.5645033808690141 0.08191618459073567 0
3016 0.7936377051696587 0.5843985731660135 0
3017 0.9672884498216077 0.797814872073151 0
3018 0.3414652729335042 0.3146530531776262 0
3019 0.0246238641416494 0.6919320697287359 0
3020 0.5364049878930877 0.3252918269125569 0
3021 0.9679596915181637 0.1763707164059334 0
3022 0.9172460419302872 0.4799635919617981 0
3023 0.01106239844684389 0.4062747803966211 0
3024 0.3032867703306222 0.5789962729771215 0
3025 0.4735131493639524 0.01432364736769566 0
3026 0.03204004379099672 0.8236291983823535 0
3027 0.01075485466324851 0.3824370563091442 0
3028 0.7014131270510253 0.5471613030467224 0
3029 0.7991141782318644 0.6218937645649658 0
3030 0.1170639928458517 0.3926258258103509 0
3031 0.8931169742633874 0.5557774083403114 0
3032 0.2012186024955563 0.6064327368047864 0
3033 0.5884794108550009 0.8413554464865201 0
3034 0.8228434104076336 0.9605160459175562 0
3035 0.9891265924984444 0.2956829861077748 0
3036 0.4585132672653877 0.03800388520229265 0
3037 0.6059767563493337 0.8122550929352972 0
3038 0.05484891951372056 0.4523608370770079 0
3039 0.3347024855339628 0.699444366633417 0
3040 0.7481565108520476 0.7772236886611184 0
3041 0.1578085556299011 0.220330142392437 0
3042 0.8128628817240839 0.2879136121748171 0
3043 0.2181355500895362 0.4902453475524462 0
3044 0.2844682408001212 0.1482459510279611 0
3045 0.2106612898968089 0.9830926778663072 0
3046 0.6966631686786031 0.1135587678079955 0
3047 0.5208552187489243 0.663328254896194 0
3048 0.5604430711909457 0.5666466503512573 0
3049 0.06304313935965418 0.6169210217822688 0
3050 0.1327635502875503 0.6519645982201721 0
3051 0.2860626363216493 0.5063065314269974 0
3052 0.9566767664451019 0.5806259720414644 0
3053 0.0607735370571759 0.2924211427501479 0
3054 0.2659090789793663 0.4686480013610306 0
3055 0.1586818581574823 0.4063606071305873 0
3056 0.8120653382780063 0.07386058314482456 0
3057 0.3390210738439006 0.8528150292272946 0
3058 0.5360453260435996 0.5435785174579211 0
3059 0.692939657294605 0.906409547794475 0
3060 0.4627631099835494 0.2882785024333883 0
3061 0.2231546220169992 0.692045205768077 0
3062 0.1619621465654829 0.6075719269092875 0
3063 0.3296503118811419 0.8648305825647533 0
3064 0.6710786029416991 0.5412919739265314 0
3065 0.6572657126472852 0.148033983505486 0
3066 0.0987575191759644 0.5483838142023347 0
3067 0.7158962659880672 0.6631538573577377 0
3068 0.6425402366515298 0.7434756028245302 0
3069 0.6905483500866302 0.7116937926063515 0
3070 0.03087290690444706 0.7345989371934551 0
3071 0.8602184742518767 0.3631312594925647 0
3072 0.02436255380273714 0.5377125900479296 0
3073 0.3879011869323989 0.615804865738856 0
3074 0.1961969703843926 0.8028823123604943 0
3075 0.9182523616585991 0.1117935925209747 0
3076 0.3404916242167674 0.5145952508763345 0
3077 0.666824188227613 0.1357636598370283 0
3078 0.6944144314482409 0.01694767641837653 0
3079 0.7860627299934047 0.4441801566897382 0
3080 0.8646662760081961 0.3860010555048464 0
3081 0.8247284863639794 0.510859771718544 0
3082 0.08172743507431821 0.8881977582004663 0
3083 0.538134683975256 0.07050374941405102 0
3084 0.3905604246785845 0.7862419128068372 0
3085 0.8465058374690729 0.3254222669033977 0
3086 0.1008387930305186 0.2222298105542653 0
3087 0.4657856553338451 0.1724307649322446 0
3088 0.5935574664296748 0.9427869838084262 0
3089 0.2757988407705962 0.3046712499213791 0
3090 0.3801207713258227 0.8796622560768083 0
3091 0.2820943511645474 0.6557378281345629 0
3092 0.6316506749391785 0.5934654670821717 0
3093 0.4246917587060198 0.613764535994385 0
3094 0.8145662219655747 0.5991701517192086 0
3095 0.9199475762724382 0.03742015737425773 0
3096 0.8597841270430685 0.2540871435559187 0
3097 0.8701201262628848 0.2108177652225746 0
3098 0.4765895514432651 0.3332130521608478 0
3099 0.5162988776533197 0.6363251073089106 0
3100 0.3137970084489352 0.4404541783466387 0
3101 0.5252705950645022 0.3466617261547318 0
3102 0.2101051908206795 0.2880774845497579 0
3103 0.4904946571724433 0.6560843936277243 0
3104 0.4595838030205605 0.2036864975286893 0
3105 0.9215544866140571 0.7663662907040029 0
3106 0.07961407641681023 0.03721546088176326 0
3107 0.3045149675125871 0.2302342624801167 0
3108 0.7967266338164809 0.8436551936785383 0
3109 0.538723870841687 0.9611015385229684 0
3110 0.6281236293924388 0.174001225015433 0
3111 0.07999393363692374 0.9626199826202486 0
3112 0.5232857418817816 0.4220713566046203 0
3113 0.128793123413102 0.1453446501963246 0
3114 0.8913658757733313 0.9565203401267446 0
3115 0.5367107150943176 0.5087250406824194 0
3116 0.510132613680143 0.2942929088750345 0
3117 0.440880295209694 0.3951225348416856 0
3118 0.3683857417588352 0.2622836624738804 0
3119 0.03770547158544264 0.6726518724270001 0
3120 0.6408312688543009 0.09815220470789307 0
3121 0.8964620996140193 0.5720963283403986 0
3122 0.2021436353047235 0.8551208319656549 0
3123 0.1458356342106777 0.8036396433467907 0
3124 0.6086151496675896 0.2130039964699769 0
3125 0.333591028858657 0.7857283164679338 0
3126 0.741848308769524 0.4166574953504529 0
3127 0.05177290014461396 0.5946949091540294 0
3128 0.8634829441298898 0.4460737715854289 0
3129 0.6058384779219964 0.4817781773749775 0
3130 0.30354378797058 0.9826698417700499 0
3131 0.2657681403644274 0.5311546455851063 0
3132 0.1235750007305819 0.6272389114945305 0
3133 0.2257287880900708 0.7633820464522978 0
3134 0.8532480379988547 0.1962213380817898 0
3135 0.5300522476636148 0.3627614502212585 0
3136 0.8199223581925452 0.5768695439728659 0
3137 0.187068652489281 0.8277238824557068 0
3138 0.8285700102039845 0.4349827767404543 0
3139 0.1356757973662565 0.4034705581222154 0
3140 0.7112032074079767 0.8538009085977524 0
3141 0.7699410595368281 0.2411670447515413 0
3142 0.9501658071893955 0.6608885889103745 0
3143 0.7879146013269402 0.693320025972408 0
3144 0.7570889870097421 0.01596607218962775 0
3145 0.135906526261921 0.9571749061978012 0
3146 0.709646102202438 0.451329496233919 0
3147 0.1356011611890479 0.04306427262202241 0
3148 0.4346247060366911 0.6547176059297031 0
3149 0.7545487832309157 0.06923023670425053 0
3150 0.07829588908485476 0.3110940674755419 0
3151 0.2397179962887145 0.9849845166768793 0
3152 0.09499809703230808 0.645651870095954 0
3153 0.2927032847082735 0.5566061464164817 0
3154 0.8128876221225441 0.1722140033209806 0
3155 0.7142789951030009 0.7487510305454126 0
3156 0.2217201115843779 0.5631892987493992 0
3157 0.2259430527412049 0.6691885036965796 0
3158 0.6043890417837279 0.5768124858768158 0
3159 0.6746625767749145 0.7641660611138336 0
3160 0.3604062133972918 0.4478728463621516 0
3161 0.03316427829366651 0.1820376165920243 0
3162 0.9882690602682869 0.903192257072198 0
3163 0.01188873441340263 0.0974973058578766 0
3164 0.8725210003441018 0.7171615321701741 0
3165 0.04562727698097815 0.3795206249833348 0
3166 0.7132391419057814 0.4982834273459644 0
3167 0.7136845292775909 0.4732315686958444 0
3168 0.3212512722712499 0.1181326854133045 0
3169 0.6156798393970614 0.120928869967034 0
3170 0.2923491612968797 0.4847266987083042 0
3171 0.283206713899019 0.4233018966438151 0
3172 0.1661139858737591 0.7285115463678216 0
3173 0.03177595821911907 0.5204106904153766 0
3174 0.4595476919277277 0.4533212264686678 0
3175 0.2807564307051308 0.8007323908305574 0
3176 0.6653435615346193 0.4654165626872759 0
3177 0.4195996457620413 0.5188436434929726 0
3178 0.07240265041186195 0.5773077451323032 0
3179 0.01147033422145878 0.5043617272128175 0
3180 0.3549761873654915 0.6931646371686766 0
3181 0.7855188383398358 0.644455306775121 0
3182 0.1188271710827056 0.5441253506717316 0
3183 0.3288203883396928 0.4907180995897739 0
3184 0.9881404977316404 0.09756462468813083 0
3185 0.2678762888243825 0.3347545762766559 0
3186 0.01185939547177813 0.902435621238782 0
3187 0.2305400308336007 0.3001549808084158 0
3188 0.026941670372129 0.3416760202313909 0
3189 0.8226308424717355 0.1296386079595462 0
3190 0.05984047234464362 0.01553242748329397 0
3191 0.9159636705560735 0.5283241009877931 0
3192 0.02477423253445004 0.1625956219631081 0
3193 0.25908999413975 0.7257517926917355 0
3194 0.9217900801925972 0.5685585519077995 0
3195 0.5294002329516756 0.7993473737024239 0
3196 0.07084975741139207 0.7842266571249346 0
3197 0.3836926134786576 0.5137406001355806 0
3198 0.4081109583153789 0.4312072226618238 0
3199 0.3923789301596647 0.1023340272306846 0
3200 0.9386769530625076 0.6549739907158937 0
3201 0.9678911904576194 0.7084515884974039 0
3202 0.3085852575361978 0.8042161104584307 0
3203 0.1830993361091834 0.3280775040318083 0
3204 0.7095519664189495 0.9080515320552182 0
3205 0.9401377272336806 0.01532906516857357 0
3206 0.05985370207450689 0.9846759918139081 0
3207 0.9692782560353421 0.2650251292470422 0
3208 0.4428561831959805 0.9852522250456178 0
3209 0.7624303899718217 0.144343669776933 0
3210 0.7429683484106987 0.6203846161090377 0
3211 0.03767599158713382 0.3045812324000239 0
3212 0.06697678248055122 0.2553608951190474 0
3213 0.864088389460504 0.04286442090866197 0
3214 0.9278994592689361 0.2146243805647075 0
3215 0.5837347602843915 0.3148634418202427 0
3216 0.4156975567716741 0.3054861218704201 0
3217 0.1888487532657289 0.9227537150106531 0
3218 0.2047815658337741 0.3119847786152076 0
3219 0.5659163756517789 0.7509492273231881 0
3220 0.5441446035134753 0.6561867636858291 0
3221 0.8929996174261325 0.9279866530040851 0
3222 0.9901349975073173 0.9380923415819311 0
3223 0.3664571376490948 0.3170362688035985 0
3224 0.4096212732138081 0.2888664725383692 0
3225 0.5182457968555315 0.9254511386581743 0
3226 0.1327503971530054 0.7279959695333019 0
3227 0.1733668752819386 0.1328858158366917 0
3228 0.9278324183117803 0.8360572682733096 0
3229 0.9340247899343413 0.3825724484436299 0
3230 0.009791982854380297 0.06193820592345645 0
3231 0.7902497499524567 0.4872360952268306 0
3232 0.8597120526357422 0.7958585247698815 0
3233 0.7446373602290522 0.6616533254354884 0
3234 0.2489500913036134 0.7526904857372173 0
3235 0.4567578346454441 0.9299743393765546 0
3236 0.6841035622845055 0.4605201530424809 0
3237 0.2843325975175383 0.6080852333237158 0
3238 0.2705890085732517 0.5545555550207172 0
3239 0.6617182755395014 0.8428643751758325 0
3240 0.7293981379928873 0.3436287878610028 0
3241 0.5958252690538416 0.3676012233869255 0
3242 0.8443524823032815 0.4585103902255072 0
3243 0.5608120294314765 0.5238908058112854 0
3244 0.9888284817489048 0.3961540571426265 0
3245 0.989809799119397 0.6483560535927106 0
3246 0.9902277725735439 0.06193420866974595 0
3247 0.009772122471443332 0.9380657331374591 0
3248 0.2584501506932858 0.2528864736641653 0
3249 0.9392995588605323 0.9840099506214111 0
3250 0.1908043251099162 0.4920121866061604 0
3251 0.2671884729668351 0.6308376810918884 0
3252 0.2428427404287448 0.9306296683573401 0
3253 0.8791806916856518 0.3833564565309191 0
3254 0.1852896592220284 0.8803771849309711 0
3255 0.3178704715304053 0.2753100123891013 0
3256 0.5401246008340859 0.2993804358891853 0
3257 0.9751230082727564 0.6836540775962231 0
3258 0.1145952118583475 0.4612782727836181 0
3259 0.2912920855824581 0.04848212851859812 0
3260 0.7247588568038841 0.368936603754441 0
3261 0.6260286549879528 0.9877027245043084 0
3262 0.03976297314579463 0.1304362718944641 0
3263 0.8535049801286828 0.2665473383672405 0
3264 0.4098412172668884 0.05132550270945906 0
3265 0.7766765405874685 0.3519414622438596 0
3266 0.9899052359856437 0.8708325002525951 0
3267 0.1611923193610305 0.4582050879218045 0
3268 0.5451175775493255 0.9101014462349032 0
3269 0.1376863925236453 0.5681059492683602 0
3270 0.5930975204485566 0.4358830625734617 0
3271 0.7963244406871979 0.2194569155069333 0
3272 0.2405211495304903 0.07032497673647681 0
3273 0.2692404864733129 0.4156775239679747 0
3274 0.2862368856205948 0.3946162815753274 0
3275 0.2744144858845411 0.2474270453950396 0
3276 0.4486742787716399 0.08950965109601852 0
3277 0.06154150140841833 0.3946297437530117 0
3278 0.3429173566948156 0.3903259384140568 0
3279 0.4589989683497342 0.5839468379362855 0
3280 0.187996421315584 0.07798059396262805 0
3281 0.5566161528839015 0.4776394745645056 0
3282 0.04250887031592797 0.7075897405590694 0
3283 0.5115133803107573 0.4071681259549509 0
3284 0.3913129201434948 0.7565904311938121 0
3285 0.9572254964981021 0.292420991410049 0
3286 0.5773731302942795 0.3465281793893572 0
3287 0.48501241532275 0.4797007103825058 0
3288 0.7415530739125178 0.2720572069414948 0
3289 0.6803769594505222 0.4383784068942571 0
3290 0.81651031705215 0.1037782692513561 0
3291 0.8429538346086529 0.5723632786483016 0
3292 0.2159992138730379 0.247821995581831 0
3293 0.2169586971979476 0.218260541176902 0
3294 0.2947838680387408 0.09226532752734051 0
3295 0.5179528526895063 0.7233920494980352 0
3296 0.340672084764355 0.646334719556956 0
3297 0.7325794139183128 0.0394386633822027 0
3298 0.2906234564377222 0.531618745692392 0
3299 0.07622013312010029 0.4656680118659249 0
3300 0.9901697269399137 0.6170251833254857 0
3301 0.7680648453977674 0.3792990859047407 0
3302 0.1813298924549969 0.5868241563741508 0
3303 0.8943838861293233 0.6343730331479543 0
3304 0.9501526074553515 0.3435812197882157 0
3305 0.009814641765102043 0.77201161500453 0
3306 0.0673924309636816 0.3768616991997878 0
3307 0.9211561399308119 0.08415600233785855 0
3308 0.4422043265953112 0.4827344487619351 0
3309 0.4307392852514594 0.2503538167501238 0
3310 0.07884408248158653 0.915841101237482 0
3311 0.02874329971876502 0.3169267534537559 0
3312 0.7601460769763677 0.8964612566851544 0
3313 0.01031589907763992 0.2935502059289938 0
3314 0.2075908190871052 0.1644596742055843 0
3315 0.2227822004674566 0.04008255787095129 0
3316 0.7702377729437649 0.115068804387917 0
3317 0.4474209308265584 0.8006307136738205 0
3318 0.3788993353610624 0.2410206292238888 0
3319 0.8857596658664365 0.7899158477511193 0
3320 0.6584724059900995 0.2341715960224001 0
3321 0.2025263156040933 0.2233308933439007 0
3322 0.2868152313449411 0.07728731428650731 0
3323 0.009917737691870841 0.750597065596557 0
3324 0.8291330096152426 0.3096091562742238 0
3325 0.6321659884046853 0.904625848785146 0
3326 0.1016099328468469 0.4436348847306937 0
3327 0.2648538378677572 0.05889095396198982 0
3328 0.9901238647358386 0.2280607603976085 0
3329 0.3190263791997853 0.01623104748103572 0
3330 0.3640187004143332 0.09592691981147405 0
3331 0.4492874843536368 0.1733057725190664 0
3332 0.9882351808696628 0.7180345355681175 0
3333 0.4199250840052605 0.09896077285470996 0
3334 0.3357047912705674 0.1572178431930523 0
3335 0.8676997194828719 0.1223758785221711 0
3336 0.131366317899448 0.7064094231034102 0
3337 0.3196677648811737 0.6568300480579496 0
3338 0.7275611616988826 0.799494280773432 0
3339 0.009914184266175255 0.3171277861927044 0
3340 0.9061923808780858 0.06041501382758518 0
3341 0.392790737076664 0.813225912120199 0
3342 0.1200195831732834 0.6138984606298395 0
3343 0.886643876012934 0.429039473068683 0
3344 0.5780871154061893 0.6944768145322455 0
3345 0.9683835961733808 0.8339785826053127 0
3346 0.8748587130920124 0.511231874928224 0
3347 0.201124465901887 0.5104837697046878 0
3348 0.08182488352479216 0.2417050190022881 0
3349 0.9900379785608173 0.2493907213532156 0
3350 0.288151021816589 0.7325833935966665 0
3351 0.5846415109970863 0.7116652102204798 0
3352 0.8974536725218585 0.3725070019981629 0
3353 0.02927491439199801 0.4060326573003482 0
3354 0.6306242687558545 0.8127940207757729 0
3355 0.7176118826990894 0.4206698484866561 0
3356 0.6627087794441694 0.8940151589194416 0
3357 0.2649448813945462 0.9612571780488328 0
3358 0.7390543840566379 0.7009134159815746 0
3359 0.8580335950684314 0.6559769805708566 0
3360 0.1929432169513602 0.2815843800994555 0
3361 0.6189361319775618 0.9534653442438343 0
3362 0.08908724469873908 0.3520754651331939 0
3363 0.3192079474473722 0.0863184113497861 0
3364 0.3701751952743808 0.2136802440374095 0
3365 0.1450811295150923 0.2753619870456019 0
3366 0.4499077979688536 0.06314800766797291 0
3367 0.3653237961875823 0.1880216656646205 0
3368 0.9485429566039018 0.6720062575314346 0
3369 0.01034222648634754 0.1481030489623595 0
3370 0.9401853627239061 0.07394617593312802 0
3371 0.05981412054935521 0.9260530152594513 0
3372 0.2992509922269271 0.3039420138208863 0
3373 0.09380831929596073 0.9391434383283015 0
3374 0.4290901596079705 0.4934417631778701 0
3375 0.6039389697897573 0.1903214751937539 0
3376 0.8794198987119956 0.3475929882027624 0
3377 0.3365889085750272 0.4224918902742102 0
3378 0.3063958191627399 0.3174261777536675 0
3379 0.7209995153284016 0.3955249146897759 0
3380 0.2011075965079043 0.2381095542100662 0
3381 0.6903872263584355 0.1976596767205737 0
3382 0.5739966111378041 0.8727624495092104 0
3383 0.3719787073122352 0.01195306768197478 0
3384 0.5370732588796705 0.1756518241747264 0
3385 0.4006116618414726 0.3149813979360691 0
3386 0.09082956603038994 0.08752633935139247 0
3387 0.9203893215779071 0.9662667514838711 0
3388 0.8476148315924065 0.9114736289363781 0
3389 0.6233222747283002 0.9275130361210316 0
3390 0.294720469033958 0.4092598852622699 0
3391 0.8037535266104701 0.4225761213405734 0
3392 0.8357164347409343 0.08600366479821039 0
3393 0.08031143714054141 0.2881931061583273 0
3394 0.3716595578406183 0.1237660182448285 0
3395 0.3963552047055501 0.1339416687118794 0
3396 0.5382051028087331 0.684521420672176 0
3397 0.6237790852825961 0.7868793851080951 0
3398 0.1601850948728784 0.6350442666310276 0
3399 0.8812352439767966 0.1393252737062322 0
3400 0.3163823240014686 0.5426890593493103 0
3401 0.2057922708304021 0.3428251655630031 0
3402 0.161677782351129 0.08646964177127826 0
3403 0.7161991252499745 0.6201215075101092 0
3404 0.09887777700753705 0.4589320889202427 0
3405 0.05883616348528668 0.07420353040667971 0
3406 0.1299636906912476 0.4770691632920714 0
3407 0.7876193272255178 0.3815693484642284 0
3408 0.3152104776500665 0.867995495438645 0
3409 0.7806460980532237 0.8722122806542594 0
3410 0.1516314967235597 0.5735772931733004 0
3411 0.823810520124038 0.1570600232952068 0
3412 0.475563775936849 0.07235833596806954 0
3413 0.5464952569213264 0.9349168393214128 0
3414 0.1762358898647464 0.8428305021894205 0
3415 0.3950914817619229 0.6460010568953102 0
3416 0.6955566627830578 0.6169439393798046 0
3417 0.9896234637901262 0.2714394745785204 0
3418 0.3785409277029814 0.07246977807206099 0
3419 0.1793251988833802 0.8945747540788183 0
3420 0.6247239412273687 0.7016307725416296 0
3421 0.1777480751371151 0.2081468121281586 0
3422 0.9421816624867398 0.9240698280890988 0
3423 0.01094466977057999 0.5531573457927668 0
3424 0.5248345239660557 0.6946026253606269 0
3425 0.8799870723122228 0.2572611136606825 0
3426 0.1806373289843992 0.1054053781042434 0
3427 0.1856315236387032 0.3030672383467607 0
3428 0.8298283961002375 0.491555316633247 0
3429 0.3956079293865507 0.72125086509045 0
3430 0.6940001238831921 0.6404705394582602 0
3431 0.1314027855786184 0.8775054806113471 0
3432 0.2296804057903293 0.885685532280141 0
3433 0.8386763877128127 0.6915563539130498 0
3434 0.6589887918724757 0.7431201043692486 0
3435 0.3371808113757827 0.4621208500821967 0
3436 0.009974410764326095 0.7280393031250045 0
3437 0.3490171544862881 0.08103958254241803 0
3438 0.6912018444827339 0.6821879310681105 0
3439 0.3652805272561023 0.49938349449385 0
3440 0.3241511608183039 0.2468547838850172 0
3441 0.3722617735467704 0.1504661216120658 0
3442 0.153393510405763 0.4465936931877735 0
3443 0.4476142106899083 0.6295634294383285 0
3444 0.681154528114609 0.1321820328167822 0
3445 0.1557677000643727 0.3844072697010352 0
3446 0.685801013245989 0.5789512753222955 0
3447 0.4016356038255733 0.2625473781717694 0
3448 0.1603773957876063 0.04061513452354901 0
3449 0.4545218413098631 0.8311295789666244 0
3450 0.8256725468726372 0.418200076298162 0
3451 0.03125023796307817 0.7884521501665077 0
3452 0.09323534149941072 0.06038476199453453 0
3453 0.9687302909974955 0.2116245752368732 0
3454 0.7351108991334981 0.1540791799417399 0
3455 0.5339795404722056 0.8149758546409791 0
3456 0.07548599084519905 0.7082846168695358 0
3457 0.1428098105162003 0.595265704026031 0
3458 0.7165604739344513 0.6356361751049288 0
3459 0.07603836781518213 0.2656598964194627 0
3460 0.553783737480248 0.01611100962413729 0
3461 0.7986884708316971 0.5116872549503162 0
3462 0.9286452113788353 0.9020402783728381 0
3463 0.7866182591493106 0.9132935950435039 0
3464 0.9609256336711278 0.6423897370703517 0
3465 0.1362303296387237 0.8504785565739661 0
3466 0.3340197877560151 0.539485453690983 0
3467 0.1187499895879309 0.860628140174492 0
3468 0.8882985928758498 0.4483984371588465 0
3469 0.9694034459263317 0.4107619262032499 0
3470 0.9098260137496255 0.1608267127620028 0
3471 0.7350018175759797 0.3187000546473207 0
3472 0.4389367428776694 0.7762943818146315 0
3473 0.8102532931137721 0.6310854385321932 0
3474 0.1608576471501592 0.9595721378899578 0
3475 0.02898218376254902 0.6347620958186081 0
3476 0.4701912677906193 0.3032509223050669 0
3477 0.9260966876465655 0.5817333498463617 0
3478 0.1632129818877251 0.9137196051121195 0
3479 0.2007870956192389 0.7782352451850487 0
3480 0.08905675925928908 0.8383544471491061 0
3481 0.2818487482386808 0.8705469292786275 0
3482 0.8836977737383492 0.6787503846429206 0
3483 0.9884590910944604 0.8025049804134829 0
3484 0.8318834421676408 0.7343545035824726 0
3485 0.631672696598449 0.5758562420917853 0
3486 0.9335151258140423 0.459732309619822 0
3487 0.7613162331620327 0.8456669787550553 0
3488 0.008916923787636238 0.2629182672106715 0
3489 0.439953848376193 0.2961725760910651 0
3490 0.6027313638371121 0.4057806661543666 0
3491 0.4166446006448656 0.6809069585330051 0
3492 0.1664124750789127 0.8643743561083641 0
3493 0.5548912782577685 0.7055418048707834 0
3494 0.1992938303681189 0.01670103830923599 0
3495 0.6094401274931974 0.09558340491978889 0
3496 0.3286569194366047 0.306106097879311 0
3497 0.9205021232194568 0.6961336702120693 0
3498 0.9881120130623863 0.1775887895779454 0
3499 0.01188375351136089 0.8224172865051351 0
3500 0.490341772010308 0.7103900633427644 0
3501 0.3191712775553334 0.565263955023517 0
3502 0.02648827310101964 0.2659405752201185 0
3503 0.8308902482380744 0.9291027205061797 0
3504 0.950508314274115 0.1874706329757642 0
3505 0.5044265972987622 0.5072818944684317 0
3506 0.8656264583336629 0.8864330301313477 0
3507 0.6465373841830626 0.6582346761435383 0
3508 0.04945469781748583 0.8126001262470822 0
3509 0.8223847993063608 0.876586063628165 0
3510 0.9484402198826127 0.47174372020327 0
3511 0.2068720816427717 0.628735276426357 0
3512 0.7877915900427821 0.2793594024239096 0
3513 0.2014192647227137 0.4282101885113279 0
3514 0.8637581633695471 0.1495509022531855 0
3515 0.9566705464785444 0.539110546310331 0
3516 0.6923868196928094 0.2138242566788437 0
3517 0.3876216705461943 0.443161806827172 0
3518 0.8927580207668515 0.5994413846453499 0
3519 0.8924906228719132 0.6572289131442357 0
3520 0.6633345108980555 0.3582353211676962 0
3521 0.896503511551862 0.6713461882273676 0
3522 0.9110334504698108 0.3538321489145242 0
3523 0.7523141182945535 0.5157081093744391 0
3524 0.1305486714042901 0.2301653794964809 0
3525 0.06809433896936234 0.7250113430739534 0
3526 0.8598109026339231 0.8693754534558675 0
3527 0.2901606956833372 0.7786400642645607 0
3528 0.09063717093162636 0.3770662650725063 0
3529 0.3962665863674549 0.2228303253094617 0
3530 0.8387839300014814 0.03977931049446213 0
3531 0.1690315261770816 0.1605296637154195 0
3532 0.8503751324269118 0.6712311091395441 0
3533 0.5870612360257929 0.5729242000432416 0
3534 0.6320338232606292 0.4415434026030077 0
3535 0.01245209920456519 0.6012099904959145 0
3536 0.9710772973964319 0.4370472267548577 0
3537 0.6179087634165327 0.3261105070784573 0
3538 0.9887743047219035 0.2081093023023427 0
3539 0.6450951910384254 0.4186194846239405 0
3540 0.02721528683341482 0.1381826113995828 0
3541 0.3950636014009085 0.4699480491633289 0
3542 0.8095960770170242 0.8100277653851021 0
3543 0.9716826223731019 0.1398854612426829 0
3544 0.8003907898693625 0.4636392443446654 0
3545 0.3044646370516776 0.3520928547441982 0
3546 0.02831724569180943 0.860114489870303 0
3547 0.555768585487429 0.3489146909891805 0
3548 0.0993898238291453 0.2625450289773981 0
3549 0.9589787802768683 0.8721830906265661 0
3550 0.5645253415535869 0.3203022725968519 0
3551 0.9901056980384695 0.849978302301015 0
3552 0.7815396571541744 0.8046765714528548 0
3553 0.5760089558061572 0.9005347503521342 0
3554 0.9131778577021951 0.7949897348789462 0
3555 0.1330117063475335 0.2147776393379801 0
3556 0.5539138481245059 0.1922050101920352 0
3557 0.01119923184213473 0.7919523092145691 0
3558 0.0722305905858798 0.3325376214237469 0
3559 0.9885821018045315 0.830381276222893 0
3560 0.1999470509997601 0.3276011448113582 0
3561 0.7010618946343501 0.9340082888256491 0
3562 0.8776896649755063 0.9324223793754675 0
3563 0.8053831875833264 0.9197097727519595 0
3564 0.09229327654601412 0.7733783831881721 0
3565 0.1734782564720312 0.6118304866110127 0
3566 0.7771337665210702 0.4675581639005288 0
3567 0.5987846439252762 0.7789013549583494 0
3568 0.178060112866097 0.3570471643249916 0
3569 0.9527898681743553 0.4830514052690707 0
3570 0.8937353108641365 0.7123948004141274 0
3571 0.8123089142625095 0.2517313803989685 0
3572 0.836467622063469 0.2449072131552124 0
3573 0.7559050391958488 0.2163152775628596 0
3574 0.5055827742815182 0.5590513526639127 0
3575 0.04902077807665429 0.06680097858478432 0
3576 0.6467155952703335 0.6320882383337036 0
3577 0.9139301975423444 0.2450256698924303 0
3578 0.01117484674218864 0.2809661770051908 0
3579 0.8790677406359019 0.6546814317419741 0
3580 0.6253864910936976 0.8756507095783479 0
3581 0.3656621271503452 0.0434703387323674 0
3582 0.8060735270507167 0.8823618973073681 0
3583 0.27755403439865 0.7539366947599475 0
3584 0.5855768370339994 0.3012200188299333 0
3585 0.1870245210670077 0.7318664135352396 0
3586 0.6361835337449622 0.9593832701290929 0
3587 0.1314038909488779 0.7948501300149717 0
3588 0.9560506117553624 0.621206343036196 0
3589 0.7426764534538824 0.5417804733024221 0
3590 0.3863418396411944 0.2117607350729058 0
3591 0.1770544231346136 0.3158908562030211 0
3592 0.1176375763370685 0.2083654891298427 0
3593 0.9891560104690976 0.4091310300846331 0
3594 0.7741862519319158 0.9860246373250716 0
3595 0.4127031519770282 0.7719182353084828 0
3596 0.9697013295726833 0.7221976893149626 0
3597 0.9703236224222274 0.2332074853172228 0
3598 0.6619142304463459 0.5849948742687648 0
3599 0.8713727691996527 0.907156649668748 0
3600 0.3873074128825875 0.9041717931136499 0
3601 0.9900810346739133 0.5163847688323118 0
3602 0.6244709738435332 0.8498261750301199 0
3603 0.9902485595854503 0.7497745851211333 0
3604 0.08330363857655784 0.6073414639318315 0
3605 0.04544883445668237 0.5397830048889031 0
3606 0.914442739598747 0.7567701622757146 0
3607 0.1769731232649081 0.2337232453173348 0
3608 0.06524915587874928 0.5959468199037449 0
3609 0.7754727670032042 0.4529428820989416 0
3610 0.8568941800591774 0.6097015033927209 0
3611 0.07602122565687658 0.4223874529060377 0
3612 0.9419403216680715 0.7355536373388919 0
3613 0.8079903600795875 0.4366582878284762 0
3614 0.7135165766849605 0.5229655578804721 0
3615 0.8597239167823678 0.4735925557360731 0
3616 0.3253911025054798 0.396042181165616 0
3617 0.4997339251771005 0.8880960731449974 0
3618 0.3692488259056924 0.5584072798758013 0
3619 0.671135251557754 0.03948016171936489 0
3620 0.06230008569922274 0.3526567587148881 0
3621 0.07778315154826276 0.08595530722775795 0
3622 0.5853173560409624 0.1083672977005102 0
3623 0.3267263331135966 0.6850522882292394 0
3624 0.08831676601136884 0.5930741540812197 0
3625 0.09597083806711666 0.8633690005934825 0
3626 0.9899610006913832 0.6291554435484937 0
3627 0.9380248296276503 0.6768352405518328 0
3628 0.1039431107078623 0.07248731504191759 0
3629 0.1099834339112099 0.3225292291232087 0
3630 0.1106767579662105 0.09895249279207644 0
3631 0.2024374684946184 0.1969515262235172 0
3632 0.01016208104025266 0.2137911176042559 0
3633 0.6086957454714412 0.7896439301139508 0
3634 0.9035729036318966 0.1365466055478724 0
3635 0.2814021185132081 0.6373213338164945 0
3636 0.3256550635895815 0.9606198230784442 0
3637 0.6011154758057161 0.8659467645627725 0
3638 0.4883844015463852 0.5333633259089889 0
3639 0.7433798517058585 0.9853699935805985 0
3640 0.4919468611661604 0.09928715732011825 0
3641 0.02309528692664792 0.4250647547288325 0
3642 0.6908438404694762 0.4761801739356943 0
3643 0.1047627718635434 0.9274131511345289 0
3644 0.1297370226721047 0.5892155183879252 0
3645 0.5915553041036321 0.7533681739848284 0
3646 0.3155153134421006 0.7796562203382822 0
3647 0.370815505624508 0.3866523149688035 0
3648 0.4920885160247211 0.5855591150616042 0
3649 0.5912414346490058 0.6239106894827265 0
3650 0.2441497056811708 0.5363830368580548 0
3651 0.1791753350638648 0.5412156191559631 0
3652 0.9660115363373389 0.4904076607747011 0
3653 0.2424924194634321 0.7813458724869768 0
3654 0.1849686743798978 0.7466049641813116 0
3655 0.7639547717570808 0.681788945807448 0
3656 0.6131879465576209 0.2451104361382424 0
3657 0.02918080536638833 0.7667206890337677 0
3658 0.9906880253054915 0.5611111111099542 0
3659 0.8139129565762928 0.05779675991125708 0
3660 0.8949859032173695 0.07249878306679511 0
3661 0.1824675716023232 0.4148891922848659 0
3662 0.1768912705071489 0.4998664550822989 0
3663 0.9073735011816042 0.09276160275850279 0
3664 0.2128907955505701 0.7192595355183259 0
3665 0.1849690896958744 0.9408847550109193 0
3666 0.2495863105935297 0.489732638027326 0
3667 0.5770772114242707 0.8208001767353331 0
3668 0.4485237730268563 0.6463310133485117 0
3669 0.4635851007563019 0.4356515065564199 0
3670 0.9389260668960615 0.3087057312879196 0
3671 0.150155454636402 0.9843170364613919 0
3672 0.1681181974642264 0.4783370557296789 0
3673 0.7609985291228153 0.270636221597444 0
3674 0.636956128061688 0.1980151415182879 0
3675 0.8131439655790557 0.1185730644520304 0
3676 0.1638321308673736 0.7557742932610233 0
3677 0.7253190603304729 0.5622286740684498 0
3678 0.4291063757751533 0.8847412379098178 0
3679 0.9247317087986633 0.1245435476364921 0
3680 0.7062601877681489 0.7210092222787521 0
3681 0.2485166267613429 0.573136654687312 0
3682 0.02293737523091771 0.4827753982737555 0
3683 0.9117445907569943 0.7795561099965835 0
3684 0.1842478284796907 0.1197910725437664 0
3685 0.7295547208506641 0.9414067491286557 0
3686 0.07526605216821591 0.87545834655238 0
3687 0.7067825004723788 0.2203265224504697 0
3688 0.08999380520318734 0.9094741096769419 0
3689 0.009417513320809392 0.6377386467976567 0
3690 0.03603064260698531 0.1937402322910497 0
3691 0.4922747068205411 0.1747267630508683 0
3692 0.6224504493389713 0.04375046085503601 0
3693 0.009475421884386159 0.3291909625381067 0
3694 0.675438994403762 0.9848772627549509 0
3695 0.8124560633439 0.9044303474192389 0
3696 0.4894247483892562 0.320564619007159 0
3697 0.8723547250160161 0.9860459016413035 0
3698 0.6258014070046092 0.01487803239060007 0
3699 0.3310346149617337 0.03987644410354543 0
3700 0.4849427186213755 0.3063284711444778 0
3701 0.9600775394046305 0.9310380524330504 0
3702 0.606519441445573 0.04107440677960088 0
3703 0.8492704764808421 0.01565849779019784 0
3704 0.24462083148236 0.4520262684857294 0
3705 0.4127812842729771 0.3958360054799271 0
3706 0.9592274512732516 0.0691642921807879 0
3707 0.4863778620001031 0.1903553919864347 0
3708 0.04077322859672379 0.9308359813168213 0
3709 0.5647725730459714 0.6319884339171014 0
3710 0.05029913890923203 0.6572530625563254 0
3711 0.7114861345058652 0.08636240084081463 0
3712 0.7562256895779718 0.2448467209204312 0
3713 0.8779527124186352 0.8558322041859946 0
3714 0.154164331505062 0.5497559677896016 0
3715 0.9301185022412936 0.8135005528973867 0
3716 0.8882769427437954 0.9025984843688485 0
3717 0.1301318435525889 0.3351400890791842 0
3718 0.1520161109785886 0.1775151771545397 0
3719 0.9135273582239211 0.5512788885648469 0
3720 0.8847525849549572 0.5387912047267455 0
3721 0.7119150903706848 0.3306015764354079 0
3722 0.5130815255049043 0.313170247470471 0
3723 0.1034171545329957 0.6830964478645005 0
3724 0.893301582414617 0.5308608911767172 0
3725 0.9693052847446713 0.09736484080315227 0
3726 0.4600612482404125 0.6999274752718685 0
3727 0.484280461992857 0.04738569457828424 0
3728 0.03069415731046361 0.902635041796382 0
3729 0.1928753249270397 0.3882398239529909 0
3730 0.2252112118645489 0.609075269048904 0
3731 0.4839150490214804 0.4187856911661748 0
3732 0.1948756308589588 0.369304394984603 0
3733 0.2272927879896989 0.7130545207277875 0
3734 0.1150864562035742 0.6890032552324233 0
3735 0.09336626960608246 0.5191988502606606 0
3736 0.3564841548244029 0.8310096313350002 0
3737 0.4369866524986232 0.425610297120386 0
3738 0.3068301866706686 0.838781269807597 0
3739 0.3738349458612681 0.9574502028774162 0
3740 0.9684799438398073 0.9017438186318221 0
3741 0.9340737831317057 0.4047493549605229 0
3742 0.9905525948825293 0.3166673244209096 0
3743 0.4323442670782389 0.4401515044849704 0
3744 0.6848772148867753 0.9246454683332255 0
3745 0.5431357461307061 0.123299939876368 0
3746 0.6373133403715909 0.8851564550265053 0
3747 0.5113828192900981 0.1939950522519778 0
3748 0.1859159399839616 0.4665917993718025 0
3749 0.696921654666381 0.2603119301017282 0
3750 0.2228441757330947 0.1171982230090992 0
3751 0.04114443806144236 0.482216233633559 0
3752 0.8914344252094748 0.8472201352109079 0
3753 0.1472844513612509 0.013570338116537 0
3754 0.6735663543415353 0.6607191964626092 0
3755 0.8263107933358386 0.191825708741388 0
3756 0.1368563704172885 0.7490864241288171 0
3757 0.9574811592822622 0.7888680858379551 0
3758 0.6002180572108725 0.6837495464528379 0
3759 0.468529834240543 0.5700496372582123 0
3760 0.790592490361279 0.9629353233486851 0
3761 0.7615819142817513 0.6555267711217732 0
3762 0.3430883442751278 0.4491384076681377 0
3763 0.4307127759493714 0.7338485665091307 0
3764 0.1713202535432195 0.6680341090923064 0
3765 0.5129210098894348 0.8597630609191024 0
3766 0.8647902955405301 0.8085302741741797 0
3767 0.9902702791874725 0.4272985763041396 0
3768 0.9710795669515557 0.59575631920703 0
3769 0.2878278496562922 0.01507893770336283 0
3770 0.7287275752246986 0.1251029252566771 0
3771 0.9222826713633696 0.1510730479005436 0
3772 0.6393443645974526 0.2133439301705295 0
3773 0.5947619212904217 0.7366154173886894 0
3774 0.9203019363510656 0.2951035965118675 0
3775 0.4688802924752639 0.148419229257132 0
3776 0.8129466471352205 0.6934884213319294 0
3777 0.04774986977123692 0.6056919825635614 0
3778 0.1012819747416745 0.3699806425752541 0
3779 0.6060562575659909 0.3530001827441048 0
3780 0.07729396987723106 0.8487092842320121 0
3781 0.05528629918636413 0.1853224984499722 0
3782 0.9741394091087592 0.3089183705727978 0
3783 0.1720015307718828 0.8084321591084256 0
3784 0.1343127579452366 0.3519965385293761 0
3785 0.2951941274479997 0.3716091739076177 0
3786 0.3770280643790381 0.3637200711340933 0
3787 0.2848937030984787 0.9160657078244744 0
3788 0.9905178322812168 0.3497180448614159 0
3789 0.02217411767758801 0.3833681645216986 0
3790 0.0538100500430299 0.493668439855412 0
3791 0.3990367715167563 0.5934926032089837 0
3792 0.907523171519793 0.5853429395957886 0
3793 0.04661352143683618 0.4709192286050066 0
3794 0.3521611538246012 0.5956525270037282 0
3795 0.389619601713126 0.9584643373772618 0
3796 0.7791803157050017 0.7774282961068772 0
3797 0.05046677999581982 0.5496655555614021 0
3798 0.3183924002643586 0.7228579986904202 0
3799 0.1100165261611541 0.3504202383407146 0
3800 0.9093077585762102 0.7352188859045691 0
3801 0.01151752372237348 0.1093503849070432 0
3802 0.41207410847149 0.2736870420717075 0
3803 0.9708749735061959 0.3973733972874946 0
3804 0.9079087863529569 0.8304260725354049 0
3805 0.9896100990491732 0.7376705056903835 0
3806 0.2204107335630763 0.4078560681152208 0
3807 0.9047109666165785 0.3129101254200495 0
3808 0.2911294862601105 0.2806670170483478 0
3809 0.8874710899521486 0.7661805560027803 0
3810 0.05949382811020349 0.6907385682900586 0
3811 0.4195699198572241 0.2421679528704696 0
3812 0.9400874348105965 0.6084867166325076 0
3813 0.1022625955546884 0.5603351257398048 0
3814 0.4223924709142177 0.1524177207904658 0
3815 0.8470508558915033 0.8946425069609011 0
3816 0.2516759992033591 0.67115185914006 0
3817 0.9438376274752784 0.1135535708774234 0
3818 0.8515727008110976 0.7256485675678228 0
3819 0.03185025146860205 0.09727510991378252 0
3820 0.8566613539177091 0.5760216402082755 0
3821 0.9164110784636135 0.3416436590489378 0
3822 0.9898052690009367 0.5829504505283721 0
3823 0.05615919205124548 0.8864473512478408 0
3824 0.6919384924757397 0.7859217688995447 0
3825 0.2142569865594929 0.08906192889040458 0
3826 0.7903666672713646 0.5541306795833526 0
3827 0.9001877777218056 0.6471135023519322 0
3828 0.4528194743417407 0.8779086118535335 0
3829 0.008876337245698794 0.4719847067820829 0
3830 0.990181442329957 0.6719266250554313 0
3831 0.02747275047251254 0.2947311757126876 0
3832 0.8505160504325057 0.4248961455554752 0
3833 0.7610779312347768 0.3134777986427042 0
3834 0.136406267552886 0.4527990198562972 0
3835 0.689424402366315 0.41037005020887 0
3836 0.7777200462793644 0.4260490404613698 0
3837 0.5127815981304493 0.9516161898579125 0
3838 0.4340879098766337 0.06105201235243413 0
3839 0.9884870441985131 0.8905746869716786 0
3840 0.04180540690677841 0.2823820009662465 0
3841 0.9903601585043875 0.1084914837167147 0
3842 0.05131702145490964 0.2604250007667441 0
3843 0.05391442022903504 0.5153774497652203 0
3844 0.009639716079385588 0.8915084865152372 0
3845 0.8603392430647676 0.934628130316703 0
3846 0.9348025712354566 0.3699217225323526 0
3847 0.6531121557738789 0.1902448299988136 0
3848 0.1143675588676912 0.5123739214712411 0
3849 0.5621571823664223 0.9385104594552306 0
3850 0.8554946793892964 0.3739481015389562 0
3851 0.5353904445038986 0.6678740719642324 0
3852 0.1015422346408675 0.6121680235532344 0
3853 0.4621366299269387 0.6535401480270342 0
3854 0.7317776777147067 0.1819954599035884 0
3855 0.3734340320246993 0.9877245731977 0
3856 0.1543802380725979 0.1128154842229194 0
3857 0.1301396185661033 0.1207537688113143 0
3858 0.5921327714786292 0.8927680914259595 0
3859 0.3550465435825753 0.5146285198361967 0
3860 0.2313903032134975 0.4015124852881972 0
3861 0.1718900769609529 0.7094180637191099 0
3862 0.05428217811228743 0.3726306402168498 0
3863 0.7207860921704095 0.8214628168761924 0
3864 0.1872260204944038 0.6902826755068128 0
3865 0.2190083125155747 0.794398463012686 0
3866 0.5120927597422923 0.8311877794049283 0
3867 0.2708652253264992 0.2911366757863191 0
3868 0.677656264530266 0.8823500046869681 0
3869 0.05068872009499606 0.1976011276920789 0
3870 0.8667349049697674 0.1063824946870763 0
3871 0.6682168983589403 0.934675374443183 0
3872 0.4799441725845793 0.2765302998265329 0
3873 0.6615683674506584 0.6321357718626623 0
3874 0.8640565996813945 0.4319644825912365 0
3875 0.702106008209002 0.1898920399485735 0
3876 0.4646559188115885 0.7749019433348521 0
3877 0.18474345246294 0.05914173175980858 0
3878 0.8804876082455577 0.2869243506961673 0
3879 0.4638956563355737 0.7275789581072084 0
3880 0.5549232053386539 0.2551240428558615 0
3881 0.2640987012386311 0.6721796717284738 0
3882 0.9060543535423962 0.9405242389966213 0
3883 0.2360350725087468 0.7332463775494323 0
3884 0.9008647430141776 0.1508992187459965 0
3885 0.9490594375188327 0.09120529012054615 0
3886 0.04904788213311256 0.291920517345658 0
3887 0.04865296618425438 0.4139293258001095 0
3888 0.04673643630522304 0.1491135312572417 0
3889 0.2621640687953941 0.6177368571480917 0
3890 0.6868305232697476 0.1593612313140738 0
3891 0.5303757169402245 0.7108714587289953 0
3892 0.5988832215857818 0.602065355278732 0
3893 0.0509386464639793 0.9087942449475653 0
3894 0.7150930358166748 0.3782296496906628 0
3895 0.01053202117781113 0.5895313846890186 0
3896 0.8537003277755848 0.06544091417189184 0
3897 0.7126121199521969 0.2664446626307049 0
3898 0.4838884439828391 0.1260033297672704 0
3899 0.9341485636779981 0.6252367685014225 0
3900 0.3576018039089496 0.2867098755428479 0
3901 0.9893678979864102 0.4711605841255427 0
3902 0.4438355142724051 0.8598913875908089 0
3903 0.1484248768868834 0.5160721132502438 0
3904 0.9698351161287351 0.9395649169044453 0
3905 0.9481847813478467 0.9098951179330472 0
3906 0.7431786455525948 0.5576945459931363 0
3907 0.7949252273063887 0.321064379275387 0
3908 0.4105042669950596 0.3570698753075943 0
3909 0.64607167222628 0.6845335027739065 0
3910 0.6742409810555609 0.6882670908196408 0
3911 0.03957661774863844 0.4519634652998717 0
3912 0.4259603531034065 0.547173786982436 0
3913 0.2395625931288596 0.6280536329957845 0
3914 0.5117875660026275 0.6518338606751412 0
3915 0.9326626505857259 0.5454578650541756 0
3916 0.06194269998215957 0.6297982053230291 0
3917 0.1600112483744946 0.3648543629058904 0
3918 0.9901587414401407 0.5943962458781572 0
3919 0.2435093977314004 0.4200544831592309 0
3920 0.9572734157729262 0.7526441149054358 0
3921 0.3205595068469342 0.3358918444857546 0
3922 0.536076364884166 0.4603867352485824 0
3923 0.6411622409750184 0.2408216442495739 0
3924 0.8291330872537201 0.7098572228199325 0
3925 0.157204686133742 0.4186901358292423 0
3926 0.1441294016306434 0.06452028782494509 0
3927 0.1384087665468408 0.6908236247563901 0
3928 0.9448264200485231 0.695181806269531 0
3929 0.6693644846641157 0.2639735078912745 0
3930 0.9901595741574433 0.7839188814346894 0
3931 0.2686087235154611 0.8777818109136751 0
3932 0.8635268859545875 0.6948091505129135 0
3933 0.6812435967691169 0.7277172033915575 0
3934 0.6370131874732931 0.8273084520879974 0
3935 0.9366372758998787 0.7602624905721141 0
3936 0.121596686488525 0.6684275979095945 0
3937 0.6436186244409989 0.4844564125074989 0
3938 0.7678353675968601 0.6336286702915042 0
3939 0.145952195636116 0.6687981763058454 0
3940 0.146316500068397 0.9342210620042911 0
3941 0.9786555300391084 0.1570635300882646 0
3942 0.6659574413189353 0.2021090437264454 0
3943 0.4182727140331665 0.8031096003272129 0
3944 0.02134435284609753 0.8429364488692918 0
3945 0.3116981902091688 0.5946394360227162 0
3946 0.5122920357291184 0.7758445035810171 0
3947 0.1560489126951451 0.3454905255854389 0
3948 0.9353484760972164 0.203623406695662 0
3949 0.2197904119852526 0.9129448253401128 0
3950 0.309551302286224 0.4175041975827601 0
3951 0.7550778537637781 0.8735624677213735 0
3952 0.7325322526569972 0.6891170052313976 0
3953 0.9702747788210045 0.8548415464193037 0
3954 0.4240084351534523 0.9874127500056412 0
3955 0.93339791638557 0.2783319548304093 0
3956 0.5266548020007877 0.7775173369875417 0
3957 0.9569885709612298 0.5202165014242308 0
3958 0.5741240373135785 0.2436142271503992 0
3959 0.6317562095546961 0.5488837353814224 0
3960 0.9410401875812067 0.8840233016390784 0
3961 0.5686148763518241 0.2916922855042802 0
3962 0.3441080435084775 0.9864902807994285 0
3963 0.7768655978213553 0.08807133356172227 0
3964 0.6945951124512224 0.3622079502109579 0
3965 0.8985946996279577 0.333153956282639 0
3966 0.3816837961711424 0.04486933288389534 0
3967 0.09236391180679404 0.2019499675823476 0
3968 0.359442205270417 0.1732953643585359 0
3969 0.2209647735059035 0.314908309928426 0
3970 0.7714925969371705 0.8277041566485344 0
3971 0.06457939257909143 0.7963553502261257 0
3972 0.3446670312131865 0.013589760104924 0
3973 0.9000978114984717 0.357885392806909 0
3974 0.842827358399011 0.2023684647126368 0
3975 0.6976374000310696 0.2438292119696092 0
3976 0.6548214012261308 0.04112659779083234 0
3977 0.3965554264196617 0.535797968412755 0
3978 0.06399267683926715 0.5339855909471144 0
3979 0.5757619995804129 0.03654917522392954 0
3980 0.5297326961798829 0.5557550518492115 0
3981 0.4843272511639221 0.2504715084729121 0
3982 0.675757553695888 0.05667666288659286 0
3983 0.1960061740743473 0.5540660702356056 0
3984 0.7081184805526289 0.05685237141394798 0
3985 0.8926404701611355 0.3452786364990701 0
3986 0.9741548343895191 0.5698819386444109 0
3987 0.901919007910175 0.4659039065794834 0
3988 0.9742936070539691 0.5516203681445586 0
3989 0.008614369662110724 0.3708013228087882 0
3990 0.2139761693831271 0.3820190786323672 0
3991 0.5923342038407304 0.07690975585466353 0
3992 0.1114906676548763 0.1335468206512672 0
3993 0.9197782028125681 0.8761202216382253 0
3994 0.797898085953042 0.5383004561646663 0
3995 0.4523385675765551 0.3158340642442232 0
3996 0.1554124071032428 0.8875773582510608 0
3997 0.771459105170622 0.2254510927912087 0
3998 0.622452409472229 0.6246183374065041 0
3999 0.9466754431916694 0.7967197580779132 0
4000 0.1104093696452241 0.8470099826459203 0
4001 0.7139115727619161 0.1312480586015988 0
4002 0.4032728102680566 0.9245894278276008 0
4003 0.8404216720557429 0.5924184284583272 0
4004 0.132823453722163 0.8934046484177519 0
4005 0.4585905503748225 0.1272967855317073 0
4006 0.3242780690464444 0.6277365406136934 0
4007 0.9726347173531111 0.349806563757218 0
4008 0.0241462575975604 0.2251249535658303 0
4009 0.113861189489655 0.6476081600160271 0
4010 0.6439927953742648 0.7700130199715778 0
4011 0.7602412049054275 0.4357384622483959 0
4012 0.9515964147704992 0.8088780911503897 0
4013 0.7017174670322706 0.1743350142544517 0
4014 0.107609928162789 0.9639588217273858 0
4015 0.6912061706383001 0.3177929472823028 0
4016 0.889093069954012 0.1733440194827158 0
4017 0.4715673787836802 0.1906717559444776 0
4018 0.1051991047262095 0.03440545481373179 0
4019 0.07754193359375741 0.5549142374583865 0
4020 0.6845466706361312 0.2362593690983658 0
4021 0.8408592904850295 0.1117111474161778 0
4022 0.1501270457943639 0.7218700641996572 0
4023 0.1279736900442683 0.4351591430729814 0
4024 0.9592049294027248 0.7245503509969866 0
4025 0.7987390321069698 0.6501606352204699 0
4026 0.9910040391984994 0.3609737498627123 0
4027 0.4748999497101498 0.8659170809331711 0
4028 0.008921916232781716 0.618445611491784 0
4029 0.1108503900173416 0.8265571196338252 0
4030 0.270736693528375 0.6070922267780076 0
4031 0.7260238943144366 0.8454084436556064 0
4032 0.7367542943699281 0.2561578748027208 0
4033 0.5138895998549762 0.7520572739608433 0
4034 0.6278060537354112 0.05612175863670759 0
4035 0.06329860832281116 0.4788975221551626 0
4036 0.8001255579548743 0.6639882923801181 0
4037 0.3637677296184641 0.6173011862912682 0
4038 0.8547519102767909 0.3347663368861324 0
4039 0.4483984880479246 0.2298161052125224 0
4040 0.3334598983366616 0.7985947767817643 0
4041 0.8359089470620508 0.2854568824473059 0
4042 0.2623855031709863 0.5929607942733934 0
4043 0.5274532433560851 0.3908935758289008 0
4044 0.008695382949361116 0.1277777777783096 0
4045 0.6410971638670127 0.1687448480401961 0
4046 0.9210477780591138 0.4538204755913881 0
4047 0.5736160376955911 0.4995013026086663 0
4048 0.9904518940215445 0.9173999892311611 0
4049 0.970016201917321 0.06084882006440646 0
4050 0.08423457563508031 0.6419153263658652 0
4051 0.009327528808961203 0.08284915656130366 0
4052 0.8939989153138195 0.0348708879923776 0
4053 0.02998366659801142 0.9391510525970803 0
4054 0.6702637234651294 0.3925820083853969 0
4055 0.3215714064370177 0.9440935092300913 0
4056 0.2716732636103443 0.4827689331239384 0
4057 0.2398260211158039 0.9557012671077567 0
4058 0.384590435677291 0.7710931514454826 0
4059 0.30246050705948 0.6964674440362513 0
4060 0.5634076242022126 0.5515585782759733 0
4061 0.990511700995372 0.08267099327565566 0
4062 0.7489361243301533 0.7518064191313951 0
4063 0.351445430593815 0.2332956503173575 0
4064 0.009488315800869455 0.9173290357074462 0
4065 0.6043597192180253 0.5477460465222487 0
4066 0.5136685682451164 0.4944756543722875 0
4067 0.2956503758801144 0.1363471686307459 0
4068 0.8784277336755313 0.1835355651302892 0
4069 0.314715977690854 0.7646989253642764 0
4070 0.7801313369234436 0.2057405068378191 0
4071 0.5734270312124161 0.01332818283440238 0
4072 0.3676532762476703 0.9449686302271539 0
4073 0.5404952389158993 0.7371932911267384 0
4074 0.4049368286639639 0.2484730886554072 0
4075 0.1237255909973075 0.8161728911449549 0
4076 0.008806351281822999 0.7055751288109665 0
4077 0.8383164381573605 0.8484736173821252 0
4078 0.9668769411623654 0.9744824556799806 0
4079 0.9699273144586602 0.67269087400709 0
4080 0.5663872079636161 0.0653401666177065 0
4081 0.856337385973531 0.5242865687853078 0
4082 0.4196499729178242 0.9637952747167911 0
4083 0.06619930836402871 0.513701629170215 0
4084 0.3389655607170731 0.6020763609486014 0
4085 0.8350877339322264 0.1354186923253209 0
4086 0.05613170572188372 0.1133434097786935 0
4087 0.6501824268715595 0.01632947577959155 0
4088 0.05060087362166054 0.09151772030308911 0
4089 0.008794601888233668 0.5719055701433969 0
4090 0.9171941057058888 0.9191167748633824 0
4091 0.1570182306222654 0.5376325792483461 0
4092 0.8214759175181365 0.5564736375920226 0
4093 0.8076437494551399 0.9858037786466625 0
4094 0.755057341835734 0.8048570469352214 0
4095 0.3008999954043872 0.7416722331000196 0
4096 0.06482145723556412 0.4464866482178759 0
4097 0.5792994580262795 0.4728318486890383 0
4098 0.02966506253369463 0.0615154018212373 0
4099 0.9896554757350914 0.1437113540082184 0
4100 0.3417039180945945 0.9593764909871486 0
4101 0.9300489638282105 0.7846056086427668 0
4102 0.0103444840766788 0.8562885389038069 0
4103 0.08217929473142063 0.6257732526172812 0
4104 0.6213140757257636 0.3732735574401418 0
4105 0.5327538158258875 0.208823699478067 0
4106 0.8233179718232868 0.3937252141698706 0
4107 0.6859322235740747 0.8582670522946105 0
4108 0.1131054053790216 0.5767080051647779 0
4109 0.8176272325816631 0.3173338397517589 0
4110 0.6316391574818576 0.5236110325959388 0
4111 0.4752571040261218 0.8973356307423805 0
4112 0.7190109673573695 0.3181320712301008 0
4113 0.9445385464102496 0.7717475009308175 0
4114 0.2887558537304278 0.9438966879152799 0
4115 0.7455877786840861 0.635284414319103 0
4116 0.06253633837910248 0.5698518315192213 0
4117 0.2278831214998064 0.5068003576131024 0
4118 0.04336514811571741 0.3265049700293273 0
4119 0.1059598783418344 0.4806568121531622 0
4120 0.4058979402030539 0.1046854658139536 0
4121 0.0939694144870368 0.7011959180588238 0
4122 0.0309174685479744 0.2848888622697106 0
4123 0.290326376027592 0.670875822874976 0
4124 0.3547158892729322 0.6388932643395143 0
4125 0.9680518378383814 0.02845792739746915 0
4126 0.0319473570093789 0.9715421857464319 0
4127 0.04579134764891613 0.4039685158798384 0
4128 0.06966675289057496 0.6077072003309008 0
4129 0.2725381194151985 0.8299398497211068 0
4130 0.5117627076371115 0.5266144713794713 0
4131 0.1686642567925546 0.5332686384248758 0
4132 0.978471228204573 0.6113318862715603 0
4133 0.4647798550035988 0.2314052962831531 0
4134 0.5068488111438836 0.2326199723722434 0
4135 0.4090261473864003 0.6959447174322289 0
4136 0.9478577903594014 0.1489652534306865 0
4137 0.1753293666264086 0.5652488560216165 0
4138 0.9645005551171049 0.3694592273186779 0
4139 0.1443352989308297 0.08808536295806596 0
4140 0.4908039854807625 0.4537302163690481 0
4141 0.8726102514848553 0.591117136193565 0
4142 0.07226338548932131 0.1936285635761445 0
4143 0.1030600745412726 0.5285145681082415 0
4144 0.07058118824584178 0.3885390106439083 0
4145 0.05196820878761661 0.8514868327239685 0
4146 0.3930616011150422 0.237508061972643 0
4147 0.6433454886545027 0.3615244640305534 0
4148 0.9776082774965069 0.7333484806451792 0
4149 0.4291763443701674 0.9354620384753116 0
4150 0.03144327124649255 0.02799094047581361 0
4151 0.725026593582131 0.2933842575165971 0
4152 0.09876036951775891 0.8492104896841066 0
4153 0.6762414157249302 0.5288147305650538 0
4154 0.06580261306121285 0.1402630147865299 0
4155 0.434223332266739 0.4648954357158442 0
4156 0.5660637298390957 0.6749013239869424 0
4157 0.5373786414006924 0.873981812464936 0
4158 0.8051528235733121 0.09495849440480256 0
4159 0.6084669205016898 0.2991902774961909 0
4160 0.900725935049085 0.3012572612470551 0
4161 0.08043932685273378 0.169754256706397 0
4162 0.1982099175147966 0.6201319103776572 0
4163 0.4090578727639469 0.1291991949861336 0
4164 0.2807891359345707 0.1798131594577792 0
4165 0.8705230507144888 0.6043843227869691 0
4166 0.3354187669842542 0.1081125255795917 0
4167 0.5769323183402135 0.5872248250894746 0
4168 0.1508481423474032 0.7084562102825636 0
4169 0.5213809126485907 0.1037352384150674 0
4170 0.8367526079158434 0.9508530619175311 0
4171 0.5557725898831851 0.4253625793568775 0
4172 0.4271322779106657 0.3253424082916865 0
4173 0.8941062396945902 0.4204213892624672 0
4174 0.8594224889177413 0.353173697370612 0
4175 0.4696582667016462 0.4082796142567442 0
4176 0.9917028478803678 0.9512670048049876 0
4177 0.6189307093130274 0.1061095536825134 0
4178 0.7296303346767021 0.5029695740605538 0
4179 0.7974353873733762 0.8705072824443104 0
4180 0.2576394485470376 0.1522223086963499 0
4181 0.06580868319686778 0.4079589787196213 0
4182 0.889122435197961 0.1531463850540358 0
4183 0.167294467388024 0.5854546028049802 0
4184 0.9167209700047114 0.3732823847968425 0
4185 0.752453562957581 0.1192369940640899 0
4186 0.8505572456349488 0.2432047769248973 0
4187 0.5550331718776946 0.1443878194193564 0
4188 0.1699619077237486 0.1960877162053562 0
4189 0.09625740649995218 0.2959947042897452 0
4190 0.08427200578379475 0.4810693204453239 0
4191 0.9917667304065715 0.04874852800280025 0
4192 0.00823318556705253 0.9512514228820607 0
4193 0.1392663203293422 0.6093380160456161 0
4194 0.8480372600492768 0.221266359024211 0
4195 0.5569821451302588 0.3029392808294153 0
4196 0.2470406826448556 0.6156081596469742 0
4197 0.03651548505978053 0.3588174041759785 0
4198 0.3706074520788878 0.7359388962788008 0
4199 0.4240416740810504 0.4034572814295585 0
4200 0.9305341946527729 0.1011484826874322 0
4201 0.4174257695828025 0.7067923845549482 0
4202 0.6528836863885435 0.5608668462848595 0
4203 0.2952298482657408 0.8258292510054985 0
4204 0.6189003175161482 0.7441032403544251 0
4205 0.1548618080232869 0.776129102036802 0
4206 0.8043105000147955 0.8568839384122299 0
4207 0.09920491222719688 0.6250840268819216 0
4208 0.2177900806585855 0.2730326108410186 0
4209 0.9634973387463789 0.4484691308525748 0
4210 0.06946211928916808 0.8988474294532611 0
4211 0.008243064356174699 0.04875583242471946 0
4212 0.3767304188736302 0.8938957800229913 0
4213 0.122479872019633 0.31052250300449 0
4214 0.1950831021993921 0.1467077762231317 0
4215 0.7558547084040739 0.3936749707278198 0
4216 0.08852137070835545 0.424846392158663 0
4217 0.3551921404106317 0.3575772970328583 0
4218 0.2518659607283875 0.8587757225415156 0
4219 0.1695627777073872 0.2784155084317332 0
4220 0.8708333802821314 0.5240455730902936 0
4221 0.7587664206830033 0.1576395468755602 0
4222 0.2309820611850859 0.4681222251955411 0
4223 0.7646266328512406 0.4861417959554241 0
4224 0.2295128693098424 0.3799430428218882 0
4225 0.5978723405183645 0.6570286899966672 0
4226 0.2185745915569523 0.4521404300182699 0
4227 0.5392744996357274 0.3985135569121094 0
4228 0.8035708832139746 0.2960346226514364 0
4229 0.6743885029039685 0.8689435369457259 0
4230 0.5602376550653314 0.4959229445744223 0
4231 0.5777143229796128 0.7591784177281389 0
4232 0.7198919990038625 0.6028649669481025 0
4233 0.7228161372532957 0.9157813082954298 0
4234 0.3637504602434405 0.760117948682355 0
4235 0.930571939632066 0.4806642613656454 0
4236 0.0191920867474979 0.3134234895038218 0
4237 0.9015010249480856 0.8788191589504456 0
4238 0.9478396503830148 0.5025813263868947 0
4239 0.06408302662110879 0.2822714633345119 0
4240 0.6990031405384668 0.656698710999648 0
4241 0.4215981729261272 0.6414022263868944 0
4242 0.8651769279917543 0.1728267280265144 0
4243 0.9914715371264842 0.3278590782458985 0
4244 0.2948198156899494 0.8102540708494855 0
4245 0.9910852559288711 0.6946563224739993 0
4246 0.6957994163082516 0.6032183529652796 0
4247 0.4484133436697788 0.512065649067813 0
4248 0.09376687201579526 0.152963839653548 0
4249 0.9910456044721904 0.7722404886005649 0
4250 0.9746807214621567 0.3270226605753732 0
4251 0.8079423139687192 0.7609707891169887 0
4252 0.09219507485902978 0.7881622761916702 0
4253 0.02533503731588027 0.331519631859364 0
4254 0.2834442380138243 0.6819888748287901 0
4255 0.1346015399871106 0.8270725512593455 0
4256 0.9034269442251565 0.5360703905164552 0
4257 0.3784684145321014 0.6259164401486795 0
4258 0.9172616817683202 0.3932483349291999 0
4259 0.5265045283213884 0.8828712147543327 0
4260 0.8741320707622831 0.7470500982527248 0
4261 0.3636424895267557 0.4303257754304733 0
4262 0.9371331671788919 0.4704188739347233 0
4263 0.08567478648462928 0.6660520012346103 0
4264 0.8821089736423724 0.6353374802027151 0
4265 0.231591281215601 0.9039863482149644 0
4266 0.9913470936611976 0.3833965303325567 0
4267 0.7310190298231629 0.5790178366072207 0
4268 0.7485886147833584 0.8425106829261408 0
4269 0.1588031233740098 0.7983047288063705 0
4270 0.2988915481255398 0.4639050775879123 0
4271 0.4040507560874274 0.3301441977485726 0
4272 0.8104035137646278 0.6434332610010185 0
4273 0.4795316905644517 0.3809489726942165 0
4274 0.08456119594083955 0.2770770624141621 0
4275 0.1024834018928251 0.28334924209799 0
4276 0.5666901551730837 0.3739857313999316 0
4277 0.1907203098825364 0.09631419004290495 0
4278 0.2414247010242755 0.215433921047365 0
4279 0.6178060746969186 0.7631165225891958 0
4280 0.9793507846338493 0.2489678699442961 0
4281 0.09985244341719404 0.729053907396118 0
4282 0.2028968861737991 0.4988203714249155 0
4283 0.9148362718894479 0.6247713179844768 0
4284 0.1541333157369999 0.2321004966478526 0
4285 0.08703875420369214 0.1292170080601531 0
4286 0.688590722893286 0.6659402246252302 0
4287 0.5581034853077878 0.6057169344298212 0
4288 0.377838809718377 0.4272874845641466 0
4289 0.7266967921071199 0.7607499324636382 0
4290 0.7926325049124925 0.09992638308282578 0
4291 0.7662453766813957 0.2863018326805972 0
4292 0.5540125057245667 0.755585301882773 0
4293 0.8760734179442135 0.9584073135915623 0
4294 0.1918117685761019 0.9041860488700388 0
4295 0.5064307145294352 0.01358108859521437 0
4296 0.7014900731460618 0.7625362053818872 0
4297 0.3113743620213696 0.1423048645824435 0
4298 0.487283711146249 0.7683415057310722 0
4299 0.2187549131972669 0.1447273357754557 0
4300 0.04918737138717536 0.6374087333623148 0
4301 0.5647616809877828 0.4491527209344646 0
4302 0.08978199561220386 0.7228886423410625 0
4303 0.0202071913589474 0.7508801144034079 0
4304 0.5501706436557238 0.7709348672535279 0
4305 0.1017921779526784 0.3926384293044126 0
4306 0.0236092011099496 0.4630752792737707 0
4307 0.9792629875355866 0.2257380004666389 0
4308 0.7384002621292555 0.4040656201699075 0
4309 0.1663915477933794 0.1012690402857699 0
4310 0.974547128581349 0.5290328388539222 0
4311 0.6304320799657582 0.2543348783984132 0
4312 0.2882837653928165 0.6250689676839406 0
4313 0.8327325657617971 0.6122580127965924 0
4314 0.264209650075464 0.6955324222699335 0
4315 0.751828921831289 0.3353599807737143 0
4316 0.7256380650896801 0.1091857577605094 0
4317 0.6500619033318343 0.5326456467840941 0
4318 0.3040963863068317 0.6716781521326658 0
4319 0.6661539792539475 0.480932509231166 0
4320 0.4905201942578721 0.01264601973383571 0
4321 0.2086315210763414 0.3689083942461719 0
4322 0.9788617190994842 0.5161746721043099 0
4323 0.08963805494927231 0.8126592594627873 0
4324 0.9077951078898489 0.2110307257246959 0
4325 0.6265604179182698 0.3980504909482911 0
4326 0.02003401855170162 0.4028687115228171 0
4327 0.3978354744938714 0.6985257548997714 0
4328 0.7491317445184882 0.5699288568082512 0
4329 0.5822243472255789 0.4126956405802503 0
4330 0.7545744936438836 0.7637575816170192 0
4331 0.7964136486535215 0.1295993327708474 0
4332 0.02316632643013768 0.2446024232561424 0
4333 0.8575866931892003 0.6315507545804653 0
4334 0.1207339588086866 0.9866428264334958 0
4335 0.5119629778317332 0.2192597935923144 0
4336 0.2013381441786194 0.7281620638197925 0
4337 0.4049105719342319 0.6365682058196771 0
4338 0.5514937958140362 0.5817967096790126 0
4339 0.9103631171056421 0.1872456093990337 0
4340 0.7140923317991432 0.305753168301973 0
4341 0.1052491816446741 0.5965573312181707 0
4342 0.3553419052752502 0.4755254411806871 0
4343 0.0692990691239639 0.1007350840787365 0
4344 0.5810924020843808 0.7961081833651407 0
4345 0.1184859235058774 0.40380668463359 0
4346 0.2621803337809661 0.8388335005805097 0
4347 0.6071322472064541 0.3807964485487506 0
4348 0.1139578780256507 0.01257077396159968 0
4349 0.9643498626379947 0.8078993278217094 0
4350 0.3379894560473722 0.2554941595487147 0
4351 0.7373710166741556 0.899626420515697 0
4352 0.5875614285223276 0.1219613847021323 0
4353 0.9054206431083958 0.4397968048029364 0
4354 0.8532839198619475 0.3111861167385641 0
4355 0.5079553769985081 0.1763469846223898 0
4356 0.31667217627621 0.05096691442742508 0
4357 0.03298196069168023 0.5445666495540482 0
4358 0.9098277916280918 0.2796601783970657 0
4359 0.5757353955953146 0.2684984453796082 0
4360 0.2071972520165895 0.5855649031122139 0
4361 0.4191668554401898 0.57284344340629 0
4362 0.3697513020322802 0.4022364373161168 0
4363 0.2442838082198118 0.08808362630572308 0
4364 0.07143631610334727 0.8070274796940973 0
4365 0.4019021642894365 0.6224947483800309 0
4366 0.1468990845940404 0.4254095373686261 0
4367 0.5536888224573348 0.985118324576296 0
4368 0.3502330901498474 0.4036964391970868 0
4369 0.5860092262386872 0.3905607722272411 0
4370 0.7744509402235358 0.9561282509609919 0
4371 0.5943362567025157 0.2343639460696808 0
4372 0.5265106265751742 0.2914748870548552 0
4373 0.4539550683887493 0.2584472097850398 0
4374 0.9259383320617496 0.7231766816050317 0
4375 0.2312868118488426 0.4411073530929882 0
4376 0.4147714958467999 0.2056206020753109 0
4377 0.9759983893122659 0.8850821317267836 0
4378 0.1606040014063967 0.06881796371776799 0
4379 0.1843555248793221 0.8010487029389322 0
4380 0.4810661974326774 0.9124905544944042 0
4381 0.2027141370842114 0.4069095692931703 0
4382 0.5894412325126535 0.8740948827571516 0
4383 0.8379775003227343 0.6687392508878746 0
4384 0.1985574909329655 0.8785086018415633 0
4385 0.9284658323239567 0.1923781136144725 0
4386 0.5813194791148091 0.3621239609638343 0
4387 0.8731246028370871 0.4143020347059433 0
4388 0.4900512361176358 0.9861948091074451 0
4389 0.3498543888578177 0.2495389080413008 0
4390 0.719667720395317 0.7734860882545243 0
4391 0.859745568782268 0.5866848652061307 0
4392 0.2045980765288323 0.100579562774876 0
4393 0.65168650885843 0.4042140810955788 0
4394 0.9527029013351248 0.7148676350183277 0
4395 0.699534143250979 0.4003936016014172 0
4396 0.327522040560809 0.1328256647342668 0
4397 0.0205747990160022 0.7743401687813407 0
4398 0.4621310520039118 0.962987152844774 0
4399 0.262327084510905 0.9472038133728278 0
4400 0.4219321916580468 0.8737513331806892 0
4401 0.4154948744311329 0.4910879270045471 0
4402 0.434434060778276 0.691812020847566 0
4403 0.7343716715834634 0.05308026428658028 0
4404 0.9509591846765685 0.591354018171323 0
4405 0.3873225980213324 0.601805103665738 0
4406 0.2785810923777876 0.9863757516196464 0
4407 0.6707814198041464 0.3315969768188851 0
4408 0.7928770072928737 0.2901311618891905 0
4409 0.7379753172829179 0.5993185265708753 0
4410 0.2065771958880324 0.8999345077307654 0
4411 0.8649335968812299 0.4599232505236466 0
4412 0.935671685069335 0.8254737790391917 0
4413 0.7064717993478836 0.8247737875158607 0
4414 0.8795195749672309 0.01327850237684096 0
4415 0.4206903325523507 0.6562800637671399 0
4416 0.8740786762708319 0.6977726312742623 0
4417 0.9526358648170856 0.8890266447730332 0
4418 0.2401997349335268 0.6506660343905123 0
4419 0.3512818164410383 0.5783743771768529 0
4420 0.5281774723873995 0.9865185494831752 0
4421 0.2991522798330967 0.03592860559188218 0
4422 0.6344761988396701 0.5104865517304957 0
4423 0.7697172133274341 0.5847384861200853 0
4424 0.555368825386251 0.09617631394534985 0
4425 0.4218838598081331 0.7588295484989631 0
4426 0.346156725345816 0.81955024686397 0
4427 0.6823533616150577 0.5057267565126837 0
4428 0.944484306360288 0.870854719480062 0
4429 0.1218215222095096 0.3573501592353435 0
4430 0.2039365005623213 0.1369690860753572 0
4431 0.872860486232011 0.6745819337498116 0
4432 0.8445725312581001 0.5121400758350132 0
4433 0.2038337880621406 0.7658008868627373 0
4434 0.0309648046063256 0.04884457161451117 0
4435 0.6478988804361897 0.3803441157949076 0
4436 0.9692277372117576 0.04918934134363263 0
4437 0.4449012645522162 0.01359640025902845 0
4438 0.03077189734433998 0.9508104798991872 0
4439 0.1160249693072878 0.7005597437017466 0
4440 0.1190769072481392 0.2462454339244829 0
4441 0.3357110082943998 0.09302569674513975 0
4442 0.2481908807284225 0.1229615814451015 0
4443 0.9623229693687179 0.5706750511926826 0
4444 0.9448650853706311 0.1760421333531945 0
4445 0.9791785492155707 0.847575394819713 0
4446 0.8955269848159002 0.502106188424474 0
4447 0.3179906282646234 0.1806227382488068 0
4448 0.7862788649997654 0.7193483261299848 0
4449 0.1805199000978232 0.1654688131837856 0
4450 0.4744535273757655 0.6344028816644048 0
4451 0.5061069540911952 0.4611902181229102 0
4452 0.7229659514873046 0.646507861359308 0
4453 0.009326148045256739 0.1947012151726791 0
4454 0.2926222790369618 0.7187458249568716 0
4455 0.05548723145067595 0.8245178579690823 0
4456 0.174281816963328 0.01354920442831742 0
4457 0.5002885825242687 0.1470792430247493 0
4458 0.2558091512598342 0.1774036676374681 0
4459 0.08401954842329007 0.4042889555787355 0
4460 0.9394581547599543 0.5296201335989463 0
4461 0.5898200792893002 0.2779091715177579 0
4462 0.823724432245132 0.01375338998726202 0
4463 0.3082984961502622 0.5300756107121876 0
4464 0.293935470522389 0.5703282338816662 0
4465 0.6987130613755581 0.3330968887312765 0
4466 0.7047847560716446 0.7361329357610429 0
4467 0.6760952855316862 0.5917637497566858 0
4468 0.5036367503075918 0.706053510518565 0
4469 0.009184705615731693 0.6630047912805589 0
4470 0.5014181328529747 0.6285546627647748 0
4471 0.7134537658137536 0.1978235028287006 0
4472 0.09409570673395579 0.3423945374285541 0
4473 0.04288940977743851 0.4333062633717731 0
4474 0.7786425325496582 0.03697465911278351 0
4475 0.4406857277185696 0.811801233581618 0
4476 0.7307628075961323 0.8781844678004815 0
4477 0.02216847583546539 0.5015869709225791 0
4478 0.7433080233663677 0.01321987839797373 0
4479 0.9403050174279293 0.2963011705661185 0
4480 0.8403747954141974 0.6345285611289389 0
4481 0.81786570212485 0.9314794922643835 0
4482 0.8706792843054441 0.1620723068544314 0
4483 0.8813980831063588 0.5555943809349297 0
4484 0.2746633176963466 0.7049683813720287 0
4485 0.8340557294082726 0.5183690239948381 0
4486 0.1294325058695726 0.4988341702592688 0
4487 0.8696126788656767 0.7576067826802113 0
4488 0.8129362450257128 0.2018432388873501 0
4489 0.8552053819791161 0.7724281647468146 0
4490 0.8392892324952219 0.8056900722067661 0
4491 0.1093636466026462 0.9031317048318241 0
4492 0.06914454726931407 0.6572339979941237 0
4493 0.2537053883508958 0.3135274918626847 0
4494 0.3964805615474318 0.3532610741813628 0
4495 0.6581496913912737 0.3354774541400745 0
4496 0.1616446376657355 0.9302464192335835 0
4497 0.5323210977570868 0.494810406601284 0
4498 0.6923925662070205 0.07370078504291949 0
4499 0.4169406777056151 0.9160108400046646 0
4500 0.8571430510087503 0.1277010112212251 0
4501 0.9545200260605362 0.1086179410783518 0
4502 0.9686828852853504 0.9511364238491256 0
4503 0.6805580904365683 0.8211546942034489 0
4504 0.2670786434868242 0.5045251623012641 0
4505 0.4425659213419004 0.2450758885106591 0
4506 0.926005880496535 0.01217354056747528 0
4507 0.5897563510592774 0.1727660951685153 0
4508 0.04067807053347056 0.4215753801479637 0
4509 0.04514562557958064 0.2511285307685121 0
4510 0.0764777987988558 0.120805805789455 0
4511 0.2094213616962505 0.6935871597807424 0
4512 0.04547777363176397 0.8913816062153865 0
4513 0.9814224528584454 0.7536896775677363 0
4514 0.3054295430797962 0.6063114471670585 0
4515 0.4297333370464989 0.2053735612749735 0
4516 0.6124002585438069 0.1999818996836121 0
4517 0.5210038253717949 0.1334446154146893 0
4518 0.1291572728409054 0.838027762119296 0
4519 0.1430243958576605 0.5519032400235042 0
4520 0.008148197381736468 0.5280506838030978 0
4521 0.585483755162606 0.6008840459561376 0
4522 0.1728549083047309 0.03126329890623523 0
4523 0.8417377784667516 0.4353945425498607 0
4524 0.9140899988160527 0.8537090886108126 0
4525 0.2044071895019319 0.7060842180259321 0
4526 0.4807094091249268 0.4941314835011456 0
4527 0.9275982968785194 0.391889998521413 0
4528 0.9645665852339045 0.27390514787927 0
4529 0.7951283466164671 0.2690267233484767 0
4530 0.470081404004658 0.1194770193320286 0
4531 0.3965197751976506 0.1493486200558658 0
4532 0.1754792689638162 0.986195858607126 0
4533 0.106886871491519 0.4321340460967913 0
4534 0.07127803098149514 0.3216823685500296 0
4535 0.5514608499433794 0.9682236933641506 0
4536 0.07395404241896977 0.9878492192417926 0
4537 0.6166665188163036 0.6387777241226552 0
4538 0.1238654280338499 0.4214826135045848 0
4539 0.7669074001624198 0.621256576435492 0
4540 0.7831844571015036 0.1493695428801169 0
4541 0.3272360458118563 0.9173994742712202 0
4542 0.2088902989924802 0.2629859532506439 0
4543 0.00832069880161641 0.171946772852877 0
4544 0.2715261065164832 0.8925965954451393 0
4545 0.6008144954488233 0.8513949367600899 0
4546 0.8300845735450276 0.09990884122357561 0
4547 0.8912857337556102 0.09629275329099619 0
4548 0.7861342596864218 0.6277702124079531 0
4549 0.9650905999470968 0.1860122483769596 0
4550 0.4577231883723814 0.4805670295184053 0
4551 0.9636805903421497 0.1240609607824321 0
4552 0.913782756016728 0.4713271721539365 0
4553 0.1149162738161956 0.5644143584952362 0
4554 0.03631904654918094 0.8759389175562089 0
4555 0.007697212536340679 0.7612061237114225 0
4556 0.9105922749368373 0.7024799364659094 0
4557 0.4871982212146535 0.8223910664292979 0
4558 0.813446128866211 0.1439703701009238 0
4559 0.7663794635923181 0.09627418381935816 0
4560 0.0349204254423349 0.8140035775877199 0
4561 0.08317256786735126 0.2983635918242977 0
4562 0.5348469703737797 0.313139438729047 0
4563 0.714017577931255 0.4060397113191536 0
4564 0.2211785866052942 0.871308503759608 0
4565 0.7085637764871899 0.988089113489144 0
4566 0.9131333954497255 0.4074621245987448 0
4567 0.7187223365441436 0.01401467824087944 0
4568 0.3297041577467339 0.2314985319413712 0
4569 0.6669293759005746 0.08342120394020544 0
4570 0.2291702593347956 0.09561828440211491 0
4571 0.6510214722852239 0.9841183808963756 0
4572 0.5342663739281439 0.03448738932546199 0
4573 0.03049766626415803 0.4175481954958504 0
4574 0.9280584103951532 0.3385947621091061 0
4575 0.05289003987015392 0.4345054011667075 0
4576 0.3330845190858425 0.2724984048352621 0
4577 0.9914533629660522 0.9703154751574289 0
4578 0.1738116485810794 0.9688705475942135 0
4579 0.4098346483088763 0.7405212163601393 0
4580 0.4133294905296155 0.599719682896843 0
4581 0.3022864713387898 0.7832317029597068 0
4582 0.2797852222269974 0.342975853242305 0
4583 0.7633202599094864 0.5219029294788387 0
4584 0.9673734316511772 0.2025363430116427 0
4585 0.0744899322600962 0.4871510343442209 0
4586 0.4843838644455943 0.6951214680489421 0
4587 0.5790619888491616 0.08413834541669074 0
4588 0.2999407485964989 0.7576575396756491 0
4589 0.4399024470223811 0.9052633231523795 0
4590 0.5641144092189661 0.6477861057054745 0
4591 0.1685773709767653 0.943930438531806 0
4592 0.3055006149786866 0.927730113863129 0
4593 0.7021861467396024 0.8772705805376702 0
4594 0.9296970873751959 0.2893160558956345 0
4595 0.1434817117444029 0.384433851288396 0
4596 0.3298941127029406 0.8922015949127348 0
4597 0.1028092208692432 0.172284909736952 0
4598 0.3083705403433847 0.09573769941438426 0
4599 0.08476235044946555 0.8266106413339983 0
4600 0.9774511717604444 0.5807816932733871 0
4601 0.08257122062668257 0.8623361539544112 0
4602 0.5161786818481603 0.08927023647050086 0
4603 0.6299218035578745 0.4151987581059313 0
4604 0.9922920834527968 0.2387839386155258 0
4605 0.9152696946279338 0.1733918242902694 0
4606 0.3749998000838629 0.5961106228432124 0
4607 0.8739536604513847 0.5357248209000922 0
4608 0.3945384620202884 0.6697355370325444 0
4609 0.2553093398273046 0.5554935055097985 0
4610 0.007518085972374224 0.438239310100167 0
4611 0.5673868908773404 0.7381691518316285 0
4612 0.9553678127934273 0.7339371750063384 0
4613 0.4068144231146393 0.8308651800342527 0
4614 0.917463473794228 0.1377101879837303 0
4615 0.26575869037311 0.3752070465568837 0
4616 0.1873118386735886 0.855501937054828 0
4617 0.2874061051236636 0.6942662944203104 0
4618 0.9073496567396505 0.9877634531270574 0
4619 0.2197197994301471 0.588468481607857 0
4620 0.4570057089761673 0.4966715116388386 0
4621 0.2424112156439362 0.5032741111791315 0
4622 0.9330826373505773 0.439981407463864 0
4623 0.6642281499840361 0.107603395874717 0
4624 0.06208692783141311 0.3027354724663791 0
4625 0.3976288142011473 0.57975602508658 0
4626 0.1215753661791795 0.2350564261039707 0
4627 0.9375014146511931 0.7240501697513999 0
4628 0.4171946370241593 0.4423014471224569 0
4629 0.1938993007741575 0.9870040554346504 0
4630 0.03657905092631067 0.3993988165008688 0
4631 0.6894410234533852 0.7407177291065054 0
4632 0.8347300518888591 0.9152213312242737 0
4633 0.3237608172150698 0.7473295636680837 0
4634 0.9015981513497501 0.390200837763735 0
4635 0.07372034948913483 0.01212461697576092 0
4636 0.08303399478429961 0.4573206460226973 0
4637 0.8823572397150845 0.4678829726236988 0
4638 0.09126479437392923 0.2230036367906082 0
4639 0.3944491789763201 0.2905139549583335 0
4640 0.5602363694162972 0.8703419511417571 0
4641 0.7196302138089213 0.03482145698917959 0
4642 0.444927942335389 0.5785795583287094 0
4643 0.9273758256816808 0.3578086821999831 0
4644 0.05410340847733365 0.6473836673630169 0
4645 0.9726692112863238 0.6286709845817302 0
4646 0.9796224818926036 0.06564228191026075 0
4647 0.0203773642609516 0.9343576464476608 0
4648 0.4220050999737015 0.5859696373524615 0
4649 0.135451956954447 0.1927462832973934 0
4650 0.05846969216845259 0.7463820254317595 0
4651 0.9309356726169075 0.6706253234607504 0
4652 0.4942697105461997 0.2965802476232519 0
4653 0.497201485621265 0.2571010153182677 0
4654 0.07243858947261179 0.3597035135175995 0
4655 0.9786772928505221 0.7850212404698613 0
4656 0.8160499307866398 0.4048627215909396 0
4657 0.6572293994459875 0.1212089392271911 0
4658 0.7083180296075952 0.9603632164131263 0
4659 0.4622933326073668 0.5568334399477478 0
4660 0.5592022062199475 0.8043405352039583 0
4661 0.6791881187687259 0.5674097823023054 0
4662 0.5759832285982317 0.5153075949433467 0
4663 0.8349409690934408 0.4126616619966795 0
4664 0.9793594853874108 0.9346417849784003 0
4665 0.6515360316765298 0.8813799989312128 0
4666 0.1676279187029477 0.05618476054933447 0
4667 0.4482408943959471 0.7520552856538785 0
4668 0.12906621794905 0.7693085955821151 0
4669 0.7792839078590474 0.8860491949329186 0
4670 0.2298262361913087 0.4819543995290915 0
4671 0.3463008744227141 0.02885846000091836 0
4672 0.5249701475994447 0.196466622994683 0
4673 0.6315179657622579 0.2876682393502508 0
4674 0.03262115994589976 0.7975147845131255 0
4675 0.8946460964774023 0.6210622750008792 0
4676 0.07410924142293754 0.5886522831018836 0
4677 0.5485327354268763 0.6305426185517125 0
4678 0.713536988652102 0.7987548036124072 0
4679 0.5399585040254088 0.6408623057626812 0
4680 0.6102349600301472 0.9242119588859318 0
4681 0.4899487348773371 0.5587723027263385 0
4682 0.2223883010254731 0.6428056902651811 0
4683 0.107908788454058 0.5035988584142947 0
4684 0.7514505664386936 0.3506028316709989 0
4685 0.8148235673379491 0.7833431790152242 0
4686 0.9915160378392616 0.02968498467468407 0
4687 0.008448068685276717 0.970500188504075 0
4688 0.008603463092959257 0.4153121357437211 0
4689 0.04553315483340339 0.1088254949906329 0
4690 0.7034700644986217 0.3795401198194266 0
4691 0.9574551829523916 0.03361981031786007 0
4692 0.2300927256046438 0.7749478865902499 0
4693 0.04254309888442752 0.9663808140495018 0
4694 0.958703738464992 0.3106159058913829 0
4695 0.653731343100359 0.09168878972479369 0
4696 0.07859545899378528 0.1085339252424024 0
4697 0.334799847118662 0.8789536383033291 0
4698 0.7653478792584881 0.473890741133126 0
4699 0.8462974804062884 0.8721939847947637 0
4700 0.9919993455195145 0.5270198086998934 0
4701 0.6205637689920097 0.4513719124503643 0
4702 0.7924821790095833 0.2336004651334198 0
4703 0.0286223379783962 0.756042182535654 0
4704 0.9484110341863433 0.2891908504053537 0
4705 0.8748755440284589 0.5718216215956423 0
4706 0.3729069481868014 0.5407532213223427 0
4707 0.8839372602948459 0.3929989013439443 0
4708 0.3728069770488333 0.4524349173442117 0
4709 0.7662107492119662 0.8686136401338607 0
4710 0.7461863502319763 0.1621203041857316 0
4711 0.8382579145616655 0.06925713711222584 0
4712 0.6563363740254836 0.4414296892228506 0
4713 0.7012447819933461 0.8383975493757889 0
4714 0.2409893138147851 0.6924175347585498 0
4715 0.8317132188018825 0.05533182372464024 0
4716 0.2719972070797472 0.1578959111842026 0
4717 0.2131294510827989 0.4281105735123907 0
4718 0.9759542681519928 0.5039570943547511 0
4719 0.008451146772358791 0.02950593164416868 0
4720 0.2771634457807755 0.9656436518935391 0
4721 0.0229099850209839 0.1799788030490426 0
4722 0.8090035542187517 0.4571104990705129 0
4723 0.04234104269255213 0.03350601584957543 0
4724 0.5229295352766649 0.5777448257121121 0
4725 0.2253304921579561 0.2322089329668358 0
4726 0.9489317336476727 0.5588762228447703 0
4727 0.2906043747564915 0.2274291729558414 0
4728 0.144017490845759 0.2641132051950619 0
4729 0.1167917878372813 0.4719246859385308 0
4730 0.7472980339121362 0.931774407532259 0
4731 0.9100289545021661 0.5159832059219902 0
4732 0.07622504595041028 0.675531515377032 0
4733 0.7654905731520656 0.4472137706504425 0
4734 0.4280191175386627 0.5630127657683909 0
4735 0.8486151405507742 0.4467052274439648 0
4736 0.9183805213395586 0.8963439259510637 0
4737 0.08243942400967624 0.5273286974460722 0
4738 0.9304224230126159 0.5134002453659761 0
4739 0.9374445733303342 0.7061111563901314 0
4740 0.02971823697276928 0.5956617031978251 0
4741 0.09259481196259225 0.9868778154979019 0
4742 0.02755275086460211 0.613403749370555 0
4743 0.8013789511900133 0.1654992587035805 0
4744 0.4052239001071044 0.7834683677385264 0
4745 0.2452851257212988 0.8844061403400133 0
4746 0.05117615722352585 0.7121027491843513 0
4747 0.1305065962156718 0.5243327307550241 0
4748 0.8570959394994011 0.7375009026677144 0
4749 0.2096258005544968 0.4759301432858348 0
4750 0.6892529740231981 0.8889677188533848 0
4751 0.8927495050625525 0.4382296166281709 0
4752 0.1808143839984372 0.518206570303015 0
4753 0.8500079869058624 0.7494588716506783 0
4754 0.3437000334498652 0.9100665013643942 0
4755 0.6413177950897366 0.1235277854928308 0
4756 0.5005097344026659 0.7455118749507843 0
4757 0.9523423402316162 0.1296746511239099 0
4758 0.2876739680855294 0.5947521768817771 0
4759 0.8338580824206651 0.6587298368371833 0
4760 0.6975455099944569 0.5820818885659073 0
4761 0.2676855613106823 0.7941601428018905 0
4762 0.903247686951266 0.5486498993555102 0
4763 0.04765690443712805 0.8703251287697441 0
4764 0.7715248425076854 0.5715365565919112 0
4765 0.1372208759152732 0.5339047115803823 0
4766 0.9274332914767155 0.5235607838923793 0
4767 0.2700414962113044 0.1024187239993769 0
4768 0.7753864432587754 0.1287548409815004 0
4769 0.05798769575078087 0.679276385650916 0
4770 0.3578450198643408 0.8757853644481255 0
4771 0.9004100909361819 0.6923683794605329 0
4772 0.2091216171024907 0.113000542973883 0
4773 0.8322200333426378 0.5772751835439719 0
4774 0.468360953157849 0.2164535856954057 0
4775 0.1578319908855573 0.2453345239908811 0
4776 0.8251160145544927 0.03076242356601601 0
4777 0.7601571940168856 0.3696909005239686 0
4778 0.1991545150701093 0.5943029023024458 0
4779 0.9411345010845411 0.320293376141803 0
4780 0.9563333556614164 0.9673786919501568 0
4781 0.04285038750120752 0.1623887872145894 0
4782 0.3657205022440408 0.7138162981990942 0
4783 0.7805900293359185 0.9389453108881234 0
4784 0.6791374726980597 0.9109225993504214 0
4785 0.5256442015171638 0.8565959353480068 0
4786 0.965301594247324 0.8245714790176608 0
4787 0.6397971760942298 0.6445878574074287 0
4788 0.9241053491647557 0.2247573640532698 0
4789 0.3178932757220255 0.2205115097091053 0
4790 0.6040929990923292 0.614728398219655 0
4791 0.1306503348632229 0.168527977741419 0
4792 0.8558001015897744 0.2885624285136324 0
4793 0.1423042913436191 0.8728165338018219 0
4794 0.9413829761034149 0.5655522062280464 0
4795 0.08934371307736222 0.4388583155584891 0
4796 0.1219317342432002 0.3712140841191797 0
4797 0.5799237894648455 0.4252026181944092 0
4798 0.3852428922084582 0.1715736421306052 0
4799 0.469704408886558 0.8524121819673212 0
4800 0.2095569859903598 0.5669712922423508 0
4801 0.9074200412128123 0.01309947554299301 0
4802 0.1013437721904371 0.2419649716035416 0
4803 0.1211769635874819 0.7310552563436292 0
4804 0.1651028942240754 0.3415251452857772 0
4805 0.8062046313012931 0.8945239806953591 0
4806 0.05011023278441581 0.1298041356452567 0
4807 0.03538894220895684 0.7257557135944928 0
4808 0.9922087577817411 0.4372494891407781 0
4809 0.1163450458317265 0.8371790559627209 0
4810 0.01887137010827428 0.2978957359492627 0
4811 0.1853621682585928 0.03693162249926695 0
4812 0.175109112239138 0.4535955150207238 0
4813 0.02011187877011281 0.06492439452952439 0
4814 0.5921314740302945 0.9883259176197474 0
4815 0.1990324714724541 0.8343669925244044 0
4816 0.4895082228987205 0.2328734792853625 0
4817 0.7994187408728836 0.7008314709170074 0
4818 0.9789187236550403 0.8698625695484211 0
4819 0.7864353975253198 0.5326323546381821 0
4820 0.9080779538814243 0.4513716831197611 0
4821 0.6075315881356383 0.07002508716350392 0
4822 0.1122721183601451 0.6618511722647447 0
4823 0.9657719676926128 0.2907935783382067 0
4824 0.6340390855094813 0.8585613538495045 0
4825 0.805983143970483 0.01327074769059885 0
4826 0.6440191259360259 0.4631359972571008 0
4827 0.5249666010292615 0.06586160362444334 0
4828 0.8356087140535897 0.4686881353762489 0
4829 0.9254338403466813 0.3089046328226152 0
4830 0.5089388391296589 0.9667197982167366 0
4831 0.9614886365187423 0.2290279840573457 0
4832 0.9908422028616802 0.1251456251786018 0
4833 0.5386502805948419 0.3740766828933667 0
4834 0.009157695652119607 0.8748543387495459 0
4835 0.7514915728246306 0.2938335107086087 0
4836 0.3888508564842274 0.3041277632065046 0
4837 0.9362393701773423 0.6875695345619406 0
4838 0.6783838963221067 0.4842660133051988 0
4839 0.03965803281448266 0.2299963326314515 0
4840 0.09109350918082955 0.01103460050142068 0
4841 0.9260549657972824 0.9881348080318129 0
4842 0.06568082783556589 0.5589622094431943 0
4843 0.9468216420472068 0.3601245446152809 0
4844 0.48868835941116 0.03459649405808243 0
4845 0.8760142063645812 0.7282380998306461 0
4846 0.4388701090854132 0.603197129501132 0
4847 0.5435165649244404 0.7137036870941873 0
4848 0.1593728468017703 0.1413546142886236 0
4849 0.08073117450145774 0.3929035017700055 0
4850 0.2315743146648676 0.1760439369149508 0
4851 0.08271532212261551 0.5732658754340569 0
4852 0.7328507086625631 0.5170323260142491 0
4853 0.3141204708561984 0.5552909828715239 0
4854 0.5112958329793642 0.6962201800666395 0
4855 0.8451660274172289 0.6171004250960059 0
4856 0.3869349057261324 0.8005100451958105 0
4857 0.7523865153283724 0.1358656860055452 0
4858 0.7383637971244762 0.140525917309463 0
4859 0.5903486971189921 0.4036000309033292 0
4860 0.547097271094853 0.1661132258256488 0
4861 0.6880354663884496 0.7559964404499895 0
4862 0.4375886062491103 0.7627418240466537 0
4863 0.05978856940743196 0.4259553688211329 0
4864 0.2273753555470713 0.01070603759920174 0
4865 0.8806635302113266 0.4048067134199949 0
4866 0.04128414340490069 0.6902061707709821 0
4867 0.602863711556247 0.465181745685627 0
4868 0.908301296076358 0.4213300921818497 0
4869 0.9797437597074772 0.4258658028311989 0
4870 0.5091069635546679 0.434967890779158 0
4871 0.8609011078113156 0.7170670606822827 0
4872 0.2955679029268652 0.3396565118019845 0
4873 0.5495387666363565 0.8162192950745486 0
4874 0.188625015448941 0.9652665029282345 0
4875 0.292184117849536 0.6478049518415381 0
4876 0.05765210881061211 0.7029102305031688 0
4877 0.0235240922149098 0.4422846744913099 0
4878 0.03815228834865356 0.770810486467717 0
4879 0.9392532464922327 0.6445884097972359 0
4880 0.8830412723584838 0.5013845919436978 0
4881 0.7307667855191592 0.668854720279388 0
4882 0.2565484927593706 0.7618984278604188 0
4883 0.6971659691792446 0.9676320084224828 0
4884 0.7773340623564409 0.7052292036854449 0
4885 0.3277339862457597 0.5189223801680032 0
4886 0.6117360759635627 0.3972889584665929 0
4887 0.2174076646951825 0.8504480369212837 0
4888 0.3803594444062343 0.4131029404338445 0
4889 0.4107956057679184 0.2193789796792901 0
4890 0.06093842221423448 0.1648016309614418 0
4891 0.1934300074798767 0.1665262470997632 0
4892 0.04228430450458533 0.2154171797375862 0
4893 0.7466149810567333 0.8275675164040762 0
4894 0.7779306870853812 0.4013193723001569 0
4895 0.6558928697399818 0.2595648495823438 0
4896 0.8311375664071708 0.6773915764041847 0
4897 0.2421234902614326 0.5920784207404556 0
4898 0.7196889016708211 0.2245756428662321 0
4899 0.05798510311609953 0.1505536807843592 0
4900 0.2406065594627528 0.5233543443187654 0
4901 0.353052137767043 0.3102984522799931 0
4902 0.8635253648212757 0.1991497517522531 0
4903 0.8506471972173522 0.5946618288930197 0
4904 0.6049714515978381 0.3259784687095044 0
4905 0.9108621360541155 0.2572800752403929 0
4906 0.9708090810439136 0.2434241950037885 0
4907 0.1698250497143991 0.9021769798585428 0
4908 0.3507338316634094 0.3437493861325669 0
4909 0.03336909467059632 0.708382871513347 0
4910 0.08756045148145751 0.3166846891381747 0
4911 0.9920818102518931 0.8604598515735442 0
4912 0.6688729376793972 0.4201316268323786 0
4913 0.3481174331269357 0.754861825198187 0
4914 0.2606078796204112 0.4100637144497324 0
4915 0.3519642841499586 0.721915784450271 0
4916 0.7217257786226489 0.1708729141043378 0
4917 0.9813210222510811 0.366267844467791 0
4918 0.1205308425902102 0.6007033907444194 0
4919 0.636707631829512 0.345083454352831 0
4920 0.807380360885139 0.7298225378508828 0
4921 0.3882051605232588 0.9305487587157262 0
4922 0.9757719241978613 0.9623790911056687 0
4923 0.9423156557868937 0.2531806022251448 0
4924 0.8252984298344264 0.987791600111717 0
4925 0.8231959479578851 0.2919724851190105 0
4926 0.9574486098198742 0.3236935983174796 0
4927 0.4713063456513569 0.9358017723311629 0
4928 0.1652131472755879 0.5016290532555769 0
4929 0.542210887403908 0.2503835035946374 0
4930 0.9297567214769606 0.1608185048869363 0
4931 0.6607824033385195 0.01231530430921743 0
4932 0.7790682778852526 0.6043006177934183 0
4933 0.1955516985819939 0.6604545612164837 0
4934 0.1353347036980581 0.4151419779623786 0
4935 0.3818485280400425 0.6405904861240994 0
4936 0.753184095080752 0.4657847279804234 0
4937 0.2547896426674926 0.986835009894673 0
4938 0.9458888979975357 0.752101918952681 0
4939 0.2667493060888717 0.7800408580959953 0
4940 0.4535912910389575 0.6137359260754222 0
4941 0.3716286970201461 0.163911360811085 0
4942 0.6751111626380771 0.2433779340524919 0
4943 0.06874373087093379 0.8401531490076 0
4944 0.9611123715690862 0.4300223849318374 0
4945 0.6116803682751979 0.8290390326770436 0
4946 0.6491350762091389 0.7994946384593626 0
4947 0.3986394034290432 0.6581111177355993 0
4948 0.8028052773859675 0.3997739839203368 0
4949 0.9804994548568644 0.6001442021547503 0
4950 0.9292308593466161 0.6611886084870865 0
4951 0.5858481265040393 0.72743285771021 0
4952 0.7370946062028729 0.954411092307947 0
4953 0.9640588815808492 0.6021889198578452 0
4954 0.8915208144334714 0.2253321255317598 0
4955 0.7973542230197115 0.4127519355956309 0
4956 0.7182311789979403 0.3406092688659647 0
4957 0.4070664113583488 0.01149360049082456 0
4958 0.5480648692993422 0.2764175127337091 0
4959 0.7251821542367748 0.08239658889279282 0
4960 0.09148169630582159 0.1658426075552508 0
4961 0.43551746122597 0.03725852993586416 0
4962 0.2058677711406268 0.8688435636990182 0
4963 0.8259481966195537 0.2703935924622543 0
4964 0.5598870478512267 0.8346166185245226 0
4965 0.9926501745452448 0.5059056551849916 0
4966 0.3186286148740531 0.3153974480822242 0
4967 0.01888943153839136 0.6208982902079773 0
4968 0.02362843901094114 0.1171491993730575 0
4969 0.9724392745819651 0.4712955304370242 0
4970 0.5725626431522818 0.9651702399936386 0
4971 0.3558485035340595 0.3814282495803167 0
4972 0.1027357120147314 0.3419874437121124 0
4973 0.4730470261395575 0.6727497308870183 0
4974 0.9336073109616657 0.2379639463654555 0
4975 0.1889313942888028 0.2537385689041527 0
4976 0.7306348243489357 0.2185269602023676 0
4977 0.8850716390677882 0.5907389042546921 0
4978 0.357503243930293 0.2717473735285126 0
4979 0.9516838125960403 0.4347405290686646 0
4980 0.269207394340726 0.6587338784459442 0
4981 0.7236716184036577 0.4487562113308269 0
4982 0.3021687470532586 0.4374665184792277 0
4983 0.1411619920397367 0.3639644741168899 0
4984 0.442991387761531 0.7384485798683483 0
4985 0.8137565634896927 0.4166556439039937 0
4986 0.3652765950781583 0.5745311075452102 0
4987 0.4093377854778464 0.5138667404364942 0
4988 0.5622800922204864 0.5927123918632582 0
4989 0.5856638571632299 0.7826842046137902 0
4990 0.4150515670017798 0.4772280816819037 0
4991 0.07522578305575284 0.5449032000783672 0
4992 0.4039402045492004 0.4185461441332602 0
4993 0.9166623996646568 0.2726273344604533 0
4994 0.02307299085559205 0.277501148593051 0
4995 0.5654943617133878 0.3399884852292749 0
4996 0.8928350893681012 0.4820042879709119 0
4997 0.5510880672559735 0.5103974537130275 0
4998 0.8264098062614178 0.827524789149743 0
4999 0.3169839614162654 0.4790440985137604 0
5000 0.5758131430028876 0.1553510073358261 0
5001 0.6802725890657763 0.220635477598895 0
5002 0.1812992507297813 0.2730730404236266 0
5003 0.248911691353999 0.5133344314231455 0
5004 0.05229946978801056 0.6130772028797097 0
5005 0.1785994387852505 0.4866884942680855 0
5006 0.8076697625199454 0.9704242625334982 0
5007 0.4315129767552627 0.6264377839379687 0
5008 0.5600082052572285 0.04042236949029339 0
5009 0.2927418192747104 0.1754134933032584 0
5010 0.7045527620704395 0.3554780347127067 0
5011 0.6112205056660071 0.9876018331261807 0
5012 0.8803046430329001 0.3620030310204292 0
5013 0.3420788452702762 0.7758232637647585 0
5014 0.8758368595838039 0.7655473350794956 0
5015 0.07039414595272578 0.4385962147127783 0
5016 0.697275148164887 0.5347748628429339 0
5017 0.8049013445547608 0.5731303722599936 0
5018 0.5519814342665471 0.2229568051945004 0
5019 0.9191073946094297 0.6552958620079715 0
5020 0.5150087456686723 0.4476849576114786 0
5021 0.692734184308411 0.4296059210657113 0
5022 0.3308075160407669 0.5829494166454676 0
5023 0.1744357928153429 0.1856235318621782 0
5024 0.08972450590845148 0.2578118394440775 0
5025 0.4525421290756967 0.3386875253369415 0
5026 0.5167107024640188 0.5529695732659623 0
5027 0.9789016957537046 0.3170192007648643 0
5028 0.5414178007583952 0.7926014516356452 0
5029 0.08745186699762868 0.5011324407228955 0
5030 0.652869184957074 0.6726701917188341 0
5031 0.7644351299936847 0.3548953642771426 0
5032 0.767696985048522 0.7982195863385149 0
5033 0.337159465302339 0.6720543411778701 0
5034 0.8497220993263229 0.6491216584914086 0
5035 0.5774100651022925 0.8471818047895014 0
5036 0.9612617128332434 0.850432825400372 0
5037 0.03681521529738899 0.6231329199675967 0
5038 0.4732284105822336 0.7864644785959258 0
5039 0.6784338688259737 0.1886525299660083 0
5040 0.2630514366247333 0.4935671192568677 0
5041 0.9547546366525276 0.6012163145077845 0
5042 0.8922431892376306 0.5207494837692939 0
5043 0.03354608209803346 0.2113665617498286 0
5044 0.166328204515804 0.8518210579351433 0
5045 0.6589835654953855 0.8209789082109392 0
5046 0.2403550418334698 0.8393710174419314 0
5047 0.09047262927219066 0.3869364953228226 0
5048 0.5382437497023003 0.9473900610703554 0
5049 0.6517992336720542 0.9702356232783844 0
5050 0.3226133970082629 0.8053985572248252 0
5051 0.4694071830440731 0.5961165019557098 0
5052 0.4593607961071692 0.0524571814605862 0
5053 0.8153065042866415 0.6644436015462257 0
5054 0.0224861150075763 0.5208186701603637 0
5055 0.5738003682449919 0.2179555210032392 0
5056 0.9244453489965476 0.2450081752775612 0
5057 0.179949063515326 0.867240956688293 0
5058 0.8045139484703261 0.02857005648540338 0
5059 0.9308219694353785 0.2592533538476889 0
5060 0.9472720637545927 0.9467667473287718 0
5061 0.6182259421152597 0.8157651883529418 0
5062 0.1760224732333653 0.767838894668597 0
5063 0.8408118561619502 0.8329936601762256 0
5064 0.1170041735974037 0.1212099284091842 0
5065 0.2047295415002203 0.5422022651499167 0
5066 0.6251174482668125 0.8367089088390021 0
5067 0.8362266895345998 0.5455787443172645 0
5068 0.7752506203310523 0.01215370204546884 0
5069 0.8361056702255437 0.7800699504579772 0
5070 0.9755993040915096 0.03853185134451104 0
5071 0.1077695142252755 0.8681540459333899 0
5072 0.02440011657178935 0.9614682713442849 0
5073 0.8490152857959897 0.5321185478052641 0
5074 0.2469530737645521 0.2307426806342024 0
5075 0.7872203358051186 0.3116668266165449 0
5076 0.5834405325831438 0.5376574854758408 0
5077 0.2664454822454725 0.2760108708900211 0
5078 0.8217578108691295 0.8633509724151222 0
5079 0.202528440810371 0.4516420932459061 0
5080 0.1705939105100587 0.5216703998184014 0
5081 0.9598961372173287 0.167025089690988 0
5082 0.08987955527081372 0.3257139567370156 0
5083 0.4502300914567868 0.7837124430544169 0
5084 0.834335828834126 0.1484082773903507 0
5085 0.5022286382630821 0.06867506140776185 0
5086 0.04008056981888738 0.8330254300760855 0
5087 0.1694942255601035 0.3646136048107042 0
5088 0.2514161629240871 0.8336150462813483 0
5089 0.3639367761463708 0.9665165142286446 0
5090 0.5415566563063413 0.2343791909107046 0
5091 0.09963707710302513 0.3596547877204065 0
5092 0.9239880456632997 0.8467016168337802 0
5093 0.2212091091681111 0.419901745400756 0
5094 0.2290253584822153 0.127648618114901 0
5095 0.1473165633243921 0.0437849821666021 0
5096 0.8382610448139375 0.9399021958415528 0
5097 0.226084699979143 0.57520873063907 0
5098 0.0650513002075313 0.7625328591381573 0
5099 0.2691279721907706 0.1156156904489104 0
5100 0.6564977455688686 0.4274015674670564 0
5101 0.7411079047140652 0.805734589906308 0
5102 0.03768753825686384 0.6405050082561577 0
5103 0.2293487062896782 0.2677475791717322 0
5104 0.6271989314030517 0.149583123495637 0
5105 0.5049551045338457 0.901160463146781 0
5106 0.5665494190568469 0.6150339965350445 0
5107 0.007396887921940067 0.2719754846863926 0
5108 0.9407842535691003 0.4515139858148098 0
5109 0.3908335834157618 0.07801384045436366 0
5110 0.1143131551731747 0.3005849345198193 0
5111 0.172556423640732 0.5533056275728711 0
5112 0.3129384472824959 0.7364848619618675 0
5113 0.1012992661538266 0.3050472579666394 0
5114 0.9137400581975781 0.5067097818605389 0
5115 0.008091412813412479 0.6833350792304418 0
5116 0.7088787622417487 0.5124909278741565 0
5117 0.5410437422596536 0.00977205279020432 0
5118 0.9058236942347653 0.1136959628713665 0
5119 0.7423051013538473 0.4968878083231421 0
5120 0.8233294214925061 0.7444741611919203 0
5121 0.5863091114697413 0.1472864120898424 0
5122 0.02432613460682465 0.03841996697585469 0
5123 0.1520663142119926 0.7637384583327166 0
5124 0.2415909037179404 0.3303154084644584 0
5125 0.8881415125668706 0.9877137216026388 0
5126 0.5642209929696113 0.779900996494894 0
5127 0.6615360437894382 0.6519477307799992 0
5128 0.8742462895704723 0.6640060061167323 0
5129 0.2514518486405271 0.4740835232263368 0
5130 0.8835773622404408 0.1632087645956814 0
5131 0.463101026151491 0.3140956130893612 0
5132 0.5352008406358597 0.4355524317209176 0
5133 0.8149683135558528 0.9482172386850897 0
5134 0.8930255728620167 0.2492664128374827 0
5135 0.9686668589941271 0.6463659003876565 0
5136 0.6692528717023742 0.9657502448717349 0
5137 0.8332112785685665 0.2551296492083893 0
5138 0.8869887188130759 0.8903715503672793 0
5139 0.8150587577984214 0.476878197675517 0
5140 0.157712801707889 0.6738812444877279 0
5141 0.3424045599429532 0.05341916706687735 0
5142 0.2706553345676102 0.917780194462771 0
5143 0.3961412148226353 0.9698303944811688 0
5144 0.1161736000422539 0.4422533051264375 0
5145 0.07577901580722075 0.1450711990267826 0
5146 0.3779212179349077 0.1852847985582911 0
5147 0.8558534364236678 0.8176699516115741 0
5148 0.7684596806443429 0.07257371996057951 0
5149 0.05658938616706158 0.2219391711153045 0
5150 0.2435079366288976 0.03080554847117051 0
5151 0.1333348268271202 0.8063055251387123 0
5152 0.4580773743594923 0.989052811225182 0
5153 0.7379065252598247 0.3311362181073618 0
5154 0.08970327591120456 0.1880203505998681 0
5155 0.8372454200273904 0.1794716671248045 0
5156 0.5986569431108179 0.7086757332215859 0
5157 0.8916325763417654 0.1320146056926689 0
5158 0.6617205621785734 0.6106854225638092 0
5159 0.5521334782369266 0.8927946545496286 0
5160 0.9489891031904312 0.05368295156311846 0
5161 0.1823606929277639 0.1455423478585549 0
5162 0.9797373229571498 0.3778298380477303 0
5163 0.4854218667774824 0.9716235556186076 0
5164 0.1083805352512325 0.7745093116716387 0
5165 0.9081812333876027 0.5708523687102462 0
5166 0.05100836838701239 0.9463174662565572 0
5167 0.9573879889740642 0.7076832195127584 0
5168 0.4800807269072358 0.8333608438786039 0
5169 0.3983511630813189 0.3983161187645245 0
5170 0.6671938671321987 0.6738137940379955 0
5171 0.2262229338117671 0.07021581579461922 0
5172 0.9775385073346012 0.9221415538020764 0
5173 0.685008438749275 0.119526483208892 0
5174 0.6283599269009034 0.6780045769200115 0
5175 0.6073648156941116 0.5922992914098324 0
5176 0.8219731627055232 0.5353232430627179 0
5177 0.3190671047885955 0.2919946557783917 0
5178 0.1399745489744478 0.7611011164274701 0
5179 0.1370999520322145 0.5162272375521926 0
5180 0.1552094308534926 0.3234411047120195 0
5181 0.0216214112120823 0.07817625703677412 0
5182 0.3500502270110683 0.5409427075304745 0
5183 0.07260441459862656 0.6911831109092392 0
5184 0.369656085289385 0.8515415205520037 0
5185 0.7944717499035447 0.7310744872037295 0
5186 0.756400065283626 0.1816662263016822 0
5187 0.03117036194755001 0.6668644361850635 0
5188 0.8961108362415273 0.8689333875493724 0
5189 0.2457629953255666 0.110496634589096 0
5190 0.6685727475663165 0.9068793082994057 0
5191 0.9316852536192486 0.5634684007676251 0
5192 0.9330155760615317 0.6151743244630977 0
5193 0.2601881238952238 0.577420290162199 0
5194 0.7562217295915932 0.6152888752081218 0
5195 0.8910944334913077 0.7023401885991265 0
5196 0.7328704388157954 0.4396965969431481 0
5197 0.5804982421134151 0.6124353759103507 0
5198 0.1252829510792959 0.1013612119715214 0
5199 0.534624349177682 0.8621636519872973 0
5200 0.1008515372149777 0.8079173235185851 0
5201 0.8847963151027719 0.747477049922582 0
5202 0.05069235091658657 0.05347875145913106 0
5203 0.685067382204577 0.4483775112830766 0
5204 0.699117395734283 0.6971106931840714 0
5205 0.3559489764350826 0.735076026775872 0
5206 0.7185815541593954 0.6883581566726082 0
5207 0.6313140221965342 0.03060761386562357 0
5208 0.7322200072170224 0.4589711622313167 0
5209 0.8246000356876959 0.4474577621687607 0
5210 0.9816847357934135 0.7683480651264613 0
5211 0.2522473790094017 0.4320539441814752 0
5212 0.4418945172221923 0.9287236474296403 0
5213 0.9786377810085424 0.07823267905679514 0
5214 0.6381087688599015 0.6208109579861656 0
5215 0.8991382390234892 0.1919601847764522 0
5216 0.1174560429932561 0.7431873919756351 0
5217 0.02136239066282864 0.9217673767097736 0
5218 0.3041119409920741 0.4878811196877071 0
5219 0.3349113694130192 0.7396977123555495 0
5220 0.5536133702382655 0.07195302420428833 0
5221 0.3960940890309628 0.3768928939846325 0
5222 0.1163631947624424 0.2890701157662507 0
5223 0.4896257054112336 0.6351865779556184 0
5224 0.9607180162566074 0.255907736278231 0
5225 0.07455119174672231 0.7572468502988597 0
5226 0.02174699211436036 0.6516559915720831 0
5227 0.02643072524048037 0.5282348397591764 0
5228 0.3360005395192443 0.06708195168333632 0
5229 0.228694950324477 0.9268354897481188 0
5230 0.3753834643416919 0.5827788521771051 0
5231 0.6636659275704959 0.7558712575303979 0
5232 0.04838190239767628 0.5072587728447947 0
5233 0.1002798760293999 0.7082651549013185 0
5234 0.8523955153508332 0.1518989390067728 0
5235 0.1941718108035411 0.1865094756111369 0
5236 0.1479679785751845 0.9556189647029998 0
5237 0.8756692705808977 0.6243344323855007 0
5238 0.9817353003139448 0.3467593297901278 0
5239 0.2172111444218772 0.2011732495978552 0
5240 0.8193669106440074 0.7635327910277879 0
5241 0.03774269954247569 0.7516191606200343 0
5242 0.5171694145992579 0.4714563077440188 0
5243 0.4354239331097117 0.9603769061301364 0
5244 0.247994928188019 0.2996523566063204 0
5245 0.09542418173879429 0.1222822841766333 0
5246 0.07536999176953267 0.2175473401442625 0
5247 0.8157079813113414 0.5458474973772838 0
5248 0.04356805485107179 0.3516958810973434 0
5249 0.9778078928915352 0.90462072329452 0
5250 0.3361266404369337 0.3660468518079784 0
5251 0.4699004514481977 0.5466862714536675 0
5252 0.7516919596343959 0.08117569869922317 0
5253 0.4755630809887189 0.7638774740535492 0
5254 0.5672974682156158 0.9867820324276897 0
5255 0.8064783783357204 0.8337096031971748 0
5256 0.2910575896489485 0.9891665801791008 0
5257 0.296713949696967 0.1616212763574963 0
5258 0.1520201110641502 0.6873979482996402 0
5259 0.5476757388968622 0.6094463813084995 0
5260 0.9930141192039724 0.3055555555548044 0
5261 0.5986822048662666 0.3401994451972051 0
5262 0.8711428362494176 0.252179854533729 0
5263 0.5165904420395956 0.1660195436312595 0
5264 0.8980591763820917 0.04830046348704377 0
5265 0.506589195931789 0.03414799044331889 0
5266 0.5341633117226939 0.5908753098834061 0
5267 0.1474440190933979 0.8476415480423474 0
5268 0.2598894902284851 0.01029894275105842 0
5269 0.2356140452870505 0.7540886368836759 0
5270 0.1599176301820975 0.4859306951614866 0
5271 0.7194220462784755 0.5454351452221677 0
5272 0.840641008814051 0.371558209192434 0
5273 0.788043868517465 0.9877314077576309 0
5274 0.9384213380176487 0.1400526082219371 0
5275 0.6360738302718587 0.7046713427682615 0
5276 0.9769736477730921 0.1742089997277767 0
5277 0.06383064373494424 0.6471074491397919 0
5278 0.02302613593473778 0.8257909270523113 0
5279 0.3877679793909326 0.3869604300037517 0
5280 0.4479467726740988 0.1020946144716348 0
5281 0.3245626413893247 0.4657378273950753 0
5282 0.1532378602239004 0.613288344966563 0
5283 0.06212220728942069 0.8599896896674596 0
5284 0.7532931241528384 0.9488459081759124 0
5285 0.8030707359120803 0.5608285478149955 0
5286 0.1626772336261691 0.2626269077128829 0
5287 0.3096841303040941 0.4293035946158533 0
5288 0.2321878261469311 0.1077241939754038 0
5289 0.1041525977457993 0.9521394767298549 0
5290 0.977161665594154 0.7964919797253056 0
5291 0.3816231852249606 0.3368287212105736 0
5292 0.9223799160947685 0.6112005970138842 0
5293 0.6984007140156794 0.02956448520819034 0
5294 0.6721794544265651 0.5146801859962282 0
5295 0.2611375862292754 0.4545836105162733 0
5296 0.6422107400953785 0.9320513331534901 0
5297 0.2033098180504687 0.6504478893174139 0
5298 0.09235964291031368 0.8851678197590537 0
5299 0.8501662774468657 0.4923196854094624 0
5300 0.933602111592075 0.8623741953760076 0
5301 0.4215019074975879 0.8462319627491204 0
5302 0.09564244123361412 0.6607092485458759 0
5303 0.8519543853817807 0.04404325534057142 0
5304 0.7774483007159303 0.6168541785447288 0
5305 0.2617726870668324 0.9042376986272174 0
5306 0.9608022492389812 0.4194878279522292 0
5307 0.4940083896165535 0.8768048526260683 0
5308 0.247659527585459 0.394810702859918 0
5309 0.6455325242119622 0.9450442367736072 0
5310 0.3908704385504738 0.4858838682577269 0
5311 0.6826574308073967 0.6413129840722571 0
5312 0.0335196885509783 0.5113864103502784 0
5313 0.3716191646865922 0.2896405748310357 0
5314 0.2760531692642904 0.4446102932898365 0
5315 0.08154911079084348 0.771741634193109 0
5316 0.7163393853861818 0.8948770337787915 0
5317 0.4492482136337975 0.2705524388486124 0
5318 0.6526657277357599 0.2468644447910992 0
5319 0.9597040909281725 0.5108267280211395 0
5320 0.4556845320303237 0.1442865284694839 0
5321 0.7989108892971506 0.7119988171121758 0
5322 0.6100780900027278 0.6631419701770982 0
5323 0.7354501025298741 0.09670773341489419 0
5324 0.6106097963120677 0.6757433125348368 0
5325 0.9521055997925328 0.2349148142919379 0
5326 0.1394076930743028 0.6432382900731087 0
5327 0.7684482181645896 0.1714852421946201 0
5328 0.2589788241679518 0.04788726171231533 0
5329 0.9221976542250425 0.5409546911194165 0
5330 0.03800406015819754 0.5746227298323816 0
5331 0.03945214244704411 0.3895132168492996 0
5332 0.01801215242353072 0.5720481528690649 0
5333 0.1273741854409729 0.2532647361846238 0
5334 0.09802137189346008 0.5382102902224879 0
5335 0.251961255655889 0.3748806134448662 0
5336 0.6192749002643595 0.2575134098984862 0
5337 0.6512553398336933 0.2172916537529929 0
5338 0.3132611699637363 0.1084498370454118 0
5339 0.4410189550229796 0.5667265001407431 0
5340 0.4203869588384415 0.4183360826813259 0
5341 0.4436489009762734 0.5435155532709263 0
5342 0.9053581257926819 0.9022257777962226 0
5343 0.9062008685273195 0.02815197613453433 0
5344 0.0474446455357472 0.7650066365966726 0
5345 0.006883995973335329 0.4944444444464912 0
5346 0.3454013350559114 0.1292618830961507 0
5347 0.35613724692493 0.4893633667839739 0
5348 0.9684189511655985 0.58643460811248 0
5349 0.4881401808421999 0.2135883662496337 0
5350 0.3099542444497796 0.2048856110691312 0
5351 0.5870275366099468 0.6854898097677794 0
5352 0.6233916892171398 0.466865804460069 0
5353 0.2936249837617572 0.06528120876890156 0
5354 0.2786098935565241 0.7429854443310986 0
5355 0.03924856313494087 0.07342581566314409 0
5356 0.9931169920266674 0.2611111111104894 0
5357 0.2997429673207995 0.6248194250645244 0
5358 0.8722504310539108 0.2805514215714332 0
5359 0.09373215253402586 0.9719082403431023 0
5360 0.7630705480505851 0.4115305525179641 0
5361 0.2164684426380356 0.7836320100716232 0
5362 0.2581317269447485 0.3554248442444973 0
5363 0.8686825108253394 0.03148225885383232 0
5364 0.1234579715005348 0.490193092366226 0
5365 0.1483994814861474 0.5310647209820381 0
5366 0.8575979003333399 0.8291891350758408 0
5367 0.2454970914835597 0.9196560625879011 0
5368 0.9752764096870478 0.1193383011714008 0
5369 0.80307045801782 0.7825024903807392 0
5370 0.9424873805095412 0.3510323971226065 0
5371 0.9463760127022296 0.5205930340601066 0
5372 0.02472331214724852 0.880661630818011 0
5373 0.02692711364592172 0.1727576596883694 0
5374 0.5821763275410511 0.05781406872030009 0
5375 0.03451710552935441 0.3248393262802234 0
5376 0.5737653660591862 0.3880635470902847 0
5377 0.330880143735465 0.3492425876815011 0
5378 0.6468713922018757 0.2657904034602225 0
5379 0.04253007064057507 0.3405389641228357 0
5380 0.572881651468661 0.1285726348903629 0
5381 0.6114565578961033 0.5605672034373389 0
5382 0.1334017523343642 0.3202595454716918 0
5383 0.5641187769828434 0.397711404841728 0
5384 0.1034585654249625 0.04763357086224065 0
5385 0.4084711686880738 0.8524841547957376 0
5386 0.08140123367507515 0.3594735701078092 0
5387 0.2147395038907646 0.6667860429645271 0
5388 0.9185926126845232 0.6431271391056471 0
5389 0.8314900910519324 0.6333241653894288 0
5390 0.04038547796526769 0.5897364927982387 0
5391 0.9717935401171872 0.7425445088954519 0
5392 0.1908528807866989 0.5312531263760305 0
5393 0.9931438623665144 0.2166666666661749 0
5394 0.8534119981483759 0.9673714732929011 0
5395 0.2345826938269248 0.9683413554581266 0
5396 0.5514869944176175 0.3921201085948948 0
5397 0.00681393748289806 0.5616430961463985 0
5398 0.2496868345610496 0.2774038749565043 0
5399 0.6769370173520006 0.08940132626776701 0
5400 0.1115397878887293 0.8883638794517936 0
5401 0.9288293492830235 0.6411293623314773 0
5402 0.2316895071791001 0.3637925554140423 0
5403 0.4914107311822798 0.1606554226282545 0
5404 0.4445910521499798 0.1574892157522921 0
5405 0.7955934464410079 0.07453694825716092 0
5406 0.9202382318536438 0.8174987525086547 0
5407 0.8511873380760639 0.5532661826495069 0
5408 0.2322112532997078 0.5422766884151989 0
5409 0.890838474209145 0.111188288445317 0
5410 0.757438924002986 0.04989493965314319 0
5411 0.8645968537572327 0.3956304579974734 0
5412 0.09482313770808096 0.2134894601966739 0
5413 0.09338340029599175 0.02803584000108236 0
5414 0.5937463420039688 0.3819205865135742 0
5415 0.1731604462954703 0.08005312916188251 0
5416 0.3379462820363413 0.4995843071598667 0
5417 0.8406720273132009 0.7273911233235479 0
5418 0.6276026129136224 0.1266108141747219 0
5419 0.08173264187063431 0.804788339299673 0
5420 0.8930993669094642 0.4713906247529001 0
5421 0.9698379403754313 0.8653370535073025 0
5422 0.5983078363256371 0.03109151517976182 0
5423 0.963019147449544 0.4030499001622017 0
5424 0.5462418964691493 0.5697462121615091 0
5425 0.5379156345846676 0.4122252000108116 0
5426 0.7119103770724178 0.6767196271258206 0
5427 0.5026541477143296 0.5350753496274304 0
5428 0.5190375757068002 0.9110740834926313 0
5429 0.4263229872997215 0.1116293546030628 0
5430 0.8773402883347312 0.1141765968595125 0
5431 0.2775994384007303 0.773945650792492 0
5432 0.8115702040612474 0.7423258780678266 0
5433 0.006801855925293853 0.7388888888893136 0
5434 0.9494921769095992 0.06688051968328212 0
5435 0.4134552618070783 0.9429845989598056 0
5436 0.09756191611089111 0.7395508655836815 0
5437 0.6444106060697209 0.4490904027126418 0
5438 0.09945076765012897 0.4227996852277586 0
5439 0.8082510877220913 0.4936167061078948 0
5440 0.8232794074089336 0.7746918567582304 0
5441 0.9497212002426472 0.9338238681058639 0
5442 0.3512954423903196 0.6221394799043152 0
5443 0.2610384460012347 0.7360345726599987 0
5444 0.05050708986512477 0.9331185701206307 0
5445 0.8389339949353182 0.7581270537946992 0
5446 0.6569608922217046 0.7699122499966735 0
5447 0.9182810012362935 0.1949936811177733 0
5448 0.818781611397831 0.5883618512575677 0
5449 0.7773953423112213 0.6559872958235046 0
5450 0.7709176688008583 0.1988418928393177 0
5451 0.7716006931095845 0.3173527955047922 0
5452 0.2840822342893581 0.831857076793929 0
5453 0.01894461627570987 0.1279614387220825 0
5454 0.2979123197446185 0.2531116453242742 0
5455 0.7826079210738837 0.2154434388129176 0
5456 0.9931853817635283 0.8388888888884627 0
5457 0.8799312547688627 0.05951495772595347 0
5458 0.4899687412052987 0.07467788228607485 0
5459 0.4828729247848647 0.5710310760535702 0
5460 0.06773376807216085 0.4695439323105391 0
5461 0.4467052364849025 0.03019646645172677 0
5462 0.5311226126316528 0.1506667021885382 0
5463 0.8976650866173943 0.7641665082056183 0
5464 0.5876676116991096 0.461445601349271 0
5465 0.00677881484816341 0.7833333333334481 0
5466 0.8415624077383803 0.3030160197123363 0
5467 0.7594968231048926 0.6421464094806986 0
5468 0.4297672019274594 0.01105138527868998 0
5469 0.3881195560808718 0.01291313447598619 0
5470 0.9521753224960632 0.863195459336798 0
5471 0.3099002869494649 0.8800389669672093 0
5472 0.7304389396281387 0.2779670713680503 0
5473 0.0072079145011062 0.2046280052454978 0
5474 0.1093893153302113 0.3755200945355273 0
5475 0.5563964574916628 0.6561330066544783 0
5476 0.8244049079009586 0.4997582764710709 0
5477 0.009169284442792287 0.232720464798361 0
5478 0.2209291613793493 0.3285656691277832 0
5479 0.5623179097067471 0.2009560797530872 0
5480 0.1310306726083678 0.03144269553371683 0
5481 0.02350532764788717 0.09448575556034355 0
5482 0.8824133407216109 0.8695543791030304 0
5483 0.1198936463095758 0.9405098560541606 0
5484 0.6763118076108194 0.3511171431845019 0
5485 0.961933768214017 0.7775056183158831 0
5486 0.1614202935672354 0.5127559970527024 0
5487 0.890906075870153 0.3008401920242517 0
5488 0.07495672627355843 0.8253929707422856 0
5489 0.7864483157774453 0.061581580042028 0
5490 0.4826044722445222 0.5943549563689595 0
5491 0.7846531055477969 0.8483861080944468 0
5492 0.3618134812162698 0.1439086188798691 0
5493 0.006814661970089018 0.138699815303139 0
5494 0.9269950666511448 0.1713153225443604 0
5495 0.6493820218456863 0.05321057863219283 0
5496 0.549756609825728 0.6904608148871075 0
5497 0.1314887649228748 0.9685355896091302 0
5498 0.1180446186942067 0.1436821350623399 0
5499 0.9215229787585546 0.7332278122255544 0
5500 0.9932625538863818 0.7944444444439041 0
5501 0.8478020025043128 0.7972717199252517 0
5502 0.4209775941883842 0.1645100612897384 0
5503 0.5359039596633347 0.8364025471508397 0
5504 0.8913333945932316 0.8279340110675565 0
5505 0.1147786267435 0.08310864250770311 0
5506 0.1999282982308816 0.6407681112726392 0
5507 0.180121167279221 0.6020030609976267 0
5508 0.1498769994840724 0.815222177188916 0
5509 0.502112409613122 0.987255293983333 0
5510 0.4305950639943693 0.2623513042283019 0
5511 0.9917854181399849 0.7080902379295623 0
5512 0.5354652833741966 0.0825336925370754 0
5513 0.4700992740374365 0.7173959613509773 0
5514 0.8509078446081584 0.3853566088144169 0
5515 0.7772583234017055 0.636167698459123 0
5516 0.219323981041049 0.3612053977793624 0
5517 0.9506786135762271 0.4164065605865131 0
5518 0.7759607657545573 0.5132573631018006 0
5519 0.6892720118532891 0.5265985932233991 0
5520 0.03185449467558562 0.2585260229371233 0
5521 0.2989189883295819 0.9701132413447887 0
5522 0.1126706674098416 0.4919593020732003 0
5523 0.1626744358026758 0.8210803979805114 0
5524 0.3959837243066141 0.1627765184384518 0
5525 0.99239124269734 0.5718893588540105 0
5526 0.5619014702055225 0.1184050838595136 0
5527 0.5892612801697524 0.01107354204299147 0
5528 0.1193741207588001 0.05847335455466435 0
5529 0.58200038433111 0.4490132902848328 0
5530 0.3443591031912678 0.4720407331663891 0
5531 0.9930327882998774 0.4174911348808517 0
5532 0.02219610392607219 0.7357524640699975 0
5533 0.9493113515216021 0.8395763486627945 0
5534 0.6430738113497433 0.5731285500627232 0
5535 0.9300651376370538 0.06240321835096009 0
5536 0.5075428879618678 0.7886536777854301 0
5537 0.6839797633237124 0.2625321899010259 0
5538 0.8011851510569448 0.8213571172177138 0
5539 0.3963501413549258 0.4566304231065382 0
5540 0.5282451697786381 0.6217223889003614 0
5541 0.9182423652575189 0.3605272218613507 0
5542 0.9643296785461272 0.9211414913323102 0
5543 0.7074157610596168 0.01122890845385155 0
5544 0.8494707953921778 0.1856671963741571 0
5545 0.718449179975634 0.5857686872422075 0
5546 0.06992929923160257 0.9375950287908301 0
5547 0.7913057539351802 0.2545527860089739 0
5548 0.8850385635470766 0.3094252588517628 0
5549 0.4223177952242074 0.2285178501914356 0
5550 0.4178092856092739 0.7309092584896713 0
5551 0.3196154613080394 0.8588987045586972 0
5552 0.2262014884877528 0.8591330028439279 0
5553 0.8486069572177375 0.6849837901241964 0
5554 0.3154396231486425 0.5188699787604972 0
5555 0.8545521378791505 0.4640470097958074 0
5556 0.5040932100707022 0.8404307173268776 0
5557 0.3087219771660344 0.6606098712592586 0
5558 0.7517209312340871 0.6783594509056752 0
5559 0.8634327621534436 0.5062337573036556 0
5560 0.6082849934577098 0.7170013272396232 0
5561 0.7892673695877327 0.5997235018717196 0
5562 0.1871198648539322 0.7581562129924443 0
5563 0.5351818894130452 0.33740430268298 0
5564 0.5740035008847186 0.5730076201063028 0
5565 0.3449615597238644 0.6612680813410969 0
5566 0.2954610913384585 0.3607687331334177 0
5567 0.5310029314587847 0.7562813228301997 0
5568 0.9665154530860049 0.7566247174936662 0
5569 0.03570845837699486 0.2661965022324289 0
5570 0.4110717305960681 0.6142056795628882 0
5571 0.9373265310596273 0.5823548003163059 0
5572 0.1747544472134448 0.920438477531745 0
5573 0.06941939589076994 0.06312176709693408 0
5574 0.5153467009467028 0.7973954474399161 0
5575 0.136375199812989 0.5579872411580539 0
5576 0.8610874989098809 0.4951670869170868 0
5577 0.9437431265509459 0.6276742377789536 0
5578 0.05077822260997063 0.7819987360664511 0
5579 0.8590405976915068 0.6429115382455477 0
5580 0.1391178011366424 0.4640644289086704 0
5581 0.4631084044829433 0.6653429636363937 0
5582 0.09297515123750402 0.4912534943239463 0
5583 0.9571312536529007 0.3364400951719477 0
5584 0.09171463645218202 0.5803369363074122 0
5585 0.09588375833704529 0.2763955326668118 0
5586 0.7109573249454321 0.1057539446563073 0
5587 0.7080134034840211 0.2823826837405044 0
5588 0.8786478085892356 0.8835367957050309 0
5589 0.2250000000009365 0.9902742424196703 0
5590 0.5775079336401253 0.5485971590980379 0
5591 0.3685853299064432 0.3559442864340996 0
5592 0.3469257786429565 0.7431928701186077 0
5593 0.9515289188349373 0.2598584703008658 0
5594 0.1898056982552081 0.6795692464057155 0
5595 0.8253041164399261 0.07830961609252091 0
5596 0.007018052544984489 0.9933333412406594 0
5597 0.0070158499960163 0.006667771104495673 0
5598 0.5071560170898012 0.2091166827614562 0
5599 0.02930168049925297 0.4714033901573361 0
5600 0.4781640494391129 0.09778428051969969 0
5601 0.3384254250569853 0.1791656701128965 0
5602 0.04796113357044342 0.3087095239188726 0
5603 0.8699361897865054 0.8463854271641086 0
5604 0.5409123828040924 0.1048872091477156 0
5605 0.9927030146084397 0.6831519697451476 0
5606 0.9582222449207208 0.04559018696469935 0
5607 0.3188663224410148 0.9079433083318238 0
5608 0.2232324549103833 0.618477250521573 0
5609 0.4222633129850463 0.03121337061092801 0
5610 0.04177582194938106 0.9544103678002613 0
5611 0.9178092087755356 0.8286443988088029 0
5612 0.4830259221422397 0.5453520762537264 0
5613 0.5647900497188985 0.466108462217974 0
5614 0.7948173888459834 0.9396286650358131 0
5615 0.1958915469700727 0.4822220294642132 0
5616 0.3627748771812176 0.6034657104960495 0
5617 0.9282339179358351 0.9386925536609725 0
5618 0.3776535122368463 0.4910666734093725 0
5619 0.9710232693387201 0.15198744557519 0
5620 0.2680539381408971 0.3876990247627634 0
5621 0.1571570983174501 0.5979741736971861 0
5622 0.06121466601143999 0.2421014131507056 0
5623 0.0289765409157801 0.8480124845011876 0
5624 0.9428956538258977 0.550026567281002 0
5625 0.6804162649520231 0.9555525457562908 0
5626 0.9545978941860247 0.824663457753112 0
5627 0.4961307923414842 0.9123746517385652 0
5628 0.4172208986378584 0.3470932979657348 0
5629 0.6987092675522246 0.8154694239732174 0
5630 0.1110747610554272 0.219279990397702 0
5631 0.7686464163805635 0.7849593793159216 0
5632 0.923753736666163 0.4406676524768552 0
5633 0.8252648811240124 0.9008633622744938 0
5634 0.7174302716830457 0.4840533708890442 0
5635 0.1889595495703247 0.3788145855915004 0
5636 0.9794664387268215 0.4434764685982084 0
5637 0.5294448339158998 0.1257087044323058 0
5638 0.1248847695810284 0.7503089670314229 0
5639 0.8017988859482601 0.1205525883879643 0
5640 0.9508486647282739 0.216701452621563 0
5641 0.2871194600966295 0.494994295042657 0
5642 0.5657046700613922 0.4326262872696269 0
5643 0.2680676774812302 0.3610692273635888 0
5644 0.4052276305664584 0.8940648994855259 0
5645 0.04616328296898232 0.5574527447771461 0
5646 0.9794967723122027 0.395704124703435 0
5647 0.8188243360232789 0.8370292142563979 0
5648 0.4684525341838752 0.3562175706093696 0
5649 0.339781735065969 0.3255859847000517 0
5650 0.3546352272876978 0.6824844956933286 0
5651 0.1876947401988983 0.6406387570924952 0
5652 0.9813071936941098 0.6948819442539107 0
5653 0.111068907646538 0.1627626868666017 0
5654 0.7876175146147985 0.7858744745027415 0
5655 0.9049815497159048 0.4978926336383732 0
5656 0.2081469351718221 0.5182457779119169 0
5657 0.7446455918060467 0.1749846403393267 0
5658 0.2678696401663722 0.03418446819853083 0
5659 0.9920410366828403 0.1640128938839758 0
5660 0.7841730793395385 0.6680142911649098 0
5661 0.4427882071877841 0.3091744647991461 0
5662 0.007958916811260153 0.8359871296782058 0
5663 0.3333185549178542 0.2937214855691767 0
5664 0.2058695970077613 0.9247390851732968 0
5665 0.1890962148889561 0.2407427839374781 0
5666 0.1503299137867463 0.9093646849613355 0
5667 0.6170942508139533 0.2220899277478943 0
5668 0.878161373755579 0.4927924760176031 0
5669 0.2836144280938255 0.3180795272657926 0
5670 0.9045901916205206 0.8438654891871878 0
5671 0.2194821556992467 0.4638104817916773 0
5672 0.1699181050616772 0.6342602960180506 0
5673 0.1080706395026939 0.7887766872429484 0
5674 0.9572175336944915 0.9549314121139474 0
5675 0.1225504698687206 0.8854017105153322 0
5676 0.6021656827967147 0.1644773873024221 0
5677 0.4300901128811981 0.7815142841062872 0
5678 0.5981998303833826 0.1397822194025815 0
5679 0.9122250642657673 0.3309403848230909 0
5680 0.3208804875794637 0.02834987465124129 0
5681 0.4693352980941717 0.1072102902632114 0
5682 0.8173694817528054 0.3847757076489304 0
5683 0.1394001804789508 0.202142196581949 0
5684 0.9226731756362407 0.7936344451778337 0
5685 0.6788604221022845 0.3407460965586487 0
5686 0.4304808561244752 0.8002781792274729 0
5687 0.02902146831840569 0.3738613771702147 0
5688 0.9177594024585611 0.06580363529816347 0
5689 0.9184705604579848 0.2633666188962484 0
5690 0.6553275590880113 0.5003370290587072 0
5691 0.8668635295554278 0.3166764429633335 0
5692 0.6597749960244678 0.8677541670117569 0
5693 0.1514350456823689 0.466516864002575 0
5694 0.783762432889769 0.5660209622054367 0
5695 0.6766445148635511 0.1414461487047742 0
5696 0.07078570793887876 0.7163423959538034 0
5697 0.4721391692568018 0.5171183395127421 0
5698 0.2407412788498497 0.4073722122597283 0
5699 0.9561401812612087 0.687610366216951 0
5700 0.6927807056658876 0.5146737302358655 0
5701 0.04157536630181588 0.0454061183468623 0
5702 0.03885345808789138 0.7805442587216848 0
5703 0.2048758060899293 0.3007063162017458 0
5704 0.6995979437905036 0.4950018246414931 0
5705 0.08225514850219033 0.934199936371135 0
5706 0.3533894736694227 0.7773465300119908 0
5707 0.8544591798633336 0.5144108748720296 0
5708 0.9784605356972869 0.09548950628311251 0
5709 0.02153920311511418 0.904510605635777 0
5710 0.4855638904204116 0.9543096219271804 0
5711 0.1839527448195411 0.6500267535799359 0
5712 0.6784352377719063 0.7795274770468497 0
5713 0.9826277837710324 0.3319378566676953 0
5714 0.8492782607730623 0.4811587274539287 0
5715 0.8312056860178647 0.973902936623965 0
5716 0.2564559480031363 0.8002928272358214 0
5717 0.109242810656791 0.3844810980397869 0
5718 0.2420452487943315 0.4637653876694373 0
5719 0.3268941396511637 0.7592115781782128 0
5720 0.1827102169680056 0.2204787065696696 0
5721 0.781759594513275 0.02501095881186834 0
5722 0.6553779154712716 0.5969885268457349 0
5723 0.2058655359309645 0.7466457458707276 0
5724 0.4752401324432856 0.2644667634336997 0
5725 0.9780856817219065 0.8353684160957773 0
5726 0.8209829662892127 0.8158255309449096 0
5727 0.8123780995274744 0.26088341535892 0
5728 0.9170836751814054 0.6828076763659008 0
5729 0.7311571415891378 0.7203867431168202 0
5730 0.8594418689029109 0.847490075129659 0
5731 0.9170910290715388 0.9329259929594308 0
5732 0.7042257167801728 0.4388876803601391 0
5733 0.6400894440643758 0.7580052617422205 0
5734 0.886458525413683 0.08258022869962076 0
5735 0.006494537466258395 0.338888888890299 0
5736 0.7264604127686352 0.8324887063104265 0
5737 0.9914471755384945 0.1855493152203825 0
5738 0.8891462579064149 0.7305905648241204 0
5739 0.8559179139714974 0.7054476844383071 0
5740 0.8188642423776111 0.4576697417255172 0
5741 0.8749118883996148 0.3381944556204658 0
5742 0.08150984395487054 0.0655409762018966 0
5743 0.4949315323001948 0.1337696735301635 0
5744 0.2954598594736847 0.3257910424715745 0
5745 0.6113354420036162 0.01172402481820179 0
5746 0.6775110313753742 0.7032383768883945 0
5747 0.9511146292227539 0.1688679833333463 0
5748 0.3385811893808206 0.7632644855446215 0
5749 0.6123246926910446 0.874559749708933 0
5750 0.8917054729378038 0.210951515920945 0
5751 0.2753452841192612 0.01006799049869926 0
5752 0.7695885868519203 0.5978043465545634 0
5753 0.04867552700762737 0.8318462447551407 0
5754 0.9613639182568791 0.219464822613155 0
5755 0.3557978251576834 0.5551342460129252 0
5756 0.6799404664630686 0.2843292108744069 0
5757 0.1462005906816165 0.8631060715712718 0
5758 0.8861577519958965 0.5478129897965266 0
5759 0.3836318048961889 0.2823392853176999 0
5760 0.3943105862352787 0.340558766626082 0
5761 0.2780044013495049 0.5329772380444613 0
5762 0.9614434118160579 0.9893857041843185 0
5763 0.3201808812667097 0.8176790613083758 0
5764 0.6386553634157276 0.7270871048518379 0
5765 0.5512102636960925 0.3797743039128043 0
5766 0.9271354471332646 0.3759501488881161 0
5767 0.3918033580434735 0.7086283841677443 0
5768 0.1693305716686807 0.6909026641165793 0
5769 0.008522636730997988 0.8144888848588551 0
5770 0.06055255231354074 0.5495283801457089 0
5771 0.2284891957441006 0.7991479184632289 0
5772 0.4602802785993909 0.918361832777071 0
5773 0.9006431825467087 0.2612341975832773 0
5774 0.2497472799047718 0.6579621989368142 0
5775 0.616852342402054 0.2753032767818943 0
5776 0.428020456476723 0.1838396139401052 0
5777 0.08010040072228562 0.2040314835725551 0
5778 0.05184826060826255 0.3972508163931243 0
5779 0.6314510224754355 0.08255577039653154 0
5780 0.9653296110806583 0.1051131879334601 0
5781 0.4073716806729839 0.5721752069542821 0
5782 0.2926886810382041 0.4728576715464843 0
5783 0.05228492024864319 0.3263225527216661 0
5784 0.529353616316788 0.2527956431927422 0
5785 0.5115553101910482 0.04760885376952419 0
5786 0.03466950553206216 0.8948865550336607 0
5787 0.9781428230840663 0.2642753781398771 0
5788 0.09765815506105682 0.4715935631565849 0
5789 0.1479944910875924 0.7414675984888944 0
5790 0.19721527017978 0.461325060446485 0
5791 0.4353067814074558 0.1931611628128045 0
5792 0.2605195088965344 0.6508610379114843 0
5793 0.0496951699357653 0.5852115477735533 0
5794 0.3304592833396705 0.01192703093539134 0
5795 0.9779340445812774 0.2828409712089751 0
5796 0.8333304624510881 0.6001424585248496 0
5797 0.112921433383179 0.9170992648634919 0
5798 0.23280051517564 0.8212516859806949 0
5799 0.6174108043551759 0.08237999759989559 0
5800 0.3152735840454446 0.2612363156058577 0
5801 0.4083333333350326 0.9905043161715775 0
5802 0.4542609063437653 0.8965889788025067 0
5803 0.5881009446905643 0.6711695988643114 0
5804 0.7211865769606294 0.809385620156052 0
5805 0.9045469153208554 0.6819896873389073 0
5806 0.8555127338258955 0.4112100399660267 0
5807 0.3853068676067921 0.5624431086106849 0
5808 0.7885303079683676 0.74147520245928 0
5809 0.7845262569010951 0.8338789992919846 0
5810 0.4481333884689045 0.1911328398368134 0
5811 0.197631769199367 0.9750927401252366 0
5812 0.8357818781771782 0.3278875973529295 0
5813 0.9932340410947514 0.1168812724131761 0
5814 0.2856854102690309 0.2700385428780727 0
5815 0.00676587785084888 0.8831187023124832 0
5816 0.8580555477717871 0.08442262378874213 0
5817 0.7103906109054694 0.5668364547027536 0
5818 0.2708868745889805 0.5678668453619333 0
5819 0.9232000359050055 0.777584411191754 0
5820 0.9204325150539867 0.8650373738386824 0
5821 0.7385594985218705 0.1967769857997857 0
5822 0.9531414734216699 0.2710286069608708 0
5823 0.0217787596096467 0.7164019231763836 0
5824 0.0074595494903207 0.6083411458206935 0
5825 0.485716351594113 0.7818325556062004 0
5826 0.2511200051694135 0.5961128070119481 0
5827 0.02595689202264606 0.4347453169696885 0
5828 0.7734222246975471 0.7269499091569775 0
5829 0.1535008886088906 0.6480574822787966 0
5830 0.7303833496283183 0.7093630937146234 0
5831 0.4124313489667247 0.4547623869601748 0
5832 0.3148704227373247 0.3715300561118794 0
5833 0.8409899008394731 0.7157633331698559 0
5834 0.7103036272040247 0.4627147446174672 0
5835 0.9027245032240622 0.7552855295693851 0
5836 0.06822146685701981 0.7421574753548054 0
5837 0.3328104702700053 0.7279005839177388 0
5838 0.6893899215393052 0.2735918005980423 0
5839 0.8927508016582412 0.4100826935464538 0
5840 0.6790481720881978 0.8069139637053317 0
5841 0.928589662019259 0.3249024211809566 0
5842 0.7561739263951319 0.5055352219393802 0
5843 0.7946957754353834 0.8939324243992052 0
5844 0.04618225094329874 0.7282295069952309 0
5845 0.2893027489601787 0.5178020007401121 0
5846 0.1556365830293759 0.730965867230124 0
5847 0.1193479363575323 0.2716912089381966 0
5848 0.6007799368305571 0.2464433971735955 0
5849 0.2009186007245004 0.361136788164957 0
5850 0.3699794634317342 0.8731737623121145 0
5851 0.07037910694115132 0.2880087746098188 0
5852 0.9639668813274198 0.4642139572622725 0
5853 0.8819113388618425 0.322776520581903 0
5854 0.2857513133932064 0.8956665212857475 0
5855 0.5275717344120625 0.4488366241570981 0
5856 0.3448142795408655 0.5631492300759524 0
5857 0.979346785974736 0.7236434242482087 0
5858 0.1417788414334351 0.4946432360301632 0
5859 0.9426448321536237 0.5120943713681687 0
5860 0.8989131901374029 0.4559118515699161 0
5861 0.5146977166204396 0.6734971673969155 0
5862 0.5856907264111799 0.9206963563939521 0
5863 0.4510178073533505 0.2911271835833713 0
5864 0.3989479993674379 0.8397477674701409 0
5865 0.3750454117949058 0.3013620828123338 0
5866 0.5256373657395743 0.2189627725339197 0
5867 0.7589813841453277 0.8198989537066337 0
5868 0.6607135693563615 0.3808842713910767 0
5869 0.7071683898230938 0.1201650255251598 0
5870 0.2114590942028006 0.3327828233441452 0
5871 0.6273060494441099 0.537805297062839 0
5872 0.9022894999063505 0.9510818204288178 0
5873 0.2973418160272228 0.8513316340978497 0
5874 0.7695106535442477 0.7483624528130196 0
5875 0.3759401118156539 0.5040995299074345 0
5876 0.1804110931388181 0.2596405019961231 0
5877 0.2113931577170219 0.8303933053890289 0
5878 0.9172071430734239 0.584724135774757 0
5879 0.925503474016084 0.9134070576893598 0
5880 0.1695108154538137 0.3844122920492168 0
5881 0.02057099650437164 0.6329920936185122 0
5882 0.846529568778505 0.4025696530956705 0
5883 0.9936699449323865 0.461111111109906 0
5884 0.0833400160581612 0.7918325140774203 0
5885 0.3140953060666034 0.3599353484678062 0
5886 0.6662939939006125 0.3708408265290617 0
5887 0.7113483337471689 0.1651359535211482 0
5888 0.02174700995552793 0.5839754812750423 0
5889 0.1787220591243665 0.2954282073968276 0
5890 0.6967071303253414 0.4513387127588896 0
5891 0.09845763244615988 0.09641978825122413 0
5892 0.2700816121660197 0.5417675451812827 0
5893 0.5868627053908997 0.8289085257023134 0
5894 0.9625179287233897 0.07913613626505706 0
5895 0.9934177543245039 0.7278345583028696 0
5896 0.8642075371269585 0.3306797986206682 0
5897 0.4105926736735293 0.3840839796622698 0
5898 0.800176412524322 0.7697606928281302 0
5899 0.0374818992737168 0.9208634620681064 0
5900 0.7880717780814502 0.7685061403836762 0
5901 0.9612110123819307 0.008846311146411276 0
5902 0.3654033503936696 0.9170945062369689 0
5903 0.03878865260057773 0.9911536727131077 0
5904 0.8202506366714677 0.2130475857672857 0
5905 0.02150662123134898 0.7870316930079652 0
5906 0.2552257597448009 0.5341963757847745 0
5907 0.1429643692416033 0.946476922459728 0
5908 0.2601565062963243 0.1924344937019545 0
5909 0.2622111273713102 0.2268871937257613 0
5910 0.4710628144977774 0.0845719785450488 0
5911 0.3053845341933064 0.01064211854041348 0
5912 0.6323516547921642 0.4884189946977623 0
5913 0.6180162387728267 0.3588539707870121 0
5914 0.6954350669533264 0.4197237493208951 0
5915 0.6645113293769036 0.1768614659574554 0
5916 0.6047776003049935 0.6959680372478252 0
5917 0.5816896420133103 0.2560289829742762 0
5918 0.9671043959279355 0.5382511683984987 0
5919 0.8586788127968465 0.7603494611995141 0
5920 0.6218042402389979 0.2985733516488898 0
5921 0.665787611191166 0.5697977721952526 0
5922 0.7560032364501594 0.8850263821068013 0
5923 0.2186821283382615 0.3506637486952087 0
5924 0.3789706274993339 0.9180210174126971 0
5925 0.01731795103720498 0.2608875947182062 0
5926 0.6575877831313864 0.9464410629796894 0
5927 0.02496938139216157 0.6830242359242749 0
5928 0.9784957522160288 0.2130690751828337 0
5929 0.3291775340274922 0.6073130233441824 0
5930 0.3608634005691151 0.3350150126713595 0
5931 0.2028902672880998 0.07721331883271172 0
5932 0.1064520628603181 0.7494604882772848 0
5933 0.8776266438782794 0.6435731484133722 0
5934 0.1474912054833174 0.8964619244396553 0
5935 0.287799558465334 0.3067041266999099 0
5936 0.4444214242548948 0.9716201181116468 0
5937 0.3724471550727045 0.7237429373936441 0
5938 0.05514570746459174 0.5321667544373865 0
5939 0.8904022402682351 0.3640466494063457 0
5940 0.3495068689244483 0.9707986731489823 0
5941 0.03875684136957375 0.008847898679042362 0
5942 0.9330757572878765 0.3508397409225938 0
5943 0.02004693193020691 0.6029940048600658 0
5944 0.3807589051204989 0.3236767247590115 0
5945 0.006922086250300996 0.1176160603455253 0
5946 0.3772049061656343 0.2530269105517404 0
5947 0.8693182293603262 0.7376729281721685 0
5948 0.1981958643059698 0.1568477069208274 0
5949 0.6568904444988884 0.9247208502416875 0
5950 0.7295801421489049 0.2060053213067922 0
5951 0.3473107599365426 0.9475196501643308 0
5952 0.1878338780009154 0.5646786116477871 0
5953 0.8717126027506598 0.2320760068890454 0
5954 0.4199647448516731 0.2826104963191137 0
5955 0.9167306979683604 0.2080449821794736 0
5956 0.6422427018080448 0.144346061000311 0
5957 0.7798667937788957 0.2353991641228959 0
5958 0.764710582603451 0.3890656662386458 0
5959 0.6683447703903551 0.277904393639051 0
5960 0.3560280309913539 0.05364347608850656 0
5961 0.7359761493172415 0.2976505013744831 0
5962 0.9635752972744556 0.1579419914663092 0
5963 0.7895083603423723 0.1694702251464145 0
5964 0.07021806952048024 0.6236375762323544 0
5965 0.5503763588569823 0.02866341217714426 0
5966 0.03638031298416771 0.8421525844559468 0
5967 0.3540426631827679 0.8553843688473256 0
5968 0.4492318333142427 0.5559784201648247 0
5969 0.567723663705178 0.793894986474995 0
5970 0.6170152578143318 0.4933690617194575 0
5971 0.6211976146823528 0.6574256196776891 0
5972 0.8708366789061347 0.8643653703007943 0
5973 0.5262335169547976 0.3171162793411232 0
5974 0.1325455745152541 0.3002321010575851 0
5975 0.5251138799416429 0.732900695351842 0
5976 0.4320792888639052 0.282850836140451 0
5977 0.7580977795066303 0.7452402530627018 0
5978 0.6574863100375615 0.2834714445745682 0
5979 0.3989562856505151 0.8630914637989262 0
5980 0.8719099807500039 0.3051996613994541 0
5981 0.8831702459044682 0.2664774338933985 0
5982 0.4603915478372716 0.688520288457248 0
5983 0.1161221483914642 0.6354369116860176 0
5984 0.9598033969211485 0.8420321357030403 0
5985 0.1655726269137348 0.7769614324204733 0
5986 0.2897810645011754 0.1034068164593781 0
5987 0.2686536932142007 0.7202629994731634 0
5988 0.05821138059942013 0.4150815773812743 0
5989 0.6641281577071562 0.4052052537349869 0
5990 0.03919014782200756 0.5236834040246375 0
5991 0.5105124409318539 0.5709260877212338 0
5992 0.535114534687838 0.7682390808149432 0
5993 0.616074604908927 0.1701793522954827 0
5994 0.2990163877293787 0.3949139311477609 0
5995 0.7448961601891234 0.4750912026947074 0
5996 0.5816548216816116 0.1935346498339945 0
5997 0.08663513183542124 0.7391507988443015 0
5998 0.0201537514515157 0.2335182158096273 0
5999 0.04946039435385079 0.7377463706120988 0
6000 0.2698149527602773 0.6828583963492567 0
6001 0.9039444109314161 0.222888078033479 0
6002 0.6640983832302121 0.1626196748995729 0
6003 0.08171135564940742 0.728862739367224 0
6004 0.8571236974192533 0.05335352199311248 0
6005 0.0559248876299162 0.2726592368727233 0
6006 0.907589351242039 0.9730812521661614 0
6007 0.9924971735044927 0.8815530037346048 0
6008 0.5139160249093726 0.37114327937119 0
6009 0.8542069458140266 0.1382175989042908 0
6010 0.1622795191996063 0.4688097099094368 0
6011 0.9253128888860214 0.4225319996894018 0
6012 0.1409057286882468 0.9153371415910316 0
6013 0.5500230451379809 0.8781019392738847 0
6014 0.07268390691155778 0.2474316556764223 0
6015 0.02120066908851916 0.5599357563261416 0
6016 0.3771626507571163 0.7616758435479561 0
6017 0.1460041365851636 0.1640535324196626 0
6018 0.3614700425675043 0.06775117153125176 0
6019 0.993789550145279 0.6388888888879366 0
6020 0.9929042915113967 0.9930555555555381 0
6021 0.6173893785890157 0.6133146507902026 0
6022 0.9929282119468621 0.006944444444431317 0
6023 0.5618510357110295 0.9143860921555969 0
6024 0.7317336671599479 0.3964641511279008 0
6025 0.3920542280614853 0.1998547568179979 0
6026 0.25759051840579 0.6384830417079712 0
6027 0.1863896013568393 0.7782285612150441 0
6028 0.1088612976401972 0.1105909208805458 0
6029 0.4690813409218738 0.1600106222855547 0
6030 0.8079691974658081 0.6833263839032475 0
6031 0.501035647898979 0.8659175581951669 0
6032 0.6605853656608224 0.7817610795291592 0
6033 0.2325772448945916 0.3132887827346985 0
6034 0.6689844190615291 0.7848985937625029 0
6035 0.6460625699624067 0.0300884856162132 0
6036 0.6280732975340978 0.3646787661961103 0
6037 0.176715678593368 0.4239588765021524 0
6038 0.4054511078932455 0.8776015414588327 0
6039 0.6438833566796299 0.5485967746607591 0
6040 0.7726929354003157 0.8946243151538833 0
6041 0.7983745783860593 0.6083116273191812 0
6042 0.7770397374818162 0.7384631709085757 0
6043 0.1261812137607566 0.3997864212862269 0
6044 0.5979266809395047 0.9675451700592261 0
6045 0.03078334952986462 0.1475698160075272 0
6046 0.3731514514209303 0.8034434104607616 0
6047 0.1421698607962385 0.4835290461882993 0
6048 0.8679510871532545 0.6577392808761665 0
6049 0.1421263429314184 0.7033981172882403 0
6050 0.8558565963183982 0.5420799544472499 0
6051 0.8603172121994901 0.2987809077718421 0
6052 0.261850730813501 0.8493202886591757 0
6053 0.1876160940039861 0.3476968171912719 0
6054 0.1394602396339891 0.1448862557261641 0
6055 0.4506131232775191 0.7067469513349015 0
6056 0.2171138469431922 0.06329978374256807 0
6057 0.1333390308071489 0.1089206134941762 0
6058 0.1959862184879006 0.3051698490968242 0
6059 0.898843167778831 0.2832801268432424 0
6060 0.1780042275298068 0.1550485166144971 0
6061 0.570097159368519 0.925093456217256 0
6062 0.5874105200518991 0.5596413794404477 0
6063 0.6497626185526025 0.1580076891583307 0
6064 0.02533261011732784 0.4941928238411354 0
6065 0.4163764967126473 0.3344559532016811 0
6066 0.2009802601287116 0.6714316744701148 0
6067 0.2187256310703336 0.9693004322542914 0
6068 0.07489140366855547 0.5114408023620446 0
6069 0.7739986051517069 0.1405469766447412 0
6070 0.9536186411526193 0.7698429218156231 0
6071 0.8183319571144322 0.4390636081017073 0
6072 0.5409369895884873 0.989727891554661 0
6073 0.05602879448150019 0.442881923606073 0
6074 0.8138599734578436 0.3639761212244002 0
6075 0.7473458720499013 0.9183089239945332 0
6076 0.9788978068668599 0.4138257585854808 0
6077 0.8812048517577126 0.9472732848488979 0
6078 0.1190147818023338 0.4527859644765816 0
6079 0.09592110891518787 0.4017168007346956 0
6080 0.09777746154344061 0.182456365780062 0
6081 0.2213741595012361 0.2939632522925671 0
6082 0.2101940693295148 0.9359356609408441 0
6083 0.8016773841220514 0.8021223136804376 0
6084 0.3110138279999917 0.341975459991731 0
6085 0.5315603842122892 0.7875527262807087 0
6086 0.4475488773436547 0.1238823797517333 0
6087 0.8663394562047326 0.5434562601155725 0
6088 0.9527794897320876 0.4626159891108748 0
6089 0.2288677406373485 0.3454503858604957 0
6090 0.4026506556311638 0.05920945620761581 0
6091 0.04543988377196904 0.1375281714029634 0
6092 0.2299795913126856 0.5208187980955616 0
6093 0.7605275851138084 0.02855238374076303 0
6094 0.07445498447992277 0.4114098313442777 0
6095 0.4096769102738352 0.5271653892227005 0
6096 0.3822486277407295 0.8242976087578432 0
6097 0.1083512516419204 0.5844766772105231 0
6098 0.7845183256327173 0.4331847616830589 0
6099 0.07007761173768079 0.2272996307774328 0
6100 0.8821310936254634 0.5187156196568773 0
6101 0.9391617147464779 0.7798105303243043 0
6102 0.2531174945748972 0.8227555590661653 0
6103 0.767265401113837 0.4237634598381231 0
6104 0.007430187675029246 0.4304214836677243 0
6105 0.5760916656664186 0.773936021277781 0
6106 0.9008505400418148 0.4045692955598445 0
6107 0.9597424847919183 0.8814415312235143 0
6108 0.5976027245245999 0.5052735033085549 0
6109 0.2758770394228243 0.4642436699393134 0
6110 0.1716859110178754 0.2438540094958056 0
6111 0.2415165026732426 0.7084572409588105 0
6112 0.4527685274248671 0.3695540208743325 0
6113 0.145598192531905 0.1068532722378848 0
6114 0.9595302935030157 0.9107870996008216 0
6115 0.4957335026552259 0.943681447920975 0
6116 0.07388382975089802 0.3407097160201431 0
6117 0.9144143167449437 0.5607389397031128 0
6118 0.8053940763015078 0.08355730570686759 0
6119 0.9478274927733591 0.7840128782422491 0
6120 0.3060951976586755 0.6177057289688282 0
6121 0.2966110432000512 0.5099134704656969 0
6122 0.1880541793559196 0.01122766707734838 0
6123 0.7790399140686476 0.5485923162946961 0
6124 0.2871515071910227 0.3797573600260679 0
6125 0.4354588682254286 0.3546548087206042 0
6126 0.03533899921861057 0.1225664536718249 0
6127 0.7460636019494615 0.3638795268194521 0
6128 0.8582348638912994 0.9903504261460978 0
6129 0.7028665943772012 0.4732362146723901 0
6130 0.3583333333324277 0.008979976280111017 0
6131 0.4267833116143617 0.07415404758872988 0
6132 0.3840670430126517 0.1251371187781861 0
6133 0.03229978669262935 0.4803733691189556 0
6134 0.04068465094245769 0.1774376553374827 0
6135 0.1169290057103025 0.5361958108981965 0
6136 0.2247045695057766 0.7377421986717676 0
6137 0.8735013720608973 0.1313126325493059 0
6138 0.3220834915560726 0.7102561150448443 0
6139 0.9428906168565876 0.7146029134421306 0
6140 0.4238695980211944 0.5304554369268208 0
6141 0.3324064554985056 0.8249372330670918 0
6142 0.6001218384360791 0.8379987776179424 0
6143 0.8045428898611807 0.4733358541501937 0
6144 0.141466339714388 0.05321334111581703 0
6145 0.4830152652417944 0.5222407247579132 0
6146 0.1286396672614432 0.6091533793701129 0
6147 0.3583333333348244 0.9910428945058074 0
6148 0.5872898557104687 0.3407640260716995 0
6149 0.9574042131195554 0.6762857327119205 0
6150 0.159035424054761 0.493986983780713 0
6151 0.1647168741578771 0.2277799017720568 0
6152 0.1582040425355967 0.1977568712544353 0
6153 0.5417059975198679 0.74902673695823 0
6154 0.6501197868730911 0.1781083597988765 0
6155 0.5186397445738699 0.8209796933760842 0
6156 0.508318820483996 0.5466114508198985 0
6157 0.961657921055439 0.3609795023311873 0
6158 0.5503077747727805 0.4158268218786892 0
6159 0.7290770454813862 0.8909991017909631 0
6160 0.4324353553024701 0.08713379171116822 0
6161 0.852313299434283 0.1029825934846929 0
6162 0.4881581158805602 0.61161462797854 0
6163 0.1260724567375493 0.8686832756695504 0
6164 0.635405660276761 0.7835887006416649 0
6165 0.5007830398743411 0.05700458953022931 0
6166 0.9087177146962701 0.9130660744392709 0
6167 0.5033164400634347 0.9236846752617187 0
6168 0.1783669636474373 0.4743056507155882 0
6169 0.006756924871972466 0.5817703608630965 0
6170 0.1946994812158507 0.02958545234869379 0
6171 0.9283049462820756 0.7051147274658283 0
6172 0.5721724239359578 0.5270236473893326 0
6173 0.4787348237880625 0.1673041436866434 0
6174 0.9439760818689964 0.2284940558595335 0
6175 0.07446668519968394 0.7754409128904292 0
6176 0.5463175451477048 0.1381430975747683 0
6177 0.2113421020327173 0.4023558078879478 0
6178 0.9157858034966759 0.7154165319725263 0
6179 0.1370979111061326 0.7385395955810994 0
6180 0.6188756361735681 0.2330598044546048 0
6181 0.9563578189019435 0.5034251323106653 0
6182 0.611842531610221 0.5073964129655968 0
6183 0.4658163362900745 0.8756927545330093 0
6184 0.9646309693030048 0.3540305146539494 0
6185 0.2386748584254521 0.1296262139332023 0
6186 0.1097534920320161 0.990214730021489 0
6187 0.4697126824130541 0.04545161518220399 0
6188 0.8592678515834656 0.2191162968939044 0
6189 0.1743140434935087 0.5779455500486576 0
6190 0.7438228462772596 0.04509989447713948 0
6191 0.6409360195009683 0.9904961165268104 0
6192 0.8185618879098162 0.6124485959424439 0
6193 0.6824493468343393 0.3821119618188573 0
6194 0.05813432756003449 0.6630331575001592 0
6195 0.9241345582374714 0.4111787375162439 0
6196 0.8335054243210844 0.1243661765225096 0
6197 0.334674401169524 0.8382405643404685 0
6198 0.8667665609556211 0.8969751441951164 0
6199 0.4565956307438304 0.3552090387923608 0
6200 0.5419367321527733 0.6194195496385513 0
6201 0.9153407450007427 0.9546224187380665 0
6202 0.3676672022399134 0.8391821337296069 0
6203 0.1702114974360682 0.7197489784547439 0
6204 0.8731032544386363 0.7752858121435324 0
6205 0.5216797846590647 0.2403701645729799 0
6206 0.3625082903659754 0.6593550079270815 0
6207 0.8904525962580397 0.009597179009652972 0
6208 0.41371406037313 0.0756624975057307 0
6209 0.8394078602476128 0.3835390697714681 0
6210 0.9693283991582267 0.3770425837887028 0
6211 0.7354811832020995 0.8244336083490168 0
6212 0.2818154833874389 0.5538215454739646 0
6213 0.3400486531446059 0.2244395014695555 0
6214 0.1972051361890915 0.8153801824374853 0
6215 0.5827757104031179 0.9522741470566595 0
6216 0.9106409453770405 0.0489465304062147 0
6217 0.8679409448391544 0.9701851987105738 0
6218 0.8239370457388757 0.2364288844557436 0
6219 0.4485463803411499 0.2140302392781502 0
6220 0.8029360332782876 0.1847444300562895 0
6221 0.6510521394157225 0.8430194113687067 0
6222 0.6452051513167197 0.3214461815878413 0
6223 0.1364635851498857 0.6759745519042493 0
6224 0.7436778213994361 0.5779401382815582 0
6225 0.03832003064674342 0.742685748786361 0
6226 0.2894593125814741 0.880463160259751 0
6227 0.08928973724511839 0.95088705095667 0
6228 0.1174749946475507 0.7965273066858263 0
6229 0.1902727876314873 0.7210051585981663 0
6230 0.7134254625400479 0.6989403938875958 0
6231 0.88254828629918 0.2041575851994948 0
6232 0.5913069980902786 0.5167080880230646 0
6233 0.1313887554586076 0.277495693214564 0
6234 0.08908082116241006 0.04875976227537419 0
6235 0.9818509434175644 0.1251659923402182 0
6236 0.2447039094042467 0.638020220700766 0
6237 0.01814888299824348 0.8748339363612289 0
6238 0.07917156410431103 0.6547461321911582 0
6239 0.8397785153077086 0.4774491820196481 0
6240 0.05432975880899731 0.4613846775521473 0
6241 0.8987447906697233 0.5144139213356932 0
6242 0.1979841224994326 0.3504144635220892 0
6243 0.739756020742048 0.6522870443108757 0
6244 0.2981114139690827 0.9190233661955378 0
6245 0.2761199187020922 0.5113203505218029 0
6246 0.1147379165053237 0.8064549072982899 0
6247 0.2407406772409888 0.1831194399990179 0
6248 0.6018523518888597 0.914743936556187 0
6249 0.03985026361487194 0.5064439556587905 0
6250 0.7737239373968251 0.2647007005817597 0
6251 0.9618387686804815 0.4827271760687613 0
6252 0.961332250587022 0.7424713015182154 0
6253 0.8852509164014802 0.1934149258605825 0
6254 0.4212412044144001 0.4661298334644851 0
6255 0.2945961059778284 0.6034420380325729 0
6256 0.5633081947599621 0.7175641672294364 0
6257 0.3296494455273519 0.9884747015879449 0
6258 0.9598735082685523 0.08880922238150947 0
6259 0.1896171011072078 0.6231958685396908 0
6260 0.03658428393944639 0.6058516091520806 0
6261 0.7782321927911188 0.254634966583246 0
6262 0.8774138906325383 0.2226874849827975 0
6263 0.04012568723885613 0.9111900726990689 0
6264 0.8230817754373747 0.4678349139326468 0
6265 0.9493463362729234 0.6119907976520896 0
6266 0.5621227393698429 0.2460250478561081 0
6267 0.4127993367386886 0.5484720773476546 0
6268 0.2509614421336592 0.09948429470743639 0
6269 0.6433872350437524 0.9079026412143955 0
6270 0.05536863808644148 0.340980411062251 0
6271 0.7655518580063638 0.7611279213538394 0
6272 0.2464127607840478 0.5617669714157315 0
6273 0.8457114204135028 0.8141360861338411 0
6274 0.4378885180409183 0.1291683780839284 0
6275 0.1663812203230628 0.4263464643214403 0
6276 0.9111504044623725 0.1039956641953722 0
6277 0.3046375464652895 0.04596616888806254 0
6278 0.7054688734072253 0.7890499717002011 0
6279 0.2755470050972498 0.3943863835023463 0
6280 0.3714742631557704 0.343336032859294 0
6281 0.3692073210797799 0.1360167822881833 0
6282 0.9920583694581655 0.453029513783312 0
6283 0.9150862347012857 0.6026243805921176 0
6284 0.1584434660651324 0.1546853405357246 0
6285 0.5129037557912536 0.5155942994306542 0
6286 0.2795248988569679 0.1902652957632415 0
6287 0.52938851656091 0.6366264591086972 0
6288 0.6394961542988518 0.01051511813012182 0
6289 0.4629187467007596 0.06480064696616473 0
6290 0.6034936600309022 0.801122664706168 0
6291 0.232499722393852 0.1652850899372829 0
6292 0.6782308809789936 0.5478894341797669 0
6293 0.2613369197990452 0.1371192087389764 0
6294 0.5188500589255157 0.3979320145903307 0
6295 0.5943855830890452 0.2568698174996679 0
6296 0.08322118294817742 0.5641247835729966 0
6297 0.8753470276148099 0.8355214530496344 0
6298 0.6373940843039622 0.4276463500933058 0
6299 0.090021156018413 0.8969036433882087 0
6300 0.121765762408645 0.7770513889180974 0
6301 0.3335821249945653 0.633213904381042 0
6302 0.1759561818023642 0.7284712217890585 0
6303 0.1280758352464355 0.8568149548378461 0
6304 0.5062249958529936 0.5938490361431393 0
6305 0.08899142703564547 0.1022300573446049 0
6306 0.133361742603561 0.7181801293519148 0
6307 0.3074370793804861 0.1165473793137096 0
6308 0.6193301563278022 0.598882934523426 0
6309 0.5698865258631456 0.8889021613760377 0
6310 0.8970227996503058 0.8100361632194391 0
6311 0.5282113291465584 0.4710987929746839 0
6312 0.2331687482108243 0.4245912955416953 0
6313 0.758974155756177 0.6046637132118013 0
6314 0.5071502403310972 0.2775581684457423 0
6315 0.2194902830884515 0.0291261076303971 0
6316 0.942083116042957 0.1842468728253456 0
6317 0.1006429824099099 0.5771987566587873 0
6318 0.2241250304885494 0.7499694188034914 0
6319 0.4385364370343338 0.6653123031136663 0
6320 0.7430854638768238 0.4553599609696209 0
6321 0.06896720231308334 0.4294583313036053 0
6322 0.6978512082530787 0.1486555089500485 0
6323 0.1115446938175854 0.7613791363953342 0
6324 0.5299844991879543 0.2309580210756432 0
6325 0.921917496314822 0.4905844706867115 0
6326 0.7971346122928339 0.0529903685849815 0
6327 0.8335570994797712 0.2001379015058752 0
6328 0.3477007201999145 0.841893226081134 0
6329 0.7023078162449876 0.5587253007056193 0
6330 0.125407461961725 0.009961452673081485 0
6331 0.8718091437150145 0.143311332019463 0
6332 0.2435883076068597 0.3194139781133432 0
6333 0.00703101925762823 0.240279650248224 0
6334 0.7472299950179109 0.1055890374793882 0
6335 0.8269441794535886 0.3469245287196665 0
6336 0.2533319020640991 0.9570970193014459 0
6337 0.2917798801770424 0.5463042774168165 0
6338 0.4943744843293885 0.7939236389007239 0
6339 0.7833994837486555 0.4951639062824741 0
6340 0.4432259043203553 0.5219213844546144 0
6341 0.9797060030089642 0.4804079383613612 0
6342 0.2438309335424497 0.382492486828124 0
6343 0.05827776523266433 0.8157431750867472 0
6344 0.9650850628122833 0.6903277462152033 0
6345 0.5353539500478304 0.5316221612487745 0
6346 0.270179565096589 0.1729323861264964 0
6347 0.0077522350954033 0.6468701616206484 0
6348 0.1597635035584264 0.01006652398923922 0
6349 0.372414859360558 0.5253663724521411 0
6350 0.8074386227850449 0.7174428424152741 0
6351 0.06589740933984671 0.2736409692986196 0
6352 0.8307400270611924 0.5536846634092382 0
6353 0.5275810334953308 0.9554792176981095 0
6354 0.3334822503994202 0.5279120426806621 0
6355 0.9038500445259028 0.2422725649941354 0
6356 0.576577786575341 0.6686867482290826 0
6357 0.5005358898808727 0.6534118209414279 0
6358 0.7428675144384181 0.7247167162837936 0
6359 0.05229359761763776 0.02831363114388279 0
6360 0.9732941803643851 0.7520731216956501 0
6361 0.1217968973421963 0.7071934033794889 0
6362 0.7778937983912028 0.3756494841830427 0
6363 0.9576006017717592 0.3863213142576541 0
6364 0.6994204193933529 0.08181132418234091 0
6365 0.3156736515284667 0.169058890678608 0
6366 0.9050684013563894 0.6055759918568443 0
6367 0.587324904646961 0.6488654061295369 0
6368 0.06178072173085173 0.2061163971443461 0
6369 0.5329569358886314 0.5672978574522204 0
6370 0.9473811386015658 0.0279986235634176 0
6371 0.8081114628079591 0.3825151723214088 0
6372 0.2127868700900843 0.8189488543087478 0
6373 0.1266623790928249 0.3822360067342888 0
6374 0.5591229427085407 0.7289326012800244 0
6375 0.05261163079219165 0.9720058285137536 0
6376 0.8996818915288676 0.2050502382717814 0
6377 0.6756806281427192 0.2542015969561471 0
6378 0.1720339630700097 0.74794872932996 0
6379 0.2287941253732041 0.2189948364505327 0
6380 0.1456360585284446 0.1259488580306891 0
6381 0.8306537967745463 0.6861461734025635 0
6382 0.2392407384267435 0.0104258545279712 0
6383 0.4888666811655914 0.3771991079224213 0
6384 0.5310723074918609 0.9351556971520933 0
6385 0.8485728413783548 0.08993626206819966 0
6386 0.2409577816288566 0.7446928052391808 0
6387 0.4955633188478777 0.2710700195052115 0
6388 0.5846610139073629 0.2140573755508378 0
6389 0.7396008400514749 0.06468289345716156 0
6390 0.8248131653238728 0.7264731983222343 0
6391 0.7172607766899195 0.8711754539840211 0
6392 0.3047296399694597 0.3762445612210004 0
6393 0.927925160695056 0.02364861563382072 0
6394 0.4767651431846114 0.4324698432513066 0
6395 0.5637044743713808 0.1800787528154114 0
6396 0.08055772034905216 0.4727115921513277 0
6397 0.5298475859754704 0.01078356110008094 0
6398 0.2211456412837315 0.5309009402973321 0
6399 0.308123149179367 0.7923652274634017 0
6400 0.9267093148403904 0.6887732708348011 0
6401 0.4664785951396242 0.2440225728516952 0
6402 0.2507914832935167 0.8958031364285207 0
6403 0.1666897366921122 0.6548838818781237 0
6404 0.3449694524589757 0.1148494399794327 0
6405 0.3241819784930027 0.4387563293695271 0
6406 0.347884077984238 0.1996171863110617 0
6407 0.1923685129637103 0.5741589270367505 0
6408 0.9931780623966235 0.1711580500634046 0
6409 0.6127264442809049 0.521510198427938 0
6410 0.6283625086191518 0.1619977365459079 0
6411 0.006821268528167094 0.8288428205159327 0
6412 0.9940309754159273 0.9277777777775856 0
6413 0.01888647081313974 0.3459361739429553 0
6414 0.778538064851622 0.5399932074123075 0
6415 0.9382556006833291 0.8169595389700419 0
6416 0.2287514729625165 0.2555252258445822 0
6417 0.7090052173480323 0.578914882372924 0
6418 0.6250047047344133 0.5611813708513333 0
6419 0.7109798011337926 0.9202999800089883 0
6420 0.07206247658170216 0.9762681755551279 0
6421 0.6079277016599123 0.2870779690425214 0
6422 0.8878113701641598 0.2374718987046606 0
6423 0.7892298122154952 0.1801835475775926 0
6424 0.1614267493430906 0.4365601765974588 0
6425 0.6372766556114047 0.2641513067902235 0
6426 0.9434595398746231 0.3673374362086401 0
6427 0.3609870989796142 0.7714695705509708 0
6428 0.8117485757569239 0.5553834070485751 0
6429 0.3889438257340642 0.3643368088247972 0
6430 0.06751960980615737 0.5419708011550433 0
6431 0.4114619696015968 0.7187342720340473 0
6432 0.7659737768389236 0.9712190952587916 0
6433 0.1763798822984645 0.8195011956139588 0
6434 0.4979240012506823 0.6853133398463213 0
6435 0.1200272329059189 0.5538746884551125 0
6436 0.2321623352034913 0.1973490226702317 0
6437 0.2092338041950916 0.1813196597734536 0
6438 0.9664753921602266 0.4560732633716834 0
6439 0.8190741359547369 0.3288384216222507 0
6440 0.5174878556833723 0.937594988252246 0
6441 0.3186085908221891 0.1930875542465203 0
6442 0.2340291980413354 0.5556982515228693 0
6443 0.1003204845079355 0.7945366182157179 0
6444 0.9416055588756986 0.5910934862662567 0
6445 0.9251396085722101 0.713758865455811 0
6446 0.4373284386776991 0.3839035714545835 0
6447 0.04515887606327827 0.4895474289663833 0
6448 0.9465070869006887 0.9729613813633233 0
6449 0.4841639223748067 0.02369559992313783 0
6450 0.9553730205055002 0.1406233075779301 0
6451 0.2642535867006922 0.819306075028481 0
6452 0.9663026109164767 0.611336705065965 0
6453 0.4975690193570348 0.8096648344363937 0
6454 0.5834750787317589 0.2885203328722387 0
6455 0.2154565711205595 0.603155722013283 0
6456 0.04989379144330953 0.3880179871782172 0
6457 0.6942310842750755 0.6287071039894461 0
6458 0.76030968393694 0.9126641748933837 0
6459 0.04460880740664995 0.8594226968569336 0
6460 0.8133677634564535 0.2411203388888326 0
6461 0.6139882286398071 0.7533704293545007 0
6462 0.6197812923225589 0.9015716758104224 0
6463 0.06708495887993007 0.6389020740713256 0
6464 0.005933402554177595 0.07222222222252279 0
6465 0.9800614983251569 0.6314729001395907 0
6466 0.3129107443689543 0.450993631653286 0
6467 0.515065300805305 0.2695625821278897 0
6468 0.4586925519828375 0.00961206023878175 0
6469 0.4374263697952743 0.2712648582854363 0
6470 0.455859827826296 0.3895887752714274 0
6471 0.3091225681740907 0.2412151709658401 0
6472 0.8235805653360972 0.1802887936343697 0
6473 0.4928932895166988 0.7236882041270349 0
6474 0.9014491794683074 0.8231128812891506 0
6475 0.07106673973043603 0.1733390356136068 0
6476 0.6619505486407532 0.9891139706562084 0
6477 0.3573589185835793 0.2588915136776389 0
6478 0.5234016893740291 0.6050098036917361 0
6479 0.9361890518872087 0.5989973104860872 0
6480 0.6877776886679511 0.7991458585504725 0
6481 0.8027859714615666 0.2084705796103751 0
6482 0.785305193115895 0.3936447246923282 0
6483 0.1515061644932473 0.4359862150313087 0
6484 0.6970666936422514 0.8615469923528768 0
6485 0.8337433045254223 0.2763504609959845 0
6486 0.4456951993846935 0.8372368756623256 0
6487 0.7771218294528054 0.1842848167514789 0
6488 0.2348404095368325 0.3524739118665535 0
6489 0.7163569293424414 0.07668332623892404 0
6490 0.8234437012708362 0.5960547309514234 0
6491 0.926840152813758 0.09222342928768627 0
6492 0.3840312878729428 0.7417665559513086 0
6493 0.5408323374195494 0.8992239798888702 0
6494 0.4700051539402477 0.6454065898251899 0
6495 0.7319338352535631 0.5381008046178272 0
6496 0.6087262141735101 0.4540130211510716 0
6497 0.8192221660001686 0.7051351720939109 0
6498 0.07169202187050688 0.02338424098995307 0
6499 0.7352452359898367 0.2433949262831641 0
6500 0.006059326941850074 0.03888888888905074 0
6501 0.4304314504961115 0.5037998016806398 0
6502 0.09622709171672235 0.144408006488714 0
6503 0.055386665630356 0.08343803588044674 0
6504 0.07315426713981117 0.9077714782286689 0
6505 0.2370972884419764 0.2360428029288074 0
6506 0.3721823372074762 0.6925573407462144 0
6507 0.735911722003051 0.9109182028823024 0
6508 0.3981593131399064 0.436794404713448 0
6509 0.8579066323130398 0.008396304686490783 0
6510 0.6141030173406903 0.4732737720402787 0
6511 0.1055913893325725 0.1998212169811726 0
6512 0.6840918430298455 0.04721631952799753 0
6513 0.742246899386688 0.4453697479555282 0
6514 0.2555710429571562 0.06625128326553653 0
6515 0.1209554401618751 0.7606457850661401 0
6516 0.9797610903541849 0.7065656677531957 0
6517 0.5774418489369983 0.1822851348774289 0
6518 0.5139777334210489 0.074528296654731 0
6519 0.8862845759503835 0.8357011798147626 0
6520 0.2221803238026701 0.1863639344941728 0
6521 0.4709696907046191 0.5024642091558249 0
6522 0.9309064507994557 0.4984428906917111 0
6523 0.4079316359931165 0.02482041681802188 0
6524 0.8389297536751453 0.4051699315107519 0
6525 0.9101664982361271 0.4881902965875473 0
6526 0.6296168329173844 0.3832859003200502 0
6527 0.5966629757529436 0.3025582872008068 0
6528 0.5474383017024033 0.7273883661466107 0
6529 0.2303346315436097 0.3347194183656135 0
6530 0.8643178979625008 0.5689420423891105 0
6531 0.005745598014466075 0.6277777777789706 0
6532 0.2449837719351925 0.6807080674850935 0
6533 0.5496598851456478 0.4498749368567845 0
6534 0.3030079362863873 0.5517271420503608 0
6535 0.1190404650484436 0.1855705296625384 0
6536 0.6270716552750436 0.914532179870604 0
6537 0.006663604098394166 0.3611490600105484 0
6538 0.8690405686185328 0.5531299437573642 0
6539 0.2328260122493759 0.8309661769012646 0
6540 0.251882094798366 0.1638034170911888 0
6541 0.1411518330370783 0.7235005570564416 0
6542 0.4654079843915 0.3956676766325515 0
6543 0.3915591366251778 0.03048504364246988 0
6544 0.1592645478580833 0.2824331288173012 0
6545 0.9365940778463777 0.4863862893462192 0
6546 0.06660365800545613 0.1843201930710975 0
6547 0.4550507280605399 0.2798345224195722 0
6548 0.9801470255401741 0.4642262672311594 0
6549 0.8870561362121351 0.8125560664834728 0
6550 0.2149940604530828 0.1557474498723057 0
6551 0.6295859957508879 0.102707497751879 0
6552 0.6558528701255958 0.6929850989010733 0
6553 0.9259070333382642 0.6005926201119902 0
6554 0.6183920464683559 0.4193815174478611 0
6555 0.811317879956424 0.6207811867857602 0
6556 0.313774787652314 0.9532564940198462 0
6557 0.2079151882354953 0.008648233423234696 0
6558 0.2770636627064308 0.3541098188097935 0
6559 0.9478460606387987 0.8301095122710681 0
6560 0.1122872800477916 0.2802543740760426 0
6561 0.1367572590632623 0.2384404093929275 0
6562 0.3598750992835636 0.4075852861002349 0
6563 0.9939823502960583 0.9611111111110088 0
6564 0.9848373948999858 0.5666688491117221 0
6565 0.141284534927555 0.1843024116058809 0
6566 0.962795565795151 0.2475226956557122 0
6567 0.7304865585477374 0.7896178138166419 0
6568 0.2244771172502049 0.6805525649120083 0
6569 0.2568881047828648 0.9357879899214735 0
6570 0.8897875218850425 0.2821573395248825 0
6571 0.03881492913692336 0.4668112989479188 0
6572 0.3421684405650565 0.7213193711356274 0
6573 0.7743732282578034 0.04940345393464779 0
6574 0.9939896495180806 0.03888888888881276 0
6575 0.006010486384058475 0.9611111111109483 0
6576 0.8149913603129106 0.03547515024737158 0
6577 0.1478395694834728 0.137286172852409 0
6578 0.04106803974556447 0.09050743988122917 0
6579 0.1607140452953197 0.9894760203222224 0
6580 0.7652251102865293 0.7078172846292671 0
6581 0.5027439113829746 0.7309736733758418 0
6582 0.3770576317885164 0.7810249466711937 0
6583 0.9520255985900995 0.3800963339237963 0
6584 0.1166563137397385 0.4120710086176293 0
6585 0.2024801170148853 0.5752977445800898 0
6586 0.4802650316951659 0.9276321305787436 0
6587 0.3151304425101464 0.3253202676021391 0
6588 0.7454695980175098 0.23624050420338 0
6589 0.8771328155889389 0.784880453534377 0
6590 0.3885078114139143 0.3162571013333524 0
6591 0.0449252963797835 0.2993240564204471 0
6592 0.9941690693739847 0.0722222222220792 0
6593 0.03529513547805168 0.1049769089936066 0
6594 0.005830998633204238 0.9277777777774762 0
6595 0.8607564861398916 0.5590307366645737 0
6596 0.8438937983828501 0.2915976691971947 0
6597 0.5980870916083667 0.2673977013209826 0
6598 0.1241582767212713 0.1947887620647534 0
6599 0.9943519334548176 0.150010182233615 0
6600 0.8569761079002338 0.8921721453022845 0
6601 0.3865263331685191 0.5751732234753411 0
6602 0.005648050357938462 0.8499897880626186 0
6603 0.1649526687743868 0.8930278558698322 0
6604 0.2137779243394681 0.6526650519926132 0
6605 0.05653253752558797 0.3084513291770059 0
6606 0.607993094718336 0.4150260076023358 0
6607 0.8055317782477667 0.7510025443326702 0
6608 0.839222604129342 0.5830139689901325 0
6609 0.9852040217208955 0.6789300241725118 0
6610 0.2352827509991962 0.7206242960214762 0
6611 0.6913005693965316 0.169499652768591 0
6612 0.05475871989518957 0.7693527389712337 0
6613 0.9922485101493701 0.5425371996168386 0
6614 0.5913102852931112 0.9760444625354259 0
6615 0.9025358317344609 0.6282537255710001 0
6616 0.6200613289451111 0.344891002321076 0
6617 0.007861509959180472 0.4541806782542602 0
6618 0.1856613722177234 0.6599617693658866 0
6619 0.3597302794044403 0.03288457713255393 0
6620 0.8202870428345236 0.7917465849498905 0
6621 0.7763345668829532 0.6915589295210367 0
6622 0.311511883935223 0.5718855786618972 0
6623 0.8389423207966956 0.01023082216459616 0
6624 0.8160761046302362 0.8561754546551568 0
6625 0.8273145161382869 0.7551729004079331 0
6626 0.1569003491409112 0.5668753923880006 0
6627 0.6195436898968345 0.4381613680586003 0
6628 0.251294237194273 0.3648123481862732 0
6629 0.433014461998058 0.5870675147204097 0
6630 0.4731013048183887 0.950587685174243 0
6631 0.92968202411322 0.7413182165593316 0
6632 0.6129442506717708 0.8874797090678892 0
6633 0.1869387893460216 0.2913257307309018 0
6634 0.2513946987690912 0.210876824534957 0
6635 0.1103878195914122 0.2633946776772064 0
6636 0.4672910562811695 0.6101974530583176 0
6637 0.8424600076237113 0.3497330730647594 0
6638 0.8973647561504609 0.9673787816285092 0
6639 0.6949841378610286 0.3869183906250205 0
6640 0.5662385976498586 0.8434552767613817 0
6641 0.8822869147439512 0.4840397617525239 0
6642 0.5807994389533593 0.6341024027252794 0
6643 0.4474703620198319 0.4083406484997567 0
6644 0.5482540829723844 0.9216846418332321 0
6645 0.4280916003902016 0.7031767451307402 0
6646 0.4853498122362487 0.6670941432292049 0
6647 0.01690991169531948 0.3307289485531201 0
6648 0.2815522775103143 0.4861174695307403 0
6649 0.4827408121478497 0.4637502275395277 0
6650 0.1517502626513004 0.6301571423781952 0
6651 0.9816049722554296 0.4530870096580371 0
6652 0.09901571880073196 0.904400277808055 0
6653 0.5618062070470201 0.9610420116952132 0
6654 0.6727625133339845 0.6327891287685056 0
6655 0.9442067323085355 0.08295801908154268 0
6656 0.7983507508468721 0.3529930003025353 0
6657 0.945239675510347 0.5750126215015408 0
6658 0.6720375416029828 0.8416325626690087 0
6659 0.2670194104576675 0.4461625031118517 0
6660 0.05579284182610702 0.9170413075425627 0
6661 0.8784505486266362 0.4764766919562364 0
6662 0.8628775317372768 0.6227596998894164 0
6663 0.4839819321389642 0.4054397747348136 0
6664 0.4594512580003094 0.8060188871795689 0
6665 0.6253357362366061 0.646512124842377 0
6666 0.285967524042205 0.1986140544584628 0
6667 0.3767966555326756 0.7027463923662846 0
6668 0.9939874905635091 0.283412405694393 0
6669 0.005638944253907459 0.672222222223109 0
6670 0.366799082780334 0.8977345964892248 0
6671 0.9782886852875409 0.3017354445913427 0
6672 0.6307814613194912 0.6654024121427572 0
6673 0.005637463828608798 0.6944444444451764 0
6674 0.7810446049658528 0.1624448525212786 0
6675 0.06873054562411109 0.5269382244737664 0
6676 0.5601521346502265 0.1696999924797192 0
6677 0.8471587408754764 0.62805300474623 0
6678 0.005634336811312608 0.7166666666672413 0
6679 0.06682467090614287 0.830105491374314 0
6680 0.2454343566260258 0.4408249438389108 0
6681 0.927859756747542 0.9771163760775358 0
6682 0.4279553888711749 0.6810296972897815 0
6683 0.7059185654013793 0.6185229976395635 0
6684 0.9800000887667453 0.6641795875422807 0
$EndNodes
$Elements
13370
1 15 2 0 103 1
2 15 2 0 104 2
3 15 2 0 105 3
4 15 2 0 106 4
5 1 2 0 3 1 5
6 1 2 0 3 5 6
7 1 2 0 3 6 7
8 1 2 0 3 7 8
9 1 2 0 3 8 9
10 1 2 0 3 9 10
11 1 2 0 3 10 11
12 1 2 0 3 11 12
13 1 2 0 3 12 13
14 1 2 0 3 13 14
15 1 2 0 3 14 15
16 1 2 0 3 15 16
17 1 2 0 3 16 17
18 1 2 0 3 17 18
19 1 2 0 3 18 19
20 1 2 0 3 19 20
21 1 2 0 3 20 21
22 1 2 0 3 21 22
23 1 2 0 3 22 23
24 1 2 0 3 23 24
25 1 2 0 3 24 25
26 1 2 0 3 25 26
27 1 2 0 3 26 27
28 1 2 0 3 27 28
29 1 2 0 3 28 29
30 1 2 0 3 29 30
31 1 2 0 3 30 31
32 1 2 0 3 31 32
33 1 2 0 3 32 33
34 1 2 0 3 33 34
35 1 2 0 3 34 35
36 1 2 0 3 35 36
37 1 2 0 3 36 37
38 1 2 0 3 37 38
39 1 2 0 3 38 39
40 1 2 0 3 39 40
41 1 2 0 3 40 41
42 1 2 0 3 41 42
43 1 2 0 3 42 43
44 1 2 0 3 43 44
45 1 2 0 3 44 45
46 1 2 0 3 45 46
47 1 2 0 3 46 47
48 1 2 0 3 47 48
49 1 2 0 3 48 49
50 1 2 0 3 49 50
51 1 2 0 3 50 51
52 1 2 0 3 51 52
53 1 2 0 3 52 53
54 1 2 0 3 53 54
55 1 2 0 3 54 55
56 1 2 0 3 55 56
57 1 2 0 3 56 57
58 1 2 0 3 57 58
59 1 2 0 3 58 59
60 1 2 0 3 59 60
61 1 2 0 3 60 61
62 1 2 0 3 61 62
63 1 2 0 3 62 63
64 1 2 0 3 63 2
65 1 2 0 4 2 64
66 1 2 0 4 64 65
67 1 2 0 4 65 66
68 1 2 0 4 66 67
69 1 2 0 4 67 68
70 1 2 0 4 68 69
71 1 2 0 4 69 70
72 1 2 0 4 70 71
73 1 2 0 4 71 72
74 1 2 0 4 72 73
75 1 2 0 4 73 74
76 1 2 0 4 74 75
77 1 2 0 4 75 76
78 1 2 0 4 76 77
79 1 2 0 4 77 78
80 1 2 0 4 78 79
81 1 2 0 4 79 80
82 1 2 0 4 80 81
83 1 2 0 4 81 82
84 1 2 0 4 82 83
85 1 2 0 4 83 84
86 1 2 0 4 84 85
87 1 2 0 4 85 86
88 1 2 0 4 86 87
89 1 2 0 4 87 88
90 1 2 0 4 88 89
91 1 2 0 4 89 90
92 1 2 0 4 90 91
93 1 2 0 4 91 92
94 1 2 0 4 92 93
95 1 2 0 4 93 94
96 1 2 0 4 94 95
97 1 2 0 4 95 96
98 1 2 0 4 96 97
99 1 2 0 4 97 98
100 1 2 0 4 98 99
101 1 2 0 4 99 100
102 1 2 0 4 100 101
103 1 2 0 4 101 102
104 1 2 0 4 102 103
105 1 2 0 4 103 104
106 1 2 0 4 104 105
107 1 2 0 4 105 106
108 1 2 0 4 106 107
109 1 2 0 4 107 108
110 1 2 0 4 108 109
111 1 2 0 4 109 110
112 1 2 0 4 110 111
113 1 2 0 4 111 112
114 1 2 0 4 112 113
115 1 2 0 4 113 114
116 1 2 0 4 114 115
117 1 2 0 4 115 116
118 1 2 0 4 116 117
119 1 2 0 4 117 118
120 1 2 0 4 118 119
121 1 2 0 4 119 120
122 1 2 0 4 120 121
123 1 2 0 4 121 122
124 1 2 0 4 122 123
125 1 2 0 4 123 124
126 1 2 0 4 124 125
127 1 2 0 4 125 126
128 1 2 0 4 126 127
129 1 2 0 4 127 128
130 1 2 0 4 128 129
131 1 2 0 4 129 130
132 1 2 0 4 130 131
133 1 2 0 4 131 132
134 1 2 0 4 132 133
135 1 2 0 4 133 134
136 1 2 0 4 134 135
137 1 2 0 4 135 136
138 1 2 0 4 136 137
139 1 2 0 4 137 138
140 1 2 0 4 138 139
141 1 2 0 4 139 140
142 1 2 0 4 140 141
143 1 2 0 4 141 142
144 1 2 0 4 142 143
145 1 2 0 4 143 144
146 1 2 0 4 144 145
147 1 2 0 4 145 146
148 1 2 0 4 146 147
149 1 2 0 4 147 148
150 1 2 0 4 148 149
151 1 2 0 4 149 150
152 1 2 0 4 150 151
153 1 2 0 4 151 152
154 1 2 0 4 152 3
155 1 2 0 5 3 153
156 1 2 0 5 153 154
157 1 2 0 5 154 155
158 1 2 0 5 155 156
159 1 2 0 5 156 157
160 1 2 0 5 157 158
161 1 2 0 5 158 159
162 1 2 0 5 159 160
163 1 2 0 5 160 161
164 1 2 0 5 161 162
165 1 2 0 5 162 163
166 1 2 0 5 163 164
167 1 2 0 5 164 165
168 1 2 0 5 165 166
169 1 2 0 5 166 167
170 1 2 0 5 167 168
171 1 2 0 5 168 169
172 1 2 0 5 169 170
173 1 2 0 5 170 171
174 1 2 0 5 171 172
175 1 2 0 5 172 173
176 1 2 0 5 173 174
177 1 2 0 5 174 175
178 1 2 0 5 175 176
179 1 2 0 5 176 177
180 1 2 0 5 177 178
181 1 2 0 5 178 179
182 1 2 0 5 179 180
183 1 2 0 5 180 181
184 1 2 0 5 181 182
185 1 2 0 5 182 183
186 1 2 0 5 183 184
187 1 2 0 5 184 185
188 1 2 0 5 185 186
189 1 2 0 5 186 187
190 1 2 0 5 187 188
191 1 2 0 5 188 189
192 1 2 0 5 189 190
193 1 2 0 5 190 191
194 1 2 0 5 191 192
195 1 2 0 5 192 193
196 1 2 0 5 193 194
197 1 2 0 5 194 195
198 1 2 0 5 195 196
199 1 2 0 5 196 197
200 1 2 0 5 197 198
201 1 2 0 5 198 199
202 1 2 0 5 199 200
203 1 2 0 5 200 201
204 1 2 0 5 201 202
205 1 2 0 5 202 203
206 1 2 0 5 203 204
207 1 2 0 5 204 205
208 1 2 0 5 205 206
209 1 2 0 5 206 207
210 1 2 0 5 207 208
211 1 2 0 5 208 209
212 1 2 0 5 209 210
213 1 2 0 5 210 211
214 1 2 0 5 211 4
215 1 2 0 6 4 212
216 1 2 0 6 212 213
217 1 2 0 6 213 214
218 1 2 0 6 214 215
219 1 2 0 6 215 216
220 1 2 0 6 216 217
221 1 2 0 6 217 218
222 1 2 0 6 218 219
223 1 2 0 6 219 220
224 1 2 0 6 220 221
225 1 2 0 6 221 222
226 1 2 0 6 222 223
227 1 2 0 6 223 224
228 1 2 0 6 224 225
229 1 2 0 6 225 226
230 1 2 0 6 226 227
231 1 2 0 6 227 228
232 1 2 0 6 228 229
233 1 2 0 6 229 230
234 1 2 0 6 230 231
235 1 2 0 6 231 232
236 1 2 0 6 232 233
237 1 2 0 6 233 234
238 1 2 0 6 234 235
239 1 2 0 6 235 236
240 1 2 0 6 236 237
241 1 2 0 6 237 238
242 1 2 0 6 238 239
243 1 2 0 6 239 240
244 1 2 0 6 240 241
245 1 2 0 6 241 242
246 1 2 0 6 242 243
247 1 2 0 6 243 244
248 1 2 0 6 244 245
249 1 2 0 6 245 246
250 1 2 0 6 246 247
251 1 2 0 6 247 248
252 1 2 0 6 248 249
253 1 2 0 6 249 250
254 1 2 0 6 250 251
255 1 2 0 6 251 252
256 1 2 0 6 252 253
257 1 2 0 6 253 254
258 1 2 0 6 254 255
259 1 2 0 6 255 256
260 1 2 0 6 256 257
261 1 2 0 6 257 258
262 1 2 0 6 258 259
263 1 2 0 6 259 260
264 1 2 0 6 260 261
265 1 2 0 6 261 262
266 1 2 0 6 262 263
267 1 2 0 6 263 264
268 1 2 0 6 264 265
269 1 2 0 6 265 266
270 1 2 0 6 266 267
271 1 2 0 6 267 268
272 1 2 0 6 268 269
273 1 2 0 6 269 270
274 1 2 0 6 270 271
275 1 2 0 6 271 272
276 1 2 0 6 272 273
277 1 2 0 6 273 274
278 1 2 0 6 274 275
279 1 2 0 6 275 276
280 1 2 0 6 276 277
281 1 2 0 6 277 278
282 1 2 0 6 278 279
283 1 2 0 6 279 280
284 1 2 0 6 280 281
285 1 2 0 6 281 282
286 1 2 0 6 282 283
287 1 2 0 6 283 284
288 1 2 0 6 284 285
289 1 2 0 6 285 286
290 1 2 0 6 286 287
291 1 2 0 6 287 288
292 1 2 0 6 288 289
293 1 2 0 6 289 290
294 1 2 0 6 290 291
295 1 2 0 6 291 292
296 1 2 0 6 292 293
297 1 2 0 6 293 294
298 1 2 0 6 294 295
299 1 2 0 6 295 296
300 1 2 0 6 296 297
301 1 2 0 6 297 298
302 1 2 0 6 298 299
303 1 2 0 6 299 300
304 1 2 0 6 300 1
305 2 2 0 1 1081 3098 3696
306 2 2 0 1 2371 1517 4753
307 2 2 0 1 900 2575 5494
308 2 2 0 1 500 2186 3039
309 2 2 0 1 391 1822 3520
310 2 2 0 1 2605 1199 3655
311 2 2 0 1 960 4208 5103
312 2 2 0 1 1036 2005 6111
313 2 2 0 1 322 2475 3334
314 2 2 0 1 717 2126 5383
315 2 2 0 1 2024 2837 5328
316 2 2 0 1 2072 452 5503
317 2 2 0 1 1188 2263 2843
318 2 2 0 1 954 1996 3870
319 2 2 0 1 396 2021 2693
320 2 2 0 1 486 1863 3458
321 2 2 0 1 4930 900 5494
322 2 2 0 1 1407 2570 5122
323 2 2 0 1 1923 333 2806
324 2 2 0 1 2618 449 3775
325 2 2 0 1 1949 1013 3185
326 2 2 0 1 2478 834 4870
327 2 2 0 1 3404 1808 4636
328 2 2 0 1 168 169 2361
329 2 2 0 1 1870 697 2889
330 2 2 0 1 2126 1771 5383
331 2 2 0 1 4777 672 6127
332 2 2 0 1 2837 895 5328
333 2 2 0 1 265 266 2135
334 2 2 0 1 3685 910 4730
335 2 2 0 1 999 1983 4420
336 2 2 0 1 1822 391 4495
337 2 2 0 1 3663 337 4547
338 2 2 0 1 1900 2529 4673
339 2 2 0 1 530 2265 2817
340 2 2 0 1 1908 540 4584
341 2 2 0 1 2274 4736 5342
342 2 2 0 1 1371 2261 4425
343 2 2 0 1 471 1880 3727
344 2 2 0 1 314 3850 5272
345 2 2 0 1 755 3699 4671
346 2 2 0 1 540 1908 2935
347 2 2 0 1 957 1971 4004
348 2 2 0 1 838 2477 4398
349 2 2 0 1 3087 1825 4017
350 2 2 0 1 2199 1373 2932
351 2 2 0 1 1913 1064 3276
352 2 2 0 1 461 2049 2675
353 2 2 0 1 106 107 2347
354 2 2 0 1 859 3087 4017
355 2 2 0 1 794 4283 5292
356 2 2 0 1 2201 498 2453
357 2 2 0 1 1535 2618 3775
358 2 2 0 1 2220 856 6453
359 2 2 0 1 1061 2116 4478
360 2 2 0 1 2462 995 2718
361 2 2 0 1 1111 1992 2833
362 2 2 0 1 1847 2478 4870
363 2 2 0 1 2014 734 3120
364 2 2 0 1 686 1988 2862
365 2 2 0 1 1062 2305 2527
366 2 2 0 1 1863 486 3430
367 2 2 0 1 482 2413 3879
368 2 2 0 1 2203 437 2527
369 2 2 0 1 541 1915 2930
370 2 2 0 1 1245 2039 2842
371 2 2 0 1 952 2396 6338
372 2 2 0 1 4283 2104 5292
373 2 2 0 1 785 3262 3540
374 2 2 0 1 3792 3121 5165
375 2 2 0 1 2110 1293 3872
376 2 2 0 1 2477 1678 4398
377 2 2 0 1 1489 2605 3655
378 2 2 0 1 676 2504 4537
379 2 2 0 1 1360 2294 4440
380 2 2 0 1 901 4448 5828
381 2 2 0 1 2361 169 4565
382 2 2 0 1 4448 901 4884
383 2 2 0 1 204 2803 3671
384 2 2 0 1 972 5640 6174
385 2 2 0 1 1144 2108 3670
386 2 2 0 1 2960 1213 3923
387 2 2 0 1 796 2072 2995
388 2 2 0 1 2225 1810 5470
389 2 2 0 1 2175 978 6432
390 2 2 0 1 1115 2545 2948
391 2 2 0 1 1915 541 4674
392 2 2 0 1 3402 1739 4139
393 2 2 0 1 1925 2969 5069
394 2 2 0 1 1224 2052 3988
395 2 2 0 1 745 2128 2679
396 2 2 0 1 2767 1463 3669
397 2 2 0 1 2325 955 6372
398 2 2 0 1 2413 1455 3879
399 2 2 0 1 2769 960 5103
400 2 2 0 1 1787 2960 3923
401 2 2 0 1 2095 1220 3227
402 2 2 0 1 2504 1734 4537
403 2 2 0 1 984 2606 2707
404 2 2 0 1 952 6338 6453
405 2 2 0 1 479 2113 5877
406 2 2 0 1 692 1861 3061
407 2 2 0 1 1855 4548 5304
408 2 2 0 1 672 2690 2795
409 2 2 0 1 619 2010 4046
410 2 2 0 1 2169 625 3119
411 2 2 0 1 4959 968 5323
412 2 2 0 1 2086 886 2647
413 2 2 0 1 4256 1794 4762
414 2 2 0 1 436 2623 3982
415 2 2 0 1 1900 4673 5775
416 2 2 0 1 3647 1784 4362
417 2 2 0 1 1129 2043 5496
418 2 2 0 1 2437 1314 2825
419 2 2 0 1 2545 1210 2948
420 2 2 0 1 978 2544 6432
421 2 2 0 1 2877 4920 6350
422 2 2 0 1 1925 5069 5440
423 2 2 0 1 2621 322 3334
424 2 2 0 1 672 2795 6127
425 2 2 0 1 1943 1131 3586
426 2 2 0 1 570 2386 6636
427 2 2 0 1 2015 1044 2744
428 2 2 0 1 2534 1381 3799
429 2 2 0 1 2945 4825 5058
430 2 2 0 1 1688 3422 3905
431 2 2 0 1 1587 2640 3899
432 2 2 0 1 1880 471 3412
433 2 2 0 1 2209 519 2542
434 2 2 0 1 1201 2143 2590
435 2 2 0 1 1472 2314 4419
436 2 2 0 1 734 2014 4755
437 2 2 0 1 3906 2841 4328
438 2 2 0 1 2360 570 6636
439 2 2 0 1 1032 3121 3792
440 2 2 0 1 697 1870 5145
441 2 2 0 1 2283 943 2719
442 2 2 0 1 1916 503 3252
443 2 2 0 1 1392 2820 3287
444 2 2 0 1 955 2334 6372
445 2 2 0 1 1564 3998 5214
446 2 2 0 1 856 2452 6453
447 2 2 0 1 1325 2619 3787
448 2 2 0 1 113 2378 6613
449 2 2 0 1 3624 1866 4341
450 2 2 0 1 2170 1234 3547
451 2 2 0 1 1231 2355 2859
452 2 2 0 1 2364 919 3945
453 2 2 0 1 452 2196 5503
454 2 2 0 1 732 2144 2704
455 2 2 0 1 1362 2132 3666
456 2 2 0 1 112 113 6613
457 2 2 0 1 2037 914 3376
458 2 2 0 1 477 3487 3970
459 2 2 0 1 1973 1266 4163
460 2 2 0 1 325 2170 3547
461 2 2 0 1 416 2128 5622
462 2 2 0 1 1234 2170 3135
463 2 2 0 1 1388 2608 3615
464 2 2 0 1 3262 1805 3540
465 2 2 0 1 823 2002 3041
466 2 2 0 1 2013 517 3418
467 2 2 0 1 1855 3029 4548
468 2 2 0 1 2623 1617 3982
469 2 2 0 1 2877 1846 4920
470 2 2 0 1 2355 1053 2859
471 2 2 0 1 3112 439 5132
472 2 2 0 1 1193 2097 2665
473 2 2 0 1 5408 2880 6398
474 2 2 0 1 936 2793 3784
475 2 2 0 1 1950 750 4068
476 2 2 0 1 2341 1277 3543
477 2 2 0 1 2042 828 5629
478 2 2 0 1 336 2274 5342
479 2 2 0 1 1971 957 4491
480 2 2 0 1 2582 1403 5070
481 2 2 0 1 1160 2001 2811
482 2 2 0 1 1585 2457 4259
483 2 2 0 1 2174 861 2603
484 2 2 0 1 2583 1405 5072
485 2 2 0 1 1029 4583 5518
486 2 2 0 1 2344 1278 3546
487 2 2 0 1 2686 998 3364
488 2 2 0 1 1177 2212 2713
489 2 2 0 1 2457 647 4259
490 2 2 0 1 2666 1334 3634
491 2 2 0 1 2511 557 2955
492 2 2 0 1 2640 794 3899
493 2 2 0 1 1996 954 4547
494 2 2 0 1 3278 1376 3616
495 2 2 0 1 416 3212 3842
496 2 2 0 1 2134 463 2752
497 2 2 0 1 2233 925 2558
498 2 2 0 1 2690 1217 2795
499 2 2 0 1 891 2243 2538
500 2 2 0 1 2376 1345 3480
501 2 2 0 1 1343 2765 3876
502 2 2 0 1 1088 2381 3278
503 2 2 0 1 3091 1264 3635
504 2 2 0 1 1342 2456 3505
505 2 2 0 1 930 2264 5272
506 2 2 0 1 3784 2793 4983
507 2 2 0 1 749 2049 4538
508 2 2 0 1 2162 787 3050
509 2 2 0 1 555 2131 3814
510 2 2 0 1 3201 1147 3596
511 2 2 0 1 2128 1459 2649
512 2 2 0 1 3129 4867 6510
513 2 2 0 1 1559 2155 3456
514 2 2 0 1 2371 4753 5445
515 2 2 0 1 2370 1346 3470
516 2 2 0 1 2539 1197 2990
517 2 2 0 1 3402 4378 5415
518 2 2 0 1 1764 3217 4294
519 2 2 0 1 3212 1842 3842
520 2 2 0 1 2564 1209 3002
521 2 2 0 1 2024 502 2837
522 2 2 0 1 2163 777 5644
523 2 2 0 1 1870 4890 4899
524 2 2 0 1 3554 1096 3683
525 2 2 0 1 2511 2955 5314
526 2 2 0 1 1137 2169 3119
527 2 2 0 1 787 2137 3050
528 2 2 0 1 1890 740 3175
529 2 2 0 1 800 2822 3848
530 2 2 0 1 1573 3828 3902
531 2 2 0 1 422 1938 3157
532 2 2 0 1 3683 3105 5819
533 2 2 0 1 2212 1047 2713
534 2 2 0 1 968 2517 5323
535 2 2 0 1 524 2480 4077
536 2 2 0 1 3336 1471 3927
537 2 2 0 1 528 2425 2526
538 2 2 0 1 2264 930 2559
539 2 2 0 1 3402 1113 4378
540 2 2 0 1 1271 2841 3906
541 2 2 0 1 3061 1938 4714
542 2 2 0 1 998 2797 3364
543 2 2 0 1 122 123 2365
544 2 2 0 1 769 2133 4234
545 2 2 0 1 2030 1042 3288
546 2 2 0 1 2412 1547 4259
547 2 2 0 1 2820 301 3287
548 2 2 0 1 498 2201 5977
549 2 2 0 1 1127 2539 2990
550 2 2 0 1 768 2148 5526
551 2 2 0 1 463 2134 5452
552 2 2 0 1 2604 1479 4865
553 2 2 0 1 1128 2564 3002
554 2 2 0 1 2044 2880 5408
555 2 2 0 1 701 1852 5276
556 2 2 0 1 1313 2589 4289
557 2 2 0 1 598 2111 3055
558 2 2 0 1 2320 910 3685
559 2 2 0 1 2225 424 2762
560 2 2 0 1 1035 4954 6001
561 2 2 0 1 2127 1239 3674
562 2 2 0 1 703 1853 5278
563 2 2 0 1 2358 569 2602
564 2 2 0 1 777 2187 5644
565 2 2 0 1 900 2221 4136
566 2 2 0 1 1938 422 6532
567 2 2 0 1 1273 2215 2933
568 2 2 0 1 2534 3799 4972
569 2 2 0 1 4440 2294 4626
570 2 2 0 1 1145 3624 4341
571 2 2 0 1 2161 768 5526
572 2 2 0 1 1003 2425 2535
573 2 2 0 1 2334 479 5877
574 2 2 0 1 2738 1337 3625
575 2 2 0 1 2165 796 2995
576 2 2 0 1 5049 731 5136
577 2 2 0 1 545 2127 3674
578 2 2 0 1 2177 620 3833
579 2 2 0 1 1933 850 3663
580 2 2 0 1 2249 1086 5880
581 2 2 0 1 3876 2765 5253
582 2 2 0 1 2532 972 6174
583 2 2 0 1 3336 3927 6049
584 2 2 0 1 1852 701 3941
585 2 2 0 1 1099 3442 3834
586 2 2 0 1 731 2476 5136
587 2 2 0 1 1235 2767 3669
588 2 2 0 1 902 2229 4145
589 2 2 0 1 2390 793 3201
590 2 2 0 1 1116 3308 4155
591 2 2 0 1 166 167 2175
592 2 2 0 1 424 2225 5470
593 2 2 0 1 3091 3635 4875
594 2 2 0 1 946 3694 5136
595 2 2 0 1 1853 703 3944
596 2 2 0 1 2001 743 5728
597 2 2 0 1 1016 1922 3337
598 2 2 0 1 456 2052 4726
599 2 2 0 1 2197 816 5880
600 2 2 0 1 1831 3386 3628
601 2 2 0 1 3572 437 4186
602 2 2 0 1 2630 524 4077
603 2 2 0 1 1086 2249 3003
604 2 2 0 1 818 2341 3543
605 2 2 0 1 1973 589 3199
606 2 2 0 1 2925 333 3800
607 2 2 0 1 3386 848 3628
608 2 2 0 1 203 204 3671
609 2 2 0 1 4263 1030 4732
610 2 2 0 1 2455 1469 2657
611 2 2 0 1 1074 2141 4937
612 2 2 0 1 647 2412 4259
613 2 2 0 1 820 2344 3546
614 2 2 0 1 4425 2261 4862
615 2 2 0 1 4434 1407 5122
616 2 2 0 1 933 5186 5327
617 2 2 0 1 1455 2413 6055
618 2 2 0 1 2052 1462 4726
619 2 2 0 1 1113 3402 4139
620 2 2 0 1 1026 2358 2602
621 2 2 0 1 341 3404 4636
622 2 2 0 1 2401 347 3429
623 2 2 0 1 2455 2657 5155
624 2 2 0 1 2409 799 3961
625 2 2 0 1 4419 2314 5856
626 2 2 0 1 1861 692 3733
627 2 2 0 1 2608 829 3615
628 2 2 0 1 2149 556 3142
629 2 2 0 1 2413 2495 6055
630 2 2 0 1 1004 3916 4300
631 2 2 0 1 1286 2177 3833
632 2 2 0 1 1965 704 3133
633 2 2 0 1 3492 844 5044
634 2 2 0 1 4387 2604 4865
635 2 2 0 1 3787 2619 5142
636 2 2 0 1 2565 454 4661
637 2 2 0 1 313 2237 5063
638 2 2 0 1 1896 761 4471
639 2 2 0 1 1255 2007 3152
640 2 2 0 1 1363 4256 4762
641 2 2 0 1 2010 619 4552
642 2 2 0 1 1922 666 3337
643 2 2 0 1 4998 313 5063
644 2 2 0 1 2378 113 3658
645 2 2 0 1 2413 833 2495
646 2 2 0 1 2178 1114 3955
647 2 2 0 1 2702 1288 3461
648 2 2 0 1 439 2048 5132
649 2 2 0 1 3422 1130 3905
650 2 2 0 1 1437 2193 4410
651 2 2 0 1 2044 543 2880
652 2 2 0 1 2651 4117 6092
653 2 2 0 1 454 3446 4661
654 2 2 0 1 1946 849 3688
655 2 2 0 1 459 2507 3260
656 2 2 0 1 2064 1395 2784
657 2 2 0 1 724 2026 5614
658 2 2 0 1 2425 1023 2526
659 2 2 0 1 836 2290 2581
660 2 2 0 1 4068 750 4242
661 2 2 0 1 503 1916 4057
662 2 2 0 1 2810 12 3753
663 2 2 0 1 586 2687 3014
664 2 2 0 1 4295 2598 5265
665 2 2 0 1 740 1890 3527
666 2 2 0 1 692 3061 4714
667 2 2 0 1 1266 1973 4120
668 2 2 0 1 2599 193 3130
669 2 2 0 1 1922 1016 3296
670 2 2 0 1 609 2087 5158
671 2 2 0 1 527 2331 2736
672 2 2 0 1 366 2465 3362
673 2 2 0 1 1645 2221 3771
674 2 2 0 1 2081 737 2993
675 2 2 0 1 2149 997 2731
676 2 2 0 1 946 2597 3694
677 2 2 0 1 2651 307 4117
678 2 2 0 1 1393 2081 4754
679 2 2 0 1 824 2904 3807
680 2 2 0 1 930 5272 6209
681 2 2 0 1 2456 301 3505
682 2 2 0 1 869 2607 5874
683 2 2 0 1 2331 1959 5785
684 2 2 0 1 743 2001 4651
685 2 2 0 1 903 2087 3416
686 2 2 0 1 894 2073 3270
687 2 2 0 1 1453 2646 3702
688 2 2 0 1 2242 399 2658
689 2 2 0 1 1776 3201 3596
690 2 2 0 1 1650 2229 3780
691 2 2 0 1 984 2485 2606
692 2 2 0 1 2513 1027 2571
693 2 2 0 1 3129 364 4867
694 2 2 0 1 445 2725 4055
695 2 2 0 1 2335 844 3492
696 2 2 0 1 2425 528 2535
697 2 2 0 1 978 4952 5284
698 2 2 0 1 1064 1913 3366
699 2 2 0 1 3108 5491 5809
700 2 2 0 1 2160 819 4615
701 2 2 0 1 3442 1795 3834
702 2 2 0 1 3102 357 3360
703 2 2 0 1 2030 3288 3673
704 2 2 0 1 2102 1348 3915
705 2 2 0 1 1131 1943 3261
706 2 2 0 1 3435 1397 3762
707 2 2 0 1 556 2149 2731
708 2 2 0 1 916 2947 3334
709 2 2 0 1 2347 107 2994
710 2 2 0 1 3039 2186 6138
711 2 2 0 1 2111 1086 3055
712 2 2 0 1 2119 842 5953
713 2 2 0 1 1416 2409 3961
714 2 2 0 1 4075 753 4255
715 2 2 0 1 1085 3621 4343
716 2 2 0 1 4213 923 5974
717 2 2 0 1 1131 2158 6044
718 2 2 0 1 816 2249 5880
719 2 2 0 1 2243 891 2593
720 2 2 0 1 1503 4424 5604
721 2 2 0 1 2628 1503 5604
722 2 2 0 1 1662 3738 4203
723 2 2 0 1 761 1896 3687
724 2 2 0 1 2617 924 4597
725 2 2 0 1 1121 2149 3142
726 2 2 0 1 832 3043 4749
727 2 2 0 1 869 2272 2607
728 2 2 0 1 2223 936 3717
729 2 2 0 1 2646 751 3702
730 2 2 0 1 2068 1154 2861
731 2 2 0 1 4289 2589 4390
732 2 2 0 1 845 2331 5785
733 2 2 0 1 2624 992 2891
734 2 2 0 1 1013 1949 4493
735 2 2 0 1 1032 2915 3121
736 2 2 0 1 342 2222 2809
737 2 2 0 1 4619 361 6455
738 2 2 0 1 2043 1093 3493
739 2 2 0 1 2947 1372 3334
740 2 2 0 1 2479 492 2846
741 2 2 0 1 347 2492 3429
742 2 2 0 1 666 1922 5033
743 2 2 0 1 3584 3961 6454
744 2 2 0 1 1632 2693 4585
745 2 2 0 1 5250 2516 5377
746 2 2 0 1 574 3105 3683
747 2 2 0 1 736 2107 2741
748 2 2 0 1 437 2447 4186
749 2 2 0 1 2367 511 4730
750 2 2 0 1 645 2777 5053
751 2 2 0 1 5292 6283 6553
752 2 2 0 1 1983 999 3109
753 2 2 0 1 1323 3645 4231
754 2 2 0 1 4050 2181 4103
755 2 2 0 1 979 2242 2658
756 2 2 0 1 397 2106 3410
757 2 2 0 1 931 2134 2752
758 2 2 0 1 990 3735 4737
759 2 2 0 1 2676 1622 4065
760 2 2 0 1 1385 2573 4922
761 2 2 0 1 704 1965 4433
762 2 2 0 1 1639 4295 5265
763 2 2 0 1 1995 1180 6619
764 2 2 0 1 1222 1935 5358
765 2 2 0 1 2561 817 5538
766 2 2 0 1 362 2019 2937
767 2 2 0 1 1105 2262 3448
768 2 2 0 1 2007 496 3152
769 2 2 0 1 2193 690 4410
770 2 2 0 1 1784 3647 5279
771 2 2 0 1 2385 4258 4634
772 2 2 0 1 1017 2491 2525
773 2 2 0 1 899 5408 6398
774 2 2 0 1 890 2461 3078
775 2 2 0 1 522 2005 3193
776 2 2 0 1 2904 1649 3807
777 2 2 0 1 2725 1671 4055
778 2 2 0 1 891 3783 4269
779 2 2 0 1 927 2196 3455
780 2 2 0 1 983 2159 2821
781 2 2 0 1 933 5327 6487
782 2 2 0 1 1942 489 3389
783 2 2 0 1 1038 2931 3229
784 2 2 0 1 1999 1175 4531
785 2 2 0 1 5874 2607 6271
786 2 2 0 1 98 3244 4266
787 2 2 0 1 2249 504 3003
788 2 2 0 1 2557 3158 5381
789 2 2 0 1 372 2120 3197
790 2 2 0 1 2422 2057 6030
791 2 2 0 1 2491 466 2525
792 2 2 0 1 2005 1036 3193
793 2 2 0 1 6436 5239 6520
794 2 2 0 1 2188 1267 5690
795 2 2 0 1 2779 1096 3319
796 2 2 0 1 1933 3663 4547
797 2 2 0 1 3717 936 3784
798 2 2 0 1 1034 2250 3155
799 2 2 0 1 3487 1753 3970
800 2 2 0 1 395 2513 2571
801 2 2 0 1 2131 1266 5429
802 2 2 0 1 2782 1553 3897
803 2 2 0 1 941 2945 5058
804 2 2 0 1 2708 5578 6612
805 2 2 0 1 1164 2676 4065
806 2 2 0 1 1132 2106 3457
807 2 2 0 1 2584 1614 3913
808 2 2 0 1 1019 4427 5294
809 2 2 0 1 2915 1357 3121
810 2 2 0 1 1055 2217 2872
811 2 2 0 1 1602 3102 3360
812 2 2 0 1 4147 1838 4919
813 2 2 0 1 2735 990 4737
814 2 2 0 1 3699 755 5141
815 2 2 0 1 1876 2272 5808
816 2 2 0 1 2038 887 2953
817 2 2 0 1 2931 1419 3229
818 2 2 0 1 2687 1262 3014
819 2 2 0 1 1403 4436 5070
820 2 2 0 1 1020 2723 3377
821 2 2 0 1 1988 686 6447
822 2 2 0 1 2727 3320 5337
823 2 2 0 1 1405 4438 5072
824 2 2 0 1 2591 1279 5033
825 2 2 0 1 2056 2561 5538
826 2 2 0 1 1288 3014 3461
827 2 2 0 1 1874 4373 4505
828 2 2 0 1 2470 1096 2648
829 2 2 0 1 2041 1004 5037
830 2 2 0 1 1047 2212 4453
831 2 2 0 1 2429 874 5009
832 2 2 0 1 2361 1406 2830
833 2 2 0 1 4507 1589 5676
834 2 2 0 1 354 2292 2648
835 2 2 0 1 1992 1111 3304
836 2 2 0 1 71 3184 4061
837 2 2 0 1 2056 3108 5809
838 2 2 0 1 2822 800 4747
839 2 2 0 1 2704 2144 5807
840 2 2 0 1 219 3186 4064
841 2 2 0 1 2052 456 2918
842 2 2 0 1 2445 900 4136
843 2 2 0 1 805 2422 6030
844 2 2 0 1 2538 542 3074
845 2 2 0 1 106 2347 3901
846 2 2 0 1 2386 1298 3443
847 2 2 0 1 2128 2649 5622
848 2 2 0 1 4141 2915 4977
849 2 2 0 1 3039 1125 3623
850 2 2 0 1 1053 2140 4197
851 2 2 0 1 842 2447 5953
852 2 2 0 1 2448 902 4145
853 2 2 0 1 1389 2701 4047
854 2 2 0 1 2007 1255 4207
855 2 2 0 1 3316 1059 4185
856 2 2 0 1 2546 1049 2655
857 2 2 0 1 2298 578 3126
858 2 2 0 1 2191 344 3312
859 2 2 0 1 828 2042 4678
860 2 2 0 1 965 2704 5807
861 2 2 0 1 2816 1036 6111
862 2 2 0 1 997 2149 5135
863 2 2 0 1 2777 2057 5053
864 2 2 0 1 923 2338 2627
865 2 2 0 1 3584 1588 3961
866 2 2 0 1 1843 7 3190
867 2 2 0 1 61 1849 3205
868 2 2 0 1 209 1850 3206
869 2 2 0 1 969 2369 2722
870 2 2 0 1 903 3416 6457
871 2 2 0 1 3191 806 5329
872 2 2 0 1 3536 728 4869
873 2 2 0 1 2107 736 5251
874 2 2 0 1 2228 561 3952
875 2 2 0 1 3194 783 3477
876 2 2 0 1 1968 1320 3855
877 2 2 0 1 476 2841 2929
878 2 2 0 1 2252 1542 3103
879 2 2 0 1 489 1942 3361
880 2 2 0 1 1872 155 3249
881 2 2 0 1 5142 987 5305
882 2 2 0 1 2723 1376 3377
883 2 2 0 1 1082 2546 2655
884 2 2 0 1 2490 1178 4038
885 2 2 0 1 1158 2028 5273
886 2 2 0 1 647 2457 5428
887 2 2 0 1 809 2301 3302
888 2 2 0 1 5640 2071 6174
889 2 2 0 1 1012 2295 3128
890 2 2 0 1 117 118 2268
891 2 2 0 1 1320 1968 5089
892 2 2 0 1 4373 448 4505
893 2 2 0 1 1578 2720 4529
894 2 2 0 1 936 2223 2711
895 2 2 0 1 1523 3038 3911
896 2 2 0 1 2580 2297 6620
897 2 2 0 1 3163 293 4051
898 2 2 0 1 310 2455 5155
899 2 2 0 1 3504 1636 4549
900 2 2 0 1 665 3316 4559
901 2 2 0 1 728 3536 4944
902 2 2 0 1 1056 2111 3139
903 2 2 0 1 5105 647 5428
904 2 2 0 1 2962 1120 4015
905 2 2 0 1 681 3647 4362
906 2 2 0 1 664 2782 3897
907 2 2 0 1 985 2162 5829
908 2 2 0 1 2769 474 5398
909 2 2 0 1 1381 2534 3717
910 2 2 0 1 2437 628 3640
911 2 2 0 1 943 2443 4469
912 2 2 0 1 1935 1222 5981
913 2 2 0 1 2233 508 2911
914 2 2 0 1 2038 1401 3150
915 2 2 0 1 2447 2084 5953
916 2 2 0 1 1803 2429 5009
917 2 2 0 1 2043 335 3344
918 2 2 0 1 3945 919 4514
919 2 2 0 1 2421 2119 5953
920 2 2 0 1 589 1973 6132
921 2 2 0 1 1377 2779 3319
922 2 2 0 1 1948 3316 4185
923 2 2 0 1 2830 580 3685
924 2 2 0 1 7 1843 5941
925 2 2 0 1 314 3071 3850
926 2 2 0 1 632 2489 4718
927 2 2 0 1 2177 1286 3471
928 2 2 0 1 2666 3634 5157
929 2 2 0 1 2240 1595 5416
930 2 2 0 1 2245 438 3903
931 2 2 0 1 3508 1641 4560
932 2 2 0 1 3621 1826 4343
933 2 2 0 1 2987 1430 3569
934 2 2 0 1 3396 1129 5496
935 2 2 0 1 286 287 2566
936 2 2 0 1 2591 5033 5565
937 2 2 0 1 2211 960 2769
938 2 2 0 1 1314 2437 3640
939 2 2 0 1 2236 1112 3474
940 2 2 0 1 4310 632 4322
941 2 2 0 1 2617 4597 5653
942 2 2 0 1 2235 1126 3562
943 2 2 0 1 1347 2087 4467
944 2 2 0 1 361 2959 3730
945 2 2 0 1 2442 1120 2839
946 2 2 0 1 12 13 3753
947 2 2 0 1 2150 1122 3530
948 2 2 0 1 1196 2849 4040
949 2 2 0 1 2206 1116 3174
950 2 2 0 1 926 2321 2940
951 2 2 0 1 1093 2043 3344
952 2 2 0 1 1169 2176 3495
953 2 2 0 1 2422 805 3143
954 2 2 0 1 553 2427 2694
955 2 2 0 1 2567 720 4304
956 2 2 0 1 353 5336 5775
957 2 2 0 1 314 2490 4174
958 2 2 0 1 377 2686 3318
959 2 2 0 1 4730 511 5284
960 2 2 0 1 1849 61 5901
961 2 2 0 1 5332 764 5888
962 2 2 0 1 1602 2416 4542
963 2 2 0 1 1850 209 5903
964 2 2 0 1 821 2580 6620
965 2 2 0 1 3316 1948 4559
966 2 2 0 1 2272 869 5808
967 2 2 0 1 2217 4213 5974
968 2 2 0 1 1652 2952 4979
969 2 2 0 1 2145 1066 3176
970 2 2 0 1 2454 884 4011
971 2 2 0 1 1907 4619 6455
972 2 2 0 1 2463 2772 5523
973 2 2 0 1 2534 453 3717
974 2 2 0 1 2427 1119 2694
975 2 2 0 1 4226 562 4375
976 2 2 0 1 987 2505 5305
977 2 2 0 1 2081 1435 4770
978 2 2 0 1 5514 2609 6209
979 2 2 0 1 1650 3780 4601
980 2 2 0 1 3103 1542 6357
981 2 2 0 1 2257 632 4310
982 2 2 0 1 2708 975 5578
983 2 2 0 1 3198 4992 5340
984 2 2 0 1 854 2348 2661
985 2 2 0 1 932 6436 6520
986 2 2 0 1 977 2077 3025
987 2 2 0 1 3647 2058 5279
988 2 2 0 1 2766 487 3343
989 2 2 0 1 955 2488 5798
990 2 2 0 1 2218 3382 6309
991 2 2 0 1 2420 895 2760
992 2 2 0 1 3576 1564 5214
993 2 2 0 1 2659 729 4888
994 2 2 0 1 2913 909 5779
995 2 2 0 1 2341 75 4099
996 2 2 0 1 552 2301 3032
997 2 2 0 1 2686 1316 3318
998 2 2 0 1 925 2233 2911
999 2 2 0 1 2344 223 4102
1000 2 2 0 1 1645 3771 4614
1001 2 2 0 1 1592 3942 5039
1002 2 2 0 1 2482 795 5402
1003 2 2 0 1 2385 358 4258
1004 2 2 0 1 2210 2913 5779
1005 2 2 0 1 508 2442 2839
1006 2 2 0 1 2544 978 5284
1007 2 2 0 1 2416 630 4542
1008 2 2 0 1 5578 2075 6612
1009 2 2 0 1 2959 1614 3730
1010 2 2 0 1 561 2182 2789
1011 2 2 0 1 2289 621 4250
1012 2 2 0 1 4341 470 4918
1013 2 2 0 1 2841 1271 2929
1014 2 2 0 1 265 2135 3023
1015 2 2 0 1 4992 1422 5340
1016 2 2 0 1 2135 266 3027
1017 2 2 0 1 1589 2665 5676
1018 2 2 0 1 2047 997 2980
1019 2 2 0 1 2261 1371 3763
1020 2 2 0 1 439 3112 5425
1021 2 2 0 1 1522 4589 5802
1022 2 2 0 1 311 2463 5523
1023 2 2 0 1 4322 632 4718
1024 2 2 0 1 695 2007 4207
1025 2 2 0 1 333 1923 3800
1026 2 2 0 1 2425 1003 2615
1027 2 2 0 1 591 2206 3174
1028 2 2 0 1 2033 1051 3369
1029 2 2 0 1 3162 145 4048
1030 2 2 0 1 1008 2089 5244
1031 2 2 0 1 2007 695 5983
1032 2 2 0 1 2111 598 3139
1033 2 2 0 1 2660 1522 5802
1034 2 2 0 1 474 2791 5398
1035 2 2 0 1 4954 2016 6001
1036 2 2 0 1 511 2367 2988
1037 2 2 0 1 2682 1160 3827
1038 2 2 0 1 399 2242 5776
1039 2 2 0 1 1648 3194 3477
1040 2 2 0 1 2701 1389 4097
1041 2 2 0 1 712 2609 5514
1042 2 2 0 1 729 4288 4888
1043 2 2 0 1 2114 649 3064
1044 2 2 0 1 2898 63 6022
1045 2 2 0 1 2182 561 3655
1046 2 2 0 1 1057 2845 2967
1047 2 2 0 1 804 2285 6368
1048 2 2 0 1 1125 3039 6138
1049 2 2 0 1 850 1933 3660
1050 2 2 0 1 2577 943 4469
1051 2 2 0 1 2176 400 3495
1052 2 2 0 1 2526 1023 2571
1053 2 2 0 1 737 2081 4770
1054 2 2 0 1 2449 1131 6044
1055 2 2 0 1 2516 1742 5377
1056 2 2 0 1 4448 2082 5828
1057 2 2 0 1 2724 1035 6001
1058 2 2 0 1 2087 609 4467
1059 2 2 0 1 786 2705 5310
1060 2 2 0 1 1397 2826 3762
1061 2 2 0 1 744 1954 5787
1062 2 2 0 1 3691 852 3707
1063 2 2 0 1 2535 2027 5812
1064 2 2 0 1 991 2730 3911
1065 2 2 0 1 909 2623 4695
1066 2 2 0 1 252 253 2638
1067 2 2 0 1 4115 1676 5467
1068 2 2 0 1 513 2388 2881
1069 2 2 0 1 2363 1241 3273
1070 2 2 0 1 2488 2054 5798
1071 2 2 0 1 2037 1040 3071
1072 2 2 0 1 1380 2067 3175
1073 2 2 0 1 2021 396 3790
1074 2 2 0 1 2555 1046 2586
1075 2 2 0 1 1030 2808 4732
1076 2 2 0 1 2281 1119 4273
1077 2 2 0 1 2340 812 3960
1078 2 2 0 1 481 2145 3176
1079 2 2 0 1 1173 2130 2949
1080 2 2 0 1 2258 1211 3255
1081 2 2 0 1 464 2715 3518
1082 2 2 0 1 44 45 2461
1083 2 2 0 1 2208 1314 3640
1084 2 2 0 1 2222 1305 2809
1085 2 2 0 1 3098 1366 3696
1086 2 2 0 1 543 2044 3156
1087 2 2 0 1 1559 3456 5696
1088 2 2 0 1 1178 2535 5812
1089 2 2 0 1 4098 1770 5355
1090 2 2 0 1 562 2536 4375
1091 2 2 0 1 474 2180 2840
1092 2 2 0 1 839 3211 3311
1093 2 2 0 1 1594 2177 3471
1094 2 2 0 1 753 2772 4255
1095 2 2 0 1 509 2283 2719
1096 2 2 0 1 2485 1070 2606
1097 2 2 0 1 2693 1632 5029
1098 2 2 0 1 1180 1995 3383
1099 2 2 0 1 2482 5402 6488
1100 2 2 0 1 1040 2037 5012
1101 2 2 0 1 1738 3105 3935
1102 2 2 0 1 2758 353 5775
1103 2 2 0 1 2077 977 3036
1104 2 2 0 1 6283 897 6553
1105 2 2 0 1 1790 4068 4242
1106 2 2 0 1 5491 477 5809
1107 2 2 0 1 155 1872 5762
1108 2 2 0 1 2774 1029 5518
1109 2 2 0 1 1870 2889 4890
1110 2 2 0 1 1022 2254 2873
1111 2 2 0 1 849 1946 3643
1112 2 2 0 1 2794 991 3911
1113 2 2 0 1 2623 4569 4695
1114 2 2 0 1 2626 1055 2759
1115 2 2 0 1 793 2390 6344
1116 2 2 0 1 2453 1212 2789
1117 2 2 0 1 3561 1613 3744
1118 2 2 0 1 2738 3625 5071
1119 2 2 0 1 2727 423 3320
1120 2 2 0 1 966 2312 4524
1121 2 2 0 1 2235 3562 3845
1122 2 2 0 1 2715 1361 3518
1123 2 2 0 1 1027 2526 2571
1124 2 2 0 1 2921 1289 2984
1125 2 2 0 1 2087 903 2997
1126 2 2 0 1 2049 749 4533
1127 2 2 0 1 2285 529 3869
1128 2 2 0 1 502 2024 3272
1129 2 2 0 1 1954 744 4280
1130 2 2 0 1 1039 2921 2984
1131 2 2 0 1 1199 2422 3143
1132 2 2 0 1 890 3078 5293
1133 2 2 0 1 2484 1331 4142
1134 2 2 0 1 1728 2208 3640
1135 2 2 0 1 5169 1784 5279
1136 2 2 0 1 2453 901 5828
1137 2 2 0 1 460 2280 2771
1138 2 2 0 1 2289 929 2785
1139 2 2 0 1 2650 493 2802
1140 2 2 0 1 2264 1003 2801
1141 2 2 0 1 2106 1132 3410
1142 2 2 0 1 960 2211 3187
1143 2 2 0 1 1401 2038 4624
1144 2 2 0 1 4632 393 5633
1145 2 2 0 1 4063 377 4389
1146 2 2 0 1 2276 1009 6193
1147 2 2 0 1 845 2598 4572
1148 2 2 0 1 2468 964 4846
1149 2 2 0 1 2280 460 5840
1150 2 2 0 1 2356 475 2827
1151 2 2 0 1 649 2188 2878
1152 2 2 0 1 3105 1243 3935
1153 2 2 0 1 3916 1780 4300
1154 2 2 0 1 2616 491 2799
1155 2 2 0 1 2625 2104 4283
1156 2 2 0 1 2278 876 6017
1157 2 2 0 1 153 2866 6020
1158 2 2 0 1 984 2707 6067
1159 2 2 0 1 3986 1985 4600
1160 2 2 0 1 817 2561 3552
1161 2 2 0 1 2712 319 3377
1162 2 2 0 1 1898 3459 5024
1163 2 2 0 1 2659 1784 5169
1164 2 2 0 1 1028 2555 2586
1165 2 2 0 1 1001 2063 4684
1166 2 2 0 1 2528 547 3203
1167 2 2 0 1 1965 4692 5361
1168 2 2 0 1 1486 2743 3795
1169 2 2 0 1 3280 1725 4277
1170 2 2 0 1 2114 967 4202
1171 2 2 0 1 1042 2030 4835
1172 2 2 0 1 949 2346 4076
1173 2 2 0 1 3588 2592 5577
1174 2 2 0 1 3217 385 4294
1175 2 2 0 1 2106 397 4183
1176 2 2 0 1 1528 2226 2875
1177 2 2 0 1 2340 3960 4417
1178 2 2 0 1 314 2264 2801
1179 2 2 0 1 2171 812 3993
1180 2 2 0 1 5327 2296 6487
1181 2 2 0 1 2431 954 3870
1182 2 2 0 1 2557 1142 3158
1183 2 2 0 1 965 2120 3977
1184 2 2 0 1 3757 3999 6119
1185 2 2 0 1 1149 2092 3010
1186 2 2 0 1 4395 1778 4563
1187 2 2 0 1 1792 4075 4255
1188 2 2 0 1 1101 2977 4452
1189 2 2 0 1 2830 3685 4952
1190 2 2 0 1 1970 3436 5532
1191 2 2 0 1 1825 3691 3707
1192 2 2 0 1 2399 1658 3016
1193 2 2 0 1 547 2626 3591
1194 2 2 0 1 2598 1699 4572
1195 2 2 0 1 582 2592 3588
1196 2 2 0 1 1533 2499 5692
1197 2 2 0 1 2485 984 4874
1198 2 2 0 1 750 1950 4902
1199 2 2 0 1 2363 343 5308
1200 2 2 0 1 2376 3480 4599
1201 2 2 0 1 2225 2762 5533
1202 2 2 0 1 2672 576 4497
1203 2 2 0 1 3313 275 3578
1204 2 2 0 1 2201 2453 5828
1205 2 2 0 1 2121 589 3330
1206 2 2 0 1 1370 2142 3000
1207 2 2 0 1 2226 413 2978
1208 2 2 0 1 3580 1226 4824
1209 2 2 0 1 695 1998 3342
1210 2 2 0 1 585 2096 3020
1211 2 2 0 1 2368 958 3835
1212 2 2 0 1 754 1970 5532
1213 2 2 0 1 2298 884 5196
1214 2 2 0 1 2396 952 2847
1215 2 2 0 1 2928 189 3855
1216 2 2 0 1 2878 1019 5294
1217 2 2 0 1 1724 2610 5221
1218 2 2 0 1 1154 2068 4727
1219 2 2 0 1 1433 2614 3350
1220 2 2 0 1 887 2038 4534
1221 2 2 0 1 4502 1385 4922
1222 2 2 0 1 1068 4432 4485
1223 2 2 0 1 3757 1619 3999
1224 2 2 0 1 2384 980 6467
1225 2 2 0 1 961 2403 3553
1226 2 2 0 1 2743 763 3795
1227 2 2 0 1 412 2029 3832
1228 2 2 0 1 4623 2014 4695
1229 2 2 0 1 4021 1189 4546
1230 2 2 0 1 4234 2133 6016
1231 2 2 0 1 1998 695 3852
1232 2 2 0 1 2002 823 3421
1233 2 2 0 1 1023 2706 3265
1234 2 2 0 1 457 2398 2696
1235 2 2 0 1 1435 2081 4697
1236 2 2 0 1 452 2072 4785
1237 2 2 0 1 872 2434 2747
1238 2 2 0 1 2705 786 4401
1239 2 2 0 1 3666 2132 5129
1240 2 2 0 1 2502 2042 5629
1241 2 2 0 1 589 2121 3199
1242 2 2 0 1 1970 754 4303
1243 2 2 0 1 478 2278 4791
1244 2 2 0 1 489 2449 3088
1245 2 2 0 1 2383 1093 3351
1246 2 2 0 1 2005 522 3883
1247 2 2 0 1 5221 2610 5897
1248 2 2 0 1 3144 1061 4478
1249 2 2 0 1 498 2250 2883
1250 2 2 0 1 2487 1167 3563
1251 2 2 0 1 1447 2286 4465
1252 2 2 0 1 2878 2188 5690
1253 2 2 0 1 1175 1999 3441
1254 2 2 0 1 3211 1563 3311
1255 2 2 0 1 773 2181 4050
1256 2 2 0 1 2369 584 2722
1257 2 2 0 1 2638 253 4520
1258 2 2 0 1 932 6247 6436
1259 2 2 0 1 2352 1627 5163
1260 2 2 0 1 466 2491 5784
1261 2 2 0 1 2488 2067 6451
1262 2 2 0 1 349 2112 3770
1263 2 2 0 1 2366 917 6403
1264 2 2 0 1 2226 764 2875
1265 2 2 0 1 2428 2131 5429
1266 2 2 0 1 136 137 2545
1267 2 2 0 1 876 2278 6054
1268 2 2 0 1 1926 3755 4488
1269 2 2 0 1 6247 2884 6436
1270 2 2 0 1 2478 1847 4140
1271 2 2 0 1 2423 1157 2936
1272 2 2 0 1 4867 1963 6510
1273 2 2 0 1 4846 964 4940
1274 2 2 0 1 1229 2987 3569
1275 2 2 0 1 6102 2488 6451
1276 2 2 0 1 2563 1315 4154
1277 2 2 0 1 2534 905 3629
1278 2 2 0 1 1718 2672 4497
1279 2 2 0 1 3011 5025 6199
1280 2 2 0 1 1788 2363 5308
1281 2 2 0 1 2216 1022 6008
1282 2 2 0 1 997 2047 3245
1283 2 2 0 1 2370 3470 4605
1284 2 2 0 1 2365 123 3830
1285 2 2 0 1 3158 797 5381
1286 2 2 0 1 2140 1053 3188
1287 2 2 0 1 2664 947 4019
1288 2 2 0 1 604 2792 3447
1289 2 2 0 1 2907 5 2908
1290 2 2 0 1 874 2429 2861
1291 2 2 0 1 698 2631 3528
1292 2 2 0 1 1123 2121 3330
1293 2 2 0 1 721 2027 3324
1294 2 2 0 1 2461 890 3619
1295 2 2 0 1 1614 2584 5608
1296 2 2 0 1 787 2162 3939
1297 2 2 0 1 1409 2925 3800
1298 2 2 0 1 2158 1131 5011
1299 2 2 0 1 759 2091 3958
1300 2 2 0 1 2187 404 3600
1301 2 2 0 1 813 3270 5529
1302 2 2 0 1 2215 1273 4193
1303 2 2 0 1 1303 3698 5207
1304 2 2 0 1 3125 1196 4040
1305 2 2 0 1 80 81 2539
1306 2 2 0 1 63 2898 2899
1307 2 2 0 1 3038 469 3911
1308 2 2 0 1 211 2900 2901
1309 2 2 0 1 3850 1947 5272
1310 2 2 0 1 812 2274 3993
1311 2 2 0 1 2090 1226 4545
1312 2 2 0 1 2792 1374 3447
1313 2 2 0 1 1009 2417 6193
1314 2 2 0 1 512 2025 3673
1315 2 2 0 1 2027 2535 6439
1316 2 2 0 1 2484 804 6368
1317 2 2 0 1 2390 428 3928
1318 2 2 0 1 2395 957 4004
1319 2 2 0 1 2196 927 5503
1320 2 2 0 1 2831 1505 3330
1321 2 2 0 1 2686 377 4063
1322 2 2 0 1 3458 1101 4452
1323 2 2 0 1 1640 2493 4699
1324 2 2 0 1 2357 1101 3403
1325 2 2 0 1 1133 2626 2759
1326 2 2 0 1 2525 1416 3256
1327 2 2 0 1 2198 1386 4418
1328 2 2 0 1 2298 963 3355
1329 2 2 0 1 2159 983 3454
1330 2 2 0 1 589 2831 3330
1331 2 2 0 1 3755 883 4488
1332 2 2 0 1 962 2153 4791
1333 2 2 0 1 228 229 2564
1334 2 2 0 1 980 2491 6467
1335 2 2 0 1 3116 2110 6314
1336 2 2 0 1 2411 259 6617
1337 2 2 0 1 1816 3685 4730
1338 2 2 0 1 5296 1060 5949
1339 2 2 0 1 889 3610 4165
1340 2 2 0 1 875 2247 5137
1341 2 2 0 1 1015 2674 3179
1342 2 2 0 1 2001 1160 5019
1343 2 2 0 1 2706 1301 3265
1344 2 2 0 1 531 2673 3263
1345 2 2 0 1 811 2125 5211
1346 2 2 0 1 2089 1013 4493
1347 2 2 0 1 1343 3876 5083
1348 2 2 0 1 2567 4304 5126
1349 2 2 0 1 2212 1177 3632
1350 2 2 0 1 2154 1506 3295
1351 2 2 0 1 1004 2195 5037
1352 2 2 0 1 3631 5235 6437
1353 2 2 0 1 1240 2528 3203
1354 2 2 0 1 2119 2421 6422
1355 2 2 0 1 327 2200 3066
1356 2 2 0 1 1296 2461 3619
1357 2 2 0 1 2238 402 2891
1358 2 2 0 1 1604 3965 5679
1359 2 2 0 1 1954 3417 5787
1360 2 2 0 1 2242 979 2851
1361 2 2 0 1 1311 2681 3449
1362 2 2 0 1 2027 721 5812
1363 2 2 0 1 1998 4341 4918
1364 2 2 0 1 514 2645 4823
1365 2 2 0 1 2028 1158 3760
1366 2 2 0 1 3183 2240 5416
1367 2 2 0 1 2317 949 3019
1368 2 2 0 1 1194 2021 3790
1369 2 2 0 1 2072 796 5199
1370 2 2 0 1 2772 753 5508
1371 2 2 0 1 2046 340 5245
1372 2 2 0 1 3963 1704 4290
1373 2 2 0 1 1837 2704 3977
1374 2 2 0 1 2021 1194 4035
1375 2 2 0 1 591 2478 4140
1376 2 2 0 1 3178 1080 4116
1377 2 2 0 1 2398 1016 2696
1378 2 2 0 1 3459 1898 4274
1379 2 2 0 1 2493 524 4699
1380 2 2 0 1 1951 4021 4546
1381 2 2 0 1 475 2460 2827
1382 2 2 0 1 2207 1247 3828
1383 2 2 0 1 917 2419 6403
1384 2 2 0 1 333 2554 3570
1385 2 2 0 1 518 2663 4909
1386 2 2 0 1 1009 2276 5886
1387 2 2 0 1 2524 1292 3857
1388 2 2 0 1 1457 3306 3862
1389 2 2 0 1 2446 949 4076
1390 2 2 0 1 2559 535 6074
1391 2 2 0 1 980 2151 4134
1392 2 2 0 1 576 2672 3281
1393 2 2 0 1 3071 314 4174
1394 2 2 0 1 2052 1224 3986
1395 2 2 0 1 2286 653 4465
1396 2 2 0 1 517 2013 3966
1397 2 2 0 1 3698 1984 5207
1398 2 2 0 1 2254 834 3731
1399 2 2 0 1 2143 780 5864
1400 2 2 0 1 951 4782 6667
1401 2 2 0 1 2631 1333 3528
1402 2 2 0 1 2602 1285 3160
1403 2 2 0 1 2610 778 2922
1404 2 2 0 1 193 194 3130
1405 2 2 0 1 967 2114 3064
1406 2 2 0 1 2866 153 2867
1407 2 2 0 1 1120 2981 4015
1408 2 2 0 1 884 2298 3126
1409 2 2 0 1 4665 1533 5692
1410 2 2 0 1 1044 2015 4205
1411 2 2 0 1 2508 852 3747
1412 2 2 0 1 422 2198 4418
1413 2 2 0 1 985 5829 6403
1414 2 2 0 1 923 4213 5110
1415 2 2 0 1 764 2622 5888
1416 2 2 0 1 806 3191 4766
1417 2 2 0 1 1236 2970 4636
1418 2 2 0 1 2253 1704 3963
1419 2 2 0 1 2110 3872 6387
1420 2 2 0 1 1013 2089 3089
1421 2 2 0 1 6017 876 6284
1422 2 2 0 1 2211 1008 5244
1423 2 2 0 1 1073 2462 2718
1424 2 2 0 1 2148 768 3622
1425 2 2 0 1 2269 1130 3422
1426 2 2 0 1 2673 1268 3263
1427 2 2 0 1 2250 1034 2883
1428 2 2 0 1 2012 3483 5290
1429 2 2 0 1 2454 4011 4733
1430 2 2 0 1 534 2270 2892
1431 2 2 0 1 2123 381 3136
1432 2 2 0 1 2585 1152 3466
1433 2 2 0 1 1395 2064 4775
1434 2 2 0 1 2681 602 3449
1435 2 2 0 1 2588 1322 3631
1436 2 2 0 1 581 3723 3734
1437 2 2 0 1 603 3605 4357
1438 2 2 0 1 2764 817 3552
1439 2 2 0 1 1178 3085 4038
1440 2 2 0 1 259 260 6617
1441 2 2 0 1 4929 466 5784
1442 2 2 0 1 4097 1389 5613
1443 2 2 0 1 1902 2480 5647
1444 2 2 0 1 1108 2129 3384
1445 2 2 0 1 1023 2425 6656
1446 2 2 0 1 2484 4142 5777
1447 2 2 0 1 1406 2361 4565
1448 2 2 0 1 1947 5514 6209
1449 2 2 0 1 3308 1493 4155
1450 2 2 0 1 2749 4619 5097
1451 2 2 0 1 2973 1525 4457
1452 2 2 0 1 3155 2250 4289
1453 2 2 0 1 3099 5540 6287
1454 2 2 0 1 3299 1236 4636
1455 2 2 0 1 2517 1501 4559
1456 2 2 0 1 1966 4046 5632
1457 2 2 0 1 764 5332 6015
1458 2 2 0 1 856 2220 5574
1459 2 2 0 1 2155 1559 4876
1460 2 2 0 1 1705 2297 3542
1461 2 2 0 1 5239 2273 6520
1462 2 2 0 1 1462 2052 4443
1463 2 2 0 1 48 2116 4567
1464 2 2 0 1 1466 2610 2922
1465 2 2 0 1 3535 247 3895
1466 2 2 0 1 2128 745 4839
1467 2 2 0 1 1396 2345 4290
1468 2 2 0 1 2768 1295 3291
1469 2 2 0 1 1921 3832 3874
1470 2 2 0 1 2226 1528 5645
1471 2 2 0 1 2586 495 2778
1472 2 2 0 1 412 3138 3450
1473 2 2 0 1 2137 1140 3050
1474 2 2 0 1 620 2199 2932
1475 2 2 0 1 768 2176 3622
1476 2 2 0 1 3774 1969 4829
1477 2 2 0 1 2101 816 3568
1478 2 2 0 1 659 2235 3388
1479 2 2 0 1 2487 724 5614
1480 2 2 0 1 2250 498 4062
1481 2 2 0 1 581 2888 3723
1482 2 2 0 1 2113 1400 4815
1483 2 2 0 1 1621 2443 2909
1484 2 2 0 1 3031 339 3121
1485 2 2 0 1 905 2683 3629
1486 2 2 0 1 1060 2939 5949
1487 2 2 0 1 482 2655 2765
1488 2 2 0 1 4692 1452 5361
1489 2 2 0 1 3832 1161 3874
1490 2 2 0 1 1114 2178 5059
1491 2 2 0 1 1978 3044 5257
1492 2 2 0 1 535 2615 6074
1493 2 2 0 1 496 2007 4009
1494 2 2 0 1 2129 595 3384
1495 2 2 0 1 800 2105 4486
1496 2 2 0 1 1400 2113 3122
1497 2 2 0 1 2615 535 2706
1498 2 2 0 1 1241 3274 3390
1499 2 2 0 1 2096 585 3550
1500 2 2 0 1 2029 412 4663
1501 2 2 0 1 2039 1245 5353
1502 2 2 0 1 456 2362 3515
1503 2 2 0 1 508 2233 4673
1504 2 2 0 1 2321 926 5902
1505 2 2 0 1 2423 1365 4935
1506 2 2 0 1 592 2495 4402
1507 2 2 0 1 2081 1393 4596
1508 2 2 0 1 2965 2800 6011
1509 2 2 0 1 516 2744 3587
1510 2 2 0 1 2746 1461 3424
1511 2 2 0 1 5000 2853 5121
1512 2 2 0 1 2265 530 3235
1513 2 2 0 1 2460 1184 6406
1514 2 2 0 1 3860 5308 5698
1515 2 2 0 1 2063 1001 3240
1516 2 2 0 1 499 2467 3094
1517 2 2 0 1 3099 1091 5540
1518 2 2 0 1 2280 1171 4946
1519 2 2 0 1 2838 959 4027
1520 2 2 0 1 2430 303 2981
1521 2 2 0 1 523 2588 3631
1522 2 2 0 1 1160 3519 3827
1523 2 2 0 1 690 3432 4265
1524 2 2 0 1 2955 1708 5314
1525 2 2 0 1 2314 1152 5856
1526 2 2 0 1 2721 1047 4453
1527 2 2 0 1 3670 2108 4779
1528 2 2 0 1 2800 1748 6011
1529 2 2 0 1 1432 4623 4695
1530 2 2 0 1 2035 1211 5454
1531 2 2 0 1 2434 1041 2747
1532 2 2 0 1 1588 3215 3550
1533 2 2 0 1 2362 1230 3515
1534 2 2 0 1 3107 2068 4789
1535 2 2 0 1 2461 45 3078
1536 2 2 0 1 3343 487 4173
1537 2 2 0 1 2601 489 3088
1538 2 2 0 1 847 2282 5680
1539 2 2 0 1 1117 3107 4789
1540 2 2 0 1 978 2361 2830
1541 2 2 0 1 2048 439 4171
1542 2 2 0 1 335 2043 4156
1543 2 2 0 1 1239 2127 3110
1544 2 2 0 1 2664 685 4737
1545 2 2 0 1 2394 323 3934
1546 2 2 0 1 2853 525 5121
1547 2 2 0 1 3219 1323 4231
1548 2 2 0 1 356 3042 4228
1549 2 2 0 1 273 274 2408
1550 2 2 0 1 2190 811 5211
1551 2 2 0 1 2183 1250 3011
1552 2 2 0 1 2892 2270 6220
1553 2 2 0 1 3215 1135 3550
1554 2 2 0 1 319 2826 3377
1555 2 2 0 1 1211 2035 5800
1556 2 2 0 1 1079 2343 3183
1557 2 2 0 1 570 2360 6162
1558 2 2 0 1 1163 3492 5057
1559 2 2 0 1 2095 3227 4848
1560 2 2 0 1 642 2302 4033
1561 2 2 0 1 3472 1343 5083
1562 2 2 0 1 4782 951 5937
1563 2 2 0 1 2267 2884 6247
1564 2 2 0 1 925 2612 2974
1565 2 2 0 1 3382 1307 6309
1566 2 2 0 1 860 2675 4216
1567 2 2 0 1 1383 4020 5001
1568 2 2 0 1 2463 1478 2772
1569 2 2 0 1 2242 1025 5776
1570 2 2 0 1 1011 2603 5119
1571 2 2 0 1 4350 1695 4576
1572 2 2 0 1 1192 3774 4829
1573 2 2 0 1 286 2566 4543
1574 2 2 0 1 575 2915 4141
1575 2 2 0 1 5231 3159 5446
1576 2 2 0 1 5829 2366 6403
1577 2 2 0 1 1009 2286 3964
1578 2 2 0 1 1066 2145 4712
1579 2 2 0 1 777 2163 3678
1580 2 2 0 1 4071 39 5527
1581 2 2 0 1 2181 773 6463
1582 2 2 0 1 3151 1074 4937
1583 2 2 0 1 1225 2420 3769
1584 2 2 0 1 993 2464 3333
1585 2 2 0 1 2019 362 4894
1586 2 2 0 1 2031 1146 4752
1587 2 2 0 1 2144 732 5781
1588 2 2 0 1 1879 3742 5027
1589 2 2 0 1 343 2190 3919
1590 2 2 0 1 3288 512 3673
1591 2 2 0 1 622 2178 3955
1592 2 2 0 1 1004 2041 5004
1593 2 2 0 1 3254 1163 5057
1594 2 2 0 1 3266 142 6007
1595 2 2 0 1 1313 2250 4062
1596 2 2 0 1 1099 2192 4366
1597 2 2 0 1 2273 3631 6437
1598 2 2 0 1 3258 1110 3404
1599 2 2 0 1 2480 851 5647
1600 2 2 0 1 1389 3281 5613
1601 2 2 0 1 679 3017 3757
1602 2 2 0 1 2356 2827 6213
1603 2 2 0 1 2345 665 4290
1604 2 2 0 1 991 2411 2902
1605 2 2 0 1 2562 1021 5139
1606 2 2 0 1 978 2175 3639
1607 2 2 0 1 2025 512 3712
1608 2 2 0 1 6220 2270 6423
1609 2 2 0 1 2599 896 3636
1610 2 2 0 1 1088 3278 3616
1611 2 2 0 1 956 2560 3992
1612 2 2 0 1 673 2244 4232
1613 2 2 0 1 2821 2159 5887
1614 2 2 0 1 2524 3857 6380
1615 2 2 0 1 1195 3561 3744
1616 2 2 0 1 3030 461 4305
1617 2 2 0 1 2226 2978 5330
1618 2 2 0 1 1081 2694 2753
1619 2 2 0 1 824 2709 5679
1620 2 2 0 1 4046 843 5632
1621 2 2 0 1 2621 1372 4396
1622 2 2 0 1 2352 5163 5710
1623 2 2 0 1 1386 2584 3913
1624 2 2 0 1 2952 1652 4209
1625 2 2 0 1 2160 4615 5643
1626 2 2 0 1 1662 2543 3738
1627 2 2 0 1 3642 2440 4838
1628 2 2 0 1 2827 2460 6406
1629 2 2 0 1 2378 934 2868
1630 2 2 0 1 809 3302 6407
1631 2 2 0 1 3432 2008 4265
1632 2 2 0 1 2087 2997 5158
1633 2 2 0 1 3028 867 5271
1634 2 2 0 1 2185 3028 5271
1635 2 2 0 1 1120 2430 2981
1636 2 2 0 1 2819 1235 3174
1637 2 2 0 1 3203 547 3591
1638 2 2 0 1 144 3162 3839
1639 2 2 0 1 3559 1991 5725
1640 2 2 0 1 1134 2441 3512
1641 2 2 0 1 3860 2070 5308
1642 2 2 0 1 2720 356 4529
1643 2 2 0 1 384 2343 2957
1644 2 2 0 1 459 3260 3894
1645 2 2 0 1 712 2604 5806
1646 2 2 0 1 247 248 3895
1647 2 2 0 1 4920 345 6350
1648 2 2 0 1 2762 976 5533
1649 2 2 0 1 1536 3258 3404
1650 2 2 0 1 3138 1550 3450
1651 2 2 0 1 1093 2383 6256
1652 2 2 0 1 2664 4019 4991
1653 2 2 0 1 401 2269 3422
1654 2 2 0 1 2827 998 6213
1655 2 2 0 1 1276 2823 3734
1656 2 2 0 1 3282 518 4909
1657 2 2 0 1 1022 2427 6008
1658 2 2 0 1 1315 2563 4510
1659 2 2 0 1 1930 3492 5044
1660 2 2 0 1 1053 2355 2976
1661 2 2 0 1 2954 571 3523
1662 2 2 0 1 4874 984 5811
1663 2 2 0 1 1218 2064 6561
1664 2 2 0 1 2109 1068 5299
1665 2 2 0 1 3745 2161 5526
1666 2 2 0 1 2048 2515 5132
1667 2 2 0 1 1431 3176 3236
1668 2 2 0 1 3270 2073 5529
1669 2 2 0 1 1328 2599 3636
1670 2 2 0 1 2116 1061 3297
1671 2 2 0 1 71 72 3184
1672 2 2 0 1 381 2768 3291
1673 2 2 0 1 2073 894 6496
1674 2 2 0 1 219 220 3186
1675 2 2 0 1 1734 2504 3649
1676 2 2 0 1 2096 1234 5563
1677 2 2 0 1 2633 1057 2967
1678 2 2 0 1 3285 514 4823
1679 2 2 0 1 2284 1050 4218
1680 2 2 0 1 292 293 3163
1681 2 2 0 1 912 2660 4380
1682 2 2 0 1 436 2581 5399
1683 2 2 0 1 2121 993 3199
1684 2 2 0 1 2238 780 3341
1685 2 2 0 1 89 3035 6668
1686 2 2 0 1 5164 516 5673
1687 2 2 0 1 1668 2440 3642
1688 2 2 0 1 1116 2206 4550
1689 2 2 0 1 3176 1066 3236
1690 2 2 0 1 1357 3031 3121
1691 2 2 0 1 2070 878 4224
1692 2 2 0 1 2043 1129 4156
1693 2 2 0 1 2208 1728 5458
1694 2 2 0 1 2720 1578 5727
1695 2 2 0 1 2424 1527 5708
1696 2 2 0 1 2180 474 6416
1697 2 2 0 1 896 2599 3130
1698 2 2 0 1 326 2295 3468
1699 2 2 0 1 2449 908 6215
1700 2 2 0 1 3828 1247 3902
1701 2 2 0 1 859 3104 5810
1702 2 2 0 1 2426 1531 5709
1703 2 2 0 1 1051 2033 3540
1704 2 2 0 1 2170 325 4276
1705 2 2 0 1 3608 1080 4676
1706 2 2 0 1 445 2661 4541
1707 2 2 0 1 3790 396 5232
1708 2 2 0 1 2146 3901 6548
1709 2 2 0 1 2195 1004 4300
1710 2 2 0 1 2694 1119 2753
1711 2 2 0 1 1220 2095 3856
1712 2 2 0 1 2341 818 6235
1713 2 2 0 1 1734 3649 4790
1714 2 2 0 1 886 2086 4590
1715 2 2 0 1 944 2437 2825
1716 2 2 0 1 2806 333 3570
1717 2 2 0 1 2450 1510 3754
1718 2 2 0 1 2402 924 6511
1719 2 2 0 1 1310 2058 3647
1720 2 2 0 1 2333 6017 6284
1721 2 2 0 1 2120 965 4706
1722 2 2 0 1 878 2070 3860
1723 2 2 0 1 2344 820 6237
1724 2 2 0 1 4541 2661 5607
1725 2 2 0 1 753 4075 5151
1726 2 2 0 1 2718 995 3315
1727 2 2 0 1 3104 859 4017
1728 2 2 0 1 2348 854 2894
1729 2 2 0 1 3183 2343 4999
1730 2 2 0 1 1524 2500 4313
1731 2 2 0 1 2092 1149 6046
1732 2 2 0 1 1786 2664 4737
1733 2 2 0 1 422 3816 6532
1734 2 2 0 1 438 2245 5858
1735 2 2 0 1 2443 1621 5115
1736 2 2 0 1 3081 1068 4485
1737 2 2 0 1 1693 2377 5325
1738 2 2 0 1 3030 4305 5717
1739 2 2 0 1 2331 527 3083
1740 2 2 0 1 958 2368 4054
1741 2 2 0 1 1025 2328 5776
1742 2 2 0 1 1459 2128 4839
1743 2 2 0 1 516 5164 6300
1744 2 2 0 1 6338 2220 6453
1745 2 2 0 1 2112 349 4185
1746 2 2 0 1 44 2461 4931
1747 2 2 0 1 881 2280 4503
1748 2 2 0 1 2891 992 5301
1749 2 2 0 1 2370 906 4016
1750 2 2 0 1 2069 2869 5821
1751 2 2 0 1 1080 3178 4676
1752 2 2 0 1 1621 2446 5115
1753 2 2 0 1 2680 1087 2732
1754 2 2 0 1 356 4228 4408
1755 2 2 0 1 2187 3600 5644
1756 2 2 0 1 465 2821 5887
1757 2 2 0 1 2222 1294 4267
1758 2 2 0 1 292 3163 3801
1759 2 2 0 1 5454 560 6471
1760 2 2 0 1 3069 1783 5204
1761 2 2 0 1 533 2342 3215
1762 2 2 0 1 2058 1310 3786
1763 2 2 0 1 2333 312 3718
1764 2 2 0 1 2481 367 3040
1765 2 2 0 1 942 2347 2994
1766 2 2 0 1 5018 1672 5090
1767 2 2 0 1 3155 675 4296
1768 2 2 0 1 1346 2370 4016
1769 2 2 0 1 764 2226 5330
1770 2 2 0 1 955 2325 5771
1771 2 2 0 1 2606 503 2707
1772 2 2 0 1 2161 3745 5604
1773 2 2 0 1 2586 1046 2950
1774 2 2 0 1 1255 4050 4103
1775 2 2 0 1 949 2446 3019
1776 2 2 0 1 1030 4263 5302
1777 2 2 0 1 3356 1599 4665
1778 2 2 0 1 834 2254 3283
1779 2 2 0 1 1948 2517 4559
1780 2 2 0 1 3180 953 6506
1781 2 2 0 1 2825 1314 4169
1782 2 2 0 1 3284 4058 6016
1783 2 2 0 1 2094 1108 3384
1784 2 2 0 1 2342 1135 3215
1785 2 2 0 1 2258 3255 5177
1786 2 2 0 1 3538 1958 5928
1787 2 2 0 1 1166 3748 4812
1788 2 2 0 1 1466 3117 4199
1789 2 2 0 1 3783 1634 4269
1790 2 2 0 1 122 2365 3245
1791 2 2 0 1 2244 673 4246
1792 2 2 0 1 712 5806 5882
1793 2 2 0 1 144 145 3162
1794 2 2 0 1 2838 4027 4799
1795 2 2 0 1 3278 2381 4971
1796 2 2 0 1 3227 624 5161
1797 2 2 0 1 540 3504 4549
1798 2 2 0 1 2026 724 3760
1799 2 2 0 1 3017 1619 3757
1800 2 2 0 1 913 2479 2846
1801 2 2 0 1 1357 2168 4483
1802 2 2 0 1 2966 1672 5018
1803 2 2 0 1 2207 777 3678
1804 2 2 0 1 3284 1138 4058
1805 2 2 0 1 1114 2963 3955
1806 2 2 0 1 1704 2253 5405
1807 2 2 0 1 2636 1391 3355
1808 2 2 0 1 3382 2218 4640
1809 2 2 0 1 2823 1471 3734
1810 2 2 0 1 1895 3155 4296
1811 2 2 0 1 2343 1079 2957
1812 2 2 0 1 183 184 2477
1813 2 2 0 1 2390 3201 5167
1814 2 2 0 1 1146 2031 3662
1815 2 2 0 1 2131 2920 3814
1816 2 2 0 1 2475 322 3968
1817 2 2 0 1 2693 2021 4585
1818 2 2 0 1 1316 3529 4146
1819 2 2 0 1 2547 1647 3764
1820 2 2 0 1 541 3508 4560
1821 2 2 0 1 2060 2800 5517
1822 2 2 0 1 2049 461 6584
1823 2 2 0 1 2241 1511 3242
1824 2 2 0 1 546 2470 2790
1825 2 2 0 1 822 2303 3420
1826 2 2 0 1 304 4484 4617
1827 2 2 0 1 2141 1074 3357
1828 2 2 0 1 2293 945 6671
1829 2 2 0 1 2206 1423 4550
1830 2 2 0 1 2954 3523 4583
1831 2 2 0 1 2709 824 3807
1832 2 2 0 1 361 3730 6455
1833 2 2 0 1 2376 907 4029
1834 2 2 0 1 2814 1030 5302
1835 2 2 0 1 4037 1579 4257
1836 2 2 0 1 2617 478 4791
1837 2 2 0 1 2284 931 3931
1838 2 2 0 1 914 2037 4174
1839 2 2 0 1 2885 667 4393
1840 2 2 0 1 1473 2329 4586
1841 2 2 0 1 2486 868 2985
1842 2 2 0 1 2217 1055 5382
1843 2 2 0 1 2087 1347 4246
1844 2 2 0 1 3088 2449 6215
1845 2 2 0 1 2142 1370 4743
1846 2 2 0 1 2179 1172 3651
1847 2 2 0 1 2978 1730 5330
1848 2 2 0 1 1345 2376 4029
1849 2 2 0 1 2149 1121 3464
1850 2 2 0 1 410 3125 3646
1851 2 2 0 1 4496 3478 5572
1852 2 2 0 1 2701 865 4047
1853 2 2 0 1 2235 1168 3388
1854 2 2 0 1 2440 382 4427
1855 2 2 0 1 931 2284 4218
1856 2 2 0 1 1347 2244 4246
1857 2 2 0 1 4178 1011 5119
1858 2 2 0 1 1988 3790 5232
1859 2 2 0 1 2108 1111 4779
1860 2 2 0 1 2357 3403 4232
1861 2 2 0 1 1470 2452 3866
1862 2 2 0 1 3216 334 3385
1863 2 2 0 1 1682 2375 5266
1864 2 2 0 1 2510 1339 4501
1865 2 2 0 1 4547 954 5734
1866 2 2 0 1 924 2494 6511
1867 2 2 0 1 2389 837 3221
1868 2 2 0 1 2245 800 4486
1869 2 2 0 1 1496 2770 3921
1870 2 2 0 1 1002 2467 3016
1871 2 2 0 1 3516 1383 5001
1872 2 2 0 1 3738 463 4203
1873 2 2 0 1 1099 2139 4023
1874 2 2 0 1 795 2482 6628
1875 2 2 0 1 1807 2445 4136
1876 2 2 0 1 1118 2329 6646
1877 2 2 0 1 1055 2223 5382
1878 2 2 0 1 2320 580 3561
1879 2 2 0 1 1495 3216 3385
1880 2 2 0 1 2759 1055 2872
1881 2 2 0 1 2457 1585 6493
1882 2 2 0 1 1752 2807 3106
1883 2 2 0 1 3901 2146 5883
1884 2 2 0 1 1373 2644 5075
1885 2 2 0 1 2173 507 3900
1886 2 2 0 1 1838 4147 6036
1887 2 2 0 1 2427 1022 2873
1888 2 2 0 1 1080 2978 4116
1889 2 2 0 1 3390 3274 5994
1890 2 2 0 1 2514 1340 4512
1891 2 2 0 1 4538 2049 6584
1892 2 2 0 1 576 3281 4230
1893 2 2 0 1 5139 1021 6143
1894 2 2 0 1 1444 4189 4561
1895 2 2 0 1 3949 1764 4410
1896 2 2 0 1 3120 734 6551
1897 2 2 0 1 2099 1228 3954
1898 2 2 0 1 2219 715 4593
1899 2 2 0 1 1809 2448 4145
1900 2 2 0 1 2028 4093 5273
1901 2 2 0 1 1028 2586 2778
1902 2 2 0 1 3912 922 5341
1903 2 2 0 1 883 2203 5904
1904 2 2 0 1 2245 3903 5179
1905 2 2 0 1 5196 884 6513
1906 2 2 0 1 1375 2369 3024
1907 2 2 0 1 3043 307 4282
1908 2 2 0 1 1119 2427 6383
1909 2 2 0 1 834 2478 3731
1910 2 2 0 1 1003 2264 6074
1911 2 2 0 1 1108 2094 3556
1912 2 2 0 1 1022 2216 4043
1913 2 2 0 1 2238 1252 3943
1914 2 2 0 1 3092 1142 3485
1915 2 2 0 1 625 2169 4866
1916 2 2 0 1 2134 931 6052
1917 2 2 0 1 2660 4111 4380
1918 2 2 0 1 5997 2387 6003
1919 2 2 0 1 1143 2824 3115
1920 2 2 0 1 2800 937 5517
1921 2 2 0 1 1442 3092 3485
1922 2 2 0 1 1062 2527 6218
1923 2 2 0 1 3399 1692 4182
1924 2 2 0 1 2875 764 6015
1925 2 2 0 1 3125 1575 3646
1926 2 2 0 1 2067 1380 6451
1927 2 2 0 1 1152 2585 5856
1928 2 2 0 1 954 2616 2799
1929 2 2 0 1 2089 1008 3867
1930 2 2 0 1 873 2209 5394
1931 2 2 0 1 904 2353 2942
1932 2 2 0 1 659 3388 3815
1933 2 2 0 1 367 2589 3040
1934 2 2 0 1 1019 2968 4319
1935 2 2 0 1 3044 505 5257
1936 2 2 0 1 3457 2106 5621
1937 2 2 0 1 2194 1066 4712
1938 2 2 0 1 2417 1009 3964
1939 2 2 0 1 1221 3745 5526
1940 2 2 0 1 2443 5115 6669
1941 2 2 0 1 1744 2885 4393
1942 2 2 0 1 2496 10 4348
1943 2 2 0 1 1013 2304 3185
1944 2 2 0 1 2285 3869 6368
1945 2 2 0 1 2139 1099 3834
1946 2 2 0 1 2906 881 4503
1947 2 2 0 1 779 2127 3375
1948 2 2 0 1 533 2558 4904
1949 2 2 0 1 2132 1362 4670
1950 2 2 0 1 1771 2126 6158
1951 2 2 0 1 4583 1819 5518
1952 2 2 0 1 2405 1645 3679
1953 2 2 0 1 1423 2206 3287
1954 2 2 0 1 2327 986 2828
1955 2 2 0 1 5115 2446 6673
1956 2 2 0 1 2377 415 5325
1957 2 2 0 1 816 2101 3732
1958 2 2 0 1 2200 327 3182
1959 2 2 0 1 2644 3907 5075
1960 2 2 0 1 1081 2680 2732
1961 2 2 0 1 2694 1081 2732
1962 2 2 0 1 1999 4798 4941
1963 2 2 0 1 2482 921 2982
1964 2 2 0 1 4569 436 5399
1965 2 2 0 1 2125 811 6659
1966 2 2 0 1 2325 3865 5771
1967 2 2 0 1 2151 980 4653
1968 2 2 0 1 2719 1274 3475
1969 2 2 0 1 3557 1974 5905
1970 2 2 0 1 1837 3977 6095
1971 2 2 0 1 376 2263 3068
1972 2 2 0 1 3600 1190 5644
1973 2 2 0 1 1126 2389 3221
1974 2 2 0 1 3166 1668 5634
1975 2 2 0 1 2668 1580 3409
1976 2 2 0 1 3769 2420 5751
1977 2 2 0 1 780 2143 6096
1978 2 2 0 1 2780 1741 3111
1979 2 2 0 1 3742 1576 5027
1980 2 2 0 1 455 2483 3650
1981 2 2 0 1 2407 1650 3686
1982 2 2 0 1 2111 1056 4595
1983 2 2 0 1 1129 2086 4156
1984 2 2 0 1 2621 4396 5346
1985 2 2 0 1 2512 897 3477
1986 2 2 0 1 1180 3581 6619
1987 2 2 0 1 884 2454 6513
1988 2 2 0 1 1111 2108 4926
1989 2 2 0 1 2749 361 4619
1990 2 2 0 1 4250 621 5027
1991 2 2 0 1 1234 2096 3547
1992 2 2 0 1 1299 2685 3617
1993 2 2 0 1 2160 1569 5566
1994 2 2 0 1 2350 880 6047
1995 2 2 0 1 402 2238 3943
1996 2 2 0 1 966 4524 5820
1997 2 2 0 1 1019 4319 4838
1998 2 2 0 1 778 2183 6125
1999 2 2 0 1 2081 2993 4754
2000 2 2 0 1 3388 1745 3815
2001 2 2 0 1 2183 778 5628
2002 2 2 0 1 2207 3828 5802
2003 2 2 0 1 3483 1115 5290
2004 2 2 0 1 2278 478 3113
2005 2 2 0 1 2332 1150 3417
2006 2 2 0 1 2290 836 3046
2007 2 2 0 1 3362 2465 4472
2008 2 2 0 1 5313 1024 5759
2009 2 2 0 1 3320 1213 5337
2010 2 2 0 1 560 2999 3275
2011 2 2 0 1 774 2252 3103
2012 2 2 0 1 2113 479 4887
2013 2 2 0 1 751 2100 5422
2014 2 2 0 1 2951 2281 4273
2015 2 2 0 1 957 2650 2802
2016 2 2 0 1 2090 4945 5066
2017 2 2 0 1 2781 937 3741
2018 2 2 0 1 1062 6218 6460
2019 2 2 0 1 386 3280 4277
2020 2 2 0 1 2603 1011 2857
2021 2 2 0 1 528 2526 3907
2022 2 2 0 1 1086 2111 3445
2023 2 2 0 1 2655 1049 2765
2024 2 2 0 1 1106 2458 3079
2025 2 2 0 1 336 2277 4237
2026 2 2 0 1 4202 967 5921
2027 2 2 0 1 2346 1159 3436
2028 2 2 0 1 4742 2041 5037
2029 2 2 0 1 2386 3443 4940
2030 2 2 0 1 4307 741 5928
2031 2 2 0 1 4241 3148 4415
2032 2 2 0 1 98 99 3244
2033 2 2 0 1 2776 1733 3095
2034 2 2 0 1 2036 3011 6199
2035 2 2 0 1 576 4230 4997
2036 2 2 0 1 320 3148 4241
2037 2 2 0 1 2843 2263 4204
2038 2 2 0 1 2379 438 5858
2039 2 2 0 1 188 189 2928
2040 2 2 0 1 2223 1055 5180
2041 2 2 0 1 2198 422 3157
2042 2 2 0 1 974 2637 6543
2043 2 2 0 1 371 2700 2946
2044 2 2 0 1 1226 2090 3602
2045 2 2 0 1 3189 1941 4558
2046 2 2 0 1 553 2694 2732
2047 2 2 0 1 3043 832 4670
2048 2 2 0 1 2839 1120 2962
2049 2 2 0 1 2145 481 4826
2050 2 2 0 1 4093 164 5273
2051 2 2 0 1 2374 822 3420
2052 2 2 0 1 2387 1078 3525
2053 2 2 0 1 2324 3180 6506
2054 2 2 0 1 2294 573 3086
2055 2 2 0 1 921 2482 6488
2056 2 2 0 1 782 2159 3454
2057 2 2 0 1 4297 1766 4396
2058 2 2 0 1 763 2099 5143
2059 2 2 0 1 1025 2242 5502
2060 2 2 0 1 1668 3166 5704
2061 2 2 0 1 963 2636 3355
2062 2 2 0 1 381 2123 4092
2063 2 2 0 1 1440 2684 4755
2064 2 2 0 1 4492 2926 6194
2065 2 2 0 1 766 2240 3183
2066 2 2 0 1 1224 2378 3658
2067 2 2 0 1 1086 3003 3055
2068 2 2 0 1 582 2980 3464
2069 2 2 0 1 4005 1535 5320
2070 2 2 0 1 2292 354 5406
2071 2 2 0 1 2131 555 4163
2072 2 2 0 1 657 4115 5467
2073 2 2 0 1 825 3075 4200
2074 2 2 0 1 1121 3142 3200
2075 2 2 0 1 2131 2428 6274
2076 2 2 0 1 2064 1218 4284
2077 2 2 0 1 2121 1123 3418
2078 2 2 0 1 961 3553 3858
2079 2 2 0 1 1040 2300 3253
2080 2 2 0 1 6548 2786 6651
2081 2 2 0 1 2585 3466 5182
2082 2 2 0 1 1714 3470 3771
2083 2 2 0 1 2556 884 3126
2084 2 2 0 1 141 142 3266
2085 2 2 0 1 2869 363 5821
2086 2 2 0 1 2259 948 3164
2087 2 2 0 1 901 2453 6580
2088 2 2 0 1 2091 759 4371
2089 2 2 0 1 2700 1154 2946
2090 2 2 0 1 880 2379 6047
2091 2 2 0 1 1419 2781 3741
2092 2 2 0 1 3711 1812 5586
2093 2 2 0 1 625 2317 3019
2094 2 2 0 1 3417 1954 5356
2095 2 2 0 1 2099 763 4082
2096 2 2 0 1 1695 2509 4576
2097 2 2 0 1 2728 1084 2742
2098 2 2 0 1 6523 974 6543
2099 2 2 0 1 1764 3949 5664
2100 2 2 0 1 2518 1165 2790
2101 2 2 0 1 2377 1693 6566
2102 2 2 0 1 826 3082 4210
2103 2 2 0 1 2845 1166 2967
2104 2 2 0 1 4491 957 5797
2105 2 2 0 1 3003 1287 3055
2106 2 2 0 1 2868 934 4310
2107 2 2 0 1 2264 314 5272
2108 2 2 0 1 2545 137 3559
2109 2 2 0 1 2100 751 3979
2110 2 2 0 1 2130 1173 5099
2111 2 2 0 1 2458 572 3079
2112 2 2 0 1 2675 4459 6079
2113 2 2 0 1 1715 3480 3780
2114 2 2 0 1 2443 943 2909
2115 2 2 0 1 2999 1306 3275
2116 2 2 0 1 2824 1257 3115
2117 2 2 0 1 2505 1534 4265
2118 2 2 0 1 1208 2839 2962
2119 2 2 0 1 2304 1013 5669
2120 2 2 0 1 560 3107 6471
2121 2 2 0 1 2011 3805 4148
2122 2 2 0 1 3709 886 4590
2123 2 2 0 1 1331 2484 6368
2124 2 2 0 1 2538 3074 4379
2125 2 2 0 1 872 2387 5997
2126 2 2 0 1 75 76 4099
2127 2 2 0 1 542 2325 3074
2128 2 2 0 1 223 224 4102
2129 2 2 0 1 971 2287 2776
2130 2 2 0 1 1618 4681 5459
2131 2 2 0 1 2423 392 4124
2132 2 2 0 1 3144 50 5068
2133 2 2 0 1 3128 2295 4411
2134 2 2 0 1 1748 2800 4622
2135 2 2 0 1 2786 814 6651
2136 2 2 0 1 1228 2099 4082
2137 2 2 0 1 1525 2973 5263
2138 2 2 0 1 1358 3311 4253
2139 2 2 0 1 973 2288 2780
2140 2 2 0 1 586 3014 3081
2141 2 2 0 1 3376 914 5741
2142 2 2 0 1 3759 1618 5459
2143 2 2 0 1 630 4975 5665
2144 2 2 0 1 2086 1129 5475
2145 2 2 0 1 811 2190 3273
2146 2 2 0 1 3459 1098 5024
2147 2 2 0 1 2069 3854 5657
2148 2 2 0 1 2473 1868 3718
2149 2 2 0 1 1810 2225 5036
2150 2 2 0 1 4825 1721 5058
2151 2 2 0 1 3745 346 5604
2152 2 2 0 1 1198 2100 3979
2153 2 2 0 1 1170 2815 3664
2154 2 2 0 1 2100 4071 5527
2155 2 2 0 1 3159 1799 5446
2156 2 2 0 1 2487 3563 4481
2157 2 2 0 1 1151 2234 3375
2158 2 2 0 1 2275 1077 3489
2159 2 2 0 1 2933 1140 3132
2160 2 2 0 1 945 2332 3035
2161 2 2 0 1 1365 2423 4124
2162 2 2 0 1 341 3326 3404
2163 2 2 0 1 1293 2110 4652
2164 2 2 0 1 2564 229 3557
2165 2 2 0 1 2822 1290 3848
2166 2 2 0 1 3009 999 4420
2167 2 2 0 1 572 2458 3544
2168 2 2 0 1 2194 331 3289
2169 2 2 0 1 1157 2423 4935
2170 2 2 0 1 1029 2929 2954
2171 2 2 0 1 2234 779 3375
2172 2 2 0 1 1628 3043 4282
2173 2 2 0 1 2168 1357 4705
2174 2 2 0 1 2957 1079 5554
2175 2 2 0 1 3605 2643 5938
2176 2 2 0 1 483 2520 2882
2177 2 2 0 1 364 2701 4097
2178 2 2 0 1 1266 2131 4163
2179 2 2 0 1 3312 344 5922
2180 2 2 0 1 620 2177 4835
2181 2 2 0 1 583 3406 4729
2182 2 2 0 1 3043 1628 4749
2183 2 2 0 1 2100 1198 4071
2184 2 2 0 1 715 2219 5316
2185 2 2 0 1 831 2300 3352
2186 2 2 0 1 2232 503 6082
2187 2 2 0 1 2274 336 4237
2188 2 2 0 1 2802 493 5483
2189 2 2 0 1 2406 1045 3890
2190 2 2 0 1 1066 2194 3289
2191 2 2 0 1 312 2473 3718
2192 2 2 0 1 1453 2210 4821
2193 2 2 0 1 2925 1409 5835
2194 2 2 0 1 2774 306 3461
2195 2 2 0 1 107 108 2994
2196 2 2 0 1 2800 409 4622
2197 2 2 0 1 2299 970 2807
2198 2 2 0 1 568 3187 5244
2199 2 2 0 1 2300 1040 5012
2200 2 2 0 1 2186 500 6572
2201 2 2 0 1 3018 1496 3496
2202 2 2 0 1 323 2394 6221
2203 2 2 0 1 1033 2372 3738
2204 2 2 0 1 2165 564 3382
2205 2 2 0 1 2319 1173 3044
2206 2 2 0 1 3992 2560 5064
2207 2 2 0 1 2153 2617 4791
2208 2 2 0 1 5511 3332 6516
2209 2 2 0 1 2398 919 4006
2210 2 2 0 1 2097 1193 5104
2211 2 2 0 1 96 97 2548
2212 2 2 0 1 1312 3237 4312
2213 2 2 0 1 284 285 2721
2214 2 2 0 1 3142 1379 3200
2215 2 2 0 1 1365 4257 4935
2216 2 2 0 1 2230 786 3541
2217 2 2 0 1 1122 2150 3703
2218 2 2 0 1 2322 848 3621
2219 2 2 0 1 1348 2102 5191
2220 2 2 0 1 3014 1288 3081
2221 2 2 0 1 1273 2933 3132
2222 2 2 0 1 527 2147 4080
2223 2 2 0 1 2520 1076 2882
2224 2 2 0 1 5266 2375 6478
2225 2 2 0 1 508 2839 2911
2226 2 2 0 1 2933 2215 6650
2227 2 2 0 1 2539 81 3538
2228 2 2 0 1 1768 3112 5132
2229 2 2 0 1 309 2349 3946
2230 2 2 0 1 2884 2267 5908
2231 2 2 0 1 2471 897 6283
2232 2 2 0 1 257 258 2757
2233 2 2 0 1 2939 1599 3356
2234 2 2 0 1 2555 579 3434
2235 2 2 0 1 3067 486 4452
2236 2 2 0 1 888 2550 4553
2237 2 2 0 1 1395 2444 4728
2238 2 2 0 1 3805 1449 4148
2239 2 2 0 1 2831 1723 5346
2240 2 2 0 1 2529 508 4673
2241 2 2 0 1 958 4054 6193
2242 2 2 0 1 2127 545 4516
2243 2 2 0 1 1138 2587 3595
2244 2 2 0 1 3393 1444 4561
2245 2 2 0 1 2098 784 4818
2246 2 2 0 1 1620 2868 4310
2247 2 2 0 1 2008 2505 4265
2248 2 2 0 1 897 2471 3792
2249 2 2 0 1 3244 99 3593
2250 2 2 0 1 2129 1108 4672
2251 2 2 0 1 2127 779 5993
2252 2 2 0 1 2286 1447 5010
2253 2 2 0 1 1217 3379 3894
2254 2 2 0 1 611 3189 4558
2255 2 2 0 1 3187 2211 5244
2256 2 2 0 1 2324 500 3180
2257 2 2 0 1 2565 1300 3028
2258 2 2 0 1 4890 1464 4899
2259 2 2 0 1 1661 2906 4503
2260 2 2 0 1 2053 4566 4868
2261 2 2 0 1 1894 5997 6003
2262 2 2 0 1 613 2843 3773
2263 2 2 0 1 2349 1283 3946
2264 2 2 0 1 2820 1392 4451
2265 2 2 0 1 2275 334 3216
2266 2 2 0 1 392 2423 6206
2267 2 2 0 1 4511 1861 4525
2268 2 2 0 1 2361 978 3639
2269 2 2 0 1 3470 671 3771
2270 2 2 0 1 1097 2728 2742
2271 2 2 0 1 3174 1235 3669
2272 2 2 0 1 502 2718 3315
2273 2 2 0 1 371 2884 5908
2274 2 2 0 1 2620 1034 3680
2275 2 2 0 1 483 2308 6550
2276 2 2 0 1 2108 1144 4694
2277 2 2 0 1 4402 2495 6645
2278 2 2 0 1 1520 2531 5481
2279 2 2 0 1 2675 860 4459
2280 2 2 0 1 2470 2648 6310
2281 2 2 0 1 2052 2918 3988
2282 2 2 0 1 2490 314 6637
2283 2 2 0 1 649 2114 4317
2284 2 2 0 1 2843 1448 3773
2285 2 2 0 1 1079 4885 5554
2286 2 2 0 1 2126 717 4329
2287 2 2 0 1 4258 1356 4634
2288 2 2 0 1 2472 1272 4334
2289 2 2 0 1 2410 281 3632
2290 2 2 0 1 5387 1720 6604
2291 2 2 0 1 2772 1478 4255
2292 2 2 0 1 2291 305 3867
2293 2 2 0 1 926 2725 4754
2294 2 2 0 1 861 2734 5842
2295 2 2 0 1 437 2203 4194
2296 2 2 0 1 3258 583 4729
2297 2 2 0 1 2669 1174 4489
2298 2 2 0 1 3480 674 3780
2299 2 2 0 1 1336 3554 3683
2300 2 2 0 1 394 5250 5377
2301 2 2 0 1 3381 761 3516
2302 2 2 0 1 1711 3227 5161
2303 2 2 0 1 196 2141 4406
2304 2 2 0 1 1595 2240 5347
2305 2 2 0 1 2890 1383 3687
2306 2 2 0 1 2566 287 3369
2307 2 2 0 1 2155 1251 3456
2308 2 2 0 1 2253 501 5489
2309 2 2 0 1 866 2788 4101
2310 2 2 0 1 1140 2137 4009
2311 2 2 0 1 317 2197 3445
2312 2 2 0 1 603 2643 3605
2313 2 2 0 1 2644 528 3907
2314 2 2 0 1 1052 2203 3974
2315 2 2 0 1 1958 3538 5393
2316 2 2 0 1 3401 1240 3560
2317 2 2 0 1 2929 1271 2954
2318 2 2 0 1 2283 1137 3119
2319 2 2 0 1 2720 1427 3042
2320 2 2 0 1 259 2411 3829
2321 2 2 0 1 2859 1053 4197
2322 2 2 0 1 1132 3269 3410
2323 2 2 0 1 1305 2222 6224
2324 2 2 0 1 2874 1218 3555
2325 2 2 0 1 954 2431 5816
2326 2 2 0 1 3171 1241 3390
2327 2 2 0 1 4313 2500 6192
2328 2 2 0 1 3244 1590 4266
2329 2 2 0 1 2589 1313 3040
2330 2 2 0 1 704 2815 6318
2331 2 2 0 1 2269 401 5617
2332 2 2 0 1 3250 1146 3662
2333 2 2 0 1 1512 2521 5249
2334 2 2 0 1 1077 2275 3216
2335 2 2 0 1 2314 332 3501
2336 2 2 0 1 166 2175 3594
2337 2 2 0 1 2116 48 4478
2338 2 2 0 1 3380 630 5665
2339 2 2 0 1 2128 416 4509
2340 2 2 0 1 3782 2293 6671
2341 2 2 0 1 1262 2774 3461
2342 2 2 0 1 3160 319 4261
2343 2 2 0 1 2811 2001 5728
2344 2 2 0 1 3237 1906 4312
2345 2 2 0 1 2390 3928 5699
2346 2 2 0 1 800 2245 5179
2347 2 2 0 1 766 3183 4999
2348 2 2 0 1 2964 1104 3620
2349 2 2 0 1 2849 1196 2991
2350 2 2 0 1 2178 622 4993
2351 2 2 0 1 2815 6136 6318
2352 2 2 0 1 2017 5332 5888
2353 2 2 0 1 997 2365 6684
2354 2 2 0 1 2896 1243 3606
2355 2 2 0 1 2096 3550 4995
2356 2 2 0 1 2771 2280 4946
2357 2 2 0 1 305 2258 3372
2358 2 2 0 1 2102 3915 5624
2359 2 2 0 1 3047 521 3851
2360 2 2 0 1 561 3358 3952
2361 2 2 0 1 2313 767 3789
2362 2 2 0 1 395 2571 3265
2363 2 2 0 1 2224 2925 5835
2364 2 2 0 1 562 2845 3513
2365 2 2 0 1 3302 2184 6407
2366 2 2 0 1 690 2193 3432
2367 2 2 0 1 1376 2723 3616
2368 2 2 0 1 2982 921 5124
2369 2 2 0 1 1061 2748 5410
2370 2 2 0 1 1511 2241 5209
2371 2 2 0 1 1154 2670 2946
2372 2 2 0 1 2510 4501 5780
2373 2 2 0 1 2169 1137 4769
2374 2 2 0 1 3379 1778 3894
2375 2 2 0 1 3326 1536 3404
2376 2 2 0 1 1136 2782 2890
2377 2 2 0 1 2105 800 3848
2378 2 2 0 1 919 2364 5929
2379 2 2 0 1 1551 2926 4492
2380 2 2 0 1 898 3156 6442
2381 2 2 0 1 3857 587 6380
2382 2 2 0 1 1114 5593 5822
2383 2 2 0 1 2290 594 4623
2384 2 2 0 1 825 2405 3679
2385 2 2 0 1 2527 2305 5904
2386 2 2 0 1 2133 769 4198
2387 2 2 0 1 1031 3406 6047
2388 2 2 0 1 2159 782 4916
2389 2 2 0 1 1592 3381 3516
2390 2 2 0 1 3769 22 5911
2391 2 2 0 1 2598 845 5265
2392 2 2 0 1 2608 1388 6661
2393 2 2 0 1 1690 2469 5344
2394 2 2 0 1 143 144 3839
2395 2 2 0 1 551 2695 3259
2396 2 2 0 1 4397 748 5905
2397 2 2 0 1 291 292 3801
2398 2 2 0 1 579 2555 3933
2399 2 2 0 1 2322 1085 3405
2400 2 2 0 1 3269 1502 3410
2401 2 2 0 1 1817 3160 4261
2402 2 2 0 1 2198 5387 6604
2403 2 2 0 1 1269 3588 5577
2404 2 2 0 1 89 90 3035
2405 2 2 0 1 6214 2325 6372
2406 2 2 0 1 2406 1571 5039
2407 2 2 0 1 913 3630 5505
2408 2 2 0 1 2514 4512 5786
2409 2 2 0 1 3326 4533 5144
2410 2 2 0 1 2876 1573 3902
2411 2 2 0 1 2177 1594 5961
2412 2 2 0 1 595 2129 5263
2413 2 2 0 1 1068 2351 5299
2414 2 2 0 1 3921 2770 5377
2415 2 2 0 1 211 4 5596
2416 2 2 0 1 1 5 5597
2417 2 2 0 1 1186 2156 5368
2418 2 2 0 1 3828 348 5802
2419 2 2 0 1 1152 2314 3501
2420 2 2 0 1 1279 3039 3623
2421 2 2 0 1 516 3587 6228
2422 2 2 0 1 826 2407 3686
2423 2 2 0 1 803 2399 3016
2424 2 2 0 1 3438 1783 3910
2425 2 2 0 1 1187 2157 5372
2426 2 2 0 1 3533 1402 4167
2427 2 2 0 1 2309 3223 5944
2428 2 2 0 1 391 4147 4919
2429 2 2 0 1 2782 664 2890
2430 2 2 0 1 3223 2309 5930
2431 2 2 0 1 2140 3188 5379
2432 2 2 0 1 1017 3116 6314
2433 2 2 0 1 4253 3311 5375
2434 2 2 0 1 2175 167 3639
2435 2 2 0 1 2147 751 5374
2436 2 2 0 1 1054 2251 3324
2437 2 2 0 1 331 2194 4912
2438 2 2 0 1 3699 1674 4671
2439 2 2 0 1 2404 1540 4917
2440 2 2 0 1 550 2551 3098
2441 2 2 0 1 2282 3769 5911
2442 2 2 0 1 2572 3888 4781
2443 2 2 0 1 340 2046 6305
2444 2 2 0 1 2492 347 6492
2445 2 2 0 1 2488 955 2971
2446 2 2 0 1 4241 1815 5007
2447 2 2 0 1 3241 680 4347
2448 2 2 0 1 4711 3392 5595
2449 2 2 0 1 3072 603 4357
2450 2 2 0 1 2357 342 3210
2451 2 2 0 1 2254 1022 3283
2452 2 2 0 1 1130 2269 5879
2453 2 2 0 1 1250 2275 5661
2454 2 2 0 1 2627 544 2872
2455 2 2 0 1 719 3438 3910
2456 2 2 0 1 2970 1869 4795
2457 2 2 0 1 2789 1212 3358
2458 2 2 0 1 1045 2497 3890
2459 2 2 0 1 5369 2764 5654
2460 2 2 0 1 2110 3116 4652
2461 2 2 0 1 402 2624 2891
2462 2 2 0 1 1468 3171 3390
2463 2 2 0 1 952 2681 2847
2464 2 2 0 1 711 3457 5621
2465 2 2 0 1 2258 1124 3372
2466 2 2 0 1 2705 1680 5310
2467 2 2 0 1 1103 3223 5930
2468 2 2 0 1 449 2618 5403
2469 2 2 0 1 5301 2910 5385
2470 2 2 0 1 328 2914 4803
2471 2 2 0 1 4216 2675 5438
2472 2 2 0 1 3533 4167 5564
2473 2 2 0 1 131 132 2596
2474 2 2 0 1 2831 5346 6404
2475 2 2 0 1 2192 1099 4023
2476 2 2 0 1 1457 2964 3620
2477 2 2 0 1 2270 5450 6487
2478 2 2 0 1 2791 474 3248
2479 2 2 0 1 2264 2559 6074
2480 2 2 0 1 993 2121 5109
2481 2 2 0 1 513 2439 3491
2482 2 2 0 1 1958 4307 5928
2483 2 2 0 1 5186 1961 5327
2484 2 2 0 1 2176 1169 3622
2485 2 2 0 1 976 2762 3228
2486 2 2 0 1 2209 1168 3845
2487 2 2 0 1 349 3770 4316
2488 2 2 0 1 4660 2829 4873
2489 2 2 0 1 1252 2238 3341
2490 2 2 0 1 3306 1155 3862
2491 2 2 0 1 1506 2154 4468
2492 2 2 0 1 3223 802 5944
2493 2 2 0 1 1289 2130 4767
2494 2 2 0 1 2788 1326 3715
2495 2 2 0 1 2270 4070 5450
2496 2 2 0 1 330 2798 5981
2497 2 2 0 1 3075 1796 4200
2498 2 2 0 1 3035 2332 6668
2499 2 2 0 1 1149 2849 2991
2500 2 2 0 1 3332 1147 6516
2501 2 2 0 1 2446 1621 3019
2502 2 2 0 1 2837 502 3315
2503 2 2 0 1 2334 955 5798
2504 2 2 0 1 1432 2290 4623
2505 2 2 0 1 2689 697 5145
2506 2 2 0 1 3279 426 3759
2507 2 2 0 1 2910 532 5385
2508 2 2 0 1 2300 831 3253
2509 2 2 0 1 897 2512 6553
2510 2 2 0 1 3233 1489 5558
2511 2 2 0 1 3217 1764 5664
2512 2 2 0 1 506 2547 3764
2513 2 2 0 1 1032 2471 3518
2514 2 2 0 1 504 2249 3729
2515 2 2 0 1 1569 2160 6558
2516 2 2 0 1 795 4224 5402
2517 2 2 0 1 1251 2808 2888
2518 2 2 0 1 1304 2202 3984
2519 2 2 0 1 3436 1159 5532
2520 2 2 0 1 2423 2936 6206
2521 2 2 0 1 2785 497 3304
2522 2 2 0 1 3550 1135 4995
2523 2 2 0 1 760 2531 5181
2524 2 2 0 1 356 2720 3042
2525 2 2 0 1 2247 3572 5137
2526 2 2 0 1 564 2165 5035
2527 2 2 0 1 2558 3537 4904
2528 2 2 0 1 3330 1505 3437
2529 2 2 0 1 2268 118 3300
2530 2 2 0 1 3188 601 5379
2531 2 2 0 1 2505 2008 6402
2532 2 2 0 1 3082 1800 4210
2533 2 2 0 1 862 2404 4917
2534 2 2 0 1 2271 4202 5921
2535 2 2 0 1 2491 1017 6467
2536 2 2 0 1 4945 1491 5066
2537 2 2 0 1 2104 2625 6366
2538 2 2 0 1 3436 1970 5433
2539 2 2 0 1 3835 958 4395
2540 2 2 0 1 588 3308 4620
2541 2 2 0 1 942 2994 4718
2542 2 2 0 1 1185 3469 3803
2543 2 2 0 1 1457 2631 3306
2544 2 2 0 1 2312 966 5188
2545 2 2 0 1 1046 3068 5764
2546 2 2 0 1 2623 909 2913
2547 2 2 0 1 3747 852 4355
2548 2 2 0 1 4033 2302 5567
2549 2 2 0 1 1985 3986 6564
2550 2 2 0 1 3350 2614 4454
2551 2 2 0 1 2042 2502 6480
2552 2 2 0 1 3617 2685 5307
2553 2 2 0 1 1041 2434 5932
2554 2 2 0 1 1078 2387 5836
2555 2 2 0 1 2725 4541 4754
2556 2 2 0 1 537 2938 3482
2557 2 2 0 1 1635 3279 3759
2558 2 2 0 1 767 2135 3789
2559 2 2 0 1 2329 1118 6434
2560 2 2 0 1 3725 2424 5708
2561 2 2 0 1 822 2374 5916
2562 2 2 0 1 886 3709 6642
2563 2 2 0 1 2328 1025 3331
2564 2 2 0 1 2722 584 4042
2565 2 2 0 1 2313 549 3165
2566 2 2 0 1 1126 2235 3599
2567 2 2 0 1 1119 2281 5648
2568 2 2 0 1 2203 2527 5904
2569 2 2 0 1 2130 1289 5986
2570 2 2 0 1 571 2204 3523
2571 2 2 0 1 2143 1201 5184
2572 2 2 0 1 1024 2792 5759
2573 2 2 0 1 3728 2426 5709
2574 2 2 0 1 1409 2896 3606
2575 2 2 0 1 1150 2645 4528
2576 2 2 0 1 1859 2781 5423
2577 2 2 0 1 2023 2654 5994
2578 2 2 0 1 2235 659 3599
2579 2 2 0 1 1536 3326 5144
2580 2 2 0 1 341 2970 4795
2581 2 2 0 1 3068 2263 5764
2582 2 2 0 1 2593 891 4269
2583 2 2 0 1 1174 2669 3232
2584 2 2 0 1 1808 2373 4190
2585 2 2 0 1 2982 1949 3185
2586 2 2 0 1 3059 1195 3744
2587 2 2 0 1 1068 2109 4432
2588 2 2 0 1 2838 1470 2893
2589 2 2 0 1 2129 3747 4355
2590 2 2 0 1 2808 1030 2888
2591 2 2 0 1 2303 822 5174
2592 2 2 0 1 3406 2350 6047
2593 2 2 0 1 477 2668 3487
2594 2 2 0 1 2120 372 3977
2595 2 2 0 1 2406 5039 5915
2596 2 2 0 1 2147 527 5008
2597 2 2 0 1 519 2209 3845
2598 2 2 0 1 2781 1859 5517
2599 2 2 0 1 2305 1062 3271
2600 2 2 0 1 484 3399 4182
2601 2 2 0 1 2695 1225 3259
2602 2 2 0 1 2456 1342 6145
2603 2 2 0 1 1318 2887 2914
2604 2 2 0 1 252 2638 3423
2605 2 2 0 1 2964 549 4197
2606 2 2 0 1 2228 3233 5558
2607 2 2 0 1 1732 2418 3676
2608 2 2 0 1 1015 3179 4477
2609 2 2 0 1 1705 2764 5369
2610 2 2 0 1 3308 4550 4620
2611 2 2 0 1 1010 2787 6066
2612 2 2 0 1 3103 1118 6646
2613 2 2 0 1 2258 305 3808
2614 2 2 0 1 1101 2357 3210
2615 2 2 0 1 1421 2855 3864
2616 2 2 0 1 2572 1805 3888
2617 2 2 0 1 2221 1645 5274
2618 2 2 0 1 1801 2669 4489
2619 2 2 0 1 3074 2325 6214
2620 2 2 0 1 2799 491 5457
2621 2 2 0 1 849 2316 3310
2622 2 2 0 1 3080 1040 3253
2623 2 2 0 1 2519 1291 4414
2624 2 2 0 1 2963 1114 5822
2625 2 2 0 1 2521 1512 5172
2626 2 2 0 1 3286 325 4995
2627 2 2 0 1 2106 4183 5621
2628 2 2 0 1 561 2228 5558
2629 2 2 0 1 981 2481 3040
2630 2 2 0 1 2199 1134 3512
2631 2 2 0 1 819 2160 6124
2632 2 2 0 1 2209 2542 5394
2633 2 2 0 1 1373 2199 4408
2634 2 2 0 1 1384 4234 6016
2635 2 2 0 1 4336 3585 6229
2636 2 2 0 1 5844 2956 5999
2637 2 2 0 1 840 3218 3969
2638 2 2 0 1 2654 490 5994
2639 2 2 0 1 953 2591 2936
2640 2 2 0 1 4782 2324 6667
2641 2 2 0 1 2590 2143 5864
2642 2 2 0 1 850 2318 3307
2643 2 2 0 1 2197 317 3917
2644 2 2 0 1 170 171 2597
2645 2 2 0 1 529 3690 3869
2646 2 2 0 1 1065 2316 3371
2647 2 2 0 1 474 2840 3248
2648 2 2 0 1 2229 1650 5283
2649 2 2 0 1 4075 1955 5151
2650 2 2 0 1 2349 309 4298
2651 2 2 0 1 507 2173 4901
2652 2 2 0 1 325 3547 4995
2653 2 2 0 1 1063 2318 3370
2654 2 2 0 1 1123 3330 3437
2655 2 2 0 1 3821 1604 5679
2656 2 2 0 1 1291 2519 4052
2657 2 2 0 1 3789 1231 5687
2658 2 2 0 1 5235 915 6437
2659 2 2 0 1 4869 728 6076
2660 2 2 0 1 99 100 3593
2661 2 2 0 1 2286 1009 5484
2662 2 2 0 1 2049 4533 5438
2663 2 2 0 1 2453 2789 6580
2664 2 2 0 1 1292 2524 3113
2665 2 2 0 1 2932 1373 5075
2666 2 2 0 1 1902 4998 5063
2667 2 2 0 1 2508 3747 5598
2668 2 2 0 1 2282 3329 5680
2669 2 2 0 1 539 2781 2931
2670 2 2 0 1 3241 4347 5414
2671 2 2 0 1 2284 352 4745
2672 2 2 0 1 1159 2663 4807
2673 2 2 0 1 3140 1097 6391
2674 2 2 0 1 2455 310 3411
2675 2 2 0 1 1150 2332 5795
2676 2 2 0 1 1542 2252 5223
2677 2 2 0 1 2297 2580 4490
2678 2 2 0 1 2139 583 6078
2679 2 2 0 1 2632 1322 5023
2680 2 2 0 1 506 3764 6618
2681 2 2 0 1 2572 606 3192
2682 2 2 0 1 526 3555 3592
2683 2 2 0 1 2952 409 4979
2684 2 2 0 1 495 2303 3909
2685 2 2 0 1 1212 2453 6358
2686 2 2 0 1 1211 2258 3808
2687 2 2 0 1 990 2693 5029
2688 2 2 0 1 1991 3559 5456
2689 2 2 0 1 1061 5410 6190
2690 2 2 0 1 2469 417 5344
2691 2 2 0 1 2778 495 6552
2692 2 2 0 1 2964 4197 5248
2693 2 2 0 1 2451 639 3659
2694 2 2 0 1 3331 859 5810
2695 2 2 0 1 1320 2928 3855
2696 2 2 0 1 2169 1148 4866
2697 2 2 0 1 2306 1063 3885
2698 2 2 0 1 328 4803 5216
2699 2 2 0 1 3949 2232 5664
2700 2 2 0 1 1272 2472 4014
2701 2 2 0 1 2436 3140 6391
2702 2 2 0 1 2447 842 4186
2703 2 2 0 1 2414 558 4417
2704 2 2 0 1 2313 3789 5687
2705 2 2 0 1 1386 2198 4682
2706 2 2 0 1 2609 1418 4106
2707 2 2 0 1 3221 837 3882
2708 2 2 0 1 2385 831 3352
2709 2 2 0 1 2917 1169 3169
2710 2 2 0 1 4755 2684 5418
2711 2 2 0 1 2746 3424 4854
2712 2 2 0 1 2141 196 4937
2713 2 2 0 1 2820 4451 5242
2714 2 2 0 1 2616 954 5816
2715 2 2 0 1 2920 5320 5404
2716 2 2 0 1 2156 1186 3841
2717 2 2 0 1 2311 1065 3893
2718 2 2 0 1 544 2759 2872
2719 2 2 0 1 3218 1681 3969
2720 2 2 0 1 930 2609 4106
2721 2 2 0 1 3184 72 3841
2722 2 2 0 1 455 3650 5906
2723 2 2 0 1 2157 1187 3844
2724 2 2 0 1 3186 220 3844
2725 2 2 0 1 2365 997 3245
2726 2 2 0 1 2318 1063 3307
2727 2 2 0 1 2137 787 3936
2728 2 2 0 1 2531 760 5355
2729 2 2 0 1 281 2410 5477
2730 2 2 0 1 4183 1253 5621
2731 2 2 0 1 2316 1065 3310
2732 2 2 0 1 2543 1033 3738
2733 2 2 0 1 2363 3273 4914
2734 2 2 0 1 530 2189 4149
2735 2 2 0 1 2865 894 3270
2736 2 2 0 1 495 2586 2950
2737 2 2 0 1 2474 1073 6056
2738 2 2 0 1 2515 2048 6533
2739 2 2 0 1 842 2119 5262
2740 2 2 0 1 2860 1464 4890
2741 2 2 0 1 2625 464 6366
2742 2 2 0 1 861 2174 4223
2743 2 2 0 1 2328 3331 5810
2744 2 2 0 1 2681 1311 6664
2745 2 2 0 1 943 2283 5187
2746 2 2 0 1 473 2351 3428
2747 2 2 0 1 2176 768 4587
2748 2 2 0 1 403 2829 4660
2749 2 2 0 1 665 3963 4290
2750 2 2 0 1 2204 571 4852
2751 2 2 0 1 768 2161 4424
2752 2 2 0 1 4586 2329 6434
2753 2 2 0 1 1745 4632 5633
2754 2 2 0 1 2608 1848 5576
2755 2 2 0 1 1974 3557 5465
2756 2 2 0 1 1490 2907 2908
2757 2 2 0 1 751 2147 3979
2758 2 2 0 1 1783 3069 5746
2759 2 2 0 1 784 2098 4377
2760 2 2 0 1 1616 3067 4452
2761 2 2 0 1 4566 668 4868
2762 2 2 0 1 1391 4395 4563
2763 2 2 0 1 1625 2312 5188
2764 2 2 0 1 1687 2757 3682
2765 2 2 0 1 521 3220 3851
2766 2 2 0 1 1949 2982 5124
2767 2 2 0 1 313 2297 4490
2768 2 2 0 1 810 2415 3648
2769 2 2 0 1 2898 1483 2899
2770 2 2 0 1 724 3034 5006
2771 2 2 0 1 2153 962 6565
2772 2 2 0 1 2188 649 4317
2773 2 2 0 1 1325 2260 4114
2774 2 2 0 1 2900 1484 2901
2775 2 2 0 1 2638 1485 3072
2776 2 2 0 1 340 2560 5245
2777 2 2 0 1 620 2932 3833
2778 2 2 0 1 1106 2937 3391
2779 2 2 0 1 2531 1520 5181
2780 2 2 0 1 3405 411 5573
2781 2 2 0 1 2224 835 5201
2782 2 2 0 1 1223 2992 4772
2783 2 2 0 1 1355 3578 4994
2784 2 2 0 1 871 3506 3526
2785 2 2 0 1 3196 1936 3971
2786 2 2 0 1 2472 4334 6186
2787 2 2 0 1 1251 2155 5183
2788 2 2 0 1 2215 4193 5282
2789 2 2 0 1 2281 2951 6112
2790 2 2 0 1 885 2855 3861
2791 2 2 0 1 3250 3662 5005
2792 2 2 0 1 2951 1000 6112
2793 2 2 0 1 3486 619 4046
2794 2 2 0 1 941 2451 6326
2795 2 2 0 1 503 2232 5229
2796 2 2 0 1 2193 1437 4384
2797 2 2 0 1 2496 1275 4018
2798 2 2 0 1 1539 2822 4747
2799 2 2 0 1 2521 5172 5542
2800 2 2 0 1 2630 1737 3526
2801 2 2 0 1 2698 913 4139
2802 2 2 0 1 1845 3858 4382
2803 2 2 0 1 1259 2812 3824
2804 2 2 0 1 3255 1673 5177
2805 2 2 0 1 3194 1648 5165
2806 2 2 0 1 3381 1592 5039
2807 2 2 0 1 529 2285 4892
2808 2 2 0 1 729 3517 4288
2809 2 2 0 1 2855 885 3864
2810 2 2 0 1 583 2139 3834
2811 2 2 0 1 2155 3810 5183
2812 2 2 0 1 2467 1002 3094
2813 2 2 0 1 2414 1156 3740
2814 2 2 0 1 522 2382 3234
2815 2 2 0 1 5164 2266 6300
2816 2 2 0 1 796 2165 4640
2817 2 2 0 1 3764 2419 6618
2818 2 2 0 1 2938 1359 3482
2819 2 2 0 1 2463 311 3414
2820 2 2 0 1 964 2468 3279
2821 2 2 0 1 2293 1144 3285
2822 2 2 0 1 2234 1151 5996
2823 2 2 0 1 2994 1746 4718
2824 2 2 0 1 1812 4959 5323
2825 2 2 0 1 1247 2207 3678
2826 2 2 0 1 354 2788 3715
2827 2 2 0 1 2956 1078 5999
2828 2 2 0 1 3194 5165 6117
2829 2 2 0 1 1071 2638 3072
2830 2 2 0 1 4633 1960 5112
2831 2 2 0 1 2285 1459 4892
2832 2 2 0 1 3140 2436 6484
2833 2 2 0 1 2452 1470 4557
2834 2 2 0 1 2203 1052 4194
2835 2 2 0 1 4117 1899 6092
2836 2 2 0 1 337 3663 6276
2837 2 2 0 1 4567 2116 4641
2838 2 2 0 1 2494 924 6535
2839 2 2 0 1 2751 1360 3548
2840 2 2 0 1 161 162 2775
2841 2 2 0 1 117 2268 3918
2842 2 2 0 1 2441 1134 6250
2843 2 2 0 1 1770 3575 5355
2844 2 2 0 1 3464 2980 5135
2845 2 2 0 1 5387 1010 6066
2846 2 2 0 1 1604 3973 3985
2847 2 2 0 1 2704 965 3977
2848 2 2 0 1 911 2628 4602
2849 2 2 0 1 5540 1091 6478
2850 2 2 0 1 1172 2179 3983
2851 2 2 0 1 1938 3061 6568
2852 2 2 0 1 1348 3719 5329
2853 2 2 0 1 1260 3605 5938
2854 2 2 0 1 1431 3642 4838
2855 2 2 0 1 3118 1024 4978
2856 2 2 0 1 380 2633 2967
2857 2 2 0 1 1651 2979 3131
2858 2 2 0 1 1662 4203 4244
2859 2 2 0 1 342 2809 6313
2860 2 2 0 1 2162 985 3939
2861 2 2 0 1 3060 1544 3872
2862 2 2 0 1 2397 1095 5847
2863 2 2 0 1 1464 2860 4781
2864 2 2 0 1 3463 1548 3563
2865 2 2 0 1 2202 1304 4498
2866 2 2 0 1 3118 4978 6477
2867 2 2 0 1 2290 1432 5399
2868 2 2 0 1 4459 1823 6079
2869 2 2 0 1 694 3564 4252
2870 2 2 0 1 578 2298 3355
2871 2 2 0 1 2847 2681 6664
2872 2 2 0 1 1159 2346 5823
2873 2 2 0 1 922 2741 5341
2874 2 2 0 1 5174 822 5324
2875 2 2 0 1 1329 2459 4132
2876 2 2 0 1 494 3140 6484
2877 2 2 0 1 829 2608 5576
2878 2 2 0 1 3325 605 3746
2879 2 2 0 1 344 2191 4351
2880 2 2 0 1 1454 2866 2867
2881 2 2 0 1 1091 2923 6478
2882 2 2 0 1 3197 2120 6349
2883 2 2 0 1 2781 539 5423
2884 2 2 0 1 1164 2501 6232
2885 2 2 0 1 786 2230 4990
2886 2 2 0 1 2920 790 5320
2887 2 2 0 1 1250 2183 4172
2888 2 2 0 1 2855 1804 3861
2889 2 2 0 1 1112 2236 3671
2890 2 2 0 1 2887 1014 2914
2891 2 2 0 1 1470 3866 5556
2892 2 2 0 1 1527 2424 5213
2893 2 2 0 1 254 255 2674
2894 2 2 0 1 486 3067 4240
2895 2 2 0 1 1293 3060 3872
2896 2 2 0 1 1103 3018 4901
2897 2 2 0 1 562 4226 5079
2898 2 2 0 1 2182 3655 6621
2899 2 2 0 1 413 2226 5645
2900 2 2 0 1 677 2870 3567
2901 2 2 0 1 549 2964 3862
2902 2 2 0 1 3748 1726 4812
2903 2 2 0 1 917 2366 5672
2904 2 2 0 1 1531 2426 5217
2905 2 2 0 1 680 3241 3779
2906 2 2 0 1 924 2617 6535
2907 2 2 0 1 5025 550 6199
2908 2 2 0 1 2076 3152 5302
2909 2 2 0 1 1868 2473 6152
2910 2 2 0 1 2247 875 3571
2911 2 2 0 1 436 2202 4498
2912 2 2 0 1 3349 86 5356
2913 2 2 0 1 2874 823 3041
2914 2 2 0 1 2317 1148 3282
2915 2 2 0 1 303 2430 5587
2916 2 2 0 1 3128 700 4735
2917 2 2 0 1 2199 620 4291
2918 2 2 0 1 316 2933 6650
2919 2 2 0 1 2322 3405 5573
2920 2 2 0 1 5405 3056 6118
2921 2 2 0 1 2870 1332 3567
2922 2 2 0 1 3117 693 4199
2923 2 2 0 1 2394 881 3239
2924 2 2 0 1 971 2776 3095
2925 2 2 0 1 919 2688 4006
2926 2 2 0 1 1998 3852 4341
2927 2 2 0 1 2439 1382 4415
2928 2 2 0 1 1513 2699 3012
2929 2 2 0 1 1485 2638 4520
2930 2 2 0 1 1463 2767 4175
2931 2 2 0 1 1124 2258 5177
2932 2 2 0 1 2781 1419 2931
2933 2 2 0 1 2741 2107 5341
2934 2 2 0 1 499 3094 6192
2935 2 2 0 1 653 2286 5685
2936 2 2 0 1 1921 3128 4735
2937 2 2 0 1 1980 2639 6115
2938 2 2 0 1 5069 821 5440
2939 2 2 0 1 2135 767 4326
2940 2 2 0 1 2511 811 3171
2941 2 2 0 1 1160 2811 3521
2942 2 2 0 1 2261 3763 4984
2943 2 2 0 1 1518 4564 4962
2944 2 2 0 1 3981 1263 4816
2945 2 2 0 1 2189 763 5435
2946 2 2 0 1 311 3137 3414
2947 2 2 0 1 2187 777 4499
2948 2 2 0 1 1599 3325 3746
2949 2 2 0 1 1058 2439 4415
2950 2 2 0 1 2817 2265 4398
2951 2 2 0 1 3406 1031 5364
2952 2 2 0 1 2203 883 6327
2953 2 2 0 1 1280 2188 4317
2954 2 2 0 1 863 2438 4160
2955 2 2 0 1 2320 3561 6419
2956 2 2 0 1 2523 941 6326
2957 2 2 0 1 2869 2069 5186
2958 2 2 0 1 3548 329 5585
2959 2 2 0 1 1045 2406 6002
2960 2 2 0 1 553 3101 3135
2961 2 2 0 1 1148 2169 3810
2962 2 2 0 1 1486 2321 4921
2963 2 2 0 1 1615 2729 3641
2964 2 2 0 1 3852 1145 4341
2965 2 2 0 1 4952 1816 5284
2966 2 2 0 1 2725 926 2940
2967 2 2 0 1 2753 550 3098
2968 2 2 0 1 2800 2060 4979
2969 2 2 0 1 3323 234 5433
2970 2 2 0 1 2427 553 6008
2971 2 2 0 1 3048 702 4338
2972 2 2 0 1 742 3356 4665
2973 2 2 0 1 400 2176 3991
2974 2 2 0 1 540 2935 3504
2975 2 2 0 1 2430 1758 5587
2976 2 2 0 1 510 2879 5582
2977 2 2 0 1 1314 2208 4602
2978 2 2 0 1 981 2607 3796
2979 2 2 0 1 2151 3981 4816
2980 2 2 0 1 2741 1964 5697
2981 2 2 0 1 2537 1164 6232
2982 2 2 0 1 3673 1134 4291
2983 2 2 0 1 3022 4235 6325
2984 2 2 0 1 2763 1873 5651
2985 2 2 0 1 2189 530 5243
2986 2 2 0 1 4564 2193 4962
2987 2 2 0 1 93 94 2697
2988 2 2 0 1 3241 1577 3779
2989 2 2 0 1 2517 1948 6334
2990 2 2 0 1 1168 2209 5096
2991 2 2 0 1 1144 4479 4704
2992 2 2 0 1 2775 873 5394
2993 2 2 0 1 2992 624 3684
2994 2 2 0 1 1974 4397 5905
2995 2 2 0 1 3135 2170 4833
2996 2 2 0 1 843 2677 5632
2997 2 2 0 1 2935 1349 3504
2998 2 2 0 1 1243 2635 3935
2999 2 2 0 1 4798 1477 4941
3000 2 2 0 1 1167 3463 3563
3001 2 2 0 1 541 2930 3508
3002 2 2 0 1 3401 3560 5870
3003 2 2 0 1 2400 417 4650
3004 2 2 0 1 2190 343 4914
3005 2 2 0 1 1063 2306 4200
3006 2 2 0 1 2445 1807 5962
3007 2 2 0 1 2429 1803 4447
3008 2 2 0 1 1085 2322 3621
3009 2 2 0 1 1504 2818 4999
3010 2 2 0 1 3610 1769 4165
3011 2 2 0 1 2576 1317 3990
3012 2 2 0 1 4406 2141 4720
3013 2 2 0 1 5039 660 5915
3014 2 2 0 1 2873 2254 6663
3015 2 2 0 1 2879 5029 5582
3016 2 2 0 1 1309 3813 4553
3017 2 2 0 1 368 5266 6478
3018 2 2 0 1 2362 456 5624
3019 2 2 0 1 980 2384 4653
3020 2 2 0 1 2448 1809 5966
3021 2 2 0 1 569 2358 5618
3022 2 2 0 1 2196 452 3866
3023 2 2 0 1 5466 2251 6596
3024 2 2 0 1 1065 2311 4210
3025 2 2 0 1 5116 2337 5700
3026 2 2 0 1 553 2732 3101
3027 2 2 0 1 304 2614 4484
3028 2 2 0 1 3517 1817 4288
3029 2 2 0 1 1301 4777 5031
3030 2 2 0 1 1096 2470 3319
3031 2 2 0 1 1253 3302 5507
3032 2 2 0 1 168 2361 3639
3033 2 2 0 1 404 2187 4002
3034 2 2 0 1 1267 2188 4422
3035 2 2 0 1 3223 1103 4901
3036 2 2 0 1 841 2239 6009
3037 2 2 0 1 4484 1685 4617
3038 2 2 0 1 864 2418 3172
3039 2 2 0 1 2295 1012 3468
3040 2 2 0 1 3211 839 3831
3041 2 2 0 1 1499 4567 4641
3042 2 2 0 1 3826 476 6123
3043 2 2 0 1 3506 1640 3526
3044 2 2 0 1 2381 1088 5250
3045 2 2 0 1 490 2654 3616
3046 2 2 0 1 973 2780 3111
3047 2 2 0 1 1200 2246 5125
3048 2 2 0 1 83 3328 5393
3049 2 2 0 1 2306 565 4501
3050 2 2 0 1 2669 546 3232
3051 2 2 0 1 750 2657 4242
3052 2 2 0 1 4314 1215 6000
3053 2 2 0 1 1272 2710 5497
3054 2 2 0 1 665 2345 3316
3055 2 2 0 1 1869 4216 4795
3056 2 2 0 1 2983 1566 4318
3057 2 2 0 1 3803 3469 5423
3058 2 2 0 1 2839 1208 2911
3059 2 2 0 1 3016 1658 5017
3060 2 2 0 1 323 2499 4824
3061 2 2 0 1 2351 473 6239
3062 2 2 0 1 2202 436 3982
3063 2 2 0 1 1067 3056 5405
3064 2 2 0 1 1438 2294 5630
3065 2 2 0 1 1381 3717 3784
3066 2 2 0 1 3901 2347 6341
3067 2 2 0 1 1230 2257 3515
3068 2 2 0 1 2680 1081 3696
3069 2 2 0 1 3869 1331 6368
3070 2 2 0 1 2755 177 5254
3071 2 2 0 1 1242 2179 5392
3072 2 2 0 1 2311 566 4512
3073 2 2 0 1 2098 3839 4377
3074 2 2 0 1 2874 3555 5683
3075 2 2 0 1 2846 492 3926
3076 2 2 0 1 2551 1366 3098
3077 2 2 0 1 959 2838 2893
3078 2 2 0 1 2832 2260 6556
3079 2 2 0 1 3022 619 4235
3080 2 2 0 1 2239 590 4500
3081 2 2 0 1 736 2741 5697
3082 2 2 0 1 2262 1105 3753
3083 2 2 0 1 2347 942 6341
3084 2 2 0 1 5402 2213 6488
3085 2 2 0 1 3152 496 5302
3086 2 2 0 1 816 2197 5087
3087 2 2 0 1 2833 4574 5841
3088 2 2 0 1 409 2800 4979
3089 2 2 0 1 2731 997 6684
3090 2 2 0 1 760 4098 5355
3091 2 2 0 1 2339 543 4800
3092 2 2 0 1 937 2781 5517
3093 2 2 0 1 3813 2200 4553
3094 2 2 0 1 524 2493 3509
3095 2 2 0 1 2617 2153 6535
3096 2 2 0 1 3824 2812 6278
3097 2 2 0 1 960 3102 4208
3098 2 2 0 1 2525 3256 4372
3099 2 2 0 1 4224 795 6342
3100 2 2 0 1 3610 889 6662
3101 2 2 0 1 2930 1351 3508
3102 2 2 0 1 1794 3191 5329
3103 2 2 0 1 2021 4035 4585
3104 2 2 0 1 1791 3198 5340
3105 2 2 0 1 1125 2983 3623
3106 2 2 0 1 37 38 3460
3107 2 2 0 1 4548 791 5304
3108 2 2 0 1 1943 3586 5049
3109 2 2 0 1 2459 3588 6452
3110 2 2 0 1 2373 1808 5788
3111 2 2 0 1 3787 1854 5854
3112 2 2 0 1 501 2253 5148
3113 2 2 0 1 1106 3391 3613
3114 2 2 0 1 678 4494 6429
3115 2 2 0 1 231 3305 5465
3116 2 2 0 1 801 4742 5037
3117 2 2 0 1 1001 2507 3240
3118 2 2 0 1 1553 2530 3897
3119 2 2 0 1 812 2171 3960
3120 2 2 0 1 3810 379 5183
3121 2 2 0 1 1694 4448 4884
3122 2 2 0 1 2215 1248 6650
3123 2 2 0 1 3694 1781 5136
3124 2 2 0 1 1824 3457 4193
3125 2 2 0 1 577 3058 3980
3126 2 2 0 1 3564 1994 4252
3127 2 2 0 1 4466 1895 4631
3128 2 2 0 1 1936 3196 5884
3129 2 2 0 1 2387 872 5836
3130 2 2 0 1 303 2530 4151
3131 2 2 0 1 675 3155 4289
3132 2 2 0 1 1691 3221 3882
3133 2 2 0 1 2558 533 4159
3134 2 2 0 1 2237 313 6273
3135 2 2 0 1 1041 5932 6323
3136 2 2 0 1 2240 766 5530
3137 2 2 0 1 2618 4457 5403
3138 2 2 0 1 922 3912 6140
3139 2 2 0 1 391 3520 4147
3140 2 2 0 1 2030 3673 4291
3141 2 2 0 1 2499 1533 4824
3142 2 2 0 1 4367 1983 4535
3143 2 2 0 1 3630 913 5198
3144 2 2 0 1 2295 326 4637
3145 2 2 0 1 538 2540 4012
3146 2 2 0 1 2348 593 4596
3147 2 2 0 1 2179 3651 5392
3148 2 2 0 1 2666 1089 5409
3149 2 2 0 1 257 2757 5345
3150 2 2 0 1 1442 2271 3598
3151 2 2 0 1 2722 4042 5193
3152 2 2 0 1 3496 1496 4966
3153 2 2 0 1 1778 3379 4563
3154 2 2 0 1 2442 508 5978
3155 2 2 0 1 1033 3057 3063
3156 2 2 0 1 979 2658 3007
3157 2 2 0 1 4232 2244 5545
3158 2 2 0 1 2493 1205 3509
3159 2 2 0 1 2403 961 5862
3160 2 2 0 1 4012 1619 4349
3161 2 2 0 1 1387 2499 3239
3162 2 2 0 1 3562 519 3845
3163 2 2 0 1 948 2259 4416
3164 2 2 0 1 763 2189 4082
3165 2 2 0 1 1006 3922 6533
3166 2 2 0 1 3577 857 4905
3167 2 2 0 1 3750 1223 4772
3168 2 2 0 1 1451 2992 3684
3169 2 2 0 1 632 2257 3957
3170 2 2 0 1 1361 4141 4977
3171 2 2 0 1 2188 1280 4110
3172 2 2 0 1 352 2284 3931
3173 2 2 0 1 1091 2912 2923
3174 2 2 0 1 2252 774 6494
3175 2 2 0 1 1104 5248 5379
3176 2 2 0 1 2881 953 2936
3177 2 2 0 1 1468 2511 3171
3178 2 2 0 1 2759 544 2975
3179 2 2 0 1 3137 1400 3414
3180 2 2 0 1 1355 3313 3578
3181 2 2 0 1 1051 2572 3192
3182 2 2 0 1 3165 549 3862
3183 2 2 0 1 1903 2775 5394
3184 2 2 0 1 777 2207 4589
3185 2 2 0 1 3184 1527 4061
3186 2 2 0 1 878 2576 3990
3187 2 2 0 1 2452 4557 6453
3188 2 2 0 1 1765 3144 5068
3189 2 2 0 1 1085 2391 4088
3190 2 2 0 1 807 2216 4833
3191 2 2 0 1 1560 4406 4720
3192 2 2 0 1 3186 1531 4064
3193 2 2 0 1 2692 1263 4133
3194 2 2 0 1 1219 4173 4868
3195 2 2 0 1 2216 807 4043
3196 2 2 0 1 2699 592 3012
3197 2 2 0 1 1220 3856 4309
3198 2 2 0 1 836 3711 5586
3199 2 2 0 1 2905 515 3859
3200 2 2 0 1 49 50 3144
3201 2 2 0 1 705 3459 4274
3202 2 2 0 1 472 3837 6115
3203 2 2 0 1 927 2995 5503
3204 2 2 0 1 872 2400 5836
3205 2 2 0 1 686 3751 6447
3206 2 2 0 1 1108 2944 4105
3207 2 2 0 1 4445 757 5725
3208 2 2 0 1 2723 490 3616
3209 2 2 0 1 2507 1001 3260
3210 2 2 0 1 1092 3478 4496
3211 2 2 0 1 4101 2788 5684
3212 2 2 0 1 1533 3580 4824
3213 2 2 0 1 1680 2705 3197
3214 2 2 0 1 2274 812 4736
3215 2 2 0 1 1131 3261 5011
3216 2 2 0 1 136 2545 3483
3217 2 2 0 1 2639 472 6115
3218 2 2 0 1 3285 1144 4704
3219 2 2 0 1 2179 1242 5065
3220 2 2 0 1 5172 756 5542
3221 2 2 0 1 896 2832 6556
3222 2 2 0 1 471 3727 6165
3223 2 2 0 1 2600 947 3813
3224 2 2 0 1 913 2846 4139
3225 2 2 0 1 3448 2262 4522
3226 2 2 0 1 2787 1421 3864
3227 2 2 0 1 3922 2515 6533
3228 2 2 0 1 2626 547 5180
3229 2 2 0 1 565 2306 3885
3230 2 2 0 1 2674 255 3179
3231 2 2 0 1 2639 1980 6586
3232 2 2 0 1 2516 1088 5832
3233 2 2 0 1 3764 1647 5140
3234 2 2 0 1 2263 1188 5764
3235 2 2 0 1 1042 4835 5961
3236 2 2 0 1 367 2481 4094
3237 2 2 0 1 2550 4108 4553
3238 2 2 0 1 2381 394 4217
3239 2 2 0 1 1308 2556 3126
3240 2 2 0 1 1517 2371 3484
3241 2 2 0 1 1133 2759 2975
3242 2 2 0 1 1341 2359 4689
3243 2 2 0 1 1419 3741 4527
3244 2 2 0 1 918 2228 3952
3245 2 2 0 1 867 2641 5271
3246 2 2 0 1 2912 1216 2923
3247 2 2 0 1 625 2909 3119
3248 2 2 0 1 2485 629 3665
3249 2 2 0 1 2566 1051 3192
3250 2 2 0 1 302 3069 5204
3251 2 2 0 1 1459 2285 5149
3252 2 2 0 1 1082 2655 3879
3253 2 2 0 1 3302 2301 5507
3254 2 2 0 1 1073 2718 6056
3255 2 2 0 1 1005 2561 3970
3256 2 2 0 1 4999 2818 5281
3257 2 2 0 1 2648 2292 6310
3258 2 2 0 1 3221 1691 3562
3259 2 2 0 1 1276 2814 4822
3260 2 2 0 1 2711 2223 5180
3261 2 2 0 1 3588 1976 6452
3262 2 2 0 1 566 2311 3893
3263 2 2 0 1 1258 2385 3352
3264 2 2 0 1 470 4341 6097
3265 2 2 0 1 161 2775 6128
3266 2 2 0 1 2260 1325 4592
3267 2 2 0 1 2750 1275 5480
3268 2 2 0 1 2315 1194 3793
3269 2 2 0 1 3127 5390 5793
3270 2 2 0 1 2206 591 6649
3271 2 2 0 1 3664 2815 4336
3272 2 2 0 1 45 46 3078
3273 2 2 0 1 690 3949 4410
3274 2 2 0 1 503 2606 6082
3275 2 2 0 1 3127 548 5390
3276 2 2 0 1 3854 2069 5821
3277 2 2 0 1 2351 1068 3428
3278 2 2 0 1 1664 2905 4706
3279 2 2 0 1 1927 3677 4267
3280 2 2 0 1 895 2837 5150
3281 2 2 0 1 1591 3211 3831
3282 2 2 0 1 72 73 3841
3283 2 2 0 1 1359 2435 4431
3284 2 2 0 1 2657 1469 4242
3285 2 2 0 1 220 221 3844
3286 2 2 0 1 382 5116 5700
3287 2 2 0 1 570 2912 4470
3288 2 2 0 1 2550 888 3269
3289 2 2 0 1 1183 2601 3088
3290 2 2 0 1 1134 2199 4291
3291 2 2 0 1 5134 1035 6355
3292 2 2 0 1 1096 2779 3683
3293 2 2 0 1 3677 708 4267
3294 2 2 0 1 2359 1182 6593
3295 2 2 0 1 4600 1480 5348
3296 2 2 0 1 2246 1200 6638
3297 2 2 0 1 767 2313 5331
3298 2 2 0 1 1675 3085 4354
3299 2 2 0 1 1620 4310 4322
3300 2 2 0 1 2323 365 3604
3301 2 2 0 1 2363 1788 5620
3302 2 2 0 1 3961 799 6454
3303 2 2 0 1 2995 2072 5503
3304 2 2 0 1 373 2873 6663
3305 2 2 0 1 1087 2680 3722
3306 2 2 0 1 273 2408 3339
3307 2 2 0 1 2408 274 3313
3308 2 2 0 1 2648 1096 3554
3309 2 2 0 1 733 3881 4980
3310 2 2 0 1 2338 923 5222
3311 2 2 0 1 5489 501 6573
3312 2 2 0 1 1610 2255 5933
3313 2 2 0 1 476 3826 5694
3314 2 2 0 1 1157 2881 2936
3315 2 2 0 1 3156 898 5097
3316 2 2 0 1 1081 2753 3098
3317 2 2 0 1 953 3180 5650
3318 2 2 0 1 1520 3163 4051
3319 2 2 0 1 2804 2202 6512
3320 2 2 0 1 445 2260 4592
3321 2 2 0 1 3057 1435 3063
3322 2 2 0 1 1248 2215 5282
3323 2 2 0 1 880 2350 5693
3324 2 2 0 1 1310 2381 4217
3325 2 2 0 1 2221 900 4930
3326 2 2 0 1 507 2509 3900
3327 2 2 0 1 1896 4471 5950
3328 2 2 0 1 2210 1453 4034
3329 2 2 0 1 3439 1094 3859
3330 2 2 0 1 3594 1158 5273
3331 2 2 0 1 558 2340 4417
3332 2 2 0 1 1141 2588 3321
3333 2 2 0 1 1473 2541 3726
3334 2 2 0 1 3833 2932 5451
3335 2 2 0 1 2405 432 5274
3336 2 2 0 1 2435 798 4431
3337 2 2 0 1 2336 831 4634
3338 2 2 0 1 573 2294 4802
3339 2 2 0 1 368 2415 4724
3340 2 2 0 1 1607 2354 3438
3341 2 2 0 1 1322 4188 5023
3342 2 2 0 1 904 2942 4272
3343 2 2 0 1 2251 1054 4925
3344 2 2 0 1 2519 4414 6207
3345 2 2 0 1 2292 5406 5611
3346 2 2 0 1 3070 1159 4807
3347 2 2 0 1 2710 3145 5497
3348 2 2 0 1 2938 4771 5195
3349 2 2 0 1 1399 2705 4401
3350 2 2 0 1 2549 1558 5280
3351 2 2 0 1 2239 841 4085
3352 2 2 0 1 1188 2374 3420
3353 2 2 0 1 3839 1156 4377
3354 2 2 0 1 6310 2292 6474
3355 2 2 0 1 1162 2372 3408
3356 2 2 0 1 1501 2517 5252
3357 2 2 0 1 4054 2276 6193
3358 2 2 0 1 1291 2667 5363
3359 2 2 0 1 2297 1705 6620
3360 2 2 0 1 3741 2066 4527
3361 2 2 0 1 2274 966 3993
3362 2 2 0 1 2229 902 4943
3363 2 2 0 1 1137 2283 3710
3364 2 2 0 1 1029 2774 4819
3365 2 2 0 1 1257 4066 4497
3366 2 2 0 1 3651 707 5392
3367 2 2 0 1 2705 372 3197
3368 2 2 0 1 2308 3314 6550
3369 2 2 0 1 3318 1316 4146
3370 2 2 0 1 2280 881 5045
3371 2 2 0 1 5409 1089 5430
3372 2 2 0 1 2407 433 5283
3373 2 2 0 1 3457 711 4193
3374 2 2 0 1 937 2800 2965
3375 2 2 0 1 2272 1876 6607
3376 2 2 0 1 2566 1445 4543
3377 2 2 0 1 5847 1095 6233
3378 2 2 0 1 2732 1087 3101
3379 2 2 0 1 2890 3687 4898
3380 2 2 0 1 1050 3001 4218
3381 2 2 0 1 1645 2405 5274
3382 2 2 0 1 407 3370 5535
3383 2 2 0 1 3858 1307 4382
3384 2 2 0 1 972 2532 3214
3385 2 2 0 1 2562 473 3428
3386 2 2 0 1 1479 3080 3253
3387 2 2 0 1 942 2489 3652
3388 2 2 0 1 2228 918 4881
3389 2 2 0 1 3102 1602 4208
3390 2 2 0 1 927 3455 4873
3391 2 2 0 1 3395 1973 4163
3392 2 2 0 1 2392 415 4923
3393 2 2 0 1 3417 1150 5787
3394 2 2 0 1 4220 3346 6100
3395 2 2 0 1 2019 4948 4955
3396 2 2 0 1 1075 2457 3268
3397 2 2 0 1 2277 336 5138
3398 2 2 0 1 2418 1732 5789
3399 2 2 0 1 2424 770 5213
3400 2 2 0 1 561 2789 3358
3401 2 2 0 1 1572 2479 3628
3402 2 2 0 1 1072 2897 3653
3403 2 2 0 1 10 11 4348
3404 2 2 0 1 2678 1102 3058
3405 2 2 0 1 2426 771 5217
3406 2 2 0 1 1650 2407 5283
3407 2 2 0 1 3998 789 5214
3408 2 2 0 1 38 39 4071
3409 2 2 0 1 1749 3666 5129
3410 2 2 0 1 1388 2295 4637
3411 2 2 0 1 789 6021 6308
3412 2 2 0 1 948 2554 3164
3413 2 2 0 1 627 2462 3877
3414 2 2 0 1 351 2895 4442
3415 2 2 0 1 1008 2211 5398
3416 2 2 0 1 1173 2319 6293
3417 2 2 0 1 867 2337 3614
3418 2 2 0 1 1242 2836 5656
3419 2 2 0 1 2798 330 5773
3420 2 2 0 1 3648 2415 6304
3421 2 2 0 1 2348 4596 5607
3422 2 2 0 1 1891 2834 5653
3423 2 2 0 1 4619 1492 5097
3424 2 2 0 1 2634 1539 4765
3425 2 2 0 1 1613 2476 3871
3426 2 2 0 1 408 3371 5546
3427 2 2 0 1 2411 1206 3829
3428 2 2 0 1 947 2664 3066
3429 2 2 0 1 1222 2871 3263
3430 2 2 0 1 2416 1602 3360
3431 2 2 0 1 2382 1433 5354
3432 2 2 0 1 1043 3967 6511
3433 2 2 0 1 2013 3418 6018
3434 2 2 0 1 3854 782 5657
3435 2 2 0 1 438 2379 6150
3436 2 2 0 1 1480 3768 5348
3437 2 2 0 1 1658 2399 5694
3438 2 2 0 1 1130 2340 3905
3439 2 2 0 1 2702 306 6339
3440 2 2 0 1 621 2293 3782
3441 2 2 0 1 1163 2335 3492
3442 2 2 0 1 2592 1121 4879
3443 2 2 0 1 2257 1230 3957
3444 2 2 0 1 1866 3624 5584
3445 2 2 0 1 2354 1607 5426
3446 2 2 0 1 4821 2210 5799
3447 2 2 0 1 3048 4338 5424
3448 2 2 0 1 2807 970 3106
3449 2 2 0 1 812 2340 3462
3450 2 2 0 1 4427 382 5700
3451 2 2 0 1 2282 1225 3769
3452 2 2 0 1 1196 2972 2991
3453 2 2 0 1 1898 3548 5585
3454 2 2 0 1 2222 342 4409
3455 2 2 0 1 2355 1231 3989
3456 2 2 0 1 417 2469 4650
3457 2 2 0 1 3059 3744 4784
3458 2 2 0 1 994 2714 3037
3459 2 2 0 1 5331 3165 6456
3460 2 2 0 1 2340 558 3905
3461 2 2 0 1 3062 1253 3565
3462 2 2 0 1 3467 1727 4000
3463 2 2 0 1 2615 2706 6656
3464 2 2 0 1 3520 1901 4147
3465 2 2 0 1 3780 674 4601
3466 2 2 0 1 2671 1589 4507
3467 2 2 0 1 1100 5062 5562
3468 2 2 0 1 890 2804 6512
3469 2 2 0 1 3067 1607 4240
3470 2 2 0 1 1050 2284 4745
3471 2 2 0 1 1309 2600 3813
3472 2 2 0 1 2214 3577 4905
3473 2 2 0 1 547 2711 5180
3474 2 2 0 1 590 2239 4021
3475 2 2 0 1 3207 1150 4528
3476 2 2 0 1 1508 3482 4431
3477 2 2 0 1 3344 1557 3351
3478 2 2 0 1 512 2393 3712
3479 2 2 0 1 2283 509 3710
3480 2 2 0 1 1445 2566 3192
3481 2 2 0 1 1132 2550 3269
3482 2 2 0 1 2662 922 6140
3483 2 2 0 1 1611 4496 5572
3484 2 2 0 1 3356 742 3868
3485 2 2 0 1 1003 2535 6335
3486 2 2 0 1 2734 861 4223
3487 2 2 0 1 940 2988 6458
3488 2 2 0 1 312 2333 3531
3489 2 2 0 1 3934 323 5066
3490 2 2 0 1 275 276 3578
3491 2 2 0 1 1515 2981 4340
3492 2 2 0 1 2546 1082 6473
3493 2 2 0 1 666 2983 4318
3494 2 2 0 1 1512 3162 4048
3495 2 2 0 1 2738 1107 5400
3496 2 2 0 1 3282 1148 4746
3497 2 2 0 1 695 3132 5983
3498 2 2 0 1 908 2449 6044
3499 2 2 0 1 2449 489 3361
3500 2 2 0 1 779 2234 4507
3501 2 2 0 1 1349 2575 6316
3502 2 2 0 1 429 2563 4154
3503 2 2 0 1 3126 578 4308
3504 2 2 0 1 2972 536 2991
3505 2 2 0 1 4066 1718 4497
3506 2 2 0 1 3475 801 5037
3507 2 2 0 1 3298 1774 4463
3508 2 2 0 1 1595 3439 3859
3509 2 2 0 1 4173 2053 4868
3510 2 2 0 1 5005 3672 6168
3511 2 2 0 1 2540 1326 4012
3512 2 2 0 1 5406 1612 5611
3513 2 2 0 1 1873 2763 6259
3514 2 2 0 1 2041 4742 6260
3515 2 2 0 1 3370 2318 5535
3516 2 2 0 1 4798 3007 5146
3517 2 2 0 1 2270 534 4070
3518 2 2 0 1 1535 3775 5320
3519 2 2 0 1 1644 3356 3868
3520 2 2 0 1 529 2713 3690
3521 2 2 0 1 1093 3344 3351
3522 2 2 0 1 895 2420 5658
3523 2 2 0 1 2605 3761 5449
3524 2 2 0 1 2523 5489 6573
3525 2 2 0 1 793 5652 6516
3526 2 2 0 1 1808 3404 5788
3527 2 2 0 1 1210 3559 5725
3528 2 2 0 1 1647 2652 5258
3529 2 2 0 1 1205 2493 5633
3530 2 2 0 1 1006 2672 3922
3531 2 2 0 1 1084 2728 4268
3532 2 2 0 1 475 2356 4789
3533 2 2 0 1 3147 2750 5480
3534 2 2 0 1 3292 630 3380
3535 2 2 0 1 3085 721 4354
3536 2 2 0 1 2409 466 3880
3537 2 2 0 1 415 2377 4923
3538 2 2 0 1 2470 546 3319
3539 2 2 0 1 4132 2459 6452
3540 2 2 0 1 1111 4926 5583
3541 2 2 0 1 687 3986 4600
3542 2 2 0 1 2594 1304 3984
3543 2 2 0 1 1045 3065 3077
3544 2 2 0 1 3555 1438 3592
3545 2 2 0 1 957 2395 6012
3546 2 2 0 1 917 2763 5651
3547 2 2 0 1 2719 943 5226
3548 2 2 0 1 2255 1610 5579
3549 2 2 0 1 929 2289 4250
3550 2 2 0 1 515 3076 3859
3551 2 2 0 1 2458 1106 3613
3552 2 2 0 1 3092 789 6308
3553 2 2 0 1 825 2306 3817
3554 2 2 0 1 3371 2316 5546
3555 2 2 0 1 2343 384 5218
3556 2 2 0 1 3595 2587 4425
3557 2 2 0 1 3406 583 5580
3558 2 2 0 1 1351 2578 6343
3559 2 2 0 1 2475 916 3334
3560 2 2 0 1 332 2314 5022
3561 2 2 0 1 3771 671 4614
3562 2 2 0 1 2345 1458 4768
3563 2 2 0 1 1145 2323 3604
3564 2 2 0 1 2437 944 5743
3565 2 2 0 1 4035 722 4585
3566 2 2 0 1 835 2224 3809
3567 2 2 0 1 2256 3437 5228
3568 2 2 0 1 310 3154 3411
3569 2 2 0 1 3437 2256 6018
3570 2 2 0 1 2578 1351 4364
3571 2 2 0 1 1237 2409 3880
3572 2 2 0 1 1144 2293 4694
3573 2 2 0 1 2450 3754 5127
3574 2 2 0 1 1197 2539 3538
3575 2 2 0 1 1245 2842 3363
3576 2 2 0 1 453 2534 3629
3577 2 2 0 1 1487 2465 3558
3578 2 2 0 1 2358 1026 3541
3579 2 2 0 1 1171 2280 5045
3580 2 2 0 1 1567 3585 4336
3581 2 2 0 1 826 2311 3823
3582 2 2 0 1 4458 1944 5908
3583 2 2 0 1 1941 3411 4558
3584 2 2 0 1 3158 1402 3533
3585 2 2 0 1 2949 2130 5986
3586 2 2 0 1 1182 2359 4968
3587 2 2 0 1 2477 184 5152
3588 2 2 0 1 3332 2011 5857
3589 2 2 0 1 798 2435 3532
3590 2 2 0 1 2486 430 3920
3591 2 2 0 1 1210 2545 3559
3592 2 2 0 1 3942 660 5039
3593 2 2 0 1 1294 2222 4409
3594 2 2 0 1 2382 522 5443
3595 2 2 0 1 797 3158 3533
3596 2 2 0 1 965 3618 4706
3597 2 2 0 1 1209 2564 3557
3598 2 2 0 1 1869 5015 6321
3599 2 2 0 1 1083 3392 4711
3600 2 2 0 1 2871 1222 5358
3601 2 2 0 1 2260 445 4055
3602 2 2 0 1 1587 2592 4879
3603 2 2 0 1 780 2238 4613
3604 2 2 0 1 1118 2746 6434
3605 2 2 0 1 1418 3450 4656
3606 2 2 0 1 2863 747 4996
3607 2 2 0 1 2219 4593 6391
3608 2 2 0 1 2391 1085 4343
3609 2 2 0 1 1141 3321 3380
3610 2 2 0 1 1088 2654 5832
3611 2 2 0 1 2098 3266 6007
3612 2 2 0 1 2291 1306 5814
3613 2 2 0 1 4596 1393 5607
3614 2 2 0 1 450 2613 3433
3615 2 2 0 1 3415 1157 4935
3616 2 2 0 1 4226 2003 5079
3617 2 2 0 1 2605 1489 3761
3618 2 2 0 1 2734 1819 5842
3619 2 2 0 1 1120 2442 5756
3620 2 2 0 1 2294 1360 4802
3621 2 2 0 1 365 2323 4103
3622 2 2 0 1 2527 437 6218
3623 2 2 0 1 1871 2701 3129
3624 2 2 0 1 75 2341 4832
3625 2 2 0 1 2588 523 3321
3626 2 2 0 1 2871 531 3263
3627 2 2 0 1 223 2344 4834
3628 2 2 0 1 1617 2623 5495
3629 2 2 0 1 772 4419 5856
3630 2 2 0 1 963 2298 5196
3631 2 2 0 1 781 3168 4166
3632 2 2 0 1 1216 3648 6304
3633 2 2 0 1 1131 2449 3361
3634 2 2 0 1 4354 1877 6051
3635 2 2 0 1 558 2414 3740
3636 2 2 0 1 1121 2592 3464
3637 2 2 0 1 3200 370 4879
3638 2 2 0 1 563 2391 4689
3639 2 2 0 1 4926 2289 5583
3640 2 2 0 1 3649 447 4790
3641 2 2 0 1 510 2373 4119
3642 2 2 0 1 2249 816 5635
3643 2 2 0 1 2942 1596 4272
3644 2 2 0 1 3682 1206 5599
3645 2 2 0 1 1171 2394 3934
3646 2 2 0 1 326 3468 5860
3647 2 2 0 1 4216 1335 4795
3648 2 2 0 1 626 2634 4765
3649 2 2 0 1 2503 887 6270
3650 2 2 0 1 621 2289 4926
3651 2 2 0 1 2709 1710 5679
3652 2 2 0 1 5 2907 5597
3653 2 2 0 1 3592 2494 6598
3654 2 2 0 1 479 2334 6539
3655 2 2 0 1 1286 4315 5153
3656 2 2 0 1 2285 804 5149
3657 2 2 0 1 2894 1162 5471
3658 2 2 0 1 4574 1710 5841
3659 2 2 0 1 2332 945 5795
3660 2 2 0 1 2444 3365 4728
3661 2 2 0 1 2842 406 3363
3662 2 2 0 1 3411 1370 4558
3663 2 2 0 1 2852 1613 3561
3664 2 2 0 1 3391 1550 3613
3665 2 2 0 1 2312 1625 3752
3666 2 2 0 1 1372 2621 3334
3667 2 2 0 1 953 2881 6506
3668 2 2 0 1 1078 2956 3525
3669 2 2 0 1 614 2594 3984
3670 2 2 0 1 2576 504 3729
3671 2 2 0 1 1442 2740 3092
3672 2 2 0 1 420 3346 4220
3673 2 2 0 1 3396 641 3424
3674 2 2 0 1 2934 1057 3661
3675 2 2 0 1 2467 499 6041
3676 2 2 0 1 1218 2874 3041
3677 2 2 0 1 1493 3374 4401
3678 2 2 0 1 1088 2516 5250
3679 2 2 0 1 1785 2568 3348
3680 2 2 0 1 2988 2367 6458
3681 2 2 0 1 2282 847 4421
3682 2 2 0 1 2575 1349 4385
3683 2 2 0 1 4230 1701 4997
3684 2 2 0 1 2763 1248 3565
3685 2 2 0 1 1671 2725 5951
3686 2 2 0 1 2900 211 5596
3687 2 2 0 1 580 2320 3685
3688 2 2 0 1 303 4151 4340
3689 2 2 0 1 485 3467 4000
3690 2 2 0 1 2195 3475 5037
3691 2 2 0 1 2244 1347 4760
3692 2 2 0 1 3881 1953 4980
3693 2 2 0 1 1306 3248 3275
3694 2 2 0 1 2489 1229 3652
3695 2 2 0 1 2798 1935 5981
3696 2 2 0 1 2922 2036 6112
3697 2 2 0 1 2430 1120 5756
3698 2 2 0 1 2389 1126 3716
3699 2 2 0 1 654 2688 4084
3700 2 2 0 1 1233 2646 3991
3701 2 2 0 1 3065 1440 3077
3702 2 2 0 1 2340 1130 3462
3703 2 2 0 1 3101 1234 3135
3704 2 2 0 1 2373 510 5582
3705 2 2 0 1 2396 2847 5038
3706 2 2 0 1 2447 437 4194
3707 2 2 0 1 3561 1195 6419
3708 2 2 0 1 3168 1669 4166
3709 2 2 0 1 2881 2388 6506
3710 2 2 0 1 2325 542 3865
3711 2 2 0 1 945 2293 4823
3712 2 2 0 1 1225 2282 4421
3713 2 2 0 1 334 2275 4172
3714 2 2 0 1 1579 3073 4257
3715 2 2 0 1 843 4046 4820
3716 2 2 0 1 2568 573 3348
3717 2 2 0 1 3968 322 4941
3718 2 2 0 1 2350 3406 5580
3719 2 2 0 1 2479 913 5505
3720 2 2 0 1 710 2949 5986
3721 2 2 0 1 2331 845 4572
3722 2 2 0 1 1148 2317 4866
3723 2 2 0 1 1421 4511 4525
3724 2 2 0 1 1841 3045 6067
3725 2 2 0 1 2493 1745 5633
3726 2 2 0 1 2779 1377 3809
3727 2 2 0 1 2209 873 4170
3728 2 2 0 1 1135 2342 6148
3729 2 2 0 1 1399 2662 3177
3730 2 2 0 1 1793 2688 5442
3731 2 2 0 1 2701 364 3129
3732 2 2 0 1 526 3592 6598
3733 2 2 0 1 1012 3343 4751
3734 2 2 0 1 1508 4431 5128
3735 2 2 0 1 1082 2541 3500
3736 2 2 0 1 1344 2330 4471
3737 2 2 0 1 2819 1116 4155
3738 2 2 0 1 3837 2352 6115
3739 2 2 0 1 3468 1012 4751
3740 2 2 0 1 2688 654 5442
3741 2 2 0 1 2571 1023 3265
3742 2 2 0 1 2740 789 3092
3743 2 2 0 1 3704 1507 4375
3744 2 2 0 1 1372 4297 4396
3745 2 2 0 1 1521 2860 3781
3746 2 2 0 1 4557 952 6453
3747 2 2 0 1 1064 2549 3276
3748 2 2 0 1 2051 5874 6271
3749 2 2 0 1 3342 4918 6146
3750 2 2 0 1 1461 3396 3424
3751 2 2 0 1 491 2616 3896
3752 2 2 0 1 1539 2634 3182
3753 2 2 0 1 2308 483 6291
3754 2 2 0 1 2314 1472 5022
3755 2 2 0 1 2783 363 3573
3756 2 2 0 1 1417 3292 3380
3757 2 2 0 1 2440 1668 5704
3758 2 2 0 1 631 3298 4463
3759 2 2 0 1 3227 1711 4848
3760 2 2 0 1 1001 4684 6127
3761 2 2 0 1 935 2518 6549
3762 2 2 0 1 2834 478 5653
3763 2 2 0 1 4746 1148 4876
3764 2 2 0 1 233 234 3323
3765 2 2 0 1 577 3980 5026
3766 2 2 0 1 1322 2588 3421
3767 2 2 0 1 3231 2702 6339
3768 2 2 0 1 2721 285 4543
3769 2 2 0 1 305 2291 3808
3770 2 2 0 1 3317 4475 5686
3771 2 2 0 1 2710 493 3145
3772 2 2 0 1 2372 1033 5551
3773 2 2 0 1 2263 376 4204
3774 2 2 0 1 2250 1313 4289
3775 2 2 0 1 231 232 3305
3776 2 2 0 1 966 2274 4237
3777 2 2 0 1 2327 2828 5060
3778 2 2 0 1 2728 1097 4031
3779 2 2 0 1 544 2627 3365
3780 2 2 0 1 2454 1408 4936
3781 2 2 0 1 887 2553 6270
3782 2 2 0 1 2383 3351 4951
3783 2 2 0 1 746 3093 4580
3784 2 2 0 1 2398 457 5357
3785 2 2 0 1 2836 3347 5656
3786 2 2 0 1 278 279 2958
3787 2 2 0 1 979 3007 4798
3788 2 2 0 1 1240 3203 3560
3789 2 2 0 1 792 4132 6452
3790 2 2 0 1 4863 1775 5988
3791 2 2 0 1 2388 5767 6667
3792 2 2 0 1 594 2290 5173
3793 2 2 0 1 1181 2584 3511
3794 2 2 0 1 4179 1580 4206
3795 2 2 0 1 344 2742 3951
3796 2 2 0 1 2303 495 5275
3797 2 2 0 1 3682 5599 6133
3798 2 2 0 1 2535 528 6439
3799 2 2 0 1 920 6220 6423
3800 2 2 0 1 1097 2742 4476
3801 2 2 0 1 382 2440 5704
3802 2 2 0 1 535 2595 3407
3803 2 2 0 1 2439 1058 3491
3804 2 2 0 1 85 86 3349
3805 2 2 0 1 2438 622 3774
3806 2 2 0 1 1490 2570 4719
3807 2 2 0 1 2993 737 6670
3808 2 2 0 1 2275 1250 4172
3809 2 2 0 1 1669 3363 4441
3810 2 2 0 1 2372 1162 5873
3811 2 2 0 1 2770 1103 4908
3812 2 2 0 1 1775 3887 5988
3813 2 2 0 1 3321 1417 3380
3814 2 2 0 1 3203 1412 3560
3815 2 2 0 1 83 84 3328
3816 2 2 0 1 1361 2715 4165
3817 2 2 0 1 3303 4675 6615
3818 2 2 0 1 2751 1098 3348
3819 2 2 0 1 2667 491 3213
3820 2 2 0 1 2730 633 4473
3821 2 2 0 1 787 3939 6223
3822 2 2 0 1 2271 1442 5534
3823 2 2 0 1 3154 1370 3411
3824 2 2 0 1 2584 738 3511
3825 2 2 0 1 906 2370 5215
3826 2 2 0 1 1758 2430 5838
3827 2 2 0 1 1256 3901 6341
3828 2 2 0 1 3446 1347 4467
3829 2 2 0 1 177 178 5254
3830 2 2 0 1 2353 315 5034
3831 2 2 0 1 1246 3008 3124
3832 2 2 0 1 2323 1255 4103
3833 2 2 0 1 2706 1023 6656
3834 2 2 0 1 2767 1956 4175
3835 2 2 0 1 1192 2438 3774
3836 2 2 0 1 1104 5379 6270
3837 2 2 0 1 2622 764 5330
3838 2 2 0 1 1493 4401 4990
3839 2 2 0 1 2346 949 5823
3840 2 2 0 1 2414 4417 6107
3841 2 2 0 1 3512 2441 4529
3842 2 2 0 1 907 2376 5200
3843 2 2 0 1 2293 621 4694
3844 2 2 0 1 2329 1473 4973
3845 2 2 0 1 1168 2235 3845
3846 2 2 0 1 2670 560 3275
3847 2 2 0 1 2775 1903 6128
3848 2 2 0 1 2204 5119 5842
3849 2 2 0 1 1102 2678 4060
3850 2 2 0 1 2553 366 3620
3851 2 2 0 1 910 2320 4233
3852 2 2 0 1 2335 1163 3996
3853 2 2 0 1 2054 2488 6102
3854 2 2 0 1 4656 3450 4985
3855 2 2 0 1 848 2322 5742
3856 2 2 0 1 2316 849 5705
3857 2 2 0 1 2593 1044 4205
3858 2 2 0 1 2677 1748 5632
3859 2 2 0 1 2637 974 3264
3860 2 2 0 1 2737 1263 3981
3861 2 2 0 1 2667 3213 5363
3862 2 2 0 1 347 2587 3284
3863 2 2 0 1 3770 1719 4316
3864 2 2 0 1 2180 3292 4725
3865 2 2 0 1 3355 1391 4563
3866 2 2 0 1 1807 4136 6450
3867 2 2 0 1 2700 371 5908
3868 2 2 0 1 1176 2382 3583
3869 2 2 0 1 1500 2754 3798
3870 2 2 0 1 6499 1136 6588
3871 2 2 0 1 2628 4169 4602
3872 2 2 0 1 1530 4367 4535
3873 2 2 0 1 3727 2326 6165
3874 2 2 0 1 2393 512 4032
3875 2 2 0 1 2602 3160 4708
3876 2 2 0 1 933 2869 5186
3877 2 2 0 1 1991 4445 5725
3878 2 2 0 1 2939 3356 5190
3879 2 2 0 1 2554 948 3570
3880 2 2 0 1 1244 2743 4002
3881 2 2 0 1 2438 863 6059
3882 2 2 0 1 1811 3818 5833
3883 2 2 0 1 2587 1138 3284
3884 2 2 0 1 949 2317 4909
3885 2 2 0 1 500 2324 4782
3886 2 2 0 1 492 2750 3147
3887 2 2 0 1 4503 2280 5840
3888 2 2 0 1 4706 2905 6349
3889 2 2 0 1 3704 4375 6680
3890 2 2 0 1 4719 2570 6500
3891 2 2 0 1 1035 5134 6422
3892 2 2 0 1 333 2925 5738
3893 2 2 0 1 2318 850 5688
3894 2 2 0 1 1839 3406 5364
3895 2 2 0 1 1809 4145 6459
3896 2 2 0 1 537 3482 3521
3897 2 2 0 1 2539 1127 5737
3898 2 2 0 1 2492 951 3429
3899 2 2 0 1 552 2763 3565
3900 2 2 0 1 975 2708 3196
3901 2 2 0 1 2906 1661 4713
3902 2 2 0 1 3063 593 3408
3903 2 2 0 1 2368 331 4912
3904 2 2 0 1 3432 1050 4745
3905 2 2 0 1 1175 3395 4531
3906 2 2 0 1 1306 2291 5077
3907 2 2 0 1 1123 3437 6018
3908 2 2 0 1 2510 1186 5368
3909 2 2 0 1 2828 401 5060
3910 2 2 0 1 3872 635 6387
3911 2 2 0 1 1006 4301 5613
3912 2 2 0 1 844 2335 5757
3913 2 2 0 1 2036 2922 6125
3914 2 2 0 1 857 2392 5059
3915 2 2 0 1 2514 1187 5372
3916 2 2 0 1 2946 2279 6634
3917 2 2 0 1 2792 1024 3118
3918 2 2 0 1 1930 3414 4616
3919 2 2 0 1 508 2529 5978
3920 2 2 0 1 1482 2837 3315
3921 2 2 0 1 431 2678 3243
3922 2 2 0 1 1678 2477 5152
3923 2 2 0 1 969 2722 5818
3924 2 2 0 1 3731 1463 4175
3925 2 2 0 1 2152 5174 5324
3926 2 2 0 1 2374 1188 5560
3927 2 2 0 1 1236 2315 6240
3928 2 2 0 1 2619 1325 4114
3929 2 2 0 1 542 2538 3479
3930 2 2 0 1 2434 872 5997
3931 2 2 0 1 2529 1814 5978
3932 2 2 0 1 1670 2531 5355
3933 2 2 0 1 1044 2593 4269
3934 2 2 0 1 693 3737 5340
3935 2 2 0 1 2419 917 5711
3936 2 2 0 1 1842 3212 3459
3937 2 2 0 1 5852 554 6088
3938 2 2 0 1 2317 625 4866
3939 2 2 0 1 3122 2113 4887
3940 2 2 0 1 2315 1236 5460
3941 2 2 0 1 2564 1128 5769
3942 2 2 0 1 1911 3446 4467
3943 2 2 0 1 879 3826 3994
3944 2 2 0 1 1526 2724 4788
3945 2 2 0 1 517 2637 6090
3946 2 2 0 1 1558 2428 5280
3947 2 2 0 1 1944 2700 5908
3948 2 2 0 1 3960 1327 4417
3949 2 2 0 1 2958 1090 5925
3950 2 2 0 1 2981 303 4340
3951 2 2 0 1 1467 2353 5034
3952 2 2 0 1 852 2508 3707
3953 2 2 0 1 3818 5417 5833
3954 2 2 0 1 5248 2140 5379
3955 2 2 0 1 2810 1275 6330
3956 2 2 0 1 1204 2497 3444
3957 2 2 0 1 2236 3474 4578
3958 2 2 0 1 2014 3120 4695
3959 2 2 0 1 3006 1190 3090
3960 2 2 0 1 2582 1483 4686
3961 2 2 0 1 1339 2405 3817
3962 2 2 0 1 3341 780 6096
3963 2 2 0 1 1489 3233 3761
3964 2 2 0 1 2583 1484 4687
3965 2 2 0 1 2330 1344 3854
3966 2 2 0 1 4879 370 5401
3967 2 2 0 1 3460 38 4071
3968 2 2 0 1 3488 2958 5925
3969 2 2 0 1 3216 1495 3224
3970 2 2 0 1 2301 552 5507
3971 2 2 0 1 490 2723 3950
3972 2 2 0 1 5379 2503 6270
3973 2 2 0 1 4921 2321 5924
3974 2 2 0 1 3497 5728 6400
3975 2 2 0 1 2057 2422 4036
3976 2 2 0 1 1959 2331 4827
3977 2 2 0 1 4471 2330 5950
3978 2 2 0 1 2335 597 4793
3979 2 2 0 1 3482 1508 3521
3980 2 2 0 1 1430 2987 6545
3981 2 2 0 1 1340 2407 3823
3982 2 2 0 1 494 2906 4713
3983 2 2 0 1 3303 1519 4675
3984 2 2 0 1 3094 2022 6192
3985 2 2 0 1 1454 2573 4577
3986 2 2 0 1 1186 2510 5780
3987 2 2 0 1 3414 1400 4616
3988 2 2 0 1 528 2644 4109
3989 2 2 0 1 2345 1396 5639
3990 2 2 0 1 3233 657 3761
3991 2 2 0 1 868 2486 5568
3992 2 2 0 1 2378 1224 3988
3993 2 2 0 1 4142 350 5777
3994 2 2 0 1 1332 2533 3397
3995 2 2 0 1 2695 551 3327
3996 2 2 0 1 2035 3440 5800
3997 2 2 0 1 360 2578 4364
3998 2 2 0 1 3936 1276 4822
3999 2 2 0 1 2678 1143 3243
4000 2 2 0 1 1473 2699 4973
4001 2 2 0 1 1523 2730 4473
4002 2 2 0 1 4022 1249 5846
4003 2 2 0 1 1187 2514 5786
4004 2 2 0 1 1854 5142 5305
4005 2 2 0 1 4245 126 5511
4006 2 2 0 1 331 2368 3835
4007 2 2 0 1 2428 375 5280
4008 2 2 0 1 2457 1075 5428
4009 2 2 0 1 363 2869 3573
4010 2 2 0 1 2302 642 5975
4011 2 2 0 1 2726 2003 4749
4012 2 2 0 1 304 2754 4454
4013 2 2 0 1 2725 2940 5951
4014 2 2 0 1 375 3333 6160
4015 2 2 0 1 2754 1500 4454
4016 2 2 0 1 2613 450 5739
4017 2 2 0 1 1528 2875 4357
4018 2 2 0 1 1973 3199 4120
4019 2 2 0 1 2753 1119 5648
4020 2 2 0 1 264 265 3023
4021 2 2 0 1 2360 1216 6162
4022 2 2 0 1 2412 647 3617
4023 2 2 0 1 2323 1145 3852
4024 2 2 0 1 266 267 3027
4025 2 2 0 1 2297 313 5726
4026 2 2 0 1 799 4359 4461
4027 2 2 0 1 1126 3599 3716
4028 2 2 0 1 2008 3432 4745
4029 2 2 0 1 1304 2594 6489
4030 2 2 0 1 2938 537 4771
4031 2 2 0 1 3248 1109 3275
4032 2 2 0 1 5062 1100 6027
4033 2 2 0 1 1194 2315 4035
4034 2 2 0 1 2391 563 4088
4035 2 2 0 1 3967 2402 6511
4036 2 2 0 1 1021 2702 3231
4037 2 2 0 1 2364 332 5022
4038 2 2 0 1 5292 2104 6283
4039 2 2 0 1 1077 3216 3224
4040 2 2 0 1 1109 2670 3275
4041 2 2 0 1 616 2619 4114
4042 2 2 0 1 597 2335 3996
4043 2 2 0 1 1730 2622 5330
4044 2 2 0 1 493 2650 3940
4045 2 2 0 1 3958 2091 5917
4046 2 2 0 1 269 270 2976
4047 2 2 0 1 2500 904 3473
4048 2 2 0 1 3586 1942 5309
4049 2 2 0 1 2724 1526 3577
4050 2 2 0 1 391 2612 4495
4051 2 2 0 1 2688 1793 6301
4052 2 2 0 1 3477 897 5878
4053 2 2 0 1 4716 1978 6346
4054 2 2 0 1 853 2458 3613
4055 2 2 0 1 2672 1006 3281
4056 2 2 0 1 2719 3475 5102
4057 2 2 0 1 1662 3202 5763
4058 2 2 0 1 3169 1169 4177
4059 2 2 0 1 511 2988 4783
4060 2 2 0 1 2439 513 4608
4061 2 2 0 1 2652 1647 5768
4062 2 2 0 1 1073 2474 5931
4063 2 2 0 1 3045 1841 5589
4064 2 2 0 1 2342 533 4904
4065 2 2 0 1 1136 2783 6588
4066 2 2 0 1 2531 3819 5481
4067 2 2 0 1 934 2378 3988
4068 2 2 0 1 3680 1034 4466
4069 2 2 0 1 5400 1107 5675
4070 2 2 0 1 622 3955 4594
4071 2 2 0 1 3202 5050 5763
4072 2 2 0 1 3576 1552 3873
4073 2 2 0 1 3897 2530 5587
4074 2 2 0 1 394 2381 5250
4075 2 2 0 1 3333 2464 6160
4076 2 2 0 1 3403 673 4232
4077 2 2 0 1 1142 2557 3485
4078 2 2 0 1 371 2946 6634
4079 2 2 0 1 2268 4132 4949
4080 2 2 0 1 1326 2540 6415
4081 2 2 0 1 2183 3011 6125
4082 2 2 0 1 3290 1189 3675
4083 2 2 0 1 513 2881 4608
4084 2 2 0 1 2480 1902 4077
4085 2 2 0 1 2474 1529 3825
4086 2 2 0 1 479 3001 5552
4087 2 2 0 1 4315 2063 5153
4088 2 2 0 1 2857 1011 5634
4089 2 2 0 1 1178 2490 6637
4090 2 2 0 1 350 2716 5154
4091 2 2 0 1 1518 3122 4887
4092 2 2 0 1 3359 798 3532
4093 2 2 0 1 2848 1021 3231
4094 2 2 0 1 4359 2248 4461
4095 2 2 0 1 3291 1295 3820
4096 2 2 0 1 1375 3024 3945
4097 2 2 0 1 3731 4175 6663
4098 2 2 0 1 1811 2613 5739
4099 2 2 0 1 2652 451 5258
4100 2 2 0 1 1862 5331 6456
4101 2 2 0 1 2736 2331 4572
4102 2 2 0 1 359 2575 4385
4103 2 2 0 1 2349 1049 4756
4104 2 2 0 1 1306 2791 3248
4105 2 2 0 1 2435 1359 3932
4106 2 2 0 1 1184 2475 3968
4107 2 2 0 1 2611 1410 3527
4108 2 2 0 1 1458 2345 4331
4109 2 2 0 1 3659 639 4715
4110 2 2 0 1 4954 520 5750
4111 2 2 0 1 1352 2380 3802
4112 2 2 0 1 1376 2712 3377
4113 2 2 0 1 2631 698 3306
4114 2 2 0 1 1125 2754 4059
4115 2 2 0 1 332 2364 3945
4116 2 2 0 1 2375 1682 5259
4117 2 2 0 1 2830 1406 4658
4118 2 2 0 1 2321 1486 4072
4119 2 2 0 1 330 3425 5134
4120 2 2 0 1 1044 3123 3587
4121 2 2 0 1 3059 715 3204
4122 2 2 0 1 549 2313 5687
4123 2 2 0 1 2896 1409 3800
4124 2 2 0 1 1551 4263 4732
4125 2 2 0 1 3496 5177 5663
4126 2 2 0 1 430 2486 6070
4127 2 2 0 1 520 4954 6262
4128 2 2 0 1 2860 950 3781
4129 2 2 0 1 1877 5466 6596
4130 2 2 0 1 3177 2662 6140
4131 2 2 0 1 562 3513 4717
4132 2 2 0 1 4945 3037 5061
4133 2 2 0 1 3799 607 5091
4134 2 2 0 1 1538 3291 3820
4135 2 2 0 1 2550 1132 3644
4136 2 2 0 1 2749 898 3681
4137 2 2 0 1 3437 406 5228
4138 2 2 0 1 3826 1905 3994
4139 2 2 0 1 5332 1977 6015
4140 2 2 0 1 1162 3408 5471
4141 2 2 0 1 3104 1840 5810
4142 2 2 0 1 389 4586 6434
4143 2 2 0 1 3342 1998 4918
4144 2 2 0 1 4842 413 5770
4145 2 2 0 1 2589 367 6567
4146 2 2 0 1 3618 965 5807
4147 2 2 0 1 951 2492 5937
4148 2 2 0 1 2875 1071 4357
4149 2 2 0 1 2306 825 4200
4150 2 2 0 1 1323 2383 4951
4151 2 2 0 1 2394 1171 5045
4152 2 2 0 1 287 288 3369
4153 2 2 0 1 5308 343 5698
4154 2 2 0 1 1277 2341 4099
4155 2 2 0 1 723 4350 4576
4156 2 2 0 1 1249 3172 5846
4157 2 2 0 1 2703 1171 3354
4158 2 2 0 1 1278 2344 4102
4159 2 2 0 1 2724 699 4788
4160 2 2 0 1 2337 867 5016
4161 2 2 0 1 316 3398 5829
4162 2 2 0 1 4777 2034 5031
4163 2 2 0 1 3112 834 3283
4164 2 2 0 1 1094 3197 6349
4165 2 2 0 1 2311 826 4210
4166 2 2 0 1 2894 5854 6226
4167 2 2 0 1 554 3510 6088
4168 2 2 0 1 2623 2913 5495
4169 2 2 0 1 1202 2682 3827
4170 2 2 0 1 2806 1488 4556
4171 2 2 0 1 1590 2924 5162
4172 2 2 0 1 3214 1937 3948
4173 2 2 0 1 745 2679 4332
4174 2 2 0 1 2643 1439 3843
4175 2 2 0 1 1046 2555 3434
4176 2 2 0 1 2734 306 5518
4177 2 2 0 1 570 4470 5223
4178 2 2 0 1 1388 3615 4411
4179 2 2 0 1 1275 4348 6330
4180 2 2 0 1 1374 2792 5946
4181 2 2 0 1 3143 1694 4884
4182 2 2 0 1 598 4366 4934
4183 2 2 0 1 3786 678 6429
4184 2 2 0 1 1752 3106 6234
4185 2 2 0 1 600 2703 3354
4186 2 2 0 1 343 2363 4914
4187 2 2 0 1 1177 2410 3632
4188 2 2 0 1 1725 3280 5931
4189 2 2 0 1 1336 3683 5819
4190 2 2 0 1 121 122 3245
4191 2 2 0 1 1563 2953 4118
4192 2 2 0 1 1566 2983 4059
4193 2 2 0 1 3856 1739 4309
4194 2 2 0 1 1667 2891 5301
4195 2 2 0 1 1070 2485 3665
4196 2 2 0 1 3257 2079 5652
4197 2 2 0 1 1143 2678 6345
4198 2 2 0 1 2715 889 4165
4199 2 2 0 1 833 2413 3763
4200 2 2 0 1 1472 2364 5022
4201 2 2 0 1 376 2533 4279
4202 2 2 0 1 2592 582 3464
4203 2 2 0 1 543 2339 3983
4204 2 2 0 1 5693 3267 6010
4205 2 2 0 1 2267 4458 5908
4206 2 2 0 1 2353 904 5389
4207 2 2 0 1 793 3257 5652
4208 2 2 0 1 251 252 3423
4209 2 2 0 1 1547 2412 3765
4210 2 2 0 1 2365 3830 6684
4211 2 2 0 1 2582 4686 6574
4212 2 2 0 1 2301 809 4778
4213 2 2 0 1 2583 4687 6575
4214 2 2 0 1 4580 3093 5570
4215 2 2 0 1 3927 451 6049
4216 2 2 0 1 1300 2565 6292
4217 2 2 0 1 1054 2644 4228
4218 2 2 0 1 1885 3912 5341
4219 2 2 0 1 2460 475 6441
4220 2 2 0 1 5271 2641 6495
4221 2 2 0 1 2711 547 4804
4222 2 2 0 1 1365 4037 4257
4223 2 2 0 1 1000 2922 6112
4224 2 2 0 1 944 2973 4457
4225 2 2 0 1 593 2348 5471
4226 2 2 0 1 1283 2349 4033
4227 2 2 0 1 2650 957 6012
4228 2 2 0 1 320 4241 5007
4229 2 2 0 1 4378 1637 5415
4230 2 2 0 1 3612 1411 4612
4231 2 2 0 1 1571 2406 6611
4232 2 2 0 1 322 2621 5492
4233 2 2 0 1 2019 2595 4948
4234 2 2 0 1 1037 2783 3573
4235 2 2 0 1 2538 2243 6027
4236 2 2 0 1 2558 925 3537
4237 2 2 0 1 1965 3133 4692
4238 2 2 0 1 2676 567 4110
4239 2 2 0 1 2222 4267 6224
4240 2 2 0 1 700 3128 4411
4241 2 2 0 1 1265 2749 3681
4242 2 2 0 1 928 6214 6372
4243 2 2 0 1 849 3310 3688
4244 2 2 0 1 2941 995 3494
4245 2 2 0 1 1582 2805 4796
4246 2 2 0 1 315 2353 4480
4247 2 2 0 1 1297 2528 3568
4248 2 2 0 1 2295 1388 4411
4249 2 2 0 1 1849 2899 4125
4250 2 2 0 1 974 2761 3264
4251 2 2 0 1 2533 1332 4279
4252 2 2 0 1 4370 511 4783
4253 2 2 0 1 1850 2901 4126
4254 2 2 0 1 1874 2737 4373
4255 2 2 0 1 940 2813 3463
4256 2 2 0 1 523 3631 5239
4257 2 2 0 1 3394 589 6132
4258 2 2 0 1 4132 792 4949
4259 2 2 0 1 553 3135 6008
4260 2 2 0 1 1116 2819 3174
4261 2 2 0 1 1051 2566 3369
4262 2 2 0 1 863 2552 3878
4263 2 2 0 1 1448 3645 3773
4264 2 2 0 1 3578 1660 4994
4265 2 2 0 1 2696 1016 3337
4266 2 2 0 1 407 2776 5160
4267 2 2 0 1 920 3154 6220
4268 2 2 0 1 827 4633 5112
4269 2 2 0 1 3431 597 4004
4270 2 2 0 1 689 2506 3595
4271 2 2 0 1 3135 2216 6008
4272 2 2 0 1 2716 1722 5154
4273 2 2 0 1 3425 2119 5134
4274 2 2 0 1 728 3469 6076
4275 2 2 0 1 3690 1521 3869
4276 2 2 0 1 1791 3743 4628
4277 2 2 0 1 3536 1652 4944
4278 2 2 0 1 3901 1256 6548
4279 2 2 0 1 2918 456 3515
4280 2 2 0 1 3270 813 4797
4281 2 2 0 1 1164 2537 6409
4282 2 2 0 1 919 2398 6120
4283 2 2 0 1 1534 2505 5367
4284 2 2 0 1 408 2780 5166
4285 2 2 0 1 850 3307 3663
4286 2 2 0 1 2921 551 3322
4287 2 2 0 1 3429 1629 6431
4288 2 2 0 1 1581 3536 4869
4289 2 2 0 1 2388 4327 5767
4290 2 2 0 1 2486 5485 6070
4291 2 2 0 1 1001 2795 3260
4292 2 2 0 1 2459 582 3588
4293 2 2 0 1 1467 3359 3532
4294 2 2 0 1 2723 1020 3950
4295 2 2 0 1 2381 1310 4971
4296 2 2 0 1 1994 5164 5673
4297 2 2 0 1 3292 1417 4725
4298 2 2 0 1 2545 1115 3483
4299 2 2 0 1 4366 2192 4934
4300 2 2 0 1 2806 4556 6178
4301 2 2 0 1 799 2409 4359
4302 2 2 0 1 2621 1723 5492
4303 2 2 0 1 28 4957 5469
4304 2 2 0 1 881 2906 6658
4305 2 2 0 1 2761 1203 3264
4306 2 2 0 1 3920 1574 6252
4307 2 2 0 1 1657 3317 5686
4308 2 2 0 1 2833 1992 4574
4309 2 2 0 1 1242 2651 6398
4310 2 2 0 1 3611 1869 6321
4311 2 2 0 1 342 2357 4409
4312 2 2 0 1 1039 2984 4363
4313 2 2 0 1 848 3452 3628
4314 2 2 0 1 637 3596 4148
4315 2 2 0 1 1191 2848 3231
4316 2 2 0 1 1625 3713 3752
4317 2 2 0 1 2854 1281 5549
4318 2 2 0 1 358 2385 4184
4319 2 2 0 1 881 2394 5045
4320 2 2 0 1 393 3695 5633
4321 2 2 0 1 2170 4276 5765
4322 2 2 0 1 3407 2595 6482
4323 2 2 0 1 1624 2857 3167
4324 2 2 0 1 1258 3352 3973
4325 2 2 0 1 1819 2734 5518
4326 2 2 0 1 1049 2349 4298
4327 2 2 0 1 2922 778 6125
4328 2 2 0 1 1255 2323 4207
4329 2 2 0 1 3761 1655 5449
4330 2 2 0 1 3398 2366 5829
4331 2 2 0 1 994 3037 4945
4332 2 2 0 1 3719 1794 5329
4333 2 2 0 1 3034 1713 5006
4334 2 2 0 1 2313 3165 5331
4335 2 2 0 1 3277 1155 4144
4336 2 2 0 1 1165 2518 6297
4337 2 2 0 1 1108 4105 4672
4338 2 2 0 1 842 3096 4186
4339 2 2 0 1 555 2851 4531
4340 2 2 0 1 3373 849 3643
4341 2 2 0 1 3236 623 3642
4342 2 2 0 1 2521 3740 5249
4343 2 2 0 1 3000 2142 4540
4344 2 2 0 1 5 6 2908
4345 2 2 0 1 4957 2310 5469
4346 2 2 0 1 2382 1176 4882
4347 2 2 0 1 2415 368 6304
4348 2 2 0 1 2068 3107 4727
4349 2 2 0 1 1888 2854 5549
4350 2 2 0 1 993 3333 4120
4351 2 2 0 1 450 2435 3932
4352 2 2 0 1 2798 1707 4358
4353 2 2 0 1 47 48 4567
4354 2 2 0 1 4968 785 5453
4355 2 2 0 1 2668 3409 4709
4356 2 2 0 1 2707 503 4057
4357 2 2 0 1 2481 981 5631
4358 2 2 0 1 1552 2740 5158
4359 2 2 0 1 2150 3530 4776
4360 2 2 0 1 2491 980 5784
4361 2 2 0 1 831 2336 4707
4362 2 2 0 1 4887 479 5552
4363 2 2 0 1 2902 2411 6617
4364 2 2 0 1 2692 4133 4774
4365 2 2 0 1 2974 2612 4919
4366 2 2 0 1 1216 2360 5490
4367 2 2 0 1 62 63 2899
4368 2 2 0 1 210 211 2901
4369 2 2 0 1 6218 2247 6460
4370 2 2 0 1 1155 3306 4144
4371 2 2 0 1 942 2773 6341
4372 2 2 0 1 414 3277 4181
4373 2 2 0 1 579 3933 4631
4374 2 2 0 1 3496 1124 5177
4375 2 2 0 1 546 2790 3766
4376 2 2 0 1 3156 2044 6442
4377 2 2 0 1 2294 1438 4626
4378 2 2 0 1 3631 2273 5239
4379 2 2 0 1 1588 3550 4195
4380 2 2 0 1 4015 1515 4465
4381 2 2 0 1 1589 2671 5000
4382 2 2 0 1 131 2596 3603
4383 2 2 0 1 1180 5469 6543
4384 2 2 0 1 2591 392 6206
4385 2 2 0 1 1298 2386 4450
4386 2 2 0 1 1681 3187 3969
4387 2 2 0 1 3340 850 3660
4388 2 2 0 1 2671 988 5000
4389 2 2 0 1 2518 935 5504
4390 2 2 0 1 3935 2635 4938
4391 2 2 0 1 2618 1535 3898
4392 2 2 0 1 1334 3679 4614
4393 2 2 0 1 3335 590 3870
4394 2 2 0 1 3061 1861 4511
4395 2 2 0 1 1540 2404 4007
4396 2 2 0 1 1677 4459 6094
4397 2 2 0 1 3016 2467 5561
4398 2 2 0 1 3152 2076 4050
4399 2 2 0 1 96 2548 4026
4400 2 2 0 1 3096 1222 3263
4401 2 2 0 1 3363 406 4441
4402 2 2 0 1 2930 1915 5578
4403 2 2 0 1 1762 3140 4713
4404 2 2 0 1 1189 3189 3675
4405 2 2 0 1 3586 731 5049
4406 2 2 0 1 2391 858 4086
4407 2 2 0 1 4996 747 6641
4408 2 2 0 1 1201 3006 3090
4409 2 2 0 1 1037 3573 3997
4410 2 2 0 1 584 2369 4758
4411 2 2 0 1 1574 2635 3612
4412 2 2 0 1 5062 2172 5562
4413 2 2 0 1 3036 610 5461
4414 2 2 0 1 1673 2509 5663
4415 2 2 0 1 2410 1177 4008
4416 2 2 0 1 2475 1184 5601
4417 2 2 0 1 2948 1210 4786
4418 2 2 0 1 80 2539 5737
4419 2 2 0 1 2985 1630 4655
4420 2 2 0 1 2464 993 6208
4421 2 2 0 1 1659 2643 3843
4422 2 2 0 1 3599 1731 3716
4423 2 2 0 1 4046 2010 4820
4424 2 2 0 1 2212 3632 5473
4425 2 2 0 1 1111 2833 4779
4426 2 2 0 1 2553 887 3558
4427 2 2 0 1 4724 2415 5991
4428 2 2 0 1 2624 1311 3449
4429 2 2 0 1 2338 5847 6233
4430 2 2 0 1 417 2400 5098
4431 2 2 0 1 1215 3881 6000
4432 2 2 0 1 1736 4606 5616
4433 2 2 0 1 2563 1341 4086
4434 2 2 0 1 2462 1073 3877
4435 2 2 0 1 280 281 5477
4436 2 2 0 1 925 2911 6222
4437 2 2 0 1 3136 1002 5017
4438 2 2 0 1 533 3215 6527
4439 2 2 0 1 1197 3538 5928
4440 2 2 0 1 2386 570 4450
4441 2 2 0 1 459 2417 3964
4442 2 2 0 1 432 2405 4757
4443 2 2 0 1 806 2362 3915
4444 2 2 0 1 3212 416 5622
4445 2 2 0 1 2476 1613 5625
4446 2 2 0 1 790 2920 6274
4447 2 2 0 1 2357 1294 4409
4448 2 2 0 1 351 4442 5189
4449 2 2 0 1 2715 464 4675
4450 2 2 0 1 2379 880 5270
4451 2 2 0 1 2956 1559 3525
4452 2 2 0 1 504 2576 4381
4453 2 2 0 1 1193 2917 3169
4454 2 2 0 1 3020 2096 5563
4455 2 2 0 1 1241 2363 6279
4456 2 2 0 1 2251 4041 6596
4457 2 2 0 1 319 2712 4261
4458 2 2 0 1 2022 4313 6192
4459 2 2 0 1 2908 1843 4150
4460 2 2 0 1 2920 2131 6274
4461 2 2 0 1 2644 1373 4228
4462 2 2 0 1 1316 2686 3364
4463 2 2 0 1 1766 3168 4396
4464 2 2 0 1 2401 3429 6431
4465 2 2 0 1 2465 1487 5082
4466 2 2 0 1 1412 3218 3560
4467 2 2 0 1 1433 2382 5443
4468 2 2 0 1 3973 559 3985
4469 2 2 0 1 1226 3637 4545
4470 2 2 0 1 1097 4476 6391
4471 2 2 0 1 618 3519 3579
4472 2 2 0 1 3770 2112 4858
4473 2 2 0 1 2034 4777 6127
4474 2 2 0 1 3716 336 5342
4475 2 2 0 1 938 5063 5366
4476 2 2 0 1 2610 1724 3908
4477 2 2 0 1 433 2407 4763
4478 2 2 0 1 440 5221 5897
4479 2 2 0 1 1153 2552 5980
4480 2 2 0 1 931 3481 3931
4481 2 2 0 1 470 2550 3644
4482 2 2 0 1 4301 1006 6533
4483 2 2 0 1 3749 664 3897
4484 2 2 0 1 3497 1962 5728
4485 2 2 0 1 4533 1335 5438
4486 2 2 0 1 1737 2630 5730
4487 2 2 0 1 2353 1467 4759
4488 2 2 0 1 3112 1679 5425
4489 2 2 0 1 1758 3749 3897
4490 2 2 0 1 1029 4819 6414
4491 2 2 0 1 1156 2414 4377
4492 2 2 0 1 2544 511 4370
4493 2 2 0 1 770 2424 5894
4494 2 2 0 1 1274 2577 6347
4495 2 2 0 1 2795 1217 3260
4496 2 2 0 1 2712 1390 4261
4497 2 2 0 1 854 3787 5854
4498 2 2 0 1 2509 507 5663
4499 2 2 0 1 3215 3584 6527
4500 2 2 0 1 4577 2573 6563
4501 2 2 0 1 595 2717 4860
4502 2 2 0 1 3598 1911 4467
4503 2 2 0 1 980 4134 6205
4504 2 2 0 1 3097 1052 4902
4505 2 2 0 1 1917 2595 6371
4506 2 2 0 1 771 2426 5899
4507 2 2 0 1 3309 1352 3811
4508 2 2 0 1 1954 3349 5356
4509 2 2 0 1 3376 559 5012
4510 2 2 0 1 346 2825 4169
4511 2 2 0 1 1209 3557 5905
4512 2 2 0 1 2568 1785 6099
4513 2 2 0 1 153 154 2867
4514 2 2 0 1 2405 1339 4757
4515 2 2 0 1 2757 1687 5345
4516 2 2 0 1 1723 2831 3394
4517 2 2 0 1 3069 1456 3933
4518 2 2 0 1 1249 2652 3861
4519 2 2 0 1 4346 2134 6052
4520 2 2 0 1 1230 2362 4460
4521 2 2 0 1 2706 535 3407
4522 2 2 0 1 1627 2352 4830
4523 2 2 0 1 2535 1178 6335
4524 2 2 0 1 2548 97 4266
4525 2 2 0 1 3017 679 5290
4526 2 2 0 1 983 3770 4858
4527 2 2 0 1 1226 3602 4824
4528 2 2 0 1 924 2402 6080
4529 2 2 0 1 1337 3686 4601
4530 2 2 0 1 2364 1472 4084
4531 2 2 0 1 916 2475 5601
4532 2 2 0 1 3430 903 6457
4533 2 2 0 1 500 3039 3180
4534 2 2 0 1 3111 1741 6227
4535 2 2 0 1 2958 1813 4332
4536 2 2 0 1 2405 825 3817
4537 2 2 0 1 1431 3236 3642
4538 2 2 0 1 2385 1258 4184
4539 2 2 0 1 2407 1340 4763
4540 2 2 0 1 3604 1709 3624
4541 2 2 0 1 2630 938 5730
4542 2 2 0 1 2460 916 5601
4543 2 2 0 1 3441 1999 4941
4544 2 2 0 1 778 2610 3908
4545 2 2 0 1 3201 793 6516
4546 2 2 0 1 733 3091 4123
4547 2 2 0 1 609 3598 4467
4548 2 2 0 1 415 2392 4974
4549 2 2 0 1 3167 2857 5634
4550 2 2 0 1 1294 2357 4232
4551 2 2 0 1 896 3130 5521
4552 2 2 0 1 628 2437 3898
4553 2 2 0 1 2638 1071 3423
4554 2 2 0 1 1937 3214 5955
4555 2 2 0 1 1161 2604 4387
4556 2 2 0 1 375 2428 5429
4557 2 2 0 1 1448 2870 3645
4558 2 2 0 1 1153 5980 6051
4559 2 2 0 1 1970 3323 5433
4560 2 2 0 1 837 2389 6166
4561 2 2 0 1 4328 1305 6224
4562 2 2 0 1 2613 1139 3433
4563 2 2 0 1 2506 1657 5686
4564 2 2 0 1 2703 600 3397
4565 2 2 0 1 3483 2012 5500
4566 2 2 0 1 3810 2155 4876
4567 2 2 0 1 2407 826 3823
4568 2 2 0 1 4148 3596 5857
4569 2 2 0 1 639 2451 6576
4570 2 2 0 1 170 2597 4565
4571 2 2 0 1 197 198 3151
4572 2 2 0 1 425 5041 6265
4573 2 2 0 1 3212 5622 6014
4574 2 2 0 1 3524 1218 6561
4575 2 2 0 1 3519 1508 3579
4576 2 2 0 1 2919 658 3456
4577 2 2 0 1 3097 2084 6188
4578 2 2 0 1 1324 3029 3473
4579 2 2 0 1 2671 4507 6517
4580 2 2 0 1 2890 664 3975
4581 2 2 0 1 1794 3719 4762
4582 2 2 0 1 3032 2301 4778
4583 2 2 0 1 1033 2543 6197
4584 2 2 0 1 1945 3320 4942
4585 2 2 0 1 2420 1225 5658
4586 2 2 0 1 2533 376 5733
4587 2 2 0 1 3046 5586 5869
4588 2 2 0 1 3008 1151 3124
4589 2 2 0 1 2038 3150 4534
4590 2 2 0 1 1739 2698 4139
4591 2 2 0 1 3140 494 4713
4592 2 2 0 1 2970 1236 4096
4593 2 2 0 1 1742 2516 5885
4594 2 2 0 1 1877 4354 5466
4595 2 2 0 1 1448 2843 4204
4596 2 2 0 1 3320 423 4942
4597 2 2 0 1 2476 731 5926
4598 2 2 0 1 931 4218 6052
4599 2 2 0 1 1636 3021 4549
4600 2 2 0 1 5300 2171 5820
4601 2 2 0 1 1167 2487 5614
4602 2 2 0 1 1095 2397 5333
4603 2 2 0 1 2508 1302 3707
4604 2 2 0 1 1028 3069 3933
4605 2 2 0 1 2369 969 4464
4606 2 2 0 1 2504 676 4225
4607 2 2 0 1 1251 2919 3456
4608 2 2 0 1 1519 2715 4675
4609 2 2 0 1 1510 2450 5311
4610 2 2 0 1 228 2564 5769
4611 2 2 0 1 1062 2961 4702
4612 2 2 0 1 2414 784 4377
4613 2 2 0 1 1052 3134 4902
4614 2 2 0 1 178 179 4367
4615 2 2 0 1 3466 515 5182
4616 2 2 0 1 2366 3398 5672
4617 2 2 0 1 4002 2743 4921
4618 2 2 0 1 1109 5074 5909
4619 2 2 0 1 2652 885 3861
4620 2 2 0 1 3965 824 5679
4621 2 2 0 1 1708 3054 5295
4622 2 2 0 1 4411 3615 5555
4623 2 2 0 1 308 2508 5598
4624 2 2 0 1 521 3047 3914
4625 2 2 0 1 2597 1406 4565
4626 2 2 0 1 1184 2460 5601
4627 2 2 0 1 1149 2991 6046
4628 2 2 0 1 2561 1005 3552
4629 2 2 0 1 2501 1164 5076
4630 2 2 0 1 2383 1323 4611
4631 2 2 0 1 1179 3407 6482
4632 2 2 0 1 2422 1199 5660
4633 2 2 0 1 2425 2615 6656
4634 2 2 0 1 960 3187 6081
4635 2 2 0 1 2776 2287 5160
4636 2 2 0 1 4749 2003 5671
4637 2 2 0 1 2497 1204 6322
4638 2 2 0 1 3532 2435 5553
4639 2 2 0 1 2828 986 3387
4640 2 2 0 1 5548 2904 5853
4641 2 2 0 1 3277 1677 4181
4642 2 2 0 1 3143 4884 6621
4643 2 2 0 1 2595 535 6371
4644 2 2 0 1 2465 366 6116
4645 2 2 0 1 808 4129 4346
4646 2 2 0 1 903 3430 5311
4647 2 2 0 1 2369 1375 4758
4648 2 2 0 1 2633 380 6424
4649 2 2 0 1 306 2702 3461
4650 2 2 0 1 305 3089 3867
4651 2 2 0 1 2471 1032 3792
4652 2 2 0 1 5485 1829 6070
4653 2 2 0 1 3991 2646 4821
4654 2 2 0 1 2611 1176 3583
4655 2 2 0 1 2380 1352 5510
4656 2 2 0 1 5854 1828 6226
4657 2 2 0 1 2780 2288 5166
4658 2 2 0 1 2787 3864 5594
4659 2 2 0 1 1641 3026 4560
4660 2 2 0 1 1456 4466 4631
4661 2 2 0 1 1676 3938 5467
4662 2 2 0 1 2831 589 3394
4663 2 2 0 1 636 2611 3583
4664 2 2 0 1 4618 2006 4841
4665 2 2 0 1 63 2 6022
4666 2 2 0 1 2453 498 6358
4667 2 2 0 1 151 152 2866
4668 2 2 0 1 1897 2952 4209
4669 2 2 0 1 1090 2958 4332
4670 2 2 0 1 1016 2398 4006
4671 2 2 0 1 3630 1831 5505
4672 2 2 0 1 2979 1018 3131
4673 2 2 0 1 281 282 3632
4674 2 2 0 1 758 4180 4716
4675 2 2 0 1 1002 3016 5017
4676 2 2 0 1 3091 1549 4123
4677 2 2 0 1 2847 765 5038
4678 2 2 0 1 1469 2455 5234
4679 2 2 0 1 1146 3250 4282
4680 2 2 0 1 51 52 2945
4681 2 2 0 1 2935 1908 5640
4682 2 2 0 1 1012 2766 3343
4683 2 2 0 1 1154 2700 6666
4684 2 2 0 1 5336 1900 5775
4685 2 2 0 1 3 153 6020
4686 2 2 0 1 3052 1462 4443
4687 2 2 0 1 2943 29 5468
4688 2 2 0 1 3151 198 5589
4689 2 2 0 1 2679 2128 4509
4690 2 2 0 1 2677 843 4353
4691 2 2 0 1 2493 1640 3815
4692 2 2 0 1 2684 1193 5418
4693 2 2 0 1 3713 468 3752
4694 2 2 0 1 2788 866 3999
4695 2 2 0 1 2362 806 4460
4696 2 2 0 1 1808 4190 6396
4697 2 2 0 1 504 2934 3661
4698 2 2 0 1 1022 4043 6294
4699 2 2 0 1 3521 2811 5805
4700 2 2 0 1 2840 1109 3248
4701 2 2 0 1 5162 2924 6210
4702 2 2 0 1 2676 1164 6409
4703 2 2 0 1 390 3576 3873
4704 2 2 0 1 3218 840 3560
4705 2 2 0 1 551 3259 5353
4706 2 2 0 1 2752 1162 3481
4707 2 2 0 1 454 2565 6329
4708 2 2 0 1 1115 2948 4349
4709 2 2 0 1 2015 2744 4668
4710 2 2 0 1 905 2465 5082
4711 2 2 0 1 3060 1293 3476
4712 2 2 0 1 3888 1464 4781
4713 2 2 0 1 1526 2532 4974
4714 2 2 0 1 1424 2641 3614
4715 2 2 0 1 3776 1990 4817
4716 2 2 0 1 1360 2397 6635
4717 2 2 0 1 573 2751 3348
4718 2 2 0 1 3328 1958 5393
4719 2 2 0 1 157 4618 4841
4720 2 2 0 1 2804 1499 4641
4721 2 2 0 1 2807 411 5202
4722 2 2 0 1 2123 3136 5017
4723 2 2 0 1 3115 576 4997
4724 2 2 0 1 2792 3118 5946
4725 2 2 0 1 360 4323 4599
4726 2 2 0 1 2540 538 5626
4727 2 2 0 1 802 3223 5865
4728 2 2 0 1 679 4655 5290
4729 2 2 0 1 2037 3376 5012
4730 2 2 0 1 3099 521 3914
4731 2 2 0 1 3223 2173 5865
4732 2 2 0 1 648 3060 3476
4733 2 2 0 1 444 2969 5445
4734 2 2 0 1 679 2985 4655
4735 2 2 0 1 2417 459 4690
4736 2 2 0 1 1326 2788 3999
4737 2 2 0 1 2404 862 4138
4738 2 2 0 1 2389 3716 5342
4739 2 2 0 1 3661 1057 6037
4740 2 2 0 1 1458 3000 4540
4741 2 2 0 1 3095 1733 6216
4742 2 2 0 1 1383 2890 3975
4743 2 2 0 1 1962 4556 4771
4744 2 2 0 1 1268 3096 3263
4745 2 2 0 1 2726 644 3748
4746 2 2 0 1 975 2930 5578
4747 2 2 0 1 2413 482 4984
4748 2 2 0 1 466 2409 4958
4749 2 2 0 1 2940 2321 4072
4750 2 2 0 1 662 3522 3821
4751 2 2 0 1 457 2696 4875
4752 2 2 0 1 4067 1766 4297
4753 2 2 0 1 2506 689 5677
4754 2 2 0 1 900 2445 5747
4755 2 2 0 1 2015 4668 5178
4756 2 2 0 1 1566 4059 4617
4757 2 2 0 1 5119 861 5842
4758 2 2 0 1 1192 2709 3807
4759 2 2 0 1 3867 1008 5077
4760 2 2 0 1 2603 2857 5995
4761 2 2 0 1 517 2835 5109
4762 2 2 0 1 347 2401 4579
4763 2 2 0 1 3305 1974 5465
4764 2 2 0 1 1097 3140 4031
4765 2 2 0 1 400 4821 5799
4766 2 2 0 1 4508 633 4573
4767 2 2 0 1 2983 1125 4059
4768 2 2 0 1 2882 1076 4180
4769 2 2 0 1 1365 4124 5442
4770 2 2 0 1 3077 594 3444
4771 2 2 0 1 2572 1051 6045
4772 2 2 0 1 1761 2498 6211
4773 2 2 0 1 1288 2562 5476
4774 2 2 0 1 3259 2039 5353
4775 2 2 0 1 2988 940 3463
4776 2 2 0 1 1428 2865 3270
4777 2 2 0 1 2996 567 6182
4778 2 2 0 1 4622 409 5108
4779 2 2 0 1 2947 1803 5257
4780 2 2 0 1 2409 1416 4958
4781 2 2 0 1 4050 2076 6238
4782 2 2 0 1 2656 1165 6297
4783 2 2 0 1 2450 390 3873
4784 2 2 0 1 2713 1047 3690
4785 2 2 0 1 2067 2488 5716
4786 2 2 0 1 902 2448 5753
4787 2 2 0 1 4006 2688 6301
4788 2 2 0 1 1368 4280 4906
4789 2 2 0 1 428 2390 5167
4790 2 2 0 1 2797 1184 3367
4791 2 2 0 1 1745 2493 3815
4792 2 2 0 1 3251 1312 3635
4793 2 2 0 1 1781 5049 5136
4794 2 2 0 1 2103 5110 5113
4795 2 2 0 1 2797 599 3364
4796 2 2 0 1 2689 1315 4285
4797 2 2 0 1 4180 2319 4716
4798 2 2 0 1 4080 2147 5374
4799 2 2 0 1 513 3491 4135
4800 2 2 0 1 2674 1485 4520
4801 2 2 0 1 2541 1455 3726
4802 2 2 0 1 423 2727 5001
4803 2 2 0 1 2925 2224 5201
4804 2 2 0 1 4129 2134 4346
4805 2 2 0 1 3002 1209 4674
4806 2 2 0 1 434 3676 5062
4807 2 2 0 1 1633 3847 3942
4808 2 2 0 1 995 2462 6170
4809 2 2 0 1 3202 1662 4244
4810 2 2 0 1 3024 332 3945
4811 2 2 0 1 599 2797 3367
4812 2 2 0 1 551 2921 3327
4813 2 2 0 1 3150 1487 4534
4814 2 2 0 1 1478 2463 5267
4815 2 2 0 1 5450 933 6487
4816 2 2 0 1 3087 859 3331
4817 2 2 0 1 354 2648 3554
4818 2 2 0 1 1145 3604 3624
4819 2 2 0 1 2727 1592 5001
4820 2 2 0 1 1177 2569 4008
4821 2 2 0 1 4667 1343 4862
4822 2 2 0 1 2388 513 4327
4823 2 2 0 1 3995 1250 5661
4824 2 2 0 1 2428 1558 6086
4825 2 2 0 1 2310 6523 6543
4826 2 2 0 1 462 2982 3185
4827 2 2 0 1 1716 3672 5005
4828 2 2 0 1 1657 2506 5677
4829 2 2 0 1 784 2414 6107
4830 2 2 0 1 4835 2177 5961
4831 2 2 0 1 4036 2422 5660
4832 2 2 0 1 3124 1151 4516
4833 2 2 0 1 4291 620 4835
4834 2 2 0 1 2055 3920 6252
4835 2 2 0 1 1099 4366 6483
4836 2 2 0 1 453 3629 4213
4837 2 2 0 1 2990 1197 4584
4838 2 2 0 1 3447 1374 4074
4839 2 2 0 1 2596 132 4249
4840 2 2 0 1 2444 1395 5286
4841 2 2 0 1 3391 2937 4955
4842 2 2 0 1 3452 1572 3628
4843 2 2 0 1 21 22 3769
4844 2 2 0 1 1700 3889 4196
4845 2 2 0 1 2920 1025 3814
4846 2 2 0 1 4673 1007 5775
4847 2 2 0 1 2641 867 3614
4848 2 2 0 1 1638 4711 5595
4849 2 2 0 1 359 4339 4605
4850 2 2 0 1 3903 1474 5365
4851 2 2 0 1 2696 1549 4875
4852 2 2 0 1 2435 450 5553
4853 2 2 0 1 3487 1084 4268
4854 2 2 0 1 864 3585 3654
4855 2 2 0 1 505 2947 5257
4856 2 2 0 1 2092 3341 6096
4857 2 2 0 1 3280 1637 3877
4858 2 2 0 1 3281 1389 4230
4859 2 2 0 1 2500 1524 5389
4860 2 2 0 1 3017 1115 4349
4861 2 2 0 1 1146 2836 4752
4862 2 2 0 1 1732 3676 5123
4863 2 2 0 1 3967 350 5154
4864 2 2 0 1 2766 1012 3874
4865 2 2 0 1 785 4968 6126
4866 2 2 0 1 3645 677 4231
4867 2 2 0 1 3785 2160 5566
4868 2 2 0 1 4948 776 4955
4869 2 2 0 1 1283 4033 5567
4870 2 2 0 1 3659 1067 6326
4871 2 2 0 1 2668 1084 3487
4872 2 2 0 1 3201 1776 5167
4873 2 2 0 1 3065 6002 6063
4874 2 2 0 1 1030 2814 3723
4875 2 2 0 1 64 65 2898
4876 2 2 0 1 1223 4299 4430
4877 2 2 0 1 212 213 2900
4878 2 2 0 1 1465 5447 5955
4879 2 2 0 1 363 2783 4976
4880 2 2 0 1 2714 994 5893
4881 2 2 0 1 312 3531 4449
4882 2 2 0 1 2805 1582 4983
4883 2 2 0 1 2977 1101 4115
4884 2 2 0 1 1524 4855 6677
4885 2 2 0 1 2438 1192 4160
4886 2 2 0 1 4048 2078 5172
4887 2 2 0 1 2497 1045 5695
4888 2 2 0 1 1321 3295 3891
4889 2 2 0 1 2411 991 4306
4890 2 2 0 1 1554 3373 3643
4891 2 2 0 1 3127 1080 3608
4892 2 2 0 1 2563 858 4510
4893 2 2 0 1 3656 1787 5336
4894 2 2 0 1 2601 1183 5862
4895 2 2 0 1 2459 1329 4645
4896 2 2 0 1 1319 3127 3608
4897 2 2 0 1 3065 1045 6002
4898 2 2 0 1 5980 2466 6051
4899 2 2 0 1 2747 1041 3564
4900 2 2 0 1 2126 4171 6158
4901 2 2 0 1 5063 2237 5366
4902 2 2 0 1 1350 5231 5446
4903 2 2 0 1 2528 1240 6053
4904 2 2 0 1 3676 2172 5062
4905 2 2 0 1 2595 2019 6482
4906 2 2 0 1 374 3268 5159
4907 2 2 0 1 751 2646 5374
4908 2 2 0 1 2479 1572 5528
4909 2 2 0 1 3612 2635 6631
4910 2 2 0 1 2490 914 4174
4911 2 2 0 1 3039 1279 3180
4912 2 2 0 1 3811 1352 4074
4913 2 2 0 1 2880 1242 6398
4914 2 2 0 1 914 2490 4038
4915 2 2 0 1 858 2391 4343
4916 2 2 0 1 2397 1360 4440
4917 2 2 0 1 1349 2935 3948
4918 2 2 0 1 3602 2090 5066
4919 2 2 0 1 3468 2004 5860
4920 2 2 0 1 3048 1102 4060
4921 2 2 0 1 2662 1399 6501
4922 2 2 0 1 5970 2996 6182
4923 2 2 0 1 3295 1506 3891
4924 2 2 0 1 2836 1146 3347
4925 2 2 0 1 2904 824 3965
4926 2 2 0 1 2701 1871 6108
4927 2 2 0 1 1555 3846 4643
4928 2 2 0 1 1408 2454 4733
4929 2 2 0 1 299 300 2907
4930 2 2 0 1 3347 1146 4282
4931 2 2 0 1 1147 3332 5857
4932 2 2 0 1 2499 1387 5692
4933 2 2 0 1 1285 3435 3762
4934 2 2 0 1 4074 1374 4146
4935 2 2 0 1 1160 2682 5019
4936 2 2 0 1 2291 3867 5077
4937 2 2 0 1 2409 1237 4359
4938 2 2 0 1 992 2624 6486
4939 2 2 0 1 404 4921 5924
4940 2 2 0 1 1543 3340 3660
4941 2 2 0 1 1705 3542 6083
4942 2 2 0 1 5644 1190 6038
4943 2 2 0 1 1707 2798 5773
4944 2 2 0 1 3562 1691 6077
4945 2 2 0 1 396 2693 4083
4946 2 2 0 1 2658 1338 6025
4947 2 2 0 1 1580 3108 4206
4948 2 2 0 1 3431 4004 5675
4949 2 2 0 1 2730 1523 3911
4950 2 2 0 1 4189 1444 4275
4951 2 2 0 1 945 2645 5795
4952 2 2 0 1 633 3641 4573
4953 2 2 0 1 2678 3058 6345
4954 2 2 0 1 1317 2576 3729
4955 2 2 0 1 3003 504 3661
4956 2 2 0 1 318 3485 6418
4957 2 2 0 1 2752 463 5873
4958 2 2 0 1 2026 4370 4783
4959 2 2 0 1 1684 3532 5553
4960 2 2 0 1 975 3196 3971
4961 2 2 0 1 176 4814 5011
4962 2 2 0 1 2000 5313 5759
4963 2 2 0 1 255 256 3179
4964 2 2 0 1 811 2511 5314
4965 2 2 0 1 2117 4245 5511
4966 2 2 0 1 2387 3525 6003
4967 2 2 0 1 2543 1662 5763
4968 2 2 0 1 622 2438 4358
4969 2 2 0 1 2626 1133 3591
4970 2 2 0 1 1057 2934 3513
4971 2 2 0 1 3361 1942 3586
4972 2 2 0 1 834 3112 4870
4973 2 2 0 1 630 2416 4975
4974 2 2 0 1 2261 4667 4862
4975 2 2 0 1 610 4961 5461
4976 2 2 0 1 3565 1253 5507
4977 2 2 0 1 3276 2549 5280
4978 2 2 0 1 2455 841 5234
4979 2 2 0 1 669 2849 4426
4980 2 2 0 1 1027 2513 5451
4981 2 2 0 1 831 2385 4634
4982 2 2 0 1 2826 1020 3377
4983 2 2 0 1 2154 3295 6581
4984 2 2 0 1 2969 1925 5445
4985 2 2 0 1 3034 724 5133
4986 2 2 0 1 2511 1468 4982
4987 2 2 0 1 3525 658 6003
4988 2 2 0 1 696 4440 4626
4989 2 2 0 1 1782 2828 6201
4990 2 2 0 1 725 3612 6631
4991 2 2 0 1 4323 2376 4599
4992 2 2 0 1 747 2863 4446
4993 2 2 0 1 4566 2053 6106
4994 2 2 0 1 560 2670 4727
4995 2 2 0 1 1933 4547 5734
4996 2 2 0 1 2784 696 6561
4997 2 2 0 1 512 3288 4032
4998 2 2 0 1 1151 2796 5996
4999 2 2 0 1 2569 1177 5043
5000 2 2 0 1 3485 2557 6418
5001 2 2 0 1 421 4036 5660
5002 2 2 0 1 417 5098 6612
5003 2 2 0 1 1073 3280 3877
5004 2 2 0 1 3610 706 4903
5005 2 2 0 1 3545 4872 6084
5006 2 2 0 1 3112 1768 4870
5007 2 2 0 1 972 2935 5640
5008 2 2 0 1 3832 2029 5806
5009 2 2 0 1 2469 1690 5241
5010 2 2 0 1 4022 1881 4168
5011 2 2 0 1 557 2511 4982
5012 2 2 0 1 3597 1368 4906
5013 2 2 0 1 2916 6325 6522
5014 2 2 0 1 1206 2411 4306
5015 2 2 0 1 931 2752 3481
5016 2 2 0 1 2399 803 4423
5017 2 2 0 1 1835 2620 6230
5018 2 2 0 1 278 2958 3488
5019 2 2 0 1 1986 4492 6194
5020 2 2 0 1 3840 1591 4122
5021 2 2 0 1 1647 2547 5768
5022 2 2 0 1 3522 1604 3821
5023 2 2 0 1 2400 872 5225
5024 2 2 0 1 2954 1271 3589
5025 2 2 0 1 1382 2439 4947
5026 2 2 0 1 1558 2549 5681
5027 2 2 0 1 2832 1560 4720
5028 2 2 0 1 2611 636 4588
5029 2 2 0 1 577 2824 6345
5030 2 2 0 1 2549 1064 5910
5031 2 2 0 1 3068 1046 3434
5032 2 2 0 1 848 3386 3621
5033 2 2 0 1 2143 3010 6096
5034 2 2 0 1 858 2563 4086
5035 2 2 0 1 2513 1286 3833
5036 2 2 0 1 2458 853 4722
5037 2 2 0 1 865 2701 6108
5038 2 2 0 1 2035 5454 6471
5039 2 2 0 1 638 2745 3840
5040 2 2 0 1 616 2832 4720
5041 2 2 0 1 4203 1380 4244
5042 2 2 0 1 366 2553 6116
5043 2 2 0 1 4580 1656 4648
5044 2 2 0 1 32 33 3025
5045 2 2 0 1 3743 418 4628
5046 2 2 0 1 1252 2506 3943
5047 2 2 0 1 2415 810 5991
5048 2 2 0 1 2733 818 3543
5049 2 2 0 1 2233 2558 5920
5050 2 2 0 1 1350 3068 3434
5051 2 2 0 1 4974 2532 6174
5052 2 2 0 1 2748 1765 4474
5053 2 2 0 1 1827 3799 5091
5054 2 2 0 1 2861 2429 5350
5055 2 2 0 1 139 3551 5456
5056 2 2 0 1 1445 2721 4543
5057 2 2 0 1 1493 3308 3374
5058 2 2 0 1 1302 3104 4017
5059 2 2 0 1 1268 3572 4186
5060 2 2 0 1 1249 4022 4168
5061 2 2 0 1 1180 3383 5469
5062 2 2 0 1 4052 2519 5343
5063 2 2 0 1 1633 3674 3847
5064 2 2 0 1 2359 1341 6126
5065 2 2 0 1 1619 3017 4349
5066 2 2 0 1 2739 820 3546
5067 2 2 0 1 904 2500 5389
5068 2 2 0 1 2518 2790 6549
5069 2 2 0 1 1036 2816 4314
5070 2 2 0 1 1173 2949 4067
5071 2 2 0 1 2737 3981 5724
5072 2 2 0 1 2894 854 5854
5073 2 2 0 1 2751 3548 5024
5074 2 2 0 1 1509 4063 4389
5075 2 2 0 1 4051 2093 5181
5076 2 2 0 1 4908 1103 5930
5077 2 2 0 1 872 2747 5225
5078 2 2 0 1 2606 1070 6082
5079 2 2 0 1 2913 2210 4034
5080 2 2 0 1 969 3153 4464
5081 2 2 0 1 2392 857 5056
5082 2 2 0 1 4180 1076 6293
5083 2 2 0 1 2803 204 4334
5084 2 2 0 1 571 2954 3589
5085 2 2 0 1 1786 3735 4143
5086 2 2 0 1 2801 1178 6637
5087 2 2 0 1 1609 2679 4509
5088 2 2 0 1 317 2805 4983
5089 2 2 0 1 2463 844 5267
5090 2 2 0 1 1289 2921 3322
5091 2 2 0 1 1498 2856 5067
5092 2 2 0 1 2641 571 6495
5093 2 2 0 1 3549 1327 4428
5094 2 2 0 1 2785 929 4007
5095 2 2 0 1 3585 1567 3654
5096 2 2 0 1 2552 863 5487
5097 2 2 0 1 708 3906 4328
5098 2 2 0 1 2299 2807 5202
5099 2 2 0 1 3243 1701 4662
5100 2 2 0 1 1183 2653 3849
5101 2 2 0 1 3846 2088 4643
5102 2 2 0 1 2028 3760 5006
5103 2 2 0 1 2294 3086 5630
5104 2 2 0 1 2477 838 5163
5105 2 2 0 1 4339 2370 4605
5106 2 2 0 1 2653 1183 6215
5107 2 2 0 1 836 2581 6364
5108 2 2 0 1 2855 1421 4525
5109 2 2 0 1 2560 340 6028
5110 2 2 0 1 3132 695 3342
5111 2 2 0 1 3665 629 4591
5112 2 2 0 1 2886 704 4433
5113 2 2 0 1 2856 1498 5176
5114 2 2 0 1 2126 4797 5642
5115 2 2 0 1 2714 1353 6290
5116 2 2 0 1 2649 804 6099
5117 2 2 0 1 2402 3967 5154
5118 2 2 0 1 4449 3531 6060
5119 2 2 0 1 355 4336 6229
5120 2 2 0 1 302 2620 3680
5121 2 2 0 1 614 2804 4641
5122 2 2 0 1 2861 1154 6666
5123 2 2 0 1 1109 2840 5074
5124 2 2 0 1 897 3792 5878
5125 2 2 0 1 1137 2926 4769
5126 2 2 0 1 2747 1623 5225
5127 2 2 0 1 1351 2930 3971
5128 2 2 0 1 3679 1645 4614
5129 2 2 0 1 1210 3345 4786
5130 2 2 0 1 990 2879 3735
5131 2 2 0 1 949 2663 5823
5132 2 2 0 1 2554 333 5738
5133 2 2 0 1 2597 171 3694
5134 2 2 0 1 1195 3059 3204
5135 2 2 0 1 2084 2447 6188
5136 2 2 0 1 1338 4376 4889
5137 2 2 0 1 3153 1643 4464
5138 2 2 0 1 2103 4189 4275
5139 2 2 0 1 2064 2784 6561
5140 2 2 0 1 3465 5267 5757
5141 2 2 0 1 5098 2708 6612
5142 2 2 0 1 1367 2904 3965
5143 2 2 0 1 3293 1417 3321
5144 2 2 0 1 1816 4730 5284
5145 2 2 0 1 805 3776 4817
5146 2 2 0 1 352 3931 4544
5147 2 2 0 1 2813 1548 3463
5148 2 2 0 1 4041 2251 4925
5149 2 2 0 1 582 2459 4645
5150 2 2 0 1 3674 1239 3847
5151 2 2 0 1 3288 1553 4032
5152 2 2 0 1 3927 2136 5258
5153 2 2 0 1 2844 56 4414
5154 2 2 0 1 804 2484 5246
5155 2 2 0 1 1229 2489 6181
5156 2 2 0 1 1410 2611 4588
5157 2 2 0 1 2444 893 4219
5158 2 2 0 1 2799 1543 3660
5159 2 2 0 1 3046 1204 5173
5160 2 2 0 1 3304 497 5370
5161 2 2 0 1 2637 3264 6090
5162 2 2 0 1 3718 1868 6565
5163 2 2 0 1 1815 3093 5007
5164 2 2 0 1 2902 1615 4877
5165 2 2 0 1 5669 3089 5935
5166 2 2 0 1 1052 3097 6188
5167 2 2 0 1 2508 308 5349
5168 2 2 0 1 4371 1246 5848
5169 2 2 0 1 3196 694 5884
5170 2 2 0 1 2814 1276 3723
5171 2 2 0 1 4796 2805 6373
5172 2 2 0 1 885 2547 3864
5173 2 2 0 1 2609 930 6209
5174 2 2 0 1 3550 585 4195
5175 2 2 0 1 2842 2039 4356
5176 2 2 0 1 4967 801 5881
5177 2 2 0 1 2906 494 4107
5178 2 2 0 1 797 2756 4065
5179 2 2 0 1 2934 1261 3513
5180 2 2 0 1 4235 619 4262
5181 2 2 0 1 4299 1982 4430
5182 2 2 0 1 475 4789 5350
5183 2 2 0 1 1222 3425 5981
5184 2 2 0 1 2408 839 4236
5185 2 2 0 1 3267 1795 3442
5186 2 2 0 1 1151 3375 4516
5187 2 2 0 1 2654 1088 3616
5188 2 2 0 1 1223 2520 4299
5189 2 2 0 1 2587 347 4579
5190 2 2 0 1 3686 1650 4601
5191 2 2 0 1 2452 856 6155
5192 2 2 0 1 3634 671 3884
5193 2 2 0 1 492 2479 5528
5194 2 2 0 1 1127 2990 4549
5195 2 2 0 1 2620 302 6230
5196 2 2 0 1 1709 3604 4128
5197 2 2 0 1 1140 2933 5326
5198 2 2 0 1 1174 2580 5069
5199 2 2 0 1 602 2876 3449
5200 2 2 0 1 3604 365 4128
5201 2 2 0 1 1654 3699 5141
5202 2 2 0 1 2086 2647 6356
5203 2 2 0 1 1128 3002 4560
5204 2 2 0 1 2555 1028 3933
5205 2 2 0 1 199 200 3045
5206 2 2 0 1 1049 2546 4756
5207 2 2 0 1 178 4367 5254
5208 2 2 0 1 1275 2496 4348
5209 2 2 0 1 2547 885 5768
5210 2 2 0 1 4973 2699 5581
5211 2 2 0 1 1069 3909 5174
5212 2 2 0 1 523 3293 3321
5213 2 2 0 1 1805 2572 6045
5214 2 2 0 1 393 3563 3695
5215 2 2 0 1 1872 4078 5762
5216 2 2 0 1 4078 2867 5762
5217 2 2 0 1 2766 1161 4387
5218 2 2 0 1 3026 1128 4560
5219 2 2 0 1 2526 1027 3907
5220 2 2 0 1 1495 3385 4836
5221 2 2 0 1 3021 701 5276
5222 2 2 0 1 2615 1003 6074
5223 2 2 0 1 3032 1181 4162
5224 2 2 0 1 2967 1166 4812
5225 2 2 0 1 374 3553 6023
5226 2 2 0 1 2609 712 5882
5227 2 2 0 1 139 140 3551
5228 2 2 0 1 3655 1199 6621
5229 2 2 0 1 2588 1141 5720
5230 2 2 0 1 2489 942 4718
5231 2 2 0 1 362 2642 4894
5232 2 2 0 1 3021 1127 4549
5233 2 2 0 1 3271 1062 4702
5234 2 2 0 1 1290 2879 4683
5235 2 2 0 1 2647 886 6367
5236 2 2 0 1 4761 369 4939
5237 2 2 0 1 1102 5424 6369
5238 2 2 0 1 3964 2286 5010
5239 2 2 0 1 5159 3268 6493
5240 2 2 0 1 1578 2961 3571
5241 2 2 0 1 2935 972 3948
5242 2 2 0 1 1924 5296 5949
5243 2 2 0 1 3026 703 5278
5244 2 2 0 1 1687 3682 6064
5245 2 2 0 1 5862 1183 6061
5246 2 2 0 1 3308 588 3374
5247 2 2 0 1 3909 2303 5174
5248 2 2 0 1 3254 1437 3419
5249 2 2 0 1 390 2450 5127
5250 2 2 0 1 2552 1153 3878
5251 2 2 0 1 3735 1290 4143
5252 2 2 0 1 3518 2471 6366
5253 2 2 0 1 928 3137 6214
5254 2 2 0 1 3563 1548 3695
5255 2 2 0 1 1918 4869 6076
5256 2 2 0 1 3294 1289 3322
5257 2 2 0 1 3541 786 5310
5258 2 2 0 1 43 44 4931
5259 2 2 0 1 1460 5419 5884
5260 2 2 0 1 3046 836 5586
5261 2 2 0 1 3737 1791 5340
5262 2 2 0 1 1826 3386 6305
5263 2 2 0 1 745 2569 4839
5264 2 2 0 1 2418 864 6378
5265 2 2 0 1 991 2902 4877
5266 2 2 0 1 2857 458 5995
5267 2 2 0 1 2260 2832 4114
5268 2 2 0 1 956 2689 4285
5269 2 2 0 1 3830 1238 6684
5270 2 2 0 1 1946 4491 5797
5271 2 2 0 1 2489 632 5319
5272 2 2 0 1 3440 2035 6471
5273 2 2 0 1 2507 1447 4956
5274 2 2 0 1 2551 1250 3995
5275 2 2 0 1 1807 2733 3543
5276 2 2 0 1 2243 2593 5985
5277 2 2 0 1 3553 2403 6023
5278 2 2 0 1 1858 5999 6225
5279 2 2 0 1 4618 158 5125
5280 2 2 0 1 1735 3048 4060
5281 2 2 0 1 2676 4110 5871
5282 2 2 0 1 3073 1579 4405
5283 2 2 0 1 1037 3712 6588
5284 2 2 0 1 803 3016 5561
5285 2 2 0 1 3564 1041 5164
5286 2 2 0 1 254 2674 4520
5287 2 2 0 1 857 5059 5689
5288 2 2 0 1 3090 1190 4212
5289 2 2 0 1 1809 2739 3546
5290 2 2 0 1 2703 939 4946
5291 2 2 0 1 4836 3385 6590
5292 2 2 0 1 1427 4041 4925
5293 2 2 0 1 2536 562 4717
5294 2 2 0 1 2797 998 6406
5295 2 2 0 1 644 5005 6168
5296 2 2 0 1 1582 3784 4983
5297 2 2 0 1 538 4012 4349
5298 2 2 0 1 387 2680 3696
5299 2 2 0 1 93 2697 4243
5300 2 2 0 1 2627 2338 6233
5301 2 2 0 1 301 2820 4066
5302 2 2 0 1 2550 470 4108
5303 2 2 0 1 5567 2302 6153
5304 2 2 0 1 348 2685 4111
5305 2 2 0 1 2924 1590 5646
5306 2 2 0 1 1013 3089 5669
5307 2 2 0 1 2823 1276 3936
5308 2 2 0 1 1421 2787 4511
5309 2 2 0 1 1485 2674 5054
5310 2 2 0 1 3044 1173 4067
5311 2 2 0 1 3075 825 3679
5312 2 2 0 1 1387 2906 4107
5313 2 2 0 1 1371 2587 4579
5314 2 2 0 1 916 2460 4447
5315 2 2 0 1 415 4974 6174
5316 2 2 0 1 2042 3824 6278
5317 2 2 0 1 887 2503 5783
5318 2 2 0 1 2202 2804 3984
5319 2 2 0 1 1199 2605 5660
5320 2 2 0 1 2495 833 6645
5321 2 2 0 1 2683 1561 3629
5322 2 2 0 1 2174 2603 5995
5323 2 2 0 1 573 2568 4638
5324 2 2 0 1 2466 4354 6051
5325 2 2 0 1 1507 4226 4375
5326 2 2 0 1 1434 3509 3582
5327 2 2 0 1 5999 2469 6225
5328 2 2 0 1 2461 1296 4931
5329 2 2 0 1 3155 1895 4466
5330 2 2 0 1 1019 2440 4427
5331 2 2 0 1 2305 3271 6481
5332 2 2 0 1 893 2444 5286
5333 2 2 0 1 1162 2752 5873
5334 2 2 0 1 1101 3210 4115
5335 2 2 0 1 2844 1122 3703
5336 2 2 0 1 1411 4627 6139
5337 2 2 0 1 3440 723 5800
5338 2 2 0 1 2829 403 3667
5339 2 2 0 1 2612 925 6222
5340 2 2 0 1 1169 2917 4352
5341 2 2 0 1 731 3586 5309
5342 2 2 0 1 3082 826 3686
5343 2 2 0 1 923 2627 5974
5344 2 2 0 1 5158 2740 5722
5345 2 2 0 1 1418 2609 6524
5346 2 2 0 1 2785 3304 5583
5347 2 2 0 1 614 3297 4403
5348 2 2 0 1 3418 1123 6018
5349 2 2 0 1 24 25 3972
5350 2 2 0 1 2685 1299 4111
5351 2 2 0 1 2745 1284 3840
5352 2 2 0 1 464 3518 6366
5353 2 2 0 1 1631 2764 3552
5354 2 2 0 1 905 2534 4972
5355 2 2 0 1 2680 387 3722
5356 2 2 0 1 3760 724 5006
5357 2 2 0 1 3207 744 5787
5358 2 2 0 1 2569 745 4008
5359 2 2 0 1 3171 811 3273
5360 2 2 0 1 2936 2591 6206
5361 2 2 0 1 488 5369 5654
5362 2 2 0 1 1072 3653 4692
5363 2 2 0 1 3004 1277 4099
5364 2 2 0 1 4363 2231 4570
5365 2 2 0 1 839 2408 4810
5366 2 2 0 1 29 30 5468
5367 2 2 0 1 2895 1173 6293
5368 2 2 0 1 1795 3267 5693
5369 2 2 0 1 3618 1664 4706
5370 2 2 0 1 2336 4634 6106
5371 2 2 0 1 2420 2760 5268
5372 2 2 0 1 1273 3132 3342
5373 2 2 0 1 3005 1278 4102
5374 2 2 0 1 1338 2658 4376
5375 2 2 0 1 3544 2458 4722
5376 2 2 0 1 2930 975 3971
5377 2 2 0 1 2658 399 4376
5378 2 2 0 1 2845 1057 3513
5379 2 2 0 1 2440 1019 4838
5380 2 2 0 1 2559 930 5682
5381 2 2 0 1 3009 181 5509
5382 2 2 0 1 4235 1931 6325
5383 2 2 0 1 413 3797 5770
5384 2 2 0 1 3529 663 4146
5385 2 2 0 1 721 3085 5812
5386 2 2 0 1 841 2455 5084
5387 2 2 0 1 2644 1054 4109
5388 2 2 0 1 1227 2729 4688
5389 2 2 0 1 2499 323 6221
5390 2 2 0 1 3573 1516 3997
5391 2 2 0 1 998 2827 6406
5392 2 2 0 1 3069 1028 5746
5393 2 2 0 1 567 2676 6409
5394 2 2 0 1 630 3292 4542
5395 2 2 0 1 2084 3097 6262
5396 2 2 0 1 2687 879 3994
5397 2 2 0 1 1977 3423 6015
5398 2 2 0 1 2451 3659 6326
5399 2 2 0 1 2393 6499 6588
5400 2 2 0 1 2879 1290 3735
5401 2 2 0 1 3044 1978 4716
5402 2 2 0 1 1353 2714 4344
5403 2 2 0 1 2162 5326 5829
5404 2 2 0 1 1113 2846 3926
5405 2 2 0 1 968 2594 6389
5406 2 2 0 1 1086 3445 5880
5407 2 2 0 1 1583 3051 6245
5408 2 2 0 1 3232 546 3766
5409 2 2 0 1 511 2544 5284
5410 2 2 0 1 3549 4428 5470
5411 2 2 0 1 403 2714 3667
5412 2 2 0 1 3507 1069 6672
5413 2 2 0 1 2969 444 4489
5414 2 2 0 1 2520 483 4299
5415 2 2 0 1 1245 3294 3322
5416 2 2 0 1 3271 534 6481
5417 2 2 0 1 2714 403 4344
5418 2 2 0 1 1233 4080 5374
5419 2 2 0 1 3519 1160 3521
5420 2 2 0 1 301 2456 4526
5421 2 2 0 1 2876 602 4799
5422 2 2 0 1 1611 3217 3665
5423 2 2 0 1 2744 1044 3587
5424 2 2 0 1 1529 4363 4570
5425 2 2 0 1 1985 3822 4600
5426 2 2 0 1 380 3267 3442
5427 2 2 0 1 3783 891 4379
5428 2 2 0 1 5540 1967 6287
5429 2 2 0 1 1623 2708 5098
5430 2 2 0 1 2541 1082 5513
5431 2 2 0 1 5160 1743 5434
5432 2 2 0 1 4753 444 5445
5433 2 2 0 1 2287 971 6370
5434 2 2 0 1 3966 1180 6543
5435 2 2 0 1 2637 3966 6543
5436 2 2 0 1 1841 3151 5589
5437 2 2 0 1 1814 2529 5378
5438 2 2 0 1 5166 1747 5444
5439 2 2 0 1 3847 660 3942
5440 2 2 0 1 2787 1010 4511
5441 2 2 0 1 2288 973 6375
5442 2 2 0 1 2462 627 4811
5443 2 2 0 1 3999 866 6119
5444 2 2 0 1 3054 1708 6109
5445 2 2 0 1 2607 2272 5900
5446 2 2 0 1 2530 1553 5472
5447 2 2 0 1 1942 3389 5296
5448 2 2 0 1 1208 2612 6222
5449 2 2 0 1 1462 3052 6657
5450 2 2 0 1 2080 3801 4968
5451 2 2 0 1 3620 1104 6270
5452 2 2 0 1 2506 1252 4744
5453 2 2 0 1 1319 3608 4128
5454 2 2 0 1 1308 2690 4215
5455 2 2 0 1 4483 2168 6538
5456 2 2 0 1 2802 1554 3643
5457 2 2 0 1 987 2619 6569
5458 2 2 0 1 3509 1205 3582
5459 2 2 0 1 183 2477 4388
5460 2 2 0 1 2848 1191 3566
5461 2 2 0 1 1330 2829 3667
5462 2 2 0 1 3227 1220 3684
5463 2 2 0 1 3004 1852 3941
5464 2 2 0 1 1262 2687 3994
5465 2 2 0 1 3510 554 3569
5466 2 2 0 1 4814 2158 5011
5467 2 2 0 1 2717 988 4860
5468 2 2 0 1 3740 2521 6114
5469 2 2 0 1 1567 2886 3654
5470 2 2 0 1 1056 2805 4595
5471 2 2 0 1 1679 3112 3283
5472 2 2 0 1 3822 1480 4600
5473 2 2 0 1 3005 1853 3944
5474 2 2 0 1 884 2556 4011
5475 2 2 0 1 1280 4317 6039
5476 2 2 0 1 2690 672 4215
5477 2 2 0 1 2897 1072 4882
5478 2 2 0 1 2985 868 5210
5479 2 2 0 1 2634 888 6435
5480 2 2 0 1 1769 3610 4903
5481 2 2 0 1 2507 459 5010
5482 2 2 0 1 591 3174 3669
5483 2 2 0 1 3154 920 4743
5484 2 2 0 1 2478 591 6394
5485 2 2 0 1 2793 936 3947
5486 2 2 0 1 1133 3427 3591
5487 2 2 0 1 3619 1617 3976
5488 2 2 0 1 2561 2056 5809
5489 2 2 0 1 1584 3677 5271
5490 2 2 0 1 2577 242 6347
5491 2 2 0 1 1488 2806 3570
5492 2 2 0 1 1787 4311 5336
5493 2 2 0 1 2729 1227 3641
5494 2 2 0 1 1209 3451 4674
5495 2 2 0 1 2727 1633 3942
5496 2 2 0 1 689 4425 4862
5497 2 2 0 1 3093 746 4846
5498 2 2 0 1 922 2662 6340
5499 2 2 0 1 1968 3962 5940
5500 2 2 0 1 2122 4061 5213
5501 2 2 0 1 2599 1328 6257
5502 2 2 0 1 3209 1059 6069
5503 2 2 0 1 3050 1140 5326
5504 2 2 0 1 2522 3507 6672
5505 2 2 0 1 2560 956 5245
5506 2 2 0 1 2124 4064 5217
5507 2 2 0 1 724 2487 5133
5508 2 2 0 1 2643 603 5990
5509 2 2 0 1 1934 2884 4278
5510 2 2 0 1 4224 1860 5402
5511 2 2 0 1 1617 3619 3982
5512 2 2 0 1 2528 1297 4804
5513 2 2 0 1 3645 1323 3773
5514 2 2 0 1 4014 2472 5359
5515 2 2 0 1 4460 806 4766
5516 2 2 0 1 1887 3783 4379
5517 2 2 0 1 4149 2189 5435
5518 2 2 0 1 1292 3992 5064
5519 2 2 0 1 3652 1229 6251
5520 2 2 0 1 787 2823 3936
5521 2 2 0 1 3058 577 6345
5522 2 2 0 1 2892 1926 4488
5523 2 2 0 1 3614 2337 5116
5524 2 2 0 1 2243 5062 6027
5525 2 2 0 1 844 2463 5044
5526 2 2 0 1 1254 4011 6103
5527 2 2 0 1 3625 674 4152
5528 2 2 0 1 1573 2876 4799
5529 2 2 0 1 2697 94 3788
5530 2 2 0 1 3605 1528 4357
5531 2 2 0 1 1034 2620 5729
5532 2 2 0 1 1200 3114 6638
5533 2 2 0 1 1630 3930 4655
5534 2 2 0 1 2779 574 3683
5535 2 2 0 1 1706 3093 4846
5536 2 2 0 1 2762 424 5300
5537 2 2 0 1 627 3877 4666
5538 2 2 0 1 155 156 3249
5539 2 2 0 1 3390 490 3950
5540 2 2 0 1 2620 1835 5830
5541 2 2 0 1 1193 2684 5104
5542 2 2 0 1 501 3149 5410
5543 2 2 0 1 629 2485 4874
5544 2 2 0 1 482 2765 4667
5545 2 2 0 1 4427 1755 5294
5546 2 2 0 1 4479 1969 4594
5547 2 2 0 1 1447 2507 5010
5548 2 2 0 1 2820 1718 4066
5549 2 2 0 1 3836 1254 6103
5550 2 2 0 1 2465 905 4472
5551 2 2 0 1 3634 1692 5157
5552 2 2 0 1 1250 2551 5025
5553 2 2 0 1 619 3486 4262
5554 2 2 0 1 242 2577 4469
5555 2 2 0 1 3292 1712 4542
5556 2 2 0 1 939 2771 4946
5557 2 2 0 1 3424 641 3891
5558 2 2 0 1 497 4843 5370
5559 2 2 0 1 1155 3277 6456
5560 2 2 0 1 2451 941 5058
5561 2 2 0 1 2773 942 3652
5562 2 2 0 1 3335 3870 5430
5563 2 2 0 1 3445 2197 5880
5564 2 2 0 1 1302 2508 5349
5565 2 2 0 1 543 3156 4800
5566 2 2 0 1 2612 391 4919
5567 2 2 0 1 6325 1931 6522
5568 2 2 0 1 4363 2984 6268
5569 2 2 0 1 4184 1258 5541
5570 2 2 0 1 2848 572 3544
5571 2 2 0 1 1197 3453 4584
5572 2 2 0 1 2616 1083 3896
5573 2 2 0 1 1334 3075 3679
5574 2 2 0 1 2205 4460 4766
5575 2 2 0 1 3696 1366 3700
5576 2 2 0 1 1070 3217 5664
5577 2 2 0 1 2653 615 3849
5578 2 2 0 1 3123 1044 4269
5579 2 2 0 1 317 2793 3917
5580 2 2 0 1 1201 2590 5979
5581 2 2 0 1 35 2598 4295
5582 2 2 0 1 3892 2062 4790
5583 2 2 0 1 2513 395 4315
5584 2 2 0 1 950 2860 4890
5585 2 2 0 1 851 2480 6624
5586 2 2 0 1 4771 1488 5195
5587 2 2 0 1 472 2639 6167
5588 2 2 0 1 2505 987 5367
5589 2 2 0 1 2757 258 3829
5590 2 2 0 1 1017 2525 4372
5591 2 2 0 1 3217 1070 3665
5592 2 2 0 1 2573 1385 4176
5593 2 2 0 1 2542 519 4293
5594 2 2 0 1 1649 2904 5548
5595 2 2 0 1 736 3638 5612
5596 2 2 0 1 1529 2474 5171
5597 2 2 0 1 1381 3784 4429
5598 2 2 0 1 744 3207 5224
5599 2 2 0 1 1506 3424 3891
5600 2 2 0 1 1886 3903 5365
5601 2 2 0 1 3545 1569 4872
5602 2 2 0 1 970 2299 6359
5603 2 2 0 1 1661 2502 5629
5604 2 2 0 1 2869 1516 3573
5605 2 2 0 1 2043 3493 5496
5606 2 2 0 1 2509 1673 4576
5607 2 2 0 1 2078 4664 5172
5608 2 2 0 1 3973 3352 5939
5609 2 2 0 1 804 2649 5149
5610 2 2 0 1 988 2717 4187
5611 2 2 0 1 2498 1761 5101
5612 2 2 0 1 572 2848 3566
5613 2 2 0 1 1337 3082 3686
5614 2 2 0 1 880 5693 6010
5615 2 2 0 1 1241 3171 3273
5616 2 2 0 1 4087 43 4931
5617 2 2 0 1 4039 2854 6219
5618 2 2 0 1 1692 3634 3884
5619 2 2 0 1 2607 981 6271
5620 2 2 0 1 580 2852 3561
5621 2 2 0 1 401 2828 5617
5622 2 2 0 1 1128 3499 5769
5623 2 2 0 1 2655 482 3879
5624 2 2 0 1 1037 3141 3712
5625 2 2 0 1 1177 2713 5043
5626 2 2 0 1 1229 3569 6251
5627 2 2 0 1 2262 4456 4522
5628 2 2 0 1 2569 1459 4839
5629 2 2 0 1 3056 1067 3659
5630 2 2 0 1 2525 466 4958
5631 2 2 0 1 1283 5567 5992
5632 2 2 0 1 1758 3897 5587
5633 2 2 0 1 4456 1759 4522
5634 2 2 0 1 693 2767 3737
5635 2 2 0 1 1178 2801 6335
5636 2 2 0 1 387 3116 3722
5637 2 2 0 1 451 3927 5258
5638 2 2 0 1 2580 1174 5501
5639 2 2 0 1 1528 3605 3797
5640 2 2 0 1 2553 3620 6270
5641 2 2 0 1 2640 1202 4283
5642 2 2 0 1 2570 1407 4211
5643 2 2 0 1 1220 3426 3684
5644 2 2 0 1 1402 3158 5175
5645 2 2 0 1 547 2528 4804
5646 2 2 0 1 3889 684 4196
5647 2 2 0 1 602 2681 5168
5648 2 2 0 1 1202 2640 5388
5649 2 2 0 1 447 3892 4790
5650 2 2 0 1 5251 736 5612
5651 2 2 0 1 343 3919 5698
5652 2 2 0 1 4615 2045 5643
5653 2 2 0 1 2495 592 6055
5654 2 2 0 1 5932 2307 6323
5655 2 2 0 1 3677 2185 5271
5656 2 2 0 1 653 2962 4015
5657 2 2 0 1 2011 3332 5895
5658 2 2 0 1 2576 878 6177
5659 2 2 0 1 4405 1579 4606
5660 2 2 0 1 2530 303 5587
5661 2 2 0 1 1296 3619 3976
5662 2 2 0 1 3758 5351 5803
5663 2 2 0 1 1621 2909 5927
5664 2 2 0 1 738 2584 4682
5665 2 2 0 1 854 2661 6244
5666 2 2 0 1 1858 3070 4807
5667 2 2 0 1 908 2755 4970
5668 2 2 0 1 2496 4018 5413
5669 2 2 0 1 3553 1307 3858
5670 2 2 0 1 935 6310 6474
5671 2 2 0 1 2637 517 3966
5672 2 2 0 1 1416 2525 4958
5673 2 2 0 1 1213 3320 3923
5674 2 2 0 1 3427 1412 3591
5675 2 2 0 1 988 2671 6676
5676 2 2 0 1 1714 4930 5494
5677 2 2 0 1 1246 3656 5848
5678 2 2 0 1 2993 1975 5902
5679 2 2 0 1 4664 756 5172
5680 2 2 0 1 2480 524 5078
5681 2 2 0 1 1638 3659 4715
5682 2 2 0 1 2520 1223 5094
5683 2 2 0 1 2656 938 5366
5684 2 2 0 1 1182 3819 6593
5685 2 2 0 1 135 136 3483
5686 2 2 0 1 4193 711 5282
5687 2 2 0 1 3664 1861 3733
5688 2 2 0 1 1653 3448 4666
5689 2 2 0 1 2100 2858 5422
5690 2 2 0 1 3243 4662 6172
5691 2 2 0 1 1785 2649 6099
5692 2 2 0 1 2486 2985 5485
5693 2 2 0 1 3386 5891 6305
5694 2 2 0 1 1127 3498 5737
5695 2 2 0 1 2584 1181 5608
5696 2 2 0 1 926 2993 5902
5697 2 2 0 1 3930 2012 4655
5698 2 2 0 1 1684 3433 6381
5699 2 2 0 1 3409 1580 4179
5700 2 2 0 1 3608 1709 4128
5701 2 2 0 1 2809 1305 4423
5702 2 2 0 1 715 3059 4750
5703 2 2 0 1 2502 1661 4503
5704 2 2 0 1 1190 3006 6038
5705 2 2 0 1 473 2562 5139
5706 2 2 0 1 4263 1551 6238
5707 2 2 0 1 3664 355 4525
5708 2 2 0 1 3116 1497 3722
5709 2 2 0 1 1475 4818 5421
5710 2 2 0 1 3191 1481 4766
5711 2 2 0 1 3636 1671 4100
5712 2 2 0 1 4646 2122 5213
5713 2 2 0 1 3589 1271 3906
5714 2 2 0 1 2976 270 5735
5715 2 2 0 1 2093 4813 5181
5716 2 2 0 1 2757 1206 3682
5717 2 2 0 1 4647 2124 5217
5718 2 2 0 1 1201 2691 5184
5719 2 2 0 1 3097 520 6262
5720 2 2 0 1 1508 3519 3521
5721 2 2 0 1 1021 2848 6143
5722 2 2 0 1 3717 453 5382
5723 2 2 0 1 1727 3625 4152
5724 2 2 0 1 2755 1530 4970
5725 2 2 0 1 2734 1191 6339
5726 2 2 0 1 1301 2706 6362
5727 2 2 0 1 1297 2793 3947
5728 2 2 0 1 3268 6023 6644
5729 2 2 0 1 534 3271 5455
5730 2 2 0 1 2682 1202 5388
5731 2 2 0 1 4403 3297 6190
5732 2 2 0 1 4504 1583 6245
5733 2 2 0 1 3134 1052 3974
5734 2 2 0 1 2801 1003 6335
5735 2 2 0 1 1203 2761 3838
5736 2 2 0 1 1665 3087 3331
5737 2 2 0 1 3563 393 4481
5738 2 2 0 1 1196 3125 5013
5739 2 2 0 1 527 2736 5008
5740 2 2 0 1 3257 2115 4079
5741 2 2 0 1 1763 3876 5253
5742 2 2 0 1 1281 2854 4039
5743 2 2 0 1 1430 3510 3569
5744 2 2 0 1 1403 2582 4191
5745 2 2 0 1 1379 3368 3627
5746 2 2 0 1 558 3740 6114
5747 2 2 0 1 1405 2583 4192
5748 2 2 0 1 2758 1832 4461
5749 2 2 0 1 4855 2164 6677
5750 2 2 0 1 3434 579 5231
5751 2 2 0 1 60 61 3205
5752 2 2 0 1 2492 4198 5937
5753 2 2 0 1 1494 3353 4630
5754 2 2 0 1 544 3365 6544
5755 2 2 0 1 3953 1475 5421
5756 2 2 0 1 4813 760 5181
5757 2 2 0 1 208 209 3206
5758 2 2 0 1 1994 3564 5164
5759 2 2 0 1 1543 2667 5264
5760 2 2 0 1 1204 3444 5173
5761 2 2 0 1 2672 1718 6311
5762 2 2 0 1 937 2965 3741
5763 2 2 0 1 2916 982 6325
5764 2 2 0 1 3277 5778 6456
5765 2 2 0 1 2483 455 4609
5766 2 2 0 1 2563 429 4806
5767 2 2 0 1 2897 369 3653
5768 2 2 0 1 2030 4291 4835
5769 2 2 0 1 2198 3157 5387
5770 2 2 0 1 2532 1526 4788
5771 2 2 0 1 3389 1060 5296
5772 2 2 0 1 2709 1192 4829
5773 2 2 0 1 1286 2513 4315
5774 2 2 0 1 3987 2010 4552
5775 2 2 0 1 1341 2563 4806
5776 2 2 0 1 2670 1109 5909
5777 2 2 0 1 2575 900 4444
5778 2 2 0 1 4896 1684 6381
5779 2 2 0 1 3195 1441 3455
5780 2 2 0 1 3963 1501 5148
5781 2 2 0 1 601 4118 5379
5782 2 2 0 1 2509 1695 4978
5783 2 2 0 1 378 3670 4779
5784 2 2 0 1 925 2974 3537
5785 2 2 0 1 1083 2616 5816
5786 2 2 0 1 2253 3963 5148
5787 2 2 0 1 505 4067 4297
5788 2 2 0 1 3303 1202 3827
5789 2 2 0 1 891 2538 4379
5790 2 2 0 1 174 175 3261
5791 2 2 0 1 3801 1182 4968
5792 2 2 0 1 856 3195 3455
5793 2 2 0 1 2635 1243 6631
5794 2 2 0 1 185 186 3208
5795 2 2 0 1 2368 4912 5989
5796 2 2 0 1 1076 2520 6185
5797 2 2 0 1 3057 6197 6328
5798 2 2 0 1 1574 3612 4612
5799 2 2 0 1 2767 1235 3737
5800 2 2 0 1 7 8 3190
5801 2 2 0 1 4593 2436 6391
5802 2 2 0 1 1173 2895 5099
5803 2 2 0 1 1748 2677 6011
5804 2 2 0 1 1164 2756 5076
5805 2 2 0 1 2950 1188 5275
5806 2 2 0 1 1237 3958 5917
5807 2 2 0 1 986 2327 6448
5808 2 2 0 1 2899 1849 5901
5809 2 2 0 1 3057 1033 6197
5810 2 2 0 1 1604 3522 3973
5811 2 2 0 1 1167 2988 3463
5812 2 2 0 1 1455 2541 5513
5813 2 2 0 1 4181 1677 6094
5814 2 2 0 1 3292 2180 6416
5815 2 2 0 1 2901 1850 5903
5816 2 2 0 1 616 3357 4399
5817 2 2 0 1 1651 3131 5906
5818 2 2 0 1 3069 302 3680
5819 2 2 0 1 1425 4305 5047
5820 2 2 0 1 3207 1910 5224
5821 2 2 0 1 1789 5105 5428
5822 2 2 0 1 2721 1445 4721
5823 2 2 0 1 763 2743 5435
5824 2 2 0 1 1139 2613 3924
5825 2 2 0 1 3059 1644 4750
5826 2 2 0 1 2860 606 4781
5827 2 2 0 1 2568 1545 4638
5828 2 2 0 1 3142 556 3368
5829 2 2 0 1 3368 1270 3627
5830 2 2 0 1 1188 2843 5560
5831 2 2 0 1 999 3009 4830
5832 2 2 0 1 1673 3255 4576
5833 2 2 0 1 718 3106 5413
5834 2 2 0 1 2921 1039 6514
5835 2 2 0 1 4178 2204 4852
5836 2 2 0 1 1285 2602 4342
5837 2 2 0 1 3188 1797 4253
5838 2 2 0 1 2934 504 4381
5839 2 2 0 1 369 2971 3653
5840 2 2 0 1 2650 1092 3940
5841 2 2 0 1 2473 312 5023
5842 2 2 0 1 2645 1150 5795
5843 2 2 0 1 2803 1112 3671
5844 2 2 0 1 1042 4151 5472
5845 2 2 0 1 2597 946 4883
5846 2 2 0 1 830 2877 3924
5847 2 2 0 1 3418 517 5109
5848 2 2 0 1 3084 536 6582
5849 2 2 0 1 4079 2115 6149
5850 2 2 0 1 3605 1260 3797
5851 2 2 0 1 608 3409 4179
5852 2 2 0 1 972 3214 3948
5853 2 2 0 1 1170 3664 3733
5854 2 2 0 1 2164 3610 6662
5855 2 2 0 1 3095 709 5343
5856 2 2 0 1 2080 4968 5453
5857 2 2 0 1 976 3228 4412
5858 2 2 0 1 3255 723 4576
5859 2 2 0 1 993 2835 6208
5860 2 2 0 1 1328 3636 4100
5861 2 2 0 1 3224 604 3802
5862 2 2 0 1 3947 2711 4804
5863 2 2 0 1 1861 3664 4525
5864 2 2 0 1 3009 1627 4830
5865 2 2 0 1 4030 1700 4042
5866 2 2 0 1 1997 3618 5807
5867 2 2 0 1 1746 3601 4322
5868 2 2 0 1 1615 3641 5827
5869 2 2 0 1 1148 3810 4876
5870 2 2 0 1 915 3314 6437
5871 2 2 0 1 1369 3987 4552
5872 2 2 0 1 3228 2762 5092
5873 2 2 0 1 938 2630 4077
5874 2 2 0 1 355 2855 4525
5875 2 2 0 1 1874 4039 4133
5876 2 2 0 1 1848 2608 5668
5877 2 2 0 1 3824 460 5712
5878 2 2 0 1 4848 1711 6284
5879 2 2 0 1 1456 3069 3680
5880 2 2 0 1 2819 418 3743
5881 2 2 0 1 1512 4048 5172
5882 2 2 0 1 1406 2597 4883
5883 2 2 0 1 3271 1987 5455
5884 2 2 0 1 2562 1288 5439
5885 2 2 0 1 3555 526 5683
5886 2 2 0 1 1648 3792 5165
5887 2 2 0 1 2873 373 4273
5888 2 2 0 1 2979 1651 5003
5889 2 2 0 1 2517 968 5252
5890 2 2 0 1 2162 3050 5326
5891 2 2 0 1 369 2897 4939
5892 2 2 0 1 557 2818 4270
5893 2 2 0 1 1366 2551 5131
5894 2 2 0 1 2683 612 5113
5895 2 2 0 1 3143 805 4817
5896 2 2 0 1 2223 3717 5382
5897 2 2 0 1 4198 1767 5937
5898 2 2 0 1 1584 3589 3906
5899 2 2 0 1 4039 716 4133
5900 2 2 0 1 2584 1386 4682
5901 2 2 0 1 3111 713 5359
5902 2 2 0 1 2504 6367 6642
5903 2 2 0 1 808 6102 6451
5904 2 2 0 1 2949 1766 4067
5905 2 2 0 1 1036 4314 4484
5906 2 2 0 1 2591 953 5650
5907 2 2 0 1 3635 457 4875
5908 2 2 0 1 3524 1438 3555
5909 2 2 0 1 2556 1308 5360
5910 2 2 0 1 2777 1139 3776
5911 2 2 0 1 2821 1204 4001
5912 2 2 0 1 3825 1725 5931
5913 2 2 0 1 3733 6111 6610
5914 2 2 0 1 642 4756 6581
5915 2 2 0 1 3365 2444 6544
5916 2 2 0 1 3601 1620 4322
5917 2 2 0 1 1450 3539 4393
5918 2 2 0 1 2214 5134 6355
5919 2 2 0 1 2602 569 4342
5920 2 2 0 1 2677 668 6011
5921 2 2 0 1 4117 1362 4621
5922 2 2 0 1 1047 2721 4721
5923 2 2 0 1 1689 2762 5300
5924 2 2 0 1 1012 3128 3874
5925 2 2 0 1 3054 467 5295
5926 2 2 0 1 770 4646 5213
5927 2 2 0 1 3070 754 5532
5928 2 2 0 1 1888 4376 4515
5929 2 2 0 1 3723 1276 3734
5930 2 2 0 1 2805 317 4595
5931 2 2 0 1 1059 4768 6069
5932 2 2 0 1 915 2632 4891
5933 2 2 0 1 634 2979 5003
5934 2 2 0 1 3359 5034 5579
5935 2 2 0 1 716 4039 6219
5936 2 2 0 1 3089 2089 3867
5937 2 2 0 1 771 4647 5217
5938 2 2 0 1 1282 4147 4435
5939 2 2 0 1 3701 756 3904
5940 2 2 0 1 2986 1048 5352
5941 2 2 0 1 3712 2393 6588
5942 2 2 0 1 1706 4846 4940
5943 2 2 0 1 2346 3436 6678
5944 2 2 0 1 398 3744 3871
5945 2 2 0 1 3293 523 5239
5946 2 2 0 1 1204 2821 6322
5947 2 2 0 1 3066 2200 3813
5948 2 2 0 1 1353 4344 4989
5949 2 2 0 1 446 5548 5853
5950 2 2 0 1 3956 1283 5992
5951 2 2 0 1 2870 677 3645
5952 2 2 0 1 3015 768 4424
5953 2 2 0 1 2812 675 4390
5954 2 2 0 1 3997 1516 5455
5955 2 2 0 1 193 2599 6257
5956 2 2 0 1 2669 1801 6204
5957 2 2 0 1 1743 3706 5434
5958 2 2 0 1 1379 3142 3368
5959 2 2 0 1 1235 2819 3743
5960 2 2 0 1 2551 550 5025
5961 2 2 0 1 1842 3459 6351
5962 2 2 0 1 3141 1037 3997
5963 2 2 0 1 2628 346 4169
5964 2 2 0 1 556 2731 4079
5965 2 2 0 1 1747 3708 5444
5966 2 2 0 1 4159 533 6527
5967 2 2 0 1 3238 1666 4609
5968 2 2 0 1 4432 1514 4485
5969 2 2 0 1 1817 3517 4708
5970 2 2 0 1 2654 2023 6392
5971 2 2 0 1 515 2905 5182
5972 2 2 0 1 1193 3169 5418
5973 2 2 0 1 2541 1473 4586
5974 2 2 0 1 2246 4618 5125
5975 2 2 0 1 2604 1161 5806
5976 2 2 0 1 2663 1159 5823
5977 2 2 0 1 2760 1482 6382
5978 2 2 0 1 392 2591 5565
5979 2 2 0 1 455 3238 4609
5980 2 2 0 1 1129 3396 3851
5981 2 2 0 1 4118 2503 5379
5982 2 2 0 1 607 4796 5474
5983 2 2 0 1 2649 1459 5149
5984 2 2 0 1 1424 4178 4852
5985 2 2 0 1 1087 3722 5973
5986 2 2 0 1 2678 431 4060
5987 2 2 0 1 147 148 3222
5988 2 2 0 1 571 2641 4852
5989 2 2 0 1 451 2652 4168
5990 2 2 0 1 2565 967 6292
5991 2 2 0 1 2845 562 5079
5992 2 2 0 1 3149 1875 5410
5993 2 2 0 1 633 2730 5827
5994 2 2 0 1 3001 479 5046
5995 2 2 0 1 4151 2530 5472
5996 2 2 0 1 2944 1108 3556
5997 2 2 0 1 959 2685 4027
5998 2 2 0 1 2667 1543 5457
5999 2 2 0 1 4820 2010 5860
6000 2 2 0 1 3629 1561 4213
6001 2 2 0 1 2598 35 6397
6002 2 2 0 1 5767 951 6667
6003 2 2 0 1 5712 460 6034
6004 2 2 0 1 643 5207 6035
6005 2 2 0 1 3396 1461 3851
6006 2 2 0 1 2041 3777 5004
6007 2 2 0 1 3443 1706 4940
6008 2 2 0 1 1503 3015 4424
6009 2 2 0 1 2424 3725 6258
6010 2 2 0 1 3517 1026 4708
6011 2 2 0 1 720 2567 5028
6012 2 2 0 1 2529 1900 6425
6013 2 2 0 1 295 296 3230
6014 2 2 0 1 2581 2290 5399
6015 2 2 0 1 4736 1562 5342
6016 2 2 0 1 3014 1262 3461
6017 2 2 0 1 2660 348 4111
6018 2 2 0 1 2088 4184 5541
6019 2 2 0 1 1378 2812 4390
6020 2 2 0 1 3794 1736 5616
6021 2 2 0 1 3744 1613 3871
6022 2 2 0 1 2613 1811 5833
6023 2 2 0 1 2652 1249 4168
6024 2 2 0 1 936 2711 3947
6025 2 2 0 1 4398 2265 6630
6026 2 2 0 1 2612 1208 4495
6027 2 2 0 1 2745 1609 3842
6028 2 2 0 1 2426 3728 6263
6029 2 2 0 1 406 2842 5228
6030 2 2 0 1 1279 2591 5650
6031 2 2 0 1 3384 595 4860
6032 2 2 0 1 10 2496 4840
6033 2 2 0 1 2677 1219 4868
6034 2 2 0 1 2761 610 3838
6035 2 2 0 1 1734 4790 6021
6036 2 2 0 1 3670 378 4829
6037 2 2 0 1 2962 653 4407
6038 2 2 0 1 2974 1232 3537
6039 2 2 0 1 3314 2308 6437
6040 2 2 0 1 1554 2710 5289
6041 2 2 0 1 3233 2228 4881
6042 2 2 0 1 507 3018 3496
6043 2 2 0 1 3037 2714 6290
6044 2 2 0 1 1479 2604 5411
6045 2 2 0 1 3856 2095 6380
6046 2 2 0 1 3931 1828 4544
6047 2 2 0 1 1244 4149 5435
6048 2 2 0 1 2778 1979 3910
6049 2 2 0 1 2542 4293 6217
6050 2 2 0 1 2783 1037 6588
6051 2 2 0 1 181 182 5509
6052 2 2 0 1 4118 2953 5783
6053 2 2 0 1 1231 3027 3989
6054 2 2 0 1 941 2523 4474
6055 2 2 0 1 2050 5292 6553
6056 2 2 0 1 1694 3143 4817
6057 2 2 0 1 531 2871 4792
6058 2 2 0 1 2946 2670 5909
6059 2 2 0 1 379 2926 4732
6060 2 2 0 1 4689 2359 6593
6061 2 2 0 1 1026 2602 4708
6062 2 2 0 1 3110 2127 5993
6063 2 2 0 1 5074 2279 5909
6064 2 2 0 1 2010 3987 5860
6065 2 2 0 1 3228 1612 4412
6066 2 2 0 1 1248 2763 5672
6067 2 2 0 1 2850 1502 3714
6068 2 2 0 1 4293 1200 6217
6069 2 2 0 1 3976 643 6035
6070 2 2 0 1 1436 4724 5991
6071 2 2 0 1 1105 2810 3753
6072 2 2 0 1 3007 2658 6025
6073 2 2 0 1 2950 1046 5764
6074 2 2 0 1 3099 1542 4470
6075 2 2 0 1 2688 919 5929
6076 2 2 0 1 2905 1664 5182
6077 2 2 0 1 3295 642 6581
6078 2 2 0 1 548 3127 3777
6079 2 2 0 1 2416 5002 5876
6080 2 2 0 1 3967 1043 5412
6081 2 2 0 1 346 2628 5604
6082 2 2 0 1 2332 3417 6668
6083 2 2 0 1 3539 1744 4393
6084 2 2 0 1 2828 3387 6201
6085 2 2 0 1 981 3796 5631
6086 2 2 0 1 2784 1095 5333
6087 2 2 0 1 463 3738 5873
6088 2 2 0 1 1203 2835 6090
6089 2 2 0 1 687 3052 4443
6090 2 2 0 1 467 3704 5295
6091 2 2 0 1 1317 3732 4321
6092 2 2 0 1 2358 3541 5310
6093 2 2 0 1 3998 1734 6021
6094 2 2 0 1 2577 1274 5226
6095 2 2 0 1 1206 2757 3829
6096 2 2 0 1 1751 3758 5803
6097 2 2 0 1 708 3677 3906
6098 2 2 0 1 461 2675 6079
6099 2 2 0 1 1113 3926 4378
6100 2 2 0 1 5652 2117 6516
6101 2 2 0 1 1913 3276 6160
6102 2 2 0 1 2594 968 4959
6103 2 2 0 1 3266 2098 4818
6104 2 2 0 1 3704 2125 5295
6105 2 2 0 1 2896 3800 5499
6106 2 2 0 1 2211 2769 5398
6107 2 2 0 1 2567 1441 5028
6108 2 2 0 1 580 2830 4658
6109 2 2 0 1 68 69 3246
6110 2 2 0 1 1969 3670 4829
6111 2 2 0 1 216 217 3247
6112 2 2 0 1 277 278 3488
6113 2 2 0 1 4188 823 6152
6114 2 2 0 1 2135 3027 3789
6115 2 2 0 1 2232 3949 5229
6116 2 2 0 1 1047 3161 3690
6117 2 2 0 1 638 3840 4122
6118 2 2 0 1 3949 1534 5229
6119 2 2 0 1 447 3649 5197
6120 2 2 0 1 1225 2695 5658
6121 2 2 0 1 3624 646 5584
6122 2 2 0 1 1760 3372 3378
6123 2 2 0 1 2531 1670 6578
6124 2 2 0 1 2853 988 4187
6125 2 2 0 1 2474 3825 5931
6126 2 2 0 1 2685 348 6183
6127 2 2 0 1 4745 352 6402
6128 2 2 0 1 1207 3486 5108
6129 2 2 0 1 3286 1577 4386
6130 2 2 0 1 2624 402 4475
6131 2 2 0 1 496 4009 4822
6132 2 2 0 1 1021 2562 5439
6133 2 2 0 1 4904 1232 5261
6134 2 2 0 1 1082 3879 5513
6135 2 2 0 1 2858 1303 5422
6136 2 2 0 1 2636 963 5732
6137 2 2 0 1 2740 1552 5214
6138 2 2 0 1 3677 1584 3906
6139 2 2 0 1 1091 3099 4470
6140 2 2 0 1 2641 1424 4852
6141 2 2 0 1 5691 2864 5896
6142 2 2 0 1 2926 1551 4732
6143 2 2 0 1 1689 5300 5820
6144 2 2 0 1 348 2660 5802
6145 2 2 0 1 1520 4051 5181
6146 2 2 0 1 1592 2727 3942
6147 2 2 0 1 2842 1654 5228
6148 2 2 0 1 1934 3293 5239
6149 2 2 0 1 2664 1786 5334
6150 2 2 0 1 1214 4740 5943
6151 2 2 0 1 2767 693 6643
6152 2 2 0 1 1181 3511 4162
6153 2 2 0 1 998 2686 4063
6154 2 2 0 1 395 3265 5031
6155 2 2 0 1 3471 714 4112
6156 2 2 0 1 3296 1793 4124
6157 2 2 0 1 3154 1926 6220
6158 2 2 0 1 1843 2908 5941
6159 2 2 0 1 2976 2355 6537
6160 2 2 0 1 2238 2891 4613
6161 2 2 0 1 5537 3749 5838
6162 2 2 0 1 261 2902 6617
6163 2 2 0 1 3267 380 4812
6164 2 2 0 1 1311 2624 4475
6165 2 2 0 1 3875 1571 4013
6166 2 2 0 1 1441 2567 4660
6167 2 2 0 1 3791 1656 4580
6168 2 2 0 1 3137 928 4815
6169 2 2 0 1 851 3108 5255
6170 2 2 0 1 4556 870 6178
6171 2 2 0 1 3045 984 6067
6172 2 2 0 1 467 3054 5129
6173 2 2 0 1 3697 1200 5125
6174 2 2 0 1 3649 2061 5197
6175 2 2 0 1 498 2883 6358
6176 2 2 0 1 367 4094 5101
6177 2 2 0 1 1696 3001 5046
6178 2 2 0 1 2662 588 4247
6179 2 2 0 1 392 3296 4124
6180 2 2 0 1 3162 1156 3839
6181 2 2 0 1 3047 1118 3914
6182 2 2 0 1 5806 2029 5882
6183 2 2 0 1 2269 4090 5879
6184 2 2 0 1 2547 506 5594
6185 2 2 0 1 1561 2683 5113
6186 2 2 0 1 2750 1572 5384
6187 2 2 0 1 1219 2677 4353
6188 2 2 0 1 2849 669 4040
6189 2 2 0 1 2330 3854 5821
6190 2 2 0 1 307 2651 5656
6191 2 2 0 1 1163 3254 3419
6192 2 2 0 1 2651 1242 5656
6193 2 2 0 1 1541 3709 4590
6194 2 2 0 1 2956 518 4746
6195 2 2 0 1 3030 2040 6373
6196 2 2 0 1 306 2734 6339
6197 2 2 0 1 4147 1901 4435
6198 2 2 0 1 1654 2842 4356
6199 2 2 0 1 3514 5234 6009
6200 2 2 0 1 2888 1030 3723
6201 2 2 0 1 1756 4276 4386
6202 2 2 0 1 4399 3357 6336
6203 2 2 0 1 2587 1371 4425
6204 2 2 0 1 3738 2372 5873
6205 2 2 0 1 611 3000 4331
6206 2 2 0 1 3108 2056 5255
6207 2 2 0 1 1903 3697 6128
6208 2 2 0 1 2674 1015 5054
6209 2 2 0 1 3054 1749 5129
6210 2 2 0 1 1611 3665 4591
6211 2 2 0 1 1218 3524 3555
6212 2 2 0 1 1744 3539 4603
6213 2 2 0 1 118 119 3300
6214 2 2 0 1 967 2565 4661
6215 2 2 0 1 4531 2851 5524
6216 2 2 0 1 1956 2767 6643
6217 2 2 0 1 1594 3471 4112
6218 2 2 0 1 4740 1214 5888
6219 2 2 0 1 3974 2203 6327
6220 2 2 0 1 3962 1968 6147
6221 2 2 0 1 947 2600 6296
6222 2 2 0 1 1188 2950 5764
6223 2 2 0 1 1075 3225 5428
6224 2 2 0 1 4556 1488 4771
6225 2 2 0 1 2828 1782 5617
6226 2 2 0 1 374 5159 6309
6227 2 2 0 1 789 2740 5214
6228 2 2 0 1 2742 1084 3951
6229 2 2 0 1 2619 987 5142
6230 2 2 0 1 5110 1561 5113
6231 2 2 0 1 2589 1378 4390
6232 2 2 0 1 1568 3232 3766
6233 2 2 0 1 325 3286 4386
6234 2 2 0 1 4317 2114 6039
6235 2 2 0 1 2865 2009 6627
6236 2 2 0 1 2874 1868 6152
6237 2 2 0 1 3403 1101 3458
6238 2 2 0 1 1726 3267 4812
6239 2 2 0 1 1586 3178 4116
6240 2 2 0 1 1607 3438 4286
6241 2 2 0 1 1605 2850 3714
6242 2 2 0 1 2700 1944 6286
6243 2 2 0 1 4069 1960 5719
6244 2 2 0 1 1294 4232 5545
6245 2 2 0 1 2744 516 6300
6246 2 2 0 1 1057 2633 6037
6247 2 2 0 1 373 2951 4273
6248 2 2 0 1 1349 3948 4385
6249 2 2 0 1 1038 3229 3846
6250 2 2 0 1 2952 1897 6088
6251 2 2 0 1 3725 565 6258
6252 2 2 0 1 1630 2985 5210
6253 2 2 0 1 741 3453 5928
6254 2 2 0 1 3583 2382 5354
6255 2 2 0 1 167 168 3639
6256 2 2 0 1 2635 1574 4938
6257 2 2 0 1 4797 813 5642
6258 2 2 0 1 2835 993 5109
6259 2 2 0 1 2673 531 6485
6260 2 2 0 1 2454 4936 6320
6261 2 2 0 1 308 4134 4816
6262 2 2 0 1 1339 2510 4551
6263 2 2 0 1 683 2728 4031
6264 2 2 0 1 682 2944 5018
6265 2 2 0 1 2729 263 4688
6266 2 2 0 1 2776 407 5535
6267 2 2 0 1 2595 1917 4948
6268 2 2 0 1 2403 5862 6061
6269 2 2 0 1 3728 566 6263
6270 2 2 0 1 1161 2766 3874
6271 2 2 0 1 2826 319 3762
6272 2 2 0 1 4151 1594 4340
6273 2 2 0 1 2640 1587 5401
6274 2 2 0 1 3140 1762 4031
6275 2 2 0 1 3372 1124 3378
6276 2 2 0 1 1213 2960 3772
6277 2 2 0 1 2715 1519 5237
6278 2 2 0 1 1698 3465 5757
6279 2 2 0 1 1351 3971 4364
6280 2 2 0 1 2319 4180 6293
6281 2 2 0 1 1176 2611 5431
6282 2 2 0 1 1228 3208 3954
6283 2 2 0 1 1055 2626 5180
6284 2 2 0 1 1911 3598 5921
6285 2 2 0 1 1340 2514 4554
6286 2 2 0 1 2594 614 4403
6287 2 2 0 1 3969 3187 6033
6288 2 2 0 1 2971 1452 3653
6289 2 2 0 1 4742 2629 6260
6290 2 2 0 1 770 3706 4049
6291 2 2 0 1 2668 477 5491
6292 2 2 0 1 2780 408 5546
6293 2 2 0 1 579 4631 4861
6294 2 2 0 1 1960 4095 5112
6295 2 2 0 1 1545 2568 5246
6296 2 2 0 1 3536 814 4209
6297 2 2 0 1 2789 2182 6580
6298 2 2 0 1 530 2817 5243
6299 2 2 0 1 3214 699 5955
6300 2 2 0 1 771 3708 4053
6301 2 2 0 1 1711 3531 6284
6302 2 2 0 1 4954 2421 6262
6303 2 2 0 1 2790 1165 3766
6304 2 2 0 1 2779 3809 5463
6305 2 2 0 1 2631 1457 4654
6306 2 2 0 1 3486 1966 5108
6307 2 2 0 1 1216 2912 6162
6308 2 2 0 1 2710 1554 5483
6309 2 2 0 1 397 2850 4137
6310 2 2 0 1 794 2640 4283
6311 2 2 0 1 2983 666 3623
6312 2 2 0 1 2099 2928 5143
6313 2 2 0 1 491 2667 5457
6314 2 2 0 1 2964 1457 3862
6315 2 2 0 1 2944 1626 5018
6316 2 2 0 1 4602 2208 6518
6317 2 2 0 1 3725 1186 5780
6318 2 2 0 1 863 4160 5487
6319 2 2 0 1 4134 2151 4816
6320 2 2 0 1 2737 1874 6401
6321 2 2 0 1 1412 3203 3591
6322 2 2 0 1 732 2704 6267
6323 2 2 0 1 4011 1254 4733
6324 2 2 0 1 1263 2737 6401
6325 2 2 0 1 1845 2998 3858
6326 2 2 0 1 657 2977 4115
6327 2 2 0 1 2790 2470 6549
6328 2 2 0 1 3448 627 4666
6329 2 2 0 1 1390 2712 6562
6330 2 2 0 1 2709 378 5841
6331 2 2 0 1 3728 1187 5786
6332 2 2 0 1 3540 2033 5453
6333 2 2 0 1 4753 1851 5919
6334 2 2 0 1 5915 3847 6154
6335 2 2 0 1 1215 2816 4714
6336 2 2 0 1 1094 2905 3859
6337 2 2 0 1 3064 649 4153
6338 2 2 0 1 535 2559 6371
6339 2 2 0 1 1552 2997 3873
6340 2 2 0 1 127 128 3332
6341 2 2 0 1 992 2876 3902
6342 2 2 0 1 4225 1751 5803
6343 2 2 0 1 2581 436 4498
6344 2 2 0 1 4740 2629 5943
6345 2 2 0 1 3106 1919 5413
6346 2 2 0 1 478 2617 5653
6347 2 2 0 1 1072 3234 4882
6348 2 2 0 1 1380 3175 4244
6349 2 2 0 1 4481 1426 5133
6350 2 2 0 1 894 2865 6627
6351 2 2 0 1 3000 1458 4331
6352 2 2 0 1 660 3847 5915
6353 2 2 0 1 2623 436 4569
6354 2 2 0 1 458 2857 5208
6355 2 2 0 1 1056 3030 6373
6356 2 2 0 1 3689 2074 5881
6357 2 2 0 1 2195 4300 5102
6358 2 2 0 1 1537 4479 4594
6359 2 2 0 1 3150 1401 4561
6360 2 2 0 1 2893 452 3765
6361 2 2 0 1 3400 1565 3466
6362 2 2 0 1 5403 3691 6173
6363 2 2 0 1 274 275 3313
6364 2 2 0 1 1434 4179 4206
6365 2 2 0 1 3127 1319 3777
6366 2 2 0 1 1580 2668 5491
6367 2 2 0 1 4009 2137 4822
6368 2 2 0 1 832 4222 4670
6369 2 2 0 1 1712 3292 6416
6370 2 2 0 1 2679 1090 4332
6371 2 2 0 1 3751 1882 3793
6372 2 2 0 1 1884 3095 5343
6373 2 2 0 1 2963 514 4704
6374 2 2 0 1 3235 530 5212
6375 2 2 0 1 409 2952 5108
6376 2 2 0 1 823 2874 6152
6377 2 2 0 1 2632 312 4449
6378 2 2 0 1 1623 2747 5315
6379 2 2 0 1 1334 2666 5118
6380 2 2 0 1 3163 1182 3801
6381 2 2 0 1 2603 861 5119
6382 2 2 0 1 1248 3062 3565
6383 2 2 0 1 272 273 3339
6384 2 2 0 1 2627 2872 5974
6385 2 2 0 1 489 2601 4680
6386 2 2 0 1 1152 3400 3466
6387 2 2 0 1 3013 777 4589
6388 2 2 0 1 697 2689 4248
6389 2 2 0 1 584 4030 4042
6390 2 2 0 1 1514 2856 4485
6391 2 2 0 1 3438 719 4286
6392 2 2 0 1 6530 1295 6595
6393 2 2 0 1 2704 1837 6267
6394 2 2 0 1 4532 2236 4578
6395 2 2 0 1 1040 3080 3850
6396 2 2 0 1 790 4005 5320
6397 2 2 0 1 2642 1308 4215
6398 2 2 0 1 1366 3476 3700
6399 2 2 0 1 1754 4532 4578
6400 2 2 0 1 2647 4225 5803
6401 2 2 0 1 3107 560 4727
6402 2 2 0 1 5477 2410 5998
6403 2 2 0 1 3939 2136 6223
6404 2 2 0 1 2958 279 6333
6405 2 2 0 1 2604 712 5411
6406 2 2 0 1 3598 2271 5921
6407 2 2 0 1 3733 692 6111
6408 2 2 0 1 4375 2536 6312
6409 2 2 0 1 4084 2688 5929
6410 2 2 0 1 4298 309 5825
6411 2 2 0 1 1378 2589 6567
6412 2 2 0 1 943 2577 5226
6413 2 2 0 1 2619 616 4399
6414 2 2 0 1 5002 893 5876
6415 2 2 0 1 3023 1227 4688
6416 2 2 0 1 4447 1803 6365
6417 2 2 0 1 1441 4660 4873
6418 2 2 0 1 1074 3151 5395
6419 2 2 0 1 1515 3721 4465
6420 2 2 0 1 1893 3111 5359
6421 2 2 0 1 3185 2304 4582
6422 2 2 0 1 1699 2598 6397
6423 2 2 0 1 1391 2636 5914
6424 2 2 0 1 4568 1117 4789
6425 2 2 0 1 572 3566 3609
6426 2 2 0 1 3255 1211 5800
6427 2 2 0 1 3454 983 4858
6428 2 2 0 1 1193 2665 5678
6429 2 2 0 1 3709 2061 6642
6430 2 2 0 1 2487 4481 5133
6431 2 2 0 1 3067 1616 4881
6432 2 2 0 1 1960 4633 5719
6433 2 2 0 1 56 57 4414
6434 2 2 0 1 1211 2999 5454
6435 2 2 0 1 2851 555 3814
6436 2 2 0 1 1863 3403 3458
6437 2 2 0 1 353 2758 6597
6438 2 2 0 1 1572 2750 5528
6439 2 2 0 1 4756 2546 6581
6440 2 2 0 1 368 2923 6304
6441 2 2 0 1 2741 922 6340
6442 2 2 0 1 1183 3088 6215
6443 2 2 0 1 3667 2714 5893
6444 2 2 0 1 1287 3003 3661
6445 2 2 0 1 2910 992 3902
6446 2 2 0 1 1710 2709 5841
6447 2 2 0 1 796 4640 6013
6448 2 2 0 1 2716 350 4142
6449 2 2 0 1 312 2632 5023
6450 2 2 0 1 2689 956 6502
6451 2 2 0 1 3941 701 5619
6452 2 2 0 1 1522 3013 4589
6453 2 2 0 1 181 3009 4420
6454 2 2 0 1 1306 2999 5814
6455 2 2 0 1 3903 1886 5179
6456 2 2 0 1 1944 4458 6346
6457 2 2 0 1 1090 2679 5520
6458 2 2 0 1 4058 3084 6582
6459 2 2 0 1 1553 2782 4032
6460 2 2 0 1 3120 1940 5779
6461 2 2 0 1 989 3919 5211
6462 2 2 0 1 263 2729 6104
6463 2 2 0 1 3944 703 5623
6464 2 2 0 1 1149 3010 3736
6465 2 2 0 1 2565 3028 6329
6466 2 2 0 1 3948 1937 4385
6467 2 2 0 1 2665 2097 5676
6468 2 2 0 1 675 4289 4390
6469 2 2 0 1 2580 821 5069
6470 2 2 0 1 1185 3244 3593
6471 2 2 0 1 5699 1270 6149
6472 2 2 0 1 2614 1433 5987
6473 2 2 0 1 1797 2976 5735
6474 2 2 0 1 2793 1297 3917
6475 2 2 0 1 989 4375 6312
6476 2 2 0 1 2622 4740 5888
6477 2 2 0 1 2657 750 5544
6478 2 2 0 1 1263 2692 4816
6479 2 2 0 1 2667 1291 4052
6480 2 2 0 1 3812 425 6265
6481 2 2 0 1 2074 4967 5881
6482 2 2 0 1 1207 2952 6088
6483 2 2 0 1 909 3120 5779
6484 2 2 0 1 3892 1402 5175
6485 2 2 0 1 681 3278 4971
6486 2 2 0 1 1559 2956 4746
6487 2 2 0 1 1652 3536 4209
6488 2 2 0 1 3151 1841 5395
6489 2 2 0 1 314 2801 6637
6490 2 2 0 1 2754 304 4059
6491 2 2 0 1 1612 3715 4412
6492 2 2 0 1 663 4889 5549
6493 2 2 0 1 1467 3532 4383
6494 2 2 0 1 440 5169 5279
6495 2 2 0 1 1983 3109 4535
6496 2 2 0 1 838 4398 6630
6497 2 2 0 1 4649 2153 6565
6498 2 2 0 1 1303 2858 5745
6499 2 2 0 1 3971 1936 4364
6500 2 2 0 1 2966 1626 5055
6501 2 2 0 1 1302 2692 4774
6502 2 2 0 1 3148 320 3668
6503 2 2 0 1 1139 2777 6381
6504 2 2 0 1 2891 1667 4613
6505 2 2 0 1 4634 1356 6106
6506 2 2 0 1 3804 2292 5611
6507 2 2 0 1 2756 1164 4065
6508 2 2 0 1 3128 1921 3874
6509 2 2 0 1 2356 4568 4789
6510 2 2 0 1 2699 1473 5982
6511 2 2 0 1 888 2634 5575
6512 2 2 0 1 284 2721 4453
6513 2 2 0 1 889 2715 5237
6514 2 2 0 1 3116 1017 4372
6515 2 2 0 1 1917 4656 4948
6516 2 2 0 1 606 2572 4781
6517 2 2 0 1 1503 2628 5512
6518 2 2 0 1 1610 3359 5579
6519 2 2 0 1 204 205 4334
6520 2 2 0 1 2630 3526 4699
6521 2 2 0 1 2733 1807 6450
6522 2 2 0 1 2853 1221 5380
6523 2 2 0 1 1522 2660 5772
6524 2 2 0 1 3204 1593 4233
6525 2 2 0 1 469 2794 3911
6526 2 2 0 1 3179 1687 4477
6527 2 2 0 1 2971 369 5716
6528 2 2 0 1 3592 1043 6511
6529 2 2 0 1 344 3951 5922
6530 2 2 0 1 2690 1308 4308
6531 2 2 0 1 2782 1136 6499
6532 2 2 0 1 4222 2132 4670
6533 2 2 0 1 3419 1437 4294
6534 2 2 0 1 2642 1179 4894
6535 2 2 0 1 1978 4164 6346
6536 2 2 0 1 2857 1624 5208
6537 2 2 0 1 4968 2359 6126
6538 2 2 0 1 1529 3272 4363
6539 2 2 0 1 2567 5126 5969
6540 2 2 0 1 4107 1606 4229
6541 2 2 0 1 2924 539 6363
6542 2 2 0 1 2739 1809 6459
6543 2 2 0 1 2473 4188 6152
6544 2 2 0 1 3474 1686 4591
6545 2 2 0 1 3689 1274 6347
6546 2 2 0 1 1979 2778 6552
6547 2 2 0 1 918 3067 4881
6548 2 2 0 1 53 4462 4825
6549 2 2 0 1 2614 304 4454
6550 2 2 0 1 1322 2632 5235
6551 2 2 0 1 1899 4117 4621
6552 2 2 0 1 2610 1466 5897
6553 2 2 0 1 759 2966 5055
6554 2 2 0 1 1989 2924 6363
6555 2 2 0 1 2646 1233 5374
6556 2 2 0 1 4845 1683 5947
6557 2 2 0 1 1274 2719 5226
6558 2 2 0 1 3212 1098 3459
6559 2 2 0 1 4854 389 6434
6560 2 2 0 1 1490 2908 4150
6561 2 2 0 1 1987 3997 5455
6562 2 2 0 1 885 2652 5768
6563 2 2 0 1 3085 1675 4038
6564 2 2 0 1 1092 2650 6012
6565 2 2 0 1 3004 4099 6599
6566 2 2 0 1 3079 572 3609
6567 2 2 0 1 3697 1903 6217
6568 2 2 0 1 2899 1483 4125
6569 2 2 0 1 3005 4102 6602
6570 2 2 0 1 2901 1484 4126
6571 2 2 0 1 1422 2659 5169
6572 2 2 0 1 361 2749 4897
6573 2 2 0 1 1497 3116 4372
6574 2 2 0 1 1626 2944 5479
6575 2 2 0 1 2592 1587 5577
6576 2 2 0 1 26 27 3383
6577 2 2 0 1 4376 1888 4889
6578 2 2 0 1 4127 1494 4630
6579 2 2 0 1 2955 557 4270
6580 2 2 0 1 3063 3408 5551
6581 2 2 0 1 411 2807 5573
6582 2 2 0 1 2804 614 3984
6583 2 2 0 1 3257 793 6344
6584 2 2 0 1 615 2653 6653
6585 2 2 0 1 3532 1684 4383
6586 2 2 0 1 3491 1443 4135
6587 2 2 0 1 3587 3123 5151
6588 2 2 0 1 1568 4490 5501
6589 2 2 0 1 3607 2002 5720
6590 2 2 0 1 1722 2716 4161
6591 2 2 0 1 2661 2348 5607
6592 2 2 0 1 1268 2673 5137
6593 2 2 0 1 1439 2643 5990
6594 2 2 0 1 2642 362 5360
6595 2 2 0 1 3523 2204 5842
6596 2 2 0 1 3919 2190 5211
6597 2 2 0 1 1126 3221 3562
6598 2 2 0 1 1723 2621 5346
6599 2 2 0 1 3404 1110 5788
6600 2 2 0 1 3677 1927 5817
6601 2 2 0 1 1243 3105 3606
6602 2 2 0 1 748 3451 5905
6603 2 2 0 1 1964 2741 4247
6604 2 2 0 1 1194 3751 3793
6605 2 2 0 1 1316 3364 3590
6606 2 2 0 1 4668 877 5178
6607 2 2 0 1 636 3350 4095
6608 2 2 0 1 2064 4284 4775
6609 2 2 0 1 5163 838 5710
6610 2 2 0 1 3551 1991 5456
6611 2 2 0 1 201 4532 4629
6612 2 2 0 1 2746 4854 6434
6613 2 2 0 1 493 2710 5483
6614 2 2 0 1 2691 1201 5850
6615 2 2 0 1 1308 2642 5360
6616 2 2 0 1 996 2955 5782
6617 2 2 0 1 1179 2642 5958
6618 2 2 0 1 87 88 3417
6619 2 2 0 1 1513 3668 3853
6620 2 2 0 1 2575 359 5494
6621 2 2 0 1 1084 2668 4709
6622 2 2 0 1 4258 2066 4566
6623 2 2 0 1 2687 586 5176
6624 2 2 0 1 2710 1272 4014
6625 2 2 0 1 991 2794 4306
6626 2 2 0 1 1454 2867 4078
6627 2 2 0 1 3040 1313 4330
6628 2 2 0 1 685 2664 4991
6629 2 2 0 1 2717 1556 6176
6630 2 2 0 1 2885 1744 4325
6631 2 2 0 1 2834 1891 4248
6632 2 2 0 1 2973 595 5263
6633 2 2 0 1 1471 2823 3927
6634 2 2 0 1 2960 545 3772
6635 2 2 0 1 2578 360 5488
6636 2 2 0 1 2646 1453 4821
6637 2 2 0 1 4300 509 5102
6638 2 2 0 1 1315 2689 5145
6639 2 2 0 1 3413 1912 3849
6640 2 2 0 1 2911 1208 6222
6641 2 2 0 1 3422 1688 5441
6642 2 2 0 1 3883 2018 6136
6643 2 2 0 1 2808 1251 5183
6644 2 2 0 1 2728 683 4268
6645 2 2 0 1 5126 1818 5969
6646 2 2 0 1 3294 1245 4598
6647 2 2 0 1 1161 3832 5806
6648 2 2 0 1 2683 905 5082
6649 2 2 0 1 2712 1376 4368
6650 2 2 0 1 983 2821 4001
6651 2 2 0 1 2628 911 5512
6652 2 2 0 1 4490 2580 5501
6653 2 2 0 1 3268 374 6023
6654 2 2 0 1 2796 1626 5479
6655 2 2 0 1 4284 419 4775
6656 2 2 0 1 3566 1408 3609
6657 2 2 0 1 1832 2758 6421
6658 2 2 0 1 41 42 3698
6659 2 2 0 1 3116 387 4652
6660 2 2 0 1 245 246 4028
6661 2 2 0 1 405 2796 5479
6662 2 2 0 1 2645 945 4823
6663 2 2 0 1 2600 1309 6317
6664 2 2 0 1 2856 586 4485
6665 2 2 0 1 1537 2963 4704
6666 2 2 0 1 1966 4622 5108
6667 2 2 0 1 3350 1500 4095
6668 2 2 0 1 1227 3023 4326
6669 2 2 0 1 4283 1202 6615
6670 2 2 0 1 1165 2656 5366
6671 2 2 0 1 2146 6548 6651
6672 2 2 0 1 1290 2822 4143
6673 2 2 0 1 4110 1280 5871
6674 2 2 0 1 1459 2569 4892
6675 2 2 0 1 1254 3079 3609
6676 2 2 0 1 4077 1902 5063
6677 2 2 0 1 3364 599 3590
6678 2 2 0 1 1219 4353 4751
6679 2 2 0 1 2342 4904 5261
6680 2 2 0 1 539 2924 3803
6681 2 2 0 1 3329 23 5794
6682 2 2 0 1 1005 3970 5867
6683 2 2 0 1 2596 868 4513
6684 2 2 0 1 1784 2659 4888
6685 2 2 0 1 3749 1758 5838
6686 2 2 0 1 2634 626 4519
6687 2 2 0 1 1638 3056 3659
6688 2 2 0 1 2601 5862 6248
6689 2 2 0 1 1856 5567 6153
6690 2 2 0 1 2854 1888 4515
6691 2 2 0 1 3530 1729 4715
6692 2 2 0 1 1383 3516 3687
6693 2 2 0 1 528 4109 6439
6694 2 2 0 1 2927 1989 6583
6695 2 2 0 1 1188 3420 5275
6696 2 2 0 1 1243 2896 6631
6697 2 2 0 1 4396 781 5346
6698 2 2 0 1 745 4332 5998
6699 2 2 0 1 3286 1135 6148
6700 2 2 0 1 4016 906 4068
6701 2 2 0 1 51 2945 5068
6702 2 2 0 1 235 236 3436
6703 2 2 0 1 1087 3020 5563
6704 2 2 0 1 612 2683 4910
6705 2 2 0 1 2928 1320 5143
6706 2 2 0 1 2488 2971 5716
6707 2 2 0 1 2947 916 6365
6708 2 2 0 1 2822 327 4143
6709 2 2 0 1 3272 1039 4363
6710 2 2 0 1 2836 1242 5392
6711 2 2 0 1 3025 2077 6468
6712 2 2 0 1 3366 1913 3838
6713 2 2 0 1 4061 1527 5213
6714 2 2 0 1 4124 1793 5442
6715 2 2 0 1 1427 2720 4963
6716 2 2 0 1 3668 1298 3853
6717 2 2 0 1 2883 1034 5729
6718 2 2 0 1 4081 420 4220
6719 2 2 0 1 3327 2921 6514
6720 2 2 0 1 1417 3293 4725
6721 2 2 0 1 2755 908 6614
6722 2 2 0 1 1396 3290 3675
6723 2 2 0 1 4064 1531 5217
6724 2 2 0 1 2698 1739 6113
6725 2 2 0 1 2750 492 5528
6726 2 2 0 1 768 3015 4587
6727 2 2 0 1 1622 2676 5871
6728 2 2 0 1 785 3540 5453
6729 2 2 0 1 2868 111 6613
6730 2 2 0 1 2681 952 4557
6731 2 2 0 1 1332 3397 3633
6732 2 2 0 1 3990 1317 4321
6733 2 2 0 1 2315 3793 6240
6734 2 2 0 1 689 3595 4425
6735 2 2 0 1 2117 5511 6516
6736 2 2 0 1 1521 3781 3869
6737 2 2 0 1 1461 3047 3851
6738 2 2 0 1 779 4507 5676
6739 2 2 0 1 1191 2734 4223
6740 2 2 0 1 1865 4081 4220
6741 2 2 0 1 1671 3636 4055
6742 2 2 0 1 3820 1295 6530
6743 2 2 0 1 3020 1087 5973
6744 2 2 0 1 2494 3592 6511
6745 2 2 0 1 650 5089 5940
6746 2 2 0 1 758 4716 6346
6747 2 2 0 1 1189 3290 4546
6748 2 2 0 1 1004 3049 3916
6749 2 2 0 1 2916 388 4738
6750 2 2 0 1 1318 2914 4281
6751 2 2 0 1 2070 4224 6342
6752 2 2 0 1 615 3413 3849
6753 2 2 0 1 3516 761 3687
6754 2 2 0 1 464 2625 4675
6755 2 2 0 1 2693 990 6068
6756 2 2 0 1 2834 956 3992
6757 2 2 0 1 4603 3539 6298
6758 2 2 0 1 2805 1056 6373
6759 2 2 0 1 1132 3457 3644
6760 2 2 0 1 629 3474 4591
6761 2 2 0 1 2679 1609 5520
6762 2 2 0 1 3587 1955 6228
6763 2 2 0 1 4912 1450 5989
6764 2 2 0 1 694 3196 6175
6765 2 2 0 1 4029 907 4075
6766 2 2 0 1 2622 1730 5390
6767 2 2 0 1 1245 3363 4598
6768 2 2 0 1 2812 1259 4296
6769 2 2 0 1 3622 1169 4352
6770 2 2 0 1 3034 1426 4170
6771 2 2 0 1 1324 3181 4548
6772 2 2 0 1 1275 2750 4018
6773 2 2 0 1 3673 2025 6250
6774 2 2 0 1 490 3390 5994
6775 2 2 0 1 3215 1588 3584
6776 2 2 0 1 3982 3619 6512
6777 2 2 0 1 3397 600 3633
6778 2 2 0 1 833 5550 6431
6779 2 2 0 1 4789 2068 5350
6780 2 2 0 1 2663 949 4909
6781 2 2 0 1 1100 2886 4433
6782 2 2 0 1 1288 2702 5439
6783 2 2 0 1 2692 1302 5349
6784 2 2 0 1 4285 1315 4510
6785 2 2 0 1 2947 505 4297
6786 2 2 0 1 814 2786 6438
6787 2 2 0 1 1688 3701 5441
6788 2 2 0 1 2702 1021 5439
6789 2 2 0 1 2764 1705 6083
6790 2 2 0 1 3243 1143 4997
6791 2 2 0 1 1032 3518 4977
6792 2 2 0 1 1499 2804 5293
6793 2 2 0 1 362 2937 3836
6794 2 2 0 1 1356 4258 4566
6795 2 2 0 1 1703 3701 3904
6796 2 2 0 1 2718 502 6056
6797 2 2 0 1 610 3366 3838
6798 2 2 0 1 3803 2924 5646
6799 2 2 0 1 3935 430 4113
6800 2 2 0 1 3837 472 6440
6801 2 2 0 1 3354 1171 3934
6802 2 2 0 1 3574 810 4681
6803 2 2 0 1 2720 875 4963
6804 2 2 0 1 3303 618 4264
6805 2 2 0 1 1616 3233 4881
6806 2 2 0 1 3528 1425 5047
6807 2 2 0 1 2685 959 5307
6808 2 2 0 1 2660 912 5772
6809 2 2 0 1 2969 1174 5069
6810 2 2 0 1 1812 3711 4959
6811 2 2 0 1 2632 915 5235
6812 2 2 0 1 400 3991 4821
6813 2 2 0 1 3405 1670 3575
6814 2 2 0 1 1742 3921 5377
6815 2 2 0 1 2988 1167 4783
6816 2 2 0 1 624 2992 4430
6817 2 2 0 1 1247 2910 3902
6818 2 2 0 1 23 24 5794
6819 2 2 0 1 1519 3303 4264
6820 2 2 0 1 1333 2631 5386
6821 2 2 0 1 387 3696 3700
6822 2 2 0 1 5619 701 5962
6823 2 2 0 1 2959 1700 4196
6824 2 2 0 1 1733 2776 5535
6825 2 2 0 1 2942 645 5053
6826 2 2 0 1 2645 514 4528
6827 2 2 0 1 3635 1312 4312
6828 2 2 0 1 1238 4079 6684
6829 2 2 0 1 5872 3882 6201
6830 2 2 0 1 446 2864 5691
6831 2 2 0 1 195 196 4406
6832 2 2 0 1 1248 3398 6650
6833 2 2 0 1 1922 3296 5565
6834 2 2 0 1 3915 2362 5624
6835 2 2 0 1 2018 3883 6386
6836 2 2 0 1 5059 2178 5689
6837 2 2 0 1 2665 1589 5121
6838 2 2 0 1 664 3749 3975
6839 2 2 0 1 4376 399 4515
6840 2 2 0 1 729 2659 4992
6841 2 2 0 1 643 2913 4034
6842 2 2 0 1 686 2862 6064
6843 2 2 0 1 2775 162 4924
6844 2 2 0 1 3038 1236 6240
6845 2 2 0 1 3980 1102 6369
6846 2 2 0 1 4081 1865 5073
6847 2 2 0 1 5623 703 5966
6848 2 2 0 1 5380 1221 5526
6849 2 2 0 1 320 3443 3668
6850 2 2 0 1 1222 3096 5262
6851 2 2 0 1 2661 445 4592
6852 2 2 0 1 964 3279 5051
6853 2 2 0 1 1741 2780 5546
6854 2 2 0 1 1701 3243 4997
6855 2 2 0 1 2761 974 5609
6856 2 2 0 1 1196 5013 5706
6857 2 2 0 1 759 3008 4371
6858 2 2 0 1 307 3043 4117
6859 2 2 0 1 1251 2888 4121
6860 2 2 0 1 3296 392 5565
6861 2 2 0 1 3788 95 4026
6862 2 2 0 1 4412 3715 6415
6863 2 2 0 1 2063 3240 5153
6864 2 2 0 1 24 3972 5794
6865 2 2 0 1 1463 3731 6394
6866 2 2 0 1 3388 1168 4632
6867 2 2 0 1 3287 2206 6649
6868 2 2 0 1 2885 4325 6526
6869 2 2 0 1 2230 5539 5831
6870 2 2 0 1 2918 934 3988
6871 2 2 0 1 2675 2049 5438
6872 2 2 0 1 1344 3875 4013
6873 2 2 0 1 2910 1247 4400
6874 2 2 0 1 3166 382 5704
6875 2 2 0 1 418 2819 4155
6876 2 2 0 1 3004 77 5659
6877 2 2 0 1 1190 3600 4212
6878 2 2 0 1 2745 638 5569
6879 2 2 0 1 892 2856 5073
6880 2 2 0 1 3005 225 5662
6881 2 2 0 1 2659 1422 4992
6882 2 2 0 1 1038 2927 6583
6883 2 2 0 1 4100 650 5940
6884 2 2 0 1 1011 3166 5634
6885 2 2 0 1 3105 574 3606
6886 2 2 0 1 3811 663 5549
6887 2 2 0 1 3260 1217 3894
6888 2 2 0 1 3138 412 4523
6889 2 2 0 1 856 3455 6155
6890 2 2 0 1 644 2726 5615
6891 2 2 0 1 3731 2478 6394
6892 2 2 0 1 588 2662 6501
6893 2 2 0 1 1372 2947 4297
6894 2 2 0 1 2856 1514 5073
6895 2 2 0 1 1511 3138 4523
6896 2 2 0 1 2762 1689 5092
6897 2 2 0 1 363 4976 5950
6898 2 2 0 1 4079 2731 6684
6899 2 2 0 1 879 2687 5247
6900 2 2 0 1 1860 3990 4321
6901 2 2 0 1 4042 1265 5193
6902 2 2 0 1 3101 1087 5563
6903 2 2 0 1 2725 445 4541
6904 2 2 0 1 3300 119 3626
6905 2 2 0 1 4185 1059 4857
6906 2 2 0 1 1337 2738 5298
6907 2 2 0 1 2737 1544 4373
6908 2 2 0 1 868 2596 5210
6909 2 2 0 1 3137 1887 6214
6910 2 2 0 1 3423 1071 6015
6911 2 2 0 1 3166 1011 4178
6912 2 2 0 1 639 3530 4715
6913 2 2 0 1 404 4002 4921
6914 2 2 0 1 2914 328 4281
6915 2 2 0 1 2185 3677 5817
6916 2 2 0 1 2670 1154 4727
6917 2 2 0 1 2708 1623 6175
6918 2 2 0 1 1549 2696 5557
6919 2 2 0 1 2016 4954 5750
6920 2 2 0 1 668 2677 4868
6921 2 2 0 1 3718 962 6017
6922 2 2 0 1 1777 3574 4681
6923 2 2 0 1 1242 2880 5065
6924 2 2 0 1 2941 17 4864
6925 2 2 0 1 1513 3148 3668
6926 2 2 0 1 818 2733 4551
6927 2 2 0 1 2859 549 5687
6928 2 2 0 1 487 2766 4387
6929 2 2 0 1 2832 616 4114
6930 2 2 0 1 2692 308 4816
6931 2 2 0 1 1481 2916 4738
6932 2 2 0 1 5073 1865 6050
6933 2 2 0 1 2643 1659 5938
6934 2 2 0 1 2625 4283 6615
6935 2 2 0 1 820 2739 4554
6936 2 2 0 1 1675 5691 5896
6937 2 2 0 1 1169 3495 4177
6938 2 2 0 1 3505 301 4066
6939 2 2 0 1 524 2630 4699
6940 2 2 0 1 1424 3166 4178
6941 2 2 0 1 1085 4088 6503
6942 2 2 0 1 2742 344 4476
6943 2 2 0 1 4918 1824 6146
6944 2 2 0 1 971 3095 6393
6945 2 2 0 1 2684 1440 5956
6946 2 2 0 1 2116 3297 4641
6947 2 2 0 1 913 2698 5198
6948 2 2 0 1 4321 3732 5849
6949 2 2 0 1 546 2669 6589
6950 2 2 0 1 1378 3338 4678
6951 2 2 0 1 1923 2806 6178
6952 2 2 0 1 1019 2878 5690
6953 2 2 0 1 1854 3787 5142
6954 2 2 0 1 308 2692 5349
6955 2 2 0 1 1910 3207 4528
6956 2 2 0 1 3455 2196 6155
6957 2 2 0 1 3628 2479 5505
6958 2 2 0 1 3812 1269 5192
6959 2 2 0 1 2455 3411 5084
6960 2 2 0 1 3676 434 5123
6961 2 2 0 1 3848 1290 4683
6962 2 2 0 1 3882 1782 6201
6963 2 2 0 1 2112 4185 4857
6964 2 2 0 1 2794 469 6571
6965 2 2 0 1 1112 2803 5497
6966 2 2 0 1 938 2656 5730
6967 2 2 0 1 1790 4016 4068
6968 2 2 0 1 2649 1785 5622
6969 2 2 0 1 817 2764 6083
6970 2 2 0 1 982 2916 5114
6971 2 2 0 1 207 4536 4741
6972 2 2 0 1 1184 2797 6406
6973 2 2 0 1 4025 1324 4272
6974 2 2 0 1 1435 2691 4770
6975 2 2 0 1 2824 577 4130
6976 2 2 0 1 246 247 5824
6977 2 2 0 1 3651 1605 4131
6978 2 2 0 1 882 4278 5074
6979 2 2 0 1 3043 1362 4117
6980 2 2 0 1 3141 2025 3712
6981 2 2 0 1 3027 1231 3789
6982 2 2 0 1 3784 1582 4429
6983 2 2 0 1 3367 1184 3968
6984 2 2 0 1 3735 1786 4737
6985 2 2 0 1 2893 1470 5556
6986 2 2 0 1 2756 797 6062
6987 2 2 0 1 2992 1451 4772
6988 2 2 0 1 6053 1240 6242
6989 2 2 0 1 3793 469 6240
6990 2 2 0 1 3749 1597 3975
6991 2 2 0 1 2730 991 4877
6992 2 2 0 1 873 3034 4170
6993 2 2 0 1 1272 2803 4334
6994 2 2 0 1 2691 1435 5967
6995 2 2 0 1 1089 2666 5157
6996 2 2 0 1 2118 5196 6513
6997 2 2 0 1 3256 1497 4372
6998 2 2 0 1 2136 5140 5258
6999 2 2 0 1 2810 1105 5480
7000 2 2 0 1 749 4023 5144
7001 2 2 0 1 1596 2942 5053
7002 2 2 0 1 699 2724 6001
7003 2 2 0 1 3781 1331 3869
7004 2 2 0 1 592 2699 5982
7005 2 2 0 1 5862 961 6248
7006 2 2 0 1 4635 9 4840
7007 2 2 0 1 1020 2826 6405
7008 2 2 0 1 1609 2745 5569
7009 2 2 0 1 2919 1251 4121
7010 2 2 0 1 378 2709 4829
7011 2 2 0 1 3528 1333 3778
7012 2 2 0 1 1858 4807 5844
7013 2 2 0 1 1318 2919 5233
7014 2 2 0 1 3341 2092 4856
7015 2 2 0 1 1599 3746 4665
7016 2 2 0 1 81 82 3538
7017 2 2 0 1 2003 2726 5790
7018 2 2 0 1 2914 1014 4803
7019 2 2 0 1 3192 606 5373
7020 2 2 0 1 3644 1824 4918
7021 2 2 0 1 6023 1912 6644
7022 2 2 0 1 3479 1965 5361
7023 2 2 0 1 1168 3503 4632
7024 2 2 0 1 2989 4775 6110
7025 2 2 0 1 3189 611 3675
7026 2 2 0 1 34 4295 4320
7027 2 2 0 1 2768 892 5407
7028 2 2 0 1 3240 714 5153
7029 2 2 0 1 1264 3251 3635
7030 2 2 0 1 2961 727 4702
7031 2 2 0 1 2818 557 6466
7032 2 2 0 1 3877 1637 4666
7033 2 2 0 1 956 2834 6502
7034 2 2 0 1 1507 4222 5671
7035 2 2 0 1 1264 5792 6026
7036 2 2 0 1 939 2703 6164
7037 2 2 0 1 388 2987 4238
7038 2 2 0 1 1792 4029 4075
7039 2 2 0 1 1598 3630 5198
7040 2 2 0 1 460 2771 6034
7041 2 2 0 1 1133 2975 5889
7042 2 2 0 1 542 3479 5361
7043 2 2 0 1 3955 1537 4594
7044 2 2 0 1 1960 4069 4588
7045 2 2 0 1 1738 3935 4113
7046 2 2 0 1 32 3025 6468
7047 2 2 0 1 1098 2751 5024
7048 2 2 0 1 721 3324 5466
7049 2 2 0 1 2877 1990 6497
7050 2 2 0 1 481 2968 3937
7051 2 2 0 1 3923 788 4311
7052 2 2 0 1 1191 3231 6339
7053 2 2 0 1 1333 3362 5091
7054 2 2 0 1 3693 1797 5735
7055 2 2 0 1 3457 1824 3644
7056 2 2 0 1 2815 1567 4336
7057 2 2 0 1 279 280 6333
7058 2 2 0 1 3594 2175 6432
7059 2 2 0 1 3625 1727 5071
7060 2 2 0 1 2748 1061 6093
7061 2 2 0 1 4094 1005 5867
7062 2 2 0 1 3160 1285 3762
7063 2 2 0 1 2986 481 3937
7064 2 2 0 1 4069 1410 4588
7065 2 2 0 1 2998 961 3858
7066 2 2 0 1 1717 3514 6009
7067 2 2 0 1 1672 2966 6266
7068 2 2 0 1 696 2784 5333
7069 2 2 0 1 1502 2850 6626
7070 2 2 0 1 1833 3195 5574
7071 2 2 0 1 3316 2345 4768
7072 2 2 0 1 2824 1143 6345
7073 2 2 0 1 564 3033 4545
7074 2 2 0 1 2076 4263 6238
7075 2 2 0 1 2115 3257 6344
7076 2 2 0 1 2486 3920 5568
7077 2 2 0 1 3312 940 6458
7078 2 2 0 1 3225 6384 6440
7079 2 2 0 1 1269 3899 5192
7080 2 2 0 1 2818 1504 4270
7081 2 2 0 1 3119 2909 5187
7082 2 2 0 1 137 138 3559
7083 2 2 0 1 1186 3184 3841
7084 2 2 0 1 707 3651 4131
7085 2 2 0 1 229 230 3557
7086 2 2 0 1 4582 2304 4872
7087 2 2 0 1 1187 3186 3844
7088 2 2 0 1 765 2847 6664
7089 2 2 0 1 272 3339 3693
7090 2 2 0 1 3871 2476 5926
7091 2 2 0 1 3705 1466 4199
7092 2 2 0 1 319 3160 3762
7093 2 2 0 1 3225 1075 6384
7094 2 2 0 1 171 172 3694
7095 2 2 0 1 1869 3611 4216
7096 2 2 0 1 3819 2531 6578
7097 2 2 0 1 3706 1743 4049
7098 2 2 0 1 2663 518 4807
7099 2 2 0 1 1461 2746 5861
7100 2 2 0 1 2856 892 5067
7101 2 2 0 1 3470 1714 4605
7102 2 2 0 1 1935 2798 6570
7103 2 2 0 1 1813 5477 5998
7104 2 2 0 1 947 3066 3813
7105 2 2 0 1 3529 1316 3590
7106 2 2 0 1 1569 4582 4872
7107 2 2 0 1 4023 2139 5144
7108 2 2 0 1 1171 2703 4946
7109 2 2 0 1 2807 1752 5573
7110 2 2 0 1 3708 1747 4053
7111 2 2 0 1 3141 727 6261
7112 2 2 0 1 247 3535 5824
7113 2 2 0 1 2046 4285 4510
7114 2 2 0 1 2848 3544 6143
7115 2 2 0 1 1765 2748 6093
7116 2 2 0 1 3843 396 4083
7117 2 2 0 1 94 95 3788
7118 2 2 0 1 4428 2171 5300
7119 2 2 0 1 3439 5618 5875
7120 2 2 0 1 624 3227 3684
7121 2 2 0 1 2729 1615 6104
7122 2 2 0 1 4247 588 4620
7123 2 2 0 1 873 2775 5715
7124 2 2 0 1 3084 1138 4744
7125 2 2 0 1 4597 1891 5653
7126 2 2 0 1 675 2812 4296
7127 2 2 0 1 571 3589 6495
7128 2 2 0 1 1787 3923 4311
7129 2 2 0 1 1338 3529 3590
7130 2 2 0 1 2968 481 4319
7131 2 2 0 1 3052 2020 6657
7132 2 2 0 1 1308 3126 4308
7133 2 2 0 1 1069 3507 5030
7134 2 2 0 1 269 2976 6537
7135 2 2 0 1 3363 1669 4598
7136 2 2 0 1 875 2673 4963
7137 2 2 0 1 199 3045 5589
7138 2 2 0 1 3138 1511 5209
7139 2 2 0 1 2673 875 5137
7140 2 2 0 1 3052 687 5348
7141 2 2 0 1 1989 2927 4138
7142 2 2 0 1 2717 595 5462
7143 2 2 0 1 3083 527 5220
7144 2 2 0 1 4278 2279 5074
7145 2 2 0 1 1659 3843 4083
7146 2 2 0 1 1804 2855 6229
7147 2 2 0 1 2333 3718 6017
7148 2 2 0 1 583 3258 6078
7149 2 2 0 1 2191 3312 6458
7150 2 2 0 1 3071 1040 3850
7151 2 2 0 1 757 3345 5725
7152 2 2 0 1 1214 3535 3895
7153 2 2 0 1 1425 3528 3778
7154 2 2 0 1 2699 1513 5581
7155 2 2 0 1 645 2942 4759
7156 2 2 0 1 2903 103 6282
7157 2 2 0 1 3480 1715 4599
7158 2 2 0 1 957 2802 5797
7159 2 2 0 1 3264 1203 6090
7160 2 2 0 1 5204 2354 6230
7161 2 2 0 1 3028 1300 5016
7162 2 2 0 1 3209 480 4221
7163 2 2 0 1 4010 939 6164
7164 2 2 0 1 2456 5697 6521
7165 2 2 0 1 4569 1432 4695
7166 2 2 0 1 3195 856 5574
7167 2 2 0 1 4457 2618 5743
7168 2 2 0 1 1217 2690 6024
7169 2 2 0 1 4476 2219 6391
7170 2 2 0 1 4536 1893 4741
7171 2 2 0 1 1329 3300 3626
7172 2 2 0 1 5272 1947 6209
7173 2 2 0 1 2771 939 6032
7174 2 2 0 1 545 2960 5667
7175 2 2 0 1 2763 552 6259
7176 2 2 0 1 4845 2554 5738
7177 2 2 0 1 1746 4322 4718
7178 2 2 0 1 1240 3401 6242
7179 2 2 0 1 3161 1521 3690
7180 2 2 0 1 3006 1201 5979
7181 2 2 0 1 4374 6178 6445
7182 2 2 0 1 4593 1606 6484
7183 2 2 0 1 2026 3760 4370
7184 2 2 0 1 2970 4096 5015
7185 2 2 0 1 5237 2255 6662
7186 2 2 0 1 2533 4010 6164
7187 2 2 0 1 2765 1343 4667
7188 2 2 0 1 372 2705 4987
7189 2 2 0 1 954 2799 5734
7190 2 2 0 1 1309 4108 6317
7191 2 2 0 1 2101 3568 6053
7192 2 2 0 1 944 4457 5743
7193 2 2 0 1 973 3111 6420
7194 2 2 0 1 2740 1442 5722
7195 2 2 0 1 4917 2548 5162
7196 2 2 0 1 3324 2251 5466
7197 2 2 0 1 2498 4094 5867
7198 2 2 0 1 3870 590 6161
7199 2 2 0 1 3426 1220 4309
7200 2 2 0 1 3386 1826 3621
7201 2 2 0 1 2968 1267 3937
7202 2 2 0 1 3062 1248 5282
7203 2 2 0 1 3799 1827 4972
7204 2 2 0 1 2966 759 3958
7205 2 2 0 1 2726 4749 5615
7206 2 2 0 1 30 31 4437
7207 2 2 0 1 1117 3440 6471
7208 2 2 0 1 3381 1571 3875
7209 2 2 0 1 1131 3361 3586
7210 2 2 0 1 6424 3442 6483
7211 2 2 0 1 3362 1827 5091
7212 2 2 0 1 1221 2853 4187
7213 2 2 0 1 875 2720 5727
7214 2 2 0 1 2816 1215 4314
7215 2 2 0 1 2025 3141 6261
7216 2 2 0 1 2774 1262 4819
7217 2 2 0 1 3204 715 5316
7218 2 2 0 1 103 2903 4808
7219 2 2 0 1 5586 1719 5869
7220 2 2 0 1 4353 2004 4751
7221 2 2 0 1 774 3853 6494
7222 2 2 0 1 631 3400 6534
7223 2 2 0 1 3713 1625 5482
7224 2 2 0 1 2925 1683 5738
7225 2 2 0 1 6374 443 6528
7226 2 2 0 1 2938 948 4416
7227 2 2 0 1 636 4095 4588
7228 2 2 0 1 650 2940 4072
7229 2 2 0 1 2562 3428 5476
7230 2 2 0 1 1730 2978 5793
7231 2 2 0 1 586 2856 5176
7232 2 2 0 1 5350 2429 6441
7233 2 2 0 1 3178 1586 4851
7234 2 2 0 1 3115 1257 4497
7235 2 2 0 1 1702 3052 5348
7236 2 2 0 1 2706 3407 6362
7237 2 2 0 1 3713 5482 5972
7238 2 2 0 1 59 4506 4801
7239 2 2 0 1 462 3185 4582
7240 2 2 0 1 4775 419 6110
7241 2 2 0 1 1556 2717 5462
7242 2 2 0 1 1500 3350 4454
7243 2 2 0 1 4108 6097 6317
7244 2 2 0 1 701 3021 5081
7245 2 2 0 1 2963 1537 3955
7246 2 2 0 1 990 2735 6068
7247 2 2 0 1 1260 3978 6430
7248 2 2 0 1 1359 2938 4416
7249 2 2 0 1 3053 435 3886
7250 2 2 0 1 4315 395 4684
7251 2 2 0 1 260 261 6617
7252 2 2 0 1 3307 1796 3663
7253 2 2 0 1 5770 1260 6430
7254 2 2 0 1 4856 2092 6046
7255 2 2 0 1 2760 895 5150
7256 2 2 0 1 3767 1581 4869
7257 2 2 0 1 1996 5409 5430
7258 2 2 0 1 703 3026 5086
7259 2 2 0 1 777 3013 4499
7260 2 2 0 1 4959 3711 6489
7261 2 2 0 1 574 2779 5463
7262 2 2 0 1 4281 1894 4302
7263 2 2 0 1 2798 4358 6059
7264 2 2 0 1 1253 3062 5621
7265 2 2 0 1 2788 354 5684
7266 2 2 0 1 1962 3497 4556
7267 2 2 0 1 470 3644 4918
7268 2 2 0 1 497 2785 6184
7269 2 2 0 1 2705 1399 4987
7270 2 2 0 1 1095 2784 4728
7271 2 2 0 1 3530 639 4776
7272 2 2 0 1 4749 1628 5615
7273 2 2 0 1 2743 1486 4921
7274 2 2 0 1 3084 1252 4856
7275 2 2 0 1 2846 1113 4139
7276 2 2 0 1 2743 1244 5435
7277 2 2 0 1 550 2753 5648
7278 2 2 0 1 3623 666 5033
7279 2 2 0 1 1394 4220 6100
7280 2 2 0 1 283 4453 5473
7281 2 2 0 1 1122 2844 5363
7282 2 2 0 1 2063 4315 4684
7283 2 2 0 1 3691 1825 6173
7284 2 2 0 1 443 4073 6528
7285 2 2 0 1 2791 1306 5077
7286 2 2 0 1 911 4602 6518
7287 2 2 0 1 1482 2760 5150
7288 2 2 0 1 130 131 3603
7289 2 2 0 1 982 5114 5655
7290 2 2 0 1 1284 3053 3886
7291 2 2 0 1 1239 3110 4045
7292 2 2 0 1 5469 2310 6543
7293 2 2 0 1 2885 1282 4435
7294 2 2 0 1 478 2834 5498
7295 2 2 0 1 109 110 3601
7296 2 2 0 1 3027 267 3989
7297 2 2 0 1 4113 1829 6119
7298 2 2 0 1 4104 5913 6036
7299 2 2 0 1 4446 2863 5655
7300 2 2 0 1 1141 3607 5720
7301 2 2 0 1 4130 577 5427
7302 2 2 0 1 4276 2083 5765
7303 2 2 0 1 898 2749 5097
7304 2 2 0 1 4325 1952 6526
7305 2 2 0 1 598 3055 3925
7306 2 2 0 1 4725 3293 6379
7307 2 2 0 1 1054 3324 4109
7308 2 2 0 1 1318 4281 4302
7309 2 2 0 1 1291 2844 4414
7310 2 2 0 1 1919 4635 4840
7311 2 2 0 1 2855 355 6229
7312 2 2 0 1 480 3209 6069
7313 2 2 0 1 1502 3269 5575
7314 2 2 0 1 2981 1515 4015
7315 2 2 0 1 653 4015 4465
7316 2 2 0 1 670 3073 4365
7317 2 2 0 1 3076 1595 3859
7318 2 2 0 1 2009 2865 6554
7319 2 2 0 1 1735 4060 5590
7320 2 2 0 1 2821 465 6322
7321 2 2 0 1 3806 1261 6177
7322 2 2 0 1 4095 1960 4588
7323 2 2 0 1 1028 2778 5746
7324 2 2 0 1 1678 2817 4398
7325 2 2 0 1 1274 3689 5881
7326 2 2 0 1 432 4136 5274
7327 2 2 0 1 5593 1910 5822
7328 2 2 0 1 1500 3798 5112
7329 2 2 0 1 563 3819 6578
7330 2 2 0 1 2777 645 4896
7331 2 2 0 1 2795 1001 6127
7332 2 2 0 1 2738 338 5298
7333 2 2 0 1 4489 444 5919
7334 2 2 0 1 3310 1800 3688
7335 2 2 0 1 3981 635 5724
7336 2 2 0 1 4189 612 4561
7337 2 2 0 1 3175 740 4244
7338 2 2 0 1 4374 1923 6178
7339 2 2 0 1 3657 1364 4703
7340 2 2 0 1 4104 680 5913
7341 2 2 0 1 4640 2218 6013
7342 2 2 0 1 1429 3209 4221
7343 2 2 0 1 2968 1019 5690
7344 2 2 0 1 3954 187 5801
7345 2 2 0 1 929 2697 5238
7346 2 2 0 1 3507 1772 5030
7347 2 2 0 1 3423 1977 5397
7348 2 2 0 1 1236 3299 5460
7349 2 2 0 1 1636 3504 4444
7350 2 2 0 1 2888 581 4121
7351 2 2 0 1 646 3178 4851
7352 2 2 0 1 2463 3414 5044
7353 2 2 0 1 5118 2666 5409
7354 2 2 0 1 1295 2768 5407
7355 2 2 0 1 165 166 3594
7356 2 2 0 1 465 3890 6322
7357 2 2 0 1 6367 886 6642
7358 2 2 0 1 3251 1264 6026
7359 2 2 0 1 3885 1063 6655
7360 2 2 0 1 1544 2737 5724
7361 2 2 0 1 433 4145 5283
7362 2 2 0 1 509 2719 5102
7363 2 2 0 1 3073 1413 4365
7364 2 2 0 1 1641 3508 4455
7365 2 2 0 1 119 120 3626
7366 2 2 0 1 862 4917 5162
7367 2 2 0 1 3567 1332 3633
7368 2 2 0 1 2803 1272 5497
7369 2 2 0 1 1509 4568 6213
7370 2 2 0 1 3893 1065 6660
7371 2 2 0 1 623 3236 5890
7372 2 2 0 1 4969 1256 6341
7373 2 2 0 1 180 181 4420
7374 2 2 0 1 2884 1934 6436
7375 2 2 0 1 1890 4761 4939
7376 2 2 0 1 1035 2724 6355
7377 2 2 0 1 1613 2852 5625
7378 2 2 0 1 549 2859 4197
7379 2 2 0 1 2841 476 4764
7380 2 2 0 1 3918 2268 4949
7381 2 2 0 1 2975 1834 5889
7382 2 2 0 1 1905 3826 6123
7383 2 2 0 1 3055 1287 3925
7384 2 2 0 1 437 3572 6218
7385 2 2 0 1 4276 325 4386
7386 2 2 0 1 608 3582 5843
7387 2 2 0 1 4056 1583 5040
7388 2 2 0 1 4741 2472 6186
7389 2 2 0 1 874 2861 6666
7390 2 2 0 1 4301 1883 5613
7391 2 2 0 1 3339 1358 3693
7392 2 2 0 1 1683 4845 5738
7393 2 2 0 1 1270 3368 6149
7394 2 2 0 1 3353 1227 4326
7395 2 2 0 1 1277 3004 3941
7396 2 2 0 1 1353 3567 3633
7397 2 2 0 1 3624 1709 4676
7398 2 2 0 1 2812 1378 6278
7399 2 2 0 1 2808 379 4732
7400 2 2 0 1 3443 1298 3668
7401 2 2 0 1 2944 682 4105
7402 2 2 0 1 4684 2034 6127
7403 2 2 0 1 1624 3146 4981
7404 2 2 0 1 280 5477 6333
7405 2 2 0 1 3305 1364 4397
7406 2 2 0 1 1332 2870 4279
7407 2 2 0 1 1278 3005 3944
7408 2 2 0 1 2697 929 5713
7409 2 2 0 1 1275 2810 5480
7410 2 2 0 1 606 2860 6134
7411 2 2 0 1 5427 577 6156
7412 2 2 0 1 3649 2504 6642
7413 2 2 0 1 2431 3870 6161
7414 2 2 0 1 1492 4360 6585
7415 2 2 0 1 2163 5644 6038
7416 2 2 0 1 185 3208 5152
7417 2 2 0 1 3182 2634 6435
7418 2 2 0 1 1632 4190 5582
7419 2 2 0 1 2770 1496 5649
7420 2 2 0 1 4004 597 5934
7421 2 2 0 1 1682 4338 4988
7422 2 2 0 1 2763 917 5672
7423 2 2 0 1 3146 963 4981
7424 2 2 0 1 5594 506 6066
7425 2 2 0 1 2841 1305 4328
7426 2 2 0 1 4737 685 6675
7427 2 2 0 1 1797 3693 6647
7428 2 2 0 1 3208 1678 5152
7429 2 2 0 1 1846 3484 5120
7430 2 2 0 1 427 3401 5923
7431 2 2 0 1 3760 1158 4370
7432 2 2 0 1 1360 2751 4802
7433 2 2 0 1 1968 3855 6147
7434 2 2 0 1 3048 1735 5564
7435 2 2 0 1 1300 3064 4153
7436 2 2 0 1 2751 573 4802
7437 2 2 0 1 944 2825 4517
7438 2 2 0 1 6101 4113 6119
7439 2 2 0 1 2918 3515 5918
7440 2 2 0 1 1192 3807 4160
7441 2 2 0 1 3999 1619 4012
7442 2 2 0 1 608 2813 4669
7443 2 2 0 1 1976 3588 6265
7444 2 2 0 1 2436 4593 6484
7445 2 2 0 1 4208 1712 5103
7446 2 2 0 1 2735 4737 6675
7447 2 2 0 1 115 116 3822
7448 2 2 0 1 1261 4381 6177
7449 2 2 0 1 337 5118 5409
7450 2 2 0 1 3426 1451 3684
7451 2 2 0 1 424 4428 5300
7452 2 2 0 1 3714 626 4091
7453 2 2 0 1 2978 1080 5793
7454 2 2 0 1 1907 3032 4778
7455 2 2 0 1 347 3284 6492
7456 2 2 0 1 2917 1193 5678
7457 2 2 0 1 3416 2087 4246
7458 2 2 0 1 2746 1118 5861
7459 2 2 0 1 3284 2133 6492
7460 2 2 0 1 2749 1265 4897
7461 2 2 0 1 2813 608 5843
7462 2 2 0 1 702 3048 5564
7463 2 2 0 1 3890 2497 6322
7464 2 2 0 1 177 2755 4814
7465 2 2 0 1 2862 1015 4477
7466 2 2 0 1 2378 2868 6613
7467 2 2 0 1 3928 1270 5699
7468 2 2 0 1 4506 1884 4801
7469 2 2 0 1 3079 1254 6098
7470 2 2 0 1 1153 2871 5358
7471 2 2 0 1 773 4050 6238
7472 2 2 0 1 1591 3840 3886
7473 2 2 0 1 3825 691 4392
7474 2 2 0 1 3932 2259 5739
7475 2 2 0 1 5134 2214 5773
7476 2 2 0 1 2736 4572 5965
7477 2 2 0 1 2348 2894 5471
7478 2 2 0 1 2793 317 4983
7479 2 2 0 1 3181 1324 4025
7480 2 2 0 1 1633 2727 5337
7481 2 2 0 1 3572 2247 6218
7482 2 2 0 1 646 3624 4676
7483 2 2 0 1 1063 4200 6491
7484 2 2 0 1 2796 405 5996
7485 2 2 0 1 3430 486 4240
7486 2 2 0 1 3700 1293 4652
7487 2 2 0 1 4796 2040 5474
7488 2 2 0 1 1530 2755 5254
7489 2 2 0 1 1918 3767 4869
7490 2 2 0 1 5447 1937 5955
7491 2 2 0 1 113 114 3658
7492 2 2 0 1 4801 2519 6207
7493 2 2 0 1 3323 1970 4303
7494 2 2 0 1 1065 4210 6504
7495 2 2 0 1 3794 1472 4419
7496 2 2 0 1 3159 579 4861
7497 2 2 0 1 3021 1636 5081
7498 2 2 0 1 111 2868 4700
7499 2 2 0 1 5571 783 6657
7500 2 2 0 1 2713 529 5043
7501 2 2 0 1 2852 946 5625
7502 2 2 0 1 5188 2277 5482
7503 2 2 0 1 1542 3099 3914
7504 2 2 0 1 1362 3043 4670
7505 2 2 0 1 2171 3993 5820
7506 2 2 0 1 2887 581 4439
7507 2 2 0 1 1367 2864 5853
7508 2 2 0 1 394 2770 4908
7509 2 2 0 1 3256 1416 4195
7510 2 2 0 1 610 2761 4961
7511 2 2 0 1 2770 394 5377
7512 2 2 0 1 3764 985 6403
7513 2 2 0 1 3026 1641 5086
7514 2 2 0 1 2754 1125 6138
7515 2 2 0 1 1107 2738 5071
7516 2 2 0 1 4063 1509 6213
7517 2 2 0 1 3425 1222 5262
7518 2 2 0 1 4227 1771 5425
7519 2 2 0 1 1964 4247 4620
7520 2 2 0 1 1725 3825 4392
7521 2 2 0 1 2241 3242 4828
7522 2 2 0 1 3699 1654 4356
7523 2 2 0 1 1541 3220 4679
7524 2 2 0 1 2889 697 4161
7525 2 2 0 1 2255 4264 5933
7526 2 2 0 1 2959 361 4897
7527 2 2 0 1 585 3256 4195
7528 2 2 0 1 3058 1102 3980
7529 2 2 0 1 4136 2221 5274
7530 2 2 0 1 4572 1699 5965
7531 2 2 0 1 4354 2466 5691
7532 2 2 0 1 2765 1049 5253
7533 2 2 0 1 1675 4354 5691
7534 2 2 0 1 2323 3852 4207
7535 2 2 0 1 1284 2745 6005
7536 2 2 0 1 3220 1129 3851
7537 2 2 0 1 3241 1756 4386
7538 2 2 0 1 1492 3156 5097
7539 2 2 0 1 4190 2373 5582
7540 2 2 0 1 3138 5209 6071
7541 2 2 0 1 3365 2627 6233
7542 2 2 0 1 2999 1211 5814
7543 2 2 0 1 946 2852 4883
7544 2 2 0 1 2119 3425 5262
7545 2 2 0 1 1519 4264 5237
7546 2 2 0 1 3134 750 4902
7547 2 2 0 1 5159 2218 6309
7548 2 2 0 1 3401 2065 5923
7549 2 2 0 1 1676 3210 5194
7550 2 2 0 1 2784 1395 4728
7551 2 2 0 1 4145 2229 5283
7552 2 2 0 1 4482 484 5130
7553 2 2 0 1 2796 1151 6388
7554 2 2 0 1 2791 1008 5398
7555 2 2 0 1 604 3447 3802
7556 2 2 0 1 1691 3114 6077
7557 2 2 0 1 1749 3054 4056
7558 2 2 0 1 847 3699 4356
7559 2 2 0 1 450 3932 5739
7560 2 2 0 1 327 2822 6135
7561 2 2 0 1 1683 4260 5947
7562 2 2 0 1 5425 1771 6158
7563 2 2 0 1 2768 381 6352
7564 2 2 0 1 2937 1106 6098
7565 2 2 0 1 3220 521 4679
7566 2 2 0 1 243 244 3689
7567 2 2 0 1 186 187 3954
7568 2 2 0 1 3447 1352 3802
7569 2 2 0 1 3234 2382 4882
7570 2 2 0 1 1158 3594 6432
7571 2 2 0 1 537 3521 5805
7572 2 2 0 1 3345 1867 4786
7573 2 2 0 1 317 3445 4595
7574 2 2 0 1 411 3405 3575
7575 2 2 0 1 379 2808 5183
7576 2 2 0 1 1473 3726 5982
7577 2 2 0 1 271 272 3693
7578 2 2 0 1 658 2919 4302
7579 2 2 0 1 892 2768 5067
7580 2 2 0 1 2877 830 6390
7581 2 2 0 1 927 2829 4964
7582 2 2 0 1 830 3924 5833
7583 2 2 0 1 421 3181 4025
7584 2 2 0 1 669 4426 6141
7585 2 2 0 1 206 4741 6186
7586 2 2 0 1 2849 1149 4426
7587 2 2 0 1 1392 3287 6649
7588 2 2 0 1 818 4551 5368
7589 2 2 0 1 1103 2770 5649
7590 2 2 0 1 2858 40 5745
7591 2 2 0 1 3124 545 5667
7592 2 2 0 1 2573 1454 4922
7593 2 2 0 1 2787 5594 6066
7594 2 2 0 1 2989 1395 4775
7595 2 2 0 1 1776 4024 4394
7596 2 2 0 1 3114 1200 4293
7597 2 2 0 1 2836 707 4752
7598 2 2 0 1 5550 2401 6431
7599 2 2 0 1 1605 3714 4091
7600 2 2 0 1 3106 718 6234
7601 2 2 0 1 1505 2831 6404
7602 2 2 0 1 1510 3430 4240
7603 2 2 0 1 2895 1076 4442
7604 2 2 0 1 820 4554 5372
7605 2 2 0 1 4344 1818 4989
7606 2 2 0 1 3066 2664 5334
7607 2 2 0 1 3580 605 6632
7608 2 2 0 1 4010 2533 5733
7609 2 2 0 1 3473 3029 6555
7610 2 2 0 1 3782 1879 5027
7611 2 2 0 1 5315 694 6175
7612 2 2 0 1 495 3909 6552
7613 2 2 0 1 2773 4969 6341
7614 2 2 0 1 2978 413 4116
7615 2 2 0 1 985 3764 5140
7616 2 2 0 1 1736 3794 4419
7617 2 2 0 1 4036 1596 5053
7618 2 2 0 1 429 4154 4899
7619 2 2 0 1 2427 2873 6383
7620 2 2 0 1 1567 2815 5723
7621 2 2 0 1 151 2866 4577
7622 2 2 0 1 2376 4323 5200
7623 2 2 0 1 2835 1203 6208
7624 2 2 0 1 3210 342 5194
7625 2 2 0 1 667 2885 4435
7626 2 2 0 1 1292 3113 5498
7627 2 2 0 1 3328 1368 4307
7628 2 2 0 1 1289 3294 5986
7629 2 2 0 1 2395 4004 5934
7630 2 2 0 1 3265 1301 5031
7631 2 2 0 1 3191 1794 4256
7632 2 2 0 1 3807 1649 4160
7633 2 2 0 1 2764 1631 5654
7634 2 2 0 1 388 2916 6522
7635 2 2 0 1 491 3896 6004
7636 2 2 0 1 510 4119 5522
7637 2 2 0 1 258 259 3829
7638 2 2 0 1 3049 1319 4128
7639 2 2 0 1 306 2774 5518
7640 2 2 0 1 4978 1695 6477
7641 2 2 0 1 1391 3835 4395
7642 2 2 0 1 2057 4036 5053
7643 2 2 0 1 1798 2882 6540
7644 2 2 0 1 1482 3315 6315
7645 2 2 0 1 2419 3764 6403
7646 2 2 0 1 3274 819 6124
7647 2 2 0 1 4462 2150 4776
7648 2 2 0 1 1840 2854 4515
7649 2 2 0 1 4631 1895 4861
7650 2 2 0 1 3754 1772 5127
7651 2 2 0 1 3338 367 5101
7652 2 2 0 1 1155 3165 3862
7653 2 2 0 1 552 3032 4162
7654 2 2 0 1 5215 2579 6253
7655 2 2 0 1 3251 684 3889
7656 2 2 0 1 2013 3581 3966
7657 2 2 0 1 3519 618 3827
7658 2 2 0 1 1659 4083 6675
7659 2 2 0 1 766 3435 5530
7660 2 2 0 1 3274 1241 6279
7661 2 2 0 1 2840 2180 6505
7662 2 2 0 1 338 2738 5400
7663 2 2 0 1 5352 1048 6510
7664 2 2 0 1 4800 1492 6585
7665 2 2 0 1 1721 4462 4776
7666 2 2 0 1 2917 525 4352
7667 2 2 0 1 1048 2986 5912
7668 2 2 0 1 3711 836 6364
7669 2 2 0 1 1614 2959 4196
7670 2 2 0 1 2984 1289 4767
7671 2 2 0 1 2783 1136 4976
7672 2 2 0 1 2792 604 5759
7673 2 2 0 1 1233 3015 4080
7674 2 2 0 1 1753 3487 4268
7675 2 2 0 1 1008 2791 5077
7676 2 2 0 1 5041 1976 6265
7677 2 2 0 1 3476 1293 3700
7678 2 2 0 1 3091 733 4980
7679 2 2 0 1 1718 2820 5242
7680 2 2 0 1 2370 4339 5215
7681 2 2 0 1 3926 1653 4378
7682 2 2 0 1 1477 4798 5146
7683 2 2 0 1 2570 1490 5122
7684 2 2 0 1 520 3097 6231
7685 2 2 0 1 182 183 4388
7686 2 2 0 1 3276 375 6160
7687 2 2 0 1 1326 3999 4012
7688 2 2 0 1 380 3442 6424
7689 2 2 0 1 2482 2982 5362
7690 2 2 0 1 448 3309 4505
7691 2 2 0 1 567 2996 4422
7692 2 2 0 1 3770 983 4001
7693 2 2 0 1 3840 1284 3886
7694 2 2 0 1 2773 554 4969
7695 2 2 0 1 4507 2234 6517
7696 2 2 0 1 1471 3336 6361
7697 2 2 0 1 1370 3000 4558
7698 2 2 0 1 2814 496 4822
7699 2 2 0 1 474 2769 5103
7700 2 2 0 1 1344 4013 5887
7701 2 2 0 1 3500 2541 4586
7702 2 2 0 1 1792 4518 4809
7703 2 2 0 1 2987 1229 4238
7704 2 2 0 1 2804 890 5293
7705 2 2 0 1 5320 1665 5404
7706 2 2 0 1 3747 2129 4672
7707 2 2 0 1 1257 2824 6285
7708 2 2 0 1 3534 1420 4701
7709 2 2 0 1 3928 428 4739
7710 2 2 0 1 1281 3309 3811
7711 2 2 0 1 1494 3887 4508
7712 2 2 0 1 832 4749 5671
7713 2 2 0 1 505 3044 4067
7714 2 2 0 1 5200 2574 6246
7715 2 2 0 1 159 160 3697
7716 2 2 0 1 1626 2796 5055
7717 2 2 0 1 2844 1291 5363
7718 2 2 0 1 2815 1170 6136
7719 2 2 0 1 3575 1770 5202
7720 2 2 0 1 58 4801 6207
7721 2 2 0 1 4518 485 4809
7722 2 2 0 1 499 3029 6041
7723 2 2 0 1 4264 2255 5237
7724 2 2 0 1 1336 4101 5684
7725 2 2 0 1 938 4077 5063
7726 2 2 0 1 1852 3498 5276
7727 2 2 0 1 3943 2506 5686
7728 2 2 0 1 2826 1397 6405
7729 2 2 0 1 3421 823 4188
7730 2 2 0 1 1540 3788 4026
7731 2 2 0 1 1387 4107 4229
7732 2 2 0 1 2141 3357 4720
7733 2 2 0 1 3400 631 4463
7734 2 2 0 1 1853 3499 5278
7735 2 2 0 1 3314 915 4891
7736 2 2 0 1 556 4079 6149
7737 2 2 0 1 4417 1327 6107
7738 2 2 0 1 496 2814 5302
7739 2 2 0 1 532 2910 4400
7740 2 2 0 1 33 34 4320
7741 2 2 0 1 1483 2582 5070
7742 2 2 0 1 2996 1267 4422
7743 2 2 0 1 1267 2996 5912
7744 2 2 0 1 1548 2813 5843
7745 2 2 0 1 3876 765 5083
7746 2 2 0 1 1484 2583 5072
7747 2 2 0 1 3852 695 4207
7748 2 2 0 1 1761 3338 5101
7749 2 2 0 1 3054 996 4056
7750 2 2 0 1 2760 19 5268
7751 2 2 0 1 4078 1872 4780
7752 2 2 0 1 130 3603 3805
7753 2 2 0 1 2852 580 4658
7754 2 2 0 1 2057 2777 6030
7755 2 2 0 1 3421 2588 5720
7756 2 2 0 1 1685 4314 6000
7757 2 2 0 1 1256 4969 6548
7758 2 2 0 1 1513 3012 6319
7759 2 2 0 1 483 2882 6291
7760 2 2 0 1 91 92 3742
7761 2 2 0 1 2817 1678 5936
7762 2 2 0 1 3692 1453 3702
7763 2 2 0 1 581 2887 5233
7764 2 2 0 1 3581 1180 3966
7765 2 2 0 1 1443 4402 6645
7766 2 2 0 1 2902 261 4610
7767 2 2 0 1 3141 3997 5957
7768 2 2 0 1 1357 2915 4705
7769 2 2 0 1 1138 3084 4058
7770 2 2 0 1 1727 3467 5071
7771 2 2 0 1 1560 2832 5521
7772 2 2 0 1 713 3111 6227
7773 2 2 0 1 19 2760 6382
7774 2 2 0 1 596 3191 4256
7775 2 2 0 1 1753 4268 4893
7776 2 2 0 1 1071 2875 6015
7777 2 2 0 1 2231 5189 5288
7778 2 2 0 1 2033 3369 5493
7779 2 2 0 1 385 3419 4294
7780 2 2 0 1 2818 1397 5281
7781 2 2 0 1 2289 2785 5583
7782 2 2 0 1 3349 1954 4280
7783 2 2 0 1 3290 1396 4158
7784 2 2 0 1 4253 1797 6647
7785 2 2 0 1 1481 3191 4731
7786 2 2 0 1 3015 1503 5220
7787 2 2 0 1 2825 346 5637
7788 2 2 0 1 2944 3556 5479
7789 2 2 0 1 2854 1840 6219
7790 2 2 0 1 174 3261 6191
7791 2 2 0 1 383 3290 4158
7792 2 2 0 1 1576 4250 5027
7793 2 2 0 1 3986 1224 6564
7794 2 2 0 1 1415 3490 4859
7795 2 2 0 1 2912 1091 4470
7796 2 2 0 1 3129 1048 5970
7797 2 2 0 1 2872 2217 5974
7798 2 2 0 1 3333 375 5429
7799 2 2 0 1 1846 2877 6390
7800 2 2 0 1 590 3335 4500
7801 2 2 0 1 5326 316 5829
7802 2 2 0 1 2898 65 4686
7803 2 2 0 1 356 3512 4529
7804 2 2 0 1 1014 3226 4803
7805 2 2 0 1 481 3176 4319
7806 2 2 0 1 978 2830 4952
7807 2 2 0 1 2900 213 4687
7808 2 2 0 1 1068 3081 5476
7809 2 2 0 1 827 3798 5837
7810 2 2 0 1 3011 1250 5025
7811 2 2 0 1 709 3095 6216
7812 2 2 0 1 4140 1847 4451
7813 2 2 0 1 1667 5385 5864
7814 2 2 0 1 2829 927 4873
7815 2 2 0 1 2023 3274 6124
7816 2 2 0 1 1076 2895 6293
7817 2 2 0 1 606 3161 5373
7818 2 2 0 1 3240 2507 4956
7819 2 2 0 1 3279 1635 5051
7820 2 2 0 1 656 4434 5122
7821 2 2 0 1 2882 1798 6291
7822 2 2 0 1 3923 3320 5318
7823 2 2 0 1 4678 3338 5804
7824 2 2 0 1 2919 1318 4302
7825 2 2 0 1 3498 1127 5276
7826 2 2 0 1 1246 3124 5667
7827 2 2 0 1 3692 1303 5207
7828 2 2 0 1 618 3303 3827
7829 2 2 0 1 602 2838 4799
7830 2 2 0 1 1244 3013 4149
7831 2 2 0 1 1570 3134 3974
7832 2 2 0 1 3798 2186 5837
7833 2 2 0 1 3499 1128 5278
7834 2 2 0 1 2863 1369 6525
7835 2 2 0 1 1719 3770 4001
7836 2 2 0 1 981 3040 4330
7837 2 2 0 1 1162 2894 6226
7838 2 2 0 1 1849 4125 4691
7839 2 2 0 1 612 3150 4561
7840 2 2 0 1 5068 2945 5721
7841 2 2 0 1 1312 3251 3889
7842 2 2 0 1 1397 2818 6466
7843 2 2 0 1 1305 2841 4764
7844 2 2 0 1 1470 2838 5168
7845 2 2 0 1 1850 4126 4693
7846 2 2 0 1 4083 2735 6675
7847 2 2 0 1 2871 1153 4792
7848 2 2 0 1 2998 1820 6248
7849 2 2 0 1 1198 3460 4071
7850 2 2 0 1 599 3007 6025
7851 2 2 0 1 5033 1922 5565
7852 2 2 0 1 4020 423 5001
7853 2 2 0 1 1245 3322 5353
7854 2 2 0 1 5419 1936 5884
7855 2 2 0 1 2099 3954 5801
7856 2 2 0 1 3495 1940 4177
7857 2 2 0 1 4354 721 5466
7858 2 2 0 1 299 2907 4719
7859 2 2 0 1 2823 787 6223
7860 2 2 0 1 2838 602 5168
7861 2 2 0 1 3887 1775 4508
7862 2 2 0 1 723 3440 4350
7863 2 2 0 1 2548 4266 5162
7864 2 2 0 1 1497 3256 4562
7865 2 2 0 1 2815 704 5723
7866 2 2 0 1 3000 611 4558
7867 2 2 0 1 101 102 3767
7868 2 2 0 1 365 3049 4128
7869 2 2 0 1 2079 3257 6609
7870 2 2 0 1 1015 2862 5312
7871 2 2 0 1 2904 1367 5853
7872 2 2 0 1 370 4950 5019
7873 2 2 0 1 4185 349 6334
7874 2 2 0 1 1413 3073 4405
7875 2 2 0 1 1363 3720 3724
7876 2 2 0 1 2835 517 6090
7877 2 2 0 1 1646 3289 5021
7878 2 2 0 1 1252 3341 4856
7879 2 2 0 1 200 201 4629
7880 2 2 0 1 4551 2510 5368
7881 2 2 0 1 1303 3692 3702
7882 2 2 0 1 2942 2353 4759
7883 2 2 0 1 3398 1248 5672
7884 2 2 0 1 398 2939 5190
7885 2 2 0 1 52 53 4825
7886 2 2 0 1 554 2773 6251
7887 2 2 0 1 3097 1950 6231
7888 2 2 0 1 2498 4893 6211
7889 2 2 0 1 1575 3125 4040
7890 2 2 0 1 4554 2514 5372
7891 2 2 0 1 77 78 5659
7892 2 2 0 1 1871 3129 5970
7893 2 2 0 1 2915 1032 4977
7894 2 2 0 1 225 226 5662
7895 2 2 0 1 1812 4316 5586
7896 2 2 0 1 1565 3400 4463
7897 2 2 0 1 1415 4347 4886
7898 2 2 0 1 3256 585 4562
7899 2 2 0 1 1236 3038 4096
7900 2 2 0 1 1914 3928 4739
7901 2 2 0 1 3208 186 3954
7902 2 2 0 1 3001 1696 4218
7903 2 2 0 1 3159 1259 5712
7904 2 2 0 1 1848 3346 5559
7905 2 2 0 1 1570 3755 5155
7906 2 2 0 1 1615 2902 4610
7907 2 2 0 1 707 2836 5392
7908 2 2 0 1 2319 3044 4716
7909 2 2 0 1 4189 2103 5113
7910 2 2 0 1 4872 661 6084
7911 2 2 0 1 2982 462 5362
7912 2 2 0 1 3157 1938 6568
7913 2 2 0 1 3257 1238 6609
7914 2 2 0 1 4024 1411 4394
7915 2 2 0 1 3280 1073 5931
7916 2 2 0 1 3439 569 5618
7917 2 2 0 1 1189 4021 6196
7918 2 2 0 1 3029 1855 6041
7919 2 2 0 1 4494 1724 6429
7920 2 2 0 1 5732 3146 5890
7921 2 2 0 1 1941 3189 4085
7922 2 2 0 1 3470 1346 3884
7923 2 2 0 1 2881 1157 4608
7924 2 2 0 1 129 130 3805
7925 2 2 0 1 2074 3689 6531
7926 2 2 0 1 1303 3702 5422
7927 2 2 0 1 2833 378 4779
7928 2 2 0 1 2829 1330 4964
7929 2 2 0 1 3400 4853 6534
7930 2 2 0 1 2462 4811 6170
7931 2 2 0 1 2879 990 5029
7932 2 2 0 1 3440 1509 4350
7933 2 2 0 1 772 3618 4986
7934 2 2 0 1 40 2858 5527
7935 2 2 0 1 1255 3152 4050
7936 2 2 0 1 172 173 6476
7937 2 2 0 1 988 2853 5000
7938 2 2 0 1 3289 331 5021
7939 2 2 0 1 605 3580 3746
7940 2 2 0 1 1392 4140 4451
7941 2 2 0 1 2302 4073 6153
7942 2 2 0 1 4393 667 5989
7943 2 2 0 1 2864 1367 5741
7944 2 2 0 1 539 2931 6363
7945 2 2 0 1 3139 1414 6043
7946 2 2 0 1 1261 2934 4381
7947 2 2 0 1 587 3856 6380
7948 2 2 0 1 4025 1596 4036
7949 2 2 0 1 2957 1774 6121
7950 2 2 0 1 3224 1495 4639
7951 2 2 0 1 3752 1909 5670
7952 2 2 0 1 3983 2179 5065
7953 2 2 0 1 3806 878 3860
7954 2 2 0 1 2915 575 4705
7955 2 2 0 1 384 2957 6121
7956 2 2 0 1 1873 3511 5506
7957 2 2 0 1 2037 3071 4174
7958 2 2 0 1 3382 564 4382
7959 2 2 0 1 12 2810 6330
7960 2 2 0 1 2987 388 6522
7961 2 2 0 1 1831 3628 5505
7962 2 2 0 1 4826 1420 5437
7963 2 2 0 1 1926 2892 6220
7964 2 2 0 1 2865 1428 6606
7965 2 2 0 1 2868 1620 4700
7966 2 2 0 1 4532 1754 4629
7967 2 2 0 1 3582 4805 5843
7968 2 2 0 1 4198 2492 6492
7969 2 2 0 1 1282 2885 6526
7970 2 2 0 1 3348 1098 6014
7971 2 2 0 1 543 3983 5065
7972 2 2 0 1 4027 1573 4799
7973 2 2 0 1 3420 2303 5275
7974 2 2 0 1 3106 970 6498
7975 2 2 0 1 559 3376 3985
7976 2 2 0 1 5749 3580 6632
7977 2 2 0 1 4783 1167 5614
7978 2 2 0 1 3346 420 5559
7979 2 2 0 1 3042 1054 4228
7980 2 2 0 1 604 3224 4639
7981 2 2 0 1 2916 1481 5114
7982 2 2 0 1 4150 1843 4723
7983 2 2 0 1 1790 4482 5130
7984 2 2 0 1 2129 4355 5263
7985 2 2 0 1 1299 3617 5105
7986 2 2 0 1 1385 3222 4176
7987 2 2 0 1 3001 1050 5552
7988 2 2 0 1 2992 1223 4430
7989 2 2 0 1 1799 3159 5712
7990 2 2 0 1 2860 1521 6134
7991 2 2 0 1 3191 596 4731
7992 2 2 0 1 4141 1361 4165
7993 2 2 0 1 148 149 4176
7994 2 2 0 1 2312 3752 5670
7995 2 2 0 1 867 3028 5016
7996 2 2 0 1 123 124 3830
7997 2 2 0 1 3620 366 4654
7998 2 2 0 1 1364 3657 4397
7999 2 2 0 1 667 4054 5989
8000 2 2 0 1 1364 4303 4703
8001 2 2 0 1 430 3935 4938
8002 2 2 0 1 4436 651 5070
8003 2 2 0 1 3529 1338 4889
8004 2 2 0 1 3469 728 5306
8005 2 2 0 1 1414 4538 6584
8006 2 2 0 1 4438 652 5072
8007 2 2 0 1 2879 510 4683
8008 2 2 0 1 1375 3945 4514
8009 2 2 0 1 3580 1533 3746
8010 2 2 0 1 2199 3512 4408
8011 2 2 0 1 3490 1428 4859
8012 2 2 0 1 1834 2975 4219
8013 2 2 0 1 3979 2147 5008
8014 2 2 0 1 534 2892 6481
8015 2 2 0 1 67 68 4191
8016 2 2 0 1 215 216 4192
8017 2 2 0 1 2926 1137 6194
8018 2 2 0 1 3024 2369 4464
8019 2 2 0 1 3720 1394 3724
8020 2 2 0 1 3198 1791 4628
8021 2 2 0 1 461 3030 4345
8022 2 2 0 1 1608 3806 3860
8023 2 2 0 1 1516 2869 5450
8024 2 2 0 1 761 3381 3875
8025 2 2 0 1 493 3940 5907
8026 2 2 0 1 296 297 4211
8027 2 2 0 1 2326 4844 5265
8028 2 2 0 1 600 3037 6290
8029 2 2 0 1 487 4387 4865
8030 2 2 0 1 1218 3041 4284
8031 2 2 0 1 1029 2954 4583
8032 2 2 0 1 4850 2308 6291
8033 2 2 0 1 1166 2845 5079
8034 2 2 0 1 1931 2987 6522
8035 2 2 0 1 2275 3489 5661
8036 2 2 0 1 1231 2859 5687
8037 2 2 0 1 584 3237 4030
8038 2 2 0 1 1606 4593 4750
8039 2 2 0 1 3376 1367 3985
8040 2 2 0 1 3542 1928 5538
8041 2 2 0 1 1556 2973 4517
8042 2 2 0 1 5246 2568 6099
8043 2 2 0 1 766 4999 5281
8044 2 2 0 1 1129 3220 5475
8045 2 2 0 1 3603 1449 3805
8046 2 2 0 1 2230 3541 5539
8047 2 2 0 1 1543 2799 5457
8048 2 2 0 1 3373 5289 6227
8049 2 2 0 1 302 5204 6230
8050 2 2 0 1 4681 810 5459
8051 2 2 0 1 3913 1614 4196
8052 2 2 0 1 3494 995 6170
8053 2 2 0 1 2061 3709 5106
8054 2 2 0 1 5728 743 6400
8055 2 2 0 1 4111 1299 4380
8056 2 2 0 1 370 3200 4950
8057 2 2 0 1 2973 944 4517
8058 2 2 0 1 1990 2877 6350
8059 2 2 0 1 1324 3473 4272
8060 2 2 0 1 3053 1284 4239
8061 2 2 0 1 4764 476 5694
8062 2 2 0 1 1868 2874 5683
8063 2 2 0 1 3618 1997 4986
8064 2 2 0 1 1554 2802 5483
8065 2 2 0 1 2240 4342 5347
8066 2 2 0 1 3351 613 4951
8067 2 2 0 1 17 18 4864
8068 2 2 0 1 1368 3597 4307
8069 2 2 0 1 1456 3680 4466
8070 2 2 0 1 2813 940 6040
8071 2 2 0 1 2843 613 5560
8072 2 2 0 1 1646 5732 5890
8073 2 2 0 1 4969 2786 6548
8074 2 2 0 1 3340 5264 6216
8075 2 2 0 1 1208 2962 4407
8076 2 2 0 1 2961 1578 5547
8077 2 2 0 1 3237 1312 4030
8078 2 2 0 1 4090 2269 5731
8079 2 2 0 1 111 112 6613
8080 2 2 0 1 3467 1107 5071
8081 2 2 0 1 1356 4566 6106
8082 2 2 0 1 893 2989 5876
8083 2 2 0 1 2948 538 4349
8084 2 2 0 1 1198 3979 5008
8085 2 2 0 1 3261 1943 6191
8086 2 2 0 1 2870 1448 6461
8087 2 2 0 1 1136 2890 4898
8088 2 2 0 1 4394 1411 6139
8089 2 2 0 1 2242 2851 5502
8090 2 2 0 1 1768 5132 5855
8091 2 2 0 1 692 4714 6111
8092 2 2 0 1 370 5019 5388
8093 2 2 0 1 189 190 3855
8094 2 2 0 1 817 3542 5538
8095 2 2 0 1 1317 3729 5635
8096 2 2 0 1 3179 256 5345
8097 2 2 0 1 2880 543 5065
8098 2 2 0 1 1369 2863 4996
8099 2 2 0 1 3242 700 5555
8100 2 2 0 1 2406 3890 6611
8101 2 2 0 1 1596 4025 4272
8102 2 2 0 1 1591 3831 4122
8103 2 2 0 1 2864 446 5853
8104 2 2 0 1 3950 1020 5287
8105 2 2 0 1 5385 2590 5864
8106 2 2 0 1 2961 1062 6460
8107 2 2 0 1 2252 4450 5223
8108 2 2 0 1 2876 992 6486
8109 2 2 0 1 1772 3507 5127
8110 2 2 0 1 2851 979 5524
8111 2 2 0 1 3108 851 4206
8112 2 2 0 1 3709 775 5106
8113 2 2 0 1 4226 1507 5671
8114 2 2 0 1 3025 33 4320
8115 2 2 0 1 1692 3399 5157
8116 2 2 0 1 1174 2969 4489
8117 2 2 0 1 1859 3469 5306
8118 2 2 0 1 3511 738 5506
8119 2 2 0 1 3052 1702 4404
8120 2 2 0 1 2887 1318 5233
8121 2 2 0 1 3962 1328 5940
8122 2 2 0 1 4019 1586 4842
8123 2 2 0 1 2040 4796 6373
8124 2 2 0 1 163 164 4093
8125 2 2 0 1 1545 5246 5777
8126 2 2 0 1 3023 2135 4326
8127 2 2 0 1 4916 1344 5887
8128 2 2 0 1 3013 1244 4499
8129 2 2 0 1 4147 1282 6036
8130 2 2 0 1 2822 1539 6135
8131 2 2 0 1 3732 1317 5635
8132 2 2 0 1 2886 1567 5723
8133 2 2 0 1 2290 3046 5173
8134 2 2 0 1 2869 933 5450
8135 2 2 0 1 2002 3607 6151
8136 2 2 0 1 27 28 5469
8137 2 2 0 1 2928 2099 5801
8138 2 2 0 1 2858 2100 5527
8139 2 2 0 1 4021 2239 6196
8140 2 2 0 1 267 268 3989
8141 2 2 0 1 2862 1988 6249
8142 2 2 0 1 3210 1676 4115
8143 2 2 0 1 2775 4924 5715
8144 2 2 0 1 1138 3595 4744
8145 2 2 0 1 4846 746 6629
8146 2 2 0 1 4059 304 4617
8147 2 2 0 1 3008 1246 4371
8148 2 2 0 1 3875 1344 4471
8149 2 2 0 1 3012 592 4402
8150 2 2 0 1 115 3822 5525
8151 2 2 0 1 2850 397 6626
8152 2 2 0 1 4462 1721 4825
8153 2 2 0 1 3104 1302 4774
8154 2 2 0 1 1176 2897 4882
8155 2 2 0 1 421 4025 4036
8156 2 2 0 1 3507 390 5127
8157 2 2 0 1 147 3222 6412
8158 2 2 0 1 545 3674 3772
8159 2 2 0 1 2216 3135 4833
8160 2 2 0 1 5155 3755 6472
8161 2 2 0 1 1706 3443 5007
8162 2 2 0 1 594 3077 4657
8163 2 2 0 1 961 2998 6248
8164 2 2 0 1 649 2878 5294
8165 2 2 0 1 3234 1072 5269
8166 2 2 0 1 3443 320 5007
8167 2 2 0 1 4656 776 4948
8168 2 2 0 1 4538 1414 4934
8169 2 2 0 1 3074 1887 4379
8170 2 2 0 1 4589 2207 5802
8171 2 2 0 1 2923 368 6478
8172 2 2 0 1 737 3090 4212
8173 2 2 0 1 2906 1387 6658
8174 2 2 0 1 3077 1440 4657
8175 2 2 0 1 4929 2433 5090
8176 2 2 0 1 3577 1526 5056
8177 2 2 0 1 3480 1345 4152
8178 2 2 0 1 4133 716 4774
8179 2 2 0 1 4450 570 5223
8180 2 2 0 1 411 3575 5202
8181 2 2 0 1 5789 3756 6179
8182 2 2 0 1 295 3230 6464
8183 2 2 0 1 3568 2528 6053
8184 2 2 0 1 3214 2532 4788
8185 2 2 0 1 3034 873 5715
8186 2 2 0 1 482 4667 4984
8187 2 2 0 1 525 2853 5380
8188 2 2 0 1 840 3969 5478
8189 2 2 0 1 1124 3496 4966
8190 2 2 0 1 2886 1100 5562
8191 2 2 0 1 3816 1953 3881
8192 2 2 0 1 2979 634 4504
8193 2 2 0 1 158 159 5125
8194 2 2 0 1 3032 1907 6455
8195 2 2 0 1 3332 128 5895
8196 2 2 0 1 3073 670 4257
8197 2 2 0 1 3008 759 6388
8198 2 2 0 1 4667 2261 4984
8199 2 2 0 1 4342 569 5347
8200 2 2 0 1 2832 896 5521
8201 2 2 0 1 2850 1605 5111
8202 2 2 0 1 2903 1581 4808
8203 2 2 0 1 1769 4141 4165
8204 2 2 0 1 1036 4484 5987
8205 2 2 0 1 450 3433 5553
8206 2 2 0 1 671 3470 3884
8207 2 2 0 1 1672 4929 5090
8208 2 2 0 1 1491 3354 3934
8209 2 2 0 1 1428 3270 4797
8210 2 2 0 1 1215 3816 3881
8211 2 2 0 1 79 80 5737
8212 2 2 0 1 3254 617 4384
8213 2 2 0 1 4122 1355 4994
8214 2 2 0 1 3437 1505 4441
8215 2 2 0 1 1779 3242 5555
8216 2 2 0 1 3331 1025 5404
8217 2 2 0 1 105 106 3901
8218 2 2 0 1 3787 854 6244
8219 2 2 0 1 1201 3090 5850
8220 2 2 0 1 4239 1284 6005
8221 2 2 0 1 1466 2922 6446
8222 2 2 0 1 56 2844 6509
8223 2 2 0 1 4347 1952 4886
8224 2 2 0 1 283 284 4453
8225 2 2 0 1 4304 1354 5126
8226 2 2 0 1 237 238 4076
8227 2 2 0 1 1956 3117 6470
8228 2 2 0 1 678 3786 5591
8229 2 2 0 1 525 2917 5678
8230 2 2 0 1 188 2928 5801
8231 2 2 0 1 1238 3257 4079
8232 2 2 0 1 53 54 4462
8233 2 2 0 1 1027 2932 5075
8234 2 2 0 1 3924 2613 5833
8235 2 2 0 1 3013 1522 5212
8236 2 2 0 1 2977 1616 4452
8237 2 2 0 1 1181 3032 6455
8238 2 2 0 1 2268 3300 4132
8239 2 2 0 1 453 4213 5382
8240 2 2 0 1 3246 69 6592
8241 2 2 0 1 2926 379 4769
8242 2 2 0 1 3247 217 6594
8243 2 2 0 1 684 3913 4196
8244 2 2 0 1 3474 629 4578
8245 2 2 0 1 4714 2816 6111
8246 2 2 0 1 663 3811 4074
8247 2 2 0 1 627 3448 4522
8248 2 2 0 1 4627 1932 6139
8249 2 2 0 1 3096 1268 4186
8250 2 2 0 1 672 3301 5958
8251 2 2 0 1 2912 570 6162
8252 2 2 0 1 5697 1964 6521
8253 2 2 0 1 3674 1633 3772
8254 2 2 0 1 3977 372 6095
8255 2 2 0 1 967 3064 6292
8256 2 2 0 1 3498 79 5737
8257 2 2 0 1 3479 2538 6027
8258 2 2 0 1 2989 1750 5876
8259 2 2 0 1 4474 1765 5721
8260 2 2 0 1 918 3952 5206
8261 2 2 0 1 2937 2019 4955
8262 2 2 0 1 3915 1348 5329
8263 2 2 0 1 461 4345 6584
8264 2 2 0 1 619 3022 4552
8265 2 2 0 1 4167 702 5564
8266 2 2 0 1 5246 2484 5777
8267 2 2 0 1 2068 2861 5350
8268 2 2 0 1 934 2918 5918
8269 2 2 0 1 801 3475 5881
8270 2 2 0 1 906 5215 6253
8271 2 2 0 1 782 3854 4916
8272 2 2 0 1 4288 1390 4888
8273 2 2 0 1 1820 2998 6462
8274 2 2 0 1 3199 993 4120
8275 2 2 0 1 2160 3785 6124
8276 2 2 0 1 2897 1176 4939
8277 2 2 0 1 3077 3444 5695
8278 2 2 0 1 452 2893 5556
8279 2 2 0 1 1320 3795 5143
8280 2 2 0 1 4241 1382 4337
8281 2 2 0 1 116 117 3918
8282 2 2 0 1 3229 1419 4527
8283 2 2 0 1 3773 1323 4951
8284 2 2 0 1 5019 2682 5388
8285 2 2 0 1 1320 3739 3795
8286 2 2 0 1 4239 6005 6351
8287 2 2 0 1 1468 3390 3950
8288 2 2 0 1 2399 4764 5694
8289 2 2 0 1 3663 1796 6276
8290 2 2 0 1 3471 1286 5153
8291 2 2 0 1 593 3063 4697
8292 2 2 0 1 378 2833 5841
8293 2 2 0 1 476 2929 6123
8294 2 2 0 1 3117 1000 6470
8295 2 2 0 1 164 165 5273
8296 2 2 0 1 4400 2163 6038
8297 2 2 0 1 4335 308 5598
8298 2 2 0 1 1546 3908 4494
8299 2 2 0 1 3739 1320 5089
8300 2 2 0 1 406 3437 4441
8301 2 2 0 1 307 3347 4282
8302 2 2 0 1 1791 3737 3743
8303 2 2 0 1 3373 1554 5289
8304 2 2 0 1 4453 2212 5473
8305 2 2 0 1 1426 3034 5133
8306 2 2 0 1 2192 4538 4934
8307 2 2 0 1 3246 1403 4191
8308 2 2 0 1 727 2961 5547
8309 2 2 0 1 2078 4048 6412
8310 2 2 0 1 3063 1435 4697
8311 2 2 0 1 1578 4529 5547
8312 2 2 0 1 3247 1405 4192
8313 2 2 0 1 862 5162 6210
8314 2 2 0 1 1477 3367 3968
8315 2 2 0 1 1380 4203 5452
8316 2 2 0 1 4844 1639 5265
8317 2 2 0 1 2596 4249 5210
8318 2 2 0 1 1082 3500 6473
8319 2 2 0 1 3383 1995 6130
8320 2 2 0 1 1134 3673 6250
8321 2 2 0 1 1687 3179 5345
8322 2 2 0 1 1606 3868 4229
8323 2 2 0 1 5390 1730 5793
8324 2 2 0 1 4801 1884 5343
8325 2 2 0 1 77 3004 6599
8326 2 2 0 1 5384 3452 6234
8327 2 2 0 1 3908 1724 4494
8328 2 2 0 1 1408 4698 4936
8329 2 2 0 1 481 2986 4826
8330 2 2 0 1 1297 3568 5087
8331 2 2 0 1 225 3005 6602
8332 2 2 0 1 3340 1543 5264
8333 2 2 0 1 3302 1253 4183
8334 2 2 0 1 1643 3024 4464
8335 2 2 0 1 3358 1835 3952
8336 2 2 0 1 3500 2154 6473
8337 2 2 0 1 3868 1606 4750
8338 2 2 0 1 3567 1353 4989
8339 2 2 0 1 907 5200 6246
8340 2 2 0 1 249 250 4089
8341 2 2 0 1 34 35 4295
8342 2 2 0 1 635 4653 6387
8343 2 2 0 1 227 228 5769
8344 2 2 0 1 4129 1380 5452
8345 2 2 0 1 2837 1482 5150
8346 2 2 0 1 2927 497 6157
8347 2 2 0 1 2745 3842 6005
8348 2 2 0 1 765 3317 5083
8349 2 2 0 1 3479 1100 4433
8350 2 2 0 1 2923 1216 6304
8351 2 2 0 1 734 3169 4177
8352 2 2 0 1 1071 3072 4357
8353 2 2 0 1 713 4014 5359
8354 2 2 0 1 4484 2614 5987
8355 2 2 0 1 3698 1303 5745
8356 2 2 0 1 2905 1094 6349
8357 2 2 0 1 2931 1038 6583
8358 2 2 0 1 1593 3204 5316
8359 2 2 0 1 2995 927 4964
8360 2 2 0 1 1310 3647 4971
8361 2 2 0 1 133 134 3930
8362 2 2 0 1 642 4033 4756
8363 2 2 0 1 959 2893 6031
8364 2 2 0 1 578 3355 4563
8365 2 2 0 1 739 3387 6006
8366 2 2 0 1 992 2910 5301
8367 2 2 0 1 3317 1657 5083
8368 2 2 0 1 87 3417 5356
8369 2 2 0 1 1400 3122 4616
8370 2 2 0 1 2020 3052 4404
8371 2 2 0 1 497 2927 4843
8372 2 2 0 1 1806 4842 5770
8373 2 2 0 1 4082 2189 5243
8374 2 2 0 1 709 4052 5343
8375 2 2 0 1 1692 3884 4182
8376 2 2 0 1 2941 1482 6315
8377 2 2 0 1 4295 1639 4320
8378 2 2 0 1 735 4483 6538
8379 2 2 0 1 2579 5215 6376
8380 2 2 0 1 1815 4241 4337
8381 2 2 0 1 6136 2018 6318
8382 2 2 0 1 2093 4051 6464
8383 2 2 0 1 5140 1647 5258
8384 2 2 0 1 4541 1393 4754
8385 2 2 0 1 3499 227 5769
8386 2 2 0 1 3417 88 6668
8387 2 2 0 1 4213 2217 5382
8388 2 2 0 1 3688 1800 6299
8389 2 2 0 1 4510 858 4696
8390 2 2 0 1 1437 3254 4384
8391 2 2 0 1 3426 386 4277
8392 2 2 0 1 1451 3426 4277
8393 2 2 0 1 5132 2515 5855
8394 2 2 0 1 3969 2138 5478
8395 2 2 0 1 1434 3582 4179
8396 2 2 0 1 704 2886 5723
8397 2 2 0 1 3300 1329 4132
8398 2 2 0 1 4562 3020 5973
8399 2 2 0 1 1940 3495 5799
8400 2 2 0 1 3113 2524 6054
8401 2 2 0 1 3737 1235 3743
8402 2 2 0 1 3076 515 6354
8403 2 2 0 1 1491 4945 5061
8404 2 2 0 1 1625 5188 5482
8405 2 2 0 1 339 3031 4762
8406 2 2 0 1 804 5246 6099
8407 2 2 0 1 3033 1330 5893
8408 2 2 0 1 4026 2548 4917
8409 2 2 0 1 4548 3181 5515
8410 2 2 0 1 1883 4097 5613
8411 2 2 0 1 4333 2255 5579
8412 2 2 0 1 3029 499 6555
8413 2 2 0 1 4407 653 5685
8414 2 2 0 1 3102 960 6081
8415 2 2 0 1 3698 42 6288
8416 2 2 0 1 2884 371 6634
8417 2 2 0 1 4154 1870 4899
8418 2 2 0 1 1713 3034 5715
8419 2 2 0 1 5134 2119 6422
8420 2 2 0 1 1407 3230 4211
8421 2 2 0 1 719 3910 5170
8422 2 2 0 1 126 127 5511
8423 2 2 0 1 564 3637 4382
8424 2 2 0 1 644 3250 5005
8425 2 2 0 1 26 3383 6130
8426 2 2 0 1 3484 1846 6390
8427 2 2 0 1 1179 3301 6362
8428 2 2 0 1 2002 3421 5720
8429 2 2 0 1 714 3721 4112
8430 2 2 0 1 2994 108 4965
8431 2 2 0 1 767 3353 4326
8432 2 2 0 1 1909 5504 6474
8433 2 2 0 1 1729 4711 4715
8434 2 2 0 1 2945 941 5721
8435 2 2 0 1 1025 2920 5404
8436 2 2 0 1 1570 5155 5544
8437 2 2 0 1 235 3436 5433
8438 2 2 0 1 351 2984 4767
8439 2 2 0 1 29 2943 4957
8440 2 2 0 1 2895 351 5099
8441 2 2 0 1 3436 236 6678
8442 2 2 0 1 4606 1579 5616
8443 2 2 0 1 1228 4082 5243
8444 2 2 0 1 741 3597 4831
8445 2 2 0 1 837 4090 5731
8446 2 2 0 1 3503 393 4632
8447 2 2 0 1 1482 4864 6382
8448 2 2 0 1 191 192 3962
8449 2 2 0 1 1301 3301 4777
8450 2 2 0 1 1482 2941 4864
8451 2 2 0 1 4018 718 5413
8452 2 2 0 1 3525 1559 5696
8453 2 2 0 1 3402 386 4309
8454 2 2 0 1 1348 3194 6117
8455 2 2 0 1 2924 1989 6210
8456 2 2 0 1 1095 3365 6233
8457 2 2 0 1 3678 2163 4400
8458 2 2 0 1 662 3821 4574
8459 2 2 0 1 1803 2947 6365
8460 2 2 0 1 1749 4056 5040
8461 2 2 0 1 2986 1420 4826
8462 2 2 0 1 3312 1476 6040
8463 2 2 0 1 2943 1601 5609
8464 2 2 0 1 4529 2441 5547
8465 2 2 0 1 646 4851 5584
8466 2 2 0 1 585 3020 4562
8467 2 2 0 1 3495 400 5799
8468 2 2 0 1 5424 2059 6369
8469 2 2 0 1 1599 2939 6269
8470 2 2 0 1 3222 148 4176
8471 2 2 0 1 3739 1486 3795
8472 2 2 0 1 1677 3277 4144
8473 2 2 0 1 4213 1561 5110
8474 2 2 0 1 4061 2122 6592
8475 2 2 0 1 746 4580 4648
8476 2 2 0 1 4064 2124 6594
8477 2 2 0 1 700 3242 4735
8478 2 2 0 1 682 5018 5090
8479 2 2 0 1 4043 807 4227
8480 2 2 0 1 386 3426 4309
8481 2 2 0 1 5155 2657 5544
8482 2 2 0 1 3399 1089 5157
8483 2 2 0 1 4314 1685 4484
8484 2 2 0 1 1010 3061 4511
8485 2 2 0 1 3346 1848 4880
8486 2 2 0 1 726 3818 4871
8487 2 2 0 1 3451 1915 4674
8488 2 2 0 1 740 3202 4244
8489 2 2 0 1 1708 2955 6109
8490 2 2 0 1 2519 4801 5343
8491 2 2 0 1 380 2967 4812
8492 2 2 0 1 5407 892 6050
8493 2 2 0 1 995 2941 6315
8494 2 2 0 1 2929 1029 6414
8495 2 2 0 1 358 3229 4527
8496 2 2 0 1 1890 3175 4761
8497 2 2 0 1 2945 52 4825
8498 2 2 0 1 3239 2499 6221
8499 2 2 0 1 264 3023 4688
8500 2 2 0 1 1634 3123 4269
8501 2 2 0 1 3453 1908 4584
8502 2 2 0 1 4741 1893 5359
8503 2 2 0 1 2970 341 4636
8504 2 2 0 1 397 4137 6189
8505 2 2 0 1 5015 752 6321
8506 2 2 0 1 3821 1710 4574
8507 2 2 0 1 2955 4270 5782
8508 2 2 0 1 3825 1529 4570
8509 2 2 0 1 1319 3049 5004
8510 2 2 0 1 1000 2951 6470
8511 2 2 0 1 1572 3452 5384
8512 2 2 0 1 3122 617 4616
8513 2 2 0 1 5189 1532 5288
8514 2 2 0 1 3033 564 5035
8515 2 2 0 1 3534 4701 6627
8516 2 2 0 1 3259 1225 4421
8517 2 2 0 1 1774 3298 5845
8518 2 2 0 1 3022 1369 4552
8519 2 2 0 1 3910 1979 5170
8520 2 2 0 1 3481 1828 3931
8521 2 2 0 1 3029 1324 4548
8522 2 2 0 1 3455 1441 4873
8523 2 2 0 1 1486 3739 4072
8524 2 2 0 1 3393 705 4274
8525 2 2 0 1 1679 4043 4227
8526 2 2 0 1 1825 3707 4017
8527 2 2 0 1 1774 2957 5554
8528 2 2 0 1 1806 4019 4842
8529 2 2 0 1 3242 1779 4828
8530 2 2 0 1 1450 4912 5100
8531 2 2 0 1 3149 501 5148
8532 2 2 0 1 2909 943 5187
8533 2 2 0 1 3739 650 4072
8534 2 2 0 1 4479 1537 4704
8535 2 2 0 1 3804 1909 6474
8536 2 2 0 1 1170 3883 6136
8537 2 2 0 1 2048 4301 6533
8538 2 2 0 1 175 176 5011
8539 2 2 0 1 3742 92 4243
8540 2 2 0 1 1910 4528 5822
8541 2 2 0 1 2972 1384 6582
8542 2 2 0 1 3549 784 6107
8543 2 2 0 1 2120 4706 6349
8544 2 2 0 1 3252 503 5229
8545 2 2 0 1 3842 1609 4509
8546 2 2 0 1 3175 2067 4761
8547 2 2 0 1 3238 969 5818
8548 2 2 0 1 1151 3008 6388
8549 2 2 0 1 1783 3438 5204
8550 2 2 0 1 1323 3219 4611
8551 2 2 0 1 4211 297 6500
8552 2 2 0 1 4480 2353 5389
8553 2 2 0 1 1423 3287 4526
8554 2 2 0 1 3176 1431 4319
8555 2 2 0 1 2932 1027 5451
8556 2 2 0 1 3031 1357 4483
8557 2 2 0 1 1354 3219 4231
8558 2 2 0 1 1576 3742 4243
8559 2 2 0 1 3317 765 6664
8560 2 2 0 1 1328 3962 6257
8561 2 2 0 1 4923 1114 5059
8562 2 2 0 1 3597 1693 4831
8563 2 2 0 1 3438 2354 5204
8564 2 2 0 1 3015 1233 4587
8565 2 2 0 1 2574 5200 6443
8566 2 2 0 1 3145 1112 5497
8567 2 2 0 1 3230 296 4211
8568 2 2 0 1 2955 996 6109
8569 2 2 0 1 3818 1811 4871
8570 2 2 0 1 3522 1258 3973
8571 2 2 0 1 4851 2600 5584
8572 2 2 0 1 1453 3692 4034
8573 2 2 0 1 4055 3636 6556
8574 2 2 0 1 2695 5328 5658
8575 2 2 0 1 4368 681 6562
8576 2 2 0 1 3842 1842 6005
8577 2 2 0 1 68 3246 4191
8578 2 2 0 1 3814 1025 5502
8579 2 2 0 1 2279 2946 5909
8580 2 2 0 1 216 3247 4192
8581 2 2 0 1 1321 4073 5975
8582 2 2 0 1 945 3035 6671
8583 2 2 0 1 1917 4106 4656
8584 2 2 0 1 67 4191 6574
8585 2 2 0 1 4803 1757 5216
8586 2 2 0 1 215 4192 6575
8587 2 2 0 1 3035 90 5260
8588 2 2 0 1 3692 643 4034
8589 2 2 0 1 389 3500 4586
8590 2 2 0 1 3333 1266 4120
8591 2 2 0 1 2145 4826 5437
8592 2 2 0 1 4073 2302 5975
8593 2 2 0 1 3581 2013 5960
8594 2 2 0 1 2953 1563 5602
8595 2 2 0 1 2133 4198 6492
8596 2 2 0 1 2922 1000 6446
8597 2 2 0 1 1589 5000 5121
8598 2 2 0 1 3634 1334 4614
8599 2 2 0 1 95 96 4026
8600 2 2 0 1 3117 1956 6643
8601 2 2 0 1 192 193 6257
8602 2 2 0 1 1830 3478 5666
8603 2 2 0 1 4005 1558 4530
8604 2 2 0 1 2980 582 4645
8605 2 2 0 1 617 3254 5057
8606 2 2 0 1 145 146 4048
8607 2 2 0 1 2975 544 6544
8608 2 2 0 1 1503 3083 5220
8609 2 2 0 1 4176 149 6563
8610 2 2 0 1 1487 3558 4534
8611 2 2 0 1 3799 1381 4429
8612 2 2 0 1 293 294 4051
8613 2 2 0 1 1813 2958 6333
8614 2 2 0 1 518 2956 5844
8615 2 2 0 1 1766 2949 6307
8616 2 2 0 1 586 3081 4485
8617 2 2 0 1 3322 551 5353
8618 2 2 0 1 3721 1515 4112
8619 2 2 0 1 1105 3147 5480
8620 2 2 0 1 4698 2174 4936
8621 2 2 0 1 4037 1365 5442
8622 2 2 0 1 1430 4235 4262
8623 2 2 0 1 3290 383 4546
8624 2 2 0 1 1934 5239 6436
8625 2 2 0 1 4551 2733 4757
8626 2 2 0 1 443 3219 4292
8627 2 2 0 1 4424 2161 5604
8628 2 2 0 1 2984 351 6268
8629 2 2 0 1 4860 988 6676
8630 2 2 0 1 416 3842 4509
8631 2 2 0 1 939 4010 5446
8632 2 2 0 1 878 3990 4224
8633 2 2 0 1 4936 458 6320
8634 2 2 0 1 1374 3318 4146
8635 2 2 0 1 3582 608 4179
8636 2 2 0 1 598 3925 4366
8637 2 2 0 1 3324 2027 4109
8638 2 2 0 1 5341 2107 5968
8639 2 2 0 1 2913 643 5495
8640 2 2 0 1 681 4362 6562
8641 2 2 0 1 3236 1066 5203
8642 2 2 0 1 1331 3781 6546
8643 2 2 0 1 1411 4024 4612
8644 2 2 0 1 2993 926 4754
8645 2 2 0 1 70 71 4061
8646 2 2 0 1 218 219 4064
8647 2 2 0 1 242 243 6347
8648 2 2 0 1 2909 625 5927
8649 2 2 0 1 1010 3157 6568
8650 2 2 0 1 1746 2994 4965
8651 2 2 0 1 4554 2739 4763
8652 2 2 0 1 1066 3289 5203
8653 2 2 0 1 103 104 6282
8654 2 2 0 1 1163 3419 6603
8655 2 2 0 1 3180 1279 5650
8656 2 2 0 1 3625 1337 4601
8657 2 2 0 1 755 3581 5960
8658 2 2 0 1 1487 3150 4910
8659 2 2 0 1 2472 4741 5359
8660 2 2 0 1 2259 3164 4871
8661 2 2 0 1 3219 1354 4292
8662 2 2 0 1 610 3036 5052
8663 2 2 0 1 2927 1038 6426
8664 2 2 0 1 3822 116 3918
8665 2 2 0 1 2990 540 4549
8666 2 2 0 1 2038 2953 6605
8667 2 2 0 1 6021 2062 6308
8668 2 2 0 1 2259 4871 5739
8669 2 2 0 1 74 75 4832
8670 2 2 0 1 4439 1471 6361
8671 2 2 0 1 222 223 4834
8672 2 2 0 1 1400 3137 4815
8673 2 2 0 1 289 290 4044
8674 2 2 0 1 2046 4510 4696
8675 2 2 0 1 3242 1511 4735
8676 2 2 0 1 3409 1476 4709
8677 2 2 0 1 1014 2887 6361
8678 2 2 0 1 4519 1502 5575
8679 2 2 0 1 1039 3272 6514
8680 2 2 0 1 263 264 4688
8681 2 2 0 1 1394 3720 4607
8682 2 2 0 1 3912 1837 6140
8683 2 2 0 1 948 2938 5195
8684 2 2 0 1 3148 1058 4415
8685 2 2 0 1 514 2963 5822
8686 2 2 0 1 601 3188 4253
8687 2 2 0 1 1232 2974 6616
8688 2 2 0 1 2949 710 6307
8689 2 2 0 1 1363 3724 4256
8690 2 2 0 1 435 3053 4624
8691 2 2 0 1 330 5134 5773
8692 2 2 0 1 4540 480 6069
8693 2 2 0 1 3407 1179 6362
8694 2 2 0 1 1666 3681 6272
8695 2 2 0 1 3086 573 4638
8696 2 2 0 1 1798 4458 6247
8697 2 2 0 1 693 3117 6643
8698 2 2 0 1 1104 2964 5248
8699 2 2 0 1 889 5237 6662
8700 2 2 0 1 3904 756 4664
8701 2 2 0 1 2726 3748 5790
8702 2 2 0 1 3538 82 5393
8703 2 2 0 1 1869 2970 5015
8704 2 2 0 1 1703 5060 5441
8705 2 2 0 1 3306 698 4144
8706 2 2 0 1 536 2972 6582
8707 2 2 0 1 538 2948 4786
8708 2 2 0 1 1581 2903 5636
8709 2 2 0 1 3440 1117 4568
8710 2 2 0 1 8 9 4635
8711 2 2 0 1 2239 4500 6009
8712 2 2 0 1 2392 4923 5059
8713 2 2 0 1 109 3601 4965
8714 2 2 0 1 662 4574 5942
8715 2 2 0 1 1219 3343 4173
8716 2 2 0 1 1667 5301 5385
8717 2 2 0 1 6193 2417 6639
8718 2 2 0 1 3002 541 4560
8719 2 2 0 1 59 60 4506
8720 2 2 0 1 540 2990 4584
8721 2 2 0 1 4134 1972 6205
8722 2 2 0 1 1760 5669 5935
8723 2 2 0 1 3104 716 6219
8724 2 2 0 1 3542 2297 5726
8725 2 2 0 1 576 3115 4497
8726 2 2 0 1 1452 2971 5771
8727 2 2 0 1 5328 895 5658
8728 2 2 0 1 3205 971 6393
8729 2 2 0 1 1626 2966 5018
8730 2 2 0 1 207 208 4536
8731 2 2 0 1 1522 3235 5212
8732 2 2 0 1 2951 373 6542
8733 2 2 0 1 3109 615 4535
8734 2 2 0 1 3273 2190 4914
8735 2 2 0 1 3571 2961 6460
8736 2 2 0 1 3428 1068 5476
8737 2 2 0 1 2977 657 6243
8738 2 2 0 1 4691 2287 6370
8739 2 2 0 1 4451 730 5242
8740 2 2 0 1 3406 1839 4729
8741 2 2 0 1 5539 1802 5831
8742 2 2 0 1 3045 200 4629
8743 2 2 0 1 3168 781 4396
8744 2 2 0 1 4693 2288 6375
8745 2 2 0 1 2468 4846 6629
8746 2 2 0 1 1369 3022 6525
8747 2 2 0 1 475 5350 6441
8748 2 2 0 1 1376 3278 4368
8749 2 2 0 1 3164 2554 4845
8750 2 2 0 1 3553 374 6309
8751 2 2 0 1 1254 3836 6098
8752 2 2 0 1 1034 3155 4466
8753 2 2 0 1 3347 307 5656
8754 2 2 0 1 3339 2408 4236
8755 2 2 0 1 1352 3447 4074
8756 2 2 0 1 3031 1363 4762
8757 2 2 0 1 35 36 6397
8758 2 2 0 1 2989 893 5286
8759 2 2 0 1 1509 3440 4568
8760 2 2 0 1 201 202 4532
8761 2 2 0 1 1560 3130 5256
8762 2 2 0 1 1975 2993 6670
8763 2 2 0 1 4228 1373 4408
8764 2 2 0 1 2148 5380 5526
8765 2 2 0 1 1966 3486 4046
8766 2 2 0 1 2998 1845 6632
8767 2 2 0 1 3557 230 5465
8768 2 2 0 1 3701 1703 5441
8769 2 2 0 1 754 3070 6225
8770 2 2 0 1 3646 1575 6399
8771 2 2 0 1 3889 1700 4030
8772 2 2 0 1 2103 4275 6560
8773 2 2 0 1 3287 301 4526
8774 2 2 0 1 783 4794 6657
8775 2 2 0 1 3822 1985 5525
8776 2 2 0 1 1840 3104 6219
8777 2 2 0 1 1127 3021 5276
8778 2 2 0 1 3068 1350 5733
8779 2 2 0 1 3222 2078 6412
8780 2 2 0 1 3311 1358 4236
8781 2 2 0 1 984 3045 5811
8782 2 2 0 1 3095 1884 6393
8783 2 2 0 1 1851 4487 5919
8784 2 2 0 1 5064 2560 6028
8785 2 2 0 1 4076 238 6673
8786 2 2 0 1 4202 2271 5534
8787 2 2 0 1 1247 3678 4400
8788 2 2 0 1 3478 1092 5666
8789 2 2 0 1 3385 334 4271
8790 2 2 0 1 2799 3660 5734
8791 2 2 0 1 3930 1630 4249
8792 2 2 0 1 3559 138 5456
8793 2 2 0 1 1939 3385 4271
8794 2 2 0 1 1128 3026 5278
8795 2 2 0 1 3451 748 5702
8796 2 2 0 1 3685 1816 4952
8797 2 2 0 1 1444 3393 4274
8798 2 2 0 1 2619 4399 6569
8799 2 2 0 1 3387 2006 6006
8800 2 2 0 1 1875 4403 6190
8801 2 2 0 1 3206 973 6420
8802 2 2 0 1 1683 2925 5201
8803 2 2 0 1 262 263 6104
8804 2 2 0 1 4742 1697 5943
8805 2 2 0 1 173 4571 6476
8806 2 2 0 1 3230 2093 6464
8807 2 2 0 1 3067 918 5426
8808 2 2 0 1 2276 4054 5868
8809 2 2 0 1 2939 398 5949
8810 2 2 0 1 4912 2194 5100
8811 2 2 0 1 545 3124 4516
8812 2 2 0 1 2966 3958 6266
8813 2 2 0 1 3035 1879 6671
8814 2 2 0 1 640 4078 4780
8815 2 2 0 1 3154 310 6472
8816 2 2 0 1 1703 3904 4502
8817 2 2 0 1 1507 3704 5718
8818 2 2 0 1 1257 3505 4066
8819 2 2 0 1 3272 2024 6514
8820 2 2 0 1 5114 2227 5655
8821 2 2 0 1 1776 3596 4024
8822 2 2 0 1 6054 2524 6577
8823 2 2 0 1 2939 1060 6269
8824 2 2 0 1 495 2950 5275
8825 2 2 0 1 3779 1232 6616
8826 2 2 0 1 3387 986 6681
8827 2 2 0 1 1395 2989 5286
8828 2 2 0 1 1601 2943 5468
8829 2 2 0 1 1785 3348 6014
8830 2 2 0 1 617 3122 4962
8831 2 2 0 1 1926 3154 6472
8832 2 2 0 1 1858 5844 5999
8833 2 2 0 1 1598 5064 6028
8834 2 2 0 1 1384 2972 6427
8835 2 2 0 1 3150 612 4910
8836 2 2 0 1 555 3395 4163
8837 2 2 0 1 1879 3035 5260
8838 2 2 0 1 5267 844 5757
8839 2 2 0 1 2122 3246 6592
8840 2 2 0 1 3007 599 5146
8841 2 2 0 1 3961 1588 4195
8842 2 2 0 1 2124 3247 6594
8843 2 2 0 1 3917 1297 5087
8844 2 2 0 1 2943 5609 6523
8845 2 2 0 1 3511 1873 4162
8846 2 2 0 1 5609 974 6523
8847 2 2 0 1 2952 1207 5108
8848 2 2 0 1 4062 2051 4330
8849 2 2 0 1 1009 3520 5484
8850 2 2 0 1 366 3362 5386
8851 2 2 0 1 4260 835 4487
8852 2 2 0 1 541 3002 4674
8853 2 2 0 1 3601 1746 4965
8854 2 2 0 1 1863 3430 6457
8855 2 2 0 1 383 3056 5595
8856 2 2 0 1 864 3654 6378
8857 2 2 0 1 3086 1043 5630
8858 2 2 0 1 2047 2980 6465
8859 2 2 0 1 3278 681 4368
8860 2 2 0 1 3395 1175 6132
8861 2 2 0 1 1370 3154 4743
8862 2 2 0 1 1002 3136 5448
8863 2 2 0 1 3250 1628 4282
8864 2 2 0 1 1335 3326 4795
8865 2 2 0 1 3432 2193 4564
8866 2 2 0 1 3400 1152 4853
8867 2 2 0 1 1227 3353 4573
8868 2 2 0 1 4975 1750 5665
8869 2 2 0 1 357 3102 5703
8870 2 2 0 1 3194 1348 5191
8871 2 2 0 1 595 2973 5462
8872 2 2 0 1 3111 1893 6420
8873 2 2 0 1 3136 381 4773
8874 2 2 0 1 4786 1867 5626
8875 2 2 0 1 1732 3756 5789
8876 2 2 0 1 1634 3783 5523
8877 2 2 0 1 2953 887 5783
8878 2 2 0 1 4598 1669 5338
8879 2 2 0 1 3114 1691 5872
8880 2 2 0 1 1934 4278 6379
8881 2 2 0 1 3805 2011 5895
8882 2 2 0 1 1919 4840 5413
8883 2 2 0 1 784 3549 5421
8884 2 2 0 1 1115 3017 5290
8885 2 2 0 1 1043 3086 5412
8886 2 2 0 1 2933 316 5326
8887 2 2 0 1 839 3311 4236
8888 2 2 0 1 3688 6299 6652
8889 2 2 0 1 5177 1673 5663
8890 2 2 0 1 4125 651 4691
8891 2 2 0 1 2960 1787 6180
8892 2 2 0 1 3560 840 5870
8893 2 2 0 1 1339 4551 4757
8894 2 2 0 1 2148 4352 5380
8895 2 2 0 1 1480 3822 3918
8896 2 2 0 1 4126 652 4693
8897 2 2 0 1 1446 3136 4773
8898 2 2 0 1 2046 4696 6305
8899 2 2 0 1 3596 637 4024
8900 2 2 0 1 1401 3053 5851
8901 2 2 0 1 3998 1564 4537
8902 2 2 0 1 133 3930 4249
8903 2 2 0 1 3161 1047 4721
8904 2 2 0 1 4054 667 5868
8905 2 2 0 1 663 4074 4146
8906 2 2 0 1 2747 3564 5315
8907 2 2 0 1 102 103 4808
8908 2 2 0 1 1380 4129 6451
8909 2 2 0 1 1607 3067 5426
8910 2 2 0 1 49 3144 4478
8911 2 2 0 1 969 3238 6212
8912 2 2 0 1 17 2941 6557
8913 2 2 0 1 3253 831 4707
8914 2 2 0 1 383 3392 4546
8915 2 2 0 1 1340 4554 4763
8916 2 2 0 1 3493 1093 6256
8917 2 2 0 1 3637 1845 4382
8918 2 2 0 1 3053 1401 4624
8919 2 2 0 1 578 3379 6024
8920 2 2 0 1 1100 3479 6027
8921 2 2 0 1 318 4202 5534
8922 2 2 0 1 3213 1122 5363
8923 2 2 0 1 970 3190 6498
8924 2 2 0 1 3236 5203 5890
8925 2 2 0 1 640 4502 4922
8926 2 2 0 1 3056 383 6118
8927 2 2 0 1 2032 3493 6256
8928 2 2 0 1 1916 4399 6336
8929 2 2 0 1 1971 5400 5675
8930 2 2 0 1 2976 1797 6413
8931 2 2 0 1 3697 160 6128
8932 2 2 0 1 1480 3918 4949
8933 2 2 0 1 3122 1518 4962
8934 2 2 0 1 1577 3241 4386
8935 2 2 0 1 3042 1427 4925
8936 2 2 0 1 1973 3395 6132
8937 2 2 0 1 1054 3042 4925
8938 2 2 0 1 3887 1494 4127
8939 2 2 0 1 3018 507 4901
8940 2 2 0 1 4369 1415 4859
8941 2 2 0 1 3527 1410 4581
8942 2 2 0 1 3607 419 6151
8943 2 2 0 1 2629 4742 5943
8944 2 2 0 1 3520 1822 5484
8945 2 2 0 1 1563 3211 5602
8946 2 2 0 1 3646 1410 4069
8947 2 2 0 1 2940 650 5951
8948 2 2 0 1 3588 1269 6265
8949 2 2 0 1 1472 3794 4084
8950 2 2 0 1 2980 997 5135
8951 2 2 0 1 2173 3223 4901
8952 2 2 0 1 2971 955 5771
8953 2 2 0 1 642 3295 5975
8954 2 2 0 1 3118 377 5946
8955 2 2 0 1 3070 1858 6225
8956 2 2 0 1 2331 3083 4827
8957 2 2 0 1 2758 4461 6597
8958 2 2 0 1 591 4140 6649
8959 2 2 0 1 3654 2172 6378
8960 2 2 0 1 3220 1541 5475
8961 2 2 0 1 2205 4738 5859
8962 2 2 0 1 3626 120 6019
8963 2 2 0 1 3537 1232 4904
8964 2 2 0 1 4919 1838 6616
8965 2 2 0 1 2681 4557 5168
8966 2 2 0 1 2973 1556 5462
8967 2 2 0 1 3137 311 6433
8968 2 2 0 1 1734 3998 4537
8969 2 2 0 1 1644 3059 4784
8970 2 2 0 1 2987 1931 6545
8971 2 2 0 1 3181 421 5449
8972 2 2 0 1 2972 1196 5706
8973 2 2 0 1 2974 4919 6616
8974 2 2 0 1 1808 3299 4636
8975 2 2 0 1 1501 3149 5148
8976 2 2 0 1 441 4405 4606
8977 2 2 0 1 3658 114 5525
8978 2 2 0 1 1600 3370 5434
8979 2 2 0 1 3168 1766 6307
8980 2 2 0 1 3037 600 5061
8981 2 2 0 1 2317 3282 4909
8982 2 2 0 1 3019 1621 5927
8983 2 2 0 1 1924 3871 5926
8984 2 2 0 1 674 3480 4152
8985 2 2 0 1 141 3266 4911
8986 2 2 0 1 609 5158 5722
8987 2 2 0 1 4353 843 4820
8988 2 2 0 1 4459 860 6094
8989 2 2 0 1 1058 3012 6682
8990 2 2 0 1 1887 3137 6433
8991 2 2 0 1 1079 3076 4885
8992 2 2 0 1 410 3646 4069
8993 2 2 0 1 3549 1810 5421
8994 2 2 0 1 4352 525 5380
8995 2 2 0 1 3989 268 6537
8996 2 2 0 1 405 3556 6395
8997 2 2 0 1 4341 1866 6097
8998 2 2 0 1 2293 3285 4823
8999 2 2 0 1 1603 3371 5444
9000 2 2 0 1 2594 4403 6389
9001 2 2 0 1 6197 1889 6328
9002 2 2 0 1 3049 1004 5004
9003 2 2 0 1 3794 654 4084
9004 2 2 0 1 739 3114 5872
9005 2 2 0 1 1252 3084 4744
9006 2 2 0 1 3453 741 5754
9007 2 2 0 1 3030 1056 6043
9008 2 2 0 1 4757 2733 6450
9009 2 2 0 1 1443 3491 6682
9010 2 2 0 1 3446 1911 4661
9011 2 2 0 1 2299 4723 6359
9012 2 2 0 1 579 3159 5231
9013 2 2 0 1 3076 1079 5416
9014 2 2 0 1 1975 3600 5924
9015 2 2 0 1 726 3164 4845
9016 2 2 0 1 1053 2976 6413
9017 2 2 0 1 3754 1510 4286
9018 2 2 0 1 3883 522 6386
9019 2 2 0 1 3200 1379 4950
9020 2 2 0 1 4840 2496 5413
9021 2 2 0 1 1299 5105 5627
9022 2 2 0 1 852 3691 4355
9023 2 2 0 1 1951 3392 6385
9024 2 2 0 1 748 3657 4878
9025 2 2 0 1 4763 2739 6459
9026 2 2 0 1 1321 3891 4847
9027 2 2 0 1 5222 2103 6560
9028 2 2 0 1 1915 3451 5702
9029 2 2 0 1 3145 493 5907
9030 2 2 0 1 3083 911 4827
9031 2 2 0 1 4375 989 6680
9032 2 2 0 1 1851 4260 4487
9033 2 2 0 1 4214 624 4430
9034 2 2 0 1 5215 1465 6376
9035 2 2 0 1 3411 1941 5084
9036 2 2 0 1 3102 1681 5703
9037 2 2 0 1 3933 1456 4631
9038 2 2 0 1 1347 3446 4760
9039 2 2 0 1 2136 3927 6223
9040 2 2 0 1 4142 1331 6546
9041 2 2 0 1 1343 3472 4862
9042 2 2 0 1 1345 4000 4152
9043 2 2 0 1 714 3240 4956
9044 2 2 0 1 1330 3033 5035
9045 2 2 0 1 121 3245 6019
9046 2 2 0 1 3459 705 6351
9047 2 2 0 1 716 3104 4774
9048 2 2 0 1 1820 3389 4680
9049 2 2 0 1 3653 1452 4692
9050 2 2 0 1 3120 909 4695
9051 2 2 0 1 742 4665 5692
9052 2 2 0 1 3556 2094 6395
9053 2 2 0 1 673 3416 4246
9054 2 2 0 1 1267 2968 5690
9055 2 2 0 1 4158 1396 4290
9056 2 2 0 1 625 3019 5927
9057 2 2 0 1 4347 1415 5414
9058 2 2 0 1 1919 3106 6498
9059 2 2 0 1 2047 3626 6019
9060 2 2 0 1 719 3754 4286
9061 2 2 0 1 1364 3323 4303
9062 2 2 0 1 3924 2877 6497
9063 2 2 0 1 3298 1018 5845
9064 2 2 0 1 2115 5699 6149
9065 2 2 0 1 1358 3339 4236
9066 2 2 0 1 3484 2371 5120
9067 2 2 0 1 1728 3412 5458
9068 2 2 0 1 1420 2986 5352
9069 2 2 0 1 241 242 4469
9070 2 2 0 1 536 3084 4856
9071 2 2 0 1 3741 2965 6195
9072 2 2 0 1 1152 3501 4853
9073 2 2 0 1 5021 2636 5732
9074 2 2 0 1 3164 726 4871
9075 2 2 0 1 4296 1259 4861
9076 2 2 0 1 1616 2977 6243
9077 2 2 0 1 1479 3253 4707
9078 2 2 0 1 1287 6037 6275
9079 2 2 0 1 3600 404 5924
9080 2 2 0 1 1387 4229 5692
9081 2 2 0 1 4031 1762 5736
9082 2 2 0 1 2919 4121 5233
9083 2 2 0 1 1958 3328 4307
9084 2 2 0 1 656 4150 4723
9085 2 2 0 1 2997 903 6654
9086 2 2 0 1 1700 2959 5826
9087 2 2 0 1 3707 1302 4017
9088 2 2 0 1 2191 6075 6507
9089 2 2 0 1 3601 110 4700
9090 2 2 0 1 3358 1212 5830
9091 2 2 0 1 3689 244 6531
9092 2 2 0 1 271 3693 5735
9093 2 2 0 1 3353 1494 4573
9094 2 2 0 1 1368 3349 4280
9095 2 2 0 1 1854 4544 5854
9096 2 2 0 1 3056 1638 5595
9097 2 2 0 1 486 3458 4452
9098 2 2 0 1 14 15 4456
9099 2 2 0 1 3224 3802 5954
9100 2 2 0 1 3469 1859 5423
9101 2 2 0 1 3817 2306 4501
9102 2 2 0 1 1322 3421 4188
9103 2 2 0 1 2105 4683 5522
9104 2 2 0 1 597 3431 4793
9105 2 2 0 1 3024 1643 6622
9106 2 2 0 1 1739 3402 4309
9107 2 2 0 1 1364 3305 4555
9108 2 2 0 1 3313 1355 4810
9109 2 2 0 1 678 5591 6280
9110 2 2 0 1 3465 485 4518
9111 2 2 0 1 1655 3181 5449
9112 2 2 0 1 1498 4092 5247
9113 2 2 0 1 3691 1525 4355
9114 2 2 0 1 4220 1394 4607
9115 2 2 0 1 1341 3262 6126
9116 2 2 0 1 1665 3331 5404
9117 2 2 0 1 1207 3510 4262
9118 2 2 0 1 91 3742 5260
9119 2 2 0 1 3823 2311 4512
9120 2 2 0 1 3051 1583 5641
9121 2 2 0 1 1843 3190 6359
9122 2 2 0 1 2991 536 6046
9123 2 2 0 1 156 157 4841
9124 2 2 0 1 2154 3500 4468
9125 2 2 0 1 196 197 4937
9126 2 2 0 1 5523 3783 6433
9127 2 2 0 1 3657 1690 4878
9128 2 2 0 1 2997 1552 5158
9129 2 2 0 1 1264 3091 4980
9130 2 2 0 1 6002 1836 6063
9131 2 2 0 1 3863 1761 6211
9132 2 2 0 1 414 3887 4127
9133 2 2 0 1 3510 1430 4262
9134 2 2 0 1 2809 4423 5752
9135 2 2 0 1 1568 3766 5147
9136 2 2 0 1 912 4380 6586
9137 2 2 0 1 3100 1397 6466
9138 2 2 0 1 1499 3078 5543
9139 2 2 0 1 3638 736 6145
9140 2 2 0 1 1729 3896 4711
9141 2 2 0 1 3237 584 4758
9142 2 2 0 1 1878 4446 6241
9143 2 2 0 1 4019 1806 4991
9144 2 2 0 1 1646 5021 5732
9145 2 2 0 1 2391 4086 4689
9146 2 2 0 1 4380 2639 6586
9147 2 2 0 1 3952 1835 5206
9148 2 2 0 1 92 93 4243
9149 2 2 0 1 1827 3362 4472
9150 2 2 0 1 4119 1110 4729
9151 2 2 0 1 3832 1921 4523
9152 2 2 0 1 3389 489 4680
9153 2 2 0 1 3892 447 4521
9154 2 2 0 1 5979 532 6038
9155 2 2 0 1 3100 557 4982
9156 2 2 0 1 1428 4329 4859
9157 2 2 0 1 3600 1975 4212
9158 2 2 0 1 3412 471 5458
9159 2 2 0 1 3791 441 4625
9160 2 2 0 1 3090 737 5850
9161 2 2 0 1 1802 3198 4628
9162 2 2 0 1 2432 5407 6050
9163 2 2 0 1 132 133 4249
9164 2 2 0 1 2730 4877 5827
9165 2 2 0 1 977 3025 6449
9166 2 2 0 1 3028 2185 6329
9167 2 2 0 1 1435 3057 5967
9168 2 2 0 1 1835 3358 5830
9169 2 2 0 1 4027 2685 6183
9170 2 2 0 1 1595 3076 5416
9171 2 2 0 1 3500 389 4468
9172 2 2 0 1 1534 3252 5229
9173 2 2 0 1 3010 2092 6096
9174 2 2 0 1 5008 2736 5965
9175 2 2 0 1 2004 4353 4820
9176 2 2 0 1 552 3565 5507
9177 2 2 0 1 3219 443 4611
9178 2 2 0 1 1149 3736 4426
9179 2 2 0 1 5129 2132 5718
9180 2 2 0 1 3006 5979 6038
9181 2 2 0 1 125 126 4245
9182 2 2 0 1 1026 3517 5539
9183 2 2 0 1 3826 1658 5694
9184 2 2 0 1 2165 2995 6640
9185 2 2 0 1 3548 1898 5024
9186 2 2 0 1 2985 679 5485
9187 2 2 0 1 1974 3305 4397
9188 2 2 0 1 1852 3004 5659
9189 2 2 0 1 3205 1849 6370
9190 2 2 0 1 1627 3009 5509
9191 2 2 0 1 3206 1850 6375
9192 2 2 0 1 3392 1083 6385
9193 2 2 0 1 1853 3005 5662
9194 2 2 0 1 2327 4780 6448
9195 2 2 0 1 3072 1485 5227
9196 2 2 0 1 3149 968 6389
9197 2 2 0 1 615 3109 5048
9198 2 2 0 1 3012 1058 6319
9199 2 2 0 1 97 98 4266
9200 2 2 0 1 1991 3551 4445
9201 2 2 0 1 743 3627 4837
9202 2 2 0 1 634 3666 5040
9203 2 2 0 1 1368 3328 4604
9204 2 2 0 1 2165 3382 4640
9205 2 2 0 1 2225 5533 5984
9206 2 2 0 1 2999 560 5454
9207 2 2 0 1 3160 1817 4708
9208 2 2 0 1 4458 2267 6247
9209 2 2 0 1 3190 970 6359
9210 2 2 0 1 1198 5008 5965
9211 2 2 0 1 5913 3779 6616
9212 2 2 0 1 1440 3065 5956
9213 2 2 0 1 1211 3808 5814
9214 2 2 0 1 1496 3018 5649
9215 2 2 0 1 3018 1103 5649
9216 2 2 0 1 3486 1207 4262
9217 2 2 0 1 753 3123 5508
9218 2 2 0 1 4305 1823 5047
9219 2 2 0 1 3131 455 5906
9220 2 2 0 1 1629 4135 4201
9221 2 2 0 1 2629 4740 6260
9222 2 2 0 1 3133 1072 4692
9223 2 2 0 1 390 3507 4787
9224 2 2 0 1 1414 3139 4934
9225 2 2 0 1 1352 3309 5510
9226 2 2 0 1 3279 2468 4642
9227 2 2 0 1 3736 1889 4426
9228 2 2 0 1 3245 2047 6019
9229 2 2 0 1 1549 3091 4875
9230 2 2 0 1 3666 1749 5040
9231 2 2 0 1 1382 4241 4415
9232 2 2 0 1 812 3462 4736
9233 2 2 0 1 3323 1364 4555
9234 2 2 0 1 2040 3030 5717
9235 2 2 0 1 3187 568 6033
9236 2 2 0 1 469 3038 6240
9237 2 2 0 1 2866 1454 4577
9238 2 2 0 1 1908 3453 5754
9239 2 2 0 1 2446 4076 6673
9240 2 2 0 1 3036 977 6187
9241 2 2 0 1 711 3062 5282
9242 2 2 0 1 135 3483 5500
9243 2 2 0 1 2022 3094 6490
9244 2 2 0 1 3517 1802 5539
9245 2 2 0 1 3415 670 4337
9246 2 2 0 1 3198 729 4992
9247 2 2 0 1 5622 1785 6014
9248 2 2 0 1 2416 3360 5002
9249 2 2 0 1 3156 1492 4800
9250 2 2 0 1 1950 3097 4902
9251 2 2 0 1 3809 1377 5014
9252 2 2 0 1 1118 3047 5861
9253 2 2 0 1 3946 1283 3956
9254 2 2 0 1 1382 3415 4337
9255 2 2 0 1 3548 1360 6635
9256 2 2 0 1 1397 3100 6405
9257 2 2 0 1 3414 1930 5044
9258 2 2 0 1 3305 232 4555
9259 2 2 0 1 4653 2384 6387
9260 2 2 0 1 963 3146 5732
9261 2 2 0 1 3590 599 6025
9262 2 2 0 1 4119 2373 5788
9263 2 2 0 1 4028 246 5824
9264 2 2 0 1 3178 646 4676
9265 2 2 0 1 3670 1969 4479
9266 2 2 0 1 3473 904 4272
9267 2 2 0 1 1656 3791 4625
9268 2 2 0 1 1478 3465 4518
9269 2 2 0 1 5243 2817 5936
9270 2 2 0 1 3360 1834 5002
9271 2 2 0 1 1629 3429 5767
9272 2 2 0 1 3304 1111 5583
9273 2 2 0 1 3676 2418 6378
9274 2 2 0 1 426 3279 4642
9275 2 2 0 1 2544 4370 6432
9276 2 2 0 1 1143 3115 4997
9277 2 2 0 1 5200 1460 6443
9278 2 2 0 1 4098 760 4813
9279 2 2 0 1 432 4757 6450
9280 2 2 0 1 1833 3946 3956
9281 2 2 0 1 3173 1015 5312
9282 2 2 0 1 971 3205 6370
9283 2 2 0 1 3507 2522 4787
9284 2 2 0 1 1159 3070 5532
9285 2 2 0 1 4268 683 4893
9286 2 2 0 1 3011 2036 6125
9287 2 2 0 1 3123 753 5151
9288 2 2 0 1 1839 4119 4729
9289 2 2 0 1 3061 1010 6568
9290 2 2 0 1 5032 2481 5631
9291 2 2 0 1 973 3206 6375
9292 2 2 0 1 1018 2979 6245
9293 2 2 0 1 1704 4158 4290
9294 2 2 0 1 3374 1399 4401
9295 2 2 0 1 4109 2027 6439
9296 2 2 0 1 4330 2051 6271
9297 2 2 0 1 1204 3046 5869
9298 2 2 0 1 4710 1961 5657
9299 2 2 0 1 277 3488 5107
9300 2 2 0 1 5831 418 6254
9301 2 2 0 1 433 4763 6459
9302 2 2 0 1 384 3051 5641
9303 2 2 0 1 846 3929 5537
9304 2 2 0 1 3235 912 4927
9305 2 2 0 1 4135 1443 4201
9306 2 2 0 1 3130 1560 5521
9307 2 2 0 1 412 3832 4523
9308 2 2 0 1 3965 1604 3985
9309 2 2 0 1 1228 5243 5936
9310 2 2 0 1 1631 5032 5631
9311 2 2 0 1 1620 3601 4700
9312 2 2 0 1 607 3778 5091
9313 2 2 0 1 2304 5669 5744
9314 2 2 0 1 1362 3666 4621
9315 2 2 0 1 1230 4460 5371
9316 2 2 0 1 1451 4392 4772
9317 2 2 0 1 3064 1300 6292
9318 2 2 0 1 3855 190 6147
9319 2 2 0 1 3514 484 4482
9320 2 2 0 1 1200 3697 6217
9321 2 2 0 1 2696 3337 5557
9322 2 2 0 1 30 4437 5468
9323 2 2 0 1 1259 3159 4861
9324 2 2 0 1 444 4753 5919
9325 2 2 0 1 1856 4292 4304
9326 2 2 0 1 3078 1499 5293
9327 2 2 0 1 3038 1523 6073
9328 2 2 0 1 4108 1309 4553
9329 2 2 0 1 1952 4325 4886
9330 2 2 0 1 1660 3502 4994
9331 2 2 0 1 797 4065 5381
9332 2 2 0 1 4058 1384 6016
9333 2 2 0 1 4475 402 5686
9334 2 2 0 1 4370 1158 6432
9335 2 2 0 1 15 16 6122
9336 2 2 0 1 3884 1346 4182
9337 2 2 0 1 1875 3149 6389
9338 2 2 0 1 4292 1354 4304
9339 2 2 0 1 3266 1475 4911
9340 2 2 0 1 2283 3119 5187
9341 2 2 0 1 157 158 4618
9342 2 2 0 1 3349 1368 4604
9343 2 2 0 1 2077 3036 5461
9344 2 2 0 1 1750 2989 6110
9345 2 2 0 1 3551 1475 4445
9346 2 2 0 1 3627 1270 4837
9347 2 2 0 1 5618 1680 5875
9348 2 2 0 1 4828 473 6264
9349 2 2 0 1 3742 1879 5260
9350 2 2 0 1 1789 3225 6167
9351 2 2 0 1 3309 1281 4505
9352 2 2 0 1 3830 124 5605
9353 2 2 0 1 3093 1706 5007
9354 2 2 0 1 1550 3391 4985
9355 2 2 0 1 3121 339 5165
9356 2 2 0 1 129 3805 5895
9357 2 2 0 1 1631 3552 5032
9358 2 2 0 1 5508 1634 5523
9359 2 2 0 1 574 5463 5835
9360 2 2 0 1 3960 2171 4428
9361 2 2 0 1 3173 603 5227
9362 2 2 0 1 1121 3200 4879
9363 2 2 0 1 1307 3382 4382
9364 2 2 0 1 4740 548 6260
9365 2 2 0 1 2355 3989 6537
9366 2 2 0 1 4325 442 4886
9367 2 2 0 1 3317 1311 4475
9368 2 2 0 1 3010 2143 6202
9369 2 2 0 1 1061 3144 6093
9370 2 2 0 1 4412 2540 6559
9371 2 2 0 1 5268 20 5751
9372 2 2 0 1 3335 1717 4500
9373 2 2 0 1 2778 3910 5746
9374 2 2 0 1 2772 5508 5523
9375 2 2 0 1 3125 410 5013
9376 2 2 0 1 950 4890 6475
9377 2 2 0 1 2265 3235 4927
9378 2 2 0 1 1110 4119 5788
9379 2 2 0 1 939 5446 6032
9380 2 2 0 1 2136 3939 5140
9381 2 2 0 1 3062 711 5621
9382 2 2 0 1 1033 3063 5551
9383 2 2 0 1 2802 3643 5797
9384 2 2 0 1 3800 1923 5499
9385 2 2 0 1 531 4792 6596
9386 2 2 0 1 233 3323 4555
9387 2 2 0 1 1342 3505 6285
9388 2 2 0 1 1483 2898 4686
9389 2 2 0 1 3520 1009 5886
9390 2 2 0 1 3094 1002 5448
9391 2 2 0 1 3105 1738 5819
9392 2 2 0 1 624 4214 5161
9393 2 2 0 1 3597 741 4307
9394 2 2 0 1 1484 2900 4687
9395 2 2 0 1 710 3294 4598
9396 2 2 0 1 4950 2001 5019
9397 2 2 0 1 2618 3898 5743
9398 2 2 0 1 791 3938 4539
9399 2 2 0 1 4857 1429 4858
9400 2 2 0 1 3345 757 5984
9401 2 2 0 1 648 3476 5131
9402 2 2 0 1 4222 1507 5718
9403 2 2 0 1 1872 3249 6448
9404 2 2 0 1 3204 4233 6419
9405 2 2 0 1 1020 3100 5287
9406 2 2 0 1 5126 1354 6105
9407 2 2 0 1 3328 84 4604
9408 2 2 0 1 3603 2596 4513
9409 2 2 0 1 1175 3441 6281
9410 2 2 0 1 1612 3228 5611
9411 2 2 0 1 603 3072 5227
9412 2 2 0 1 3326 1335 4533
9413 2 2 0 1 3522 662 5541
9414 2 2 0 1 1045 3077 5695
9415 2 2 0 1 3123 1634 5508
9416 2 2 0 1 3226 1757 4803
9417 2 2 0 1 4924 1713 5715
9418 2 2 0 1 635 3981 4653
9419 2 2 0 1 16 3494 6122
9420 2 2 0 1 3297 614 4641
9421 2 2 0 1 3144 1765 6093
9422 2 2 0 1 1110 3258 4729
9423 2 2 0 1 3047 1461 5861
9424 2 2 0 1 1821 3544 4722
9425 2 2 0 1 3558 887 4534
9426 2 2 0 1 3272 1529 5171
9427 2 2 0 1 3225 472 6167
9428 2 2 0 1 4305 1425 5717
9429 2 2 0 1 532 4400 6038
9430 2 2 0 1 684 6026 6236
9431 2 2 0 1 2126 4329 4797
9432 2 2 0 1 1363 3031 5758
9433 2 2 0 1 2907 1490 4719
9434 2 2 0 1 3424 1506 4854
9435 2 2 0 1 3391 776 4985
9436 2 2 0 1 1686 4496 4591
9437 2 2 0 1 1387 3239 6658
9438 2 2 0 1 1760 3378 5744
9439 2 2 0 1 774 4973 5581
9440 2 2 0 1 4338 702 4988
9441 2 2 0 1 3308 1116 4550
9442 2 2 0 1 4243 2697 5713
9443 2 2 0 1 3166 1424 5116
9444 2 2 0 1 354 3554 5684
9445 2 2 0 1 911 3083 5512
9446 2 2 0 1 3096 842 5262
9447 2 2 0 1 1312 3889 4030
9448 2 2 0 1 1015 3173 5054
9449 2 2 0 1 332 3024 6622
9450 2 2 0 1 3611 860 4216
9451 2 2 0 1 3570 948 5195
9452 2 2 0 1 4609 1666 6272
9453 2 2 0 1 2112 4857 4858
9454 2 2 0 1 4446 2227 6241
9455 2 2 0 1 3791 1413 4405
9456 2 2 0 1 4460 2205 5371
9457 2 2 0 1 4524 1689 5820
9458 2 2 0 1 3139 598 4934
9459 2 2 0 1 1157 3415 4947
9460 2 2 0 1 3633 600 6290
9461 2 2 0 1 3149 1501 5252
9462 2 2 0 1 4581 3646 6399
9463 2 2 0 1 3080 1479 5411
9464 2 2 0 1 3662 2031 4928
9465 2 2 0 1 1469 3514 4482
9466 2 2 0 1 3356 1644 5190
9467 2 2 0 1 1399 3177 4987
9468 2 2 0 1 4103 2181 5964
9469 2 2 0 1 3759 426 4659
9470 2 2 0 1 3280 386 5415
9471 2 2 0 1 1544 3060 6547
9472 2 2 0 1 3113 478 5498
9473 2 2 0 1 557 3100 6466
9474 2 2 0 1 5346 781 6404
9475 2 2 0 1 4137 2184 6189
9476 2 2 0 1 1887 3074 6214
9477 2 2 0 1 5807 2144 6601
9478 2 2 0 1 4871 1811 5739
9479 2 2 0 1 4694 621 4926
9480 2 2 0 1 1666 3238 5818
9481 2 2 0 1 3378 661 5744
9482 2 2 0 1 40 41 5745
9483 2 2 0 1 365 4103 5964
9484 2 2 0 1 4276 1756 5376
9485 2 2 0 1 4691 651 5606
9486 2 2 0 1 1140 4009 5983
9487 2 2 0 1 4533 749 5144
9488 2 2 0 1 4287 1682 4988
9489 2 2 0 1 1681 3102 6081
9490 2 2 0 1 110 111 4700
9491 2 2 0 1 3433 1684 5553
9492 2 2 0 1 2986 3937 5912
9493 2 2 0 1 5193 1666 5818
9494 2 2 0 1 1504 4999 5218
9495 2 2 0 1 5156 1557 5916
9496 2 2 0 1 4693 652 5610
9497 2 2 0 1 3512 356 4408
9498 2 2 0 1 412 3450 4663
9499 2 2 0 1 3249 986 6448
9500 2 2 0 1 1118 3103 6357
9501 2 2 0 1 3719 1348 6117
9502 2 2 0 1 1000 3117 6446
9503 2 2 0 1 1901 3520 5886
9504 2 2 0 1 1457 3620 4654
9505 2 2 0 1 1880 3412 6289
9506 2 2 0 1 3920 2055 5568
9507 2 2 0 1 1367 3965 3985
9508 2 2 0 1 1984 3698 6288
9509 2 2 0 1 2083 4276 5376
9510 2 2 0 1 377 3318 5946
9511 2 2 0 1 3075 1334 5118
9512 2 2 0 1 3083 1503 5512
9513 2 2 0 1 2148 3622 4352
9514 2 2 0 1 3552 1005 5032
9515 2 2 0 1 4199 693 5340
9516 2 2 0 1 2611 3527 5431
9517 2 2 0 1 3213 491 6004
9518 2 2 0 1 1106 3079 6098
9519 2 2 0 1 3202 1575 5050
9520 2 2 0 1 3497 1914 6171
9521 2 2 0 1 191 3962 6147
9522 2 2 0 1 212 2900 5596
9523 2 2 0 1 105 3901 5883
9524 2 2 0 1 3650 899 4900
9525 2 2 0 1 3975 1597 4020
9526 2 2 0 1 3392 1951 4546
9527 2 2 0 1 3209 1429 4857
9528 2 2 0 1 774 3103 6646
9529 2 2 0 1 1383 3975 4020
9530 2 2 0 1 3375 2127 4516
9531 2 2 0 1 1102 3048 5424
9532 2 2 0 1 976 4412 6559
9533 2 2 0 1 1401 3393 4561
9534 2 2 0 1 3488 1660 5107
9535 2 2 0 1 3395 555 4531
9536 2 2 0 1 85 3349 4604
9537 2 2 0 1 3831 1355 4122
9538 2 2 0 1 1059 3209 4857
9539 2 2 0 1 3193 1433 5443
9540 2 2 0 1 3379 578 4563
9541 2 2 0 1 2862 4477 6064
9542 2 2 0 1 4215 672 5958
9543 2 2 0 1 3093 1815 5570
9544 2 2 0 1 4999 2343 5218
9545 2 2 0 1 2785 4007 6184
9546 2 2 0 1 3369 288 5493
9547 2 2 0 1 3338 1378 6567
9548 2 2 0 1 2907 300 5597
9549 2 2 0 1 2722 5193 5818
9550 2 2 0 1 514 3285 4704
9551 2 2 0 1 4890 2889 6475
9552 2 2 0 1 4169 1314 4602
9553 2 2 0 1 3462 1562 4736
9554 2 2 0 1 1867 3345 5984
9555 2 2 0 1 4738 388 5859
9556 2 2 0 1 850 3340 5688
9557 2 2 0 1 3409 608 4669
9558 2 2 0 1 4884 2182 6621
9559 2 2 0 1 502 3272 5171
9560 2 2 0 1 3080 712 5514
9561 2 2 0 1 3502 638 4994
9562 2 2 0 1 3910 1783 5746
9563 2 2 0 1 3527 1890 5431
9564 2 2 0 1 3218 1412 6058
9565 2 2 0 1 3060 648 5863
9566 2 2 0 1 3930 134 5500
9567 2 2 0 1 6 7 5941
9568 2 2 0 1 61 62 5901
9569 2 2 0 1 209 210 5903
9570 2 2 0 1 5034 315 5579
9571 2 2 0 1 4023 749 4538
9572 2 2 0 1 4047 1701 4230
9573 2 2 0 1 1422 3705 4199
9574 2 2 0 1 3301 1179 5958
9575 2 2 0 1 3987 1369 5420
9576 2 2 0 1 1433 3193 5987
9577 2 2 0 1 1618 3759 4659
9578 2 2 0 1 4523 1921 4735
9579 2 2 0 1 4294 1437 4410
9580 2 2 0 1 3158 1142 5175
9581 2 2 0 1 4657 1440 4755
9582 2 2 0 1 4928 2031 5486
9583 2 2 0 1 3572 1268 5137
9584 2 2 0 1 712 3080 5411
9585 2 2 0 1 384 3170 5218
9586 2 2 0 1 3938 1676 4539
9587 2 2 0 1 4105 682 5866
9588 2 2 0 1 5080 1474 5486
9589 2 2 0 1 48 49 4478
9590 2 2 0 1 3576 390 4787
9591 2 2 0 1 968 3149 5252
9592 2 2 0 1 3130 194 5256
9593 2 2 0 1 197 3151 4937
9594 2 2 0 1 3173 1439 5990
9595 2 2 0 1 140 141 4911
9596 2 2 0 1 154 155 5762
9597 2 2 0 1 996 3170 6648
9598 2 2 0 1 3041 2002 6151
9599 2 2 0 1 4257 670 4935
9600 2 2 0 1 4865 2336 5839
9601 2 2 0 1 3675 611 5639
9602 2 2 0 1 5316 2219 6159
9603 2 2 0 1 518 3282 4746
9604 2 2 0 1 656 4723 5701
9605 2 2 0 1 521 3099 6287
9606 2 2 0 1 2433 4929 5784
9607 2 2 0 1 986 3249 6681
9608 2 2 0 1 4085 841 5084
9609 2 2 0 1 2420 5268 5751
9610 2 2 0 1 492 3147 6144
9611 2 2 0 1 3081 1288 5476
9612 2 2 0 1 101 3767 5531
9613 2 2 0 1 5391 1449 6360
9614 2 2 0 1 4324 1465 5955
9615 2 2 0 1 641 3493 4847
9616 2 2 0 1 4338 1682 5266
9617 2 2 0 1 3170 1504 5218
9618 2 2 0 1 3595 2506 4744
9619 2 2 0 1 3337 666 5557
9620 2 2 0 1 3078 46 5543
9621 2 2 0 1 3498 1852 6408
9622 2 2 0 1 3051 384 6121
9623 2 2 0 1 3515 2257 5918
9624 2 2 0 1 4462 54 6623
9625 2 2 0 1 2287 4691 5606
9626 2 2 0 1 1987 3271 4702
9627 2 2 0 1 3340 1733 5688
9628 2 2 0 1 699 3214 4788
9629 2 2 0 1 4221 1961 4710
9630 2 2 0 1 327 3066 5334
9631 2 2 0 1 4867 2073 6496
9632 2 2 0 1 1137 3710 6194
9633 2 2 0 1 3660 1933 5734
9634 2 2 0 1 1965 3479 4433
9635 2 2 0 1 3499 1853 6411
9636 2 2 0 1 1564 3576 4787
9637 2 2 0 1 4702 727 5957
9638 2 2 0 1 4018 2750 5384
9639 2 2 0 1 3657 748 4397
9640 2 2 0 1 2288 4693 5610
9641 2 2 0 1 3252 987 6569
9642 2 2 0 1 1429 3454 4858
9643 2 2 0 1 1048 3129 6510
9644 2 2 0 1 2399 4423 4764
9645 2 2 0 1 376 3068 5733
9646 2 2 0 1 770 4049 4646
9647 2 2 0 1 355 3664 4336
9648 2 2 0 1 3353 767 4630
9649 2 2 0 1 393 3503 4481
9650 2 2 0 1 2014 4657 4755
9651 2 2 0 1 3082 1337 5298
9652 2 2 0 1 1441 3195 5028
9653 2 2 0 1 4094 2498 5101
9654 2 2 0 1 1709 3608 4676
9655 2 2 0 1 1651 3650 4900
9656 2 2 0 1 3343 1219 4751
9657 2 2 0 1 771 4053 4647
9658 2 2 0 1 253 254 4520
9659 2 2 0 1 1476 3409 4669
9660 2 2 0 1 3117 1466 6446
9661 2 2 0 1 60 3205 4506
9662 2 2 0 1 2410 4008 5998
9663 2 2 0 1 3238 455 5892
9664 2 2 0 1 1825 3087 6173
9665 2 2 0 1 3754 719 5170
9666 2 2 0 1 2108 4694 4926
9667 2 2 0 1 1494 4508 4573
9668 2 2 0 1 3114 4293 6077
9669 2 2 0 1 150 151 4577
9670 2 2 0 1 5930 2309 6280
9671 2 2 0 1 3526 1640 4699
9672 2 2 0 1 3109 999 6353
9673 2 2 0 1 2632 4449 4891
9674 2 2 0 1 2184 4137 5952
9675 2 2 0 1 3768 792 4953
9676 2 2 0 1 3517 729 6508
9677 2 2 0 1 3627 743 4651
9678 2 2 0 1 3197 1094 5875
9679 2 2 0 1 531 4041 6485
9680 2 2 0 1 4739 1932 6171
9681 2 2 0 1 3049 365 5964
9682 2 2 0 1 691 3825 4570
9683 2 2 0 1 762 3534 6298
9684 2 2 0 1 3228 688 5611
9685 2 2 0 1 3222 1385 4664
9686 2 2 0 1 783 3194 5191
9687 2 2 0 1 1895 4296 4861
9688 2 2 0 1 4137 1172 5952
9689 2 2 0 1 5381 1622 6418
9690 2 2 0 1 1287 3661 6037
9691 2 2 0 1 1058 3148 6319
9692 2 2 0 1 3482 1359 4431
9693 2 2 0 1 3503 1426 4481
9694 2 2 0 1 3365 1095 4728
9695 2 2 0 1 3357 616 4720
9696 2 2 0 1 285 286 4543
9697 2 2 0 1 870 3497 6171
9698 2 2 0 1 3724 1394 5042
9699 2 2 0 1 1449 4513 6360
9700 2 2 0 1 1451 4277 4392
9701 2 2 0 1 2667 4052 5264
9702 2 2 0 1 809 4360 4778
9703 2 2 0 1 2059 4338 5266
9704 2 2 0 1 208 3206 4536
9705 2 2 0 1 4266 1590 5162
9706 2 2 0 1 1234 3101 5563
9707 2 2 0 1 1745 3388 4632
9708 2 2 0 1 385 3217 5572
9709 2 2 0 1 1940 3120 6551
9710 2 2 0 1 3157 1010 5387
9711 2 2 0 1 3481 1162 6226
9712 2 2 0 1 1637 3280 5415
9713 2 2 0 1 3724 596 4256
9714 2 2 0 1 1050 3432 4564
9715 2 2 0 1 1686 3940 4496
9716 2 2 0 1 4252 1460 5884
9717 2 2 0 1 3107 1117 6471
9718 2 2 0 1 457 3635 4312
9719 2 2 0 1 849 3373 5705
9720 2 2 0 1 46 47 5543
9721 2 2 0 1 3706 1600 5434
9722 2 2 0 1 377 3118 6477
9723 2 2 0 1 3937 1267 5912
9724 2 2 0 1 1511 4523 4735
9725 2 2 0 1 1713 4093 5006
9726 2 2 0 1 2710 4014 5289
9727 2 2 0 1 3133 704 6318
9728 2 2 0 1 3326 341 4795
9729 2 2 0 1 996 3054 6109
9730 2 2 0 1 1772 3754 5170
9731 2 2 0 1 3836 2937 6098
9732 2 2 0 1 536 4856 6046
9733 2 2 0 1 3161 4721 5373
9734 2 2 0 1 3643 1946 5797
9735 2 2 0 1 3708 1603 5444
9736 2 2 0 1 3744 398 4784
9737 2 2 0 1 2149 3464 5135
9738 2 2 0 1 4900 1899 5003
9739 2 2 0 1 725 4374 4627
9740 2 2 0 1 2259 3932 4416
9741 2 2 0 1 1844 3489 5976
9742 2 2 0 1 1680 3197 5875
9743 2 2 0 1 3445 2111 4595
9744 2 2 0 1 3489 1077 5976
9745 2 2 0 1 4723 2299 5701
9746 2 2 0 1 1600 5894 6258
9747 2 2 0 1 3087 1665 6029
9748 2 2 0 1 1414 4345 6043
9749 2 2 0 1 3146 1624 5834
9750 2 2 0 1 1059 3316 4768
9751 2 2 0 1 5209 853 6071
9752 2 2 0 1 4448 345 5185
9753 2 2 0 1 5482 2277 5588
9754 2 2 0 1 3114 739 6638
9755 2 2 0 1 2105 3848 4683
9756 2 2 0 1 169 170 4565
9757 2 2 0 1 1603 5899 6263
9758 2 2 0 1 882 4725 6379
9759 2 2 0 1 2192 4023 4538
9760 2 2 0 1 3430 1510 5311
9761 2 2 0 1 4187 2717 6176
9762 2 2 0 1 3085 1178 5812
9763 2 2 0 1 1916 3252 6569
9764 2 2 0 1 3876 1763 5038
9765 2 2 0 1 1797 3188 6413
9766 2 2 0 1 3301 672 4777
9767 2 2 0 1 1757 3226 6179
9768 2 2 0 1 382 3166 5116
9769 2 2 0 1 232 233 4555
9770 2 2 0 1 407 5160 5434
9771 2 2 0 1 1941 4085 5084
9772 2 2 0 1 1475 3266 4818
9773 2 2 0 1 750 3134 5544
9774 2 2 0 1 3136 1446 5448
9775 2 2 0 1 1258 3522 5541
9776 2 2 0 1 2004 3468 4751
9777 2 2 0 1 3490 1415 4886
9778 2 2 0 1 1764 4294 4410
9779 2 2 0 1 408 5166 5444
9780 2 2 0 1 1142 3092 6308
9781 2 2 0 1 3100 1020 6405
9782 2 2 0 1 3626 2047 6465
9783 2 2 0 1 381 3291 4773
9784 2 2 0 1 4423 1305 4764
9785 2 2 0 1 4650 1078 5836
9786 2 2 0 1 4093 2028 5006
9787 2 2 0 1 1969 3774 4594
9788 2 2 0 1 3373 1741 5705
9789 2 2 0 1 765 3876 5038
9790 2 2 0 1 3767 1918 5531
9791 2 2 0 1 3747 1404 5598
9792 2 2 0 1 1504 3170 5782
9793 2 2 0 1 4683 510 5522
9794 2 2 0 1 2639 5627 6167
9795 2 2 0 1 455 3131 5892
9796 2 2 0 1 727 3141 5957
9797 2 2 0 1 735 3720 5758
9798 2 2 0 1 4532 202 6579
9799 2 2 0 1 688 3228 5092
9800 2 2 0 1 1740 3238 5892
9801 2 2 0 1 3534 2009 6298
9802 2 2 0 1 3748 1166 5790
9803 2 2 0 1 1979 5030 5170
9804 2 2 0 1 1183 3849 6061
9805 2 2 0 1 1702 3768 4953
9806 2 2 0 1 4360 1907 4778
9807 2 2 0 1 2085 4996 6641
9808 2 2 0 1 730 3922 6311
9809 2 2 0 1 2012 3930 5500
9810 2 2 0 1 1445 3192 5373
9811 2 2 0 1 5792 2167 6026
9812 2 2 0 1 833 4201 6645
9813 2 2 0 1 3846 3229 5766
9814 2 2 0 1 3543 1277 5619
9815 2 2 0 1 3820 575 4391
9816 2 2 0 1 1335 4216 5438
9817 2 2 0 1 289 4044 5493
9818 2 2 0 1 1072 3133 5269
9819 2 2 0 1 1477 3968 4941
9820 2 2 0 1 1056 3139 6043
9821 2 2 0 1 4000 1727 4152
9822 2 2 0 1 3546 1278 5623
9823 2 2 0 1 3566 1191 4698
9824 2 2 0 1 3190 8 4635
9825 2 2 0 1 3351 1557 5156
9826 2 2 0 1 3319 546 6589
9827 2 2 0 1 1878 3346 4880
9828 2 2 0 1 261 262 4610
9829 2 2 0 1 736 5697 6145
9830 2 2 0 1 1270 3928 4837
9831 2 2 0 1 5736 3863 6211
9832 2 2 0 1 1438 3524 4626
9833 2 2 0 1 2000 4639 4836
9834 2 2 0 1 4639 1495 4836
9835 2 2 0 1 2834 3992 5498
9836 2 2 0 1 524 3509 5078
9837 2 2 0 1 4044 2033 5493
9838 2 2 0 1 3523 1819 4583
9839 2 2 0 1 581 3734 4439
9840 2 2 0 1 84 85 4604
9841 2 2 0 1 4444 3504 6316
9842 2 2 0 1 3497 870 4556
9843 2 2 0 1 732 3912 4734
9844 2 2 0 1 6111 2005 6610
9845 2 2 0 1 3311 1563 5375
9846 2 2 0 1 4574 1992 5942
9847 2 2 0 1 3252 1534 5367
9848 2 2 0 1 65 66 4686
9849 2 2 0 1 613 3351 5156
9850 2 2 0 1 213 214 4687
9851 2 2 0 1 4337 670 4365
9852 2 2 0 1 1403 3246 4646
9853 2 2 0 1 1413 4580 5570
9854 2 2 0 1 1079 3183 5416
9855 2 2 0 1 1643 3153 6534
9856 2 2 0 1 688 4524 5670
9857 2 2 0 1 3132 1140 5983
9858 2 2 0 1 3454 1429 4710
9859 2 2 0 1 251 3423 5397
9860 2 2 0 1 3188 1053 6413
9861 2 2 0 1 4455 3508 6343
9862 2 2 0 1 336 3716 5138
9863 2 2 0 1 1405 3247 4647
9864 2 2 0 1 3895 2017 5888
9865 2 2 0 1 1080 3127 5793
9866 2 2 0 1 4550 1423 4620
9867 2 2 0 1 1669 3168 5338
9868 2 2 0 1 1150 3207 5787
9869 2 2 0 1 4383 645 4759
9870 2 2 0 1 321 5104 5956
9871 2 2 0 1 1439 3173 5312
9872 2 2 0 1 1704 5405 6118
9873 2 2 0 1 3914 1118 6357
9874 2 2 0 1 4119 1839 5522
9875 2 2 0 1 3134 1570 5544
9876 2 2 0 1 857 3577 5056
9877 2 2 0 1 2278 3113 6054
9878 2 2 0 1 1550 3138 6071
9879 2 2 0 1 3913 684 6236
9880 2 2 0 1 4166 1669 4441
9881 2 2 0 1 3187 1681 6081
9882 2 2 0 1 1397 3435 5281
9883 2 2 0 1 1147 3201 6516
9884 2 2 0 1 678 5291 5760
9885 2 2 0 1 4000 1345 4809
9886 2 2 0 1 705 3393 5851
9887 2 2 0 1 3147 1105 5095
9888 2 2 0 1 2400 4650 5836
9889 2 2 0 1 623 3146 5834
9890 2 2 0 1 3986 687 4443
9891 2 2 0 1 3379 1217 6024
9892 2 2 0 1 4310 934 5918
9893 2 2 0 1 3170 996 5782
9894 2 2 0 1 298 299 4719
9895 2 2 0 1 3148 1513 6319
9896 2 2 0 1 522 3193 5443
9897 2 2 0 1 4277 1725 4392
9898 2 2 0 1 3169 734 5418
9899 2 2 0 1 3450 1418 4663
9900 2 2 0 1 3108 1580 5491
9901 2 2 0 1 3153 969 6212
9902 2 2 0 1 3412 1064 6289
9903 2 2 0 1 3506 871 5588
9904 2 2 0 1 6171 1932 6445
9905 2 2 0 1 3609 1408 4733
9906 2 2 0 1 5104 2684 5956
9907 2 2 0 1 4080 3015 5220
9908 2 2 0 1 4245 2079 5605
9909 2 2 0 1 3963 665 4559
9910 2 2 0 1 6212 1740 6337
9911 2 2 0 1 1329 3626 6465
9912 2 2 0 1 1214 3895 5888
9913 2 2 0 1 1754 4874 5811
9914 2 2 0 1 3611 1904 6094
9915 2 2 0 1 757 3953 5036
9916 2 2 0 1 2006 3387 6681
9917 2 2 0 1 3089 305 5935
9918 2 2 0 1 1354 4231 6105
9919 2 2 0 1 2585 5182 5755
9920 2 2 0 1 152 3 6020
9921 2 2 0 1 1521 3161 6134
9922 2 2 0 1 4325 1744 4603
9923 2 2 0 1 1135 3286 4995
9924 2 2 0 1 2408 3313 4810
9925 2 2 0 1 1446 4003 5796
9926 2 2 0 1 1345 4029 4809
9927 2 2 0 1 3637 1226 5749
9928 2 2 0 1 740 3527 4581
9929 2 2 0 1 1442 3598 5722
9930 2 2 0 1 487 4865 5839
9931 2 2 0 1 3217 1611 5572
9932 2 2 0 1 782 3454 4710
9933 2 2 0 1 1815 4337 4365
9934 2 2 0 1 2078 3222 4664
9935 2 2 0 1 3226 655 6179
9936 2 2 0 1 3593 1918 6076
9937 2 2 0 1 1753 4893 5867
9938 2 2 0 1 4112 1515 4340
9939 2 2 0 1 3170 384 5641
9940 2 2 0 1 4893 2498 5867
9941 2 2 0 1 2052 3986 4443
9942 2 2 0 1 3524 696 4626
9943 2 2 0 1 3261 175 5011
9944 2 2 0 1 2082 4448 5185
9945 2 2 0 1 1014 3336 6306
9946 2 2 0 1 2512 3477 5571
9947 2 2 0 1 3868 742 4229
9948 2 2 0 1 1355 3831 4810
9949 2 2 0 1 3208 1228 5936
9950 2 2 0 1 3172 1249 6203
9951 2 2 0 1 3172 2418 5846
9952 2 2 0 1 2 64 6022
9953 2 2 0 1 3446 454 4760
9954 2 2 0 1 3912 1885 4734
9955 2 2 0 1 1540 4026 4917
9956 2 2 0 1 9 10 4840
9957 2 2 0 1 2204 4178 5119
9958 2 2 0 1 6462 3325 6536
9959 2 2 0 1 4049 1743 4436
9960 2 2 0 1 3246 2122 4646
9961 2 2 0 1 3131 1018 5761
9962 2 2 0 1 1678 3208 5936
9963 2 2 0 1 1426 3503 5096
9964 2 2 0 1 4493 568 5244
9965 2 2 0 1 4208 1602 4542
9966 2 2 0 1 640 4780 5674
9967 2 2 0 1 3247 2124 4647
9968 2 2 0 1 1112 3145 5236
9969 2 2 0 1 2374 5156 5916
9970 2 2 0 1 3202 740 6399
9971 2 2 0 1 1416 3961 4195
9972 2 2 0 1 1144 3670 4479
9973 2 2 0 1 4623 594 4657
9974 2 2 0 1 4053 1747 4438
9975 2 2 0 1 5956 3065 6063
9976 2 2 0 1 4048 146 6412
9977 2 2 0 1 1475 3551 4911
9978 2 2 0 1 3705 1422 5169
9979 2 2 0 1 4051 294 6464
9980 2 2 0 1 3225 1789 5428
9981 2 2 0 1 3709 1541 4677
9982 2 2 0 1 3262 1341 4806
9983 2 2 0 1 3493 641 5496
9984 2 2 0 1 176 177 4814
9985 2 2 0 1 2138 6033 6332
9986 2 2 0 1 3153 6212 6337
9987 2 2 0 1 3372 1760 5935
9988 2 2 0 1 4374 1932 4627
9989 2 2 0 1 1845 3637 5749
9990 2 2 0 1 70 4061 6592
9991 2 2 0 1 218 4064 6594
9992 2 2 0 1 321 5956 6063
9993 2 2 0 1 987 3252 5367
9994 2 2 0 1 1185 3593 6076
9995 2 2 0 1 1539 3182 6135
9996 2 2 0 1 2570 4211 6500
9997 2 2 0 1 880 3672 5270
9998 2 2 0 1 14 4456 6348
9999 2 2 0 1 2094 3384 4860
10000 2 2 0 1 4468 389 4854
10001 2 2 0 1 58 59 4801
10002 2 2 0 1 3542 817 6083
10003 2 2 0 1 28 29 4957
10004 2 2 0 1 4191 2582 6574
10005 2 2 0 1 206 207 4741
10006 2 2 0 1 1346 4016 5130
10007 2 2 0 1 912 3235 5772
10008 2 2 0 1 3949 690 4265
10009 2 2 0 1 39 40 5527
10010 2 2 0 1 4192 2583 6575
10011 2 2 0 1 4047 865 4662
10012 2 2 0 1 5912 2996 5970
10013 2 2 0 1 3721 714 4956
10014 2 2 0 1 2393 4032 6499
10015 2 2 0 1 1538 3820 4391
10016 2 2 0 1 1790 4242 4482
10017 2 2 0 1 4488 883 5904
10018 2 2 0 1 2137 3936 4822
10019 2 2 0 1 5182 1664 5755
10020 2 2 0 1 626 3714 4519
10021 2 2 0 1 729 3198 6508
10022 2 2 0 1 3431 1698 4793
10023 2 2 0 1 2257 4310 5918
10024 2 2 0 1 305 3372 5935
10025 2 2 0 1 4596 593 4697
10026 2 2 0 1 775 3709 4677
10027 2 2 0 1 2573 4176 6563
10028 2 2 0 1 3181 1655 5515
10029 2 2 0 1 3452 848 5742
10030 2 2 0 1 1048 5912 5970
10031 2 2 0 1 601 4253 5375
10032 2 2 0 1 1566 4123 4318
10033 2 2 0 1 3716 1731 5138
10034 2 2 0 1 1990 3776 6497
10035 2 2 0 1 2703 3397 6164
10036 2 2 0 1 4622 1966 5632
10037 2 2 0 1 4110 567 4422
10038 2 2 0 1 3927 2823 6223
10039 2 2 0 1 1731 3506 5588
10040 2 2 0 1 3816 422 5774
10041 2 2 0 1 3714 1502 4519
10042 2 2 0 1 1420 3534 5437
10043 2 2 0 1 4204 376 6461
10044 2 2 0 1 1156 3162 5249
10045 2 2 0 1 1428 3490 6606
10046 2 2 0 1 833 3763 5550
10047 2 2 0 1 3374 588 6501
10048 2 2 0 1 1624 3167 5834
10049 2 2 0 1 1043 3592 5630
10050 2 2 0 1 3350 636 5354
10051 2 2 0 1 1408 3566 4698
10052 2 2 0 1 4093 1713 4924
10053 2 2 0 1 2014 4623 4657
10054 2 2 0 1 2412 5307 6031
10055 2 2 0 1 3195 1833 6085
10056 2 2 0 1 3162 1512 5249
10057 2 2 0 1 3314 4891 5948
10058 2 2 0 1 125 4245 5605
10059 2 2 0 1 2066 3741 6195
10060 2 2 0 1 2026 4783 5614
10061 2 2 0 1 3289 1646 5203
10062 2 2 0 1 324 5184 5967
10063 2 2 0 1 4332 1813 5998
10064 2 2 0 1 605 3325 6462
10065 2 2 0 1 697 4248 4960
10066 2 2 0 1 3687 1896 4898
10067 2 2 0 1 449 5403 6173
10068 2 2 0 1 3189 1189 6196
10069 2 2 0 1 2864 5741 5896
10070 2 2 0 1 1792 4255 4518
10071 2 2 0 1 877 3756 5178
10072 2 2 0 1 4089 250 5397
10073 2 2 0 1 2209 4170 5096
10074 2 2 0 1 1330 3667 5893
10075 2 2 0 1 3992 1292 5498
10076 2 2 0 1 5234 841 6009
10077 2 2 0 1 1367 3376 5741
10078 2 2 0 1 1767 4782 5937
10079 2 2 0 1 4545 3033 6142
10080 2 2 0 1 442 4325 4603
10081 2 2 0 1 3997 1987 5957
10082 2 2 0 1 828 3863 4413
10083 2 2 0 1 1690 3657 4703
10084 2 2 0 1 599 3367 5146
10085 2 2 0 1 1581 3767 4808
10086 2 2 0 1 3198 1802 6508
10087 2 2 0 1 3612 725 4627
10088 2 2 0 1 2241 4828 6264
10089 2 2 0 1 4402 1443 6682
10090 2 2 0 1 2305 4488 5904
10091 2 2 0 1 2502 4503 5840
10092 2 2 0 1 1199 3143 6621
10093 2 2 0 1 1590 3244 5646
10094 2 2 0 1 3419 4907 6603
10095 2 2 0 1 3182 327 6135
10096 2 2 0 1 4091 1474 4131
10097 2 2 0 1 5184 2691 5967
10098 2 2 0 1 1752 3452 5742
10099 2 2 0 1 1559 4746 4876
10100 2 2 0 1 860 3611 6094
10101 2 2 0 1 4885 1565 5554
10102 2 2 0 1 1182 3163 5481
10103 2 2 0 1 2081 4596 4697
10104 2 2 0 1 1547 4157 4259
10105 2 2 0 1 3637 564 4545
10106 2 2 0 1 1755 4427 5700
10107 2 2 0 1 5540 2375 6200
10108 2 2 0 1 1668 3167 5634
10109 2 2 0 1 4970 2653 6215
10110 2 2 0 1 3990 1860 4224
10111 2 2 0 1 1476 4669 6040
10112 2 2 0 1 331 3835 5914
10113 2 2 0 1 1796 3075 6276
10114 2 2 0 1 5264 709 6216
10115 2 2 0 1 1575 3202 6399
10116 2 2 0 1 5741 914 5896
10117 2 2 0 1 3336 1881 6306
10118 2 2 0 1 2724 3577 6355
10119 2 2 0 1 674 3625 4601
10120 2 2 0 1 858 4343 4696
10121 2 2 0 1 2200 3182 6435
10122 2 2 0 1 5628 1546 6065
10123 2 2 0 1 3196 2708 6175
10124 2 2 0 1 1442 3485 5534
10125 2 2 0 1 3226 1014 6306
10126 2 2 0 1 376 4279 6461
10127 2 2 0 1 441 3791 4405
10128 2 2 0 1 548 3777 6260
10129 2 2 0 1 375 3276 5280
10130 2 2 0 1 600 3354 5061
10131 2 2 0 1 1476 3312 5922
10132 2 2 0 1 4083 2693 6068
10133 2 2 0 1 3658 5525 6564
10134 2 2 0 1 603 3173 5990
10135 2 2 0 1 1449 3603 4513
10136 2 2 0 1 4662 865 6232
10137 2 2 0 1 3777 2041 6260
10138 2 2 0 1 3244 1185 5646
10139 2 2 0 1 2501 4662 6232
10140 2 2 0 1 3863 1762 4413
10141 2 2 0 1 3672 1716 5270
10142 2 2 0 1 4251 2272 6607
10143 2 2 0 1 1491 3934 5066
10144 2 2 0 1 3146 623 5890
10145 2 2 0 1 3721 1447 4465
10146 2 2 0 1 1800 3082 6299
10147 2 2 0 1 1605 4091 4131
10148 2 2 0 1 3163 1520 5481
10149 2 2 0 1 2193 4384 4962
10150 2 2 0 1 962 3718 6565
10151 2 2 0 1 3804 688 5670
10152 2 2 0 1 4711 1638 4715
10153 2 2 0 1 3193 1036 5987
10154 2 2 0 1 2089 4493 5244
10155 2 2 0 1 908 4970 6215
10156 2 2 0 1 1756 3241 5414
10157 2 2 0 1 1750 3607 5665
10158 2 2 0 1 4184 2088 5766
10159 2 2 0 1 1701 4047 4662
10160 2 2 0 1 863 3878 6570
10161 2 2 0 1 4524 2312 5670
10162 2 2 0 1 3951 1084 4709
10163 2 2 0 1 4237 2277 5188
10164 2 2 0 1 358 4184 5766
10165 2 2 0 1 1712 4208 4542
10166 2 2 0 1 4104 1952 4347
10167 2 2 0 1 1864 3957 5371
10168 2 2 0 1 6256 2383 6374
10169 2 2 0 1 671 3634 4614
10170 2 2 0 1 2811 5728 5805
10171 2 2 0 1 902 4455 6679
10172 2 2 0 1 2093 3230 4813
10173 2 2 0 1 3531 1711 6060
10174 2 2 0 1 3909 1979 6552
10175 2 2 0 1 4219 893 5002
10176 2 2 0 1 4249 1630 5210
10177 2 2 0 1 2512 5571 6444
10178 2 2 0 1 2557 5381 6418
10179 2 2 0 1 6384 1920 6440
10180 2 2 0 1 4351 2191 6507
10181 2 2 0 1 4157 1585 4259
10182 2 2 0 1 3298 1740 5761
10183 2 2 0 1 1410 3646 4581
10184 2 2 0 1 3161 606 6134
10185 2 2 0 1 1174 3232 5501
10186 2 2 0 1 3957 1230 5371
10187 2 2 0 1 1807 3543 5619
10188 2 2 0 1 3641 1227 4573
10189 2 2 0 1 3513 1261 4717
10190 2 2 0 1 4175 373 6663
10191 2 2 0 1 522 3234 6386
10192 2 2 0 1 1018 3298 5761
10193 2 2 0 1 1837 6095 6140
10194 2 2 0 1 5728 1962 5805
10195 2 2 0 1 2695 3327 5328
10196 2 2 0 1 1339 3817 4501
10197 2 2 0 1 3953 1810 5036
10198 2 2 0 1 1953 3816 5774
10199 2 2 0 1 1809 3546 5623
10200 2 2 0 1 2866 152 6020
10201 2 2 0 1 1411 3612 4627
10202 2 2 0 1 3211 1591 6591
10203 2 2 0 1 3269 888 5575
10204 2 2 0 1 4261 1390 4288
10205 2 2 0 1 5136 2476 5625
10206 2 2 0 1 670 3415 4935
10207 2 2 0 1 519 3562 6077
10208 2 2 0 1 632 3957 5319
10209 2 2 0 1 1389 4047 4230
10210 2 2 0 1 680 4104 4347
10211 2 2 0 1 3734 1471 4439
10212 2 2 0 1 3894 1778 4690
10213 2 2 0 1 3439 1595 5347
10214 2 2 0 1 3235 1522 5772
10215 2 2 0 1 776 3391 4955
10216 2 2 0 1 3250 644 5615
10217 2 2 0 1 4539 1857 5304
10218 2 2 0 1 4659 2107 5251
10219 2 2 0 1 607 3799 4429
10220 2 2 0 1 4473 633 4508
10221 2 2 0 1 1340 3823 4512
10222 2 2 0 1 3184 1186 5708
10223 2 2 0 1 1685 4254 4617
10224 2 2 0 1 1703 4502 5674
10225 2 2 0 1 3619 890 6512
10226 2 2 0 1 1920 3837 6440
10227 2 2 0 1 1618 4659 5251
10228 2 2 0 1 3501 1643 4853
10229 2 2 0 1 3472 689 4862
10230 2 2 0 1 1321 4847 6528
10231 2 2 0 1 5289 713 6227
10232 2 2 0 1 3186 1187 5709
10233 2 2 0 1 4134 308 4335
10234 2 2 0 1 5866 682 6324
10235 2 2 0 1 1720 5387 6066
10236 2 2 0 1 4526 2456 6521
10237 2 2 0 1 1871 5970 6182
10238 2 2 0 1 734 4755 5418
10239 2 2 0 1 3631 1322 5235
10240 2 2 0 1 3230 1407 4813
10241 2 2 0 1 679 3757 5485
10242 2 2 0 1 1817 4261 4288
10243 2 2 0 1 6095 3177 6140
10244 2 2 0 1 3778 607 5474
10245 2 2 0 1 5627 1789 6167
10246 2 2 0 1 810 3574 5991
10247 2 2 0 1 1474 4091 5365
10248 2 2 0 1 4530 1558 5681
10249 2 2 0 1 1534 3949 4265
10250 2 2 0 1 3475 2195 5102
10251 2 2 0 1 459 3894 4690
10252 2 2 0 1 4455 2578 6679
10253 2 2 0 1 3232 1568 5501
10254 2 2 0 1 3167 1668 6129
10255 2 2 0 1 946 5136 5625
10256 2 2 0 1 1454 4078 4922
10257 2 2 0 1 3756 1732 5178
10258 2 2 0 1 3710 1986 6194
10259 2 2 0 1 3378 1124 4966
10260 2 2 0 1 2051 4062 5977
10261 2 2 0 1 3493 2032 4847
10262 2 2 0 1 3249 156 4841
10263 2 2 0 1 4308 578 6024
10264 2 2 0 1 509 4300 4644
10265 2 2 0 1 1780 3916 6463
10266 2 2 0 1 3415 1382 4947
10267 2 2 0 1 3606 574 5835
10268 2 2 0 1 182 4388 5509
10269 2 2 0 1 1977 4089 5397
10270 2 2 0 1 1770 4098 4434
10271 2 2 0 1 5410 1875 6190
10272 2 2 0 1 1122 3213 5303
10273 2 2 0 1 3898 1535 4530
10274 2 2 0 1 322 3441 4941
10275 2 2 0 1 3831 839 4810
10276 2 2 0 1 4240 1607 4286
10277 2 2 0 1 2272 5898 5900
10278 2 2 0 1 3239 881 6658
10279 2 2 0 1 864 3172 6302
10280 2 2 0 1 3449 2876 6486
10281 2 2 0 1 3315 995 6315
10282 2 2 0 1 1681 3218 5703
10283 2 2 0 1 940 3312 6040
10284 2 2 0 1 3539 1450 5100
10285 2 2 0 1 4655 2012 5290
10286 2 2 0 1 684 3251 6026
10287 2 2 0 1 162 163 4924
10288 2 2 0 1 4451 1847 5020
10289 2 2 0 1 1379 3627 4651
10290 2 2 0 1 4680 2601 6248
10291 2 2 0 1 3165 1155 6456
10292 2 2 0 1 3771 2221 4930
10293 2 2 0 1 706 4003 4903
10294 2 2 0 1 1195 3204 6419
10295 2 2 0 1 3478 1830 4907
10296 2 2 0 1 822 3758 5324
10297 2 2 0 1 4221 480 5327
10298 2 2 0 1 4251 815 5240
10299 2 2 0 1 3354 1491 5061
10300 2 2 0 1 2008 4745 6402
10301 2 2 0 1 5845 1018 6245
10302 2 2 0 1 3758 1751 5324
10303 2 2 0 1 276 277 5107
10304 2 2 0 1 4319 1431 4838
10305 2 2 0 1 4456 2262 6348
10306 2 2 0 1 1452 3865 5361
10307 2 2 0 1 442 3490 4886
10308 2 2 0 1 3320 1945 5318
10309 2 2 0 1 1979 3909 5030
10310 2 2 0 1 637 4148 5391
10311 2 2 0 1 3767 102 4808
10312 2 2 0 1 3551 140 4911
10313 2 2 0 1 4486 1031 5858
10314 2 2 0 1 431 3243 6172
10315 2 2 0 1 1972 4134 4335
10316 2 2 0 1 1892 4908 5930
10317 2 2 0 1 3780 2229 4943
10318 2 2 0 1 388 4238 5859
10319 2 2 0 1 4182 1346 5130
10320 2 2 0 1 1821 5139 6143
10321 2 2 0 1 3850 3080 5514
10322 2 2 0 1 1686 3474 5236
10323 2 2 0 1 4105 1404 4672
10324 2 2 0 1 1077 3224 5954
10325 2 2 0 1 237 4076 6678
10326 2 2 0 1 1961 4221 5327
10327 2 2 0 1 3419 385 4907
10328 2 2 0 1 3607 1141 5665
10329 2 2 0 1 467 5129 5718
10330 2 2 0 1 5599 1882 6133
10331 2 2 0 1 2707 5395 6067
10332 2 2 0 1 691 3750 4772
10333 2 2 0 1 163 4093 4924
10334 2 2 0 1 1929 6424 6483
10335 2 2 0 1 1672 3880 4929
10336 2 2 0 1 4205 2015 5123
10337 2 2 0 1 3878 1153 5358
10338 2 2 0 1 1834 4219 5002
10339 2 2 0 1 569 3439 5347
10340 2 2 0 1 3880 466 4929
10341 2 2 0 1 3448 1653 5095
10342 2 2 0 1 1510 4240 4286
10343 2 2 0 1 2412 3617 5307
10344 2 2 0 1 4248 1891 4960
10345 2 2 0 1 3051 5845 6245
10346 2 2 0 1 1904 4863 5988
10347 2 2 0 1 3719 339 4762
10348 2 2 0 1 2326 3727 4844
10349 2 2 0 1 1571 3381 5039
10350 2 2 0 1 3299 722 5460
10351 2 2 0 1 2504 4225 6367
10352 2 2 0 1 3288 1042 5472
10353 2 2 0 1 3262 785 6126
10354 2 2 0 1 3959 1280 6039
10355 2 2 0 1 3995 648 5131
10356 2 2 0 1 64 2898 6022
10357 2 2 0 1 2062 3892 5175
10358 2 2 0 1 628 3898 4530
10359 2 2 0 1 4004 1971 5675
10360 2 2 0 1 329 4275 5585
10361 2 2 0 1 5602 3211 6591
10362 2 2 0 1 1527 3184 5708
10363 2 2 0 1 3904 1385 4502
10364 2 2 0 1 3277 414 5778
10365 2 2 0 1 3234 5269 6386
10366 2 2 0 1 2245 4486 5858
10367 2 2 0 1 3366 610 5052
10368 2 2 0 1 1531 3186 5709
10369 2 2 0 1 108 109 4965
10370 2 2 0 1 54 55 6623
10371 2 2 0 1 3412 1728 5910
10372 2 2 0 1 3385 1939 6590
10373 2 2 0 1 2255 4333 6662
10374 2 2 0 1 3666 634 4621
10375 2 2 0 1 876 6054 6577
10376 2 2 0 1 657 3233 6243
10377 2 2 0 1 1765 5068 5721
10378 2 2 0 1 472 3225 6440
10379 2 2 0 1 1610 3579 6048
10380 2 2 0 1 1601 4437 5461
10381 2 2 0 1 4062 498 5977
10382 2 2 0 1 3233 1616 6243
10383 2 2 0 1 1553 3288 5472
10384 2 2 0 1 3281 1006 5613
10385 2 2 0 1 1327 3960 4428
10386 2 2 0 1 5247 4092 6428
10387 2 2 0 1 4130 1342 6285
10388 2 2 0 1 5894 2424 6258
10389 2 2 0 1 5242 730 6311
10390 2 2 0 1 3344 335 5351
10391 2 2 0 1 3291 1538 6608
10392 2 2 0 1 4141 1769 4391
10393 2 2 0 1 3729 2249 5635
10394 2 2 0 1 4437 2077 5461
10395 2 2 0 1 5417 830 5833
10396 2 2 0 1 5893 994 6142
10397 2 2 0 1 1605 3651 5111
10398 2 2 0 1 663 3529 4889
10399 2 2 0 1 5899 2426 6263
10400 2 2 0 1 4060 431 5590
10401 2 2 0 1 1064 3412 5910
10402 2 2 0 1 4446 1878 4880
10403 2 2 0 1 3957 1864 5319
10404 2 2 0 1 1557 3344 5351
10405 2 2 0 1 733 4123 4254
10406 2 2 0 1 1628 3250 5615
10407 2 2 0 1 4684 395 5031
10408 2 2 0 1 3359 1467 5034
10409 2 2 0 1 3925 1929 4366
10410 2 2 0 1 5774 2167 5792
10411 2 2 0 1 1909 3804 5670
10412 2 2 0 1 3916 2181 6463
10413 2 2 0 1 3932 1359 4416
10414 2 2 0 1 1412 3427 6058
10415 2 2 0 1 747 4446 4880
10416 2 2 0 1 353 3656 5336
10417 2 2 0 1 1254 3609 4733
10418 2 2 0 1 3891 641 4847
10419 2 2 0 1 485 4000 4809
10420 2 2 0 1 3367 1477 5146
10421 2 2 0 1 1775 4473 4508
10422 2 2 0 1 3327 2024 5328
10423 2 2 0 1 2034 4684 5031
10424 2 2 0 1 1957 4251 5240
10425 2 2 0 1 655 3226 6541
10426 2 2 0 1 723 3255 5800
10427 2 2 0 1 3408 2372 5551
10428 2 2 0 1 3777 1319 5004
10429 2 2 0 1 385 3478 4907
10430 2 2 0 1 1244 4002 4499
10431 2 2 0 1 2121 3418 5109
10432 2 2 0 1 4252 1994 6443
10433 2 2 0 1 5669 1760 5744
10434 2 2 0 1 6297 2518 6519
10435 2 2 0 1 3229 358 5766
10436 2 2 0 1 4300 1780 4644
10437 2 2 0 1 3582 1205 4805
10438 2 2 0 1 1089 3335 5430
10439 2 2 0 1 2039 3259 6277
10440 2 2 0 1 3033 5893 6142
10441 2 2 0 1 3953 757 4445
10442 2 2 0 1 4090 837 6166
10443 2 2 0 1 4280 744 4906
10444 2 2 0 1 4038 1675 5896
10445 2 2 0 1 819 3274 6279
10446 2 2 0 1 1433 3350 5354
10447 2 2 0 1 3615 829 5714
10448 2 2 0 1 2882 4180 6540
10449 2 2 0 1 3296 1016 6301
10450 2 2 0 1 3413 615 5048
10451 2 2 0 1 4496 1611 4591
10452 2 2 0 1 3757 1829 5485
10453 2 2 0 1 1992 3304 5370
10454 2 2 0 1 1205 3695 4805
10455 2 2 0 1 1266 3333 5429
10456 2 2 0 1 3413 1075 6644
10457 2 2 0 1 1912 3413 6644
10458 2 2 0 1 761 3875 4471
10459 2 2 0 1 3849 1912 6061
10460 2 2 0 1 2071 5640 5754
10461 2 2 0 1 3345 1210 5725
10462 2 2 0 1 3720 735 4607
10463 2 2 0 1 2375 5540 6478
10464 2 2 0 1 1265 3681 5193
10465 2 2 0 1 3710 509 4644
10466 2 2 0 1 2109 5559 5707
10467 2 2 0 1 2102 4794 5191
10468 2 2 0 1 2394 3239 6221
10469 2 2 0 1 1403 4049 4436
10470 2 2 0 1 387 3700 4652
10471 2 2 0 1 1202 3303 6615
10472 2 2 0 1 248 249 6169
10473 2 2 0 1 1405 4053 4438
10474 2 2 0 1 5395 1841 6067
10475 2 2 0 1 3258 1536 6078
10476 2 2 0 1 3602 323 4824
10477 2 2 0 1 1369 4996 5420
10478 2 2 0 1 4045 3110 6410
10479 2 2 0 1 3309 448 5510
10480 2 2 0 1 50 51 5068
10481 2 2 0 1 1475 3953 4445
10482 2 2 0 1 3450 1550 4985
10483 2 2 0 1 611 4331 5639
10484 2 2 0 1 4391 1769 4903
10485 2 2 0 1 3578 276 5107
10486 2 2 0 1 3268 2457 6493
10487 2 2 0 1 3810 2169 4769
10488 2 2 0 1 846 5537 5838
10489 2 2 0 1 1828 3481 6226
10490 2 2 0 1 2023 3785 6392
10491 2 2 0 1 513 4135 4327
10492 2 2 0 1 2231 4363 6268
10493 2 2 0 1 434 4205 5123
10494 2 2 0 1 1517 4748 4753
10495 2 2 0 1 4076 2346 6678
10496 2 2 0 1 3888 429 4899
10497 2 2 0 1 357 3427 6633
10498 2 2 0 1 707 4131 5080
10499 2 2 0 1 4780 2327 5674
10500 2 2 0 1 318 3959 6039
10501 2 2 0 1 4343 1826 4696
10502 2 2 0 1 1413 3791 4580
10503 2 2 0 1 4933 2166 5297
10504 2 2 0 1 830 3484 6390
10505 2 2 0 1 3736 3010 6202
10506 2 2 0 1 4136 432 6450
10507 2 2 0 1 127 3332 5511
10508 2 2 0 1 4123 1549 4318
10509 2 2 0 1 4123 1566 4254
10510 2 2 0 1 1203 3838 6131
10511 2 2 0 1 1793 3296 6301
10512 2 2 0 1 1594 4112 4340
10513 2 2 0 1 4098 1407 4434
10514 2 2 0 1 3682 686 6064
10515 2 2 0 1 4009 2007 5983
10516 2 2 0 1 4794 783 5191
10517 2 2 0 1 36 37 5117
10518 2 2 0 1 1313 4062 4330
10519 2 2 0 1 1402 3892 4521
10520 2 2 0 1 5537 3929 6377
10521 2 2 0 1 1777 3638 5427
10522 2 2 0 1 3681 1666 5193
10523 2 2 0 1 4593 715 4750
10524 2 2 0 1 4145 433 6459
10525 2 2 0 1 2236 4532 6579
10526 2 2 0 1 1404 3747 4672
10527 2 2 0 1 3654 2886 5562
10528 2 2 0 1 3651 1172 5111
10529 2 2 0 1 3383 27 5469
10530 2 2 0 1 1191 4223 4698
10531 2 2 0 1 3763 2413 4984
10532 2 2 0 1 1779 3615 5714
10533 2 2 0 1 1885 5341 5968
10534 2 2 0 1 1906 3237 6255
10535 2 2 0 1 1474 3903 5486
10536 2 2 0 1 2006 4618 6006
10537 2 2 0 1 4135 1629 4327
10538 2 2 0 1 5449 421 5660
10539 2 2 0 1 5029 1632 5582
10540 2 2 0 1 1466 3705 5897
10541 2 2 0 1 3294 710 5986
10542 2 2 0 1 3362 1333 5386
10543 2 2 0 1 19 20 5268
10544 2 2 0 1 3460 1699 5117
10545 2 2 0 1 698 3528 5047
10546 2 2 0 1 700 4411 5555
10547 2 2 0 1 1986 3710 4644
10548 2 2 0 1 5141 2256 5228
10549 2 2 0 1 239 240 5115
10550 2 2 0 1 194 195 5256
10551 2 2 0 1 3746 1533 4665
10552 2 2 0 1 1465 4339 5447
10553 2 2 0 1 3632 282 5473
10554 2 2 0 1 1098 3212 6014
10555 2 2 0 1 958 6193 6639
10556 2 2 0 1 5165 339 6117
10557 2 2 0 1 3329 1674 5680
10558 2 2 0 1 1577 3286 6148
10559 2 2 0 1 3489 648 5661
10560 2 2 0 1 2009 4603 6298
10561 2 2 0 1 3774 622 4594
10562 2 2 0 1 184 185 5152
10563 2 2 0 1 20 21 5751
10564 2 2 0 1 3630 340 5891
10565 2 2 0 1 1213 3772 5337
10566 2 2 0 1 3785 855 6392
10567 2 2 0 1 3238 1740 6212
10568 2 2 0 1 3503 1168 5096
10569 2 2 0 1 1654 5141 5228
10570 2 2 0 1 3610 2164 4855
10571 2 2 0 1 871 5482 5588
10572 2 2 0 1 1677 4144 4849
10573 2 2 0 1 3474 1112 5236
10574 2 2 0 1 3492 1930 5057
10575 2 2 0 1 752 4096 6073
10576 2 2 0 1 1857 4539 5194
10577 2 2 0 1 1679 3283 6294
10578 2 2 0 1 5533 1867 5984
10579 2 2 0 1 42 43 6288
10580 2 2 0 1 3940 1092 4496
10581 2 2 0 1 37 3460 5117
10582 2 2 0 1 1657 3472 5083
10583 2 2 0 1 2133 3284 6016
10584 2 2 0 1 4039 1874 4505
10585 2 2 0 1 1948 4185 6334
10586 2 2 0 1 1075 3268 6644
10587 2 2 0 1 3638 1342 5427
10588 2 2 0 1 1805 3262 6091
10589 2 2 0 1 3297 1061 6190
10590 2 2 0 1 1759 3494 6170
10591 2 2 0 1 3267 1726 6010
10592 2 2 0 1 4361 1642 4648
10593 2 2 0 1 1105 3448 5095
10594 2 2 0 1 1424 3614 5116
10595 2 2 0 1 607 4429 4796
10596 2 2 0 1 4748 1851 4753
10597 2 2 0 1 3329 2282 5911
10598 2 2 0 1 3435 766 5281
10599 2 2 0 1 1592 3516 5001
10600 2 2 0 1 4880 1848 5668
10601 2 2 0 1 1897 5852 6088
10602 2 2 0 1 1281 4039 4505
10603 2 2 0 1 3547 2096 4995
10604 2 2 0 1 3370 1600 6655
10605 2 2 0 1 1350 3434 5231
10606 2 2 0 1 1215 4714 6532
10607 2 2 0 1 687 4600 5348
10608 2 2 0 1 592 3726 6055
10609 2 2 0 1 3307 1063 6491
10610 2 2 0 1 3518 1361 4977
10611 2 2 0 1 2417 4690 6639
10612 2 2 0 1 3283 1022 6294
10613 2 2 0 1 3295 1321 5975
10614 2 2 0 1 3371 1603 6660
10615 2 2 0 1 3509 1434 5078
10616 2 2 0 1 4125 1483 5070
10617 2 2 0 1 3301 1301 6362
10618 2 2 0 1 1524 4313 4855
10619 2 2 0 1 4126 1484 5072
10620 2 2 0 1 1720 4933 5297
10621 2 2 0 1 636 3583 5354
10622 2 2 0 1 1907 4360 4619
10623 2 2 0 1 3695 1548 4805
10624 2 2 0 1 3335 1089 6137
10625 2 2 0 1 714 3471 5153
10626 2 2 0 1 1297 3947 4804
10627 2 2 0 1 4492 1986 5277
10628 2 2 0 1 3310 1065 6504
10629 2 2 0 1 4618 2246 6006
10630 2 2 0 1 3476 1366 5131
10631 2 2 0 1 18 19 6382
10632 2 2 0 1 3824 2042 6480
10633 2 2 0 1 4654 366 5386
10634 2 2 0 1 1834 3360 6633
10635 2 2 0 1 484 4182 5130
10636 2 2 0 1 677 3567 4989
10637 2 2 0 1 5307 959 6031
10638 2 2 0 1 1385 3904 4664
10639 2 2 0 1 718 5384 6234
10640 2 2 0 1 5351 335 5803
10641 2 2 0 1 813 4301 5642
10642 2 2 0 1 1695 4350 4389
10643 2 2 0 1 396 3843 5232
10644 2 2 0 1 3765 452 4785
10645 2 2 0 1 1722 4161 4960
10646 2 2 0 1 792 3768 4949
10647 2 2 0 1 1729 3530 5303
10648 2 2 0 1 2605 5449 5660
10649 2 2 0 1 3857 1598 6057
10650 2 2 0 1 918 5206 5426
10651 2 2 0 1 706 3610 4855
10652 2 2 0 1 2184 3302 6189
10653 2 2 0 1 1674 3329 5794
10654 2 2 0 1 3274 2023 5994
10655 2 2 0 1 4223 2174 4698
10656 2 2 0 1 575 4141 4391
10657 2 2 0 1 730 4451 5020
10658 2 2 0 1 1740 3298 6337
10659 2 2 0 1 3444 594 5173
10660 2 2 0 1 4350 1509 4389
10661 2 2 0 1 3526 1737 5972
10662 2 2 0 1 4961 2761 5609
10663 2 2 0 1 776 4656 4985
10664 2 2 0 1 1820 6462 6536
10665 2 2 0 1 397 3410 6626
10666 2 2 0 1 4078 640 4922
10667 2 2 0 1 4177 1940 6551
10668 2 2 0 1 3346 1878 6100
10669 2 2 0 1 3318 1374 5946
10670 2 2 0 1 641 3396 5496
10671 2 2 0 1 90 91 5260
10672 2 2 0 1 4002 2187 4499
10673 2 2 0 1 4263 2076 5302
10674 2 2 0 1 1141 3380 5665
10675 2 2 0 1 2066 4258 4527
10676 2 2 0 1 2188 4110 4422
10677 2 2 0 1 4637 326 5420
10678 2 2 0 1 1693 3597 4906
10679 2 2 0 1 379 3810 4769
10680 2 2 0 1 3648 1216 5490
10681 2 2 0 1 3110 5993 6410
10682 2 2 0 1 1432 4569 5399
10683 2 2 0 1 100 101 5531
10684 2 2 0 1 4149 3013 5212
10685 2 2 0 1 1050 4564 5552
10686 2 2 0 1 5463 2224 5835
10687 2 2 0 1 23 3329 5911
10688 2 2 0 1 1517 3484 5417
10689 2 2 0 1 5993 2097 6410
10690 2 2 0 1 3796 1631 5631
10691 2 2 0 1 6037 2633 6275
10692 2 2 0 1 3575 1670 5355
10693 2 2 0 1 4521 447 5197
10694 2 2 0 1 2433 6205 6324
10695 2 2 0 1 828 4678 5804
10696 2 2 0 1 871 3526 5972
10697 2 2 0 1 460 3824 6480
10698 2 2 0 1 1460 4323 5419
10699 2 2 0 1 205 206 6186
10700 2 2 0 1 4044 290 5945
10701 2 2 0 1 722 3299 6396
10702 2 2 0 1 4301 2048 5642
10703 2 2 0 1 2168 6530 6595
10704 2 2 0 1 1517 3818 4748
10705 2 2 0 1 1796 3307 6491
10706 2 2 0 1 3640 628 5600
10707 2 2 0 1 438 4928 5486
10708 2 2 0 1 1717 3335 6137
10709 2 2 0 1 2107 4659 5968
10710 2 2 0 1 1060 3325 6269
10711 2 2 0 1 4001 1204 5869
10712 2 2 0 1 1635 3648 5490
10713 2 2 0 1 769 4234 4913
10714 2 2 0 1 1547 3765 4785
10715 2 2 0 1 2965 6011 6195
10716 2 2 0 1 202 203 6579
10717 2 2 0 1 1788 5308 6342
10718 2 2 0 1 1208 4407 4495
10719 2 2 0 1 798 3359 6048
10720 2 2 0 1 2144 4625 6601
10721 2 2 0 1 981 4330 6271
10722 2 2 0 1 1535 4005 4530
10723 2 2 0 1 1670 3405 6503
10724 2 2 0 1 1982 3314 5948
10725 2 2 0 1 1800 3310 6504
10726 2 2 0 1 3360 357 6633
10727 2 2 0 1 5967 3057 6328
10728 2 2 0 1 1584 5271 6495
10729 2 2 0 1 2024 3327 6514
10730 2 2 0 1 1651 4900 5003
10731 2 2 0 1 1490 4150 5122
10732 2 2 0 1 1551 4492 6238
10733 2 2 0 1 1296 4087 4931
10734 2 2 0 1 3336 1014 6361
10735 2 2 0 1 1716 3662 4928
10736 2 2 0 1 256 257 5345
10737 2 2 0 1 4234 1773 4913
10738 2 2 0 1 5789 655 5846
10739 2 2 0 1 762 3539 5100
10740 2 2 0 1 3809 2224 5463
10741 2 2 0 1 4457 1525 5403
10742 2 2 0 1 3359 1610 6048
10743 2 2 0 1 591 3669 6394
10744 2 2 0 1 3393 1401 5851
10745 2 2 0 1 5410 2748 6573
10746 2 2 0 1 5206 2354 5426
10747 2 2 0 1 2697 3788 5238
10748 2 2 0 1 1436 3574 5026
10749 2 2 0 1 324 5967 6328
10750 2 2 0 1 773 4492 5277
10751 2 2 0 1 4944 1652 4979
10752 2 2 0 1 3830 5605 6609
10753 2 2 0 1 386 3402 5415
10754 2 2 0 1 3465 1478 5267
10755 2 2 0 1 3929 1814 4895
10756 2 2 0 1 86 87 5356
10757 2 2 0 1 4157 796 6013
10758 2 2 0 1 2352 3837 4830
10759 2 2 0 1 655 5789 6179
10760 2 2 0 1 1501 3963 4559
10761 2 2 0 1 4724 2059 5266
10762 2 2 0 1 3818 726 4748
10763 2 2 0 1 4981 2118 5208
10764 2 2 0 1 2364 4084 5929
10765 2 2 0 1 3870 1996 5430
10766 2 2 0 1 309 3946 5536
10767 2 2 0 1 5752 1857 6313
10768 2 2 0 1 3338 1761 5804
10769 2 2 0 1 3727 977 4844
10770 2 2 0 1 4480 1524 6677
10771 2 2 0 1 4160 1649 5487
10772 2 2 0 1 4144 698 4849
10773 2 2 0 1 4494 678 5760
10774 2 2 0 1 4413 1762 4713
10775 2 2 0 1 4501 565 5780
10776 2 2 0 1 1945 3929 4895
10777 2 2 0 1 4483 735 5758
10778 2 2 0 1 3298 631 6337
10779 2 2 0 1 1728 3640 5600
10780 2 2 0 1 4202 318 6039
10781 2 2 0 1 689 3472 5677
10782 2 2 0 1 2551 3995 5131
10783 2 2 0 1 367 3338 6567
10784 2 2 0 1 250 251 5397
10785 2 2 0 1 368 4724 5266
10786 2 2 0 1 82 83 5393
10787 2 2 0 1 2075 5578 5702
10788 2 2 0 1 4512 566 5786
10789 2 2 0 1 3991 2176 4587
10790 2 2 0 1 1583 4504 5040
10791 2 2 0 1 3325 1599 6269
10792 2 2 0 1 4461 2248 6597
10793 2 2 0 1 57 58 6207
10794 2 2 0 1 1757 3756 5638
10795 2 2 0 1 3838 1913 6131
10796 2 2 0 1 4701 894 6627
10797 2 2 0 1 4459 1677 4849
10798 2 2 0 1 3441 322 5492
10799 2 2 0 1 290 291 5945
10800 2 2 0 1 4615 1788 5335
10801 2 2 0 1 2011 4148 5857
10802 2 2 0 1 2085 4637 5420
10803 2 2 0 1 3389 1820 6536
10804 2 2 0 1 3946 1833 5536
10805 2 2 0 1 3647 681 4971
10806 2 2 0 1 3408 593 5471
10807 2 2 0 1 398 3871 5949
10808 2 2 0 1 323 3602 5066
10809 2 2 0 1 782 4710 5657
10810 2 2 0 1 3514 1469 5234
10811 2 2 0 1 334 4172 6065
10812 2 2 0 1 142 143 6007
10813 2 2 0 1 2150 4462 6623
10814 2 2 0 1 1060 3389 6536
10815 2 2 0 1 3568 816 5087
10816 2 2 0 1 3972 1995 4671
10817 2 2 0 1 5030 1772 5170
10818 2 2 0 1 1107 3431 5675
10819 2 2 0 1 2091 4371 5848
10820 2 2 0 1 4373 1544 5317
10821 2 2 0 1 234 235 5433
10822 2 2 0 1 1505 4166 4441
10823 2 2 0 1 2060 4944 4979
10824 2 2 0 1 1350 4010 5733
10825 2 2 0 1 3896 1083 4711
10826 2 2 0 1 3472 1657 5677
10827 2 2 0 1 637 5391 6252
10828 2 2 0 1 425 3812 6479
10829 2 2 0 1 5590 2756 6062
10830 2 2 0 1 1661 4413 4713
10831 2 2 0 1 3970 1753 5867
10832 2 2 0 1 6011 668 6195
10833 2 2 0 1 1311 3317 6664
10834 2 2 0 1 418 4155 6254
10835 2 2 0 1 3387 739 6201
10836 2 2 0 1 583 3834 5580
10837 2 2 0 1 2536 5093 6312
10838 2 2 0 1 364 4097 5464
10839 2 2 0 1 1831 3630 5891
10840 2 2 0 1 501 5410 6573
10841 2 2 0 1 3655 561 5558
10842 2 2 0 1 1377 3319 6589
10843 2 2 0 1 1593 5316 6159
10844 2 2 0 1 1172 3983 5952
10845 2 2 0 1 3866 2452 6155
10846 2 2 0 1 3299 1808 6396
10847 2 2 0 1 138 139 5456
10848 2 2 0 1 2101 6053 6242
10849 2 2 0 1 3357 1074 6336
10850 2 2 0 1 249 4089 6169
10851 2 2 0 1 3293 1934 6379
10852 2 2 0 1 230 231 5465
10853 2 2 0 1 1539 4747 4765
10854 2 2 0 1 2521 5542 6114
10855 2 2 0 1 3579 1508 5128
10856 2 2 0 1 1624 4981 5208
10857 2 2 0 1 4673 2233 5920
10858 2 2 0 1 2908 6 5941
10859 2 2 0 1 3368 556 6149
10860 2 2 0 1 4712 2145 5437
10861 2 2 0 1 4324 2016 6376
10862 2 2 0 1 3484 830 5417
10863 2 2 0 1 282 283 5473
10864 2 2 0 1 2045 4615 5335
10865 2 2 0 1 1735 5590 6062
10866 2 2 0 1 3451 1209 5905
10867 2 2 0 1 1233 3991 4587
10868 2 2 0 1 1660 3578 5107
10869 2 2 0 1 1957 5369 5898
10870 2 2 0 1 6475 2716 6546
10871 2 2 0 1 3466 1565 6354
10872 2 2 0 1 3662 1716 5005
10873 2 2 0 1 4172 2183 6065
10874 2 2 0 1 324 3736 6202
10875 2 2 0 1 1279 3623 5033
10876 2 2 0 1 134 135 5500
10877 2 2 0 1 3871 1924 5949
10878 2 2 0 1 1982 4214 4430
10879 2 2 0 1 62 2899 5901
10880 2 2 0 1 3453 1197 5928
10881 2 2 0 1 1801 4489 5919
10882 2 2 0 1 210 2901 5903
10883 2 2 0 1 5571 2020 6444
10884 2 2 0 1 2824 4130 6285
10885 2 2 0 1 1957 4685 5369
10886 2 2 0 1 4458 758 6346
10887 2 2 0 1 1488 3570 5195
10888 2 2 0 1 855 3545 5885
10889 2 2 0 1 3776 1139 6497
10890 2 2 0 1 4362 1784 4888
10891 2 2 0 1 4166 1505 6404
10892 2 2 0 1 1955 3587 5151
10893 2 2 0 1 288 289 5493
10894 2 2 0 1 3766 1165 5147
10895 2 2 0 1 1390 4362 4888
10896 2 2 0 1 198 199 5589
10897 2 2 0 1 1262 3994 4819
10898 2 2 0 1 1781 4571 5049
10899 2 2 0 1 2844 3703 6509
10900 2 2 0 1 3788 1540 5238
10901 2 2 0 1 114 115 5525
10902 2 2 0 1 1552 3576 5214
10903 2 2 0 1 3558 2465 6116
10904 2 2 0 1 3756 877 5638
10905 2 2 0 1 3314 1982 6550
10906 2 2 0 1 2197 3917 5087
10907 2 2 0 1 3727 1880 6187
10908 2 2 0 1 4097 1883 5464
10909 2 2 0 1 3530 1122 5303
10910 2 2 0 1 4024 637 4612
10911 2 2 0 1 4571 1943 5049
10912 2 2 0 1 762 4712 5437
10913 2 2 0 1 3392 383 5595
10914 2 2 0 1 1644 3868 4750
10915 2 2 0 1 3427 1133 5889
10916 2 2 0 1 1446 5796 6490
10917 2 2 0 1 4167 1402 4521
10918 2 2 0 1 4885 3076 6354
10919 2 2 0 1 3370 407 5434
10920 2 2 0 1 662 4643 5541
10921 2 2 0 1 1538 4391 4903
10922 2 2 0 1 11 12 6330
10923 2 2 0 1 5038 1763 5825
10924 2 2 0 1 3477 783 5571
10925 2 2 0 1 3325 1060 6536
10926 2 2 0 1 3371 408 5444
10927 2 2 0 1 4161 697 4960
10928 2 2 0 1 3617 647 5105
10929 2 2 0 1 791 4548 5515
10930 2 2 0 1 3636 896 6556
10931 2 2 0 1 3798 827 5112
10932 2 2 0 1 1733 3340 6216
10933 2 2 0 1 13 14 6348
10934 2 2 0 1 4222 832 5671
10935 2 2 0 1 5009 1978 5257
10936 2 2 0 1 3593 100 5531
10937 2 2 0 1 2020 5571 6657
10938 2 2 0 1 1523 4473 4575
10939 2 2 0 1 3564 694 5315
10940 2 2 0 1 3981 2151 4653
10941 2 2 0 1 1674 3972 4671
10942 2 2 0 1 3460 1198 5965
10943 2 2 0 1 1007 4673 5920
10944 2 2 0 1 150 4577 6563
10945 2 2 0 1 2017 4089 5332
10946 2 2 0 1 3444 2497 5695
10947 2 2 0 1 4089 1977 5332
10948 2 2 0 1 1516 4070 5455
10949 2 2 0 1 3425 330 5981
10950 2 2 0 1 1930 4616 5057
10951 2 2 0 1 3694 172 6476
10952 2 2 0 1 3435 1285 5530
10953 2 2 0 1 3837 999 4830
10954 2 2 0 1 241 4469 6669
10955 2 2 0 1 3485 318 5534
10956 2 2 0 1 2867 154 5762
10957 2 2 0 1 2396 5038 5825
10958 2 2 0 1 1064 3366 6289
10959 2 2 0 1 124 125 5605
10960 2 2 0 1 5542 1688 6114
10961 2 2 0 1 4528 514 5822
10962 2 2 0 1 1699 3460 5965
10963 2 2 0 1 3768 1480 4949
10964 2 2 0 1 1881 3336 6049
10965 2 2 0 1 1447 3721 4956
10966 2 2 0 1 5115 240 6669
10967 2 2 0 1 3398 316 6650
10968 2 2 0 1 1967 5540 6200
10969 2 2 0 1 1399 3374 6501
10970 2 2 0 1 4473 1775 4575
10971 2 2 0 1 239 5115 6673
10972 2 2 0 1 977 3727 6187
10973 2 2 0 1 1663 4167 4521
10974 2 2 0 1 3983 2339 5952
10975 2 2 0 1 3545 1742 5885
10976 2 2 0 1 1823 4459 4849
10977 2 2 0 1 791 4539 5304
10978 2 2 0 1 4440 696 5333
10979 2 2 0 1 4575 752 6073
10980 2 2 0 1 1763 4298 5825
10981 2 2 0 1 3534 762 5437
10982 2 2 0 1 4086 1341 4689
10983 2 2 0 1 3812 2050 6479
10984 2 2 0 1 4217 394 4908
10985 2 2 0 1 661 3378 6587
10986 2 2 0 1 3650 2483 5408
10987 2 2 0 1 722 4190 4585
10988 2 2 0 1 2031 5080 5486
10989 2 2 0 1 2033 4044 5453
10990 2 2 0 1 1723 3394 6281
10991 2 2 0 1 3431 1107 6163
10992 2 2 0 1 3429 951 5767
10993 2 2 0 1 3397 2533 6164
10994 2 2 0 1 2173 3900 5313
10995 2 2 0 1 726 4845 5947
10996 2 2 0 1 4747 1886 4765
10997 2 2 0 1 1476 3951 4709
10998 2 2 0 1 3401 427 6242
10999 2 2 0 1 4378 1653 4666
11000 2 2 0 1 4081 1514 5707
11001 2 2 0 1 2809 5752 6313
11002 2 2 0 1 1822 4407 5685
11003 2 2 0 1 5224 1910 5593
11004 2 2 0 1 3751 686 6133
11005 2 2 0 1 1175 3394 6132
11006 2 2 0 1 3456 658 5696
11007 2 2 0 1 651 4125 5070
11008 2 2 0 1 3386 1831 5891
11009 2 2 0 1 173 174 6191
11010 2 2 0 1 1714 3771 4930
11011 2 2 0 1 1063 3370 6655
11012 2 2 0 1 3394 1175 6281
11013 2 2 0 1 381 4092 6352
11014 2 2 0 1 652 4126 5072
11015 2 2 0 1 3834 1795 5580
11016 2 2 0 1 1496 3921 6587
11017 2 2 0 1 2230 5831 6254
11018 2 2 0 1 4121 581 5233
11019 2 2 0 1 1051 3540 6045
11020 2 2 0 1 1065 3371 6660
11021 2 2 0 1 1892 4217 4908
11022 2 2 0 1 3900 1024 5313
11023 2 2 0 1 3740 1156 5249
11024 2 2 0 1 187 188 5801
11025 2 2 0 1 4582 1569 6558
11026 2 2 0 1 613 3773 4951
11027 2 2 0 1 270 271 5735
11028 2 2 0 1 596 3724 5042
11029 2 2 0 1 4752 707 5080
11030 2 2 0 1 3475 1274 5881
11031 2 2 0 1 1865 4220 4607
11032 2 2 0 1 3352 2300 5939
11033 2 2 0 1 3494 1759 6122
11034 2 2 0 1 5093 1608 6312
11035 2 2 0 1 1715 3780 4943
11036 2 2 0 1 1870 4154 5145
11037 2 2 0 1 4570 2231 5288
11038 2 2 0 1 2194 4712 5100
11039 2 2 0 1 55 3703 6623
11040 2 2 0 1 1642 4642 6629
11041 2 2 0 1 3750 1532 5094
11042 2 2 0 1 1882 3751 6133
11043 2 2 0 1 3545 855 5566
11044 2 2 0 1 3502 1090 5520
11045 2 2 0 1 658 3525 5696
11046 2 2 0 1 2065 3401 5870
11047 2 2 0 1 1513 3853 5581
11048 2 2 0 1 2777 3776 6030
11049 2 2 0 1 4686 66 6574
11050 2 2 0 1 468 3713 5603
11051 2 2 0 1 401 3422 5441
11052 2 2 0 1 4687 214 6575
11053 2 2 0 1 3648 1635 5459
11054 2 2 0 1 4642 2468 6629
11055 2 2 0 1 1741 3373 6227
11056 2 2 0 1 4726 1462 4794
11057 2 2 0 1 4975 2416 5876
11058 2 2 0 1 3427 357 6058
11059 2 2 0 1 1698 3431 6163
11060 2 2 0 1 3416 673 6683
11061 2 2 0 1 3469 1185 6076
11062 2 2 0 1 1994 5673 6443
11063 2 2 0 1 2080 4044 5945
11064 2 2 0 1 3053 4239 5851
11065 2 2 0 1 22 23 5911
11066 2 2 0 1 1862 4127 4630
11067 2 2 0 1 2377 5224 5593
11068 2 2 0 1 165 3594 5273
11069 2 2 0 1 1586 4116 4842
11070 2 2 0 1 4366 1929 6483
11071 2 2 0 1 4889 1888 5549
11072 2 2 0 1 4106 1418 4656
11073 2 2 0 1 1574 4612 6252
11074 2 2 0 1 76 77 6599
11075 2 2 0 1 224 225 6602
11076 2 2 0 1 298 4719 6500
11077 2 2 0 1 4242 1469 4482
11078 2 2 0 1 79 3498 6408
11079 2 2 0 1 5482 871 5972
11080 2 2 0 1 1273 3342 6146
11081 2 2 0 1 227 3499 6411
11082 2 2 0 1 4597 1722 4960
11083 2 2 0 1 2123 5017 5285
11084 2 2 0 1 3489 1844 5863
11085 2 2 0 1 4190 1632 4585
11086 2 2 0 1 3536 1581 5636
11087 2 2 0 1 618 3579 5933
11088 2 2 0 1 1863 3416 6683
11089 2 2 0 1 1810 3549 5470
11090 2 2 0 1 1075 3413 6384
11091 2 2 0 1 3478 385 5572
11092 2 2 0 1 1393 4541 5607
11093 2 2 0 1 1827 4472 4972
11094 2 2 0 1 2852 4658 4883
11095 2 2 0 1 814 3536 5636
11096 2 2 0 1 4472 905 4972
11097 2 2 0 1 1569 3545 5566
11098 2 2 0 1 654 3794 5616
11099 2 2 0 1 810 3648 5459
11100 2 2 0 1 5567 1856 5992
11101 2 2 0 1 4469 2443 6669
11102 2 2 0 1 179 180 6072
11103 2 2 0 1 3556 405 5479
11104 2 2 0 1 4401 786 4990
11105 2 2 0 1 4807 518 5844
11106 2 2 0 1 4616 617 5057
11107 2 2 0 1 4258 358 4527
11108 2 2 0 1 73 74 5813
11109 2 2 0 1 221 222 5815
11110 2 2 0 1 507 3496 5663
11111 2 2 0 1 4170 1426 5096
11112 2 2 0 1 4431 798 5128
11113 2 2 0 1 104 105 5883
11114 2 2 0 1 3750 691 5288
11115 2 2 0 1 3772 1633 5337
11116 2 2 0 1 160 161 6128
11117 2 2 0 1 1574 3920 4938
11118 2 2 0 1 4633 827 5219
11119 2 2 0 1 3502 1660 5925
11120 2 2 0 1 4150 656 5122
11121 2 2 0 1 648 3489 5863
11122 2 2 0 1 701 5081 5962
11123 2 2 0 1 4575 1775 4863
11124 2 2 0 1 4819 1905 6414
11125 2 2 0 1 1819 3523 5842
11126 2 2 0 1 1697 3535 5943
11127 2 2 0 1 876 4848 6284
11128 2 2 0 1 3541 1026 5539
11129 2 2 0 1 3613 1550 6071
11130 2 2 0 1 128 129 5895
11131 2 2 0 1 310 5155 6472
11132 2 2 0 1 1094 3439 5875
11133 2 2 0 1 3972 1674 5794
11134 2 2 0 1 3405 1085 6503
11135 2 2 0 1 1655 3761 5467
11136 2 2 0 1 2214 4905 5773
11137 2 2 0 1 3854 1344 4916
11138 2 2 0 1 703 5086 5966
11139 2 2 0 1 321 4045 6410
11140 2 2 0 1 1464 3888 4899
11141 2 2 0 1 3410 1502 6626
11142 2 2 0 1 3798 2754 6138
11143 2 2 0 1 3416 1863 6457
11144 2 2 0 1 650 3739 5089
11145 2 2 0 1 3726 592 5982
11146 2 2 0 1 4506 3205 6393
11147 2 2 0 1 673 3403 6683
11148 2 2 0 1 440 3705 5169
11149 2 2 0 1 4255 1478 4518
11150 2 2 0 1 3641 633 5827
11151 2 2 0 1 1384 4058 6582
11152 2 2 0 1 1562 3462 5879
11153 2 2 0 1 3535 1214 5943
11154 2 2 0 1 1545 3967 5412
11155 2 2 0 1 4712 762 5100
11156 2 2 0 1 759 5055 6388
11157 2 2 0 1 3442 1099 6483
11158 2 2 0 1 1223 3750 5094
11159 2 2 0 1 4164 1978 5009
11160 2 2 0 1 4033 2349 4756
11161 2 2 0 1 4407 1822 4495
11162 2 2 0 1 2079 4245 5652
11163 2 2 0 1 2501 5076 6172
11164 2 2 0 1 1578 3571 5727
11165 2 2 0 1 55 56 6509
11166 2 2 0 1 3574 1777 6156
11167 2 2 0 1 1993 4633 5219
11168 2 2 0 1 643 3692 5207
11169 2 2 0 1 1735 3533 5564
11170 2 2 0 1 4406 1560 5256
11171 2 2 0 1 5124 2138 6332
11172 2 2 0 1 25 26 6130
11173 2 2 0 1 3554 1336 5684
11174 2 2 0 1 190 191 6147
11175 2 2 0 1 4685 1957 5440
11176 2 2 0 1 1786 4143 5334
11177 2 2 0 1 2102 4726 4794
11178 2 2 0 1 5599 2794 6571
11179 2 2 0 1 120 121 6019
11180 2 2 0 1 3638 1777 5612
11181 2 2 0 1 3403 1863 6683
11182 2 2 0 1 3920 430 4938
11183 2 2 0 1 1899 4621 5003
11184 2 2 0 1 3778 1333 5091
11185 2 2 0 1 16 17 6557
11186 2 2 0 1 5076 431 6172
11187 2 2 0 1 159 3697 5125
11188 2 2 0 1 5110 2103 5222
11189 2 2 0 1 621 3782 5027
11190 2 2 0 1 3928 1914 4837
11191 2 2 0 1 485 3465 6303
11192 2 2 0 1 2335 4793 5757
11193 2 2 0 1 638 3502 5569
11194 2 2 0 1 1090 3502 5925
11195 2 2 0 1 1186 3725 5708
11196 2 2 0 1 1928 3542 5726
11197 2 2 0 1 1541 4590 5475
11198 2 2 0 1 835 3809 5014
11199 2 2 0 1 2513 3833 5451
11200 2 2 0 1 1187 3728 5709
11201 2 2 0 1 797 3533 6062
11202 2 2 0 1 756 3701 5542
11203 2 2 0 1 815 5120 6625
11204 2 2 0 1 1889 3736 6328
11205 2 2 0 1 3994 1905 4819
11206 2 2 0 1 1914 3497 6400
11207 2 2 0 1 3399 484 6331
11208 2 2 0 1 5017 1658 5285
11209 2 2 0 1 930 4106 5682
11210 2 2 0 1 2773 3652 6251
11211 2 2 0 1 31 32 6468
11212 2 2 0 1 3888 1805 6091
11213 2 2 0 1 1540 4007 5238
11214 2 2 0 1 3501 332 6622
11215 2 2 0 1 1804 3585 6302
11216 2 2 0 1 3826 879 5285
11217 2 2 0 1 1546 4271 6065
11218 2 2 0 1 4267 1294 5545
11219 2 2 0 1 3540 1805 6045
11220 2 2 0 1 5147 1165 5366
11221 2 2 0 1 5021 331 5914
11222 2 2 0 1 4154 1315 5145
11223 2 2 0 1 5499 725 6631
11224 2 2 0 1 3745 1556 5637
11225 2 2 0 1 4536 3206 6420
11226 2 2 0 1 1627 4388 5163
11227 2 2 0 1 752 4575 4863
11228 2 2 0 1 4787 2522 6665
11229 2 2 0 1 1564 4787 6665
11230 2 2 0 1 3900 2509 4978
11231 2 2 0 1 3857 1292 5064
11232 2 2 0 1 4661 1911 5921
11233 2 2 0 1 3452 1752 6234
11234 2 2 0 1 3441 5492 6281
11235 2 2 0 1 1918 3593 5531
11236 2 2 0 1 4 212 5596
11237 2 2 0 1 300 1 5597
11238 2 2 0 1 4049 1403 4646
11239 2 2 0 1 683 4031 5736
11240 2 2 0 1 4608 1157 4947
11241 2 2 0 1 1429 4221 4710
11242 2 2 0 1 4254 1566 4617
11243 2 2 0 1 899 3650 5408
11244 2 2 0 1 4388 2477 5163
11245 2 2 0 1 4053 1405 4647
11246 2 2 0 1 1891 4597 4960
11247 2 2 0 1 3761 657 5467
11248 2 2 0 1 3585 864 6302
11249 2 2 0 1 1261 3806 5093
11250 2 2 0 1 4035 2315 5460
11251 2 2 0 1 3996 1163 6603
11252 2 2 0 1 5014 1377 6204
11253 2 2 0 1 2132 4222 5718
11254 2 2 0 1 4831 1693 5325
11255 2 2 0 1 3713 1737 5603
11256 2 2 0 1 4976 1896 5950
11257 2 2 0 1 1892 5930 6280
11258 2 2 0 1 3916 3049 5964
11259 2 2 0 1 3872 1544 5724
11260 2 2 0 1 1927 4267 5545
11261 2 2 0 1 2358 5310 5618
11262 2 2 0 1 4020 1597 4942
11263 2 2 0 1 3533 1735 6062
11264 2 2 0 1 5729 1212 6358
11265 2 2 0 1 3907 1027 5075
11266 2 2 0 1 2624 3449 6486
11267 2 2 0 1 4442 1532 5189
11268 2 2 0 1 3433 1139 6381
11269 2 2 0 1 5310 1680 5618
11270 2 2 0 1 1024 3900 4978
11271 2 2 0 1 3465 1698 6303
11272 2 2 0 1 956 4285 5245
11273 2 2 0 1 3895 248 6169
11274 2 2 0 1 3535 1697 5824
11275 2 2 0 1 1986 4644 5277
11276 2 2 0 1 5060 1703 5674
11277 2 2 0 1 454 5817 6417
11278 2 2 0 1 1640 3506 6600
11279 2 2 0 1 1089 3399 6137
11280 2 2 0 1 4143 327 5334
11281 2 2 0 1 244 245 6531
11282 2 2 0 1 3736 324 6328
11283 2 2 0 1 268 269 6537
11284 2 2 0 1 3571 875 5727
11285 2 2 0 1 1557 3758 5916
11286 2 2 0 1 1648 3477 5878
11287 2 2 0 1 1658 3826 5285
11288 2 2 0 1 3797 413 5645
11289 2 2 0 1 1787 3656 6180
11290 2 2 0 1 1909 3752 6519
11291 2 2 0 1 4003 1538 4903
11292 2 2 0 1 240 241 6669
11293 2 2 0 1 3505 1257 6285
11294 2 2 0 1 2500 3473 6555
11295 2 2 0 1 238 239 6673
11296 2 2 0 1 78 79 6408
11297 2 2 0 1 226 227 6411
11298 2 2 0 1 88 89 6668
11299 2 2 0 1 4032 2782 6499
11300 2 2 0 1 962 4791 6017
11301 2 2 0 1 236 237 6678
11302 2 2 0 1 2883 5729 6358
11303 2 2 0 1 3745 1221 6176
11304 2 2 0 1 3153 6337 6534
11305 2 2 0 1 4029 1792 4809
11306 2 2 0 1 3967 1545 5777
11307 2 2 0 1 3544 1821 6143
11308 2 2 0 1 3779 1577 5261
11309 2 2 0 1 1615 4610 6104
11310 2 2 0 1 1731 3599 6198
11311 2 2 0 1 2272 4251 5898
11312 2 2 0 1 3596 1147 5857
11313 2 2 0 1 923 5110 5222
11314 2 2 0 1 484 3514 6331
11315 2 2 0 1 245 4028 6531
11316 2 2 0 1 5081 2445 5962
11317 2 2 0 1 1852 5659 6408
11318 2 2 0 1 3925 1287 6275
11319 2 2 0 1 488 3796 5900
11320 2 2 0 1 1643 3501 6622
11321 2 2 0 1 4106 1917 5682
11322 2 2 0 1 1587 4879 5401
11323 2 2 0 1 3510 1207 6088
11324 2 2 0 1 1853 5662 6411
11325 2 2 0 1 2469 5241 6225
11326 2 2 0 1 1802 3517 6508
11327 2 2 0 1 3806 1608 5093
11328 2 2 0 1 3490 442 6606
11329 2 2 0 1 4087 1296 6035
11330 2 2 0 1 4644 1780 5277
11331 2 2 0 1 1882 5599 6571
11332 2 2 0 1 1660 3488 5925
11333 2 2 0 1 1226 3580 5749
11334 2 2 0 1 3722 1497 5973
11335 2 2 0 1 4089 2017 6169
11336 2 2 0 1 796 4157 5199
11337 2 2 0 1 4238 1864 5859
11338 2 2 0 1 3592 1438 5630
11339 2 2 0 1 5086 2448 5966
11340 2 2 0 1 4625 2144 5781
11341 2 2 0 1 3630 1598 6028
11342 2 2 0 1 291 3801 5945
11343 2 2 0 1 3795 763 5143
11344 2 2 0 1 4470 1542 5223
11345 2 2 0 1 4878 1690 5344
11346 2 2 0 1 3899 794 5192
11347 2 2 0 1 3531 2333 6284
11348 2 2 0 1 4791 2278 6017
11349 2 2 0 1 706 4313 5796
11350 2 2 0 1 3864 2547 5594
11351 2 2 0 1 1514 4432 5707
11352 2 2 0 1 2896 5499 6631
11353 2 2 0 1 1407 4098 4813
11354 2 2 0 1 778 3908 5628
11355 2 2 0 1 1576 4243 5713
11356 2 2 0 1 1642 4361 4734
11357 2 2 0 1 676 4537 6665
11358 2 2 0 1 3656 1246 6180
11359 2 2 0 1 2296 5327 6674
11360 2 2 0 1 739 5872 6201
11361 2 2 0 1 3980 1436 5026
11362 2 2 0 1 515 3466 6354
11363 2 2 0 1 1563 4118 5375
11364 2 2 0 1 666 4318 5557
11365 2 2 0 1 1984 4087 6035
11366 2 2 0 1 1194 3790 6447
11367 2 2 0 1 3819 1182 5481
11368 2 2 0 1 4044 2080 5453
11369 2 2 0 1 4360 1492 4619
11370 2 2 0 1 423 4020 4942
11371 2 2 0 1 146 147 6412
11372 2 2 0 1 5106 1663 5197
11373 2 2 0 1 3837 1920 6353
11374 2 2 0 1 6337 631 6534
11375 2 2 0 1 2208 5085 6518
11376 2 2 0 1 4094 2481 5032
11377 2 2 0 1 3755 1570 6327
11378 2 2 0 1 1598 3857 5064
11379 2 2 0 1 294 295 6464
11380 2 2 0 1 5255 1928 5647
11381 2 2 0 1 1575 4040 5050
11382 2 2 0 1 47 4567 5543
11383 2 2 0 1 1656 4361 4648
11384 2 2 0 1 3796 2607 5900
11385 2 2 0 1 4359 1237 5917
11386 2 2 0 1 1656 4625 5781
11387 2 2 0 1 3879 1455 5513
11388 2 2 0 1 2237 5147 5366
11389 2 2 0 1 2941 3494 6557
11390 2 2 0 1 3751 1194 6447
11391 2 2 0 1 3919 1608 5698
11392 2 2 0 1 4547 337 5409
11393 2 2 0 1 4432 2109 5707
11394 2 2 0 1 4491 338 5400
11395 2 2 0 1 4116 413 4842
11396 2 2 0 1 1232 3779 5261
11397 2 2 0 1 722 4035 5460
11398 2 2 0 1 3792 1648 5878
11399 2 2 0 1 5436 328 5932
11400 2 2 0 1 3615 1779 5555
11401 2 2 0 1 4760 454 6417
11402 2 2 0 1 3909 1069 5030
11403 2 2 0 1 1755 4153 5294
11404 2 2 0 1 3843 1439 5232
11405 2 2 0 1 69 70 6592
11406 2 2 0 1 217 218 6594
11407 2 2 0 1 459 3964 5010
11408 2 2 0 1 4418 2167 5774
11409 2 2 0 1 2071 4831 5325
11410 2 2 0 1 3882 837 5731
11411 2 2 0 1 4065 1622 5381
11412 2 2 0 1 2354 5206 6230
11413 2 2 0 1 2418 5789 5846
11414 2 2 0 1 1743 5160 5606
11415 2 2 0 1 3598 609 5722
11416 2 2 0 1 2248 4359 5917
11417 2 2 0 1 3467 485 6303
11418 2 2 0 1 4961 1601 5461
11419 2 2 0 1 3763 1371 5550
11420 2 2 0 1 538 4786 5626
11421 2 2 0 1 3491 1058 6682
11422 2 2 0 1 3715 1612 5406
11423 2 2 0 1 1525 3691 5403
11424 2 2 0 1 696 3524 6561
11425 2 2 0 1 1747 5166 5610
11426 2 2 0 1 4198 769 5205
11427 2 2 0 1 1379 4651 4950
11428 2 2 0 1 1532 3750 5288
11429 2 2 0 1 3702 751 5422
11430 2 2 0 1 3618 772 5755
11431 2 2 0 1 4217 1892 5591
11432 2 2 0 1 3514 1717 6331
11433 2 2 0 1 3846 1555 6426
11434 2 2 0 1 1637 4378 4666
11435 2 2 0 1 143 3839 6007
11436 2 2 0 1 1767 4198 5205
11437 2 2 0 1 1782 3882 5731
11438 2 2 0 1 1310 4217 5591
11439 2 2 0 1 999 3837 6353
11440 2 2 0 1 2061 5106 5197
11441 2 2 0 1 1558 4005 6086
11442 2 2 0 1 3970 2561 5809
11443 2 2 0 1 3506 1731 6198
11444 2 2 0 1 335 4156 6356
11445 2 2 0 1 3569 554 6251
11446 2 2 0 1 3695 1205 5633
11447 2 2 0 1 2094 4860 6676
11448 2 2 0 1 4329 717 4859
11449 2 2 0 1 2383 4611 6374
11450 2 2 0 1 3775 1665 5320
11451 2 2 0 1 3462 1130 5879
11452 2 2 0 1 1489 3655 5558
11453 2 2 0 1 3890 465 6611
11454 2 2 0 1 1644 4784 5190
11455 2 2 0 1 3715 1326 6415
11456 2 2 0 1 2166 4933 6618
11457 2 2 0 1 1481 4731 5114
11458 2 2 0 1 4037 654 5616
11459 2 2 0 1 2050 3812 5192
11460 2 2 0 1 1468 3950 5287
11461 2 2 0 1 4028 2074 6531
11462 2 2 0 1 1107 3467 6163
11463 2 2 0 1 4833 2170 5765
11464 2 2 0 1 1664 3618 5755
11465 2 2 0 1 2434 5436 5932
11466 2 2 0 1 1904 3611 6321
11467 2 2 0 1 807 4833 5765
11468 2 2 0 1 1742 3545 6084
11469 2 2 0 1 3758 1557 5351
11470 2 2 0 1 2172 3654 5562
11471 2 2 0 1 354 3715 5406
11472 2 2 0 1 203 3671 6579
11473 2 2 0 1 4239 705 5851
11474 2 2 0 1 1999 4531 5524
11475 2 2 0 1 419 4284 6151
11476 2 2 0 1 419 3607 6110
11477 2 2 0 1 3730 1614 5608
11478 2 2 0 1 1929 3925 6275
11479 2 2 0 1 4426 1889 6141
11480 2 2 0 1 587 6057 6113
11481 2 2 0 1 821 4685 5440
11482 2 2 0 1 2075 4878 5344
11483 2 2 0 1 5192 794 5292
11484 2 2 0 1 1600 3706 5894
11485 2 2 0 1 3865 1452 5771
11486 2 2 0 1 1307 3553 6309
11487 2 2 0 1 4171 2126 5642
11488 2 2 0 1 4831 2071 5754
11489 2 2 0 1 3574 1436 5991
11490 2 2 0 1 383 4158 6118
11491 2 2 0 1 2553 3558 6116
11492 2 2 0 1 4156 2086 6356
11493 2 2 0 1 1603 3708 5899
11494 2 2 0 1 3086 4638 5412
11495 2 2 0 1 4313 2022 5796
11496 2 2 0 1 3599 659 6198
11497 2 2 0 1 4153 649 5294
11498 2 2 0 1 5891 340 6305
11499 2 2 0 1 717 4369 4859
11500 2 2 0 1 297 298 6500
11501 2 2 0 1 3190 4635 6498
11502 2 2 0 1 5120 2371 6625
11503 2 2 0 1 4245 2117 5652
11504 2 2 0 1 429 3888 6091
11505 2 2 0 1 3494 16 6557
11506 2 2 0 1 4367 1530 5254
11507 2 2 0 1 1715 4943 6679
11508 2 2 0 1 1409 3606 5835
11509 2 2 0 1 5036 2225 5984
11510 2 2 0 1 149 150 6563
11511 2 2 0 1 2515 3922 5855
11512 2 2 0 1 4167 1663 4988
11513 2 2 0 1 66 67 6574
11514 2 2 0 1 214 215 6575
11515 2 2 0 1 1467 4383 4759
11516 2 2 0 1 4361 732 4734
11517 2 2 0 1 4383 1684 4896
11518 2 2 0 1 4303 754 4703
11519 2 2 0 1 4418 1386 6236
11520 2 2 0 1 5202 1770 5701
11521 2 2 0 1 477 3970 5809
11522 2 2 0 1 648 3995 5661
11523 2 2 0 1 3818 1517 5417
11524 2 2 0 1 4331 2345 5639
11525 2 2 0 1 5898 488 5900
11526 2 2 0 1 5160 2287 5606
11527 2 2 0 1 3828 1573 6183
11528 2 2 0 1 4278 882 6379
11529 2 2 0 1 456 4726 5624
11530 2 2 0 1 627 4522 4811
11531 2 2 0 1 2074 4028 4967
11532 2 2 0 1 5166 2288 5610
11533 2 2 0 1 1338 3590 6025
11534 2 2 0 1 2851 3814 5502
11535 2 2 0 1 340 3630 6028
11536 2 2 0 1 982 5655 6525
11537 2 2 0 1 1832 3584 6454
11538 2 2 0 1 3768 1702 5348
11539 2 2 0 1 1761 3863 5804
11540 2 2 0 1 3752 468 6519
11541 2 2 0 1 344 4351 6159
11542 2 2 0 1 3539 762 6298
11543 2 2 0 1 4423 803 5752
11544 2 2 0 1 3607 1750 6110
11545 2 2 0 1 3701 1688 5542
11546 2 2 0 1 1635 3759 5459
11547 2 2 0 1 3866 452 5556
11548 2 2 0 1 1836 5915 6154
11549 2 2 0 1 743 4837 6400
11550 2 2 0 1 563 4689 6593
11551 2 2 0 1 3585 1804 6229
11552 2 2 0 1 4707 2336 4865
11553 2 2 0 1 2447 4194 6188
11554 2 2 0 1 4028 1697 4967
11555 2 2 0 1 1181 3730 5608
11556 2 2 0 1 1668 3642 6129
11557 2 2 0 1 4660 2567 5969
11558 2 2 0 1 3579 1610 5933
11559 2 2 0 1 702 4167 4988
11560 2 2 0 1 4329 1428 4797
11561 2 2 0 1 3753 13 6348
11562 2 2 0 1 4738 2205 4766
11563 2 2 0 1 816 3732 5635
11564 2 2 0 1 3706 770 5894
11565 2 2 0 1 3708 771 5899
11566 2 2 0 1 1803 5009 5257
11567 2 2 0 1 5042 1394 6100
11568 2 2 0 1 1996 4547 5409
11569 2 2 0 1 1971 4491 5400
11570 2 2 0 1 4487 835 5014
11571 2 2 0 1 1587 3899 5577
11572 2 2 0 1 853 3613 6071
11573 2 2 0 1 2062 5175 6308
11574 2 2 0 1 1939 4271 5760
11575 2 2 0 1 5013 1773 5706
11576 2 2 0 1 4137 2850 5111
11577 2 2 0 1 2016 5750 6376
11578 2 2 0 1 1987 4702 5957
11579 2 2 0 1 3896 1729 6004
11580 2 2 0 1 3863 828 5804
11581 2 2 0 1 4127 1862 5778
11582 2 2 0 1 950 6475 6546
11583 2 2 0 1 3699 847 5680
11584 2 2 0 1 3720 1363 5758
11585 2 2 0 1 5060 401 5441
11586 2 2 0 1 2299 5202 5701
11587 2 2 0 1 4345 3030 6043
11588 2 2 0 1 1631 3796 5654
11589 2 2 0 1 3878 1935 6570
11590 2 2 0 1 3939 985 5140
11591 2 2 0 1 4338 2059 5424
11592 2 2 0 1 1425 3778 5474
11593 2 2 0 1 4271 1546 5760
11594 2 2 0 1 4668 2266 6515
11595 2 2 0 1 855 3785 5566
11596 2 2 0 1 2585 5755 5856
11597 2 2 0 1 1776 4394 5167
11598 2 2 0 1 1993 5219 5592
11599 2 2 0 1 468 6297 6519
11600 2 2 0 1 1690 4703 5241
11601 2 2 0 1 4677 1541 4679
11602 2 2 0 1 3865 542 5361
11603 2 2 0 1 426 4642 5339
11604 2 2 0 1 3504 1349 6316
11605 2 2 0 1 3508 1351 6343
11606 2 2 0 1 3922 730 5855
11607 2 2 0 1 645 4383 4896
11608 2 2 0 1 2009 3534 6627
11609 2 2 0 1 1396 3675 5639
11610 2 2 0 1 2183 5628 6065
11611 2 2 0 1 5559 420 5707
11612 2 2 0 1 4428 424 5470
11613 2 2 0 1 6075 910 6507
11614 2 2 0 1 2167 4418 6236
11615 2 2 0 1 311 5523 6433
11616 2 2 0 1 3898 2437 5743
11617 2 2 0 1 3656 353 5848
11618 2 2 0 1 5600 2549 5910
11619 2 2 0 1 5655 2863 6525
11620 2 2 0 1 4726 2102 5624
11621 2 2 0 1 4374 725 5499
11622 2 2 0 1 5755 772 5856
11623 2 2 0 1 559 3973 5939
11624 2 2 0 1 5360 362 6103
11625 2 2 0 1 4301 813 5529
11626 2 2 0 1 539 3803 5423
11627 2 2 0 1 4392 691 4772
11628 2 2 0 1 929 4250 5713
11629 2 2 0 1 4872 2304 5744
11630 2 2 0 1 1935 3878 5358
11631 2 2 0 1 1398 4214 5948
11632 2 2 0 1 4476 344 6159
11633 2 2 0 1 5012 559 5939
11634 2 2 0 1 1728 5600 5910
11635 2 2 0 1 3584 1832 6527
11636 2 2 0 1 3704 467 5718
11637 2 2 0 1 3672 880 6010
11638 2 2 0 1 1674 3699 5680
11639 2 2 0 1 1597 3749 5537
11640 2 2 0 1 4913 1993 5592
11641 2 2 0 1 329 3548 6635
11642 2 2 0 1 4040 669 5050
11643 2 2 0 1 1005 4094 5032
11644 2 2 0 1 2300 5012 5939
11645 2 2 0 1 655 4022 5846
11646 2 2 0 1 3951 1476 5922
11647 2 2 0 1 1967 4677 4679
11648 2 2 0 1 3841 73 5813
11649 2 2 0 1 4701 1420 5352
11650 2 2 0 1 1953 5774 5792
11651 2 2 0 1 3844 221 5815
11652 2 2 0 1 1185 3803 5646
11653 2 2 0 1 465 4013 6611
11654 2 2 0 1 4096 752 5015
11655 2 2 0 1 3642 623 6129
11656 2 2 0 1 5378 2529 6425
11657 2 2 0 1 4915 1767 5205
11658 2 2 0 1 1444 4274 5585
11659 2 2 0 1 41 3698 5745
11660 2 2 0 1 1883 4301 5529
11661 2 2 0 1 688 3804 5611
11662 2 2 0 1 2247 3571 6460
11663 2 2 0 1 346 3745 5637
11664 2 2 0 1 2088 3846 5766
11665 2 2 0 1 3786 1310 5591
11666 2 2 0 1 414 4127 5778
11667 2 2 0 1 1594 4151 5961
11668 2 2 0 1 4007 2404 6184
11669 2 2 0 1 829 5299 5714
11670 2 2 0 1 1981 4915 5205
11671 2 2 0 1 1481 4738 4766
11672 2 2 0 1 4003 1446 6608
11673 2 2 0 1 2309 5291 6280
11674 2 2 0 1 3793 1882 6571
11675 2 2 0 1 3802 2380 5954
11676 2 2 0 1 788 3923 5318
11677 2 2 0 1 2552 5548 5980
11678 2 2 0 1 5548 446 5980
11679 2 2 0 1 590 4021 6161
11680 2 2 0 1 1857 5194 6313
11681 2 2 0 1 3581 755 6619
11682 2 2 0 1 4274 1898 5585
11683 2 2 0 1 3577 2214 6355
11684 2 2 0 1 3873 2997 6654
11685 2 2 0 1 4267 708 6224
11686 2 2 0 1 1327 3549 6107
11687 2 2 0 1 4404 1702 5041
11688 2 2 0 1 1528 3797 5645
11689 2 2 0 1 3885 1600 6258
11690 2 2 0 1 1281 3811 5549
11691 2 2 0 1 2032 6256 6374
11692 2 2 0 1 4313 706 4855
11693 2 2 0 1 3650 1651 5906
11694 2 2 0 1 4643 662 5942
11695 2 2 0 1 4522 1759 4811
11696 2 2 0 1 3705 440 5897
11697 2 2 0 1 5711 2166 6618
11698 2 2 0 1 4517 2825 5637
11699 2 2 0 1 1864 4238 6181
11700 2 2 0 1 4014 713 5289
11701 2 2 0 1 3893 1603 6263
11702 2 2 0 1 4419 772 4986
11703 2 2 0 1 349 4316 5323
11704 2 2 0 1 2050 5192 5292
11705 2 2 0 1 806 3915 5329
11706 2 2 0 1 4218 1696 6052
11707 2 2 0 1 313 4490 6273
11708 2 2 0 1 2556 5360 6103
11709 2 2 0 1 2219 4476 6159
11710 2 2 0 1 1801 4487 5014
11711 2 2 0 1 874 4164 5009
11712 2 2 0 1 3796 488 5654
11713 2 2 0 1 4188 2473 5023
11714 2 2 0 1 4394 428 5167
11715 2 2 0 1 1170 3733 6610
11716 2 2 0 1 892 5073 6050
11717 2 2 0 1 4206 851 6624
11718 2 2 0 1 643 3976 5495
11719 2 2 0 1 4463 1774 5554
11720 2 2 0 1 638 4122 4994
11721 2 2 0 1 4157 1547 5199
11722 2 2 0 1 1342 3638 6145
11723 2 2 0 1 4321 427 5516
11724 2 2 0 1 941 4474 5721
11725 2 2 0 1 877 4668 6515
11726 2 2 0 1 4052 709 5264
11727 2 2 0 1 5209 2241 5740
11728 2 2 0 1 5408 2483 6442
11729 2 2 0 1 1353 3633 6290
11730 2 2 0 1 5394 2542 6217
11731 2 2 0 1 5298 338 6299
11732 2 2 0 1 4173 487 5839
11733 2 2 0 1 4429 1582 4796
11734 2 2 0 1 1736 4419 4986
11735 2 2 0 1 1514 4081 5073
11736 2 2 0 1 1963 4701 5352
11737 2 2 0 1 1665 3775 6029
11738 2 2 0 1 4214 1982 5948
11739 2 2 0 1 1923 4374 5499
11740 2 2 0 1 4675 2625 6615
11741 2 2 0 1 4095 1500 5112
11742 2 2 0 1 2483 6272 6442
11743 2 2 0 1 5971 676 6665
11744 2 2 0 1 3881 733 6000
11745 2 2 0 1 1972 4335 5866
11746 2 2 0 1 4016 1790 5130
11747 2 2 0 1 1591 3886 6591
11748 2 2 0 1 4007 929 5238
11749 2 2 0 1 1995 3972 6130
11750 2 2 0 1 4335 1404 5866
11751 2 2 0 1 1738 4101 5819
11752 2 2 0 1 4843 1555 5370
11753 2 2 0 1 469 3793 6571
11754 2 2 0 1 3589 1584 6495
11755 2 2 0 1 4056 996 6648
11756 2 2 0 1 1726 3672 6010
11757 2 2 0 1 3929 846 5959
11758 2 2 0 1 5176 1498 5247
11759 2 2 0 1 1586 4019 6296
11760 2 2 0 1 1506 4468 4854
11761 2 2 0 1 6026 2167 6236
11762 2 2 0 1 4650 2469 5999
11763 2 2 0 1 1720 5297 6604
11764 2 2 0 1 3853 774 5581
11765 2 2 0 1 2639 4380 5627
11766 2 2 0 1 2716 4142 6546
11767 2 2 0 1 5338 3168 6307
11768 2 2 0 1 3681 898 6272
11769 2 2 0 1 3959 1622 5871
11770 2 2 0 1 4553 2200 6435
11771 2 2 0 1 3732 2101 5849
11772 2 2 0 1 1860 4321 5516
11773 2 2 0 1 5299 2351 5714
11774 2 2 0 1 4910 2683 5082
11775 2 2 0 1 2893 3765 6031
11776 2 2 0 1 2327 5060 5674
11777 2 2 0 1 3919 989 6312
11778 2 2 0 1 1947 3850 5514
11779 2 2 0 1 1710 3821 5679
11780 2 2 0 1 612 4189 5113
11781 2 2 0 1 4743 920 5963
11782 2 2 0 1 853 5209 5740
11783 2 2 0 1 718 4018 5384
11784 2 2 0 1 4316 1812 5323
11785 2 2 0 1 1663 4287 4988
11786 2 2 0 1 43 4087 6288
11787 2 2 0 1 3815 1640 6600
11788 2 2 0 1 4131 1474 5080
11789 2 2 0 1 6057 2698 6113
11790 2 2 0 1 1259 3824 5712
11791 2 2 0 1 5118 337 6276
11792 2 2 0 1 3972 25 6130
11793 2 2 0 1 1570 3974 6327
11794 2 2 0 1 1655 3938 5515
11795 2 2 0 1 425 4404 5041
11796 2 2 0 1 4324 699 6001
11797 2 2 0 1 6205 1972 6324
11798 2 2 0 1 2707 4057 5395
11799 2 2 0 1 4384 617 4962
11800 2 2 0 1 1573 4027 6183
11801 2 2 0 1 3899 1269 5577
11802 2 2 0 1 4878 2075 5702
11803 2 2 0 1 4225 2647 6367
11804 2 2 0 1 1598 5198 6057
11805 2 2 0 1 1172 4137 5111
11806 2 2 0 1 3903 438 5486
11807 2 2 0 1 565 3725 5780
11808 2 2 0 1 4011 2556 6103
11809 2 2 0 1 21 3769 5751
11810 2 2 0 1 1814 3929 5959
11811 2 2 0 1 3808 2291 5814
11812 2 2 0 1 1049 4298 5253
11813 2 2 0 1 4284 3041 6151
11814 2 2 0 1 4906 744 6566
11815 2 2 0 1 4954 1035 6422
11816 2 2 0 1 1606 4107 6484
11817 2 2 0 1 566 3728 5786
11818 2 2 0 1 3726 1455 6055
11819 2 2 0 1 1997 5807 6601
11820 2 2 0 1 3765 2412 6031
11821 2 2 0 1 4227 807 5396
11822 2 2 0 1 1771 4227 5396
11823 2 2 0 1 435 5602 6591
11824 2 2 0 1 3758 822 5916
11825 2 2 0 1 680 3779 5913
11826 2 2 0 1 527 4080 5220
11827 2 2 0 1 1136 4898 4976
11828 2 2 0 1 2227 4731 6241
11829 2 2 0 1 4225 676 5322
11830 2 2 0 1 2053 4173 5839
11831 2 2 0 1 4298 1763 5253
11832 2 2 0 1 5291 1939 5760
11833 2 2 0 1 1622 3959 6418
11834 2 2 0 1 1751 4225 5322
11835 2 2 0 1 3938 1655 5467
11836 2 2 0 1 2687 5176 5247
11837 2 2 0 1 2431 6161 6385
11838 2 2 0 1 597 3996 5934
11839 2 2 0 1 3669 1463 6394
11840 2 2 0 1 4287 1663 5106
11841 2 2 0 1 3938 791 5515
11842 2 2 0 1 4731 596 6241
11843 2 2 0 1 1781 3694 6476
11844 2 2 0 1 243 3689 6347
11845 2 2 0 1 3883 1170 6610
11846 2 2 0 1 4021 1951 6161
11847 2 2 0 1 1518 4887 5552
11848 2 2 0 1 326 3987 5420
11849 2 2 0 1 587 3857 6057
11850 2 2 0 1 457 4312 5357
11851 2 2 0 1 4449 1398 4891
11852 2 2 0 1 4613 1667 5864
11853 2 2 0 1 3797 1260 5770
11854 2 2 0 1 4578 629 4874
11855 2 2 0 1 888 4553 6435
11856 2 2 0 1 622 4358 4993
11857 2 2 0 1 4817 1990 5321
11858 2 2 0 1 410 4069 5719
11859 2 2 0 1 2142 4743 5963
11860 2 2 0 1 4436 1743 5606
11861 2 2 0 1 4057 1074 5395
11862 2 2 0 1 4413 1661 5629
11863 2 2 0 1 1608 3860 5698
11864 2 2 0 1 4075 907 6246
11865 2 2 0 1 2337 5519 5700
11866 2 2 0 1 1832 4159 6527
11867 2 2 0 1 4320 1639 6449
11868 2 2 0 1 2786 5852 6438
11869 2 2 0 1 3672 1726 6168
11870 2 2 0 1 3012 4402 6682
11871 2 2 0 1 4438 1747 5610
11872 2 2 0 1 3579 5128 6048
11873 2 2 0 1 5640 1908 5754
11874 2 2 0 1 4323 360 5419
11875 2 2 0 1 3756 1757 6179
11876 2 2 0 1 3835 1391 5914
11877 2 2 0 1 1903 5394 6217
11878 2 2 0 1 2061 3649 6642
11879 2 2 0 1 468 5603 6297
11880 2 2 0 1 4356 2039 6277
11881 2 2 0 1 3956 720 6085
11882 2 2 0 1 1726 3748 6168
11883 2 2 0 1 1833 3956 6085
11884 2 2 0 1 3976 1617 5495
11885 2 2 0 1 4057 1916 6336
11886 2 2 0 1 878 3806 6177
11887 2 2 0 1 4966 1496 6587
11888 2 2 0 1 4233 1593 6507
11889 2 2 0 1 4231 677 6105
11890 2 2 0 1 710 4598 5338
11891 2 2 0 1 1711 5161 6060
11892 2 2 0 1 4010 1350 5446
11893 2 2 0 1 4214 1398 5161
11894 2 2 0 1 1636 4444 5747
11895 2 2 0 1 4068 906 6253
11896 2 2 0 1 4742 801 4967
11897 2 2 0 1 2073 4867 5464
11898 2 2 0 1 3730 1181 6455
11899 2 2 0 1 369 4761 5716
11900 2 2 0 1 4898 1896 4976
11901 2 2 0 1 1659 3978 5938
11902 2 2 0 1 4815 928 5877
11903 2 2 0 1 686 3682 6133
11904 2 2 0 1 3775 449 6029
11905 2 2 0 1 1556 3745 6176
11906 2 2 0 1 2164 4333 6677
11907 2 2 0 1 4747 800 5179
11908 2 2 0 1 635 3872 5724
11909 2 2 0 1 5561 2467 6041
11910 2 2 0 1 3940 1686 5907
11911 2 2 0 1 3908 1546 5628
11912 2 2 0 1 530 4149 5212
11913 2 2 0 1 2156 3841 5813
11914 2 2 0 1 4524 688 5092
11915 2 2 0 1 3801 2080 5945
11916 2 2 0 1 2172 3676 6378
11917 2 2 0 1 2157 3844 5815
11918 2 2 0 1 2600 4851 6296
11919 2 2 0 1 4333 315 6677
11920 2 2 0 1 1641 4455 5753
11921 2 2 0 1 4867 364 5464
11922 2 2 0 1 966 4237 5188
11923 2 2 0 1 2308 4850 6520
11924 2 2 0 1 5578 1915 5702
11925 2 2 0 1 339 3719 6117
11926 2 2 0 1 1642 4734 5339
11927 2 2 0 1 4091 626 5365
11928 2 2 0 1 5117 1699 6397
11929 2 2 0 1 4138 862 6210
11930 2 2 0 1 1737 3713 5972
11931 2 2 0 1 3022 6325 6525
11932 2 2 0 1 1844 5976 6469
11933 2 2 0 1 4974 2392 5056
11934 2 2 0 1 654 4037 5442
11935 2 2 0 1 1810 3953 5421
11936 2 2 0 1 4312 1906 5357
11937 2 2 0 1 2044 5408 6442
11938 2 2 0 1 2439 4608 4947
11939 2 2 0 1 4233 2320 6419
11940 2 2 0 1 1762 3863 5736
11941 2 2 0 1 5519 1755 5700
11942 2 2 0 1 4850 932 6520
11943 2 2 0 1 349 5323 6334
11944 2 2 0 1 4090 1562 5879
11945 2 2 0 1 5308 2070 6342
11946 2 2 0 1 3237 4758 6255
11947 2 2 0 1 5775 1007 6421
11948 2 2 0 1 2016 4324 6001
11949 2 2 0 1 4761 2067 5716
11950 2 2 0 1 1732 5123 5178
11951 2 2 0 1 847 4356 6277
11952 2 2 0 1 5852 1897 6438
11953 2 2 0 1 5488 1715 6679
11954 2 2 0 1 1955 4075 6246
11955 2 2 0 1 2421 4954 6422
11956 2 2 0 1 4358 2438 6059
11957 2 2 0 1 6325 982 6525
11958 2 2 0 1 775 4287 5106
11959 2 2 0 1 2322 5573 5742
11960 2 2 0 1 1237 3880 6266
11961 2 2 0 1 5052 3036 6187
11962 2 2 0 1 4260 1683 5201
11963 2 2 0 1 737 4770 5850
11964 2 2 0 1 352 4544 5305
11965 2 2 0 1 1707 4905 5689
11966 2 2 0 1 3075 5118 6276
11967 2 2 0 1 360 4364 5419
11968 2 2 0 1 1653 3926 6144
11969 2 2 0 1 3748 644 6168
11970 2 2 0 1 5603 2656 6297
11971 2 2 0 1 5123 2015 5178
11972 2 2 0 1 1221 4187 6176
11973 2 2 0 1 1682 4287 5259
11974 2 2 0 1 3785 2023 6124
11975 2 2 0 1 4201 833 6431
11976 2 2 0 1 5085 2208 5458
11977 2 2 0 1 1277 3941 5619
11978 2 2 0 1 1950 4068 6253
11979 2 2 0 1 1855 5561 6041
11980 2 2 0 1 5535 2318 5688
11981 2 2 0 1 5323 2517 6334
11982 2 2 0 1 5546 2316 5705
11983 2 2 0 1 1074 4057 6336
11984 2 2 0 1 1278 3944 5623
11985 2 2 0 1 1857 4932 5304
11986 2 2 0 1 2758 5775 6421
11987 2 2 0 1 4358 1707 4993
11988 2 2 0 1 5362 2045 6628
11989 2 2 0 1 2113 4815 5877
11990 2 2 0 1 2090 4545 6142
11991 2 2 0 1 808 4346 5088
11992 2 2 0 1 506 4933 6066
11993 2 2 0 1 883 3755 6327
11994 2 2 0 1 1300 4153 5519
11995 2 2 0 1 4342 2240 5530
11996 2 2 0 1 328 5216 5932
11997 2 2 0 1 4346 1696 5088
11998 2 2 0 1 4153 1755 5519
11999 2 2 0 1 4658 1406 4883
12000 2 2 0 1 4567 1499 5543
12001 2 2 0 1 1719 4001 5869
12002 2 2 0 1 1736 4986 5230
12003 2 2 0 1 4070 534 5455
12004 2 2 0 1 4118 601 5375
12005 2 2 0 1 4197 2140 5248
12006 2 2 0 1 1697 4028 5824
12007 2 2 0 1 1886 4747 5179
12008 2 2 0 1 835 4260 5201
12009 2 2 0 1 74 4832 5813
12010 2 2 0 1 222 4834 5815
12011 2 2 0 1 2254 3731 6663
12012 2 2 0 1 1479 4707 4865
12013 2 2 0 1 1754 4578 4874
12014 2 2 0 1 744 5224 6566
12015 2 2 0 1 3856 587 6113
12016 2 2 0 1 732 4361 5781
12017 2 2 0 1 471 5085 5458
12018 2 2 0 1 3703 2150 6623
12019 2 2 0 1 1879 3782 6671
12020 2 2 0 1 1224 3658 6564
12021 2 2 0 1 5207 1984 6035
12022 2 2 0 1 3839 2098 6007
12023 2 2 0 1 1304 3711 6364
12024 2 2 0 1 1688 3905 6114
12025 2 2 0 1 1285 4342 5530
12026 2 2 0 1 5402 1860 5516
12027 2 2 0 1 1945 4895 5318
12028 2 2 0 1 979 4798 5524
12029 2 2 0 1 1847 4870 5020
12030 2 2 0 1 3776 805 6030
12031 2 2 0 1 2125 3704 6680
12032 2 2 0 1 2269 5617 5731
12033 2 2 0 1 1989 4138 6210
12034 2 2 0 1 4339 359 5447
12035 2 2 0 1 3996 1830 5934
12036 2 2 0 1 1829 3757 6119
12037 2 2 0 1 1593 4351 6507
12038 2 2 0 1 4323 1460 5200
12039 2 2 0 1 2186 3798 6138
12040 2 2 0 1 1618 5251 5612
12041 2 2 0 1 1434 4206 6624
12042 2 2 0 1 3790 1988 6447
12043 2 2 0 1 5317 1544 6547
12044 2 2 0 1 4936 2174 5995
12045 2 2 0 1 1269 3812 6265
12046 2 2 0 1 1526 4974 5056
12047 2 2 0 1 414 4181 5988
12048 2 2 0 1 402 3943 5686
12049 2 2 0 1 2307 5638 6515
12050 2 2 0 1 4544 1854 5305
12051 2 2 0 1 4986 1997 5230
12052 2 2 0 1 2834 4248 6502
12053 2 2 0 1 5089 1968 5940
12054 2 2 0 1 351 4767 5099
12055 2 2 0 1 4148 1449 5391
12056 2 2 0 1 3082 5298 6299
12057 2 2 0 1 3711 1304 6489
12058 2 2 0 1 4339 1465 5215
12059 2 2 0 1 4448 1694 5321
12060 2 2 0 1 1928 4998 5647
12061 2 2 0 1 811 5314 6659
12062 2 2 0 1 4790 2062 6021
12063 2 2 0 1 1739 3856 6113
12064 2 2 0 1 4798 1999 5524
12065 2 2 0 1 4993 1707 5689
12066 2 2 0 1 500 4915 6572
12067 2 2 0 1 5832 855 5885
12068 2 2 0 1 4504 634 5040
12069 2 2 0 1 1836 4045 6063
12070 2 2 0 1 4070 1516 5450
12071 2 2 0 1 3671 2236 6579
12072 2 2 0 1 1031 4486 5364
12073 2 2 0 1 3958 1237 6266
12074 2 2 0 1 5306 2060 5517
12075 2 2 0 1 5600 628 5681
12076 2 2 0 1 5216 2307 5932
12077 2 2 0 1 4782 1767 4915
12078 2 2 0 1 6282 2146 6651
12079 2 2 0 1 691 4570 5288
12080 2 2 0 1 4895 788 5318
12081 2 2 0 1 1422 4199 5340
12082 2 2 0 1 1265 4042 5826
12083 2 2 0 1 350 3967 5777
12084 2 2 0 1 2482 5362 6628
12085 2 2 0 1 4013 465 5887
12086 2 2 0 1 4285 2046 5245
12087 2 2 0 1 2227 4446 5655
12088 2 2 0 1 2213 5402 5516
12089 2 2 0 1 2337 5016 5519
12090 2 2 0 1 5236 3145 5907
12091 2 2 0 1 2574 5673 6228
12092 2 2 0 1 2292 3804 6474
12093 2 2 0 1 4270 1504 5782
12094 2 2 0 1 352 5305 6402
12095 2 2 0 1 1249 3861 6203
12096 2 2 0 1 4287 775 5259
12097 2 2 0 1 650 4100 5951
12098 2 2 0 1 3703 55 6509
12099 2 2 0 1 458 4936 5995
12100 2 2 0 1 4892 2569 5043
12101 2 2 0 1 500 4782 4915
12102 2 2 0 1 5327 480 6674
12103 2 2 0 1 2386 4940 6636
12104 2 2 0 1 1342 4130 5427
12105 2 2 0 1 4940 964 6636
12106 2 2 0 1 3045 4629 5811
12107 2 2 0 1 4767 2130 5099
12108 2 2 0 1 3912 732 6267
12109 2 2 0 1 4045 321 6063
12110 2 2 0 1 2082 5808 6042
12111 2 2 0 1 1663 4521 5197
12112 2 2 0 1 575 3820 6530
12113 2 2 0 1 4843 2927 6426
12114 2 2 0 1 3978 685 6430
12115 2 2 0 1 1944 4164 6286
12116 2 2 0 1 362 3836 6103
12117 2 2 0 1 5673 516 6228
12118 2 2 0 1 4203 463 5452
12119 2 2 0 1 1530 4535 6653
12120 2 2 0 1 5305 2505 6402
12121 2 2 0 1 4181 1904 5988
12122 2 2 0 1 434 5062 5985
12123 2 2 0 1 1325 3787 6244
12124 2 2 0 1 2134 4129 5452
12125 2 2 0 1 2516 5832 5885
12126 2 2 0 1 1770 4434 5701
12127 2 2 0 1 1946 3688 6652
12128 2 2 0 1 2536 4717 5093
12129 2 2 0 1 4621 634 5003
12130 2 2 0 1 1773 4234 6427
12131 2 2 0 1 1579 4037 5616
12132 2 2 0 1 1689 4524 5092
12133 2 2 0 1 1670 4088 6578
12134 2 2 0 1 6089 2065 6529
12135 2 2 0 1 348 3828 6183
12136 2 2 0 1 4734 1885 5339
12137 2 2 0 1 4651 2001 4950
12138 2 2 0 1 359 4385 5447
12139 2 2 0 1 2058 3786 6429
12140 2 2 0 1 1837 3912 6267
12141 2 2 0 1 1038 3846 6426
12142 2 2 0 1 5016 1300 5519
12143 2 2 0 1 734 4177 6551
12144 2 2 0 1 3693 1358 6647
12145 2 2 0 1 4164 874 6286
12146 2 2 0 1 1280 3959 5871
12147 2 2 0 1 1697 4742 4967
12148 2 2 0 1 3905 558 6114
12149 2 2 0 1 2196 3866 6155
12150 2 2 0 1 451 4168 6049
12151 2 2 0 1 5666 2395 5934
12152 2 2 0 1 3847 1239 6154
12153 2 2 0 1 685 3978 6675
12154 2 2 0 1 2277 5138 5588
12155 2 2 0 1 1876 4920 5432
12156 2 2 0 1 565 3885 6258
12157 2 2 0 1 4420 1983 6072
12158 2 2 0 1 2903 6282 6651
12159 2 2 0 1 2503 4118 5783
12160 2 2 0 1 3302 4183 6189
12161 2 2 0 1 4003 706 5796
12162 2 2 0 1 3921 1742 6084
12163 2 2 0 1 6299 338 6652
12164 2 2 0 1 4168 1881 6049
12165 2 2 0 1 4045 1836 6154
12166 2 2 0 1 4099 76 6599
12167 2 2 0 1 566 3893 6263
12168 2 2 0 1 4102 224 6602
12169 2 2 0 1 5054 3173 5227
12170 2 2 0 1 3887 414 5988
12171 2 2 0 1 2262 3753 6348
12172 2 2 0 1 5573 1752 5742
12173 2 2 0 1 446 5691 5980
12174 2 2 0 1 5090 2433 6324
12175 2 2 0 1 5504 935 6474
12176 2 2 0 1 3755 1926 6472
12177 2 2 0 1 1239 4045 6154
12178 2 2 0 1 3978 1260 5938
12179 2 2 0 1 4365 1413 5570
12180 2 2 0 1 420 4081 5707
12181 2 2 0 1 2887 4439 6361
12182 2 2 0 1 4355 1525 5263
12183 2 2 0 1 3861 1804 6203
12184 2 2 0 1 4264 618 5933
12185 2 2 0 1 3993 966 5820
12186 2 2 0 1 2579 5750 6231
12187 2 2 0 1 1733 5535 5688
12188 2 2 0 1 4311 1900 5336
12189 2 2 0 1 1741 5546 5705
12190 2 2 0 1 4281 328 5436
12191 2 2 0 1 661 3921 6084
12192 2 2 0 1 180 4420 6072
12193 2 2 0 1 1556 4517 5637
12194 2 2 0 1 2077 4437 6468
12195 2 2 0 1 1679 4227 5425
12196 2 2 0 1 1815 4365 5570
12197 2 2 0 1 4818 784 5421
12198 2 2 0 1 529 4892 5043
12199 2 2 0 1 1830 5666 5934
12200 2 2 0 1 6033 568 6332
12201 2 2 0 1 4849 698 5047
12202 2 2 0 1 733 4254 6000
12203 2 2 0 1 4162 1873 6259
12204 2 2 0 1 2017 3895 6169
12205 2 2 0 1 1691 3882 5872
12206 2 2 0 1 5105 1789 5627
12207 2 2 0 1 967 4661 5921
12208 2 2 0 1 4758 1375 6255
12209 2 2 0 1 747 4880 5668
12210 2 2 0 1 628 4530 5681
12211 2 2 0 1 2181 3916 5964
12212 2 2 0 1 5062 2243 5985
12213 2 2 0 1 1818 5126 6105
12214 2 2 0 1 3783 1887 6433
12215 2 2 0 1 5750 520 6231
12216 2 2 0 1 4566 2066 6195
12217 2 2 0 1 5121 525 5678
12218 2 2 0 1 916 4447 6365
12219 2 2 0 1 720 3956 5992
12220 2 2 0 1 6641 2608 6661
12221 2 2 0 1 4022 655 6541
12222 2 2 0 1 659 3815 6600
12223 2 2 0 1 3816 1215 6532
12224 2 2 0 1 6092 899 6398
12225 2 2 0 1 1894 4281 5436
12226 2 2 0 1 1756 4369 5376
12227 2 2 0 1 4847 2032 6528
12228 2 2 0 1 1698 6163 6303
12229 2 2 0 1 1705 4685 6620
12230 2 2 0 1 4369 717 5376
12231 2 2 0 1 1829 4113 6070
12232 2 2 0 1 3249 4841 6681
12233 2 2 0 1 448 4373 5317
12234 2 2 0 1 5617 1782 5731
12235 2 2 0 1 3880 1672 6266
12236 2 2 0 1 5050 669 5763
12237 2 2 0 1 4042 1700 5826
12238 2 2 0 1 4437 31 6468
12239 2 2 0 1 4832 2156 5813
12240 2 2 0 1 5051 1635 5490
12241 2 2 0 1 4834 2157 5815
12242 2 2 0 1 914 4038 5896
12243 2 2 0 1 3987 326 5860
12244 2 2 0 1 668 4566 6195
12245 2 2 0 1 195 4406 5256
12246 2 2 0 1 4540 2142 6674
12247 2 2 0 1 1702 4953 5041
12248 2 2 0 1 2558 4159 5920
12249 2 2 0 1 1532 4442 6185
12250 2 2 0 1 1639 4844 6449
12251 2 2 0 1 4306 2794 5599
12252 2 2 0 1 5691 2466 5980
12253 2 2 0 1 4557 1470 5168
12254 2 2 0 1 3781 950 6546
12255 2 2 0 1 3929 1945 6377
12256 2 2 0 1 1547 4785 5199
12257 2 2 0 1 1823 4849 5047
12258 2 2 0 1 2631 4654 5386
12259 2 2 0 1 5763 669 6141
12260 2 2 0 1 4539 1676 5194
12261 2 2 0 1 345 4448 5321
12262 2 2 0 1 4159 1007 5920
12263 2 2 0 1 4113 430 6070
12264 2 2 0 1 1717 6137 6331
12265 2 2 0 1 1608 3919 6312
12266 2 2 0 1 605 6462 6632
12267 2 2 0 1 4953 1976 5041
12268 2 2 0 1 1386 3913 6236
12269 2 2 0 1 3853 1298 6494
12270 2 2 0 1 2397 4440 5333
12271 2 2 0 1 2180 4725 6505
12272 2 2 0 1 4205 434 5985
12273 2 2 0 1 359 4605 5494
12274 2 2 0 1 6462 2998 6632
12275 2 2 0 1 4870 1768 5020
12276 2 2 0 1 789 3998 6021
12277 2 2 0 1 4085 3189 6196
12278 2 2 0 1 2483 4609 6272
12279 2 2 0 1 427 4321 5849
12280 2 2 0 1 3926 492 6144
12281 2 2 0 1 2031 4752 5080
12282 2 2 0 1 2543 5763 6141
12283 2 2 0 1 2048 4171 5642
12284 2 2 0 1 4212 1975 6670
12285 2 2 0 1 4717 1261 5093
12286 2 2 0 1 1415 4369 5414
12287 2 2 0 1 410 5719 5748
12288 2 2 0 1 4364 1936 5419
12289 2 2 0 1 1067 5489 6326
12290 2 2 0 1 360 4599 5488
12291 2 2 0 1 4008 745 5998
12292 2 2 0 1 6137 3399 6331
12293 2 2 0 1 5013 410 5748
12294 2 2 0 1 1296 3976 6035
12295 2 2 0 1 2634 4519 5575
12296 2 2 0 1 4502 640 5674
12297 2 2 0 1 5477 1813 6333
12298 2 2 0 1 4606 1736 5230
12299 2 2 0 1 1859 5306 5517
12300 2 2 0 1 1694 4817 5321
12301 2 2 0 1 2651 6092 6398
12302 2 2 0 1 4442 1076 6185
12303 2 2 0 1 4175 1956 6542
12304 2 2 0 1 4630 767 5331
12305 2 2 0 1 2450 3873 6654
12306 2 2 0 1 2138 3969 6033
12307 2 2 0 1 480 4540 6674
12308 2 2 0 1 5335 1788 6342
12309 2 2 0 1 1721 4776 6576
12310 2 2 0 1 4369 1756 5414
12311 2 2 0 1 441 4606 5230
12312 2 2 0 1 4275 1444 5585
12313 2 2 0 1 2593 4205 5985
12314 2 2 0 1 2082 5185 5808
12315 2 2 0 1 4138 2927 6157
12316 2 2 0 1 3922 2672 6311
12317 2 2 0 1 4005 790 6086
12318 2 2 0 1 6163 3467 6303
12319 2 2 0 1 2005 3883 6610
12320 2 2 0 1 1450 4393 5989
12321 2 2 0 1 1542 3914 6357
12322 2 2 0 1 5376 717 5383
12323 2 2 0 1 4054 2368 5989
12324 2 2 0 1 4385 1937 5447
12325 2 2 0 1 2518 5504 6519
12326 2 2 0 1 1487 4910 5082
12327 2 2 0 1 4437 1601 5468
12328 2 2 0 1 4486 2105 5364
12329 2 2 0 1 4731 2227 5114
12330 2 2 0 1 1497 4562 5973
12331 2 2 0 1 3819 563 6593
12332 2 2 0 1 866 6101 6119
12333 2 2 0 1 6005 1842 6351
12334 2 2 0 1 4725 882 6505
12335 2 2 0 1 1404 4105 5866
12336 2 2 0 1 846 5756 5959
12337 2 2 0 1 2083 5376 5383
12338 2 2 0 1 5046 2054 5088
12339 2 2 0 1 4435 1901 5868
12340 2 2 0 1 667 4435 5868
12341 2 2 0 1 4104 1282 6526
12342 2 2 0 1 373 4175 6542
12343 2 2 0 1 1446 4773 6608
12344 2 2 0 1 2003 4226 5671
12345 2 2 0 1 345 4920 5185
12346 2 2 0 1 658 4302 6003
12347 2 2 0 1 604 4639 5759
12348 2 2 0 1 3886 435 6591
12349 2 2 0 1 1880 5052 6187
12350 2 2 0 1 5756 2442 5959
12351 2 2 0 1 1585 5159 6493
12352 2 2 0 1 4318 1549 5557
12353 2 2 0 1 2256 5960 6018
12354 2 2 0 1 4278 2884 6634
12355 2 2 0 1 1238 3830 6609
12356 2 2 0 1 4101 1738 6101
12357 2 2 0 1 851 5255 5647
12358 2 2 0 1 3962 192 6257
12359 2 2 0 1 2735 4083 6068
12360 2 2 0 1 4982 1468 5287
12361 2 2 0 1 5048 3109 6353
12362 2 2 0 1 4360 809 6585
12363 2 2 0 1 4100 1671 5951
12364 2 2 0 1 4970 1530 6653
12365 2 2 0 1 4101 1336 5819
12366 2 2 0 1 5291 2309 5944
12367 2 2 0 1 2798 6059 6570
12368 2 2 0 1 6059 863 6570
12369 2 2 0 1 4832 2341 6235
12370 2 2 0 1 1963 5352 6510
12371 2 2 0 1 1371 4579 5550
12372 2 2 0 1 746 4648 6629
12373 2 2 0 1 4834 2344 6237
12374 2 2 0 1 2032 6374 6528
12375 2 2 0 1 3921 661 6587
12376 2 2 0 1 5319 1864 6181
12377 2 2 0 1 4316 1719 5586
12378 2 2 0 1 4250 1576 5713
12379 2 2 0 1 552 4162 6259
12380 2 2 0 1 4388 1627 5509
12381 2 2 0 1 4389 377 6477
12382 2 2 0 1 1206 4306 5599
12383 2 2 0 1 1952 4104 6526
12384 2 2 0 1 1939 5291 5944
12385 2 2 0 1 5299 829 5576
12386 2 2 0 1 4785 2072 5199
12387 2 2 0 1 1524 4480 5389
12388 2 2 0 1 5020 1768 5855
12389 2 2 0 1 474 5103 6416
12390 2 2 0 1 2083 5383 5396
12391 2 2 0 1 4765 1886 5365
12392 2 2 0 1 1839 5364 5522
12393 2 2 0 1 2430 5756 5838
12394 2 2 0 1 1696 5046 5088
12395 2 2 0 1 4229 742 5692
12396 2 2 0 1 5269 2018 6386
12397 2 2 0 1 5489 2523 6326
12398 2 2 0 1 4043 1679 6294
12399 2 2 0 1 4703 754 5241
12400 2 2 0 1 1139 3924 6497
12401 2 2 0 1 4920 1876 5185
12402 2 2 0 1 4944 2060 5306
12403 2 2 0 1 5364 2105 5522
12404 2 2 0 1 5547 2441 6261
12405 2 2 0 1 3959 318 6418
12406 2 2 0 1 1282 4104 6036
12407 2 2 0 1 1862 4630 5331
12408 2 2 0 1 4648 1642 6629
12409 2 2 0 1 5383 1771 5396
12410 2 2 0 1 2156 4832 6235
12411 2 2 0 1 626 4765 5365
12412 2 2 0 1 3100 4982 5287
12413 2 2 0 1 2157 4834 6237
12414 2 2 0 1 2109 5299 5576
12415 2 2 0 1 6272 898 6442
12416 2 2 0 1 1328 4100 5940
12417 2 2 0 1 1555 4843 6426
12418 2 2 0 1 866 4101 6101
12419 2 2 0 1 1404 4335 5598
12420 2 2 0 1 315 4333 5579
12421 2 2 0 1 2065 5478 6529
12422 2 2 0 1 1856 4304 5992
12423 2 2 0 1 2307 5216 5638
12424 2 2 0 1 2444 4219 6544
12425 2 2 0 1 5081 1636 5747
12426 2 2 0 1 964 5051 6636
12427 2 2 0 1 4219 2975 6544
12428 2 2 0 1 426 5339 5968
12429 2 2 0 1 4981 963 5196
12430 2 2 0 1 6161 1951 6385
12431 2 2 0 1 4784 398 5190
12432 2 2 0 1 4304 720 5992
12433 2 2 0 1 1562 4090 6166
12434 2 2 0 1 5086 1641 5753
12435 2 2 0 1 4302 1894 6003
12436 2 2 0 1 5756 846 5838
12437 2 2 0 1 677 4989 6105
12438 2 2 0 1 1962 4771 5805
12439 2 2 0 1 5051 2360 6636
12440 2 2 0 1 4642 1642 5339
12441 2 2 0 1 727 5547 6261
12442 2 2 0 1 1436 3980 6369
12443 2 2 0 1 4151 1042 5961
12444 2 2 0 1 2029 4663 6524
12445 2 2 0 1 4851 1586 6296
12446 2 2 0 1 4380 1299 5627
12447 2 2 0 1 4721 1445 5373
12448 2 2 0 1 2239 4085 6196
12449 2 2 0 1 4638 1545 5412
12450 2 2 0 1 4096 3038 6073
12451 2 2 0 1 4183 397 6189
12452 2 2 0 1 4740 2622 5390
12453 2 2 0 1 1738 4113 6101
12454 2 2 0 1 1016 4006 6301
12455 2 2 0 1 4073 443 6153
12456 2 2 0 1 1823 4305 6079
12457 2 2 0 1 4662 2501 6172
12458 2 2 0 1 815 4251 6607
12459 2 2 0 1 5303 3213 6004
12460 2 2 0 1 4920 1846 5432
12461 2 2 0 1 4568 2356 6213
12462 2 2 0 1 2375 5259 6200
12463 2 2 0 1 1600 3885 6655
12464 2 2 0 1 2281 6112 6199
12465 2 2 0 1 4108 470 6097
12466 2 2 0 1 5094 1532 6185
12467 2 2 0 1 694 4252 5884
12468 2 2 0 1 1799 5712 6034
12469 2 2 0 1 828 4413 5629
12470 2 2 0 1 1603 3893 6660
12471 2 2 0 1 998 4063 6213
12472 2 2 0 1 4649 526 6598
12473 2 2 0 1 1777 4681 5612
12474 2 2 0 1 5369 488 5898
12475 2 2 0 1 5058 1721 6576
12476 2 2 0 1 4891 1398 5948
12477 2 2 0 1 1538 4003 6608
12478 2 2 0 1 2642 4215 5958
12479 2 2 0 1 4404 425 6444
12480 2 2 0 1 4260 1851 5947
12481 2 2 0 1 1920 5048 6353
12482 2 2 0 1 1398 4449 6060
12483 2 2 0 1 2020 4404 6444
12484 2 2 0 1 4279 2870 6461
12485 2 2 0 1 1722 4597 6080
12486 2 2 0 1 2202 3982 6512
12487 2 2 0 1 2980 4645 6465
12488 2 2 0 1 4447 2460 6441
12489 2 2 0 1 1982 4299 6550
12490 2 2 0 1 4190 722 6396
12491 2 2 0 1 5778 1862 6456
12492 2 2 0 1 1993 4913 5748
12493 2 2 0 1 2153 4649 6598
12494 2 2 0 1 1881 4022 6541
12495 2 2 0 1 5976 2380 6469
12496 2 2 0 1 1585 4157 6013
12497 2 2 0 1 4590 2086 5475
12498 2 2 0 1 2173 5313 5865
12499 2 2 0 1 5913 1838 6036
12500 2 2 0 1 548 4740 5390
12501 2 2 0 1 4327 1629 5767
12502 2 2 0 1 2118 4981 5196
12503 2 2 0 1 4564 1518 5552
12504 2 2 0 1 903 5311 6654
12505 2 2 0 1 3978 1659 6675
12506 2 2 0 1 1565 4463 5554
12507 2 2 0 1 4771 537 5805
12508 2 2 0 1 2549 5600 5681
12509 2 2 0 1 4685 1705 5369
12510 2 2 0 1 1961 5186 5657
12511 2 2 0 1 4041 531 6596
12512 2 2 0 1 4019 947 6296
12513 2 2 0 1 5313 2000 5865
12514 2 2 0 1 2889 4161 6475
12515 2 2 0 1 5525 1985 6564
12516 2 2 0 1 4913 1773 5748
12517 2 2 0 1 2959 4897 5826
12518 2 2 0 1 737 4212 6670
12519 2 2 0 1 2114 4202 6039
12520 2 2 0 1 1716 4928 6150
12521 2 2 0 1 1807 5619 5962
12522 2 2 0 1 1928 5255 5538
12523 2 2 0 1 399 5776 5791
12524 2 2 0 1 5186 2069 5657
12525 2 2 0 1 4087 1984 6288
12526 2 2 0 1 4599 1715 5488
12527 2 2 0 1 4768 1458 6069
12528 2 2 0 1 4927 1980 6630
12529 2 2 0 1 1809 5623 5966
12530 2 2 0 1 4251 1957 5898
12531 2 2 0 1 4299 483 6550
12532 2 2 0 1 1873 5506 5651
12533 2 2 0 1 4836 802 5865
12534 2 2 0 1 4161 2716 6475
12535 2 2 0 1 2004 4820 5860
12536 2 2 0 1 4361 1656 5781
12537 2 2 0 1 4180 758 6540
12538 2 2 0 1 4605 1714 5494
12539 2 2 0 1 2265 4927 6630
12540 2 2 0 1 5311 2450 6654
12541 2 2 0 1 4305 461 6079
12542 2 2 0 1 1485 5054 5227
12543 2 2 0 1 5959 2442 5978
12544 2 2 0 1 2000 4836 5865
12545 2 2 0 1 5506 2166 5651
12546 2 2 0 1 2058 5221 5279
12547 2 2 0 1 5776 2328 5791
12548 2 2 0 1 1840 4515 5791
12549 2 2 0 1 4092 1498 6352
12550 2 2 0 1 1874 4133 6401
12551 2 2 0 1 4133 1263 6401
12552 2 2 0 1 4515 399 5791
12553 2 2 0 1 4013 1571 6611
12554 2 2 0 1 4579 2401 5550
12555 2 2 0 1 4348 11 6330
12556 2 2 0 1 2404 4138 6157
12557 2 2 0 1 1824 4193 6146
12558 2 2 0 1 4535 615 6653
12559 2 2 0 1 5391 2055 6252
12560 2 2 0 1 5156 2374 5560
12561 2 2 0 1 4088 563 6578
12562 2 2 0 1 3427 5889 6633
12563 2 2 0 1 1904 4181 6094
12564 2 2 0 1 699 4324 5955
12565 2 2 0 1 2979 4504 6245
12566 2 2 0 1 5584 2600 6317
12567 2 2 0 1 5189 2231 6268
12568 2 2 0 1 740 4581 6399
12569 2 2 0 1 372 4987 6095
12570 2 2 0 1 5221 440 5279
12571 2 2 0 1 728 4944 5306
12572 2 2 0 1 5175 1142 6308
12573 2 2 0 1 4932 1855 5304
12574 2 2 0 1 2367 4730 6075
12575 2 2 0 1 1846 5120 5432
12576 2 2 0 1 4193 1273 6146
12577 2 2 0 1 613 5156 5560
12578 2 2 0 1 1814 5959 5978
12579 2 2 0 1 4171 439 6158
12580 2 2 0 1 351 5189 6268
12581 2 2 0 1 4041 1427 6485
12582 2 2 0 1 4273 1119 6383
12583 2 2 0 1 473 5139 6264
12584 2 2 0 1 422 4418 5774
12585 2 2 0 1 1759 4456 6122
12586 2 2 0 1 5322 2152 5324
12587 2 2 0 1 3259 4421 6277
12588 2 2 0 1 4444 900 5747
12589 2 2 0 1 4730 910 6075
12590 2 2 0 1 370 5388 5401
12591 2 2 0 1 1818 4344 5969
12592 2 2 0 1 4254 1685 6000
12593 2 2 0 1 4158 1704 6118
12594 2 2 0 1 788 4895 5378
12595 2 2 0 1 1751 5322 5324
12596 2 2 0 1 1358 4253 6647
12597 2 2 0 1 4107 494 6484
12598 2 2 0 1 4073 1321 6528
12599 2 2 0 1 5255 2056 5538
12600 2 2 0 1 2260 4055 6556
12601 2 2 0 1 5078 1434 6624
12602 2 2 0 1 4194 1052 6188
12603 2 2 0 1 4643 2088 5541
12604 2 2 0 1 5371 2205 5859
12605 2 2 0 1 4455 902 5753
12606 2 2 0 1 5388 2640 5401
12607 2 2 0 1 4344 403 5969
12608 2 2 0 1 2873 4273 6383
12609 2 2 0 1 4987 3177 6095
12610 2 2 0 1 773 5277 6463
12611 2 2 0 1 4293 519 6077
12612 2 2 0 1 4773 3291 6608
12613 2 2 0 1 4155 1493 6254
12614 2 2 0 1 5098 2400 5225
12615 2 2 0 1 2398 5357 6120
12616 2 2 0 1 4895 1814 5378
12617 2 2 0 1 5638 877 6515
12618 2 2 0 1 4450 2252 6494
12619 2 2 0 1 1957 5240 5440
12620 2 2 0 1 1788 4615 5620
12621 2 2 0 1 4271 334 6065
12622 2 2 0 1 4129 808 6451
12623 2 2 0 1 5834 3167 6129
12624 2 2 0 1 4164 1944 6346
12625 2 2 0 1 3031 4483 5758
12626 2 2 0 1 1583 4056 6648
12627 2 2 0 1 5487 1649 5548
12628 2 2 0 1 1298 4450 6494
12629 2 2 0 1 1830 3996 6603
12630 2 2 0 1 4159 1832 6421
12631 2 2 0 1 443 4292 6153
12632 2 2 0 1 4238 1229 6181
12633 2 2 0 1 2073 5464 5529
12634 2 2 0 1 2690 4308 6024
12635 2 2 0 1 1546 4494 5760
12636 2 2 0 1 1378 4678 6278
12637 2 2 0 1 4092 2123 6428
12638 2 2 0 1 4292 1856 6153
12639 2 2 0 1 2406 5915 6002
12640 2 2 0 1 4850 1798 6247
12641 2 2 0 1 3366 5052 6289
12642 2 2 0 1 5164 1041 6323
12643 2 2 0 1 1906 4514 6120
12644 2 2 0 1 781 4166 6404
12645 2 2 0 1 1748 4622 5632
12646 2 2 0 1 4681 1618 5612
12647 2 2 0 1 994 4945 6142
12648 2 2 0 1 4939 1176 5431
12649 2 2 0 1 4248 2689 6502
12650 2 2 0 1 5052 1880 6289
12651 2 2 0 1 623 5834 6129
12652 2 2 0 1 4805 1548 5843
12653 2 2 0 1 5407 2432 6595
12654 2 2 0 1 2045 5362 5643
12655 2 2 0 1 1696 4346 6052
12656 2 2 0 1 1778 4395 6639
12657 2 2 0 1 526 4649 5683
12658 2 2 0 1 4637 2085 6661
12659 2 2 0 1 1565 4885 6354
12660 2 2 0 1 5915 1836 6002
12661 2 2 0 1 4367 179 6072
12662 2 2 0 1 720 5028 6085
12663 2 2 0 1 1007 4159 6421
12664 2 2 0 1 4615 819 5620
12665 2 2 0 1 5464 1883 5529
12666 2 2 0 1 3262 4806 6091
12667 2 2 0 1 4945 2090 6142
12668 2 2 0 1 4678 2042 6278
12669 2 2 0 1 1536 5144 6078
12670 2 2 0 1 2182 4884 6580
12671 2 2 0 1 1623 5098 5225
12672 2 2 0 1 4932 1857 5752
12673 2 2 0 1 4235 1430 6545
12674 2 2 0 1 1939 5944 6590
12675 2 2 0 1 4088 1670 6503
12676 2 2 0 1 4884 901 6580
12677 2 2 0 1 1555 4643 5942
12678 2 2 0 1 802 4836 6590
12679 2 2 0 1 1821 4722 5740
12680 2 2 0 1 5321 1990 6350
12681 2 2 0 1 5028 3195 6085
12682 2 2 0 1 5270 1716 6150
12683 2 2 0 1 5697 2456 6145
12684 2 2 0 1 5784 980 6205
12685 2 2 0 1 1295 5407 6595
12686 2 2 0 1 4209 814 6438
12687 2 2 0 1 3413 5048 6384
12688 2 2 0 1 4571 173 6191
12689 2 2 0 1 5026 3574 6156
12690 2 2 0 1 1890 4939 5431
12691 2 2 0 1 2552 5487 5548
12692 2 2 0 1 5785 1959 6165
12693 2 2 0 1 1629 4201 6431
12694 2 2 0 1 2433 5784 6205
12695 2 2 0 1 4628 418 5831
12696 2 2 0 1 1983 4367 6072
12697 2 2 0 1 4633 1993 5719
12698 2 2 0 1 4514 919 6120
12699 2 2 0 1 6178 870 6445
12700 2 2 0 1 5960 2013 6018
12701 2 2 0 1 5362 462 5643
12702 2 2 0 1 4247 2741 6340
12703 2 2 0 1 5048 1920 6384
12704 2 2 0 1 2085 6641 6661
12705 2 2 0 1 4629 1754 5811
12706 2 2 0 1 5296 1924 5309
12707 2 2 0 1 2662 4247 6340
12708 2 2 0 1 6108 1871 6182
12709 2 2 0 1 4544 1828 5854
12710 2 2 0 1 3147 5095 6144
12711 2 2 0 1 2537 6108 6182
12712 2 2 0 1 4639 2000 5759
12713 2 2 0 1 1942 5296 5309
12714 2 2 0 1 1848 5559 5576
12715 2 2 0 1 1448 4204 6461
12716 2 2 0 1 1388 4637 6661
12717 2 2 0 1 4990 2230 6254
12718 2 2 0 1 5710 1980 6115
12719 2 2 0 1 2266 5164 6323
12720 2 2 0 1 4923 2377 5593
12721 2 2 0 1 1931 4235 6545
12722 2 2 0 1 2402 5154 6080
12723 2 2 0 1 4140 1392 6649
12724 2 2 0 1 2152 5322 5971
12725 2 2 0 1 5219 1981 5592
12726 2 2 0 1 1623 5315 6175
12727 2 2 0 1 5322 676 5971
12728 2 2 0 1 2559 5682 6371
12729 2 2 0 1 4487 1801 5919
12730 2 2 0 1 5144 2139 6078
12731 2 2 0 1 4477 1687 6064
12732 2 2 0 1 4714 1938 6532
12733 2 2 0 1 1897 4209 6438
12734 2 2 0 1 4500 1717 6009
12735 2 2 0 1 4649 1868 5683
12736 2 2 0 1 4722 853 5740
12737 2 2 0 1 2352 5710 6115
12738 2 2 0 1 1802 4628 5831
12739 2 2 0 1 5076 2756 5590
12740 2 2 0 1 5954 2380 5976
12741 2 2 0 1 2256 5141 5960
12742 2 2 0 1 5821 363 5950
12743 2 2 0 1 1077 5954 5976
12744 2 2 0 1 4996 2085 5420
12745 2 2 0 1 4932 803 5561
12746 2 2 0 1 473 4828 6239
12747 2 2 0 1 780 4613 5864
12748 2 2 0 1 4806 429 6091
12749 2 2 0 1 1067 5405 5489
12750 2 2 0 1 568 4493 6332
12751 2 2 0 1 4234 1384 6427
12752 2 2 0 1 910 4233 6507
12753 2 2 0 1 2581 4498 6364
12754 2 2 0 1 5405 2253 5489
12755 2 2 0 1 2421 5953 6262
12756 2 2 0 1 1855 4932 5561
12757 2 2 0 1 4792 1877 6596
12758 2 2 0 1 4351 1593 6159
12759 2 2 0 1 1981 5205 5592
12760 2 2 0 1 4897 1265 5826
12761 2 2 0 1 5203 1646 5890
12762 2 2 0 1 1493 4990 6254
12763 2 2 0 1 4381 2576 6177
12764 2 2 0 1 769 4913 5592
12765 2 2 0 1 748 4878 5702
12766 2 2 0 1 5858 1031 6047
12767 2 2 0 1 2276 5868 5886
12768 2 2 0 1 2083 5396 5765
12769 2 2 0 1 741 4831 5754
12770 2 2 0 1 431 5076 5590
12771 2 2 0 1 2360 5051 5490
12772 2 2 0 1 5205 769 5592
12773 2 2 0 1 4493 1949 6332
12774 2 2 0 1 1806 5770 6430
12775 2 2 0 1 428 4394 6139
12776 2 2 0 1 4498 1304 6364
12777 2 2 0 1 1865 4607 6087
12778 2 2 0 1 1114 4923 5593
12779 2 2 0 1 4201 1443 6645
12780 2 2 0 1 2330 5821 5950
12781 2 2 0 1 651 4436 5606
12782 2 2 0 1 4793 1698 5757
12783 2 2 0 1 4461 1832 6454
12784 2 2 0 1 4513 868 6360
12785 2 2 0 1 5559 2109 5576
12786 2 2 0 1 652 4438 5610
12787 2 2 0 1 5396 807 5765
12788 2 2 0 1 2451 5058 6576
12789 2 2 0 1 5154 1722 6080
12790 2 2 0 1 708 4328 6224
12791 2 2 0 1 705 4239 6351
12792 2 2 0 1 1851 4748 5947
12793 2 2 0 1 1460 4252 6443
12794 2 2 0 1 5120 815 5432
12795 2 2 0 1 2371 5445 6625
12796 2 2 0 1 4311 788 6425
12797 2 2 0 1 758 4458 6540
12798 2 2 0 1 6097 1866 6317
12799 2 2 0 1 738 4682 6604
12800 2 2 0 1 5240 1925 5440
12801 2 2 0 1 5840 460 6480
12802 2 2 0 1 2748 4474 6573
12803 2 2 0 1 4980 1953 5792
12804 2 2 0 1 2892 4488 6481
12805 2 2 0 1 6050 1865 6087
12806 2 2 0 1 2502 5840 6480
12807 2 2 0 1 4362 1390 6562
12808 2 2 0 1 917 5651 5711
12809 2 2 0 1 4905 857 5689
12810 2 2 0 1 3025 4320 6449
12811 2 2 0 1 2326 5785 6165
12812 2 2 0 1 5868 1901 5886
12813 2 2 0 1 1900 4311 6425
12814 2 2 0 1 5699 2115 6344
12815 2 2 0 1 1264 4980 5792
12816 2 2 0 1 1465 4324 6376
12817 2 2 0 1 5436 2434 5997
12818 2 2 0 1 5667 2960 6180
12819 2 2 0 1 4659 426 5968
12820 2 2 0 1 2286 5484 5685
12821 2 2 0 1 1601 4961 5609
12822 2 2 0 1 4770 2691 5850
12823 2 2 0 1 1932 4374 6445
12824 2 2 0 1 4434 656 5701
12825 2 2 0 1 5445 1925 6625
12826 2 2 0 1 4334 205 6186
12827 2 2 0 1 5953 2084 6262
12828 2 2 0 1 5095 1653 6144
12829 2 2 0 1 4421 847 6277
12830 2 2 0 1 775 4677 6200
12831 2 2 0 1 2379 5858 6047
12832 2 2 0 1 1523 4575 6073
12833 2 2 0 1 5088 2054 6102
12834 2 2 0 1 2540 4412 6415
12835 2 2 0 1 1458 4540 6069
12836 2 2 0 1 2390 5699 6344
12837 2 2 0 1 4877 1615 5827
12838 2 2 0 1 4998 1902 5647
12839 2 2 0 1 1375 4514 6255
12840 2 2 0 1 4690 1778 6639
12841 2 2 0 1 4844 977 6449
12842 2 2 0 1 4514 1906 6255
12843 2 2 0 1 4682 2198 6604
12844 2 2 0 1 1878 5042 6100
12845 2 2 0 1 4456 15 6122
12846 2 2 0 1 661 4872 5744
12847 2 2 0 1 4677 1967 6200
12848 2 2 0 1 1877 4792 6051
12849 2 2 0 1 2279 4278 6634
12850 2 2 0 1 403 4660 5969
12851 2 2 0 1 5042 1878 6241
12852 2 2 0 1 5808 869 6042
12853 2 2 0 1 2143 5184 6202
12854 2 2 0 1 685 4991 6430
12855 2 2 0 1 5368 2156 6235
12856 2 2 0 1 1078 4650 5999
12857 2 2 0 1 4905 1707 5773
12858 2 2 0 1 2334 5798 6539
12859 2 2 0 1 2178 4993 5689
12860 2 2 0 1 5372 2157 6237
12861 2 2 0 1 5184 324 6202
12862 2 2 0 1 4403 1875 6389
12863 2 2 0 1 3502 5520 5569
12864 2 2 0 1 1166 5079 5790
12865 2 2 0 1 803 4932 5752
12866 2 2 0 1 4200 1796 6491
12867 2 2 0 1 5651 2166 5711
12868 2 2 0 1 4490 1568 6273
12869 2 2 0 1 4275 329 6560
12870 2 2 0 1 5706 1773 6427
12871 2 2 0 1 4998 1928 5726
12872 2 2 0 1 5317 1844 6469
12873 2 2 0 1 313 4998 5726
12874 2 2 0 1 2158 4814 6614
12875 2 2 0 1 4603 2009 6554
12876 2 2 0 1 5297 2166 5506
12877 2 2 0 1 1695 4389 6477
12878 2 2 0 1 4748 726 5947
12879 2 2 0 1 4607 735 6087
12880 2 2 0 1 435 4624 6605
12881 2 2 0 1 4814 2755 6614
12882 2 2 0 1 4210 1800 6504
12883 2 2 0 1 6112 2036 6199
12884 2 2 0 1 808 5088 6102
12885 2 2 0 1 4837 1914 6400
12886 2 2 0 1 4610 262 6104
12887 2 2 0 1 4492 773 6238
12888 2 2 0 1 2636 5021 5914
12889 2 2 0 1 1884 4506 6393
12890 2 2 0 1 4928 438 6150
12891 2 2 0 1 2464 6131 6160
12892 2 2 0 1 2055 5391 6360
12893 2 2 0 1 4853 1643 6534
12894 2 2 0 1 442 4603 6554
12895 2 2 0 1 4333 2164 6662
12896 2 2 0 1 1777 5427 6156
12897 2 2 0 1 1867 5533 6559
12898 2 2 0 1 1943 4571 6191
12899 2 2 0 1 4900 899 6092
12900 2 2 0 1 4597 924 6080
12901 2 2 0 1 6131 1913 6160
12902 2 2 0 1 2429 4447 6441
12903 2 2 0 1 2712 4368 6562
12904 2 2 0 1 4669 2813 6040
12905 2 2 0 1 4345 1414 6584
12906 2 2 0 1 5719 1993 5748
12907 2 2 0 1 1840 5791 5810
12908 2 2 0 1 4399 1916 6569
12909 2 2 0 1 1838 5913 6616
12910 2 2 0 1 5385 532 5979
12911 2 2 0 1 4414 57 6207
12912 2 2 0 1 4848 876 6577
12913 2 2 0 1 5591 1892 6280
12914 2 2 0 1 5446 1799 6032
12915 2 2 0 1 5626 1867 6559
12916 2 2 0 1 1929 6275 6424
12917 2 2 0 1 1893 4536 6420
12918 2 2 0 1 4668 2744 6300
12919 2 2 0 1 5825 309 6338
12920 2 2 0 1 5138 1731 5588
12921 2 2 0 1 4679 521 6287
12922 2 2 0 1 5847 2338 6560
12923 2 2 0 1 2326 5265 5785
12924 2 2 0 1 5079 2003 5790
12925 2 2 0 1 2665 5121 5678
12926 2 2 0 1 4969 554 5852
12927 2 2 0 1 738 5297 5506
12928 2 2 0 1 2575 4444 6316
12929 2 2 0 1 1773 5013 5748
12930 2 2 0 1 2543 6141 6197
12931 2 2 0 1 5265 845 5785
12932 2 2 0 1 1967 4679 6287
12933 2 2 0 1 799 4461 6454
12934 2 2 0 1 5791 2328 5810
12935 2 2 0 1 2213 5923 6089
12936 2 2 0 1 5882 2029 6524
12937 2 2 0 1 1070 5664 6082
12938 2 2 0 1 4624 2038 6605
12939 2 2 0 1 5664 2232 6082
12940 2 2 0 1 6204 1377 6589
12941 2 2 0 1 5536 1833 5574
12942 2 2 0 1 2786 4969 5852
12943 2 2 0 1 5216 1757 5638
12944 2 2 0 1 4625 441 6601
12945 2 2 0 1 4612 637 6252
12946 2 2 0 1 5520 1609 5569
12947 2 2 0 1 2661 4592 6244
12948 2 2 0 1 2396 5825 6338
12949 2 2 0 1 5666 1092 6012
12950 2 2 0 1 2578 4455 6343
12951 2 2 0 1 2404 6157 6184
12952 2 2 0 1 818 5368 6235
12953 2 2 0 1 2445 5081 5747
12954 2 2 0 1 4458 1798 6540
12955 2 2 0 1 6141 1889 6197
12956 2 2 0 1 2159 4916 5887
12957 2 2 0 1 820 5372 6237
12958 2 2 0 1 2220 5536 5574
12959 2 2 0 1 2489 5319 6181
12960 2 2 0 1 4792 1153 6051
12961 2 2 0 1 1568 5147 6273
12962 2 2 0 1 2448 5086 5753
12963 2 2 0 1 1876 5432 6607
12964 2 2 0 1 3131 5761 5892
12965 2 2 0 1 4488 2305 6481
12966 2 2 0 1 4863 1904 6321
12967 2 2 0 1 4592 1325 6244
12968 2 2 0 1 2432 6050 6087
12969 2 2 0 1 4739 428 6139
12970 2 2 0 1 2095 4848 6577
12971 2 2 0 1 4474 2523 6573
12972 2 2 0 1 5648 2281 6199
12973 2 2 0 1 4395 958 6639
12974 2 2 0 1 1750 4975 5876
12975 2 2 0 1 2350 5580 5693
12976 2 2 0 1 4671 1995 6619
12977 2 2 0 1 731 5309 5926
12978 2 2 0 1 5816 2431 6385
12979 2 2 0 1 6275 2633 6424
12980 2 2 0 1 2168 4705 6530
12981 2 2 0 1 338 4491 6652
12982 2 2 0 1 4705 575 6530
12983 2 2 0 1 1964 4620 6521
12984 2 2 0 1 1423 4526 6521
12985 2 2 0 1 1820 4680 6248
12986 2 2 0 1 1718 5242 6311
12987 2 2 0 1 5761 1740 5892
12988 2 2 0 1 315 4480 6677
12989 2 2 0 1 1972 5866 6324
12990 2 2 0 1 6157 497 6184
12991 2 2 0 1 5580 1795 5693
12992 2 2 0 1 2266 4668 6300
12993 2 2 0 1 2059 4724 6369
12994 2 2 0 1 4491 1946 6652
12995 2 2 0 1 4620 1423 6521
12996 2 2 0 1 1914 4739 6171
12997 2 2 0 1 5147 2237 6273
12998 2 2 0 1 2218 5159 6013
12999 2 2 0 1 4571 1781 6476
13000 2 2 0 1 5128 798 6048
13001 2 2 0 1 4611 443 6374
13002 2 2 0 1 458 5208 6320
13003 2 2 0 1 5159 1585 6013
13004 2 2 0 1 2669 6204 6589
13005 2 2 0 1 757 5036 5984
13006 2 2 0 1 5668 2608 6641
13007 2 2 0 1 1330 5035 6640
13008 2 2 0 1 730 5020 5855
13009 2 2 0 1 5185 1876 5808
13010 2 2 0 1 4635 1919 6498
13011 2 2 0 1 2777 4896 6381
13012 2 2 0 1 6182 567 6409
13013 2 2 0 1 2995 4964 6640
13014 2 2 0 1 5208 2118 6320
13015 2 2 0 1 1425 5474 5717
13016 2 2 0 1 1932 4739 6139
13017 2 2 0 1 2656 5603 5730
13018 2 2 0 1 4645 1329 6465
13019 2 2 0 1 5370 1555 5942
13020 2 2 0 1 462 4582 6558
13021 2 2 0 1 4724 1436 6369
13022 2 2 0 1 5171 2474 6056
13023 2 2 0 1 2138 5124 6529
13024 2 2 0 1 5035 2165 6640
13025 2 2 0 1 405 6395 6517
13026 2 2 0 1 5817 1927 6417
13027 2 2 0 1 2537 6182 6409
13028 2 2 0 1 755 4671 6619
13029 2 2 0 1 1899 4900 6092
13030 2 2 0 1 4828 1779 6239
13031 2 2 0 1 4537 1564 6665
13032 2 2 0 1 5219 827 5837
13033 2 2 0 1 683 5736 6211
13034 2 2 0 1 5124 921 6529
13035 2 2 0 1 4701 1963 6496
13036 2 2 0 1 894 4701 6496
13037 2 2 0 1 5971 2522 6672
13038 2 2 0 1 1981 5219 5837
13039 2 2 0 1 3172 6203 6302
13040 2 2 0 1 2152 5971 6672
13041 2 2 0 1 5796 2022 6490
13042 2 2 0 1 6395 2671 6517
13043 2 2 0 1 2019 4894 6482
13044 2 2 0 1 4933 1720 6066
13045 2 2 0 1 840 5478 5870
13046 2 2 0 1 6023 2403 6061
13047 2 2 0 1 5779 1940 5799
13048 2 2 0 1 2097 5104 6410
13049 2 2 0 1 4943 902 6679
13050 2 2 0 1 5104 321 6410
13051 2 2 0 1 5261 1577 6148
13052 2 2 0 1 3378 4966 6587
13053 2 2 0 1 6203 1804 6302
13054 2 2 0 1 329 5847 6560
13055 2 2 0 1 5484 1822 5685
13056 2 2 0 1 5603 1737 5730
13057 2 2 0 1 2213 5516 5923
13058 2 2 0 1 4696 1826 6305
13059 2 2 0 1 5478 2065 5870
13060 2 2 0 1 1945 4942 6377
13061 2 2 0 1 1779 5714 6239
13062 2 2 0 1 1686 5236 5907
13063 2 2 0 1 1912 6023 6061
13064 2 2 0 1 5474 2040 5717
13065 2 2 0 1 4811 1759 6170
13066 2 2 0 1 932 4850 6247
13067 2 2 0 1 1597 5537 6377
13068 2 2 0 1 5923 2065 6089
13069 2 2 0 1 5845 3051 6121
13070 2 2 0 1 1959 5085 6165
13071 2 2 0 1 2244 4760 6417
13072 2 2 0 1 2210 5779 5799
13073 2 2 0 1 2953 5602 6605
13074 2 2 0 1 5602 435 6605
13075 2 2 0 1 4894 1179 6482
13076 2 2 0 1 5714 2351 6239
13077 2 2 0 1 439 5425 6158
13078 2 2 0 1 502 5171 6056
13079 2 2 0 1 309 5536 6338
13080 2 2 0 1 2071 5325 6174
13081 2 2 0 1 4663 1418 6524
13082 2 2 0 1 4989 1818 6105
13083 2 2 0 1 1864 5371 5859
13084 2 2 0 1 5141 755 5960
13085 2 2 0 1 4776 639 6576
13086 2 2 0 1 4685 821 6620
13087 2 2 0 1 5605 2079 6609
13088 2 2 0 1 5240 815 6625
13089 2 2 0 1 5963 2296 6674
13090 2 2 0 1 1976 4953 6452
13091 2 2 0 1 5224 2377 6566
13092 2 2 0 1 1959 4827 6518
13093 2 2 0 1 5325 415 6174
13094 2 2 0 1 4893 683 6211
13095 2 2 0 1 2594 4959 6489
13096 2 2 0 1 5536 2220 6338
13097 2 2 0 1 752 4863 6321
13098 2 2 0 1 5432 815 6607
13099 2 2 0 1 1798 4850 6291
13100 2 2 0 1 5309 1924 5926
13101 2 2 0 1 1927 5545 6417
13102 2 2 0 1 6032 1799 6034
13103 2 2 0 1 1868 4649 6565
13104 2 2 0 1 6192 2500 6555
13105 2 2 0 1 2123 5285 6428
13106 2 2 0 1 6131 2464 6208
13107 2 2 0 1 5710 838 6630
13108 2 2 0 1 1212 5729 5830
13109 2 2 0 1 2339 4800 6585
13110 2 2 0 1 5074 2840 6505
13111 2 2 0 1 5161 1398 6060
13112 2 2 0 1 2771 6032 6034
13113 2 2 0 1 5828 2082 6042
13114 2 2 0 1 5339 1885 5968
13115 2 2 0 1 2342 5261 6148
13116 2 2 0 1 1729 5303 6004
13117 2 2 0 1 5545 2244 6417
13118 2 2 0 1 4827 911 6518
13119 2 2 0 1 577 5026 6156
13120 2 2 0 1 357 5703 6058
13121 2 2 0 1 1203 6131 6208
13122 2 2 0 1 2579 6231 6253
13123 2 2 0 1 5285 879 6428
13124 2 2 0 1 4794 1462 6657
13125 2 2 0 1 1963 4867 6496
13126 2 2 0 1 2053 5839 6106
13127 2 2 0 1 1845 5749 6632
13128 2 2 0 1 1992 5370 5942
13129 2 2 0 1 4942 1597 6377
13130 2 2 0 1 869 5874 6042
13131 2 2 0 1 5085 471 6165
13132 2 2 0 1 499 6192 6555
13133 2 2 0 1 5198 2698 6057
13134 2 2 0 1 1069 5174 6672
13135 2 2 0 1 5448 1446 6490
13136 2 2 0 1 1980 4927 6586
13137 2 2 0 1 1801 5014 6204
13138 2 2 0 1 4864 18 6382
13139 2 2 0 1 2590 5385 5979
13140 2 2 0 1 5067 2768 6352
13141 2 2 0 1 2520 5094 6185
13142 2 2 0 1 5847 329 6635
13143 2 2 0 1 6108 2537 6232
13144 2 2 0 1 596 5042 6241
13145 2 2 0 1 5174 2152 6672
13146 2 2 0 1 5516 427 5923
13147 2 2 0 1 5729 2620 5830
13148 2 2 0 1 4841 2006 6681
13149 2 2 0 1 5874 2201 6042
13150 2 2 0 1 5863 1844 6547
13151 2 2 0 1 2574 6228 6246
13152 2 2 0 1 4907 1830 6603
13153 2 2 0 1 5839 2336 6106
13154 2 2 0 1 3060 5863 6547
13155 2 2 0 1 879 5247 6428
13156 2 2 0 1 4953 792 6452
13157 2 2 0 1 5232 1439 6249
13158 2 2 0 1 4915 1981 6572
13159 2 2 0 1 2201 5828 6042
13160 2 2 0 1 5046 479 6539
13161 2 2 0 1 865 6108 6232
13162 2 2 0 1 1894 5436 5997
13163 2 2 0 1 2379 5270 6150
13164 2 2 0 1 5877 928 6372
13165 2 2 0 1 870 6171 6445
13166 2 2 0 1 4991 1806 6430
13167 2 2 0 1 921 6089 6529
13168 2 2 0 1 2054 5046 6539
13169 2 2 0 1 4963 2673 6485
13170 2 2 0 1 5194 342 6313
13171 2 2 0 1 441 5230 6601
13172 2 2 0 1 345 5321 6350
13173 2 2 0 1 2310 4957 6523
13174 2 2 0 1 4957 2943 6523
13175 2 2 0 1 2338 5222 6560
13176 2 2 0 1 6231 1950 6253
13177 2 2 0 1 3094 5448 6490
13178 2 2 0 1 1849 4691 6370
13179 2 2 0 1 1427 4963 6485
13180 2 2 0 1 1850 4693 6375
13181 2 2 0 1 1498 5067 6352
13182 2 2 0 1 5206 1835 6230
13183 2 2 0 1 4723 1843 6359
13184 2 2 0 1 1439 5312 6249
13185 2 2 0 1 2397 5847 6635
13186 2 2 0 1 2524 6380 6577
13187 2 2 0 1 4927 912 6586
13188 2 2 0 1 779 5676 5993
13189 2 2 0 1 5620 819 6279
13190 2 2 0 1 5357 1906 6120
13191 2 2 0 1 5241 754 6225
13192 2 2 0 1 682 5090 6324
13193 2 2 0 1 2329 4973 6646
13194 2 2 0 1 868 5568 6360
13195 2 2 0 1 1988 5232 6249
13196 2 2 0 1 5259 775 6200
13197 2 2 0 1 4933 506 6618
13198 2 2 0 1 5676 2097 5993
13199 2 2 0 1 5055 2796 6388
13200 2 2 0 1 1693 4906 6566
13201 2 2 0 1 5085 1959 6518
13202 2 2 0 1 5342 1562 6166
13203 2 2 0 1 2334 5877 6372
13204 2 2 0 1 4973 774 6646
13205 2 2 0 1 5139 1821 6264
13206 2 2 0 1 6228 1955 6246
13207 2 2 0 1 5103 1712 6416
13208 2 2 0 1 2395 5666 6012
13209 2 2 0 1 5902 1975 5924
13210 2 2 0 1 2184 5952 6407
13211 2 2 0 1 6444 425 6479
13212 2 2 0 1 5221 2058 6429
13213 2 2 0 1 5269 3133 6318
13214 2 2 0 1 6087 735 6538
13215 2 2 0 1 989 5211 6680
13216 2 2 0 1 1724 5221 6429
13217 2 2 0 1 5312 2862 6249
13218 2 2 0 1 448 5317 6469
13219 2 2 0 1 1949 5124 6332
13220 2 2 0 1 2653 4970 6653
13221 2 2 0 1 6075 2191 6458
13222 2 2 0 1 2321 5902 5924
13223 2 2 0 1 4780 1872 6448
13224 2 2 0 1 4964 1330 6640
13225 2 2 0 1 2512 6479 6553
13226 2 2 0 1 6380 2095 6577
13227 2 2 0 1 882 5074 6505
13228 2 2 0 1 6479 2050 6553
13229 2 2 0 1 36 5117 6397
13230 2 2 0 1 2480 5078 6624
13231 2 2 0 1 5291 678 6280
13232 2 2 0 1 5832 2654 6392
13233 2 2 0 1 2018 5269 6318
13234 2 2 0 1 2441 6250 6261
13235 2 2 0 1 5211 2125 6680
13236 2 2 0 1 2512 6444 6479
13237 2 2 0 1 5963 920 6423
13238 2 2 0 1 5952 2339 6407
13239 2 2 0 1 2248 5917 6295
13240 2 2 0 1 2454 6320 6513
13241 2 2 0 1 5917 2091 6295
13242 2 2 0 1 2367 6075 6458
13243 2 2 0 1 5659 78 6408
13244 2 2 0 1 6123 2929 6414
13245 2 2 0 1 5662 226 6411
13246 2 2 0 1 2432 6087 6538
13247 2 2 0 1 710 5338 6307
13248 2 2 0 1 5874 2051 5977
13249 2 2 0 1 5703 3218 6058
13250 2 2 0 1 2470 6310 6549
13251 2 2 0 1 2201 5874 5977
13252 2 2 0 1 6310 935 6549
13253 2 2 0 1 795 5335 6342
13254 2 2 0 1 3087 6029 6173
13255 2 2 0 1 814 5636 6651
13256 2 2 0 1 5803 335 6356
13257 2 2 0 1 2185 5817 6329
13258 2 2 0 1 5510 448 6469
13259 2 2 0 1 788 5378 6425
13260 2 2 0 1 6320 2118 6513
13261 2 2 0 1 6029 449 6173
13262 2 2 0 1 5277 1780 6463
13263 2 2 0 1 2296 5963 6423
13264 2 2 0 1 5492 1723 6281
13265 2 2 0 1 6250 2025 6261
13266 2 2 0 1 2647 5803 6356
13267 2 2 0 1 2045 5335 6628
13268 2 2 0 1 2389 5342 6166
13269 2 2 0 1 5636 2903 6651
13270 2 2 0 1 1821 5740 6264
13271 2 2 0 1 2972 5706 6427
13272 2 2 0 1 2075 5344 6612
13273 2 2 0 1 5314 1708 6659
13274 2 2 0 1 5817 454 6329
13275 2 2 0 1 5848 353 6295
13276 2 2 0 1 1708 5295 6659
13277 2 2 0 1 550 5648 6199
13278 2 2 0 1 1246 5667 6180
13279 2 2 0 1 1925 5240 6625
13280 2 2 0 1 5230 1997 6601
13281 2 2 0 1 2384 6314 6387
13282 2 2 0 1 5344 417 6612
13283 2 2 0 1 6314 2110 6387
13284 2 2 0 1 2609 5882 6524
13285 2 2 0 1 5883 2146 6282
13286 2 2 0 1 1844 5317 6547
13287 2 2 0 1 1774 5845 6121
13288 2 2 0 1 2363 5620 6279
13289 2 2 0 1 5740 2241 6264
13290 2 2 0 1 5297 738 6604
13291 2 2 0 1 5335 795 6628
13292 2 2 0 1 5295 2125 6659
13293 2 2 0 1 5641 1583 6648
13294 2 2 0 1 1866 5584 6317
13295 2 2 0 1 427 5849 6242
13296 2 2 0 1 5568 2055 6360
13297 2 2 0 1 5673 2574 6443
13298 2 2 0 1 5849 2101 6242
13299 2 2 0 1 2380 5510 6469
13300 2 2 0 1 5504 1909 6519
13301 2 2 0 1 3170 5641 6648
13302 2 2 0 1 2522 5971 6665
13303 2 2 0 1 5478 2138 6529
13304 2 2 0 1 908 6044 6614
13305 2 2 0 1 5682 1917 6371
13306 2 2 0 1 2091 5848 6295
13307 2 2 0 1 104 5883 6282
13308 2 2 0 1 2578 5488 6679
13309 2 2 0 1 5750 2579 6376
13310 2 2 0 1 3506 6198 6600
13311 2 2 0 1 855 5832 6392
13312 2 2 0 1 2428 6086 6274
13313 2 2 0 1 1083 5816 6385
13314 2 2 0 1 5996 405 6517
13315 2 2 0 1 5643 462 6558
13316 2 2 0 1 5533 976 6559
13317 2 2 0 1 747 5668 6641
13318 2 2 0 1 2234 5996 6517
13319 2 2 0 1 6086 790 6274
13320 2 2 0 1 1981 5837 6572
13321 2 2 0 1 2540 5626 6559
13322 2 2 0 1 739 6006 6638
13323 2 2 0 1 2160 5643 6558
13324 2 2 0 1 6295 353 6597
13325 2 2 0 1 2419 5711 6618
13326 2 2 0 1 2494 6535 6598
13327 2 2 0 1 1980 5710 6630
13328 2 2 0 1 2213 6089 6488
13329 2 2 0 1 6198 659 6600
13330 2 2 0 1 5798 2054 6539
13331 2 2 0 1 6538 2168 6595
13332 2 2 0 1 5837 2186 6572
13333 2 2 0 1 1905 6123 6414
13334 2 2 0 1 6089 921 6488
13335 2 2 0 1 2432 6538 6595
13336 2 2 0 1 6470 2951 6542
13337 2 2 0 1 1956 6470 6542
13338 2 2 0 1 2671 6395 6676
13339 2 2 0 1 3226 6306 6541
13340 2 2 0 1 6535 2153 6598
13341 2 2 0 1 6306 1881 6541
13342 2 2 0 1 5944 802 6590
13343 2 2 0 1 6283 2104 6366
13344 2 2 0 1 5889 1834 6633
13345 2 2 0 1 6363 2931 6583
13346 2 2 0 1 2471 6283 6366
13347 2 2 0 1 2700 6286 6666
13348 2 2 0 1 6314 2384 6467
13349 2 2 0 1 1017 6314 6467
13350 2 2 0 1 442 6554 6606
13351 2 2 0 1 6286 874 6666
13352 2 2 0 1 6554 2865 6606
13353 2 2 0 1 2266 6323 6515
13354 2 2 0 1 2142 5963 6674
13355 2 2 0 1 6044 2158 6614
13356 2 2 0 1 2248 6295 6597
13357 2 2 0 1 809 6407 6585
13358 2 2 0 1 6407 2339 6585
13359 2 2 0 1 6006 2246 6638
13360 2 2 0 1 2546 6473 6581
13361 2 2 0 1 6323 2307 6515
13362 2 2 0 1 2273 6437 6520
13363 2 2 0 1 2324 6506 6667
13364 2 2 0 1 6423 2270 6487
13365 2 2 0 1 6506 2388 6667
13366 2 2 0 1 1989 6363 6583
13367 2 2 0 1 6437 2308 6520
13368 2 2 0 1 2296 6423 6487
13369 2 2 0 1 6473 2154 6581
13370 2 2 0 1 6395 2094 6676
$EndElements
