$MeshFormat
2.2 0 8
$EndMeshFormat
$Nodes
5752
1 0 0 0
2 0.25 0 0
3 0.5 0 0
4 0.75 0 0
5 1 0 0
6 1 0.25 0
7 1 0.5 0
8 1 0.75 0
9 1 1 0
10 0.75 1 0
11 0.5 1 0
12 0.25 1 0
13 0 1 0
14 0 0.75 0
15 0 0.5 0
16 0 0.25 0
17 0.008333333333317332 0 0
18 0.01666666666663312 0 0
19 0.02499999999995354 0 0
20 0.03333333333327121 0 0
21 0.04166666666658023 0 0
22 0.04999999999988923 0 0
23 0.05833333333319823 0 0
24 0.06666666666650724 0 0
25 0.07499999999981626 0 0
26 0.08333333333312527 0 0
27 0.09166666666643426 0 0
28 0.09999999999974328 0 0
29 0.1083333333330523 0 0
30 0.1166666666663613 0 0
31 0.124999999999673 0 0
32 0.1333333333330256 0 0
33 0.1416666666663809 0 0
34 0.1499999999997363 0 0
35 0.1583333333330915 0 0
36 0.1666666666664469 0 0
37 0.1749999999998022 0 0
38 0.1833333333331575 0 0
39 0.1916666666665128 0 0
40 0.1999999999998681 0 0
41 0.2083333333332234 0 0
42 0.2166666666665788 0 0
43 0.2249999999999341 0 0
44 0.2333333333332894 0 0
45 0.2416666666666447 0 0
46 0.2678571428571428 0 0
47 0.2857142857142856 0 0
48 0.3035714285714285 0 0
49 0.3214285714285713 0 0
50 0.3392857142857141 0 0
51 0.357142857142857 0 0
52 0.3749999999999999 0 0
53 0.3928571428571427 0 0
54 0.4107142857142856 0 0
55 0.4285714285714285 0 0
56 0.4464285714285714 0 0
57 0.4642857142857143 0 0
58 0.4821428571428571 0 0
59 0.5178571428571428 0 0
60 0.5357142857142857 0 0
61 0.5535714285714285 0 0
62 0.5714285714285713 0 0
63 0.5892857142857141 0 0
64 0.607142857142857 0 0
65 0.6249999999999999 0 0
66 0.6428571428571428 0 0
67 0.6607142857142856 0 0
68 0.6785714285714285 0 0
69 0.6964285714285714 0 0
70 0.7142857142857143 0 0
71 0.7321428571428571 0 0
72 0.7625 0 0
73 0.775 0 0
74 0.7875 0 0
75 0.8 0 0
76 0.8125 0 0
77 0.825 0 0
78 0.8375 0 0
79 0.85 0 0
80 0.8625 0 0
81 0.875 0 0
82 0.8875 0 0
83 0.9 0 0
84 0.9125 0 0
85 0.925 0 0
86 0.9375 0 0
87 0.95 0 0
88 0.9625 0 0
89 0.975 0 0
90 0.9875 0 0
91 1 0.01249999999997485 0
92 1 0.02499999999995354 0
93 1 0.03749999999992572 0
94 1 0.04999999999988923 0
95 1 0.06249999999985274 0
96 1 0.07499999999981626 0
97 1 0.08749999999977977 0
98 1 0.09999999999974328 0
99 1 0.1124999999997068 0
100 1 0.124999999999673 0
101 1 0.1374999999997033 0
102 1 0.1499999999997363 0
103 1 0.1624999999997692 0
104 1 0.1749999999998022 0
105 1 0.1874999999998352 0
106 1 0.1999999999998681 0
107 1 0.2124999999999011 0
108 1 0.2249999999999341 0
109 1 0.237499999999967 0
110 1 0.2678571428571428 0
111 1 0.2857142857142856 0
112 1 0.3035714285714285 0
113 1 0.3214285714285713 0
114 1 0.3392857142857141 0
115 1 0.357142857142857 0
116 1 0.3749999999999999 0
117 1 0.3928571428571427 0
118 1 0.4107142857142856 0
119 1 0.4285714285714285 0
120 1 0.4464285714285714 0
121 1 0.4642857142857143 0
122 1 0.4821428571428571 0
123 1 0.5178571428571428 0
124 1 0.5357142857142857 0
125 1 0.5535714285714285 0
126 1 0.5714285714285713 0
127 1 0.5892857142857141 0
128 1 0.607142857142857 0
129 1 0.6249999999999999 0
130 1 0.6428571428571428 0
131 1 0.6607142857142856 0
132 1 0.6785714285714285 0
133 1 0.6964285714285714 0
134 1 0.7142857142857143 0
135 1 0.7321428571428571 0
136 1 0.7583333333333333 0
137 1 0.7666666666666667 0
138 1 0.775 0
139 1 0.7833333333333333 0
140 1 0.7916666666666666 0
141 1 0.8 0
142 1 0.8083333333333333 0
143 1 0.8166666666666667 0
144 1 0.825 0
145 1 0.8333333333333334 0
146 1 0.8416666666666667 0
147 1 0.85 0
148 1 0.8583333333333334 0
149 1 0.8666666666666667 0
150 1 0.875 0
151 1 0.8833333333333333 0
152 1 0.8916666666666666 0
153 1 0.9 0
154 1 0.9083333333333333 0
155 1 0.9166666666666666 0
156 1 0.925 0
157 1 0.9333333333333333 0
158 1 0.9416666666666667 0
159 1 0.95 0
160 1 0.9583333333333334 0
161 1 0.9666666666666667 0
162 1 0.975 0
163 1 0.9833333333333334 0
164 1 0.9916666666666667 0
165 0.9916666666666667 1 0
166 0.9833333333333333 1 0
167 0.975 1 0
168 0.9666666666666667 1 0
169 0.9583333333333334 1 0
170 0.95 1 0
171 0.9416666666666667 1 0
172 0.9333333333333333 1 0
173 0.925 1 0
174 0.9166666666666666 1 0
175 0.9083333333333333 1 0
176 0.9 1 0
177 0.8916666666666666 1 0
178 0.8833333333333333 1 0
179 0.875 1 0
180 0.8666666666666667 1 0
181 0.8583333333333334 1 0
182 0.85 1 0
183 0.8416666666666667 1 0
184 0.8333333333333334 1 0
185 0.825 1 0
186 0.8166666666666667 1 0
187 0.8083333333333333 1 0
188 0.8 1 0
189 0.7916666666666666 1 0
190 0.7833333333333333 1 0
191 0.775 1 0
192 0.7666666666666666 1 0
193 0.7583333333333333 1 0
194 0.7321428571428572 1 0
195 0.7142857142857143 1 0
196 0.6964285714285715 1 0
197 0.6785714285714287 1 0
198 0.6607142857142859 1 0
199 0.642857142857143 1 0
200 0.6250000000000001 1 0
201 0.6071428571428572 1 0
202 0.5892857142857144 1 0
203 0.5714285714285715 1 0
204 0.5535714285714286 1 0
205 0.5357142857142857 1 0
206 0.5178571428571429 1 0
207 0.4821428571428572 1 0
208 0.4642857142857144 1 0
209 0.4464285714285715 1 0
210 0.4285714285714287 1 0
211 0.4107142857142859 1 0
212 0.392857142857143 1 0
213 0.3750000000000001 1 0
214 0.3571428571428573 1 0
215 0.3392857142857144 1 0
216 0.3214285714285715 1 0
217 0.3035714285714286 1 0
218 0.2857142857142857 1 0
219 0.2678571428571429 1 0
220 0.2374999999999479 1 0
221 0.2249999999998959 1 0
222 0.2124999999999133 1 0
223 0.2 1 0
224 0.1875000000000868 1 0
225 0.1750000000001735 1 0
226 0.1625000000002602 1 0
227 0.1500000000003469 1 0
228 0.1375000000004336 1 0
229 0.1250000000005149 1 0
230 0.1125000000004683 1 0
231 0.1000000000004163 1 0
232 0.0875000000003642 1 0
233 0.07500000000031218 1 0
234 0.06250000000026015 1 0
235 0.05000000000020813 1 0
236 0.0375000000001561 1 0
237 0.02500000000010405 1 0
238 0.01250000000005203 1 0
239 0 0.9875 0
240 0 0.975 0
241 0 0.9625 0
242 0 0.95 0
243 0 0.9375 0
244 0 0.925 0
245 0 0.9125 0
246 0 0.9 0
247 0 0.8875 0
248 0 0.875 0
249 0 0.8625 0
250 0 0.85 0
251 0 0.8375 0
252 0 0.825 0
253 0 0.8125 0
254 0 0.8 0
255 0 0.7875 0
256 0 0.775 0
257 0 0.7625 0
258 0 0.7321428571428572 0
259 0 0.7142857142857143 0
260 0 0.6964285714285715 0
261 0 0.6785714285714287 0
262 0 0.6607142857142859 0
263 0 0.642857142857143 0
264 0 0.6250000000000001 0
265 0 0.6071428571428572 0
266 0 0.5892857142857144 0
267 0 0.5714285714285715 0
268 0 0.5535714285714286 0
269 0 0.5357142857142857 0
270 0 0.5178571428571429 0
271 0 0.4821428571428572 0
272 0 0.4642857142857144 0
273 0 0.4464285714285715 0
274 0 0.4285714285714287 0
275 0 0.4107142857142859 0
276 0 0.392857142857143 0
277 0 0.3750000000000001 0
278 0 0.3571428571428573 0
279 0 0.3392857142857144 0
280 0 0.3214285714285715 0
281 0 0.3035714285714286 0
282 0 0.2857142857142857 0
283 0 0.2678571428571429 0
284 0 0.241666666666632 0
285 0 0.2333333333332639 0
286 0 0.2249999999998959 0
287 0 0.216666666666551 0
288 0 0.2083333333332755 0
289 0 0.2 0
290 0 0.1916666666667245 0
291 0 0.183333333333449 0
292 0 0.1750000000001735 0
293 0 0.1666666666668979 0
294 0 0.1583333333336224 0
295 0 0.1500000000003469 0
296 0 0.1416666666670713 0
297 0 0.1333333333337958 0
298 0 0.1250000000005149 0
299 0 0.1166666666671523 0
300 0 0.1083333333337842 0
301 0 0.1000000000004162 0
302 0 0.09166666666704817 0
303 0 0.08333333333368018 0
304 0 0.07500000000031215 0
305 0 0.06666666666694412 0
306 0 0.05833333333357613 0
307 0 0.0500000000002081 0
308 0 0.04166666666684007 0
309 0 0.03333333333347208 0
310 0 0.02500000000010402 0
311 0 0.016666666666736 0
312 0 0.008333333333367998 0
313 0.2416666666666573 0.008333333333342704 0
314 0.2333333333333154 0.01666666666668463 0
315 0.2249999999999711 0.02500000000002888 0
316 0.2166666666666398 0.03333333333336019 0
317 0.2083333333333475 0.04166666666665248 0
318 0.2000000000000552 0.04999999999994477 0
319 0.1916666666667629 0.05833333333323706 0
320 0.1833333333334707 0.06666666666652932 0
321 0.1750000000001784 0.07499999999982158 0
322 0.1666666666668862 0.08333333333311384 0
323 0.1583333333335939 0.09166666666640609 0
324 0.1500000000003016 0.09999999999969836 0
325 0.1416666666670094 0.1083333333329906 0
326 0.1333333333337171 0.1166666666662829 0
327 0.1250000000004208 0.1249999999995792 0
328 0.1166666666670632 0.1333333333329368 0
329 0.1083333333337015 0.1416666666662985 0
330 0.1000000000003399 0.1499999999996601 0
331 0.09166666666697823 0.1583333333330218 0
332 0.08333333333361656 0.1666666666663834 0
333 0.07500000000025492 0.1749999999997451 0
334 0.06666666666689328 0.1833333333331067 0
335 0.05833333333353161 0.1916666666664684 0
336 0.05000000000016994 0.1999999999998301 0
337 0.04166666666680829 0.2083333333331917 0
338 0.03333333333344662 0.2166666666665534 0
339 0.02500000000008498 0.224999999999915 0
340 0.01666666666672331 0.2333333333332767 0
341 0.00833333333336167 0.2416666666666383 0
342 0.4899999999999886 0.01000000000001141 0
343 0.4799999999999779 0.0200000000000221 0
344 0.4699999999999679 0.03000000000003205 0
345 0.4599999999999554 0.04000000000004457 0
346 0.4499999999999422 0.05000000000005776 0
347 0.4399999999999313 0.06000000000006874 0
348 0.4299999999999627 0.0700000000000373 0
349 0.420000000000012 0.07999999999998804 0
350 0.4100000000000612 0.0899999999999388 0
351 0.4000000000001105 0.09999999999988954 0
352 0.3900000000001597 0.1099999999998403 0
353 0.3800000000002089 0.119999999999791 0
354 0.3700000000002582 0.1299999999997417 0
355 0.3600000000003075 0.1399999999996925 0
356 0.3500000000003568 0.1499999999996432 0
357 0.3400000000004061 0.1599999999995939 0
358 0.3300000000004554 0.1699999999995446 0
359 0.3200000000005047 0.1799999999994953 0
360 0.3100000000005539 0.189999999999446 0
361 0.3000000000006033 0.1999999999993967 0
362 0.2900000000006526 0.2099999999993474 0
363 0.2800000000007019 0.2199999999992981 0
364 0.2700000000007511 0.2299999999992489 0
365 0.2600000000008004 0.2399999999991996 0
366 0.2500000000008416 0.2499999999991584 0
367 0.2400000000008157 0.2599999999991843 0
368 0.2300000000007817 0.2699999999992183 0
369 0.2200000000007477 0.2799999999992523 0
370 0.2100000000007138 0.2899999999992862 0
371 0.2000000000006797 0.2999999999993203 0
372 0.1900000000006458 0.3099999999993542 0
373 0.1800000000006118 0.3199999999993882 0
374 0.1700000000005778 0.3299999999994222 0
375 0.1600000000005438 0.3399999999994562 0
376 0.1500000000005098 0.3499999999994902 0
377 0.1400000000004759 0.3599999999995241 0
378 0.1300000000004419 0.3699999999995581 0
379 0.1200000000004078 0.3799999999995922 0
380 0.1100000000003739 0.3899999999996261 0
381 0.1000000000003399 0.3999999999996601 0
382 0.09000000000030595 0.4099999999996941 0
383 0.08000000000027196 0.419999999999728 0
384 0.07000000000023793 0.4299999999997621 0
385 0.06000000000020395 0.4399999999997961 0
386 0.05000000000016996 0.44999999999983 0
387 0.04000000000013593 0.4599999999998641 0
388 0.030000000000102 0.469999999999898 0
389 0.02000000000006802 0.479999999999932 0
390 0.01000000000003404 0.489999999999966 0
391 0.7375000000001026 0.01249999999989739 0
392 0.7250000000002057 0.02499999999979433 0
393 0.7125000000003088 0.03749999999969127 0
394 0.7000000000003819 0.04999999999961817 0
395 0.6875000000003919 0.06249999999960804 0
396 0.6750000000003967 0.07499999999960327 0
397 0.6625000000004015 0.08749999999959851 0
398 0.6500000000004583 0.09999999999954172 0
399 0.6375000000005672 0.1124999999994329 0
400 0.6250000000006679 0.1249999999993321 0
401 0.6125000000006888 0.1374999999993111 0
402 0.6000000000006936 0.1499999999993064 0
403 0.5875000000006985 0.1624999999993016 0
404 0.5750000000007032 0.1749999999992968 0
405 0.5625000000007079 0.1874999999992921 0
406 0.5500000000007127 0.1999999999992873 0
407 0.5375000000007174 0.2124999999992826 0
408 0.5250000000007222 0.2249999999992778 0
409 0.5125000000007269 0.2374999999992731 0
410 0.500000000000739 0.2499999999992611 0
411 0.4875000000007864 0.2624999999992136 0
412 0.4750000000008374 0.2749999999991626 0
413 0.4625000000008884 0.2874999999991116 0
414 0.4500000000009394 0.2999999999990606 0
415 0.4375000000009904 0.3124999999990096 0
416 0.4250000000010415 0.3249999999989585 0
417 0.4125000000010925 0.3374999999989075 0
418 0.4000000000011436 0.3499999999988564 0
419 0.3875000000011946 0.3624999999988054 0
420 0.3750000000012348 0.3749999999987652 0
421 0.3625000000012041 0.3874999999987959 0
422 0.3500000000011626 0.3999999999988374 0
423 0.337500000001121 0.412499999998879 0
424 0.3250000000010795 0.4249999999989205 0
425 0.3125000000010379 0.4374999999989621 0
426 0.3000000000009965 0.4499999999990035 0
427 0.287500000000955 0.462499999999045 0
428 0.2750000000009134 0.4749999999990866 0
429 0.2625000000008719 0.4874999999991281 0
430 0.2500000000008303 0.4999999999991697 0
431 0.237500000000789 0.512499999999211 0
432 0.2250000000007475 0.5249999999992525 0
433 0.2125000000007058 0.5374999999992942 0
434 0.2000000000006643 0.5499999999993357 0
435 0.1875000000006228 0.5624999999993772 0
436 0.1750000000005814 0.5749999999994186 0
437 0.1625000000005399 0.5874999999994601 0
438 0.1500000000004982 0.5999999999995018 0
439 0.1375000000004567 0.6124999999995433 0
440 0.1250000000004152 0.6249999999995848 0
441 0.1125000000003737 0.6374999999996263 0
442 0.1000000000003323 0.6499999999996677 0
443 0.08750000000029057 0.6624999999997094 0
444 0.07500000000024909 0.6749999999997509 0
445 0.06250000000020761 0.6874999999997924 0
446 0.05000000000016613 0.6999999999998339 0
447 0.03750000000012466 0.7124999999998753 0
448 0.02500000000008307 0.7249999999999169 0
449 0.01250000000004159 0.7374999999999584 0
450 0.9875000000001137 0.2624999999998863 0
451 0.9750000000002274 0.2749999999997726 0
452 0.9625000000003411 0.2874999999996589 0
453 0.9500000000004265 0.2999999999995734 0
454 0.9375000000004527 0.3124999999995473 0
455 0.9250000000004739 0.3249999999995261 0
456 0.9125000000004951 0.3374999999995049 0
457 0.9000000000005626 0.3499999999994374 0
458 0.8875000000006762 0.3624999999993238 0
459 0.8750000000007827 0.3749999999992173 0
460 0.8625000000008183 0.3874999999991817 0
461 0.8500000000008394 0.3999999999991605 0
462 0.8375000000008606 0.4124999999991394 0
463 0.8250000000008818 0.4249999999991182 0
464 0.8125000000009029 0.4374999999990971 0
465 0.8000000000009242 0.4499999999990758 0
466 0.7875000000009453 0.4624999999990546 0
467 0.7750000000009666 0.4749999999990334 0
468 0.7625000000009878 0.4874999999990122 0
469 0.7500000000010018 0.4999999999989982 0
470 0.7375000000009804 0.5124999999990196 0
471 0.7250000000009552 0.5249999999990448 0
472 0.7125000000009302 0.5374999999990698 0
473 0.7000000000009051 0.5499999999990949 0
474 0.68750000000088 0.56249999999912 0
475 0.6750000000008549 0.5749999999991451 0
476 0.6625000000008299 0.5874999999991701 0
477 0.6500000000008048 0.5999999999991952 0
478 0.6375000000007798 0.6124999999992202 0
479 0.6250000000007547 0.6249999999992453 0
480 0.6125000000007296 0.6374999999992704 0
481 0.6000000000007044 0.6499999999992956 0
482 0.5875000000006791 0.6624999999993209 0
483 0.5750000000006541 0.6749999999993459 0
484 0.5625000000006288 0.6874999999993712 0
485 0.5500000000006037 0.6999999999993963 0
486 0.5375000000005785 0.7124999999994215 0
487 0.5250000000005535 0.7249999999994465 0
488 0.5125000000005283 0.7374999999994717 0
489 0.5000000000005032 0.7499999999994968 0
490 0.487500000000478 0.762499999999522 0
491 0.4750000000004528 0.7749999999995472 0
492 0.4625000000004277 0.7874999999995723 0
493 0.4500000000004025 0.7999999999995975 0
494 0.4375000000003774 0.8124999999996226 0
495 0.4250000000003522 0.8249999999996478 0
496 0.4125000000003269 0.8374999999996731 0
497 0.4000000000003019 0.8499999999996981 0
498 0.3875000000002767 0.8624999999997233 0
499 0.3750000000002516 0.8749999999997484 0
500 0.3625000000002263 0.8874999999997737 0
501 0.3500000000002013 0.8999999999997987 0
502 0.3375000000001761 0.9124999999998239 0
503 0.3250000000001509 0.9249999999998491 0
504 0.3125000000001258 0.9374999999998742 0
505 0.3000000000001006 0.9499999999998994 0
506 0.2875000000000755 0.9624999999999245 0
507 0.2750000000000503 0.9749999999999497 0
508 0.2625000000000252 0.9874999999999748 0
509 0.99 0.51 0
510 0.98 0.52 0
511 0.97 0.53 0
512 0.96 0.54 0
513 0.95 0.55 0
514 0.9399999999999999 0.5600000000000001 0
515 0.9299999999999999 0.5700000000000001 0
516 0.9199999999999999 0.5800000000000001 0
517 0.9099999999999999 0.5900000000000001 0
518 0.8999999999999999 0.6000000000000001 0
519 0.8899999999999999 0.6100000000000001 0
520 0.8799999999999999 0.6200000000000001 0
521 0.8699999999999999 0.6300000000000001 0
522 0.8599999999999999 0.6400000000000001 0
523 0.8499999999999999 0.6500000000000001 0
524 0.8399999999999999 0.6600000000000001 0
525 0.8299999999999998 0.6700000000000002 0
526 0.82 0.68 0
527 0.8099999999999999 0.6900000000000001 0
528 0.7999999999999999 0.7000000000000001 0
529 0.7899999999999999 0.7100000000000001 0
530 0.7799999999999999 0.7200000000000001 0
531 0.7699999999999999 0.7300000000000001 0
532 0.7599999999999999 0.7400000000000001 0
533 0.7499999999999999 0.7500000000000001 0
534 0.74 0.76 0
535 0.73 0.77 0
536 0.72 0.78 0
537 0.71 0.79 0
538 0.7 0.8 0
539 0.6899999999999999 0.8100000000000001 0
540 0.6799999999999999 0.8200000000000001 0
541 0.6699999999999999 0.8300000000000001 0
542 0.6599999999999999 0.8400000000000001 0
543 0.6499999999999999 0.8500000000000001 0
544 0.6399999999999999 0.8600000000000001 0
545 0.6299999999999999 0.8700000000000001 0
546 0.6199999999999999 0.8800000000000001 0
547 0.6099999999999999 0.8900000000000001 0
548 0.6 0.9 0
549 0.59 0.91 0
550 0.58 0.92 0
551 0.57 0.93 0
552 0.5599999999999999 0.9400000000000001 0
553 0.5499999999999999 0.9500000000000001 0
554 0.54 0.96 0
555 0.53 0.97 0
556 0.52 0.98 0
557 0.51 0.99 0
558 0.9916666666666667 0.7583333333333333 0
559 0.9833333333333333 0.7666666666666667 0
560 0.975 0.775 0
561 0.9666666666666666 0.7833333333333334 0
562 0.9583333333333333 0.7916666666666667 0
563 0.95 0.8 0
564 0.9416666666666667 0.8083333333333333 0
565 0.9333333333333333 0.8166666666666667 0
566 0.9249999999999999 0.8250000000000001 0
567 0.9166666666666666 0.8333333333333334 0
568 0.9083333333333333 0.8416666666666667 0
569 0.8999999999999999 0.8500000000000001 0
570 0.8916666666666666 0.8583333333333334 0
571 0.8833333333333333 0.8666666666666667 0
572 0.875 0.875 0
573 0.8666666666666667 0.8833333333333333 0
574 0.8583333333333333 0.8916666666666667 0
575 0.85 0.9 0
576 0.8416666666666667 0.9083333333333333 0
577 0.8333333333333333 0.9166666666666667 0
578 0.825 0.925 0
579 0.8166666666666667 0.9333333333333333 0
580 0.8083333333333333 0.9416666666666667 0
581 0.8 0.95 0
582 0.7916666666666666 0.9583333333333334 0
583 0.7833333333333333 0.9666666666666667 0
584 0.775 0.975 0
585 0.7666666666666666 0.9833333333333334 0
586 0.7583333333333333 0.9916666666666667 0
587 0.0703654678163671 0.07069936341600153 0
588 0.05468373563141131 0.1234233566229253 0
589 0.124381330081088 0.0527039263709647 0
590 0.04011241779349797 0.0411684569067263 0
591 0.03618021048625138 0.1529741645107708 0
592 0.03542904030363179 0.08676398879437396 0
593 0.08504382336182724 0.03552892384989693 0
594 0.1492095413441012 0.03427494945619614 0
595 0.1057162804713579 0.08720982360540273 0
596 0.02700866407358459 0.1133375706130397 0
597 0.113875778488907 0.02623506603823998 0
598 0.08359034964019339 0.1180888361083937 0
599 0.02625142701875528 0.06006864934183764 0
600 0.06058683428004562 0.0257653987730135 0
601 0.1828973107105126 0.03043894650600754 0
602 0.02994550397326504 0.1831514229482849 0
603 0.02452585379734532 0.02398934253197998 0
604 0.06038005854729327 0.09816790121698687 0
605 0.09696517346232249 0.06133059060036213 0
606 0.150525425573003 0.06480869046217745 0
607 0.06101630108846313 0.145901361606643 0
608 0.1333079314203569 0.02431561763757449 0
609 0.02389370428813001 0.1329422472807095 0
610 0.06360246832926175 0.04746452203275987 0
611 0.04477526862681809 0.06762312487804899 0
612 0.01756041123244083 0.0450333115570201 0
613 0.04725131533127886 0.01870366227477899 0
614 0.08414055160070184 0.08958987861065522 0
615 0.01732671238667232 0.07877714207991095 0
616 0.08069655843360267 0.0189172938756445 0
617 0.1620046470095687 0.01782971149692119 0
618 0.1995781894108133 0.01761304236391165 0
619 0.0177613395443691 0.1625274100710694 0
620 0.01758400487067774 0.1995813500828811 0
621 0.1741898241061259 0.04743235890849164 0
622 0.04587318588393983 0.1725850827699223 0
623 0.1083339574949056 0.1108395002993783 0
624 0.01534653358528735 0.09535038431922278 0
625 0.09581592967256047 0.0154351309756193 0
626 0.04244597909762655 0.1041706315182681 0
627 0.104670745903503 0.04778535821652152 0
628 0.03725238256800363 0.1368770357170242 0
629 0.1337837707422344 0.04027278690704206 0
630 0.0819867353693834 0.1384391740299445 0
631 0.0809806760379177 0.056648220891959 0
632 0.1261999000505479 0.09283980015415359 0
633 0.06686502024529052 0.1107797142238358 0
634 0.01488577595069958 0.1235067469585775 0
635 0.1236176798216251 0.0148938947739066 0
636 0.05157373124659122 0.08145062646131131 0
637 0.01619205577083323 0.01641046848312433 0
638 0.147918691940935 0.01604551985924886 0
639 0.01617176917383839 0.1481186819490662 0
640 0.01309274758794071 0.2147046473467631 0
641 0.2147031083305599 0.01309408185498273 0
642 0.1112595256007231 0.06776812492015069 0
643 0.07003542245104007 0.03889436722098331 0
644 0.06796471638242225 0.1298725352215708 0
645 0.03699227521421818 0.05605033619406538 0
646 0.1470310832727997 0.08282217568505316 0
647 0.01518516933189447 0.05327058881018618 0
648 0.05871747562935521 0.01531198676522894 0
649 0.03427786682116805 0.07523970834083464 0
650 0.01660753150404182 0.0336079325535952 0
651 0.03355379900872503 0.01235333615044428 0
652 0.08633349520191209 0.0729444190812741 0
653 0.05654958716071862 0.03841477481108432 0
654 0.1963308924303989 0.03298298328726305 0
655 0.03291266046647666 0.1963633130944603 0
656 0.09063451092443418 0.1016291970377243 0
657 0.1632498450152543 0.06106051737882096 0
658 0.06307503712693749 0.1639383246463447 0
659 0.1773251233329642 0.01778910692698534 0
660 0.1236598475334727 0.04048833479654221 0
661 0.03858265182325529 0.1218980576277363 0
662 0.09980918031833981 0.1274797918763973 0
663 0.06982868549753397 0.01524018220947174 0
664 0.03008414089510131 0.0971103152732192 0
665 0.1003177390996454 0.03095123840624965 0
666 0.03355443244759736 0.03156958101541593 0
667 0.06142557224367146 0.06521663466025117 0
668 0.1007743178641396 0.07375600838798352 0
669 0.04646433064430201 0.05150387359100838 0
670 0.1297734396104427 0.06195919521256821 0
671 0.01266899182206659 0.1083767398440729 0
672 0.1085406834170159 0.01254445330055646 0
673 0.07045560965888789 0.08562267048572539 0
674 0.1456346128080711 0.05307367786564138 0
675 0.04915079620537169 0.1505734926133292 0
676 0.1690446783196247 0.03771567596225888 0
677 0.03455886856724714 0.1712259923992842 0
678 0.09567613632425064 0.04836382702426568 0
679 0.07884859347917587 0.1060780511737528 0
680 0.07716746553608694 0.1513034776154075 0
681 0.02946585001005496 0.04699499272649626 0
682 0.01440533403927248 0.1340999726750135 0
683 0.1341650250281619 0.01447273617974567 0
684 0.05814760636327965 0.1085345756525514 0
685 0.05656134124046167 0.1338800848662414 0
686 0.008240176188088127 0.08542160144458599 0
687 0.02901446331787982 0.1452771134448474 0
688 0.1452392660292146 0.02709480775510786 0
689 0.128419482518128 0.02690826608217233 0
690 0.02640425429951027 0.1280114702342286 0
691 0.1050630002546711 0.05650029691132154 0
692 0.02437938478559569 0.08927358914258465 0
693 0.09046025210132176 0.02514003903711225 0
694 0.05125069519914777 0.02905591209975521 0
695 0.02676859426427337 0.03681014467763731 0
696 0.1562904796149691 0.07756309531910037 0
697 0.04655071101647271 0.09504000099070864 0
698 0.05836096467939712 0.07705934099701173 0
699 0.008948567151039855 0.04601720498580025 0
700 0.04499157515714115 0.008132406914445963 0
701 0.2050442203312612 0.02689144507170538 0
702 0.0268683346205035 0.2050533366248356 0
703 0.1635549704824003 0.0474588107173771 0
704 0.04430231338539482 0.1584821984748892 0
705 0.188214259778829 0.0448744429229802 0
706 0.04446735427576851 0.1879612525656868 0
707 0.1250845090918765 0.1061505504212329 0
708 0.1382901843579663 0.09463002061487931 0
709 0.07555772863682543 0.02903996851594334 0
710 0.07138845337797187 0.06110605627894515 0
711 0.1705543283277409 0.01231496396242018 0
712 0.01215076701929556 0.170678017706711 0
713 0.007901718709207979 0.02466788109254176 0
714 0.02642102752140166 0.008329607045313766 0
715 0.008557482793807591 0.0770078449140289 0
716 0.07863067088199345 0.009219580928975322 0
717 0.186894654724928 0.01038671161604322 0
718 0.01027631220627184 0.1868799042424263 0
719 0.008067396891800704 0.2071828782497191 0
720 0.007598693102710002 0.2236903276357183 0
721 0.2236902540621809 0.0075988133964229 0
722 0.2071825157965673 0.008073407097234473 0
723 0.08261050897021208 0.06344095841098955 0
724 0.02181156886658541 0.05127197968722276 0
725 0.1562342334508104 0.01170334039354474 0
726 0.01171762253803124 0.1564268327292987 0
727 0.1126305891750557 0.1010166062930106 0
728 0.02577543514031008 0.07013564033894965 0
729 0.09520874371748676 0.08416297994806339 0
730 0.05437341079056957 0.02218656885884503 0
731 0.07943023394984651 0.1261347709505303 0
732 0.09556475196321064 0.1362788578760658 0
733 0.1346287802707561 0.05194769634697793 0
734 0.1285621864578999 0.03204681801680253 0
735 0.03134838086616847 0.1282163815822188 0
736 0.04215613787024585 0.07764311620072868 0
737 0.02719829393132677 0.08001818630872862 0
738 0.07375042621814433 0.09452758855500866 0
739 0.1576701101048883 0.03074368742813377 0
740 0.03091106396574543 0.1602028820026923 0
741 0.07919995762409252 0.04695130215943939 0
742 0.1781934593149812 0.04006851754550687 0
743 0.03865299897552439 0.1780552736934373 0
744 0.1111591415679301 0.03644595244457431 0
745 0.03779329476542347 0.1113968801507357 0
746 0.1107315952955079 0.1255347127497653 0
747 0.01764334313688758 0.1776681120807367 0
748 0.007673012425882474 0.09348354830603074 0
749 0.09373126041102064 0.00774562643181746 0
750 0.1412619969770879 0.009794887013016049 0
751 0.009794887003778244 0.1412619970187991 0
752 0.09569735728449549 0.1143846697932323 0
753 0.03554705330404401 0.06449530144338518 0
754 0.1760296302088438 0.06026607877976117 0
755 0.0604100742446606 0.1750645271783745 0
756 0.0829520303203959 0.02717385291903926 0
757 0.1385869821450219 0.07232426531655937 0
758 0.1904036521158455 0.01975902411263574 0
759 0.01964664038684867 0.1904751675557536 0
760 0.06267887432800395 0.03395205084452621 0
761 0.1215995351407919 0.06067292825872317 0
762 0.07167583777218015 0.1411481682016786 0
763 0.03624670936571989 0.1428933179554783 0
764 0.1431944190070902 0.03696237068472578 0
765 0.03431708742038548 0.02270812798410301 0
766 0.008267581501524705 0.0602083617419306 0
767 0.06444064091903635 0.009368228418869652 0
768 0.0946826674250007 0.04161848838309253 0
769 0.08779966503901707 0.1468504272590839 0
770 0.04555045469199151 0.1168818969358042 0
771 0.1154799881747644 0.04704247389798783 0
772 0.02134554187500793 0.1046924811304063 0
773 0.1055288707208218 0.02092903983426444 0
774 0.07343691273925622 0.1628649731264419 0
775 0.1277012182551692 0.08175554041456085 0
776 0.008179681730138472 0.00826487137298141 0
777 0.07118494313022304 0.0480374076778872 0
778 0.03790209909513138 0.006289748674621702 0
779 0.00709167996773999 0.03797818908342869 0
780 0.07569509447785232 0.07715573120665566 0
781 0.06379287954319864 0.1188939139715868 0
782 0.08705485223866906 0.1310306968471966 0
783 0.129087373947091 0.04633699584772502 0
784 0.04695834989912626 0.1280342493728725 0
785 0.0498253887279178 0.06293635251258707 0
786 0.2307274034398839 0.007290716373978044 0
787 0.007290716373972742 0.2307274034398694 0
788 0.06210287968212014 0.08432648680568194 0
789 0.1156915679499719 0.09039524710207694 0
790 0.03237561031831858 0.03882211371584405 0
791 0.1546683045913382 0.05368951814508212 0
792 0.05752765381624957 0.1543585498549467 0
793 0.1354648527565447 0.1031115695183069 0
794 0.03129073839839812 0.0545075489638492 0
795 0.007764822885684069 0.116486667003907 0
796 0.1165524146879933 0.007727680153955081 0
797 0.0372178487221478 0.09579074664887947 0
798 0.07022246697993162 0.102469608005841 0
799 0.08983476005853663 0.05531390035388672 0
800 0.01800799715370289 0.1149960510910179 0
801 0.115327305533835 0.01774652477335538 0
802 0.01655096635731694 0.06089761106371831 0
803 0.06449772927041587 0.0201811312904162 0
804 0.05218148369530147 0.1002168523451137 0
805 0.007503124505807792 0.2154881326559922 0
806 0.2154873210148321 0.007504477559353139 0
807 0.008000615611520595 0.1262612243355299 0
808 0.1265956211221363 0.008570836070821165 0
809 0.02445806034045745 0.01661806063975435 0
810 0.1689132758735034 0.04418952627707108 0
811 0.03878684227740307 0.1658444913174379 0
812 0.01880862972112164 0.1280520357117484 0
813 0.1282578053923722 0.01896476935937705 0
814 0.007952445045359609 0.05239101567207993 0
815 0.05222927769524099 0.01094337486952807 0
816 0.01623329977523355 0.02446618884656353 0
817 0.1013028565302354 0.007123586265311249 0
818 0.007135721449768343 0.1011777597011631 0
819 0.1985420637552112 0.009021481244408994 0
820 0.008990344405565119 0.1985440766357716 0
821 0.03817124732752854 0.1909683336035915 0
822 0.1027087636582165 0.0967887536316004 0
823 0.07527450991977117 0.1142232098933759 0
824 0.165026167118618 0.07257146480765467 0
825 0.02060023512740235 0.140032418301712 0
826 0.1401312549986124 0.02053564988772085 0
827 0.1036283750485234 0.06501692170926099 0
828 0.007560921117386679 0.03252755482416288 0
829 0.03278876550716574 0.004666139915294043 0
830 0.2063674508661649 0.0165538990366776 0
831 0.01653927406212062 0.206396048572741 0
832 0.05799981457668368 0.03184080338356361 0
833 0.04809477007225223 0.04380794549090109 0
834 0.00610285691401938 0.1519373237642418 0
835 0.151889748410063 0.006093884811361435 0
836 0.1533543675276426 0.02292588861238248 0
837 0.02336108805580437 0.1542845030136526 0
838 0.04824484727998073 0.07404942648797598 0
839 0.193534895909779 0.02753492154498145 0
840 0.02741205571196914 0.1936017418412751 0
841 0.1474549972788254 0.08925437311227784 0
842 0.05596875056614582 0.04600900292793606 0
843 0.07160784555027053 0.1221967455757554 0
844 0.01666831425936525 0.008264772851640465 0
845 0.008079432810878735 0.01649530869553538 0
846 0.09443460303924227 0.0699499283539677 0
847 0.07351158078428963 0.02163141754598071 0
848 0.008543598207167841 0.06846111829685765 0
849 0.06917046976162176 0.005808502768858502 0
850 0.1371632526315393 0.03232209040692701 0
851 0.03031273550228248 0.1355708160199961 0
852 0.02268884967682824 0.040493552522275 0
853 0.05580445114051559 0.05594449441238097 0
854 0.02204541718128478 0.2145653214358659 0
855 0.2145625853392731 0.02205185881751772 0
856 0.06320851621373924 0.03944675282862252 0
857 0.08187753459533352 0.09797064505630249 0
858 0.0992791776333057 0.05560578254039795 0
859 0.06555134064877362 0.1576628907746629 0
860 0.06040164398764813 0.1263589287080926 0
861 0.006205222385972513 0.1644831625367071 0
862 0.1643808108961203 0.006208716213569769 0
863 0.01645965347839871 0.08718442288187912 0
864 0.08827495502585878 0.01694407669454245 0
865 0.08724123872019238 0.1100252671260355 0
866 0.04026826830761724 0.01536960141589207 0
867 0.04172363114328718 0.06340640167241553 0
868 0.05526754369605898 0.08924275330794407 0
869 0.006372326899570347 0.177943134197514 0
870 0.1778990578095293 0.006431101793379161 0
871 0.1297936658128516 0.0556457039318565 0
872 0.03170895612237679 0.1193705678551016 0
873 0.1197926627774911 0.03166982561316894 0
874 0.113250754786239 0.05830430339869477 0
875 0.0681997942208032 0.08040158857783092 0
876 0.1479174324880207 0.07416512467846544 0
877 0.01390550089065234 0.0481195860179386 0
878 0.1198368150778217 0.06993987169303714 0
879 0.1825041575953277 0.05268582107177338 0
880 0.05232516716417539 0.1817110600069766 0
881 0.1690963761653531 0.05416308809227707 0
882 0.05440965864369808 0.1649048577386173 0
883 0.06436832931190437 0.1377504845632064 0
884 0.202221042260238 0.03356137747001492 0
885 0.03353099879992154 0.2022348343308344 0
886 0.03941681099118508 0.07143724286420983 0
887 0.01725536857890089 0.06958874840801439 0
888 0.08525901284200234 0.08096236921092506 0
889 0.1060043260523068 0.1309087125828948 0
890 0.01587751065153099 0.2222176000643095 0
891 0.222217600061673 0.01587751065377431 0
892 0.01201419512115566 0.04063922149201249 0
893 0.04159857211304224 0.03366234428249881 0
894 0.1080871935582942 0.02838351618116753 0
895 0.03064185409830921 0.105931916366799 0
896 0.06340011814668225 0.05424173196101659 0
897 0.04484604311179233 0.1386784657198947 0
898 0.05446291313159377 0.06965516857677394 0
899 0.09159424591938499 0.1227533357658392 0
900 0.02281582919306148 0.09676514104698239 0
901 0.09801335199816739 0.02311590354530634 0
902 0.1590768803044607 0.06918635687505792 0
903 0.04416543706740599 0.08508454094860587 0
904 0.02972721215753297 0.09108154891402573 0
905 0.09264714140755782 0.03333281673599461 0
906 0.06782560126959494 0.168865714477312 0
907 0.1539132147931476 0.08340248269548696 0
908 0.09318982700756347 0.09303234518346543 0
909 0.04380481604455146 0.02611730933730162 0
910 0.1036463387977568 0.119409146112639 0
911 0.08704006903414703 0.04451619203660839 0
912 0.1909723504810317 0.03817253941813592 0
913 0.02567509702484002 0.03145909410526147 0
914 0.07737747562965372 0.03751544664763185 0
915 0.05283930187142375 0.1421054006743693 0
916 0.04379120966880094 0.05862835064564124 0
917 0.1179404501273725 0.07987817083533597 0
918 0.07931009961818851 0.06869543027377434 0
919 0.1377596307873002 0.08254542762324953 0
920 0.01404744865932055 0.1027909726344275 0
921 0.1031685903904103 0.01397236493627227 0
922 0.0879453466661312 0.06541880937408931 0
923 0.06504232290542432 0.07320233245795409 0
924 0.1694244946695869 0.02688579069948784 0
925 0.02628360975882463 0.1705934014885294 0
926 0.140096162226349 0.060532271539669 0
927 0.1419428761764882 0.04510460554808451 0
928 0.0372533781591378 0.1017643757851705 0
929 0.05570943261608902 0.1171829171466747 0
930 0.1170332048718197 0.1171413746954825 0
931 0.04135751269009977 0.1461823603346548 0
932 0.0305441908148026 0.01681972117696195 0
933 0.03721260572719368 0.07957538014671839 0
934 0.1027824327253595 0.03920052383861736 0
935 0.1518843786441032 0.0426915753397685 0
936 0.08594086547682213 0.008515461770760582 0
937 0.1336711517399906 0.005648875006475857 0
938 0.005542107969090198 0.1336063126243475 0
939 0.2383070888779292 0.005324646429467287 0
940 0.005324646429475341 0.2383070888779114 0
941 0.1697191147441838 0.06757302939320961 0
942 0.09176686011235483 0.07493817819946882 0
943 0.09933951859076925 0.1058827811482056 0
944 0.1290557959519012 0.07130455343896758 0
945 0.108778869967464 0.07726815519149255 0
946 0.03158423581518638 0.07017372462592071 0
947 0.03839109994025972 0.1284118851047537 0
948 0.1286947686556556 0.03732232665049005 0
949 0.04939030034264255 0.0362342566134967 0
950 0.1832585367193969 0.02217296948027475 0
951 0.0219315477236608 0.1835168359500635 0
952 0.06739319984027048 0.03016485406275395 0
953 0.07589440014478528 0.08693865271770768 0
954 0.08478476143464538 0.1565887627586338 0
955 0.06849618298758639 0.02372413251410938 0
956 0.1578139449752332 0.004009911414714125 0
957 0.004004514292964197 0.157822552439613 0
958 0.07521931613389209 0.1337790762580061 0
959 0.06865743569699412 0.149224024727986 0
960 0.1235414979548988 0.02395624635650255 0
961 0.02386796786947277 0.123225733327598 0
962 0.06692869760371149 0.09034904015077563 0
963 0.03850742526095916 0.04887294839309989 0
964 0.00724663243045563 0.1086063104898656 0
965 0.1087089911323408 0.007193202216991255 0
966 0.0497760117668068 0.1067675979841172 0
967 0.07706826350221108 0.143526707933983 0
968 0.1726701245494254 0.004090920237038372 0
969 0.004071752268528179 0.1726657351055245 0
970 0.160499871198423 0.03958845604052105 0
971 0.2308619800710417 0.1369321874084377 0
972 0.1321060659059158 0.2448825666507359 0
973 0.2961478092443878 0.08227547940843238 0
974 0.1713695519342763 0.1834325324244555 0
975 0.08304817084899846 0.305832354111136 0
976 0.2316074102913386 0.09143170895608815 0
977 0.0833756027650033 0.2380364032835511 0
978 0.3551127593134562 0.05809179486418466 0
979 0.2219651256534182 0.1938877090304349 0
980 0.1873531909244695 0.2302518907951177 0
981 0.1875189567634836 0.1310701114942567 0
982 0.1145039724541787 0.1975941585356261 0
983 0.2816886803986914 0.1389131135870447 0
984 0.06616797265093539 0.3617949725953492 0
985 0.1326273018715431 0.2974125363987716 0
986 0.2609161285798566 0.05344230317312513 0
987 0.04943331040098648 0.2704572187978658 0
988 0.2634107984855656 0.1711908053896825 0
989 0.1634892001901678 0.2705572544312838 0
990 0.1515377016212689 0.1467163129680843 0
991 0.04886962221349731 0.3935589841280923 0
992 0.3949288544203007 0.04731241057628105 0
993 0.153366444074363 0.2066979058748421 0
994 0.2037797499442564 0.1576707461105126 0
995 0.1049370822941176 0.3339225364984931 0
996 0.304218277258458 0.04133152983894165 0
997 0.1066579399856251 0.2662004220855615 0
998 0.2582256590993897 0.1199119968856759 0
999 0.1992301093190235 0.09802528078590667 0
1000 0.08941357458450264 0.2088478034734488 0
1001 0.04288663757204508 0.3155014567592939 0
1002 0.130859623163035 0.1654480427976516 0
1003 0.2169422153065338 0.2310585209024307 0
1004 0.2329489941049283 0.06069215946439613 0
1005 0.1968423407527008 0.2000673386965566 0
1006 0.262013873674655 0.0872995293306108 0
1007 0.3197063389527631 0.1344153870910673 0
1008 0.1973520411537558 0.2612287748723893 0
1009 0.05494768201417781 0.2300213823930026 0
1010 0.22254122791631 0.1132575092385334 0
1011 0.1083432477319159 0.2335460371249204 0
1012 0.2597233311086168 0.2036400642596206 0
1013 0.07948424680231159 0.2738501473713011 0
1014 0.3684440336978816 0.09313557320207398 0
1015 0.228274648884527 0.1673092564024519 0
1016 0.1351131706225576 0.3245111295550267 0
1017 0.1433288194665147 0.1882640897336485 0
1018 0.4265234416429667 0.03742878221198466 0
1019 0.1617248770132945 0.1177388928071232 0
1020 0.03690936242700338 0.4212330823979876 0
1021 0.2904947635351894 0.1659952434027892 0
1022 0.1616343756851801 0.2975789842687122 0
1023 0.2119544427656349 0.07314328984223825 0
1024 0.0334226370686021 0.3602625509973797 0
1025 0.2540566839931933 0.0269282546534602 0
1026 0.1551570726866675 0.2329882385878805 0
1027 0.1814336848304313 0.150206923497379 0
1028 0.2569549022646327 0.1460636628540053 0
1029 0.09937918691368659 0.3621361789609531 0
1030 0.3236243540551154 0.07525440410474056 0
1031 0.387503158617897 0.0726660738302381 0
1032 0.1029757872537929 0.1782457782394315 0
1033 0.3367509370621316 0.03345992867276971 0
1034 0.07803096557596165 0.3841521639643781 0
1035 0.04135587974236506 0.249616037303874 0
1036 0.1379893886744332 0.26841245110512 0
1037 0.297706511989193 0.11686756005758 0
1038 0.1107444657437848 0.3057557235769284 0
1039 0.2085076675506868 0.1352062275267582 0
1040 0.1322888273153262 0.216345436098195 0
1041 0.1787816688981609 0.1044823206856151 0
1042 0.3694283370556053 0.02880339522903505 0
1043 0.07763650675160312 0.3306771840514509 0
1044 0.02775294029222981 0.2971938447920515 0
1045 0.06715181898149943 0.2124466614657996 0
1046 0.2772775455322755 0.04346671585182897 0
1047 0.1375522548214439 0.14589086424486 0
1048 0.2904656885757223 0.06025470599402199 0
1049 0.2423255180394693 0.222097289284816 0
1050 0.1848235386238902 0.2853668735818685 0
1051 0.05777199245397242 0.2928774585822086 0
1052 0.2775220220629702 0.1011237120633298 0
1053 0.205759887868112 0.1849818963185329 0
1054 0.1571308975036932 0.165226113220933 0
1055 0.1758784331270914 0.2060718031928536 0
1056 0.3134637157873658 0.1532011648967213 0
1057 0.277667896038749 0.186008400848276 0
1058 0.336694510470729 0.1277144368204414 0
1059 0.2136168666651524 0.253213621286324 0
1060 0.09459111267013671 0.2846664367364629 0
1061 0.244388503524296 0.1873082945737485 0
1062 0.08919978881607199 0.1867206746572795 0
1063 0.2429017925362139 0.07269067760099318 0
1064 0.1746155771811284 0.2495646583988523 0
1065 0.1466264400841034 0.1276357568155137 0
1066 0.1003040322226614 0.2478367236330501 0
1067 0.0195076599188972 0.2655492655167092 0
1068 0.2388967916040452 0.1140386384317331 0
1069 0.2397097936273957 0.037767251083126 0
1070 0.2019036741404494 0.2243181482877821 0
1071 0.2001523462542925 0.1222869092806529 0
1072 0.4121085455787992 0.06725630127550264 0
1073 0.1055099234806288 0.2120732215928811 0
1074 0.1509875537011999 0.3176218845095118 0
1075 0.1293776695080536 0.3425564442235208 0
1076 0.1113722597015596 0.1646007940758145 0
1077 0.1957386688403697 0.08191220170562512 0
1078 0.02971971030519869 0.3409781029916311 0
1079 0.3100822687387773 0.09634954551406097 0
1080 0.1893446200375424 0.1771237144848821 0
1081 0.0226354379800499 0.4450545938613262 0
1082 0.4444743390373981 0.02555882759596516 0
1083 0.3581266765021528 0.1132322066388942 0
1084 0.1737069989897328 0.1375609339403046 0
1085 0.02326294539742289 0.3817717030019376 0
1086 0.1724083179719696 0.2184813647931851 0
1087 0.2462387305783094 0.1553053732222084 0
1088 0.2182747144289204 0.05815784606234028 0
1089 0.3444645930181774 0.0831035454250693 0
1090 0.217807027609367 0.1482382025643712 0
1091 0.40402624929744 0.01346979394879543 0
1092 0.05507974977901598 0.3702891749062659 0
1093 0.123884049305861 0.2563268744889617 0
1094 0.05057477679742627 0.3415954333178662 0
1095 0.3222113839707861 0.05219270961377784 0
1096 0.2058001691678305 0.2390349074392374 0
1097 0.2519875736669495 0.134055740532829 0
1098 0.1528219139901394 0.2533893355567686 0
1099 0.1395607851355864 0.2015446599416524 0
1100 0.2791619636171011 0.1186095369952213 0
1101 0.2160137167337766 0.09996102384048501 0
1102 0.09243543363755392 0.2240324395398848 0
1103 0.06425517284272585 0.3156785331432079 0
1104 0.3155301749089674 0.01866942518029646 0
1105 0.1228029478915051 0.2811623157867064 0
1106 0.1125531513065592 0.3578450445098054 0
1107 0.152887975988841 0.2789880390196293 0
1108 0.3745130103643426 0.05118611004598979 0
1109 0.1484313141603136 0.2224962837987754 0
1110 0.1194276773311959 0.1818174413929742 0
1111 0.2699783814538863 0.1601713653595081 0
1112 0.3097300040489411 0.06800284575097588 0
1113 0.06863535852119375 0.2000096464379748 0
1114 0.1951888845865505 0.1437360924471678 0
1115 0.2269577464453625 0.2175076928377933 0
1116 0.2289290920219165 0.07552919138187326 0
1117 0.09979245536558329 0.193120477987678 0
1118 0.02823655216243663 0.3110889140380677 0
1119 0.2511359952239522 0.08894221701257526 0
1120 0.01392973508865413 0.4049336668562996 0
1121 0.2363082695103661 0.2474258788695993 0
1122 0.1867207436432918 0.0905818357934509 0
1123 0.1441649531950069 0.1571391007801157 0
1124 0.09899408393668396 0.3823063770261657 0
1125 0.3156030841583904 0.1137440394044174 0
1126 0.2119027057144149 0.2086353816989698 0
1127 0.09371899205628104 0.3197450163125661 0
1128 0.2881164993938178 0.01680671402527985 0
1129 0.3842142856779766 0.01649076345288046 0
1130 0.2546920674142316 0.0146602954830277 0
1131 0.07357803865828871 0.2266638260428601 0
1132 0.08719806839429281 0.3464564189076085 0
1133 0.1192217008045287 0.1508024876334703 0
1134 0.3618476371232666 0.07568281784118559 0
1135 0.1586888956391927 0.190752449791817 0
1136 0.2696194767757396 0.0688453236755628 0
1137 0.2311937804723269 0.1259523494940649 0
1138 0.1167991058258775 0.2447518438269901 0
1139 0.0880971708744596 0.2600258597008303 0
1140 0.03651463637584832 0.2321485138724359 0
1141 0.2791222251040325 0.2024473410167024 0
1142 0.1866538083472881 0.2153642923875098 0
1143 0.1641774142895995 0.1011547215305088 0
1144 0.3342957558677797 0.1442230716039768 0
1145 0.3535231126305849 0.01585991689520524 0
1146 0.1726440835975998 0.2922228112141705 0
1147 0.2995416123324252 0.1340969945296187 0
1148 0.05132135891646912 0.2147342634439842 0
1149 0.1834123106553537 0.1925119020118878 0
1150 0.1708264346514589 0.1667488235805906 0
1151 0.2270702797736859 0.047167588020066 0
1152 0.1104325390872365 0.2901676084766373 0
1153 0.1780221850922794 0.1200970351023179 0
1154 0.2689861113870489 0.01476806654153854 0
1155 0.2755268390010622 0.0848696101203399 0
1156 0.2486697481016863 0.05099571447380102 0
1157 0.1268049269583169 0.3099285944181127 0
1158 0.296192832519381 0.1797713603606301 0
1159 0.07718878438083025 0.2891624445825306 0
1160 0.4229999614415418 0.05469209498957167 0
1161 0.05805234353876605 0.4208570794987943 0
1162 0.2604275832852219 0.2215432501338409 0
1163 0.2392373370079864 0.2041994107020976 0
1164 0.2690679614501005 0.1945359313183128 0
1165 0.1220278575734884 0.3223187478774529 0
1166 0.1441083593344241 0.1698225850703022 0
1167 0.1478115521928414 0.3018944757301855 0
1168 0.2968472134233335 0.1489878881997838 0
1169 0.0781369524766919 0.4017796544145915 0
1170 0.2161428153989868 0.1701864498514638 0
1171 0.2630730714409862 0.1347893275149442 0
1172 0.4019551546169617 0.07705418050742907 0
1173 0.2595505366846744 0.100470130550593 0
1174 0.3101378888281307 0.1703616618807693 0
1175 0.01330820352269177 0.282751158298098 0
1176 0.1798969836247612 0.2663034754244558 0
1177 0.1659644634292732 0.2833656847332903 0
1178 0.08053159104248882 0.3693634006162325 0
1179 0.09186896158161049 0.2710924852570917 0
1180 0.1904015999241871 0.1108125197080043 0
1181 0.1274272502621111 0.191859735624875 0
1182 0.06065828896558358 0.3341183573016528 0
1183 0.06554953876946926 0.2779608845209843 0
1184 0.2039092748672618 0.06380834888353035 0
1185 0.3521411193103998 0.0417414029106755 0
1186 0.2209334389743303 0.1255041066475377 0
1187 0.1435380016958442 0.3369109623318095 0
1188 0.1229883973928179 0.2340206934955588 0
1189 0.2492264118279999 0.1738962447809223 0
1190 0.2790639611384185 0.1716426007426623 0
1191 0.1479399480149282 0.115950767386751 0
1192 0.2187292694327663 0.1817901826917539 0
1193 0.2060238185094932 0.08721756596820011 0
1194 0.3715473018133466 0.1112758683731419 0
1195 0.4178621611352594 0.01840999846028937 0
1196 0.1671483924643075 0.3103470716152416 0
1197 0.05594263192115432 0.2442083650783378 0
1198 0.2113443308557468 0.2677060979408459 0
1199 0.08999094733851784 0.1757221291861511 0
1200 0.1913495547148485 0.2449475160276957 0
1201 0.4642691118025298 0.0144396751024865 0
1202 0.01562529286398516 0.4615460682781135 0
1203 0.4117576069288209 0.04936937639028114 0
1204 0.1869784501288264 0.1638345874929494 0
1205 0.08043999233463746 0.2179844185117616 0
1206 0.351378734960447 0.1002845843491264 0
1207 0.264350371419331 0.04114804603184062 0
1208 0.04633091911961165 0.4105203817300963 0
1209 0.4407985726448175 0.03985710298075337 0
1210 0.03994981115581636 0.4416127611186439 0
1211 0.2406517632824791 0.02505376939163241 0
1212 0.03991631604391561 0.2993112538889531 0
1213 0.01439607738205147 0.3651545141048917 0
1214 0.02087825827500878 0.2541259447212023 0
1215 0.1665229947808506 0.1533877236106942 0
1216 0.2574782243795595 0.06516015762720245 0
1217 0.06740468835041473 0.3928343088594368 0
1218 0.1574416596958798 0.1326045504229534 0
1219 0.2550699634878028 0.1577107232657916 0
1220 0.1096867847276013 0.3724614197847467 0
1221 0.01712034280384763 0.4236017672376956 0
1222 0.3273565714256965 0.1565592532902834 0
1223 0.336720582850682 0.01704609806075886 0
1224 0.197801946982846 0.1331056466661921 0
1225 0.117447084514705 0.2084154296806466 0
1226 0.1021875721026992 0.1668685958431632 0
1227 0.1438490333500844 0.2395490423962646 0
1228 0.1343231383467903 0.1311880144839183 0
1229 0.1364198233835356 0.2558662076504972 0
1230 0.04009106320656049 0.3783348037447795 0
1231 0.3944339231366112 0.06623385926188266 0
1232 0.3274344581985862 0.08995439992436438 0
1233 0.3363235333313601 0.06665145931253695 0
1234 0.1488681644835216 0.1968796658836672 0
1235 0.2677294862433061 0.1447607230299112 0
1236 0.04458357929537637 0.2851977231413472 0
1237 0.3141073910418695 0.0822279637118013 0
1238 0.1722934249120363 0.233154045130802 0
1239 0.2950250165350256 0.1000993233694709 0
1240 0.172109013110931 0.09256881235021243 0
1241 0.06724357404040458 0.2384110065172136 0
1242 0.05271956916322597 0.3560614790478965 0
1243 0.2190221079830729 0.08501742251399613 0
1244 0.1393399925210018 0.2835555543872272 0
1245 0.1583595857593216 0.2164316488312795 0
1246 0.1525453119907823 0.1809724275877728 0
1247 0.1090163489842571 0.2810258145939334 0
1248 0.1849076170467546 0.1408247530633838 0
1249 0.06162332772846765 0.2001979938471475 0
1250 0.2451337169336163 0.1442549148449565 0
1251 0.09556808180723766 0.2993847781389237 0
1252 0.09610277200834572 0.2357962693456852 0
1253 0.2423123008527677 0.2404744223588796 0
1254 0.1097483717724535 0.1879391129195679 0
1255 0.1516469580204852 0.2683269816574418 0
1256 0.3200533688532318 0.03693252340530138 0
1257 0.2323064827358509 0.1053799510426706 0
1258 0.289745691519453 0.1266087791965693 0
1259 0.3536662543869649 0.1288830587077007 0
1260 0.02905832990671954 0.2420386527881674 0
1261 0.2309835979233363 0.150500379955581 0
1262 0.3886651154833505 0.0858707538520854 0
1263 0.03587024054785284 0.2625035299874204 0
1264 0.08869116442697121 0.3921224049236272 0
1265 0.2063082755272643 0.1462362899103235 0
1266 0.1433804339464078 0.2117636742002687 0
1267 0.02930055270887479 0.2775257005795308 0
1268 0.3072752670121934 0.1429257864147282 0
1269 0.2435695489050283 0.1262349525858678 0
1270 0.07376099393637575 0.3463938589377831 0
1271 0.1455233564706266 0.1365783959123454 0
1272 0.2148920342933154 0.2201749843140616 0
1273 0.3839056579078282 0.03856787403412876 0
1274 0.203647741892668 0.1097727727551697 0
1275 0.09621487127914316 0.2147184409489193 0
1276 0.1939165814934811 0.1887348365497303 0
1277 0.1967924665973741 0.06904616070115348 0
1278 0.1124757553068847 0.2538101037035145 0
1279 0.1292604110786927 0.3545847058573435 0
1280 0.1639811984844202 0.2420616946054131 0
1281 0.290434176115569 0.04416927678137181 0
1282 0.2106206695866692 0.1241783878029279 0
1283 0.3654330336364533 0.01527107584738029 0
1284 0.1200040169973477 0.2200323658735068 0
1285 0.01413935186422158 0.2994380254138409 0
1286 0.07692423130120009 0.1872692220192895 0
1287 0.1018712768779014 0.3469033678861121 0
1288 0.08015136751436787 0.3178486233099454 0
1289 0.2196151461961695 0.1366247985835047 0
1290 0.02014293892317938 0.3517078121432886 0
1291 0.1371249966321185 0.2279284995440769 0
1292 0.1887341595682698 0.1008541526184538 0
1293 0.2993483384817707 0.07026583768412323 0
1294 0.07114163319614686 0.2516437065192656 0
1295 0.2516345928324005 0.03909316470852984 0
1296 0.07067178108833388 0.3004295670794828 0
1297 0.2458323244939085 0.0622999119769744 0
1298 0.3469422617665462 0.1156042025322597 0
1299 0.126705018842877 0.1746131433875281 0
1300 0.200316641357181 0.1710271659085653 0
1301 0.1958538776326894 0.2876967595978207 0
1302 0.1632171856663805 0.2009344995409261 0
1303 0.225184212940234 0.2559372183277318 0
1304 0.2311477529516943 0.231136545984483 0
1305 0.3267114314807799 0.1204824656666656 0
1306 0.2493029714084394 0.1079075706446012 0
1307 0.1273062595050518 0.1400976254834987 0
1308 0.1798649935628246 0.1725245496652933 0
1309 0.202150836833214 0.2497039299451685 0
1310 0.02016370399838111 0.3294844543444128 0
1311 0.09774517471341078 0.2579799441126086 0
1312 0.05324466687632739 0.2561107204214014 0
1313 0.2290513847255943 0.03675871073758286 0
1314 0.0107716313809928 0.2575443795515513 0
1315 0.3206452624715916 0.1624002628549448 0
1316 0.04404228543179329 0.2233291300093868 0
1317 0.0829961213153258 0.2822145443110923 0
1318 0.3439612897381987 0.1376778549907794 0
1319 0.1398657425263122 0.3137076930390341 0
1320 0.2687734106900664 0.1098297858692578 0
1321 0.2901850955117729 0.034386372738133 0
1322 0.1333509730411132 0.1551596909952807 0
1323 0.2873744528461427 0.1091379353204711 0
1324 0.1087598949861313 0.1545402590968084 0
1325 0.3493692167288113 0.07063782784500676 0
1326 0.2222440298000068 0.06736427195692907 0
1327 0.179989528321299 0.1296021055103575 0
1328 0.2508813046324873 0.2130246766614965 0
1329 0.1375853165863503 0.3465169961730674 0
1330 0.2881763458122274 0.1925983407511854 0
1331 0.06194530021006979 0.2211445085620621 0
1332 0.1544699103599018 0.155827266883187 0
1333 0.1896530651753469 0.1210026810061686 0
1334 0.479672537108389 0.007654730812443217 0
1335 0.007917944147965287 0.4790680072827527 0
1336 0.09089510571746327 0.3328563083510191 0
1337 0.06525620254143041 0.2654517154176417 0
1338 0.2162262647755794 0.2419635110756837 0
1339 0.08319881722529369 0.3596275395243238 0
1340 0.1556072801274425 0.3292491785620063 0
1341 0.1877935313601355 0.07818795264988417 0
1342 0.07852971165046835 0.1984024451759002 0
1343 0.2850895895369309 0.1538121717097038 0
1344 0.1857225341030005 0.203079809283014 0
1345 0.1733495472731702 0.1961881206061026 0
1346 0.2600266005459397 0.1859121165158072 0
1347 0.3948269269202459 0.02610605612247486 0
1348 0.3406977647753212 0.05034200726750562 0
1349 0.267413068270536 0.02845339720738815 0
1350 0.03291222027336907 0.3947269353410752 0
1351 0.07877289165002696 0.2059849324910503 0
1352 0.4358832323390522 0.01288205182608047 0
1353 0.2683174562356928 0.09320060255215552 0
1354 0.2084955444787637 0.2316862441967812 0
1355 0.1963460169357494 0.235071719825253 0
1356 0.1483690058665047 0.2911910645369765 0
1357 0.3630561334929661 0.1205027644833816 0
1358 0.1140850967732079 0.1735454962618025 0
1359 0.102715562180223 0.202530032407806 0
1360 0.1912320181195214 0.2727219700327424 0
1361 0.2707241672234185 0.1278478100610115 0
1362 0.07102064615014862 0.3745168905337511 0
1363 0.3739980209119347 0.08086059524659309 0
1364 0.0409955034039752 0.332475433130988 0
1365 0.01250143104165613 0.4364338213547178 0
1366 0.04132710977054119 0.3497895865324901 0
1367 0.2698246375959812 0.2119363208186523 0
1368 0.09709715071130462 0.1862599430033079 0
1369 0.2319674200507528 0.1783252269497241 0
1370 0.3240187961825334 0.1481323860698838 0
1371 0.1408392554238798 0.1230993502838361 0
1372 0.3079105500880007 0.1246275540016176 0
1373 0.2510390744182532 0.2310402621749837 0
1374 0.02646313810283334 0.4614412304317067 0
1375 0.4576401571461203 0.02706636086104543 0
1376 0.1625826193612366 0.1739824922788159 0
1377 0.06811536005690766 0.4110889373701898 0
1378 0.2313595069703242 0.1180897465157087 0
1379 0.1091471308813527 0.2417131637425017 0
1380 0.2348365229287893 0.190299479715266 0
1381 0.1188216580448452 0.334308246019436 0
1382 0.3621117406218979 0.04534552284933321 0
1383 0.1995975592412719 0.2116317286250453 0
1384 0.1174696070521479 0.3472169250819349 0
1385 0.2457330526592995 0.01552661068275124 0
1386 0.2410449634925342 0.09851032214439168 0
1387 0.08253577437077099 0.2299715353551568 0
1388 0.2508251432401749 0.1944967431543246 0
1389 0.120631126606652 0.1633511500118682 0
1390 0.3231153015896113 0.06585038744840419 0
1391 0.1801588387903088 0.3016852594506301 0
1392 0.254016804656014 0.07617005943629807 0
1393 0.01362387098821151 0.3939340549287078 0
1394 0.1735026970307189 0.2761557091885816 0
1395 0.1078861743836324 0.3207679283936085 0
1396 0.08517800472658894 0.249138965318229 0
1397 0.1559232084076985 0.1087482261227824 0
1398 0.3025602218355329 0.1597292075520888 0
1399 0.1779048321444619 0.2131827969877728 0
1400 0.057977099510688 0.3482374443005314 0
1401 0.282164195163089 0.07425847822706254 0
1402 0.3047054305607864 0.1069814447433869 0
1403 0.05105748617556932 0.3056156674629268 0
1404 0.2932019048339973 0.1408178922241769 0
1405 0.1199425334025053 0.3633106254197189 0
1406 0.1680817127582632 0.2601720816507136 0
1407 0.1469153543264431 0.3272585440871625 0
1408 0.1702417642979465 0.1106139710830095 0
1409 0.2175946244218713 0.04782158329917834 0
1410 0.2091306754722777 0.1969272344454701 0
1411 0.1876448207013259 0.296004996654993 0
1412 0.2373390188059419 0.04883983494209278 0
1413 0.1919288756328503 0.1540646500296361 0
1414 0.3936174445995918 0.009603446217722009 0
1415 0.321671192398174 0.1018418452562132 0
1416 0.120553176191844 0.1705167400056816 0
1417 0.167338580776649 0.2105284097973653 0
1418 0.2023263577551854 0.07820208220169422 0
1419 0.1233640001525001 0.2681776870769619 0
1420 0.1967319795464052 0.08895482438094558 0
1421 0.4091935033795676 0.03613946954170299 0
1422 0.2855986236003452 0.09224058508036057 0
1423 0.3023861709852848 0.01108225190723394 0
1424 0.04874573035127899 0.4309442450503138 0
1425 0.164587909334912 0.2253029143947529 0
1426 0.160805618753425 0.3226121529250863 0
1427 0.0329824706125404 0.322358862982831 0
1428 0.2245750596984105 0.2059222005819653 0
1429 0.3008193208812572 0.09324142410375999 0
1430 0.4349155333954256 0.05178576758203069 0
1431 0.3070844442317747 0.05506422963002196 0
1432 0.3325003574643792 0.07866073639594309 0
1433 0.385674503220929 0.0580876221342173 0
1434 0.0891858363051472 0.1963632944949249 0
1435 0.1029149697282778 0.2949084220220418 0
1436 0.0292284481688254 0.4328840795928821 0
1437 0.2159254529789861 0.1590425030170153 0
1438 0.1012981629096403 0.1601479398603942 0
1439 0.3790571651319698 0.06903152704172325 0
1440 0.1241559388837423 0.2483813560841959 0
1441 0.02422345322680108 0.4114626091946014 0
1442 0.2392627613520311 0.1360879023129057 0
1443 0.2693057168086299 0.1781810015497334 0
1444 0.1549365988933046 0.3103506222949012 0
1445 0.2350319584133729 0.06995968504926166 0
1446 0.0516312304275437 0.3245142406366324 0
1447 0.1793590790596925 0.2247032639605072 0
1448 0.1813833115138384 0.2394776139946446 0
1449 0.1291072721784612 0.2049393824042475 0
1450 0.0369989443828483 0.3086569950261869 0
1451 0.2229646121180482 0.2644831144730183 0
1452 0.36763139543851 0.06357141001881421 0
1453 0.2388875060873198 0.1612358416830335 0
1454 0.3523151947151185 0.03073668831270113 0
1455 0.06839071765174744 0.1933088981974467 0
1456 0.257564339460929 0.1298201871534637 0
1457 0.2992146052994056 0.02880244141447139 0
1458 0.3565046446124543 0.08794864260067958 0
1459 0.2123116503845554 0.1157556619598988 0
1460 0.08871302568751614 0.3746381560253597 0
1461 0.4312802610670062 0.02310086671581072 0
1462 0.1071366438071538 0.2226337497383404 0
1463 0.3621879793576372 0.1049081113722194 0
1464 0.2248118689363795 0.15938979753096 0
1465 0.2741541337955496 0.05640108236062327 0
1466 0.23100521953496 0.02904454901446674 0
1467 0.2359752083812356 0.2153086613675092 0
1468 0.2275614133620289 0.2447708283188099 0
1469 0.1616438663628524 0.1423383192042867 0
1470 0.1857857906696095 0.2555171042095862 0
1471 0.1647452669994899 0.1621774817450875 0
1472 0.08034745845720842 0.179192107256964 0
1473 0.2104879666140043 0.04978234617182584 0
1474 0.1768381766520626 0.1587373209167622 0
1475 0.0575635583804353 0.2063251177600207 0
1476 0.1816825593558472 0.1847698177501071 0
1477 0.2258891526310801 0.05507996906804136 0
1478 0.1740600907710706 0.1471765513509603 0
1479 0.3334746996180822 0.1082075643295193 0
1480 0.04594794080596185 0.3664411483076999 0
1481 0.05611236570037098 0.3819881610238101 0
1482 0.4533431255507038 0.03567807207997854 0
1483 0.1371953569604654 0.1939914312358418 0
1484 0.1672333632801388 0.1269352764307917 0
1485 0.1531074206217426 0.1236777433152279 0
1486 0.03193608570199476 0.452541794296973 0
1487 0.1607837251705958 0.2775856391466273 0
1488 0.1193899226866029 0.2932407753687986 0
1489 0.2837202412709285 0.1791584770727404 0
1490 0.02762074252006269 0.3721692807082531 0
1491 0.04760013503631796 0.2392386348627708 0
1492 0.08768118828309049 0.2953584574125674 0
1493 0.4038694350346957 0.05701289820077238 0
1494 0.156573304954933 0.2881079808224077 0
1495 0.265084026270924 0.07967393653020743 0
1496 0.008771680968978667 0.4474147075257235 0
1497 0.4470021902520486 0.01299604797604942 0
1498 0.0113579409089753 0.3812750567522987 0
1499 0.257192199848314 0.1386230141708426 0
1500 0.05703537616219707 0.4013923243664868 0
1501 0.3393170373095708 0.09557320287702903 0
1502 0.1444375861416684 0.149721930216304 0
1503 0.09503639906591256 0.1674272652384719 0
1504 0.01539310767160475 0.3154463034090506 0
1505 0.2381790155242973 0.08223323671347679 0
1506 0.280796252089908 0.03122148472307417 0
1507 0.3795399638734362 0.100453748014828 0
1508 0.01155678206227398 0.2678299572732498 0
1509 0.2016192710510674 0.2802067458138666 0
1510 0.09537823768813912 0.3076205525927746 0
1511 0.1918442358670022 0.223432413122505 0
1512 0.06786279078269536 0.3277993551548436 0
1513 0.18253328123722 0.1114628821968644 0
1514 0.206888342481677 0.09488644555949724 0
1515 0.2269602753620091 0.09886574676682404 0
1516 0.3307221133011323 0.135420477956441 0
1517 0.1353354396027993 0.1809313457517257 0
1518 0.07526790628093691 0.2629613143615876 0
1519 0.1314784706754792 0.3349748879003718 0
1520 0.1773706736531909 0.08173580725651183 0
1521 0.4068976272322117 0.2157812076976367 0
1522 0.3165769292272785 0.3038905161377695 0
1523 0.5107189366589372 0.1202250817097238 0
1524 0.1067654105259695 0.5149827705817297 0
1525 0.2103944821924737 0.4132888426908451 0
1526 0.2548622361410782 0.3538127866035773 0
1527 0.4458308205763493 0.1560773384900732 0
1528 0.1429218357479042 0.4580155348509635 0
1529 0.3461810600896911 0.2497912772741089 0
1530 0.5684389197408074 0.07481379652578772 0
1531 0.0689776817240571 0.5715368318961924 0
1532 0.5139345245093716 0.06037698551029526 0
1533 0.400813989993384 0.2770368850078358 0
1534 0.4615906866243868 0.2047883398389436 0
1535 0.1629475598285283 0.5052854519672721 0
1536 0.05172224536956931 0.5203085914523263 0
1537 0.3125859850517957 0.3601578493035775 0
1538 0.2611285035846863 0.4157310566865935 0
1539 0.267171601992135 0.3038616940717034 0
1540 0.2053284527767544 0.3652867006640623 0
1541 0.3969377535872546 0.1708299437682165 0
1542 0.4600839937252749 0.1076501538838707 0
1543 0.09518502247000832 0.4681375474783662 0
1544 0.1561181901594641 0.4153406180992363 0
1545 0.1960650330559875 0.4706279048791415 0
1546 0.5009595868621397 0.1721121910634461 0
1547 0.2935570352429373 0.2685777220644897 0
1548 0.6185164921604258 0.0538763677647553 0
1549 0.3593085997325598 0.204394283693797 0
1550 0.3681551818780586 0.310205499224436 0
1551 0.5565567672683409 0.123309125533582 0
1552 0.05198626507808334 0.6241744375608185 0
1553 0.1181843892424443 0.5674785238388727 0
1554 0.2397863758061425 0.451061823550408 0
1555 0.4363080104398085 0.2509191430551548 0
1556 0.2228917542682618 0.3289438142475622 0
1557 0.4765898098279429 0.08012673066943007 0
1558 0.4192803175832895 0.131742116091862 0
1559 0.1200190589060248 0.4327356431153511 0
1560 0.07005938445131354 0.4883843478101505 0
1561 0.5443334525921575 0.04002174401741797 0
1562 0.3148622571996494 0.2382650086295023 0
1563 0.5348992624465547 0.1601113234896862 0
1564 0.1713465415579977 0.3778633371620258 0
1565 0.4299559696655751 0.1934748116206022 0
1566 0.1236851447499246 0.488802660142746 0
1567 0.5286021583429742 0.0884317332565025 0
1568 0.1805644321503405 0.433942699683899 0
1569 0.4814147585018778 0.1399215455097704 0
1570 0.2870276588994158 0.3369909026448926 0
1571 0.2390321035591355 0.3837145605433046 0
1572 0.1511815081845038 0.5446545418461033 0
1573 0.3014911115758319 0.396431445300313 0
1574 0.6054141138349888 0.0923170236767899 0
1575 0.043903192209097 0.555953380094334 0
1576 0.6582888313517155 0.03752562693497515 0
1577 0.3832196309300057 0.2366641982120765 0
1578 0.0844608371316026 0.542559313121585 0
1579 0.5857223599491179 0.03900464108212312 0
1580 0.3344242546864372 0.2116405773075097 0
1581 0.0869256988469852 0.6126381143375476 0
1582 0.03609696284330968 0.6639811725071156 0
1583 0.269923421254163 0.2795412288551024 0
1584 0.5010894149248583 0.2033989352405787 0
1585 0.2008326390143955 0.5025180977784346 0
1586 0.2370704846163586 0.3048228726601319 0
1587 0.3652522521299001 0.1731000653735987 0
1588 0.03528185912042529 0.5922889832166554 0
1589 0.5020061233355462 0.03688237958495834 0
1590 0.400784614381602 0.3009473145054474 0
1591 0.1726005757926146 0.481898238299696 0
1592 0.46609723651784 0.1816525129019659 0
1593 0.2841350274663733 0.3714117093622992 0
1594 0.3981276818084751 0.1440997872125534 0
1595 0.4271182912763093 0.1048224464668315 0
1596 0.09495652438629937 0.4431257478799773 0
1597 0.1269349643309651 0.4084940878952953 0
1598 0.502472760214874 0.08611937867974864 0
1599 0.196790035059726 0.3459411999218843 0
1600 0.4643763773239661 0.2404387650538279 0
1601 0.291518695484028 0.2930785315522204 0
1602 0.3678218923318279 0.2696626121646026 0
1603 0.2257909974838484 0.4786688696259178 0
1604 0.389916767898181 0.1956209319565532 0
1605 0.5893565787396644 0.1185628881812779 0
1606 0.1922911203878141 0.3903423805348527 0
1607 0.3241642033826425 0.2633652929292441 0
1608 0.2534577307441803 0.3328112083915928 0
1609 0.0356384004388285 0.5090803050276519 0
1610 0.2672695084765724 0.4419953448380601 0
1611 0.5176929329725517 0.1840784351680577 0
1612 0.4483021876980486 0.08319068374644523 0
1613 0.1129150088200306 0.597422048394039 0
1614 0.4294701622350929 0.2775489672460486 0
1615 0.4361214876261755 0.2225673762061867 0
1616 0.07674705799241967 0.5122743033158916 0
1617 0.2361804669087851 0.4153232391881277 0
1618 0.07800191238626618 0.4628543579826072 0
1619 0.4812526521641264 0.0543906829928239 0
1620 0.1348533232681995 0.5184783248461794 0
1621 0.3201160988233362 0.3385592953282983 0
1622 0.4058162200989757 0.2452293635215141 0
1623 0.3363017563175447 0.3670088087710224 0
1624 0.1497739902577982 0.38731653534599 0
1625 0.2290622738781183 0.3518787508285283 0
1626 0.2060881987839358 0.4421143934079069 0
1627 0.5115674211544162 0.142789411335787 0
1628 0.4224642358561079 0.1569192541176431 0
1629 0.1193239748619506 0.454853849998242 0
1630 0.1446309653884503 0.4295700115203002 0
1631 0.4466467213834863 0.1306389429057588 0
1632 0.1763507501078558 0.5342634447235933 0
1633 0.2908712948475978 0.2417347471637664 0
1634 0.02643752420894617 0.5301932101303349 0
1635 0.5469005301950053 0.06140192375748437 0
1636 0.4788707007179238 0.1120657518088876 0
1637 0.34817538822048 0.31207606842651 0
1638 0.3429382461643497 0.1867622675529554 0
1639 0.3739029769357078 0.3443742251552494 0
1640 0.5284852571695354 0.1306156717327195 0
1641 0.2813783879618185 0.416427625111876 0
1642 0.09575092340043684 0.494547077771988 0
1643 0.6768358363842942 0.0297674718536074 0
1644 0.6342775634044248 0.02745792375588306 0
1645 0.6489542637061951 0.06213090683326387 0
1646 0.1832202617867084 0.4190542961863636 0
1647 0.357083074824976 0.2243119527396444 0
1648 0.5923147825082448 0.06339592361153767 0
1649 0.3196472143712215 0.283583270210071 0
1650 0.02619763308168459 0.6869712975669843 0
1651 0.07614344377284579 0.6424275359891725 0
1652 0.1208540260790453 0.537337512030117 0
1653 0.2472787646866489 0.2861474692834294 0
1654 0.02404048200583165 0.6391169056942995 0
1655 0.3827195556053535 0.2828287415784509 0
1656 0.5262765076177112 0.01849400818979155 0
1657 0.3840254857811352 0.2190514702240869 0
1658 0.258922828960912 0.3866364165063551 0
1659 0.3689593445563007 0.1518033339931521 0
1660 0.5574200009618877 0.1047773774717869 0
1661 0.1741115291624834 0.3550734208504974 0
1662 0.4813416414545013 0.2262743085664115 0
1663 0.06411174903212914 0.6037014215487936 0
1664 0.273377265386694 0.2570355482843362 0
1665 0.08938789272550123 0.5630099838488853 0
1666 0.6292943956589201 0.08192028878337301 0
1667 0.2928531067214685 0.319299109363152 0
1668 0.04515772333863384 0.485832979325351 0
1669 0.2212475051631678 0.3973797371973572 0
1670 0.321705795884403 0.394737917488942 0
1671 0.562287554983416 0.0322136972590873 0
1672 0.06175948183198152 0.5480276855758975 0
1673 0.3129073069160486 0.2134062117028084 0
1674 0.217729778100844 0.3130122694699443 0
1675 0.604861779608577 0.02763351936361161 0
1676 0.3281657047774998 0.2351174679604452 0
1677 0.4096289706813318 0.1870318115288295 0
1678 0.06275788382760941 0.6620828816809475 0
1679 0.5209744447698037 0.04369228280885041 0
1680 0.5710566926862285 0.05381572262155592 0
1681 0.471314276283843 0.06418686333722962 0
1682 0.5923253642855075 0.09854245769044293 0
1683 0.4576491924098239 0.2565526518558023 0
1684 0.4689986568093493 0.1552720567870235 0
1685 0.1643733303488521 0.4579010759515309 0
1686 0.2421758106040272 0.4720614581578296 0
1687 0.01983428960037793 0.6075779495302025 0
1688 0.3914491919749287 0.3371536989193873 0
1689 0.1499784177431938 0.475501021125585 0
1690 0.4454132666771312 0.1783601955162189 0
1691 0.02496949148358089 0.578985495397164 0
1692 0.06821945911759368 0.4714824653349502 0
1693 0.4023835727295579 0.1214121539877356 0
1694 0.105823508582788 0.4225226872968284 0
1695 0.1708771254479395 0.3974939321659374 0
1696 0.2106805287077152 0.353292801963091 0
1697 0.2156442753305775 0.5000595154423736 0
1698 0.09304087696712211 0.5983907711066834 0
1699 0.1532508409077631 0.3631460442773185 0
1700 0.5879760985650627 0.1402229441266067 0
1701 0.3007190257704097 0.2281607508842574 0
1702 0.4732233454041876 0.09384766327772245 0
1703 0.1167513492136176 0.4146882583298699 0
1704 0.4150736352597587 0.10904377120857 0
1705 0.4919252947739757 0.06640289193324571 0
1706 0.5031211633087084 0.01723087744598205 0
1707 0.2718804218413535 0.3333901413063304 0
1708 0.2761524277589842 0.3540313044751625 0
1709 0.5423934062363808 0.1773004340013034 0
1710 0.04642644222054268 0.5782173449688034 0
1711 0.4219772251254879 0.2962954590044778 0
1712 0.05618349183045728 0.5013796788814675 0
1713 0.4865096704354953 0.1893409937297287 0
1714 0.1910702785667025 0.4845471112053389 0
1715 0.2803324781613713 0.3932511749694993 0
1716 0.08125575466553003 0.4818062383170436 0
1717 0.1156309827891018 0.4753415845564254 0
1718 0.353936452096006 0.1796693759717698 0
1719 0.4303054065308914 0.08711963928345108 0
1720 0.4432136488598825 0.1990340333175646 0
1721 0.3601630971884043 0.3624767466785587 0
1722 0.518069948904525 0.08022538098346885 0
1723 0.1319026541963023 0.5885040938643754 0
1724 0.1954041100178139 0.528869310320914 0
1725 0.6146080142867707 0.1081471387200847 0
1726 0.5178051884031067 0.1630178942702118 0
1727 0.5161834373899346 0.1003599329135884 0
1728 0.4203638612095299 0.2036622433498118 0
1729 0.5240537449062189 0.2042096549006405 0
1730 0.1688203983325437 0.4304384045377138 0
1731 0.4686776293905988 0.133468080024712 0
1732 0.2495864407883211 0.4016431781790192 0
1733 0.4904267966935736 0.1253366273170938 0
1734 0.1927480389217547 0.4381310208396064 0
1735 0.2819854787505853 0.2803778969780737 0
1736 0.3370724701563335 0.3042088020710837 0
1737 0.1865820831381705 0.3672931020570767 0
1738 0.3424186013662622 0.3479925891349264 0
1739 0.01648783281165177 0.5099455694809381 0
1740 0.08280600514082188 0.4420748608553597 0
1741 0.1034587431942361 0.5351978087116984 0
1742 0.1025615690211789 0.6198141317407199 0
1743 0.3442021501940472 0.2669098259100174 0
1744 0.3018199285223029 0.2574163454689555 0
1745 0.3056706225825311 0.3450470012098549 0
1746 0.1179694779487132 0.5091318401357876 0
1747 0.4186468252329781 0.2624181386994486 0
1748 0.1670910407481636 0.5542780514408981 0
1749 0.2344642477837748 0.3361233927265935 0
1750 0.5416600958112258 0.1147780363879808 0
1751 0.3048198254594938 0.38005090991906 0
1752 0.2191511474827893 0.372670967637839 0
1753 0.3264018586903247 0.1965342211913603 0
1754 0.1356537021891825 0.440012699910738 0
1755 0.429545632794339 0.1398049615631065 0
1756 0.187969981381572 0.4522464307820329 0
1757 0.4900684976750674 0.1534071987803589 0
1758 0.6991779283775189 0.02086675182327203 0
1759 0.6512287038872883 0.01845539570827317 0
1760 0.2449851045030383 0.3620278470806648 0
1761 0.6672959149418372 0.05628201266433298 0
1762 0.3056189117955663 0.4157345745239394 0
1763 0.21675400085209 0.4608305020160282 0
1764 0.1553367977887136 0.5267806977307489 0
1765 0.3571560231388713 0.2962669888826109 0
1766 0.349134485334642 0.2135439340023685 0
1767 0.01576276798638793 0.5434303680499399 0
1768 0.4265934045095962 0.1791099890735656 0
1769 0.06839830884326906 0.5294053552180878 0
1770 0.3614395998639192 0.251085703127863 0
1771 0.01606134546479743 0.7110999753256864 0
1772 0.1354209303612919 0.5541713962868747 0
1773 0.2058925930649739 0.4875566387412715 0
1774 0.4811395907540175 0.03738337878405579 0
1775 0.3687132805137038 0.1902528556403711 0
1776 0.5510718367621508 0.08304826960317409 0
1777 0.3892059767897097 0.2564205490179032 0
1778 0.5454314953042931 0.1440419617213612 0
1779 0.548374275851375 0.01798044260810283 0
1780 0.133277763970362 0.3892461334035484 0
1781 0.3579912155572297 0.3292025830165008 0
1782 0.2646594394317976 0.4598954612610316 0
1783 0.6128756434966913 0.07233392500873567 0
1784 0.4200339057916905 0.233306019317378 0
1785 0.07600311623873848 0.5570587992292444 0
1786 0.4464979118983146 0.2769387038656748 0
1787 0.6379785508560554 0.04610267796392769 0
1788 0.01819756433897627 0.669279256344034 0
1789 0.2523825816918406 0.4304539830538654 0
1790 0.2399346325006367 0.3199474184923458 0
1791 0.0438315819409547 0.6823279941742612 0
1792 0.2553941990232658 0.3113336608677905 0
1793 0.457431615658892 0.1439600447789959 0
1794 0.1584532447781332 0.4423325441323248 0
1795 0.1851975252002967 0.5127892899556726 0
1796 0.3831331941271583 0.1801403460347344 0
1797 0.09175840571669433 0.6366029266862364 0
1798 0.5007078149152503 0.1866399463938366 0
1799 0.4550464794391569 0.2243745524599224 0
1800 0.2982703960770405 0.3654791151234759 0
1801 0.5861398939275935 0.01990282317821415 0
1802 0.2225999065775617 0.4302433793041764 0
1803 0.6013735093924383 0.04468608394612952 0
1804 0.2635864693644669 0.3433969920291439 0
1805 0.5020825211417538 0.05344899701784386 0
1806 0.4856546664103364 0.09666166250697808 0
1807 0.1283598591996507 0.4677006552878771 0
1808 0.2100527339876105 0.3861728562133591 0
1809 0.3581942360140276 0.1609152051459784 0
1810 0.4540768723175064 0.1909720569936152 0
1811 0.2695812808640163 0.2889136470472831 0
1812 0.257882456336496 0.264400281818519 0
1813 0.2860722870190652 0.3079613086297525 0
1814 0.4810883064672057 0.2079114133710403 0
1815 0.4506498323081043 0.06740921727401372 0
1816 0.331981226617962 0.27499078452378 0
1817 0.0891200833756795 0.4564802323777318 0
1818 0.5128275419909879 0.2155744739155017 0
1819 0.2258651941208727 0.2970216450718398 0
1820 0.4427886684659308 0.09585256024813278 0
1821 0.4074943069511182 0.2918160066716531 0
1822 0.3308659138592815 0.2463381340525312 0
1823 0.0438643099179352 0.6452491740570154 0
1824 0.1041617405082624 0.5520217481211417 0
1825 0.156524902737005 0.4902823906421139 0
1826 0.06855352597556569 0.6207896238434927 0
1827 0.3573363406660297 0.1882976158439612 0
1828 0.4124454973952794 0.1439830482640822 0
1829 0.4305618148996909 0.1169541810193942 0
1830 0.1098042754053872 0.4436276894941312 0
1831 0.1309401772996023 0.419495105413579 0
1832 0.5680016240312349 0.1152299351238203 0
1833 0.2633310329509 0.3655906080179078 0
1834 0.1811006148426498 0.4656871412730733 0
1835 0.4826097535445124 0.1708126108877641 0
1836 0.1028312868155384 0.5832246247191775 0
1837 0.01329456174327078 0.5868384070835997 0
1838 0.2859943538474353 0.4394456104249673 0
1839 0.111606648698895 0.4962685573594011 0
1840 0.5607995014665925 0.1626060781843051 0
1841 0.4835653577432401 0.2401240421756552 0
1842 0.04547566111531561 0.5380168173337063 0
1843 0.3224588532513965 0.3782745047032351 0
1844 0.139365878718117 0.4041561241608944 0
1845 0.3791850738989377 0.1421549798025695 0
1846 0.4737104438133127 0.1959170072992911 0
1847 0.6271093421281201 0.09944969823316019 0
1848 0.211731306728583 0.5158666924345181 0
1849 0.3735172123338882 0.3559515017583148 0
1850 0.4352209235154476 0.1678196106819651 0
1851 0.2227750550742374 0.4146147023255971 0
1852 0.4017149015264153 0.3250040211776204 0
1853 0.4073486611282796 0.2009321644374334 0
1854 0.2693270085084173 0.4286598401198882 0
1855 0.6685579498915288 0.01414555169751624 0
1856 0.3877509266217828 0.1550938305672708 0
1857 0.139762291149567 0.5365720194467193 0
1858 0.08572170905205956 0.4961894220717278 0
1859 0.3126599386846988 0.3244991595896529 0
1860 0.1777437717651654 0.4990966781258717 0
1861 0.177421896650957 0.3402460310649478 0
1862 0.09483118076388773 0.5210893521467195 0
1863 0.6825334870004538 0.04672325816164361 0
1864 0.151112414878778 0.5706643378653399 0
1865 0.01469091534839141 0.6499031175285284 0
1866 0.380305287917975 0.3006949528051017 0
1867 0.4451695682854129 0.1126283947250093 0
1868 0.2615642058083978 0.2931058515748353 0
1869 0.4991920761582245 0.099921904222404 0
1870 0.4199118692303108 0.09598443869136214 0
1871 0.3778529743651156 0.2056065058745952 0
1872 0.2969616352894571 0.281253661955533 0
1873 0.1455164434236355 0.3749376731679467 0
1874 0.2762351206408538 0.2406529713127314 0
1875 0.03035947689315387 0.4882387154875814 0
1876 0.468835294584151 0.2211181020523539 0
1877 0.3386539207860582 0.3289421684556945 0
1878 0.5594215231295014 0.06890783828182627 0
1879 0.4478538812018049 0.2405423721106326 0
1880 0.1001469900079289 0.4510810735688062 0
1881 0.08961461683627564 0.428557134558087 0
1882 0.5278437573288502 0.1485028428386113 0
1883 0.5955520004699911 0.1317856279898346 0
1884 0.4075112189334895 0.1531721081996773 0
1885 0.0402731335025077 0.5249350788768739 0
1886 0.1427833917325527 0.4170862643417511 0
1887 0.2343371454751157 0.4950143479276922 0
1888 0.6488155568375518 0.07905844746439145 0
1889 0.4707675550914701 0.04701373480617976 0
1890 0.5986153198583772 0.07779994377331535 0
1891 0.3113823005869921 0.2715698217465522 0
1892 0.06942786515984362 0.4516683558994866 0
1893 0.3851356690212944 0.2715460189772538 0
1894 0.198994669770769 0.4096805436265167 0
1895 0.3080526384151588 0.2927375220394252 0
1896 0.527949675584815 0.1168343089289171 0
1897 0.5170077151041796 0.132019550508868 0
1898 0.05525065331632072 0.5641471777228975 0
1899 0.1624315355412708 0.3828402693055976 0
1900 0.1801282866241829 0.3830162702716071 0
1901 0.1187420333776152 0.6112282846237531 0
1902 0.4634951085509874 0.1211116092033752 0
1903 0.1196407221140538 0.3987704615061631 0
1904 0.1210393798004034 0.522784535616735 0
1905 0.4036412284667636 0.2599683369596236 0
1906 0.1876063864125163 0.3314779474690446 0
1907 0.3437910735305436 0.2333432218696464 0
1908 0.009186649652062425 0.7277102176728426 0
1909 0.7292499026130284 0.008677682047363609 0
1910 0.2845107380952319 0.2524882965077408 0
1911 0.4372947355350557 0.2872425289088256 0
1912 0.1966982979296381 0.3598667135587626 0
1913 0.2568317653075711 0.4453668365865465 0
1914 0.38963315408803 0.1321380011349692 0
1915 0.3258571640150639 0.3151718807008358 0
1916 0.5069000726079774 0.07329935906477555 0
1917 0.2313346622024075 0.4662881207242884 0
1918 0.3549762092452701 0.2585629722371925 0
1919 0.6325102884700757 0.06583985967125394 0
1920 0.2333974981637204 0.2828648088033121 0
1921 0.6215554940903186 0.0157936717201634 0
1922 0.2443796412501953 0.2732427882965212 0
1923 0.3381882049542312 0.3898485514771861 0
1924 0.3126599438592595 0.2040855766133716 0
1925 0.4720512430525737 0.258060334973148 0
1926 0.3673717613664521 0.2152105496841374 0
1927 0.3220454054070514 0.4095672264941848 0
1928 0.5342590023841031 0.1917028031517382 0
1929 0.4916518917859281 0.02796336224385153 0
1930 0.4628566030965655 0.07770059802557686 0
1931 0.4404018375957578 0.07735702931179406 0
1932 0.1595337713441581 0.3567946794481695 0
1933 0.5347612069075244 0.05350910611549962 0
1934 0.3261641251737405 0.2233687213894689 0
1935 0.3766713889965414 0.3265816159866887 0
1936 0.4357322163454274 0.2638119407650658 0
1937 0.4963190102436018 0.1363048173805638 0
1938 0.205864088269342 0.3113606438328954 0
1939 0.06367650812097228 0.5162031004285499 0
1940 0.01287430611640781 0.5229908469620003 0
1941 0.3406192681595789 0.2047221405602925 0
1942 0.2918537435099147 0.4055243071381321 0
1943 0.1008263457312701 0.5031718502075216 0
1944 0.4303474033372132 0.2356200433818763 0
1945 0.3278455573496858 0.1838156624640736 0
1946 0.2815314327128822 0.3258395565874971 0
1947 0.05666522726648744 0.6778031849741846 0
1948 0.5786938038037168 0.06954789539801255 0
1949 0.0895124209046301 0.5083637684449158 0
1950 0.04825523202667252 0.4702293999341878 0
1951 0.07892955227564741 0.5928060849670806 0
1952 0.2376019298259835 0.4313763096696951 0
1953 0.619690297074817 0.03617479306991891 0
1954 0.6591057011597524 0.07036061872770198 0
1955 0.1815995999925989 0.5484501180897537 0
1956 0.2842527214063124 0.2309846246907615 0
1957 0.5636134226115954 0.1415960613276954 0
1958 0.4567251085151887 0.1680394498431938 0
1959 0.1614767183101401 0.4715993642468986 0
1960 0.3280171632853457 0.2944514201334351 0
1961 0.2994388988848972 0.331486710921933 0
1962 0.6798332202342841 0.01586385465234581 0
1963 0.6891677578265899 0.03769711291784909 0
1964 0.3749884322841045 0.2270064489392009 0
1965 0.3763254483798081 0.1653182718923721 0
1966 0.292442343150248 0.3852511145747653 0
1967 0.4792504487137629 0.07036266704331232 0
1968 0.04694645989796348 0.6042197309212893 0
1969 0.5289009201039687 0.1702361070130304 0
1970 0.6366189433384464 0.01546589661769277 0
1971 0.1492912820885399 0.5812733319003613 0
1972 0.06021861557508158 0.6379076352051208 0
1973 0.2403690884501417 0.3527404776773733 0
1974 0.5380514230191068 0.07544550539213532 0
1975 0.1003012291927858 0.4835171988268502 0
1976 0.2167835079403651 0.3412803990119682 0
1977 0.2208736794248463 0.4459159096048504 0
1978 0.0748478842983458 0.6546534678472669 0
1979 0.1172327249511568 0.5789083355312181 0
1980 0.2674387973933066 0.2503279738089217 0
1981 0.2503861293575657 0.2989007092454189 0
1982 0.2365287505914251 0.4001334335340807 0
1983 0.1028410682363362 0.6040749845785657 0
1984 0.3455762544661059 0.3592216613782058 0
1985 0.01526819126622762 0.5665711775493436 0
1986 0.4198440997870292 0.2478463016690429 0
1987 0.2192975649507957 0.3589245529026781 0
1988 0.1023822022860747 0.4124296804709118 0
1989 0.4061335360106879 0.1103024022483477 0
1990 0.2836173227184092 0.2676469789337558 0
1991 0.1990161877899413 0.3775937392354014 0
1992 0.3841656157050863 0.3464834171084207 0
1993 0.2061264786740635 0.3320332339102532 0
1994 0.3943939490005378 0.2152771487646537 0
1995 0.1701694326555623 0.5199256357937656 0
1996 0.2403893921147419 0.4825683362712673 0
1997 0.3996556338292661 0.1845238608686518 0
1998 0.2964214220271102 0.4274310439995268 0
1999 0.08514686177433511 0.4707701888789565 0
2000 0.1618416837098212 0.5400967358829396 0
2001 0.3488837575422843 0.3772983638888566 0
2002 0.01339569232032571 0.6286949679894526 0
2003 0.3904313353209851 0.2904222455186009 0
2004 0.3013503400013701 0.2409190301377763 0
2005 0.03083916717341 0.6978026138673441 0
2006 0.4812484173216967 0.1497188357749771 0
2007 0.3934434326335041 0.242124195152981 0
2008 0.5778367985087436 0.1524337187266939 0
2009 0.03799727966447465 0.624300795373787 0
2010 0.5049744441444755 0.1575656835529447 0
2011 0.1697964235768204 0.4159542654219425 0
2012 0.4893962516268942 0.0828680650823737 0
2013 0.2497951523995418 0.3912097502219547 0
2014 0.2454129564446759 0.3440607630150294 0
2015 0.3008928178234538 0.2158305200127478 0
2016 0.605521733359488 0.01622682256543757 0
2017 0.0153139526115046 0.6908951958636449 0
2018 0.6719738303662995 0.04294743961837981 0
2019 0.2759790212060808 0.4505569780084303 0
2020 0.175712038698875 0.4465225214335835 0
2021 0.3585766762439369 0.3449197229593914 0
2022 0.4361185046203389 0.1875656374079196 0
2023 0.3091584168049735 0.3900789241983361 0
2024 0.1430087687488621 0.4967894746849105 0
2025 0.3362566503034143 0.2566420669899811 0
2026 0.5133311969627018 0.0280422332453293 0
2027 0.5459563114228005 0.1611999965993929 0
2028 0.2715426206612399 0.37922531165094 0
2029 0.186708257463832 0.404339634481274 0
2030 0.5347231844135963 0.03044980183987189 0
2031 0.6527155561416489 0.05130819869733049 0
2032 0.2264564347586437 0.3846331950313747 0
2033 0.1958557166953627 0.4235035256107864 0
2034 0.1696914699670941 0.3657851011020052 0
2035 0.480660450107495 0.1278269095926539 0
2036 0.2147111500514473 0.303271098501682 0
2037 0.6446386357206134 0.03215804070934473 0
2038 0.5773250559423636 0.1285225757393073 0
2039 0.258837682875227 0.2811707452567354 0
2040 0.009452084062443642 0.5340316149293663 0
2041 0.4361569400298121 0.1459929449318743 0
2042 0.1454666484995544 0.4420550315107196 0
2043 0.4218159944417428 0.1908418590929338 0
2044 0.3473795045166418 0.1695438261936331 0
2045 0.4185578395260857 0.2774366696916502 0
2046 0.2518924091728161 0.4674669483571641 0
2047 0.2017258773962884 0.4563989286659701 0
2048 0.07241159660760085 0.4988077076690201 0
2049 0.149045904650049 0.512067377655148 0
2050 0.3381643988232338 0.2199392531148892 0
2051 0.09477335518793835 0.4210655056675839 0
2052 0.5879351318481119 0.04970345133271752 0
2053 0.5680625679262973 0.09013034339984899 0
2054 0.5411030429367641 0.09934611312044633 0
2055 0.02587555180785035 0.5160177040539811 0
2056 0.2132228856163879 0.3210418452349587 0
2057 0.02262941454765534 0.4987161501645144 0
2058 0.03517936105248792 0.5454403696394267 0
2059 0.03513263500341969 0.5673579065576391 0
2060 0.08444245382332424 0.5776255845800643 0
2061 0.5279667305129561 0.1062700425914837 0
2062 0.5430293843501778 0.1286002807579233 0
2063 0.607276295202421 0.0581742129889656 0
2064 0.5004441790558245 0.2272697103033819 0
2065 0.6383595571016961 0.08951182611205319 0
2066 0.2518482047830483 0.37404478238878 0
2067 0.5515907423909182 0.1141077989974937 0
2068 0.1515187498181333 0.5557842137068245 0
2069 0.1535151381148529 0.4010765901153695 0
2070 0.2661848451824717 0.4031370721554027 0
2071 0.2111340797499704 0.4744942720388224 0
2072 0.3365220752270496 0.177934923766619 0
2073 0.3552308535997011 0.2431274515092515 0
2074 0.08520650925144248 0.6460163844029561 0
2075 0.5078684760038603 0.0446606303435071 0
2076 0.2504852019189003 0.4157490335984829 0
2077 0.4653537451673341 0.2703042690126889 0
2078 0.03110933473386629 0.6756067774174921 0
2079 0.2394312710034815 0.2908051104538467 0
2080 0.2260108919385203 0.3152944188680712 0
2081 0.1074786558967156 0.4625281628269709 0
2082 0.08075475989330914 0.6277761169445882 0
2083 0.2087380466718914 0.4272743361590334 0
2084 0.009156178378849153 0.5747377066552767 0
2085 0.2634862193697144 0.3230527687675774 0
2086 0.03124895037045242 0.6538085318857689 0
2087 0.1340374607395355 0.5691815619667735 0
2088 0.5671439265968105 0.01704674824454108 0
2089 0.5558274836232635 0.04687260972474767 0
2090 0.2716944543132004 0.2668059847329718 0
2091 0.04162220352210051 0.4949434532162386 0
2092 0.3129913417984725 0.4046469431427502 0
2093 0.0577026888354962 0.4832712677646225 0
2094 0.4704700230374295 0.104165437822448 0
2095 0.4496191123738688 0.2131876371609771 0
2096 0.1679671880199342 0.348446651292327 0
2097 0.2035415995386723 0.3976163588440097 0
2098 0.4144975594540402 0.173559536330577 0
2099 0.15692528823008 0.3713593322037695 0
2100 0.4889944716723451 0.2001669765115672 0
2101 0.0814281721086505 0.5259129002325273 0
2102 0.3954566529296398 0.2290986347711167 0
2103 0.09314226569857575 0.5526686942919544 0
2104 0.182727838667817 0.35183615098617 0
2105 0.3394024950767244 0.286332670169298 0
2106 0.2972495199096661 0.3010387644935127 0
2107 0.1196867608794832 0.5524482223081224 0
2108 0.6018133754241634 0.1149213943246493 0
2109 0.5119632978120072 0.172578354760045 0
2110 0.4173247123899923 0.1199880773977438 0
2111 0.1223016214330496 0.4215986275917433 0
2112 0.2784244520816151 0.3408025896958047 0
2113 0.3500630615601468 0.1956571833186137 0
2114 0.1092044119584113 0.4067389100152942 0
2115 0.412612539120306 0.1016874328274544 0
2116 0.3136110347804979 0.225772730433462 0
2117 0.05877366822631874 0.4610532253666035 0
2118 0.4607517256375888 0.05725950138806687 0
2119 0.2922081673868646 0.3504887925278244 0
2120 0.4203052627436286 0.2184060499579995 0
2121 0.536274390379394 0.01155939500969381 0
2122 0.1922799432590212 0.5431577806301655 0
2123 0.024871357886655 0.555523231515427 0
2124 0.05782132787596683 0.613493598461565 0
2125 0.6639422859020855 0.02418436238557634 0
2126 0.3182943107512655 0.2512013710472457 0
2127 0.412371242027382 0.3123987654342603 0
2128 0.4901677608871955 0.2173088374992474 0
2129 0.0714297007873767 0.5395878203857196 0
2130 0.5519362054960216 0.03047666674166049 0
2131 0.2794673455679689 0.2945924196453761 0
2132 0.05660267976835558 0.5332590634051961 0
2133 0.224255240465558 0.5071376348462483 0
2134 0.3727305333255864 0.287477188209863 0
2135 0.5259970150804005 0.0673522784322685 0
2136 0.4082924600553944 0.1358596943949243 0
2137 0.09984999599844491 0.4352388818792513 0
2138 0.325277305714348 0.2119265896984175 0
2139 0.595247709145811 0.03321060182786394 0
2140 0.3400955399028014 0.2436940357782017 0
2141 0.04799666432835417 0.5107296973172297 0
2142 0.1889584040484428 0.4950561786162077 0
2143 0.197349085206749 0.3213574336806496 0
2144 0.07409766093183265 0.6072501844132376 0
2145 0.1107512257943681 0.5238609114607052 0
2146 0.3276784716605503 0.3534016738178412 0
2147 0.4947854106317807 0.1146399236977549 0
2148 0.4599032769619431 0.09410266115656543 0
2149 0.04609532707779785 0.6625802231501429 0
2150 0.6192472904671993 0.08614613104177681 0
2151 0.1363336672293327 0.481913732502798 0
2152 0.7177807815392688 0.01335510494601311 0
2153 0.4070188326334153 0.2308280926016068 0
2154 0.57966080265751 0.1061667828493328 0
2155 0.1035799676743901 0.5660669013267214 0
2156 0.03879733048507909 0.478884255955024 0
2157 0.1363931312843247 0.3773459680705911 0
2158 0.4913951435714139 0.0457108361825623 0
2159 0.5762233919003313 0.03619939434223905 0
2160 0.1334072557935225 0.4308826606179385 0
2161 0.4208893332134542 0.1425479348196344 0
2162 0.1293407644308389 0.4463262680647231 0
2163 0.4310202404618768 0.1300140390801269 0
2164 0.5146637241926327 0.1975799322229647 0
2165 0.274617414900465 0.3149578362415786 0
2166 0.3578973192523121 0.3171890541669653 0
2167 0.5712243304864988 0.1634280156625745 0
2168 0.3519107331343959 0.2793584339138263 0
2169 0.3440241466475346 0.2954065695806697 0
2170 0.1299094003356372 0.5032135003553603 0
2171 0.1675986723079921 0.4401467403490362 0
2172 0.4733452822665672 0.1420984238780831 0
2173 0.3291041545345781 0.4017848015020713 0
2174 0.04983464725844368 0.5474441442991773 0
2175 0.390285179606445 0.3129900606378971 0
2176 0.375333004167185 0.2513302841923358 0
2177 0.2199840979249215 0.4908085895874721 0
2178 0.06112285403783475 0.5902680661201816 0
2179 0.5849261522087652 0.08388111660054141 0
2180 0.008995505684196306 0.6407237551241221 0
2181 0.1568062691800755 0.4291757930627491 0
2182 0.233537385451954 0.3676280946414822 0
2183 0.1293713646157669 0.6051214377029486 0
2184 0.5120438466690902 0.08846719233746354 0
2185 0.4476903937381498 0.2545713862232736 0
2186 0.3048342741042351 0.3121268983715234 0
2187 0.2919775436661853 0.2181131581605643 0
2188 0.3876392202045275 0.2282492023587956 0
2189 0.4322760365151574 0.2038725312327613 0
2190 0.3652197619445743 0.2357064498282977 0
2191 0.2113159961530278 0.4030417380413928 0
2192 0.1675382701889306 0.8296624994542965 0
2193 0.8325163431589507 0.1704688871553608 0
2194 0.7070985645631807 0.2920414324879587 0
2195 0.2906369389478686 0.7014592360016818 0
2196 0.5800247986188584 0.4215195714400289 0
2197 0.4104412133320238 0.5790121001761394 0
2198 0.4642827420027916 0.4582090349868378 0
2199 0.5485747656428485 0.5242207133045576 0
2200 0.8163018214715292 0.2727089109565033 0
2201 0.725293239896987 0.1782954313330603 0
2202 0.2723233767312678 0.8189966126174665 0
2203 0.1793246081951403 0.7260838808452199 0
2204 0.2065582414904064 0.9066776786081882 0
2205 0.7976742276297644 0.08668113013482086 0
2206 0.915551929378868 0.21147690561262 0
2207 0.08808566184318362 0.7894694511042877 0
2208 0.6855128466626135 0.4048389442049479 0
2209 0.5938262269489771 0.3120019652121618 0
2210 0.3985145766583361 0.6873777743805324 0
2211 0.3128139848722636 0.5938395847557115 0
2212 0.5104931441264134 0.606189633105205 0
2213 0.4967392715775142 0.3820335977848541 0
2214 0.3811909237871285 0.499003790164027 0
2215 0.6385545724452731 0.4899030805901448 0
2216 0.7697989996511647 0.3567711215316542 0
2217 0.6508862043794037 0.2250471232127114 0
2218 0.358753862587138 0.772670481112854 0
2219 0.2250456355860758 0.6505951090049326 0
2220 0.1432596216759883 0.9423022458199322 0
2221 0.9419809801818102 0.1437104770239261 0
2222 0.940302048963623 0.05438967823691189 0
2223 0.05997106730509624 0.9460473634547936 0
2224 0.4723248743772167 0.6790279839553751 0
2225 0.734101299024388 0.1145418028383965 0
2226 0.2683652245246964 0.8848458766248877 0
2227 0.1135920422309351 0.7311283462336666 0
2228 0.7781267468735822 0.2160621208776072 0
2229 0.2222628875958878 0.7817820502744366 0
2230 0.6601430670690349 0.3393572477118553 0
2231 0.3411905743906449 0.6605299834226894 0
2232 0.5301618206721495 0.3180492791474198 0
2233 0.3179798431257735 0.5305542062128378 0
2234 0.5340184227986576 0.4643557508756964 0
2235 0.8844158079450112 0.1483553759967666 0
2236 0.1153219351699612 0.8518611510001693 0
2237 0.4348422157075154 0.399435276898191 0
2238 0.6945514579055402 0.4622359109387438 0
2239 0.5767368850550074 0.5944905026113279 0
2240 0.841058172183801 0.1123429542928072 0
2241 0.1600336524581379 0.8889526226369424 0
2242 0.7552181505505424 0.4097296044752775 0
2243 0.593694235494443 0.2498391332033609 0
2244 0.4100605800973153 0.7566476549066572 0
2245 0.2424574535711909 0.5915784011237365 0
2246 0.6167172001918105 0.5457688786955839 0
2247 0.899358845273676 0.04766191720300524 0
2248 0.1004246364266911 0.9541253567102607 0
2249 0.9532482268398286 0.1028056062302407 0
2250 0.04654369476207105 0.901087178844252 0
2251 0.8313972177591235 0.3368164090857632 0
2252 0.669451489939673 0.1688706501800633 0
2253 0.3356687218238688 0.8317327897031922 0
2254 0.1684874364430253 0.6696193384646496 0
2255 0.8394671588940291 0.2257237032175715 0
2256 0.7693796913852627 0.1606615761524898 0
2257 0.2310093470596911 0.8393451559460802 0
2258 0.1626637107512642 0.7753104003437213 0
2259 0.3873032429587715 0.4382777549477222 0
2260 0.5721164238213036 0.3604417956289121 0
2261 0.3643883571118791 0.5665593321773906 0
2262 0.6406323715417019 0.4299725776636303 0
2263 0.194362176667501 0.9562033557984624 0
2264 0.7813066984838208 0.041806673959355 0
2265 0.04437732548671623 0.7787466376866706 0
2266 0.9588702560728413 0.1918395581689041 0
2267 0.4290235163752519 0.6379917580876735 0
2268 0.7588612695393093 0.2713040834474529 0
2269 0.2689935937658521 0.7583107703069465 0
2270 0.7125808905402667 0.3506927203272043 0
2271 0.6519603968956154 0.2884816539116059 0
2272 0.3513414523777123 0.7133204392157079 0
2273 0.2873010176830112 0.6533560281231071 0
2274 0.6971433832998505 0.241467148905444 0
2275 0.2385958880158077 0.6984701920886848 0
2276 0.4317225651486763 0.5248388649220974 0
2277 0.6170833632249195 0.3832756955712505 0
2278 0.3799338326382277 0.6229216281625309 0
2279 0.5827920682104316 0.468605282206336 0
2280 0.9466878658796907 0.2360905072520481 0
2281 0.2359846392051983 0.9428675367078859 0
2282 0.8197878395299369 0.0400560115008753 0
2283 0.04199782774648708 0.8290858534090427 0
2284 0.4617408205102175 0.7236255998303147 0
2285 0.5205141187801111 0.6593050175215602 0
2286 0.5298576608449134 0.4165207422107307 0
2287 0.7467302631035984 0.07185230079773899 0
2288 0.07132181159399882 0.7458038657201431 0
2289 0.463674051437078 0.579869649981095 0
2290 0.5211951034714846 0.5611763576160022 0
2291 0.2803938187034249 0.5438768415713915 0
2292 0.4840341054399462 0.3397497396286773 0
2293 0.3318128358815895 0.4829629415055386 0
2294 0.8747104305955304 0.1855011372556641 0
2295 0.1256331260112866 0.8138804370699357 0
2296 0.8678578655103738 0.31754879211304 0
2297 0.6853715037721392 0.1337742924545395 0
2298 0.3126373752152141 0.867141730187891 0
2299 0.1310288638683241 0.6902498704462371 0
2300 0.7893070829774801 0.3102507632126429 0
2301 0.311095432619707 0.7891341843960969 0
2302 0.6770495961336681 0.5066620826842926 0
2303 0.4816198470094428 0.4267569629649687 0
2304 0.4229410079005218 0.4792566235883466 0
2305 0.4990077644164038 0.4968984953902901 0
2306 0.7905353364971419 0.3940967968182902 0
2307 0.6010732430061634 0.2075559460000729 0
2308 0.3940801747426699 0.790951645100664 0
2309 0.2069599327051701 0.601774375647213 0
2310 0.9686625224311666 0.03140948980060801 0
2311 0.03184441141295493 0.9710113226279941 0
2312 0.8010202030321962 0.1270960151285128 0
2313 0.1988314400800872 0.8747136108269857 0
2314 0.448942741479608 0.3631941876733341 0
2315 0.7321043099055771 0.4511796016823864 0
2316 0.9150570978482478 0.1723523617017491 0
2317 0.08553297023584747 0.826712667868404 0
2318 0.1679931308967394 0.9673238610324247 0
2319 0.9678466191651367 0.1678858847430071 0
2320 0.1336666140908302 0.9670629816763441 0
2321 0.870009996177221 0.02982126262202327 0
2322 0.9682688906162685 0.1279526732640413 0
2323 0.02803337777008221 0.8696453021927305 0
2324 0.464732062197542 0.6340662228667161 0
2325 0.5487436739545971 0.6303224951316319 0
2326 0.7413260491652964 0.3210606632853573 0
2327 0.3210717319925861 0.7409572957151946 0
2328 0.8738639280776683 0.09326227795986021 0
2329 0.1306943914778448 0.9096427729653944 0
2330 0.7408154396727007 0.2152364222355451 0
2331 0.2220079797136622 0.7416908495450659 0
2332 0.5910097457144282 0.5163936486251013 0
2333 0.9246620765428752 0.03190061146592416 0
2334 0.9735898803715707 0.07226805694960012 0
2335 0.0790233371529812 0.9686940694726378 0
2336 0.02611087686381586 0.9264257522724176 0
2337 0.8236188780613501 0.07259868244713158 0
2338 0.1734736785319335 0.927008949778361 0
2339 0.3864541717175948 0.5463688461597518 0
2340 0.8813899832610238 0.2366167063559067 0
2341 0.1259334438927287 0.7663492875079025 0
2342 0.9077192661972731 0.1276927779484955 0
2343 0.09205729217658433 0.8726303712769751 0
2344 0.7654250648197227 0.113595150611865 0
2345 0.2374071165319386 0.8829163437684722 0
2346 0.9225621087343493 0.2700652990813184 0
2347 0.2705208735394453 0.9230445515568177 0
2348 0.218462582154295 0.9645429046415268 0
2349 0.9633895209385811 0.2200727421536059 0
2350 0.6057357489336885 0.5848846234145562 0
2351 0.3804333611514593 0.6529246498361561 0
2352 0.6482186927232276 0.5385573948730287 0
2353 0.4579056540555101 0.503352006130906 0
2354 0.6610944671572687 0.383801138356039 0
2355 0.6157289769941681 0.3384323041560603 0
2356 0.3556369620443207 0.4489679746376171 0
2357 0.5262685099669734 0.3543710300913261 0
2358 0.6859128223474641 0.2023947232321422 0
2359 0.202004940383074 0.6857514642424114 0
2360 0.3396289736630743 0.6159788938461792 0
2361 0.5167911200864346 0.5287141604767437 0
2362 0.4283212189090008 0.4438611221423133 0
2363 0.399527600573682 0.4042756056087578 0
2364 0.9240794865624756 0.08309798138012776 0
2365 0.07595753919940021 0.9178275673320121 0
2366 0.7923818719667388 0.1892945322854646 0
2367 0.2063521776528333 0.8103166891500155 0
2368 0.7381219564198092 0.3787174434673986 0
2369 0.6294406357525217 0.2624783298615064 0
2370 0.3773464532516832 0.7378443744138368 0
2371 0.2619911898326913 0.6290803514187076 0
2372 0.8073838197610252 0.2409993503813666 0
2373 0.2434506680455163 0.8101783144843968 0
2374 0.498979287387225 0.7062536369028967 0
2375 0.8176732333048119 0.3715688106849756 0
2376 0.6244483761116574 0.1776256841682192 0
2377 0.3707671600986026 0.8182741271895102 0
2378 0.1776257257283109 0.6244483964509064 0
2379 0.7562081686949756 0.1897099735654381 0
2380 0.1964139142629534 0.7586127200112802 0
2381 0.4455135610742015 0.6762076558609811 0
2382 0.8492783022375122 0.2651731929184838 0
2383 0.7397134271336604 0.1501448932170578 0
2384 0.260716783478661 0.8490003228627447 0
2385 0.1501259829607328 0.7429615216655364 0
2386 0.6776233165027341 0.2651093826832246 0
2387 0.2658578739516111 0.6806265138891504 0
2388 0.5863231012964227 0.5597162567706979 0
2389 0.356601600734696 0.5287951421714115 0
2390 0.5558104969492418 0.488872740100794 0
2391 0.6759915473002677 0.4392487002061562 0
2392 0.5636464844946989 0.3261398711342819 0
2393 0.3275422888481508 0.5649164513505122 0
2394 0.6920700884934947 0.3301235523559486 0
2395 0.3279433940505245 0.6859303128898235 0
2396 0.7170475964426025 0.08639541531930775 0
2397 0.08679357936033434 0.7108374164506139 0
2398 0.8431547386432123 0.02771461770288997 0
2399 0.02848070823392361 0.8434622698719404 0
2400 0.8540789690460172 0.1485700832900379 0
2401 0.1459311009971 0.8514308334866815 0
2402 0.9044965841684518 0.3012418779007813 0
2403 0.2954922353835261 0.900360530021469 0
2404 0.4970523915869775 0.4563116068216963 0
2405 0.6060466516310794 0.4436108018306868 0
2406 0.4479413522120534 0.5530986760164488 0
2407 0.7194597042868528 0.2624922613238252 0
2408 0.2656522406817223 0.7169257417688976 0
2409 0.5177179098818484 0.2839963227970828 0
2410 0.2907662085461287 0.5118874890010046 0
2411 0.5612102435428531 0.444566587873232 0
2412 0.5542344720437374 0.3933512192633051 0
2413 0.8874094466285307 0.0701162417345688 0
2414 0.1112475574246774 0.9315097173872074 0
2415 0.7195106751462939 0.423359444650851 0
2416 0.4434533824497357 0.7547126046878522 0
2417 0.4469576663627531 0.604138759922234 0
2418 0.9426933269101049 0.1689768967757789 0
2419 0.836574617635289 0.3106340587207578 0
2420 0.6917443233104209 0.1611542312506625 0
2421 0.3096107758133644 0.8370750312087003 0
2422 0.1608560341772655 0.6924005508920705 0
2423 0.9153273635916274 0.2310591665246999 0
2424 0.6595656388090746 0.4671393148524156 0
2425 0.5773350804297757 0.2799228855055659 0
2426 0.2846895239317795 0.5726109298890057 0
2427 0.4249142199884699 0.7107225774460041 0
2428 0.1192593635788048 0.8842213554670274 0
2429 0.8810261904712006 0.1158186667631045 0
2430 0.7965527196468102 0.03009060838203406 0
2431 0.02231744433180556 0.7966033923079857 0
2432 0.05812002767574728 0.8049392227676873 0
2433 0.7461563146138972 0.04339389060658008 0
2434 0.04341476728363657 0.7453879606175615 0
2435 0.557294331451467 0.2441734490469801 0
2436 0.2512338368122792 0.5556208641123144 0
2437 0.07135887178465276 0.8921700569892956 0
2438 0.9287048189986444 0.1082283893872253 0
2439 0.7035328421014142 0.4968077056175765 0
2440 0.4172419232341021 0.374673874639005 0
2441 0.2386159254245457 0.9153341175723018 0
2442 0.8910106838270299 0.02104703761890854 0
2443 0.1075470673025781 0.9761130052596529 0
2444 0.9757949509770238 0.1071036158086408 0
2445 0.02346771618802406 0.8922467177169793 0
2446 0.4727064503299403 0.3951198034989374 0
2447 0.7720096950369417 0.02204132332282794 0
2448 0.02324765139022124 0.7724154835158653 0
2449 0.8622778680231393 0.3493211543718065 0
2450 0.6554484470238939 0.1423873572283345 0
2451 0.3415844773928676 0.8658614574755041 0
2452 0.1407245568663947 0.6542852764833094 0
2453 0.5318732796551288 0.5970342108073373 0
2454 0.8288964308952781 0.1986975114940501 0
2455 0.1712592445618127 0.8021206856993881 0
2456 0.3596692127082894 0.6821283161884049 0
2457 0.6823249945976252 0.3620875441301124 0
2458 0.583587082314008 0.6182196009277042 0
2459 0.9210139789975728 0.05998737915557253 0
2460 0.07844299779652968 0.9411479588571805 0
2461 0.3815375906941741 0.5866233224184302 0
2462 0.6162878187491253 0.4065243646665466 0
2463 0.6391866738620298 0.3166436271352293 0
2464 0.4217736468967355 0.7825864903844054 0
2465 0.7844997686494013 0.4229335218260858 0
2466 0.8053294544956352 0.05739442770585837 0
2467 0.4083809878100423 0.6096576093210065 0
2468 0.3175893715088173 0.6412542731235793 0
2469 0.5880023463764612 0.3897945633452274 0
2470 0.512877701542291 0.6922675866625351 0
2471 0.9515760605704321 0.02312193553611627 0
2472 0.976655260683872 0.05053004516998092 0
2473 0.04796794644544473 0.9766794178527365 0
2474 0.02336443887623478 0.9487672978497865 0
2475 0.7738504569733994 0.07438694202494202 0
2476 0.07018287973975959 0.7723518140984417 0
2477 0.579536208024018 0.2163178675320268 0
2478 0.2157973240334083 0.5819211340270948 0
2479 0.799475479060347 0.3411335296759446 0
2480 0.3404746427650056 0.7983581693606858 0
2481 0.6308880996609072 0.5696855955979859 0
2482 0.6290338038033514 0.519414521993002 0
2483 0.7794759042817536 0.2513565464012625 0
2484 0.2451081655023991 0.7771850389746049 0
2485 0.1831824288681061 0.9788213213151506 0
2486 0.9777211255970667 0.1814687892366387 0
2487 0.6506973988993634 0.1958581670090756 0
2488 0.1958174175804019 0.6506964270099764 0
2489 0.3092170142328021 0.4874180368239226 0
2490 0.4896783946132247 0.308808241499866 0
2491 0.3816535647435462 0.4632717249435116 0
2492 0.5524369519714408 0.5584113947137153 0
2493 0.06606018851597559 0.831972248068796 0
2494 0.1852998141017632 0.9052335318860215 0
2495 0.8192142832710347 0.09954899875167623 0
2496 0.704680582271756 0.3825487240196941 0
2497 0.6185794438364374 0.2929155718384028 0
2498 0.3835623478884008 0.7109201154302754 0
2499 0.2928273984141592 0.6190661545264458 0
2500 0.9396972715353313 0.2122216930378313 0
2501 0.2141177850027088 0.9399303964810836 0
2502 0.4926063036638323 0.5652337004620898 0
2503 0.6735984753034959 0.3048275079366671 0
2504 0.2977154124689971 0.6784273894083823 0
2505 0.5287617092637447 0.495801898600896 0
2506 0.149952114645467 0.9152698846968953 0
2507 0.5329494381899526 0.3850312448312019 0
2508 0.3675174548546112 0.4248617548500407 0
2509 0.6329168802390021 0.4672073730276298 0
2510 0.9458064756755218 0.118477067940509 0
2511 0.05403396070873671 0.8806229883277651 0
2512 0.8502086452531196 0.08741187046552865 0
2513 0.1193639564386078 0.9488357380062189 0
2514 0.8782454086562373 0.05184539460156832 0
2515 0.7836714643683335 0.2778943550817322 0
2516 0.2759565497758983 0.7877109260456227 0
2517 0.49043007729435 0.6475590308606365 0
2518 0.3415158955431467 0.5883128176788094 0
2519 0.8044279057119369 0.15919011817074 0
2520 0.1956671901559354 0.8411671102387254 0
2521 0.5883940002574117 0.3389379727944188 0
2522 0.6823298493787295 0.1045624290432621 0
2523 0.09592273311950938 0.6891483563669646 0
2524 0.4073509776619944 0.5026755574636502 0
2525 0.6613701357802833 0.2555707305132039 0
2526 0.2532267173680711 0.6563888734433782 0
2527 0.6622684791489768 0.4061625860940922 0
2528 0.7432104213097254 0.3427094129955521 0
2529 0.342159769100944 0.7442836886644425 0
2530 0.7351948137144938 0.2865137942087418 0
2531 0.2857039863702149 0.7339060460262707 0
2532 0.6699163133559799 0.2263133199957954 0
2533 0.2261807438346288 0.669708131002249 0
2534 0.4096683252885872 0.5482242334676927 0
2535 0.4103028455356322 0.6574534095067286 0
2536 0.4576185727014841 0.4248415013371572 0
2537 0.7645571714195818 0.4460963909603497 0
2538 0.7119933751241836 0.1376048662151757 0
2539 0.8574023145998392 0.2842907086996045 0
2540 0.2878286305840701 0.8615522083716722 0
2541 0.138436520213835 0.7149863296848188 0
2542 0.09464295477916866 0.7550268567192108 0
2543 0.7170391252048924 0.2121410716017541 0
2544 0.2094980797148771 0.7122056582948163 0
2545 0.5304550574849427 0.6320696886011039 0
2546 0.5534895130631159 0.6589011708926815 0
2547 0.7947220847724736 0.3688482047473692 0
2548 0.3694329733523742 0.7955097509788227 0
2549 0.8092446344134723 0.3105253715250073 0
2550 0.3089388719277949 0.808656064367397 0
2551 0.5497217382221808 0.2997030996969697 0
2552 0.2982762237598212 0.5528924000646763 0
2553 0.01996303907085709 0.8187494932540457 0
2554 0.8166902350593426 0.01978525226229409 0
2555 0.4695094933920684 0.3658818004097871 0
2556 0.9741434084820036 0.2419923304810914 0
2557 0.2399725730359417 0.9721424807111618 0
2558 0.4532262509204502 0.3289707007376557 0
2559 0.7466680477012457 0.09386828994329723 0
2560 0.7392184857591237 0.4846979664785478 0
2561 0.6066168670028356 0.4942309005573504 0
2562 0.8631947773488869 0.167332473142032 0
2563 0.1368466105989543 0.8326602746517594 0
2564 0.4577329382117212 0.6954962186069186 0
2565 0.4538827861342629 0.5268350381122653 0
2566 0.7674572389955359 0.3787987461113207 0
2567 0.6209888210304152 0.2330583398237182 0
2568 0.383817579562253 0.7648754673487662 0
2569 0.2322381395151031 0.6209558022952565 0
2570 0.9020262659428109 0.1875302838978174 0
2571 0.09831142767318277 0.8132010701143121 0
2572 0.4515118291314772 0.6563636977980145 0
2573 0.4009076913573493 0.636045850816608 0
2574 0.5150877037014654 0.3395514157206488 0
2575 0.8282836615315056 0.136712712438903 0
2576 0.171834244155731 0.8631135490743949 0
2577 0.6386507287036317 0.3612533373865653 0
2578 0.9298229936715227 0.1856425796177297 0
2579 0.5184332468668035 0.4467373911409684 0
2580 0.9462511268106177 0.263970206379407 0
2581 0.2621748232934057 0.9441682483249756 0
2582 0.9769434611561272 0.1424945199975188 0
2583 0.1483466168342538 0.973392070125022 0
2584 0.166381871334425 0.9461152855167925 0
2585 0.4883921779606983 0.6099711494165401 0
2586 0.3644788355582014 0.6387580763811376 0
2587 0.8402567259654706 0.05018960172454016 0
2588 0.4776286325008947 0.727676283997636 0
2589 0.7564100371441101 0.2491860170408314 0
2590 0.2420826137541046 0.7530605109159617 0
2591 0.9170058779490434 0.1436299341917508 0
2592 0.08209679693398977 0.8579703613621671 0
2593 0.718118682241497 0.3164738998088694 0
2594 0.3169705254609881 0.7165465100367197 0
2595 0.02000037207031381 0.9803092027013833 0
2596 0.9800395116693844 0.0199127737006614 0
2597 0.3294153689014225 0.4481965261284009 0
2598 0.8619366328396101 0.2119274591161819 0
2599 0.1409200098297453 0.7880879174162696 0
2600 0.7634019370400633 0.3304686728159994 0
2601 0.3288924181404715 0.7614463741548365 0
2602 0.6393276500252294 0.4065689993744226 0
2603 0.6977104869529389 0.4399510357366769 0
2604 0.8646097694753808 0.1243425387458278 0
2605 0.1355610607205071 0.8756337240325385 0
2606 0.08701315191212912 0.9786928325221415 0
2607 0.9121253691779891 0.0173472403670567 0
2608 0.9819684108788196 0.08890056304461427 0
2609 0.01958853730186828 0.911061234493415 0
2610 0.7334063802071217 0.3961864407311463 0
2611 0.6764139000758523 0.5381216532242423 0
2612 0.05033470034140845 0.8394270067527635 0
2613 0.05236149462323784 0.9259643844566611 0
2614 0.9491617946298636 0.07852908545737321 0
2615 0.3326757750789464 0.5120037815970094 0
2616 0.5949375727638961 0.3616106327049532 0
2617 0.2652029119979222 0.5212303568505733 0
2618 0.5303328096840259 0.2579464953648534 0
2619 0.4108756467483597 0.4241293669735355 0
2620 0.3630396368705311 0.5985868162881847 0
2621 0.7210199405412184 0.06316157599962953 0
2622 0.06342033551441154 0.7200373661749864 0
2623 0.8058824156859288 0.2217316884912959 0
2624 0.5088586427762801 0.58921080876786 0
2625 0.8424564800964749 0.1893480441444898 0
2626 0.1579034902346415 0.8108337997672108 0
2627 0.4480455733550868 0.485470501297078 0
2628 0.3417780988255626 0.551077933979468 0
2629 0.5590583186421872 0.4260224865450489 0
2630 0.1987013099047795 0.7847372996967739 0
2631 0.7648459174989098 0.2905846576417397 0
2632 0.2900163756605476 0.7656246659455617 0
2633 0.8464102569914838 0.3761006790402418 0
2634 0.1514234273648845 0.6229659843987471 0
2635 0.9789290673802685 0.2055926868006899 0
2636 0.2023790241161122 0.9791694816726741 0
2637 0.5997840175104645 0.269451223167864 0
2638 0.269761983198057 0.6019380339199447 0
2639 0.3597680434393317 0.4824343433547076 0
2640 0.8160523807330857 0.3981480197829935 0
2641 0.6039044095436938 0.1816862740582057 0
2642 0.3960182402456975 0.8171102048641448 0
2643 0.1816553022380538 0.6039017877493827 0
2644 0.3946977164635833 0.7288281001613353 0
2645 0.891022480186988 0.3230623225225796 0
2646 0.322601397231782 0.8924353221455315 0
2647 0.2423231865395205 0.8618098171428246 0
2648 0.7597140597574699 0.1374856135526075 0
2649 0.432710104184707 0.4996998615885468 0
2650 0.5834662909209735 0.5366137775787229 0
2651 0.8897882046365214 0.2018738323560997 0
2652 0.1100938351203123 0.7928910984602571 0
2653 0.3858328553685163 0.5671966766855895 0
2654 0.6610930849377178 0.3169012624791004 0
2655 0.911530142195191 0.07327664433294669 0
2656 0.08829836281463387 0.9273724193178359 0
2657 0.5348391325165783 0.543311148199718 0
2658 0.6505780007457461 0.5084504555494087 0
2659 0.321952734937179 0.6645799780916288 0
2660 0.6729045719878475 0.4858315773364828 0
2661 0.09085772553975549 0.7300866823273309 0
2662 0.8678135622868283 0.250062782390874 0
2663 0.1358331178985524 0.7500832677714344 0
2664 0.7761213151047831 0.09424241052056338 0
2665 0.8882303711892164 0.164053533820242 0
2666 0.1115283633251011 0.8362763258058765 0
2667 0.4789148234525857 0.5131626604378133 0
2668 0.7868837430926791 0.1138640144889343 0
2669 0.2111981922800618 0.888758644446848 0
2670 0.4501935068690766 0.5855151781869561 0
2671 0.7843616417828891 0.1334734917754128 0
2672 0.2191947708549032 0.8706504710093065 0
2673 0.412172647414029 0.4618328515957092 0
2674 0.504756216457962 0.5468426388582754 0
2675 0.6687525585898562 0.1218154272349062 0
2676 0.1137060557875973 0.6595885535118644 0
2677 0.7001209720828296 0.1199958950166988 0
2678 0.1208786883758988 0.7097202843223722 0
2679 0.2605753086163808 0.9063139700082146 0
2680 0.4739560164114273 0.4876924136777412 0
2681 0.719413422404776 0.2388184078882732 0
2682 0.9567560128907453 0.1518071009666985 0
2683 0.1482845970526629 0.9544089017136232 0
2684 0.466097665866595 0.5569296642730066 0
2685 0.5473714630014966 0.4765197088349611 0
2686 0.03894400939855291 0.9554514881511644 0
2687 0.9615807245221258 0.04347360531247135 0
2688 0.1957673146321706 0.9371040425865416 0
2689 0.5529389867727744 0.3461903036700487 0
2690 0.1718058031223089 0.9829111541532418 0
2691 0.9784272596785437 0.1697207046292994 0
2692 0.5476100399609957 0.6093159630107953 0
2693 0.8687350640248089 0.07851141936849716 0
2694 0.1306675275055953 0.9290727282298605 0
2695 0.5013517864853773 0.6734369643909996 0
2696 0.4311396747220801 0.6949924112286717 0
2697 0.5469451310137831 0.3677615565463078 0
2698 0.5958262682559029 0.6034008464042484 0
2699 0.8510242352239314 0.328835981846389 0
2700 0.6745655370566289 0.1506129461392582 0
2701 0.3255276208024795 0.8518024587261882 0
2702 0.1486546556874281 0.6754303463721856 0
2703 0.3963141478293531 0.4778568927885127 0
2704 0.9312647065511874 0.1319545674592193 0
2705 0.07002469623140054 0.8679182048742944 0
2706 0.8991474722201597 0.2554344379388011 0
2707 0.5711873354753658 0.3051189577929027 0
2708 0.3070568802698813 0.572035387629659 0
2709 0.5108454213736801 0.4826246280238364 0
2710 0.8600960225569372 0.01935320013837574 0
2711 0.01741703685062222 0.8571692553014293 0
2712 0.5714109982979493 0.2539455077116381 0
2713 0.2674526722405464 0.5670147149450718 0
2714 0.1225718417905081 0.987371504315789 0
2715 0.8758232304944474 0.01838007147299397 0
2716 0.9832813740556536 0.1220271537097538 0
2717 0.01664648138790989 0.8746617392716824 0
2718 0.580619817204012 0.4976736278122582 0
2719 0.53826776293056 0.6894206458786525 0
2720 0.7479074853405487 0.1697479603829579 0
2721 0.1721068695954975 0.7516546123165643 0
2722 0.8289447277324768 0.24991629192226 0
2723 0.2517774718560316 0.8295530646487704 0
2724 0.4165357274246457 0.7969964179654385 0
2725 0.7983419992602143 0.418888342011426 0
2726 0.07547559811326146 0.8152743083891906 0
2727 0.63464859124385 0.2118471916587484 0
2728 0.211671733870535 0.6346265022134806 0
2729 0.7972644690187594 0.2606523489623482 0
2730 0.2649463605721306 0.8023247371857868 0
2731 0.4663580451987362 0.3122209557416477 0
2732 0.5826745003912719 0.4446688235663001 0
2733 0.9265711959888401 0.2986963229876328 0
2734 0.05585660309436907 0.9617029325768721 0
2735 0.9435163296260587 0.0394104438425999 0
2736 0.4964664741184162 0.6325497846802305 0
2737 0.7824672964309571 0.01899690368441251 0
2738 0.02225600061582084 0.7843846695076788 0
2739 0.4335104814634442 0.359536817416695 0
2740 0.6983483346449116 0.2627989409322756 0
2741 0.258673427821381 0.7038716025901598 0
2742 0.4449106332209813 0.3807119141842312 0
2743 0.9851829411213386 0.0683568887779761 0
2744 0.9310192294100952 0.01057423207809184 0
2745 0.01480132759524417 0.9311049689633313 0
2746 0.06807202734750924 0.9884959280790834 0
2747 0.04669601372326924 0.8013792157917907 0
2748 0.8382281734291175 0.2833188067129631 0
2749 0.7177977433301612 0.1572898457140325 0
2750 0.2822962252133979 0.8403038117483312 0
2751 0.1575484722287438 0.7192170955279337 0
2752 0.7352091651308008 0.1978662646845404 0
2753 0.2014118732732143 0.7347184066597864 0
2754 0.1955643185879624 0.5764732113794316 0
2755 0.5759832107004116 0.1955388244407733 0
2756 0.9850354820469378 0.03968482767913461 0
2757 0.01501535192309637 0.9603952315223622 0
2758 0.9607160783998154 0.01412141335937123 0
2759 0.03921027488289693 0.9860566769738559 0
2760 0.7632511565481116 0.2100651334318217 0
2761 0.2191523317521029 0.7599997902166136 0
2762 0.5976522379387624 0.223472515770412 0
2763 0.221346954405048 0.5992848207813498 0
2764 0.7497956794844987 0.4622467561230143 0
2765 0.6074434718632635 0.468712456897844 0
2766 0.8874054081858574 0.09956188928671707 0
2767 0.1133300389670811 0.9011583963991078 0
2768 0.433714313384292 0.7326039195112315 0
2769 0.444310226024418 0.6280173430115689 0
2770 0.774783828646616 0.4017645372931546 0
2771 0.4057224302199591 0.7753662114788242 0
2772 0.3157056363023009 0.6173815363900829 0
2773 0.3693040113666232 0.5466645754106925 0
2774 0.4986892972731618 0.3627170361460065 0
2775 0.6521840784383272 0.5707459862834059 0
2776 0.2218863247732456 0.8180794007462944 0
2777 0.6168030682575442 0.315189823713973 0
2778 0.7409102495263716 0.4369208858455073 0
2779 0.3772345592566695 0.4052595228415177 0
2780 0.6833113439223167 0.3834163491663501 0
2781 0.7776045558456298 0.1817427605805365 0
2782 0.38968781034489 0.6810879267684622 0
2783 0.5856680883820573 0.5819716483145493 0
2784 0.8987403358362619 0.1107519253888782 0
2785 0.1013939753133125 0.8894769428332194 0
2786 0.7203767237736697 0.4685581382532016 0
2787 0.4028985415643357 0.3753926674491923 0
2788 0.4668545276895597 0.7588115146495032 0
2789 0.6107809818737849 0.5610314934518897 0
2790 0.9618808363771533 0.1140705131391887 0
2791 0.03599088820507681 0.8853681346001373 0
2792 0.50784676768519 0.3196001837943567 0
2793 0.8814931910398413 0.03720470144697434 0
2794 0.383216661981475 0.5247498881629371 0
2795 0.5646252989096531 0.5209214357093651 0
2796 0.6538497082858972 0.44114522934343 0
2797 0.8276737694895346 0.0540064015261528 0
2798 0.8167423166713913 0.3556431920046594 0
2799 0.3549959175196947 0.8167959863945683 0
2800 0.697754218028523 0.1861846447108989 0
2801 0.1861846442541452 0.6977542173337442 0
2802 0.6157484702327274 0.5278529025199978 0
2803 0.6273203047865141 0.5923653699410113 0
2804 0.0833713338858158 0.9590018364412484 0
2805 0.91707592985191 0.04305541308389521 0
2806 0.8826292679436373 0.340468325392379 0
2807 0.3406998506468072 0.8850784106443194 0
2808 0.3061034609842671 0.5062248831983466 0
2809 0.250516080705617 0.9301694350477199 0
2810 0.9329676579210457 0.249881303889479 0
2811 0.4077324120207126 0.5248049654119838 0
2812 0.5337602157172495 0.2475889367909865 0
2813 0.2477942873699663 0.5299613659391331 0
2814 0.966943135106245 0.08964221286001038 0
2815 0.0323886993060674 0.9114421234760361 0
2816 0.1765734493016554 0.956414445745329 0
2817 0.9561880708940645 0.1803126094634523 0
2818 0.9034002917785016 0.1409168337119033 0
2819 0.09584770735743584 0.8595660997943507 0
2820 0.6711942576135708 0.1928675046847796 0
2821 0.1927592973485198 0.6711963679171541 0
2822 0.8923847294829594 0.2919501579027877 0
2823 0.2976818023690864 0.8802274591138086 0
2824 0.7585406774887459 0.01249999999439415 0
2825 0.01271779627058746 0.758689610178489 0
2826 0.8576902702591473 0.04380452434618263 0
2827 0.8059426631641736 0.03989971000693533 0
2828 0.2112384612673796 0.9568725629679145 0
2829 0.9520883026304383 0.21104456789631 0
2830 0.2727554888778122 0.9024945065338185 0
2831 0.313298662029426 0.4641511596373158 0
2832 0.5030950177134692 0.4337425908805165 0
2833 0.7272276964047714 0.04587801820227024 0
2834 0.0459008213360169 0.726769246445847 0
2835 0.7630934451292385 0.05711602682077228 0
2836 0.0564882190895278 0.7609794288695388 0
2837 0.4440406405346059 0.4547972103780795 0
2838 0.4973303017328858 0.5181746830530495 0
2839 0.4408517729683813 0.7753288549189356 0
2840 0.5400604339829443 0.4376727849224221 0
2841 0.04522110181741591 0.8568086123551706 0
2842 0.6761119400573193 0.245886995665607 0
2843 0.2461403068068451 0.6753154836741527 0
2844 0.7333274351948591 0.08567134468045211 0
2845 0.3573099123712813 0.5054679256169079 0
2846 0.3462957543267338 0.4331089887325811 0
2847 0.5116415732845064 0.7084803629333245 0
2848 0.09768178465191531 0.7785542154516636 0
2849 0.6282290658429547 0.550865397759706 0
2850 0.8618262300951663 0.10577410768217 0
2851 0.1392164932579593 0.8944301291036916 0
2852 0.8377316043220375 0.06872199401270178 0
2853 0.6555559815868061 0.4878655791785088 0
2854 0.9009487768561183 0.2785998673150776 0
2855 0.7996807843357636 0.2925957288197941 0
2856 0.2857899195970825 0.8025284795084751 0
2857 0.8060622437664435 0.07606465808865204 0
2858 0.5284811655058794 0.2969393864390005 0
2859 0.2961155317360719 0.5293134632377443 0
2860 0.389344668775418 0.4222332227561716 0
2861 0.827854017839543 0.01233992541455525 0
2862 0.01295964940691668 0.8334512356332652 0
2863 0.2171108259519642 0.9835035801049483 0
2864 0.9835710934935368 0.2228480617920435 0
2865 0.7846942489888182 0.2026039282809713 0
2866 0.6168477138249044 0.5062712128356179 0
2867 0.4690072363766199 0.6529527942791504 0
2868 0.2137939077440902 0.7952348141307046 0
2869 0.3459382656651762 0.6780171963164631 0
2870 0.3614075716050871 0.6638063153949101 0
2871 0.9576820491355436 0.06444613458770318 0
2872 0.04123326749683368 0.9310481537131956 0
2873 0.6818146000993062 0.3398455759439416 0
2874 0.8626602891089812 0.2301990689732641 0
2875 0.1392433536350686 0.768012796420757 0
2876 0.4616884866016842 0.6185620346784064 0
2877 0.4165970815946829 0.3888755999880021 0
2878 0.7269836838477115 0.3336530061117544 0
2879 0.3336023583238136 0.7266255634319291 0
2880 0.795031772365109 0.06826561427826076 0
2881 0.6604293530763186 0.3616166853152141 0
2882 0.5109823745551459 0.6394822906523732 0
2883 0.9065112441049401 0.2149749835578567 0
2884 0.2872831033456728 0.4924646273097364 0
2885 0.4955332708959214 0.2790798866423583 0
2886 0.487142313249592 0.5863537289147828 0
2887 0.05873542119339813 0.7888890348127353 0
2888 0.110082446830044 0.7487329209666963 0
2889 0.2271103064872148 0.553704938476887 0
2890 0.5530984972818638 0.2214880624719723 0
2891 0.8231832585041159 0.1506829051370971 0
2892 0.1768591518869579 0.8493995002331862 0
2893 0.8329345973699381 0.09873986396613268 0
2894 0.6384357190604026 0.3389507030213386 0
2895 0.0614430828810128 0.9093413853638965 0
2896 0.9388852539862587 0.09292857157428973 0
2897 0.9632904953731209 0.2640510548784046 0
2898 0.2595488841115877 0.9587242663116928 0
2899 0.6871170765243148 0.4279638265125466 0
2900 0.7516229294263425 0.1215092022515052 0
2901 0.250909866973027 0.877558199131796 0
2902 0.5679980120080109 0.5543472233530244 0
2903 0.906720920707199 0.03795619869323646 0
2904 0.09451262805868071 0.9660766064550638 0
2905 0.6774112168220721 0.4568622598762444 0
2906 0.8447566445179086 0.2065837150998946 0
2907 0.1563743361415491 0.7937534397712591 0
2908 0.1814939898884671 0.7718750458174624 0
2909 0.8211727728264328 0.2300319976269577 0
2910 0.4706216175654607 0.7114555734659332 0
2911 0.1668627006081587 0.9087767237465298 0
2912 0.9291616420313648 0.1571583153477569 0
2913 0.941125420603508 0.2824369758112399 0
2914 0.2823601809224515 0.9412479012611145 0
2915 0.9340644886121175 0.06969310701288568 0
2916 0.06621784610811877 0.9320010000398061 0
2917 0.6607778516823724 0.2108159020294642 0
2918 0.2107646894215178 0.6607134085090081 0
2919 0.3402077127170579 0.6391774593362342 0
2920 0.8143615829238958 0.1807981701302327 0
2921 0.1853278606932434 0.8198193206692458 0
2922 0.08185646224366461 0.695062402065618 0
2923 0.6931613439909903 0.08295866310882333 0
2924 0.8818454891132569 0.2518100729328843 0
2925 0.2330241804740448 0.9574905152545599 0
2926 0.9585606755775331 0.2344916743141953 0
2927 0.2281698100077668 0.9038878971750286 0
2928 0.9241874116879802 0.2165971962556406 0
2929 0.3726168635326856 0.4447984722699195 0
2930 0.07415277045109728 0.9053398381679011 0
2931 0.9259367447483707 0.09557440664382198 0
2932 0.5108368663088942 0.3709574584492653 0
2933 0.9157528856618496 0.1869307022814473 0
2934 0.444369274026625 0.7109801657140804 0
2935 0.6822243168966015 0.1772287373039577 0
2936 0.1770652105093579 0.682397638510375 0
2937 0.3453288424400155 0.4638856308279086 0
2938 0.4558330389338622 0.4465003077005165 0
2939 0.5320003659949947 0.3386678944755573 0
2940 0.8040974534555473 0.01242086164489459 0
2941 0.01081544161537313 0.8102306716537128 0
2942 0.7043054308752091 0.3999857507424276 0
2943 0.6636235946679839 0.523304291145165 0
2944 0.1964721780996458 0.9165266869781824 0
2945 0.09553117106551756 0.9386027164618923 0
2946 0.9039986889040051 0.06240237625685943 0
2947 0.7720372270425228 0.2345902516175914 0
2948 0.2318249878257241 0.7688021424290956 0
2949 0.7489393250217343 0.3914287373481173 0
2950 0.6111963172022501 0.252748107537542 0
2951 0.3919482189331045 0.7481387154503621 0
2952 0.2515467199144162 0.6103690351638532 0
2953 0.5967275548228752 0.5486787247219505 0
2954 0.524290234305307 0.6129812742871064 0
2955 0.4923825613102548 0.4753778327318431 0
2956 0.4894663697949771 0.4037100538041517 0
2957 0.5978972850763016 0.2900181601164 0
2958 0.2899424624957837 0.5972151745722671 0
2959 0.1795890257988667 0.8830656330382951 0
2960 0.4006949182817142 0.7088120519303883 0
2961 0.06964113759343114 0.9553713710426393 0
2962 0.9275369488943027 0.04823194458594455 0
2963 0.5900500010125839 0.4044019330500581 0
2964 0.6441026126570922 0.1678555911609189 0
2965 0.1675804095040154 0.6439985373636102 0
2966 0.6167121884699813 0.3610483836005353 0
2967 0.5122905232313353 0.5094415447368214 0
2968 0.6915163703037699 0.2198652025653919 0
2969 0.2184782527855904 0.6911494070984674 0
2970 0.4308507270575989 0.4232552229024943 0
2971 0.7194556770754432 0.4412942266751936 0
2972 0.791193199719459 0.2327404921507756 0
2973 0.2367128399117915 0.7898489751285778 0
2974 0.424817717587285 0.7694403785731156 0
2975 0.732685377311462 0.1639192530359796 0
2976 0.1647699166382809 0.7348387266972541 0
2977 0.8330961080692691 0.2677265791022369 0
2978 0.2669973934531062 0.8342293415375198 0
2979 0.8210479891858041 0.1151288084881776 0
2980 0.361927126443311 0.6171108130200855 0
2981 0.6656532553911325 0.5540195946878338 0
2982 0.955866169409483 0.1675555558779397 0
2983 0.8499461573481468 0.1620184112181439 0
2984 0.1501069520435765 0.8379872824258716 0
2985 0.1571607465196209 0.9324702585975897 0
2986 0.6171267681121753 0.4309088253854959 0
2987 0.6044554581542071 0.4188392577562525 0
2988 0.2199105726123804 0.9209762197060656 0
2989 0.715136131290814 0.3687527453874259 0
2990 0.631309407955389 0.2800059281700129 0
2991 0.3653832634555191 0.7190361370605449 0
2992 0.2795393080800027 0.6316002312933394 0
2993 0.5719326872241459 0.3989820613367963 0
2994 0.4989233125028129 0.724124364611322 0
2995 0.6187591644861155 0.1960404832092752 0
2996 0.1960404826077239 0.6187591649489503 0
2997 0.7436826190874154 0.2654070966152696 0
2998 0.2638757329374105 0.741525302216167 0
2999 0.6912062704513979 0.2882519156137656 0
3000 0.285135929044769 0.6867396709523876 0
3001 0.6711408411111095 0.2812176579982651 0
3002 0.2791045441317681 0.6719447648562948 0
3003 0.5397618515986046 0.6468662197737675 0
3004 0.8717155449044602 0.1421004219898044 0
3005 0.12821635630441 0.8579714659525863 0
3006 0.7804947232068765 0.4485599828404802 0
3007 0.6990115580684861 0.3387983800471416 0
3008 0.05478816729195408 0.8220119933463282 0
3009 0.6411907804018577 0.2439298773643151 0
3010 0.2434520007442416 0.6402276010503801 0
3011 0.4903189570220946 0.6881157704973869 0
3012 0.3415983958754155 0.69234193256286 0
3013 0.988428373890565 0.13315979382866 0
3014 0.1354304313645255 0.9874942606898072 0
3015 0.3217102820310654 0.5795045680822203 0
3016 0.8263844094252408 0.02617737750658014 0
3017 0.02761237153971021 0.8269577860409376 0
3018 0.5792091581655767 0.3202329475820888 0
3019 0.3333699401242827 0.5343085028053556 0
3020 0.6389675921619012 0.3836721015230045 0
3021 0.7528840395151738 0.363620463786242 0
3022 0.3643452619741437 0.754913569889607 0
3023 0.8307019801781628 0.390592619067477 0
3024 0.6093216919059139 0.1673096649078265 0
3025 0.3898108879989341 0.8312299472961863 0
3026 0.1672584791647493 0.6092339876330968 0
3027 0.5395479409471902 0.4839120828133614 0
3028 0.04408996354055363 0.9660457368037076 0
3029 0.9560169507408119 0.03388551603679778 0
3030 0.7236986517718881 0.2954118382295357 0
3031 0.2947085438730799 0.7185406966920947 0
3032 0.4334275350638376 0.6141313836274142 0
3033 0.759252439691096 0.08454232696140894 0
3034 0.7609585485921159 0.4294741468158819 0
3035 0.577555438367645 0.3847214463918964 0
3036 0.4594901585512589 0.6646077646821495 0
3037 0.8672333118278218 0.2686719846120328 0
3038 0.1312824957520243 0.7359333825547789 0
3039 0.4226504549937631 0.5996164486515162 0
3040 0.4235469485571244 0.6806495360294004 0
3041 0.5683364506391173 0.2304180552739068 0
3042 0.2305476842267459 0.5760459438964739 0
3043 0.4262421428965478 0.6591737008014842 0
3044 0.7348610116735967 0.128493352191984 0
3045 0.2663020839402312 0.8707602888970559 0
3046 0.6597063832455081 0.2394768861830764 0
3047 0.2393789168871706 0.6583533622467099 0
3048 0.8317891844102673 0.3567086837860498 0
3049 0.3556635122452082 0.8323723280861268 0
3050 0.1785122353429254 0.9363566885904787 0
3051 0.3894175101544335 0.6070687206752045 0
3052 0.6973102858203228 0.3087862306737617 0
3053 0.3065110211719089 0.6945006271769401 0
3054 0.8012873583602236 0.3863787337986657 0
3055 0.3832909487803627 0.8056993565534788 0
3056 0.3436561772341006 0.5674095471203308 0
3057 0.4342220720059124 0.34014610643377 0
3058 0.2702350527121093 0.5025141883765299 0
3059 0.5083638099904197 0.2682330985992377 0
3060 0.8199596072376814 0.293582340267544 0
3061 0.2917884046367768 0.8212955214830475 0
3062 0.5684842920163445 0.3420684552711269 0
3063 0.3197032562333019 0.4975147443939449 0
3064 0.2944173037044489 0.6433714281586149 0
3065 0.6415694443074712 0.2948602135090763 0
3066 0.7008175540663945 0.3645824299187299 0
3067 0.3702913041416233 0.704055065497487 0
3068 0.7158504543049113 0.284300785757547 0
3069 0.2818146035662693 0.7178820577958592 0
3070 0.5739130712357575 0.6538138343936113 0
3071 0.2159145041655237 0.8328695330562125 0
3072 0.4241272335552598 0.5597517118790105 0
3073 0.4338702894470163 0.546297974026701 0
3074 0.550532085657241 0.2783951079492324 0
3075 0.2825917765151689 0.5563980675168305 0
3076 0.7841113643630265 0.1672986399131927 0
3077 0.38161382019437 0.6376809320792542 0
3078 0.4767753166077616 0.3772148127984986 0
3079 0.3971847223890298 0.4625856380331171 0
3080 0.9291505614853086 0.1709874407220878 0
3081 0.5476941120826582 0.3157703845797354 0
3082 0.3216100395154575 0.5477490889336211 0
3083 0.3066699981198873 0.6573374134489444 0
3084 0.5743549741287461 0.5694101201466226 0
3085 0.4712945958014557 0.4103715938286978 0
3086 0.5382853077383682 0.3997382886633869 0
3087 0.7289311890431425 0.5017554551247845 0
3088 0.1050629075928747 0.8772652420703785 0
3089 0.8948875059673461 0.1229013285357408 0
3090 0.9049707185831728 0.3244224874818637 0
3091 0.3176632225383017 0.9105220993496376 0
3092 0.6508907838498585 0.3060639366414506 0
3093 0.7827786315734926 0.03000169856749981 0
3094 0.03297186173147791 0.7822431506822521 0
3095 0.9414154691071129 0.1051573979395329 0
3096 0.05863026655376273 0.896240532823132 0
3097 0.3951175074776691 0.5131341886042472 0
3098 0.2022921976505034 0.9651176373243811 0
3099 0.9645390095655648 0.2024060845384777 0
3100 0.24397205468028 0.8978148571876365 0
3101 0.809907534362392 0.2026265120994855 0
3102 0.8558343460890053 0.3030282795094827 0
3103 0.6968820090718089 0.1434924190469697 0
3104 0.3028506669561244 0.8559524193433257 0
3105 0.1430787402792842 0.6991873169273606 0
3106 0.8468254474948151 0.1301070734088985 0
3107 0.1534287145689312 0.8699597787273675 0
3108 0.6458150373799718 0.4780198901303039 0
3109 0.7650528923509186 0.03951734151815735 0
3110 0.04021030833918617 0.7636615599499904 0
3111 0.7738681929637086 0.2665708758583811 0
3112 0.2630323472780376 0.7739865204485172 0
3113 0.187803753153382 0.800396610571152 0
3114 0.1565163614517279 0.7594704747199188 0
3115 0.8494731712161638 0.2443420459905906 0
3116 0.5366362513602079 0.5737440431402888 0
3117 0.5547314431213521 0.5824307154152094 0
3118 0.3967478909087047 0.5972397567456825 0
3119 0.8207086670630108 0.3212059473744937 0
3120 0.3202115354049242 0.8206642692954279 0
3121 0.3270045580258822 0.6042355250173911 0
3122 0.8988231987408911 0.08520337633768102 0
3123 0.1011724522200691 0.9156378780366277 0
3124 0.7572450340808912 0.3089994318865835 0
3125 0.3094662064211247 0.7576544115231857 0
3126 0.4691550900541478 0.3451103040185388 0
3127 0.1071467064457954 0.7182252802116595 0
3128 0.5593990340532662 0.620274932285331 0
3129 0.7210522777168005 0.1052339414655832 0
3130 0.7011636117029983 0.476821087181922 0
3131 0.06656505373120408 0.8531433720541108 0
3132 0.5149335484566064 0.4625829658585353 0
3133 0.7848413359772436 0.3278680538293159 0
3134 0.3265457564323279 0.7783954762930043 0
3135 0.7030602127171596 0.06877979027874027 0
3136 0.06876965349923204 0.7023989266301846 0
3137 0.6856162955225624 0.4920095844534418 0
3138 0.9140235976617208 0.1134140519128912 0
3139 0.08600818913181602 0.8868682088836346 0
3140 0.7438456783767938 0.02923317058996265 0
3141 0.02936756846699909 0.7435068108189212 0
3142 0.5947541722594138 0.4563022984394041 0
3143 0.9517573340742171 0.09096492917646037 0
3144 0.04924213132674139 0.9145871590909417 0
3145 0.6040056850779454 0.3258326012243897 0
3146 0.4606706616981529 0.3717067957922549 0
3147 0.9437522866377963 0.1830187044318433 0
3148 0.2325994724380696 0.9858114597418977 0
3149 0.9868309925601191 0.2380412127793179 0
3150 0.8448180082133739 0.01320925658542941 0
3151 0.01530090987718861 0.845682825952341 0
3152 0.4573900730135416 0.7436949524291288 0
3153 0.8761670769795692 0.102419013696009 0
3154 0.1251867084268065 0.8980433310020393 0
3155 0.5714826335916265 0.4560822275891717 0
3156 0.6219895315275892 0.4839045172485859 0
3157 0.1356373159087018 0.954308764108813 0
3158 0.9538392507373334 0.1348162679955779 0
3159 0.5494003693161515 0.4536480884004587 0
3160 0.5291394369350596 0.2751890204649279 0
3161 0.2787735707372605 0.5307336977494378 0
3162 0.1906133517171273 0.9882456599562481 0
3163 0.9884701199760663 0.1967123621461844 0
3164 0.4892648533373827 0.4407216895161823 0
3165 0.6640292443499821 0.4288222910140346 0
3166 0.6055565624446182 0.3940481087288467 0
3167 0.942189586645177 0.01130648643776629 0
3168 0.9889761532661847 0.05667802006675205 0
3169 0.0572425512382733 0.9881060202581328 0
3170 0.0111736969833596 0.9428943310970586 0
3171 0.0986898294008197 0.9886520438253251 0
3172 0.900588128131485 0.01080212967803737 0
3173 0.9892478961756652 0.09929977083119997 0
3174 0.01447310850979641 0.8985669575420652 0
3175 0.4439138948918913 0.514527012819735 0
3176 0.6730015148930192 0.3946009675750601 0
3177 0.8116822510289861 0.3286048777931204 0
3178 0.327777251489502 0.8111691412197964 0
3179 0.4533527169864236 0.404041453236677 0
3180 0.7963742623689395 0.1397622504454362 0
3181 0.2043214540592518 0.8616517950735024 0
3182 0.8851736793950783 0.3060839316547561 0
3183 0.3116644013918724 0.8812936949634009 0
3184 0.9468079453534683 0.1965239172113541 0
3185 0.0736187996914752 0.7309716517686929 0
3186 0.02935650773684276 0.8569476883038568 0
3187 0.4591642184873456 0.765114706292101 0
3188 0.6240759520287701 0.5606099745589058 0
3189 0.8575406496342585 0.0297276678683525 0
3190 0.7719749322502596 0.01125763950765564 0
3191 0.0118425603551061 0.7730292384805526 0
3192 0.1605198535084731 0.9892532679209989 0
3193 0.987544865628425 0.1564427965517788 0
3194 0.8983432780109635 0.1570874672252793 0
3195 0.1008317852004076 0.8432688222889779 0
3196 0.8149803345987816 0.03297725130960629 0
3197 0.03616802914694614 0.8093091769875648 0
3198 0.4304838603016194 0.7989418366389681 0
3199 0.4023644346158229 0.365751216564962 0
3200 0.4577983940237227 0.5694135946812477 0
3201 0.7925427990382504 0.4376331834157391 0
3202 0.4553589156209554 0.5959963258866402 0
3203 0.779514216888754 0.3673732372174002 0
3204 0.3746716883306612 0.7814610127157785 0
3205 0.4345858238037869 0.3744737957522399 0
3206 0.859895515720009 0.3637956566057267 0
3207 0.6338614490734712 0.1352901312729127 0
3208 0.3605688579048283 0.8646754117616504 0
3209 0.1355208261593216 0.6330979387076353 0
3210 0.5854642655956106 0.3725575063221583 0
3211 0.66700827761139 0.1067704379266133 0
3212 0.1006561369581265 0.670925034497432 0
3213 0.2470657863637281 0.9867698260613416 0
3214 0.9882073300447154 0.247173346205284 0
3215 0.8830684381419742 0.08551242203245601 0
3216 0.1171505891037584 0.9169885185522384 0
3217 0.3773778039839064 0.5732547142463492 0
3218 0.9227329248339913 0.07195345996358704 0
3219 0.07716048633436268 0.9290611207761742 0
3220 0.1238120760313211 0.8282747110063395 0
3221 0.8761910288507821 0.1717195725721133 0
3222 0.6282787196862731 0.4184928906892461 0
3223 0.7899384015351293 0.3594405073454804 0
3224 0.3584953222035593 0.7863554837747023 0
3225 0.9332001740527928 0.2350499262657959 0
3226 0.5694783396272501 0.4800733477570312 0
3227 0.5849731481148385 0.2626231484173851 0
3228 0.2616953485101905 0.5815398470715312 0
3229 0.5479403650594641 0.2565289238650642 0
3230 0.2675565697296426 0.5469976663370929 0
3231 0.7467836192102788 0.05796177475429932 0
3232 0.05772461140706633 0.7456361377115253 0
3233 0.4180047520258922 0.737860654716909 0
3234 0.2333618323323045 0.5359275956749363 0
3235 0.5420177866311341 0.2344791051024815 0
3236 0.598057894282359 0.6282407952195465 0
3237 0.07904114896459807 0.7585073305545709 0
3238 0.5276454729191301 0.7018085484252898 0
3239 0.8053920657230337 0.1004859036303509 0
3240 0.2368028339620826 0.9263431398645176 0
3241 0.3452469949572875 0.495963735321871 0
3242 0.07659726932823074 0.8002251318647815 0
3243 0.9481906992160455 0.2243290700509469 0
3244 0.2208345398741838 0.94991394504632 0
3245 0.781810456166793 0.05795547884296914 0
3246 0.3523981629458247 0.6053313969951499 0
3247 0.4057082498155408 0.6736231750282189 0
3248 0.7153509497834375 0.5124439868357764 0
3249 0.707166329174961 0.2736602911680222 0
3250 0.2777725348937174 0.7083081229002567 0
3251 0.5646661182341712 0.2083464834230761 0
3252 0.209165674515757 0.5659063836100929 0
3253 0.4824164606284866 0.4584841070708304 0
3254 0.8767727171252366 0.1299669207874506 0
3255 0.1232437611299728 0.8700782162657149 0
3256 0.6749384076109085 0.4168620124642593 0
3257 0.5709495952116208 0.4342652323976617 0
3258 0.86043893057129 0.1815510351164099 0
3259 0.1399932139541051 0.818281375990577 0
3260 0.7358987295952785 0.4164722486212747 0
3261 0.6610781199601641 0.1572512426883701 0
3262 0.1559713800996374 0.6611574269661934 0
3263 0.1103818306415838 0.9878595453839033 0
3264 0.9881403262077572 0.1134161109171886 0
3265 0.01123063901942835 0.8858143217666915 0
3266 0.8861718302697723 0.01171170629465726 0
3267 0.8653198780274178 0.3336875224703175 0
3268 0.3262208211649337 0.8668199765868544 0
3269 0.6428778967855983 0.5218945149074232 0
3270 0.8144892030919015 0.04749489275993471 0
3271 0.4182062441040629 0.623880198562317 0
3272 0.621262594000515 0.5366408334085669 0
3273 0.6503980455387173 0.1239372772881739 0
3274 0.1257196776013194 0.6463675229043944 0
3275 0.1455917126029052 0.930360054983826 0
3276 0.5161225346619056 0.5973454157360784 0
3277 0.1061246328100286 0.9432222942496769 0
3278 0.8925877665712993 0.05812661784594354 0
3279 0.39025314101271 0.6988660912239102 0
3280 0.451121193139017 0.5429170905539349 0
3281 0.5376736695337848 0.6207011748401718 0
3282 0.516731463163861 0.6706917751930006 0
3283 0.8547890116709291 0.07402264908533313 0
3284 0.6709558907168617 0.1369292896635858 0
3285 0.1289534346125026 0.6723534863591381 0
3286 0.6950417839285666 0.3931355276677985 0
3287 0.8123951042178505 0.2557468260929505 0
3288 0.2578314479769545 0.8153915158636412 0
3289 0.5457168272534657 0.5082440974453 0
3290 0.630083220274146 0.4425043663628355 0
3291 0.3631046808175429 0.4601181200354219 0
3292 0.4293867734610977 0.4628789550664537 0
3293 0.8482625649819919 0.3438706484805279 0
3294 0.340560784077363 0.8498316128199985 0
3295 0.5247073734748261 0.4050905540885962 0
3296 0.5183243086711914 0.389790080937559 0
3297 0.5054930885610045 0.2944521477188944 0
3298 0.9887079043167893 0.1844183158089409 0
3299 0.1805989004764559 0.9866628863196469 0
3300 0.8572555710627022 0.1984419940294158 0
3301 0.1442945025951243 0.8015356818339353 0
3302 0.362622640821219 0.5860548661640549 0
3303 0.671664596255238 0.2545625034111099 0
3304 0.2589196111651443 0.6664121518540072 0
3305 0.6401854105978104 0.5834489780828959 0
3306 0.6067575224944556 0.3025895146133601 0
3307 0.7304129267442273 0.226576711371401 0
3308 0.2303568111027885 0.7205838448897712 0
3309 0.5002019669310049 0.695261756516554 0
3310 0.5959495328332067 0.3825240867366467 0
3311 0.05286503929784413 0.8306658347063454 0
3312 0.7411766529827811 0.1839808840955706 0
3313 0.1872201229041207 0.7430404545134204 0
3314 0.07616115113116273 0.8247719836628808 0
3315 0.604638545910795 0.350141264521742 0
3316 0.6503775754670076 0.3950361326887333 0
3317 0.2060224064455263 0.9286467317406998 0
3318 0.2989324262731479 0.4762399039650762 0
3319 0.4819030276248718 0.2895431746386606 0
3320 0.9644560195869746 0.1035533187184467 0
3321 0.03143212814136576 0.8957071846399135 0
3322 0.9228401871898223 0.009971229398735048 0
3323 0.07623695292544326 0.9888735793326466 0
3324 0.9884461759173383 0.0782339113529861 0
3325 0.01190256268266338 0.9214817620952234 0
3326 0.7485821709169859 0.331147150459066 0
3327 0.330623461773158 0.7489200603234099 0
3328 0.5195329364269722 0.5451256464629708 0
3329 0.6588927233272546 0.1813287863960831 0
3330 0.1811030142978988 0.6589248956364226 0
3331 0.7928800432962596 0.0155369783542625 0
3332 0.01102323480079126 0.7981782034605835 0
3333 0.8672394373467002 0.009798428455752826 0
3334 0.009003767719629545 0.8653495169772315 0
3335 0.7963769603297323 0.0482929235997346 0
3336 0.08155464539346667 0.7820511873114443 0
3337 0.3871366661654458 0.3849444614594472 0
3338 0.41331911304713 0.6445711690428633 0
3339 0.7705267840797648 0.2763480316313869 0
3340 0.2741361666811199 0.7711388085215863 0
3341 0.485713209820053 0.3285272089892688 0
3342 0.8096113201405926 0.1451727796619373 0
3343 0.1905344568872552 0.8553265872195738 0
3344 0.404939339426562 0.7881434606181121 0
3345 0.7883796303882513 0.4076758684506543 0
3346 0.1942982375622739 0.7182557882213451 0
3347 0.6993530978957061 0.10386744972316 0
3348 0.1013862692649671 0.7036702425511197 0
3349 0.6916492853538421 0.5378791346105303 0
3350 0.9316344820445397 0.2026274163749654 0
3351 0.4746554239999295 0.5328198736305572 0
3352 0.3953568775458767 0.6547982237807637 0
3353 0.3029065920764288 0.6069226054854555 0
3354 0.2038658645980128 0.9475057135089047 0
3355 0.3527769697115171 0.4188032482603627 0
3356 0.676197663078371 0.2107409629994468 0
3357 0.2103785698827871 0.676067419375837 0
3358 0.7860667720736585 0.08034697252469479 0
3359 0.8328926787218051 0.2116676066298822 0
3360 0.3941919911024777 0.6180920062545344 0
3361 0.7986136109922923 0.3241216735248745 0
3362 0.3228709094712923 0.7971813150408581 0
3363 0.7095351086750228 0.3365627229961736 0
3364 0.9712014002285299 0.009980783501033449 0
3365 0.02894891093843356 0.9901138488338496 0
3366 0.9898320499567889 0.02901190052191614 0
3367 0.010145749771061 0.9710601342584562 0
3368 0.8966992230549562 0.2348383579153925 0
3369 0.3372247541800208 0.7077221674445757 0
3370 0.6345469653431693 0.5032219582054013 0
3371 0.4278952621391636 0.3873430491782799 0
3372 0.4171841953246649 0.4919099401778411 0
3373 0.4528304140211407 0.3185730722539449 0
3374 0.6189755425004779 0.6085706149230871 0
3375 0.7257327743063586 0.3846583157630637 0
3376 0.7946053159589825 0.2083143224845388 0
3377 0.8180132562399159 0.08460124415395985 0
3378 0.2023309275795426 0.590752986184325 0
3379 0.5899334842414772 0.2026248575568021 0
3380 0.5363592656628642 0.5602394055955991 0
3381 0.6841883770930772 0.1199835378425702 0
3382 0.1101847439791684 0.6822973966678818 0
3383 0.1680705325563883 0.7893612701885532 0
3384 0.7436979372307675 0.2796213175607223 0
3385 0.2785902448848927 0.7426818619656769 0
3386 0.5127434402992158 0.352646518555101 0
3387 0.8158781926336102 0.06579064822534636 0
3388 0.972944569275913 0.04130198723108909 0
3389 0.0272308832052235 0.9586287506461084 0
3390 0.4678933895367649 0.4365260394591767 0
3391 0.7812897894626056 0.2962246948531511 0
3392 0.2946992143641557 0.7807661850936676 0
3393 0.6836915234184913 0.3176038102434175 0
3394 0.03018469587587502 0.9357761597688834 0
3395 0.9694862659164425 0.06207448097130012 0
3396 0.3801619965791936 0.4797496792217963 0
3397 0.9354918903219201 0.02197861853271387 0
3398 0.06289615427171302 0.9761423437897401 0
3399 0.8750835189180552 0.2005570614306151 0
3400 0.1276462164772444 0.7981579585010881 0
3401 0.9671529095033788 0.1798399672049074 0
3402 0.542348285685206 0.4939594057465156 0
3403 0.5087203530126336 0.5730438823020847 0
3404 0.7572924721578482 0.3489172568811877 0
3405 0.347762375601129 0.7632150838235768 0
3406 0.63520145174178 0.1894466312925794 0
3407 0.1894466311228718 0.6352014517419422 0
3408 0.1773138783443145 0.973838129508795 0
3409 0.8724985845922021 0.03982881887149985 0
3410 0.6173504421351209 0.2754618322041874 0
3411 0.2752438237234847 0.6177680033443713 0
3412 0.3793825664933466 0.7240888032067857 0
3413 0.3155073217305736 0.6784770021163515 0
3414 0.8607162241878547 0.06159409547628599 0
3415 0.1326843907873023 0.9439595932693143 0
3416 0.7438575721626447 0.2970115497632436 0
3417 0.2966877729910574 0.7430283591665502 0
3418 0.5056037042157691 0.6543181742886864 0
3419 0.9668237800705743 0.1884604580060931 0
3420 0.8793717253313958 0.1597606042232229 0
3421 0.1204651641606114 0.8404167937491255 0
3422 0.6515702021425294 0.4178886713945965 0
3423 0.4779006513826464 0.5724208955550346 0
3424 0.5172234171767349 0.6258480494988654 0
3425 0.449076276331227 0.7277426429429396 0
3426 0.1393850117036975 0.906187311880305 0
3427 0.8463359220037298 0.1007698125308008 0
3428 0.177908307535609 0.9169510775123224 0
3429 0.7680448839823144 0.4577879186980207 0
3430 0.7087241036115698 0.2513264692501593 0
3431 0.2448583825232344 0.7125456344884876 0
3432 0.7544001960455121 0.4431860654562489 0
3433 0.4981884198053226 0.5979042768028676 0
3434 0.9101298772702083 0.05294836196293258 0
3435 0.08949525404923345 0.9487488921256644 0
3436 0.4717992398702538 0.6976541506564111 0
3437 0.649654801872267 0.3280060753049828 0
3438 0.5178808014555984 0.4960629505819978 0
3439 0.7542193354850202 0.1551063732660316 0
3440 0.7672607996125225 0.2596842864122511 0
3441 0.2555408010611015 0.7659480710315711 0
3442 0.4433828865185522 0.694904990815535 0
3443 0.2463312126830546 0.8443855204138589 0
3444 0.7544056615970877 0.2241891278594062 0
3445 0.2269076060880458 0.7515475712562627 0
3446 0.04020677422089193 0.8731758920597606 0
3447 0.7434368498359152 0.2378902429117338 0
3448 0.2368990244590957 0.7349948627742887 0
3449 0.6230408659607439 0.1513644062375291 0
3450 0.3753536835792017 0.8473929688941182 0
3451 0.4153797420756324 0.4041971963503153 0
3452 0.140842982184729 0.9624034903767001 0
3453 0.964001880718859 0.1389273246146081 0
3454 0.3300583412569964 0.6514852109313566 0
3455 0.818607079778058 0.1651631354722605 0
3456 0.1813788200343863 0.8351059322496214 0
3457 0.8414014509816742 0.1428734394159685 0
3458 0.1587087947740586 0.8570949568463797 0
3459 0.529044591211166 0.3694021331118956 0
3460 0.4778924543664442 0.7489504739896287 0
3461 0.4620242229249365 0.4764363871605982 0
3462 0.5855299588391649 0.354076392020789 0
3463 0.119878992787323 0.9358529878915178 0
3464 0.8738699315576017 0.06616176850657508 0
3465 0.4865816000903372 0.5469104870927816 0
3466 0.1851732973778026 0.9651534471320116 0
3467 0.06055692645068473 0.7306315436957754 0
3468 0.731641663456097 0.06042244546869325 0
3469 0.6985713899081858 0.1339936822746255 0
3470 0.1336726775564375 0.7033429698613308 0
3471 0.6437453312522572 0.4541165749299793 0
3472 0.5290298429969804 0.4818978188824316 0
3473 0.8291851916696199 0.1850004366104063 0
3474 0.1707437371234647 0.815546242276775 0
3475 0.1622856763854801 0.9783004436326351 0
3476 0.9785955015912267 0.1605851014404218 0
3477 0.4195737091209835 0.5133671264747328 0
3478 0.6486623286231474 0.2107607053926133 0
3479 0.2107155249320406 0.6485798131194953 0
3480 0.9607777365102887 0.2469849588078179 0
3481 0.2453333907477253 0.958107564049433 0
3482 0.317482819474774 0.4788412449126295 0
3483 0.2088733679953654 0.7713499009201257 0
3484 0.7371970308874017 0.09784033088006719 0
3485 0.5394753973734167 0.287660384931727 0
3486 0.2910454734005147 0.5421071584259296 0
3487 0.5686967347053411 0.6079665910580183 0
3488 0.1730790556031659 0.8964070168672205 0
3489 0.5386726540003469 0.6640206545304337 0
3490 0.8321785163563553 0.1084049520185157 0
3491 0.4811551300008504 0.3575045042461693 0
3492 0.04599385292228927 0.7915890343747574 0
3493 0.3510704515293909 0.6275749680938824 0
3494 0.3184140169508322 0.449023226587469 0
3495 0.5506659916609029 0.6772851461985672 0
3496 0.9299499613124677 0.1441373734054843 0
3497 0.07284292232015435 0.859349818873029 0
3498 0.8689851915477238 0.2984291068921874 0
3499 0.3003304353561098 0.8658453581341736 0
3500 0.4128488236523524 0.4446996447388787 0
3501 0.5175964085315866 0.3073095934480968 0
3502 0.6462150611519092 0.2588131031366521 0
3503 0.2575126992812504 0.6448668571719142 0
3504 0.5970165277217634 0.5260448128187384 0
3505 0.3603977334669027 0.4386825165710169 0
3506 0.3795323879526032 0.4322501137468838 0
3507 0.6797397942577749 0.09280303980967144 0
3508 0.09147309957621585 0.6788382617204061 0
3509 0.4832033583594021 0.6626834450851918 0
3510 0.08671158677819973 0.8144159208581535 0
3511 0.555438638514419 0.4079688775515649 0
3512 0.6895131675877204 0.4805659425593561 0
3513 0.6543228359037209 0.2746852312726332 0
3514 0.2728991376774365 0.6539180052753253 0
3515 0.6186870358708215 0.577633288590252 0
3516 0.7348547556181454 0.3601001765326457 0
3517 0.3590830359769994 0.7361029210483354 0
3518 0.7372456805707828 0.4729424692069291 0
3519 0.8351532020504301 0.08541636274704861 0
3520 0.7992718553042887 0.2764181682132617 0
3521 0.2746792603149764 0.8078801045930109 0
3522 0.7608024892913987 0.07170294553147991 0
3523 0.4757317294214189 0.6395924530829551 0
3524 0.3990392589529041 0.4912837902911646 0
3525 0.6645562511182272 0.4975085678386772 0
3526 0.864136405052133 0.09094951524205495 0
3527 0.7162485343668232 0.1232695408796922 0
3528 0.1260518934743353 0.7228874903277329 0
3529 0.627404990118291 0.3499495240999008 0
3530 0.4897513515552748 0.5066460266959396 0
3531 0.01107965893827497 0.9889625028931663 0
3532 0.9889259994568591 0.01105751900454053 0
3533 0.0635274178261819 0.8183978380593486 0
3534 0.05912018358120823 0.8645570606243589 0
3535 0.5442791805343875 0.3820960983755527 0
3536 0.803731392045994 0.1139169035752981 0
3537 0.5212399067060655 0.5805104989350077 0
3538 0.05735431053212107 0.8452332262572447 0
3539 0.9430247422029572 0.1324182166741514 0
3540 0.4837111992058633 0.4991418203800432 0
3541 0.1959116185138623 0.8916610150505124 0
3542 0.9152474175784893 0.3123898887516882 0
3543 0.3047921552565998 0.9204381124938212 0
3544 0.8486596278963817 0.2774270601525223 0
3545 0.7256527138291804 0.1437377830771541 0
3546 0.2746110599029654 0.8551217188302092 0
3547 0.1443036208173049 0.7282310566589435 0
3548 0.0113668522556264 0.8217396339349107 0
3549 0.8152746410761613 0.01150313433932447 0
3550 0.7590747303270787 0.02532854816513916 0
3551 0.02584823311520239 0.7588296187795642 0
3552 0.1544711516319411 0.9016470569214575 0
3553 0.757586869555001 0.0991946839950494 0
3554 0.5303326427746279 0.5103007498296094 0
3555 0.0492866514789014 0.9879211549796015 0
3556 0.01211517751392042 0.9502651291179027 0
3557 0.9879211666871094 0.04951464766930178 0
3558 0.9503865236530528 0.01182486339672972 0
3559 0.1615680912595514 0.9208495482991087 0
3560 0.3766295100785202 0.5557240224279728 0
3561 0.468913267559172 0.3283876920966752 0
3562 0.9311652390446415 0.1202810084485036 0
3563 0.06920031842690309 0.8795532159047973 0
3564 0.9012827484731845 0.1732659354680109 0
3565 0.7818850252356562 0.3429909620573578 0
3566 0.3426073206058251 0.7820833040601842 0
3567 0.9033027620880894 0.2013056355256183 0
3568 0.09501727914883421 0.8005268287088005 0
3569 0.6191742261195928 0.4556750515041618 0
3570 0.732617614285379 0.07278235874926706 0
3571 0.5324716219098217 0.526455819528387 0
3572 0.8772440126953109 0.2177746317490196 0
3573 0.1317074126760618 0.7835954946868291 0
3574 0.7935473981331136 0.2464420845850582 0
3575 0.4429707667986415 0.5354419164222055 0
3576 0.2511897189446435 0.7963974825130209 0
3577 0.7889576703459604 0.376949166311538 0
3578 0.3799260825820071 0.7935839699770202 0
3579 0.4463659036459248 0.4358181081614073 0
3580 0.4485013795126976 0.4166540151248155 0
3581 0.3752099224695508 0.6064564646797822 0
3582 0.2019793338358483 0.9876497058017871 0
3583 0.9875944648638179 0.2088099246243773 0
3584 0.7013955562300671 0.4141450123288218 0
3585 0.557541698157863 0.6447579704826745 0
3586 0.08647835794728695 0.9712903719040875 0
3587 0.9142213478993801 0.02848974084917983 0
3588 0.2090493165770511 0.8785573115711404 0
3589 0.7909326885968568 0.1252153970398746 0
3590 0.798951399652613 0.1745294430936616 0
3591 0.791927766197464 0.09859911078483755 0
3592 0.374185990512264 0.5370795837654149 0
3593 0.7077340282084297 0.4526721506346413 0
3594 0.1485695991190569 0.9879661222054014 0
3595 0.9922523705670092 0.1466460904189803 0
3596 0.6808261291904836 0.5480032860172914 0
3597 0.9534594762175552 0.0459480428634142 0
3598 0.05028138530013362 0.9510479560091785 0
3599 0.5576110894708856 0.3118726363074212 0
3600 0.3139114477088816 0.5595156352577672 0
3601 0.7241363300709331 0.3485776019847367 0
3602 0.3481042686606635 0.7248350599583265 0
3603 0.9616681835641265 0.07590967206543292 0
3604 0.03742014997334234 0.9206867053254291 0
3605 0.8417701464359704 0.04066343315986586 0
3606 0.2006546793729962 0.8258834651894911 0
3607 0.9698096549701812 0.2300871892211763 0
3608 0.2275196114550501 0.9693435673076787 0
3609 0.9562048219642955 0.2785898293179661 0
3610 0.2709778424711178 0.9589585398321574 0
3611 0.08353676152813555 0.748328031156134 0
3612 0.6715194875367458 0.3283969078545866 0
3613 0.8670933994341782 0.1544038857568755 0
3614 0.1328592906215712 0.8456593272940697 0
3615 0.4135293076204277 0.8163354699876165 0
3616 0.8153203686081472 0.4157247901262164 0
3617 0.7316545409576651 0.2082274251872788 0
3618 0.2158256781516119 0.7274063367617341 0
3619 0.6244961704907911 0.4987955215731866 0
3620 0.4207168629570115 0.5360887041393522 0
3621 0.6795299873260361 0.4704715125627887 0
3622 0.8959023207824781 0.03317514861836751 0
3623 0.1047426098911873 0.9677670276316725 0
3624 0.9721520600832021 0.1178070641701439 0
3625 0.02299373606441734 0.8817958335866817 0
3626 0.637058922882167 0.2285811531696571 0
3627 0.2282789619841852 0.6367425033526729 0
3628 0.7059967686366145 0.2284050820652277 0
3629 0.2243412249529524 0.7056570735512819 0
3630 0.2832866521617985 0.8759814759895226 0
3631 0.1202597778602829 0.9722804835827541 0
3632 0.883242733208806 0.02793979127595086 0
3633 0.520579682694127 0.4284126027680223 0
3634 0.9126172116970445 0.09757990164167653 0
3635 0.08744141843481307 0.9029162844659806 0
3636 0.5572239274992046 0.3577380967750245 0
3637 0.8485792216529018 0.05579079558750108 0
3638 0.7705847874422522 0.1959799546235561 0
3639 0.2329879012101939 0.872046235466391 0
3640 0.7086709651464189 0.1709380920519187 0
3641 0.171204594299984 0.7093076192732719 0
3642 0.4811706238496636 0.6248616488306906 0
3643 0.5039156535585401 0.3964884365584681 0
3644 0.01822243642478112 0.9703689621590462 0
3645 0.9817181665208582 0.02982433900327571 0
3646 0.9469998564525723 0.2492132085756728 0
3647 0.2483341621802632 0.9439653509257649 0
3648 0.6975272364217637 0.2057249320815996 0
3649 0.2047072396178517 0.6965833357505651 0
3650 0.8725151100800501 0.3543582417294666 0
3651 0.3549036626290317 0.8794336546849483 0
3652 0.8463498879559206 0.1761125026500545 0
3653 0.1538998223664896 0.8239486291395706 0
3654 0.1835890016419076 0.5866558968630369 0
3655 0.5865017017430312 0.1836245515983596 0
3656 0.4463104635496209 0.4958293159641464 0
3657 0.9781053712901333 0.0822178904739482 0
3658 0.02237778552277517 0.9174398121140841 0
3659 0.3132272413136892 0.5199610324303615 0
3660 0.4710880918463935 0.5977064103183762 0
3661 0.3291283145034508 0.9002748029828898 0
3662 0.8946511473308147 0.3341834264666296 0
3663 0.4890916941467245 0.3692790998929316 0
3664 0.07692549499339328 0.97832050871317 0
3665 0.9200566626477834 0.01934427135359321 0
3666 0.913791314082922 0.2876255118827185 0
3667 0.4515372476475601 0.3440396885539866 0
3668 0.1086076608629744 0.762893127800674 0
3669 0.6185075536573815 0.2161833616523119 0
3670 0.2154301360865456 0.618792954710554 0
3671 0.6860817726766364 0.4499021444056714 0
3672 0.3776397090557934 0.6866374250715649 0
3673 0.4415933342251857 0.6469929970438195 0
3674 0.4540604247454479 0.6436604073858354 0
3675 0.803898837484641 0.3702442905134624 0
3676 0.369614553391427 0.8048722921395475 0
3677 0.3340541783604831 0.6722684891384181 0
3678 0.3015205299933115 0.4954747843904395 0
3679 0.6814226815284138 0.5287815402495917 0
3680 0.5966401408771841 0.5065494484077266 0
3681 0.46999172490931 0.7209215476342569 0
3682 0.3586504209165433 0.408075075823325 0
3683 0.5504813164596978 0.5408386409340826 0
3684 0.6619214387614298 0.2946634882580245 0
3685 0.1661885842002329 0.8762567918175747 0
3686 0.06972359170557663 0.7594668273876958 0
3687 0.5300294267861745 0.4491204278731458 0
3688 0.627945218749 0.394972569947793 0
3689 0.6932938238272122 0.3726399637028457 0
3690 0.5069410986205787 0.4449829338954566 0
3691 0.828740709541487 0.0399827881392379 0
3692 0.7812493924014251 0.3883643058511893 0
3693 0.389009213955874 0.778051696445885 0
3694 0.6102380543151789 0.6165299418361435 0
3695 0.7047997162021442 0.14954601920243 0
3696 0.8473184941934093 0.2954552410806994 0
3697 0.2953411635790896 0.8488216785014417 0
3698 0.1495726284224769 0.7066583755621056 0
3699 0.2611396798882521 0.9327706314879102 0
3700 0.9344820187718903 0.2613416415030574 0
3701 0.4630630724563396 0.3579375799497984 0
3702 0.6493992913016069 0.3503071375646515 0
3703 0.2830179913939671 0.9146576725557681 0
3704 0.08017146044222834 0.8427399019355684 0
3705 0.04482604730126627 0.8888347541221233 0
3706 0.9540533115146208 0.1114500654431671 0
3707 0.4356296428462929 0.4829145699950017 0
3708 0.3848117393441923 0.4481093252551864 0
3709 0.1903059700316062 0.5991195342290462 0
3710 0.5988888317786611 0.1904093846051038 0
3711 0.5254065769906429 0.6447244206545834 0
3712 0.8887508247212061 0.1871438166538181 0
3713 0.1113610369559328 0.8121772643711116 0
3714 0.3282483111714585 0.6283635290857734 0
3715 0.4001469520932151 0.8059543160521043 0
3716 0.8041783306214261 0.4057873536142931 0
3717 0.1533894400117628 0.94390295933347 0
3718 0.6834334477765956 0.2332600957943636 0
3719 0.2322164929130815 0.6834253164587728 0
3720 0.4706641842336957 0.2958272527719926 0
3721 0.9152597635468137 0.1575507848797019 0
3722 0.3912622455784902 0.5772356899129597 0
3723 0.5016036868914832 0.3331140421022641 0
3724 0.19280452619933 0.9754402907653899 0
3725 0.9752522547775409 0.1949764107282581 0
3726 0.7127378582807745 0.05738517541888043 0
3727 0.05748667460535684 0.7121688683286124 0
3728 0.06396550720171347 0.9213077856259296 0
3729 0.9365514684547878 0.08105681318789242 0
3730 0.3303223261243244 0.5542249989845592 0
3731 0.4664229949875543 0.5193887138588882 0
3732 0.7466695761660459 0.08449348743825609 0
3733 0.4151823035158135 0.3574674014780732 0
3734 0.3510964232243599 0.6502306550428315 0
3735 0.3489910166426314 0.5151793556655273 0
3736 0.8799449806684851 0.2824033884905029 0
3737 0.8345753539399718 0.1239894164155084 0
3738 0.625583574396775 0.2480224453027212 0
3739 0.2472513722038815 0.6251173551155105 0
3740 0.6497899435369234 0.3725778077700231 0
3741 0.6275164209148031 0.3272860901655167 0
3742 0.6290154259754652 0.3046415846364748 0
3743 0.5214910779577698 0.3287241932156955 0
3744 0.6717531074267228 0.3727222918857859 0
3745 0.2102752127448635 0.847644749164849 0
3746 0.3779376886999314 0.6681127695799822 0
3747 0.7513082075612335 0.3780205496313788 0
3748 0.3790670261780107 0.7513915102959575 0
3749 0.9422344123440044 0.1556870800798219 0
3750 0.2596432197020889 0.8936522493404259 0
3751 0.136213399336276 0.917908839394084 0
3752 0.5204727045506317 0.2608142615890137 0
3753 0.2563663171454694 0.5136740526451219 0
3754 0.7903826579040769 0.1531236053233407 0
3755 0.4584951417903845 0.710291551848752 0
3756 0.8688956443710547 0.02248004896421055 0
3757 0.01781990472288486 0.8672238343077177 0
3758 0.2917665445221688 0.6647137814082372 0
3759 0.2521009123742461 0.914102728055898 0
3760 0.9790074450752968 0.09641009796803668 0
3761 0.02497983661074693 0.9046755621812209 0
3762 0.5032293670810289 0.6186587317757604 0
3763 0.5452912666814284 0.3288005590349148 0
3764 0.917640222233054 0.2511136069013374 0
3765 0.4412793447178645 0.6586320856119682 0
3766 0.4368945488028723 0.5915968330918404 0
3767 0.5443546542650651 0.4167769655338568 0
3768 0.8023957706580194 0.3562450637374535 0
3769 0.3556590830829475 0.801886853974323 0
3770 0.4963677282280852 0.4188792364963622 0
3771 0.2253706708035154 0.8541778141908873 0
3772 0.7763514970265745 0.1463181702696277 0
3773 0.749096671383126 0.2031993021276299 0
3774 0.2095311328653778 0.7487192949874615 0
3775 0.3692261623998416 0.6519049296565483 0
3776 0.6779252430421676 0.1602644377238854 0
3777 0.1594709561147812 0.6784506495037184 0
3778 0.7627753157202268 0.1754603645957973 0
3779 0.02971652152253058 0.9826790622831351 0
3780 0.9703572392452183 0.01778390646570789 0
3781 0.5211404082742473 0.7104590120625357 0
3782 0.5115088682369298 0.7188235454551611 0
3783 0.2369917219858843 0.8243329820474077 0
3784 0.8815820182019827 0.3211444038654719 0
3785 0.3248625357776204 0.8816725374896788 0
3786 0.08792815034128026 0.935503273350023 0
3787 0.9117432145134086 0.06541777245023916 0
3788 0.3576848911854222 0.5482833088465295 0
3789 0.9195667225803951 0.1308374184452896 0
3790 0.08063149301175009 0.8697932044546869 0
3791 0.711191594814736 0.3024633493032609 0
3792 0.3065203728860939 0.7102402643295856 0
3793 0.03412462242488771 0.7944490822388126 0
3794 0.7524094876678148 0.2845439210084766 0
3795 0.2835372098615777 0.7519935865718929 0
3796 0.7230329962979772 0.4883085853948316 0
3797 0.4040644274692616 0.7432299178301943 0
3798 0.7398575165863669 0.4955943100676674 0
3799 0.6014683796006777 0.2568182697105579 0
3800 0.2563202792322775 0.5962995878063128 0
3801 0.4109337502003398 0.6970371816475354 0
3802 0.9566070734320122 0.2260915515343583 0
3803 0.2244152618046583 0.9571015770380275 0
3804 0.7804435570003736 0.01088273993494781 0
3805 0.01128942998413536 0.7858130989835961 0
3806 0.3958271813217372 0.4337737092780845 0
3807 0.7319938430249456 0.3077313598034696 0
3808 0.3079635811414397 0.7305444182198989 0
3809 0.7140151905942387 0.3937358898973993 0
3810 0.4421630929276631 0.3278698341168583 0
3811 0.7910984132969019 0.0408733370161589 0
3812 0.777862075197869 0.3188002402071168 0
3813 0.7313551242678432 0.2508551880252419 0
3814 0.2522863566036335 0.7265145502497786 0
3815 0.04008338675214761 0.9781096597354821 0
3816 0.9598729649404635 0.02235883308840022 0
3817 0.8065332261561992 0.09086814410724786 0
3818 0.3689734242419144 0.6254729437600175 0
3819 0.4102078562204206 0.4767275161297033 0
3820 0.7994646379876911 0.3044586489547916 0
3821 0.3002954500532932 0.7952930462549793 0
3822 0.5660965117713341 0.5380074225308176 0
3823 0.1160880313573628 0.6961354743629635 0
3824 0.2922431022815312 0.9313411508330888 0
3825 0.8541602054506912 0.007111116686214202 0
3826 0.009496766880965917 0.8580377871639554 0
3827 0.3304549388522089 0.4644687991683535 0
3828 0.5110101769016049 0.4117326183949643 0
3829 0.7431772778920165 0.4037554746753861 0
3830 0.08453699033000928 0.7692060597312541 0
3831 0.413893646017383 0.7666843612248903 0
3832 0.7632141477912324 0.3658618882169958 0
3833 0.3696937215075302 0.7688857295723104 0
3834 0.868963995985543 0.1157966167897863 0
3835 0.1315088646665293 0.8842738083621065 0
3836 0.2650336409746838 0.532405329076461 0
3837 0.5391415329353926 0.2667291791619399 0
3838 0.2988769521721117 0.5844490377633682 0
3839 0.585060316022275 0.2974573199079424 0
3840 0.627897594972888 0.372300698486396 0
3841 0.9705504525890964 0.156395537753852 0
3842 0.1578319257947667 0.9603684505377629 0
3843 0.4829184408083698 0.7161128590883979 0
3844 0.1415063209802523 0.6225227538665528 0
3845 0.3753273129426467 0.8579432072963618 0
3846 0.6227039418255708 0.1414253107925226 0
3847 0.8561688520059637 0.3750437775730048 0
3848 0.5613098666610234 0.5039439873789582 0
3849 0.7320666833541215 0.03262614032800583 0
3850 0.03265587746198083 0.7318167521386287 0
3851 0.2289407676484712 0.8034203679423303 0
3852 0.3048846016509643 0.6304319404611683 0
3853 0.5800970007922384 0.5180416026704026 0
3854 0.5948415716249197 0.4819538482729243 0
3855 0.08661122655723785 0.8053263972739355 0
3856 0.1653072007230181 0.9346884910740193 0
3857 0.7044466813918849 0.3230158892700986 0
3858 0.3228477292100903 0.7013864940190246 0
3859 0.08733409091754746 0.9890370219085073 0
3860 0.9120570544679647 0.009964965885464264 0
3861 0.9896909363738957 0.08844235541383355 0
3862 0.01159623724461599 0.9112193854071802 0
3863 0.05583688771602591 0.9361887947723828 0
3864 0.945628024020752 0.06708583454946064 0
3865 0.0572640350333807 0.7751837184874745 0
3866 0.2722576155792151 0.5570723224324229 0
3867 0.5614259475156504 0.2669976295314224 0
3868 0.7191456894105933 0.1932148728994668 0
3869 0.1853717891497827 0.8692588941413509 0
3870 0.8320848607162372 0.374202931795687 0
3871 0.6250245696129397 0.1633425340711185 0
3872 0.3733826985100695 0.8327057718341924 0
3873 0.1632006333814307 0.6249087115144496 0
3874 0.5393647998490593 0.3080701748797287 0
3875 0.3098822761469018 0.5396944740489061 0
3876 0.3443429765638953 0.4481910544246537 0
3877 0.8147836609893125 0.1313087964204053 0
3878 0.1785706940504231 0.7872401816017949 0
3879 0.8225023863146295 0.2148977059750385 0
3880 0.8530756183454893 0.1183777367337404 0
3881 0.1474670595547668 0.8820304657131772 0
3882 0.09854143722245987 0.827030156920574 0
3883 0.9362903577176191 0.2215159198245071 0
3884 0.8462725750557358 0.3595803519472504 0
3885 0.3574823396576637 0.848048185818444 0
3886 0.4013082726132831 0.3889332757080209 0
3887 0.6309138602307689 0.5370795335207131 0
3888 0.8367154816384611 0.1564795628352085 0
3889 0.1633482243978052 0.8435513397046055 0
3890 0.3987903559188149 0.4160837283261115 0
3891 0.740156496559584 0.3888171286899836 0
3892 0.6092219519452198 0.2819918728545743 0
3893 0.2816241079602398 0.6094259050802281 0
3894 0.4998778607241239 0.5783664671719519 0
3895 0.7755907359012095 0.10736657198162 0
3896 0.7684366356428589 0.4159460137075812 0
3897 0.6150929050544481 0.2655348823549086 0
3898 0.265148814545434 0.6149479345927873 0
3899 0.3930258202543727 0.7157988291448381 0
3900 0.3878659624040302 0.7387561000628753 0
3901 0.1197777166821389 0.7760520980896654 0
3902 0.2462127622079783 0.5762515112604829 0
3903 0.6132133712988482 0.5980351598535043 0
3904 0.5068630504122399 0.5619700099105623 0
3905 0.4613934722472162 0.5394907721121409 0
3906 0.8528993137373415 0.2184258568778626 0
3907 0.1497456726634092 0.7819746654543387 0
3908 0.9791022648658263 0.2534361351077565 0
3909 0.2545921387119077 0.9730686493907551 0
3910 0.5626691260096188 0.6658021502958961 0
3911 0.488453660847707 0.7378518719988719 0
3912 0.6848747199758602 0.1951493825757951 0
3913 0.1948927383517391 0.6847558965774421 0
3914 0.6892712861048436 0.2710996312477443 0
3915 0.2719078942228929 0.695004801611312 0
3916 0.5567304414106671 0.6012593012189769 0
3917 0.8019618652921228 0.2317777767212005 0
3918 0.3977638493134443 0.5591130389071736 0
3919 0.8390584377321877 0.1982422798821119 0
3920 0.1615347321634537 0.8021808491675971 0
3921 0.7924252289435454 0.2190599185713765 0
3922 0.5539658435361677 0.4356964593454655 0
3923 0.892912642845333 0.2174474140059436 0
3924 0.1737645892810571 0.5969079254164723 0
3925 0.4028739358569094 0.8253411809952107 0
3926 0.5968943288975037 0.173792272239525 0
3927 0.8247148420594145 0.404240269155716 0
3928 0.7737220361587231 0.02994197828594866 0
3929 0.03167009453672155 0.7732092245010433 0
3930 0.8885806321190239 0.1736088180249712 0
3931 0.1113407259700946 0.8264879208801559 0
3932 0.4686847556596254 0.7361189469969456 0
3933 0.8765823716104202 0.006816431895228338 0
3934 0.009560138073726843 0.8751282237769291 0
3935 0.9929312598989728 0.1238937980142851 0
3936 0.9657786807105111 0.0525186067611287 0
3937 0.03442424942674976 0.9453426990351433 0
3938 0.3967388697837825 0.5360554709667362 0
3939 0.3656519331142818 0.4960512649442459 0
3940 0.7100416478571973 0.4297910200701722 0
3941 0.9318796816356515 0.06162394185894408 0
3942 0.06759416998950396 0.9398465558669631 0
3943 0.4385404467356534 0.472350057067045 0
3944 0.7739380940644356 0.1247829863656193 0
3945 0.2242006317422946 0.8866188605157944 0
3946 0.7213999398339577 0.4090696232944184 0
3947 0.9033953218539414 0.02373837843507333 0
3948 0.09704405597094178 0.977878728645305 0
3949 0.4202855582058553 0.344963467588487 0
3950 0.2669927439916532 0.9095447121617055 0
3951 0.669882914602326 0.5382038851852883 0
3952 0.6482477694768455 0.4946013754876424 0
3953 0.123113655088892 0.7561606522265282 0
3954 0.7026335721333627 0.5254242534691044 0
3955 0.907340142322187 0.2685033453631291 0
3956 0.8653795364881289 0.05289410505367566 0
3957 0.7833184741408088 0.2642604867433602 0
3958 0.25850409552519 0.7833864403350898 0
3959 0.397906795240373 0.4471861441168993 0
3960 0.9784096155059695 0.01008165248940308 0
3961 0.021620471334751 0.9899984352395998 0
3962 0.9898308357510687 0.0216201082097404 0
3963 0.0101722846011044 0.978434599293792 0
3964 0.6394208685790721 0.1483776605159092 0
3965 0.1482015511459479 0.6388025528498338 0
3966 0.9001520357290441 0.07294294297735696 0
3967 0.09943807304310662 0.9280967541136474 0
3968 0.561803534752674 0.2909613265325624 0
3969 0.2971969018842887 0.5661907268832882 0
3970 0.744485434088572 0.1392776111726085 0
3971 0.2566411772355364 0.8599713353516052 0
3972 0.6878685313884376 0.2533527461116875 0
3973 0.2522595565989302 0.6896235349864203 0
3974 0.6672443773850063 0.4509950894726972 0
3975 0.6645392832018304 0.2650442286484516 0
3976 0.4087713156693442 0.4866937436966604 0
3977 0.6607327157854139 0.2207954495017065 0
3978 0.2207280728971112 0.6604694637243602 0
3979 0.614086746145017 0.1801826624077761 0
3980 0.1801484778189332 0.6140723672741436 0
3981 0.4860675961641453 0.5251599624050359 0
3982 0.4920238021619539 0.5340220056451118 0
3983 0.5022680291593227 0.5318611656520404 0
3984 0.8994285243797238 0.09821771036988941 0
3985 0.1007709918891232 0.9023895976062073 0
3986 0.1103842359207354 0.9610768063267832 0
3987 0.8887678943763331 0.04198441194996649 0
3988 0.4512736895493689 0.4697076731988061 0
3989 0.6630005764114776 0.4809021460912121 0
3990 0.563371237175608 0.3770037626820536 0
3991 0.9161454595978866 0.2008649025590937 0
3992 0.07828733494650186 0.8782910775979229 0
3993 0.9219306053807776 0.1219178440002909 0
3994 0.1342680370370265 0.9752121899857775 0
3995 0.9757943209721242 0.1305279053172398 0
3996 0.9722522260624105 0.2121516835208708 0
3997 0.2095856605056028 0.9729741522597631 0
3998 0.1688245177322912 0.9899679112645361 0
3999 0.9888331597803004 0.171862420951506 0
4000 0.1266661999886547 0.962030881408224 0
4001 0.8703181779973814 0.2386177982392346 0
4002 0.8804112038402494 0.2631135663311948 0
4003 0.07187939852769561 0.7854414682150667 0
4004 0.9578235675247846 0.1242437998793675 0
4005 0.3066506244478217 0.6723435425991646 0
4006 0.3490146661297477 0.6676743032235402 0
4007 0.8898168323066726 0.1356647160232449 0
4008 0.1099427934568705 0.8645360754316058 0
4009 0.04147742019890211 0.8415396419198012 0
4010 0.1423076746496733 0.9503020739547494 0
4011 0.8593079162100697 0.1362352795751726 0
4012 0.1407853917087135 0.8638072573953718 0
4013 0.5824118591676234 0.2398917486721003 0
4014 0.2320380105970057 0.5885689523048443 0
4015 0.9505319309253135 0.143018967425552 0
4016 0.7279172540193192 0.2747465041750903 0
4017 0.2747568186269195 0.7264942551005709 0
4018 0.1860963546636956 0.9464188376317368 0
4019 0.6559555854306629 0.1092184478391887 0
4020 0.6062012866703671 0.5372890862264694 0
4021 0.07099054220141565 0.9665498716555879 0
4022 0.9315838648662155 0.03978580970431306 0
4023 0.671366197198464 0.3507199551015637 0
4024 0.4743499388220004 0.5008245356000296 0
4025 0.3458510687083934 0.4756555319260357 0
4026 0.355907029856092 0.6979462103436626 0
4027 0.4306977699936836 0.580711133569082 0
4028 0.640169115867792 0.5579215556105647 0
4029 0.8894551623137873 0.1084813638384872 0
4030 0.1109478623550407 0.8918260336346507 0
4031 0.5718730940792798 0.6308736044410934 0
4032 0.4583721408208053 0.6840741584033739 0
4033 0.276089823059011 0.51678507569648 0
4034 0.5967981739400994 0.5718407381607158 0
4035 0.5920895300078268 0.2801464373363175 0
4036 0.2763550373975169 0.5886715085902132 0
4037 0.4747766003380884 0.4709598473386809 0
4038 0.7720855334779004 0.3087676548317142 0
4039 0.3105505723580361 0.7774720557847924 0
4040 0.9545522972525179 0.05383723959544036 0
4041 0.04537704543417741 0.9409519836871951 0
4042 0.6607244006737046 0.2002793608300272 0
4043 0.2001836317839231 0.6606980539317129 0
4044 0.7182104906182568 0.07241449483336183 0
4045 0.2788610647580133 0.8905169979740025 0
4046 0.1190874936552125 0.7434088584465159 0
4047 0.4098482796950458 0.7217645486660001 0
4048 0.5790700004820277 0.5507923138771219 0
4049 0.6955750316182101 0.3513823797680672 0
4050 0.1873161955995733 0.9266848661813992 0
4051 0.5591676263161761 0.4665827860405283 0
4052 0.4238000173575299 0.7545326162305006 0
4053 0.6905775230538681 0.5150503591942917 0
4054 0.5399450310385959 0.6365180223857735 0
4055 0.7441259657588959 0.1090400290027981 0
4056 0.07302350359957017 0.7163956173652974 0
4057 0.526017624718818 0.6788027803269396 0
4058 0.5857231975149276 0.640842114475045 0
4059 0.4831986211773462 0.3898028673551079 0
4060 0.6061515165968051 0.372120858287787 0
4061 0.8165545548576255 0.3872047420378371 0
4062 0.3854728057163289 0.8178777788247664 0
4063 0.8400378862991575 0.325667148715916 0
4064 0.3238977978053733 0.8405404913144299 0
4065 0.4392945332996425 0.444600508346113 0
4066 0.8043344373825625 0.4268724184972184 0
4067 0.4212578624505366 0.8090825965159355 0
4068 0.3926493857167126 0.3750787098296041 0
4069 0.4608133310971732 0.4869910395355407 0
4070 0.980669511093871 0.05932781123463532 0
4071 0.01928594945374755 0.9397860929390732 0
4072 0.2372126280268996 0.605995054451356 0
4073 0.6061196269923073 0.2398850455387688 0
4074 0.7691583551361406 0.08418713284316039 0
4075 0.7483216244615161 0.4231225280777505 0
4076 0.5393264872298514 0.3512151900909592 0
4077 0.2145028692339369 0.8996978725644139 0
4078 0.8142914208801375 0.3401246548053858 0
4079 0.3393318052699358 0.8139681170715818 0
4080 0.2226271880980284 0.9347233032981223 0
4081 0.4357319002161384 0.7899845227271928 0
4082 0.4970019274579404 0.3471869293671919 0
4083 0.5932867391412109 0.4319722948165722 0
4084 0.5244134474347107 0.3441837431945732 0
4085 0.4857866922601532 0.7021143563888214 0
4086 0.8891494823065833 0.2699506103192464 0
4087 0.4617160467019918 0.3857515805540241 0
4088 0.5660692974140614 0.413181838090959 0
4089 0.7720766267422965 0.4373274511722129 0
4090 0.04768116802517492 0.8173191582487946 0
4091 0.1030375596624816 0.7418719146621113 0
4092 0.39193196176177 0.6700031875964614 0
4093 0.8963025830112124 0.3140155164443562 0
4094 0.3126142266150868 0.8959922781278946 0
4095 0.8536983852907656 0.3143716853534082 0
4096 0.6874390229533264 0.1465104930733696 0
4097 0.3122729137406602 0.8538322823262565 0
4098 0.1449721180316813 0.6894633149257392 0
4099 0.6070968507203215 0.5166220320056212 0
4100 0.728556219934521 0.4291510236823337 0
4101 0.3699243526840744 0.5147113143406991 0
4102 0.808835953883309 0.02356065969748389 0
4103 0.0218404834406743 0.8092434782432569 0
4104 0.4872569549331648 0.4899100553395879 0
4105 0.4421791832363748 0.5700547189804108 0
4106 0.7614360045920642 0.3958114616115951 0
4107 0.3974441315139084 0.7607882079094999 0
4108 0.4764199251604495 0.4489925005892135 0
4109 0.9117801844580204 0.08471764210228201 0
4110 0.08818783516143296 0.9159909304814092 0
4111 0.5957067276242043 0.5895638921575478 0
4112 0.839145130020942 0.5442204239417502 0
4113 0.7334566179515761 0.6433793671468346 0
4114 0.6321462715760866 0.7440852595009284 0
4115 0.5298813853353457 0.8444141061197769 0
4116 0.9012002846990458 0.472459973594405 0
4117 0.4720719178731778 0.906246377855297 0
4118 0.693949996518347 0.7039500021651015 0
4119 0.7914499544421503 0.6041575577423888 0
4120 0.591901616901937 0.8053476206888404 0
4121 0.4190527982950003 0.9346260396387439 0
4122 0.9335304239873762 0.4193522227996895 0
4123 0.8889980038614267 0.5271958873891347 0
4124 0.5284901993224653 0.8988140874285967 0
4125 0.8508545775972111 0.4952977807330639 0
4126 0.7454510826488846 0.5884139587810391 0
4127 0.543952571986543 0.7885990719534264 0
4128 0.6470280441590044 0.6876827251077564 0
4129 0.4798198586192046 0.8527940679497239 0
4130 0.8404822532445504 0.5921026771264205 0
4131 0.7801572862733116 0.655905224273528 0
4132 0.6799038093857592 0.7513260849859419 0
4133 0.5793430439893079 0.8502303911124841 0
4134 0.6463404676869947 0.7901079186954716 0
4135 0.7385122273000659 0.6900321364472169 0
4136 0.9500034041792693 0.4797504435487461 0
4137 0.7764813674464683 0.5483845011905468 0
4138 0.5852675453565926 0.7540209506205949 0
4139 0.68462667205323 0.6537679872115119 0
4140 0.4845875030622347 0.9497541049862139 0
4141 0.42966684594455 0.8876919539352859 0
4142 0.3685288885283289 0.9507272602723859 0
4143 0.9438126274576671 0.3762635895519887 0
4144 0.8916916509687294 0.4207163977524475 0
4145 0.8790921451190561 0.5679686891955662 0
4146 0.9259828035683582 0.5169633901447733 0
4147 0.8058358654135197 0.5063881787258359 0
4148 0.5970015068248834 0.7156832755789005 0
4149 0.6990162551280887 0.6100702056584869 0
4150 0.5044313412088337 0.8106804116600183 0
4151 0.5603212505293305 0.8851814488821679 0
4152 0.8228373909761864 0.6311110250883156 0
4153 0.7171252015023558 0.7291262077399362 0
4154 0.6208858497206795 0.8332598244156976 0
4155 0.5128951400877645 0.929176016654238 0
4156 0.7621224256057442 0.6180180090876114 0
4157 0.6581176182725871 0.7221797616711159 0
4158 0.5574988542810682 0.8156725201339847 0
4159 0.448427011298542 0.9607749412707592 0
4160 0.95920282769114 0.4460330257248988 0
4161 0.8583331820141737 0.4531210902872507 0
4162 0.8081774084344935 0.5722367489979718 0
4163 0.7127963679763325 0.6727040990392313 0
4164 0.6097182060637732 0.7701272385247127 0
4165 0.7712728660972549 0.6828235757316158 0
4166 0.6730929112548313 0.7819954616630158 0
4167 0.5072919899895005 0.8683337568522124 0
4168 0.9279929760685104 0.444461321968928 0
4169 0.4431479831944812 0.9273208355488413 0
4170 0.7488632817522987 0.5518558866357532 0
4171 0.6449159898373333 0.6488113285917827 0
4172 0.5463396491078778 0.7453134775635878 0
4173 0.9129715051446345 0.5425380827691617 0
4174 0.8794730573015602 0.4991087294485758 0
4175 0.8548329268549463 0.5200313455735651 0
4176 0.4420451678473699 0.8547786751061365 0
4177 0.3827491708808169 0.9191867575443249 0
4178 0.3992595359403561 0.9654756487698034 0
4179 0.9138352202215836 0.3829055189306153 0
4180 0.9674862155584781 0.4010669367765742 0
4181 0.3322512468455435 0.9643945508051717 0
4182 0.965755049849445 0.3408284632142027 0
4183 0.7780663587665574 0.5180279088296547 0
4184 0.8210417076747623 0.4756188422990024 0
4185 0.7685827093561074 0.5825369113379872 0
4186 0.5689276152709309 0.7788253928466337 0
4187 0.6743955459238613 0.681527310016891 0
4188 0.5347495752101725 0.8757413928672317 0
4189 0.7504416861237417 0.6604889398659667 0
4190 0.6501761434252938 0.7602512788132447 0
4191 0.5469560320106603 0.914892946378275 0
4192 0.8635668161790295 0.5948993778371047 0
4193 0.8127005918536707 0.6516998554740092 0
4194 0.7062965323779293 0.7544050920454631 0
4195 0.6126381675204097 0.8510778932417058 0
4196 0.6421980025429309 0.8232099902146788 0
4197 0.7416677877703898 0.7226157650716308 0
4198 0.4605234476556968 0.8802747435294626 0
4199 0.6720762079013933 0.6229035140384931 0
4200 0.5708321246058448 0.7230208173585544 0
4201 0.7116443435407686 0.5778265530523966 0
4202 0.6093854980381336 0.6832456206678555 0
4203 0.8048462641690468 0.5410153657328505 0
4204 0.5096815617518887 0.7824992153819323 0
4205 0.9533570997657796 0.5133976491696425 0
4206 0.4031898200870815 0.8918787224715111 0
4207 0.5853703783559361 0.8768856103953679 0
4208 0.5044768006881604 0.9117067984613105 0
4209 0.8479390661117315 0.5648294359231614 0
4210 0.4713757094841837 0.8249904359565053 0
4211 0.7344417325732856 0.6155156441357941 0
4212 0.6322040305240703 0.7150684612204228 0
4213 0.5123389915641757 0.9545097562641754 0
4214 0.5351233513030409 0.8158138042576406 0
4215 0.5013555175338641 0.8387442725145274 0
4216 0.9213937513711218 0.4971446427213796 0
4217 0.8956663598317761 0.3967398584937288 0
4218 0.8976706479850549 0.5643440475199498 0
4219 0.8690684027156521 0.4675637077290369 0
4220 0.6034048414428069 0.7436282618062945 0
4221 0.7036144745819154 0.6431438221958613 0
4222 0.8218773877343372 0.6044858217661053 0
4223 0.7925743631314885 0.6292079579666909 0
4224 0.6953317120467081 0.7289572746304609 0
4225 0.5936505577523286 0.8299300342550815 0
4226 0.6156637591770555 0.8073719086638926 0
4227 0.721015983301654 0.7026483858466233 0
4228 0.5585883741592871 0.8540622829796164 0
4229 0.4867035622059205 0.9731078776180315 0
4230 0.872397079664225 0.5483680769528014 0
4231 0.833488037846103 0.5216048652038499 0
4232 0.9038134968559112 0.5059395608828974 0
4233 0.9816862254233146 0.4949242472530891 0
4234 0.974066536353595 0.4653978711729299 0
4235 0.7906205139985487 0.6732703553065968 0
4236 0.7664199412338021 0.7028218395368867 0
4237 0.6915272939483073 0.7775231410098682 0
4238 0.6636792235385053 0.8005629716103189 0
4239 0.4942498271535096 0.8819279226933104 0
4240 0.4865699780917 0.9269078765917045 0
4241 0.8626820187298292 0.4255517672696338 0
4242 0.4674355844242123 0.9696197823244264 0
4243 0.4489459184807245 0.9013476383468148 0
4244 0.658301754950998 0.7397006704906433 0
4245 0.7300117024514128 0.6707747695876146 0
4246 0.3091257967727812 0.975607471996655 0
4247 0.8979302873357712 0.4532112373966258 0
4248 0.9758335921363519 0.3096163179454904 0
4249 0.5667468484854801 0.9023595479683557 0
4250 0.4294897349134757 0.9081697577349563 0
4251 0.4211216162791239 0.866070212288659 0
4252 0.6243981579769157 0.6727056857181953 0
4253 0.724471162933301 0.5631253567875759 0
4254 0.536107232235342 0.9310758259506807 0
4255 0.3597435548686199 0.925210141191807 0
4256 0.912638930247531 0.4210582815126793 0
4257 0.7586790122577912 0.5333238099302323 0
4258 0.5207885389361514 0.7682492402410617 0
4259 0.9229930198983414 0.3604261010362181 0
4260 0.378281113743858 0.9699613881848821 0
4261 0.9748022891684199 0.4199144636660748 0
4262 0.9703322941494286 0.3636823951359297 0
4263 0.8869947353695966 0.5825015453588533 0
4264 0.387813568687281 0.9420795251726333 0
4265 0.9323368651744168 0.5343332138150285 0
4266 0.9358154699140987 0.3933751423270974 0
4267 0.7813370672206525 0.4892686959276857 0
4268 0.9273133720527051 0.4641395934697539 0
4269 0.4521532321073689 0.8260948197205922 0
4270 0.459393406299309 0.9436524991162105 0
4271 0.7639032311306559 0.6432305735286867 0
4272 0.6325554098661104 0.7739230881317705 0
4273 0.8769403464538231 0.4508103378983302 0
4274 0.5834099107119932 0.8892587667990615 0
4275 0.8926220367740652 0.5459618275790106 0
4276 0.7911836988748643 0.5785839986561779 0
4277 0.6933528384069125 0.6872619163199963 0
4278 0.5944551762131592 0.7849698969567738 0
4279 0.5426309392922706 0.8934578828470523 0
4280 0.6781941486066938 0.6076971982269261 0
4281 0.5799186264347711 0.7095771783351543 0
4282 0.7737943727700116 0.6028135862076829 0
4283 0.5714105106245376 0.805054519853563 0
4284 0.6747690826598121 0.7066922814183848 0
4285 0.8317807305085706 0.6410572025865149 0
4286 0.7272666041302523 0.7437562788690741 0
4287 0.6248650132639705 0.8437581746943519 0
4288 0.5260964133526063 0.9162741727661183 0
4289 0.8328689448836756 0.4977166354968754 0
4290 0.4174382842272624 0.9491392263238609 0
4291 0.646768817110184 0.6258098304894083 0
4292 0.5431430166258594 0.730589116409132 0
4293 0.8356295582794748 0.5747603301166145 0
4294 0.3354126277749481 0.9381671514002712 0
4295 0.9537423610697929 0.4209922004867206 0
4296 0.3541702885518322 0.9773299836449248 0
4297 0.9376738178540969 0.3372507844012363 0
4298 0.8079024503294472 0.5569736172682204 0
4299 0.5217541301372896 0.9509388787429841 0
4300 0.5683970993200341 0.8707668202465744 0
4301 0.5145425449406946 0.8872843585044464 0
4302 0.8228753425326085 0.6462363120575156 0
4303 0.6365899723998968 0.8365464813406778 0
4304 0.7351087684166421 0.7328202656391193 0
4305 0.8719858554546591 0.3989611298608835 0
4306 0.8404390149623329 0.464103287648402 0
4307 0.7997196025154162 0.4848141575505633 0
4308 0.948399645863497 0.5254759872572982 0
4309 0.7606512515790296 0.563291375786956 0
4310 0.666997705586285 0.6593232987820943 0
4311 0.5658763366736151 0.7585681815429391 0
4312 0.4703022936466025 0.9260943644474721 0
4313 0.95065594918852 0.4573458507522344 0
4314 0.6732676354895124 0.7314899563636353 0
4315 0.5737648799080045 0.8295394292100911 0
4316 0.907976836158829 0.5239033079715609 0
4317 0.4013528661245186 0.9140813726749153 0
4318 0.7524840027124926 0.6060057667509073 0
4319 0.6462358810859112 0.7055692357812806 0
4320 0.4906173639073129 0.8656128857127737 0
4321 0.8776924716695849 0.5152098741171784 0
4322 0.5513786521687483 0.8060617268626002 0
4323 0.6037262670146522 0.8731940252994109 0
4324 0.9154495252991615 0.3993742708572606 0
4325 0.7219382897591138 0.685386661483305 0
4326 0.7533051708855065 0.6792512542232406 0
4327 0.671863124482419 0.7612822620108443 0
4328 0.6187111680919279 0.758181765092646 0
4329 0.7192294859851317 0.656897638839285 0
4330 0.7480680642769768 0.6300704151613735 0
4331 0.644650303607993 0.730546344869797 0
4332 0.5510249354348565 0.8320396313899684 0
4333 0.8601379793203672 0.5726396550411793 0
4334 0.4984181770454042 0.9410509564800348 0
4335 0.8529347078464347 0.5521282789082904 0
4336 0.8464789619667299 0.4335769362142352 0
4337 0.8965050797648052 0.487402552467482 0
4338 0.4531761276694395 0.9748317451764121 0
4339 0.8068318246915297 0.6168991723376391 0
4340 0.6068133924822613 0.8165247648105962 0
4341 0.7103895752039089 0.7126309395295054 0
4342 0.7035675589015505 0.6600463904418197 0
4343 0.6043486349926992 0.7597012810769075 0
4344 0.7830881597533398 0.6962956120536676 0
4345 0.6861870837955545 0.7934157595271911 0
4346 0.3799946827307285 0.8978372630401457 0
4347 0.9813243606189035 0.4453984487053177 0
4348 0.5255693726201704 0.8582729492375891 0
4349 0.689124062910667 0.6318142304105756 0
4350 0.5887925417367694 0.7328954810957664 0
4351 0.7775494443540385 0.6297501967932628 0
4352 0.4448586062164045 0.8745619987803047 0
4353 0.4879358094814282 0.8378172325677882 0
4354 0.7683132826019011 0.6655999928034513 0
4355 0.6560978950521615 0.77835589563814 0
4356 0.9179453601951575 0.5616509358229456 0
4357 0.8652609673349737 0.4965600225112211 0
4358 0.6148020692690629 0.787989911792542 0
4359 0.6597293672795023 0.6392281004063107 0
4360 0.5617115546634917 0.7422081696363141 0
4361 0.5178931917807537 0.8274130536775203 0
4362 0.5873003005514009 0.6844557029467178 0
4363 0.6905346131793916 0.5845046216428277 0
4364 0.8038289533268966 0.5883165879388224 0
4365 0.9020423288971668 0.3805947482337295 0
4366 0.9323234422823924 0.5033976482308496 0
4367 0.939306725974017 0.4323266114828019 0
4368 0.4306727557547104 0.937505272143649 0
4369 0.7946158671698473 0.5599688322794588 0
4370 0.3999032961399422 0.8711678583432495 0
4371 0.5232654172959011 0.7986110412491307 0
4372 0.6261137629233329 0.6916790278922099 0
4373 0.7226507357394127 0.597318098269525 0
4374 0.466748034943981 0.8599783074791291 0
4375 0.7066846778193331 0.6886168571151539 0
4376 0.7178469996616718 0.6283340877787056 0
4377 0.6162484920524239 0.7285351382747687 0
4378 0.8514541415900185 0.5052098313876225 0
4379 0.5532279715832746 0.8668264676898085 0
4380 0.7877903563736199 0.5347682325722795 0
4381 0.6846017221005002 0.7178465979490811 0
4382 0.5826121287504351 0.8170971221232324 0
4383 0.2909671023511707 0.9830051398931025 0
4384 0.7986226654521323 0.5246344095963279 0
4385 0.3108508717031647 0.9601180445574208 0
4386 0.9168127212768171 0.458289827008092 0
4387 0.7617721593798302 0.5497318958199819 0
4388 0.9830130607681109 0.2908657659360072 0
4389 0.5372943173618558 0.7728536977491745 0
4390 0.6381611505404809 0.6693905051106815 0
4391 0.7432186279837611 0.5679305222169855 0
4392 0.9603449401467032 0.3120573636517731 0
4393 0.8221439331139857 0.5366846134640492 0
4394 0.7597102863576589 0.5947660733183906 0
4395 0.6636951343550356 0.6971781581042996 0
4396 0.598607723413234 0.858167138156894 0
4397 0.3215953154515426 0.9847613540338531 0
4398 0.5276441253714873 0.7471319635163833 0
4399 0.6278285523597121 0.642757057925269 0
4400 0.7352416405944107 0.5395793840847443 0
4401 0.971815061011581 0.5107325360934959 0
4402 0.8102916847180894 0.6704380734115529 0
4403 0.7070200090584804 0.7676975690477227 0
4404 0.6607389646696491 0.8202100651037778 0
4405 0.7618593464897583 0.7170895410058409 0
4406 0.9854956946612707 0.3231152952892666 0
4407 0.558382927109293 0.794788590728802 0
4408 0.4933205524368329 0.7798074619594222 0
4409 0.8219766336565554 0.5898076741851702 0
4410 0.882946738181247 0.598274055298214 0
4411 0.5955858210092803 0.8445574086189778 0
4412 0.8542502572614751 0.6043931413954214 0
4413 0.8856421442370765 0.4656943148084725 0
4414 0.5305130382486508 0.8891019393311709 0
4415 0.8355621499926448 0.6194056913752963 0
4416 0.8084166365093725 0.6407923959363431 0
4417 0.7061315879761397 0.7392351966471398 0
4418 0.7307547383615317 0.7180326266779697 0
4419 0.6306303621770163 0.8200484479925407 0
4420 0.6019366639640206 0.796178614573451 0
4421 0.8675952601565343 0.482070955992671 0
4422 0.846513764790131 0.5313691757149616 0
4423 0.4059600405283924 0.9837272905615622 0
4424 0.9836577046150663 0.4023582820964882 0
4425 0.8661872870098588 0.5604233691503679 0
4426 0.778226200775504 0.5665508687854469 0
4427 0.5882384002165432 0.7720426991693625 0
4428 0.6858739546787992 0.6694598676541356 0
4429 0.4259044673220516 0.843072144133846 0
4430 0.5050795727864605 0.9736909669417574 0
4431 0.9278537878635063 0.5504798025747444 0
4432 0.3667132160265246 0.9155657276439224 0
4433 0.7699009038425753 0.5010052924637314 0
4434 0.8356968226164363 0.5597649705744675 0
4435 0.9086544700756799 0.3672908946322846 0
4436 0.54875068018863 0.7749530081254674 0
4437 0.7543907369512932 0.575656532158481 0
4438 0.6571972550025429 0.677067256629126 0
4439 0.4802957794465048 0.8872341944437399 0
4440 0.4162939400655034 0.9004707692845902 0
4441 0.3832677527269492 0.9564905422100043 0
4442 0.9039811982961921 0.4101009337204465 0
4443 0.8500200069848969 0.6242276820402272 0
4444 0.7083668113002479 0.560261134796927 0
4445 0.6081269295762681 0.6636631178311663 0
4446 0.3494522691136591 0.9525961648614092 0
4447 0.9838092054441543 0.4800449855327484 0
4448 0.9005491350534347 0.5350749597804018 0
4449 0.9564636924877649 0.3809911430671178 0
4450 0.3737966648318095 0.9343256133803095 0
4451 0.6329822464140503 0.7589926501065529 0
4452 0.4767605369421955 0.9835480110453987 0
4453 0.7488336101292629 0.6438252890564959 0
4454 0.9481914108707183 0.3560362829512345 0
4455 0.812590243262389 0.4567086298115727 0
4456 0.930684977121391 0.3726868058671063 0
4457 0.4742170539213401 0.8399568573808082 0
4458 0.7976797949151087 0.6586061652548671 0
4459 0.690913335341276 0.7589133796712959 0
4460 0.6489373961825396 0.8077996949782613 0
4461 0.7477336983290191 0.709697059975352 0
4462 0.4695310048769165 0.8088624124020094 0
4463 0.5003042978622146 0.9276702467133526 0
4464 0.5013594202993217 0.7684530305507745 0
4465 0.8823344013484459 0.4839489450039304 0
4466 0.5633187269570475 0.9184378754940878 0
4467 0.5395602248949751 0.8623321757948031 0
4468 0.6090544568454304 0.8385899043943663 0
4469 0.5474702870424445 0.9296744673247129 0
4470 0.4724911452644557 0.9411593623210404 0
4471 0.8368913333814254 0.6074176738917725 0
4472 0.4571614635229507 0.8105693316311862 0
4473 0.4979370001468915 0.8511956495509774 0
4474 0.6197627181840837 0.8615001029013906 0
4475 0.7781915025954699 0.7066751224705756 0
4476 0.7956285209876467 0.6877134296572252 0
4477 0.6963750854920787 0.7881367381312124 0
4478 0.6778497286932892 0.8056396326713393 0
4479 0.8143912934523641 0.4908699353898392 0
4480 0.4021737506291725 0.9470238802412769 0
4481 0.5486399492850946 0.8169636572062585 0
4482 0.9421324457088419 0.4461979730084761 0
4483 0.7944509954294803 0.6422984720518894 0
4484 0.6980426915059958 0.7486100046362162 0
4485 0.6315122959365316 0.8057937824792674 0
4486 0.7344891154924337 0.7048454769564866 0
4487 0.4883264448334595 0.7934076846327693 0
4488 0.6558730401744817 0.6169451910184887 0
4489 0.5537393805686558 0.7156710108438 0
4490 0.9493939524888326 0.4030396983100262 0
4491 0.5955820009513639 0.8882804476384084 0
4492 0.9010258602775016 0.5816070566534 0
4493 0.8748654538871117 0.5832294259290822 0
4494 0.7212323901717025 0.760233642454299 0
4495 0.7294802242181635 0.5790836897508513 0
4496 0.5654578861617447 0.8416539875762751 0
4497 0.5189871106183382 0.9030153252412662 0
4498 0.9138053483175138 0.4762151909545795 0
4499 0.4874295395646475 0.9135549088768875 0
4500 0.7063717174705327 0.5919641357069811 0
4501 0.599801118377709 0.6948071092524761 0
4502 0.8897409406259387 0.5114906214306502 0
4503 0.8677481322030829 0.5283952011640717 0
4504 0.9198797973969094 0.5297547452570974 0
4505 0.8797829478757994 0.3907548093364405 0
4506 0.5273678463167333 0.781970038607871 0
4507 0.8206067264965695 0.6614423807850739 0
4508 0.6520795265279152 0.8305738759896403 0
4509 0.7514676604809297 0.7302302967528256 0
4510 0.8726917102108385 0.6073902757163749 0
4511 0.9618411149094412 0.4955790555585418 0
4512 0.5479887677152089 0.8802948462600717 0
4513 0.2726214277155621 0.9906574776318023 0
4514 0.9906611476666473 0.2725941003453062 0
4515 0.962742073863752 0.5204683364203568 0
4516 0.836723305331782 0.4792422791764109 0
4517 0.6838864093181289 0.6180752154394245 0
4518 0.5837503073084905 0.7196657960805284 0
4519 0.8548660716776033 0.4665448008901608 0
4520 0.4870260519958419 0.8088749701421459 0
4521 0.9700206994435545 0.476163907452287 0
4522 0.4959029990376682 0.9560077946018151 0
4523 0.8648499774030531 0.438309328057055 0
4524 0.7551544397058022 0.6928992680174604 0
4525 0.6824138454717921 0.7694267931323364 0
4526 0.520213425077704 0.8131722301283787 0
4527 0.5151600867698758 0.8413281536376596 0
4528 0.4932457700970814 0.9873048986761856 0
4529 0.389526507182335 0.8835929301340154 0
4530 0.5358228123937193 0.9049851156092596 0
4531 0.5798842673946428 0.9041660030072802 0
4532 0.8453391122690459 0.5745384818833605 0
4533 0.5356489374916706 0.9479749004875522 0
4534 0.6139953108945044 0.7094765314343442 0
4535 0.7188682306162819 0.6129148526017912 0
4536 0.7331526130468127 0.6575751524451696 0
4537 0.646060313915704 0.7434349841878983 0
4538 0.5028069282575157 0.8251965252755054 0
4539 0.5753031637648417 0.8792725389385088 0
4540 0.4458855055092052 0.9460782353116305 0
4541 0.5192199924043561 0.9628919804045947 0
4542 0.9403130255927681 0.4909976794850283 0
4543 0.4467207567043459 0.8850063479536844 0
4544 0.8853908863537374 0.5566405479870736 0
4545 0.7469119314706651 0.523521546797462 0
4546 0.7581184609017602 0.5118722920260115 0
4547 0.413144716585006 0.8791080151058461 0
4548 0.9054046411121425 0.5536782004418075 0
4549 0.7821727257403419 0.5893881977432175 0
4550 0.6808248675006695 0.6984546675101574 0
4551 0.5821214884170691 0.7940095282836295 0
4552 0.9847439196990511 0.3606260022505408 0
4553 0.481368734651318 0.9641454952519408 0
4554 0.8139578382078307 0.5236861600270896 0
4555 0.3750646070584144 0.9837116115144515 0
4556 0.9429312729266999 0.5087143058115279 0
4557 0.4592229378644415 0.9146195382086386 0
4558 0.924794982544865 0.3465168069123392 0
4559 0.8598111288099483 0.5400591148202972 0
4560 0.776386448819932 0.5340535571680153 0
4561 0.4400891305659895 0.9121045704944768 0
4562 0.3457408557167022 0.925691053235558 0
4563 0.4755519133509087 0.9529515122486258 0
4564 0.4578800395484066 0.9852348531345412 0
4565 0.6016072764536772 0.7296995011561654 0
4566 0.7026933952457214 0.6285913391194207 0
4567 0.7733357924718598 0.6943374397127891 0
4568 0.6753925674456515 0.7964519428529223 0
4569 0.7862779278212858 0.6851872816007925 0
4570 0.6840464602721912 0.7843077981731815 0
4571 0.4850592993495526 0.9005472927542233 0
4572 0.8365739876496256 0.6479526513340595 0
4573 0.6385514145851727 0.8468218136881026 0
4574 0.7374370573812108 0.7474038768461029 0
4575 0.9846995471044906 0.3801321804353209 0
4576 0.3677029267013525 0.9654767998950129 0
4577 0.9447289499571357 0.536847535545026 0
4578 0.511380260570364 0.9417079424080366 0
4579 0.9593184530121153 0.3668197181902708 0
4580 0.5648407179996604 0.7049071232210553 0
4581 0.6680785369894755 0.6092640562382801 0
4582 0.7908167348729294 0.5457588193970118 0
4583 0.3906076053679863 0.9848791553796972 0
4584 0.7778199228805867 0.6687706409062849 0
4585 0.6592437817486977 0.787913375877766 0
4586 0.9089643311012023 0.4434932546236929 0
4587 0.4031959522280658 0.932024827617788 0
4588 0.8059696522626891 0.470233128209373 0
4589 0.766115181935155 0.6563147658537917 0
4590 0.5145710417675745 0.9194748400775863 0
4591 0.9869400685196186 0.4259803119752548 0
4592 0.4658679443694584 0.8936593575134973 0
4593 0.924644199655632 0.4082707224558531 0
4594 0.4592547281429092 0.8454149773782615 0
4595 0.8710624318937796 0.4191652908937327 0
4596 0.4384125112322581 0.9795548397564489 0
4597 0.6463956952940891 0.7761174087507698 0
4598 0.8281905725473382 0.4464067391624694 0
4599 0.8207716728244476 0.5132404200941229 0
4600 0.9092080797897337 0.49168960276179 0
4601 0.9147612968084854 0.5110946198203702 0
4602 0.9005595560622761 0.4318298249151267 0
4603 0.6721999658343059 0.7456953350398098 0
4604 0.6961431081015501 0.6739535704400537 0
4605 0.5988285285426864 0.7696447693414999 0
4606 0.8062856797150528 0.6039029970075406 0
4607 0.9846272986678186 0.4643207221721508 0
4608 0.3567287647712801 0.9339172991792831 0
4609 0.7622112541328718 0.6092333843236063 0
4610 0.6596748827033052 0.710148807352844 0
4611 0.559106341693962 0.8096571647184103 0
4612 0.9313108113399504 0.3587084301329218 0
4613 0.8612999666139619 0.409404612028211 0
4614 0.4357084518598813 0.899175553229743 0
4615 0.9682477464486152 0.456754719359049 0
4616 0.4742234479075149 0.8735305459190219 0
4617 0.5330301777011133 0.8299792832919156 0
4618 0.4230595545776037 0.9208901515858771 0
4619 0.791733739796476 0.4996457481243763 0
4620 0.4345613848263508 0.8709994172135487 0
4621 0.4158611046081748 0.8511349011664497 0
4622 0.8258292755069705 0.4610132719173935 0
4623 0.9091947229343763 0.5719473616216544 0
4624 0.7084478398480238 0.7021424966438264 0
4625 0.8407619413694681 0.6353052162487455 0
4626 0.5881006676709533 0.7039154949135392 0
4627 0.682837454553044 0.5978290351815093 0
4628 0.6541704456899067 0.7309416397375186 0
4629 0.6929420738794232 0.6425501378085696 0
4630 0.5929428329632948 0.7431019871690583 0
4631 0.6004602470335801 0.8132265474199865 0
4632 0.6056648148154732 0.8047407691420109 0
4633 0.5047322021239278 0.8786036850045178 0
4634 0.4886153991545197 0.8475337473680726 0
4635 0.3231122220612556 0.9499436394841003 0
4636 0.5759120507163505 0.6950090991872062 0
4637 0.8922268946257865 0.5015068612653052 0
4638 0.3066499068034224 0.9856377147797638 0
4639 0.7628158206144782 0.6302122457419038 0
4640 0.6312548187117375 0.8527280709555917 0
4641 0.9858331639488251 0.3070415442653153 0
4642 0.2999681625778756 0.9702758392818488 0
4643 0.4626800635904756 0.9568114651099753 0
4644 0.9206875367188193 0.4323475833579589 0
4645 0.395223761816677 0.9012444813792337 0
4646 0.9703977174412668 0.3003318090932778 0
4647 0.5715938489753649 0.8887017651271545 0
4648 0.8526584749091251 0.5830429818299657 0
4649 0.9090318685050995 0.3928573837669913 0
4650 0.9419310678543189 0.5454835911135096 0
4651 0.583885802271617 0.864188528845292 0
4652 0.9498524791086062 0.3255315653822234 0
4653 0.4185025221598544 0.9650794776388046 0
4654 0.5209005270135075 0.8719345207487635 0
4655 0.4226053717339882 0.9822127509094603 0
4656 0.8523403722497573 0.4810096953730156 0
4657 0.9658066359177717 0.4137013726677144 0
4658 0.7898538250285863 0.4799485568472305 0
4659 0.720330181876595 0.667028761323028 0
4660 0.8522343312704832 0.4203756185917385 0
4661 0.337000049615983 0.9814493897667967 0
4662 0.3554770263030504 0.9173153987581676 0
4663 0.8821243669580404 0.4094485113436369 0
4664 0.4355473183617278 0.8372505050075074 0
4665 0.5384435665164822 0.8020833308527616 0
4666 0.7977411131234358 0.5704423767172361 0
4667 0.5245969971252912 0.9307441142504911 0
4668 0.9675185606350244 0.4333359389908607 0
4669 0.9906012062708799 0.4134728382275347 0
4670 0.7764596933390331 0.617238385520968 0
4671 0.7183640157100903 0.6431904335773875 0
4672 0.6176074059245736 0.743829617221587 0
4673 0.5362962934697778 0.9211615018401762 0
4674 0.8924314566958761 0.5901667559694412 0
4675 0.4343323496465923 0.9634538606969917 0
4676 0.5488626999378873 0.7603699208755346 0
4677 0.5761054773373703 0.7377350039120121 0
4678 0.6764260816930863 0.6367966586293433 0
4679 0.6187726062859003 0.7720144543461172 0
4680 0.6350882315327708 0.7044886755329297 0
4681 0.7387102087315387 0.6016366049700221 0
4682 0.7196653788302524 0.5501340673646949 0
4683 0.6195404791086465 0.6575280052461702 0
4684 0.9158526406313924 0.3539628430794071 0
4685 0.4093983953443044 0.8591708883827168 0
4686 0.9845601838606254 0.3409811387512542 0
4687 0.6522477558966441 0.6643454585564825 0
4688 0.7508505193936039 0.5610021674920543 0
4689 0.5320791189330393 0.7334079065318311 0
4690 0.458176893950668 0.9329026399845529 0
4691 0.8014781237296511 0.6804997108793933 0
4692 0.7043133683880952 0.7831521076870409 0
4693 0.773879883949961 0.7145410930981592 0
4694 0.6706913551831328 0.8114560411753686 0
4695 0.5820026469058553 0.8360923605912802 0
4696 0.8431645602389014 0.4487977089193736 0
4697 0.888494967954167 0.4417574618853258 0
4698 0.5112804174583812 0.8549210676035286 0
4699 0.8804730445478177 0.5372862062580008 0
4700 0.86836580701396 0.4570448560424887 0
4701 0.9374116002029893 0.5213354337684692 0
4702 0.5121766966091515 0.7584839786418417 0
4703 0.6992550866423152 0.5714051783295331 0
4704 0.5978590669512326 0.6734354608696667 0
4705 0.4873552040500791 0.8242604425813271 0
4706 0.4252579194111356 0.8529988232182188 0
4707 0.5684212322434871 0.8582810139469621 0
4708 0.8178095072683257 0.6397763205054799 0
4709 0.7283125496285572 0.7269904040519922 0
4710 0.6291764917124152 0.8296714333806633 0
4711 0.6074920335429742 0.825903589425425 0
4712 0.9519216284631558 0.4387715533887118 0
4713 0.9808849306442716 0.5051270608454987 0
4714 0.9045869492061949 0.4614744868172249 0
4715 0.6638352725638978 0.7510895535679343 0
4716 0.4854359366788663 0.940077617817726 0
4717 0.5926596984617369 0.8971650418157818 0
4718 0.7430677988394527 0.6756697713666892 0
4719 0.6359159767852623 0.6356655854823238 0
4720 0.8218445407302359 0.5571580665311303 0
4721 0.3181726166721276 0.9713958790221449 0
4722 0.4767782048630175 0.9148478567006501 0
4723 0.5290754183501628 0.9551159112940503 0
4724 0.941474083870492 0.4678983993561435 0
4725 0.8795616762140822 0.4299055180718398 0
4726 0.6317602706060432 0.7897790620107829 0
4727 0.9720770383967192 0.3205287015051104 0
4728 0.7334022026385714 0.629328004713637 0
4729 0.6311817731355753 0.7293225685072586 0
4730 0.7608437403362418 0.6723870141442232 0
4731 0.6628039980684575 0.7708180899716379 0
4732 0.9344960854173896 0.4560885148437805 0
4733 0.7476957237414923 0.542076243323257 0
4734 0.3888675145966566 0.9738779667449921 0
4735 0.4321379939501772 0.9484009112755242 0
4736 0.8909977306755479 0.5745411718654999 0
4737 0.8336907322843745 0.6281321780962249 0
4738 0.7144357755975804 0.7496457440813346 0
4739 0.7374154861843341 0.5565127512167745 0
4740 0.6321468716267965 0.6539207575960854 0
4741 0.9594470433294597 0.4679299141212875 0
4742 0.4990354570687951 0.8954076337100048 0
4743 0.8219015249131316 0.5738592547554511 0
4744 0.5562455131638846 0.9289242171422611 0
4745 0.7915925239175847 0.6166864848814736 0
4746 0.8472334508519621 0.6111278028129605 0
4747 0.9697991706307262 0.3823115303106016 0
4748 0.5446360149679739 0.8485398596561433 0
4749 0.6696186416687985 0.7141365352592947 0
4750 0.563811742368445 0.8215867263650367 0
4751 0.5476261131290777 0.9384087629817952 0
4752 0.5747222304038457 0.9142384264387743 0
4753 0.5337448866482529 0.7630647195001866 0
4754 0.7918949998459675 0.594445344906894 0
4755 0.7646042243381577 0.5205802690267556 0
4756 0.5543715488919654 0.8987858353064314 0
4757 0.5108818058773559 0.7731162600456791 0
4758 0.8303952239430207 0.6537194381774935 0
4759 0.6464948752519246 0.8382231619627981 0
4760 0.7432002878341619 0.7406001456882212 0
4761 0.9472235718336954 0.4986001344914027 0
4762 0.8215632365191211 0.6176209017642219 0
4763 0.8072414501380969 0.6292967737596376 0
4764 0.7194280591201184 0.7150490302531671 0
4765 0.6188830110170639 0.8218398756967807 0
4766 0.7042678055800077 0.7187906531369149 0
4767 0.7792415453650763 0.642930798439398 0
4768 0.3659663304286165 0.9055485481319928 0
4769 0.7288158398586271 0.7550154753511673 0
4770 0.9288381349950812 0.4788640975814979 0
4771 0.7055023742990009 0.678223505677261 0
4772 0.8176070719378955 0.446432772806168 0
4773 0.8623769861416499 0.616572017742727 0
4774 0.6041481578803494 0.7770897416879939 0
4775 0.6629477398640641 0.6256050838467682 0
4776 0.5570675253530252 0.7269825280271163 0
4777 0.9001896159232449 0.3651102692706147 0
4778 0.5067135717707714 0.796178057752789 0
4779 0.897208006437761 0.5168904250089649 0
4780 0.9566781943344917 0.5280527348346811 0
4781 0.453649531283616 0.8678577265140326 0
4782 0.7491025374567197 0.6174744809687764 0
4783 0.645279487845379 0.718455894811296 0
4784 0.88912175629347 0.3777939330756168 0
4785 0.5231256652569189 0.9427269921691435 0
4786 0.3915773843925353 0.9312718389549863 0
4787 0.3658712691971158 0.9243045951720792 0
4788 0.7151025731760587 0.5672087038785071 0
4789 0.6142067696488887 0.6735351991543893 0
4790 0.687170105301925 0.7402444775376801 0
4791 0.9191339549867947 0.3703948118342366 0
4792 0.8616179684833019 0.5090993341249161 0
4793 0.9242653577192531 0.3869733197999258 0
4794 0.8436332045238282 0.51142742125979 0
4795 0.8165431708873691 0.8119010323063919 0
4796 0.9101467894138017 0.7165255282518713 0
4797 0.7079176624794776 0.903657445731723 0
4798 0.7795326489732726 0.8718295175641593 0
4799 0.8740642580756105 0.7776482255824223 0
4800 0.6548923611442443 0.9243336966647481 0
4801 0.9274111973165118 0.6597240323041283 0
4802 0.8501847222456274 0.7251311467007464 0
4803 0.7237944811392516 0.8566484988179787 0
4804 0.7666744402414627 0.8241582777754178 0
4805 0.7656351749960184 0.9202590833245032 0
4806 0.8307579739974799 0.8531080422480082 0
4807 0.8664663392809977 0.819655044230706 0
4808 0.918992676479238 0.7642394235134015 0
4809 0.8102129482654881 0.7594746857490389 0
4810 0.6749781930504088 0.8852422966955088 0
4811 0.8879890611487372 0.6761030909864276 0
4812 0.7331722057409316 0.9527851387540885 0
4813 0.9531934047718859 0.728690397688354 0
4814 0.9496108325796513 0.6174462435757558 0
4815 0.6188422837904819 0.9492017154734992 0
4816 0.8106627589815918 0.8898574072461484 0
4817 0.7776414442944232 0.7811388885891053 0
4818 0.7967374764039623 0.8388376704918474 0
4819 0.7435551734762069 0.8899616790131044 0
4820 0.8968061290111808 0.8024758205270118 0
4821 0.8417295778813941 0.784049978320209 0
4822 0.8868883554031918 0.742122586710995 0
4823 0.9414363579545267 0.691229216903158 0
4824 0.6954117886095746 0.9359094507668151 0
4825 0.7922846794976222 0.9124334211583662 0
4826 0.7344872329937308 0.8205434181651245 0
4827 0.8532605812288039 0.6962980895226578 0
4828 0.6902697868148517 0.8558153723767054 0
4829 0.8633512791129795 0.8458782208157861 0
4830 0.8196536070216294 0.7277837090716855 0
4831 0.7559883099091089 0.84499752261172 0
4832 0.9668914208531921 0.6692215057566895 0
4833 0.6622281861084566 0.9651556248159944 0
4834 0.8547697633287521 0.7562793484455894 0
4835 0.9235887586892081 0.7890193495455646 0
4836 0.6472188862280477 0.9017478609730013 0
4837 0.9020392138049795 0.6500613829432497 0
4838 0.9626697982210731 0.5803903476438376 0
4839 0.5804175476705802 0.9626605879436814 0
4840 0.8851576432963881 0.7102666122686407 0
4841 0.7161904209750463 0.8791043484292198 0
4842 0.7534780757663834 0.9551835051717057 0
4843 0.7482438501304657 0.7919550855243331 0
4844 0.9514050881337824 0.7562572073505887 0
4845 0.8356490618936305 0.8293817951409116 0
4846 0.7731733361115363 0.8951285346439063 0
4847 0.8376344044598192 0.8777390469296197 0
4848 0.7898818794711053 0.8046116262283435 0
4849 0.889380782778904 0.827105601234579 0
4850 0.9173302138340813 0.6879149138057268 0
4851 0.6862281835850756 0.9154791555244813 0
4852 0.8037293796156638 0.78197799757291 0
4853 0.9182806587326544 0.6205179657494099 0
4854 0.6231849361144063 0.9150450086895787 0
4855 0.7794976646920431 0.75191898335134 0
4856 0.7047159755689896 0.835738098681715 0
4857 0.9281202267761997 0.7389941796069348 0
4858 0.8106893524719616 0.8554258354966804 0
4859 0.738263917671669 0.9307674295111602 0
4860 0.8595571456368497 0.7938521920941191 0
4861 0.7834400483530793 0.9331602444848639 0
4862 0.9032430779021591 0.7774842321761827 0
4863 0.9621324778575483 0.7100077041931627 0
4864 0.7088761427546314 0.9654686827795257 0
4865 0.8293986542794125 0.7019214405247263 0
4866 0.6395980861706528 0.9743782393985924 0
4867 0.9727566435505502 0.6397669504483461 0
4868 0.9395246349200053 0.7777281341303621 0
4869 0.8422676171759982 0.8049013699870837 0
4870 0.8333631818269801 0.746593445617473 0
4871 0.747854468934752 0.9710080066216139 0
4872 0.9702369996755235 0.7484685082458027 0
4873 0.9055154099800058 0.7467385577754285 0
4874 0.8124931976881072 0.9037960550600199 0
4875 0.8638424942890689 0.6683445835498786 0
4876 0.6674144508349953 0.8691153661391109 0
4877 0.9753267243601074 0.5650680079065735 0
4878 0.5650708919606025 0.9753256484436151 0
4879 0.7428074475188018 0.8656397270025391 0
4880 0.790375047420931 0.8848092648548853 0
4881 0.7771850499609975 0.8478725979763526 0
4882 0.8187601019725271 0.8372868482695951 0
4883 0.8002400409338668 0.7338748733383741 0
4884 0.6102538947688292 0.9688813006923979 0
4885 0.968809431247844 0.6099841366185872 0
4886 0.5956920025170778 0.9411357837497075 0
4887 0.9412336062202118 0.5955160194343855 0
4888 0.7465688053409134 0.9086326748058031 0
4889 0.8505591002630528 0.8666947245629464 0
4890 0.8773315394211456 0.8436101372917753 0
4891 0.9289971693499367 0.7149454142344933 0
4892 0.8748736610887951 0.8114398838985351 0
4893 0.7158806395799413 0.9226994418733891 0
4894 0.6679556922800322 0.9054354896166128 0
4895 0.90158905786809 0.6684340431854482 0
4896 0.760022205544597 0.7718971179788098 0
4897 0.9422499908126074 0.6422834154325076 0
4898 0.6435917170812695 0.9422364437940698 0
4899 0.9153659106836143 0.8066576217781956 0
4900 0.8301859761020279 0.8944191852741066 0
4901 0.7244767341997324 0.8968477094157906 0
4902 0.8755226956983476 0.6568295793549976 0
4903 0.7507224294152349 0.8294071619381456 0
4904 0.8879441952779999 0.7607393440203984 0
4905 0.8920497941613806 0.6975976130192908 0
4906 0.6548644564227976 0.8796880324231734 0
4907 0.7304192274925829 0.7978395603253127 0
4908 0.7698104543265839 0.7986171261833465 0
4909 0.6964707797377208 0.8968435168101088 0
4910 0.8291863201956264 0.7954719091227734 0
4911 0.7802794026798829 0.8236876810113093 0
4912 0.9006812267728577 0.8209184789747423 0
4913 0.7553899123911889 0.8738316975302984 0
4914 0.8033554735111038 0.823072938148643 0
4915 0.8323462390440421 0.7679646451981692 0
4916 0.8581805631092557 0.7764383474851624 0
4917 0.817028263331166 0.8696827873924652 0
4918 0.8935675162596445 0.7247605487791682 0
4919 0.7292095886362174 0.9701915186689398 0
4920 0.9316727091299745 0.6071000012407305 0
4921 0.6078334045931054 0.9310212363220873 0
4922 0.8633263838344701 0.7364898073297843 0
4923 0.7471970706287634 0.8148787919981347 0
4924 0.8902766557204952 0.7916629542704456 0
4925 0.94283239031657 0.6775750984081055 0
4926 0.6706981312475347 0.9457738892041374 0
4927 0.8412932605191716 0.8413529720801629 0
4928 0.6902065480909667 0.8791703846728944 0
4929 0.7948341518008815 0.9272344507910327 0
4930 0.8775883555292213 0.6907379873252707 0
4931 0.7785807925556598 0.9462464469653475 0
4932 0.6893691262559815 0.831934365464107 0
4933 0.7971592248695347 0.7662011922640919 0
4934 0.7135005960778601 0.8111316877385989 0
4935 0.8684867805684446 0.709826159275758 0
4936 0.9364400659992682 0.7513124591366752 0
4937 0.6255797482802045 0.9017512388696851 0
4938 0.905302892050141 0.6306713710413863 0
4939 0.7087250278339566 0.8627694620528882 0
4940 0.731436201805964 0.8724035293694647 0
4941 0.7792305476717146 0.9175986857787228 0
4942 0.9770357367160913 0.6828426760691291 0
4943 0.6816057702322207 0.975129401884212 0
4944 0.7479791052405718 0.935801322263161 0
4945 0.9472403268089963 0.717739225227186 0
4946 0.7347715736446201 0.8345944653502146 0
4947 0.7174492980446936 0.9505841287730848 0
4948 0.8392320899157686 0.6880451384085134 0
4949 0.6450895162708958 0.9194995037472785 0
4950 0.9200406007256521 0.6510627796547561 0
4951 0.7668787192252069 0.7601853591320173 0
4952 0.8693704644776403 0.7620492076448285 0
4953 0.9360605950472383 0.7933921677114678 0
4954 0.819527447853338 0.7045387976189127 0
4955 0.8364734643949089 0.7194920921188855 0
4956 0.7696964786230128 0.8378584376931866 0
4957 0.8006927078777425 0.8974492173702304 0
4958 0.9017394934067543 0.7918766742341145 0
4959 0.6895176130591477 0.9555841893355619 0
4960 0.9581356195444217 0.6860152956706722 0
4961 0.7555936652006361 0.9658984344644491 0
4962 0.7931181342057056 0.8580978392280492 0
4963 0.8540284157851175 0.8385095631173337 0
4964 0.8687272165448862 0.8612994539469483 0
4965 0.9040401812535021 0.7619870045355893 0
4966 0.8182036833904613 0.7708209133935066 0
4967 0.8476289924846521 0.8188356308959972 0
4968 0.7706831522786779 0.9353245595932329 0
4969 0.9824803630982033 0.5459375849520858 0
4970 0.5459378226419024 0.9824802768399767 0
4971 0.9632939934249847 0.7578613489148278 0
4972 0.8135772393751279 0.7441747995728309 0
4973 0.8766129998082423 0.7282538193377285 0
4974 0.948044391947813 0.7716832693931746 0
4975 0.9835011353199643 0.6566027639281997 0
4976 0.6552693829033879 0.9841270150414493 0
4977 0.6724114550502134 0.851753313904876 0
4978 0.6790531701226135 0.9283759942328155 0
4979 0.9265090211328391 0.6767707922588082 0
4980 0.7664579999800141 0.859602697538022 0
4981 0.9499520053316822 0.5700647059486278 0
4982 0.5700784608331242 0.9499469576826414 0
4983 0.8422366722250023 0.85619117205384 0
4984 0.7614935892181969 0.9014359309302837 0
4985 0.7994563353776556 0.7973133707214907 0
4986 0.7456283017983414 0.9865145583002087 0
4987 0.9863534560918884 0.7457894043178587 0
4988 0.9173299727490462 0.7800858240213508 0
4989 0.823345952619976 0.8229196923300109 0
4990 0.8504784558161933 0.7430182734786982 0
4991 0.9184912540416955 0.7042427093445676 0
4992 0.8028735747778055 0.8759820050823609 0
4993 0.7858832605521283 0.7914523694468243 0
4994 0.9126361019563745 0.7331332419310942 0
4995 0.739673479413681 0.8513932507325565 0
4996 0.8749889198813763 0.8279921370783571 0
4997 0.7017559608932423 0.9181679045406939 0
4998 0.8143861726727999 0.8487404073205964 0
4999 0.8752323668863887 0.7938452448888822 0
5000 0.9800948594239161 0.5780137510272361 0
5001 0.5780243481291728 0.9800932392870119 0
5002 0.6280876669155683 0.8878159168263748 0
5003 0.8870762299796946 0.6301135069268776 0
5004 0.8076283665123296 0.9219087250462581 0
5005 0.6602804037363906 0.8933434308820032 0
5006 0.8902990436012349 0.6619692297447609 0
5007 0.7883708681216488 0.8976734591220406 0
5008 0.6004079982754137 0.954946994982617 0
5009 0.9550285991086289 0.6001514467953255 0
5010 0.7314788247211229 0.9147361491023366 0
5011 0.7123891649940614 0.8910986189928 0
5012 0.7398651252424941 0.779540296263732 0
5013 0.8498362289709362 0.6691058968510282 0
5014 0.7989135872007143 0.7168129283059125 0
5015 0.9372929132655302 0.6307301556116491 0
5016 0.6327920122754117 0.9328510860882157 0
5017 0.7801579070036352 0.7363386096257266 0
5018 0.848929791561607 0.7651061752586927 0
5019 0.7980786388170983 0.7519141305925535 0
5020 0.8501698685923644 0.8817660436388457 0
5021 0.9271140343040138 0.8025960145777093 0
5022 0.8973246257525466 0.70965430028343 0
5023 0.7695901966048287 0.8844508091753447 0
5024 0.9196170044748774 0.7486945576910408 0
5025 0.8919577820823922 0.8422792305811225 0
5026 0.7643744448379187 0.7855801511206164 0
5027 0.9337526322807823 0.7676310735632964 0
5028 0.7420684896725063 0.9451659382444323 0
5029 0.889931363011389 0.8145597371128546 0
5030 0.7126295894563287 0.8517707009114374 0
5031 0.8420529329680192 0.8925876187961179 0
5032 0.6543607637170354 0.9487142952407925 0
5033 0.9456319913438356 0.6575352515445968 0
5034 0.7249926903532817 0.9412039023535628 0
5035 0.9361924033831375 0.7241382078176165 0
5036 0.8411729375165836 0.706843551865318 0
5037 0.8477752441866541 0.7941312863945642 0
5038 0.9467629429121576 0.7458183431216822 0
5039 0.9829577652763272 0.5929384461671279 0
5040 0.592978085542096 0.9829704980790338 0
5041 0.7579353233459122 0.8867915059171343 0
5042 0.6986056815773434 0.8181780542264993 0
5043 0.9073090036108384 0.6103717575931087 0
5044 0.6102822390913967 0.9063907022077248 0
5045 0.8309313477037343 0.8410552336336204 0
5046 0.8584481258609139 0.8101625313428937 0
5047 0.7764679505783139 0.8146610629910547 0
5048 0.7786858374511031 0.7682560967246183 0
5049 0.7871842120506002 0.9443815788222769 0
5050 0.8238970109666881 0.8837705434854981 0
5051 0.8324291748065941 0.8625619261876001 0
5052 0.8994114911160107 0.6828791539539086 0
5053 0.7244358428875669 0.825897426834329 0
5054 0.6810821308361021 0.9015892729164785 0
5055 0.9004720150996169 0.8321252978697142 0
5056 0.6253754121170967 0.9846305411706676 0
5057 0.9843153032467339 0.6253282713264677 0
5058 0.8270843036707184 0.9070726933947891 0
5059 0.7520215415455447 0.9251243606051202 0
5060 0.8657449494498253 0.6532591158437178 0
5061 0.7361395554963233 0.9027953507890797 0
5062 0.6520991729142894 0.8685500546947058 0
5063 0.7872350826315655 0.9226381470281887 0
5064 0.899698180735124 0.7370737588076433 0
5065 0.7156866391728083 0.8002352012785279 0
5066 0.8669471843833304 0.7858282573388459 0
5067 0.8029091168523054 0.8484894873732455 0
5068 0.8821120310099069 0.8201462951706522 0
5069 0.6637721365374225 0.8817502777425625 0
5070 0.9311455068527454 0.7832450748081646 0
5071 0.8337324174344556 0.8195534543448739 0
5072 0.6275172919026327 0.9674495786475931 0
5073 0.9665727308170693 0.6266409705135157 0
5074 0.7816597525667134 0.8358582848354339 0
5075 0.8760262093652156 0.6659802451678273 0
5076 0.6899009662762106 0.9241893929356179 0
5077 0.9281902900500937 0.6903632721520028 0
5078 0.8410026796337192 0.7367789107277669 0
5079 0.9447758831850113 0.7883874959425553 0
5080 0.8963691460866512 0.7530368954783823 0
5081 0.8764799925974249 0.6783201518956775 0
5082 0.8889303441334642 0.7767874720817166 0
5083 0.7432619988063541 0.8746960675918548 0
5084 0.5607410163514066 0.9589391150280825 0
5085 0.95894079281359 0.5607366283239219 0
5086 0.771253068015152 0.9608813877215772 0
5087 0.7914103065462128 0.8729807919029255 0
5088 0.930437177988015 0.6457224593785109 0
5089 0.6441182169941521 0.9332144338552033 0
5090 0.9650079013834025 0.6515670960943239 0
5091 0.6490412735549128 0.970266494590681 0
5092 0.6848550295307437 0.8625653523610146 0
5093 0.8688019429453223 0.8366098727001169 0
5094 0.7159256047956742 0.9816129443441807 0
5095 0.9812251979255179 0.7162414625336231 0
5096 0.7562778010370358 0.9777369183263437 0
5097 0.9773106078078697 0.7568927646510201 0
5098 0.7011886027271024 0.8479954622839845 0
5099 0.8240163753231026 0.6902124860212875 0
5100 0.9063290478366903 0.7018658674974031 0
5101 0.8446026286263481 0.7557046202041641 0
5102 0.8308197236907277 0.8078768340794964 0
5103 0.7404600025564759 0.9623704040359761 0
5104 0.7259507208859234 0.7874579660583099 0
5105 0.9131922752253996 0.8194836228158048 0
5106 0.7744815019608178 0.9262862236206473 0
5107 0.7638381555361153 0.8090579875984039 0
5108 0.9812319203456343 0.671053481383617 0
5109 0.6689765948887543 0.9804639144989847 0
5110 0.8721828020674398 0.7467456450504338 0
5111 0.8211502561699073 0.8957309829382671 0
5112 0.8061929714722301 0.8331967153989023 0
5113 0.8404189646493324 0.7945965740006571 0
5114 0.7518249830678881 0.8592152718146 0
5115 0.8853728819255761 0.8028668098899475 0
5116 0.9580626179917757 0.7523684443857417 0
5117 0.8640035417001408 0.8709135717248903 0
5118 0.7219596901235854 0.9594562991111117 0
5119 0.9620888199001645 0.7234861397595879 0
5120 0.8799411932926835 0.8558347442882317 0
5121 0.864879516864831 0.7250132028235904 0
5122 0.9206332855168529 0.7231212492219498 0
5123 0.9437676758289322 0.6042335573968685 0
5124 0.604752885906269 0.9434594876641815 0
5125 0.9102748512558259 0.6593865403632271 0
5126 0.6569631892797454 0.9073697034429522 0
5127 0.6574159843494233 0.8565631697752891 0
5128 0.8245182967297633 0.7555555372300754 0
5129 0.9300904822487324 0.5927233237068029 0
5130 0.5929295323477179 0.9299812345696279 0
5131 0.7703452953147831 0.7451547681163228 0
5132 0.788529001952931 0.7779978108085769 0
5133 0.7949769568588101 0.9402043192032592 0
5134 0.9844074681631886 0.6410864796537215 0
5135 0.6407112083249719 0.9852648157988833 0
5136 0.8267404934265723 0.7403422450388328 0
5137 0.719838603501873 0.909601931379486 0
5138 0.9849446858176988 0.5610596353933837 0
5139 0.5610611794635664 0.9849443074802939 0
5140 0.7504156730167018 0.900372137617625 0
5141 0.8300306283070128 0.7830356780091906 0
5142 0.8033697481346977 0.9083373411952829 0
5143 0.7049010949108285 0.9487425635509438 0
5144 0.917044606507344 0.6010859083297019 0
5145 0.6014590033564876 0.9165908670933679 0
5146 0.7870663476913827 0.8446795890377405 0
5147 0.9501108898080501 0.6987491670027367 0
5148 0.844549081572578 0.6975136684774343 0
5149 0.7898164189489452 0.7267555093272036 0
5150 0.7348238923370203 0.8616545507904638 0
5151 0.8446911845157776 0.8322451944823741 0
5152 0.8182896662165863 0.9141265498862622 0
5153 0.9847448152220107 0.6977400123181386 0
5154 0.6974402972217099 0.98474526106436 0
5155 0.7452312929863261 0.8403377206409776 0
5156 0.9614173469119147 0.7741169391281166 0
5157 0.7746191209149194 0.7887033553547925 0
5158 0.8641744297547321 0.6810078732819764 0
5159 0.9159951181488388 0.7972698866191673 0
5160 0.8549287716136265 0.6571331641757594 0
5161 0.8515693939084139 0.7875460584609948 0
5162 0.8251517187713288 0.7158612188130594 0
5163 0.9341213224675927 0.6190247449810541 0
5164 0.6205792605511644 0.9323728065124592 0
5165 0.8401504179712107 0.869627866471135 0
5166 0.820375768730409 0.8594971922462348 0
5167 0.7199729655918835 0.8677317996078016 0
5168 0.9872369357150376 0.5308191124261583 0
5169 0.5308191124261913 0.9872369357150285 0
5170 0.9084355263039681 0.8091401636799684 0
5171 0.9696190262925659 0.7294267590814392 0
5172 0.7802182884081219 0.8917426488422922 0
5173 0.8159776290836986 0.7966390507731739 0
5174 0.8071240477087933 0.7699795206901775 0
5175 0.7368520618081752 0.8113571145226252 0
5176 0.5527808521419577 0.9687018152276419 0
5177 0.9687023232265396 0.5527795437485211 0
5178 0.8009037704602783 0.8869255486529227 0
5179 0.9055085340928652 0.724301841467516 0
5180 0.8768536255238135 0.6402935001529299 0
5181 0.638565760152506 0.907212131286246 0
5182 0.9130194951859236 0.6414017169300484 0
5183 0.7903072297218962 0.8133648880102065 0
5184 0.9224024182825505 0.8109423631504578 0
5185 0.70506971079078 0.8738113669405998 0
5186 0.7901620081672071 0.8268377935338503 0
5187 0.7550833073489933 0.7596838465707914 0
5188 0.9341842294061259 0.684287183448952 0
5189 0.7787498793499182 0.8593353035629672 0
5190 0.7288627581887717 0.9864787515762391 0
5191 0.9861941777667409 0.7290044996133551 0
5192 0.6386974753581792 0.8789250616995365 0
5193 0.8891055892083271 0.687012776430058 0
5194 0.8580081181938994 0.8552857131360704 0
5195 0.7800142101063569 0.8835978786206735 0
5196 0.8022930321145897 0.8116641033671443 0
5197 0.7572293831436533 0.8192843441989912 0
5198 0.8086549939269382 0.7230597220942269 0
5199 0.7670565743523129 0.8477410802411089 0
5200 0.5800738284205467 0.9402079428153232 0
5201 0.9402344994317505 0.580016591356554 0
5202 0.7704934111906654 0.7768069426422503 0
5203 0.7749296269904298 0.8298002981424591 0
5204 0.8813435772736864 0.7021573822560673 0
5205 0.941699628830259 0.7345265175632139 0
5206 0.9184041683929002 0.6682794018803008 0
5207 0.6630233532647892 0.9201464637624505 0
5208 0.7010414499043016 0.885194512632127 0
5209 0.8725881688955341 0.8523742811832316 0
5210 0.813694496449464 0.8800055844144735 0
5211 0.965870455507024 0.5682146605209317 0
5212 0.5682232811648442 0.9658674944121832 0
5213 0.9838967894073278 0.6090413655341832 0
5214 0.6091608113779868 0.9840190219104362 0
5215 0.7424212930445445 0.8018813525264563 0
5216 0.6856937864080492 0.8906087951143447 0
5217 0.6754149329645908 0.9139577117565744 0
5218 0.9091225663979475 0.6766168135269706 0
5219 0.7174110259458991 0.8400239160761391 0
5220 0.7355734081371763 0.9389055131968658 0
5221 0.867595410048084 0.7723125429133396 0
5222 0.7171058069609055 0.7925746239872207 0
5223 0.947211664295259 0.6287336608224712 0
5224 0.6347879275442624 0.9455123081665094 0
5225 0.9927172340975231 0.5192346768745584 0
5226 0.519234676874564 0.9927172340975217 0
5227 0.5962369800344085 0.967593337932786 0
5228 0.9675924139101957 0.5961135135028987 0
5229 0.8112703051588978 0.8214654979861834 0
5230 0.728555847157108 0.8843877853012387 0
5231 0.8349759018122576 0.9003705359960534 0
5232 0.8015847705859027 0.9332686015470323 0
5233 0.9322010721460422 0.6977713809735514 0
5234 0.8961089564678681 0.7691853208669173 0
5235 0.8518610387264992 0.8007488474869751 0
5236 0.8107538612028831 0.8422138926081848 0
5237 0.6793016522200731 0.8735938168593812 0
5238 0.8805252993100144 0.7693986227004409 0
5239 0.7031330347625149 0.9305892833937828 0
5240 0.8835609830630388 0.8351687719881598 0
5241 0.7043131879312883 0.8102573554587043 0
5242 0.8270859700484424 0.8326790260522647 0
5243 0.7607669202738064 0.8340800223012582 0
5244 0.8962489715107473 0.6755649236872988 0
5245 0.753682767143931 0.7821478478337582 0
5246 0.7492233999194254 0.767019876039796 0
5247 0.8788390361627566 0.7527347326412489 0
5248 0.8672202860518406 0.8023127849194196 0
5249 0.5897162389028419 0.9491201522602539 0
5250 0.9491825421952345 0.5895782037834063 0
5251 0.9104946356860331 0.828649452194744 0
5252 0.9094107518015032 0.7864635670398227 0
5253 0.8488418408100382 0.8480740212813611 0
5254 0.6338786609162642 0.9230281675446201 0
5255 0.9248973564049685 0.6348761598631094 0
5256 0.7802731617352442 0.9542325674215026 0
5257 0.8837027345108458 0.6498002880341189 0
5258 0.8852891021879077 0.731542632505665 0
5259 0.8740565368921969 0.7387553659735792 0
5260 0.6708951212386467 0.8969710296616923 0
5261 0.7772682492253353 0.9384643927110267 0
5262 0.8177062358414778 0.7616055320887536 0
5263 0.8568495679090696 0.7641121596492526 0
5264 0.6098644779052441 0.9214188973652544 0
5265 0.922583755422013 0.6088851903201489 0
5266 0.7259896958305658 0.8115304544040558 0
5267 0.7420689815615488 0.9198300450179872 0
5268 0.9253441755032881 0.773733689026051 0
5269 0.9539850140269945 0.6370061134843704 0
5270 0.6412545285027904 0.957863837657308 0
5271 0.9120543042329321 0.7555534757359269 0
5272 0.6473307338372897 0.8900936140954752 0
5273 0.7899014860427834 0.7436122174830426 0
5274 0.6552458979684922 0.9336954459159302 0
5275 0.9339024135495834 0.6540246663239776 0
5276 0.7640153438239187 0.9696189745861247 0
5277 0.8170245684886129 0.7830355717336578 0
5278 0.8960710878043145 0.7842896442354412 0
5279 0.8606192590483344 0.8784082967554159 0
5280 0.8521104132535264 0.683782626513647 0
5281 0.8934171281451688 0.821081575837361 0
5282 0.8619521071657268 0.7490109906528752 0
5283 0.8960737815745816 0.7955352497352368 0
5284 0.9560660204620178 0.7652006666947004 0
5285 0.7275633481485063 0.9269148819454504 0
5286 0.7675622181671584 0.8723401619036923 0
5287 0.9108875636089523 0.7709611189410351 0
5288 0.6769565697315634 0.8371502696336309 0
5289 0.6839184350135665 0.9414575355925523 0
5290 0.7810778042272919 0.8021916476729342 0
5291 0.7713618362686284 0.9111128492004978 0
5292 0.9470354720882012 0.6849923051647977 0
5293 0.6892411756471746 0.8473422162719275 0
5294 0.7563582762933206 0.9143540868319597 0
5295 0.8850818535675885 0.8503892040084666 0
5296 0.928140628781712 0.7283383524270951 0
5297 0.8308305517442172 0.7316224967063543 0
5298 0.9785992796510977 0.7376482251374644 0
5299 0.6758463018392712 0.9604092767813633 0
5300 0.9536121719020764 0.6720599224653186 0
5301 0.7373362226115366 0.9791759854558614 0
5302 0.7588034154125929 0.795246669492462 0
5303 0.8811850625314499 0.7178882469338388 0
5304 0.9708802921083817 0.6944907292784369 0
5305 0.6947660831598876 0.9699795776577719 0
5306 0.8530353844773295 0.7093390499246652 0
5307 0.8821984456378762 0.7851429688249911 0
5308 0.6670596576458967 0.9320334435250164 0
5309 0.9354341024384145 0.6684346346408709 0
5310 0.686156496207743 0.9856372566944092 0
5311 0.9862249953104851 0.6866852138851565 0
5312 0.9531674602892171 0.78152764586321 0
5313 0.8595522481350775 0.8286542526110141 0
5314 0.912843178870743 0.7431362259284584 0
5315 0.6908917072506574 0.908001388717836 0
5316 0.8454509650080871 0.7731079370197369 0
5317 0.8975576616838805 0.6202328234540031 0
5318 0.6188060275666054 0.8968743883132388 0
5319 0.8550641146272319 0.735505873927342 0
5320 0.9678267390279085 0.6793003971151826 0
5321 0.8359341544760517 0.8483346808754793 0
5322 0.823122855619438 0.8481015672745408 0
5323 0.8022787489834783 0.7587578495905888 0
5324 0.9692507199527424 0.7659723675087773 0
5325 0.7414017642496472 0.8246211848313124 0
5326 0.9424757076865905 0.7617089795767836 0
5327 0.8305886737000382 0.6838800079377882 0
5328 0.7879511841674179 0.7597310524544162 0
5329 0.7617238616841526 0.9305775386538857 0
5330 0.8334309392692811 0.8873973595348167 0
5331 0.9036016997988282 0.6931988774611939 0
5332 0.7691878449906164 0.945607436385576 0
5333 0.7289328672084251 0.8454443269822723 0
5334 0.827469618968278 0.8737217468450232 0
5335 0.6983955527285689 0.8586844619261852 0
5336 0.7980680795741242 0.9207733043179537 0
5337 0.9595626599273489 0.7413178913410359 0
5338 0.9054637589694365 0.8002275800388891 0
5339 0.8153378739772763 0.7122879433087743 0
5340 0.7914206046417434 0.9334889423678301 0
5341 0.758410949480449 0.9417398180879182 0
5342 0.8072571344625787 0.7069607544283395 0
5343 0.7830405107837859 0.9110650259660293 0
5344 0.6946669347569259 0.8687089980448336 0
5345 0.7632646302002273 0.7513284383990961 0
5346 0.8062493989809526 0.8649910379883048 0
5347 0.8081472229750825 0.89697855388542 0
5348 0.8990523901780499 0.8115580016133205 0
5349 0.7399494937405644 0.7899603555704685 0
5350 0.8656794275434775 0.6941245919800264 0
5351 0.7098632712280248 0.8230011001663387 0
5352 0.8147429403761394 0.8282394073914849 0
5353 0.7787484513139049 0.9043918788659769 0
5354 0.9396494906826052 0.7073732867104185 0
5355 0.6096946426626944 0.9582789912022704 0
5356 0.958309992205612 0.60916269333527 0
5357 0.9290893124155507 0.7954508559234422 0
5358 0.9271839355257709 0.7577627436416338 0
5359 0.835984450246573 0.8372698027416292 0
5360 0.6339545174816887 0.8970705755941895 0
5361 0.8944357320989369 0.6403604301926523 0
5362 0.711660240756175 0.9349469276703907 0
5363 0.8400357060004704 0.6758208191478557 0
5364 0.8154930553227984 0.6982144585338271 0
5365 0.7530381427905268 0.8051852415563334 0
5366 0.7761749943852816 0.8405444073421365 0
5367 0.9299197924656148 0.9280361585611694 0
5368 0.9467130589133572 0.8813266561646173 0
5369 0.8785528280083997 0.9479376770857876 0
5370 0.957995147327475 0.9569447314926343 0
5371 0.961965636575149 0.8487860210702503 0
5372 0.8506242531662885 0.965970981774 0
5373 0.9640715889858371 0.9127569183408293 0
5374 0.9129993840319085 0.9634391193862695 0
5375 0.8951418575911377 0.9120505841118772 0
5376 0.975900227708364 0.8839844583345203 0
5377 0.886493316329093 0.9738799198552904 0
5378 0.916418339014662 0.8818484573575444 0
5379 0.9718310833831879 0.9411836909316972 0
5380 0.9388149104827441 0.9735874752388991 0
5381 0.9700951641521623 0.81774028086561 0
5382 0.817700680307226 0.9700034437983596 0
5383 0.9778455657354508 0.9765201075068457 0
5384 0.9041741897179112 0.93897906876624 0
5385 0.9395310059117036 0.9013707104219693 0
5386 0.9382055319683094 0.8536396172773377 0
5387 0.8495261250426789 0.9353022506508853 0
5388 0.9769972984267754 0.8657030624616755 0
5389 0.8666960588827597 0.975946936735454 0
5390 0.9503169346553878 0.9356606391964705 0
5391 0.9306761082473359 0.9524390081964964 0
5392 0.9817073655038017 0.9562014473279478 0
5393 0.9525981415987463 0.9809968350702584 0
5394 0.8721334945547509 0.917860621307614 0
5395 0.9156611076231299 0.9099038028945454 0
5396 0.9199404523492062 0.9819592962656729 0
5397 0.9810723132290056 0.9193251837429557 0
5398 0.9824425708524208 0.8372996836357046 0
5399 0.838154429959344 0.98250182156388 0
5400 0.982403821679716 0.8013806979383723 0
5401 0.8013884609519218 0.9824096445926868 0
5402 0.9533185346475264 0.8274382996014292 0
5403 0.82611267383384 0.9527876368376093 0
5404 0.8916552031293676 0.8891430739915048 0
5405 0.9043434712318126 0.9845129967221171 0
5406 0.9846077366384022 0.9041322815115704 0
5407 0.8968659525203263 0.9561997494515698 0
5408 0.957033446058306 0.8966443289900107 0
5409 0.9607386450744427 0.8596275474041658 0
5410 0.86638685411295 0.9597626400040952 0
5411 0.9182412145005606 0.8612790618805201 0
5412 0.9466845923069236 0.9174901246197086 0
5413 0.8736578681122378 0.9071459040314851 0
5414 0.9347379900077158 0.8873456270691379 0
5415 0.8765863078450695 0.9852606491954785 0
5416 0.9846957225083333 0.8790068192347512 0
5417 0.9144075255769236 0.946450881901353 0
5418 0.9843276802591669 0.9830242685161755 0
5419 0.8521123311480445 0.9841914624849424 0
5420 0.9823743025479397 0.8490433625862961 0
5421 0.9868544220209637 0.7854921653618614 0
5422 0.7854922129942734 0.9868544195598484 0
5423 0.8862284650387244 0.9328740754799265 0
5424 0.9604231175993058 0.9294946673473399 0
5425 0.932550742330418 0.8688566712956016 0
5426 0.9445422110487025 0.959451259687643 0
5427 0.8530595345901743 0.9173022490486916 0
5428 0.9410802959339858 0.9846768912480351 0
5429 0.9878831333044654 0.942374894295958 0
5430 0.9246095988858161 0.9655598969625088 0
5431 0.9665219797298963 0.9866009033417402 0
5432 0.9874002635934099 0.9682335642695419 0
5433 0.9144900558281628 0.926405352175349 0
5434 0.964025448457317 0.9448352442622595 0
5435 0.8039800374645896 0.9670898849132743 0
5436 0.9671007018651833 0.8039855724613375 0
5437 0.909192375609428 0.898317380730596 0
5438 0.8368338256615835 0.9390409352726169 0
5439 0.9367225247047648 0.836069749796574 0
5440 0.9826220418641115 0.8230001294690081 0
5441 0.8772141781122693 0.959923856623187 0
5442 0.960727373850129 0.8775989060385988 0
5443 0.9000235154249102 0.8726243073811897 0
5444 0.9296598478623884 0.9853870750812886 0
5445 0.9853873284203964 0.9310455187854751 0
5446 0.9681183144279072 0.9003320581883489 0
5447 0.9006872182754595 0.9677022110058293 0
5448 0.9397857406794913 0.9389702960495152 0
5449 0.8985559827078504 0.9226264219008579 0
5450 0.9505525649325437 0.9527598406472261 0
5451 0.8685020305833706 0.9374571540274426 0
5452 0.891591947572673 0.9874943417415599 0
5453 0.9879877068504734 0.8918435710344449 0
5454 0.9299011076552122 0.9138722986943839 0
5455 0.8543827005969767 0.9468937994109284 0
5456 0.950249948886928 0.8516175623209045 0
5457 0.8312998034424325 0.9627134510839783 0
5458 0.9634578822923341 0.8317719709749477 0
5459 0.9510729818248618 0.9086670383070992 0
5460 0.9213297921932332 0.8936014304356042 0
5461 0.9227083141957382 0.8484005521204931 0
5462 0.9495210193760554 0.9698652186414488 0
5463 0.8658777790410273 0.9857079602034011 0
5464 0.9838596871052654 0.8690656481101013 0
5465 0.9405493474032719 0.8936865042362216 0
5466 0.9431005703841857 0.8622176114195336 0
5467 0.9141227381603715 0.9915937345222331 0
5468 0.8546334963309202 0.9732032064392264 0
5469 0.9735930464388348 0.854206873349872 0
5470 0.9727474964534545 0.8733445876616561 0
5471 0.8716905659057416 0.9733141773446652 0
5472 0.8926028097031647 0.942657413685619 0
5473 0.9750795565785225 0.9094177370445392 0
5474 0.9101766396273981 0.9749571117801098 0
5475 0.9707023470698942 0.9506286670652753 0
5476 0.9673647581728588 0.9692291039770524 0
5477 0.8437419783839546 0.922583782175898 0
5478 0.9068635597561961 0.9516819837227697 0
5479 0.9254196028655278 0.9385039610285756 0
5480 0.9548589975313213 0.9915749006239862 0
5481 0.99031194876184 0.9524917244883103 0
5482 0.7952931290986504 0.9731258523750848 0
5483 0.9731266918287518 0.7952924051613048 0
5484 0.9561838996169034 0.8409759610191454 0
5485 0.8366622713055845 0.9527491396929827 0
5486 0.8119964778169998 0.9552369247860386 0
5487 0.9553560245660303 0.8122343589869111 0
5488 0.8751077531258947 0.8938259076897046 0
5489 0.8617098162709472 0.9053699788256192 0
5490 0.8886883787507488 0.9208834941916354 0
5491 0.9705053374366811 0.9241718376930566 0
5492 0.9422140457494514 0.9270207666409104 0
5493 0.9878544010059376 0.8293434310355605 0
5494 0.8297164068397735 0.9879913554226275 0
5495 0.9742948213381279 0.9908897898376602 0
5496 0.9924503163058881 0.9751772796090656 0
5497 0.990780419495784 0.9213693274591016 0
5498 0.9214835400242866 0.9910890028083601 0
5499 0.8135669163681323 0.9898933590262198 0
5500 0.9898125468881163 0.8134559155746415 0
5501 0.9124552063211969 0.9359826010190168 0
5502 0.9919097203206295 0.7931040914795616 0
5503 0.7931059713074964 0.9919113099865876 0
5504 0.7763952903862114 0.9923922691637797 0
5505 0.9923922691271242 0.7763952870490861 0
5506 0.9456159991303049 0.9773528908077741 0
5507 0.9880501425022358 0.8428961471124287 0
5508 0.8438799905250258 0.9884479134343974 0
5509 0.8874461328370553 0.8991631569763495 0
5510 0.9280532174864992 0.9761532566226381 0
5511 0.9047954993665734 0.9165164609159819 0
5512 0.9786477287181383 0.9468302454298823 0
5513 0.9207134535768465 0.8735990692087254 0
5514 0.9043389885063894 0.86376691397834 0
5515 0.8659855300613185 0.9477596724675439 0
5516 0.8716105058583121 0.9681378201086956 0
5517 0.9654486857694566 0.8700796824452385 0
5518 0.920988055203849 0.9564983504178699 0
5519 0.9192815626810891 0.9725863482586986 0
5520 0.9263401411417029 0.9050864422138856 0
5521 0.9699316481733136 0.8430332558134586 0
5522 0.8423848137509128 0.9696345435831073 0
5523 0.9545341143551638 0.9200193109770007 0
5524 0.9606317060382561 0.8226080970326216 0
5525 0.8221617835991714 0.9602391168782269 0
5526 0.9649406886742223 0.8890200329143761 0
5527 0.8892887530502638 0.9643141294010568 0
5528 0.8892106200872476 0.874475842594465 0
5529 0.8230818325723733 0.9825867028597781 0
5530 0.9922911648972615 0.9061797319809762 0
5531 0.9062907263844433 0.9922762692336824 0
5532 0.8587380032618234 0.99020511200003 0
5533 0.9887956320987614 0.8586823914365486 0
5534 0.9041270810167096 0.8857100580539905 0
5535 0.9348986934860177 0.9629795048784671 0
5536 0.9394117000335472 0.8249080206481576 0
5537 0.8240558359268128 0.9397913283451137 0
5538 0.9728847076687461 0.9166278108443732 0
5539 0.8615414735831124 0.9278526857070002 0
5540 0.9805449649482598 0.8102923625880958 0
5541 0.8103172292272242 0.980546955387855 0
5542 0.9655537998498182 0.938474181489703 0
5543 0.8791168194979663 0.9374586773308223 0
5544 0.9282219842203396 0.8584941708192797 0
5545 0.856661684950943 0.9631538960337003 0
5546 0.9652275193948778 0.8537906355175796 0
5547 0.9786246901537142 0.9675746841292692 0
5548 0.9915274429572347 0.9359003324864335 0
5549 0.9353767741251263 0.9908068851272537 0
5550 0.9598501094685762 0.9043596571477166 0
5551 0.9121760440005805 0.8530865976957908 0
5552 0.9551728746362281 0.8870292740163178 0
5553 0.8866523062735608 0.9544937509944259 0
5554 0.8948235534662093 0.9789245879344994 0
5555 0.9795934404516169 0.894624856007287 0
5556 0.9265630902934974 0.8371350235874691 0
5557 0.9919331628651967 0.9916188813896086 0
5558 0.9522441952157854 0.9279373610933264 0
5559 0.9396108308723456 0.9135244992437775 0
5560 0.9621448578956373 0.9932038921815294 0
5561 0.9921238875833183 0.9605001597123104 0
5562 0.9232074950529157 0.9199265688917946 0
5563 0.9380419497737611 0.8788582407520709 0
5564 0.9129052015847596 0.8689496366794759 0
5565 0.8720187343969008 0.9537633800409747 0
5566 0.9522451204334971 0.8717342544743251 0
5567 0.9413222934092816 0.9503388830932068 0
5568 0.992709283403571 0.7692725976000927 0
5569 0.7692725976000911 0.9927092834035729 0
5570 0.8845047510057965 0.9114902605421092 0
5571 0.9604236753942036 0.9657294482505465 0
5572 0.9418812978854687 0.8457771249705915 0
5573 0.8453841334175124 0.946398790524148 0
5574 0.8646158472358114 0.8968409832119827 0
5575 0.9420499638264468 0.9664263119173052 0
5576 0.8835517958359386 0.9923315314426401 0
5577 0.992421159977927 0.8840434347090651 0
5578 0.9043655471562037 0.9593238784904183 0
5579 0.9300373171436209 0.8971039721405074 0
5580 0.9842142584850651 0.8865261886706757 0
5581 0.8849318771983429 0.9823402111008781 0
5582 0.9819280149626409 0.9384236627913587 0
5583 0.9345588260814713 0.9799490571756106 0
5584 0.7846508261075603 0.9924737728769244 0
5585 0.992473574097266 0.7846505674011767 0
5586 0.9908602817716764 0.8745903556170627 0
5587 0.873748428240403 0.9920270626954892 0
5588 0.9767523686029561 0.9821238612068627 0
5589 0.9578953663161006 0.8330156757808926 0
5590 0.8313714764020443 0.9561076861506257 0
5591 0.8718884280097704 0.9812777915353911 0
5592 0.9796241105073772 0.8765306933455133 0
5593 0.9922772063020978 0.9452681794784148 0
5594 0.9840635122400626 0.9740582339864802 0
5595 0.993017561838452 0.8987107656750605 0
5596 0.8987064005723009 0.9929009911112173 0
5597 0.8018644539688049 0.9910438288804179 0
5598 0.9910302300858497 0.8018450990048285 0
5599 0.9489445727762621 0.8991162676211862 0
5600 0.8090276514604623 0.9618274602028262 0
5601 0.8973598642564449 0.9032647427865341 0
5602 0.925286533004583 0.8850447592957721 0
5603 0.834988849323318 0.9275292419973571 0
5604 0.9085857420453065 0.9458199287366483 0
5605 0.932705905232881 0.9204616693570428 0
5606 0.8598439748301632 0.97971687904459 0
5607 0.9795391247794116 0.8597782864211139 0
5608 0.8987678934077711 0.9345804944305344 0
5609 0.9674558792328283 0.9949191763549632 0
5610 0.9927564111512105 0.9676906117523529 0
5611 0.9834447713717831 0.7936354215131245 0
5612 0.7936307133486018 0.9834475746617912 0
5613 0.9690161719722443 0.9455084841316889 0
5614 0.9571661014282542 0.9516043768656697 0
5615 0.8481727450057005 0.9939439283254309 0
5616 0.9934835216910973 0.8477779354458789 0
5617 0.9784777569604902 0.843097446710528 0
5618 0.8466748262896108 0.9774023658637981 0
5619 0.9226479393829158 0.9486497898953644 0
5620 0.8070110975301256 0.9726714364044364 0
5621 0.972686559117897 0.8070121705241147 0
5622 0.852539099684209 0.9107515131772803 0
5623 0.9569969398360715 0.9444224789648464 0
5624 0.9291636925059031 0.8766770965426113 0
5625 0.9836892292209607 0.9913822374204587 0
5626 0.9921044577907289 0.9832293371730094 0
5627 0.8999520476934215 0.9477483029441641 0
5628 0.9043438296452974 0.9286710006962339 0
5629 0.9782603122189576 0.9271584636127526 0
5630 0.9307583053100627 0.9943705702691601 0
5631 0.9944416718207499 0.9309837865633428 0
5632 0.9699279733224033 0.9798183920840912 0
5633 0.9693228186498044 0.862804279764335 0
5634 0.8628098106122153 0.9678432506403205 0
5635 0.9477839114963684 0.9444410736332399 0
5636 0.9232641636619966 0.9279098153319096 0
5637 0.9779260035368248 0.7854473374180452 0
5638 0.7854475123690102 0.9779255123800507 0
5639 0.9582539336431036 0.9370291419314244 0
5640 0.9180697199419273 0.901769693299403 0
5641 0.9341634397808697 0.8423012940913978 0
5642 0.9412411277213601 0.8704517194472605 0
5643 0.9936853374317809 0.8350343401902685 0
5644 0.8356310653876164 0.993795092200018 0
5645 0.9121947756938926 0.9831840821845793 0
5646 0.9830699791282872 0.9116434072652183 0
5647 0.9127083205550074 0.8899004220202672 0
5648 0.9593244945363377 0.9839700364893309 0
5649 0.9849461450366787 0.9633033428515194 0
5650 0.9377588979753495 0.9563385561693252 0
5651 0.9936567295001275 0.8221120321056565 0
5652 0.822248371380877 0.9936981566285072 0
5653 0.8726243752670109 0.9422990787098424 0
5654 0.9684436562180382 0.8811149515005947 0
5655 0.8806794180528681 0.9686600683665433 0
5656 0.882898565294597 0.9428876462244551 0
5657 0.8521693734223782 0.9259765805255772 0
5658 0.9856805280894212 0.9471392087304829 0
5659 0.947629445615621 0.9889095798208747 0
5660 0.8817175589748056 0.9248772326844917 0
5661 0.8176480014617238 0.9474000883103214 0
5662 0.9474048682901453 0.8183578597414239 0
5663 0.8310677192515625 0.9459737188287958 0
5664 0.9451426949697105 0.8350982722391036 0
5665 0.9353713130244764 0.8609164584058975 0
5666 0.966466397570475 0.7979815777080451 0
5667 0.797980034742345 0.9664626693187649 0
5668 0.9565040012899915 0.9732659310100886 0
5669 0.9278870495414019 0.9593290405983288 0
5670 0.9256597944680612 0.9811949635904061 0
5671 0.9148065257272647 0.9180801449765325 0
5672 0.8939085741983259 0.8691299975638751 0
5673 0.7777823990438117 0.9841224885116704 0
5674 0.9841224885115651 0.7777823990440146 0
5675 0.963179351259439 0.9584150506671831 0
5676 0.8922148525800702 0.9716307839047559 0
5677 0.9724155497680653 0.8917560334596505 0
5678 0.9442305545066907 0.9343748906828728 0
5679 0.951389762858922 0.8614851347232351 0
5680 0.9346325156383867 0.9453004284548421 0
5681 0.9082958134896356 0.8772918105818361 0
5682 0.9770953554619219 0.9021073610840891 0
5683 0.9024786002910933 0.9768070535763749 0
5684 0.8409649341795565 0.930932857978702 0
5685 0.9138466716867985 0.9543777371348121 0
5686 0.9693289848752353 0.90758602118972 0
5687 0.9082096489975704 0.968976484353308 0
5688 0.9320636182699192 0.831119491256728 0
5689 0.846121875358346 0.9166848723742833 0
5690 0.9067847100064355 0.9068097976119366 0
5691 0.9723151187211689 0.960258439120568 0
5692 0.8962408829857176 0.8806372462442045 0
5693 0.973614401712005 0.9732537522791315 0
5694 0.9565103835516993 0.9140397688570681 0
5695 0.9618287518863725 0.8090316681519766 0
5696 0.8930684882584115 0.9280164726275807 0
5697 0.9624581015349009 0.9218944253063523 0
5698 0.9435327362709371 0.8559528725591523 0
5699 0.9456992856201376 0.9541189761435274 0
5700 0.8790176627617121 0.918438294624025 0
5701 0.8623774304127473 0.9175413911924433 0
5702 0.9864078543626553 0.8970444872324248 0
5703 0.8969836397319174 0.9860158207758996 0
5704 0.9433020423216922 0.9080935935626033 0
5705 0.9340540446494354 0.9328668074542408 0
5706 0.9737704419893586 0.8306413664548018 0
5707 0.8309124111197962 0.9735406724375708 0
5708 0.8600152697939922 0.939346498219164 0
5709 0.8581548812890429 0.9549039036160978 0
5710 0.8952346454702802 0.9624298173852495 0
5711 0.943208767904224 0.886642786184443 0
5712 0.8830014666208287 0.8828466244435319 0
5713 0.9578446079764356 0.8529245367823179 0
5714 0.9198191882747457 0.9619479518210446 0
5715 0.9630467937431952 0.8950100833266795 0
5716 0.8481165636460785 0.9574679707820142 0
5717 0.9914873073774589 0.9140084138894856 0
5718 0.8663880563649801 0.9944740825423823 0
5719 0.9937260077529793 0.8668940187558705 0
5720 0.9946730029759131 0.7617010245592513 0
5721 0.7617010245592508 0.9946730029759137 0
5722 0.830317676033403 0.9324946611605974 0
5723 0.9081123012468264 0.9243650311270698 0
5724 0.900569616534586 0.8941371204579367 0
5725 0.872417791318021 0.9294822629626399 0
5726 0.894101905986374 0.9185072766316007 0
5727 0.9314399813526145 0.9696007611555303 0
5728 0.9633083269474408 0.9766326160510934 0
5729 0.8716970440310257 0.9628538621635478 0
5730 0.9598482389133827 0.8672472278845095 0
5731 0.9638711310816831 0.9514839109908112 0
5732 0.9782772353418238 0.817290905873347 0
5733 0.8173415958928956 0.978240601567742 0
5734 0.9679386711224034 0.9316750462518271 0
5735 0.9240616756863561 0.912327045700788 0
5736 0.9152593121315575 0.8433400318538061 0
5737 0.9750640096409947 0.9347355929465422 0
5738 0.8421870065313924 0.9959910921743589 0
5739 0.9958369699662868 0.8424336374537451 0
5740 0.9249201115540941 0.8657283689671826 0
5741 0.9310491619879899 0.8505264831807418 0
5742 0.8766949526511575 0.9762533402277267 0
5743 0.9527653352523022 0.9609415448977372 0
5744 0.9931225523055157 0.891581950238806 0
5745 0.8913502877163908 0.9928422289218808 0
5746 0.9461901170995736 0.8916113812345292 0
5747 0.9334092343123164 0.9088623742089562 0
5748 0.9228916240968745 0.8562259421690515 0
5749 0.8273397984134965 0.9959204580815043 0
5750 0.9958965727783596 0.827228717412725 0
5751 0.8396417496615017 0.9607109140380166 0
5752 0.963307044737627 0.8382610439600168 0
$EndNodes
$Elements
5597
1 15 2 201 1 1
2 15 2 202 9 9
3 3 2 1 1 17 776 312 1
4 3 2 1 1 711 617 725 862
5 3 2 1 1 712 861 726 619
6 3 2 1 1 31 808 796 30
7 3 2 1 1 298 299 795 807
8 3 2 1 1 887 802 599 728
9 3 2 1 1 924 601 742 676
10 3 2 1 1 925 677 743 602
11 3 2 1 1 39 717 870 38
12 3 2 1 1 290 291 869 718
13 3 2 1 1 18 19 714 844
14 3 2 1 1 311 845 713 310
15 3 2 1 1 604 798 633 684
16 3 2 1 1 678 627 691 858
17 3 2 1 1 660 783 589 771
18 3 2 1 1 825 687 837 639
19 3 2 1 1 826 638 836 688
20 3 2 1 1 926 674 791 606
21 3 2 1 1 627 771 874 691
22 3 2 1 1 918 710 631 723
23 3 2 1 1 730 694 909 613
24 3 2 1 1 895 772 900 664
25 3 2 1 1 894 665 901 773
26 3 2 1 1 324 325 793 708
27 3 2 1 1 715 615 863 686
28 3 2 1 1 716 936 864 616
29 3 2 1 1 681 963 645 794
30 3 2 1 1 679 823 633 798
31 3 2 1 1 612 852 681 724
32 3 2 1 1 663 716 616 847
33 3 2 1 1 748 686 863 624
34 3 2 1 1 749 625 864 936
35 3 2 1 1 721 786 314 891
36 3 2 1 1 720 890 340 787
37 3 2 1 1 298 807 938 297
38 3 2 1 1 31 32 937 808
39 3 2 1 1 702 840 655 885
40 3 2 1 1 701 884 654 839
41 3 2 1 1 647 724 599 802
42 3 2 1 1 598 731 843 823
43 3 2 1 1 826 608 813 683
44 3 2 1 1 825 682 812 609
45 3 2 1 1 763 628 897 931
46 3 2 1 1 866 613 909 765
47 3 2 1 1 825 609 851 687
48 3 2 1 1 826 688 850 608
49 3 2 1 1 756 616 864 693
50 3 2 1 1 737 692 863 615
51 3 2 1 1 827 605 858 691
52 3 2 1 1 648 803 600 730
53 3 2 1 1 692 737 592 904
54 3 2 1 1 591 931 675 704
55 3 2 1 1 695 913 666 790
56 3 2 1 1 711 870 717 659
57 3 2 1 1 712 747 718 869
58 3 2 1 1 22 700 778 21
59 3 2 1 1 727 707 930 623
60 3 2 1 1 308 699 814 307
61 3 2 1 1 304 715 686 303
62 3 2 1 1 25 26 936 716
63 3 2 1 1 776 845 311 312
64 3 2 1 1 776 17 18 844
65 3 2 1 1 742 705 879 621
66 3 2 1 1 743 622 880 706
67 3 2 1 1 819 722 830 618
68 3 2 1 1 820 620 831 719
69 3 2 1 1 667 710 587 923
70 3 2 1 1 848 887 615 715
71 3 2 1 1 827 691 874 642
72 3 2 1 1 926 606 876 757
73 3 2 1 1 694 832 653 949
74 3 2 1 1 624 863 692 900
75 3 2 1 1 625 901 693 864
76 3 2 1 1 699 877 647 814
77 3 2 1 1 328 746 930 327
78 3 2 1 1 887 848 766 802
79 3 2 1 1 648 767 663 803
80 3 2 1 1 594 935 927 764
81 3 2 1 1 857 679 798 738
82 3 2 1 1 866 700 815 613
83 3 2 1 1 682 807 634 812
84 3 2 1 1 683 813 635 808
85 3 2 1 1 708 793 707 632
86 3 2 1 1 701 316 317 884
87 3 2 1 1 702 885 337 338
88 3 2 1 1 693 905 593 756
89 3 2 1 1 685 784 588 860
90 3 2 1 1 675 792 882 704
91 3 2 1 1 707 326 327 930
92 3 2 1 1 799 631 741 911
93 3 2 1 1 872 661 947 735
94 3 2 1 1 873 734 948 660
95 3 2 1 1 919 646 841 708
96 3 2 1 1 329 732 662 889
97 3 2 1 1 857 738 953 614
98 3 2 1 1 623 943 822 727
99 3 2 1 1 636 868 697 903
100 3 2 1 1 594 688 836 739
101 3 2 1 1 591 740 837 687
102 3 2 1 1 784 770 929 588
103 3 2 1 1 789 595 945 917
104 3 2 1 1 697 804 966 626
105 3 2 1 1 756 709 847 616
106 3 2 1 1 791 935 970 703
107 3 2 1 1 819 618 758 717
108 3 2 1 1 820 718 759 620
109 3 2 1 1 589 871 670 761
110 3 2 1 1 751 834 295 296
111 3 2 1 1 750 33 34 835
112 3 2 1 1 769 630 782 732
113 3 2 1 1 329 330 769 732
114 3 2 1 1 632 789 917 775
115 3 2 1 1 705 912 317 318
116 3 2 1 1 706 336 337 821
117 3 2 1 1 638 725 617 836
118 3 2 1 1 639 837 619 726
119 3 2 1 1 707 727 789 632
120 3 2 1 1 681 794 599 724
121 3 2 1 1 914 643 952 709
122 3 2 1 1 731 598 899 782
123 3 2 1 1 710 896 610 777
124 3 2 1 1 632 775 919 708
125 3 2 1 1 318 319 879 705
126 3 2 1 1 336 706 880 335
127 3 2 1 1 703 881 657 791
128 3 2 1 1 668 945 595 729
129 3 2 1 1 783 629 927 733
130 3 2 1 1 816 650 828 713
131 3 2 1 1 646 876 696 907
132 3 2 1 1 810 621 881 703
133 3 2 1 1 811 704 882 622
134 3 2 1 1 816 713 845 637
135 3 2 1 1 809 637 844 714
136 3 2 1 1 288 289 820 719
137 3 2 1 1 41 722 819 40
138 3 2 1 1 286 287 805 720
139 3 2 1 1 43 721 806 42
140 3 2 1 1 653 856 610 842
141 3 2 1 1 710 777 741 631
142 3 2 1 1 789 727 822 595
143 3 2 1 1 647 877 612 724
144 3 2 1 1 801 796 808 635
145 3 2 1 1 800 634 807 795
146 3 2 1 1 599 794 645 753
147 3 2 1 1 735 690 961 872
148 3 2 1 1 734 873 960 689
149 3 2 1 1 926 733 927 674
150 3 2 1 1 620 702 854 831
151 3 2 1 1 618 830 855 701
152 3 2 1 1 332 333 906 774
153 3 2 1 1 613 815 648 730
154 3 2 1 1 306 766 848 305
155 3 2 1 1 23 24 849 767
156 3 2 1 1 592 903 697 797
157 3 2 1 1 799 911 768 678
158 3 2 1 1 651 932 809 714
159 3 2 1 1 737 615 887 728
160 3 2 1 1 908 614 888 729
161 3 2 1 1 694 730 600 832
162 3 2 1 1 684 633 781 929
163 3 2 1 1 737 728 946 649
164 3 2 1 1 308 309 828 779
165 3 2 1 1 21 778 829 20
166 3 2 1 1 716 663 767 849
167 3 2 1 1 717 39 40 819
168 3 2 1 1 718 820 289 290
169 3 2 1 1 637 809 603 816
170 3 2 1 1 922 652 918 723
171 3 2 1 1 611 867 916 785
172 3 2 1 1 856 653 832 760
173 3 2 1 1 644 843 731 958
174 3 2 1 1 689 608 850 734
175 3 2 1 1 690 735 851 609
176 3 2 1 1 707 793 325 326
177 3 2 1 1 917 945 642 878
178 3 2 1 1 924 739 836 617
179 3 2 1 1 925 619 837 740
180 3 2 1 1 721 43 44 786
181 3 2 1 1 720 787 285 286
182 3 2 1 1 770 966 684 929
183 3 2 1 1 755 334 335 880
184 3 2 1 1 754 879 319 320
185 3 2 1 1 705 742 601 912
186 3 2 1 1 706 821 602 743
187 3 2 1 1 676 742 621 810
188 3 2 1 1 677 811 622 743
189 3 2 1 1 838 636 903 736
190 3 2 1 1 714 829 778 651
191 3 2 1 1 755 906 333 334
192 3 2 1 1 719 805 287 288
193 3 2 1 1 722 41 42 806
194 3 2 1 1 696 322 323 907
195 3 2 1 1 302 748 818 301
196 3 2 1 1 27 28 817 749
197 3 2 1 1 770 661 872 745
198 3 2 1 1 771 744 873 660
199 3 2 1 1 704 811 740 591
200 3 2 1 1 935 594 739 970
201 3 2 1 1 782 630 958 731
202 3 2 1 1 678 858 605 799
203 3 2 1 1 802 766 814 647
204 3 2 1 1 23 767 648 815
205 3 2 1 1 771 627 934 744
206 3 2 1 1 751 296 297 938
207 3 2 1 1 750 937 32 33
208 3 2 1 1 644 883 685 860
209 3 2 1 1 933 649 886 736
210 3 2 1 1 924 676 970 739
211 3 2 1 1 925 740 811 677
212 3 2 1 1 800 671 920 772
213 3 2 1 1 801 773 921 672
214 3 2 1 1 341 940 787 340
215 3 2 1 1 313 314 786 939
216 3 2 1 1 925 602 951 747
217 3 2 1 1 924 659 950 601
218 3 2 1 1 926 757 944 670
219 3 2 1 1 330 331 954 769
220 3 2 1 1 900 772 920 624
221 3 2 1 1 901 625 921 773
222 3 2 1 1 798 604 962 738
223 3 2 1 1 895 596 800 772
224 3 2 1 1 894 773 801 597
225 3 2 1 1 601 839 654 912
226 3 2 1 1 602 821 655 840
227 3 2 1 1 697 626 928 797
228 3 2 1 1 828 650 892 779
229 3 2 1 1 643 777 610 856
230 3 2 1 1 953 738 962 673
231 3 2 1 1 666 893 590 790
232 3 2 1 1 322 696 902 824
233 3 2 1 1 683 750 638 826
234 3 2 1 1 682 825 639 751
235 3 2 1 1 774 859 959 680
236 3 2 1 1 803 663 847 955
237 3 2 1 1 714 19 20 829
238 3 2 1 1 713 828 309 310
239 3 2 1 1 873 744 894 597
240 3 2 1 1 872 596 895 745
241 3 2 1 1 933 736 903 592
242 3 2 1 1 806 641 830 722
243 3 2 1 1 805 719 831 640
244 3 2 1 1 766 306 307 814
245 3 2 1 1 700 22 23 815
246 3 2 1 1 675 915 607 792
247 3 2 1 1 872 961 800 596
248 3 2 1 1 873 597 801 960
249 3 2 1 1 871 733 926 670
250 3 2 1 1 628 763 687 851
251 3 2 1 1 594 764 850 688
252 3 2 1 1 699 892 612 877
253 3 2 1 1 777 643 914 741
254 3 2 1 1 631 799 922 723
255 3 2 1 1 725 638 750 835
256 3 2 1 1 726 834 751 639
257 3 2 1 1 845 776 844 637
258 3 2 1 1 850 629 948 734
259 3 2 1 1 851 735 947 628
260 3 2 1 1 930 746 910 623
261 3 2 1 1 840 759 951 602
262 3 2 1 1 839 601 950 758
263 3 2 1 1 879 754 881 621
264 3 2 1 1 880 622 882 755
265 3 2 1 1 889 662 910 746
266 3 2 1 1 911 593 905 768
267 3 2 1 1 592 737 649 933
268 3 2 1 1 860 781 843 644
269 3 2 1 1 914 593 911 741
270 3 2 1 1 944 757 919 775
271 3 2 1 1 300 964 795 299
272 3 2 1 1 29 30 796 965
273 3 2 1 1 853 667 898 785
274 3 2 1 1 701 855 315 316
275 3 2 1 1 702 338 339 854
276 3 2 1 1 736 886 611 838
277 3 2 1 1 708 841 323 324
278 3 2 1 1 952 643 856 760
279 3 2 1 1 771 589 761 874
280 3 2 1 1 729 595 822 908
281 3 2 1 1 754 320 321 941
282 3 2 1 1 701 839 758 618
283 3 2 1 1 702 620 759 840
284 3 2 1 1 906 658 859 774
285 3 2 1 1 715 304 305 848
286 3 2 1 1 716 849 24 25
287 3 2 1 1 317 912 654 884
288 3 2 1 1 337 885 655 821
289 3 2 1 1 709 756 593 914
290 3 2 1 1 769 954 774 680
291 3 2 1 1 823 843 781 633
292 3 2 1 1 603 765 666 913
293 3 2 1 1 881 754 941 657
294 3 2 1 1 753 867 611 886
295 3 2 1 1 698 788 868 636
296 3 2 1 1 605 827 668 846
297 3 2 1 1 630 769 680 967
298 3 2 1 1 679 865 598 823
299 3 2 1 1 604 684 966 804
300 3 2 1 1 886 649 946 753
301 3 2 1 1 808 937 750 683
302 3 2 1 1 807 682 751 938
303 3 2 1 1 865 752 899 598
304 3 2 1 1 806 721 891 641
305 3 2 1 1 805 640 890 720
306 3 2 1 1 874 761 878 642
307 3 2 1 1 882 658 906 755
308 3 2 1 1 700 866 651 778
309 3 2 1 1 728 599 753 946
310 3 2 1 1 865 656 943 752
311 3 2 1 1 832 600 952 760
312 3 2 1 1 746 328 329 889
313 3 2 1 1 679 857 656 865
314 3 2 1 1 883 644 958 762
315 3 2 1 1 717 758 950 659
316 3 2 1 1 718 747 951 759
317 3 2 1 1 733 871 589 783
318 3 2 1 1 711 659 924 617
319 3 2 1 1 712 619 925 747
320 3 2 1 1 788 698 923 875
321 3 2 1 1 882 792 859 658
322 3 2 1 1 910 752 943 623
323 3 2 1 1 888 780 918 652
324 3 2 1 1 791 674 927 935
325 3 2 1 1 780 888 614 953
326 3 2 1 1 866 765 932 651
327 3 2 1 1 870 711 862 968
328 3 2 1 1 869 969 861 712
329 3 2 1 1 308 779 892 699
330 3 2 1 1 780 875 923 587
331 3 2 1 1 695 790 681 852
332 3 2 1 1 876 646 919 757
333 3 2 1 1 293 294 957 861
334 3 2 1 1 36 862 956 35
335 3 2 1 1 905 665 934 768
336 3 2 1 1 850 764 927 629
337 3 2 1 1 883 762 959 607
338 3 2 1 1 38 870 968 37
339 3 2 1 1 291 292 969 869
340 3 2 1 1 604 804 697 868
341 3 2 1 1 606 902 696 876
342 3 2 1 1 732 782 899 662
343 3 2 1 1 681 790 590 963
344 3 2 1 1 614 908 656 857
345 3 2 1 1 687 763 931 591
346 3 2 1 1 774 954 331 332
347 3 2 1 1 860 588 929 781
348 3 2 1 1 853 785 916 669
349 3 2 1 1 710 918 780 587
350 3 2 1 1 626 745 895 928
351 3 2 1 1 745 626 966 770
352 3 2 1 1 748 302 303 686
353 3 2 1 1 749 936 26 27
354 3 2 1 1 678 768 934 627
355 3 2 1 1 897 628 947 784
356 3 2 1 1 607 915 685 883
357 3 2 1 1 785 898 838 611
358 3 2 1 1 958 630 967 762
359 3 2 1 1 853 669 833 842
360 3 2 1 1 835 956 862 725
361 3 2 1 1 834 726 861 957
362 3 2 1 1 770 784 947 661
363 3 2 1 1 629 783 660 948
364 3 2 1 1 862 36 37 968
365 3 2 1 1 861 969 292 293
366 3 2 1 1 664 904 592 797
367 3 2 1 1 765 909 893 666
368 3 2 1 1 710 667 853 896
369 3 2 1 1 636 838 898 698
370 3 2 1 1 657 902 606 791
371 3 2 1 1 692 904 664 900
372 3 2 1 1 693 901 665 905
373 3 2 1 1 875 780 953 673
374 3 2 1 1 609 812 961 690
375 3 2 1 1 608 689 960 813
376 3 2 1 1 902 657 941 824
377 3 2 1 1 765 603 809 932
378 3 2 1 1 753 645 916 867
379 3 2 1 1 642 945 668 827
380 3 2 1 1 868 788 962 604
381 3 2 1 1 45 939 786 44
382 3 2 1 1 284 285 787 940
383 3 2 1 1 875 673 962 788
384 3 2 1 1 842 833 949 653
385 3 2 1 1 800 795 964 671
386 3 2 1 1 801 672 965 796
387 3 2 1 1 667 923 698 898
388 3 2 1 1 830 641 891 855
389 3 2 1 1 831 854 890 640
390 3 2 1 1 842 610 896 853
391 3 2 1 1 314 315 855 891
392 3 2 1 1 340 890 854 339
393 3 2 1 1 650 852 612 892
394 3 2 1 1 963 669 916 645
395 3 2 1 1 650 816 603 913
396 3 2 1 1 703 970 676 810
397 3 2 1 1 792 607 959 859
398 3 2 1 1 752 910 662 899
399 3 2 1 1 650 913 695 852
400 3 2 1 1 624 920 818 748
401 3 2 1 1 625 749 817 921
402 3 2 1 1 812 634 800 961
403 3 2 1 1 813 960 801 635
404 3 2 1 1 646 907 323 841
405 3 2 1 1 922 846 942 652
406 3 2 1 1 908 822 943 656
407 3 2 1 1 294 295 834 957
408 3 2 1 1 35 956 835 34
409 3 2 1 1 952 955 847 709
410 3 2 1 1 799 605 846 922
411 3 2 1 1 920 671 964 818
412 3 2 1 1 921 817 965 672
413 3 2 1 1 833 590 893 949
414 3 2 1 1 784 685 915 897
415 3 2 1 1 322 824 941 321
416 3 2 1 1 931 897 915 675
417 3 2 1 1 301 818 964 300
418 3 2 1 1 28 29 965 817
419 3 2 1 1 803 955 952 600
420 3 2 1 1 833 669 963 590
421 3 2 1 1 670 944 878 761
422 3 2 1 1 729 942 846 668
423 3 2 1 1 652 942 729 888
424 3 2 1 1 797 928 895 664
425 3 2 1 1 917 878 944 775
426 3 2 1 1 744 934 665 894
427 3 2 1 1 909 694 949 893
428 3 2 1 1 762 967 680 959
429 3 2 1 1 939 45 2 313
430 3 2 1 1 940 341 16 284
431 3 2 2 2 1250 1028 1219 1087
432 3 2 2 2 1205 1000 1275 1102
433 3 2 2 2 1367 1012 1164 1141
434 3 2 2 2 1291 1109 1026 1227
435 3 2 2 2 1090 1265 1039 1289
436 3 2 2 2 1229 1098 1255 1036
437 3 2 2 2 1207 986 1156 1295
438 3 2 2 2 1223 50 51 1145
439 3 2 2 2 1348 1095 1256 1033
440 3 2 2 2 1256 1104 1223 1033
441 3 2 2 2 1406 989 1255 1098
442 3 2 2 2 1449 1099 1266 1040
443 3 2 2 2 1462 1011 1252 1102
444 3 2 2 2 1219 1028 1235 1111
445 3 2 2 2 1255 1107 1244 1036
446 3 2 2 2 1157 985 1167 1319
447 3 2 2 2 1266 1109 1291 1040
448 3 2 2 2 1420 1077 1418 1193
449 3 2 2 2 1190 1111 1343 1021
450 3 2 2 2 1266 993 1245 1109
451 3 2 2 2 327 326 1371 1228
452 3 2 2 2 975 1288 1103 1296
453 3 2 2 2 986 1216 1297 1156
454 3 2 2 2 1034 1217 1481 1362
455 3 2 2 2 1413 1027 1248 1114
456 3 2 2 2 1133 329 328 1307
457 3 2 2 2 1181 982 1254 1110
458 3 2 2 2 1026 1280 1098 1227
459 3 2 2 2 279 1310 1078 1290
460 3 2 2 2 997 1247 1060 1179
461 3 2 2 2 1316 1009 1491 1140
462 3 2 2 2 1010 1459 1274 1101
463 3 2 2 2 1228 1307 328 327
464 3 2 2 2 2 46 1154 1130
465 3 2 2 2 47 48 1423 1128
466 3 2 2 2 1023 1326 1116 1243
467 3 2 2 2 1283 1042 1454 1145
468 3 2 2 2 1105 1419 1036 1244
469 3 2 2 2 1304 1003 1272 1115
470 3 2 2 2 1164 1057 1330 1141
471 3 2 2 2 1382 1042 1273 1108
472 3 2 2 2 1346 1164 1012 1388
473 3 2 2 2 1430 1160 1018 1209
474 3 2 2 2 350 1172 1072 349
475 3 2 2 2 1051 1236 987 1183
476 3 2 2 2 1224 1039 1265 1114
477 3 2 2 2 382 383 1377 1169
478 3 2 2 2 1014 1363 1262 1507
479 3 2 2 2 1179 1013 1518 1139
480 3 2 2 2 1364 1446 1182 1094
481 3 2 2 2 1383 1005 1410 1126
482 3 2 2 2 1355 1200 1448 980
483 3 2 2 2 1080 1300 1053 1276
484 3 2 2 2 1188 972 1440 1138
485 3 2 2 2 1312 1337 1183 987
486 3 2 2 2 1227 972 1188 1291
487 3 2 2 2 1042 1129 1347 1273
488 3 2 2 2 1137 971 1289 1186
489 3 2 2 2 977 1387 1102 1252
490 3 2 2 2 1038 1395 1127 1510
491 3 2 2 2 1099 1234 993 1266
492 3 2 2 2 1166 1002 1322 1123
493 3 2 2 2 1088 1326 1023 1184
494 3 2 2 2 1460 1029 1220 1124
495 3 2 2 2 1112 1390 1030 1237
496 3 2 2 2 1383 1126 1272 1070
497 3 2 2 2 1372 1125 1305 1007
498 3 2 2 2 1044 1118 1504 1285
499 3 2 2 2 367 1121 1253 366
500 3 2 2 2 1439 1433 1231 1031
501 3 2 2 2 1322 1047 1502 1123
502 3 2 2 2 1008 1309 1059 1198
503 3 2 2 2 1205 1131 1331 1045
504 3 2 2 2 1234 1017 1246 1135
505 3 2 2 2 1240 1122 1292 1041
506 3 2 2 2 1186 1010 1378 1137
507 3 2 2 2 971 1261 1090 1289
508 3 2 2 2 380 381 1264 1124
509 3 2 2 2 1128 1154 46 47
510 3 2 2 2 1344 1055 1345 1149
511 3 2 2 2 1091 1414 53 54
512 3 2 2 2 1395 995 1336 1127
513 3 2 2 2 1188 1138 1379 1011
514 3 2 2 2 1363 1014 1458 1134
515 3 2 2 2 1004 1445 1116 1326
516 3 2 2 2 323 1143 1397 324
517 3 2 2 2 1341 1077 1420 1122
518 3 2 2 2 1166 1123 1332 1054
519 3 2 2 2 1241 1131 1387 977
520 3 2 2 2 360 361 1330 1158
521 3 2 2 2 1241 1009 1331 1131
522 3 2 2 2 1231 1172 1262 1031
523 3 2 2 2 1183 1013 1317 1159
524 3 2 2 2 1287 1029 1339 1132
525 3 2 2 2 1138 1440 1093 1278
526 3 2 2 2 1212 1044 1267 1236
527 3 2 2 2 985 1157 1038 1488
528 3 2 2 2 1135 1246 1376 974
529 3 2 2 2 357 1144 1318 356
530 3 2 2 2 1129 52 53 1414
531 3 2 2 2 1424 1020 1208 1161
532 3 2 2 2 1154 1349 1025 1130
533 3 2 2 2 1217 1034 1264 1169
534 3 2 2 2 1167 1356 1494 1022
535 3 2 2 2 1258 1147 1404 983
536 3 2 2 2 1336 1132 1270 1043
537 3 2 2 2 1111 988 1189 1219
538 3 2 2 2 1336 1043 1288 1127
539 3 2 2 2 1276 1149 1476 1080
540 3 2 2 2 1397 1143 1408 1019
541 3 2 2 2 1042 1283 52 1129
542 3 2 2 2 1029 1106 1405 1220
543 3 2 2 2 1022 1146 1391 1196
544 3 2 2 2 1369 1380 979 1192
545 3 2 2 2 1307 1047 1322 1133
546 3 2 2 2 1240 1041 1408 1143
547 3 2 2 2 1053 1192 979 1410
548 3 2 2 2 971 1137 1269 1442
549 3 2 2 2 3 342 1334 58
550 3 2 2 2 15 271 1335 390
551 3 2 2 2 995 1287 1132 1336
552 3 2 2 2 1330 1057 1489 1158
553 3 2 2 2 1112 1237 973 1293
554 3 2 2 2 1069 1211 1025 1295
555 3 2 2 2 362 363 1367 1141
556 3 2 2 2 353 1194 1507 352
557 3 2 2 2 1138 1278 1066 1379
558 3 2 2 2 1372 1007 1268 1147
559 3 2 2 2 1223 1145 1454 1033
560 3 2 2 2 1260 1140 1491 1035
561 3 2 2 2 1113 1045 1475 1249
562 3 2 2 2 2 1130 1385 313
563 3 2 2 2 1362 984 1339 1178
564 3 2 2 2 1409 316 1313 1151
565 3 2 2 2 1484 1019 1408 1153
566 3 2 2 2 984 1362 1481 1092
567 3 2 2 2 974 1345 1302 1135
568 3 2 2 2 348 1160 1430 347
569 3 2 2 2 1139 1311 997 1179
570 3 2 2 2 1418 1023 1243 1193
571 3 2 2 2 1344 1149 1276 1005
572 3 2 2 2 1157 1165 1395 1038
573 3 2 2 2 1201 1334 342 343
574 3 2 2 2 1202 389 390 1335
575 3 2 2 2 384 385 1424 1161
576 3 2 2 2 983 1361 1100 1258
577 3 2 2 2 1370 1007 1516 1144
578 3 2 2 2 1263 1214 1260 1035
579 3 2 2 2 1120 275 276 1393
580 3 2 2 2 1246 1017 1517 1166
581 3 2 2 2 1192 1053 1300 1170
582 3 2 2 2 1124 1220 379 380
583 3 2 2 2 986 1465 1136 1216
584 3 2 2 2 1449 1040 1284 1225
585 3 2 2 2 1495 1155 1353 1006
586 3 2 2 2 1198 1451 368 369
587 3 2 2 2 972 1227 1098 1229
588 3 2 2 2 1381 995 1395 1165
589 3 2 2 2 1183 1159 1296 1051
590 3 2 2 2 1137 1378 1068 1269
591 3 2 2 2 1475 1045 1331 1148
592 3 2 2 2 1175 282 283 1508
593 3 2 2 2 1258 1037 1372 1147
594 3 2 2 2 1308 974 1376 1150
595 3 2 2 2 1136 1465 1048 1401
596 3 2 2 2 1267 1175 1508 1067
597 3 2 2 2 1316 1148 1331 1009
598 3 2 2 2 1235 1028 1499 1171
599 3 2 2 2 1296 1159 1492 975
600 3 2 2 2 1412 1156 1297 1004
601 3 2 2 2 1115 1467 1049 1304
602 3 2 2 2 1412 1069 1295 1156
603 3 2 2 2 1093 1229 1036 1419
604 3 2 2 2 1214 1263 1267 1067
605 3 2 2 2 1032 1254 1117 1368
606 3 2 2 2 1165 1157 1319 1016
607 3 2 2 2 1100 1320 1052 1323
608 3 2 2 2 1198 1509 1360 1008
609 3 2 2 2 1333 981 1327 1153
610 3 2 2 2 1032 1358 1110 1254
611 3 2 2 2 1300 1080 1308 1204
612 3 2 2 2 1091 54 55 1195
613 3 2 2 2 1181 1483 1099 1449
614 3 2 2 2 1130 1025 1211 1385
615 3 2 2 2 1104 49 50 1223
616 3 2 2 2 1495 1136 1401 1155
617 3 2 2 2 1301 1050 1360 1509
618 3 2 2 2 1292 1180 1513 1041
619 3 2 2 2 1151 1313 1069 1412
620 3 2 2 2 1184 318 317 1473
621 3 2 2 2 318 1184 1277 319
622 3 2 2 2 1104 1423 48 49
623 3 2 2 2 997 1419 1105 1247
624 3 2 2 2 1357 354 355 1259
625 3 2 2 2 1118 1044 1212 1450
626 3 2 2 2 1367 1162 1328 1012
627 3 2 2 2 1464 1261 1453 1015
628 3 2 2 2 1488 1038 1435 1152
629 3 2 2 2 1306 1173 1320 998
630 3 2 2 2 275 1120 1441 1221
631 3 2 2 2 1152 1435 1060 1247
632 3 2 2 2 1325 1233 1348 978
633 3 2 2 2 1355 1096 1309 1200
634 3 2 2 2 1267 1044 1285 1175
635 3 2 2 2 1271 1047 1307 1228
636 3 2 2 2 1196 373 374 1426
637 3 2 2 2 316 1409 1473 317
638 3 2 2 2 1076 1358 1032 1226
639 3 2 2 2 1105 1488 1152 1247
640 3 2 2 2 1024 1290 1078 1366
641 3 2 2 2 1328 1162 1373 1049
642 3 2 2 2 1300 994 1437 1170
643 3 2 2 2 1271 1228 1371 1065
644 3 2 2 2 1428 979 1380 1163
645 3 2 2 2 1319 1167 1444 1074
646 3 2 2 2 1284 1040 1291 1188
647 3 2 2 2 1172 350 351 1262
648 3 2 2 2 16 1314 1508 283
649 3 2 2 2 981 1333 1071 1224
650 3 2 2 2 1392 1063 1297 1216
651 3 2 2 2 1238 1425 1086 1447
652 3 2 2 2 1274 1180 1292 999
653 3 2 2 2 1270 1182 1512 1043
654 3 2 2 2 1241 977 1396 1294
655 3 2 2 2 1093 1440 972 1229
656 3 2 2 2 1384 1075 1329 1279
657 3 2 2 2 1169 1264 381 382
658 3 2 2 2 1143 323 322 1240
659 3 2 2 2 1428 1163 1467 1115
660 3 2 2 2 1146 1022 1494 1177
661 3 2 2 2 1406 1064 1470 1176
662 3 2 2 2 1312 1035 1491 1197
663 3 2 2 2 1343 1168 1398 1021
664 3 2 2 2 1034 1460 1124 1264
665 3 2 2 2 1401 973 1422 1155
666 3 2 2 2 1162 364 365 1373
667 3 2 2 2 1328 1163 1388 1012
668 3 2 2 2 1268 1056 1398 1168
669 3 2 2 2 1348 1033 1454 1185
670 3 2 2 2 1343 983 1404 1168
671 3 2 2 2 1282 1186 1289 1039
672 3 2 2 2 1191 1371 326 325
673 3 2 2 2 343 344 1375 1201
674 3 2 2 2 389 1202 1374 388
675 3 2 2 2 341 340 1260 1214
676 3 2 2 2 1298 1083 1357 1259
677 3 2 2 2 1460 1178 1339 1029
678 3 2 2 2 1388 1061 1189 1346
679 3 2 2 2 1347 1091 1195 1421
680 3 2 2 2 1035 1312 987 1263
681 3 2 2 2 1119 1006 1353 1173
682 3 2 2 2 1158 1021 1398 1174
683 3 2 2 2 1201 1497 56 57
684 3 2 2 2 279 1290 1213 278
685 3 2 2 2 1202 272 273 1496
686 3 2 2 2 1237 1030 1432 1232
687 3 2 2 2 1315 1174 1398 1056
688 3 2 2 2 1013 1179 1060 1317
689 3 2 2 2 1271 1218 1469 990
690 3 2 2 2 1406 1176 1394 989
691 3 2 2 2 1465 1046 1281 1048
692 3 2 2 2 1274 1071 1333 1180
693 3 2 2 2 1146 1177 1394 1050
694 3 2 2 2 1158 1489 1190 1021
695 3 2 2 2 1470 1008 1360 1176
696 3 2 2 2 1211 314 313 1385
697 3 2 2 2 1209 1082 1375 1482
698 3 2 2 2 1320 1173 1353 1052
699 3 2 2 2 1509 370 371 1301
700 3 2 2 2 1348 1185 1382 978
701 3 2 2 2 1506 1046 1207 1349
702 3 2 2 2 1421 1195 1461 1018
703 3 2 2 2 1345 1055 1417 1302
704 3 2 2 2 1004 1326 1088 1477
705 3 2 2 2 1131 1205 1102 1387
706 3 2 2 2 1050 1411 1391 1146
707 3 2 2 2 1133 1389 1076 1324
708 3 2 2 2 1105 1244 985 1488
709 3 2 2 2 1468 1304 1253 1121
710 3 2 2 2 375 376 1329 1187
711 3 2 2 2 982 1225 1073 1359
712 3 2 2 2 1518 1337 1312 1294
713 3 2 2 2 1279 1329 376 377
714 3 2 2 2 1039 1224 1071 1282
715 3 2 2 2 1068 1306 998 1269
716 3 2 2 2 1090 1437 994 1265
717 3 2 2 2 1241 1197 1491 1009
718 3 2 2 2 1366 1242 1480 1024
719 3 2 2 2 1032 1368 1062 1199
720 3 2 2 2 1148 1316 338 337
721 3 2 2 2 1219 1189 1453 1087
722 3 2 2 2 1173 1306 1386 1119
723 3 2 2 2 1240 1520 1341 1122
724 3 2 2 2 1005 1383 1142 1344
725 3 2 2 2 1066 1311 1139 1396
726 3 2 2 2 1145 51 52 1283
727 3 2 2 2 1084 1327 981 1248
728 3 2 2 2 1041 1513 1153 1408
729 3 2 2 2 1149 1345 974 1476
730 3 2 2 2 982 1359 1117 1254
731 3 2 2 2 1421 992 1273 1347
732 3 2 2 2 1432 1089 1501 1232
733 3 2 2 2 357 358 1315 1222
734 3 2 2 2 1135 1302 993 1234
735 3 2 2 2 1241 1294 1312 1197
736 3 2 2 2 1191 325 324 1397
737 3 2 2 2 1032 1199 1503 1226
738 3 2 2 2 1126 1410 979 1428
739 3 2 2 2 1189 988 1443 1346
740 3 2 2 2 1174 1315 358 359
741 3 2 2 2 1093 1419 997 1278
742 3 2 2 2 1057 1164 1346 1443
743 3 2 2 2 1270 1400 1094 1182
744 3 2 2 2 1298 1206 1463 1083
745 3 2 2 2 1066 1278 997 1311
746 3 2 2 2 1126 1428 1115 1272
747 3 2 2 2 1315 1056 1370 1222
748 3 2 2 2 1045 1351 1000 1205
749 3 2 2 2 1420 1193 1514 999
750 3 2 2 2 1424 1210 1436 1020
751 3 2 2 2 1175 1285 281 282
752 3 2 2 2 1096 1338 1059 1309
753 3 2 2 2 1133 1324 330 329
754 3 2 2 2 1063 1505 1116 1445
755 3 2 2 2 1342 1113 1455 1286
756 3 2 2 2 1148 337 336 1475
757 3 2 2 2 357 1222 1370 1144
758 3 2 2 2 1170 1015 1369 1192
759 3 2 2 2 1189 1369 1015 1453
760 3 2 2 2 1111 1190 1443 988
761 3 2 2 2 1162 1367 363 364
762 3 2 2 2 1407 1187 1519 1016
763 3 2 2 2 1371 1191 1485 1065
764 3 2 2 2 1443 1190 1489 1057
765 3 2 2 2 1306 1068 1257 1386
766 3 2 2 2 1382 1185 1454 1042
767 3 2 2 2 1486 1081 1436 1210
768 3 2 2 2 1199 1472 333 332
769 3 2 2 2 1295 1025 1349 1207
770 3 2 2 2 1458 1014 1463 1206
771 3 2 2 2 1167 1022 1196 1444
772 3 2 2 2 989 1394 1177 1487
773 3 2 2 2 1237 1232 1415 1079
774 3 2 2 2 1113 1249 335 1455
775 3 2 2 2 1243 1101 1514 1193
776 3 2 2 2 1101 1243 976 1515
777 3 2 2 2 1214 1314 16 341
778 3 2 2 2 1189 1061 1380 1369
779 3 2 2 2 1233 1325 1089 1432
780 3 2 2 2 1017 1234 1099 1483
781 3 2 2 2 1034 1362 1178 1460
782 3 2 2 2 1236 1267 1263 987
783 3 2 2 2 1270 984 1242 1400
784 3 2 2 2 1397 1019 1485 1191
785 3 2 2 2 1211 1466 315 314
786 3 2 2 2 1350 1230 1481 991
787 3 2 2 2 1095 1431 996 1256
788 3 2 2 2 1402 1037 1323 1239
789 3 2 2 2 1116 1505 976 1243
790 3 2 2 2 1050 1394 1176 1360
791 3 2 2 2 1001 1403 1103 1446
792 3 2 2 2 367 368 1451 1303
793 3 2 2 2 1486 1374 1202 1081
794 3 2 2 2 1304 1468 1338 1003
795 3 2 2 2 977 1252 1066 1396
796 3 2 2 2 1128 1506 1349 1154
797 3 2 2 2 1309 1008 1470 1200
798 3 2 2 2 1207 1046 1465 986
799 3 2 2 2 1236 1051 1403 1212
800 3 2 2 2 319 1277 1341 320
801 3 2 2 2 1413 1204 1474 1027
802 3 2 2 2 1079 1429 973 1237
803 3 2 2 2 1507 1194 1463 1014
804 3 2 2 2 55 56 1497 1352
805 3 2 2 2 1444 1196 1426 1074
806 3 2 2 2 340 339 1140 1260
807 3 2 2 2 1167 985 1244 1356
808 3 2 2 2 1366 1094 1400 1242
809 3 2 2 2 366 1253 1373 365
810 3 2 2 2 58 1334 1201 57
811 3 2 2 2 271 272 1202 1335
812 3 2 2 2 1209 346 347 1430
813 3 2 2 2 1210 1424 385 386
814 3 2 2 2 1300 1204 1413 994
815 3 2 2 2 1448 1200 1470 1064
816 3 2 2 2 377 378 1405 1279
817 3 2 2 2 1441 1020 1436 1221
818 3 2 2 2 1304 1049 1373 1253
819 3 2 2 2 1250 1087 1453 1261
820 3 2 2 2 1018 1461 1082 1209
821 3 2 2 2 1171 1361 983 1235
822 3 2 2 2 1384 1279 1405 1106
823 3 2 2 2 356 1318 1259 355
824 3 2 2 2 984 1270 1132 1339
825 3 2 2 2 1100 1323 1037 1258
826 3 2 2 2 1134 1325 978 1452
827 3 2 2 2 983 1343 1111 1235
828 3 2 2 2 1141 1330 361 362
829 3 2 2 2 1290 1024 1490 1213
830 3 2 2 2 1128 1423 1104 1457
831 3 2 2 2 1350 1208 1020 1441
832 3 2 2 2 1160 1072 1493 1203
833 3 2 2 2 1298 1259 1318 1058
834 3 2 2 2 1332 990 1469 1215
835 3 2 2 2 1390 1095 1348 1233
836 3 2 2 2 1109 1245 1425 1026
837 3 2 2 2 1391 1411 371 372
838 3 2 2 2 976 1505 1119 1386
839 3 2 2 2 1498 1213 1490 1085
840 3 2 2 2 278 1213 1498 277
841 3 2 2 2 981 1224 1114 1248
842 3 2 2 2 1161 1208 1500 1377
843 3 2 2 2 1160 1203 1421 1018
844 3 2 2 2 1298 1479 1501 1206
845 3 2 2 2 1458 1206 1501 1089
846 3 2 2 2 1029 1287 1384 1106
847 3 2 2 2 1169 1377 1500 1217
848 3 2 2 2 1261 971 1442 1250
849 3 2 2 2 1194 353 354 1357
850 3 2 2 2 1070 1272 1003 1354
851 3 2 2 2 1144 1516 1058 1318
852 3 2 2 2 1474 1215 1478 1027
853 3 2 2 2 1485 1019 1484 1218
854 3 2 2 2 1271 1065 1485 1218
855 3 2 2 2 1390 1233 1432 1030
856 3 2 2 2 1438 1226 1503 331
857 3 2 2 2 989 1487 1107 1255
858 3 2 2 2 1474 1150 1471 1215
859 3 2 2 2 375 1340 1426 374
860 3 2 2 2 1028 1250 1097 1499
861 3 2 2 2 1375 1082 1497 1201
862 3 2 2 2 1415 1232 1501 1479
863 3 2 2 2 1403 1001 1450 1212
864 3 2 2 2 1494 1356 1244 1107
865 3 2 2 2 1469 1218 1484 1084
866 3 2 2 2 1421 1203 1493 992
867 3 2 2 2 1269 1097 1250 1442
868 3 2 2 2 275 1221 1365 274
869 3 2 2 2 1181 1449 1225 982
870 3 2 2 2 973 1401 1048 1293
871 3 2 2 2 1023 1418 1277 1184
872 3 2 2 2 1230 1490 1024 1480
873 3 2 2 2 1160 348 349 1072
874 3 2 2 2 1091 1347 1129 1414
875 3 2 2 2 1074 1407 1016 1319
876 3 2 2 2 1239 1429 1079 1402
877 3 2 2 2 1350 991 1500 1208
878 3 2 2 2 1161 1377 383 384
879 3 2 2 2 1027 1478 1084 1248
880 3 2 2 2 1481 1230 1480 1092
881 3 2 2 2 1280 1026 1425 1238
882 3 2 2 2 1392 1216 1136 1495
883 3 2 2 2 1172 1231 1493 1072
884 3 2 2 2 1000 1359 1073 1275
885 3 2 2 2 1323 1052 1422 1239
886 3 2 2 2 320 1341 1520 321
887 3 2 2 2 1194 1357 1083 1463
888 3 2 2 2 1196 1391 372 373
889 3 2 2 2 1166 1054 1376 1246
890 3 2 2 2 1280 1238 1448 1064
891 3 2 2 2 1257 1515 976 1386
892 3 2 2 2 1153 1513 1180 1333
893 3 2 2 2 1211 1069 1313 1466
894 3 2 2 2 1500 991 1481 1217
895 3 2 2 2 1220 1405 378 379
896 3 2 2 2 1447 980 1448 1238
897 3 2 2 2 1415 1479 1305 1125
898 3 2 2 2 1199 332 331 1503
899 3 2 2 2 1510 1251 1435 1038
900 3 2 2 2 1011 1379 1066 1252
901 3 2 2 2 1188 1011 1462 1284
902 3 2 2 2 1298 1058 1305 1479
903 3 2 2 2 996 1457 1104 1256
904 3 2 2 2 1393 1350 1441 1120
905 3 2 2 2 1186 1282 1459 1010
906 3 2 2 2 1097 1269 998 1456
907 3 2 2 2 1433 992 1493 1231
908 3 2 2 2 1054 1471 1150 1376
909 3 2 2 2 1048 1431 1112 1293
910 3 2 2 2 1285 1504 280 281
911 3 2 2 2 1199 1062 1286 1472
912 3 2 2 2 1508 1314 1214 1067
913 3 2 2 2 1422 973 1429 1239
914 3 2 2 2 1286 1455 335 334
915 3 2 2 2 1010 1257 1068 1378
916 3 2 2 2 980 1447 1142 1511
917 3 2 2 2 1096 1354 1003 1338
918 3 2 2 2 1198 369 370 1509
919 3 2 2 2 1262 1363 1439 1031
920 3 2 2 2 1056 1268 1007 1370
921 3 2 2 2 1103 1288 1043 1512
922 3 2 2 2 1492 1060 1435 1251
923 3 2 2 2 1070 1354 1096 1355
924 3 2 2 2 1240 322 321 1520
925 3 2 2 2 1262 351 352 1507
926 3 2 2 2 1417 1086 1425 1245
927 3 2 2 2 1434 1000 1351 1342
928 3 2 2 2 1350 1085 1490 1230
929 3 2 2 2 279 280 1504 1310
930 3 2 2 2 1209 1482 345 346
931 3 2 2 2 1316 1140 339 338
932 3 2 2 2 1210 386 387 1486
933 3 2 2 2 1168 1404 1147 1268
934 3 2 2 2 1446 1364 1427 1001
935 3 2 2 2 1052 1353 1155 1422
936 3 2 2 2 335 1249 1475 336
937 3 2 2 2 984 1092 1480 1242
938 3 2 2 2 55 1352 1461 1195
939 3 2 2 2 994 1413 1114 1265
940 3 2 2 2 1358 1076 1389 1416
941 3 2 2 2 1381 1384 1287 995
942 3 2 2 2 1133 1322 1002 1389
943 3 2 2 2 1281 1046 1506 1321
944 3 2 2 2 1055 1399 1086 1417
945 3 2 2 2 1045 1113 1342 1351
946 3 2 2 2 992 1433 1108 1273
947 3 2 2 2 1053 1410 1005 1276
948 3 2 2 2 1010 1101 1515 1257
949 3 2 2 2 1341 1277 1418 1077
950 3 2 2 2 1094 1366 1078 1364
951 3 2 2 2 1098 1280 1064 1406
952 3 2 2 2 1198 1059 1303 1451
953 3 2 2 2 1184 1473 1409 1088
954 3 2 2 2 1102 1275 1073 1462
955 3 2 2 2 1103 1512 1182 1446
956 3 2 2 2 996 1431 1048 1281
957 3 2 2 2 1510 975 1492 1251
958 3 2 2 2 1274 1459 1282 1071
959 3 2 2 2 1181 1517 1017 1483
960 3 2 2 2 1125 1372 1037 1402
961 3 2 2 2 1125 1402 1079 1415
962 3 2 2 2 1086 1399 1142 1447
963 3 2 2 2 1225 1284 1462 1073
964 3 2 2 2 1051 1296 1103 1403
965 3 2 2 2 1119 1392 1495 1006
966 3 2 2 2 1151 1412 1004 1477
967 3 2 2 2 1504 1118 1427 1310
968 3 2 2 2 1159 1317 1060 1492
969 3 2 2 2 1226 1438 1324 1076
970 3 2 2 2 1151 1477 1088 1409
971 3 2 2 2 1122 1420 999 1292
972 3 2 2 2 1050 1301 371 1411
973 3 2 2 2 388 1374 1486 387
974 3 2 2 2 1245 993 1302 1417
975 3 2 2 2 344 345 1482 1375
976 3 2 2 2 274 1365 1496 273
977 3 2 2 2 1055 1344 1142 1399
978 3 2 2 2 999 1514 1101 1274
979 3 2 2 2 1119 1505 1063 1392
980 3 2 2 2 1047 1271 990 1502
981 3 2 2 2 1000 1434 1117 1359
982 3 2 2 2 1457 1321 1506 1128
983 3 2 2 2 334 333 1472 1286
984 3 2 2 2 1183 1337 1518 1013
985 3 2 2 2 1063 1445 1004 1297
986 3 2 2 2 1062 1368 1117 1434
987 3 2 2 2 1112 1431 1095 1390
988 3 2 2 2 367 1303 1468 1121
989 3 2 2 2 375 1187 1407 1340
990 3 2 2 2 975 1510 1127 1288
991 3 2 2 2 998 1320 1100 1361
992 3 2 2 2 331 330 1324 1438
993 3 2 2 2 1061 1388 1163 1380
994 3 2 2 2 1407 1074 1426 1340
995 3 2 2 2 1123 1502 990 1332
996 3 2 2 2 1204 1308 1150 1474
997 3 2 2 2 1001 1427 1118 1450
998 3 2 2 2 1097 1456 1171 1499
999 3 2 2 2 1110 1299 1517 1181
1000 3 2 2 2 1002 1166 1517 1299
1001 3 2 2 2 1080 1476 974 1308
1002 3 2 2 2 316 315 1466 1313
1003 3 2 2 2 1134 1458 1089 1325
1004 3 2 2 2 1299 1110 1358 1416
1005 3 2 2 2 1286 1062 1434 1342
1006 3 2 2 2 1281 1321 1457 996
1007 3 2 2 2 1215 1471 1054 1332
1008 3 2 2 2 1007 1305 1058 1516
1009 3 2 2 2 1497 1082 1461 1352
1010 3 2 2 2 1396 1139 1518 1294
1011 3 2 2 2 1163 1328 1049 1467
1012 3 2 2 2 1165 1016 1519 1381
1013 3 2 2 2 1081 1365 1221 1436
1014 3 2 2 2 1153 1327 1084 1484
1015 3 2 2 2 1202 1496 1365 1081
1016 3 2 2 2 1310 1427 1364 1078
1017 3 2 2 2 1303 1059 1338 1468
1018 3 2 2 2 1384 1381 1519 1075
1019 3 2 2 2 1299 1416 1389 1002
1020 3 2 2 2 277 1498 1393 276
1021 3 2 2 2 1015 1170 1437 1464
1022 3 2 2 2 1075 1519 1187 1329
1023 3 2 2 2 980 1511 1070 1355
1024 3 2 2 2 978 1382 1108 1452
1025 3 2 2 2 1363 1134 1452 1439
1026 3 2 2 2 1433 1439 1452 1108
1027 3 2 2 2 1084 1478 1215 1469
1028 3 2 2 2 1350 1393 1498 1085
1029 3 2 2 2 1261 1464 1437 1090
1030 3 2 2 2 1070 1511 1142 1383
1031 3 2 2 2 998 1361 1171 1456
1032 3 2 2 2 1177 1494 1107 1487
1033 3 2 2 2 359 360 1158 1174
1034 3 2 3 3 1745 1961 1859 1621
1035 3 2 3 3 1703 2111 1559 1694
1036 3 2 3 3 1662 1841 1600 1876
1037 3 2 3 3 384 1740 1892 385
1038 3 2 3 3 1660 2053 2154 1832
1039 3 2 3 3 405 406 1928 1709
1040 3 2 3 3 356 355 1659 1809
1041 3 2 3 3 69 70 2152 1758
1042 3 2 3 3 2098 1677 1997 1541
1043 3 2 3 3 1722 1567 1727 2184
1044 3 2 3 3 1833 1526 1804 1708
1045 3 2 3 3 59 1706 342 3
1046 3 2 3 3 1911 1786 413 414
1047 3 2 3 3 1591 1834 1545 1714
1048 3 2 3 3 2039 1583 1811 1868
1049 3 2 3 3 349 348 1931 1719
1050 3 2 3 3 354 353 1914 1845
1051 3 2 3 3 2080 1674 2036 1819
1052 3 2 3 3 2093 1712 2091 1668
1053 3 2 3 3 2137 1881 2051 1694
1054 3 2 3 3 1861 374 373 1906
1055 3 2 3 3 1599 1696 1540 1912
1056 3 2 3 3 1691 1588 1687 1837
1057 3 2 3 3 1725 1847 399 400
1058 3 2 3 3 1793 1684 1958 1527
1059 3 2 3 3 1990 1910 1744 1547
1060 3 2 3 3 1693 1914 353 352
1061 3 2 3 3 1687 2002 264 265
1062 3 2 3 3 1835 1546 1798 1713
1063 3 2 3 3 1890 1648 2063 1783
1064 3 2 3 3 1581 2144 1951 1698
1065 3 2 3 3 2052 1680 2159 1579
1066 3 2 3 3 1930 1681 1967 1557
1067 3 2 3 3 420 421 2001 1721
1068 3 2 3 3 1587 1718 2044 1809
1069 3 2 3 3 1996 1603 1917 1686
1070 3 2 3 3 424 425 1998 1762
1071 3 2 3 3 1773 1585 2142 1714
1072 3 2 3 3 1685 1959 1689 1528
1073 3 2 3 3 1850 1527 1958 1690
1074 3 2 3 3 1691 2059 1710 1588
1075 3 2 3 3 1856 1541 1796 1965
1076 3 2 3 3 2043 1677 2098 1768
1077 3 2 3 3 419 1849 1639 1992
1078 3 2 3 3 1549 1926 1647 1766
1079 3 2 3 3 1834 1591 1959 1685
1080 3 2 3 3 1835 1592 1958 1684
1081 3 2 3 3 1700 402 403 2008
1082 3 2 3 3 1800 1537 1843 1751
1083 3 2 3 3 1900 1695 1899 1564
1084 3 2 3 3 2127 1590 1821 1711
1085 3 2 3 3 1741 1652 2107 1824
1086 3 2 3 3 1858 1716 1975 1642
1087 3 2 3 3 1607 1816 1649 1891
1088 3 2 3 3 1665 2060 1531 1785
1089 3 2 3 3 1825 1689 1959 1591
1090 3 2 3 3 1810 1690 1958 1592
1091 3 2 3 3 2011 1544 2069 1695
1092 3 2 3 3 2035 1636 2147 1733
1093 3 2 3 3 2088 62 63 1801
1094 3 2 3 3 1807 1717 2081 1629
1095 3 2 3 3 1835 1713 1846 1592
1096 3 2 3 3 1718 1587 1775 1827
1097 3 2 3 3 2110 1558 2136 1693
1098 3 2 3 3 1817 1618 1892 1740
1099 3 2 3 3 407 408 1818 1729
1100 3 2 3 3 2011 1695 2029 1646
1101 3 2 3 3 1680 1948 1530 1878
1102 3 2 3 3 2118 1815 347 346
1103 3 2 3 3 1836 1613 1983 1698
1104 3 2 3 3 1839 1566 2170 1746
1105 3 2 3 3 1749 1556 2080 1790
1106 3 2 3 3 1942 1762 1998 1641
1107 3 2 3 3 2179 1948 1648 1890
1108 3 2 3 3 1681 1619 1705 1967
1109 3 2 3 3 1724 1848 432 433
1110 3 2 3 3 1659 1965 1587 1809
1111 3 2 3 3 1539 1792 1981 1868
1112 3 2 3 3 377 376 1932 1699
1113 3 2 3 3 1967 1705 2012 1557
1114 3 2 3 3 2181 1730 2171 1794
1115 3 2 3 3 1727 1869 1598 2184
1116 3 2 3 3 61 1779 2121 60
1117 3 2 3 3 1568 1646 2033 1734
1118 3 2 3 3 1795 1585 1848 1724
1119 3 2 3 3 2052 1803 2063 1648
1120 3 2 3 3 1584 2164 1729 1818
1121 3 2 3 3 405 1709 2027 1840
1122 3 2 3 3 1820 1719 1931 1612
1123 3 2 3 3 1595 1704 2115 1870
1124 3 2 3 3 1804 1608 2085 1707
1125 3 2 3 3 1853 1728 2120 1521
1126 3 2 3 3 1990 1547 1872 1735
1127 3 2 3 3 2110 1693 1989 1704
1128 3 2 3 3 1956 1701 2004 1633
1129 3 2 3 3 2093 1560 2048 1712
1130 3 2 3 3 1877 1781 2021 1738
1131 3 2 3 3 1604 1997 1677 1853
1132 3 2 3 3 1953 1675 2016 1921
1133 3 2 3 3 1919 1548 1953 1787
1134 3 2 3 3 2027 1709 1969 1563
1135 3 2 3 3 2189 1720 2095 1615
1136 3 2 3 3 1600 1683 2185 1879
1137 3 2 3 3 361 1924 1673 2015
1138 3 2 3 3 2170 1620 1904 1746
1139 3 2 3 3 1928 1611 1969 1709
1140 3 2 3 3 1928 1729 2164 1611
1141 3 2 3 3 1760 1526 1833 2066
1142 3 2 3 3 1767 268 269 2040
1143 3 2 3 3 1687 265 266 1837
1144 3 2 3 3 1957 1778 2062 1551
1145 3 2 3 3 2045 1614 1911 1711
1146 3 2 3 3 1975 1716 1999 1543
1147 3 2 3 3 1798 1584 2100 1713
1148 3 2 3 3 1605 1883 1700 2038
1149 3 2 3 3 2053 1776 1878 1530
1150 3 2 3 3 1678 1978 443 444
1151 3 2 3 3 1820 1595 1870 1719
1152 3 2 3 3 2148 1702 2094 1542
1153 3 2 3 3 1872 1601 2131 1735
1154 3 2 3 3 1898 1531 2178 1710
1155 3 2 3 3 1742 441 442 1797
1156 3 2 3 3 1975 1543 2081 1717
1157 3 2 3 3 1805 1532 1916 1705
1158 3 2 3 3 1578 1741 1824 2103
1159 3 2 3 3 1557 1702 2148 1930
1160 3 2 3 3 2034 1661 2104 1737
1161 3 2 3 3 1793 1631 1902 1731
1162 3 2 3 3 1782 2019 427 428
1163 3 2 3 3 1618 1692 2117 1892
1164 3 2 3 3 2026 1589 1929 1706
1165 3 2 3 3 2112 1707 1946 1570
1166 3 2 3 3 2021 1721 1984 1738
1167 3 2 3 3 1780 1903 380 379
1168 3 2 3 3 1665 1785 1578 2103
1169 3 2 3 3 2066 1571 2182 1760
1170 3 2 3 3 1980 365 364 1874
1171 3 2 3 3 426 427 2019 1838
1172 3 2 3 3 2009 1823 2086 1654
1173 3 2 3 3 1575 1898 1710 2059
1174 3 2 3 3 2137 1596 1740 1881
1175 3 2 3 3 1620 1857 1652 1904
1176 3 2 3 3 261 262 1865 1788
1177 3 2 3 3 1724 1632 1995 1795
1178 3 2 3 3 1682 1574 1725 2108
1179 3 2 3 3 2087 1864 1971 1723
1180 3 2 3 3 1966 1573 1942 1715
1181 3 2 3 3 1534 1810 1592 1846
1182 3 2 3 3 1882 1726 2010 1627
1183 3 2 3 3 2034 1737 1900 1564
1184 3 2 3 3 1971 1864 436 437
1185 3 2 3 3 360 359 1945 1753
1186 3 2 3 3 2101 1769 1939 1616
1187 3 2 3 3 1810 1534 2095 1720
1188 3 2 3 3 1910 1664 1980 1874
1189 3 2 3 3 1676 1562 2116 1934
1190 3 2 3 3 1725 1574 2150 1847
1191 3 2 3 3 1695 1900 1606 2029
1192 3 2 3 3 2109 1546 2010 1726
1193 3 2 3 3 441 1742 1901 440
1194 3 2 3 3 1687 2009 1654 2002
1195 3 2 3 3 1915 1522 1960 1736
1196 3 2 3 3 1566 1717 1807 2151
1197 3 2 3 3 395 396 1954 1761
1198 3 2 3 3 1831 1597 1844 1886
1199 3 2 3 3 436 1864 2068 1748
1200 3 2 3 3 2189 1615 2120 1728
1201 3 2 3 3 2181 1544 2011 1730
1202 3 2 3 3 1937 1569 2035 1733
1203 3 2 3 3 1623 1984 1721 2001
1204 3 2 3 3 344 343 1929 1774
1205 3 2 3 3 1583 1735 2131 1811
1206 3 2 3 3 1647 1907 2050 1766
1207 3 2 3 3 2170 2024 2049 1620
1208 3 2 3 3 2119 1570 1961 1745
1209 3 2 3 3 1702 1806 1636 2094
1210 3 2 3 3 1877 1738 2146 1621
1211 3 2 3 3 1524 1943 1839 1746
1212 3 2 3 3 2026 1706 59 1656
1213 3 2 3 3 1816 1607 2025 1743
1214 3 2 3 3 1679 1532 1805 2075
1215 3 2 3 3 1910 1633 2004 1744
1216 3 2 3 3 2118 1681 1930 1815
1217 3 2 3 3 1937 1733 2147 1523
1218 3 2 3 3 1905 1747 2045 1533
1219 3 2 3 3 1825 1535 2049 2024
1220 3 2 3 3 1918 1743 2025 1529
1221 3 2 3 3 1611 2164 1584 1798
1222 3 2 3 3 1923 2001 421 422
1223 3 2 3 3 1698 1983 1742 1581
1224 3 2 3 3 2068 1572 2000 1748
1225 3 2 3 3 2126 1744 2004 1562
1226 3 2 3 3 67 1759 1970 66
1227 3 2 3 3 2070 1538 2076 1732
1228 3 2 3 3 1901 1742 1983 1613
1229 3 2 3 3 1524 2145 1741 1862
1230 3 2 3 3 1905 1622 1986 1747
1231 3 2 3 3 1939 1536 2141 1712
1232 3 2 3 3 1549 1766 1941 2113
1233 3 2 3 3 1696 1987 1752 1540
1234 3 2 3 3 1955 1748 2000 1632
1235 3 2 3 3 1619 1681 2118 1889
1236 3 2 3 3 1882 1563 1969 1726
1237 3 2 3 3 1723 2183 1901 1613
1238 3 2 3 3 1796 1604 1871 1775
1239 3 2 3 3 1846 1814 1876 1534
1240 3 2 3 3 1714 1545 2071 1773
1241 3 2 3 3 15 1739 1940 270
1242 3 2 3 3 1740 1596 1880 1817
1243 3 2 3 3 2121 1656 59 60
1244 3 2 3 3 1744 1891 1872 1547
1245 3 2 3 3 436 1748 1955 435
1246 3 2 3 3 1523 1897 1627 1937
1247 3 2 3 3 2172 1731 2035 1569
1248 3 2 3 3 1678 1972 1651 1978
1249 3 2 3 3 1800 1751 1966 1593
1250 3 2 3 3 1721 1849 419 420
1251 3 2 3 3 1649 1816 2105 1960
1252 3 2 3 3 1740 384 383 1881
1253 3 2 3 3 2054 1567 1974 1776
1254 3 2 3 3 1779 2130 1561 2030
1255 3 2 3 3 1702 1557 2012 1806
1256 3 2 3 3 259 260 2017 1771
1257 3 2 3 3 1912 1540 1991 1737
1258 3 2 3 3 448 1771 2005 447
1259 3 2 3 3 1953 1644 2037 1787
1260 3 2 3 3 1556 1749 1625 1976
1261 3 2 3 3 1937 1757 2006 1569
1262 3 2 3 3 1896 1750 2062 1640
1263 3 2 3 3 2017 1650 2005 1771
1264 3 2 3 3 1621 2146 1537 1745
1265 3 2 3 3 2007 1777 2176 1577
1266 3 2 3 3 1918 1770 2176 1602
1267 3 2 3 3 1639 1935 1688 1992
1268 3 2 3 3 1686 1917 1554 2046
1269 3 2 3 3 1556 2056 1674 2080
1270 3 2 3 3 1790 1608 2014 1749
1271 3 2 3 3 1850 1768 2098 1628
1272 3 2 3 3 1878 1776 1974 1635
1273 3 2 3 3 1744 2126 1607 1891
1274 3 2 3 3 2168 1765 2169 2105
1275 3 2 3 3 1719 1870 350 349
1276 3 2 3 3 1935 1639 2021 1781
1277 3 2 3 3 2053 1660 2054 1776
1278 3 2 3 3 1891 1649 1895 1872
1279 3 2 3 3 1936 1614 2045 1747
1280 3 2 3 3 1747 1986 1555 1936
1281 3 2 3 3 15 390 2057 1739
1282 3 2 3 3 1816 1743 2168 2105
1283 3 2 3 3 1578 1785 1672 2129
1284 3 2 3 3 1716 1560 2093 1692
1285 3 2 3 3 1962 1758 1963 1643
1286 3 2 3 3 1893 1602 2176 1777
1287 3 2 3 3 1531 1898 1672 1785
1288 3 2 3 3 1734 1756 2020 1568
1289 3 2 3 3 1942 1573 2092 1762
1290 3 2 3 3 1734 1626 2047 1756
1291 3 2 3 3 2016 64 65 1921
1292 3 2 3 3 1941 1766 2050 1580
1293 3 2 3 3 2047 1626 1977 1763
1294 3 2 3 3 1876 1600 1879 1799
1295 3 2 3 3 1703 1597 1831 2111
1296 3 2 3 3 1704 1595 1829 2110
1297 3 2 3 3 1844 1597 1903 1780
1298 3 2 3 3 1857 1620 2049 1764
1299 3 2 3 3 1694 1559 1830 2137
1300 3 2 3 3 1742 1797 2082 1581
1301 3 2 3 3 1591 1860 1535 1825
1302 3 2 3 3 1893 1777 1905 1533
1303 3 2 3 3 1571 2013 1732 1982
1304 3 2 3 3 2071 1545 2047 1763
1305 3 2 3 3 1867 1820 2148 1542
1306 3 2 3 3 2131 1539 1868 1811
1307 3 2 3 3 1941 1580 2138 1753
1308 3 2 3 3 1857 1772 2107 1652
1309 3 2 3 3 1918 1529 2073 1770
1310 3 2 3 3 270 1940 2040 269
1311 3 2 3 3 1736 1637 1877 1915
1312 3 2 3 3 1820 1867 1829 1595
1313 3 2 3 3 1683 1600 1841 1925
1314 3 2 3 3 366 1812 1922 367
1315 3 2 3 3 375 374 1861 2096
1316 3 2 3 3 2018 1761 2031 1576
1317 3 2 3 3 1537 1800 2119 1745
1318 3 2 3 3 1676 1822 2126 1562
1319 3 2 3 3 1882 1640 2062 1778
1320 3 2 3 3 1966 1751 2023 1573
1321 3 2 3 3 1707 2112 1708 1804
1322 3 2 3 3 2161 1755 2041 1628
1323 3 2 3 3 2182 1571 2032 1752
1324 3 2 3 3 1857 1572 2068 1772
1325 3 2 3 3 1700 1883 401 402
1326 3 2 3 3 1604 1796 1541 1997
1327 3 2 3 3 1790 1792 2085 1608
1328 3 2 3 3 2133 1887 430 431
1329 3 2 3 3 1760 2182 1625 1973
1330 3 2 3 3 1937 1627 2010 1757
1331 3 2 3 3 2049 1535 1995 1764
1332 3 2 3 3 2139 1803 2052 1579
1333 3 2 3 3 1835 1757 2010 1546
1334 3 2 3 3 2160 1630 2042 1754
1335 3 2 3 3 2163 1631 2041 1755
1336 3 2 3 3 1638 2072 2044 1718
1337 3 2 3 3 1889 1774 2158 1619
1338 3 2 3 3 1953 1803 2139 1675
1339 3 2 3 3 1911 1614 1936 1786
1340 3 2 3 3 1723 1613 1836 1979
1341 3 2 3 3 1585 1773 2177 1697
1342 3 2 3 3 1935 1781 2166 1550
1343 3 2 3 3 1790 1586 1981 1792
1344 3 2 3 3 1854 1610 1913 1789
1345 3 2 3 3 1939 1769 2132 1536
1346 3 2 3 3 1991 1808 2097 1606
1347 3 2 3 3 1913 1610 2019 1782
1348 3 2 3 3 1834 1756 2047 1545
1349 3 2 3 3 1877 1621 1859 1915
1350 3 2 3 3 2030 1656 2121 1779
1351 3 2 3 3 2043 1768 2022 1565
1352 3 2 3 3 2068 1864 2087 1772
1353 3 2 3 3 1917 1603 2071 1763
1354 3 2 3 3 1711 1911 414 415
1355 3 2 3 3 1949 1616 2048 1858
1356 3 2 3 3 1919 1787 2031 1645
1357 3 2 3 3 1599 1993 1976 1696
1358 3 2 3 3 446 1791 1947 445
1359 3 2 3 3 1627 1897 1640 1882
1360 3 2 3 3 1857 1764 2000 1572
1361 3 2 3 3 1882 1778 2027 1563
1362 3 2 3 3 2031 1787 2037 1576
1363 3 2 3 3 2120 1615 1944 1784
1364 3 2 3 3 1860 1795 1995 1535
1365 3 2 3 3 1706 1929 343 342
1366 3 2 3 3 1929 1589 2158 1774
1367 3 2 3 3 1876 1799 2095 1534
1368 3 2 3 3 1588 1968 2009 1687
1369 3 2 3 3 1784 1944 1555 1986
1370 3 2 3 3 1789 1913 1554 1952
1371 3 2 3 3 1890 1783 2150 1574
1372 3 2 3 3 1696 1976 1625 1987
1373 3 2 3 3 369 1819 2036 370
1374 3 2 3 3 1854 1789 2076 1538
1375 3 2 3 3 1957 1840 2027 1778
1376 3 2 3 3 1753 1924 361 360
1377 3 2 3 3 1919 1666 2150 1783
1378 3 2 3 3 1771 1908 258 259
1379 3 2 3 3 2107 1772 2087 1553
1380 3 2 3 3 1845 1856 1965 1659
1381 3 2 3 3 2077 1925 411 412
1382 3 2 3 3 1759 2037 1644 1970
1383 3 2 3 3 2088 1801 2159 1671
1384 3 2 3 3 1566 1839 1975 1717
1385 3 2 3 3 1986 1622 2153 1784
1386 3 2 3 3 1775 1587 1965 1796
1387 3 2 3 3 2149 1823 1972 1678
1388 3 2 3 3 2088 1671 2130 1779
1389 3 2 3 3 1877 1637 2166 1781
1390 3 2 3 3 1711 1821 1533 2045
1391 3 2 3 3 1708 1593 2028 1833
1392 3 2 3 3 1819 1586 1790 2080
1393 3 2 3 3 2153 1622 2007 2102
1394 3 2 3 3 1771 448 449 1908
1395 3 2 3 3 2063 1803 1953 1548
1396 3 2 3 3 1952 1617 2076 1789
1397 3 2 3 3 1856 1845 1914 1594
1398 3 2 3 3 1774 1889 345 344
1399 3 2 3 3 1815 1931 348 347
1400 3 2 3 3 1851 1617 1952 1802
1401 3 2 3 3 1705 1619 2158 1805
1402 3 2 3 3 2188 2102 2007 1577
1403 3 2 3 3 1550 1866 2175 1935
1404 3 2 3 3 1667 1961 1570 1946
1405 3 2 3 3 408 409 2064 1818
1406 3 2 3 3 1925 2077 1786 1683
1407 3 2 3 3 67 68 1962 1855
1408 3 2 3 3 1685 1528 2042 1794
1409 3 2 3 3 1832 2038 1957 1551
1410 3 2 3 3 2128 2064 1841 1662
1411 3 2 3 3 1919 1783 2063 1548
1412 3 2 3 3 1528 2162 1754 2042
1413 3 2 3 3 1802 1952 1554 1977
1414 3 2 3 3 1761 1954 1645 2031
1415 3 2 3 3 1930 1612 1931 1815
1416 3 2 3 3 1593 1708 2119 1800
1417 3 2 3 3 1594 1884 1541 1856
1418 3 2 3 3 1527 2041 1631 1793
1419 3 2 3 3 2181 1794 2042 1630
1420 3 2 3 3 1532 2135 1722 1916
1421 3 2 3 3 1879 1615 2095 1799
1422 3 2 3 3 1977 1626 2083 1802
1423 3 2 3 3 2086 1582 2078 1788
1424 3 2 3 3 1728 1853 1677 2043
1425 3 2 3 3 2125 1855 1962 1643
1426 3 2 3 3 2017 1788 2078 1650
1427 3 2 3 3 395 1761 2018 1863
1428 3 2 3 3 1780 2157 1873 1624
1429 3 2 3 3 2149 1791 2078 1582
1430 3 2 3 3 1608 1804 1526 2014
1431 3 2 3 3 2005 1650 2078 1791
1432 3 2 3 3 363 1956 1874 364
1433 3 2 3 3 397 398 2065 1888
1434 3 2 3 3 2101 1616 1949 1862
1435 3 2 3 3 1765 1550 2166 1637
1436 3 2 3 3 1752 1808 1991 1540
1437 3 2 3 3 429 1996 1686 2046
1438 3 2 3 3 410 411 1925 1841
1439 3 2 3 3 2159 1801 2139 1579
1440 3 2 3 3 395 1863 1963 394
1441 3 2 3 3 1523 1896 1640 1897
1442 3 2 3 3 390 389 1875 2057
1443 3 2 3 3 2074 1651 2082 1797
1444 3 2 3 3 1618 1817 1543 1999
1445 3 2 3 3 1752 2032 1669 1808
1446 3 2 3 3 1851 1802 2083 1525
1447 3 2 3 3 1731 2172 1684 1793
1448 3 2 3 3 1830 1629 2081 1880
1449 3 2 3 3 2057 1609 2055 1739
1450 3 2 3 3 1732 2013 1658 2070
1451 3 2 3 3 1775 1549 2113 1827
1452 3 2 3 3 71 1909 2152 70
1453 3 2 3 3 2149 1582 2086 1823
1454 3 2 3 3 1972 1826 2082 1651
1455 3 2 3 3 1528 1807 1629 2162
1456 3 2 3 3 1819 369 368 1920
1457 3 2 3 3 1756 1834 1685 2020
1458 3 2 3 3 1836 1698 1951 2060
1459 3 2 3 3 1649 1960 1522 1895
1460 3 2 3 3 1757 1835 1684 2006
1461 3 2 3 3 1869 1806 2012 1598
1462 3 2 3 3 1615 1879 1555 1944
1463 3 2 3 3 1724 433 434 2122
1464 3 2 3 3 2127 1852 2175 1590
1465 3 2 3 3 1854 1838 2019 1610
1466 3 2 3 3 1758 2152 392 393
1467 3 2 3 3 1723 438 439 2183
1468 3 2 3 3 1551 2067 1660 1832
1469 3 2 3 3 1753 1945 2072 1638
1470 3 2 3 3 1590 2003 1533 1821
1471 3 2 3 3 14 258 1908 449
1472 3 2 3 3 4 391 1909 71
1473 3 2 3 3 2009 1552 1972 1823
1474 3 2 3 3 1720 2022 1690 1810
1475 3 2 3 3 1780 379 378 2157
1476 3 2 3 3 1751 1843 1670 2023
1477 3 2 3 3 377 1699 2099 1873
1478 3 2 3 3 367 1922 1920 368
1479 3 2 3 3 2044 2072 358 357
1480 3 2 3 3 1578 2101 1862 1741
1481 3 2 3 3 1546 2109 1611 1798
1482 3 2 3 3 1711 415 416 2127
1483 3 2 3 3 1974 2135 1933 1635
1484 3 2 3 3 1729 1928 406 407
1485 3 2 3 3 1758 393 394 1963
1486 3 2 3 3 1585 1795 1860 2142
1487 3 2 3 3 1775 1871 1926 1549
1488 3 2 3 3 1604 1994 1657 1871
1489 3 2 3 3 1597 1703 2114 1903
1490 3 2 3 3 1594 1914 1693 2136
1491 3 2 3 3 2034 1564 1899 2099
1492 3 2 3 3 2158 1589 2075 1805
1493 3 2 3 3 2131 1813 2165 1539
1494 3 2 3 3 1722 2184 1598 1916
1495 3 2 3 3 1919 1888 2065 1666
1496 3 2 3 3 1996 1887 2177 1603
1497 3 2 3 3 1884 1828 2161 1628
1498 3 2 3 3 1867 1631 2163 1829
1499 3 2 3 3 1886 1630 2160 1831
1500 3 2 3 3 1678 444 445 1947
1501 3 2 3 3 1758 1962 68 69
1502 3 2 3 3 1780 1624 2069 1844
1503 3 2 3 3 1845 1659 355 354
1504 3 2 3 3 2106 1813 2131 1601
1505 3 2 3 3 1724 2122 1955 1632
1506 3 2 3 3 1723 1971 437 438
1507 3 2 3 3 1943 1642 1975 1839
1508 3 2 3 3 1885 1536 2132 1842
1509 3 2 3 3 2064 2128 1584 1818
1510 3 2 3 3 1752 1987 1625 2182
1511 3 2 3 3 1528 1689 2151 1807
1512 3 2 3 3 1919 1645 1954 1888
1513 3 2 3 3 388 2156 1875 389
1514 3 2 3 3 2133 1697 2177 1887
1515 3 2 3 3 396 397 1888 1954
1516 3 2 3 3 1972 1552 2124 1826
1517 3 2 3 3 2128 1814 2100 1584
1518 3 2 3 3 1854 1641 1998 1838
1519 3 2 3 3 1876 1814 2128 1662
1520 3 2 3 3 385 1892 2117 386
1521 3 2 3 3 1750 2067 1551 2062
1522 3 2 3 3 1797 442 443 2074
1523 3 2 3 3 1725 400 401 2108
1524 3 2 3 3 2039 1812 2090 1583
1525 3 2 3 3 2056 1938 2036 1674
1526 3 2 3 3 1588 1710 2178 1968
1527 3 2 3 3 1690 2022 1768 1850
1528 3 2 3 3 1871 1657 1964 1926
1529 3 2 3 3 1727 1567 2054 2061
1530 3 2 3 3 1930 2148 1820 1612
1531 3 2 3 3 1718 1827 2113 1638
1532 3 2 3 3 1801 63 64 2016
1533 3 2 3 3 1862 1949 1943 1524
1534 3 2 3 3 1812 366 365 1980
1535 3 2 3 3 1884 1594 2136 1828
1536 3 2 3 3 1880 1596 2137 1830
1537 3 2 3 3 1576 2037 1759 2125
1538 3 2 3 3 1521 1994 1604 1853
1539 3 2 3 3 1910 1874 1956 1633
1540 3 2 3 3 1693 352 351 1989
1541 3 2 3 3 1843 1623 2001 1923
1542 3 2 3 3 1896 2061 2054 1750
1543 3 2 3 3 1571 2066 1658 2013
1544 3 2 3 3 376 375 2096 1932
1545 3 2 3 3 2093 1950 2117 1692
1546 3 2 3 3 1611 2109 1726 1969
1547 3 2 3 3 2057 1875 2091 1609
1548 3 2 3 3 2124 1663 2144 1826
1549 3 2 3 3 2025 1607 2126 1822
1550 3 2 3 3 423 2173 1923 422
1551 3 2 3 3 2082 1826 2144 1581
1552 3 2 3 3 2039 1868 1981 1653
1553 3 2 3 3 1885 1842 2058 1634
1554 3 2 3 3 1679 2030 1561 1933
1555 3 2 3 3 1626 1734 2033 2083
1556 3 2 3 3 1721 2021 1639 1849
1557 3 2 3 3 2107 1553 2155 1824
1558 3 2 3 3 1838 1998 425 426
1559 3 2 3 3 2028 1658 2066 1833
1560 3 2 3 3 1695 2069 1624 1899
1561 3 2 3 3 2103 1824 2155 1665
1562 3 2 3 3 1791 446 447 2005
1563 3 2 3 3 2136 1558 2161 1828
1564 3 2 3 3 2110 1829 2163 1558
1565 3 2 3 3 2111 1831 2160 1559
1566 3 2 3 3 1629 1830 1559 2162
1567 3 2 3 3 1907 1676 1934 2050
1568 3 2 3 3 1764 1995 1632 2000
1569 3 2 3 3 1809 2044 357 356
1570 3 2 3 3 1979 1836 2155 1553
1571 3 2 3 3 1634 2058 2123 1767
1572 3 2 3 3 1847 2065 398 399
1573 3 2 3 3 66 1970 1921 65
1574 3 2 3 3 1858 1642 1943 1949
1575 3 2 3 3 2060 1665 2155 1836
1576 3 2 3 3 1655 1893 1533 2003
1577 3 2 3 3 1788 2017 260 261
1578 3 2 3 3 1763 1977 1554 1917
1579 3 2 3 3 2009 1968 2124 1552
1580 3 2 3 3 1817 1880 2081 1543
1581 3 2 3 3 1585 1697 2133 1848
1582 3 2 3 3 1631 1867 1542 1902
1583 3 2 3 3 1683 1786 1936 2185
1584 3 2 3 3 1963 1863 2018 1643
1585 3 2 3 3 2038 1832 2154 1605
1586 3 2 3 3 1777 2007 1622 1905
1587 3 2 3 3 1822 1676 1907 2140
1588 3 2 3 3 1606 1900 1737 1991
1589 3 2 3 3 1938 371 370 2036
1590 3 2 3 3 1679 2026 1656 2030
1591 3 2 3 3 382 381 2114 1988
1592 3 2 3 3 1658 2028 1715 2070
1593 3 2 3 3 2150 1666 2065 1847
1594 3 2 3 3 1782 428 429 2046
1595 3 2 3 3 351 2115 1704 1989
1596 3 2 3 3 1694 1988 2114 1703
1597 3 2 3 3 382 1988 1694 2051
1598 3 2 3 3 1953 1921 1970 1644
1599 3 2 3 3 1837 2084 1985 1691
1600 3 2 3 3 429 430 1887 1996
1601 3 2 3 3 1727 1523 2147 1869
1602 3 2 3 3 405 1840 2167 404
1603 3 2 3 3 1716 1858 2048 1560
1604 3 2 3 3 1852 1688 1935 2175
1605 3 2 3 3 1994 1521 2153 2102
1606 3 2 3 3 1881 383 382 2051
1607 3 2 3 3 1906 1599 2104 1861
1608 3 2 3 3 268 1985 2084 267
1609 3 2 3 3 1886 1844 2069 1544
1610 3 2 3 3 1841 2064 409 410
1611 3 2 3 3 1636 2035 1731 1902
1612 3 2 3 3 2070 1641 1854 1538
1613 3 2 3 3 1669 1982 1617 1851
1614 3 2 3 3 2132 1672 2174 1842
1615 3 2 3 3 1537 2146 1623 1843
1616 3 2 3 3 1618 1999 1716 1692
1617 3 2 3 3 1782 2046 1554 1913
1618 3 2 3 3 1786 2077 412 413
1619 3 2 3 3 1705 1916 1598 2012
1620 3 2 3 3 1814 1846 1713 2100
1621 3 2 3 3 1525 1894 2097 2191
1622 3 2 3 3 2140 1907 2073 1529
1623 3 2 3 3 1779 61 62 2088
1624 3 2 3 3 1837 266 267 2084
1625 3 2 3 3 1634 2055 1609 1885
1626 3 2 3 3 372 2143 1906 373
1627 3 2 3 3 263 264 2002 2180
1628 3 2 3 3 1544 2181 1630 1886
1629 3 2 3 3 1586 1819 1920 2079
1630 3 2 3 3 1669 1851 1525 2191
1631 3 2 3 3 2029 1894 2033 1646
1632 3 2 3 3 2083 2033 1894 1525
1633 3 2 3 3 67 1855 2125 1759
1634 3 2 3 3 1870 2115 351 350
1635 3 2 3 3 2104 1661 2096 1861
1636 3 2 3 3 1848 2133 431 432
1637 3 2 3 3 1961 1667 2186 1859
1638 3 2 3 3 1788 1865 1654 2086
1639 3 2 3 3 1889 2118 346 345
1640 3 2 3 3 1950 387 386 2117
1641 3 2 3 3 1852 417 418 1688
1642 3 2 3 3 1628 2041 1527 1850
1643 3 2 3 3 404 2167 2008 403
1644 3 2 3 3 1575 2174 1672 1898
1645 3 2 3 3 1915 1859 2186 1522
1646 3 2 3 3 1765 2134 1866 1550
1647 3 2 3 3 1760 1973 2014 1526
1648 3 2 3 3 1669 2032 1571 1982
1649 3 2 3 3 1523 1727 2061 1896
1650 3 2 3 3 2070 1715 1942 1641
1651 3 2 3 3 2003 1866 2134 1655
1652 3 2 3 3 417 1852 2127 416
1653 3 2 3 3 1536 1885 1609 2141
1654 3 2 3 3 1701 2116 1562 2004
1655 3 2 3 3 2099 1699 1932 2034
1656 3 2 3 3 1701 2015 1673 2116
1657 3 2 3 3 1568 1730 2011 1646
1658 3 2 3 3 1922 1653 2079 1920
1659 3 2 3 3 1723 1979 1553 2087
1660 3 2 3 3 1591 1714 2142 1860
1661 3 2 3 3 362 2187 1956 363
1662 3 2 3 3 1765 2168 1602 2134
1663 3 2 3 3 1769 2101 1578 2129
1664 3 2 3 3 1634 1940 1739 2055
1665 3 2 3 3 2091 1875 2156 1668
1666 3 2 3 3 381 380 1903 2114
1667 3 2 3 3 262 263 2180 1865
1668 3 2 3 3 1741 2145 1904 1652
1669 3 2 3 3 1635 2089 1680 1878
1670 3 2 3 3 1738 1984 1623 2146
1671 3 2 3 3 1806 1869 2147 1636
1672 3 2 3 3 2029 1606 2097 1894
1673 3 2 3 3 1616 1939 1712 2048
1674 3 2 3 3 1767 2040 1940 1634
1675 3 2 3 3 1812 2039 1653 1922
1676 3 2 3 3 1872 1895 2106 1601
1677 3 2 3 3 1873 2099 1899 1624
1678 3 2 3 3 1628 2098 1541 1884
1679 3 2 3 3 1625 1749 2014 1973
1680 3 2 3 3 1605 2108 401 1883
1681 3 2 3 3 377 1873 2157 378
1682 3 2 3 3 1753 1638 2113 1941
1683 3 2 3 3 2003 1590 2175 1866
1684 3 2 3 3 371 1938 2143 372
1685 3 2 3 3 424 1762 2092 1927
1686 3 2 3 3 1522 2186 2106 1895
1687 3 2 3 3 2116 1673 2138 1934
1688 3 2 3 3 1715 2028 1593 1966
1689 3 2 3 3 1542 2094 1636 1902
1690 3 2 3 3 1567 1722 2135 1974
1691 3 2 3 3 1602 1893 1655 2134
1692 3 2 3 3 1976 1993 2056 1556
1693 3 2 3 3 1574 1682 2179 1890
1694 3 2 3 3 1926 1964 2190 1647
1695 3 2 3 3 1737 2104 1599 1912
1696 3 2 3 3 2056 1993 2143 1938
1697 3 2 3 3 2050 1934 2138 1580
1698 3 2 3 3 2008 1957 2038 1700
1699 3 2 3 3 1765 1637 1736 2169
1700 3 2 3 3 1521 2120 1784 2153
1701 3 2 3 3 1746 1904 2145 1524
1702 3 2 3 3 1680 2052 1648 1948
1703 3 2 3 3 1720 2189 1565 2022
1704 3 2 3 3 1812 1980 1664 2090
1705 3 2 3 3 1599 1906 2143 1993
1706 3 2 3 3 359 358 2072 1945
1707 3 2 3 3 1667 1946 2165 1813
1708 3 2 3 3 1801 2016 1675 2139
1709 3 2 3 3 424 1927 2173 423
1710 3 2 3 3 440 1901 2183 439
1711 3 2 3 3 2034 1932 2096 1661
1712 3 2 3 3 2092 1670 2173 1927
1713 3 2 3 3 1635 1933 1561 2089
1714 3 2 3 3 1682 2108 1605 2154
1715 3 2 3 3 1679 1933 2135 1532
1716 3 2 3 3 1957 2008 2167 1840
1717 3 2 3 3 1589 2026 1679 2075
1718 3 2 3 3 1753 2138 1673 1924
1719 3 2 3 3 1565 2189 1728 2043
1720 3 2 3 3 1843 1923 2173 1670
1721 3 2 3 3 1653 1981 1586 2079
1722 3 2 3 3 1602 2168 1743 1918
1723 3 2 3 3 2124 1968 2178 1663
1724 3 2 3 3 1735 1583 2090 1990
1725 3 2 3 3 443 1978 1651 2074
1726 3 2 3 3 361 2015 2187 362
1727 3 2 3 3 2093 1668 2156 1950
1728 3 2 3 3 1907 1647 2190 2073
1729 3 2 3 3 435 1955 2122 434
1730 3 2 3 3 1879 2185 1936 1555
1731 3 2 3 3 1910 1990 2090 1664
1732 3 2 3 3 1791 2149 1678 1947
1733 3 2 3 3 387 1950 2156 388
1734 3 2 3 3 1956 2187 2015 1701
1735 3 2 3 3 2178 1951 2144 1663
1736 3 2 3 3 268 1767 2123 1985
1737 3 2 3 3 2170 1566 2151 2024
1738 3 2 3 3 2176 2190 1964 1577
1739 3 2 3 3 1825 2024 2151 1689
1740 3 2 3 3 1960 2105 2169 1736
1741 3 2 3 3 1865 2180 2002 1654
1742 3 2 3 3 2060 1951 2178 1531
1743 3 2 3 3 1569 2006 1684 2172
1744 3 2 3 3 1671 2089 1561 2130
1745 3 2 3 3 1670 2092 1573 2023
1746 3 2 3 3 2076 1617 1982 1732
1747 3 2 3 3 1643 2018 1576 2125
1748 3 2 3 3 1570 2119 1708 2112
1749 3 2 3 3 2058 1575 2059 2123
1750 3 2 3 3 1842 2174 1575 2058
1751 3 2 3 3 1985 2123 2059 1691
1752 3 2 3 3 1577 1964 1657 2188
1753 3 2 3 3 1730 1568 2020 2171
1754 3 2 3 3 1794 2171 2020 1685
1755 3 2 3 3 1750 2054 1660 2067
1756 3 2 3 3 1680 2089 1671 2159
1757 3 2 3 3 419 1992 1688 418
1758 3 2 3 3 1822 2140 1529 2025
1759 3 2 3 3 1558 2163 1755 2161
1760 3 2 3 3 1559 2160 1754 2162
1761 3 2 3 3 1792 1539 2165 2085
1762 3 2 3 3 391 392 2152 1909
1763 3 2 3 3 1946 1707 2085 2165
1764 3 2 3 3 1769 2129 1672 2132
1765 3 2 3 3 2154 2053 2179 1682
1766 3 2 3 3 1948 2179 2053 1530
1767 3 2 3 3 1609 2091 1712 2141
1768 3 2 3 3 1994 2102 2188 1657
1769 3 2 3 3 1603 2177 1773 2071
1770 3 2 3 3 2176 1770 2073 2190
1771 3 2 3 3 1813 2106 2186 1667
1772 3 2 3 3 1808 1669 2191 2097
1773 3 2 4 4 3420 3613 3004 2235
1774 3 2 4 4 3421 3614 3005 2236
1775 3 2 4 4 426 2831 3318 427
1776 3 2 4 4 2207 2848 2652 3568
1777 3 2 4 4 2490 3341 3561 2731
1778 3 2 4 4 3115 2662 3037 2382
1779 3 2 4 4 2466 2880 3245 3335
1780 3 2 4 4 3841 2319 2982 2682
1781 3 2 4 4 3137 2302 3525 2660
1782 3 2 4 4 2615 3063 2293 3241
1783 3 2 4 4 2914 2347 3703 3824
1784 3 2 4 4 2229 2948 2484 2973
1785 3 2 4 4 2362 3292 2673 3500
1786 3 2 4 4 3527 3044 3545 2538
1787 3 2 4 4 2276 3477 2649 3175
1788 3 2 4 4 3935 100 101 3013
1789 3 2 4 4 2714 3014 228 229
1790 3 2 4 4 3028 2311 3389 2686
1791 3 2 4 4 3029 2310 3388 2687
1792 3 2 4 4 3032 2417 2876 2769
1793 3 2 4 4 2630 2908 2380 3483
1794 3 2 4 4 3465 2502 3423 2684
1795 3 2 4 4 3242 2726 3533 2432
1796 3 2 4 4 2549 3060 2419 3119
1797 3 2 4 4 2550 3120 2421 3061
1798 3 2 4 4 2463 3092 2654 3437
1799 3 2 4 4 2624 3276 2212 3433
1800 3 2 4 4 2468 3454 2659 3083
1801 3 2 4 4 3018 2392 3599 2707
1802 3 2 4 4 3015 2708 3600 2393
1803 3 2 4 4 3011 2224 3509 2695
1804 3 2 4 4 4095 2699 4063 2419
1805 3 2 4 4 4097 2421 4064 2701
1806 3 2 4 4 2521 3062 2392 3018
1807 3 2 4 4 2913 2733 3666 2346
1808 3 2 4 4 501 2807 3651 500
1809 3 2 4 4 2302 2943 2658 3525
1810 3 2 4 4 3396 2703 3524 2214
1811 3 2 4 4 2518 3015 2393 3056
1812 3 2 4 4 3767 2840 3633 2286
1813 3 2 4 4 2865 2366 3101 3376
1814 3 2 4 4 3628 2681 3430 2274
1815 3 2 4 4 3629 2275 3431 3308
1816 3 2 4 4 3638 2379 3778 2781
1817 3 2 4 4 2366 2865 3638 2781
1818 3 2 4 4 3465 2684 3905 3351
1819 3 2 4 4 2318 3842 2584 2816
1820 3 2 4 4 2908 2258 3114 2721
1821 3 2 4 4 2909 2255 3115 2722
1822 3 2 4 4 4028 2775 3305 2481
1823 3 2 4 4 2975 2383 3439 2720
1824 3 2 4 4 3040 2381 3442 2696
1825 3 2 4 4 3396 2491 3079 2703
1826 3 2 4 4 3796 2786 3518 2560
1827 3 2 4 4 3280 2406 3073 3575
1828 3 2 4 4 2978 2384 3443 2723
1829 3 2 4 4 3609 452 453 2913
1830 3 2 4 4 2268 2997 2589 3440
1831 3 2 4 4 2269 3441 2590 2998
1832 3 2 4 4 2229 2868 2630 3483
1833 3 2 4 4 3783 2776 3851 2373
1834 3 2 4 4 2706 3368 2423 3764
1835 3 2 4 4 2195 3000 2504 3053
1836 3 2 4 4 3990 2412 3535 2697
1837 3 2 4 4 2416 2768 3425 3152
1838 3 2 4 4 3534 2705 3563 2511
1839 3 2 4 4 3060 2200 2977 2748
1840 3 2 4 4 3061 2750 2978 2202
1841 3 2 4 4 2230 3437 2654 3612
1842 3 2 4 4 3062 2689 3763 2392
1843 3 2 4 4 2658 3269 2482 3370
1844 3 2 4 4 2319 2691 2486 3401
1845 3 2 4 4 2909 2722 3287 2372
1846 3 2 4 4 3783 2373 3288 2723
1847 3 2 4 4 3312 2752 3868 2201
1848 3 2 4 4 3313 2203 3346 2753
1849 3 2 4 4 3087 470 471 3248
1850 3 2 4 4 3016 2398 3605 3691
1851 3 2 4 4 3733 2739 3205 2440
1852 3 2 4 4 2779 3337 3886 2363
1853 3 2 4 4 2231 3677 2659 3454
1854 3 2 4 4 2948 2229 3483 2761
1855 3 2 4 4 478 2803 3305 477
1856 3 2 4 4 3128 2325 3281 2692
1857 3 2 4 4 3534 3131 3497 2705
1858 3 2 4 4 4096 2420 3776 2700
1859 3 2 4 4 4098 2702 3777 2422
1860 3 2 4 4 2433 3231 3468 2833
1861 3 2 4 4 2434 2834 3467 3232
1862 3 2 4 4 3151 2399 3186 2711
1863 3 2 4 4 400 399 3273 3207
1864 3 2 4 4 440 3209 3274 441
1865 3 2 4 4 2995 3669 2762 2307
1866 3 2 4 4 2996 2309 2763 3670
1867 3 2 4 4 2955 2404 3132 2709
1868 3 2 4 4 3560 2773 3592 2339
1869 3 2 4 4 3267 2449 3293 2699
1870 3 2 4 4 3268 2701 3294 2451
1871 3 2 4 4 3261 2450 3284 2700
1872 3 2 4 4 3262 2702 3285 2452
1873 3 2 4 4 3968 2425 3839 2707
1874 3 2 4 4 3969 2708 3838 2426
1875 3 2 4 4 3867 2712 3227 2425
1876 3 2 4 4 3543 3824 3703 2403
1877 3 2 4 4 2976 2721 3114 2385
1878 3 2 4 4 405 404 3655 2755
1879 3 2 4 4 435 2754 3654 436
1880 3 2 4 4 3778 2379 3312 2720
1881 3 2 4 4 2908 2721 3313 2380
1882 3 2 4 4 428 2884 3058 429
1883 3 2 4 4 2977 2722 3115 2382
1884 3 2 4 4 3542 2402 3666 2733
1885 3 2 4 4 468 2764 3429 467
1886 3 2 4 4 3526 2693 3215 2328
1887 3 2 4 4 3132 2234 3472 2709
1888 3 2 4 4 251 252 3548 2862
1889 3 2 4 4 2516 3392 3821 2856
1890 3 2 4 4 2689 3062 2260 3636
1891 3 2 4 4 3100 2927 3945 2345
1892 3 2 4 4 3215 2766 3153 2328
1893 3 2 4 4 3216 2767 3154 2329
1894 3 2 4 4 3253 4108 3164 2404
1895 3 2 4 4 3028 2734 3398 2473
1896 3 2 4 4 3029 2735 3397 2471
1897 3 2 4 4 2615 3019 2233 3659
1898 3 2 4 4 2326 3326 2528 2878
1899 3 2 4 4 2327 2879 2529 3327
1900 3 2 4 4 3363 3007 2394 3857
1901 3 2 4 4 3287 2200 3520 2729
1902 3 2 4 4 3288 2730 3521 2202
1903 3 2 4 4 3916 3487 3128 2692
1904 3 2 4 4 2961 2734 3598 2223
1905 3 2 4 4 2314 2739 3057 3667
1906 3 2 4 4 3957 2729 3520 2515
1907 3 2 4 4 2362 3500 2619 2970
1908 3 2 4 4 4083 2196 2963 2987
1909 3 2 4 4 3369 3858 2395 3012
1910 3 2 4 4 3164 4108 3390 2303
1911 3 2 4 4 2996 3980 2643 3709
1912 3 2 4 4 2995 3710 2641 3979
1913 3 2 4 4 4051 3155 2279 3226
1914 3 2 4 4 2789 3515 2350 4034
1915 3 2 4 4 3822 2795 3853 2650
1916 3 2 4 4 3669 2995 3406 2727
1917 3 2 4 4 3670 2728 3407 2996
1918 3 2 4 4 2719 3495 484 485
1919 3 2 4 4 3331 2430 3093 2737
1920 3 2 4 4 3155 2411 3257 2732
1921 3 2 4 4 2462 3688 2602 3222
1922 3 2 4 4 3150 2710 3189 2398
1923 3 2 4 4 2783 2239 3117 3084
1924 3 2 4 4 3406 2487 3478 2727
1925 3 2 4 4 3407 2728 3479 2488
1926 3 2 4 4 2883 3567 3991 2206
1927 3 2 4 4 3432 2537 3429 2764
1928 3 2 4 4 3236 4058 4031 2458
1929 3 2 4 4 2760 3638 2865 2228
1930 3 2 4 4 4028 2481 3188 2849
1931 3 2 4 4 4101 2214 3097 2794
1932 3 2 4 4 2418 3147 2578 3080
1933 3 2 4 4 2977 2382 3544 2748
1934 3 2 4 4 2975 2749 3545 2383
1935 3 2 4 4 2978 2750 3546 2384
1936 3 2 4 4 2976 2385 3547 2751
1937 3 2 4 4 2876 2324 3674 2769
1938 3 2 4 4 2244 3831 2771 4107
1939 3 2 4 4 2206 2928 2423 2883
1940 3 2 4 4 2450 3273 2675 3284
1941 3 2 4 4 2452 3285 2676 3274
1942 3 2 4 4 4083 2732 3257 2196
1943 3 2 4 4 391 4 72 2824
1944 3 2 4 4 449 2825 257 14
1945 3 2 4 4 2344 3944 2648 2900
1946 3 2 4 4 2345 3639 2647 2901
1947 3 2 4 4 2483 3440 2589 2947
1948 3 2 4 4 2484 2948 2590 3441
1949 3 2 4 4 3750 2226 4045 2830
1950 3 2 4 4 3299 2690 3408 2485
1951 3 2 4 4 2739 2314 2742 3205
1952 3 2 4 4 2385 3114 2875 2663
1953 3 2 4 4 2639 3291 2491 3396
1954 3 2 4 4 2361 3571 2657 3328
1955 3 2 4 4 3519 2893 2495 3377
1956 3 2 4 4 2993 2412 3990 3035
1957 3 2 4 4 2447 3190 3804 2737
1958 3 2 4 4 2448 2738 3805 3191
1959 3 2 4 4 3292 2362 4065 2837
1960 3 2 4 4 2982 2817 3147 2418
1961 3 2 4 4 2932 2213 3663 2774
1962 3 2 4 4 2834 3850 448 447
1963 3 2 4 4 2833 393 392 3849
1964 3 2 4 4 2975 2201 3640 2749
1965 3 2 4 4 2976 2751 3641 2203
1966 3 2 4 4 2412 3511 3767 3086
1967 3 2 4 4 2278 3360 2573 3077
1968 3 2 4 4 3249 2740 3430 2407
1969 3 2 4 4 99 3264 3173 98
1970 3 2 4 4 82 83 3172 3266
1971 3 2 4 4 247 3265 3174 246
1972 3 2 4 4 230 231 3171 3263
1973 3 2 4 4 2992 2499 3852 3064
1974 3 2 4 4 77 78 3150 2861
1975 3 2 4 4 2387 3915 2741 3973
1976 3 2 4 4 2386 3972 2740 3914
1977 3 2 4 4 3661 502 503 3091
1978 3 2 4 4 3320 2444 3624 2790
1979 3 2 4 4 3321 2445 3625 2791
1980 3 2 4 4 2256 3076 2781 3778
1981 3 2 4 4 3409 2321 3632 2793
1982 3 2 4 4 2708 3015 2211 3838
1983 3 2 4 4 3644 2757 3389 2311
1984 3 2 4 4 3645 2756 3388 2310
1985 3 2 4 4 2963 2469 3310 3166
1986 3 2 4 4 2307 2762 2477 3379
1987 3 2 4 4 2309 3378 2478 2763
1988 3 2 4 4 3556 2474 3389 2757
1989 3 2 4 4 3557 2472 3388 2756
1990 3 2 4 4 2257 3071 2776 3783
1991 3 2 4 4 2707 3839 2209 3018
1992 3 2 4 4 3142 2405 3569 2765
1993 3 2 4 4 2279 3854 2718 3226
1994 3 2 4 4 2986 3290 3569 2405
1995 3 2 4 4 95 96 3324 2743
1996 3 2 4 4 86 2744 3322 85
1997 3 2 4 4 243 244 3325 2745
1998 3 2 4 4 234 2746 3323 233
1999 3 2 4 4 3625 2323 3446 2791
2000 3 2 4 4 3065 2990 3513 2271
2001 3 2 4 4 3064 2273 3514 2992
2002 3 2 4 4 2808 3659 2859 2410
2003 3 2 4 4 3442 2564 3755 2934
2004 3 2 4 4 2590 3448 3814 2998
2005 3 2 4 4 2589 2997 3813 3447
2006 3 2 4 4 3773 2760 3444 2330
2007 3 2 4 4 3774 2331 3445 2761
2008 3 2 4 4 407 406 3251 2890
2009 3 2 4 4 433 2889 3252 434
2010 3 2 4 4 2678 3528 2227 3127
2011 3 2 4 4 2786 2315 2764 3518
2012 3 2 4 4 3060 2748 3696 2419
2013 3 2 4 4 3061 2421 3697 2750
2014 3 2 4 4 2916 3863 2613 3728
2015 3 2 4 4 2915 3864 2614 3729
2016 3 2 4 4 3156 2765 3569 2509
2017 3 2 4 4 3252 2478 3378 2754
2018 3 2 4 4 3251 2755 3379 2477
2019 3 2 4 4 3089 2784 3138 2342
2020 3 2 4 4 3088 2785 3139 2343
2021 3 2 4 4 2339 3592 2794 3938
2022 3 2 4 4 2902 3084 3117 2492
2023 3 2 4 4 3538 2841 4009 2612
2024 3 2 4 4 3773 2330 3617 2752
2025 3 2 4 4 3774 2753 3618 2331
2026 3 2 4 4 2615 3735 2389 3019
2027 3 2 4 4 3184 2266 3099 2829
2028 3 2 4 4 2587 3637 2852 2797
2029 3 2 4 4 3187 2416 3152 2788
2030 3 2 4 4 3750 2830 3950 2679
2031 3 2 4 4 3477 2811 3097 2524
2032 3 2 4 4 3356 2820 3912 2358
2033 3 2 4 4 3357 2359 3913 2821
2034 3 2 4 4 3562 3993 3138 2438
2035 3 2 4 4 3563 3992 3139 2437
2036 3 2 4 4 2724 3344 2771 2464
2037 3 2 4 4 2413 3215 2693 3464
2038 3 2 4 4 2414 3216 2694 3463
2039 3 2 4 4 4045 2403 3703 2830
2040 3 2 4 4 3035 2469 2963 2993
2041 3 2 4 4 3156 2561 3854 2765
2042 3 2 4 4 86 3167 3397 2744
2043 3 2 4 4 234 3169 3398 2746
2044 3 2 4 4 3558 2758 3816 2471
2045 3 2 4 4 3555 2759 3815 2473
2046 3 2 4 4 409 2812 2618 3752
2047 3 2 4 4 2373 3576 2730 3288
2048 3 2 4 4 2372 3287 2729 3574
2049 3 2 4 4 3345 2465 3896 2770
2050 3 2 4 4 2853 3952 2215 3108
2051 3 2 4 4 3245 2835 3109 2264
2052 3 2 4 4 3733 2440 2787 3199
2053 3 2 4 4 2849 3188 2789 2246
2054 3 2 4 4 2360 3121 2518 3246
2055 3 2 4 4 2647 3971 3045 2901
2056 3 2 4 4 2648 3970 3044 2900
2057 3 2 4 4 2785 3088 2428 4030
2058 3 2 4 4 2784 3089 2429 4029
2059 3 2 4 4 2447 2737 3093 3928
2060 3 2 4 4 2448 3929 3094 2738
2061 3 2 4 4 3121 2772 3353 2211
2062 3 2 4 4 3121 2360 3714 2772
2063 3 2 4 4 424 2846 3876 2597
2064 3 2 4 4 2352 2981 2775 4028
2065 3 2 4 4 2789 4034 2388 2953
2066 3 2 4 4 2935 2820 3329 2252
2067 3 2 4 4 2936 2254 3330 2821
2068 3 2 4 4 2628 3056 2393 3730
2069 3 2 4 4 2326 3124 2600 3326
2070 3 2 4 4 2327 3327 2601 3125
2071 3 2 4 4 2237 2742 4087 3179
2072 3 2 4 4 2342 3789 2591 2818
2073 3 2 4 4 2343 3790 2592 2819
2074 3 2 4 4 3807 3030 2530 3416
2075 3 2 4 4 3808 3417 2531 3031
2076 3 2 4 4 2333 4022 2962 2805
2077 3 2 4 4 2335 4021 2961 2804
2078 3 2 4 4 2938 2198 3988 2837
2079 3 2 4 4 2467 3118 2197 3039
2080 3 2 4 4 2778 2315 2971 4100
2081 3 2 4 4 3130 2238 3593 2786
2082 3 2 4 4 3145 2209 3306 2777
2083 3 2 4 4 3145 2777 3741 2355
2084 3 2 4 4 3494 425 424 2597
2085 3 2 4 4 3176 2780 3286 2208
2086 3 2 4 4 3176 2354 3744 2780
2087 3 2 4 4 3674 2324 3523 2867
2088 3 2 4 4 2391 2899 2603 3671
2089 3 2 4 4 4031 4058 3070 3585
2090 3 2 4 4 3991 3567 2570 2933
2091 3 2 4 4 2354 3176 2527 3316
2092 3 2 4 4 2967 2361 3983 2838
2093 3 2 4 4 2822 2854 3666 2402
2094 3 2 4 4 2228 2947 3444 2760
2095 3 2 4 4 2764 2315 2778 3432
2096 3 2 4 4 2990 3065 3742 2497
2097 3 2 4 4 3648 2358 3912 2800
2098 3 2 4 4 3649 2801 3913 2359
2099 3 2 4 4 2839 2974 4052 2416
2100 3 2 4 4 2584 3050 4018 2816
2101 3 2 4 4 2603 2899 3584 3940
2102 3 2 4 4 2199 3683 2657 3571
2103 3 2 4 4 2242 4106 2770 3896
2104 3 2 4 4 3143 2249 3095 2896
2105 3 2 4 4 3144 2250 3096 2895
2106 3 2 4 4 3418 2882 3711 2285
2107 3 2 4 4 2578 2933 2316 3080
2108 3 2 4 4 3489 4057 3282 2285
2109 3 2 4 4 2974 2839 4081 2464
2110 3 2 4 4 396 395 3135 2923
2111 3 2 4 4 444 2922 3136 445
2112 3 2 4 4 3691 2797 3270 2282
2113 3 2 4 4 2427 2696 3442 2934
2114 3 2 4 4 2470 3309 3011 2695
2115 3 2 4 4 2616 3462 2521 3315
2116 3 2 4 4 3526 2328 3153 2850
2117 3 2 4 4 2318 2816 3466 3408
2118 3 2 4 4 2698 3694 3236 2458
2119 3 2 4 4 2200 3287 2722 2977
2120 3 2 4 4 2202 2978 2723 3288
2121 3 2 4 4 2944 2494 3541 2204
2122 3 2 4 4 3256 2208 3584 2899
2123 3 2 4 4 2315 2786 3593 2971
2124 3 2 4 4 3582 223 224 3162
2125 3 2 4 4 2562 3258 3652 2983
2126 3 2 4 4 2563 3259 3653 2984
2127 3 2 4 4 2344 2900 4055 3553
2128 3 2 4 4 4053 3679 2943 2302
2129 3 2 4 4 2709 2305 4104 2955
2130 3 2 4 4 3240 2441 3759 2809
2131 3 2 4 4 2802 3272 2246 4020
2132 3 2 4 4 3039 2197 4027 3766
2133 3 2 4 4 3036 2572 3674 2867
2134 3 2 4 4 2566 3203 3577 3692
2135 3 2 4 4 3016 2554 3549 2861
2136 3 2 4 4 3017 2862 3548 2553
2137 3 2 4 4 3041 2890 3251 2477
2138 3 2 4 4 3042 2478 3252 2889
2139 3 2 4 4 2935 2420 3640 2800
2140 3 2 4 4 2936 2801 3641 2422
2141 3 2 4 4 2982 2319 3401 2817
2142 3 2 4 4 2713 3866 3075 2426
2143 3 2 4 4 2355 3315 2521 3145
2144 3 2 4 4 2989 2496 3689 3066
2145 3 2 4 4 4002 2924 2706 4086
2146 3 2 4 4 3046 3009 3626 2217
2147 3 2 4 4 3047 2219 3627 3010
2148 3 2 4 4 2711 3186 2323 3757
2149 3 2 4 4 3235 2435 3229 2812
2150 3 2 4 4 409 408 3235 2812
2151 3 2 4 4 431 2813 3234 432
2152 3 2 4 4 2798 3048 3870 2375
2153 3 2 4 4 2799 2377 3872 3049
2154 3 2 4 4 2885 411 410 3059
2155 3 2 4 4 2427 3801 3040 2696
2156 3 2 4 4 3286 2942 3584 2208
2157 3 2 4 4 3762 3424 2882 2736
2158 3 2 4 4 3767 2629 3922 2840
2159 3 2 4 4 3159 2840 3922 2411
2160 3 2 4 4 2931 2896 3095 2438
2161 3 2 4 4 2930 2895 3096 2437
2162 3 2 4 4 3974 2424 3471 2796
2163 3 2 4 4 2688 3317 2501 3354
2164 3 2 4 4 3196 2282 3270 2827
2165 3 2 4 4 3640 2201 3868 2800
2166 3 2 4 4 3641 2801 3346 2203
2167 3 2 4 4 2423 3225 2810 3764
2168 3 2 4 4 2819 2592 3704 3195
2169 3 2 4 4 2397 2922 2523 3348
2170 3 2 4 4 2390 2685 4051 3226
2171 3 2 4 4 2736 2882 3418 2517
2172 3 2 4 4 3267 2806 3650 2449
2173 3 2 4 4 3409 2793 3987 2514
2174 3 2 4 4 492 2839 2416 3187
2175 3 2 4 4 2351 3077 2573 3352
2176 3 2 4 4 2220 3415 2694 3275
2177 3 2 4 4 2960 3899 2498 3279
2178 3 2 4 4 3850 3141 449 448
2179 3 2 4 4 3849 392 391 3140
2180 3 2 4 4 2862 3151 250 251
2181 3 2 4 4 458 2806 3662 457
2182 3 2 4 4 3108 2424 3989 2853
2183 3 2 4 4 2779 421 420 3337
2184 3 2 4 4 2818 2591 3721 3194
2185 3 2 4 4 2660 3525 2853 3989
2186 3 2 4 4 2620 3246 2518 3302
2187 3 2 4 4 3753 2617 3836 2813
2188 3 2 4 4 3305 2803 3515 2481
2189 3 2 4 4 2502 3465 2674 3904
2190 3 2 4 4 2534 3072 2197 3918
2191 3 2 4 4 2336 3394 4071 2745
2192 3 2 4 4 2334 3395 4070 2743
2193 3 2 4 4 3241 2639 3939 2845
2194 3 2 4 4 4101 2845 3939 2214
2195 3 2 4 4 2535 3247 4092 3352
2196 3 2 4 4 3059 2409 3297 2885
2197 3 2 4 4 2265 3110 2836 3865
2198 3 2 4 4 2321 3756 2715 3632
2199 3 2 4 4 2482 2802 4099 2866
2200 3 2 4 4 2979 3536 3239 2495
2201 3 2 4 4 3189 2321 3409 2826
2202 3 2 4 4 2854 2822 3736 4086
2203 3 2 4 4 2904 2804 3435 2248
2204 3 2 4 4 2903 2805 3434 2247
2205 3 2 4 4 2323 3625 2717 3757
2206 3 2 4 4 3225 2280 3646 2810
2207 3 2 4 4 3240 2809 3647 2281
2208 3 2 4 4 4004 2510 3706 2790
2209 3 2 4 4 3446 2511 3705 2791
2210 3 2 4 4 3867 2425 3968 3074
2211 3 2 4 4 2787 2440 2877 3886
2212 3 2 4 4 2251 3048 2798 4078
2213 3 2 4 4 2253 4079 2799 3049
2214 3 2 4 4 429 3058 3753 430
2215 3 2 4 4 3130 2439 3137 3512
2216 3 2 4 4 3662 2806 3784 2645
2217 3 2 4 4 3661 2646 3785 2807
2218 3 2 4 4 2852 2337 3387 2797
2219 3 2 4 4 2435 2712 3867 3229
2220 3 2 4 4 2436 3230 3866 2713
2221 3 2 4 4 3660 2289 3423 2886
2222 3 2 4 4 3115 2874 4001 2662
2223 3 2 4 4 2297 3284 2675 3381
2224 3 2 4 4 2335 2804 2904 3586
2225 3 2 4 4 2333 2805 2903 3587
2226 3 2 4 4 3477 2276 3620 2811
2227 3 2 4 4 3657 2608 3760 2814
2228 3 2 4 4 3658 2609 3761 2815
2229 3 2 4 4 3063 2808 3678 2489
2230 3 2 4 4 3067 3672 3279 2498
2231 3 2 4 4 2201 2975 2720 3312
2232 3 2 4 4 2203 3313 2721 2976
2233 3 2 4 4 3603 2614 3864 2871
2234 3 2 4 4 2962 2459 3434 2805
2235 3 2 4 4 2961 2460 3435 2804
2236 3 2 4 4 2942 3286 2496 3809
2237 3 2 4 4 2211 3015 2518 3121
2238 3 2 4 4 3974 2905 3621 2424
2239 3 2 4 4 3016 2861 3150 2398
2240 3 2 4 4 3017 2399 3151 2862
2241 3 2 4 4 2897 3908 450 451
2242 3 2 4 4 2663 2875 2341 3953
2243 3 2 4 4 2326 2878 2593 3807
2244 3 2 4 4 2327 3808 2594 2879
2245 3 2 4 4 2374 3309 2470 2847
2246 3 2 4 4 3098 2263 3354 2828
2247 3 2 4 4 3637 2587 3605 2826
2248 3 2 4 4 3283 2512 3519 2852
2249 3 2 4 4 3633 2840 3687 2579
2250 3 2 4 4 2768 2427 2934 3425
2251 3 2 4 4 3164 2303 3770 2832
2252 3 2 4 4 2781 3076 3590 2366
2253 3 2 4 4 2290 3328 2657 3380
2254 3 2 4 4 3129 2225 3044 3527
2255 3 2 4 4 3186 2841 3446 2323
2256 3 2 4 4 2482 2866 3619 3370
2257 3 2 4 4 2266 3419 3725 3099
2258 3 2 4 4 2390 3226 2718 3848
2259 3 2 4 4 4018 2263 3466 2816
2260 3 2 4 4 3764 2810 3700 2346
2261 3 2 4 4 3759 2347 3699 2809
2262 3 2 4 4 3281 2545 3424 2954
2263 3 2 4 4 3762 2212 2954 3424
2264 3 2 4 4 3657 2814 3603 2334
2265 3 2 4 4 3658 2815 3604 2336
2266 3 2 4 4 2628 3788 2261 3056
2267 3 2 4 4 3637 2826 3956 3414
2268 3 2 4 4 2467 3271 2573 3360
2269 3 2 4 4 2813 2436 2889 3234
2270 3 2 4 4 3041 2435 3235 2890
2271 3 2 4 4 424 423 3355 2846
2272 3 2 4 4 2944 3317 2688 4050
2273 3 2 4 4 2509 3108 2215 3156
2274 3 2 4 4 3318 2831 3482 2489
2275 3 2 4 4 2400 2983 3888 3457
2276 3 2 4 4 2401 2984 3889 3458
2277 3 2 4 4 2829 3099 3996 2349
2278 3 2 4 4 2828 2348 3997 3098
2279 3 2 4 4 3143 2814 3320 2249
2280 3 2 4 4 3765 3043 2267 3673
2281 3 2 4 4 2957 3892 2497 3306
2282 3 2 4 4 3154 2851 3426 2329
2283 3 2 4 4 2613 3863 4041 2872
2284 3 2 4 4 108 2864 3583 107
2285 3 2 4 4 2806 458 459 3650
2286 3 2 4 4 2747 3492 2887 2432
2287 3 2 4 4 2347 2914 2581 3699
2288 3 2 4 4 2891 3342 3877 2575
2289 3 2 4 4 3972 2386 3303 2842
2290 3 2 4 4 3973 2843 3304 2387
2291 3 2 4 4 2388 4034 2783 3084
2292 3 2 4 4 2712 2435 3041 4013
2293 3 2 4 4 2889 2436 3902 3042
2294 3 2 4 4 2346 3700 2580 2913
2295 3 2 4 4 3109 2835 3231 2433
2296 3 2 4 4 3110 2434 3232 2836
2297 3 2 4 4 2820 4042 2487 3329
2298 3 2 4 4 2821 3330 2488 4043
2299 3 2 4 4 222 2863 3148 221
2300 3 2 4 4 3729 2364 3218 2915
2301 3 2 4 4 3728 2365 3219 2916
2302 3 2 4 4 3630 2540 3499 2823
2303 3 2 4 4 3827 2831 3494 2597
2304 3 2 4 4 2724 2464 4081 3198
2305 3 2 4 4 3726 2833 3468 2621
2306 3 2 4 4 3727 2622 3467 2834
2307 3 2 4 4 2763 2478 3042 4014
2308 3 2 4 4 2762 4013 3041 2477
2309 3 2 4 4 239 3531 238 13
2310 3 2 4 4 91 3532 90 5
2311 3 2 4 4 443 442 2676 3212
2312 3 2 4 4 397 3211 4019 398
2313 3 2 4 4 4000 2320 3994 3631
2314 3 2 4 4 2776 3071 3606 2367
2315 3 2 4 4 2892 3343 3869 2576
2316 3 2 4 4 3876 2846 3505 2356
2317 3 2 4 4 2912 3080 2316 3721
2318 3 2 4 4 500 3651 3208 499
2319 3 2 4 4 3283 2852 3637 3414
2320 3 2 4 4 3726 3135 395 394
2321 3 2 4 4 3727 446 445 3136
2322 3 2 4 4 3690 2832 3633 2579
2323 3 2 4 4 3677 2231 4006 2869
2324 3 2 4 4 3827 2597 3876 2937
2325 3 2 4 4 2394 3007 4049 2873
2326 3 2 4 4 2317 3314 2726 3510
2327 3 2 4 4 2870 3734 2586 3775
2328 3 2 4 4 2766 4029 2429 3153
2329 3 2 4 4 2767 4030 2428 3154
2330 3 2 4 4 3080 2912 3749 2418
2331 3 2 4 4 2698 2239 2783 4111
2332 3 2 4 4 3245 2475 3522 2835
2333 3 2 4 4 3572 2340 4001 2874
2334 3 2 4 4 3505 2846 3355 2508
2335 3 2 4 4 2820 2935 2800 3912
2336 3 2 4 4 2821 3913 2801 2936
2337 3 2 4 4 2897 2580 3646 3480
2338 3 2 4 4 2898 3481 3647 2581
2339 3 2 4 4 2869 4006 2870 2456
2340 3 2 4 4 3612 2873 4023 2230
2341 3 2 4 4 2700 3776 2252 3261
2342 3 2 4 4 2702 3262 2254 3777
2343 3 2 4 4 2880 2466 3387 2857
2344 3 2 4 4 2796 2262 3422 3165
2345 3 2 4 4 3113 2367 3606 2921
2346 3 2 4 4 3390 2938 3579 2536
2347 3 2 4 4 3316 2602 3688 3020
2348 3 2 4 4 3101 2366 3590 2920
2349 3 2 4 4 3763 2939 3743 2232
2350 3 2 4 4 2209 3145 2521 3018
2351 3 2 4 4 2802 2482 3887 3272
2352 3 2 4 4 3734 2870 4006 2231
2353 3 2 4 4 4049 2457 4023 2873
2354 3 2 4 4 2987 2963 3166 2462
2355 3 2 4 4 2779 2860 3506 2508
2356 3 2 4 4 3315 2966 4060 2616
2357 3 2 4 4 3801 2210 3247 3040
2358 3 2 4 4 3043 3040 3247 2535
2359 3 2 4 4 2602 3316 2527 3422
2360 3 2 4 4 2692 2453 3117 3916
2361 3 2 4 4 2697 3459 2357 4076
2362 3 2 4 4 2771 3344 2308 3693
2363 3 2 4 4 2770 3692 2306 3345
2364 3 2 4 4 3834 2604 3880 2850
2365 3 2 4 4 3835 2605 3881 2851
2366 3 2 4 4 2263 3098 3724 3466
2367 3 2 4 4 3046 2532 3718 2842
2368 3 2 4 4 3047 2843 3719 2533
2369 3 2 4 4 3702 2230 4023 2881
2370 3 2 4 4 2456 4026 3012 2869
2371 3 2 4 4 2847 2470 3238 3781
2372 3 2 4 4 3480 2556 3908 2897
2373 3 2 4 4 3481 2898 3909 2557
2374 3 2 4 4 3270 2466 3335 2827
2375 3 2 4 4 2706 2924 2340 3368
2376 3 2 4 4 3427 2850 3880 2240
2377 3 2 4 4 2535 3338 2267 3043
2378 3 2 4 4 2791 3705 2250 3321
2379 3 2 4 4 2790 3706 2249 3320
2380 3 2 4 4 3608 2348 3803 2925
2381 3 2 4 4 3607 2926 3802 2349
2382 3 2 4 4 3082 3019 2628 3730
2383 3 2 4 4 3455 2519 3342 2891
2384 3 2 4 4 3456 2520 3343 2892
2385 3 2 4 4 3036 2867 3509 2224
2386 3 2 4 4 3523 2517 3509 2867
2387 3 2 4 4 3060 2855 3520 2200
2388 3 2 4 4 3061 2202 3521 2856
2389 3 2 4 4 3391 2515 3520 2855
2390 3 2 4 4 2730 2516 2856 3521
2391 3 2 4 4 3492 3793 3094 2265
2392 3 2 4 4 3538 3131 3534 2841
2393 3 2 4 4 3930 3712 2294 3221
2394 3 2 4 4 3931 3713 2295 3220
2395 3 2 4 4 2944 2204 2988 3317
2396 3 2 4 4 2345 2901 3750 3100
2397 3 2 4 4 3218 2459 3941 2915
2398 3 2 4 4 3219 2460 3942 2916
2399 3 2 4 4 3101 2920 3473 2454
2400 3 2 4 4 3113 2921 3474 2455
2401 3 2 4 4 2563 3220 2295 3259
2402 3 2 4 4 2562 3221 2294 3258
2403 3 2 4 4 3387 2337 3377 2857
2404 3 2 4 4 2881 3740 2577 3702
2405 3 2 4 4 2927 3100 3759 2441
2406 3 2 4 4 3009 3738 2567 3626
2407 3 2 4 4 3010 3627 2569 3739
2408 3 2 4 4 411 2885 3319 412
2409 3 2 4 4 2716 3624 2444 3264
2410 3 2 4 4 2987 2462 3222 2986
2411 3 2 4 4 2719 485 486 3238
2412 3 2 4 4 2731 3720 3319 2490
2413 3 2 4 4 3244 2828 3354 2501
2414 3 2 4 4 3023 461 462 3927
2415 3 2 4 4 3024 3926 403 402
2416 3 2 4 4 3025 3925 496 497
2417 3 2 4 4 3026 438 437 3924
2418 3 2 4 4 2695 3509 2517 3418
2419 3 2 4 4 2238 3671 2603 3593
2420 3 2 4 4 466 3006 3201 465
2421 3 2 4 4 2623 2909 2372 3917
2422 3 2 4 4 2289 3200 2684 3423
2423 3 2 4 4 3085 2536 3580 3179
2424 3 2 4 4 2714 3263 2443 3631
2425 3 2 4 4 2715 3266 2442 3632
2426 3 2 4 4 2583 3994 2320 3452
2427 3 2 4 4 2582 3453 2322 3995
2428 3 2 4 4 2698 2458 3487 2239
2429 3 2 4 4 2922 2397 4056 3136
2430 3 2 4 4 2312 3180 2671 3589
2431 3 2 4 4 2313 3181 2672 3588
2432 3 2 4 4 2732 3142 2279 3155
2433 3 2 4 4 3297 2490 3319 2885
2434 3 2 4 4 3060 2549 3820 2855
2435 3 2 4 4 3061 2856 3821 2550
2436 3 2 4 4 2682 2982 2418 3749
2437 3 2 4 4 2316 2933 2570 3564
2438 3 2 4 4 3045 3546 2540 3630
2439 3 2 4 4 3406 2376 3871 2964
2440 3 2 4 4 3407 2965 3873 2378
2441 3 2 4 4 3039 3032 3271 2467
2442 3 2 4 4 2852 3519 3377 2337
2443 3 2 4 4 2930 2365 3728 2895
2444 3 2 4 4 2931 2364 3729 2896
2445 3 2 4 4 3603 2871 3395 2334
2446 3 2 4 4 3604 2872 3394 2336
2447 3 2 4 4 2628 3019 2389 3788
2448 3 2 4 4 2493 3538 2612 3311
2449 3 2 4 4 3550 2824 3190 2447
2450 3 2 4 4 3551 2448 3191 2825
2451 3 2 4 4 2559 3484 2844 3732
2452 3 2 4 4 2958 3353 2499 3893
2453 3 2 4 4 2792 3743 2574 3723
2454 3 2 4 4 2391 3974 2796 3165
2455 3 2 4 4 2858 3501 3297 2409
2456 3 2 4 4 2518 3056 2261 3302
2457 3 2 4 4 3552 2911 3559 2506
2458 3 2 4 4 2243 4013 2762 4073
2459 3 2 4 4 2245 4072 2763 4014
2460 3 2 4 4 3668 2542 4091 2888
2461 3 2 4 4 3451 2877 3371 2237
2462 3 2 4 4 2367 2868 3851 2776
2463 3 2 4 4 2991 2272 4026 3067
2464 3 2 4 4 3397 3167 3558 2471
2465 3 2 4 4 3398 3169 3555 2473
2466 3 2 4 4 3865 2836 3686 2476
2467 3 2 4 4 3427 2893 3519 2512
2468 3 2 4 4 3481 2557 3608 2925
2469 3 2 4 4 3480 2926 3607 2556
2470 3 2 4 4 2208 3256 2527 3176
2471 3 2 4 4 3506 2860 3806 2259
2472 3 2 4 4 3425 2284 3932 3152
2473 3 2 4 4 2396 2844 3484 3129
2474 3 2 4 4 2710 3756 2321 3189
2475 3 2 4 4 3871 3449 3964 2964
2476 3 2 4 4 3873 2965 3965 2634
2477 3 2 4 4 3451 2363 3886 2877
2478 3 2 4 4 2223 3942 2460 2961
2479 3 2 4 4 2222 3941 2459 2962
2480 3 2 4 4 2658 2943 2352 3269
2481 3 2 4 4 3458 2576 3685 3107
2482 3 2 4 4 75 76 3549 2940
2483 3 2 4 4 2886 3423 2502 3894
2484 3 2 4 4 3573 2875 3907 2599
2485 3 2 4 4 3572 2874 3906 2598
2486 3 2 4 4 2340 2924 2662 4001
2487 3 2 4 4 3830 2542 3668 2848
2488 3 2 4 4 2988 2204 4077 2927
2489 3 2 4 4 3310 2469 3035 3210
2490 3 2 4 4 2989 3066 4049 2270
2491 3 2 4 4 3277 2945 3967 2414
2492 3 2 4 4 3278 2946 3966 2413
2493 3 2 4 4 3553 3033 4074 2664
2494 3 2 4 4 3433 2886 3894 2624
2495 3 2 4 4 6 450 3908 3214
2496 3 2 4 4 507 508 3213 3909
2497 3 2 4 4 3581 2980 3246 2620
2498 3 2 4 4 3427 2240 3490 2893
2499 3 2 4 4 2513 4000 3631 3986
2500 3 2 4 4 3642 2876 3660 2585
2501 3 2 4 4 2779 2363 3890 2860
2502 3 2 4 4 2731 3561 2558 3373
2503 3 2 4 4 3245 2880 3358 2475
2504 3 2 4 4 3501 2858 3874 2232
2505 3 2 4 4 2432 4090 3197 2747
2506 3 2 4 4 3585 2546 3489 3003
2507 3 2 4 4 2422 3641 2751 3698
2508 3 2 4 4 2420 3695 2749 3640
2509 3 2 4 4 3361 2549 3119 3177
2510 3 2 4 4 3362 3178 3120 2550
2511 3 2 4 4 3277 2248 3435 2945
2512 3 2 4 4 3278 2247 3434 2946
2513 3 2 4 4 2400 3613 2562 2983
2514 3 2 4 4 2401 3614 2563 2984
2515 3 2 4 4 3794 2631 3124 3416
2516 3 2 4 4 3795 3417 3125 2632
2517 3 2 4 4 225 3299 3162 224
2518 3 2 4 4 106 3163 3298 105
2519 3 2 4 4 3118 3051 3581 2461
2520 3 2 4 4 3660 2886 3433 2585
2521 3 2 4 4 2510 3539 2704 3562
2522 3 2 4 4 463 3616 3927 462
2523 3 2 4 4 495 496 3925 3615
2524 3 2 4 4 2212 3276 2453 2954
2525 3 2 4 4 3984 3634 3138 2784
2526 3 2 4 4 3985 3635 3139 2785
2527 3 2 4 4 3114 2258 3907 2875
2528 3 2 4 4 3115 2255 3906 2874
2529 3 2 4 4 3118 2467 3360 3051
2530 3 2 4 4 4087 2446 3085 3179
2531 3 2 4 4 3945 2927 4077 2669
2532 3 2 4 4 2522 3347 2677 3381
2533 3 2 4 4 3156 3619 2866 2561
2534 3 2 4 4 3363 2878 3601 2270
2535 3 2 4 4 3369 2272 3602 2879
2536 3 2 4 4 2803 3903 2350 3515
2537 3 2 4 4 3567 2883 3923 2651
2538 3 2 4 4 2771 3831 2974 2464
2539 3 2 4 4 3318 2489 3678 2884
2540 3 2 4 4 2857 2205 3358 2880
2541 3 2 4 4 3457 2575 3737 3106
2542 3 2 4 4 3746 2870 3775 2351
2543 3 2 4 4 2698 4111 2350 3903
2544 3 2 4 4 3012 2395 3677 2869
2545 3 2 4 4 2322 4004 2790 3624
2546 3 2 4 4 2288 3185 2661 3611
2547 3 2 4 4 3565 3133 3361 2479
2548 3 2 4 4 3566 2480 3362 3134
2549 3 2 4 4 2913 2580 2897 3609
2550 3 2 4 4 2914 3610 2898 2581
2551 3 2 4 4 2505 3402 3289 3554
2552 3 2 4 4 253 254 3332 2941
2553 3 2 4 4 419 3199 2787 4068
2554 3 2 4 4 2963 2196 4088 2993
2555 3 2 4 4 3300 2598 3906 2906
2556 3 2 4 4 3301 2599 3907 2907
2557 3 2 4 4 2561 2866 4099 3680
2558 3 2 4 4 2817 2266 3184 3147
2559 3 2 4 4 2999 3249 3068 2194
2560 3 2 4 4 3031 3069 3250 2195
2561 3 2 4 4 3390 4108 2198 2938
2562 3 2 4 4 2436 2713 3228 3902
2563 3 2 4 4 2690 3475 2318 3408
2564 3 2 4 4 2842 3303 2525 3046
2565 3 2 4 4 2843 3047 2526 3304
2566 3 2 4 4 2927 2441 3240 2988
2567 3 2 4 4 2968 3648 2543 3628
2568 3 2 4 4 2969 3629 2544 3649
2569 3 2 4 4 3246 2980 3493 2360
2570 3 2 4 4 3291 2937 3876 2356
2571 3 2 4 4 4023 2457 3744 2881
2572 3 2 4 4 3386 2357 3459 2932
2573 3 2 4 4 3744 2354 3740 2881
2574 3 2 4 4 3356 2532 3977 2917
2575 3 2 4 4 3357 2918 3978 2533
2576 3 2 4 4 2492 3380 2657 3683
2577 3 2 4 4 3361 3177 4078 2479
2578 3 2 4 4 3362 2480 4079 3178
2579 3 2 4 4 3424 2545 3711 2882
2580 3 2 4 4 2353 3175 2649 3656
2581 3 2 4 4 4049 3007 3363 2270
2582 3 2 4 4 2824 72 73 3190
2583 3 2 4 4 2825 3191 256 257
2584 3 2 4 4 2261 3788 2773 3560
2585 3 2 4 4 3215 3122 3984 2766
2586 3 2 4 4 3216 3123 3985 2767
2587 3 2 4 4 3261 2252 3329 2964
2588 3 2 4 4 3262 2965 3330 2254
2589 3 2 4 4 3741 2894 3529 2355
2590 3 2 4 4 2808 2410 2884 3678
2591 3 2 4 4 3044 2225 4055 2900
2592 3 2 4 4 4026 2272 3369 3012
2593 3 2 4 4 2276 3175 2565 3575
2594 3 2 4 4 3455 2891 3888 2193
2595 3 2 4 4 3456 2892 3889 2192
2596 3 2 4 4 3347 2522 3507 2923
2597 3 2 4 4 3688 2277 3840 3020
2598 3 2 4 4 2829 2500 3350 3184
2599 3 2 4 4 3222 2262 3290 2986
2600 3 2 4 4 2769 2267 3271 3032
2601 3 2 4 4 3909 2898 3610 507
2602 3 2 4 4 3359 2906 3906 2255
2603 3 2 4 4 3383 2907 3907 2258
2604 3 2 4 4 3541 2494 3488 2959
2605 3 2 4 4 3496 2221 3749 2912
2606 3 2 4 4 3300 2906 3919 2625
2607 3 2 4 4 3301 2907 3920 2626
2608 3 2 4 4 2731 3373 415 414
2609 3 2 4 4 3455 2193 3473 2920
2610 3 2 4 4 3456 2192 3474 2921
2611 3 2 4 4 3437 2894 3741 2463
2612 3 2 4 4 2396 4044 3570 2844
2613 3 2 4 4 3437 2230 3702 2894
2614 3 2 4 4 2523 2922 444 3508
2615 3 2 4 4 3436 2910 3755 2564
2616 3 2 4 4 2207 3242 4003 3336
2617 3 2 4 4 2346 3955 2706 3764
2618 3 2 4 4 2762 3669 2567 4073
2619 3 2 4 4 2763 4072 2569 3670
2620 3 2 4 4 3350 2500 3883 2928
2621 3 2 4 4 3084 2902 4048 2388
2622 3 2 4 4 2709 3438 2967 2305
2623 3 2 4 4 3275 2985 3717 2220
2624 3 2 4 4 2374 2847 3782 2994
2625 3 2 4 4 3714 2360 3493 2919
2626 3 2 4 4 2899 2391 3165 3256
2627 3 2 4 4 2694 3216 2329 3751
2628 3 2 4 4 3087 3798 469 470
2629 3 2 4 4 2650 2953 2388 4048
2630 3 2 4 4 3827 2937 4025 2293
2631 3 2 4 4 3291 2639 4025 2937
2632 3 2 4 4 3050 2338 3428 4050
2633 3 2 4 4 3296 2932 3459 2507
2634 3 2 4 4 3533 2493 3311 3008
2635 3 2 4 4 2347 3759 2679 3950
2636 3 2 4 4 2923 3135 4044 2396
2637 3 2 4 4 3671 2238 3621 2905
2638 3 2 4 4 2229 2973 3851 2868
2639 3 2 4 4 3398 2734 2961 4021
2640 3 2 4 4 2222 2962 4022 2735
2641 3 2 4 4 2552 3075 2291 3486
2642 3 2 4 4 3552 2241 3488 2911
2643 3 2 4 4 3291 2929 3708 2491
2644 3 2 4 4 2864 108 109 3149
2645 3 2 4 4 3275 2506 3559 2985
2646 3 2 4 4 3564 3194 3721 2316
2647 3 2 4 4 3045 2226 3750 2901
2648 3 2 4 4 2890 3235 408 407
2649 3 2 4 4 2889 433 432 3234
2650 3 2 4 4 2487 4042 2917 3478
2651 3 2 4 4 2488 3479 2918 4043
2652 3 2 4 4 3851 2973 3576 2373
2653 3 2 4 4 2303 3390 2536 3085
2654 3 2 4 4 4037 2955 4104 2680
2655 3 2 4 4 506 2914 3824 505
2656 3 2 4 4 3291 2356 3505 2929
2657 3 2 4 4 391 2824 3550 3140
2658 3 2 4 4 449 3141 3551 2825
2659 3 2 4 4 2761 3445 2590 2948
2660 3 2 4 4 3755 2910 3681 2284
2661 3 2 4 4 2779 2508 3355 3682
2662 3 2 4 4 3823 2678 3127 3348
2663 3 2 4 4 3428 2911 3488 2494
2664 3 2 4 4 2808 3063 2615 3659
2665 3 2 4 4 2551 3874 2858 3485
2666 3 2 4 4 2552 3486 2859 3875
2667 3 2 4 4 3478 2917 3977 2217
2668 3 2 4 4 3479 2219 3978 2918
2669 3 2 4 4 3067 2498 3412 2991
2670 3 2 4 4 2952 3739 2569 4072
2671 3 2 4 4 2950 4073 2567 3738
2672 3 2 4 4 2930 2437 3139 3635
2673 3 2 4 4 2931 2438 3138 3634
2674 3 2 4 4 2555 3078 4087 3146
2675 3 2 4 4 3350 2578 3147 3184
2676 3 2 4 4 2930 3635 4110 2365
2677 3 2 4 4 2931 3634 4109 2364
2678 3 2 4 4 3454 2919 3734 2231
2679 3 2 4 4 2940 3331 74 75
2680 3 2 4 4 2893 3490 2979 2495
2681 3 2 4 4 3865 2476 4003 2887
2682 3 2 4 4 2712 4013 2243 3227
2683 3 2 4 4 2871 3864 2222 4040
2684 3 2 4 4 3454 2468 3714 2919
2685 3 2 4 4 3085 2446 4059 2956
2686 3 2 4 4 3331 2940 4102 2430
2687 3 2 4 4 3332 2431 4103 2941
2688 3 2 4 4 2838 3530 2305 2967
2689 3 2 4 4 2685 2390 3402 3027
2690 3 2 4 4 2237 2970 2619 3451
2691 3 2 4 4 404 403 3926 3655
2692 3 2 4 4 436 3654 3924 437
2693 3 2 4 4 2494 2944 4050 3428
2694 3 2 4 4 2981 2352 2943 3951
2695 3 2 4 4 3679 2611 3951 2943
2696 3 2 4 4 3315 2355 3529 2966
2697 3 2 4 4 2789 2953 4020 2246
2698 3 2 4 4 2924 4002 3037 2662
2699 3 2 4 4 3838 2958 4036 2426
2700 3 2 4 4 3839 2425 4035 2957
2701 3 2 4 4 3801 2427 4047 2960
2702 3 2 4 4 3017 3197 4090 2283
2703 3 2 4 4 3085 2956 3770 2303
2704 3 2 4 4 232 3859 3171 231
2705 3 2 4 4 84 3860 3172 83
2706 3 2 4 4 245 246 3174 3862
2707 3 2 4 4 97 98 3173 3861
2708 3 2 4 4 2379 3773 2752 3312
2709 3 2 4 4 2380 3313 2753 3774
2710 3 2 4 4 3506 2259 3708 2929
2711 3 2 4 4 3311 2283 4090 3008
2712 3 2 4 4 3607 2349 3996 2864
2713 3 2 4 4 3608 2863 3997 2348
2714 3 2 4 4 2265 3865 2887 3492
2715 3 2 4 4 487 3782 2847 3781
2716 3 2 4 4 2755 3251 406 405
2717 3 2 4 4 2754 435 434 3252
2718 3 2 4 4 2685 3027 3472 2234
2719 3 2 4 4 4076 2357 4084 2939
2720 3 2 4 4 3068 3030 3791 2194
2721 3 2 4 4 2999 3052 3393 2503
2722 3 2 4 4 3425 2934 3755 2284
2723 3 2 4 4 2234 3159 4051 2685
2724 3 2 4 4 3256 3165 3422 2527
2725 3 2 4 4 4076 2939 3763 2689
2726 3 2 4 4 3316 3020 3740 2354
2727 3 2 4 4 2877 2440 3205 3371
2728 3 2 4 4 3117 2453 3537 3116
2729 3 2 4 4 2420 2935 2252 3776
2730 3 2 4 4 2422 3777 2254 2936
2731 3 2 4 4 254 255 3805 3332
2732 3 2 4 4 2361 3328 2674 3983
2733 3 2 4 4 2850 3427 2512 3526
2734 3 2 4 4 2661 2397 3348 3127
2735 3 2 4 4 2649 3477 2524 3372
2736 3 2 4 4 3694 3374 478 479
2737 3 2 4 4 2833 3849 3140 2433
2738 3 2 4 4 2834 2434 3141 3850
2739 3 2 4 4 3967 2945 3786 2656
2740 3 2 4 4 3966 2946 3787 2655
2741 3 2 4 4 3513 2990 2369 3502
2742 3 2 4 4 3514 3503 2371 2992
2743 3 2 4 4 2967 3554 3571 2361
2744 3 2 4 4 3957 2515 3339 3111
2745 3 2 4 4 3958 3112 3340 2516
2746 3 2 4 4 2197 3118 2461 3722
2747 3 2 4 4 3438 2505 3554 2967
2748 3 2 4 4 3440 3111 3339 2268
2749 3 2 4 4 3441 2269 3340 3112
2750 3 2 4 4 2375 3675 3768 2798
2751 3 2 4 4 2377 2799 3769 3676
2752 3 2 4 4 3317 2988 4080 2501
2753 3 2 4 4 3770 2956 3643 3828
2754 3 2 4 4 3537 2290 3380 3116
2755 3 2 4 4 3748 2370 3900 2951
2756 3 2 4 4 3299 2485 3724 3162
2757 3 2 4 4 3298 3163 3725 2486
2758 3 2 4 4 3747 2949 3891 2368
2759 3 2 4 4 3738 2369 3897 2950
2760 3 2 4 4 3739 2952 3898 2371
2761 3 2 4 4 4095 2419 3696 3102
2762 3 2 4 4 4097 3104 3697 2421
2763 3 2 4 4 4096 3103 3695 2420
2764 3 2 4 4 4098 2422 3698 3105
2765 3 2 4 4 3806 2619 3500 3959
2766 3 2 4 4 2521 3462 2260 3062
2767 3 2 4 4 3716 3054 4061 2640
2768 3 2 4 4 3715 2642 4062 3055
2769 3 2 4 4 4106 2242 3829 2949
2770 3 2 4 4 4073 2950 3799 2243
2771 3 2 4 4 4072 2245 3800 2952
2772 3 2 4 4 4107 2951 3797 2244
2773 3 2 4 4 3281 2954 2453 2692
2774 3 2 4 4 3528 2541 3547 3038
2775 3 2 4 4 3582 3162 3724 2636
2776 3 2 4 4 3583 2635 3725 3163
2777 3 2 4 4 2539 3544 2382 3037
2778 3 2 4 4 2663 3038 3547 2385
2779 3 2 4 4 2734 3028 2686 3598
2780 3 2 4 4 2735 3029 2687 3597
2781 3 2 4 4 3258 2294 3399 3300
2782 3 2 4 4 3259 2295 3400 3301
2783 3 2 4 4 2759 3555 235 236
2784 3 2 4 4 2756 93 94 3557
2785 3 2 4 4 2758 3558 87 88
2786 3 2 4 4 2757 241 242 3556
2787 3 2 4 4 3715 3055 3578 2308
2788 3 2 4 4 2274 3430 2740 3972
2789 3 2 4 4 2275 3973 2741 3431
2790 3 2 4 4 508 12 220 3213
2791 3 2 4 4 2403 4045 3630 2823
2792 3 2 4 4 3528 3038 4046 2227
2793 3 2 4 4 2409 3160 3485 2858
2794 3 2 4 4 3496 2912 3721 2591
2795 3 2 4 4 2406 3280 3905 2684
2796 3 2 4 4 3356 2968 3718 2532
2797 3 2 4 4 3357 2533 3719 2969
2798 3 2 4 4 2618 2812 3229 3837
2799 3 2 4 4 2436 2813 3836 3230
2800 3 2 4 4 2232 3743 2792 3501
2801 3 2 4 4 3126 2292 4082 3491
2802 3 2 4 4 3375 2989 3516 2368
2803 3 2 4 4 3412 2370 3517 2991
2804 3 2 4 4 2947 2972 3574 2483
2805 3 2 4 4 2923 2396 3129 3347
2806 3 2 4 4 2199 3571 3554 3289
2807 3 2 4 4 2287 3732 2844 3570
2808 3 2 4 4 3306 2209 3839 2957
2809 3 2 4 4 3353 2958 3838 2211
2810 3 2 4 4 2237 3371 3205 2742
2811 3 2 4 4 3356 2358 3648 2968
2812 3 2 4 4 3357 2969 3649 2359
2813 3 2 4 4 2949 3747 2566 4106
2814 3 2 4 4 2951 4107 2568 3748
2815 3 2 4 4 3527 2677 3347 3129
2816 3 2 4 4 3402 2505 3472 3027
2817 3 2 4 4 2338 3050 2584 3856
2818 3 2 4 4 3279 2210 3801 2960
2819 3 2 4 4 3046 2525 3502 3009
2820 3 2 4 4 3047 3010 3503 2526
2821 3 2 4 4 3951 2611 3596 2981
2822 3 2 4 4 475 2981 3596 474
2823 3 2 4 4 3593 2603 3940 2971
2824 3 2 4 4 3684 2271 3513 3001
2825 3 2 4 4 3758 3002 3514 2273
2826 3 2 4 4 2855 3820 2300 3391
2827 3 2 4 4 3529 2577 3840 2966
2828 3 2 4 4 2381 4032 2564 3442
2829 3 2 4 4 3404 3021 3516 2528
2830 3 2 4 4 3405 2529 3517 3022
2831 3 2 4 4 4031 3128 3487 2458
2832 3 2 4 4 3574 2972 3917 2372
2833 3 2 4 4 3685 2576 3869 2959
2834 3 2 4 4 2884 428 427 3318
2835 3 2 4 4 3628 2274 3718 2968
2836 3 2 4 4 3629 2969 3719 2275
2837 3 2 4 4 2851 3881 2241 3552
2838 3 2 4 4 3625 2445 3174 3265
2839 3 2 4 4 3522 2475 4074 3033
2840 3 2 4 4 2947 2228 3921 2972
2841 3 2 4 4 2986 2405 4083 2987
2842 3 2 4 4 3771 2672 3181 3745
2843 3 2 4 4 459 3206 2449 3650
2844 3 2 4 4 2807 2451 3208 3651
2845 3 2 4 4 2573 3338 2535 3352
2846 3 2 4 4 2461 3217 2653 3722
2847 3 2 4 4 3704 3131 3538 2493
2848 3 2 4 4 3754 3180 3342 2519
2849 3 2 4 4 3745 3181 3343 2520
2850 3 2 4 4 2278 3077 2586 3818
2851 3 2 4 4 2651 3712 2570 3567
2852 3 2 4 4 2652 3713 2571 3568
2853 3 2 4 4 2322 3624 2716 3995
2854 3 2 4 4 2221 3496 2704 3539
2855 3 2 4 4 2837 4065 3579 2938
2856 3 2 4 4 2839 492 493 4081
2857 3 2 4 4 2493 3314 2317 3704
2858 3 2 4 4 2416 4052 3233 2768
2859 3 2 4 4 2405 3142 2732 4083
2860 3 2 4 4 3541 2959 3869 2313
2861 3 2 4 4 2670 3202 2417 3766
2862 3 2 4 4 3759 3100 3750 2679
2863 3 2 4 4 2682 3749 2221 4015
2864 3 2 4 4 3772 2671 3180 3754
2865 3 2 4 4 2412 2993 4088 3511
2866 3 2 4 4 2381 3036 2224 4032
2867 3 2 4 4 3370 3619 3156 2215
2868 3 2 4 4 3870 3048 3884 2633
2869 3 2 4 4 3872 3450 3885 3049
2870 3 2 4 4 3086 3295 3296 2507
2871 3 2 4 4 3201 3006 4089 2465
2872 3 2 4 4 2994 488 489 3911
2873 3 2 4 4 3117 3116 3380 2492
2874 3 2 4 4 3581 2278 3818 2980
2875 3 2 4 4 3737 2575 3877 2979
2876 3 2 4 4 2489 3482 2293 3063
2877 3 2 4 4 2765 3854 2279 3142
2878 3 2 4 4 3013 101 102 3595
2879 3 2 4 4 3014 3594 227 228
2880 3 2 4 4 2367 3113 2630 2868
2881 3 2 4 4 2795 3822 3683 2199
2882 3 2 4 4 2492 3683 3822 2902
2883 3 2 4 4 3309 2374 4085 3011
2884 3 2 4 4 2731 414 413 3720
2885 3 2 4 4 3843 2994 3911 2588
2886 3 2 4 4 3254 3004 4011 2604
2887 3 2 4 4 3255 3005 4012 2605
2888 3 2 4 4 3429 2537 4089 3006
2889 3 2 4 4 2465 2725 4066 3201
2890 3 2 4 4 3406 2995 3979 2376
2891 3 2 4 4 3407 2378 3980 2996
2892 3 2 4 4 2980 3818 2586 3493
2893 3 2 4 4 2381 3765 2572 3036
2894 3 2 4 4 2724 3198 494 4067
2895 3 2 4 4 4054 3003 3711 2545
2896 3 2 4 4 3536 2979 3877 2312
2897 3 2 4 4 2999 2503 3684 3001
2898 3 2 4 4 2414 3463 2513 3277
2899 3 2 4 4 2413 3464 2514 3278
2900 3 2 4 4 3959 3079 2491 3708
2901 3 2 4 4 3549 2554 4102 2940
2902 3 2 4 4 3548 2941 4103 2553
2903 3 2 4 4 2677 3527 2538 3469
2904 3 2 4 4 2678 3470 2541 3528
2905 3 2 4 4 3489 2285 3711 3003
2906 3 2 4 4 2650 3504 4020 2953
2907 3 2 4 4 3998 3192 3475 2690
2908 3 2 4 4 3999 2691 3476 3193
2909 3 2 4 4 2490 2792 3723 3341
2910 3 2 4 4 2522 3381 2675 3211
2911 3 2 4 4 3285 3382 3212 2676
2912 3 2 4 4 3001 2386 3914 2999
2913 3 2 4 4 3002 3000 3915 2387
2914 3 2 4 4 2994 3843 4085 2374
2915 3 2 4 4 3843 2910 3436 4085
2916 3 2 4 4 2964 3329 2487 3406
2917 3 2 4 4 2965 3407 2488 3330
2918 3 2 4 4 3994 2583 3594 3014
2919 3 2 4 4 2586 3077 2351 3775
2920 3 2 4 4 3034 3432 2778 4075
2921 3 2 4 4 3000 3002 3758 2504
2922 3 2 4 4 3432 3034 4089 2537
2923 3 2 4 4 3717 2985 3856 2584
2924 3 2 4 4 4090 2432 3533 3008
2925 3 2 4 4 3807 3416 3124 2326
2926 3 2 4 4 3808 2327 3125 3417
2927 3 2 4 4 4016 2407 3813 2997
2928 3 2 4 4 4017 2998 3814 2408
2929 3 2 4 4 6 3214 3149 109
2930 3 2 4 4 221 3148 3213 220
2931 3 2 4 4 3763 3081 3599 2392
2932 3 2 4 4 2909 2623 3101 3879
2933 3 2 4 4 2908 2630 3113 3878
2934 3 2 4 4 3064 3083 3758 2273
2935 3 2 4 4 3502 2369 3738 3009
2936 3 2 4 4 3503 3010 3739 2371
2937 3 2 4 4 3416 2530 3384 3794
2938 3 2 4 4 3417 3795 3385 2531
2939 3 2 4 4 3360 2278 3581 3051
2940 3 2 4 4 4061 2375 3870 3023
2941 3 2 4 4 3979 3024 3871 2376
2942 3 2 4 4 4062 3025 3872 2377
2943 3 2 4 4 3980 2378 3873 3026
2944 3 2 4 4 480 481 4058 3236
2945 3 2 4 4 2797 3691 3605 2587
2946 3 2 4 4 3896 2465 4089 3034
2947 3 2 4 4 3203 2216 3565 3223
2948 3 2 4 4 3819 2304 3372 3976
2949 3 2 4 4 456 3090 3542 455
2950 3 2 4 4 3341 2292 3126 3561
2951 3 2 4 4 3667 2558 3561 3126
2952 3 2 4 4 3404 2216 3832 3021
2953 3 2 4 4 3405 3022 3833 2218
2954 3 2 4 4 3664 3398 4021 2335
2955 3 2 4 4 2735 4022 2333 3397
2956 3 2 4 4 2473 3815 2311 3028
2957 3 2 4 4 2471 3816 2310 3029
2958 3 2 4 4 3736 2822 3182 3498
2959 3 2 4 4 3516 3021 3747 2368
2960 3 2 4 4 3517 2370 3748 3022
2961 3 2 4 4 3498 2539 3037 3736
2962 3 2 4 4 2863 3608 2557 3148
2963 3 2 4 4 2864 3149 2556 3607
2964 3 2 4 4 2404 2955 4037 3253
2965 3 2 4 4 2423 3368 3923 2883
2966 3 2 4 4 2424 3108 2509 3471
2967 3 2 4 4 3065 2271 3684 3092
2968 3 2 4 4 465 3201 4066 464
2969 3 2 4 4 2779 3682 422 421
2970 3 2 4 4 2985 3559 2338 3856
2971 3 2 4 4 2923 3507 397 396
2972 3 2 4 4 3784 2296 3498 3182
2973 3 2 4 4 2823 3499 2298 3183
2974 3 2 4 4 3740 3020 3840 2577
2975 3 2 4 4 3196 3016 3691 2282
2976 3 2 4 4 4061 3023 3927 2640
2977 3 2 4 4 3979 2641 3926 3024
2978 3 2 4 4 4062 2642 3925 3025
2979 3 2 4 4 3980 3026 3924 2643
2980 3 2 4 4 3745 2520 3606 3071
2981 3 2 4 4 3577 2547 3675 3054
2982 3 2 4 4 3578 3055 3676 2548
2983 3 2 4 4 4007 2818 3194 2235
2984 3 2 4 4 4008 2819 3195 2236
2985 3 2 4 4 3613 2400 4011 3004
2986 3 2 4 4 3614 2401 4012 3005
2987 3 2 4 4 2339 3918 2653 3560
2988 3 2 4 4 3045 3630 4045 2226
2989 3 2 4 4 3072 2534 3620 3073
2990 3 2 4 4 3210 3035 3990 2260
2991 3 2 4 4 3791 3030 3807 2593
2992 3 2 4 4 3792 2594 3808 3031
2993 3 2 4 4 3030 3068 4016 2530
2994 3 2 4 4 3031 2531 4017 3069
2995 3 2 4 4 2906 3359 2454 3919
2996 3 2 4 4 3754 2519 3590 3076
2997 3 2 4 4 2214 3524 2524 3097
2998 3 2 4 4 2412 3086 2507 3535
2999 3 2 4 4 3032 3039 3766 2417
3000 3 2 4 4 2876 3642 3523 2324
3001 3 2 4 4 2517 3523 3642 2736
3002 3 2 4 4 3109 3928 3093 2264
3003 3 2 4 4 3110 2265 3094 3929
3004 3 2 4 4 4002 4086 3736 3037
3005 3 2 4 4 3522 3033 3732 2287
3006 3 2 4 4 3393 3052 3857 2394
3007 3 2 4 4 3413 2395 3858 3053
3008 3 2 4 4 3539 2510 4004 3158
3009 3 2 4 4 4100 3260 4075 2778
3010 3 2 4 4 3810 2558 3667 3057
3011 3 2 4 4 3006 466 467 3429
3012 3 2 4 4 2859 3486 2291 3161
3013 3 2 4 4 3553 2559 3732 3033
3014 3 2 4 4 74 3331 2737 3804
3015 3 2 4 4 2431 3332 3805 2738
3016 3 2 4 4 3415 3157 4000 2513
3017 3 2 4 4 3997 2636 3724 3098
3018 3 2 4 4 3996 3099 3725 2635
3019 3 2 4 4 2966 3840 2277 4060
3020 3 2 4 4 2582 3995 2716 3013
3021 3 2 4 4 3631 3994 3014 2714
3022 3 2 4 4 4009 2399 3017 2283
3023 3 2 4 4 3264 2444 3760 3173
3024 3 2 4 4 2430 3811 2264 3093
3025 3 2 4 4 3040 3043 3765 2381
3026 3 2 4 4 3652 2193 3888 2983
3027 3 2 4 4 3653 2192 3889 2984
3028 3 2 4 4 3491 3663 3078 2555
3029 3 2 4 4 4059 3078 3663 2213
3030 3 2 4 4 2205 3591 2664 3358
3031 3 2 4 4 3632 2442 3947 3622
3032 3 2 4 4 3575 3073 3620 2276
3033 3 2 4 4 2606 3586 2904 3948
3034 3 2 4 4 3675 2375 4061 3054
3035 3 2 4 4 3676 3055 4062 2377
3036 3 2 4 4 2699 4095 2296 3267
3037 3 2 4 4 2701 3268 2298 4097
3038 3 2 4 4 3239 3817 3377 2495
3039 3 2 4 4 2853 3525 2658 3952
3040 3 2 4 4 2217 3977 2532 3046
3041 3 2 4 4 2219 3047 2533 3978
3042 3 2 4 4 3613 3420 3221 2562
3043 3 2 4 4 3614 3421 3220 2563
3044 3 2 4 4 3585 3070 3910 2546
3045 3 2 4 4 2573 3271 2267 3338
3046 3 2 4 4 96 97 3861 3324
3047 3 2 4 4 85 3322 3860 84
3048 3 2 4 4 244 245 3862 3325
3049 3 2 4 4 233 3323 3859 232
3050 3 2 4 4 2789 3188 2481 3515
3051 3 2 4 4 2605 3835 2428 3255
3052 3 2 4 4 2604 3834 2429 3254
3053 3 2 4 4 2999 2194 3791 3052
3054 3 2 4 4 3031 2195 3053 3792
3055 3 2 4 4 2404 3690 2579 3132
3056 3 2 4 4 3091 503 504 3543
3057 3 2 4 4 2443 3948 2904 3623
3058 3 2 4 4 3587 2903 3622 3947
3059 3 2 4 4 2234 3132 2579 3687
3060 3 2 4 4 2668 3536 2312 3589
3061 3 2 4 4 2907 3383 2455 3920
3062 3 2 4 4 2661 3185 4056 2397
3063 3 2 4 4 2669 3541 2313 3588
3064 3 2 4 4 477 3305 2775 476
3065 3 2 4 4 444 443 3212 3508
3066 3 2 4 4 2380 3774 2761 3483
3067 3 2 4 4 3545 3044 3970 2383
3068 3 2 4 4 3546 3045 3971 2384
3069 3 2 4 4 2884 2410 4033 3058
3070 3 2 4 4 3753 3058 4033 2617
3071 3 2 4 4 3057 3949 417 416
3072 3 2 4 4 2443 3623 3986 3631
3073 3 2 4 4 3550 2447 3928 3109
3074 3 2 4 4 3551 3110 3929 2448
3075 3 2 4 4 3092 2463 3742 3065
3076 3 2 4 4 3771 3745 3071 2257
3077 3 2 4 4 2510 3562 2438 3095
3078 3 2 4 4 2511 3563 2437 3096
3079 3 2 4 4 2831 426 425 3494
3080 3 2 4 4 3790 3992 3563 2705
3081 3 2 4 4 3789 3993 3562 2704
3082 3 2 4 4 78 79 3825 3150
3083 3 2 4 4 2711 3826 250 3151
3084 3 2 4 4 473 3349 3954 472
3085 3 2 4 4 2863 3582 2636 3997
3086 3 2 4 4 2864 3996 2635 3583
3087 3 2 4 4 2250 3144 3604 2815
3088 3 2 4 4 2417 3202 3660 2876
3089 3 2 4 4 3704 2317 3882 3195
3090 3 2 4 4 3763 2232 3874 3081
3091 3 2 4 4 3019 3082 3875 2233
3092 3 2 4 4 2602 3422 2262 3222
3093 3 2 4 4 3485 3160 3837 3074
3094 3 2 4 4 2511 3096 2250 3705
3095 3 2 4 4 2510 3095 2249 3706
3096 3 2 4 4 3225 3883 3243 2280
3097 3 2 4 4 3083 3064 3852 2468
3098 3 2 4 4 4053 3954 3349 3679
3099 3 2 4 4 3689 2457 4049 3066
3100 3 2 4 4 3150 3825 3333 2710
3101 3 2 4 4 3772 3754 3076 2256
3102 3 2 4 4 3249 2407 4016 3068
3103 3 2 4 4 3250 3069 4017 2408
3104 3 2 4 4 3672 3067 4026 2456
3105 3 2 4 4 3737 2240 3880 3106
3106 3 2 4 4 3685 2241 3881 3107
3107 3 2 4 4 3591 3239 3536 2668
3108 3 2 4 4 2661 3127 2227 4091
3109 3 2 4 4 2470 4057 2719 3238
3110 3 2 4 4 3600 3082 3730 2393
3111 3 2 4 4 482 483 3910 3070
3112 3 2 4 4 2835 3522 2287 3231
3113 3 2 4 4 2429 3089 4007 3254
3114 3 2 4 4 2428 3088 4008 3255
3115 3 2 4 4 3448 2331 3618 3308
3116 3 2 4 4 468 2560 3518 2764
3117 3 2 4 4 3361 3133 3812 2300
3118 3 2 4 4 3362 2301 4039 3134
3119 3 2 4 4 2616 3210 2260 3462
3120 3 2 4 4 3248 2439 3796 3087
3121 3 2 4 4 2822 2402 4093 3182
3122 3 2 4 4 2823 3183 4094 2403
3123 3 2 4 4 2460 3219 2656 3786
3124 3 2 4 4 2459 3218 2655 3787
3125 3 2 4 4 2941 3548 252 253
3126 3 2 4 4 2861 3549 76 77
3127 3 2 4 4 3197 3793 3492 2747
3128 3 2 4 4 3812 3133 3565 2600
3129 3 2 4 4 3405 3566 3134 2601
3130 3 2 4 4 3230 2291 3075 3866
3131 3 2 4 4 2304 3819 2673 3292
3132 3 2 4 4 3073 2406 4105 3072
3133 3 2 4 4 2703 3079 2673 3819
3134 3 2 4 4 3485 3074 3968 2551
3135 3 2 4 4 2426 3075 2552 3969
3136 3 2 4 4 3495 2719 4057 3489
3137 3 2 4 4 3498 3102 3696 2539
3138 3 2 4 4 3469 2538 3695 3103
3139 3 2 4 4 3499 2540 3697 3104
3140 3 2 4 4 3470 3105 3698 2541
3141 3 2 4 4 2797 3387 2466 3270
3142 3 2 4 4 3491 2555 3701 3126
3143 3 2 4 4 2280 3243 3802 2926
3144 3 2 4 4 2281 2925 3803 3244
3145 3 2 4 4 4087 3078 4059 2446
3146 3 2 4 4 3295 3086 3767 2286
3147 3 2 4 4 2391 3671 2905 3974
3148 3 2 4 4 2709 3472 2505 3438
3149 3 2 4 4 2615 3241 2845 3735
3150 3 2 4 4 3307 3447 3813 2681
3151 3 2 4 4 3798 3087 3796 2560
3152 3 2 4 4 2697 3535 2507 3459
3153 3 2 4 4 2600 3565 2216 3404
3154 3 2 4 4 3224 3566 3405 2218
3155 3 2 4 4 3599 3081 3874 2551
3156 3 2 4 4 3600 2552 3875 3082
3157 3 2 4 4 2970 2237 3179 3580
3158 3 2 4 4 2667 3530 2838 3981
3159 3 2 4 4 3057 416 415 3810
3160 3 2 4 4 2256 3778 2720 3439
3161 3 2 4 4 2499 3353 2772 3852
3162 3 2 4 4 95 3168 3557 94
3163 3 2 4 4 234 235 3555 3169
3164 3 2 4 4 86 87 3558 3167
3165 3 2 4 4 243 3170 3556 242
3166 3 2 4 4 2863 222 223 3582
3167 3 2 4 4 3163 106 107 3583
3168 3 2 4 4 397 3507 2522 3211
3169 3 2 4 4 3382 2523 3508 3212
3170 3 2 4 4 2257 3783 2723 3443
3171 3 2 4 4 2695 3418 2285 3282
3172 3 2 4 4 2627 4069 2353 3656
3173 3 2 4 4 226 227 3594 3192
3174 3 2 4 4 103 3193 3595 102
3175 3 2 4 4 2451 2807 3785 3268
3176 3 2 4 4 2631 3339 2515 3391
3177 3 2 4 4 2632 3392 2516 3340
3178 3 2 4 4 2738 3094 3793 2431
3179 3 2 4 4 95 2743 4070 3168
3180 3 2 4 4 243 2745 4071 3170
3181 3 2 4 4 3185 2288 3232 3467
3182 3 2 4 4 2814 3143 2614 3603
3183 3 2 4 4 2872 3604 3144 2613
3184 3 2 4 4 3726 2621 4044 3135
3185 3 2 4 4 2897 451 452 3609
3186 3 2 4 4 2914 506 507 3610
3187 3 2 4 4 3157 3415 2220 4010
3188 3 2 4 4 4050 2688 4018 3050
3189 3 2 4 4 3675 2547 3223 3768
3190 3 2 4 4 3676 3769 3224 2548
3191 3 2 4 4 2600 3404 2528 3326
3192 3 2 4 4 2601 3327 2529 3405
3193 3 2 4 4 2684 3200 4105 2406
3194 3 2 4 4 2878 3363 3857 2593
3195 3 2 4 4 2820 3356 2917 4042
3196 3 2 4 4 2821 4043 2918 3357
3197 3 2 4 4 3746 2351 3352 4092
3198 3 2 4 4 2879 2594 3858 3369
3199 3 2 4 4 3542 3090 4093 2402
3200 3 2 4 4 3543 2403 4094 3091
3201 3 2 4 4 3679 3349 3596 2611
3202 3 2 4 4 474 3596 3349 473
3203 3 2 4 4 2461 3581 2620 3302
3204 3 2 4 4 2423 2928 3883 3225
3205 3 2 4 4 3130 3512 3621 2238
3206 3 2 4 4 3662 2645 4093 3090
3207 3 2 4 4 3661 3091 4094 2646
3208 3 2 4 4 3215 2413 3966 3122
3209 3 2 4 4 3216 2414 3967 3123
3210 3 2 4 4 2727 3478 2217 3626
3211 3 2 4 4 2728 3627 2219 3479
3212 3 2 4 4 3880 2604 4011 3106
3213 3 2 4 4 3881 2605 4012 3107
3214 3 2 4 4 2383 3970 2648 3439
3215 3 2 4 4 3984 3122 4109 3634
3216 3 2 4 4 3985 3123 4110 3635
3217 3 2 4 4 2811 3938 2794 3097
3218 3 2 4 4 2384 3971 2647 3443
3219 3 2 4 4 468 469 3798 2560
3220 3 2 4 4 3109 2433 3140 3550
3221 3 2 4 4 3110 3551 3141 2434
3222 3 2 4 4 418 417 3949 3733
3223 3 2 4 4 3054 3716 3345 2306
3224 3 2 4 4 2465 3345 3716 2725
3225 3 2 4 4 2308 3344 2724 3715
3226 3 2 4 4 2807 501 502 3661
3227 3 2 4 4 3090 456 457 3662
3228 3 2 4 4 3300 2625 3652 3258
3229 3 2 4 4 3301 2626 3653 3259
3230 3 2 4 4 2786 3796 2439 3130
3231 3 2 4 4 3283 3414 3464 2693
3232 3 2 4 4 3134 4039 3125 2601
3233 3 2 4 4 460 3847 3206 459
3234 3 2 4 4 401 400 3207 3846
3235 3 2 4 4 498 499 3208 3845
3236 3 2 4 4 439 3844 3209 440
3237 3 2 4 4 3498 2296 4095 3102
3238 3 2 4 4 3469 3103 4096 2297
3239 3 2 4 4 3499 3104 4097 2298
3240 3 2 4 4 3470 2299 4098 3105
3241 3 2 4 4 492 3187 2788 491
3242 3 2 4 4 2281 4080 2988 3240
3243 3 2 4 4 3307 2330 3444 3447
3244 3 2 4 4 3348 2523 3382 3823
3245 3 2 4 4 2947 2589 3447 3444
3246 3 2 4 4 2331 3448 2590 3445
3247 3 2 4 4 2261 3560 2653 3217
3248 3 2 4 4 4100 2415 3946 3260
3249 3 2 4 4 2555 3146 2314 3701
3250 3 2 4 4 3126 3701 2314 3667
3251 3 2 4 4 3223 2547 3577 3203
3252 3 2 4 4 3224 3204 3578 2548
3253 3 2 4 4 2255 2909 3879 3359
3254 3 2 4 4 3440 2483 3957 3111
3255 3 2 4 4 3441 3112 3958 2484
3256 3 2 4 4 3502 2525 3975 3513
3257 3 2 4 4 3503 3514 3304 2526
3258 3 2 4 4 2939 4084 2574 3743
3259 3 2 4 4 3137 2660 3621 3512
3260 3 2 4 4 2251 3293 3884 3048
3261 3 2 4 4 2253 3049 3885 3294
3262 3 2 4 4 3475 3192 3594 2583
3263 3 2 4 4 3013 3595 3193 2582
3264 3 2 4 4 2718 3680 2332 3853
3265 3 2 4 4 2363 3451 2619 3890
3266 3 2 4 4 3487 3916 3117 2239
3267 3 2 4 4 2833 3726 394 393
3268 3 2 4 4 2834 447 446 3727
3269 3 2 4 4 2727 3626 2567 3669
3270 3 2 4 4 2728 3670 2569 3627
3271 3 2 4 4 3584 2942 3809 3946
3272 3 2 4 4 483 484 3495 3910
3273 3 2 4 4 2800 3868 2543 3648
3274 3 2 4 4 2801 3649 2544 3346
3275 3 2 4 4 2826 3605 2398 3189
3276 3 2 4 4 3497 3131 3704 2592
3277 3 2 4 4 2870 3746 3672 2456
3278 3 2 4 4 2840 3159 2234 3687
3279 3 2 4 4 2904 2248 3986 3623
3280 3 2 4 4 2903 2247 3987 3622
3281 3 2 4 4 2490 3297 3501 2792
3282 3 2 4 4 2832 3690 2404 3164
3283 3 2 4 4 2343 2819 4008 3088
3284 3 2 4 4 2342 2818 4007 3089
3285 3 2 4 4 2700 3284 2297 4096
3286 3 2 4 4 2702 4098 2299 3285
3287 3 2 4 4 3245 2264 3811 3335
3288 3 2 4 4 2896 3729 2614 3143
3289 3 2 4 4 2895 3728 2613 3144
3290 3 2 4 4 2462 3166 2277 3688
3291 3 2 4 4 2439 3248 3954 4053
3292 3 2 4 4 2250 2815 3761 3321
3293 3 2 4 4 2419 4063 2251 3119
3294 3 2 4 4 2421 3120 2253 4064
3295 3 2 4 4 3059 410 409 3752
3296 3 2 4 4 2813 431 430 3753
3297 3 2 4 4 3231 2287 3570 3468
3298 3 2 4 4 442 441 3274 2676
3299 3 2 4 4 398 4019 3273 399
3300 3 2 4 4 3457 3106 4011 2400
3301 3 2 4 4 3458 3107 4012 2401
3302 3 2 4 4 2699 3293 2251 4063
3303 3 2 4 4 2701 4064 2253 3294
3304 3 2 4 4 2694 3415 2513 3463
3305 3 2 4 4 3956 2514 3464 3414
3306 3 2 4 4 3727 3136 4056 2622
3307 3 2 4 4 249 3334 3934 248
3308 3 2 4 4 80 81 3933 3333
3309 3 2 4 4 2994 3782 487 488
3310 3 2 4 4 3471 2509 3569 3290
3311 3 2 4 4 2289 2670 4105 3200
3312 3 2 4 4 2453 3276 2624 3537
3313 3 2 4 4 3585 2325 3128 4031
3314 3 2 4 4 2245 4014 3042 3902
3315 3 2 4 4 2670 2289 3660 3202
3316 3 2 4 4 2926 3480 3646 2280
3317 3 2 4 4 2565 3175 2353 3731
3318 3 2 4 4 3686 2288 3611 3237
3319 3 2 4 4 2925 2281 3647 3481
3320 3 2 4 4 2270 3601 3516 2989
3321 3 2 4 4 2272 2991 3517 3602
3322 3 2 4 4 2913 453 454 2733
3323 3 2 4 4 2672 3639 2345 3945
3324 3 2 4 4 2288 3686 2836 3232
3325 3 2 4 4 3672 3746 4092 2782
3326 3 2 4 4 2266 2817 3401 3419
3327 3 2 4 4 2348 2828 3244 3803
3328 3 2 4 4 2349 3802 3243 2829
3329 3 2 4 4 3402 2390 3848 3289
3330 3 2 4 4 2199 3289 3848 2795
3331 3 2 4 4 2457 3689 2780 3744
3332 3 2 4 4 3129 3484 4055 2225
3333 3 2 4 4 3190 73 74 3804
3334 3 2 4 4 3191 3805 255 256
3335 3 2 4 4 3333 3825 79 80
3336 3 2 4 4 3334 249 250 3826
3337 3 2 4 4 2258 2908 3878 3383
3338 3 2 4 4 2479 4078 2798 3768
3339 3 2 4 4 2480 3769 2799 4079
3340 3 2 4 4 3401 2486 3725 3419
3341 3 2 4 4 2207 3336 3830 2848
3342 3 2 4 4 2932 2774 4082 3386
3343 3 2 4 4 3300 3399 3572 2598
3344 3 2 4 4 3301 3400 3573 2599
3345 3 2 4 4 455 3542 2733 454
3346 3 2 4 4 505 3824 3543 504
3347 3 2 4 4 3830 2476 3686 3237
3348 3 2 4 4 2693 3526 2512 3283
3349 3 2 4 4 2261 3217 2461 3302
3350 3 2 4 4 3575 2565 3905 3280
3351 3 2 4 4 2497 3742 2777 3306
3352 3 2 4 4 105 3298 3999 104
3353 3 2 4 4 3003 4054 2325 3585
3354 3 2 4 4 2850 3153 2429 3834
3355 3 2 4 4 2851 3154 2428 3835
3356 3 2 4 4 3224 2218 3833 3204
3357 3 2 4 4 419 418 3733 3199
3358 3 2 4 4 2302 3137 2439 4053
3359 3 2 4 4 2411 3922 2629 3257
3360 3 2 4 4 3448 3308 3431 3814
3361 3 2 4 4 2244 4052 2974 3831
3362 3 2 4 4 2681 3813 2407 3430
3363 3 2 4 4 2741 2408 3814 3431
3364 3 2 4 4 2493 3533 2726 3314
3365 3 2 4 4 3408 3466 3724 2485
3366 3 2 4 4 479 480 3236 3694
3367 3 2 4 4 3452 2320 4000 3157
3368 3 2 4 4 2314 3146 4087 2742
3369 3 2 4 4 3460 2788 3152 3932
3370 3 2 4 4 3453 3158 4004 2322
3371 3 2 4 4 2637 3227 2243 3799
3372 3 2 4 4 3902 3228 3800 2245
3373 3 2 4 4 3266 3172 3947 2442
3374 3 2 4 4 3263 3171 3948 2443
3375 3 2 4 4 2379 3638 2760 3773
3376 3 2 4 4 2649 3707 2627 3656
3377 3 2 4 4 3273 2450 3964 3207
3378 3 2 4 4 3274 3209 3965 2452
3379 3 2 4 4 2981 475 476 2775
3380 3 2 4 4 472 3954 3248 471
3381 3 2 4 4 3826 2711 3757 3334
3382 3 2 4 4 3054 2306 3692 3577
3383 3 2 4 4 3204 3693 2308 3578
3384 3 2 4 4 3948 3171 3859 2606
3385 3 2 4 4 3947 3172 3860 2607
3386 3 2 4 4 3760 2608 3861 3173
3387 3 2 4 4 3761 2609 3862 3174
3388 3 2 4 4 3070 4058 481 482
3389 3 2 4 4 3460 490 491 2788
3390 3 2 4 4 2995 2307 3379 3710
3391 3 2 4 4 2996 3709 3378 2309
3392 3 2 4 4 3655 3710 3379 2755
3393 3 2 4 4 3654 2754 3378 3709
3394 3 2 4 4 4052 2244 3797 3233
3395 3 2 4 4 2197 3722 2653 3918
3396 3 2 4 4 3295 3828 3643 3296
3397 3 2 4 4 93 2756 3645 3366
3398 3 2 4 4 241 2757 3644 3367
3399 3 2 4 4 2888 4091 2227 4046
3400 3 2 4 4 478 3374 3903 2803
3401 3 2 4 4 3149 3214 3908 2556
3402 3 2 4 4 3148 2557 3909 3213
3403 3 2 4 4 2242 3896 3034 4075
3404 3 2 4 4 2334 2743 3324 3657
3405 3 2 4 4 2336 2745 3325 3658
3406 3 2 4 4 3193 103 104 3999
3407 3 2 4 4 3192 3998 225 226
3408 3 2 4 4 3159 2411 3155 4051
3409 3 2 4 4 2496 3286 2780 3689
3410 3 2 4 4 2827 2430 4102 3196
3411 3 2 4 4 3793 3197 4103 2431
3412 3 2 4 4 3059 3752 3160 2409
3413 3 2 4 4 2859 3161 4033 2410
3414 3 2 4 4 3837 3160 3752 2618
3415 3 2 4 4 3836 2617 4033 3161
3416 3 2 4 4 2268 3339 2631 3794
3417 3 2 4 4 2269 3795 2632 3340
3418 3 2 4 4 2463 3741 2777 3742
3419 3 2 4 4 3565 2479 3768 3223
3420 3 2 4 4 3566 3224 3769 2480
3421 3 2 4 4 2210 3279 3672 2782
3422 3 2 4 4 2330 3307 2543 3617
3423 3 2 4 4 2929 3505 2508 3506
3424 3 2 4 4 2932 3296 3643 2213
3425 3 2 4 4 2681 3628 2543 3307
3426 3 2 4 4 3618 2544 3629 3308
3427 3 2 4 4 3591 2205 3817 3239
3428 3 2 4 4 2395 3413 2659 3677
3429 3 2 4 4 2625 3473 2193 3652
3430 3 2 4 4 2626 3474 2192 3653
3431 3 2 4 4 2486 2691 3999 3298
3432 3 2 4 4 225 3998 2690 3299
3433 3 2 4 4 2911 3428 2338 3559
3434 3 2 4 4 2997 3384 2530 4016
3435 3 2 4 4 2998 4017 2531 3385
3436 3 2 4 4 4075 3260 3829 2242
3437 3 2 4 4 4041 3937 3394 2872
3438 3 2 4 4 4040 3936 3395 2871
3439 3 2 4 4 2216 3203 2566 3832
3440 3 2 4 4 3693 3204 3833 2568
3441 3 2 4 4 3680 4099 3504 2332
3442 3 2 4 4 2796 3471 3290 2262
3443 3 2 4 4 2841 3534 2511 3446
3444 3 2 4 4 3016 3196 4102 2554
3445 3 2 4 4 3017 2553 4103 3197
3446 3 2 4 4 2639 3241 2293 4025
3447 3 2 4 4 2195 3250 3915 3000
3448 3 2 4 4 2873 3612 3393 2394
3449 3 2 4 4 487 3781 3238 486
3450 3 2 4 4 3467 2622 4056 3185
3451 3 2 4 4 3965 3209 3844 2634
3452 3 2 4 4 3885 3450 3845 3208
3453 3 2 4 4 3964 3449 3846 3207
3454 3 2 4 4 3884 3206 3847 2633
3455 3 2 4 4 2506 3426 2851 3552
3456 3 2 4 4 3452 3157 4010 2683
3457 3 2 4 4 3421 2666 3931 3220
3458 3 2 4 4 3420 2665 3930 3221
3459 3 2 4 4 3285 2299 3823 3382
3460 3 2 4 4 3453 2682 4015 3158
3461 3 2 4 4 3988 3943 3292 2837
3462 3 2 4 4 3119 2251 4078 3177
3463 3 2 4 4 3120 3178 4079 2253
3464 3 2 4 4 3541 2669 4077 2204
3465 3 2 4 4 3867 3074 3837 3229
3466 3 2 4 4 3161 2291 3230 3836
3467 3 2 4 4 3398 3664 3323 2746
3468 3 2 4 4 3397 3665 3322 2744
3469 3 2 4 4 2506 3275 2694 3751
3470 3 2 4 4 229 230 3263 2714
3471 3 2 4 4 100 3935 3264 99
3472 3 2 4 4 81 82 3266 3933
3473 3 2 4 4 248 3934 3265 247
3474 3 2 4 4 2811 3620 2534 3938
3475 3 2 4 4 2710 3333 2715 3756
3476 3 2 4 4 3934 3334 3757 2717
3477 3 2 4 4 2233 3875 2859 3659
3478 3 2 4 4 3557 3168 4070 2472
3479 3 2 4 4 3556 3170 4071 2474
3480 3 2 4 4 2274 3972 2842 3718
3481 3 2 4 4 2275 3719 2843 3973
3482 3 2 4 4 3784 3182 4093 2645
3483 3 2 4 4 3785 2646 4094 3183
3484 3 2 4 4 2806 3267 2296 3784
3485 3 2 4 4 3183 2298 3268 3785
3486 3 2 4 4 3800 3228 4036 2638
3487 3 2 4 4 2637 4035 2425 3227
3488 3 2 4 4 2713 2426 4036 3228
3489 3 2 4 4 3004 3254 4007 2235
3490 3 2 4 4 3005 3255 4008 2236
3491 3 2 4 4 2920 3590 2519 3455
3492 3 2 4 4 3797 2644 4047 3233
3493 3 2 4 4 3779 3365 3961 2595
3494 3 2 4 4 3780 3364 3960 2596
3495 3 2 4 4 3645 2596 3962 3366
3496 3 2 4 4 3644 2595 3963 3367
3497 3 2 4 4 2768 3233 4047 2427
3498 3 2 4 4 3510 3855 3568 2571
3499 3 2 4 4 3611 2542 3830 3237
3500 3 2 4 4 494 3198 4081 493
3501 3 2 4 4 2637 3892 2957 4035
3502 3 2 4 4 2638 4036 2958 3893
3503 3 2 4 4 2222 3864 2915 3941
3504 3 2 4 4 2223 3863 2916 3942
3505 3 2 4 4 2399 4009 2841 3186
3506 3 2 4 4 2921 3606 2520 3456
3507 3 2 4 4 3882 2571 3713 3931
3508 3 2 4 4 3195 2666 3421 2236
3509 3 2 4 4 3194 2665 3420 2235
3510 3 2 4 4 423 422 3682 3355
3511 3 2 4 4 3138 3993 3789 2342
3512 3 2 4 4 3139 3992 3790 2343
3513 3 2 4 4 3057 2739 3733 3949
3514 3 2 4 4 2644 3899 2960 4047
3515 3 2 4 4 412 3319 3720 413
3516 3 2 4 4 3905 2565 3731 3351
3517 3 2 4 4 2311 3815 2759 3779
3518 3 2 4 4 2310 3816 2758 3780
3519 3 2 4 4 2472 3936 2687 3388
3520 3 2 4 4 2474 3937 2686 3389
3521 3 2 4 4 3716 2640 3927 3616
3522 3 2 4 4 3715 3615 3925 2642
3523 3 2 4 4 2648 3772 2256 3439
3524 3 2 4 4 2814 3760 2444 3320
3525 3 2 4 4 3174 2445 3321 3761
3526 3 2 4 4 2647 3771 2257 3443
3527 3 2 4 4 3765 3673 3674 2572
3528 3 2 4 4 2267 2769 3674 3673
3529 3 2 4 4 2682 3453 2582 3841
3530 3 2 4 4 2683 3842 2583 3452
3531 3 2 4 4 3665 2607 3860 3322
3532 3 2 4 4 3657 3324 3861 2608
3533 3 2 4 4 3664 2606 3859 3323
3534 3 2 4 4 3658 3325 3862 2609
3535 3 2 4 4 4082 2292 3341 3723
3536 3 2 4 4 2829 3243 3883 2500
3537 3 2 4 4 4099 2802 4020 3504
3538 3 2 4 4 3124 2631 3391 4038
3539 3 2 4 4 3125 4039 3392 2632
3540 3 2 4 4 2999 3914 2740 3249
3541 3 2 4 4 2408 2741 3915 3250
3542 3 2 4 4 2649 3372 2304 3707
3543 3 2 4 4 2878 2528 3516 3601
3544 3 2 4 4 2879 3602 3517 2529
3545 3 2 4 4 2246 3272 3887 2849
3546 3 2 4 4 3158 4015 2221 3539
3547 3 2 4 4 2536 3579 2970 3580
3548 3 2 4 4 3932 2588 3911 3460
3549 3 2 4 4 3829 3260 3946 2610
3550 3 2 4 4 2430 2827 3335 3811
3551 3 2 4 4 2482 3269 2352 3887
3552 3 2 4 4 2424 3621 2660 3989
3553 3 2 4 4 2432 2887 4003 3242
3554 3 2 4 4 3731 2667 3981 3351
3555 3 2 4 4 3193 3476 3841 2582
3556 3 2 4 4 3489 2546 3910 3495
3557 3 2 4 4 461 3023 3870 2633
3558 3 2 4 4 402 3449 3871 3024
3559 3 2 4 4 497 3450 3872 3025
3560 3 2 4 4 438 3026 3873 2634
3561 3 2 4 4 2651 3399 2294 3712
3562 3 2 4 4 2652 3400 2295 3713
3563 3 2 4 4 3181 2313 3869 3343
3564 3 2 4 4 2718 3854 2561 3680
3565 3 2 4 4 3947 2607 3665 3587
3566 3 2 4 4 4108 3253 4037 2198
3567 3 2 4 4 2970 3579 4065 2362
3568 3 2 4 4 2667 3731 2353 4024
3569 3 2 4 4 2468 3852 2772 3714
3570 3 2 4 4 2964 3964 2450 3261
3571 3 2 4 4 2965 3262 2452 3965
3572 3 2 4 4 2683 4010 2220 3717
3573 3 2 4 4 2454 3473 2625 3919
3574 3 2 4 4 2455 3474 2626 3920
3575 3 2 4 4 2210 2782 4092 3247
3576 3 2 4 4 3180 2312 3877 3342
3577 3 2 4 4 3333 3933 3266 2715
3578 3 2 4 4 3013 2716 3264 3935
3579 3 2 4 4 3625 3265 3934 2717
3580 3 2 4 4 88 3364 3780 2758
3581 3 2 4 4 236 3365 3779 2759
3582 3 2 4 4 3206 3884 3293 2449
3583 3 2 4 4 3208 2451 3294 3885
3584 3 2 4 4 2538 3545 2749 3695
3585 3 2 4 4 2539 3696 2748 3544
3586 3 2 4 4 2541 3698 2751 3547
3587 3 2 4 4 2540 3546 2750 3697
3588 3 2 4 4 2959 3488 2241 3685
3589 3 2 4 4 3961 3531 3963 2595
3590 3 2 4 4 3960 3532 3962 2596
3591 3 2 4 4 2513 3986 2248 3277
3592 3 2 4 4 2514 3987 2247 3278
3593 3 2 4 4 2215 3952 2658 3370
3594 3 2 4 4 2281 3244 2501 4080
3595 3 2 4 4 2212 3762 2585 3433
3596 3 2 4 4 3211 2675 3273 4019
3597 3 2 4 4 2506 3751 2329 3426
3598 3 2 4 4 2415 4100 2971 3940
3599 3 2 4 4 2989 3375 3809 2496
3600 3 2 4 4 3946 3809 3375 2610
3601 3 2 4 4 2928 2206 3991 3350
3602 3 2 4 4 2549 3361 2300 3820
3603 3 2 4 4 2550 3821 2301 3362
3604 3 2 4 4 2389 3735 2845 4101
3605 3 2 4 4 2558 3810 415 3373
3606 3 2 4 4 3710 3655 3926 2641
3607 3 2 4 4 3709 2643 3924 3654
3608 3 2 4 4 2997 2268 3794 3384
3609 3 2 4 4 2998 3385 3795 2269
3610 3 2 4 4 2979 3490 2240 3737
3611 3 2 4 4 2629 4088 2196 3257
3612 3 2 4 4 2525 3303 2386 3975
3613 3 2 4 4 3886 3337 4068 2787
3614 3 2 4 4 419 4068 3337 420
3615 3 2 4 4 2389 4101 2794 3592
3616 3 2 4 4 2205 2857 3377 3817
3617 3 2 4 4 2683 3717 2584 3842
3618 3 2 4 4 2224 3011 4085 3436
3619 3 2 4 4 3101 2623 3921 3376
3620 3 2 4 4 2284 3681 2588 3932
3621 3 2 4 4 2691 2319 3841 3476
3622 3 2 4 4 2583 3842 2318 3475
3623 3 2 4 4 2263 4018 2688 3354
3624 3 2 4 4 2290 3904 2674 3328
3625 3 2 4 4 2919 3493 2586 3734
3626 3 2 4 4 2894 3702 2577 3529
3627 3 2 4 4 2545 3281 2325 4054
3628 3 2 4 4 3830 3336 4003 2476
3629 3 2 4 4 3166 3310 4060 2277
3630 3 2 4 4 2695 3282 4057 2470
3631 3 2 4 4 2459 3787 2946 3434
3632 3 2 4 4 2460 3786 2945 3435
3633 3 2 4 4 3946 2415 3940 3584
3634 3 2 4 4 3101 2454 3359 3879
3635 3 2 4 4 3770 3828 3633 2832
3636 3 2 4 4 3295 2286 3633 3828
3637 3 2 4 4 2606 3664 2335 3586
3638 3 2 4 4 3397 2333 3587 3665
3639 3 2 4 4 497 498 3845 3450
3640 3 2 4 4 438 2634 3844 439
3641 3 2 4 4 461 2633 3847 460
3642 3 2 4 4 402 401 3846 3449
3643 3 2 4 4 3632 3622 3987 2793
3644 3 2 4 4 2830 3703 2347 3950
3645 3 2 4 4 3113 2455 3383 3878
3646 3 2 4 4 2933 2578 3350 3991
3647 3 2 4 4 2865 3376 3921 2228
3648 3 2 4 4 2990 2497 3892 3410
3649 3 2 4 4 2992 3411 3893 2499
3650 3 2 4 4 2610 3375 2368 3891
3651 3 2 4 4 2595 3644 2311 3779
3652 3 2 4 4 2596 3645 2310 3780
3653 3 2 4 4 2498 3899 2644 3412
3654 3 2 4 4 2370 3412 2644 3900
3655 3 2 4 4 2990 3410 3897 2369
3656 3 2 4 4 2992 2371 3898 3411
3657 3 2 4 4 3892 2637 3897 3410
3658 3 2 4 4 3893 3411 3898 2638
3659 3 2 4 4 3694 2698 3903 3374
3660 3 2 4 4 3292 3943 3707 2304
3661 3 2 4 4 3210 2616 4060 3310
3662 3 2 4 4 2213 3643 2956 4059
3663 3 2 4 4 3537 3403 3904 2290
3664 3 2 4 4 88 89 3960 3364
3665 3 2 4 4 236 237 3961 3365
3666 3 2 4 4 93 3366 3962 92
3667 3 2 4 4 241 3367 3963 240
3668 3 2 4 4 2297 3381 2677 3469
3669 3 2 4 4 2299 3470 2678 3823
3670 3 2 4 4 2332 3504 2650 3853
3671 3 2 4 4 2542 3611 2661 4091
3672 3 2 4 4 4070 3395 3936 2472
3673 3 2 4 4 4071 3394 3937 2474
3674 3 2 4 4 3904 3403 3894 2502
3675 3 2 4 4 3537 2624 3894 3403
3676 3 2 4 4 2831 3827 2293 3482
3677 3 2 4 4 3242 2207 3568 3855
3678 3 2 4 4 2809 3699 2581 3647
3679 3 2 4 4 2810 3646 2580 3700
3680 3 2 4 4 2849 3887 2352 4028
3681 3 2 4 4 2639 3396 2214 3939
3682 3 2 4 4 2652 2848 3668 3901
3683 3 2 4 4 2704 3496 2591 3789
3684 3 2 4 4 2705 3497 2592 3790
3685 3 2 4 4 3708 2259 3806 3959
3686 3 2 4 4 3668 2888 4046 3953
3687 3 2 4 4 2543 3868 2752 3617
3688 3 2 4 4 2544 3618 2753 3346
3689 3 2 4 4 2575 3457 3888 2891
3690 3 2 4 4 2576 3458 3889 2892
3691 3 2 4 4 2654 3092 3684 2503
3692 3 2 4 4 3663 3491 4082 2774
3693 3 2 4 4 3372 2524 3524 3976
3694 3 2 4 4 3819 3976 3524 2703
3695 3 2 4 4 2600 3124 4038 3812
3696 3 2 4 4 3053 2504 4005 3413
3697 3 2 4 4 3083 2659 3413 4005
3698 3 2 4 4 3038 2663 3953 4046
3699 3 2 4 4 3242 3855 3510 2726
3700 3 2 4 4 3612 2654 2503 3393
3701 3 2 4 4 4069 2627 3988 3461
3702 3 2 4 4 3953 2341 3901 3668
3703 3 2 4 4 3311 2612 4009 2283
3704 3 2 4 4 2585 3762 2736 3642
3705 3 2 4 4 2773 3788 2389 3592
3706 3 2 4 4 490 3460 3911 489
3707 3 2 4 4 3821 3392 4039 2301
3708 3 2 4 4 2514 3956 2826 3409
3709 3 2 4 4 2571 3882 2317 3510
3710 3 2 4 4 3195 3882 3931 2666
3711 3 2 4 4 2534 3918 2339 3938
3712 3 2 4 4 2707 3599 2551 3968
3713 3 2 4 4 2708 3969 2552 3600
3714 3 2 4 4 2672 3771 2647 3639
3715 3 2 4 4 2671 3772 2648 3944
3716 3 2 4 4 2357 3386 2574 4084
3717 3 2 4 4 2346 3666 2854 3955
3718 3 2 4 4 3400 2652 3901 3573
3719 3 2 4 4 3194 3564 3930 2665
3720 3 2 4 4 3219 2365 4110 2656
3721 3 2 4 4 3218 2364 4109 2655
3722 3 2 4 4 4037 3461 3988 2198
3723 3 2 4 4 2475 3358 2664 4074
3724 3 2 4 4 2224 3436 2564 4032
3725 3 2 4 4 3399 2651 3923 3572
3726 3 2 4 4 2718 3853 2795 3848
3727 3 2 4 4 3712 3930 3564 2570
3728 3 2 4 4 240 3963 3531 239
3729 3 2 4 4 89 90 3532 3960
3730 3 2 4 4 92 3962 3532 91
3731 3 2 4 4 237 238 3531 3961
3732 3 2 4 4 2875 3573 3901 2341
3733 3 2 4 4 3079 3959 3500 2673
3734 3 2 4 4 3021 3832 2566 3747
3735 3 2 4 4 3022 3748 2568 3833
3736 3 2 4 4 2664 3895 2344 3553
3737 3 2 4 4 3368 2340 3572 3923
3738 3 2 4 4 3553 4055 3484 2559
3739 3 2 4 4 4037 2680 4069 3461
3740 3 2 4 4 2386 3001 3513 3975
3741 3 2 4 4 2387 3304 3514 3002
3742 3 2 4 4 2729 3957 2483 3574
3743 3 2 4 4 2668 3895 2664 3591
3744 3 2 4 4 2910 3843 2588 3681
3745 3 2 4 4 2516 2730 3576 3958
3746 3 2 4 4 2973 2484 3958 3576
3747 3 2 4 4 3936 4040 3597 2687
3748 3 2 4 4 3937 4041 3598 2686
3749 3 2 4 4 3465 3351 3981 3982
3750 3 2 4 4 2566 3692 2770 4106
3751 3 2 4 4 2568 4107 2771 3693
3752 3 2 4 4 2260 3990 2697 3636
3753 3 2 4 4 3767 3511 4088 2629
3754 3 2 4 4 2671 3944 2668 3589
3755 3 2 4 4 2672 3945 2669 3588
3756 3 2 4 4 2680 4024 2353 4069
3757 3 2 4 4 3530 2667 4024 3540
3758 3 2 4 4 2735 3597 4040 2222
3759 3 2 4 4 3863 2223 3598 4041
3760 3 2 4 4 2668 3944 2344 3895
3761 3 2 4 4 2706 3955 2854 4086
3762 3 2 4 4 3052 3791 2593 3857
3763 3 2 4 4 3053 3858 2594 3792
3764 3 2 4 4 3530 3540 4104 2305
3765 3 2 4 4 4024 2680 4104 3540
3766 3 2 4 4 2610 3891 2949 3829
3767 3 2 4 4 3715 2724 4067 3615
3768 3 2 4 4 3716 3616 4066 2725
3769 3 2 4 4 494 495 3615 4067
3770 3 2 4 4 464 4066 3616 463
3771 3 2 4 4 3468 3570 4044 2621
3772 3 2 4 4 3988 2627 3707 3943
3773 3 2 4 4 3981 2838 3983 3982
3774 3 2 4 4 3465 3982 3983 2674
3775 3 2 4 4 2860 3890 2619 3806
3776 3 2 4 4 2950 3897 2637 3799
3777 3 2 4 4 2952 3800 2638 3898
3778 3 2 4 4 2951 3900 2644 3797
3779 3 2 4 4 2697 4076 2689 3636
3780 3 2 4 4 2623 3917 2972 3921
3781 3 2 4 4 3083 4005 2504 3758
3782 3 2 4 4 3386 4082 3723 2574
3783 3 2 4 4 3391 2300 3812 4038
3784 3 2 4 4 2902 3822 2650 4048
3785 3 2 4 4 2197 3072 4105 4027
3786 3 2 4 4 2784 4029 2766 3984
3787 3 2 4 4 2785 4030 2767 3985
3788 3 2 4 4 3122 3966 2655 4109
3789 3 2 4 4 3123 3967 2656 4110
3790 3 2 4 4 3766 4027 4105 2670
3791 3 2 4 4 2783 4034 2350 4111
3792 3 2 5 5 4302 4708 4152 4285
3793 3 2 5 5 4304 4286 4153 4709
3794 3 2 5 5 4303 4287 4154 4710
3795 3 2 5 5 4726 4485 4226 4358
3796 3 2 5 5 4450 4264 4441 4142
3797 3 2 5 5 4337 4116 4498 4600
3798 3 2 5 5 4135 4486 4227 4325
3799 3 2 5 5 4719 4291 4359 4171
3800 3 2 5 5 546 547 4491 4323
3801 3 2 5 5 4209 4434 4112 4335
3802 3 2 5 5 4403 4494 535 536
3803 3 2 5 5 4195 4468 4154 4287
3804 3 2 5 5 4265 4431 4173 4504
3805 3 2 5 5 4112 4393 4231 4422
3806 3 2 5 5 4245 4718 4135 4325
3807 3 2 5 5 4356 4431 514 515
3808 3 2 5 5 4589 4189 4453 4271
3809 3 2 5 5 4661 4181 4446 4296
3810 3 2 5 5 4596 4675 4159 4338
3811 3 2 5 5 4195 4287 4640 4474
3812 3 2 5 5 4597 4272 4451 4190
3813 3 2 5 5 4187 4310 4139 4428
3814 3 2 5 5 4186 4311 4138 4427
3815 3 2 5 5 4295 4668 4160 4712
3816 3 2 5 5 4244 4628 4157 4314
3817 3 2 5 5 4668 4295 4657 4261
3818 3 2 5 5 492 491 4408 4487
3819 3 2 5 5 4218 4544 4275 4548
3820 3 2 5 5 4162 4364 4276 4666
3821 3 2 5 5 511 4515 4401 510
3822 3 2 5 5 4222 4409 4130 4471
3823 3 2 5 5 4420 4120 4551 4278
3824 3 2 5 5 4129 4374 4594 4457
3825 3 2 5 5 500 499 4529 4346
3826 3 2 5 5 4145 4736 4263 4493
3827 3 2 5 5 463 462 4660 4336
3828 3 2 5 5 4465 4174 4357 4421
3829 3 2 5 5 4497 4301 4414 4124
3830 3 2 5 5 4580 4281 4518 4200
3831 3 2 5 5 4581 4280 4517 4199
3832 3 2 5 5 4292 4172 4398 4689
3833 3 2 5 5 4382 4283 4551 4120
3834 3 2 5 5 4381 4284 4550 4118
3835 3 2 5 5 4393 4554 4599 4231
3836 3 2 5 5 4426 4309 4387 4137
3837 3 2 5 5 4402 4507 525 526
3838 3 2 5 5 4404 541 542 4508
3839 3 2 5 5 4405 531 532 4509
3840 3 2 5 5 4426 4276 4549 4185
3841 3 2 5 5 4427 4278 4551 4186
3842 3 2 5 5 4118 4550 4187 4277
3843 3 2 5 5 4413 4116 4337 4465
3844 3 2 5 5 4367 4122 4490 4295
3845 3 2 5 5 4245 4325 4163 4659
3846 3 2 5 5 4434 4209 4532 4293
3847 3 2 5 5 4635 4294 4446 4181
3848 3 2 5 5 4394 4185 4549 4282
3849 3 2 5 5 4407 4186 4551 4283
3850 3 2 5 5 4395 4187 4550 4284
3851 3 2 5 5 4607 121 122 4447
3852 3 2 5 5 4274 4207 4323 4491
3853 3 2 5 5 4426 4185 4437 4309
3854 3 2 5 5 4652 4182 4454 4297
3855 3 2 5 5 4314 4790 4132 4603
3856 3 2 5 5 4177 4432 4768 4346
3857 3 2 5 5 4289 4125 4378 4794
3858 3 2 5 5 4496 4228 4748 4332
3859 3 2 5 5 4524 4326 4730 4165
3860 3 2 5 5 4525 4166 4731 4327
3861 3 2 5 5 4143 4449 4490 4266
3862 3 2 5 5 4356 515 516 4623
3863 3 2 5 5 4129 4634 4473 4320
3864 3 2 5 5 4264 4480 4178 4441
3865 3 2 5 5 4175 4792 4321 4503
3866 3 2 5 5 4305 4613 461 460
3867 3 2 5 5 4516 4289 4479 4184
3868 3 2 5 5 4654 4301 4633 4167
3869 3 2 5 5 4151 4756 4279 4512
3870 3 2 5 5 4203 4298 4369 4582
3871 3 2 5 5 4182 4686 4552 4262
3872 3 2 5 5 4588 4184 4479 4307
3873 3 2 5 5 4457 4210 4705 4353
3874 3 2 5 5 4530 4288 4497 4124
3875 3 2 5 5 4163 4325 4375 4771
3876 3 2 5 5 4333 4209 4335 4425
3877 3 2 5 5 4655 4423 4178 4653
3878 3 2 5 5 4663 4305 4505 4217
3879 3 2 5 5 519 4410 4674 518
3880 3 2 5 5 4413 4465 4421 4219
3881 3 2 5 5 4737 4415 4443 4625
3882 3 2 5 5 517 4492 4623 516
3883 3 2 5 5 4448 4316 4504 4173
3884 3 2 5 5 4537 4114 4729 4331
3885 3 2 5 5 4453 4113 4728 4330
3886 3 2 5 5 4696 4161 4519 4306
3887 3 2 5 5 4139 4342 4604 4428
3888 3 2 5 5 4138 4343 4605 4427
3889 3 2 5 5 4239 4320 4167 4633
3890 3 2 5 5 4696 4306 4622 4598
3891 3 2 5 5 4219 4421 4656 4519
3892 3 2 5 5 4169 4561 4243 4557
3893 3 2 5 5 7 4233 4447 122
3894 3 2 5 5 4343 4328 4679 4164
3895 3 2 5 5 4387 4309 4688 4170
3896 3 2 5 5 4359 4310 4687 4171
3897 3 2 5 5 4360 4311 4676 4172
3898 3 2 5 5 4242 4338 4159 4643
3899 3 2 5 5 4557 4312 4690 4169
3900 3 2 5 5 4112 4422 4559 4335
3901 3 2 5 5 4213 4299 4723 4541
3902 3 2 5 5 4651 4300 4707 4133
3903 3 2 5 5 556 557 4528 4430
3904 3 2 5 5 111 112 4641 4388
3905 3 2 5 5 4382 4225 4695 4315
3906 3 2 5 5 4425 4145 4493 4333
3907 3 2 5 5 4342 4329 4659 4163
3908 3 2 5 5 4261 4657 4180 4424
3909 3 2 5 5 4782 4211 4681 4318
3910 3 2 5 5 4783 4212 4680 4319
3911 3 2 5 5 4381 4224 4790 4314
3912 3 2 5 5 218 4383 4638 217
3913 3 2 5 5 4481 4322 4611 4158
3914 3 2 5 5 4440 4317 4645 4206
3915 3 2 5 5 4658 466 4588 4307
3916 3 2 5 5 4416 4193 4458 4483
3917 3 2 5 5 4403 4459 4484 4194
3918 3 2 5 5 4419 4485 4460 4196
3919 3 2 5 5 4418 4486 4461 4197
3920 3 2 5 5 4290 4480 4587 4121
3921 3 2 5 5 4260 4576 4142 4441
3922 3 2 5 5 4396 4195 4474 4323
3923 3 2 5 5 4321 4174 4637 4502
3924 3 2 5 5 4317 4440 4250 4618
3925 3 2 5 5 4215 4353 4705 4538
3926 3 2 5 5 4250 4440 4141 4614
3927 3 2 5 5 4586 4386 4714 4247
3928 3 2 5 5 4481 4214 4665 4322
3929 3 2 5 5 4451 4328 4672 4114
3930 3 2 5 5 4536 4329 4671 4113
3931 3 2 5 5 528 529 4475 4344
3932 3 2 5 5 539 4345 4477 538
3933 3 2 5 5 4442 4217 4649 4324
3934 3 2 5 5 4300 4379 4228 4707
3935 3 2 5 5 4493 4192 4648 4333
3936 3 2 5 5 451 4388 4646 452
3937 3 2 5 5 4523 4161 4696 4336
3938 3 2 5 5 4300 4151 4512 4379
3939 3 2 5 5 4126 4437 4185 4394
3940 3 2 5 5 4128 4438 4187 4395
3941 3 2 5 5 4174 4321 4792 4357
3942 3 2 5 5 507 506 4642 4383
3943 3 2 5 5 4411 4225 4711 4468
3944 3 2 5 5 4394 4318 4681 4126
3945 3 2 5 5 4127 4436 4186 4407
3946 3 2 5 5 4361 4538 4150 4526
3947 3 2 5 5 4522 4334 4578 4213
3948 3 2 5 5 4522 4140 4716 4334
3949 3 2 5 5 4467 4188 4654 4348
3950 3 2 5 5 4782 4330 4728 4211
3951 3 2 5 5 4783 4331 4729 4212
3952 3 2 5 5 4793 4324 4649 4179
3953 3 2 5 5 4407 4322 4665 4127
3954 3 2 5 5 4177 4317 4587 4786
3955 3 2 5 5 4329 4536 4245 4659
3956 3 2 5 5 4141 4543 4243 4614
3957 3 2 5 5 4463 4155 4578 4334
3958 3 2 5 5 4679 4358 4774 4164
3959 3 2 5 5 4731 4190 4715 4327
3960 3 2 5 5 4564 209 4596 4338
3961 3 2 5 5 462 461 4613 4660
3962 3 2 5 5 4524 4135 4718 4326
3963 3 2 5 5 4730 4326 4718 4189
3964 3 2 5 5 4182 4262 4579 4454
3965 3 2 5 5 4481 4158 4750 4332
3966 3 2 5 5 4493 4263 4674 4410
3967 3 2 5 5 4343 4220 4672 4328
3968 3 2 5 5 4342 4221 4671 4329
3969 3 2 5 5 4528 207 208 4452
3970 3 2 5 5 4617 4332 4748 4115
3971 3 2 5 5 4125 4357 4792 4378
3972 3 2 5 5 4122 4593 4266 4490
3973 3 2 5 5 4191 4466 4744 4469
3974 3 2 5 5 4310 4359 4678 4139
3975 3 2 5 5 4311 4360 4677 4138
3976 3 2 5 5 4730 4189 4589 4354
3977 3 2 5 5 4731 4355 4597 4190
3978 3 2 5 5 4425 4335 4559 4230
3979 3 2 5 5 4123 4448 4275 4699
3980 3 2 5 5 4464 4408 491 490
3981 3 2 5 5 4247 4413 4273 4697
3982 3 2 5 5 4641 4248 4646 4388
3983 3 2 5 5 4256 4602 4144 4442
3984 3 2 5 5 4600 4232 4637 4337
3985 3 2 5 5 4638 4383 4642 4246
3986 3 2 5 5 4584 4165 4730 4354
3987 3 2 5 5 4585 4355 4731 4166
3988 3 2 5 5 4620 4176 4781 4352
3989 3 2 5 5 4152 4737 4625 4285
3990 3 2 5 5 4523 4336 4660 4241
3991 3 2 5 5 4123 4779 4316 4448
3992 3 2 5 5 4130 4412 4746 4471
3993 3 2 5 5 4639 4351 4767 4271
3994 3 2 5 5 4400 4739 4253 4682
3995 3 2 5 5 4500 4363 4703 4201
3996 3 2 5 5 4501 4362 4704 4202
3997 3 2 5 5 4323 4474 545 546
3998 3 2 5 5 4431 4356 4548 4173
3999 3 2 5 5 4523 4241 4595 4725
4000 3 2 5 5 4317 4177 4346 4645
4001 3 2 5 5 4465 4337 4637 4174
4002 3 2 5 5 4281 4626 4148 4518
4003 3 2 5 5 4280 4627 4149 4517
4004 3 2 5 5 4463 4334 4716 4240
4005 3 2 5 5 4437 4126 4495 4391
4006 3 2 5 5 4372 4252 4390 4128
4007 3 2 5 5 4208 4463 4240 4499
4008 3 2 5 5 4324 4593 4256 4442
4009 3 2 5 5 4646 4248 4727 4392
4010 3 2 5 5 4320 4616 4374 4129
4011 3 2 5 5 4161 4523 4273 4700
4012 3 2 5 5 4679 4272 4726 4358
4013 3 2 5 5 4529 4206 4645 4346
4014 3 2 5 5 4300 4651 4207 4539
4015 3 2 5 5 4370 4529 499 498
4016 3 2 5 5 4629 4349 4566 4221
4017 3 2 5 5 4630 4350 4565 4220
4018 3 2 5 5 4260 4555 4296 4576
4019 3 2 5 5 4232 4601 4316 4779
4020 3 2 5 5 4302 4193 4416 4708
4021 3 2 5 5 4303 4710 4419 4196
4022 3 2 5 5 4304 4709 4418 4197
4023 3 2 5 5 492 4462 4472 493
4024 3 2 5 5 4493 4410 4510 4192
4025 3 2 5 5 4615 4160 4668 4347
4026 3 2 5 5 4286 4738 4417 4153
4027 3 2 5 5 4358 4226 4632 4420
4028 3 2 5 5 4331 4628 4244 4537
4029 3 2 5 5 4409 4222 4606 4364
4030 3 2 5 5 523 4572 4285 4625
4031 3 2 5 5 4133 4496 4315 4695
4032 3 2 5 5 4267 4619 4183 4433
4033 3 2 5 5 4678 4349 4629 4139
4034 3 2 5 5 4677 4350 4630 4138
4035 3 2 5 5 4219 4700 4273 4413
4036 3 2 5 5 4436 4127 4506 4389
4037 3 2 5 5 4396 4411 4468 4195
4038 3 2 5 5 4270 4643 4159 4540
4039 3 2 5 5 4426 4137 4582 4369
4040 3 2 5 5 4410 519 520 4510
4041 3 2 5 5 4268 4386 4168 4732
4042 3 2 5 5 4495 4373 4500 4201
4043 3 2 5 5 4534 4501 4202 4372
4044 3 2 5 5 4288 4530 4191 4673
4045 3 2 5 5 4547 4206 4529 4370
4046 3 2 5 5 4615 4347 4607 4234
4047 3 2 5 5 4328 4451 4272 4679
4048 3 2 5 5 4457 4353 4634 4129
4049 3 2 5 5 4269 494 493 4472
4050 3 2 5 5 4763 4223 4745 4339
4051 3 2 5 5 4548 4356 4623 4218
4052 3 2 5 5 4455 465 464 4772
4053 3 2 5 5 4639 4156 4670 4351
4054 3 2 5 5 4291 478 477 4488
4055 3 2 5 5 4762 4339 4606 4222
4056 3 2 5 5 4526 4214 4617 4361
4057 3 2 5 5 4764 4341 4624 4227
4058 3 2 5 5 4642 4385 4721 4246
4059 3 2 5 5 4298 4203 4393 4720
4060 3 2 5 5 4705 4210 4462 4520
4061 3 2 5 5 4397 4638 4246 4721
4062 3 2 5 5 4172 4292 4776 4360
4063 3 2 5 5 4229 4452 4242 4553
4064 3 2 5 5 4503 4559 4422 4175
4065 3 2 5 5 492 4487 4520 4462
4066 3 2 5 5 4527 4215 4538 4361
4067 3 2 5 5 4292 4689 487 486
4068 3 2 5 5 4269 4472 4462 4210
4069 3 2 5 5 4467 4379 4512 4188
4070 3 2 5 5 4570 4345 4568 4166
4071 3 2 5 5 4569 4344 4567 4165
4072 3 2 5 5 4221 4342 4139 4629
4073 3 2 5 5 4220 4343 4138 4630
4074 3 2 5 5 4584 4354 4589 4131
4075 3 2 5 5 4301 4654 4188 4414
4076 3 2 5 5 4543 4141 4620 4352
4077 3 2 5 5 4585 4134 4597 4355
4078 3 2 5 5 4517 4349 4678 4199
4079 3 2 5 5 4518 4350 4677 4200
4080 3 2 5 5 4506 4127 4665 4371
4081 3 2 5 5 4122 4367 4168 4644
4082 3 2 5 5 4289 4516 4656 4125
4083 3 2 5 5 4560 4380 4582 4137
4084 3 2 5 5 4121 4618 4169 4368
4085 3 2 5 5 4289 4599 4147 4479
4086 3 2 5 5 4452 4229 4430 4528
4087 3 2 5 5 4370 498 497 4685
4088 3 2 5 5 4527 4361 4617 4115
4089 3 2 5 5 4347 4591 119 120
4090 3 2 5 5 4319 4680 4372 4128
4091 3 2 5 5 4495 4126 4681 4373
4092 3 2 5 5 4146 4504 4316 4601
4093 3 2 5 5 4588 4455 4622 4184
4094 3 2 5 5 4298 4162 4666 4369
4095 3 2 5 5 4308 4577 4265 4701
4096 3 2 5 5 4330 4639 4271 4453
4097 3 2 5 5 4740 4683 480 4399
4098 3 2 5 5 471 4400 4682 472
4099 3 2 5 5 4119 4745 4670 4282
4100 3 2 5 5 4122 4644 4256 4593
4101 3 2 5 5 4179 4649 4217 4365
4102 3 2 5 5 4526 4371 4665 4214
4103 3 2 5 5 4447 4233 4511 4521
4104 3 2 5 5 4770 4724 4136 4542
4105 3 2 5 5 4376 4566 4149 4535
4106 3 2 5 5 4377 4565 4148 4534
4107 3 2 5 5 4388 4514 110 111
4108 3 2 5 5 4383 218 219 4513
4109 3 2 5 5 4520 4487 4778 4150
4110 3 2 5 5 4542 4136 4511 4761
4111 3 2 5 5 4362 483 482 4704
4112 3 2 5 5 4363 475 474 4703
4113 3 2 5 5 4728 4376 4535 4211
4114 3 2 5 5 4729 4377 4534 4212
4115 3 2 5 5 4458 4193 4507 4402
4116 3 2 5 5 4460 4404 4508 4196
4117 3 2 5 5 4461 4405 4509 4197
4118 3 2 5 5 4301 4497 4208 4742
4119 3 2 5 5 4384 4554 4393 4203
4120 3 2 5 5 4365 4217 4505 4784
4121 3 2 5 5 4165 4567 4236 4524
4122 3 2 5 5 4166 4525 4237 4570
4123 3 2 5 5 4511 4401 4515 4205
4124 3 2 5 5 4198 4781 4374 4616
4125 3 2 5 5 209 4564 4452 208
4126 3 2 5 5 4547 4370 4685 4251
4127 3 2 5 5 4607 4447 4521 4234
4128 3 2 5 5 4347 120 121 4607
4129 3 2 5 5 4305 460 459 4505
4130 3 2 5 5 4501 4626 4636 4362
4131 3 2 5 5 4792 4175 4794 4378
4132 3 2 5 5 4323 4207 4651 4396
4133 3 2 5 5 4137 4387 4257 4560
4134 3 2 5 5 4383 4513 508 507
4135 3 2 5 5 4388 451 450 4514
4136 3 2 5 5 4534 4372 4680 4212
4137 3 2 5 5 4535 4373 4681 4211
4138 3 2 5 5 117 118 4669 4424
4139 3 2 5 5 4230 4699 4275 4544
4140 3 2 5 5 4121 4368 4735 4290
4141 3 2 5 5 4313 4482 4712 4160
4142 3 2 5 5 4406 4727 4248 4641
4143 3 2 5 5 4566 4376 4671 4221
4144 3 2 5 5 4565 4377 4672 4220
4145 3 2 5 5 4373 4535 4149 4500
4146 3 2 5 5 4592 4198 4616 4439
4147 3 2 5 5 488 487 4689 4398
4148 3 2 5 5 4545 470 469 4546
4149 3 2 5 5 4626 4281 4580 4636
4150 3 2 5 5 476 4627 4280 4581
4151 3 2 5 5 4277 4375 4624 4118
4152 3 2 5 5 4226 4340 4631 4632
4153 3 2 5 5 4118 4624 4341 4766
4154 3 2 5 5 4239 4633 4301 4742
4155 3 2 5 5 4325 4227 4624 4375
4156 3 2 5 5 4726 4134 4460 4485
4157 3 2 5 5 4279 4530 4124 4414
4158 3 2 5 5 4327 4132 4459 4525
4159 3 2 5 5 4486 4135 4524 4461
4160 3 2 5 5 4170 4733 4257 4387
4161 3 2 5 5 4555 4583 212 213
4162 3 2 5 5 4165 4584 4235 4569
4163 3 2 5 5 4166 4568 4238 4585
4164 3 2 5 5 4506 4371 4778 4204
4165 3 2 5 5 4274 4531 4249 4647
4166 3 2 5 5 4291 4719 479 478
4167 3 2 5 5 4384 4203 4582 4380
4168 3 2 5 5 4294 4635 504 503
4169 3 2 5 5 4746 4412 4773 4443
4170 3 2 5 5 4121 4587 4317 4618
4171 3 2 5 5 4297 455 454 4652
4172 3 2 5 5 4296 214 215 4661
4173 3 2 5 5 4781 4176 4594 4374
4174 3 2 5 5 4435 4365 4784 4777
4175 3 2 5 5 4269 4664 495 494
4176 3 2 5 5 4552 4686 114 115
4177 3 2 5 5 4411 4396 4651 4133
4178 3 2 5 5 4384 4380 4560 4183
4179 3 2 5 5 470 4545 4400 471
4180 3 2 5 5 4290 4653 4178 4480
4181 3 2 5 5 4430 4541 555 556
4182 3 2 5 5 4169 4690 4270 4540
4183 3 2 5 5 4652 4392 4727 4182
4184 3 2 5 5 4369 4666 4276 4426
4185 3 2 5 5 4635 4181 4721 4385
4186 3 2 5 5 522 4443 4773 521
4187 3 2 5 5 4162 4743 4409 4364
4188 3 2 5 5 4145 4425 4230 4544
4189 3 2 5 5 4443 4415 4471 4746
4190 3 2 5 5 4724 4732 4482 4313
4191 3 2 5 5 4118 4766 4224 4381
4192 3 2 5 5 4120 4631 4225 4382
4193 3 2 5 5 4187 4428 4604 4277
4194 3 2 5 5 4295 4490 4180 4657
4195 3 2 5 5 4294 503 502 4562
4196 3 2 5 5 4146 4701 4265 4504
4197 3 2 5 5 4522 4213 4541 4430
4198 3 2 5 5 4405 4693 530 531
4199 3 2 5 5 4402 526 527 4691
4200 3 2 5 5 4404 4694 540 541
4201 3 2 5 5 4403 536 537 4692
4202 3 2 5 5 207 4528 557 11
4203 3 2 5 5 12 508 4513 219
4204 3 2 5 5 6 110 4514 450
4205 3 2 5 5 4403 4237 4525 4459
4206 3 2 5 5 4405 4461 4524 4236
4207 3 2 5 5 4249 4466 4191 4756
4208 3 2 5 5 4511 4233 4713 4401
4209 3 2 5 5 4296 4446 4142 4576
4210 3 2 5 5 4312 4470 4270 4690
4211 3 2 5 5 4498 4116 4714 4386
4212 3 2 5 5 4401 4713 509 510
4213 3 2 5 5 4458 4402 4691 4235
4214 3 2 5 5 4460 4238 4694 4404
4215 3 2 5 5 4297 4558 456 455
4216 3 2 5 5 4167 4698 4348 4654
4217 3 2 5 5 550 551 4466 4752
4218 3 2 5 5 4449 4143 4454 4579
4219 3 2 5 5 505 504 4635 4385
4220 3 2 5 5 4719 4171 4740 4399
4221 3 2 5 5 4733 4170 4739 4400
4222 3 2 5 5 468 4433 4546 469
4223 3 2 5 5 4206 4547 4141 4440
4224 3 2 5 5 4403 4194 4738 4494
4225 3 2 5 5 4198 4543 4352 4781
4226 3 2 5 5 4581 4199 4775 4488
4227 3 2 5 5 4580 4200 4776 4489
4228 3 2 5 5 4471 4415 4762 4222
4229 3 2 5 5 4483 4223 4763 4416
4230 3 2 5 5 4485 4419 4765 4226
4231 3 2 5 5 4486 4418 4764 4227
4232 3 2 5 5 4282 4609 4318 4394
4233 3 2 5 5 4128 4395 4610 4319
4234 3 2 5 5 4296 4555 213 214
4235 3 2 5 5 4275 4448 4173 4548
4236 3 2 5 5 4495 4253 4739 4391
4237 3 2 5 5 4683 4740 4390 4252
4238 3 2 5 5 4223 4351 4670 4745
4239 3 2 5 5 4434 4720 4393 4112
4240 3 2 5 5 116 117 4424 4575
4241 3 2 5 5 4384 4147 4599 4554
4242 3 2 5 5 4473 4215 4527 4698
4243 3 2 5 5 4740 4171 4687 4390
4244 3 2 5 5 4739 4170 4688 4391
4245 3 2 5 5 4315 4750 4283 4382
4246 3 2 5 5 4314 4749 4284 4381
4247 3 2 5 5 547 548 4717 4491
4248 3 2 5 5 4128 4390 4687 4438
4249 3 2 5 5 4189 4536 4113 4453
4250 3 2 5 5 4190 4451 4114 4537
4251 3 2 5 5 453 4392 4652 454
4252 3 2 5 5 4636 4580 485 484
4253 3 2 5 5 4247 4714 4116 4413
4254 3 2 5 5 4359 4291 4488 4775
4255 3 2 5 5 486 4489 4776 4292
4256 3 2 5 5 211 212 4583 4423
4257 3 2 5 5 4579 4262 4747 4449
4258 3 2 5 5 4702 4398 4753 4258
4259 3 2 5 5 4575 4552 115 116
4260 3 2 5 5 4562 4608 4446 4294
4261 3 2 5 5 4147 4384 4183 4619
4262 3 2 5 5 4571 4117 4592 4439
4263 3 2 5 5 4631 4120 4420 4632
4264 3 2 5 5 4506 4258 4753 4389
4265 3 2 5 5 4417 4484 4790 4224
4266 3 2 5 5 4332 4617 4214 4481
4267 3 2 5 5 4661 4397 4721 4181
4268 3 2 5 5 4458 4131 4767 4483
4269 3 2 5 5 4251 4620 4141 4547
4270 3 2 5 5 216 4397 4661 215
4271 3 2 5 5 4283 4611 4322 4407
4272 3 2 5 5 496 4621 4685 497
4273 3 2 5 5 4346 4768 501 500
4274 3 2 5 5 4558 4297 4454 4612
4275 3 2 5 5 4491 4717 4531 4274
4276 3 2 5 5 4192 4412 4130 4648
4277 3 2 5 5 4210 4457 4594 4269
4278 3 2 5 5 466 465 4455 4588
4279 3 2 5 5 4768 4432 4662 501
4280 3 2 5 5 4208 4590 4155 4463
4281 3 2 5 5 490 489 4702 4464
4282 3 2 5 5 480 479 4719 4399
4283 3 2 5 5 4436 4389 4753 4676
4284 3 2 5 5 4260 4441 4178 4734
4285 3 2 5 5 4338 4242 4452 4564
4286 3 2 5 5 539 4478 4568 4345
4287 3 2 5 5 528 4344 4569 4476
4288 3 2 5 5 4430 4229 4553 4522
4289 3 2 5 5 4686 4182 4727 4406
4290 3 2 5 5 4398 4172 4676 4753
4291 3 2 5 5 4217 4442 4144 4663
4292 3 2 5 5 113 114 4686 4406
4293 3 2 5 5 4484 4417 4738 4194
4294 3 2 5 5 4191 4469 4254 4673
4295 3 2 5 5 4207 4274 4647 4539
4296 3 2 5 5 481 4445 4704 482
4297 3 2 5 5 473 4444 4703 474
4298 3 2 5 5 4706 4429 4664 4176
4299 3 2 5 5 4431 4650 513 514
4300 3 2 5 5 4470 4563 4643 4270
4301 3 2 5 5 4231 4794 4175 4422
4302 3 2 5 5 4131 4458 4235 4584
4303 3 2 5 5 4134 4585 4238 4460
4304 3 2 5 5 4117 4722 4312 4557
4305 3 2 5 5 4340 4711 4225 4631
4306 3 2 5 5 4300 4539 4647 4151
4307 3 2 5 5 4684 4435 4777 457
4308 3 2 5 5 4366 4146 4601 4216
4309 3 2 5 5 4600 4216 4601 4232
4310 3 2 5 5 4357 4125 4656 4421
4311 3 2 5 5 4765 4154 4468 4711
4312 3 2 5 5 4490 4449 4747 4180
4313 3 2 5 5 4737 4152 4762 4415
4314 3 2 5 5 4708 4416 4763 4152
4315 3 2 5 5 4709 4153 4764 4418
4316 3 2 5 5 4224 4766 4153 4417
4317 3 2 5 5 4710 4154 4765 4419
4318 3 2 5 5 4386 4268 4770 4498
4319 3 2 5 5 4132 4327 4715 4603
4320 3 2 5 5 496 495 4664 4429
4321 3 2 5 5 4511 4136 4741 4521
4322 3 2 5 5 4450 4142 4446 4608
4323 3 2 5 5 4320 4239 4439 4616
4324 3 2 5 5 4363 4500 4149 4627
4325 3 2 5 5 4534 4148 4626 4501
4326 3 2 5 5 4353 4215 4473 4634
4327 3 2 5 5 4191 4530 4279 4756
4328 3 2 5 5 553 554 4723 4533
4329 3 2 5 5 4349 4517 4149 4566
4330 3 2 5 5 4350 4518 4148 4565
4331 3 2 5 5 4295 4712 4482 4367
4332 3 2 5 5 4225 4411 4133 4695
4333 3 2 5 5 4130 4409 4743 4293
4334 3 2 5 5 4358 4420 4278 4774
4335 3 2 5 5 4784 458 457 4777
4336 3 2 5 5 4456 4612 4454 4143
4337 3 2 5 5 523 4625 4443 522
4338 3 2 5 5 543 544 4640 4573
4339 3 2 5 5 4183 4755 4546 4433
4340 3 2 5 5 4176 4620 4251 4706
4341 3 2 5 5 4307 4479 4147 4619
4342 3 2 5 5 4403 4692 4477 4237
4343 3 2 5 5 4405 4236 4475 4693
4344 3 2 5 5 4439 4239 4742 4571
4345 3 2 5 5 4694 4238 4568 4478
4346 3 2 5 5 4691 4476 4569 4235
4347 3 2 5 5 4344 4475 4236 4567
4348 3 2 5 5 4345 4570 4237 4477
4349 3 2 5 5 4362 4636 484 483
4350 3 2 5 5 4363 4627 476 475
4351 3 2 5 5 4559 4503 4699 4230
4352 3 2 5 5 4348 4115 4748 4467
4353 3 2 5 5 4113 4671 4376 4728
4354 3 2 5 5 4114 4672 4377 4729
4355 3 2 5 5 4303 4573 4640 4287
4356 3 2 5 5 4267 4658 4307 4619
4357 3 2 5 5 4226 4765 4711 4340
4358 3 2 5 5 486 485 4580 4489
4359 3 2 5 5 476 4581 4488 477
4360 3 2 5 5 4397 216 217 4638
4361 3 2 5 5 4406 4641 112 113
4362 3 2 5 5 4662 4432 4787 4255
4363 3 2 5 5 4474 4640 544 545
4364 3 2 5 5 4385 4642 506 505
4365 3 2 5 5 4365 4435 4791 4179
4366 3 2 5 5 4392 453 452 4646
4367 3 2 5 5 4184 4622 4306 4516
4368 3 2 5 5 4423 4655 210 211
4369 3 2 5 5 4208 4497 4288 4590
4370 3 2 5 5 4186 4436 4676 4311
4371 3 2 5 5 4136 4724 4313 4741
4372 3 2 5 5 4684 4259 4791 4435
4373 3 2 5 5 4213 4578 4785 4299
4374 3 2 5 5 4187 4438 4687 4310
4375 3 2 5 5 4391 4688 4309 4437
4376 3 2 5 5 4703 4444 4788 4201
4377 3 2 5 5 4704 4445 4789 4202
4378 3 2 5 5 4198 4592 4243 4543
4379 3 2 5 5 534 535 4494 4769
4380 3 2 5 5 4563 4470 4716 4140
4381 3 2 5 5 4444 473 472 4682
4382 3 2 5 5 4445 481 480 4683
4383 3 2 5 5 4433 468 467 4267
4384 3 2 5 5 512 4577 4308 4780
4385 3 2 5 5 4682 4253 4788 4444
4386 3 2 5 5 4683 4252 4789 4445
4387 3 2 5 5 4398 4702 489 488
4388 3 2 5 5 4192 4510 4773 4412
4389 3 2 5 5 4723 4299 4785 4533
4390 3 2 5 5 4264 4450 4177 4786
4391 3 2 5 5 518 4674 4492 517
4392 3 2 5 5 4332 4750 4315 4496
4393 3 2 5 5 4320 4473 4698 4167
4394 3 2 5 5 4522 4553 4563 4140
4395 3 2 5 5 4531 4717 548 549
4396 3 2 5 5 4143 4266 4793 4456
4397 3 2 5 5 4312 4722 4499 4240
4398 3 2 5 5 4432 4177 4450 4787
4399 3 2 5 5 4312 4240 4716 4470
4400 3 2 5 5 4541 4723 554 555
4401 3 2 5 5 4408 4464 4757 4204
4402 3 2 5 5 4732 4724 4770 4268
4403 3 2 5 5 4751 4469 4744 552
4404 3 2 5 5 4466 551 552 4744
4405 3 2 5 5 4622 4455 4772 4598
4406 3 2 5 5 4608 4255 4787 4450
4407 3 2 5 5 4188 4512 4279 4414
4408 3 2 5 5 4623 4492 4736 4218
4409 3 2 5 5 4702 4258 4757 4464
4410 3 2 5 5 4793 4179 4791 4456
4411 3 2 5 5 4510 520 521 4773
4412 3 2 5 5 4612 4456 4791 4259
4413 3 2 5 5 4339 4745 4119 4606
4414 3 2 5 5 7 509 4713 4233
4415 3 2 5 5 4600 4498 4770 4216
4416 3 2 5 5 523 524 4758 4572
4417 3 2 5 5 534 4574 4760 533
4418 3 2 5 5 4379 4467 4748 4228
4419 3 2 5 5 4285 4572 4758 4302
4420 3 2 5 5 543 4573 4303 4759
4421 3 2 5 5 4286 4304 4760 4574
4422 3 2 5 5 529 530 4693 4475
4423 3 2 5 5 528 4476 4691 527
4424 3 2 5 5 539 540 4694 4478
4425 3 2 5 5 538 4477 4692 537
4426 3 2 5 5 4434 4293 4743 4720
4427 3 2 5 5 463 4598 4772 464
4428 3 2 5 5 4293 4532 4648 4130
4429 3 2 5 5 4595 4241 4660 4613
4430 3 2 5 5 4779 4502 4637 4232
4431 3 2 5 5 4736 4492 4674 4263
4432 3 2 5 5 4408 4204 4778 4487
4433 3 2 5 5 4205 4308 4701 4556
4434 3 2 5 5 4516 4306 4519 4656
4435 3 2 5 5 4298 4720 4743 4162
4436 3 2 5 5 512 4780 4515 511
4437 3 2 5 5 4180 4747 4575 4424
4438 3 2 5 5 4156 4609 4282 4670
4439 3 2 5 5 4367 4482 4732 4168
4440 3 2 5 5 4117 4557 4243 4592
4441 3 2 5 5 4189 4718 4245 4536
4442 3 2 5 5 4190 4537 4244 4715
4443 3 2 5 5 4321 4123 4699 4503
4444 3 2 5 5 524 525 4507 4758
4445 3 2 5 5 543 4759 4508 542
4446 3 2 5 5 533 4760 4509 532
4447 3 2 5 5 4282 4549 4754 4119
4448 3 2 5 5 4250 4614 4243 4561
4449 3 2 5 5 4133 4707 4228 4496
4450 3 2 5 5 4364 4606 4119 4754
4451 3 2 5 5 4364 4754 4549 4276
4452 3 2 5 5 4161 4700 4219 4519
4453 3 2 5 5 4351 4223 4483 4767
4454 3 2 5 5 4209 4333 4648 4532
4455 3 2 5 5 463 4336 4696 4598
4456 3 2 5 5 4319 4610 4157 4783
4457 3 2 5 5 4318 4609 4156 4782
4458 3 2 5 5 4663 4144 4725 4595
4459 3 2 5 5 4288 4667 4155 4590
4460 3 2 5 5 4571 4499 4722 4117
4461 3 2 5 5 4556 4366 4542 4761
4462 3 2 5 5 4178 4423 4583 4734
4463 3 2 5 5 4556 4761 4511 4205
4464 3 2 5 5 4553 4242 4643 4563
4465 3 2 5 5 4738 4286 4769 4494
4466 3 2 5 5 4169 4618 4250 4561
4467 3 2 5 5 4459 4132 4790 4484
4468 3 2 5 5 4253 4495 4201 4788
4469 3 2 5 5 4372 4202 4789 4252
4470 3 2 5 5 4321 4502 4779 4123
4471 3 2 5 5 4115 4348 4698 4527
4472 3 2 5 5 4386 4586 4644 4168
4473 3 2 5 5 512 513 4650 4577
4474 3 2 5 5 4608 4562 4662 4255
4475 3 2 5 5 501 4662 4562 502
4476 3 2 5 5 4596 4655 4653 4675
4477 3 2 5 5 4196 4508 4759 4303
4478 3 2 5 5 4193 4302 4758 4507
4479 3 2 5 5 4197 4509 4760 4304
4480 3 2 5 5 4612 4259 4684 4558
4481 3 2 5 5 457 456 4558 4684
4482 3 2 5 5 4258 4506 4204 4757
4483 3 2 5 5 4466 4249 4531 4752
4484 3 2 5 5 4157 4628 4331 4783
4485 3 2 5 5 4169 4540 4735 4368
4486 3 2 5 5 4205 4515 4780 4308
4487 3 2 5 5 458 4784 4505 459
4488 3 2 5 5 4431 4265 4577 4650
4489 3 2 5 5 4156 4639 4330 4782
4490 3 2 5 5 4254 4667 4288 4673
4491 3 2 5 5 4469 4751 4533 4254
4492 3 2 5 5 4602 4256 4644 4586
4493 3 2 5 5 209 210 4655 4596
4494 3 2 5 5 534 4769 4286 4574
4495 3 2 5 5 4520 4150 4538 4705
4496 3 2 5 5 4366 4556 4701 4146
4497 3 2 5 5 4400 4545 4257 4733
4498 3 2 5 5 4424 4669 4591 4261
4499 3 2 5 5 4145 4544 4218 4736
4500 3 2 5 5 4131 4589 4271 4767
4501 3 2 5 5 4347 4668 4261 4591
4502 3 2 5 5 4545 4546 4755 4257
4503 3 2 5 5 549 550 4752 4531
4504 3 2 5 5 4602 4697 4725 4144
4505 3 2 5 5 552 553 4533 4751
4506 3 2 5 5 118 119 4591 4669
4507 3 2 5 5 4613 4305 4663 4595
4508 3 2 5 5 4150 4778 4371 4526
4509 3 2 5 5 4314 4157 4610 4749
4510 3 2 5 5 4395 4284 4749 4610
4511 3 2 5 5 4158 4611 4283 4750
4512 3 2 5 5 4231 4599 4289 4794
4513 3 2 5 5 4578 4155 4667 4785
4514 3 2 5 5 4366 4216 4770 4542
4515 3 2 5 5 4586 4247 4697 4602
4516 3 2 5 5 4499 4571 4742 4208
4517 3 2 5 5 4134 4726 4272 4597
4518 3 2 5 5 496 4429 4706 4621
4519 3 2 5 5 4257 4755 4183 4560
4520 3 2 5 5 4552 4575 4747 4262
4521 3 2 5 5 4555 4260 4734 4583
4522 3 2 5 5 4342 4163 4771 4604
4523 3 2 5 5 4343 4164 4774 4605
4524 3 2 5 5 4375 4277 4604 4771
4525 3 2 5 5 4685 4621 4706 4251
4526 3 2 5 5 4314 4603 4715 4244
4527 3 2 5 5 4427 4605 4774 4278
4528 3 2 5 5 4160 4615 4741 4313
4529 3 2 5 5 466 4658 4267 467
4530 3 2 5 5 4269 4594 4176 4664
4531 3 2 5 5 4521 4741 4615 4234
4532 3 2 5 5 4523 4725 4697 4273
4533 3 2 5 5 4540 4159 4675 4735
4534 3 2 5 5 4653 4290 4735 4675
4535 3 2 5 5 4152 4763 4339 4762
4536 3 2 5 5 4153 4766 4341 4764
4537 3 2 5 5 4480 4264 4786 4587
4538 3 2 5 5 4324 4793 4266 4593
4539 3 2 5 5 4151 4647 4249 4756
4540 3 2 5 5 4533 4785 4667 4254
4541 3 2 5 5 4199 4678 4359 4775
4542 3 2 5 5 4200 4677 4360 4776
4543 3 2 6 6 5025 5055 568 569
4544 3 2 6 6 5118 4864 5143 4947
4545 3 2 6 6 4895 5006 4837 5125
4546 3 2 6 6 5030 4803 5167 4939
4547 3 2 6 6 4989 4795 5102 5071
4548 3 2 6 6 5132 4933 5174 4852
4549 3 2 6 6 4977 5293 4828 5092
4550 3 2 6 6 5034 5220 5028 4812
4551 3 2 6 6 5353 5291 4984 4846
4552 3 2 6 6 4915 5128 4870 5101
4553 3 2 6 6 4913 5083 4879 5114
4554 3 2 6 6 5084 5176 554 553
4555 3 2 6 6 5085 513 512 5177
4556 3 2 6 6 577 5058 5231 576
4557 3 2 6 6 4981 5201 515 514
4558 3 2 6 6 4982 552 551 5200
4559 3 2 6 6 4945 4813 5205 5035
4560 3 2 6 6 4985 5196 5183 4848
4561 3 2 6 6 5253 4927 5151 4963
4562 3 2 6 6 5065 4934 5241 538
4563 3 2 6 6 5000 5039 5228 4838
4564 3 2 6 6 5001 4839 5227 5040
4565 3 2 6 6 5119 4863 5095 5171
4566 3 2 6 6 5118 4919 5094 4864
4567 3 2 6 6 4889 4983 5253 5194
4568 3 2 6 6 4950 4801 5206 5125
4569 3 2 6 6 4949 5126 5207 4800
4570 3 2 6 6 198 199 5135 4976
4571 3 2 6 6 131 4975 5134 130
4572 3 2 6 6 4946 5053 4826 5325
4573 3 2 6 6 4796 4991 4891 5122
4574 3 2 6 6 4796 5179 4918 5022
4575 3 2 6 6 4876 5069 4906 5062
4576 3 2 6 6 5007 4957 5142 4825
4577 3 2 6 6 531 530 5149 5017
4578 3 2 6 6 564 4953 5079 563
4579 3 2 6 6 4965 5234 4904 5080
4580 3 2 6 6 4969 5177 512 511
4581 3 2 6 6 4970 555 554 5176
4582 3 2 6 6 4797 5011 4901 5137
4583 3 2 6 6 5012 535 534 5246
4584 3 2 6 6 4875 5060 4902 5075
4585 3 2 6 6 4897 5269 5090 5033
4586 3 2 6 6 4932 5288 541 540
4587 3 2 6 6 5154 5094 195 196
4588 3 2 6 6 5153 133 134 5095
4589 3 2 6 6 5070 4868 5079 4953
4590 3 2 6 6 4797 5137 4893 4997
4591 3 2 6 6 4879 5083 4940 5150
4592 3 2 6 6 4930 5350 5158 5081
4593 3 2 6 6 4985 4993 5132 4852
4594 3 2 6 6 194 4986 586 10
4595 3 2 6 6 135 8 558 4987
4596 3 2 6 6 4985 4848 5290 4993
4597 3 2 6 6 571 572 5117 4964
4598 3 2 6 6 5142 4957 5347 4874
4599 3 2 6 6 4994 5122 5296 4857
4600 3 2 6 6 4938 4853 5255 5182
4601 3 2 6 6 5039 5000 126 127
4602 3 2 6 6 5040 202 203 5001
4603 3 2 6 6 4863 5119 4813 4945
4604 3 2 6 6 579 5004 5152 578
4605 3 2 6 6 5034 4812 5118 4947
4606 3 2 6 6 5174 4966 5277 4852
4607 3 2 6 6 5036 4955 5162 4865
4608 3 2 6 6 4990 5319 4922 5282
4609 3 2 6 6 5199 4881 5189 4980
4610 3 2 6 6 5108 4832 5090 4975
4611 3 2 6 6 5109 4976 5091 4833
4612 3 2 6 6 4913 5041 4819 5083
4613 3 2 6 6 5130 5200 551 550
4614 3 2 6 6 5129 516 515 5201
4615 3 2 6 6 4871 4961 5276 5096
4616 3 2 6 6 5121 4973 5259 4922
4617 3 2 6 6 5007 4880 5178 4957
4618 3 2 6 6 5051 4806 5321 4983
4619 3 2 6 6 5087 4798 5189 4962
4620 3 2 6 6 4974 5312 5079 4868
4621 3 2 6 6 5138 4877 5177 4969
4622 3 2 6 6 5139 4970 5176 4878
4623 3 2 6 6 4972 5136 4870 5128
4624 3 2 6 6 5278 4924 5307 5082
4625 3 2 6 6 5111 4816 5210 5050
4626 3 2 6 6 5114 4980 5286 4913
4627 3 2 6 6 4982 5084 553 552
4628 3 2 6 6 4981 514 513 5085
4629 3 2 6 6 5144 517 516 5129
4630 3 2 6 6 5145 5130 550 549
4631 3 2 6 6 4953 5357 4835 5070
4632 3 2 6 6 5076 4978 5217 4851
4633 3 2 6 6 5095 134 135 5191
4634 3 2 6 6 5094 5190 194 195
4635 3 2 6 6 5046 4807 5313 4967
4636 3 2 6 6 5252 4862 5287 4988
4637 3 2 6 6 5282 4834 5101 4990
4638 3 2 6 6 5208 5011 4797 4909
4639 3 2 6 6 5287 4862 5234 4965
4640 3 2 6 6 125 4969 5168 124
4641 3 2 6 6 204 205 5169 4970
4642 3 2 6 6 4842 4961 4871 5103
4643 3 2 6 6 4854 5181 4949 5254
4644 3 2 6 6 4865 5099 5327 4948
4645 3 2 6 6 4984 5041 5023 4846
4646 3 2 6 6 518 5043 5317 519
4647 3 2 6 6 548 547 5318 5044
4648 3 2 6 6 4985 4852 5277 5173
4649 3 2 6 6 4802 4955 5036 5306
4650 3 2 6 6 5114 4879 5150 4995
4651 3 2 6 6 4926 5032 5274 5308
4652 3 2 6 6 5276 5086 583 584
4653 3 2 6 6 5071 4967 5151 4845
4654 3 2 6 6 5064 4994 5314 4873
4655 3 2 6 6 5101 4870 5078 4990
4656 3 2 6 6 4833 5299 4943 5109
4657 3 2 6 6 4832 5108 4942 5320
4658 3 2 6 6 5216 4909 5315 5054
4659 3 2 6 6 5056 5135 199 200
4660 3 2 6 6 5057 129 130 5134
4661 3 2 6 6 4865 4954 5364 5099
4662 3 2 6 6 4877 5000 4838 5211
4663 3 2 6 6 4878 5212 4839 5001
4664 3 2 6 6 5078 4802 5319 4990
4665 3 2 6 6 4857 4936 5358 5024
4666 3 2 6 6 4944 5341 4842 5028
4667 3 2 6 6 5090 4867 5134 4975
4668 3 2 6 6 5091 4976 5135 4866
4669 3 2 6 6 5052 5244 4895 5218
4670 3 2 6 6 4830 4972 4883 5198
4671 3 2 6 6 5080 4873 5271 4965
4672 3 2 6 6 4962 5067 4858 5346
4673 3 2 6 6 5318 5002 5360 4937
4674 3 2 6 6 5317 4938 5361 5003
4675 3 2 6 6 5199 4980 5114 4831
4676 3 2 6 6 4920 5129 4887 5123
4677 3 2 6 6 4921 5124 4886 5130
4678 3 2 6 6 4991 4796 5022 5100
4679 3 2 6 6 5315 4997 5076 4851
4680 3 2 6 6 533 5187 5246 534
4681 3 2 6 6 4977 542 541 5288
4682 3 2 6 6 4962 5189 4881 5146
4683 3 2 6 6 5027 4868 5070 5268
4684 3 2 6 6 4853 4938 5317 5043
4685 3 2 6 6 4854 5044 5318 4937
4686 3 2 6 6 4861 5261 4968 5106
4687 3 2 6 6 5150 4803 5333 4995
4688 3 2 6 6 4945 5035 4891 5354
4689 3 2 6 6 5309 5033 5300 4925
4690 3 2 6 6 4840 5204 4905 5022
4691 3 2 6 6 4896 4951 5048 5202
4692 3 2 6 6 4840 5022 4918 5303
4693 3 2 6 6 4889 5020 4847 5165
4694 3 2 6 6 4901 5011 4841 5230
4695 3 2 6 6 4936 5038 4844 5326
4696 3 2 6 6 5071 4845 5242 4989
4697 3 2 6 6 4952 5263 4834 5282
4698 3 2 6 6 4932 540 539 5042
4699 3 2 6 6 4795 5196 4985 5173
4700 3 2 6 6 5126 5005 5260 4894
4701 3 2 6 6 520 5003 5180 521
4702 3 2 6 6 4842 5086 5276 4961
4703 3 2 6 6 4967 5071 5102 4869
4704 3 2 6 6 546 545 5192 5002
4705 3 2 6 6 5219 5030 5098 4856
4706 3 2 6 6 4836 5126 4949 5181
4707 3 2 6 6 4837 5182 4950 5125
4708 3 2 6 6 5021 5159 4835 5357
4709 3 2 6 6 5115 5029 5068 4892
4710 3 2 6 6 5115 4999 5307 4924
4711 3 2 6 6 4972 5019 5273 4883
4712 3 2 6 6 5087 4992 5178 4880
4713 3 2 6 6 5122 4994 5179 4796
4714 3 2 6 6 4991 5100 5331 4850
4715 3 2 6 6 4872 5097 5324 4971
4716 3 2 6 6 4812 5028 4842 5103
4717 3 2 6 6 5178 4992 5210 4816
4718 3 2 6 6 5058 577 578 5152
4719 3 2 6 6 4799 5307 4999 5066
4720 3 2 6 6 5093 4996 5240 4890
4721 3 2 6 6 4926 5299 4833 5032
4722 3 2 6 6 4911 5203 4804 5047
4723 3 2 6 6 5068 4849 5240 4996
4724 3 2 6 6 5140 4984 5294 4888
4725 3 2 6 6 5114 4995 5155 4831
4726 3 2 6 6 5069 4810 5260 5005
4727 3 2 6 6 5263 5018 5101 4834
4728 3 2 6 6 5132 4993 5157 4817
4729 3 2 6 6 582 5256 4931 5049
4730 3 2 6 6 4952 5247 4904 5238
4731 3 2 6 6 5075 4902 5257 5006
4732 3 2 6 6 5069 5005 5272 4906
4733 3 2 6 6 4895 5244 4811 5006
4734 3 2 6 6 5123 5009 5356 4814
4735 3 2 6 6 5124 4815 5355 5008
4736 3 2 6 6 5266 5053 5351 4934
4737 3 2 6 6 5115 4892 5248 4999
4738 3 2 6 6 4946 5155 4995 5333
4739 3 2 6 6 5126 4836 5272 5005
4740 3 2 6 6 5123 4887 5250 5009
4741 3 2 6 6 5124 5008 5249 4886
4742 3 2 6 6 5152 5004 5142 4874
4743 3 2 6 6 5163 4814 5223 5015
4744 3 2 6 6 5164 5016 5224 4815
4745 3 2 6 6 4869 5235 5046 4967
4746 3 2 6 6 5089 4898 5224 5016
4747 3 2 6 6 5007 5353 4846 5172
4748 3 2 6 6 4922 5319 4802 5121
4749 3 2 6 6 5232 4929 5336 5004
4750 3 2 6 6 5061 4888 5267 5010
4751 3 2 6 6 4941 5106 4805 5291
4752 3 2 6 6 4980 5189 4798 5286
4753 3 2 6 6 5066 4999 5248 4860
4754 3 2 6 6 5322 4998 5236 4882
4755 3 2 6 6 4878 5001 203 5139
4756 3 2 6 6 4877 5138 126 5000
4757 3 2 6 6 5300 5033 5090 4832
4758 3 2 6 6 5270 5032 4833 5091
4759 3 2 6 6 4862 5252 4958 5278
4760 3 2 6 6 5161 5037 5113 4821
4761 3 2 6 6 5012 5104 536 535
4762 3 2 6 6 4861 5049 4931 5261
4763 3 2 6 6 5161 4860 5235 5037
4764 3 2 6 6 4929 5063 4825 5336
4765 3 2 6 6 5111 4900 5231 5058
4766 3 2 6 6 5034 4947 5143 5362
4767 3 2 6 6 4822 5064 4873 5080
4768 3 2 6 6 4941 5063 4861 5106
4769 3 2 6 6 5031 575 576 5231
4770 3 2 6 6 4963 4829 5194 5253
4771 3 2 6 6 5163 5015 5255 4853
4772 3 2 6 6 5164 4854 5254 5016
4773 3 2 6 6 5198 4883 5149 5014
4774 3 2 6 6 4863 4945 5354 5147
4775 3 2 6 6 5060 5180 5257 4902
4776 3 2 6 6 202 5040 5214 201
4777 3 2 6 6 127 128 5213 5039
4778 3 2 6 6 5157 5026 5202 4817
4779 3 2 6 6 4948 5148 5036 4865
4780 3 2 6 6 4984 5140 4819 5041
4781 3 2 6 6 571 4964 5209 5120
4782 3 2 6 6 5272 5192 5062 4906
4783 3 2 6 6 5166 5051 5334 4917
4784 3 2 6 6 4821 5113 4910 5141
4785 3 2 6 6 5057 5213 128 129
4786 3 2 6 6 5056 200 201 5214
4787 3 2 6 6 11 557 5226 206
4788 3 2 6 6 7 123 5225 509
4789 3 2 6 6 564 565 5184 5021
4790 3 2 6 6 5006 4811 5081 5075
4791 3 2 6 6 566 567 5251 5105
4792 3 2 6 6 5352 5112 4914 5229
4793 3 2 6 6 4929 5340 4861 5063
4794 3 2 6 6 4988 5287 4808 5268
4795 3 2 6 6 5285 5010 5267 4859
4796 3 2 6 6 4986 5096 585 586
4797 3 2 6 6 4987 558 559 5097
4798 3 2 6 6 4964 5194 4829 5209
4799 3 2 6 6 5195 5023 5286 4798
4800 3 2 6 6 4996 4807 4892 5068
4801 3 2 6 6 4962 5146 4818 5067
4802 3 2 6 6 5008 5355 4884 5227
4803 3 2 6 6 5009 5228 4885 5356
4804 3 2 6 6 5019 5323 4933 5328
4805 3 2 6 6 123 124 5168 5225
4806 3 2 6 6 206 5226 5169 205
4807 3 2 6 6 4811 5193 4930 5081
4808 3 2 6 6 5159 5021 5184 4899
4809 3 2 6 6 5041 4913 5286 5023
4810 3 2 6 6 4805 5106 4968 5329
4811 3 2 6 6 4799 5066 4916 5221
4812 3 2 6 6 4971 5284 4844 5116
4813 3 2 6 6 4819 5140 4888 5061
4814 3 2 6 6 5263 4916 5316 5018
4815 3 2 6 6 4972 4809 5323 5019
4816 3 2 6 6 5047 4804 5197 5107
4817 3 2 6 6 5014 529 528 5342
4818 3 2 6 6 582 5049 5133 581
4819 3 2 6 6 5103 4919 5118 4812
4820 3 2 6 6 5335 4939 5185 5344
4821 3 2 6 6 5131 5017 5273 4855
4822 3 2 6 6 5203 4911 5186 5074
4823 3 2 6 6 5017 5131 532 531
4824 3 2 6 6 4831 5243 4956 5199
4825 3 2 6 6 5149 4883 5273 5017
4826 3 2 6 6 5219 4856 5351 5053
4827 3 2 6 6 5249 5008 5227 4839
4828 3 2 6 6 5250 4838 5228 5009
4829 3 2 6 6 4994 4857 5024 5314
4830 3 2 6 6 4946 5325 4903 5155
4831 3 2 6 6 4977 4876 5062 5127
4832 3 2 6 6 4815 5124 4921 5164
4833 3 2 6 6 4814 5163 4920 5123
4834 3 2 6 6 5101 5018 5316 4915
4835 3 2 6 6 4850 4979 5188 5077
4836 3 2 6 6 5205 4857 5296 5035
4837 3 2 6 6 5328 4855 5273 5019
4838 3 2 6 6 5302 4843 5245 5026
4839 3 2 6 6 5030 5219 5333 4803
4840 3 2 6 6 564 5021 5357 4953
4841 3 2 6 6 4964 5117 4889 5194
4842 3 2 6 6 5048 5328 4933 5132
4843 3 2 6 6 5220 5034 5285 4859
4844 3 2 6 6 4974 5326 4844 5284
4845 3 2 6 6 5157 4908 5302 5026
4846 3 2 6 6 4859 4944 5028 5220
4847 3 2 6 6 544 543 5127 5062
4848 3 2 6 6 4795 5173 4910 5102
4849 3 2 6 6 4974 4868 5027 5326
4850 3 2 6 6 5227 4884 5214 5040
4851 3 2 6 6 5228 5039 5213 4885
4852 3 2 6 6 4889 5165 5051 4983
4853 3 2 6 6 5012 5245 4843 5349
4854 3 2 6 6 4915 5141 5277 4966
4855 3 2 6 6 4975 131 132 5108
4856 3 2 6 6 4976 5109 197 198
4857 3 2 6 6 4875 5158 5280 5013
4858 3 2 6 6 5235 4860 5248 5046
4859 3 2 6 6 4994 5064 4918 5179
4860 3 2 6 6 4977 5127 543 542
4861 3 2 6 6 5358 5027 5268 4808
4862 3 2 6 6 5020 5031 5330 4847
4863 3 2 6 6 4896 5245 5012 5246
4864 3 2 6 6 5013 5160 5060 4875
4865 3 2 6 6 4944 4859 5267 5059
4866 3 2 6 6 4928 5216 4810 5237
4867 3 2 6 6 5013 5363 525 524
4868 3 2 6 6 5073 5057 5134 4867
4869 3 2 6 6 5072 4866 5135 5056
4870 3 2 6 6 5247 4952 5282 5110
4871 3 2 6 6 5068 5029 5281 4849
4872 3 2 6 6 4857 5205 5038 4936
4873 3 2 6 6 5115 4820 5348 5029
4874 3 2 6 6 5271 4873 5314 5024
4875 3 2 6 6 4839 5212 5084 4982
4876 3 2 6 6 4838 4981 5085 5211
4877 3 2 6 6 5010 5137 4901 5061
4878 3 2 6 6 4822 5258 4918 5064
4879 3 2 6 6 5295 4890 5240 5025
4880 3 2 6 6 4864 5305 4959 5143
4881 3 2 6 6 4863 5147 4960 5304
4882 3 2 6 6 5107 4908 5290 5047
4883 3 2 6 6 5020 5279 573 574
4884 3 2 6 6 5055 5025 5240 4849
4885 3 2 6 6 5025 569 570 5295
4886 3 2 6 6 5051 5166 5322 4806
4887 3 2 6 6 5362 4893 5285 5034
4888 3 2 6 6 5156 561 562 5312
4889 3 2 6 6 4825 5063 4941 5343
4890 3 2 6 6 4838 5250 5201 4981
4891 3 2 6 6 4839 4982 5200 5249
4892 3 2 6 6 4849 5281 4912 5055
4893 3 2 6 6 4971 5116 5337 4872
4894 3 2 6 6 4940 5230 4841 5167
4895 3 2 6 6 5129 5201 5250 4887
4896 3 2 6 6 5130 4886 5249 5200
4897 3 2 6 6 5014 5149 530 529
4898 3 2 6 6 4869 5102 4910 5113
4899 3 2 6 6 4818 5186 4914 5112
4900 3 2 6 6 5013 524 523 5160
4901 3 2 6 6 4858 4998 5322 5166
4902 3 2 6 6 5113 5037 5235 4869
4903 3 2 6 6 5202 5026 5245 4896
4904 3 2 6 6 4835 4988 5268 5070
4905 3 2 6 6 5055 5251 567 568
4906 3 2 6 6 4977 5092 5237 4876
4907 3 2 6 6 5111 5058 5152 4874
4908 3 2 6 6 5217 5054 5315 4851
4909 3 2 6 6 4969 125 126 5138
4910 3 2 6 6 4970 5139 203 204
4911 3 2 6 6 5231 4900 5330 5031
4912 3 2 6 6 5053 5266 5175 4826
4913 3 2 6 6 4870 5136 5297 5078
4914 3 2 6 6 5043 518 517 5144
4915 3 2 6 6 5044 5145 549 548
4916 3 2 6 6 4988 4835 5159 5252
4917 3 2 6 6 4850 5077 5233 4991
4918 3 2 6 6 4943 5310 197 5109
4919 3 2 6 6 4942 5108 132 5311
4920 3 2 6 6 5186 4818 5146 5074
4921 3 2 6 6 522 5060 5160 523
4922 3 2 6 6 5132 4817 5202 5048
4923 3 2 6 6 5322 4882 5242 5045
4924 3 2 6 6 4932 5042 5351 4856
4925 3 2 6 6 5358 4936 5326 5027
4926 3 2 6 6 5321 5045 5359 4927
4927 3 2 6 6 538 5241 5042 539
4928 3 2 6 6 5073 4885 5213 5057
4929 3 2 6 6 5072 5056 5214 4884
4930 3 2 6 6 5075 5081 5158 4875
4931 3 2 6 6 4860 5161 4916 5066
4932 3 2 6 6 4897 5088 5255 5015
4933 3 2 6 6 526 5099 5364 527
4934 3 2 6 6 5321 4806 5322 5045
4935 3 2 6 6 4858 5067 5236 4998
4936 3 2 6 6 4970 5169 556 555
4937 3 2 6 6 4969 511 510 5168
4938 3 2 6 6 5060 522 521 5180
4939 3 2 6 6 4856 5098 5293 4932
4940 3 2 6 6 5067 4818 5112 5236
4941 3 2 6 6 581 5133 5232 580
4942 3 2 6 6 5096 4986 5301 4871
4943 3 2 6 6 5097 4872 5298 4987
4944 3 2 6 6 5033 5309 4801 5275
4945 3 2 6 6 5216 5054 5260 4810
4946 3 2 6 6 5193 4811 5244 5052
4947 3 2 6 6 4822 5080 4904 5247
4948 3 2 6 6 5062 5192 545 544
4949 3 2 6 6 4939 5335 5098 5030
4950 3 2 6 6 5104 4907 5065 5222
4951 3 2 6 6 4951 4855 5328 5048
4952 3 2 6 6 4978 5289 4926 5308
4953 3 2 6 6 5217 4894 5260 5054
4954 3 2 6 6 5183 5047 5290 4848
4955 3 2 6 6 5111 5050 5330 4900
4956 3 2 6 6 538 537 5222 5065
4957 3 2 6 6 5330 5050 5334 4847
4958 3 2 6 6 4979 5309 4925 5188
4959 3 2 6 6 5165 4847 5334 5051
4960 3 2 6 6 5278 5082 5234 4862
4961 3 2 6 6 4846 5023 5195 5172
4962 3 2 6 6 5105 5251 5055 4912
4963 3 2 6 6 5193 5052 5331 4905
4964 3 2 6 6 565 566 5105 5184
4965 3 2 6 6 5104 5222 537 536
4966 3 2 6 6 4861 5340 5133 5049
4967 3 2 6 6 5210 4917 5334 5050
4968 3 2 6 6 5329 5059 5294 4805
4969 3 2 6 6 5307 4799 5238 5082
4970 3 2 6 6 4876 5237 4810 5069
4971 3 2 6 6 5020 4889 5117 5279
4972 3 2 6 6 5234 5082 5238 4904
4973 3 2 6 6 4815 5224 5270 5072
4974 3 2 6 6 4814 5073 5269 5223
4975 3 2 6 6 5209 4890 5295 5120
4976 3 2 6 6 4880 5195 4798 5087
4977 3 2 6 6 4979 5206 4801 5309
4978 3 2 6 6 5004 579 580 5232
4979 3 2 6 6 5274 4800 5207 5308
4980 3 2 6 6 4829 4963 5313 5093
4981 3 2 6 6 5170 4899 5184 5105
4982 3 2 6 6 5141 4910 5173 5277
4983 3 2 6 6 4955 5297 4830 5162
4984 3 2 6 6 4907 5266 4934 5065
4985 3 2 6 6 4855 4951 5345 5131
4986 3 2 6 6 4807 5046 5248 4892
4987 3 2 6 6 4802 5306 4935 5121
4988 3 2 6 6 5218 4850 5331 5052
4989 3 2 6 6 4978 5076 4824 5289
4990 3 2 6 6 561 5156 5324 560
4991 3 2 6 6 4819 5061 4901 5230
4992 3 2 6 6 4829 5093 4890 5209
4993 3 2 6 6 5205 4813 5337 5038
4994 3 2 6 6 5182 5255 5088 4950
4995 3 2 6 6 5016 5254 4949 5089
4996 3 2 6 6 4927 5359 4845 5151
4997 3 2 6 6 4827 5148 4948 5280
4998 3 2 6 6 4807 4996 5093 5313
4999 3 2 6 6 5033 5275 5088 4897
5000 3 2 6 6 5032 4898 5089 5274
5001 3 2 6 6 4824 5143 4959 5289
5002 3 2 6 6 4884 5355 4815 5072
5003 3 2 6 6 4885 5073 4814 5356
5004 3 2 6 6 5294 5059 5267 4888
5005 3 2 6 6 5011 5208 5185 4841
5006 3 2 6 6 5074 5366 4956 5203
5007 3 2 6 6 4823 5292 4960 5147
5008 3 2 6 6 5086 5256 582 583
5009 3 2 6 6 4930 5193 4905 5204
5010 3 2 6 6 5176 5084 5212 4878
5011 3 2 6 6 5177 4877 5211 5085
5012 3 2 6 6 4940 5167 4803 5150
5013 3 2 6 6 5332 4931 5256 5086
5014 3 2 6 6 5237 5092 5344 4928
5015 3 2 6 6 4940 5083 4819 5230
5016 3 2 6 6 5188 4823 5233 5077
5017 3 2 6 6 4966 5174 4809 5262
5018 3 2 6 6 5159 4899 5170 5338
5019 3 2 6 6 4799 5221 4952 5238
5020 3 2 6 6 5053 4946 5333 5219
5021 3 2 6 6 5096 5276 584 585
5022 3 2 6 6 4923 5325 4826 5175
5023 3 2 6 6 4820 5115 4924 5283
5024 3 2 6 6 4997 5239 4824 5076
5025 3 2 6 6 4948 5363 5013 5280
5026 3 2 6 6 5147 5354 5233 4823
5027 3 2 6 6 5099 526 525 5327
5028 3 2 6 6 5143 4824 5239 5362
5029 3 2 6 6 5003 520 519 5317
5030 3 2 6 6 5002 5318 547 546
5031 3 2 6 6 5196 4914 5186 5183
5032 3 2 6 6 5072 5270 5091 4866
5033 3 2 6 6 5073 4867 5090 5269
5034 3 2 6 6 5131 5345 533 532
5035 3 2 6 6 563 5079 5312 562
5036 3 2 6 6 4903 5325 4923 5197
5037 3 2 6 6 5047 5183 5186 4911
5038 3 2 6 6 4907 5104 5012 5349
5039 3 2 6 6 4802 5078 5297 4955
5040 3 2 6 6 5097 559 560 5324
5041 3 2 6 6 4882 5352 4989 5242
5042 3 2 6 6 5146 4881 5366 5074
5043 3 2 6 6 4966 5262 5128 4915
5044 3 2 6 6 4950 5088 5275 4801
5045 3 2 6 6 4949 4800 5274 5089
5046 3 2 6 6 4915 5316 4821 5141
5047 3 2 6 6 4997 5315 4909 4797
5048 3 2 6 6 197 5310 5154 196
5049 3 2 6 6 132 133 5153 5311
5050 3 2 6 6 4972 5128 5262 4809
5051 3 2 6 6 5259 4822 5247 5110
5052 3 2 6 6 4935 5306 4827 5350
5053 3 2 6 6 5350 4827 5280 5158
5054 3 2 6 6 5007 5172 5195 4880
5055 3 2 6 6 4865 5162 5339 4954
5056 3 2 6 6 4844 5038 5337 5116
5057 3 2 6 6 4808 5271 5024 5358
5058 3 2 6 6 4928 5208 4909 5216
5059 3 2 6 6 4992 5087 4962 5346
5060 3 2 6 6 5095 4863 5304 5153
5061 3 2 6 6 5094 5154 5305 4864
5062 3 2 6 6 5293 5098 5335 4828
5063 3 2 6 6 4956 5243 4804 5203
5064 3 2 6 6 5045 5242 4845 5359
5065 3 2 6 6 5259 5110 5282 4922
5066 3 2 6 6 5266 4907 5215 5175
5067 3 2 6 6 5252 5159 5338 4958
5068 3 2 6 6 572 573 5279 5117
5069 3 2 6 6 5035 5296 5122 4891
5070 3 2 6 6 5022 4905 5331 5100
5071 3 2 6 6 5162 4830 5198 5339
5072 3 2 6 6 571 5120 5295 570
5073 3 2 6 6 5092 4828 5335 5344
5074 3 2 6 6 4983 5321 4927 5253
5075 3 2 6 6 5126 4894 5217 5207
5076 3 2 6 6 5125 5206 5218 4895
5077 3 2 6 6 5180 5003 5361 5257
5078 3 2 6 6 557 556 5169 5226
5079 3 2 6 6 509 5225 5168 510
5080 3 2 6 6 5006 5257 5361 4837
5081 3 2 6 6 4821 5316 4916 5161
5082 3 2 6 6 5324 5156 5284 4971
5083 3 2 6 6 4951 4896 5246 5187
5084 3 2 6 6 5236 5112 5352 4882
5085 3 2 6 6 5103 4871 5301 4919
5086 3 2 6 6 4958 5338 4820 5283
5087 3 2 6 6 4858 5166 4917 5346
5088 3 2 6 6 5337 5171 5298 4872
5089 3 2 6 6 4831 5155 4903 5243
5090 3 2 6 6 4850 5218 5206 4979
5091 3 2 6 6 5308 5207 5217 4978
5092 3 2 6 6 5010 5285 4893 5137
5093 3 2 6 6 4854 5264 5145 5044
5094 3 2 6 6 4853 5043 5144 5265
5095 3 2 6 6 4918 5258 4973 5303
5096 3 2 6 6 4795 5229 4914 5196
5097 3 2 6 6 5197 4923 5365 5107
5098 3 2 6 6 4853 5265 4920 5163
5099 3 2 6 6 4854 5164 4921 5264
5100 3 2 6 6 4972 4830 5297 5136
5101 3 2 6 6 4932 5293 4977 5288
5102 3 2 6 6 5192 5272 5360 5002
5103 3 2 6 6 4874 5347 4816 5111
5104 3 2 6 6 4805 5294 4984 5291
5105 3 2 6 6 4808 5287 4965 5271
5106 3 2 6 6 4973 5121 4935 5303
5107 3 2 6 6 5036 5148 4827 5306
5108 3 2 6 6 4993 5290 4908 5157
5109 3 2 6 6 5129 4920 5265 5144
5110 3 2 6 6 5130 5145 5264 4921
5111 3 2 6 6 5232 5133 5340 4929
5112 3 2 6 6 4809 5174 4933 5323
5113 3 2 6 6 5105 4912 5348 5170
5114 3 2 6 6 4957 5178 4816 5347
5115 3 2 6 6 5198 5014 5342 5339
5116 3 2 6 6 5175 5215 5365 4923
5117 3 2 6 6 4958 5283 4924 5278
5118 3 2 6 6 5094 4919 5301 5190
5119 3 2 6 6 5095 5191 5298 5171
5120 3 2 6 6 4881 5199 4956 5366
5121 3 2 6 6 5004 5336 4825 5142
5122 3 2 6 6 5304 4942 5311 5153
5123 3 2 6 6 5305 5154 5310 4943
5124 3 2 6 6 194 5190 5301 4986
5125 3 2 6 6 135 4987 5298 5191
5126 3 2 6 6 5312 4974 5284 5156
5127 3 2 6 6 5015 5223 5269 4897
5128 3 2 6 6 5032 5270 5224 4898
5129 3 2 6 6 4952 5221 4916 5263
5130 3 2 6 6 4925 5292 4823 5188
5131 3 2 6 6 4967 5313 4963 5151
5132 3 2 6 6 5272 4836 5181 5360
5133 3 2 6 6 4854 4937 5360 5181
5134 3 2 6 6 4837 5361 4938 5182
5135 3 2 6 6 4841 5185 4939 5167
5136 3 2 6 6 4903 5197 4804 5243
5137 3 2 6 6 4925 5300 4960 5292
5138 3 2 6 6 4926 5289 4959 5299
5139 3 2 6 6 4960 5320 4942 5304
5140 3 2 6 6 4959 5305 4943 5299
5141 3 2 6 6 5348 4820 5338 5170
5142 3 2 6 6 4840 5303 4935 5204
5143 3 2 6 6 4822 5259 4973 5258
5144 3 2 6 6 5119 5171 5337 4813
5145 3 2 6 6 5208 4928 5344 5185
5146 3 2 6 6 4795 4989 5352 5229
5147 3 2 6 6 5086 4842 5341 5332
5148 3 2 6 6 4951 5187 533 5345
5149 3 2 6 6 4935 5350 4930 5204
5150 3 2 6 6 5332 5341 5329 4968
5151 3 2 6 6 4992 5346 4917 5210
5152 3 2 6 6 4907 5349 4843 5215
5153 3 2 6 6 4991 5233 5354 4891
5154 3 2 6 6 5059 5329 5341 4944
5155 3 2 6 6 4960 5300 4832 5320
5156 3 2 6 6 4997 4893 5362 5239
5157 3 2 6 6 5042 5241 4934 5351
5158 3 2 6 6 4968 5261 4931 5332
5159 3 2 6 6 4912 5281 5029 5348
5160 3 2 6 6 5291 5353 5343 4941
5161 3 2 6 6 4825 5343 5353 5007
5162 3 2 6 6 527 5364 5342 528
5163 3 2 6 6 4908 5107 5365 5302
5164 3 2 6 6 5215 4843 5302 5365
5165 3 2 6 6 4948 5327 525 5363
5166 3 2 6 6 5339 5342 5364 4954
5167 3 2 6 6 574 575 5031 5020
5168 3 2 7 7 164 9 165 5557
5169 3 2 7 7 5494 5399 5508 5644
5170 3 2 7 7 5493 5643 5507 5398
5171 3 2 7 7 179 5587 5576 178
5172 3 2 7 7 150 151 5577 5586
5173 3 2 7 7 5706 5458 5524 5381
5174 3 2 7 7 5707 5382 5525 5457
5175 3 2 7 7 142 143 5651 5500
5176 3 2 7 7 187 5499 5652 186
5177 3 2 7 7 163 5626 5496 162
5178 3 2 7 7 166 167 5495 5625
5179 3 2 7 7 5542 5434 5623 5639
5180 3 2 7 7 5385 5579 5414 5465
5181 3 2 7 7 5470 5654 5442 5517
5182 3 2 7 7 5492 5605 5559 5412
5183 3 2 7 7 5442 5552 5368 5566
5184 3 2 7 7 5441 5565 5369 5553
5185 3 2 7 7 5606 5419 5618 5468
5186 3 2 7 7 5708 5455 5573 5387
5187 3 2 7 7 5495 5431 5632 5588
5188 3 2 7 7 5512 5392 5691 5475
5189 3 2 7 7 5676 5447 5683 5554
5190 3 2 7 7 5677 5555 5682 5446
5191 3 2 7 7 575 574 5574 5489
5192 3 2 7 7 5498 5467 5645 5396
5193 3 2 7 7 5497 5397 5646 5717
5194 3 2 7 7 5462 5575 5426 5743
5195 3 2 7 7 5460 5602 5414 5579
5196 3 2 7 7 5393 5506 5462 5668
5197 3 2 7 7 5445 5629 5397 5497
5198 3 2 7 7 5530 5717 5646 5406
5199 3 2 7 7 5531 5405 5645 5467
5200 3 2 7 7 5459 5599 5408 5550
5201 3 2 7 7 5505 5674 559 5568
5202 3 2 7 7 5504 5569 585 5673
5203 3 2 7 7 179 180 5718 5587
5204 3 2 7 7 150 5586 5719 149
5205 3 2 7 7 5482 5667 5435 5620
5206 3 2 7 7 5483 5621 5436 5666
5207 3 2 7 7 5428 5583 5380 5506
5208 3 2 7 7 5378 5513 5624 5602
5209 3 2 7 7 5679 5566 5642 5466
5210 3 2 7 7 5606 5389 5591 5463
5211 3 2 7 7 5553 5472 5627 5407
5212 3 2 7 7 5649 5547 5691 5392
5213 3 2 7 7 5606 5468 5634 5389
5214 3 2 7 7 5607 5388 5633 5469
5215 3 2 7 7 5519 5396 5645 5474
5216 3 2 7 7 5538 5473 5646 5397
5217 3 2 7 7 5521 5469 5546 5371
5218 3 2 7 7 5474 5687 5374 5519
5219 3 2 7 7 5371 5713 5456 5484
5220 3 2 7 7 5608 5384 5627 5472
5221 3 2 7 7 5464 5592 5470 5388
5222 3 2 7 7 5578 5407 5627 5478
5223 3 2 7 7 5479 5636 5367 5705
5224 3 2 7 7 5494 5652 5499 5529
5225 3 2 7 7 5493 5440 5500 5651
5226 3 2 7 7 5472 5553 5369 5656
5227 3 2 7 7 170 5480 5560 169
5228 3 2 7 7 159 160 5561 5481
5229 3 2 7 7 5509 5488 5712 5404
5230 3 2 7 7 156 5497 5717 155
5231 3 2 7 7 173 174 5467 5498
5232 3 2 7 7 5557 165 166 5625
5233 3 2 7 7 5557 5626 163 164
5234 3 2 7 7 5525 5486 5661 5403
5235 3 2 7 7 5524 5402 5662 5487
5236 3 2 7 7 5597 5503 5612 5401
5237 3 2 7 7 5598 5400 5611 5502
5238 3 2 7 7 5444 5498 5396 5670
5239 3 2 7 7 5501 5479 5619 5417
5240 3 2 7 7 5708 5387 5657 5539
5241 3 2 7 7 5475 5731 5434 5613
5242 3 2 7 7 5405 5683 5474 5645
5243 3 2 7 7 5406 5646 5473 5682
5244 3 2 7 7 5481 5658 5429 5593
5245 3 2 7 7 5685 5478 5604 5417
5246 3 2 7 7 571 5528 5712 572
5247 3 2 7 7 5384 5501 5417 5604
5248 3 2 7 7 5510 5583 5444 5670
5249 3 2 7 7 5428 5549 5444 5583
5250 3 2 7 7 5429 5582 5445 5548
5251 3 2 7 7 5372 5716 5709 5545
5252 3 2 7 7 5640 5460 5579 5520
5253 3 2 7 7 5648 5480 5659 5393
5254 3 2 7 7 5464 5586 5416 5592
5255 3 2 7 7 5463 5591 5415 5587
5256 3 2 7 7 5489 5574 5488 5413
5257 3 2 7 7 5482 583 582 5667
5258 3 2 7 7 5483 5666 562 561
5259 3 2 7 7 5473 5538 5373 5686
5260 3 2 7 7 5456 5572 5664 5484
5261 3 2 7 7 5488 573 572 5712
5262 3 2 7 7 5459 5694 5523 5412
5263 3 2 7 7 5655 5516 5729 5441
5264 3 2 7 7 5701 5427 5622 5489
5265 3 2 7 7 570 5514 5443 5672
5266 3 2 7 7 5640 5520 5735 5395
5267 3 2 7 7 5459 5412 5559 5704
5268 3 2 7 7 5404 5724 5601 5509
5269 3 2 7 7 5705 5492 5678 5448
5270 3 2 7 7 5372 5468 5618 5522
5271 3 2 7 7 5420 5469 5521 5617
5272 3 2 7 7 5746 5711 5368 5552
5273 3 2 7 7 5570 5375 5726 5490
5274 3 2 7 7 5538 5397 5629 5491
5275 3 2 7 7 5573 5716 5751 5485
5276 3 2 7 7 5598 5500 5540 5400
5277 3 2 7 7 5597 5401 5541 5499
5278 3 2 7 7 5532 181 182 5615
5279 3 2 7 7 5533 5616 147 148
5280 3 2 7 7 5551 5411 5564 5514
5281 3 2 7 7 570 569 5551 5514
5282 3 2 7 7 5413 5570 5700 5394
5283 3 2 7 7 5487 563 562 5695
5284 3 2 7 7 5486 5600 582 581
5285 3 2 7 7 5420 5617 5398 5507
5286 3 2 7 7 5419 5508 5399 5618
5287 3 2 7 7 5488 5509 5570 5413
5288 3 2 7 7 5462 5506 5380 5575
5289 3 2 7 7 5481 5392 5512 5658
5290 3 2 7 7 5697 5491 5734 5424
5291 3 2 7 7 5513 5378 5681 5564
5292 3 2 7 7 5492 5558 5390 5678
5293 3 2 7 7 5413 5394 5701 5489
5294 3 2 7 7 563 5487 5662 564
5295 3 2 7 7 581 580 5661 5486
5296 3 2 7 7 5705 5367 5605 5492
5297 3 2 7 7 5485 5663 5438 5573
5298 3 2 7 7 5449 5726 5375 5511
5299 3 2 7 7 5565 5410 5709 5515
5300 3 2 7 7 5594 5432 5610 5496
5301 3 2 7 7 5427 5657 5477 5689
5302 3 2 7 7 5589 5484 5664 5402
5303 3 2 7 7 5590 5403 5663 5485
5304 3 2 7 7 5594 5496 5626 5418
5305 3 2 7 7 5588 5418 5625 5495
5306 3 2 7 7 140 141 5598 5502
5307 3 2 7 7 189 5503 5597 188
5308 3 2 7 7 138 139 5585 5505
5309 3 2 7 7 191 5504 5584 190
5310 3 2 7 7 5492 5412 5523 5558
5311 3 2 7 7 5570 5509 5601 5375
5312 3 2 7 7 5388 5607 5533 5464
5313 3 2 7 7 5428 5506 5393 5659
5314 3 2 7 7 5583 5510 5727 5380
5315 3 2 7 7 5581 5576 5587 5415
5316 3 2 7 7 5580 5416 5586 5577
5317 3 2 7 7 5516 5655 5742 5471
5318 3 2 7 7 5376 5654 5470 5592
5319 3 2 7 7 5708 5515 5709 5455
5320 3 2 7 7 5401 5612 5638 5482
5321 3 2 7 7 5400 5483 5637 5611
5322 3 2 7 7 567 566 5688 5556
5323 3 2 7 7 5582 5429 5658 5512
5324 3 2 7 7 171 172 5630 5549
5325 3 2 7 7 158 5548 5631 157
5326 3 2 7 7 5649 5432 5594 5547
5327 3 2 7 7 5374 5578 5478 5685
5328 3 2 7 7 5519 5510 5670 5396
5329 3 2 7 7 5690 5395 5671 5511
5330 3 2 7 7 5459 5550 5373 5694
5331 3 2 7 7 5475 5613 5379 5512
5332 3 2 7 7 5479 5501 5433 5636
5333 3 2 7 7 5519 5430 5727 5510
5334 3 2 7 7 169 5560 5609 168
5335 3 2 7 7 160 161 5610 5561
5336 3 2 7 7 5498 5444 5549 5630
5337 3 2 7 7 5497 5631 5548 5445
5338 3 2 7 7 5500 5598 141 142
5339 3 2 7 7 5499 187 188 5597
5340 3 2 7 7 5418 5588 5383 5594
5341 3 2 7 7 5379 5613 5434 5542
5342 3 2 7 7 5425 5624 5513 5740
5343 3 2 7 7 5470 5517 5633 5388
5344 3 2 7 7 5471 5389 5634 5516
5345 3 2 7 7 5488 5574 574 573
5346 3 2 7 7 5490 5696 5423 5660
5347 3 2 7 7 5707 5522 5618 5399
5348 3 2 7 7 5706 5398 5617 5521
5349 3 2 7 7 5504 191 192 5569
5350 3 2 7 7 5505 5568 137 138
5351 3 2 7 7 5414 5711 5746 5465
5352 3 2 7 7 5536 565 564 5662
5353 3 2 7 7 5537 5661 580 579
5354 3 2 7 7 5486 5525 5382 5600
5355 3 2 7 7 5487 5695 5381 5524
5356 3 2 7 7 5458 5589 5402 5524
5357 3 2 7 7 5457 5525 5403 5590
5358 3 2 7 7 5619 5518 5685 5417
5359 3 2 7 7 5495 5609 5560 5431
5360 3 2 7 7 5536 5688 566 565
5361 3 2 7 7 5502 5585 139 140
5362 3 2 7 7 5503 189 190 5584
5363 3 2 7 7 5477 577 576 5689
5364 3 2 7 7 154 5530 5595 153
5365 3 2 7 7 175 176 5596 5531
5366 3 2 7 7 5552 5442 5654 5526
5367 3 2 7 7 5553 5527 5655 5441
5368 3 2 7 7 5484 5752 5521 5371
5369 3 2 7 7 5716 5372 5522 5751
5370 3 2 7 7 5564 5411 5740 5513
5371 3 2 7 7 5409 5679 5456 5713
5372 3 2 7 7 158 5593 5429 5548
5373 3 2 7 7 171 5549 5428 5659
5374 3 2 7 7 5552 5526 5715 5408
5375 3 2 7 7 5533 148 149 5719
5376 3 2 7 7 5532 5718 180 181
5377 3 2 7 7 5425 5665 5466 5642
5378 3 2 7 7 5553 5407 5710 5527
5379 3 2 7 7 5714 5518 5669 5430
5380 3 2 7 7 5707 5457 5751 5522
5381 3 2 7 7 5706 5521 5752 5458
5382 3 2 7 7 5392 5481 5561 5649
5383 3 2 7 7 5580 5453 5702 5555
5384 3 2 7 7 5581 5554 5703 5452
5385 3 2 7 7 586 585 5569 5721
5386 3 2 7 7 558 5720 5568 559
5387 3 2 7 7 5707 5529 5733 5382
5388 3 2 7 7 5706 5381 5732 5440
5389 3 2 7 7 5708 5539 5725 5451
5390 3 2 7 7 569 568 5736 5551
5391 3 2 7 7 5682 5555 5702 5406
5392 3 2 7 7 5683 5405 5703 5554
5393 3 2 7 7 5676 5554 5581 5377
5394 3 2 7 7 5677 5376 5580 5555
5395 3 2 7 7 5381 5695 5436 5621
5396 3 2 7 7 5382 5620 5435 5600
5397 3 2 7 7 5385 5599 5459 5704
5398 3 2 7 7 5424 5639 5390 5558
5399 3 2 7 7 577 5477 5684 5603
5400 3 2 7 7 5469 5420 5533 5607
5401 3 2 7 7 5463 5532 5419 5606
5402 3 2 7 7 5556 5641 5741 5461
5403 3 2 7 7 5579 5385 5747 5520
5404 3 2 7 7 5582 5737 5629 5445
5405 3 2 7 7 5496 5610 161 162
5406 3 2 7 7 5495 167 168 5609
5407 3 2 7 7 5735 5520 5747 5454
5408 3 2 7 7 5655 5527 5676 5377
5409 3 2 7 7 5654 5376 5677 5526
5410 3 2 7 7 5714 5374 5685 5518
5411 3 2 7 7 5584 5422 5612 5503
5412 3 2 7 7 5585 5502 5611 5421
5413 3 2 7 7 5480 170 171 5659
5414 3 2 7 7 5481 5593 158 159
5415 3 2 7 7 5456 5698 5386 5572
5416 3 2 7 7 5655 5377 5581 5742
5417 3 2 7 7 5653 5515 5708 5451
5418 3 2 7 7 5409 5546 5469 5633
5419 3 2 7 7 5372 5545 5634 5468
5420 3 2 7 7 5558 5523 5697 5424
5421 3 2 7 7 5507 5616 5533 5420
5422 3 2 7 7 5508 5419 5532 5615
5423 3 2 7 7 5625 5418 5626 5557
5424 3 2 7 7 5634 5410 5729 5516
5425 3 2 7 7 5633 5517 5730 5409
5426 3 2 7 7 5712 5528 5692 5404
5427 3 2 7 7 5620 5382 5733 5541
5428 3 2 7 7 5621 5540 5732 5381
5429 3 2 7 7 5661 5537 5663 5403
5430 3 2 7 7 5662 5402 5664 5536
5431 3 2 7 7 5472 5656 5543 5423
5432 3 2 7 7 5672 5443 5692 5528
5433 3 2 7 7 5650 5391 5680 5567
5434 3 2 7 7 5446 5686 5373 5550
5435 3 2 7 7 5374 5714 5430 5519
5436 3 2 7 7 5642 5563 5624 5425
5437 3 2 7 7 5697 5523 5694 5373
5438 3 2 7 7 5725 5539 5701 5394
5439 3 2 7 7 5632 5431 5648 5728
5440 3 2 7 7 152 5744 5577 151
5441 3 2 7 7 177 178 5576 5745
5442 3 2 7 7 5501 5384 5608 5628
5443 3 2 7 7 5635 5567 5680 5448
5444 3 2 7 7 5483 561 560 5637
5445 3 2 7 7 5482 5638 584 583
5446 3 2 7 7 5518 5619 5391 5669
5447 3 2 7 7 5605 5367 5636 5562
5448 3 2 7 7 5575 5535 5650 5426
5449 3 2 7 7 5489 5622 576 575
5450 3 2 7 7 5734 5542 5639 5424
5451 3 2 7 7 5588 5632 5693 5383
5452 3 2 7 7 5653 5543 5656 5369
5453 3 2 7 7 5511 5375 5601 5690
5454 3 2 7 7 5594 5383 5693 5547
5455 3 2 7 7 5537 579 578 5722
5456 3 2 7 7 5483 5400 5540 5621
5457 3 2 7 7 5482 5620 5541 5401
5458 3 2 7 7 5688 5439 5641 5556
5459 3 2 7 7 5497 156 157 5631
5460 3 2 7 7 5498 5630 172 173
5461 3 2 7 7 562 5666 5436 5695
5462 3 2 7 7 582 5600 5435 5667
5463 3 2 7 7 5491 5697 5373 5538
5464 3 2 7 7 5551 5736 5556 5461
5465 3 2 7 7 5602 5624 5563 5414
5466 3 2 7 7 5691 5547 5693 5476
5467 3 2 7 7 5663 5537 5722 5438
5468 3 2 7 7 5671 5562 5636 5433
5469 3 2 7 7 5535 5669 5391 5650
5470 3 2 7 7 5411 5551 5461 5748
5471 3 2 7 7 5460 5647 5378 5602
5472 3 2 7 7 5669 5535 5727 5430
5473 3 2 7 7 5587 5718 5532 5463
5474 3 2 7 7 5586 5464 5533 5719
5475 3 2 7 7 5566 5368 5563 5642
5476 3 2 7 7 5647 5534 5681 5378
5477 3 2 7 7 5584 5504 5673 5422
5478 3 2 7 7 5585 5421 5674 5505
5479 3 2 7 7 5664 5439 5688 5536
5480 3 2 7 7 5480 5648 5431 5560
5481 3 2 7 7 5610 5432 5649 5561
5482 3 2 7 7 5575 5380 5727 5535
5483 3 2 7 7 5647 5437 5724 5534
5484 3 2 7 7 5639 5623 5635 5390
5485 3 2 7 7 5528 571 570 5672
5486 3 2 7 7 5460 5640 5437 5647
5487 3 2 7 7 5665 5425 5740 5544
5488 3 2 7 7 5500 5440 5732 5540
5489 3 2 7 7 5499 5541 5733 5529
5490 3 2 7 7 5515 5653 5369 5565
5491 3 2 7 7 5493 5398 5706 5440
5492 3 2 7 7 5494 5529 5707 5399
5493 3 2 7 7 5664 5572 5641 5439
5494 3 2 7 7 5692 5534 5724 5404
5495 3 2 7 7 5573 5455 5709 5716
5496 3 2 7 7 5562 5671 5395 5735
5497 3 2 7 7 5652 5494 5644 5749
5498 3 2 7 7 5651 5750 5643 5493
5499 3 2 7 7 5657 5427 5701 5539
5500 3 2 7 7 145 146 5739 5643
5501 3 2 7 7 184 5644 5738 183
5502 3 2 7 7 5668 5462 5743 5571
5503 3 2 7 7 5634 5545 5709 5410
5504 3 2 7 7 5665 5544 5741 5386
5505 3 2 7 7 186 5652 5749 185
5506 3 2 7 7 143 144 5750 5651
5507 3 2 7 7 5387 5684 5477 5657
5508 3 2 7 7 5514 5564 5681 5443
5509 3 2 7 7 5675 5571 5743 5370
5510 3 2 7 7 5395 5690 5437 5640
5511 3 2 7 7 5409 5713 5371 5546
5512 3 2 7 7 5556 5736 568 567
5513 3 2 7 7 5414 5563 5368 5711
5514 3 2 7 7 5635 5450 5699 5567
5515 3 2 7 7 5653 5451 5725 5543
5516 3 2 7 7 5384 5604 5478 5627
5517 3 2 7 7 5530 154 155 5717
5518 3 2 7 7 5531 5467 174 175
5519 3 2 7 7 5446 5550 5408 5715
5520 3 2 7 7 5679 5409 5730 5566
5521 3 2 7 7 5386 5698 5466 5665
5522 3 2 7 7 5660 5700 5570 5490
5523 3 2 7 7 5740 5411 5748 5544
5524 3 2 7 7 5635 5623 5614 5450
5525 3 2 7 7 5615 5738 5644 5508
5526 3 2 7 7 5616 5507 5643 5739
5527 3 2 7 7 5517 5442 5566 5730
5528 3 2 7 7 5410 5565 5441 5729
5529 3 2 7 7 5643 5750 144 145
5530 3 2 7 7 5644 184 185 5749
5531 3 2 7 7 5447 5578 5374 5687
5532 3 2 7 7 5571 5675 5691 5476
5533 3 2 7 7 5391 5619 5479 5680
5534 3 2 7 7 5438 5684 5387 5573
5535 3 2 7 7 5473 5686 5446 5682
5536 3 2 7 7 5474 5683 5447 5687
5537 3 2 7 7 5704 5559 5747 5385
5538 3 2 7 7 5605 5562 5735 5454
5539 3 2 7 7 5605 5454 5747 5559
5540 3 2 7 7 5389 5471 5742 5591
5541 3 2 7 7 5684 5438 5722 5603
5542 3 2 7 7 5567 5699 5426 5650
5543 3 2 7 7 5472 5423 5696 5608
5544 3 2 7 7 5628 5608 5696 5449
5545 3 2 7 7 193 5721 5569 192
5546 3 2 7 7 136 137 5568 5720
5547 3 2 7 7 5407 5578 5447 5710
5548 3 2 7 7 5623 5434 5731 5614
5549 3 2 7 7 5580 5577 5744 5453
5550 3 2 7 7 5581 5452 5745 5576
5551 3 2 7 7 5448 5680 5479 5705
5552 3 2 7 7 5612 5422 5673 5638
5553 3 2 7 7 5611 5637 5674 5421
5554 3 2 7 7 5448 5678 5390 5635
5555 3 2 7 7 585 584 5638 5673
5556 3 2 7 7 559 5674 5637 560
5557 3 2 7 7 5743 5426 5699 5450
5558 3 2 7 7 5484 5589 5458 5752
5559 3 2 7 7 5485 5751 5457 5590
5560 3 2 7 7 5572 5386 5741 5641
5561 3 2 7 7 5534 5692 5443 5681
5562 3 2 7 7 5405 5531 5596 5703
5563 3 2 7 7 5406 5702 5595 5530
5564 3 2 7 7 5571 5476 5728 5668
5565 3 2 7 7 5512 5379 5737 5582
5566 3 2 7 7 5376 5592 5416 5580
5567 3 2 7 7 5591 5742 5581 5415
5568 3 2 7 7 5427 5689 576 5622
5569 3 2 7 7 5552 5408 5599 5746
5570 3 2 7 7 5501 5628 5723 5433
5571 3 2 7 7 5690 5601 5724 5437
5572 3 2 7 7 183 5738 5615 182
5573 3 2 7 7 146 147 5616 5739
5574 3 2 7 7 5693 5632 5728 5476
5575 3 2 7 7 5734 5491 5629 5737
5576 3 2 7 7 5703 5596 5745 5452
5577 3 2 7 7 5702 5453 5744 5595
5578 3 2 7 7 5385 5465 5746 5599
5579 3 2 7 7 5614 5731 5675 5370
5580 3 2 7 7 577 5603 5722 578
5581 3 2 7 7 5466 5698 5456 5679
5582 3 2 7 7 176 177 5745 5596
5583 3 2 7 7 153 5595 5744 152
5584 3 2 7 7 5542 5734 5737 5379
5585 3 2 7 7 5614 5370 5743 5450
5586 3 2 7 7 5423 5543 5725 5660
5587 3 2 7 7 5511 5723 5628 5449
5588 3 2 7 7 5433 5723 5511 5671
5589 3 2 7 7 5527 5710 5447 5676
5590 3 2 7 7 5700 5660 5725 5394
5591 3 2 7 7 5668 5728 5648 5393
5592 3 2 7 7 5526 5677 5446 5715
5593 3 2 7 7 5691 5675 5731 5475
5594 3 2 7 7 5490 5726 5449 5696
5595 3 2 7 7 5544 5748 5461 5741
5596 3 2 7 7 5720 558 8 136
5597 3 2 7 7 5721 193 10 586
$EndElements
