$MeshFormat
2.2 0 8
$EndMeshFormat
$Nodes
3272
1 0 0 0
2 0.25 0 0
3 0.5 0 0
4 0.75 0 0
5 1 0 0
6 1 0.25 0
7 1 0.5 0
8 1 0.75 0
9 1 1 0
10 0.75 1 0
11 0.5 1 0
12 0.25 1 0
13 0 1 0
14 0 0.75 0
15 0 0.5 0
16 0 0.25 0
17 0.01249999999997485 0 0
18 0.02499999999995354 0 0
19 0.03749999999992572 0 0
20 0.04999999999988923 0 0
21 0.06249999999985274 0 0
22 0.07499999999981626 0 0
23 0.08749999999977977 0 0
24 0.09999999999974328 0 0
25 0.1124999999997068 0 0
26 0.124999999999673 0 0
27 0.1374999999997033 0 0
28 0.1499999999997363 0 0
29 0.1624999999997692 0 0
30 0.1749999999998022 0 0
31 0.1874999999998352 0 0
32 0.1999999999998681 0 0
33 0.2124999999999011 0 0
34 0.2249999999999341 0 0
35 0.237499999999967 0 0
36 0.2634044220327801 0 0
37 0.2805994666311826 0 0
38 0.2991072708488281 0 0
39 0.3178351495485842 0 0
40 0.336637491973992 0 0
41 0.3553930364474322 0 0
42 0.374109357508668 0 0
43 0.392661035404535 0 0
44 0.4109789618495466 0 0
45 0.4293954346214575 0 0
46 0.4482870741538599 0 0
47 0.4672290065701776 0 0
48 0.4851174938184739 0 0
49 0.516345948973698 0 0
50 0.536099268018589 0 0
51 0.5560822696845616 0 0
52 0.5760199834409951 0 0
53 0.5959939725758439 0 0
54 0.6159769742418165 0 0
55 0.6358181795088236 0 0
56 0.6553928425490245 0 0
57 0.6751060905998441 0 0
58 0.6947383856846994 0 0
59 0.7140666807444955 0 0
60 0.7311271156071699 0 0
61 0.7625 0 0
62 0.775 0 0
63 0.7875 0 0
64 0.8 0 0
65 0.8125 0 0
66 0.825 0 0
67 0.8375 0 0
68 0.85 0 0
69 0.8625 0 0
70 0.875 0 0
71 0.8875 0 0
72 0.9 0 0
73 0.9125 0 0
74 0.925 0 0
75 0.9375 0 0
76 0.95 0 0
77 0.9625 0 0
78 0.975 0 0
79 0.9875 0 0
80 1 0.01249999999997485 0
81 1 0.02499999999995354 0
82 1 0.03749999999992572 0
83 1 0.04999999999988923 0
84 1 0.06249999999985274 0
85 1 0.07499999999981626 0
86 1 0.08749999999977977 0
87 1 0.09999999999974328 0
88 1 0.1124999999997068 0
89 1 0.124999999999673 0
90 1 0.1374999999997033 0
91 1 0.1499999999997363 0
92 1 0.1624999999997692 0
93 1 0.1749999999998022 0
94 1 0.1874999999998352 0
95 1 0.1999999999998681 0
96 1 0.2124999999999011 0
97 1 0.2249999999999341 0
98 1 0.237499999999967 0
99 1 0.2686789589803684 0
100 1 0.2854818189794165 0
101 1 0.3045515956970418 0
102 1 0.3239535610395986 0
103 1 0.3434800458979186 0
104 1 0.3629149180153735 0
105 1 0.3825945936936178 0
106 1 0.402368108121617 0
107 1 0.4221378882791677 0
108 1 0.4418623368995569 0
109 1 0.4616343495470418 0
110 1 0.481407863975041 0
111 1 0.5150443398281976 0
112 1 0.533237654778272 0
113 1 0.5526260550178547 0
114 1 0.5719001558349373 0
115 1 0.5906383819550369 0
116 1 0.6090501209373637 0
117 1 0.6271766729157733 0
118 1 0.644958553245258 0
119 1 0.6625059509766256 0
120 1 0.6805929866126916 0
121 1 0.6995555789294881 0
122 1 0.7186329040183209 0
123 1 0.7363345743107271 0
124 1 0.7625 0
125 1 0.775 0
126 1 0.7875 0
127 1 0.8 0
128 1 0.8125 0
129 1 0.825 0
130 1 0.8375 0
131 1 0.85 0
132 1 0.8625 0
133 1 0.875 0
134 1 0.8875 0
135 1 0.9 0
136 1 0.9125 0
137 1 0.925 0
138 1 0.9375 0
139 1 0.95 0
140 1 0.9625 0
141 1 0.975 0
142 1 0.9875 0
143 0.9875 1 0
144 0.975 1 0
145 0.9625 1 0
146 0.95 1 0
147 0.9375 1 0
148 0.925 1 0
149 0.9125 1 0
150 0.9 1 0
151 0.8875 1 0
152 0.875 1 0
153 0.8625 1 0
154 0.85 1 0
155 0.8375 1 0
156 0.825 1 0
157 0.8125 1 0
158 0.8 1 0
159 0.7875 1 0
160 0.775 1 0
161 0.7625 1 0
162 0.7366156222154754 1 0
163 0.7194475801069052 1 0
164 0.7009624766582906 1 0
165 0.6822096422867012 1 0
166 0.663294169191222 1 0
167 0.64427938709389 1 0
168 0.6255666238203665 1 0
169 0.6072447575276902 1 0
170 0.588948207227488 1 0
171 0.5703957795829961 1 0
172 0.5513418796547248 1 0
173 0.5323834250539318 1 0
174 0.5146996006075386 1 0
175 0.4847759439011186 1 0
176 0.4662462695422121 1 0
177 0.4475434829663 1 0
178 0.4292762457353309 1 0
179 0.411168979485488 1 0
180 0.3929858759161025 1 0
181 0.3746568565493915 1 0
182 0.3564866936641995 1 0
183 0.3382115287782863 1 0
184 0.3197898199501782 1 0
185 0.3015266278805657 1 0
186 0.2833857070914479 1 0
187 0.2677415718925227 1 0
188 0.2374999999999479 1 0
189 0.2249999999998959 1 0
190 0.2124999999999133 1 0
191 0.2 1 0
192 0.1875000000000868 1 0
193 0.1750000000001735 1 0
194 0.1625000000002602 1 0
195 0.1500000000003469 1 0
196 0.1375000000004336 1 0
197 0.1250000000005149 1 0
198 0.1125000000004683 1 0
199 0.1000000000004163 1 0
200 0.0875000000003642 1 0
201 0.07500000000031218 1 0
202 0.06250000000026015 1 0
203 0.05000000000020813 1 0
204 0.0375000000001561 1 0
205 0.02500000000010405 1 0
206 0.01250000000005203 1 0
207 0 0.9875 0
208 0 0.975 0
209 0 0.9625 0
210 0 0.95 0
211 0 0.9375 0
212 0 0.925 0
213 0 0.9125 0
214 0 0.9 0
215 0 0.8875 0
216 0 0.875 0
217 0 0.8625 0
218 0 0.85 0
219 0 0.8375 0
220 0 0.825 0
221 0 0.8125 0
222 0 0.8 0
223 0 0.7875 0
224 0 0.775 0
225 0 0.7625 0
226 0 0.7320682275127101 0
227 0 0.7162600209368717 0
228 0 0.6981403340712996 0
229 0 0.6798692504227624 0
230 0 0.6614870909066993 0
231 0 0.6432833877024421 0
232 0 0.6251189174120313 0
233 0 0.6068103054588385 0
234 0 0.5886552153661713 0
235 0 0.5705357551406721 0
236 0 0.5522546120635105 0
237 0 0.5335831752371781 0
238 0 0.515108660303356 0
239 0 0.4850701622061693 0
240 0 0.4669617055990095 0
241 0 0.4475643210095893 0
242 0 0.428233535755817 0
243 0 0.4094557507123178 0
244 0 0.3910485065530643 0
245 0 0.372927724219663 0
246 0 0.355135176584132 0
247 0 0.3375754736080813 0
248 0 0.3195357950232618 0
249 0 0.3006475612340377 0
250 0 0.2815542414475497 0
251 0 0.2637471970462925 0
252 0 0.2374999999999479 0
253 0 0.2249999999998959 0
254 0 0.2124999999999133 0
255 0 0.2 0
256 0 0.1875000000000868 0
257 0 0.1750000000001735 0
258 0 0.1625000000002602 0
259 0 0.1500000000003469 0
260 0 0.1375000000004336 0
261 0 0.1250000000005149 0
262 0 0.1125000000004683 0
263 0 0.1000000000004163 0
264 0 0.0875000000003642 0
265 0 0.07500000000031218 0
266 0 0.06250000000026015 0
267 0 0.05000000000020813 0
268 0 0.0375000000001561 0
269 0 0.02500000000010405 0
270 0 0.01250000000005203 0
271 0.2416666666666573 0.008333333333342704 0
272 0.2333333333333154 0.01666666666668463 0
273 0.2249999999999711 0.02500000000002888 0
274 0.2166666666666398 0.03333333333336019 0
275 0.2083333333333475 0.04166666666665248 0
276 0.2000000000000552 0.04999999999994477 0
277 0.1916666666667629 0.05833333333323706 0
278 0.1833333333334707 0.06666666666652932 0
279 0.1750000000001784 0.07499999999982158 0
280 0.1666666666668862 0.08333333333311384 0
281 0.1583333333335939 0.09166666666640609 0
282 0.1500000000003016 0.09999999999969836 0
283 0.1416666666670094 0.1083333333329906 0
284 0.1333333333337171 0.1166666666662829 0
285 0.1250000000004208 0.1249999999995792 0
286 0.1166666666670632 0.1333333333329368 0
287 0.1083333333337015 0.1416666666662985 0
288 0.1000000000003399 0.1499999999996601 0
289 0.09166666666697823 0.1583333333330218 0
290 0.08333333333361656 0.1666666666663834 0
291 0.07500000000025492 0.1749999999997451 0
292 0.06666666666689328 0.1833333333331067 0
293 0.05833333333353161 0.1916666666664684 0
294 0.05000000000016994 0.1999999999998301 0
295 0.04166666666680829 0.2083333333331917 0
296 0.03333333333344662 0.2166666666665534 0
297 0.02500000000008498 0.224999999999915 0
298 0.01666666666672331 0.2333333333332767 0
299 0.00833333333336167 0.2416666666666383 0
300 0.4899999999999886 0.01000000000001141 0
301 0.4799999999999779 0.0200000000000221 0
302 0.4699999999999679 0.03000000000003205 0
303 0.4599999999999554 0.04000000000004457 0
304 0.4499999999999422 0.05000000000005776 0
305 0.4399999999999313 0.06000000000006874 0
306 0.4299999999999627 0.0700000000000373 0
307 0.420000000000012 0.07999999999998804 0
308 0.4100000000000612 0.0899999999999388 0
309 0.4000000000001105 0.09999999999988954 0
310 0.3900000000001597 0.1099999999998403 0
311 0.3800000000002089 0.119999999999791 0
312 0.3700000000002582 0.1299999999997417 0
313 0.3600000000003075 0.1399999999996925 0
314 0.3500000000003568 0.1499999999996432 0
315 0.3400000000004061 0.1599999999995939 0
316 0.3300000000004554 0.1699999999995446 0
317 0.3200000000005047 0.1799999999994953 0
318 0.3100000000005539 0.189999999999446 0
319 0.3000000000006033 0.1999999999993967 0
320 0.2900000000006526 0.2099999999993474 0
321 0.2800000000007019 0.2199999999992981 0
322 0.2700000000007511 0.2299999999992489 0
323 0.2600000000008004 0.2399999999991996 0
324 0.2500000000008416 0.2499999999991584 0
325 0.2400000000008157 0.2599999999991843 0
326 0.2300000000007817 0.2699999999992183 0
327 0.2200000000007477 0.2799999999992523 0
328 0.2100000000007138 0.2899999999992862 0
329 0.2000000000006797 0.2999999999993203 0
330 0.1900000000006458 0.3099999999993542 0
331 0.1800000000006118 0.3199999999993882 0
332 0.1700000000005778 0.3299999999994222 0
333 0.1600000000005438 0.3399999999994562 0
334 0.1500000000005098 0.3499999999994902 0
335 0.1400000000004759 0.3599999999995241 0
336 0.1300000000004419 0.3699999999995581 0
337 0.1200000000004078 0.3799999999995922 0
338 0.1100000000003739 0.3899999999996261 0
339 0.1000000000003399 0.3999999999996601 0
340 0.09000000000030595 0.4099999999996941 0
341 0.08000000000027196 0.419999999999728 0
342 0.07000000000023793 0.4299999999997621 0
343 0.06000000000020395 0.4399999999997961 0
344 0.05000000000016996 0.44999999999983 0
345 0.04000000000013593 0.4599999999998641 0
346 0.030000000000102 0.469999999999898 0
347 0.02000000000006802 0.479999999999932 0
348 0.01000000000003404 0.489999999999966 0
349 0.7375000000001026 0.01249999999989739 0
350 0.7250000000002057 0.02499999999979433 0
351 0.7125000000003088 0.03749999999969127 0
352 0.7000000000003819 0.04999999999961817 0
353 0.6875000000003919 0.06249999999960804 0
354 0.6750000000003967 0.07499999999960327 0
355 0.6625000000004015 0.08749999999959851 0
356 0.6500000000004583 0.09999999999954172 0
357 0.6375000000005672 0.1124999999994329 0
358 0.6250000000006679 0.1249999999993321 0
359 0.6125000000006888 0.1374999999993111 0
360 0.6000000000006936 0.1499999999993064 0
361 0.5875000000006985 0.1624999999993016 0
362 0.5750000000007032 0.1749999999992968 0
363 0.5625000000007079 0.1874999999992921 0
364 0.5500000000007127 0.1999999999992873 0
365 0.5375000000007174 0.2124999999992826 0
366 0.5250000000007222 0.2249999999992778 0
367 0.5125000000007269 0.2374999999992731 0
368 0.500000000000739 0.2499999999992611 0
369 0.4875000000007864 0.2624999999992136 0
370 0.4750000000008374 0.2749999999991626 0
371 0.4625000000008884 0.2874999999991116 0
372 0.4500000000009394 0.2999999999990606 0
373 0.4375000000009904 0.3124999999990096 0
374 0.4250000000010415 0.3249999999989585 0
375 0.4125000000010925 0.3374999999989075 0
376 0.4000000000011436 0.3499999999988564 0
377 0.3875000000011946 0.3624999999988054 0
378 0.3750000000012348 0.3749999999987652 0
379 0.3625000000012041 0.3874999999987959 0
380 0.3500000000011626 0.3999999999988374 0
381 0.337500000001121 0.412499999998879 0
382 0.3250000000010795 0.4249999999989205 0
383 0.3125000000010379 0.4374999999989621 0
384 0.3000000000009965 0.4499999999990035 0
385 0.287500000000955 0.462499999999045 0
386 0.2750000000009134 0.4749999999990866 0
387 0.2625000000008719 0.4874999999991281 0
388 0.2500000000008303 0.4999999999991697 0
389 0.237500000000789 0.512499999999211 0
390 0.2250000000007475 0.5249999999992525 0
391 0.2125000000007058 0.5374999999992942 0
392 0.2000000000006643 0.5499999999993357 0
393 0.1875000000006228 0.5624999999993772 0
394 0.1750000000005814 0.5749999999994186 0
395 0.1625000000005399 0.5874999999994601 0
396 0.1500000000004982 0.5999999999995018 0
397 0.1375000000004567 0.6124999999995433 0
398 0.1250000000004152 0.6249999999995848 0
399 0.1125000000003737 0.6374999999996263 0
400 0.1000000000003323 0.6499999999996677 0
401 0.08750000000029057 0.6624999999997094 0
402 0.07500000000024909 0.6749999999997509 0
403 0.06250000000020761 0.6874999999997924 0
404 0.05000000000016613 0.6999999999998339 0
405 0.03750000000012466 0.7124999999998753 0
406 0.02500000000008307 0.7249999999999169 0
407 0.01250000000004159 0.7374999999999584 0
408 0.9875000000001137 0.2624999999998863 0
409 0.9750000000002274 0.2749999999997726 0
410 0.9625000000003411 0.2874999999996589 0
411 0.9500000000004265 0.2999999999995734 0
412 0.9375000000004527 0.3124999999995473 0
413 0.9250000000004739 0.3249999999995261 0
414 0.9125000000004951 0.3374999999995049 0
415 0.9000000000005626 0.3499999999994374 0
416 0.8875000000006762 0.3624999999993238 0
417 0.8750000000007827 0.3749999999992173 0
418 0.8625000000008183 0.3874999999991817 0
419 0.8500000000008394 0.3999999999991605 0
420 0.8375000000008606 0.4124999999991394 0
421 0.8250000000008818 0.4249999999991182 0
422 0.8125000000009029 0.4374999999990971 0
423 0.8000000000009242 0.4499999999990758 0
424 0.7875000000009453 0.4624999999990546 0
425 0.7750000000009666 0.4749999999990334 0
426 0.7625000000009878 0.4874999999990122 0
427 0.7500000000010018 0.4999999999989982 0
428 0.7375000000009804 0.5124999999990196 0
429 0.7250000000009552 0.5249999999990448 0
430 0.7125000000009302 0.5374999999990698 0
431 0.7000000000009051 0.5499999999990949 0
432 0.68750000000088 0.56249999999912 0
433 0.6750000000008549 0.5749999999991451 0
434 0.6625000000008299 0.5874999999991701 0
435 0.6500000000008048 0.5999999999991952 0
436 0.6375000000007798 0.6124999999992202 0
437 0.6250000000007547 0.6249999999992453 0
438 0.6125000000007296 0.6374999999992704 0
439 0.6000000000007044 0.6499999999992956 0
440 0.5875000000006791 0.6624999999993209 0
441 0.5750000000006541 0.6749999999993459 0
442 0.5625000000006288 0.6874999999993712 0
443 0.5500000000006037 0.6999999999993963 0
444 0.5375000000005785 0.7124999999994215 0
445 0.5250000000005535 0.7249999999994465 0
446 0.5125000000005283 0.7374999999994717 0
447 0.5000000000005032 0.7499999999994968 0
448 0.487500000000478 0.762499999999522 0
449 0.4750000000004528 0.7749999999995472 0
450 0.4625000000004277 0.7874999999995723 0
451 0.4500000000004025 0.7999999999995975 0
452 0.4375000000003774 0.8124999999996226 0
453 0.4250000000003522 0.8249999999996478 0
454 0.4125000000003269 0.8374999999996731 0
455 0.4000000000003019 0.8499999999996981 0
456 0.3875000000002767 0.8624999999997233 0
457 0.3750000000002516 0.8749999999997484 0
458 0.3625000000002263 0.8874999999997737 0
459 0.3500000000002013 0.8999999999997987 0
460 0.3375000000001761 0.9124999999998239 0
461 0.3250000000001509 0.9249999999998491 0
462 0.3125000000001258 0.9374999999998742 0
463 0.3000000000001006 0.9499999999998994 0
464 0.2875000000000755 0.9624999999999245 0
465 0.2750000000000503 0.9749999999999497 0
466 0.2625000000000252 0.9874999999999748 0
467 0.99 0.51 0
468 0.98 0.52 0
469 0.97 0.53 0
470 0.96 0.54 0
471 0.95 0.55 0
472 0.9399999999999999 0.5600000000000001 0
473 0.9299999999999999 0.5700000000000001 0
474 0.9199999999999999 0.5800000000000001 0
475 0.9099999999999999 0.5900000000000001 0
476 0.8999999999999999 0.6000000000000001 0
477 0.8899999999999999 0.6100000000000001 0
478 0.8799999999999999 0.6200000000000001 0
479 0.8699999999999999 0.6300000000000001 0
480 0.8599999999999999 0.6400000000000001 0
481 0.8499999999999999 0.6500000000000001 0
482 0.8399999999999999 0.6600000000000001 0
483 0.8299999999999998 0.6700000000000002 0
484 0.82 0.68 0
485 0.8099999999999999 0.6900000000000001 0
486 0.7999999999999999 0.7000000000000001 0
487 0.7899999999999999 0.7100000000000001 0
488 0.7799999999999999 0.7200000000000001 0
489 0.7699999999999999 0.7300000000000001 0
490 0.7599999999999999 0.7400000000000001 0
491 0.7499999999999999 0.7500000000000001 0
492 0.74 0.76 0
493 0.73 0.77 0
494 0.72 0.78 0
495 0.71 0.79 0
496 0.7 0.8 0
497 0.6899999999999999 0.8100000000000001 0
498 0.6799999999999999 0.8200000000000001 0
499 0.6699999999999999 0.8300000000000001 0
500 0.6599999999999999 0.8400000000000001 0
501 0.6499999999999999 0.8500000000000001 0
502 0.6399999999999999 0.8600000000000001 0
503 0.6299999999999999 0.8700000000000001 0
504 0.6199999999999999 0.8800000000000001 0
505 0.6099999999999999 0.8900000000000001 0
506 0.6 0.9 0
507 0.59 0.91 0
508 0.58 0.92 0
509 0.57 0.93 0
510 0.5599999999999999 0.9400000000000001 0
511 0.5499999999999999 0.9500000000000001 0
512 0.54 0.96 0
513 0.53 0.97 0
514 0.52 0.98 0
515 0.51 0.99 0
516 0.9916666666666667 0.7583333333333333 0
517 0.9833333333333333 0.7666666666666667 0
518 0.975 0.775 0
519 0.9666666666666666 0.7833333333333334 0
520 0.9583333333333333 0.7916666666666667 0
521 0.95 0.8 0
522 0.9416666666666667 0.8083333333333333 0
523 0.9333333333333333 0.8166666666666667 0
524 0.9249999999999999 0.8250000000000001 0
525 0.9166666666666666 0.8333333333333334 0
526 0.9083333333333333 0.8416666666666667 0
527 0.8999999999999999 0.8500000000000001 0
528 0.8916666666666666 0.8583333333333334 0
529 0.8833333333333333 0.8666666666666667 0
530 0.875 0.875 0
531 0.8666666666666667 0.8833333333333333 0
532 0.8583333333333333 0.8916666666666667 0
533 0.85 0.9 0
534 0.8416666666666667 0.9083333333333333 0
535 0.8333333333333333 0.9166666666666667 0
536 0.825 0.925 0
537 0.8166666666666667 0.9333333333333333 0
538 0.8083333333333333 0.9416666666666667 0
539 0.8 0.95 0
540 0.7916666666666666 0.9583333333333334 0
541 0.7833333333333333 0.9666666666666667 0
542 0.775 0.975 0
543 0.7666666666666666 0.9833333333333334 0
544 0.7583333333333333 0.9916666666666667 0
545 0.01246724463092875 0.01631993808451873 0
546 0.02562615000306237 0.01701928941692565 0
547 0.03749999999992573 0.01705817120304597 0
548 0.04999999999988922 0.01709111753623819 0
549 0.01704852710150847 0.2149978371752827 0
550 0.01513188107020384 0.2009726952741421 0
551 0.01834203267234109 0.1890086202707806 0
552 0.01557473763147644 0.1762896515825383 0
553 0.01627663781159196 0.1641214005445226 0
554 0.01626950670382522 0.1516003984279091 0
555 0.01627699929862006 0.1390648587293145 0
556 0.01579898310644245 0.03619060574886318 0
557 0.06250000000000971 0.01706082236335338 0
558 0.01627411888784292 0.06249999999963825 0
559 0.01629330822710038 0.05000000000083076 0
560 0.01628780462256026 0.1265253664042732 0
561 0.01635867685137407 0.1139942977378249 0
562 0.01645197206039045 0.1014172442646035 0
563 0.01643236408391074 0.08904156390849062 0
564 0.0163060797188372 0.07673364795543774 0
565 0.1244109834626546 0.01666444875057592 0
566 0.1125000000002462 0.01673980872572977 0
567 0.09999999999919967 0.01686903259433492 0
568 0.08707276978197376 0.01700477611756273 0
569 0.07499999999981626 0.01707513729709304 0
570 0.1368644475588691 0.01664228958812807 0
571 0.1493050147138092 0.01662646838358442 0
572 0.1617495626160725 0.0165812831154369 0
573 0.1739694340622099 0.01648294719771979 0
574 0.1866846271759619 0.01627634521974666 0
575 0.1985882484109916 0.01516458937621045 0
576 0.2118659040374893 0.01567575792748441 0
577 0.02746375323470139 0.2032065385472075 0
578 0.08077896927583746 0.1474016570674439 0
579 0.0724596178294105 0.1557929511621774 0
580 0.09740885904771923 0.1307421923803161 0
581 0.08897985513134665 0.1389482994675862 0
582 0.04752235914748235 0.1808556924806863 0
583 0.04565732332455225 0.1637420498323787 0
584 0.05685163032537921 0.1727244294976525 0
585 0.06412516493271063 0.1641251649322008 0
586 0.0723069225123663 0.1358528736719481 0
587 0.06237489397238663 0.1437928266742262 0
588 0.04614942663592914 0.1357409068537309 0
589 0.0539099333297136 0.152090656724179 0
590 0.03930977748167352 0.1908778891720307 0
591 0.03069090349082268 0.1752134572926627 0
592 0.03215345636664112 0.1615988971657016 0
593 0.03275754386789017 0.149070178067982 0
594 0.03127609295285502 0.1363244072224733 0
595 0.03776646502153626 0.0334268653889348 0
596 0.05112320434277148 0.03319694708421581 0
597 0.06342148426427933 0.03380557441239319 0
598 0.05018052235521435 0.05046222334464889 0
599 0.06514626671409093 0.04975427751029821 0
600 0.06692028069368205 0.06622190497200053 0
601 0.03043158032764666 0.0464120237646952 0
602 0.03226521661148153 0.06071274321967744 0
603 0.03249344189450053 0.1119603972992582 0
604 0.03193616303783874 0.1243564790466443 0
605 0.03251628025394973 0.07463425970068763 0
606 0.03274112793480399 0.0869224420391442 0
607 0.03266363464626856 0.09933378798559986 0
608 0.06216583137025117 0.1228569317497706 0
609 0.0475514400196742 0.1213959534176827 0
610 0.04817342192032282 0.1092953166959829 0
611 0.0622113302371049 0.1069648142323166 0
612 0.07282975236294048 0.1155837993400204 0
613 0.06728575406545655 0.09371941748952588 0
614 0.04910164326413517 0.09703734723177364 0
615 0.04918183367524435 0.08461720525523163 0
616 0.04938407153195904 0.06967448132226554 0
617 0.06385828548842318 0.08040971524053168 0
618 0.1136950866503989 0.03323154393639408 0
619 0.1260285185241553 0.03307854965934235 0
620 0.07587319243801971 0.03383684922850791 0
621 0.1011784250314287 0.03345581165166692 0
622 0.08841680462386542 0.03369435087738947 0
623 0.09057310495921586 0.05006981530148884 0
624 0.07791156010116403 0.05003452778331131 0
625 0.08053971117811023 0.06662996881018297 0
626 0.09462521890968893 0.06905813793758561 0
627 0.1053068906618856 0.05150166905578915 0
628 0.1343953870124186 0.05199276093086551 0
629 0.1200742939594668 0.04689077714372642 0
630 0.1232643230590747 0.0617730307312183 0
631 0.130774403579121 0.09744107024510226 0
632 0.1207410693823557 0.0857430838280675 0
633 0.1295211684609144 0.07789730604487335 0
634 0.1120461931788205 0.09367633961849732 0
635 0.1047109078215007 0.08102194565789791 0
636 0.1125140294932876 0.07210833316687475 0
637 0.07974498052976209 0.08236854980256897 0
638 0.08673797249284135 0.09728683847855814 0
639 0.09521578212792856 0.08903481539679099 0
640 0.07858809010745581 0.1066800888604861 0
641 0.07957347082241945 0.1271775394102566 0
642 0.09597585813690887 0.1106296834946627 0
643 0.08744870096785834 0.118804945718571 0
644 0.1223137638353054 0.1056544418472527 0
645 0.1143073917547946 0.1143073917531512 0
646 0.1041007895058642 0.102178510289898 0
647 0.1062292844988074 0.1228959511654637 0
648 0.139600467644287 0.08962478110251519 0
649 0.1561927552577048 0.0728594219239324 0
650 0.14811633435023 0.08144966768304215 0
651 0.1380690274568128 0.06970693038598562 0
652 0.1547872064911776 0.04716400719350495 0
653 0.1486837732101134 0.06127504473912841 0
654 0.1521939401709252 0.03115600560232235 0
655 0.1392798302343552 0.03303545367575828 0
656 0.1723640864533189 0.05569741978636274 0
657 0.1642397964907583 0.0642397964904159 0
658 0.1696263661576171 0.04315658829707061 0
659 0.1804914761921211 0.04694754286118925 0
660 0.1894119020895562 0.04103099633978763 0
661 0.1802424624919718 0.03260822693794183 0
662 0.1648595872943236 0.03169523668417232 0
663 0.1980752812320268 0.03140861456547426 0
664 0.2264001438643299 0.01017068490858316 0
665 0.2721558173200279 0.01503698856983975 0
666 0.01943095705026182 0.4282335357558168 0
667 0.02360184374910902 0.4514063429913909 0
668 0.2968004700575471 0.01723230480133665 0
669 0.3169796677528707 0.02035225964933926 0
670 0.3351488340346005 0.01949904084697045 0
671 0.374109357508668 0.01938245635312151 0
672 0.3538759386898015 0.01942186456662594 0
673 0.39266103540486 0.01912669461916243 0
674 0.4293954346214635 0.01934860856503735 0
675 0.4109789618495467 0.01896548923019846 0
676 0.4518192152162206 0.02358993273273148 0
677 0.01895117521284069 0.4094557507122468 0
678 0.01864888439786034 0.3910485065530547 0
679 0.01834257651523875 0.3729277242195637 0
680 0.01798276012164865 0.3553136740969299 0
681 0.01794392598671107 0.337575473608037 0
682 0.01889197559727643 0.3195357950232259 0
683 0.01950499676766241 0.3006475612340202 0
684 0.0182168772449254 0.2809052522452462 0
685 0.01654669586744136 0.2562995912413837 0
686 0.0235697211248489 0.2410727912671348 0
687 0.03562010628531723 0.2356201062853121 0
688 0.0441502606593403 0.2274835939924471 0
689 0.05247327329570012 0.2191399399620836 0
690 0.06073992143643981 0.2107399214363654 0
691 0.06914430751958087 0.2024776408522505 0
692 0.07771059401428279 0.1943183457224484 0
693 0.1120450781814048 0.1620652270014308 0
694 0.1028766106959212 0.1695380158317285 0
695 0.09420704883782262 0.1775403821705895 0
696 0.08587483506779921 0.1858748350672894 0
697 0.1192578076196839 0.1525911409522808 0
698 0.2106141279776947 0.06065483154161132 0
699 0.2163176313135163 0.04971939273763318 0
700 0.2369654116380349 0.03705448396374704 0
701 0.2273666691089939 0.04403333577586293 0
702 0.2407286173049322 0.02421591479480565 0
703 0.1858305348301187 0.08587857145611612 0
704 0.1772772665670281 0.09398568988337291 0
705 0.1525589297548977 0.119225596420879 0
706 0.1605817696379711 0.1106008994511214 0
707 0.1662853686431354 0.09963573689791716 0
708 0.2026644730619643 0.06933113972857405 0
709 0.1943025802136225 0.0776359135466959 0
710 0.127104048835319 0.1437707155004099 0
711 0.13573723881061 0.135735841838337 0
712 0.1479804571388497 0.1313228637187251 0
713 0.3467176309604546 0.1267344452925176 0
714 0.3370208596979945 0.1370310233029494 0
715 0.2537471775959642 0.01820235742636248 0
716 0.3568840616724788 0.1168840616718803 0
717 0.3702867747724935 0.1101366155943967 0
718 0.3774673568980054 0.0972205664258753 0
719 0.386797048205282 0.08685415515827133 0
720 0.3965340112844011 0.07661424095405718 0
721 0.4069515915248599 0.06703900296143013 0
722 0.4272770397968485 0.04868025122934642 0
723 0.4374842449762903 0.03797676758935611 0
724 0.4169996371292776 0.0571029594380543 0
725 0.0972287157252069 0.37722871572447 0
726 0.08704602536298328 0.3870460253623035 0
727 0.07693075445891318 0.3968621848705441 0
728 0.06692764385382249 0.4069276438532239 0
729 0.06244079080213661 0.3846077255559359 0
730 0.03486937706893296 0.3948963473465331 0
731 0.05081696005795847 0.3967294898515605 0
732 0.05738584200841645 0.4172650089216831 0
733 0.03801702820342348 0.4158277661140875 0
734 0.0381820796027323 0.4377129207415818 0
735 0.05011179611117614 0.4276968266970536 0
736 0.01491327193412369 0.4656391388586996 0
737 0.1334968042875301 0.3141878228210191 0
738 0.146893128993262 0.3268855246256865 0
739 0.1369653302365039 0.3369542734150757 0
740 0.1269759837372364 0.3469602367698827 0
741 0.1568896166215075 0.3168839263237082 0
742 0.1969939323935492 0.277044703241424 0
743 0.2058306261912391 0.2658441599435623 0
744 0.2172925499019388 0.2572925499003754 0
745 0.1923524667044738 0.2524690873965935 0
746 0.1535706479904805 0.294012876977127 0
747 0.1300748377551837 0.2916671272439749 0
748 0.1434826128975688 0.3041249870607867 0
749 0.1669884781125655 0.306984562769188 0
750 0.1872026605849413 0.2872006633792184 0
751 0.1771328465663075 0.2971487678044183 0
752 0.1638190499263547 0.2841664479120751 0
753 0.1783092026539029 0.2785005246074096 0
754 0.1838049440041709 0.263934772014112 0
755 0.1609017824480939 0.2615077932932099 0
756 0.1505614009848599 0.2714814530285824 0
757 0.140266858486682 0.2815470087534767 0
758 0.1254108891600839 0.2692405481415934 0
759 0.1346341865700493 0.2598449891020649 0
760 0.1170300419403163 0.357010770558529 0
761 0.1071066745963126 0.367106674595486 0
762 0.08321843501157788 0.365088164611695 0
763 0.07300309454178429 0.3748503860383674 0
764 0.06841258925382948 0.356746037760405 0
765 0.09310679943459216 0.3549876136365929 0
766 0.08942171127911593 0.3321083764691848 0
767 0.07731236508917916 0.3429946639085122 0
768 0.07317911390788745 0.3201489857143715 0
769 0.1034495766574418 0.3448366393603038 0
770 0.1001560900300037 0.3231045330528022 0
771 0.1135600725702316 0.3347882476621141 0
772 0.1234796463112286 0.3245128562817923 0
773 0.1108464392894337 0.2567973699069778 0
774 0.09794047404079159 0.2619089569428319 0
775 0.114301989955181 0.2792797287463036 0
776 0.1082878521169532 0.3122501040056385 0
777 0.1198809779430818 0.301794395723526 0
778 0.09296187728547775 0.2984388612648937 0
779 0.1058737415749628 0.2922197601629339 0
780 0.07989953854677362 0.2606186290021306 0
781 0.08803363020570794 0.2499632592003825 0
782 0.0944912604400675 0.2797542564180217 0
783 0.07596084784941562 0.2854693113277285 0
784 0.08934566251529102 0.3143479316322049 0
785 0.07399003255664424 0.3031559967500173 0
786 0.03924330449818033 0.3798730551375057 0
787 0.05540839722251527 0.3661999112439621 0
788 0.03668060949226977 0.3596350513861524 0
789 0.03630925855364735 0.3404447563536759 0
790 0.05454583586633576 0.3474858677367069 0
791 0.05583274553874822 0.3281733428523158 0
792 0.03751879295999215 0.3223356391258094 0
793 0.05682297857337339 0.309112867897376 0
794 0.03846375055343031 0.3034911217104572 0
795 0.03831140920143691 0.283732722918868 0
796 0.05735487177796314 0.2935557640450627 0
797 0.05984708605474263 0.2750711479159959 0
798 0.06074580345352793 0.2570300163824884 0
799 0.03147541006006831 0.2684703325003276 0
800 0.04618938819043135 0.2642156230611801 0
801 0.03348440288412576 0.2520251521547427 0
802 0.04592026918586104 0.2457173885593202 0
803 0.05581330730767849 0.2379817146180893 0
804 0.1133586909212632 0.2282483810011534 0
805 0.1179813064538258 0.2478702229763603 0
806 0.1055404117160143 0.2365484079162575 0
807 0.09664192271230021 0.2439292598964035 0
808 0.06779450927145755 0.2485842965777255 0
809 0.07607841750677279 0.2407051683222297 0
810 0.06390543399469212 0.2299155319462894 0
811 0.07240361881506137 0.2220093376558573 0
812 0.08454348022145231 0.2331204352628112 0
813 0.09294710080040147 0.2252371301491605 0
814 0.08928442248284342 0.205566084715897 0
815 0.0809302372990113 0.213979128015064 0
816 0.1012538259297301 0.2168759460551289 0
817 0.09757321877005751 0.1972187634697669 0
818 0.1094833589724936 0.2086624366688316 0
819 0.1216260757970071 0.2202198633306424 0
820 0.1179363388809723 0.2006764726659584 0
821 0.1268420998408815 0.1767323187831044 0
822 0.1150470398401625 0.181572756600367 0
823 0.1060607350539289 0.1891308403149802 0
824 0.2258665186732184 0.05972593137370416 0
825 0.239595314204005 0.0561687858243702 0
826 0.2485293228485657 0.04870530497467143 0
827 0.1794172628358578 0.1128328030493435 0
828 0.1716839045173248 0.1217867792045498 0
829 0.2138820012648364 0.08086536638817798 0
830 0.2069478605692432 0.09060977370845692 0
831 0.1997297919908631 0.1168390610184048 0
832 0.1909166496006051 0.1245410374600734 0
833 0.1883632367382794 0.1052088334727654 0
834 0.1970723335978849 0.09726524815138066 0
835 0.2172466818767899 0.1026665419353198 0
836 0.2084745195827301 0.109157961682625 0
837 0.2408822207816013 0.07608268267582043 0
838 0.2494279857921667 0.06884725884136031 0
839 0.2216453066197782 0.07204941509007941 0
840 0.2321810585476667 0.08447063705595596 0
841 0.2255724192371369 0.09486276023938497 0
842 0.2382896384344445 0.1074932545706553 0
843 0.245940447341307 0.09454574091444719 0
844 0.2199802455800675 0.1214292139111529 0
845 0.2287796332867497 0.1143317337921732 0
846 0.252778731534524 0.1219513261918308 0
847 0.2425752110316557 0.1270188143732191 0
848 0.2416452332743476 0.1812614287196169 0
849 0.2264086457553256 0.1689914814012285 0
850 0.2342419863527184 0.1563824428901846 0
851 0.2506921158602444 0.1485451487870104 0
852 0.2323804676148225 0.1341515929712566 0
853 0.2229857535981521 0.1410959809771966 0
854 0.1938971878038437 0.1799833556780516 0
855 0.2145894768226325 0.1745993254708034 0
856 0.199381392907286 0.1665272267607699 0
857 0.1949323055402708 0.1454307763518688 0
858 0.206469989866109 0.1586508277354432 0
859 0.2143910824752228 0.1485762161136685 0
860 0.2113311948046906 0.1288999635144885 0
861 0.2017198684886762 0.1356508608351351 0
862 0.1382400238066886 0.1548899031362835 0
863 0.1471458166356169 0.147143036155766 0
864 0.1587575642262466 0.1421252094818752 0
865 0.1754092970160155 0.1422189595027124 0
866 0.1828879469127071 0.1330715932696501 0
867 0.1648796832610069 0.1316251669330653 0
868 0.1703433924000488 0.1537688470035705 0
869 0.187621534861046 0.1548773015026976 0
870 0.1839555413620761 0.1679423929360873 0
871 0.1849317601846577 0.186049725810657 0
872 0.1596638661808921 0.159653472646629 0
873 0.1723678771622554 0.1726202695903704 0
874 0.1616587454648683 0.1781979052565227 0
875 0.1309371672147759 0.1642284150690546 0
876 0.1467032060634936 0.163313892097338 0
877 0.1425736170781198 0.1757706203197723 0
878 0.1545138383073113 0.1875671380966162 0
879 0.1380465947805553 0.1877741560942089 0
880 0.1277405141106696 0.1939708601895418 0
881 0.138639611574793 0.2047058959574591 0
882 0.1513020487956826 0.2007439916753212 0
883 0.1522482173885149 0.2172162727553497 0
884 0.1303080744188057 0.2125689736092258 0
885 0.1256191133722264 0.2397218695367177 0
886 0.1336311417486202 0.2316966542026432 0
887 0.1438977845617301 0.2505305414179216 0
888 0.1423835330139936 0.2230069093997398 0
889 0.1736539573809897 0.1901092738887556 0
890 0.1670286844422253 0.2008860938852495 0
891 0.1631073993517891 0.2129636248902483 0
892 0.1776432390651738 0.2180292755636452 0
893 0.167314807067349 0.2279424905716758 0
894 0.1564366204922037 0.2379703413034572 0
895 0.1708890679766579 0.2513259765126675 0
896 0.1771056808021394 0.2375857491985683 0
897 0.2337741708250304 0.2137451132275599 0
898 0.2438185802648534 0.2037596462737149 0
899 0.2285749822376834 0.1886364071303815 0
900 0.2212687302485909 0.2011741256911339 0
901 0.2093774572174604 0.1880757041395995 0
902 0.1993381082115708 0.1993322278920883 0
903 0.1859131599292956 0.2071989538288694 0
904 0.2124360211304248 0.2124342461964826 0
905 0.215259495971924 0.2342424567911694 0
906 0.1896390323321946 0.2300416559591158 0
907 0.2010505807020543 0.2211416399658778 0
908 0.203570791967304 0.2435052583261157 0
909 0.2257130193083181 0.2241783120986974 0
910 0.2284358379918711 0.2473416558000263 0
911 0.2468183188634527 0.2268186161105271 0
912 0.2377044453562013 0.2370968401331297 0
913 0.2543509476457544 0.1941842696226214 0
914 0.2773425806670838 0.1972929791101788 0
915 0.2671971383629876 0.2071400389073713 0
916 0.2570308308564333 0.2169837618187805 0
917 0.331492477863731 0.1514063761456966 0
918 0.3173018386585433 0.157256896359708 0
919 0.3148592680661974 0.1343324941563837 0
920 0.2521816026067665 0.1717496487336871 0
921 0.2664762370164402 0.1658157740043954 0
922 0.2650395813981323 0.1848465039303258 0
923 0.2773931605227805 0.1772103711991187 0
924 0.2897139005310678 0.1896951627441172 0
925 0.2975560529200716 0.1775178328319464 0
926 0.3068643613501307 0.1668643613491212 0
927 0.2848530776555626 0.164570727604908 0
928 0.2930856562663611 0.1526569874067197 0
929 0.3044668758992729 0.144043849534347 0
930 0.2921884688471915 0.1307594098472957 0
931 0.271909520849675 0.1510742449343606 0
932 0.2805038114121592 0.1403359013517719 0
933 0.2697442911895709 0.1270256962192856 0
934 0.2596780188132531 0.13796343662878 0
935 0.2697262123358998 0.09907300333647115 0
936 0.2594584163988346 0.1112240124238727 0
937 0.2802711775572617 0.1172550533105463 0
938 0.3026041952131762 0.1206160408711018 0
939 0.3125087567570324 0.1098861261183314 0
940 0.3017293670658827 0.09481336989315409 0
941 0.2910235694533397 0.1071279887263301 0
942 0.2836070352910696 0.08407374966102683 0
943 0.2979423264972189 0.0774796439187925 0
944 0.2724779448262767 0.06572585791239689 0
945 0.2599696335964744 0.07855596088820667 0
946 0.2645028320132533 0.04963704862215422 0
947 0.2577255888069999 0.06154343287592405 0
948 0.2536079193833902 0.03643348026042904 0
949 0.2810828633779011 0.04948298979816809 0
950 0.2737040599059236 0.03295467918229476 0
951 0.2999222775125496 0.03644685560067329 0
952 0.2883273732168458 0.0653794030625903 0
953 0.3039792062780725 0.05664555267971282 0
954 0.3344401518120135 0.1131722754521853 0
955 0.3246797135548568 0.1240055168087776 0
956 0.3218142376868267 0.09861350216103115 0
957 0.3440365102404319 0.1029100006605738 0
958 0.3323417312999709 0.08832914274726131 0
959 0.3181292470365624 0.07881050229056746 0
960 0.3428104712840188 0.0770677834966686 0
961 0.354843763882027 0.09358242678918827 0
962 0.3567581554516766 0.06902746370165944 0
963 0.3652701638795699 0.08308571793765629 0
964 0.3745659533775498 0.07271698104986982 0
965 0.3789931430046141 0.03994405242285499 0
966 0.365963731040694 0.05640731863204258 0
967 0.3583534528730308 0.0383635836629322 0
968 0.3254038849538356 0.05670016366474099 0
969 0.3459512334938829 0.05619228542400148 0
970 0.3394688827077424 0.03823716526316401 0
971 0.3200748950723631 0.03831172545998417 0
972 0.4140576587739727 0.03759580921951258 0
973 0.3842105651537438 0.06198010431858669 0
974 0.3971299056428111 0.05124344914394449 0
975 0.3958311403464856 0.03620188842694909 0
976 0.4662255229350597 0.01486528302949492 0
977 0.5122284164889046 0.01368987460371267 0
978 0.01927330583533242 0.5705357551406552 0
979 0.01902621540600198 0.5886552153661364 0
980 0.01933012883413127 0.6068103054588385 0
981 0.01929781882068259 0.6251189174120316 0
982 0.01916470473861897 0.643283387702449 0
983 0.02095210537334308 0.6640096706785557 0
984 0.01877068777619498 0.6810107018707962 0
985 0.01922456645086384 0.6981403340603315 0
986 0.0195034681584189 0.5522546120635072 0
987 0.02035355104427092 0.5315925382977906 0
988 0.01365265739027762 0.5110012427940113 0
989 0.5328085462531499 0.02104598233321528 0
990 0.5515239866998054 0.02018303892909728 0
991 0.5760199834410838 0.01994945966189691 0
992 0.5959939725758298 0.02009139521238263 0
993 0.6159769742420337 0.02005002750945489 0
994 0.6358181795086943 0.01967800683850327 0
995 0.6553928425490237 0.01963329534743598 0
996 0.6751060905998465 0.01979572800516709 0
997 0.6947383857317095 0.01948056533776824 0
998 0.2447504594941674 0.4697571082859745 0
999 0.3359848848295018 0.3859849912190256 0
1000 0.2786597188748886 0.4286725817566667 0
1001 0.2963240766211925 0.4213400387477567 0
1002 0.3092567814888973 0.4092611290550419 0
1003 0.3221163587658489 0.3971176386576926 0
1004 0.2591134093093345 0.4591134093075077 0
1005 0.2716989322918863 0.4466989322896174 0
1006 0.1429699580605675 0.3829892294405873 0
1007 0.1328933254045031 0.3928933254036984 0
1008 0.1227712842755408 0.4027712842747823 0
1009 0.1129539746376965 0.4129539746370168 0
1010 0.1030692455416987 0.423137815128844 0
1011 0.09303957652933226 0.4330311961299285 0
1012 0.05272178138436215 0.4730917382114171 0
1013 0.04264418911216449 0.4831904816665574 0
1014 0.02761925255213776 0.4972031586087695 0
1015 0.07260194748488455 0.4527868321132973 0
1016 0.06273316649030924 0.4629989376751824 0
1017 0.08261415799205941 0.442734991077841 0
1018 0.1830893806411954 0.3430895039270537 0
1019 0.1742547007018342 0.3542596956587177 0
1020 0.1630346697645158 0.3630457265839046 0
1021 0.1530240162637153 0.3730397632291656 0
1022 0.377735567152562 0.1577457968543911 0
1023 0.3632100241052916 0.1632041775956456 0
1024 0.3429252605839352 0.1829252605830244 0
1025 0.3528269850815062 0.1728269850806939 0
1026 0.3343016511112267 0.1943028282959819 0
1027 0.283133528978243 0.2431329228053593 0
1028 0.2929474802551957 0.232947614272752 0
1029 0.3028083408685331 0.2228086157205723 0
1030 0.3126277800077967 0.2126256906805998 0
1031 0.3229642581094648 0.2029642581083569 0
1032 0.2743452336653145 0.2543450332653291 0
1033 0.2631511336647825 0.2631511459935598 0
1034 0.252834730370913 0.2728345690785137 0
1035 0.2373364319445299 0.2973359014963397 0
1036 0.2229894363041711 0.3029907418948924 0
1037 0.2085423791557691 0.3085426933598636 0
1038 0.2028165530160423 0.322819360993945 0
1039 0.1929173314488082 0.3329165470970335 0
1040 0.2427074500996246 0.2827074500980613 0
1041 0.3468711803494712 0.3718717969730485 0
1042 0.370813510072689 0.3458172439728198 0
1043 0.3530976918216698 0.3530984049515846 0
1044 0.4223956791132401 0.297395232761231 0
1045 0.4084931081602012 0.3084923452358224 0
1046 0.395958711255158 0.3209588957517125 0
1047 0.3834274315223881 0.3334290977815917 0
1048 0.4320730826326221 0.2820709672182135 0
1049 0.520883364084569 0.1958833640825498 0
1050 0.4710550248869552 0.2460490996917451 0
1051 0.4834092791163964 0.2334414408959865 0
1052 0.4987870892529033 0.2237808760329146 0
1053 0.5085888432200483 0.2085772877011147 0
1054 0.4640369423524084 0.2640304623238643 0
1055 0.4460897263412288 0.271089726339452 0
1056 0.3831159383280376 0.1431159383276032 0
1057 0.4330484084751641 0.09296099703854595 0
1058 0.4234659887157213 0.1033857590458204 0
1059 0.403143776323748 0.1231579593708493 0
1060 0.4132029517949389 0.1131458448415077 0
1061 0.3916543456576369 0.1316574899577274 0
1062 0.4631428381452762 0.06319066038149102 0
1063 0.4430003628706478 0.0828970405620203 0
1064 0.4507193270882991 0.07063773187806943 0
1065 0.5617692398545937 0.1617789158848034 0
1066 0.546777402599733 0.17167244773203 0
1067 0.5334223954546679 0.1834223954531404 0
1068 0.4743357971756219 0.05444251953098016 0
1069 0.4829787210313378 0.04325712953253615 0
1070 0.4928336187955365 0.03283361935869253 0
1071 0.5720438885227614 0.1468985854003616 0
1072 0.5839026641244878 0.1339026641230102 0
1073 0.5967004004900291 0.1217004004887402 0
1074 0.6094316563289035 0.1102525749749795 0
1075 0.6219438848199821 0.09649865993574339 0
1076 0.657995038686222 0.05960982030555227 0
1077 0.645384060724731 0.07219229881754897 0
1078 0.6333162679756159 0.08363680801135182 0
1079 0.6718132345173549 0.052340911920674 0
1080 0.6849880072119613 0.03872951478147304 0
1081 0.09602931206565106 0.6210293120643084 0
1082 0.1462367231379234 0.5712367231368437 0
1083 0.1212886478850439 0.5962886478841305 0
1084 0.1337504091112831 0.5837504091102866 0
1085 0.1167332469433206 0.5682170618787765 0
1086 0.1084799652788714 0.6084799652780409 0
1087 0.1039077395478269 0.5807792087436257 0
1088 0.07870591361652814 0.6063934680676109 0
1089 0.09104961381300894 0.5937504145829872 0
1090 0.07303391126027364 0.5795934991526146 0
1091 0.08680588422743159 0.5677539885628121 0
1092 0.05868934177086661 0.5963026651403727 0
1093 0.05495259144573951 0.5794976565047918 0
1094 0.03886233216208271 0.5726087175947896 0
1095 0.04044253746949928 0.6107735661685224 0
1096 0.03855052451472023 0.5924413543722418 0
1097 0.03671689766407221 0.6294348177661648 0
1098 0.03948617415079989 0.6499604723063863 0
1099 0.0838304683599719 0.6338304683593654 0
1100 0.0540395245522281 0.6340190824503313 0
1101 0.06631470002547676 0.6199809059660595 0
1102 0.05890159203834417 0.6589015920381003 0
1103 0.07262037504100927 0.6470122119178838 0
1104 0.04618558781072154 0.6711855878100486 0
1105 0.03517522631190893 0.6858467530615719 0
1106 0.01302283858512684 0.7159811401097396 0
1107 0.2046782781073392 0.4797823154671315 0
1108 0.1921895534034905 0.492341146784379 0
1109 0.2265577356363591 0.5015750751950735 0
1110 0.2084610511226303 0.5084610511210592 0
1111 0.1961828826933995 0.5212450028333155 0
1112 0.2337070845858185 0.483707084584618 0
1113 0.2936979388075354 0.393711682006944 0
1114 0.3065318848855277 0.381535729743328 0
1115 0.2071845420240442 0.4341638080184194 0
1116 0.2191340824358955 0.4229426065911562 0
1117 0.200503133499996 0.4477990803080851 0
1118 0.1898808852731712 0.4585383904234431 0
1119 0.2218322412191333 0.4473647006587696 0
1120 0.2158920136966043 0.4644914466213369 0
1121 0.2412781744551227 0.4416710899285116 0
1122 0.2597711453346319 0.4348525117899557 0
1123 0.2400704207617324 0.4142350350114724 0
1124 0.24636562170471 0.3961834295143375 0
1125 0.2798995064254306 0.4049202245203157 0
1126 0.2615926128578211 0.4114500191489556 0
1127 0.2703251126097604 0.3738967505248483 0
1128 0.2560217724424939 0.3873834205920568 0
1129 0.2171791583616748 0.3996744795423569 0
1130 0.2248822127155737 0.3848020121993141 0
1131 0.2045357691407636 0.4024900248898712 0
1132 0.1942646312945127 0.4136745849719096 0
1133 0.1902573617879857 0.3901917357478664 0
1134 0.2031106646432048 0.3831087429144267 0
1135 0.154995647414468 0.5305550386315516 0
1136 0.1838694344320917 0.5338694344313066 0
1137 0.1685791298801328 0.5179695684632624 0
1138 0.1715135561573017 0.546513556155981 0
1139 0.158862298548223 0.5588622985470603 0
1140 0.1422642086303714 0.5430743313159505 0
1141 0.1295437538815454 0.555731024010186 0
1142 0.09785018004120052 0.5558473700436147 0
1143 0.1079762311057302 0.5430809943605488 0
1144 0.1199845813959006 0.5283111870703291 0
1145 0.1306439509990363 0.5117235533570182 0
1146 0.09314653781578866 0.5143003394787737 0
1147 0.1058213262147843 0.5021956382118785 0
1148 0.1004058223275238 0.4788878357855644 0
1149 0.1151556480942013 0.4925347544640805 0
1150 0.1271776314323151 0.4848967981579168 0
1151 0.1354693963155599 0.4739357770973834 0
1152 0.1469490881273883 0.5015984996198816 0
1153 0.1800027943346355 0.5052186010072731 0
1154 0.1636066851911544 0.4903662198745891 0
1155 0.1738386738210749 0.4692999397507686 0
1156 0.1618208997973458 0.3818081812289818 0
1157 0.1761790080571799 0.3761681518887054 0
1158 0.1559844160860667 0.3959615599147618 0
1159 0.1462684990825388 0.406208204140139 0
1160 0.1604534637086757 0.4202442067885148 0
1161 0.1747288147717617 0.3945907075988792 0
1162 0.1698665716074796 0.4097400318410507 0
1163 0.1750595251743124 0.43463564779707 0
1164 0.1845486299999014 0.4242649650873828 0
1165 0.1650388649813187 0.4460151148161171 0
1166 0.1562771920701705 0.4550275412988547 0
1167 0.1470721226618935 0.4638953282846204 0
1168 0.1434995698864414 0.442937656811369 0
1169 0.1506577546808302 0.4303771082513645 0
1170 0.1363198017069919 0.4162392836140819 0
1171 0.1063605297318504 0.4461287492562804 0
1172 0.1278639665229641 0.4277150759890086 0
1173 0.1166921677995504 0.436483635902984 0
1174 0.1209837049811849 0.4600539044700735 0
1175 0.1315112707010069 0.450595001473527 0
1176 0.09630998711684798 0.4558600504744491 0
1177 0.1097384438908069 0.4688882023132984 0
1178 0.03792130591005331 0.5362811012646201 0
1179 0.03891426081839509 0.5544047807813088 0
1180 0.0573807053295042 0.5622022166374354 0
1181 0.0545676131746223 0.5436942122919057 0
1182 0.07416646792929127 0.554620012393838 0
1183 0.08642415320838973 0.5401835361614918 0
1184 0.05074872729164519 0.523134071491417 0
1185 0.06722430737729614 0.5330615632833007 0
1186 0.05593063303974145 0.4941563155649558 0
1187 0.04707459077333977 0.5051738741136318 0
1188 0.08036125506759265 0.4980487765758315 0
1189 0.06719702515845041 0.5075392145693813 0
1190 0.09038347699066732 0.4887352319371329 0
1191 0.07599318471099004 0.4756879863784637 0
1192 0.06593787754202179 0.4855040489265452 0
1193 0.03289501416028742 0.5173976644283733 0
1194 0.08570139222951509 0.4654893282837816 0
1195 0.3619879206356549 0.1820003335541406 0
1196 0.3427670382657746 0.2627866118237364 0
1197 0.3340273523802854 0.2746895969970145 0
1198 0.3396289611732572 0.239643322830337 0
1199 0.3288454004339199 0.2488541432866409 0
1200 0.3538089531548673 0.2527927679364473 0
1201 0.3668964880954923 0.2462004435887285 0
1202 0.356440436232389 0.1964523867923961 0
1203 0.3705357253332764 0.210582673621802 0
1204 0.3634520972103552 0.223427522896627 0
1205 0.3519710032481379 0.2119815006702602 0
1206 0.3509374422177046 0.230879171971297 0
1207 0.3369223497799588 0.2169244634521998 0
1208 0.2914632239110466 0.2714642486471764 0
1209 0.3046173766098432 0.2846199897518402 0
1210 0.3194477151861784 0.259453820054867 0
1211 0.3117790547079618 0.2718926500196808 0
1212 0.3156547656240793 0.2356563596455077 0
1213 0.3060518730966769 0.2460530064619345 0
1214 0.2971090890524649 0.2571197367024759 0
1215 0.3256200193227725 0.2256220297259286 0
1216 0.2769491179504739 0.2769489297156933 0
1217 0.2209094392678657 0.3209071943075186 0
1218 0.1966471742898592 0.3566356685190655 0
1219 0.1883778656419584 0.3683650652598294 0
1220 0.2061968012315838 0.3461870420879099 0
1221 0.2111695933393657 0.3711380922400845 0
1222 0.2201941445434318 0.3601660879356285 0
1223 0.2155557233515958 0.3355526516835394 0
1224 0.2292035173425404 0.3491856249228275 0
1225 0.2660677793357209 0.286066621660012 0
1226 0.279894205536067 0.2998909315020536 0
1227 0.2556679496100587 0.2956666676144369 0
1228 0.2501530300258836 0.3072934260361458 0
1229 0.2401324102003037 0.3168623617111977 0
1230 0.2690795452745628 0.30907513853216 0
1231 0.2612228431510668 0.3201948944216831 0
1232 0.2696799553676866 0.3314691879219154 0
1233 0.2707284633387694 0.3491199238101735 0
1234 0.2392145820337878 0.3392016666054756 0
1235 0.2531066259051157 0.3327480255725275 0
1236 0.2437158186271468 0.3636752916739525 0
1237 0.2339732369872506 0.3757308868379403 0
1238 0.255418120502916 0.3517283316373955 0
1239 0.3352770308312918 0.3127797979423492 0
1240 0.3668831501703548 0.3168905010586505 0
1241 0.3598450367638097 0.2890871715258667 0
1242 0.3457820685375257 0.3011857555909162 0
1243 0.3246286848632705 0.2846375463396227 0
1244 0.3189631978705929 0.3024660249412006 0
1245 0.3061085831209897 0.3067009361511256 0
1246 0.2912793059991289 0.2913292440447745 0
1247 0.2820357589973974 0.3213619623927166 0
1248 0.2926067846967874 0.3086104785396704 0
1249 0.3037160698303541 0.3237693186076815 0
1250 0.320004644686075 0.3211138235882988 0
1251 0.3144614602073326 0.3394653139107238 0
1252 0.2902357696421884 0.34019773925616 0
1253 0.2915285898878359 0.3665413172182992 0
1254 0.3064766325000799 0.3539276752068265 0
1255 0.3191601037859227 0.3691625560737222 0
1256 0.3345401269661841 0.335142863196853 0
1257 0.3291011992717767 0.3537781017187931 0
1258 0.3510655963999526 0.3274857611188622 0
1259 0.3919917398940198 0.2919848893714493 0
1260 0.3794615992527218 0.3044571790785279 0
1261 0.4924652634904533 0.1922702052841221 0
1262 0.4812967576357378 0.2061949287914674 0
1263 0.395937222361114 0.2459432055858409 0
1264 0.4096025574723882 0.23875629669777 0
1265 0.3799932799261789 0.2408610627357989 0
1266 0.3896535230806544 0.2604929772990774 0
1267 0.3736153550971464 0.2734112768377066 0
1268 0.4044984622698315 0.2794881740778195 0
1269 0.4102178677686946 0.2602118975106891 0
1270 0.4485668277797684 0.2485351013361429 0
1271 0.4291522461784939 0.2544819572132436 0
1272 0.4244689471960756 0.2250595361735629 0
1273 0.4343027681748427 0.2074770694756032 0
1274 0.4545605479004879 0.2295115694588867 0
1275 0.467045619692297 0.2156806178394366 0
1276 0.4481080309098446 0.200691266603443 0
1277 0.4643568595675058 0.1890247367331174 0
1278 0.4180638070901814 0.2009291249733282 0
1279 0.4051496612896748 0.2044146849278284 0
1280 0.385511028254958 0.2279365461919556 0
1281 0.3946628456338903 0.2147800215653465 0
1282 0.3750781180927281 0.1951228290725071 0
1283 0.390400073184036 0.1904677972549581 0
1284 0.4019934739103329 0.1420524415859689 0
1285 0.4204931410358569 0.1607014925646769 0
1286 0.3968362317216514 0.1568804454839709 0
1287 0.3907650661131301 0.1708152141586423 0
1288 0.3765294615472337 0.1765593580817141 0
1289 0.4068114942444735 0.1872647860396312 0
1290 0.4125717652024259 0.1728216839604371 0
1291 0.4258153762564061 0.1907743254491592 0
1292 0.4457412527660515 0.1663427818099294 0
1293 0.4354544727884245 0.1759637113545647 0
1294 0.4655747450154823 0.1466554446124405 0
1295 0.4569777963403198 0.1574781787182261 0
1296 0.4311266092686652 0.1514299504053842 0
1297 0.4426224365034608 0.1430195601742581 0
1298 0.4368277514916298 0.1169092585048688 0
1299 0.4282774473133066 0.1283769834005637 0
1300 0.4604263667421429 0.1212739565569501 0
1301 0.4513843813158792 0.1320450443860463 0
1302 0.446365503248699 0.1064935269832452 0
1303 0.4563503797679848 0.09668094930073873 0
1304 0.4167174103950666 0.136801323810986 0
1305 0.4616015527886568 0.08188391997956836 0
1306 0.5453985777285264 0.1449192668187436 0
1307 0.5309507612198389 0.1553366896216828 0
1308 0.512437690992777 0.1617636969682966 0
1309 0.5045121402010302 0.1792826897264531 0
1310 0.4891748306668351 0.1598113896460408 0
1311 0.4741146982925254 0.1701236323614755 0
1312 0.495045606397331 0.1444437798448434 0
1313 0.4935562290443477 0.1162540570841805 0
1314 0.5069931164867304 0.1341113897058952 0
1315 0.474577540829253 0.136035063067197 0
1316 0.4838057097480037 0.1262564886739331 0
1317 0.4746892312012068 0.09573342357971384 0
1318 0.4698950556976535 0.1108245234804826 0
1319 0.5047820561707193 0.1072554935475767 0
1320 0.5293987525660668 0.1276123657917401 0
1321 0.5568804761843154 0.130949761060236 0
1322 0.5563764443741014 0.1007593290241285 0
1323 0.5448410311620998 0.110355305615213 0
1324 0.5458277258439866 0.05618236102647793 0
1325 0.5561839115183832 0.07645304362339479 0
1326 0.5423917463200963 0.08896066390946078 0
1327 0.5328702996153877 0.07228848125257897 0
1328 0.5242246613678897 0.05356595303815283 0
1329 0.52095372495397 0.08898963073310817 0
1330 0.4771457425714033 0.07686845971469627 0
1331 0.4900792777766787 0.09288559035339712 0
1332 0.4998465970909358 0.0828833543708296 0
1333 0.5090853723558236 0.06865504553720243 0
1334 0.5052221522750175 0.04714099381466869 0
1335 0.4958361994404773 0.05708471895600004 0
1336 0.4878318209257957 0.06764309565189118 0
1337 0.5159914789138345 0.03379101563982911 0
1338 0.5385727910734646 0.03933691622029446 0
1339 0.5583634517071644 0.04013516403125944 0
1340 0.5674119358779477 0.1173128756697809 0
1341 0.5823456961935353 0.1072580162888053 0
1342 0.5947938101979672 0.0931518684425244 0
1343 0.637553175129238 0.05470852193797647 0
1344 0.6179122101357933 0.06290620458150153 0
1345 0.5708232832903215 0.08984040655483588 0
1346 0.5795320532162926 0.07646407014175471 0
1347 0.6052652443198006 0.07878557194236227 0
1348 0.5887469917476507 0.05984415942479288 0
1349 0.5677970714752557 0.05819805797504422 0
1350 0.5981366529132053 0.04045900009909611 0
1351 0.5781282948180571 0.04010954960258555 0
1352 0.6391162589705248 0.03797192246994687 0
1353 0.6578704906982265 0.03962094411149574 0
1354 0.6203288231585784 0.04004194765867995 0
1355 0.7138398002533568 0.01361751618072455 0
1356 0.2499191488774754 0.9805172348303011 0
1357 0.9804214783769071 0.2497824330127041 0
1358 0.7500788445353865 0.01959365132936826 0
1359 0.2250000000009184 0.9819577567180512 0
1360 0.01954501938286638 0.7502105316909787 0
1361 0.9839457176715199 0.125129891869837 0
1362 0.9836789497575713 0.1374999999997004 0
1363 0.983962162864064 0.1499999999997363 0
1364 0.9837622551493495 0.1624999999997692 0
1365 0.9827354796603474 0.175035541451131 0
1366 0.9819982900259081 0.1874999999998352 0
1367 0.9822706307120405 0.1999999999997998 0
1368 0.9826573739766031 0.2124999999999679 0
1369 0.9825183663256924 0.2287495455872628 0
1370 0.7688934887312806 0.01809030818118577 0
1371 0.8124999999999886 0.01602423158904796 0
1372 0.8000000000000117 0.01644716382715918 0
1373 0.7849043470764221 0.01726377681431659 0
1374 0.8246838958486458 0.01594366794655385 0
1375 0.8375000000000543 0.01628527535745651 0
1376 0.8499999999999451 0.01645205965764382 0
1377 0.8625 0.01641199874385571 0
1378 0.875 0.01646251781566651 0
1379 0.9 0.01618685659990176 0
1380 0.8875 0.01628552645950068 0
1381 0.925 0.01652356619780847 0
1382 0.9125 0.016405266540603 0
1383 0.9375000000002166 0.01630177866461821 0
1384 0.9840960573502373 0.1124999999995558 0
1385 0.9841175260221183 0.09999999999974327 0
1386 0.9838124071302689 0.08749999999977978 0
1387 0.983585549501839 0.07506556944393075 0
1388 0.9818719514206851 0.06251810434282075 0
1389 0.9886979538826612 0.05001084888560226 0
1390 0.9829339547641697 0.03279788432544643 0
1391 0.9624371935427404 0.01696312984138434 0
1392 0.9500121322116111 0.01642018973908491 0
1393 0.9869494252655311 0.01500396753301545 0
1394 0.9749657331444769 0.01687026294929357 0
1395 0.0172647851752985 0.7712461805948023 0
1396 0.03504428118439664 0.7647629052358018 0
1397 0.01682570313748033 0.7865929720571445 0
1398 0.01625948140483712 0.8004012243575163 0
1399 0.01649724820011403 0.8129040943223323 0
1400 0.01683315434889223 0.8254114122042889 0
1401 0.01677420871289351 0.8375 0
1402 0.01474941553243005 0.874981677238083 0
1403 0.0162906989980077 0.8624999999999999 0
1404 0.01669678019280041 0.85 0
1405 0.01637711615950295 0.887402014218001 0
1406 0.01830883812368131 0.8999519133678443 0
1407 0.0163694533516946 0.9125000000001382 0
1408 0.01084336953433431 0.9249609608511428 0
1409 0.01603474846841555 0.937471980599483 0
1410 0.01672953735638209 0.9500000000001207 0
1411 0.01588226959445422 0.9645432105778791 0
1412 0.01251028718974223 0.9843357873255901 0
1413 0.02568499434206645 0.9838394555778383 0
1414 0.03818103306667051 0.984268868740183 0
1415 0.0500098095592456 0.981534600793125 0
1416 0.08750000000075235 0.9834269202376543 0
1417 0.07499999999992514 0.9834742372144109 0
1418 0.06250000000026021 0.9829756290878054 0
1419 0.1000000000004163 0.9836869922160507 0
1420 0.1124833727525299 0.9851316520525633 0
1421 0.1500000000003468 0.9837461695891518 0
1422 0.1375000000004336 0.983405061793179 0
1423 0.1247664335778954 0.9780914508241568 0
1424 0.1625000000002602 0.9838066469374592 0
1425 0.1753828048107959 0.9835787053501874 0
1426 0.1746339023293563 0.9673832959490447 0
1427 0.1618709749868962 0.9678551433324344 0
1428 0.2390593294351585 0.9628030962677085 0
1429 0.2227209131292104 0.9626619524587383 0
1430 0.2110799438482555 0.9656244679446182 0
1431 0.1993358061618359 0.9672285476375162 0
1432 0.1863395423456533 0.9682555515345344 0
1433 0.1878891641761206 0.9837922695037837 0
1434 0.2122191969591037 0.9831079865183139 0
1435 0.2003994317438033 0.9838371468096978 0
1436 0.3088857047796676 0.9088857047793927 0
1437 0.2959424714432864 0.9209424714430071 0
1438 0.2837910408809313 0.9337910408807674 0
1439 0.2617105958853519 0.9619476394888704 0
1440 0.2720830236013525 0.9470830236008645 0
1441 0.3337550759035302 0.883755075903522 0
1442 0.3216645354989696 0.896664535498233 0
1443 0.4582839200269958 0.7582839200268265 0
1444 0.4457704919109053 0.7707704919109193 0
1445 0.3833221034984295 0.8333221034976087 0
1446 0.395798409703529 0.8207984097030924 0
1447 0.4206715702759769 0.7958904459817214 0
1448 0.4082614387328224 0.8083691320087021 0
1449 0.4332401378848116 0.7832401378831356 0
1450 0.3460048224690649 0.8710048224686122 0
1451 0.3584815212762865 0.8584815212755826 0
1452 0.3708951603768212 0.8458951603764694 0
1453 0.4960385163738664 0.7210204927467958 0
1454 0.4708770070867977 0.7458770070856366 0
1455 0.483319863321368 0.733294986931381 0
1456 0.2484389112380996 0.523453441078779 0
1457 0.2662929154158422 0.5162929154137214 0
1458 0.2788172966164694 0.5038172966147256 0
1459 0.1289706879350964 0.6539706879349441 0
1460 0.1415200347219591 0.6415200347211286 0
1461 0.1483315395494 0.6233889413949611 0
1462 0.2415389488788647 0.5415389488774458 0
1463 0.2286688474201704 0.5537120039606078 0
1464 0.2159630574008411 0.566003543680656 0
1465 0.1980762216872912 0.5731094000994987 0
1466 0.1907121284886612 0.5907355883265177 0
1467 0.1787632768631564 0.6037632768620765 0
1468 0.1662495908897133 0.616249590888717 0
1469 0.05272901483086049 0.727948523432676 0
1470 0.03829206445435922 0.7394373200257021 0
1471 0.09109840796215402 0.6910984079614015 0
1472 0.07881441218969368 0.7038144121895362 0
1473 0.06615012535929525 0.7161501253589632 0
1474 0.09963337692853755 0.6747232920283868 0
1475 0.1159226591832008 0.6660113342419542 0
1476 0.4485166754488727 0.3235226255975371 0
1477 0.4415834090779515 0.3415834090754449 0
1478 0.4710778975427272 0.3210994145247216 0
1479 0.4789102736605481 0.3039102736587712 0
1480 0.4859559408875764 0.2859649079507224 0
1481 0.4167169581424577 0.3667243096665492 0
1482 0.429122644052108 0.3541226440503477 0
1483 0.3033010677100237 0.4783010677084726 0
1484 0.2908865906924923 0.4908865906906655 0
1485 0.3652846816993809 0.4152846816970557 0
1486 0.3531901005684583 0.4281901005662163 0
1487 0.3410716720993656 0.4410716720972066 0
1488 0.3286759233808834 0.4536599612501674 0
1489 0.3162446263878596 0.4662446263854976 0
1490 0.404274412304123 0.3792744123016467 0
1491 0.3917866845580984 0.3917866845557161 0
1492 0.3784150927973972 0.4034150927955509 0
1493 0.5090543230672868 0.7090543230668461 0
1494 0.521303715885805 0.6963037158839713 0
1495 0.5840759743100876 0.6340688651939184 0
1496 0.5717473616496038 0.6467446258434933 0
1497 0.5341470002300774 0.6841353798096108 0
1498 0.5594120452101328 0.6594120452079439 0
1499 0.5469828223033962 0.6719828223021386 0
1500 0.6092072856735434 0.6092072856707873 0
1501 0.6216935919170136 0.5966935919167017 0
1502 0.5911980686619097 0.6161861157759533 0
1503 0.633997160888873 0.5839890680951119 0
1504 0.6462946085360934 0.571284431795811 0
1505 0.683504663688937 0.5335046636872024 0
1506 0.6709731932486741 0.5459793434706809 0
1507 0.6584350521992349 0.5584350521966874 0
1508 0.7084692241215991 0.5084692241188199 0
1509 0.6959965871116559 0.5209965871097956 0
1510 0.9596089811042607 0.2600212765395037 0
1511 0.9472099469880226 0.2722099469876044 0
1512 0.9088296188228235 0.3088296188218173 0
1513 0.921025852037443 0.2966655806482824 0
1514 0.9342050568298161 0.2842050568291745 0
1515 0.9019268705806103 0.3267972785697688 0
1516 0.8796647187490488 0.3293184205493146 0
1517 0.8713421976229346 0.3463421976217671 0
1518 0.8592365127424855 0.3592365127407398 0
1519 0.846624797467373 0.3718067167218904 0
1520 0.7834343850145307 0.4334343850126576 0
1521 0.8090387888079544 0.4090387888067031 0
1522 0.7961412153684716 0.4210774875142509 0
1523 0.8338113168480814 0.3839537859996041 0
1524 0.8213917088699757 0.3965083494043671 0
1525 0.7639909915009786 0.4639736162785525 0
1526 0.7709067784238712 0.4459067784221325 0
1527 0.745907126318143 0.4709071263160555 0
1528 0.7209750353014016 0.4959750353003094 0
1529 0.7334466736476429 0.4834466736455512 0
1530 0.5039029201043091 0.2789029201027366 0
1531 0.5220112379122548 0.272043160215156 0
1532 0.5290511843720132 0.2540511843710592 0
1533 0.554024161549705 0.2290348155777557 0
1534 0.5415579950589725 0.2415579950570281 0
1535 0.5665776045467575 0.2165776045454342 0
1536 0.591015755915305 0.1909164092718535 0
1537 0.5787719493068926 0.2037719493053764 0
1538 0.6035360152520857 0.1785360152516193 0
1539 0.6160973358768995 0.1660973358756025 0
1540 0.6284096659546813 0.1534745141593382 0
1541 0.653593678503852 0.12869695950705 0
1542 0.6381687794262569 0.138218470925678 0
1543 0.7045068490842679 0.07772774325006052 0
1544 0.7166591895975488 0.06488889446908874 0
1545 0.6920049613145715 0.09039017969365427 0
1546 0.6702037959820371 0.1203268155884028 0
1547 0.678902173464609 0.1025361482682794 0
1548 0.7290885998232161 0.05296289548206187 0
1549 0.7385942889073147 0.03786832949600483 0
1550 0.9669045663775261 0.1506923807362053 0
1551 0.9670021936338713 0.1380698622562671 0
1552 0.9674341131268113 0.1254287080941661 0
1553 0.9663492401676518 0.1632023232452904 0
1554 0.9647519732359564 0.1760042099414287 0
1555 0.9647880000444702 0.2149094940220226 0
1556 0.9641162652982105 0.2020147937530304 0
1557 0.9640904904681156 0.1891376332736996 0
1558 0.9653550144778658 0.2348209938395364 0
1559 0.7595666766483206 0.03687147583714446 0
1560 0.7787782621090955 0.03420021081309732 0
1561 0.8138977550984303 0.03292061437801253 0
1562 0.8001603077963386 0.03257189044640194 0
1563 0.8506001510753098 0.03320832685321388 0
1564 0.8633239230729963 0.03314368368978005 0
1565 0.8755964618897818 0.03282150135445808 0
1566 0.8262146184767397 0.03276370600186018 0
1567 0.8383308729318304 0.03297771964012693 0
1568 0.887884789561417 0.03297703666171656 0
1569 0.9004778419525832 0.03304242663580958 0
1570 0.937739161020875 0.03306457029034909 0
1571 0.9253157986218639 0.03305487210491494 0
1572 0.9129340978847031 0.03311117658355424 0
1573 0.9731117561109613 0.1128644235372435 0
1574 0.9677707628781881 0.1003210937999653 0
1575 0.9674332949006067 0.08777959950137383 0
1576 0.9670083509508128 0.07511381716263843 0
1577 0.9645210413369718 0.06272638093416 0
1578 0.9718482515140781 0.04866779194802612 0
1579 0.9654757963988407 0.03307581394068031 0
1580 0.9501499983834875 0.03311688152981151 0
1581 0.1618055443748488 0.8418556362449452 0
1582 0.1795971530854018 0.8357489573934473 0
1583 0.161264916432198 0.8218608102634761 0
1584 0.1380965483684073 0.840285014094047 0
1585 0.1351911484580509 0.8188535813650439 0
1586 0.13339101089907 0.8612365649649726 0
1587 0.152265995381208 0.8598324601378408 0
1588 0.1621476329803341 0.877983915370051 0
1589 0.1702049087033257 0.8569349972114657 0
1590 0.178354665217745 0.8742234201857159 0
1591 0.1864159100308423 0.8528117567574333 0
1592 0.1954443340520669 0.8705826125431312 0
1593 0.2111676941873289 0.8589250319938213 0
1594 0.2217363811187668 0.8769676620294805 0
1595 0.2313484014988479 0.8646270704671722 0
1596 0.2414968329067451 0.8525737745976064 0
1597 0.2396268957856119 0.8243342958136723 0
1598 0.219814441962117 0.8466759723617686 0
1599 0.229563417092929 0.8351278678197366 0
1600 0.2170238521217556 0.8173222092775161 0
1601 0.2001550587116452 0.8412438202018996 0
1602 0.2116474571688237 0.8329379629385336 0
1603 0.1983806466846502 0.8229981682787464 0
1604 0.2140799786676627 0.7870264038335107 0
1605 0.1997002585080127 0.8031986594580987 0
1606 0.2373276810241711 0.7945605192029852 0
1607 0.2263281402826458 0.8065272840055396 0
1608 0.2474877785002404 0.7811952226839711 0
1609 0.2435419709528925 0.7580494045238948 0
1610 0.2298478413310699 0.7724950433686397 0
1611 0.216852851673891 0.754886898187206 0
1612 0.1875331256622152 0.7813643375437812 0
1613 0.202116218144492 0.7683375472158388 0
1614 0.1720862185363831 0.7960540163052143 0
1615 0.1822058386493292 0.8159721223397964 0
1616 0.1746678804699677 0.7636547041133476 0
1617 0.1593665460800897 0.777724775023269 0
1618 0.1251531200280509 0.8007773476352972 0
1619 0.1515449667005785 0.8036992833889738 0
1620 0.1421642210332157 0.7875307715360621 0
1621 0.1472856938296187 0.7589301012076927 0
1622 0.1315735293876593 0.7708485502496141 0
1623 0.1033972971300015 0.8027267936136027 0
1624 0.1201785740705914 0.7541638360621812 0
1625 0.1053512292947111 0.766906767708792 0
1626 0.1159527814339334 0.7840202933557944 0
1627 0.08916203735315609 0.7828546698490925 0
1628 0.06839301589642001 0.8050845149370851 0
1629 0.08527268912046995 0.8145299146336072 0
1630 0.08593224070097319 0.7994806112293276 0
1631 0.06892604437879633 0.7908642556930513 0
1632 0.07910780741508225 0.7622695709668079 0
1633 0.06710343445330247 0.7743993075079936 0
1634 0.0531602455351684 0.7560248060942003 0
1635 0.05155319380603796 0.7780837362031261 0
1636 0.05091147933491105 0.7955896421571274 0
1637 0.05063195490730838 0.8089915202759939 0
1638 0.03409891635676671 0.7826021125984549 0
1639 0.03347300184640662 0.7981675331917065 0
1640 0.03349399192611721 0.8112886706074038 0
1641 0.05043472900923309 0.8222881173941567 0
1642 0.03339624286376289 0.8239816312474579 0
1643 0.03334996669804095 0.8365671060743894 0
1644 0.04989648394598036 0.8351609639465654 0
1645 0.04948869857120454 0.8606822687326176 0
1646 0.04996104508987144 0.8479253268909276 0
1647 0.03279406583473015 0.8619271023226511 0
1648 0.03317746084992349 0.8491003006700977 0
1649 0.02711123616188337 0.8745705398724442 0
1650 0.0490903186419188 0.8734948709305402 0
1651 0.1016179367819408 0.8371849862449113 0
1652 0.1189677576355379 0.8469379306316646 0
1653 0.1190562757991736 0.8308597518798748 0
1654 0.1168417021169773 0.8152741556313847 0
1655 0.1015070919542719 0.8225488758224728 0
1656 0.08409861169955468 0.8282425618225524 0
1657 0.0675863137967649 0.8185849753652176 0
1658 0.06692061470770194 0.8453203614415764 0
1659 0.06705321919591742 0.8320542621825067 0
1660 0.08425108994948927 0.8416389461078662 0
1661 0.0841018099802977 0.8552498950800254 0
1662 0.06673352688905733 0.858306422707325 0
1663 0.06686940144733061 0.8713473547955135 0
1664 0.084212620358042 0.8686938683713703 0
1665 0.1015676406526687 0.851237437079134 0
1666 0.09981159948016657 0.8642098442390653 0
1667 0.11484649538259 0.8628235122636451 0
1668 0.1092254166812375 0.9327834057611747 0
1669 0.0971367103470791 0.9328750472282954 0
1670 0.0955790370864989 0.9159032155031755 0
1671 0.1068111520109644 0.9167059161857125 0
1672 0.1189739729254329 0.9146312914995461 0
1673 0.1046452814223899 0.8983991407678852 0
1674 0.09948883366586964 0.8786229596774754 0
1675 0.07317727154176376 0.9325788730024572 0
1676 0.0603012279152943 0.9305399283012316 0
1677 0.08529981328448648 0.93259398264158 0
1678 0.08133814452303435 0.9173321027229797 0
1679 0.06478953446506136 0.9134468875624872 0
1680 0.06686755093313768 0.8969110967573372 0
1681 0.08424815483096908 0.8968826363901871 0
1682 0.08259187734970441 0.881040631307054 0
1683 0.06734918574763757 0.884483605219701 0
1684 0.05018803343943897 0.8861271970154349 0
1685 0.03336580180471056 0.887117574525391 0
1686 0.03468558638483082 0.9002432911694696 0
1687 0.05050123092510523 0.8989539845463982 0
1688 0.04772474053870336 0.9239834007152452 0
1689 0.05002054792223862 0.9114874749827706 0
1690 0.05005282907008946 0.9368247861633032 0
1691 0.03311947773934955 0.9121945031025808 0
1692 0.0261996621133509 0.9247371346500828 0
1693 0.03310618304760806 0.9373119626319075 0
1694 0.04681933287159638 0.9500061099375621 0
1695 0.03168061314144682 0.9518497198194437 0
1696 0.03712883196748029 0.9679336006748771 0
1697 0.05030607133747091 0.9650856795698769 0
1698 0.09961474501154496 0.9670402809035503 0
1699 0.1120986481624438 0.9704719263531288 0
1700 0.1111536868763522 0.9504522821036464 0
1701 0.09846868320300414 0.9499033792457673 0
1702 0.08647506046291369 0.9496862983244463 0
1703 0.0739684617497773 0.9493609622968965 0
1704 0.06180019878040036 0.948835969231441 0
1705 0.06230232326783041 0.9658577918714556 0
1706 0.07466390132045189 0.9664649614046004 0
1707 0.08720647983889739 0.966582961153491 0
1708 0.1484231706536359 0.8973974637703854 0
1709 0.1282325301776034 0.8972958437833187 0
1710 0.1207954812096034 0.8797738400508881 0
1711 0.1408759702169091 0.8789200146795759 0
1712 0.1677901532894165 0.8955991381000659 0
1713 0.1539488235746578 0.9163365834877503 0
1714 0.1738357388987493 0.9138215103896292 0
1715 0.1810998126973282 0.9332869976842936 0
1716 0.1609005430479047 0.9352827335538969 0
1717 0.1456082820561058 0.9333307081564632 0
1718 0.1342553556467772 0.9166125976562218 0
1719 0.1215956562458053 0.9322621880495396 0
1720 0.1334644560481024 0.9318021885654482 0
1721 0.1233744103544776 0.9493555607241383 0
1722 0.135620520185079 0.9492403021847777 0
1723 0.136968270389065 0.9664800282077193 0
1724 0.1241493420139933 0.9623065153888066 0
1725 0.1481328896442435 0.9505639937701711 0
1726 0.1492785186591254 0.9674470021814561 0
1727 0.1721964796873565 0.9511475774518431 0
1728 0.1602578057538982 0.95138713202172 0
1729 0.222473719324468 0.9102654541375409 0
1730 0.2336726875220973 0.8952446327983655 0
1731 0.2431940623723435 0.8825268153712786 0
1732 0.185819293113979 0.8921692493463939 0
1733 0.2090067852452853 0.892691572693481 0
1734 0.1996414955991801 0.9319095621523109 0
1735 0.1989941433958141 0.9146588984971394 0
1736 0.2171199126610898 0.9292392025855054 0
1737 0.2455948482751928 0.9131993648369507 0
1738 0.2364315334197953 0.928859426536411 0
1739 0.2282073775651517 0.9458705290676268 0
1740 0.2491561295905647 0.9461433214855279 0
1741 0.1857625331416894 0.9511432876022509 0
1742 0.2091239974437732 0.9505253642069379 0
1743 0.2675077473236203 0.8874366093000328 0
1744 0.2555143160224265 0.900054400875116 0
1745 0.2934226309286774 0.8922302572863767 0
1746 0.3059986034306196 0.8798548536645034 0
1747 0.2816833042534623 0.9044472438650131 0
1748 0.2694229727419141 0.917127779609523 0
1749 0.2594132580849584 0.9310339928250073 0
1750 0.3793450139397788 0.8039728115713185 0
1751 0.3917345599695102 0.7914828495777568 0
1752 0.4165675015129793 0.7664016652566304 0
1753 0.4290965682320655 0.7538940638902967 0
1754 0.3755087911076798 0.7747263767234305 0
1755 0.4041132811471572 0.778960569142379 0
1756 0.3877985497227289 0.7622007146424246 0
1757 0.2994921746330214 0.8204171053321098 0
1758 0.2880247969462436 0.8335828331987567 0
1759 0.2635670864066321 0.829314578530769 0
1760 0.2738449176939555 0.8165406483090465 0
1761 0.2524569616214729 0.8417486417589694 0
1762 0.2771995329782256 0.8464249848135776 0
1763 0.2655135726216254 0.8588758792166526 0
1764 0.2543564662631474 0.8701760734344672 0
1765 0.2791569786963388 0.8755835992106065 0
1766 0.3024366778511489 0.8502456916625097 0
1767 0.2912565255662907 0.8631351257829601 0
1768 0.3301146093025039 0.8542622382053819 0
1769 0.317840916732154 0.8669845173076939 0
1770 0.3668994555608604 0.8165189034528428 0
1771 0.354537416773104 0.8291089222778181 0
1772 0.3147317224649894 0.8374788876080262 0
1773 0.3422160197167596 0.8416683548284886 0
1774 0.3262039010362892 0.8246917255388242 0
1775 0.3224488294048714 0.794816871457332 0
1776 0.3384493045492935 0.8121931413123881 0
1777 0.3630649177315478 0.7871355161576967 0
1778 0.3506881438154686 0.7996410333148526 0
1779 0.3595514232675774 0.7579982740004653 0
1780 0.3471964832235261 0.7701734157813688 0
1781 0.3346968364533935 0.7825069297723788 0
1782 0.3313841953657876 0.7531380284673905 0
1783 0.318944070165787 0.7652105028649839 0
1784 0.3110233926044035 0.8075361524648376 0
1785 0.2849217182508355 0.8033037293021446 0
1786 0.2959080429298565 0.7902807761152324 0
1787 0.3071439431628468 0.777527202780772 0
1788 0.2919593812635379 0.7602583603209567 0
1789 0.2807025048705499 0.7728644615916361 0
1790 0.250141149042152 0.8120481079397377 0
1791 0.2699548977191962 0.785953781605639 0
1792 0.2599865093482746 0.7993949013578897 0
1793 0.2656407201829383 0.7554175322645007 0
1794 0.2614655744451634 0.7706960805339285 0
1795 0.2661367253209931 0.6431640438568935 0
1796 0.253886062763564 0.6563382914422525 0
1797 0.27756503111935 0.6292004519301554 0
1798 0.3083894006955835 0.6355931213786439 0
1799 0.2934993716231372 0.6459685737123273 0
1800 0.2819206805932037 0.6599225728527061 0
1801 0.2973492582561149 0.6778313078449631 0
1802 0.2846002185708252 0.6919857017595543 0
1803 0.2575699826313338 0.6869815126634264 0
1804 0.2694361824534827 0.6735191892012613 0
1805 0.2759050057855665 0.7412546346203616 0
1806 0.2724574994765591 0.7049825055213903 0
1807 0.2650791417650283 0.7209702687501474 0
1808 0.3033021843632054 0.7479281479072348 0
1809 0.2879185970547156 0.7306736710592692 0
1810 0.3001222474255086 0.719103110176873 0
1811 0.3595610542081527 0.6562646329377834 0
1812 0.3728153419819415 0.6456822614973196 0
1813 0.3527747068784702 0.6289951582095862 0
1814 0.3256627399426187 0.6523985007903694 0
1815 0.3398965516629501 0.6406253724713521 0
1816 0.3363058891389351 0.6812002242059035 0
1817 0.3106413010365174 0.6641143170802309 0
1818 0.3486475588265699 0.668817950541339 0
1819 0.3640907667291719 0.6868710494348712 0
1820 0.3518266427020094 0.6991799101981641 0
1821 0.3678680494762022 0.7160362427839475 0
1822 0.3240469823629752 0.6935957489595982 0
1823 0.3395895402429377 0.7116522628361253 0
1824 0.3121917240929394 0.706150940966776 0
1825 0.3278035396401968 0.7239388445385209 0
1826 0.3157012711647996 0.736007257266303 0
1827 0.3554628294172257 0.7285434304188529 0
1828 0.3435653335083368 0.7408429522938773 0
1829 0.3714887421944342 0.7454318790717316 0
1830 0.4918739603413644 0.6918248799250163 0
1831 0.4791727303081017 0.7041049893160019 0
1832 0.450062808487779 0.6998011906935042 0
1833 0.4666394441631328 0.7165303480415772 0
1834 0.4360105913521872 0.7106708971807545 0
1835 0.4483030437612725 0.7231066200496443 0
1836 0.441289235873264 0.7411840139314084 0
1837 0.4002385014356583 0.7496502424977934 0
1838 0.3839863374885644 0.7328650089520385 0
1839 0.4238703787974506 0.7234157469103957 0
1840 0.4124908590908524 0.736966338546801 0
1841 0.4211616494576575 0.6942072303716585 0
1842 0.4084459686283015 0.706275177516702 0
1843 0.396128148133346 0.7198593315470669 0
1844 0.3872514090501739 0.6855200598293569 0
1845 0.3798016109653871 0.7031210972568596 0
1846 0.3720234445187292 0.6696126473683141 0
1847 0.4049671364490438 0.6787113434512214 0
1848 0.3882948035400092 0.6616256717579602 0
1849 0.3857910343473461 0.6340080928378049 0
1850 0.4021617358774292 0.6508584667978162 0
1851 0.4183765755186414 0.6674989282184772 0
1852 0.4343671259972138 0.6838444974880548 0
1853 0.4307632209921478 0.6549738353874948 0
1854 0.4144693595880964 0.6383072571659159 0
1855 0.4889949738571809 0.6638323895530907 0
1856 0.4758422333115143 0.6756454798779431 0
1857 0.4630071079449401 0.687765314085767 0
1858 0.4469342634745787 0.6714935348268006 0
1859 0.4593911679245345 0.659016341758775 0
1860 0.4380500340417213 0.6372815302737709 0
1861 0.4566396082031455 0.6311048987335593 0
1862 0.4729646905431221 0.6476507664171243 0
1863 0.4862425080725364 0.6359617169166756 0
1864 0.4882051030284461 0.6128497456174308 0
1865 0.5024232408132807 0.6272091547518766 0
1866 0.4701334081867424 0.6196777579294113 0
1867 0.4394282082313439 0.6135998256500639 0
1868 0.453759776633132 0.6030761954678067 0
1869 0.4727444423541372 0.5972100208340982 0
1870 0.4365619807312605 0.5859722179043887 0
1871 0.4556118677826536 0.5802436776204402 0
1872 0.4753219181353097 0.5747960011681795 0
1873 0.4939590983932405 0.5935869898245516 0
1874 0.4908581129433822 0.5653682684363361 0
1875 0.476665751749073 0.5008944800679885 0
1876 0.4974372716347585 0.5201993803198306 0
1877 0.4880913162072124 0.537483543473156 0
1878 0.4732445082338966 0.5498808197536728 0
1879 0.4542020933766587 0.5297870327255579 0
1880 0.4639158973859473 0.51339293840301 0
1881 0.4426822023066727 0.5432753583513756 0
1882 0.4605379274473412 0.5614100572757873 0
1883 0.3981645961543033 0.6216514349010838 0
1884 0.3774682675696449 0.6059076056931791 0
1885 0.4224583074955691 0.6213934691967156 0
1886 0.4238811244011383 0.5977831820890045 0
1887 0.4073789054652345 0.602136408699986 0
1888 0.4170127872458766 0.5678362215686241 0
1889 0.3895644448396605 0.5908828790757272 0
1890 0.4028260544355009 0.5789710782373984 0
1891 0.3825645832512937 0.5330783608606987 0
1892 0.3860424368560681 0.561913211259925 0
1893 0.3997758748402139 0.5505157495095369 0
1894 0.4181360345567769 0.5438055206479827 0
1895 0.4384238000117636 0.563757175561433 0
1896 0.4248325175764454 0.5253786252815843 0
1897 0.4359761331926442 0.5112734581563678 0
1898 0.4075281216449101 0.5078731083652763 0
1899 0.3789899301669052 0.5042329383321548 0
1900 0.3973525156439314 0.5227965064077168 0
1901 0.2896733172990796 0.590473949944554 0
1902 0.3027863075282493 0.5784110401410758 0
1903 0.260588781177697 0.5860683765333629 0
1904 0.2735864160748084 0.5740228800032818 0
1905 0.2761329301062088 0.6020966268145496 0
1906 0.2629715945911805 0.6139572373857786 0
1907 0.2500938687674992 0.6262600667051272 0
1908 0.2918596088492369 0.6184113073032446 0
1909 0.3056339952102638 0.6069806531709561 0
1910 0.3190259511826788 0.5951244949219056 0
1911 0.3220816181280977 0.623925554892384 0
1912 0.3358383867315525 0.6120313605259841 0
1913 0.366344035660068 0.6191337304189825 0
1914 0.3503164277669081 0.6017832781625722 0
1915 0.3612518372269057 0.5875173766260977 0
1916 0.3677301227088156 0.568632309481103 0
1917 0.344698757698812 0.5704686435319561 0
1918 0.3378520500977267 0.5889078912490321 0
1919 0.3220311311087992 0.5727417429914458 0
1920 0.3115382104318675 0.536763047070838 0
1921 0.3344179182382484 0.5347452872529324 0
1922 0.3280188235167024 0.5535065852971512 0
1923 0.3685989048183191 0.5441787655376354 0
1924 0.3493036769998158 0.5498690866029784 0
1925 0.3506007406702432 0.5259439680764866 0
1926 0.365421483587659 0.5157428084774175 0
1927 0.3187342154275741 0.5188858540032499 0
1928 0.3341739317130181 0.5093485444106522 0
1929 0.2995925641087189 0.5498519917364166 0
1930 0.28648335429653 0.561863900486801 0
1931 0.2829599176368 0.5330347589116039 0
1932 0.2948037439376044 0.519874110383959 0
1933 0.3036831246293745 0.5037296316635798 0
1934 0.2703016031315242 0.5453887821838747 0
1935 0.2578381437304587 0.5579418625616144 0
1936 0.2025401765227128 0.7076736893097479 0
1937 0.1894972872526567 0.7206970896294274 0
1938 0.1877167337549232 0.6908035744719501 0
1939 0.2105354981746627 0.689290331655664 0
1940 0.2247938970910478 0.7054450666487564 0
1941 0.2489567865684022 0.7048834051906084 0
1942 0.2169679050321294 0.7245627669666312 0
1943 0.2465555429559858 0.7315722664237028 0
1944 0.2293761619490118 0.7417939631219499 0
1945 0.2029684370617959 0.7376013705376218 0
1946 0.1889772240652167 0.7505593089322304 0
1947 0.1615535804288663 0.7460490282537893 0
1948 0.1754656735672818 0.733255147250232 0
1949 0.1343389305165023 0.7415276826844953 0
1950 0.1481128648930314 0.7286806038864476 0
1951 0.1340958321892942 0.7119478756722907 0
1952 0.1472011733988828 0.6995274077043654 0
1953 0.1750281658191213 0.7037221150916653 0
1954 0.161566832853378 0.7163050398724047 0
1955 0.1727120337159002 0.6742700659017784 0
1956 0.1572205470187186 0.6578175275223723 0
1957 0.1600679277973359 0.6870317545304544 0
1958 0.1324878475416544 0.6831025917750372 0
1959 0.1452616125535338 0.67076477223793 0
1960 0.1634899716138357 0.6388444030903391 0
1961 0.186468474306057 0.6370717534563766 0
1962 0.1972726327186952 0.6745469833704992 0
1963 0.2172766933356807 0.6698269120284392 0
1964 0.1792296175356117 0.6552962399525885 0
1965 0.2029098779138162 0.6544214530256098 0
1966 0.2117579545723019 0.6377857816832208 0
1967 0.2420692292492636 0.6700252329904526 0
1968 0.2335336811750651 0.6877420768628912 0
1969 0.2275926482099168 0.6545750691149682 0
1970 0.2386051479147255 0.6401585690030479 0
1971 0.2224507413968744 0.623178736567749 0
1972 0.2295552990321021 0.6050310665027626 0
1973 0.2474426448787363 0.5979116482003634 0
1974 0.2447490103670489 0.5699303492499685 0
1975 0.2315029861231883 0.5816740240556425 0
1976 0.2120721997243624 0.5872286014090982 0
1977 0.2061350152710743 0.6063495763204986 0
1978 0.1949278811689988 0.6201739941718999 0
1979 0.06748866631929723 0.7446836912340038 0
1980 0.08113024140248432 0.7328468379891843 0
1981 0.1075181451456675 0.737210465187753 0
1982 0.09346244394130562 0.7496801948581204 0
1983 0.1208077435696262 0.7245726960171708 0
1984 0.1064780963751922 0.707792986552815 0
1985 0.1193607692980162 0.6951160561412276 0
1986 0.09363790901309005 0.7203771427904497 0
1987 0.4648655151815171 0.3399024843161083 0
1988 0.4992845623864766 0.3494360768136327 0
1989 0.4805293421964154 0.3556333811295753 0
1990 0.4459639668528798 0.3709936878418882 0
1991 0.457755417247469 0.3577916502679203 0
1992 0.4822595789941111 0.3373316803644354 0
1993 0.4965673165858036 0.3259452617956498 0
1994 0.3696003111186195 0.4446390478408497 0
1995 0.3578186876491269 0.4578496693837565 0
1996 0.3181279563886419 0.4931969548529394 0
1997 0.3320073358805208 0.4820719267844552 0
1998 0.3508115533527954 0.4758842792741094 0
1999 0.3492307598318785 0.4994113962226584 0
2000 0.3665958433026921 0.4917635221023481 0
2001 0.4720412862637497 0.4222838964420657 0
2002 0.4375097332137549 0.412599319016535 0
2003 0.4539080306796338 0.4290940552763732 0
2004 0.4955311753703624 0.4208829032408333 0
2005 0.4876766135835027 0.4380478028853148 0
2006 0.4790854936900268 0.4042953562979539 0
2007 0.4909840033040651 0.3912304130180059 0
2008 0.474341898549177 0.3744586967252161 0
2009 0.4501110872465681 0.4001920913158422 0
2010 0.4627011405416244 0.38780265404628 0
2011 0.4334407256432974 0.3834551138077506 0
2012 0.4210576791133197 0.3960842136872726 0
2013 0.3802299748896741 0.4302534947615656 0
2014 0.3947436627554897 0.4197737443776306 0
2015 0.4079080813579609 0.4079457452318627 0
2016 0.4109036955859196 0.4359861913256574 0
2017 0.424145774584618 0.4242438780370326 0
2018 0.4271358386448089 0.4523253512532079 0
2019 0.4091023785830163 0.4592613791021642 0
2020 0.3934931245094174 0.4435679755898357 0
2021 0.3856407995717948 0.4607382553815709 0
2022 0.37567168231931 0.4758038660097864 0
2023 0.4024913169120069 0.4776910474830899 0
2024 0.3906718931274443 0.4908964224338441 0
2025 0.42460570225338 0.4748789920294644 0
2026 0.4186168512576436 0.493940899389733 0
2027 0.4405340945577037 0.4407277051633066 0
2028 0.4569732793603421 0.4572868367220295 0
2029 0.4432126271848058 0.4685079444101671 0
2030 0.4601153863652148 0.4852687118433466 0
2031 0.4452509332532423 0.4956254139379975 0
2032 0.5041531617565445 0.4546856057356846 0
2033 0.4709958705007334 0.4463173855475033 0
2034 0.4877929804768029 0.4632678533882744 0
2035 0.4738766381326309 0.4742302558383089 0
2036 0.490815571494404 0.4911761529390669 0
2037 0.5052559811253809 0.6801933869301285 0
2038 0.5182640006907016 0.6682067917892286 0
2039 0.5434563589818461 0.643427197108674 0
2040 0.5557249907081536 0.6306836198238867 0
2041 0.532483212467548 0.6574502617259326 0
2042 0.5273213034470572 0.6272204581436933 0
2043 0.5024661762180226 0.6523340927591492 0
2044 0.5210690487697427 0.645974659379759 0
2045 0.5112340431947999 0.6110221189924171 0
2046 0.5237598841796755 0.5985671042468415 0
2047 0.5397012177839065 0.6146087110351128 0
2048 0.5523259998400565 0.6022498455250109 0
2049 0.5414964753025753 0.5913445267994049 0
2050 0.5483998063456208 0.5732230617645139 0
2051 0.5075703256849642 0.5822434647149763 0
2052 0.5262043748425539 0.5759399251789299 0
2053 0.509854978701715 0.507479557809329 0
2054 0.5254750794374794 0.5248663279816801 0
2055 0.5152637896241538 0.5398196759946993 0
2056 0.5099407722753904 0.5595355839467754 0
2057 0.5577541399573687 0.5073299015662996 0
2058 0.5399589958170619 0.5145024042833005 0
2059 0.5564387361959422 0.5311355538469931 0
2060 0.5432847069440054 0.5429834155570147 0
2061 0.5322261561710125 0.5569289033909224 0
2062 0.5599722422645929 0.5597947613102598 0
2063 0.5672170021967278 0.617174700479772 0
2064 0.5771447447028859 0.6021052905032804 0
2065 0.5926813090163037 0.5926530283635157 0
2066 0.5624715250393141 0.5892019601131802 0
2067 0.5732083397879921 0.5758424160842647 0
2068 0.5888576244022513 0.5640879363624295 0
2069 0.6056958223218684 0.5806720093421269 0
2070 0.6181226833867772 0.5680979396083699 0
2071 0.6135455208062304 0.5384492041131612 0
2072 0.6033238496863174 0.5532548046343156 0
2073 0.5726070915639464 0.5475577904342394 0
2074 0.58556881891209 0.535385561099925 0
2075 0.5733289211749669 0.5230606797806905 0
2076 0.5811006223837325 0.5057600374299266 0
2077 0.6254991250824835 0.5253911811421641 0
2078 0.5980164100943284 0.5228124564155882 0
2079 0.6090554522064675 0.5088280749276618 0
2080 0.630261558183781 0.5552228890613615 0
2081 0.6421577216409561 0.5421133119004798 0
2082 0.6325636620486091 0.5073902545833591 0
2083 0.654231880325333 0.5292022014188242 0
2084 0.6517678305890686 0.5016333203557459 0
2085 0.6671067749393785 0.5183676933214423 0
2086 0.6796807056848339 0.5059999603835972 0
2087 0.9331622283857295 0.2552991177832034 0
2088 0.9195764256137392 0.2674179809517991 0
2089 0.8919454326957812 0.262796457446297 0
2090 0.9063744237845702 0.2503507568323128 0
2091 0.8792539614322596 0.2757461466742352 0
2092 0.8938108167091415 0.2926528083498978 0
2093 0.8865204977831826 0.3107041265926202 0
2094 0.9063103905205854 0.2798865892143464 0
2095 0.8114820856343183 0.3083221254700413 0
2096 0.7964223001633453 0.2911479506983796 0
2097 0.7881842473065721 0.309401034545179 0
2098 0.7543156495950606 0.2990004438599875 0
2099 0.7681648852250457 0.2868768142791959 0
2100 0.7818034187065379 0.2739930492264058 0
2101 0.7540434515551018 0.2704468321858821 0
2102 0.7675265970268378 0.2568609645260134 0
2103 0.7956490061007414 0.26110683548154 0
2104 0.8099617945861279 0.2784825052616438 0
2105 0.8099033417071499 0.2483820474075354 0
2106 0.841673617343318 0.2579868901050013 0
2107 0.821118555411122 0.2623767281562682 0
2108 0.8660751919312402 0.2590923930058899 0
2109 0.8549993225408831 0.2748476456335618 0
2110 0.8725753813896425 0.295331513888004 0
2111 0.8495646592589925 0.2965122937229158 0
2112 0.8242258997351228 0.2953095778681144 0
2113 0.833590641479261 0.2775859401245842 0
2114 0.8395090303767733 0.3126802645213786 0
2115 0.8269791528261363 0.3254220992481858 0
2116 0.8638412624237539 0.3123714752204185 0
2117 0.8540464114334655 0.3281103806264417 0
2118 0.8330272648526438 0.3578419192405949 0
2119 0.8431434278063988 0.3425265080355411 0
2120 0.81257588690747 0.3620996470345348 0
2121 0.8027746496072552 0.3256078219764097 0
2122 0.7817590001371499 0.3292464126806431 0
2123 0.8199128114004122 0.3439279104848803 0
2124 0.7963303650662412 0.3448953628606237 0
2125 0.786991236068435 0.3609928649310446 0
2126 0.7561921734228785 0.3280981378692394 0
2127 0.7662724186067627 0.3122330380345046 0
2128 0.770814919311243 0.3437944300612812 0
2129 0.7645503529340127 0.3631811796445056 0
2130 0.7668559930199766 0.416705195694008 0
2131 0.7547067983240124 0.4295356004863116 0
2132 0.7630076105882748 0.3873910416881903 0
2133 0.7801830417513061 0.3795613427408271 0
2134 0.7795097554643324 0.4043323115985283 0
2135 0.7967669337017742 0.3966042290112999 0
2136 0.8052866873578404 0.3799533698536129 0
2137 0.5140712629738751 0.389451816826913 0
2138 0.4958109845265806 0.3710255497610941 0
2139 0.5320649489195669 0.3825512000903893 0
2140 0.5665677544992659 0.3925154605772248 0
2141 0.5485081549270073 0.3992293984528528 0
2142 0.5520341769828861 0.4278928967957077 0
2143 0.5296485798457866 0.4052144526914551 0
2144 0.5238552219770982 0.4244219578575588 0
2145 0.5073577132942864 0.4077394461253097 0
2146 0.5229940395623146 0.4974366823804757 0
2147 0.5036952548262934 0.4793250015509549 0
2148 0.5133714473201221 0.4389216431105941 0
2149 0.5304172657282484 0.4555911373371477 0
2150 0.522039809073785 0.4721598352650639 0
2151 0.5425313933484213 0.4921118953454779 0
2152 0.5492785718801328 0.4739505663087083 0
2153 0.5392162880489589 0.4411606919356068 0
2154 0.5533283009780979 0.453532935192915 0
2155 0.6023412601972991 0.3788845892521849 0
2156 0.6212853773181933 0.3928674893461986 0
2157 0.5736884696257492 0.3746590948077236 0
2158 0.5809178203289416 0.4111440380437412 0
2159 0.5889061974627388 0.3959753274539616 0
2160 0.5669142690827784 0.4178994237374735 0
2161 0.5855427130986965 0.4345636395810049 0
2162 0.6098175504758993 0.4084855917870568 0
2163 0.5976617448614543 0.4215257912807562 0
2164 0.6260354123807645 0.4250496723107312 0
2165 0.6232028089331516 0.4727719089493502 0
2166 0.6138151603854092 0.4379722229367487 0
2167 0.6077665393527821 0.457121309932165 0
2168 0.5891697758191986 0.4635375665205867 0
2169 0.5721869612824269 0.4465489499001065 0
2170 0.5718896988965456 0.4714559324662146 0
2171 0.5658585462096303 0.4904703921292544 0
2172 0.5870445118009069 0.4866370699037126 0
2173 0.6212467183925243 0.493416523461186 0
2174 0.6062476344175051 0.4803854089491103 0
2175 0.7421320442609585 0.4420277929360272 0
2176 0.7295621382952521 0.4544737943433002 0
2177 0.7007302519825207 0.4504269736868571 0
2178 0.7136202101381605 0.4383223897387571 0
2179 0.7169155248937501 0.4668400651354419 0
2180 0.6919531013359014 0.4921040962310567 0
2181 0.7043962547821558 0.4793321529047986 0
2182 0.647376098904886 0.4720372316186221 0
2183 0.6398523874555976 0.4891743601015451 0
2184 0.6754885208019175 0.4753165754830802 0
2185 0.6636694005575338 0.4886033854443749 0
2186 0.6823911064558994 0.45706700198058 0
2187 0.6585385714125832 0.4581408584323416 0
2188 0.6666701335062408 0.441105271555945 0
2189 0.6305348571971504 0.4549711836303695 0
2190 0.6420525747717555 0.4413842009558999 0
2191 0.6504270375373447 0.4245325400984099 0
2192 0.6324839913772509 0.4058499113324585 0
2193 0.632526276029578 0.3817522839555978 0
2194 0.649651204026469 0.398333697701074 0
2195 0.6677851331315318 0.4168754603104973 0
2196 0.6841436172922646 0.4336026172183103 0
2197 0.6827268942124274 0.4067054784893543 0
2198 0.666582392646825 0.3900579755107412 0
2199 0.6780749633105611 0.3762188714864831 0
2200 0.7261906541924047 0.4258105187877272 0
2201 0.7385440187149384 0.4130724053009705 0
2202 0.6989890262155342 0.4233884318046035 0
2203 0.7102728599020723 0.4095367632156845 0
2204 0.6942594280401044 0.3930102713462676 0
2205 0.706363281232161 0.3798498789661933 0
2206 0.7224733030038573 0.3965605673028949 0
2207 0.7345494380406136 0.3834383180632026 0
2208 0.7508233531386656 0.4002499732746324 0
2209 0.7424711749464123 0.36586275909239 0
2210 0.7277804468396787 0.3503824474744343 0
2211 0.71735255027544 0.3654327592785904 0
2212 0.6902186889515113 0.362968902713011 0
2213 0.7023249339807197 0.3496431089372524 0
2214 0.6991817764990735 0.3199641397934009 0
2215 0.7121978384722996 0.3337634304173366 0
2216 0.7282888496862631 0.3244913535093374 0
2217 0.7438519546203382 0.3412860187568377 0
2218 0.7407690651077634 0.3111955704644045 0
2219 0.7441466104583241 0.2575089188888091 0
2220 0.7209381233128892 0.2542503313680492 0
2221 0.7291770071375181 0.2727020173057056 0
2222 0.7430392000686062 0.2835937839804665 0
2223 0.7284956518396101 0.29471557135682 0
2224 0.6940844920249187 0.249443084852197 0
2225 0.7091023517920521 0.2660259308699638 0
2226 0.6965749519460364 0.2773280035556915 0
2227 0.712583010462039 0.2872285386279421 0
2228 0.7168141872657652 0.310477993488797 0
2229 0.6961831187933083 0.3019873502523376 0
2230 0.6496319022620632 0.3719990861243161 0
2231 0.6639643095594577 0.3572985577643271 0
2232 0.6782168984285807 0.346973606232251 0
2233 0.6650338392532459 0.3334903758630304 0
2234 0.6894804291523164 0.3334594944027349 0
2235 0.6805613942694926 0.3174768173373947 0
2236 0.6607321683940289 0.3141432677919843 0
2237 0.6433450895648364 0.3239902258533727 0
2238 0.6397960609618356 0.3426890373213607 0
2239 0.6294584034710459 0.2811446495254383 0
2240 0.6324619101374898 0.3098538885711973 0
2241 0.6573472588038679 0.2854257783462369 0
2242 0.6450865321873134 0.2976529113039434 0
2243 0.6803330220659197 0.2884188940881586 0
2244 0.6708167113064154 0.3011266763488297 0
2245 0.6819053752014206 0.2611898457434514 0
2246 0.6688126068044903 0.2730733592328385 0
2247 0.6420385029704933 0.2690682077706411 0
2248 0.6542285275866141 0.2569050917132777 0
2249 0.6291221402720842 0.2555115819784408 0
2250 0.540914925858184 0.3413046268478142 0
2251 0.5534907111043026 0.3289488874606742 0
2252 0.5370740570223028 0.3122925616411011 0
2253 0.5244954788024133 0.3246815312200045 0
2254 0.5159728150557252 0.3417005961420658 0
2255 0.5327310904332032 0.3581970197642648 0
2256 0.5149892773825713 0.3653937098997265 0
2257 0.5580376845267727 0.3587539148656083 0
2258 0.5519330171552608 0.3776510147596772 0
2259 0.5861831279579438 0.3623209517595115 0
2260 0.5698749045562672 0.345645119139325 0
2261 0.6136905839731014 0.3672588759892976 0
2262 0.5979233735418764 0.3495903885788754 0
2263 0.6250759164925523 0.3548315821233929 0
2264 0.6099541578031753 0.3371251216090539 0
2265 0.6210824396035155 0.3228781934667199 0
2266 0.5819311981735007 0.3329679965074123 0
2267 0.5935703779450567 0.3196109657566157 0
2268 0.5654980165977801 0.316096955084757 0
2269 0.5890729193600978 0.2898535530496141 0
2270 0.5773181993196038 0.3029325192544894 0
2271 0.6050584103951905 0.3063587944005428 0
2272 0.6170308966793518 0.2936235618772574 0
2273 0.6137615955496166 0.2647614943914864 0
2274 0.601047204524974 0.2768775744128082 0
2275 0.5981077419972968 0.2485857278342924 0
2276 0.5731368728437403 0.2735272906803814 0
2277 0.5803723954513376 0.2557151487084458 0
2278 0.5496035560219137 0.2998287998882496 0
2279 0.5375596983538211 0.2876807762902293 0
2280 0.5616037798380562 0.2869340877938338 0
2281 0.5565509524142744 0.2567068502796275 0
2282 0.5466522876223598 0.2718238916050478 0
2283 0.5017243333657002 0.3024970175769635 0
2284 0.5211279542601335 0.2963496611743651 0
2285 0.566659453547136 0.2417720982038191 0
2286 0.5862593372745217 0.2365406348958743 0
2287 0.6115039861602023 0.2389964096623876 0
2288 0.5949890249488156 0.2201581440573716 0
2289 0.6233950797791428 0.2245090805309777 0
2290 0.6073014701273348 0.2076771674679981 0
2291 0.6197875444306633 0.1951434489134807 0
2292 0.7027809454733307 0.2081365395488961 0
2293 0.7146548367494444 0.1961125069 0
2294 0.7519443372646949 0.1901086013091086 0
2295 0.7411778106109477 0.2017588820802778 0
2296 0.7290065944472772 0.2133019111820707 0
2297 0.7314783290589656 0.2418141484609548 0
2298 0.7429895319510567 0.2302860922201365 0
2299 0.717335385589031 0.2252858624027242 0
2300 0.7062085906558307 0.237511189122789 0
2301 0.6913931100452528 0.2206211550923173 0
2302 0.6667944326611475 0.2447725698063196 0
2303 0.678997371308721 0.2327842096100825 0
2304 0.6393354035918891 0.2410511252399005 0
2305 0.6514248244494101 0.2283432150639973 0
2306 0.6357324726905436 0.2118809829947171 0
2307 0.6483675113704128 0.1994491724211245 0
2308 0.676198815211388 0.2037307455614632 0
2309 0.6640424603755523 0.216156244343368 0
2310 0.6606740711195949 0.186886544125154 0
2311 0.6879434697141585 0.1909631796263025 0
2312 0.6727003938358099 0.1741436986076655 0
2313 0.6849303401298221 0.1618412670914655 0
2314 0.6321960632060598 0.1826954649728073 0
2315 0.6445712339601155 0.1701030867621007 0
2316 0.6570074724238369 0.1574237152614077 0
2317 0.6695975976200864 0.14512158084278 0
2318 0.6856633429022274 0.1339159617383852 0
2319 0.7126789728722117 0.1669443542798943 0
2320 0.6999617087953249 0.1788281232103122 0
2321 0.6979149341789554 0.1499405002582449 0
2322 0.7101724013330151 0.137813955109213 0
2323 0.7382947141717382 0.1724578092999369 0
2324 0.7270870996197966 0.1843107018111184 0
2325 0.7243207853336951 0.154914020859232 0
2326 0.75019476104324 0.160133724480332 0
2327 0.7366689284030107 0.1421937817277709 0
2328 0.7225795945421601 0.1244883267247981 0
2329 0.7474838896536626 0.1295612069150559 0
2330 0.7311054007180676 0.08101893007808715 0
2331 0.7420577869264799 0.06924825038179849 0
2332 0.744604232426828 0.09845121257210279 0
2333 0.7339662772148455 0.11157078601288 0
2334 0.7197197919506357 0.09424627383690529 0
2335 0.7070141905254488 0.1073274298252833 0
2336 0.6949123446658705 0.1207328644151825 0
2337 0.912143962789783 0.1588715881901711 0
2338 0.9296188522162498 0.1682970393311611 0
2339 0.9306380039849647 0.1550298897071906 0
2340 0.9278841201142085 0.1821239737753992 0
2341 0.9108977932306873 0.1729796453074292 0
2342 0.8922550453384053 0.1788374021122431 0
2343 0.8934732990543047 0.1640045321517187 0
2344 0.8942066025451172 0.1497787993583812 0
2345 0.8953115476024436 0.1349879359819349 0
2346 0.9127772432484288 0.14531113274859 0
2347 0.9137693636491275 0.1316103635696511 0
2348 0.9312303877071721 0.1420166154686141 0
2349 0.9320835182572418 0.1288279432314769 0
2350 0.9493800948657292 0.1395001064786565 0
2351 0.9490820715099691 0.1522745221681986 0
2352 0.9500323046591757 0.1267756897643036 0
2353 0.946370642475851 0.1782625186995164 0
2354 0.9478929902260843 0.1653887435746764 0
2355 0.9456111577478756 0.1917751167326544 0
2356 0.9460521447172479 0.2052305852679248 0
2357 0.9476245963482697 0.22131584719488 0
2358 0.9446487850133989 0.2406907998825776 0
2359 0.9273015291574247 0.1962953884433834 0
2360 0.9294849184729637 0.2122305430996408 0
2361 0.9322987240223981 0.2267953129056636 0
2362 0.9205968621977541 0.2382626230298215 0
2363 0.9130097595617009 0.2209322327265445 0
2364 0.8943254413923911 0.1988419904983885 0
2365 0.9098938392661391 0.1881649001548648 0
2366 0.8987494710402604 0.2136018899542884 0
2367 0.91212749314848 0.2050111574795184 0
2368 0.8827825245191809 0.2146975057937923 0
2369 0.8946122322958995 0.2318778117518516 0
2370 0.8729801446539844 0.1932840632794158 0
2371 0.8559637355983511 0.2091184255760206 0
2372 0.8796888902602188 0.2454093439742293 0
2373 0.8675650964764114 0.2273994431316358 0
2374 0.8526413507664004 0.2408804839483535 0
2375 0.8252817241845924 0.1855405808231168 0
2376 0.8469856977111356 0.1908101613358722 0
2377 0.8289782680674727 0.2042735021664915 0
2378 0.840575125515334 0.2228587388976795 0
2379 0.8254562688370471 0.236592683086707 0
2380 0.7548304501445442 0.2189709810331851 0
2381 0.7537909858367305 0.2455909067139461 0
2382 0.7664033564138812 0.2362547468562728 0
2383 0.7770180368886055 0.2251874325984986 0
2384 0.7825186630251536 0.243373376442765 0
2385 0.7976404817201729 0.2309436775439267 0
2386 0.8128460333463213 0.2188878954768692 0
2387 0.8030136976022988 0.1925670475391942 0
2388 0.7886675129376075 0.2118791577837975 0
2389 0.7649359349667557 0.207268458824653 0
2390 0.7759774619541356 0.1957056981430504 0
2391 0.7632880676792649 0.1780123155402299 0
2392 0.7728241742005525 0.1659060060315391 0
2393 0.7824336577763402 0.1498156691906194 0
2394 0.7706494141482696 0.1319943289001071 0
2395 0.7600424708708459 0.1466007862075707 0
2396 0.7937797973715265 0.1679660542265274 0
2397 0.7817766397615556 0.1800314242961082 0
2398 0.8152122045673986 0.1684977530709876 0
2399 0.8116010707238024 0.1444429403953295 0
2400 0.7932511647961333 0.130456078200243 0
2401 0.8557779961559613 0.1621203870701798 0
2402 0.8753809441928952 0.1551784738755564 0
2403 0.8591913917312397 0.1782029296302817 0
2404 0.8748199008706188 0.1714861282370214 0
2405 0.8332858681742404 0.1568174403073025 0
2406 0.8380382219218375 0.1735926816432438 0
2407 0.8272472404511367 0.122311916429412 0
2408 0.8344713805737756 0.1387918901738984 0
2409 0.8553868752130859 0.1420571601264872 0
2410 0.8784889718149779 0.1365253998430141 0
2411 0.8787514013080041 0.0673005760404177 0
2412 0.866881879389868 0.06748686580040614 0
2413 0.8553654165905378 0.06654270111381146 0
2414 0.8553369210752093 0.08390797273007924 0
2415 0.8692855659926538 0.0848970381259278 0
2416 0.8650502110016185 0.1236335267797164 0
2417 0.8632595944345273 0.1046889549549507 0
2418 0.8260727332181049 0.06499945908829569 0
2419 0.8427134780484561 0.06774718529968679 0
2420 0.8345752734255539 0.08399450198472456 0
2421 0.8208795841067326 0.1030130534661038 0
2422 0.8396079405991139 0.1018838487540132 0
2423 0.846499503389061 0.1211956739906269 0
2424 0.7630585134321717 0.1010040627790978 0
2425 0.7573701245543896 0.1167103612658124 0
2426 0.7728940778355035 0.08778720953928035 0
2427 0.8080655876394937 0.1187826357336806 0
2428 0.7826918932045961 0.1086772930612104 0
2429 0.8036894461509034 0.09968158415261212 0
2430 0.8139844669278606 0.08536203993569043 0
2431 0.807698098832875 0.06608863785187452 0
2432 0.7929865867095356 0.08199186124452114 0
2433 0.7902035778890293 0.06182560573136848 0
2434 0.7529504372875548 0.08518868401566385 0
2435 0.7783206588426943 0.07233245869711266 0
2436 0.7615212987384448 0.07074921561960368 0
2437 0.7501289844021968 0.0536203439339533 0
2438 0.7723964679870272 0.05360654342087099 0
2439 0.7891107332163491 0.04661530738110355 0
2440 0.8027905201548557 0.04824480076337458 0
2441 0.8642947670358102 0.04975510754292402 0
2442 0.8769026761191319 0.04990440106094411 0
2443 0.8521197137721975 0.05040815482213082 0
2444 0.8397229908813393 0.04998769335119146 0
2445 0.827356154582776 0.04901990949221513 0
2446 0.8156726480961132 0.0494467487914865 0
2447 0.8972572012667464 0.1038310547406931 0
2448 0.8812377071274122 0.09653578305023131 0
2449 0.8824953962034268 0.1173363578330808 0
2450 0.8996501766443639 0.1211399012674015 0
2451 0.914992647436278 0.1179098977843993 0
2452 0.9326674909046819 0.11577324795515 0
2453 0.9341450929157407 0.1034907454050003 0
2454 0.9178041523687808 0.1014170739342397 0
2455 0.9193920481084259 0.08215567949228747 0
2456 0.93608661555392 0.08585896181888093 0
2457 0.9394402677815498 0.06765614960555752 0
2458 0.926826880816773 0.06722075233342464 0
2459 0.9146790511842432 0.06734961450469273 0
2460 0.906579685257227 0.08471687108251792 0
2461 0.9025714668769439 0.06745123975520212 0
2462 0.8825041047753734 0.0802962768043169 0
2463 0.8931009489654813 0.08428396878237242 0
2464 0.8906725730021106 0.06728594901423492 0
2465 0.8889893842793124 0.05008355075611554 0
2466 0.9011768512568028 0.0500062013241446 0
2467 0.9136810207475443 0.05009500842748658 0
2468 0.9260050892301979 0.0500786453862636 0
2469 0.9381880030560069 0.05004961870955271 0
2470 0.9506207040900601 0.1011594623963049 0
2471 0.9513063596168938 0.1138068474601939 0
2472 0.9526269051026828 0.07579680971551293 0
2473 0.9505838888989983 0.08849202805937992 0
2474 0.9492515600691112 0.06180784568297827 0
2475 0.9548430718647996 0.04875449667446389 0
2476 0.4886333140573154 0.9863954141037474 0
2477 0.9833561538505868 0.3023193542661238 0
2478 0.3015266278806129 0.9807542900356888 0
2479 0.3189342339320945 0.9818783306800025 0
2480 0.3364140203540743 0.979531110015522 0
2481 0.3569249779939346 0.9814022038835354 0
2482 0.3746568565493941 0.9806988582739891 0
2483 0.3929858759161025 0.980627097813604 0
2484 0.4111689794851248 0.980952551326801 0
2485 0.4292762457354745 0.9807433639521543 0
2486 0.4475434829663033 0.9804885410094341 0
2487 0.4683722645590257 0.9794806278812009 0
2488 0.9794246581818961 0.4828050815277685 0
2489 0.9798329440057882 0.462743143687634 0
2490 0.9800264409907381 0.4418484136267328 0
2491 0.9820017933294072 0.3435812540669975 0
2492 0.9802430007126108 0.362914918015464 0
2493 0.9799384113240261 0.3825945936936516 0
2494 0.9799038719259828 0.4023681081215897 0
2495 0.9800335778172585 0.4221379156549288 0
2496 0.9780248001008909 0.324941063730685 0
2497 0.3789951775313877 0.9039951775309352 0
2498 0.3915184787242167 0.8915184787239142 0
2499 0.4166778965021743 0.8666778965017875 0
2500 0.4041048396237323 0.8791048396229771 0
2501 0.4292015902971249 0.8542015902962538 0
2502 0.3290575285569652 0.9540575285567413 0
2503 0.3142023772598792 0.9649522933358268 0
2504 0.3533354645013826 0.9283354645014148 0
2505 0.3662449240968724 0.9162449240960755 0
2506 0.3411142952206343 0.9411142952203054 0
2507 0.4667598621159935 0.8167598621160593 0
2508 0.441738561267882 0.8416308679905935 0
2509 0.4543284297247778 0.8291095540175238 0
2510 0.4792295080899501 0.8042295080882254 0
2511 0.5160590543451941 0.7660781196088245 0
2512 0.5282761794842434 0.7532917925341703 0
2513 0.5038660022826935 0.7788986662808715 0
2514 0.4917160799739099 0.7917160799722678 0
2515 0.5395403520584551 0.7395423304487752 0
2516 0.5537036346748944 0.7300079151761744 0
2517 0.5729125107350348 0.6979140013294203 0
2518 0.5899796849662239 0.6899817295257299 0
2519 0.603238404996759 0.6782391393533402 0
2520 0.6160019813754021 0.6660020619269585 0
2521 0.565976541565101 0.7169564074227832 0
2522 0.7368883694478201 0.7368883694478143 0
2523 0.7421148134253054 0.7221134528115988 0
2524 0.7268067294677986 0.7468067294679521 0
2525 0.6914471953901415 0.7914467132405832 0
2526 0.6968924550054931 0.7768942897056967 0
2527 0.7055660472900196 0.7655657738291592 0
2528 0.7167294807725609 0.7567294807724065 0
2529 0.640792714327966 0.6407927143277032 0
2530 0.6299746742687491 0.6549747380892457 0
2531 0.653306408084546 0.6283064080817388 0
2532 0.7867216287735669 0.6867216287731052 0
2533 0.7967234008634217 0.6767234008638837 0
2534 0.7768379110560294 0.6968375612710452 0
2535 0.7712307339158555 0.7112300905490223 0
2536 0.7568187874646526 0.7168182692644571 0
2537 0.8068377588373141 0.6668337600730397 0
2538 0.8282187827050309 0.6482180230100653 0
2539 0.8359601414102866 0.6369991663507847 0
2540 0.8463161732147674 0.6270946933086052 0
2541 0.8172563502333979 0.6572503943663721 0
2542 0.947127912265415 0.5256908284921259 0
2543 0.9625448348107851 0.514887500454918 0
2544 0.9213850826213449 0.5613312186903474 0
2545 0.9368772670945881 0.536765571991116 0
2546 0.9270690576018458 0.5470690560186089 0
2547 0.8163011768151425 0.4664346317687876 0
2548 0.8283930462220839 0.4535888367546744 0
2549 0.8409612111938092 0.4409612111915333 0
2550 0.9071848155346508 0.56718481553436 0
2551 0.8925052156673439 0.5724156259514714 0
2552 0.8869772066277641 0.586977206627611 0
2553 0.877109007889619 0.5977441170741539 0
2554 0.8674707524993696 0.607922836372753 0
2555 0.8570171986892682 0.6172801193745453 0
2556 0.6659887183910804 0.6159900776685523 0
2557 0.7109450920680898 0.5609470321277232 0
2558 0.7037531204133759 0.5787497000212174 0
2559 0.6915649478024749 0.5915649478016027 0
2560 0.6787532343690544 0.6037553014060001 0
2561 0.7287339407321567 0.5537359199441996 0
2562 0.7468042068726766 0.5468242344863945 0
2563 0.7665208693242185 0.5165267228385355 0
2564 0.7818282332187816 0.5068600264139876 0
2565 0.7915791843827835 0.4915791843807386 0
2566 0.8040932215780194 0.4790932215759767 0
2567 0.7493330326059855 0.5243464512916339 0
2568 0.9162057655871586 0.3662057655862584 0
2569 0.9229344780909737 0.3484375460237648 0
2570 0.9422167610723635 0.3417546696854745 0
2571 0.8907634872590799 0.3907634872576948 0
2572 0.8781449226118448 0.4021793884589674 0
2573 0.8674805331972886 0.4161244108335037 0
2574 0.8536082911317454 0.4284916505939117 0
2575 0.9036578023784178 0.3786578023768804 0
2576 0.9539741479634625 0.3283344193508121 0
2577 0.9632937053215419 0.3124637508508029 0
2578 0.4322199759818676 0.8837493548095303 0
2579 0.4195251079396067 0.896444525830191 0
2580 0.2836931026728763 0.9870517989872913 0
2581 0.3806292053058242 0.9332277563359455 0
2582 0.3671964302375346 0.9451849740766985 0
2583 0.3706073068985446 0.9634422308731345 0
2584 0.3502190932102812 0.9607887237709895 0
2585 0.4319493855559287 0.913269926335916 0
2586 0.4204051611146943 0.9269676574282064 0
2587 0.3936452080189919 0.921350109866246 0
2588 0.4060064198141377 0.9089243126192349 0
2589 0.4034917126628879 0.9412287506706081 0
2590 0.420336949092938 0.9450393856849293 0
2591 0.4272076097076234 0.9612014656291822 0
2592 0.408810315943319 0.9614172822984768 0
2593 0.3870305973078309 0.9587343038849798 0
2594 0.4460330258844449 0.925131994324071 0
2595 0.4583828863330164 0.9157764154522623 0
2596 0.4767005915333202 0.9475852159650096 0
2597 0.4669137819066917 0.9312808872918824 0
2598 0.4563201213352915 0.9445447080277136 0
2599 0.4375490518381918 0.9429033367244953 0
2600 0.4453834836633769 0.9610316121873511 0
2601 0.4635666806762611 0.9615520521431781 0
2602 0.5244480407367709 0.9238767767778288 0
2603 0.511363738898536 0.9094576371268824 0
2604 0.4904413546509202 0.9334284052381804 0
2605 0.5002266004438092 0.9159626135164155 0
2606 0.505478307343685 0.9447554246846941 0
2607 0.4954832115110474 0.9530609090404605 0
2608 0.5262826033610493 0.9480175841725121 0
2609 0.5140022794742332 0.9338629291164833 0
2610 0.5163719545827461 0.9578845844042905 0
2611 0.5027431279897101 0.9724861855534803 0
2612 0.48258319838778 0.9667600674478459 0
2613 0.5371367703091643 0.9371367703092689 0
2614 0.5346119857703663 0.9142152705324832 0
2615 0.5472945401743172 0.9272945401748651 0
2616 0.5573788493610787 0.9173788493605346 0
2617 0.5860609073880562 0.8868712978575417 0
2618 0.6010390453800639 0.8812678396608367 0
2619 0.5836080459544586 0.8635256885253513 0
2620 0.6053018184309814 0.865753335710608 0
2621 0.6232619751080138 0.8232389411838433 0
2622 0.6137624664939124 0.8337321856928003 0
2623 0.6037882770772819 0.843745565991054 0
2624 0.6168824744714066 0.8568824744716764 0
2625 0.5997252035300763 0.8196170917060287 0
2626 0.5899333998024502 0.8297857283135833 0
2627 0.5929564106338748 0.8519144815390374 0
2628 0.5794003305957817 0.8398375353644744 0
2629 0.5442256398059119 0.9037352766918503 0
2630 0.5303227228820142 0.8889098466239567 0
2631 0.5764093482966997 0.897483244558417 0
2632 0.5657844624636789 0.9068447364854304 0
2633 0.5533707570736844 0.8934360008874114 0
2634 0.5685764992000647 0.8688243551173144 0
2635 0.5623227427548909 0.8826508603857275 0
2636 0.540071020242926 0.879317041190657 0
2637 0.5492788481552004 0.8682225265705774 0
2638 0.5406270272679539 0.8400209416113873 0
2639 0.5558476696835805 0.8506385125341664 0
2640 0.5689056817728944 0.8495315344427585 0
2641 0.5555843414138184 0.8320824272216822 0
2642 0.4727329146724288 0.8747691869101615 0
2643 0.4447918008028827 0.8709538753716795 0
2644 0.4465879609280131 0.9025096297867781 0
2645 0.4732020444793038 0.9066824098746038 0
2646 0.4594244905446254 0.8882800649585915 0
2647 0.4862127626028547 0.8955265144645513 0
2648 0.5220607252392527 0.8996731922637244 0
2649 0.5131967830686414 0.8680523316174034 0
2650 0.4858373284581678 0.8620923091912776 0
2651 0.5031038536888423 0.8854972883139938 0
2652 0.4981268220446416 0.8491529830723632 0
2653 0.5249470488034053 0.8520392760280018 0
2654 0.5067550954913825 0.8324647949314266 0
2655 0.5232994639336402 0.8237880819755027 0
2656 0.4922164354773472 0.8174253358155037 0
2657 0.4814595081230777 0.831785939101593 0
2658 0.4698952040182114 0.8453642145432149 0
2659 0.4573662332527829 0.8581686740505301 0
2660 0.5205103454691293 0.7956174975625815 0
2661 0.5076179187680095 0.8096484566452282 0
2662 0.6058230860244794 0.8066996333632073 0
2663 0.61303318586008 0.7953209654065845 0
2664 0.5992981923433597 0.7744290518506189 0
2665 0.5859166311536063 0.7861031507769256 0
2666 0.5418651098879388 0.8172226602481577 0
2667 0.5480230865600476 0.7982467896726421 0
2668 0.5647897770399907 0.8193980396294409 0
2669 0.5790231784646515 0.8062777980372666 0
2670 0.5698007721891821 0.7698927531167081 0
2671 0.5589510651419096 0.78409415279904 0
2672 0.5318754129449899 0.7819704624575108 0
2673 0.5435453176433281 0.7686111150600553 0
2674 0.5686352769462797 0.7440499043721485 0
2675 0.5542227479491587 0.7543568631751978 0
2676 0.6209445210061663 0.765963728304625 0
2677 0.6214083310298548 0.7452487834899457 0
2678 0.5838955823663377 0.7590200735900372 0
2679 0.5971610099266892 0.7472069516905284 0
2680 0.5834397070214525 0.7335463060850238 0
2681 0.6215941676527748 0.7214747605416215 0
2682 0.6062710548591219 0.7311915379549292 0
2683 0.6056283398229378 0.705597997033527 0
2684 0.5873679731616452 0.7125313298919022 0
2685 0.6189579964098657 0.6939351025501576 0
2686 0.6371552360276381 0.8371552360278088 0
2687 0.6469162900072294 0.826911438784967 0
2688 0.6270242589556918 0.8470242589554253 0
2689 0.6573211561073758 0.8173211561067151 0
2690 0.7229710758984301 0.7229686103570813 0
2691 0.6397816995720722 0.7797501556014805 0
2692 0.6293072582474993 0.7892642978220695 0
2693 0.643703856409433 0.8036918254958669 0
2694 0.6308377864837595 0.8125117439809029 0
2695 0.6640537154208128 0.7840448878874541 0
2696 0.650143800229545 0.77011888986344 0
2697 0.6659987581396657 0.8059974559436972 0
2698 0.6534517694680473 0.7919824938806925 0
2699 0.6773382215301995 0.7973375560318845 0
2700 0.6790219342061279 0.7790174485092891 0
2701 0.7033955777046759 0.7433928316179642 0
2702 0.7134561296382614 0.7334536857062948 0
2703 0.6835376359583826 0.7635355423829169 0
2704 0.6915029450008466 0.7514985957951068 0
2705 0.6895688042930718 0.7293763599091176 0
2706 0.6728075810855189 0.7337756749771271 0
2707 0.6359295998806662 0.7573981617508309 0
2708 0.6493605655618437 0.7489327860377987 0
2709 0.665974473269757 0.7658945125115995 0
2710 0.6697291882418308 0.7497175203886985 0
2711 0.6536344771219348 0.727292976184815 0
2712 0.6361702543840295 0.7350764701217132 0
2713 0.6480815729450944 0.698085606369249 0
2714 0.6350943850571033 0.710111352725268 0
2715 0.6633097110490387 0.7133262205980755 0
2716 0.6654461762015103 0.6904592912542635 0
2717 0.6321359247857745 0.6821362254324136 0
2718 0.6462839355110912 0.6712879305941759 0
2719 0.6676142330424455 0.6426177491587551 0
2720 0.6568549789539783 0.6568599791276822 0
2721 0.711447534220496 0.6944519369143882 0
2722 0.7051353452420061 0.7064744307749955 0
2723 0.6999254322252351 0.7191987921985883 0
2724 0.6852202011488788 0.7077986661626855 0
2725 0.6898120878160583 0.6909734996679304 0
2726 0.6732656182963696 0.6734136730909419 0
2727 0.6992571987089855 0.6742798283452592 0
2728 0.7170339826319432 0.6628796069650547 0
2729 0.6793799488085945 0.6544129735903131 0
2730 0.6806984564705427 0.6307085740212099 0
2731 0.7110249395639731 0.6360452001468007 0
2732 0.6971382640213925 0.6471525855776744 0
2733 0.7728906696108456 0.6728844890186896 0
2734 0.7422805452460915 0.7022754417758332 0
2735 0.7254500530885047 0.7061707464837107 0
2736 0.7395443103916911 0.6795321579198118 0
2737 0.7264737691546468 0.6879598774536113 0
2738 0.7631857218315928 0.6831793788367359 0
2739 0.7536532843617612 0.6936497739457457 0
2740 0.7494665267956627 0.669450662092018 0
2741 0.7585758852973273 0.6585543820097514 0
2742 0.7300264191861239 0.6518465217582009 0
2743 0.7469102748806906 0.6463854283250949 0
2744 0.7529655292419691 0.6303955476370843 0
2745 0.7828925635725736 0.6628844774120392 0
2746 0.7678753036782319 0.6494523297379716 0
2747 0.7764239105695474 0.6398721917906995 0
2748 0.793343717153201 0.6533331906446218 0
2749 0.7871240810056133 0.6293286689961977 0
2750 0.8040089750727393 0.6439955089951434 0
2751 0.8185493925436914 0.6387052576656862 0
2752 0.9599112850024988 0.4445648301846162 0
2753 0.9599516904585266 0.4660853008575825 0
2754 0.9352334861394589 0.4475946947796483 0
2755 0.9221149687170689 0.4635314148005918 0
2756 0.9413475500768469 0.4769510085594649 0
2757 0.9495749503435666 0.5012806854930804 0
2758 0.9229379879084353 0.4861574001700925 0
2759 0.9100683394494116 0.5027221581839559 0
2760 0.9233328028873889 0.5226507685438573 0
2761 0.9306083985708435 0.5077003681766223 0
2762 0.9767392563698019 0.5023241470849362 0
2763 0.9614076210861277 0.4858892447045665 0
2764 0.9137063186256266 0.5332018248413725 0
2765 0.8559664804132918 0.4565511900181822 0
2766 0.8439695946361314 0.4697550473676899 0
2767 0.868466109395028 0.444290424473251 0
2768 0.8934890586671191 0.4481343618332246 0
2769 0.8960850479315661 0.4762019706307374 0
2770 0.9050710307902526 0.4625874721828386 0
2771 0.8821750724273123 0.4599944696343289 0
2772 0.8704701487884782 0.47255512901668 0
2773 0.8846076875360391 0.488507671062298 0
2774 0.8743911153963071 0.5050999351333124 0
2775 0.8998420872680084 0.5160811885721294 0
2776 0.8905254467749615 0.5294012713324281 0
2777 0.8631387888845774 0.517567851750339 0
2778 0.8482700166821686 0.49937854712409 0
2779 0.8598554379688973 0.4863538072600523 0
2780 0.8515995762405374 0.5299898892808206 0
2781 0.8200878161529865 0.4954881026218697 0
2782 0.8323035221802451 0.4828692431911398 0
2783 0.823360427096351 0.5239002272273656 0
2784 0.8358250611386737 0.5116039381537861 0
2785 0.8306873658423165 0.5581804779918474 0
2786 0.8506412714706936 0.5709867391229138 0
2787 0.8602752311763 0.5598535404479008 0
2788 0.841123887399099 0.5445908589933571 0
2789 0.9089485907630883 0.5486285330160428 0
2790 0.8937247457908436 0.5533011289769756 0
2791 0.8800542914403666 0.5392248903377816 0
2792 0.8649700619933758 0.5477182935523499 0
2793 0.8729507589469794 0.5729856400470695 0
2794 0.8774133841692013 0.5575831865522582 0
2795 0.8637574349912409 0.5840319560547905 0
2796 0.8125706996719995 0.5956243383176213 0
2797 0.8258370976337628 0.5892464288945598 0
2798 0.8406034928474421 0.5808426297705332 0
2799 0.8583352135289106 0.5986382402543711 0
2800 0.8440533942565246 0.6040077828794512 0
2801 0.8292257095946756 0.6100599185047795 0
2802 0.8242366414113985 0.6243344136826448 0
2803 0.7078790319119838 0.6078879174322285 0
2804 0.6945098123565701 0.6195190877309192 0
2805 0.811003538077584 0.6093454098569011 0
2806 0.8014432439952539 0.6213837300086229 0
2807 0.7899697652215593 0.5902431069895382 0
2808 0.7753379392184359 0.6036164249204024 0
2809 0.7357540810125166 0.6107872531832412 0
2810 0.7287566363405503 0.6286203544174612 0
2811 0.7627697069894275 0.6171397730691935 0
2812 0.7620853285654403 0.5860392584668479 0
2813 0.7479609582612858 0.5970431343377179 0
2814 0.7202021072279036 0.5952083967960371 0
2815 0.7261313783128465 0.5759838539722244 0
2816 0.7609656341654052 0.5584728428026632 0
2817 0.7481758709983027 0.5701766821791142 0
2818 0.8022487622968451 0.5750825931459805 0
2819 0.8150472243568571 0.5641197289986204 0
2820 0.772901545585607 0.5730192076472074 0
2821 0.7854304988305445 0.56060213633121 0
2822 0.7689061301574855 0.5438510260655016 0
2823 0.7827286877495117 0.5328163391620807 0
2824 0.8155079458542497 0.5413219570251565 0
2825 0.7982798692844162 0.5485340136531173 0
2826 0.7998355282073633 0.5250950236984551 0
2827 0.8087527083661565 0.5090877504160338 0
2828 0.9309191035972999 0.3836059934865461 0
2829 0.9386529958855416 0.3649993569903829 0
2830 0.9644359706958607 0.3448939104393011 0
2831 0.9603127993600604 0.3647930574124241 0
2832 0.9555177838567693 0.3876450567269148 0
2833 0.959846782121639 0.4247757469678348 0
2834 0.960768113644126 0.4063399035065783 0
2835 0.9405018479126286 0.4074462322773466 0
2836 0.9427269705527694 0.4296646899603703 0
2837 0.9183623024598849 0.3955582930945892 0
2838 0.9201498496871094 0.4202297197618098 0
2839 0.9051788898874874 0.406845746604914 0
2840 0.8928028539874916 0.418932686759918 0
2841 0.9067064652063044 0.4387857994558144 0
2842 0.8812012036752846 0.4321293489842092 0
2843 0.9789547706802115 0.5484808797536836 0
2844 0.7033696386705183 0.9827021854288387 0
2845 0.7280503891860541 0.9852252139943045 0
2846 0.9820045370270987 0.6449585532452855 0
2847 0.9816326595197241 0.6271766729158037 0
2848 0.980998986576755 0.6805929866126815 0
2849 0.982027229719546 0.6625059509763499 0
2850 0.9806819499201417 0.7186329040182466 0
2851 0.9804219176249005 0.6995555789295109 0
2852 0.9769380172520645 0.5704085846898838 0
2853 0.9818452278241789 0.5896995854661102 0
2854 0.981356097043222 0.6076065676623752 0
2855 0.5930134345012147 0.9330134345013015 0
2856 0.6141335327191368 0.9132143207861181 0
2857 0.6035906517033003 0.9225167554415831 0
2858 0.6227755102830494 0.9020549749653524 0
2859 0.5479497296958364 0.9764303564734729 0
2860 0.5826211506389212 0.9426211506394655 0
2861 0.5727054598256827 0.952705459825135 0
2862 0.5695170041362125 0.9804530305496422 0
2863 0.5882134686167859 0.9810397314349123 0
2864 0.6077384926050936 0.9817187506029112 0
2865 0.6255666238203665 0.9807782327822869 0
2866 0.6442793870943601 0.9803036463215542 0
2867 0.6632941691914095 0.9802203821951581 0
2868 0.6819115178856844 0.9808326495408031 0
2869 0.6334346810621303 0.892789948417873 0
2870 0.6431175255285931 0.8831175255283238 0
2871 0.6526493881034102 0.8728944444307249 0
2872 0.6785154567422873 0.838584620844752 0
2873 0.6728345170628945 0.8528345170631937 0
2874 0.6625873887854166 0.8628245915404521 0
2875 0.6962823772405884 0.8364571616809556 0
2876 0.702781584295153 0.8227815842947496 0
2877 0.7228345121292757 0.802891675341068 0
2878 0.7431351876029895 0.7831712052571149 0
2879 0.7374044692802509 0.7974877767306268 0
2880 0.710574159135178 0.8105948947307399 0
2881 0.75871462573324 0.7587308520119127 0
2882 0.7529596645684522 0.7729705409969009 0
2883 0.7766886273277016 0.7567442461002805 0
2884 0.8925292475006302 0.6320771636272472 0
2885 0.8823545040517821 0.6416607477073769 0
2886 0.8030315638865729 0.7230822893774822 0
2887 0.788658829260718 0.7286897177564963 0
2888 0.7829502949721893 0.7429903932409633 0
2889 0.8232765991365781 0.7032765991361164 0
2890 0.817521115613727 0.7176409000283057 0
2891 0.8332466050189421 0.6932466050193116 0
2892 0.8529049139448823 0.6729049139448724 0
2893 0.8430495400654773 0.6830495400654106 0
2894 0.8629517700872723 0.6629517700872828 0
2895 0.8723966302862018 0.6525938117575868 0
2896 0.9427511086820806 0.5827511071208623 0
2897 0.9529309423981541 0.5729309439813912 0
2898 0.9634496929768454 0.5596737949287782 0
2899 0.9316142723766516 0.5927856639095404 0
2900 0.9233400311691711 0.6033400311688684 0
2901 0.9130227933722357 0.6130227933723892 0
2902 0.9028909921103808 0.6222558829258463 0
2903 0.6158483991964129 0.9369617482990112 0
2904 0.5330015960219904 0.9859056704756674 0
2905 0.5610966477246582 0.9636744822840309 0
2906 0.5856337450620879 0.9622097603871331 0
2907 0.6039031384691679 0.9641636735621257 0
2908 0.6033752472764975 0.9483993156340988 0
2909 0.6347179484215371 0.9435781945368575 0
2910 0.6421807777374321 0.9611399011619748 0
2911 0.6212020994516648 0.9606538209888178 0
2912 0.6739020574158316 0.9432326050868427 0
2913 0.6550395719844017 0.9433391578682978 0
2914 0.6611894279825603 0.9610696403993015 0
2915 0.6796496797936319 0.9614342398846769 0
2916 0.7456481352671844 0.9819233897249249 0
2917 0.700788868377378 0.9644668601014881 0
2918 0.696257276753824 0.9434649859066558 0
2919 0.7439689026353407 0.9609059730473379 0
2920 0.726060621479183 0.9677085016444014 0
2921 0.7203824084574597 0.9503555956952121 0
2922 0.7422341430511519 0.9402913187892568 0
2923 0.725884154298033 0.9271812632723258 0
2924 0.7404559311170078 0.9181971155270028 0
2925 0.7415428629466094 0.8870775430766751 0
2926 0.719593576876889 0.8826016339530172 0
2927 0.7178470021012338 0.9096465095590617 0
2928 0.7304887266942616 0.8987972915209085 0
2929 0.7115565598307272 0.9356008074319349 0
2930 0.7027288275393342 0.9206347133593121 0
2931 0.6960844943929463 0.9042120123540404 0
2932 0.7079714380277271 0.8938585345800877 0
2933 0.6970374963758973 0.8791923547445715 0
2934 0.6864745426738301 0.8893342042129727 0
2935 0.6350178945285893 0.9167450046377571 0
2936 0.6252344121538427 0.9271175132365924 0
2937 0.6434333205335359 0.9306969282964863 0
2938 0.6813967841841252 0.9260159991241155 0
2939 0.6847764045120845 0.9122347650326126 0
2940 0.6570078713822888 0.9229994393771837 0
2941 0.6668785896738155 0.9106496212520442 0
2942 0.6551477638691268 0.8963964466823877 0
2943 0.676220078700801 0.8997033215940669 0
2944 0.6647502040625671 0.8861652951026984 0
2945 0.6452275837063839 0.9067681879239473 0
2946 0.6851296133089122 0.8657291855461084 0
2947 0.6747714388850056 0.8760233459295879 0
2948 0.7393317055022444 0.8610930013541052 0
2949 0.7175693364382273 0.8587496306154141 0
2950 0.7272827570829654 0.8481641499128131 0
2951 0.7297259230868112 0.8722100057849886 0
2952 0.7074127009626177 0.8690530091580377 0
2953 0.7080814983890635 0.8464940232679762 0
2954 0.6952660091293341 0.8541629001384965 0
2955 0.7152751229684505 0.835516857255065 0
2956 0.7343964484467442 0.8349655018064305 0
2957 0.7216718986572688 0.8218496400941417 0
2958 0.7476920877992932 0.8282426257961115 0
2959 0.7350537967123506 0.815315990913936 0
2960 0.7485473946048515 0.8087690737053557 0
2961 0.7589316789081391 0.9761337330532056 0
2962 0.7886627151796122 0.9396200303618906 0
2963 0.7820076622273362 0.9486921781492879 0
2964 0.7628267636973001 0.9627594537213792 0
2965 0.7724869188501186 0.9555913129279754 0
2966 0.7615906231612153 0.9441456786699901 0
2967 0.752655108136252 0.952025606056991 0
2968 0.7587877890687841 0.9235462748856009 0
2969 0.7515334349526501 0.9313808123634346 0
2970 0.770163130681527 0.93628390036053 0
2971 0.7777066095808125 0.9276580219163525 0
2972 0.7743029251557291 0.9072521796428387 0
2973 0.7672419071170056 0.9157906266402117 0
2974 0.7541442913273657 0.9045716884067088 0
2975 0.7627279353792071 0.8947966655731471 0
2976 0.767466413672791 0.8821457870794629 0
2977 0.7968186584940563 0.93116802012379 0
2978 0.7856783385176112 0.9195777956192528 0
2979 0.7913596662277116 0.9084946466896944 0
2980 0.8051981040523202 0.922833880823735 0
2981 0.8026603842968978 0.9033365469973025 0
2982 0.7778856467392887 0.8939869055225242 0
2983 0.791134117126735 0.8912438567407618 0
2984 0.7763691406269194 0.8758820895939192 0
2985 0.800238824974331 0.8833162202912882 0
2986 0.813957653363576 0.9143819494222162 0
2987 0.8345670941381498 0.9012153657517162 0
2988 0.8227504637839558 0.9060837971170403 0
2989 0.8115244985731129 0.894916583268202 0
2990 0.8241880123569821 0.8907815143865163 0
2991 0.8392224246381779 0.8892224246381096 0
2992 0.8279536043953442 0.8778559025178121 0
2993 0.8461976624762906 0.8795194005814847 0
2994 0.8631086936014261 0.8126262474478811 0
2995 0.8582692172950184 0.8246421424790782 0
2996 0.8540930735184213 0.8372076355247213 0
2997 0.8698356373500936 0.8364190683758971 0
2998 0.8642545747989973 0.8642309633732134 0
2999 0.8648027038844106 0.8480685245325246 0
3000 0.8747667109401801 0.8580922956246122 0
3001 0.8555229069328952 0.8721815350442295 0
3002 0.8442148822981721 0.8607640578743525 0
3003 0.8541483378281762 0.8540340880813344 0
3004 0.8122785883188288 0.8132770960610258 0
3005 0.8423313015429581 0.8249671009209997 0
3006 0.8287567187100869 0.8282445908780147 0
3007 0.842663187120866 0.8423406552907756 0
3008 0.8200218157359741 0.836418964389503 0
3009 0.8229286318932418 0.8559338861994834 0
3010 0.8086143242778649 0.840800348035754 0
3011 0.8323746950698172 0.8487680948546203 0
3012 0.8342090030448861 0.86741431091345 0
3013 0.8160731714114769 0.8656653455782025 0
3014 0.7448858220104062 0.8460447987785986 0
3015 0.7607525202559341 0.8628918312929807 0
3016 0.7505134136597583 0.8759282154960442 0
3017 0.7768069896396547 0.8558357498634888 0
3018 0.8129241777001567 0.8793273889071811 0
3019 0.797559227820247 0.8641581697409302 0
3020 0.7886313209907458 0.8733460443985424 0
3021 0.8038702034157481 0.8517623365272187 0
3022 0.8012944609838393 0.8254217085380564 0
3023 0.7884639585321342 0.8475834624055939 0
3024 0.7931311344201292 0.834325051508077 0
3025 0.7810286817955239 0.8217769366162104 0
3026 0.7598594129752571 0.8409116825091518 0
3027 0.7737045037422263 0.8342719771440615 0
3028 0.7632735680591348 0.8238595920442562 0
3029 0.7695889200981443 0.8100294785783793 0
3030 0.7784321967848962 0.7988061819835247 0
3031 0.7658308063059074 0.7859887143230471 0
3032 0.7571564957795066 0.7973754050963413 0
3033 0.7747619316698641 0.7748625475500118 0
3034 0.8002568190072485 0.8008819207247831 0
3035 0.7904799444980801 0.8116988870836632 0
3036 0.7871031275268374 0.7874093570840549 0
3037 0.8084618625259674 0.7689002147959118 0
3038 0.8023529376560437 0.7828364242627691 0
3039 0.7909220979191549 0.7711721005511879 0
3040 0.7971729899027921 0.7573994618235595 0
3041 0.8427113566370101 0.7871089603622099 0
3042 0.8734941036027438 0.7891888897206484 0
3043 0.8638377356255252 0.7966639083774588 0
3044 0.8498567407832026 0.8006542228770016 0
3045 0.8449409155670008 0.8102046665091878 0
3046 0.8253580501547213 0.8052231370199576 0
3047 0.8119023269230421 0.7953409841235755 0
3048 0.821761657112019 0.7851095369830555 0
3049 0.8369257440507909 0.7976601047502826 0
3050 0.8303668273941027 0.7715102062458917 0
3051 0.8182004369166608 0.758640591014176 0
3052 0.8391657159073004 0.7602216023074694 0
3053 0.8518941548639006 0.7745791911864339 0
3054 0.8507809483510342 0.7522613639785956 0
3055 0.879211681846453 0.7618137814160534 0
3056 0.8663294343835681 0.7669688182188598 0
3057 0.8809165654634858 0.8475832321300757 0
3058 0.9141799838383609 0.8149226721458283 0
3059 0.9062504187807922 0.8229170854478804 0
3060 0.897884537815631 0.8312178711485416 0
3061 0.8856365635178953 0.8355887564655231 0
3062 0.8872148011430633 0.8204418483650335 0
3063 0.8733660982165667 0.8231338887714533 0
3064 0.8979488161166441 0.7634487740386598 0
3065 0.8903838833240638 0.7721822466415058 0
3066 0.8824154631893709 0.7791321112690066 0
3067 0.8840386250414012 0.8004923732816598 0
3068 0.8778468939985034 0.8109012229094283 0
3069 0.9032040973931963 0.8035594693368542 0
3070 0.895455803365886 0.8122057785811141 0
3071 0.892255523767125 0.7920431716563248 0
3072 0.9001412277719436 0.7835812377651235 0
3073 0.9259276353022111 0.757244458147996 0
3074 0.9051451013374511 0.752401212439565 0
3075 0.9171082377393831 0.7659482965599995 0
3076 0.9088277772162994 0.775058532695488 0
3077 0.9282136690684496 0.777921841006514 0
3078 0.91967871221287 0.7865197645400268 0
3079 0.9112087280405828 0.7951467542822082 0
3080 0.9222298637979656 0.8064736193529429 0
3081 0.930471306445622 0.7981239589304207 0
3082 0.9392938187701759 0.7899458986355089 0
3083 0.9475192005394737 0.7808525338654797 0
3084 0.9365540821943011 0.7692533225654481 0
3085 0.9444565384239262 0.7603167519519589 0
3086 0.9543831927707936 0.7708949077301005 0
3087 0.9646877609837208 0.76441318827782 0
3088 0.9519103507393472 0.7527649254151825 0
3089 0.9784826776080797 0.7569796383928525 0
3090 0.9633980488658633 0.6292112154923583 0
3091 0.9450572457857884 0.6318748629912884 0
3092 0.9461764805207953 0.6517183102237221 0
3093 0.9639805723403335 0.646987810681001 0
3094 0.9639271108572109 0.6649700140685216 0
3095 0.9455228644071114 0.6691116581771467 0
3096 0.9623247605945775 0.6830669615601632 0
3097 0.9907381128798201 0.7477866916355591 0
3098 0.9825449567366102 0.7351575069825552 0
3099 0.9641273175142318 0.7432528719421887 0
3100 0.9628116033514149 0.7226315576221186 0
3101 0.9436992669606387 0.7321190380440423 0
3102 0.94426581633859 0.7095814707842996 0
3103 0.9620581656315118 0.703131745867955 0
3104 0.9447466191661041 0.6891444785711418 0
3105 0.8942894410233845 0.6553202526227043 0
3106 0.9042411929572838 0.6458123251605681 0
3107 0.9148684466661727 0.6357480156831324 0
3108 0.9252556165331312 0.627166865914334 0
3109 0.9336610541200621 0.6410750575291699 0
3110 0.9264595147567822 0.6524809927244918 0
3111 0.9061018044789615 0.6700683997893579 0
3112 0.9145989062115116 0.6595472231627153 0
3113 0.9258819845022354 0.6743827503039856 0
3114 0.9167035313392825 0.6843244581817418 0
3115 0.8963400827093516 0.679759086430651 0
3116 0.8847840665547727 0.6656301001281572 0
3117 0.8753890299129401 0.6760868876197076 0
3118 0.8779199927572545 0.6998339127033535 0
3119 0.8873793081763187 0.6897794738122794 0
3120 0.8887073891041152 0.7150087323421905 0
3121 0.8989694354032011 0.7039936580847375 0
3122 0.9292103607066015 0.695921796527365 0
3123 0.9045207689280033 0.6924489939871401 0
3124 0.9167929872223882 0.7014231546045452 0
3125 0.9268712256710097 0.7166744667184769 0
3126 0.924331127080277 0.7338253195370078 0
3127 0.9343229861508622 0.7468727907467502 0
3128 0.909681517401445 0.7231383925658975 0
3129 0.9150777194944705 0.7415732105739774 0
3130 0.8784428078558039 0.7230382887201271 0
3131 0.8924305133848425 0.7342825582956379 0
3132 0.8840078905512583 0.7476810810424469 0
3133 0.801013563008407 0.7411732439642368 0
3134 0.8711563573361446 0.73360157078626 0
3135 0.8585468408093886 0.7200994428552104 0
3136 0.8641528484448286 0.7460762221851306 0
3137 0.8491506743041219 0.7300846899028856 0
3138 0.816067263111509 0.7362370105727438 0
3139 0.8383400262265452 0.7390912557373281 0
3140 0.8280438876052559 0.7475383743442869 0
3141 0.8268210127746524 0.7290516019737819 0
3142 0.8371427629005419 0.7208498166069682 0
3143 0.868494584698818 0.7100194213459313 0
3144 0.8461187148473975 0.707324303843036 0
3145 0.85582107347416 0.6965685093953741 0
3146 0.8655307337122844 0.6862930073093684 0
3147 0.9633737907495028 0.5917307025007501 0
3148 0.9628774789710258 0.6113003753877251 0
3149 0.9456965303072381 0.6075652496467985 0
3150 0.9330107034653154 0.6172826463120861 0
3151 0.9835672716617687 0.824209356069379 0
3152 0.9820998767620925 0.8112548923715337 0
3153 0.9836066637002902 0.8000000000006228 0
3154 0.9847192662284354 0.7862475999335595 0
3155 0.7887256785471193 0.9836809461926608 0
3156 0.8014748531912028 0.9848395488026533 0
3157 0.8133366731777814 0.9837011895647628 0
3158 0.8260307432149593 0.9835489842131119 0
3159 0.863140028427419 0.9834008829513516 0
3160 0.8507030191950987 0.9834100799758136 0
3161 0.8382600952494521 0.9834522028685189 0
3162 0.983742050471881 0.949999999999829 0
3163 0.9837544044572341 0.9375000000001708 0
3164 0.9835927104814242 0.9740238352010538 0
3165 0.9838261813475528 0.9614029663188047 0
3166 0.9841843107885115 0.9874667443559749 0
3167 0.963531120318616 0.9838901036386318 0
3168 0.9375 0.9830651852269267 0
3169 0.9500000000001678 0.9831707576873491 0
3170 0.9129102362002548 0.9831915499928896 0
3171 0.925 0.9831235744640092 0
3172 0.9010657093346072 0.9832743403396628 0
3173 0.8755868171838163 0.9833914106419713 0
3174 0.8880331720172586 0.9833460031644359 0
3175 0.9837271532969717 0.9249999999997794 0
3176 0.9836162074170633 0.9125000000002221 0
3177 0.9835653421745 0.8995738848903674 0
3178 0.9836033363263121 0.8869970208689552 0
3179 0.9835922427472902 0.8744495669784849 0
3180 0.9835045210275538 0.8367656959723533 0
3181 0.9835182921455949 0.8493293311531731 0
3182 0.9835350808308758 0.8618876958831033 0
3183 0.7736130243735084 0.9899746476259927 0
3184 0.8016224157100339 0.969380792263324 0
3185 0.8357241271192949 0.9693468989047582 0
3186 0.8208515588241078 0.9677852327331924 0
3187 0.8470780685517283 0.9673480568376847 0
3188 0.8617677187896094 0.9669677465356861 0
3189 0.8535672881063201 0.9386691299558044 0
3190 0.8620295266469291 0.9304077970604661 0
3191 0.8473943550791486 0.9500723911597613 0
3192 0.8331718911713173 0.9584251131146453 0
3193 0.8104756979544089 0.957393992021278 0
3194 0.8198480081726104 0.9521653132095433 0
3195 0.8281352292810131 0.9438327858429317 0
3196 0.8361822343715182 0.9353246701781134 0
3197 0.8448273760542901 0.9274295495274865 0
3198 0.8519704462351504 0.918637112901817 0
3199 0.8607775753618221 0.9107775753618904 0
3200 0.9519289870864115 0.9537075518287359 0
3201 0.9346389071337913 0.9485157540781067 0
3202 0.9516950263408985 0.9407573596681071 0
3203 0.9679029290995615 0.9381717798166275 0
3204 0.9678149199281628 0.9511381694823033 0
3205 0.9673990363407239 0.9636479071790141 0
3206 0.9370862172140986 0.9667531948475185 0
3207 0.9507617201356638 0.9707542249089277 0
3208 0.9242876667361491 0.9663785077095652 0
3209 0.9116271572224386 0.9666184680545209 0
3210 0.8990343761793312 0.9668046444504192 0
3211 0.886711864707463 0.9669160512005963 0
3212 0.874206574297537 0.9669979893480845 0
3213 0.8660702680490617 0.94855418824361 0
3214 0.8788771985835949 0.9368619712942814 0
3215 0.8804858347056295 0.9539695064626106 0
3216 0.8928033507626758 0.948121211500229 0
3217 0.9218487450917843 0.9507957965156021 0
3218 0.9085466378222702 0.9500769399527798 0
3219 0.9044798124932451 0.9298108644754365 0
3220 0.9208668421578945 0.9377783040369221 0
3221 0.9133853129797891 0.9028677582596102 0
3222 0.9210747553535227 0.9189873104886823 0
3223 0.9050780020707655 0.911340143932891 0
3224 0.8949287665764918 0.9189699214616838 0
3225 0.8708782872077174 0.9226179044519869 0
3226 0.8881126546364647 0.9278606848954126 0
3227 0.8881949388168076 0.9066002602334182 0
3228 0.8695135455742331 0.9028468789074958 0
3229 0.8796150355097975 0.9146828490760225 0
3230 0.8778094590684984 0.894476125735172 0
3231 0.8857969996581794 0.8857969996581794 0
3232 0.8962732856671084 0.8979352063861152 0
3233 0.8938745353281901 0.8772078686615234 0
3234 0.9220291202135982 0.8935860991688909 0
3235 0.9043357491012798 0.8895169270626494 0
3236 0.9129602223967673 0.8812543453155011 0
3237 0.9210706575767782 0.8728300508997494 0
3238 0.9359621085902581 0.9188685637479658 0
3239 0.9359358905399092 0.932038359407908 0
3240 0.9515915572825488 0.9281489746291716 0
3241 0.9513323295283188 0.9157852391717796 0
3242 0.9510704670627447 0.9029495456065502 0
3243 0.9336690961465488 0.9068281995948113 0
3244 0.9384284191678373 0.8761819723522237 0
3245 0.9377957828881885 0.8927628178283824 0
3246 0.9273771342446396 0.8841785290748598 0
3247 0.9519533909676483 0.878723312557933 0
3248 0.9518997260037488 0.8907138812681834 0
3249 0.9675683346879875 0.925837733992197 0
3250 0.9673343596592227 0.9133098193582754 0
3251 0.9671799055649344 0.9005297802035636 0
3252 0.9674973614603561 0.8880520556176945 0
3253 0.9674946550075147 0.875848152691701 0
3254 0.9607477150173874 0.8107477150174573 0
3255 0.9691745750181876 0.839444480057253 0
3256 0.9676289101202791 0.8260942110506522 0
3257 0.9671256464470879 0.8635370040214354 0
3258 0.9673944779935272 0.8510586484743554 0
3259 0.9528620268877113 0.818542707736246 0
3260 0.9540504899977007 0.8385182850809252 0
3261 0.9444368028687011 0.8268597139803904 0
3262 0.935820016161639 0.8350773278541719 0
3263 0.9269826923385021 0.8431152939368518 0
3264 0.9422452133621118 0.8458293298394312 0
3265 0.952520271610705 0.8540598210559102 0
3266 0.9523777547880143 0.8672708572432534 0
3267 0.9370189947251306 0.8568369437404095 0
3268 0.9273534449146471 0.8637004049247297 0
3269 0.9024167678698474 0.8690834345365911 0
3270 0.9108930145025658 0.8608930145025748 0
3271 0.9187821288510356 0.8521154621847917 0
3272 0.9716818381444604 0.7987147769102407 0
$EndNodes
$Elements
6274
1 15 2 201 1 1
2 15 2 202 9 9
3 2 2 1 1 630 628 651
4 2 2 1 1 661 574 663
5 2 2 1 1 576 274 663
6 2 2 1 1 660 661 663
7 2 2 1 1 652 654 662
8 2 2 1 1 658 652 662
9 2 2 1 1 575 576 663
10 2 2 1 1 572 573 662
11 2 2 1 1 277 278 656
12 2 2 1 1 25 26 565
13 2 2 1 1 563 606 607
14 2 2 1 1 598 597 599
15 2 2 1 1 562 563 607
16 2 2 1 1 287 288 580
17 2 2 1 1 265 558 564
18 2 2 1 1 571 28 572
19 2 2 1 1 561 262 562
20 2 2 1 1 26 27 570
21 2 2 1 1 558 267 559
22 2 2 1 1 265 266 558
23 2 2 1 1 266 267 558
24 2 2 1 1 580 643 647
25 2 2 1 1 635 626 636
26 2 2 1 1 283 284 631
27 2 2 1 1 288 289 578
28 2 2 1 1 27 28 571
29 2 2 1 1 277 656 659
30 2 2 1 1 580 288 581
31 2 2 1 1 262 263 562
32 2 2 1 1 596 597 598
33 2 2 1 1 289 290 579
34 2 2 1 1 290 291 579
35 2 2 1 1 643 642 647
36 2 2 1 1 631 284 644
37 2 2 1 1 560 261 561
38 2 2 1 1 28 29 572
39 2 2 1 1 550 255 551
40 2 2 1 1 288 578 581
41 2 2 1 1 291 292 584
42 2 2 1 1 623 621 627
43 2 2 1 1 578 289 579
44 2 2 1 1 552 257 553
45 2 2 1 1 563 264 564
46 2 2 1 1 579 291 585
47 2 2 1 1 551 256 552
48 2 2 1 1 555 260 560
49 2 2 1 1 599 620 624
50 2 2 1 1 292 293 582
51 2 2 1 1 261 262 561
52 2 2 1 1 554 259 555
53 2 2 1 1 619 570 655
54 2 2 1 1 553 258 554
55 2 2 1 1 264 265 564
56 2 2 1 1 564 558 605
57 2 2 1 1 558 602 605
58 2 2 1 1 267 556 559
59 2 2 1 1 291 584 585
60 2 2 1 1 267 268 556
61 2 2 1 1 268 269 556
62 2 2 1 1 571 654 655
63 2 2 1 1 278 279 657
64 2 2 1 1 295 296 577
65 2 2 1 1 654 572 662
66 2 2 1 1 622 621 623
67 2 2 1 1 599 597 620
68 2 2 1 1 260 261 560
69 2 2 1 1 255 256 551
70 2 2 1 1 292 582 584
71 2 2 1 1 573 30 574
72 2 2 1 1 565 570 619
73 2 2 1 1 259 260 555
74 2 2 1 1 294 295 590
75 2 2 1 1 293 294 590
76 2 2 1 1 257 258 553
77 2 2 1 1 284 285 645
78 2 2 1 1 656 278 657
79 2 2 1 1 258 259 554
80 2 2 1 1 256 257 552
81 2 2 1 1 570 571 655
82 2 2 1 1 644 284 645
83 2 2 1 1 571 572 654
84 2 2 1 1 564 605 606
85 2 2 1 1 574 31 575
86 2 2 1 1 563 564 606
87 2 2 1 1 30 31 574
88 2 2 1 1 631 632 648
89 2 2 1 1 582 293 590
90 2 2 1 1 618 565 619
91 2 2 1 1 295 577 590
92 2 2 1 1 605 602 616
93 2 2 1 1 632 633 648
94 2 2 1 1 559 556 601
95 2 2 1 1 600 624 625
96 2 2 1 1 276 277 660
97 2 2 1 1 566 565 618
98 2 2 1 1 575 32 576
99 2 2 1 1 253 254 549
100 2 2 1 1 634 631 644
101 2 2 1 1 277 659 660
102 2 2 1 1 603 562 607
103 2 2 1 1 622 623 624
104 2 2 1 1 31 32 575
105 2 2 1 1 279 280 649
106 2 2 1 1 600 599 624
107 2 2 1 1 561 562 603
108 2 2 1 1 620 622 624
109 2 2 1 1 632 631 634
110 2 2 1 1 285 286 647
111 2 2 1 1 286 287 647
112 2 2 1 1 608 609 610
113 2 2 1 1 279 649 657
114 2 2 1 1 287 580 647
115 2 2 1 1 627 618 629
116 2 2 1 1 645 285 647
117 2 2 1 1 559 601 602
118 2 2 1 1 282 283 648
119 2 2 1 1 558 559 602
120 2 2 1 1 283 631 648
121 2 2 1 1 648 633 650
122 2 2 1 1 35 271 664
123 2 2 1 1 626 623 627
124 2 2 1 1 32 33 576
125 2 2 1 1 621 618 627
126 2 2 1 1 583 591 592
127 2 2 1 1 561 603 604
128 2 2 1 1 650 633 651
129 2 2 1 1 594 560 604
130 2 2 1 1 645 642 646
131 2 2 1 1 607 606 614
132 2 2 1 1 614 606 615
133 2 2 1 1 555 560 594
134 2 2 1 1 560 561 604
135 2 2 1 1 606 605 615
136 2 2 1 1 592 554 593
137 2 2 1 1 625 623 626
138 2 2 1 1 280 281 650
139 2 2 1 1 281 282 650
140 2 2 1 1 593 555 594
141 2 2 1 1 615 605 616
142 2 2 1 1 274 275 663
143 2 2 1 1 275 276 663
144 2 2 1 1 578 579 587
145 2 2 1 1 553 554 592
146 2 2 1 1 580 581 641
147 2 2 1 1 580 641 643
148 2 2 1 1 554 555 593
149 2 2 1 1 649 280 650
150 2 2 1 1 282 648 650
151 2 2 1 1 644 645 646
152 2 2 1 1 591 553 592
153 2 2 1 1 552 553 591
154 2 2 1 1 573 574 661
155 2 2 1 1 634 644 646
156 2 2 1 1 586 578 587
157 2 2 1 1 624 623 625
158 2 2 1 1 579 585 589
159 2 2 1 1 574 575 663
160 2 2 1 1 587 579 589
161 2 2 1 1 273 274 576
162 2 2 1 1 619 628 629
163 2 2 1 1 649 650 651
164 2 2 1 1 608 588 609
165 2 2 1 1 628 619 655
166 2 2 1 1 581 578 586
167 2 2 1 1 581 586 641
168 2 2 1 1 618 619 629
169 2 2 1 1 649 651 653
170 2 2 1 1 640 642 643
171 2 2 1 1 640 638 642
172 2 2 1 1 585 583 589
173 2 2 1 1 656 652 658
174 2 2 1 1 584 583 585
175 2 2 1 1 615 616 617
176 2 2 1 1 632 634 635
177 2 2 1 1 576 33 664
178 2 2 1 1 652 656 657
179 2 2 1 1 633 632 636
180 2 2 1 1 630 633 636
181 2 2 1 1 632 635 636
182 2 2 1 1 610 607 614
183 2 2 1 1 613 614 615
184 2 2 1 1 633 630 651
185 2 2 1 1 649 653 657
186 2 2 1 1 653 652 657
187 2 2 1 1 603 607 610
188 2 2 1 1 642 638 646
189 2 2 1 1 613 615 617
190 2 2 1 1 583 592 593
191 2 2 1 1 638 639 646
192 2 2 1 1 296 297 549
193 2 2 1 1 582 590 591
194 2 2 1 1 611 613 640
195 2 2 1 1 639 634 646
196 2 2 1 1 613 617 637
197 2 2 1 1 629 628 630
198 2 2 1 1 609 603 610
199 2 2 1 1 635 634 639
200 2 2 1 1 604 603 609
201 2 2 1 1 641 612 643
202 2 2 1 1 612 640 643
203 2 2 1 1 270 17 545
204 2 2 1 1 586 608 641
205 2 2 1 1 273 576 664
206 2 2 1 1 588 604 609
207 2 2 1 1 588 594 604
208 2 2 1 1 608 612 641
209 2 2 1 1 608 611 612
210 2 2 1 1 611 610 614
211 2 2 1 1 613 611 614
212 2 2 1 1 638 637 639
213 2 2 1 1 271 272 664
214 2 2 1 1 270 1 17
215 2 2 1 1 33 34 664
216 2 2 1 1 34 35 664
217 2 2 1 1 659 658 661
218 2 2 1 1 660 659 661
219 2 2 1 1 661 658 662
220 2 2 1 1 35 2 271
221 2 2 1 1 299 16 252
222 2 2 1 1 269 270 545
223 2 2 1 1 612 611 640
224 2 2 1 1 272 273 664
225 2 2 1 1 656 658 659
226 2 2 1 1 17 18 545
227 2 2 1 1 18 19 546
228 2 2 1 1 545 18 546
229 2 2 1 1 19 20 547
230 2 2 1 1 546 19 547
231 2 2 1 1 20 21 557
232 2 2 1 1 547 20 548
233 2 2 1 1 548 20 557
234 2 2 1 1 21 22 557
235 2 2 1 1 22 23 568
236 2 2 1 1 557 22 569
237 2 2 1 1 22 568 569
238 2 2 1 1 23 24 567
239 2 2 1 1 23 567 568
240 2 2 1 1 24 25 566
241 2 2 1 1 24 566 567
242 2 2 1 1 25 565 566
243 2 2 1 1 565 26 570
244 2 2 1 1 570 27 571
245 2 2 1 1 29 30 573
246 2 2 1 1 572 29 573
247 2 2 1 1 253 298 252
248 2 2 1 1 298 299 252
249 2 2 1 1 298 253 549
250 2 2 1 1 254 255 550
251 2 2 1 1 549 254 550
252 2 2 1 1 263 264 563
253 2 2 1 1 562 263 563
254 2 2 1 1 269 545 556
255 2 2 1 1 276 660 663
256 2 2 1 1 296 549 577
257 2 2 1 1 297 298 549
258 2 2 1 1 545 546 556
259 2 2 1 1 546 547 595
260 2 2 1 1 556 546 595
261 2 2 1 1 547 548 595
262 2 2 1 1 548 557 596
263 2 2 1 1 595 548 596
264 2 2 1 1 549 550 577
265 2 2 1 1 550 551 577
266 2 2 1 1 551 552 591
267 2 2 1 1 577 551 590
268 2 2 1 1 590 551 591
269 2 2 1 1 556 595 601
270 2 2 1 1 557 569 597
271 2 2 1 1 596 557 597
272 2 2 1 1 567 566 621
273 2 2 1 1 566 618 621
274 2 2 1 1 568 567 622
275 2 2 1 1 567 621 622
276 2 2 1 1 569 568 620
277 2 2 1 1 620 568 622
278 2 2 1 1 597 569 620
279 2 2 1 1 573 661 662
280 2 2 1 1 582 583 584
281 2 2 1 1 583 582 591
282 2 2 1 1 589 583 593
283 2 2 1 1 586 587 608
284 2 2 1 1 588 587 589
285 2 2 1 1 587 588 608
286 2 2 1 1 588 589 593
287 2 2 1 1 588 593 594
288 2 2 1 1 595 596 598
289 2 2 1 1 595 598 601
290 2 2 1 1 598 599 600
291 2 2 1 1 598 600 616
292 2 2 1 1 601 598 602
293 2 2 1 1 602 598 616
294 2 2 1 1 616 600 617
295 2 2 1 1 617 600 637
296 2 2 1 1 600 625 637
297 2 2 1 1 608 610 611
298 2 2 1 1 613 637 638
299 2 2 1 1 613 638 640
300 2 2 1 1 625 626 637
301 2 2 1 1 626 627 636
302 2 2 1 1 626 635 639
303 2 2 1 1 637 626 639
304 2 2 1 1 627 629 630
305 2 2 1 1 627 630 636
306 2 2 1 1 651 628 653
307 2 2 1 1 628 652 653
308 2 2 1 1 652 628 655
309 2 2 1 1 642 645 647
310 2 2 1 1 654 652 655
311 2 2 2 2 847 934 851
312 2 2 2 2 668 951 950
313 2 2 2 2 935 942 941
314 2 2 2 2 943 959 940
315 2 2 2 2 837 945 843
316 2 2 2 2 950 951 949
317 2 2 2 2 949 953 952
318 2 2 2 2 936 937 933
319 2 2 2 2 968 969 960
320 2 2 2 2 715 950 948
321 2 2 2 2 951 953 949
322 2 2 2 2 941 942 940
323 2 2 2 2 956 959 958
324 2 2 2 2 933 934 846
325 2 2 2 2 846 934 847
326 2 2 2 2 935 945 942
327 2 2 2 2 301 976 48
328 2 2 2 2 942 945 944
329 2 2 2 2 935 941 937
330 2 2 2 2 665 950 715
331 2 2 2 2 846 936 933
332 2 2 2 2 952 953 943
333 2 2 2 2 851 920 850
334 2 2 2 2 932 933 930
335 2 2 2 2 933 937 930
336 2 2 2 2 851 921 920
337 2 2 2 2 965 973 966
338 2 2 2 2 953 959 943
339 2 2 2 2 928 932 930
340 2 2 2 2 928 930 929
341 2 2 2 2 850 920 848
342 2 2 2 2 945 947 944
343 2 2 2 2 937 938 930
344 2 2 2 2 921 922 920
345 2 2 2 2 848 920 913
346 2 2 2 2 929 930 919
347 2 2 2 2 930 938 919
348 2 2 2 2 724 974 972
349 2 2 2 2 925 926 317
350 2 2 2 2 932 934 933
351 2 2 2 2 318 925 317
352 2 2 2 2 928 929 926
353 2 2 2 2 913 922 915
354 2 2 2 2 937 941 938
355 2 2 2 2 921 923 922
356 2 2 2 2 317 926 918
357 2 2 2 2 920 922 913
358 2 2 2 2 931 934 932
359 2 2 2 2 317 918 316
360 2 2 2 2 926 929 918
361 2 2 2 2 927 928 926
362 2 2 2 2 915 922 914
363 2 2 2 2 931 932 928
364 2 2 2 2 914 924 320
365 2 2 2 2 918 929 919
366 2 2 2 2 925 927 926
367 2 2 2 2 924 925 318
368 2 2 2 2 316 918 917
369 2 2 2 2 927 931 928
370 2 2 2 2 315 917 314
371 2 2 2 2 316 917 315
372 2 2 2 2 922 923 914
373 2 2 2 2 319 924 318
374 2 2 2 2 851 934 931
375 2 2 2 2 320 924 319
376 2 2 2 2 918 919 917
377 2 2 2 2 314 917 714
378 2 2 2 2 923 924 914
379 2 2 2 2 294 690 295
380 2 2 2 2 851 931 921
381 2 2 2 2 822 880 820
382 2 2 2 2 276 698 277
383 2 2 2 2 856 870 869
384 2 2 2 2 336 761 760
385 2 2 2 2 831 861 832
386 2 2 2 2 703 833 704
387 2 2 2 2 711 862 710
388 2 2 2 2 723 972 674
389 2 2 2 2 830 841 835
390 2 2 2 2 861 866 832
391 2 2 2 2 771 772 740
392 2 2 2 2 712 863 711
393 2 2 2 2 713 954 716
394 2 2 2 2 817 818 816
395 2 2 2 2 691 811 690
396 2 2 2 2 833 834 831
397 2 2 2 2 817 823 818
398 2 2 2 2 308 721 307
399 2 2 2 2 292 692 691
400 2 2 2 2 872 876 863
401 2 2 2 2 813 815 814
402 2 2 2 2 835 836 830
403 2 2 2 2 698 708 277
404 2 2 2 2 874 876 872
405 2 2 2 2 48 976 47
406 2 2 2 2 921 931 927
407 2 2 2 2 954 957 716
408 2 2 2 2 338 725 337
409 2 2 2 2 339 725 338
410 2 2 2 2 882 883 881
411 2 2 2 2 864 872 863
412 2 2 2 2 854 870 856
413 2 2 2 2 832 833 831
414 2 2 2 2 835 844 836
415 2 2 2 2 818 823 820
416 2 2 2 2 279 704 280
417 2 2 2 2 842 845 841
418 2 2 2 2 923 927 925
419 2 2 2 2 814 816 813
420 2 2 2 2 711 863 862
421 2 2 2 2 703 834 833
422 2 2 2 2 691 815 811
423 2 2 2 2 729 787 763
424 2 2 2 2 771 776 772
425 2 2 2 2 816 818 804
426 2 2 2 2 712 864 863
427 2 2 2 2 857 866 861
428 2 2 2 2 719 720 308
429 2 2 2 2 859 861 860
430 2 2 2 2 312 717 311
431 2 2 2 2 311 717 310
432 2 2 2 2 307 724 306
433 2 2 2 2 836 860 831
434 2 2 2 2 286 710 287
435 2 2 2 2 285 710 286
436 2 2 2 2 860 861 831
437 2 2 2 2 665 715 36
438 2 2 2 2 707 827 706
439 2 2 2 2 704 827 707
440 2 2 2 2 965 974 973
441 2 2 2 2 873 874 872
442 2 2 2 2 766 784 770
443 2 2 2 2 250 684 249
444 2 2 2 2 282 706 283
445 2 2 2 2 921 927 923
446 2 2 2 2 293 691 690
447 2 2 2 2 834 836 831
448 2 2 2 2 882 891 883
449 2 2 2 2 703 704 279
450 2 2 2 2 818 819 804
451 2 2 2 2 868 872 864
452 2 2 2 2 710 862 697
453 2 2 2 2 730 786 731
454 2 2 2 2 825 837 824
455 2 2 2 2 923 925 924
456 2 2 2 2 287 710 697
457 2 2 2 2 345 734 344
458 2 2 2 2 813 816 806
459 2 2 2 2 878 879 877
460 2 2 2 2 716 961 717
461 2 2 2 2 957 961 716
462 2 2 2 2 285 711 710
463 2 2 2 2 761 769 760
464 2 2 2 2 859 860 853
465 2 2 2 2 283 706 705
466 2 2 2 2 725 761 337
467 2 2 2 2 835 845 844
468 2 2 2 2 340 728 727
469 2 2 2 2 698 839 708
470 2 2 2 2 827 828 706
471 2 2 2 2 853 860 844
472 2 2 2 2 704 833 827
473 2 2 2 2 806 816 804
474 2 2 2 2 868 873 872
475 2 2 2 2 862 875 697
476 2 2 2 2 866 867 828
477 2 2 2 2 340 727 726
478 2 2 2 2 797 800 798
479 2 2 2 2 718 719 309
480 2 2 2 2 273 701 274
481 2 2 2 2 304 723 303
482 2 2 2 2 299 686 685
483 2 2 2 2 342 732 341
484 2 2 2 2 873 889 874
485 2 2 2 2 844 860 836
486 2 2 2 2 880 884 820
487 2 2 2 2 296 687 297
488 2 2 2 2 716 717 312
489 2 2 2 2 778 782 779
490 2 2 2 2 842 847 845
491 2 2 2 2 296 689 688
492 2 2 2 2 760 771 740
493 2 2 2 2 770 776 771
494 2 2 2 2 857 861 859
495 2 2 2 2 776 784 778
496 2 2 2 2 878 882 879
497 2 2 2 2 845 852 844
498 2 2 2 2 280 707 281
499 2 2 2 2 281 707 282
500 2 2 2 2 339 726 725
501 2 2 2 2 839 840 829
502 2 2 2 2 865 866 857
503 2 2 2 2 818 820 819
504 2 2 2 2 717 718 310
505 2 2 2 2 720 721 308
506 2 2 2 2 870 873 868
507 2 2 2 2 938 955 919
508 2 2 2 2 819 885 804
509 2 2 2 2 865 867 866
510 2 2 2 2 862 876 875
511 2 2 2 2 852 853 844
512 2 2 2 2 344 734 343
513 2 2 2 2 306 722 305
514 2 2 2 2 919 955 714
515 2 2 2 2 871 889 873
516 2 2 2 2 343 735 342
517 2 2 2 2 917 919 714
518 2 2 2 2 805 806 804
519 2 2 2 2 881 884 880
520 2 2 2 2 846 847 842
521 2 2 2 2 706 828 705
522 2 2 2 2 857 859 858
523 2 2 2 2 708 839 829
524 2 2 2 2 939 955 938
525 2 2 2 2 704 707 280
526 2 2 2 2 804 885 805
527 2 2 2 2 282 707 706
528 2 2 2 2 770 784 776
529 2 2 2 2 820 884 819
530 2 2 2 2 769 771 760
531 2 2 2 2 847 852 845
532 2 2 2 2 765 769 761
533 2 2 2 2 876 877 875
534 2 2 2 2 725 765 761
535 2 2 2 2 819 886 885
536 2 2 2 2 249 683 682
537 2 2 2 2 690 810 689
538 2 2 2 2 837 839 824
539 2 2 2 2 305 723 304
540 2 2 2 2 857 869 865
541 2 2 2 2 828 867 705
542 2 2 2 2 275 699 276
543 2 2 2 2 274 699 275
544 2 2 2 2 721 724 307
545 2 2 2 2 798 808 780
546 2 2 2 2 878 890 882
547 2 2 2 2 272 702 273
548 2 2 2 2 690 811 810
549 2 2 2 2 699 824 698
550 2 2 2 2 871 873 870
551 2 2 2 2 840 841 829
552 2 2 2 2 824 839 698
553 2 2 2 2 276 699 698
554 2 2 2 2 956 957 954
555 2 2 2 2 938 941 939
556 2 2 2 2 958 961 957
557 2 2 2 2 840 843 841
558 2 2 2 2 713 955 954
559 2 2 2 2 858 869 857
560 2 2 2 2 46 676 674
561 2 2 2 2 881 888 884
562 2 2 2 2 890 891 882
563 2 2 2 2 811 815 812
564 2 2 2 2 341 732 728
565 2 2 2 2 296 688 687
566 2 2 2 2 684 799 795
567 2 2 2 2 701 824 699
568 2 2 2 2 854 871 870
569 2 2 2 2 874 877 876
570 2 2 2 2 841 843 842
571 2 2 2 2 714 955 713
572 2 2 2 2 825 838 837
573 2 2 2 2 812 815 813
574 2 2 2 2 837 840 839
575 2 2 2 2 838 947 945
576 2 2 2 2 884 886 819
577 2 2 2 2 666 667 241
578 2 2 2 2 939 941 940
579 2 2 2 2 763 787 764
580 2 2 2 2 342 735 732
581 2 2 2 2 883 888 881
582 2 2 2 2 856 869 858
583 2 2 2 2 762 765 725
584 2 2 2 2 874 878 877
585 2 2 2 2 956 958 957
586 2 2 2 2 676 976 302
587 2 2 2 2 792 794 793
588 2 2 2 2 884 888 886
589 2 2 2 2 39 669 668
590 2 2 2 2 796 797 783
591 2 2 2 2 734 735 343
592 2 2 2 2 38 668 37
593 2 2 2 2 948 950 946
594 2 2 2 2 715 948 702
595 2 2 2 2 812 813 807
596 2 2 2 2 843 936 842
597 2 2 2 2 960 961 958
598 2 2 2 2 720 973 721
599 2 2 2 2 838 945 837
600 2 2 2 2 842 936 846
601 2 2 2 2 298 686 299
602 2 2 2 2 297 686 298
603 2 2 2 2 717 961 718
604 2 2 2 2 795 796 794
605 2 2 2 2 722 723 305
606 2 2 2 2 874 889 878
607 2 2 2 2 700 825 701
608 2 2 2 2 807 813 806
609 2 2 2 2 802 803 798
610 2 2 2 2 39 670 669
611 2 2 2 2 773 807 806
612 2 2 2 2 700 701 273
613 2 2 2 2 701 825 824
614 2 2 2 2 274 701 699
615 2 2 2 2 722 972 723
616 2 2 2 2 803 808 798
617 2 2 2 2 2 715 271
618 2 2 2 2 681 792 789
619 2 2 2 2 773 806 805
620 2 2 2 2 688 802 687
621 2 2 2 2 889 890 878
622 2 2 2 2 810 811 809
623 2 2 2 2 792 793 791
624 2 2 2 2 674 675 45
625 2 2 2 2 954 955 939
626 2 2 2 2 970 971 670
627 2 2 2 2 689 803 688
628 2 2 2 2 682 792 681
629 2 2 2 2 669 971 951
630 2 2 2 2 271 702 272
631 2 2 2 2 939 956 954
632 2 2 2 2 40 672 670
633 2 2 2 2 811 812 809
634 2 2 2 2 689 810 803
635 2 2 2 2 961 963 718
636 2 2 2 2 242 677 666
637 2 2 2 2 785 796 783
638 2 2 2 2 728 729 727
639 2 2 2 2 809 812 781
640 2 2 2 2 671 672 41
641 2 2 2 2 789 792 791
642 2 2 2 2 973 974 721
643 2 2 2 2 670 971 669
644 2 2 2 2 669 951 668
645 2 2 2 2 728 732 731
646 2 2 2 2 46 674 45
647 2 2 2 2 770 771 769
648 2 2 2 2 39 668 38
649 2 2 2 2 967 970 672
650 2 2 2 2 43 675 673
651 2 2 2 2 726 762 725
652 2 2 2 2 249 682 248
653 2 2 2 2 687 801 686
654 2 2 2 2 781 812 807
655 2 2 2 2 789 791 790
656 2 2 2 2 42 673 671
657 2 2 2 2 297 687 686
658 2 2 2 2 803 810 808
659 2 2 2 2 825 947 838
660 2 2 2 2 243 678 677
661 2 2 2 2 766 769 765
662 2 2 2 2 942 943 940
663 2 2 2 2 727 763 726
664 2 2 2 2 965 967 671
665 2 2 2 2 808 809 780
666 2 2 2 2 16 685 251
667 2 2 2 2 826 947 825
668 2 2 2 2 794 796 793
669 2 2 2 2 673 975 965
670 2 2 2 2 808 810 809
671 2 2 2 2 781 807 774
672 2 2 2 2 766 770 769
673 2 2 2 2 242 666 241
674 2 2 2 2 719 964 720
675 2 2 2 2 799 800 795
676 2 2 2 2 762 767 765
677 2 2 2 2 774 807 773
678 2 2 2 2 718 963 719
679 2 2 2 2 687 802 801
680 2 2 2 2 780 809 781
681 2 2 2 2 721 974 724
682 2 2 2 2 974 975 972
683 2 2 2 2 244 679 678
684 2 2 2 2 730 733 677
685 2 2 2 2 40 670 39
686 2 2 2 2 765 767 766
687 2 2 2 2 672 970 670
688 2 2 2 2 972 975 675
689 2 2 2 2 940 956 939
690 2 2 2 2 726 763 762
691 2 2 2 2 41 672 40
692 2 2 2 2 728 731 729
693 2 2 2 2 42 671 41
694 2 2 2 2 43 673 42
695 2 2 2 2 299 685 16
696 2 2 2 2 243 677 242
697 2 2 2 2 729 763 727
698 2 2 2 2 45 675 44
699 2 2 2 2 44 675 43
700 2 2 2 2 671 967 672
701 2 2 2 2 964 973 720
702 2 2 2 2 963 964 719
703 2 2 2 2 764 767 762
704 2 2 2 2 244 678 243
705 2 2 2 2 673 965 671
706 2 2 2 2 245 679 244
707 2 2 2 2 677 733 666
708 2 2 2 2 248 682 681
709 2 2 2 2 678 786 730
710 2 2 2 2 245 680 679
711 2 2 2 2 791 793 768
712 2 2 2 2 702 948 700
713 2 2 2 2 960 969 962
714 2 2 2 2 966 973 964
715 2 2 2 2 678 730 677
716 2 2 2 2 674 972 675
717 2 2 2 2 960 963 961
718 2 2 2 2 246 680 245
719 2 2 2 2 968 970 969
720 2 2 2 2 966 969 967
721 2 2 2 2 700 948 826
722 2 2 2 2 675 975 673
723 2 2 2 2 946 950 949
724 2 2 2 2 679 786 678
725 2 2 2 2 246 681 680
726 2 2 2 2 248 681 247
727 2 2 2 2 271 715 702
728 2 2 2 2 679 788 786
729 2 2 2 2 247 681 246
730 2 2 2 2 962 963 960
731 2 2 2 2 680 789 788
732 2 2 2 2 966 967 965
733 2 2 2 2 793 796 785
734 2 2 2 2 969 970 967
735 2 2 2 2 953 971 968
736 2 2 2 2 731 733 730
737 2 2 2 2 951 971 953
738 2 2 2 2 680 788 679
739 2 2 2 2 763 764 762
740 2 2 2 2 768 793 785
741 2 2 2 2 46 976 676
742 2 2 2 2 962 966 964
743 2 2 2 2 788 790 787
744 2 2 2 2 676 723 674
745 2 2 2 2 681 789 680
746 2 2 2 2 667 736 241
747 2 2 2 2 666 734 667
748 2 2 2 2 946 949 944
749 2 2 2 2 789 790 788
750 2 2 2 2 786 788 787
751 2 2 2 2 962 964 963
752 2 2 2 2 768 785 784
753 2 2 2 2 732 735 733
754 2 2 2 2 953 968 959
755 2 2 2 2 826 948 946
756 2 2 2 2 946 947 826
757 2 2 2 2 949 952 944
758 2 2 2 2 37 665 36
759 2 2 2 2 944 952 942
760 2 2 2 2 724 972 722
761 2 2 2 2 47 976 46
762 2 2 2 2 241 736 240
763 2 2 2 2 944 947 946
764 2 2 2 2 942 952 943
765 2 2 2 2 348 15 239
766 2 2 2 2 300 48 3
767 2 2 2 2 787 790 764
768 2 2 2 2 962 969 966
769 2 2 2 2 347 736 346
770 2 2 2 2 302 976 301
771 2 2 2 2 36 715 2
772 2 2 2 2 37 668 665
773 2 2 2 2 301 48 300
774 2 2 2 2 240 736 239
775 2 2 2 2 239 347 348
776 2 2 2 2 239 736 347
777 2 2 2 2 249 684 683
778 2 2 2 2 251 684 250
779 2 2 2 2 251 685 684
780 2 2 2 2 273 702 700
781 2 2 2 2 277 709 278
782 2 2 2 2 708 709 277
783 2 2 2 2 278 703 279
784 2 2 2 2 278 709 703
785 2 2 2 2 283 705 284
786 2 2 2 2 284 711 285
787 2 2 2 2 705 712 284
788 2 2 2 2 284 712 711
789 2 2 2 2 287 697 288
790 2 2 2 2 288 694 289
791 2 2 2 2 693 694 288
792 2 2 2 2 288 697 693
793 2 2 2 2 289 695 290
794 2 2 2 2 694 695 289
795 2 2 2 2 290 695 291
796 2 2 2 2 291 692 292
797 2 2 2 2 291 696 692
798 2 2 2 2 695 696 291
799 2 2 2 2 292 691 293
800 2 2 2 2 293 690 294
801 2 2 2 2 295 689 296
802 2 2 2 2 295 690 689
803 2 2 2 2 303 676 302
804 2 2 2 2 303 723 676
805 2 2 2 2 306 724 722
806 2 2 2 2 309 719 308
807 2 2 2 2 310 718 309
808 2 2 2 2 313 716 312
809 2 2 2 2 314 714 313
810 2 2 2 2 313 714 713
811 2 2 2 2 713 716 313
812 2 2 2 2 321 914 320
813 2 2 2 2 322 915 321
814 2 2 2 2 321 915 914
815 2 2 2 2 323 916 322
816 2 2 2 2 322 916 915
817 2 2 2 2 324 912 323
818 2 2 2 2 323 912 911
819 2 2 2 2 911 916 323
820 2 2 2 2 325 910 324
821 2 2 2 2 910 912 324
822 2 2 2 2 326 744 325
823 2 2 2 2 744 910 325
824 2 2 2 2 327 744 326
825 2 2 2 2 328 742 327
826 2 2 2 2 742 743 327
827 2 2 2 2 743 744 327
828 2 2 2 2 329 750 328
829 2 2 2 2 328 750 742
830 2 2 2 2 330 750 329
831 2 2 2 2 331 751 330
832 2 2 2 2 330 751 750
833 2 2 2 2 332 749 331
834 2 2 2 2 749 751 331
835 2 2 2 2 333 738 332
836 2 2 2 2 738 741 332
837 2 2 2 2 741 749 332
838 2 2 2 2 334 739 333
839 2 2 2 2 333 739 738
840 2 2 2 2 335 740 334
841 2 2 2 2 334 740 739
842 2 2 2 2 336 760 335
843 2 2 2 2 335 760 740
844 2 2 2 2 337 761 336
845 2 2 2 2 340 726 339
846 2 2 2 2 341 728 340
847 2 2 2 2 346 667 345
848 2 2 2 2 667 734 345
849 2 2 2 2 346 736 667
850 2 2 2 2 668 950 665
851 2 2 2 2 733 734 666
852 2 2 2 2 683 794 682
853 2 2 2 2 682 794 792
854 2 2 2 2 684 795 683
855 2 2 2 2 683 795 794
856 2 2 2 2 685 799 684
857 2 2 2 2 686 801 685
858 2 2 2 2 685 801 799
859 2 2 2 2 688 803 802
860 2 2 2 2 692 815 691
861 2 2 2 2 696 814 692
862 2 2 2 2 814 815 692
863 2 2 2 2 693 822 694
864 2 2 2 2 697 875 693
865 2 2 2 2 821 822 693
866 2 2 2 2 693 875 821
867 2 2 2 2 694 823 695
868 2 2 2 2 822 823 694
869 2 2 2 2 695 817 696
870 2 2 2 2 695 823 817
871 2 2 2 2 696 817 814
872 2 2 2 2 700 826 825
873 2 2 2 2 709 834 703
874 2 2 2 2 705 867 712
875 2 2 2 2 708 829 709
876 2 2 2 2 829 830 709
877 2 2 2 2 830 834 709
878 2 2 2 2 712 867 864
879 2 2 2 2 731 786 729
880 2 2 2 2 786 787 729
881 2 2 2 2 732 733 731
882 2 2 2 2 733 735 734
883 2 2 2 2 738 739 737
884 2 2 2 2 737 748 738
885 2 2 2 2 739 772 737
886 2 2 2 2 747 748 737
887 2 2 2 2 737 777 747
888 2 2 2 2 772 777 737
889 2 2 2 2 738 748 741
890 2 2 2 2 740 772 739
891 2 2 2 2 741 748 746
892 2 2 2 2 746 749 741
893 2 2 2 2 742 754 743
894 2 2 2 2 750 753 742
895 2 2 2 2 753 754 742
896 2 2 2 2 743 908 744
897 2 2 2 2 743 754 745
898 2 2 2 2 745 908 743
899 2 2 2 2 744 908 905
900 2 2 2 2 905 910 744
901 2 2 2 2 754 895 745
902 2 2 2 2 895 896 745
903 2 2 2 2 896 906 745
904 2 2 2 2 906 908 745
905 2 2 2 2 748 757 746
906 2 2 2 2 746 752 749
907 2 2 2 2 746 756 752
908 2 2 2 2 746 757 756
909 2 2 2 2 747 757 748
910 2 2 2 2 747 758 757
911 2 2 2 2 747 775 758
912 2 2 2 2 747 777 775
913 2 2 2 2 749 752 751
914 2 2 2 2 751 753 750
915 2 2 2 2 752 753 751
916 2 2 2 2 752 755 753
917 2 2 2 2 752 756 755
918 2 2 2 2 753 755 754
919 2 2 2 2 755 895 754
920 2 2 2 2 756 887 755
921 2 2 2 2 887 894 755
922 2 2 2 2 894 895 755
923 2 2 2 2 757 759 756
924 2 2 2 2 759 887 756
925 2 2 2 2 758 759 757
926 2 2 2 2 758 805 759
927 2 2 2 2 758 775 773
928 2 2 2 2 773 805 758
929 2 2 2 2 805 885 759
930 2 2 2 2 885 887 759
931 2 2 2 2 764 790 767
932 2 2 2 2 767 768 766
933 2 2 2 2 768 784 766
934 2 2 2 2 767 791 768
935 2 2 2 2 790 791 767
936 2 2 2 2 776 777 772
937 2 2 2 2 773 775 774
938 2 2 2 2 775 782 774
939 2 2 2 2 780 781 774
940 2 2 2 2 774 782 780
941 2 2 2 2 777 779 775
942 2 2 2 2 779 782 775
943 2 2 2 2 776 779 777
944 2 2 2 2 778 779 776
945 2 2 2 2 778 783 782
946 2 2 2 2 778 785 783
947 2 2 2 2 784 785 778
948 2 2 2 2 782 783 780
949 2 2 2 2 783 797 780
950 2 2 2 2 797 798 780
951 2 2 2 2 795 797 796
952 2 2 2 2 795 800 797
953 2 2 2 2 800 802 798
954 2 2 2 2 799 801 800
955 2 2 2 2 801 802 800
956 2 2 2 2 814 817 816
957 2 2 2 2 820 823 822
958 2 2 2 2 821 880 822
959 2 2 2 2 875 877 821
960 2 2 2 2 877 879 821
961 2 2 2 2 879 880 821
962 2 2 2 2 827 832 828
963 2 2 2 2 827 833 832
964 2 2 2 2 832 866 828
965 2 2 2 2 829 841 830
966 2 2 2 2 830 836 834
967 2 2 2 2 841 845 835
968 2 2 2 2 837 843 840
969 2 2 2 2 935 936 843
970 2 2 2 2 843 945 935
971 2 2 2 2 851 852 847
972 2 2 2 2 849 850 848
973 2 2 2 2 848 899 849
974 2 2 2 2 898 899 848
975 2 2 2 2 848 913 898
976 2 2 2 2 849 859 850
977 2 2 2 2 855 858 849
978 2 2 2 2 849 899 855
979 2 2 2 2 858 859 849
980 2 2 2 2 850 852 851
981 2 2 2 2 850 853 852
982 2 2 2 2 850 859 853
983 2 2 2 2 856 901 854
984 2 2 2 2 854 902 871
985 2 2 2 2 901 902 854
986 2 2 2 2 856 858 855
987 2 2 2 2 855 901 856
988 2 2 2 2 899 901 855
989 2 2 2 2 863 876 862
990 2 2 2 2 864 867 865
991 2 2 2 2 865 868 864
992 2 2 2 2 865 869 868
993 2 2 2 2 869 870 868
994 2 2 2 2 871 903 889
995 2 2 2 2 902 903 871
996 2 2 2 2 879 881 880
997 2 2 2 2 879 882 881
998 2 2 2 2 883 894 888
999 2 2 2 2 891 893 883
1000 2 2 2 2 893 894 883
1001 2 2 2 2 886 887 885
1002 2 2 2 2 886 894 887
1003 2 2 2 2 888 894 886
1004 2 2 2 2 889 903 890
1005 2 2 2 2 890 892 891
1006 2 2 2 2 890 903 892
1007 2 2 2 2 892 893 891
1008 2 2 2 2 892 896 893
1009 2 2 2 2 892 906 896
1010 2 2 2 2 903 906 892
1011 2 2 2 2 893 896 894
1012 2 2 2 2 894 896 895
1013 2 2 2 2 897 900 898
1014 2 2 2 2 898 911 897
1015 2 2 2 2 897 904 900
1016 2 2 2 2 897 909 904
1017 2 2 2 2 897 911 909
1018 2 2 2 2 898 900 899
1019 2 2 2 2 898 916 911
1020 2 2 2 2 913 916 898
1021 2 2 2 2 900 901 899
1022 2 2 2 2 900 902 901
1023 2 2 2 2 900 904 902
1024 2 2 2 2 902 907 903
1025 2 2 2 2 904 907 902
1026 2 2 2 2 903 907 906
1027 2 2 2 2 905 907 904
1028 2 2 2 2 904 909 905
1029 2 2 2 2 905 908 907
1030 2 2 2 2 909 912 905
1031 2 2 2 2 905 912 910
1032 2 2 2 2 907 908 906
1033 2 2 2 2 911 912 909
1034 2 2 2 2 915 916 913
1035 2 2 2 2 935 937 936
1036 2 2 2 2 940 959 956
1037 2 2 2 2 959 960 958
1038 2 2 2 2 959 968 960
1039 2 2 2 2 965 975 974
1040 2 2 2 2 968 971 970
1041 2 2 3 3 1277 1293 1292
1042 2 2 3 3 1292 1311 1277
1043 2 2 3 3 1313 1319 1314
1044 2 2 3 3 1272 1279 1278
1045 2 2 3 3 1263 1280 1264
1046 2 2 3 3 1272 1278 1273
1047 2 2 3 3 1280 1281 1264
1048 2 2 3 3 1323 1329 1326
1049 2 2 3 3 1310 1315 1312
1050 2 2 3 3 1294 1311 1295
1051 2 2 3 3 1348 1350 1344
1052 2 2 3 3 1273 1291 1276
1053 2 2 3 3 1310 1311 1294
1054 2 2 3 3 1265 1266 1201
1055 2 2 3 3 1263 1266 1265
1056 2 2 3 3 1291 1293 1276
1057 2 2 3 3 1278 1291 1273
1058 2 2 3 3 1315 1316 1312
1059 2 2 3 3 1265 1280 1263
1060 2 2 3 3 1294 1315 1310
1061 2 2 3 3 1347 1348 1344
1062 2 2 3 3 1350 1354 1344
1063 2 2 3 3 1323 1326 1322
1064 2 2 3 3 1264 1272 1271
1065 2 2 3 3 1273 1274 1272
1066 2 2 3 3 1264 1269 1263
1067 2 2 3 3 1266 1268 1267
1068 2 2 3 3 1241 1267 1260
1069 2 2 3 3 1055 1271 1270
1070 2 2 3 3 1270 1274 1050
1071 2 2 3 3 1273 1276 1274
1072 2 2 3 3 1263 1269 1266
1073 2 2 3 3 1271 1272 1270
1074 2 2 3 3 1268 1269 1048
1075 2 2 3 3 1259 1268 1045
1076 2 2 3 3 1272 1274 1270
1077 2 2 3 3 1264 1271 1269
1078 2 2 3 3 1269 1271 1048
1079 2 2 3 3 1274 1275 1051
1080 2 2 3 3 1267 1268 1259
1081 2 2 3 3 1067 1309 1308
1082 2 2 3 3 1260 1267 1259
1083 2 2 3 3 1051 1275 1262
1084 2 2 3 3 1055 1270 1054
1085 2 2 3 3 1054 1270 1050
1086 2 2 3 3 1274 1276 1275
1087 2 2 3 3 1266 1269 1268
1088 2 2 3 3 1053 1262 1261
1089 2 2 3 3 1261 1309 1049
1090 2 2 3 3 1045 1268 1044
1091 2 2 3 3 1044 1268 1048
1092 2 2 3 3 1276 1277 1275
1093 2 2 3 3 1310 1312 1308
1094 2 2 3 3 1048 1271 1055
1095 2 2 3 3 1049 1309 1067
1096 2 2 3 3 1050 1274 1051
1097 2 2 3 3 1051 1262 1052
1098 2 2 3 3 1053 1261 1049
1099 2 2 3 3 1052 1262 1053
1100 2 2 3 3 1309 1310 1308
1101 2 2 3 3 1277 1311 1261
1102 2 2 3 3 1312 1314 1308
1103 2 2 3 3 1275 1277 1262
1104 2 2 3 3 1309 1311 1310
1105 2 2 3 3 1067 1308 1307
1106 2 2 3 3 1262 1277 1261
1107 2 2 3 3 1261 1311 1309
1108 2 2 3 3 1308 1314 1307
1109 2 2 3 3 1067 1307 1066
1110 2 2 3 3 1319 1332 1329
1111 2 2 3 3 1327 1333 1328
1112 2 2 3 3 1333 1334 1328
1113 2 2 3 3 977 1337 1070
1114 2 2 3 3 1060 1304 1059
1115 2 2 3 3 1346 1348 1347
1116 2 2 3 3 1058 1298 1060
1117 2 2 3 3 1314 1320 1307
1118 2 2 3 3 1066 1307 1306
1119 2 2 3 3 1056 1286 1022
1120 2 2 3 3 1296 1299 1297
1121 2 2 3 3 349 1355 60
1122 2 2 3 3 1299 1304 1060
1123 2 2 3 3 1298 1299 1060
1124 2 2 3 3 1059 1284 1061
1125 2 2 3 3 1296 1297 1292
1126 2 2 3 3 1286 1290 1287
1127 2 2 3 3 1066 1306 1065
1128 2 2 3 3 1286 1287 1022
1129 2 2 3 3 1298 1301 1299
1130 2 2 3 3 1307 1320 1306
1131 2 2 3 3 1284 1304 1285
1132 2 2 3 3 1290 1291 1289
1133 2 2 3 3 1059 1304 1284
1134 2 2 3 3 1320 1321 1306
1135 2 2 3 3 1306 1321 1071
1136 2 2 3 3 1287 1290 1289
1137 2 2 3 3 1282 1283 1281
1138 2 2 3 3 1292 1297 1295
1139 2 2 3 3 1329 1333 1327
1140 2 2 3 3 1065 1306 1071
1141 2 2 3 3 1022 1288 1023
1142 2 2 3 3 1061 1284 1056
1143 2 2 3 3 1203 1282 1281
1144 2 2 3 3 1299 1301 1297
1145 2 2 3 3 1285 1286 1284
1146 2 2 3 3 1285 1304 1296
1147 2 2 3 3 1195 1288 1282
1148 2 2 3 3 1320 1323 1321
1149 2 2 3 3 1195 1282 1202
1150 2 2 3 3 1289 1291 1278
1151 2 2 3 3 1297 1301 1294
1152 2 2 3 3 1203 1280 1204
1153 2 2 3 3 1023 1288 1195
1154 2 2 3 3 1281 1283 1279
1155 2 2 3 3 1287 1288 1022
1156 2 2 3 3 1284 1286 1056
1157 2 2 3 3 1203 1281 1280
1158 2 2 3 3 1285 1293 1290
1159 2 2 3 3 1282 1288 1283
1160 2 2 3 3 1204 1265 1201
1161 2 2 3 3 1285 1290 1286
1162 2 2 3 3 1340 1341 1072
1163 2 2 3 3 1285 1296 1293
1164 2 2 3 3 1063 1303 1057
1165 2 2 3 3 1202 1282 1203
1166 2 2 3 3 1071 1321 1072
1167 2 2 3 3 1295 1297 1294
1168 2 2 3 3 1072 1341 1073
1169 2 2 3 3 1321 1340 1072
1170 2 2 3 3 1283 1288 1287
1171 2 2 3 3 1057 1302 1058
1172 2 2 3 3 1204 1280 1265
1173 2 2 3 3 1057 1303 1302
1174 2 2 3 3 1283 1289 1279
1175 2 2 3 3 1290 1293 1291
1176 2 2 3 3 1298 1302 1300
1177 2 2 3 3 1293 1296 1292
1178 2 2 3 3 1062 1305 1064
1179 2 2 3 3 1287 1289 1283
1180 2 2 3 3 1303 1318 1302
1181 2 2 3 3 1058 1302 1298
1182 2 2 3 3 1322 1341 1340
1183 2 2 3 3 1279 1289 1278
1184 2 2 3 3 1300 1301 1298
1185 2 2 3 3 1064 1305 1063
1186 2 2 3 3 1302 1318 1300
1187 2 2 3 3 1322 1345 1341
1188 2 2 3 3 1333 1335 1334
1189 2 2 3 3 989 1338 1337
1190 2 2 3 3 1300 1315 1301
1191 2 2 3 3 1063 1305 1303
1192 2 2 3 3 1300 1318 1316
1193 2 2 3 3 1305 1330 1317
1194 2 2 3 3 1062 1330 1305
1195 2 2 3 3 1078 1344 1077
1196 2 2 3 3 1305 1317 1303
1197 2 2 3 3 1301 1315 1294
1198 2 2 3 3 1300 1316 1315
1199 2 2 3 3 1317 1318 1303
1200 2 2 3 3 1068 1330 1062
1201 2 2 3 3 1317 1331 1313
1202 2 2 3 3 1323 1340 1321
1203 2 2 3 3 1073 1341 1074
1204 2 2 3 3 1077 1344 1343
1205 2 2 3 3 1313 1318 1317
1206 2 2 3 3 1341 1342 1074
1207 2 2 3 3 1322 1340 1323
1208 2 2 3 3 1330 1331 1317
1209 2 2 3 3 1316 1318 1313
1210 2 2 3 3 989 1337 977
1211 2 2 3 3 1331 1332 1319
1212 2 2 3 3 1313 1331 1319
1213 2 2 3 3 1325 1349 1346
1214 2 2 3 3 1344 1354 1343
1215 2 2 3 3 1075 1347 1078
1216 2 2 3 3 1068 1336 1330
1217 2 2 3 3 1078 1347 1344
1218 2 2 3 3 1342 1347 1075
1219 2 2 3 3 1074 1342 1075
1220 2 2 3 3 997 1355 351
1221 2 2 3 3 1330 1336 1332
1222 2 2 3 3 1080 1353 996
1223 2 2 3 3 1330 1332 1331
1224 2 2 3 3 1341 1345 1342
1225 2 2 3 3 1345 1346 1342
1226 2 2 3 3 350 1355 349
1227 2 2 3 3 1337 1338 1328
1228 2 2 3 3 990 1338 989
1229 2 2 3 3 1079 1353 1080
1230 2 2 3 3 1326 1329 1327
1231 2 2 3 3 1352 1354 994
1232 2 2 3 3 1325 1346 1345
1233 2 2 3 3 993 1354 1350
1234 2 2 3 3 994 1354 993
1235 2 2 3 3 991 1351 1339
1236 2 2 3 3 991 1339 990
1237 2 2 3 3 1350 1351 992
1238 2 2 3 3 993 1350 992
1239 2 2 3 3 1335 1336 1068
1240 2 2 3 3 1069 1335 1068
1241 2 2 3 3 995 1353 1352
1242 2 2 3 3 992 1351 991
1243 2 2 3 3 1346 1347 1342
1244 2 2 3 3 1343 1353 1076
1245 2 2 3 3 995 1352 994
1246 2 2 3 3 996 1353 995
1247 2 2 3 3 1328 1338 1324
1248 2 2 3 3 60 1355 59
1249 2 2 3 3 1327 1328 1324
1250 2 2 3 3 1326 1327 1325
1251 2 2 3 3 1325 1327 1324
1252 2 2 3 3 1334 1335 1069
1253 2 2 3 3 1070 1334 1069
1254 2 2 3 3 1333 1336 1335
1255 2 2 3 3 1332 1336 1333
1256 2 2 3 3 1352 1353 1343
1257 2 2 3 3 1322 1326 1325
1258 2 2 3 3 1348 1351 1350
1259 2 2 3 3 1349 1351 1348
1260 2 2 3 3 1339 1351 1349
1261 2 2 3 3 351 1355 350
1262 2 2 3 3 1338 1339 1324
1263 2 2 3 3 1332 1333 1329
1264 2 2 3 3 1325 1345 1322
1265 2 2 3 3 1339 1349 1324
1266 2 2 3 3 1070 1337 1334
1267 2 2 3 3 1346 1349 1348
1268 2 2 3 3 58 1355 997
1269 2 2 3 3 59 1355 58
1270 2 2 3 3 1324 1349 1325
1271 2 2 3 3 1334 1337 1328
1272 2 2 3 3 1077 1343 1076
1273 2 2 3 3 1076 1353 1079
1274 2 2 3 3 49 977 3
1275 2 2 3 3 3 977 300
1276 2 2 3 3 4 349 60
1277 2 2 3 3 226 407 14
1278 2 2 3 3 15 988 238
1279 2 2 3 3 348 988 15
1280 2 2 3 3 50 977 49
1281 2 2 3 3 51 990 50
1282 2 2 3 3 50 989 977
1283 2 2 3 3 50 990 989
1284 2 2 3 3 52 991 51
1285 2 2 3 3 51 991 990
1286 2 2 3 3 53 991 52
1287 2 2 3 3 54 993 53
1288 2 2 3 3 53 992 991
1289 2 2 3 3 53 993 992
1290 2 2 3 3 55 994 54
1291 2 2 3 3 54 994 993
1292 2 2 3 3 56 995 55
1293 2 2 3 3 55 995 994
1294 2 2 3 3 57 995 56
1295 2 2 3 3 58 997 57
1296 2 2 3 3 57 996 995
1297 2 2 3 3 57 997 996
1298 2 2 3 3 227 1106 226
1299 2 2 3 3 226 1106 407
1300 2 2 3 3 228 1106 227
1301 2 2 3 3 229 985 228
1302 2 2 3 3 985 1106 228
1303 2 2 3 3 230 983 229
1304 2 2 3 3 983 984 229
1305 2 2 3 3 984 985 229
1306 2 2 3 3 231 982 230
1307 2 2 3 3 982 983 230
1308 2 2 3 3 232 982 231
1309 2 2 3 3 233 981 232
1310 2 2 3 3 981 982 232
1311 2 2 3 3 234 979 233
1312 2 2 3 3 979 980 233
1313 2 2 3 3 980 981 233
1314 2 2 3 3 235 979 234
1315 2 2 3 3 236 978 235
1316 2 2 3 3 978 979 235
1317 2 2 3 3 237 986 236
1318 2 2 3 3 236 986 978
1319 2 2 3 3 238 988 237
1320 2 2 3 3 237 987 986
1321 2 2 3 3 237 988 987
1322 2 2 3 3 300 1070 301
1323 2 2 3 3 977 1070 300
1324 2 2 3 3 301 1070 302
1325 2 2 3 3 302 1069 303
1326 2 2 3 3 302 1070 1069
1327 2 2 3 3 303 1062 304
1328 2 2 3 3 303 1068 1062
1329 2 2 3 3 303 1069 1068
1330 2 2 3 3 304 1064 305
1331 2 2 3 3 1062 1064 304
1332 2 2 3 3 305 1064 306
1333 2 2 3 3 306 1057 307
1334 2 2 3 3 306 1063 1057
1335 2 2 3 3 306 1064 1063
1336 2 2 3 3 307 1057 308
1337 2 2 3 3 308 1060 309
1338 2 2 3 3 1057 1058 308
1339 2 2 3 3 1058 1060 308
1340 2 2 3 3 309 1059 310
1341 2 2 3 3 309 1060 1059
1342 2 2 3 3 310 1061 311
1343 2 2 3 3 1059 1061 310
1344 2 2 3 3 311 1061 312
1345 2 2 3 3 312 1056 313
1346 2 2 3 3 312 1061 1056
1347 2 2 3 3 313 1023 314
1348 2 2 3 3 1022 1023 313
1349 2 2 3 3 313 1056 1022
1350 2 2 3 3 314 1025 315
1351 2 2 3 3 1023 1025 314
1352 2 2 3 3 315 1025 316
1353 2 2 3 3 316 1024 317
1354 2 2 3 3 316 1025 1024
1355 2 2 3 3 317 1031 318
1356 2 2 3 3 1024 1026 317
1357 2 2 3 3 1026 1031 317
1358 2 2 3 3 318 1030 319
1359 2 2 3 3 318 1031 1030
1360 2 2 3 3 319 1030 320
1361 2 2 3 3 320 1029 321
1362 2 2 3 3 320 1030 1029
1363 2 2 3 3 321 1028 322
1364 2 2 3 3 321 1029 1028
1365 2 2 3 3 322 1027 323
1366 2 2 3 3 322 1028 1027
1367 2 2 3 3 323 1033 324
1368 2 2 3 3 1027 1032 323
1369 2 2 3 3 1032 1033 323
1370 2 2 3 3 324 1034 325
1371 2 2 3 3 1033 1034 324
1372 2 2 3 3 325 1040 326
1373 2 2 3 3 1034 1040 325
1374 2 2 3 3 326 1040 327
1375 2 2 3 3 327 1036 328
1376 2 2 3 3 1035 1036 327
1377 2 2 3 3 327 1040 1035
1378 2 2 3 3 328 1037 329
1379 2 2 3 3 1036 1037 328
1380 2 2 3 3 329 1037 330
1381 2 2 3 3 330 1038 331
1382 2 2 3 3 1037 1038 330
1383 2 2 3 3 331 1039 332
1384 2 2 3 3 1038 1039 331
1385 2 2 3 3 332 1018 333
1386 2 2 3 3 332 1039 1018
1387 2 2 3 3 333 1020 334
1388 2 2 3 3 1018 1019 333
1389 2 2 3 3 1019 1020 333
1390 2 2 3 3 334 1020 335
1391 2 2 3 3 335 1006 336
1392 2 2 3 3 335 1021 1006
1393 2 2 3 3 1020 1021 335
1394 2 2 3 3 336 1007 337
1395 2 2 3 3 1006 1007 336
1396 2 2 3 3 337 1008 338
1397 2 2 3 3 1007 1008 337
1398 2 2 3 3 338 1008 339
1399 2 2 3 3 339 1009 340
1400 2 2 3 3 1008 1009 339
1401 2 2 3 3 340 1011 341
1402 2 2 3 3 1009 1010 340
1403 2 2 3 3 1010 1011 340
1404 2 2 3 3 341 1017 342
1405 2 2 3 3 1011 1017 341
1406 2 2 3 3 342 1017 343
1407 2 2 3 3 343 1015 344
1408 2 2 3 3 343 1017 1015
1409 2 2 3 3 344 1016 345
1410 2 2 3 3 1015 1016 344
1411 2 2 3 3 345 1012 346
1412 2 2 3 3 345 1016 1012
1413 2 2 3 3 346 1013 347
1414 2 2 3 3 1012 1013 346
1415 2 2 3 3 347 1014 348
1416 2 2 3 3 1013 1014 347
1417 2 2 3 3 348 1014 988
1418 2 2 3 3 352 1080 351
1419 2 2 3 3 351 1080 997
1420 2 2 3 3 353 1080 352
1421 2 2 3 3 354 1079 353
1422 2 2 3 3 1079 1080 353
1423 2 2 3 3 355 1076 354
1424 2 2 3 3 1076 1079 354
1425 2 2 3 3 356 1077 355
1426 2 2 3 3 355 1077 1076
1427 2 2 3 3 357 1075 356
1428 2 2 3 3 1075 1078 356
1429 2 2 3 3 356 1078 1077
1430 2 2 3 3 358 1074 357
1431 2 2 3 3 1074 1075 357
1432 2 2 3 3 359 1074 358
1433 2 2 3 3 360 1073 359
1434 2 2 3 3 1073 1074 359
1435 2 2 3 3 361 1071 360
1436 2 2 3 3 1071 1072 360
1437 2 2 3 3 1072 1073 360
1438 2 2 3 3 362 1065 361
1439 2 2 3 3 1065 1071 361
1440 2 2 3 3 363 1065 362
1441 2 2 3 3 364 1066 363
1442 2 2 3 3 363 1066 1065
1443 2 2 3 3 365 1067 364
1444 2 2 3 3 364 1067 1066
1445 2 2 3 3 366 1053 365
1446 2 2 3 3 365 1053 1049
1447 2 2 3 3 1049 1067 365
1448 2 2 3 3 367 1052 366
1449 2 2 3 3 1052 1053 366
1450 2 2 3 3 368 1052 367
1451 2 2 3 3 369 1050 368
1452 2 2 3 3 1050 1051 368
1453 2 2 3 3 1051 1052 368
1454 2 2 3 3 370 1054 369
1455 2 2 3 3 369 1054 1050
1456 2 2 3 3 371 1054 370
1457 2 2 3 3 372 1055 371
1458 2 2 3 3 371 1055 1054
1459 2 2 3 3 373 1044 372
1460 2 2 3 3 1044 1048 372
1461 2 2 3 3 1048 1055 372
1462 2 2 3 3 374 1044 373
1463 2 2 3 3 375 1045 374
1464 2 2 3 3 374 1045 1044
1465 2 2 3 3 376 1046 375
1466 2 2 3 3 375 1046 1045
1467 2 2 3 3 377 1047 376
1468 2 2 3 3 376 1047 1046
1469 2 2 3 3 378 1042 377
1470 2 2 3 3 1042 1047 377
1471 2 2 3 3 379 1041 378
1472 2 2 3 3 1041 1043 378
1473 2 2 3 3 378 1043 1042
1474 2 2 3 3 380 999 379
1475 2 2 3 3 999 1041 379
1476 2 2 3 3 381 999 380
1477 2 2 3 3 382 1003 381
1478 2 2 3 3 381 1003 999
1479 2 2 3 3 383 1002 382
1480 2 2 3 3 1002 1003 382
1481 2 2 3 3 384 1001 383
1482 2 2 3 3 1001 1002 383
1483 2 2 3 3 385 1005 384
1484 2 2 3 3 1000 1001 384
1485 2 2 3 3 384 1005 1000
1486 2 2 3 3 386 1005 385
1487 2 2 3 3 387 1004 386
1488 2 2 3 3 1004 1005 386
1489 2 2 3 3 388 1112 387
1490 2 2 3 3 998 1004 387
1491 2 2 3 3 387 1112 998
1492 2 2 3 3 389 1109 388
1493 2 2 3 3 1109 1112 388
1494 2 2 3 3 390 1109 389
1495 2 2 3 3 391 1111 390
1496 2 2 3 3 390 1110 1109
1497 2 2 3 3 390 1111 1110
1498 2 2 3 3 392 1136 391
1499 2 2 3 3 391 1136 1111
1500 2 2 3 3 393 1138 392
1501 2 2 3 3 392 1138 1136
1502 2 2 3 3 394 1138 393
1503 2 2 3 3 395 1139 394
1504 2 2 3 3 394 1139 1138
1505 2 2 3 3 396 1084 395
1506 2 2 3 3 395 1084 1082
1507 2 2 3 3 1082 1139 395
1508 2 2 3 3 397 1083 396
1509 2 2 3 3 1083 1084 396
1510 2 2 3 3 398 1083 397
1511 2 2 3 3 399 1081 398
1512 2 2 3 3 1081 1086 398
1513 2 2 3 3 398 1086 1083
1514 2 2 3 3 400 1099 399
1515 2 2 3 3 399 1099 1081
1516 2 2 3 3 401 1103 400
1517 2 2 3 3 400 1103 1099
1518 2 2 3 3 402 1103 401
1519 2 2 3 3 403 1102 402
1520 2 2 3 3 1102 1103 402
1521 2 2 3 3 404 1105 403
1522 2 2 3 3 403 1104 1102
1523 2 2 3 3 403 1105 1104
1524 2 2 3 3 405 1105 404
1525 2 2 3 3 406 1106 405
1526 2 2 3 3 985 1105 405
1527 2 2 3 3 405 1106 985
1528 2 2 3 3 407 1106 406
1529 2 2 3 3 978 1094 979
1530 2 2 3 3 986 1179 978
1531 2 2 3 3 978 1179 1094
1532 2 2 3 3 979 1096 980
1533 2 2 3 3 1094 1096 979
1534 2 2 3 3 980 1095 981
1535 2 2 3 3 980 1096 1095
1536 2 2 3 3 981 1097 982
1537 2 2 3 3 1095 1097 981
1538 2 2 3 3 982 1098 983
1539 2 2 3 3 1097 1098 982
1540 2 2 3 3 983 1105 984
1541 2 2 3 3 1098 1104 983
1542 2 2 3 3 1104 1105 983
1543 2 2 3 3 984 1105 985
1544 2 2 3 3 987 1178 986
1545 2 2 3 3 1178 1179 986
1546 2 2 3 3 988 1193 987
1547 2 2 3 3 987 1193 1178
1548 2 2 3 3 1014 1193 988
1549 2 2 3 3 990 1339 1338
1550 2 2 3 3 997 1080 996
1551 2 2 3 3 998 1121 1004
1552 2 2 3 3 1112 1120 998
1553 2 2 3 3 998 1120 1119
1554 2 2 3 3 1119 1121 998
1555 2 2 3 3 1003 1255 999
1556 2 2 3 3 999 1255 1041
1557 2 2 3 3 1000 1125 1001
1558 2 2 3 3 1005 1122 1000
1559 2 2 3 3 1122 1126 1000
1560 2 2 3 3 1000 1126 1125
1561 2 2 3 3 1001 1113 1002
1562 2 2 3 3 1001 1125 1113
1563 2 2 3 3 1002 1114 1003
1564 2 2 3 3 1113 1114 1002
1565 2 2 3 3 1114 1255 1003
1566 2 2 3 3 1004 1122 1005
1567 2 2 3 3 1121 1122 1004
1568 2 2 3 3 1006 1158 1007
1569 2 2 3 3 1021 1156 1006
1570 2 2 3 3 1156 1158 1006
1571 2 2 3 3 1007 1170 1008
1572 2 2 3 3 1158 1159 1007
1573 2 2 3 3 1159 1170 1007
1574 2 2 3 3 1008 1170 1009
1575 2 2 3 3 1009 1173 1010
1576 2 2 3 3 1170 1172 1009
1577 2 2 3 3 1172 1173 1009
1578 2 2 3 3 1010 1171 1011
1579 2 2 3 3 1010 1173 1171
1580 2 2 3 3 1011 1176 1017
1581 2 2 3 3 1171 1176 1011
1582 2 2 3 3 1012 1186 1013
1583 2 2 3 3 1016 1192 1012
1584 2 2 3 3 1012 1192 1186
1585 2 2 3 3 1013 1187 1014
1586 2 2 3 3 1186 1187 1013
1587 2 2 3 3 1187 1193 1014
1588 2 2 3 3 1015 1194 1016
1589 2 2 3 3 1017 1194 1015
1590 2 2 3 3 1191 1192 1016
1591 2 2 3 3 1016 1194 1191
1592 2 2 3 3 1176 1194 1017
1593 2 2 3 3 1018 1218 1019
1594 2 2 3 3 1039 1220 1018
1595 2 2 3 3 1018 1220 1218
1596 2 2 3 3 1019 1157 1020
1597 2 2 3 3 1019 1219 1157
1598 2 2 3 3 1218 1219 1019
1599 2 2 3 3 1020 1156 1021
1600 2 2 3 3 1020 1157 1156
1601 2 2 3 3 1023 1195 1025
1602 2 2 3 3 1025 1195 1024
1603 2 2 3 3 1024 1202 1026
1604 2 2 3 3 1195 1202 1024
1605 2 2 3 3 1026 1207 1031
1606 2 2 3 3 1202 1205 1026
1607 2 2 3 3 1205 1207 1026
1608 2 2 3 3 1028 1213 1027
1609 2 2 3 3 1027 1214 1032
1610 2 2 3 3 1213 1214 1027
1611 2 2 3 3 1029 1212 1028
1612 2 2 3 3 1212 1213 1028
1613 2 2 3 3 1030 1215 1029
1614 2 2 3 3 1029 1215 1212
1615 2 2 3 3 1031 1215 1030
1616 2 2 3 3 1207 1215 1031
1617 2 2 3 3 1032 1216 1033
1618 2 2 3 3 1032 1214 1208
1619 2 2 3 3 1208 1216 1032
1620 2 2 3 3 1033 1225 1034
1621 2 2 3 3 1216 1225 1033
1622 2 2 3 3 1034 1227 1040
1623 2 2 3 3 1225 1227 1034
1624 2 2 3 3 1035 1229 1036
1625 2 2 3 3 1040 1227 1035
1626 2 2 3 3 1227 1228 1035
1627 2 2 3 3 1228 1229 1035
1628 2 2 3 3 1036 1217 1037
1629 2 2 3 3 1036 1229 1217
1630 2 2 3 3 1037 1217 1038
1631 2 2 3 3 1038 1223 1039
1632 2 2 3 3 1217 1223 1038
1633 2 2 3 3 1039 1223 1220
1634 2 2 3 3 1041 1257 1043
1635 2 2 3 3 1255 1257 1041
1636 2 2 3 3 1043 1258 1042
1637 2 2 3 3 1042 1240 1047
1638 2 2 3 3 1042 1258 1240
1639 2 2 3 3 1043 1257 1256
1640 2 2 3 3 1256 1258 1043
1641 2 2 3 3 1046 1259 1045
1642 2 2 3 3 1047 1260 1046
1643 2 2 3 3 1046 1260 1259
1644 2 2 3 3 1240 1260 1047
1645 2 2 3 3 1081 1089 1086
1646 2 2 3 3 1088 1089 1081
1647 2 2 3 3 1081 1099 1088
1648 2 2 3 3 1084 1141 1082
1649 2 2 3 3 1082 1140 1139
1650 2 2 3 3 1082 1141 1140
1651 2 2 3 3 1083 1085 1084
1652 2 2 3 3 1083 1087 1085
1653 2 2 3 3 1086 1087 1083
1654 2 2 3 3 1085 1141 1084
1655 2 2 3 3 1087 1142 1085
1656 2 2 3 3 1085 1143 1141
1657 2 2 3 3 1142 1143 1085
1658 2 2 3 3 1086 1089 1087
1659 2 2 3 3 1089 1091 1087
1660 2 2 3 3 1091 1142 1087
1661 2 2 3 3 1088 1090 1089
1662 2 2 3 3 1088 1092 1090
1663 2 2 3 3 1088 1101 1092
1664 2 2 3 3 1099 1101 1088
1665 2 2 3 3 1090 1091 1089
1666 2 2 3 3 1090 1182 1091
1667 2 2 3 3 1092 1093 1090
1668 2 2 3 3 1093 1180 1090
1669 2 2 3 3 1180 1182 1090
1670 2 2 3 3 1091 1182 1142
1671 2 2 3 3 1092 1096 1093
1672 2 2 3 3 1095 1096 1092
1673 2 2 3 3 1092 1101 1095
1674 2 2 3 3 1093 1096 1094
1675 2 2 3 3 1094 1180 1093
1676 2 2 3 3 1179 1180 1094
1677 2 2 3 3 1095 1100 1097
1678 2 2 3 3 1095 1101 1100
1679 2 2 3 3 1097 1100 1098
1680 2 2 3 3 1100 1102 1098
1681 2 2 3 3 1102 1104 1098
1682 2 2 3 3 1099 1103 1101
1683 2 2 3 3 1101 1103 1100
1684 2 2 3 3 1100 1103 1102
1685 2 2 3 3 1107 1110 1108
1686 2 2 3 3 1108 1155 1107
1687 2 2 3 3 1109 1110 1107
1688 2 2 3 3 1107 1112 1109
1689 2 2 3 3 1107 1120 1112
1690 2 2 3 3 1118 1120 1107
1691 2 2 3 3 1107 1155 1118
1692 2 2 3 3 1110 1153 1108
1693 2 2 3 3 1153 1154 1108
1694 2 2 3 3 1154 1155 1108
1695 2 2 3 3 1111 1153 1110
1696 2 2 3 3 1136 1137 1111
1697 2 2 3 3 1137 1153 1111
1698 2 2 3 3 1113 1253 1114
1699 2 2 3 3 1125 1127 1113
1700 2 2 3 3 1127 1253 1113
1701 2 2 3 3 1253 1255 1114
1702 2 2 3 3 1116 1119 1115
1703 2 2 3 3 1115 1132 1116
1704 2 2 3 3 1115 1119 1117
1705 2 2 3 3 1117 1164 1115
1706 2 2 3 3 1115 1164 1132
1707 2 2 3 3 1116 1121 1119
1708 2 2 3 3 1116 1123 1121
1709 2 2 3 3 1116 1129 1123
1710 2 2 3 3 1116 1131 1129
1711 2 2 3 3 1116 1132 1131
1712 2 2 3 3 1117 1120 1118
1713 2 2 3 3 1118 1163 1117
1714 2 2 3 3 1119 1120 1117
1715 2 2 3 3 1163 1164 1117
1716 2 2 3 3 1155 1165 1118
1717 2 2 3 3 1118 1165 1163
1718 2 2 3 3 1121 1123 1122
1719 2 2 3 3 1123 1126 1122
1720 2 2 3 3 1124 1126 1123
1721 2 2 3 3 1123 1130 1124
1722 2 2 3 3 1129 1130 1123
1723 2 2 3 3 1124 1128 1126
1724 2 2 3 3 1124 1237 1128
1725 2 2 3 3 1130 1237 1124
1726 2 2 3 3 1126 1128 1125
1727 2 2 3 3 1125 1128 1127
1728 2 2 3 3 1128 1236 1127
1729 2 2 3 3 1127 1238 1233
1730 2 2 3 3 1233 1253 1127
1731 2 2 3 3 1236 1238 1127
1732 2 2 3 3 1128 1237 1236
1733 2 2 3 3 1129 1134 1130
1734 2 2 3 3 1131 1134 1129
1735 2 2 3 3 1134 1221 1130
1736 2 2 3 3 1221 1237 1130
1737 2 2 3 3 1132 1133 1131
1738 2 2 3 3 1133 1134 1131
1739 2 2 3 3 1132 1161 1133
1740 2 2 3 3 1132 1162 1161
1741 2 2 3 3 1132 1164 1162
1742 2 2 3 3 1133 1219 1134
1743 2 2 3 3 1133 1161 1157
1744 2 2 3 3 1157 1219 1133
1745 2 2 3 3 1219 1221 1134
1746 2 2 3 3 1137 1138 1135
1747 2 2 3 3 1135 1152 1137
1748 2 2 3 3 1138 1139 1135
1749 2 2 3 3 1139 1140 1135
1750 2 2 3 3 1140 1145 1135
1751 2 2 3 3 1145 1152 1135
1752 2 2 3 3 1136 1138 1137
1753 2 2 3 3 1152 1154 1137
1754 2 2 3 3 1137 1154 1153
1755 2 2 3 3 1141 1144 1140
1756 2 2 3 3 1144 1145 1140
1757 2 2 3 3 1143 1144 1141
1758 2 2 3 3 1142 1183 1143
1759 2 2 3 3 1182 1183 1142
1760 2 2 3 3 1143 1146 1144
1761 2 2 3 3 1143 1183 1146
1762 2 2 3 3 1144 1147 1145
1763 2 2 3 3 1146 1147 1144
1764 2 2 3 3 1147 1149 1145
1765 2 2 3 3 1149 1150 1145
1766 2 2 3 3 1150 1152 1145
1767 2 2 3 3 1146 1190 1147
1768 2 2 3 3 1183 1185 1146
1769 2 2 3 3 1185 1189 1146
1770 2 2 3 3 1146 1189 1188
1771 2 2 3 3 1188 1190 1146
1772 2 2 3 3 1148 1149 1147
1773 2 2 3 3 1147 1190 1148
1774 2 2 3 3 1148 1177 1149
1775 2 2 3 3 1176 1177 1148
1776 2 2 3 3 1148 1194 1176
1777 2 2 3 3 1190 1194 1148
1778 2 2 3 3 1149 1177 1150
1779 2 2 3 3 1151 1152 1150
1780 2 2 3 3 1150 1174 1151
1781 2 2 3 3 1150 1177 1174
1782 2 2 3 3 1151 1154 1152
1783 2 2 3 3 1151 1167 1154
1784 2 2 3 3 1151 1175 1167
1785 2 2 3 3 1174 1175 1151
1786 2 2 3 3 1154 1167 1155
1787 2 2 3 3 1155 1166 1165
1788 2 2 3 3 1155 1167 1166
1789 2 2 3 3 1157 1161 1156
1790 2 2 3 3 1156 1161 1158
1791 2 2 3 3 1158 1162 1159
1792 2 2 3 3 1161 1162 1158
1793 2 2 3 3 1159 1162 1160
1794 2 2 3 3 1160 1170 1159
1795 2 2 3 3 1162 1164 1160
1796 2 2 3 3 1160 1164 1163
1797 2 2 3 3 1163 1169 1160
1798 2 2 3 3 1169 1170 1160
1799 2 2 3 3 1165 1169 1163
1800 2 2 3 3 1166 1168 1165
1801 2 2 3 3 1168 1169 1165
1802 2 2 3 3 1167 1168 1166
1803 2 2 3 3 1167 1175 1168
1804 2 2 3 3 1168 1172 1169
1805 2 2 3 3 1168 1175 1172
1806 2 2 3 3 1169 1172 1170
1807 2 2 3 3 1173 1174 1171
1808 2 2 3 3 1174 1177 1171
1809 2 2 3 3 1171 1177 1176
1810 2 2 3 3 1172 1175 1173
1811 2 2 3 3 1173 1175 1174
1812 2 2 3 3 1178 1181 1179
1813 2 2 3 3 1178 1184 1181
1814 2 2 3 3 1178 1193 1184
1815 2 2 3 3 1179 1181 1180
1816 2 2 3 3 1181 1182 1180
1817 2 2 3 3 1181 1185 1182
1818 2 2 3 3 1184 1185 1181
1819 2 2 3 3 1182 1185 1183
1820 2 2 3 3 1184 1189 1185
1821 2 2 3 3 1187 1189 1184
1822 2 2 3 3 1184 1193 1187
1823 2 2 3 3 1186 1189 1187
1824 2 2 3 3 1186 1192 1189
1825 2 2 3 3 1189 1192 1188
1826 2 2 3 3 1188 1191 1190
1827 2 2 3 3 1188 1192 1191
1828 2 2 3 3 1191 1194 1190
1829 2 2 3 3 1197 1210 1196
1830 2 2 3 3 1196 1241 1197
1831 2 2 3 3 1196 1199 1198
1832 2 2 3 3 1198 1200 1196
1833 2 2 3 3 1196 1210 1199
1834 2 2 3 3 1200 1267 1196
1835 2 2 3 3 1196 1267 1241
1836 2 2 3 3 1197 1211 1210
1837 2 2 3 3 1197 1243 1211
1838 2 2 3 3 1241 1242 1197
1839 2 2 3 3 1242 1243 1197
1840 2 2 3 3 1199 1215 1198
1841 2 2 3 3 1198 1206 1200
1842 2 2 3 3 1198 1207 1206
1843 2 2 3 3 1198 1215 1207
1844 2 2 3 3 1210 1213 1199
1845 2 2 3 3 1199 1213 1212
1846 2 2 3 3 1212 1215 1199
1847 2 2 3 3 1200 1206 1201
1848 2 2 3 3 1201 1267 1200
1849 2 2 3 3 1201 1206 1204
1850 2 2 3 3 1266 1267 1201
1851 2 2 3 3 1203 1205 1202
1852 2 2 3 3 1204 1205 1203
1853 2 2 3 3 1204 1206 1205
1854 2 2 3 3 1206 1207 1205
1855 2 2 3 3 1208 1211 1209
1856 2 2 3 3 1209 1246 1208
1857 2 2 3 3 1208 1214 1211
1858 2 2 3 3 1208 1246 1216
1859 2 2 3 3 1211 1243 1209
1860 2 2 3 3 1243 1244 1209
1861 2 2 3 3 1244 1245 1209
1862 2 2 3 3 1245 1246 1209
1863 2 2 3 3 1211 1214 1210
1864 2 2 3 3 1210 1214 1213
1865 2 2 3 3 1216 1226 1225
1866 2 2 3 3 1216 1246 1226
1867 2 2 3 3 1217 1234 1223
1868 2 2 3 3 1229 1234 1217
1869 2 2 3 3 1218 1221 1219
1870 2 2 3 3 1220 1222 1218
1871 2 2 3 3 1218 1222 1221
1872 2 2 3 3 1220 1224 1222
1873 2 2 3 3 1223 1224 1220
1874 2 2 3 3 1222 1237 1221
1875 2 2 3 3 1224 1236 1222
1876 2 2 3 3 1236 1237 1222
1877 2 2 3 3 1223 1234 1224
1878 2 2 3 3 1234 1236 1224
1879 2 2 3 3 1226 1230 1225
1880 2 2 3 3 1225 1230 1227
1881 2 2 3 3 1226 1247 1230
1882 2 2 3 3 1246 1248 1226
1883 2 2 3 3 1226 1248 1247
1884 2 2 3 3 1227 1230 1228
1885 2 2 3 3 1228 1231 1229
1886 2 2 3 3 1230 1231 1228
1887 2 2 3 3 1231 1235 1229
1888 2 2 3 3 1229 1235 1234
1889 2 2 3 3 1230 1247 1231
1890 2 2 3 3 1232 1235 1231
1891 2 2 3 3 1231 1247 1232
1892 2 2 3 3 1233 1235 1232
1893 2 2 3 3 1232 1252 1233
1894 2 2 3 3 1247 1252 1232
1895 2 2 3 3 1233 1238 1235
1896 2 2 3 3 1252 1253 1233
1897 2 2 3 3 1235 1238 1234
1898 2 2 3 3 1234 1238 1236
1899 2 2 3 3 1239 1243 1242
1900 2 2 3 3 1242 1258 1239
1901 2 2 3 3 1239 1244 1243
1902 2 2 3 3 1239 1250 1244
1903 2 2 3 3 1239 1256 1250
1904 2 2 3 3 1239 1258 1256
1905 2 2 3 3 1240 1242 1241
1906 2 2 3 3 1241 1260 1240
1907 2 2 3 3 1240 1258 1242
1908 2 2 3 3 1244 1250 1245
1909 2 2 3 3 1245 1248 1246
1910 2 2 3 3 1245 1249 1248
1911 2 2 3 3 1245 1250 1249
1912 2 2 3 3 1248 1249 1247
1913 2 2 3 3 1249 1252 1247
1914 2 2 3 3 1250 1251 1249
1915 2 2 3 3 1251 1252 1249
1916 2 2 3 3 1250 1256 1251
1917 2 2 3 3 1251 1254 1252
1918 2 2 3 3 1251 1257 1254
1919 2 2 3 3 1256 1257 1251
1920 2 2 3 3 1252 1254 1253
1921 2 2 3 3 1254 1255 1253
1922 2 2 3 3 1254 1257 1255
1923 2 2 3 3 1264 1281 1272
1924 2 2 3 3 1272 1281 1279
1925 2 2 3 3 1276 1293 1277
1926 2 2 3 3 1295 1311 1292
1927 2 2 3 3 1296 1304 1299
1928 2 2 3 3 1312 1316 1314
1929 2 2 3 3 1314 1316 1313
1930 2 2 3 3 1319 1320 1314
1931 2 2 3 3 1319 1329 1320
1932 2 2 3 3 1320 1329 1323
1933 2 2 3 3 1343 1354 1352
1934 2 2 4 4 2407 2408 2399
1935 2 2 4 4 2399 2427 2407
1936 2 2 4 4 2399 2408 2405
1937 2 2 4 4 2428 2432 2429
1938 2 2 4 4 2386 2388 2387
1939 2 2 4 4 2409 2410 2402
1940 2 2 4 4 2401 2409 2402
1941 2 2 4 4 2403 2406 2401
1942 2 2 4 4 2426 2432 2428
1943 2 2 4 4 2400 2427 2399
1944 2 2 4 4 2386 2387 2377
1945 2 2 4 4 2376 2406 2403
1946 2 2 4 4 2425 2428 2394
1947 2 2 4 4 2399 2405 2398
1948 2 2 4 4 2424 2428 2425
1949 2 2 4 4 2405 2409 2401
1950 2 2 4 4 2376 2403 2370
1951 2 2 4 4 2394 2428 2400
1952 2 2 4 4 1558 2358 2357
1953 2 2 4 4 2370 2404 2342
1954 2 2 4 4 2371 2376 2370
1955 2 2 4 4 2388 2390 2387
1956 2 2 4 4 2390 2397 2387
1957 2 2 4 4 2428 2429 2427
1958 2 2 4 4 2368 2371 2370
1959 2 2 4 4 2394 2400 2393
1960 2 2 4 4 2456 2458 2457
1961 2 2 4 4 2400 2428 2427
1962 2 2 4 4 2457 2472 2456
1963 2 2 4 4 2410 2449 2345
1964 2 2 4 4 2409 2416 2410
1965 2 2 4 4 2368 2373 2371
1966 2 2 4 4 2455 2458 2456
1967 2 2 4 4 1510 2358 1558
1968 2 2 4 4 2408 2409 2405
1969 2 2 4 4 2393 2400 2399
1970 2 2 4 4 2414 2422 2420
1971 2 2 4 4 2455 2456 2454
1972 2 2 4 4 2430 2431 2418
1973 2 2 4 4 2364 2370 2342
1974 2 2 4 4 2403 2404 2370
1975 2 2 4 4 2087 2358 1510
1976 2 2 4 4 2448 2449 2417
1977 2 2 4 4 2416 2449 2410
1978 2 2 4 4 2447 2454 2451
1979 2 2 4 4 2415 2448 2417
1980 2 2 4 4 2414 2420 2419
1981 2 2 4 4 2417 2422 2414
1982 2 2 4 4 2420 2430 2418
1983 2 2 4 4 2036 2147 2053
1984 2 2 4 4 2454 2456 2453
1985 2 2 4 4 2053 2147 2146
1986 2 2 4 4 2377 2387 2375
1987 2 2 4 4 2385 2386 2379
1988 2 2 4 4 2369 2373 2368
1989 2 2 4 4 2447 2451 2450
1990 2 2 4 4 2159 2163 2158
1991 2 2 4 4 2417 2449 2416
1992 2 2 4 4 2162 2163 2159
1993 2 2 4 4 2105 2385 2379
1994 2 2 4 4 2361 2363 2360
1995 2 2 4 4 2371 2377 2376
1996 2 2 4 4 2393 2399 2396
1997 2 2 4 4 2107 2379 2106
1998 2 2 4 4 2431 2446 2418
1999 2 2 4 4 2105 2379 2107
2000 2 2 4 4 2372 2373 2369
2001 2 2 4 4 2156 2261 2193
2002 2 2 4 4 2447 2460 2454
2003 2 2 4 4 2438 2439 2433
2004 2 2 4 4 2417 2423 2422
2005 2 2 4 4 2156 2162 2155
2006 2 2 4 4 2155 2261 2156
2007 2 2 4 4 2396 2399 2398
2008 2 2 4 4 2155 2162 2159
2009 2 2 4 4 2371 2378 2377
2010 2 2 4 4 2362 2363 2361
2011 2 2 4 4 2109 2113 2106
2012 2 2 4 4 2106 2113 2107
2013 2 2 4 4 2373 2378 2371
2014 2 2 4 4 2362 2369 2363
2015 2 2 4 4 1558 2357 1555
2016 2 2 4 4 1545 2335 1547
2017 2 2 4 4 2090 2372 2369
2018 2 2 4 4 2421 2430 2420
2019 2 2 4 4 2358 2362 2361
2020 2 2 4 4 2335 2336 1547
2021 2 2 4 4 2384 2385 2105
2022 2 2 4 4 2378 2386 2377
2023 2 2 4 4 2435 2438 2433
2024 2 2 4 4 2090 2362 2087
2025 2 2 4 4 2420 2422 2421
2026 2 2 4 4 2358 2361 2357
2027 2 2 4 4 2414 2419 2413
2028 2 2 4 4 2105 2107 2103
2029 2 2 4 4 2107 2113 2104
2030 2 2 4 4 2103 2384 2105
2031 2 2 4 4 2416 2423 2417
2032 2 2 4 4 2090 2369 2362
2033 2 2 4 4 2112 2113 2111
2034 2 2 4 4 2472 2473 2456
2035 2 2 4 4 2374 2378 2373
2036 2 2 4 4 2089 2372 2090
2037 2 2 4 4 2087 2362 2358
2038 2 2 4 4 2110 2111 2109
2039 2 2 4 4 2111 2113 2109
2040 2 2 4 4 2233 2238 2237
2041 2 2 4 4 2104 2113 2112
2042 2 2 4 4 2111 2114 2112
2043 2 2 4 4 2103 2107 2104
2044 2 2 4 4 2379 2386 2378
2045 2 2 4 4 2401 2406 2405
2046 2 2 4 4 1543 2334 1545
2047 2 2 4 4 2111 2116 2114
2048 2 2 4 4 2374 2379 2378
2049 2 2 4 4 2334 2335 1545
2050 2 2 4 4 1562 2439 1560
2051 2 2 4 4 2116 2117 2114
2052 2 2 4 4 2118 2119 1518
2053 2 2 4 4 2396 2398 2387
2054 2 2 4 4 2421 2422 2407
2055 2 2 4 4 1519 2118 1518
2056 2 2 4 4 2121 2122 2097
2057 2 2 4 4 2097 2127 2099
2058 2 2 4 4 2122 2127 2097
2059 2 2 4 4 2099 2127 2098
2060 2 2 4 4 2125 2136 2133
2061 2 2 4 4 2119 2123 2115
2062 2 2 4 4 2372 2374 2373
2063 2 2 4 4 2210 2217 2209
2064 2 2 4 4 2209 2217 2129
2065 2 2 4 4 2132 2209 2129
2066 2 2 4 4 2415 2462 2448
2067 2 2 4 4 2129 2133 2132
2068 2 2 4 4 1516 2117 2116
2069 2 2 4 4 2115 2121 2095
2070 2 2 4 4 2135 2136 1524
2071 2 2 4 4 2133 2134 2132
2072 2 2 4 4 2133 2135 2134
2073 2 2 4 4 2099 2222 2101
2074 2 2 4 4 2123 2124 2121
2075 2 2 4 4 2187 2188 2186
2076 2 2 4 4 2118 2123 2119
2077 2 2 4 4 2098 2222 2099
2078 2 2 4 4 2184 2187 2186
2079 2 2 4 4 2121 2124 2122
2080 2 2 4 4 1521 2135 1524
2081 2 2 4 4 2322 2336 2328
2082 2 2 4 4 2120 2123 2118
2083 2 2 4 4 2409 2423 2416
2084 2 2 4 4 2120 2124 2123
2085 2 2 4 4 1523 2136 2120
2086 2 2 4 4 2184 2186 2181
2087 2 2 4 4 2180 2184 2181
2088 2 2 4 4 2115 2123 2121
2089 2 2 4 4 1547 2336 1546
2090 2 2 4 4 2106 2379 2374
2091 2 2 4 4 2134 2208 2132
2092 2 2 4 4 2134 2135 1522
2093 2 2 4 4 2120 2125 2124
2094 2 2 4 4 1522 2135 1521
2095 2 2 4 4 1517 2117 1516
2096 2 2 4 4 1546 2318 2317
2097 2 2 4 4 2216 2217 2210
2098 2 2 4 4 2130 2134 1520
2099 2 2 4 4 2095 2097 2096
2100 2 2 4 4 1524 2136 1523
2101 2 2 4 4 2215 2216 2210
2102 2 2 4 4 1520 2134 1522
2103 2 2 4 4 2130 2208 2134
2104 2 2 4 4 1523 2120 2118
2105 2 2 4 4 2387 2398 2375
2106 2 2 4 4 2125 2129 2128
2107 2 2 4 4 2120 2136 2125
2108 2 2 4 4 1546 2336 2318
2109 2 2 4 4 2086 2180 1508
2110 2 2 4 4 1523 2118 1519
2111 2 2 4 4 2095 2121 2097
2112 2 2 4 4 2253 2284 2252
2113 2 2 4 4 2318 2321 2317
2114 2 2 4 4 2032 2150 2147
2115 2 2 4 4 2032 2147 2034
2116 2 2 4 4 2283 2284 2253
2117 2 2 4 4 2125 2133 2129
2118 2 2 4 4 2110 2116 2111
2119 2 2 4 4 2181 2186 2177
2120 2 2 4 4 2180 2181 1528
2121 2 2 4 4 2179 2181 2177
2122 2 2 4 4 1508 2180 1528
2123 2 2 4 4 2190 2191 2188
2124 2 2 4 4 2093 2116 2110
2125 2 2 4 4 1530 2284 2283
2126 2 2 4 4 1529 2181 2179
2127 2 2 4 4 2187 2190 2188
2128 2 2 4 4 1530 2283 1480
2129 2 2 4 4 1528 2181 1529
2130 2 2 4 4 2197 2204 2203
2131 2 2 4 4 2250 2260 2257
2132 2 2 4 4 2251 2260 2250
2133 2 2 4 4 2199 2204 2198
2134 2 2 4 4 2128 2217 2126
2135 2 2 4 4 2079 2174 2173
2136 2 2 4 4 2172 2174 2079
2137 2 2 4 4 2317 2321 2313
2138 2 2 4 4 2197 2203 2202
2139 2 2 4 4 2252 2279 2278
2140 2 2 4 4 2198 2204 2197
2141 2 2 4 4 2250 2252 2251
2142 2 2 4 4 1538 2314 2291
2143 2 2 4 4 2252 2284 2279
2144 2 2 4 4 1479 2283 1993
2145 2 2 4 4 1480 2283 1479
2146 2 2 4 4 2129 2217 2128
2147 2 2 4 4 2279 2284 1531
2148 2 2 4 4 2250 2253 2252
2149 2 2 4 4 2099 2100 2096
2150 2 2 4 4 1539 2314 1538
2151 2 2 4 4 1531 2284 1530
2152 2 2 4 4 2106 2374 2108
2153 2 2 4 4 2257 2258 2255
2154 2 2 4 4 2250 2257 2255
2155 2 2 4 4 2124 2128 2122
2156 2 2 4 4 1529 2179 2176
2157 2 2 4 4 1993 2283 2253
2158 2 2 4 4 2253 2254 1993
2159 2 2 4 4 1544 2330 1543
2160 2 2 4 4 2180 2185 2184
2161 2 2 4 4 2257 2260 2259
2162 2 2 4 4 2257 2259 2157
2163 2 2 4 4 2207 2209 2132
2164 2 2 4 4 1529 2176 1527
2165 2 2 4 4 2005 2148 2032
2166 2 2 4 4 2004 2148 2005
2167 2 2 4 4 2101 2102 2100
2168 2 2 4 4 2086 2185 2180
2169 2 2 4 4 2330 2334 1543
2170 2 2 4 4 1517 2119 2117
2171 2 2 4 4 2168 2174 2172
2172 2 2 4 4 2168 2172 2170
2173 2 2 4 4 2097 2099 2096
2174 2 2 4 4 2149 2150 2032
2175 2 2 4 4 2108 2374 2372
2176 2 2 4 4 1520 2131 2130
2177 2 2 4 4 2148 2149 2032
2178 2 2 4 4 2157 2258 2257
2179 2 2 4 4 2140 2258 2157
2180 2 2 4 4 2252 2268 2251
2181 2 2 4 4 2252 2278 2268
2182 2 2 4 4 2125 2128 2124
2183 2 2 4 4 2173 2174 2165
2184 2 2 4 4 2165 2183 2173
2185 2 2 4 4 2250 2254 2253
2186 2 2 4 4 2250 2255 2254
2187 2 2 4 4 2114 2117 2115
2188 2 2 4 4 2132 2208 2207
2189 2 2 4 4 2422 2423 2407
2190 2 2 4 4 1546 2317 1541
2191 2 2 4 4 2112 2114 2095
2192 2 2 4 4 2079 2173 2082
2193 2 2 4 4 1526 2131 1520
2194 2 2 4 4 2188 2196 2186
2195 2 2 4 4 1538 2291 1536
2196 2 2 4 4 1559 2437 1549
2197 2 2 4 4 2454 2460 2455
2198 2 2 4 4 2251 2266 2260
2199 2 2 4 4 2251 2268 2266
2200 2 2 4 4 2186 2196 2177
2201 2 2 4 4 1527 2176 2175
2202 2 2 4 4 2126 2127 2122
2203 2 2 4 4 1993 2254 1988
2204 2 2 4 4 2313 2321 2319
2205 2 2 4 4 2099 2101 2100
2206 2 2 4 4 2164 2192 2191
2207 2 2 4 4 1518 2119 1517
2208 2 2 4 4 2102 2384 2103
2209 2 2 4 4 1527 2175 1525
2210 2 2 4 4 2164 2191 2190
2211 2 2 4 4 1541 2317 2316
2212 2 2 4 4 2230 2231 2199
2213 2 2 4 4 2216 2218 2126
2214 2 2 4 4 2165 2174 2167
2215 2 2 4 4 1549 2437 1548
2216 2 2 4 4 2167 2174 2168
2217 2 2 4 4 2182 2187 2184
2218 2 2 4 4 2198 2230 2199
2219 2 2 4 4 1540 2316 2315
2220 2 2 4 4 2141 2258 2140
2221 2 2 4 4 1578 2475 1579
2222 2 2 4 4 2122 2128 2126
2223 2 2 4 4 1516 2116 2093
2224 2 2 4 4 2209 2211 2210
2225 2 2 4 4 2117 2119 2115
2226 2 2 4 4 2215 2228 2216
2227 2 2 4 4 2126 2217 2216
2228 2 2 4 4 2139 2258 2141
2229 2 2 4 4 2104 2112 2096
2230 2 2 4 4 2319 2320 2313
2231 2 2 4 4 2184 2185 2182
2232 2 2 4 4 1548 2437 2331
2233 2 2 4 4 2214 2228 2215
2234 2 2 4 4 2114 2115 2095
2235 2 2 4 4 1526 2175 2131
2236 2 2 4 4 2158 2160 2140
2237 2 2 4 4 1542 2316 1540
2238 2 2 4 4 2255 2258 2139
2239 2 2 4 4 2140 2160 2141
2240 2 2 4 4 2207 2211 2209
2241 2 2 4 4 1531 2282 2279
2242 2 2 4 4 2139 2256 2255
2243 2 2 4 4 1525 2175 1526
2244 2 2 4 4 2155 2159 2157
2245 2 2 4 4 2157 2259 2155
2246 2 2 4 4 2205 2206 2204
2247 2 2 4 4 2140 2159 2158
2248 2 2 4 4 2103 2104 2100
2249 2 2 4 4 1532 2282 1531
2250 2 2 4 4 2202 2203 2200
2251 2 2 4 4 2157 2159 2140
2252 2 2 4 4 2260 2262 2259
2253 2 2 4 4 1541 2316 1542
2254 2 2 4 4 2260 2266 2262
2255 2 2 4 4 2199 2212 2205
2256 2 2 4 4 2291 2307 2306
2257 2 2 4 4 2173 2183 2082
2258 2 2 4 4 2178 2202 2200
2259 2 2 4 4 2082 2183 2084
2260 2 2 4 4 2291 2314 2307
2261 2 2 4 4 2204 2206 2203
2262 2 2 4 4 2407 2423 2408
2263 2 2 4 4 2168 2170 2169
2264 2 2 4 4 2169 2170 2154
2265 2 2 4 4 2199 2205 2204
2266 2 2 4 4 2255 2256 2254
2267 2 2 4 4 2084 2185 2086
2268 2 2 4 4 2254 2256 1988
2269 2 2 4 4 2096 2112 2095
2270 2 2 4 4 2108 2109 2106
2271 2 2 4 4 2191 2195 2188
2272 2 2 4 4 2195 2196 2188
2273 2 2 4 4 1539 2315 2314
2274 2 2 4 4 2102 2103 2100
2275 2 2 4 4 2318 2336 2322
2276 2 2 4 4 1540 2315 1539
2277 2 2 4 4 2127 2218 2098
2278 2 2 4 4 2322 2328 2327
2279 2 2 4 4 2213 2215 2210
2280 2 2 4 4 2470 2471 2453
2281 2 2 4 4 2141 2160 2142
2282 2 2 4 4 2142 2143 2141
2283 2 2 4 4 2211 2213 2210
2284 2 2 4 4 1575 2472 1576
2285 2 2 4 4 1573 2471 1574
2286 2 2 4 4 2126 2218 2127
2287 2 2 4 4 2167 2168 2161
2288 2 2 4 4 2168 2169 2161
2289 2 2 4 4 2100 2104 2096
2290 2 2 4 4 2141 2143 2139
2291 2 2 4 4 2182 2185 2183
2292 2 2 4 4 1537 2290 2288
2293 2 2 4 4 2156 2192 2162
2294 2 2 4 4 1536 2290 1537
2295 2 2 4 4 2139 2143 2137
2296 2 2 4 4 2162 2192 2164
2297 2 2 4 4 2189 2190 2187
2298 2 2 4 4 2183 2185 2084
2299 2 2 4 4 2182 2189 2187
2300 2 2 4 4 2272 2274 2239
2301 2 2 4 4 2239 2274 2273
2302 2 2 4 4 2034 2147 2036
2303 2 2 4 4 2333 2335 2334
2304 2 2 4 4 2218 2228 2223
2305 2 2 4 4 2306 2309 2305
2306 2 2 4 4 2178 2200 2175
2307 2 2 4 4 2318 2322 2321
2308 2 2 4 4 2231 2232 2212
2309 2 2 4 4 1580 2469 1570
2310 2 2 4 4 2287 2304 2249
2311 2 2 4 4 2137 2256 2139
2312 2 2 4 4 2307 2309 2306
2313 2 2 4 4 2216 2228 2218
2314 2 2 4 4 2289 2304 2287
2315 2 2 4 4 2259 2261 2155
2316 2 2 4 4 2259 2262 2261
2317 2 2 4 4 2165 2189 2182
2318 2 2 4 4 2199 2231 2212
2319 2 2 4 4 2138 2256 2137
2320 2 2 4 4 2176 2178 2175
2321 2 2 4 4 2194 2195 2191
2322 2 2 4 4 2192 2194 2191
2323 2 2 4 4 2182 2183 2165
2324 2 2 4 4 2091 2109 2108
2325 2 2 4 4 1574 2471 2470
2326 2 2 4 4 1548 2331 1544
2327 2 2 4 4 2449 2450 2345
2328 2 2 4 4 2108 2372 2089
2329 2 2 4 4 2288 2289 2287
2330 2 2 4 4 2288 2290 2289
2331 2 2 4 4 2290 2306 2289
2332 2 2 4 4 2178 2179 2177
2333 2 2 4 4 2203 2206 2201
2334 2 2 4 4 1988 2256 2138
2335 2 2 4 4 1576 2472 1577
2336 2 2 4 4 2319 2324 2320
2337 2 2 4 4 1580 2475 2469
2338 2 2 4 4 2291 2306 2290
2339 2 2 4 4 1988 2138 1989
2340 2 2 4 4 2176 2179 2178
2341 2 2 4 4 2200 2203 2201
2342 2 2 4 4 2322 2327 2325
2343 2 2 4 4 2328 2335 2333
2344 2 2 4 4 2215 2234 2214
2345 2 2 4 4 2213 2234 2215
2346 2 2 4 4 2453 2471 2452
2347 2 2 4 4 1575 2473 2472
2348 2 2 4 4 2472 2474 1577
2349 2 2 4 4 2239 2249 2247
2350 2 2 4 4 2240 2272 2242
2351 2 2 4 4 2242 2272 2239
2352 2 2 4 4 2307 2314 2310
2353 2 2 4 4 1535 2288 2286
2354 2 2 4 4 2239 2273 2249
2355 2 2 4 4 1537 2288 1535
2356 2 2 4 4 2314 2315 2310
2357 2 2 4 4 2098 2223 2222
2358 2 2 4 4 2164 2190 2166
2359 2 2 4 4 2146 2151 2058
2360 2 2 4 4 2058 2151 2057
2361 2 2 4 4 2076 2172 2079
2362 2 2 4 4 2053 2146 2054
2363 2 2 4 4 2166 2190 2189
2364 2 2 4 4 2320 2324 2293
2365 2 2 4 4 2054 2146 2058
2366 2 2 4 4 2166 2189 2167
2367 2 2 4 4 2218 2223 2098
2368 2 2 4 4 2167 2189 2165
2369 2 2 4 4 1574 2473 1575
2370 2 2 4 4 2281 2282 1532
2371 2 2 4 4 2200 2201 2131
2372 2 2 4 4 2091 2110 2109
2373 2 2 4 4 1544 2331 2330
2374 2 2 4 4 2247 2249 2248
2375 2 2 4 4 2249 2304 2248
2376 2 2 4 4 2201 2208 2130
2377 2 2 4 4 2144 2148 2004
2378 2 2 4 4 1534 2281 1532
2379 2 2 4 4 2175 2200 2131
2380 2 2 4 4 2004 2145 2144
2381 2 2 4 4 2193 2194 2192
2382 2 2 4 4 2273 2287 2249
2383 2 2 4 4 2156 2193 2192
2384 2 2 4 4 2312 2316 2313
2385 2 2 4 4 2305 2309 2303
2386 2 2 4 4 2148 2153 2149
2387 2 2 4 4 1535 2286 2285
2388 2 2 4 4 2302 2305 2303
2389 2 2 4 4 2275 2287 2273
2390 2 2 4 4 2195 2197 2196
2391 2 2 4 4 2144 2153 2148
2392 2 2 4 4 2316 2317 2313
2393 2 2 4 4 2196 2202 2177
2394 2 2 4 4 2170 2172 2171
2395 2 2 4 4 2171 2172 2076
2396 2 2 4 4 2197 2202 2196
2397 2 2 4 4 1535 2285 1533
2398 2 2 4 4 2091 2108 2089
2399 2 2 4 4 2274 2275 2273
2400 2 2 4 4 1570 2468 1571
2401 2 2 4 4 2241 2242 2239
2402 2 2 4 4 2310 2315 2312
2403 2 2 4 4 2274 2277 2275
2404 2 2 4 4 2131 2201 2130
2405 2 2 4 4 2006 2145 2004
2406 2 2 4 4 2177 2202 2178
2407 2 2 4 4 2239 2247 2241
2408 2 2 4 4 2007 2145 2006
2409 2 2 4 4 2418 2446 2445
2410 2 2 4 4 2315 2316 2312
2411 2 2 4 4 2289 2305 2304
2412 2 2 4 4 2322 2325 2321
2413 2 2 4 4 2269 2272 2271
2414 2 2 4 4 2289 2306 2305
2415 2 2 4 4 2144 2145 2143
2416 2 2 4 4 2143 2145 2137
2417 2 2 4 4 1570 2469 2468
2418 2 2 4 4 2269 2274 2272
2419 2 2 4 4 1534 2285 2281
2420 2 2 4 4 2142 2153 2144
2421 2 2 4 4 2142 2144 2143
2422 2 2 4 4 1533 2285 1534
2423 2 2 4 4 2194 2198 2195
2424 2 2 4 4 2195 2198 2197
2425 2 2 4 4 2269 2276 2274
2426 2 2 4 4 2286 2287 2275
2427 2 2 4 4 2286 2288 2287
2428 2 2 4 4 1577 2475 1578
2429 2 2 4 4 2276 2277 2274
2430 2 2 4 4 2163 2166 2161
2431 2 2 4 4 2162 2164 2163
2432 2 2 4 4 2166 2167 2161
2433 2 2 4 4 2470 2473 1574
2434 2 2 4 4 2164 2166 2163
2435 2 2 4 4 2408 2423 2409
2436 2 2 4 4 2474 2475 1577
2437 2 2 4 4 2092 2110 2091
2438 2 2 4 4 2321 2325 2319
2439 2 2 4 4 2241 2247 2246
2440 2 2 4 4 2247 2248 2246
2441 2 2 4 4 2293 2324 2295
2442 2 2 4 4 2308 2309 2307
2443 2 2 4 4 2237 2240 2236
2444 2 2 4 4 2307 2310 2308
2445 2 2 4 4 2137 2145 2007
2446 2 2 4 4 2154 2170 2152
2447 2 2 4 4 2302 2303 2224
2448 2 2 4 4 2007 2138 2137
2449 2 2 4 4 2170 2171 2152
2450 2 2 4 4 2240 2242 2236
2451 2 2 4 4 2207 2208 2206
2452 2 2 4 4 1571 2467 1572
2453 2 2 4 4 2245 2302 2224
2454 2 2 4 4 2265 2271 2240
2455 2 2 4 4 2271 2272 2240
2456 2 2 4 4 2194 2230 2198
2457 2 2 4 4 2193 2230 2194
2458 2 2 4 4 2205 2211 2207
2459 2 2 4 4 2295 2296 2293
2460 2 2 4 4 2325 2327 2326
2461 2 2 4 4 1571 2468 2467
2462 2 2 4 4 2279 2280 2278
2463 2 2 4 4 2332 2334 2330
2464 2 2 4 4 2206 2208 2201
2465 2 2 4 4 2456 2473 2470
2466 2 2 4 4 2057 2171 2076
2467 2 2 4 4 2205 2207 2206
2468 2 2 4 4 1579 2475 1580
2469 2 2 4 4 2313 2320 2312
2470 2 2 4 4 2279 2282 2280
2471 2 2 4 4 2231 2233 2232
2472 2 2 4 4 1989 2138 2008
2473 2 2 4 4 2008 2138 2007
2474 2 2 4 4 2212 2213 2211
2475 2 2 4 4 2468 2469 2458
2476 2 2 4 4 2093 2110 2092
2477 2 2 4 4 2312 2320 2311
2478 2 2 4 4 2242 2244 2236
2479 2 2 4 4 2333 2334 2332
2480 2 2 4 4 2205 2212 2211
2481 2 2 4 4 2241 2244 2242
2482 2 2 4 4 2304 2305 2302
2483 2 2 4 4 1572 2466 1569
2484 2 2 4 4 2248 2304 2302
2485 2 2 4 4 2458 2469 2457
2486 2 2 4 4 2270 2271 2267
2487 2 2 4 4 2328 2333 2329
2488 2 2 4 4 2456 2470 2453
2489 2 2 4 4 2269 2271 2270
2490 2 2 4 4 2301 2309 2308
2491 2 2 4 4 2268 2278 2270
2492 2 2 4 4 2303 2309 2301
2493 2 2 4 4 2467 2468 2459
2494 2 2 4 4 2452 2454 2453
2495 2 2 4 4 2238 2265 2237
2496 2 2 4 4 2319 2325 2323
2497 2 2 4 4 2237 2265 2240
2498 2 2 4 4 2276 2281 2277
2499 2 2 4 4 2278 2280 2270
2500 2 2 4 4 2325 2326 2323
2501 2 2 4 4 2266 2268 2267
2502 2 2 4 4 2151 2171 2057
2503 2 2 4 4 2270 2280 2269
2504 2 2 4 4 2152 2171 2151
2505 2 2 4 4 2281 2285 2277
2506 2 2 4 4 2268 2270 2267
2507 2 2 4 4 1572 2467 2466
2508 2 2 4 4 2269 2280 2276
2509 2 2 4 4 2459 2468 2458
2510 2 2 4 4 2310 2311 2308
2511 2 2 4 4 2277 2286 2275
2512 2 2 4 4 2310 2312 2311
2513 2 2 4 4 2285 2286 2277
2514 2 2 4 4 2264 2267 2265
2515 2 2 4 4 2232 2234 2213
2516 2 2 4 4 1569 2465 1568
2517 2 2 4 4 2212 2232 2213
2518 2 2 4 4 2267 2271 2265
2519 2 2 4 4 2225 2245 2224
2520 2 2 4 4 2226 2245 2225
2521 2 2 4 4 2262 2266 2264
2522 2 2 4 4 2266 2267 2264
2523 2 2 4 4 2323 2324 2319
2524 2 2 4 4 2429 2432 2430
2525 2 2 4 4 2451 2454 2452
2526 2 2 4 4 2243 2244 2241
2527 2 2 4 4 2328 2329 2327
2528 2 2 4 4 1569 2466 2465
2529 2 2 4 4 2241 2246 2243
2530 2 2 4 4 92 1364 1363
2531 2 2 4 4 1700 1724 1699
2532 2 2 4 4 1484 1933 1458
2533 2 2 4 4 196 1422 1421
2534 2 2 4 4 1590 1712 1588
2535 2 2 4 4 1804 1967 1796
2536 2 2 4 4 1691 1692 1407
2537 2 2 4 4 1694 1695 1693
2538 2 2 4 4 2038 2044 2041
2539 2 2 4 4 2248 2302 2245
2540 2 2 4 4 2300 2303 2301
2541 2 2 4 4 1550 1551 1363
2542 2 2 4 4 2311 2320 2293
2543 2 2 4 4 2246 2248 2245
2544 2 2 4 4 1550 2350 1551
2545 2 2 4 4 2043 2044 2038
2546 2 2 4 4 2430 2432 2431
2547 2 2 4 4 2280 2282 2276
2548 2 2 4 4 95 1368 1367
2549 2 2 4 4 1683 1684 1650
2550 2 2 4 4 2052 2061 2050
2551 2 2 4 4 1855 2043 2037
2552 2 2 4 4 2224 2303 2300
2553 2 2 4 4 1703 1706 1705
2554 2 2 4 4 67 1375 1374
2555 2 2 4 4 2466 2467 2461
2556 2 2 4 4 1787 1789 1788
2557 2 2 4 4 1380 1565 1378
2558 2 2 4 4 1786 1789 1787
2559 2 2 4 4 2276 2282 2281
2560 2 2 4 4 2050 2066 2049
2561 2 2 4 4 1439 1740 1440
2562 2 2 4 4 1686 1691 1406
2563 2 2 4 4 2037 2043 2038
2564 2 2 4 4 66 1374 65
2565 2 2 4 4 1690 1694 1693
2566 2 2 4 4 93 1365 1364
2567 2 2 4 4 1680 1687 1684
2568 2 2 4 4 2331 2434 2330
2569 2 2 4 4 1377 1563 1376
2570 2 2 4 4 2263 2264 2238
2571 2 2 4 4 1592 1733 1732
2572 2 2 4 4 2049 2052 2050
2573 2 2 4 4 2264 2265 2238
2574 2 2 4 4 2262 2263 2261
2575 2 2 4 4 1967 1969 1796
2576 2 2 4 4 1766 1769 1767
2577 2 2 4 4 2262 2264 2263
2578 2 2 4 4 2461 2467 2459
2579 2 2 4 4 2015 2017 2016
2580 2 2 4 4 1423 1723 1422
2581 2 2 4 4 2019 2023 2021
2582 2 2 4 4 1966 1978 1971
2583 2 2 4 4 1402 1649 1405
2584 2 2 4 4 2292 2311 2293
2585 2 2 4 4 191 1435 190
2586 2 2 4 4 2055 2061 2056
2587 2 2 4 4 1688 1692 1691
2588 2 2 4 4 1703 1705 1704
2589 2 2 4 4 2056 2061 2052
2590 2 2 4 4 1380 1568 1565
2591 2 2 4 4 2295 2380 2296
2592 2 2 4 4 2015 2016 2014
2593 2 2 4 4 1767 1769 1746
2594 2 2 4 4 1802 1806 1803
2595 2 2 4 4 2019 2021 2020
2596 2 2 4 4 222 1398 221
2597 2 2 4 4 1423 1724 1723
2598 2 2 4 4 1584 1653 1585
2599 2 2 4 4 2049 2066 2048
2600 2 2 4 4 1551 2352 1552
2601 2 2 4 4 1785 1786 1784
2602 2 2 4 4 1803 1804 1802
2603 2 2 4 4 1650 1685 1649
2604 2 2 4 4 1969 1970 1796
2605 2 2 4 4 1604 1610 1606
2606 2 2 4 4 465 1439 464
2607 2 2 4 4 2455 2459 2458
2608 2 2 4 4 1719 1721 1700
2609 2 2 4 4 1764 1765 1743
2610 2 2 4 4 1649 1685 1405
2611 2 2 4 4 1550 2351 2350
2612 2 2 4 4 1668 1719 1700
2613 2 2 4 4 1955 1962 1938
2614 2 2 4 4 1377 1564 1563
2615 2 2 4 4 1551 1552 1362
2616 2 2 4 4 2330 2434 2332
2617 2 2 4 4 1684 1685 1650
2618 2 2 4 4 2055 2056 1877
2619 2 2 4 4 1721 1724 1700
2620 2 2 4 4 1378 1564 1377
2621 2 2 4 4 1876 2055 1877
2622 2 2 4 4 1702 1703 1677
2623 2 2 4 4 2296 2380 2298
2624 2 2 4 4 1364 1550 1363
2625 2 2 4 4 2349 2352 2350
2626 2 2 4 4 1757 1785 1784
2627 2 2 4 4 2332 2425 2333
2628 2 2 4 4 1663 1683 1650
2629 2 2 4 4 409 1357 408
2630 2 2 4 4 2293 2296 2292
2631 2 2 4 4 2308 2311 2292
2632 2 2 4 4 1421 1424 195
2633 2 2 4 4 466 1356 465
2634 2 2 4 4 1688 1691 1689
2635 2 2 4 4 97 1369 1368
2636 2 2 4 4 2326 2391 2323
2637 2 2 4 4 1966 1970 1969
2638 2 2 4 4 2294 2324 2323
2639 2 2 4 4 2301 2308 2292
2640 2 2 4 4 349 1358 350
2641 2 2 4 4 1955 1964 1962
2642 2 2 4 4 1763 1765 1764
2643 2 2 4 4 1680 1684 1683
2644 2 2 4 4 1367 1557 1366
2645 2 2 4 4 2465 2466 2464
2646 2 2 4 4 2350 2352 1551
2647 2 2 4 4 2017 2027 2018
2648 2 2 4 4 1698 1700 1699
2649 2 2 4 4 1677 1703 1675
2650 2 2 4 4 2350 2351 2348
2651 2 2 4 4 1671 1673 1672
2652 2 2 4 4 1698 1707 1701
2653 2 2 4 4 2296 2299 2292
2654 2 2 4 4 1399 1400 220
2655 2 2 4 4 1378 1565 1564
2656 2 2 4 4 1583 1615 1582
2657 2 2 4 4 2017 2018 2016
2658 2 2 4 4 1370 1560 1559
2659 2 2 4 4 2295 2324 2294
2660 2 2 4 4 1966 1971 1970
2661 2 2 4 4 2224 2300 2220
2662 2 2 4 4 2385 2388 2386
2663 2 2 4 4 2464 2466 2461
2664 2 2 4 4 406 1360 407
2665 2 2 4 4 1689 1691 1686
2666 2 2 4 4 1698 1701 1700
2667 2 2 4 4 2243 2246 2226
2668 2 2 4 4 2226 2246 2245
2669 2 2 4 4 1757 1772 1758
2670 2 2 4 4 1397 1398 223
2671 2 2 4 4 1366 1554 1365
2672 2 2 4 4 2329 2395 2327
2673 2 2 4 4 2333 2425 2329
2674 2 2 4 4 2220 2225 2224
2675 2 2 4 4 2349 2350 2348
2676 2 2 4 4 1789 1793 1788
2677 2 2 4 4 1564 2443 1563
2678 2 2 4 4 1361 1573 1384
2679 2 2 4 4 1403 1649 1402
2680 2 2 4 4 1763 1767 1765
2681 2 2 4 4 1682 1683 1663
2682 2 2 4 4 1701 1707 1702
2683 2 2 4 4 2323 2391 2294
2684 2 2 4 4 1395 1397 224
2685 2 2 4 4 1793 1805 1788
2686 2 2 4 4 1680 1683 1681
2687 2 2 4 4 2460 2461 2459
2688 2 2 4 4 1758 1772 1766
2689 2 2 4 4 1424 1425 193
2690 2 2 4 4 1425 1433 192
2691 2 2 4 4 1747 1748 1744
2692 2 2 4 4 1762 1767 1763
2693 2 2 4 4 1565 2441 1564
2694 2 2 4 4 1372 1562 1373
2695 2 2 4 4 2348 2351 2339
2696 2 2 4 4 189 1434 1359
2697 2 2 4 4 2441 2443 1564
2698 2 2 4 4 2452 2471 2352
2699 2 2 4 4 1743 1747 1744
2700 2 2 4 4 1364 1553 1550
2701 2 2 4 4 2299 2301 2292
2702 2 2 4 4 2363 2367 2360
2703 2 2 4 4 2455 2460 2459
2704 2 2 4 4 2300 2301 2299
2705 2 2 4 4 1565 2442 2441
2706 2 2 4 4 1372 1373 63
2707 2 2 4 4 1552 2471 1573
2708 2 2 4 4 1703 1704 1675
2709 2 2 4 4 1592 1732 1590
2710 2 2 4 4 1687 1689 1686
2711 2 2 4 4 2327 2395 2326
2712 2 2 4 4 1433 1435 191
2713 2 2 4 4 1376 1567 1375
2714 2 2 4 4 2349 2452 2352
2715 2 2 4 4 1371 1372 64
2716 2 2 4 4 1556 1557 1367
2717 2 2 4 4 1675 1704 1676
2718 2 2 4 4 2368 2370 2364
2719 2 2 4 4 2331 2437 2436
2720 2 2 4 4 65 1374 1371
2721 2 2 4 4 2380 2382 2298
2722 2 2 4 4 1664 1682 1663
2723 2 2 4 4 2352 2471 1552
2724 2 2 4 4 1681 1683 1682
2725 2 2 4 4 1552 1573 1361
2726 2 2 4 4 1763 1764 1596
2727 2 2 4 4 1568 2442 1565
2728 2 2 4 4 1647 1649 1403
2729 2 2 4 4 2331 2436 2434
2730 2 2 4 4 1432 1741 1431
2731 2 2 4 4 1568 2465 2442
2732 2 2 4 4 1366 1557 1554
2733 2 2 4 4 1563 1567 1376
2734 2 2 4 4 1675 1678 1677
2735 2 2 4 4 1401 1648 1404
2736 2 2 4 4 1679 1689 1687
2737 2 2 4 4 1786 1791 1789
2738 2 2 4 4 2298 2299 2296
2739 2 2 4 4 2219 2221 2220
2740 2 2 4 4 1553 2351 1550
2741 2 2 4 4 1700 1701 1668
2742 2 2 4 4 1368 1556 1367
2743 2 2 4 4 1723 1724 1722
2744 2 2 4 4 1404 1647 1403
2745 2 2 4 4 1398 1399 221
2746 2 2 4 4 1606 1607 1604
2747 2 2 4 4 1785 1791 1786
2748 2 2 4 4 2298 2382 2381
2749 2 2 4 4 1761 1763 1596
2750 2 2 4 4 2463 2464 2461
2751 2 2 4 4 1672 1719 1668
2752 2 2 4 4 2332 2434 2424
2753 2 2 4 4 1762 1763 1761
2754 2 2 4 4 2441 2442 2412
2755 2 2 4 4 1760 1785 1757
2756 2 2 4 4 62 1373 1370
2757 2 2 4 4 2297 2299 2298
2758 2 2 4 4 1671 1672 1668
2759 2 2 4 4 1399 1642 1400
2760 2 2 4 4 1589 1590 1588
2761 2 2 4 4 1722 1724 1721
2762 2 2 4 4 2346 2348 2339
2763 2 2 4 4 1759 1762 1761
2764 2 2 4 4 2347 2349 2348
2765 2 2 4 4 1668 1701 1669
2766 2 2 4 4 2460 2463 2461
2767 2 2 4 4 2412 2442 2411
2768 2 2 4 4 1758 1760 1757
2769 2 2 4 4 2426 2435 2432
2770 2 2 4 4 2294 2389 2295
2771 2 2 4 4 2413 2443 2441
2772 2 2 4 4 190 1435 1434
2773 2 2 4 4 1758 1766 1762
2774 2 2 4 4 1553 2354 2351
2775 2 2 4 4 2424 2425 2332
2776 2 2 4 4 1748 1749 1737
2777 2 2 4 4 1701 1702 1669
2778 2 2 4 4 2337 2346 2339
2779 2 2 4 4 1679 1687 1680
2780 2 2 4 4 1587 1589 1588
2781 2 2 4 4 1674 1682 1664
2782 2 2 4 4 1766 1767 1762
2783 2 2 4 4 1559 2438 2437
2784 2 2 4 4 2347 2348 2346
2785 2 2 4 4 2413 2441 2412
2786 2 2 4 4 2297 2300 2299
2787 2 2 4 4 2329 2425 2394
2788 2 2 4 4 2294 2391 2390
2789 2 2 4 4 1369 1558 1555
2790 2 2 4 4 1643 1648 1401
2791 2 2 4 4 2220 2300 2297
2792 2 2 4 4 2295 2389 2380
2793 2 2 4 4 1404 1648 1647
2794 2 2 4 4 1744 1748 1737
2795 2 2 4 4 2451 2452 2349
2796 2 2 4 4 1669 1702 1677
2797 2 2 4 4 2442 2465 2411
2798 2 2 4 4 1791 1794 1789
2799 2 2 4 4 1789 1794 1793
2800 2 2 4 4 1647 1650 1649
2801 2 2 4 4 2376 2377 2375
2802 2 2 4 4 2347 2451 2349
2803 2 2 4 4 1371 1562 1372
2804 2 2 4 4 1555 1556 1368
2805 2 2 4 4 2411 2465 2464
2806 2 2 4 4 1640 1642 1399
2807 2 2 4 4 2326 2395 2392
2808 2 2 4 4 2394 2395 2329
2809 2 2 4 4 1666 1674 1664
2810 2 2 4 4 2294 2390 2389
2811 2 2 4 4 1599 1761 1596
2812 2 2 4 4 2366 2368 2364
2813 2 2 4 4 2437 2438 2436
2814 2 2 4 4 1561 1562 1371
2815 2 2 4 4 1563 2444 1567
2816 2 2 4 4 2298 2381 2297
2817 2 2 4 4 1365 1553 1364
2818 2 2 4 4 2351 2354 2339
2819 2 2 4 4 1557 2353 1554
2820 2 2 4 4 1759 1761 1597
2821 2 2 4 4 1759 1760 1758
2822 2 2 4 4 1758 1762 1759
2823 2 2 4 4 1398 1640 1399
2824 2 2 4 4 2343 2344 2337
2825 2 2 4 4 1597 1761 1599
2826 2 2 4 4 2344 2346 2337
2827 2 2 4 4 2443 2444 1563
2828 2 2 4 4 1396 1638 1395
2829 2 2 4 4 1591 1592 1590
2830 2 2 4 4 1556 2355 1557
2831 2 2 4 4 1785 1792 1791
2832 2 2 4 4 1723 1726 1422
2833 2 2 4 4 2447 2463 2460
2834 2 2 4 4 1720 1722 1721
2835 2 2 4 4 2339 2354 2338
2836 2 2 4 4 2411 2415 2412
2837 2 2 4 4 1645 1650 1647
2838 2 2 4 4 2297 2381 2219
2839 2 2 4 4 2345 2346 2344
2840 2 2 4 4 1597 1790 1759
2841 2 2 4 4 2326 2392 2391
2842 2 2 4 4 1669 1671 1668
2843 2 2 4 4 1589 1591 1590
2844 2 2 4 4 1760 1792 1785
2845 2 2 4 4 1743 1744 1731
2846 2 2 4 4 2220 2297 2219
2847 2 2 4 4 1400 1643 1401
2848 2 2 4 4 2345 2347 2346
2849 2 2 4 4 1365 1554 1553
2850 2 2 4 4 2405 2406 2398
2851 2 2 4 4 1424 1426 1425
2852 2 2 4 4 1720 1721 1719
2853 2 2 4 4 1422 1726 1421
2854 2 2 4 4 2411 2462 2415
2855 2 2 4 4 2380 2389 2383
2856 2 2 4 4 1557 2355 2353
2857 2 2 4 4 1731 1764 1743
2858 2 2 4 4 1669 1677 1670
2859 2 2 4 4 80 1393 79
2860 2 2 4 4 1424 1427 1426
2861 2 2 4 4 1373 1560 1370
2862 2 2 4 4 1375 1566 1374
2863 2 2 4 4 1645 1663 1650
2864 2 2 4 4 1561 2440 1562
2865 2 2 4 4 1670 1671 1669
2866 2 2 4 4 1375 1567 1566
2867 2 2 4 4 1359 1434 1430
2868 2 2 4 4 2412 2414 2413
2869 2 2 4 4 1430 1742 1429
2870 2 2 4 4 2227 2229 2226
2871 2 2 4 4 1561 2446 2440
2872 2 2 4 4 1646 1648 1643
2873 2 2 4 4 2411 2464 2462
2874 2 2 4 4 2412 2415 2414
2875 2 2 4 4 1791 1792 1608
2876 2 2 4 4 2345 2450 2347
2877 2 2 4 4 1677 1678 1670
2878 2 2 4 4 1556 2356 2355
2879 2 2 4 4 1647 1648 1645
2880 2 2 4 4 2343 2404 2402
2881 2 2 4 4 2337 2339 2338
2882 2 2 4 4 1639 1640 1398
2883 2 2 4 4 2389 2390 2388
2884 2 2 4 4 1608 1794 1791
2885 2 2 4 4 2450 2451 2347
2886 2 2 4 4 2424 2434 2426
2887 2 2 4 4 2380 2383 2382
2888 2 2 4 4 1642 1643 1400
2889 2 2 4 4 2338 2341 2337
2890 2 2 4 4 2343 2402 2344
2891 2 2 4 4 2462 2464 2463
2892 2 2 4 4 1662 1663 1645
2893 2 2 4 4 2402 2410 2344
2894 2 2 4 4 2434 2436 2426
2895 2 2 4 4 1759 1790 1760
2896 2 2 4 4 1374 1561 1371
2897 2 2 4 4 1421 1427 1424
2898 2 2 4 4 1739 1740 1428
2899 2 2 4 4 1434 1435 1431
2900 2 2 4 4 207 1412 206
2901 2 2 4 4 1790 1792 1760
2902 2 2 4 4 1421 1726 1427
2903 2 2 4 4 1560 2439 2438
2904 2 2 4 4 2353 2355 2340
2905 2 2 4 4 2393 2395 2394
2906 2 2 4 4 1644 1646 1643
2907 2 2 4 4 2383 2389 2388
2908 2 2 4 4 1645 1648 1646
2909 2 2 4 4 2342 2343 2341
2910 2 2 4 4 1641 1642 1640
2911 2 2 4 4 1607 1790 1597
2912 2 2 4 4 1554 2354 1553
2913 2 2 4 4 1606 1790 1607
2914 2 2 4 4 2341 2343 2337
2915 2 2 4 4 1629 1630 1623
2916 2 2 4 4 1374 1566 1561
2917 2 2 4 4 1662 1664 1663
2918 2 2 4 4 2365 2367 2364
2919 2 2 4 4 1581 1589 1587
2920 2 2 4 4 2344 2410 2345
2921 2 2 4 4 1431 1435 1433
2922 2 2 4 4 2398 2406 2375
2923 2 2 4 4 2419 2444 2443
2924 2 2 4 4 2355 2359 2340
2925 2 2 4 4 2426 2436 2435
2926 2 2 4 4 1646 1662 1645
2927 2 2 4 4 2359 2365 2340
2928 2 2 4 4 1738 1749 1740
2929 2 2 4 4 2353 2354 1554
2930 2 2 4 4 1637 1640 1639
2931 2 2 4 4 2432 2433 2431
2932 2 2 4 4 1738 1740 1739
2933 2 2 4 4 2402 2404 2401
2934 2 2 4 4 1737 1749 1738
2935 2 2 4 4 1566 2446 1561
2936 2 2 4 4 2392 2397 2391
2937 2 2 4 4 2356 2359 2355
2938 2 2 4 4 1595 1764 1731
2939 2 2 4 4 1555 2356 1556
2940 2 2 4 4 1608 1792 1606
2941 2 2 4 4 1606 1792 1790
2942 2 2 4 4 1637 1641 1640
2943 2 2 4 4 2392 2395 2393
2944 2 2 4 4 1718 1720 1719
2945 2 2 4 4 1670 1673 1671
2946 2 2 4 4 2419 2443 2413
2947 2 2 4 4 1359 1429 1428
2948 2 2 4 4 2415 2417 2414
2949 2 2 4 4 2342 2404 2343
2950 2 2 4 4 1599 1600 1597
2951 2 2 4 4 2445 2446 1566
2952 2 2 4 4 1661 1664 1662
2953 2 2 4 4 2359 2367 2365
2954 2 2 4 4 1432 1433 1425
2955 2 2 4 4 1600 1607 1597
2956 2 2 4 4 2440 2446 2431
2957 2 2 4 4 2436 2438 2435
2958 2 2 4 4 1718 1719 1672
2959 2 2 4 4 2462 2463 2448
2960 2 2 4 4 1730 1744 1737
2961 2 2 4 4 2391 2397 2390
2962 2 2 4 4 1567 2445 1566
2963 2 2 4 4 2366 2369 2368
2964 2 2 4 4 1596 1764 1595
2965 2 2 4 4 2444 2445 1567
2966 2 2 4 4 1637 1639 1636
2967 2 2 4 4 1359 1430 1429
2968 2 2 4 4 1555 2357 2356
2969 2 2 4 4 1722 1725 1723
2970 2 2 4 4 1731 1744 1730
2971 2 2 4 4 2360 2367 2359
2972 2 2 4 4 2375 2406 2376
2973 2 2 4 4 1644 1658 1646
2974 2 2 4 4 2221 2227 2225
2975 2 2 4 4 1661 1662 1658
2976 2 2 4 4 1658 1662 1646
2977 2 2 4 4 2356 2360 2359
2978 2 2 4 4 2469 2474 2457
2979 2 2 4 4 1725 1726 1723
2980 2 2 4 4 2427 2429 2421
2981 2 2 4 4 1397 1639 1398
2982 2 2 4 4 2448 2463 2447
2983 2 2 4 4 1369 1555 1368
2984 2 2 4 4 2338 2354 2353
2985 2 2 4 4 1560 2438 1559
2986 2 2 4 4 2364 2367 2366
2987 2 2 4 4 2101 2221 2219
2988 2 2 4 4 1582 1615 1603
2989 2 2 4 4 1661 1666 1664
2990 2 2 4 4 1431 1433 1432
2991 2 2 4 4 1606 1610 1608
2992 2 2 4 4 1582 1591 1589
2993 2 2 4 4 1638 1639 1397
2994 2 2 4 4 2338 2353 2340
2995 2 2 4 4 2101 2222 2221
2996 2 2 4 4 1725 1728 1726
2997 2 2 4 4 1628 1636 1631
2998 2 2 4 4 1582 1589 1581
2999 2 2 4 4 1608 1610 1609
3000 2 2 4 4 1430 1434 1431
3001 2 2 4 4 1726 1728 1427
3002 2 2 4 4 1660 1661 1658
3003 2 2 4 4 1427 1727 1426
3004 2 2 4 4 1427 1728 1727
3005 2 2 4 4 207 206 13
3006 2 2 4 4 5 80 79
3007 2 2 4 4 1644 1659 1658
3008 2 2 4 4 1642 1644 1643
3009 2 2 4 4 1426 1432 1425
3010 2 2 4 4 2229 2243 2226
3011 2 2 4 4 2342 2365 2364
3012 2 2 4 4 1659 1660 1658
3013 2 2 4 4 2340 2341 2338
3014 2 2 4 4 1628 1637 1636
3015 2 2 4 4 2426 2428 2424
3016 2 2 4 4 2340 2365 2341
3017 2 2 4 4 2363 2369 2366
3018 2 2 4 4 1665 1666 1661
3019 2 2 4 4 2393 2396 2392
3020 2 2 4 4 2341 2365 2342
3021 2 2 4 4 2429 2430 2421
3022 2 2 4 4 1595 1598 1596
3023 2 2 4 4 2233 2235 2234
3024 2 2 4 4 1641 1644 1642
3025 2 2 4 4 2407 2427 2421
3026 2 2 4 4 1431 1742 1430
3027 2 2 4 4 1660 1665 1661
3028 2 2 4 4 1628 1657 1637
3029 2 2 4 4 1709 1718 1672
3030 2 2 4 4 2235 2244 2229
3031 2 2 4 4 1656 1660 1659
3032 2 2 4 4 1562 2440 2439
3033 2 2 4 4 2357 2360 2356
3034 2 2 4 4 1598 1599 1596
3035 2 2 4 4 2396 2397 2392
3036 2 2 4 4 1676 1704 1690
3037 2 2 4 4 2418 2445 2444
3038 2 2 4 4 1651 1665 1660
3039 2 2 4 4 1665 1667 1666
3040 2 2 4 4 1717 1725 1722
3041 2 2 4 4 1651 1660 1656
3042 2 2 4 4 1395 1638 1397
3043 2 2 4 4 2439 2440 2433
3044 2 2 4 4 2357 2361 2360
3045 2 2 4 4 1594 1731 1730
3046 2 2 4 4 1738 1739 1736
3047 2 2 4 4 1717 1722 1720
3048 2 2 4 4 2418 2444 2419
3049 2 2 4 4 1651 1656 1655
3050 2 2 4 4 1609 1794 1608
3051 2 2 4 4 2447 2450 2449
3052 2 2 4 4 1637 1657 1641
3053 2 2 4 4 1716 1728 1725
3054 2 2 4 4 1716 1725 1717
3055 2 2 4 4 1652 1667 1665
3056 2 2 4 4 1595 1731 1594
3057 2 2 4 4 1628 1631 1630
3058 2 2 4 4 2223 2227 2221
3059 2 2 4 4 1631 1636 1635
3060 2 2 4 4 1636 1639 1638
3061 2 2 4 4 1628 1630 1629
3062 2 2 4 4 1729 1738 1736
3063 2 2 4 4 1636 1638 1635
3064 2 2 4 4 1652 1665 1651
3065 2 2 4 4 1426 1741 1432
3066 2 2 4 4 1715 1741 1727
3067 2 2 4 4 2387 2397 2396
3068 2 2 4 4 2432 2435 2433
3069 2 2 4 4 2469 2475 2474
3070 2 2 4 4 1716 1717 1713
3071 2 2 4 4 4 1358 349
3072 2 2 4 4 1651 1653 1652
3073 2 2 4 4 1727 1741 1426
3074 2 2 4 4 408 1357 6
3075 2 2 4 4 1737 1738 1729
3076 2 2 4 4 2401 2404 2403
3077 2 2 4 4 1730 1737 1729
3078 2 2 4 4 1651 1655 1653
3079 2 2 4 4 1641 1659 1644
3080 2 2 4 4 1657 1659 1641
3081 2 2 4 4 1652 1653 1584
3082 2 2 4 4 1598 1602 1599
3083 2 2 4 4 2228 2229 2227
3084 2 2 4 4 2419 2420 2418
3085 2 2 4 4 1593 1595 1594
3086 2 2 4 4 1629 1657 1628
3087 2 2 4 4 407 1360 14
3088 2 2 4 4 1653 1655 1654
3089 2 2 4 4 2433 2440 2431
3090 2 2 4 4 1593 1598 1595
3091 2 2 4 4 2233 2234 2232
3092 2 2 4 4 1599 1602 1600
3093 2 2 4 4 1623 1630 1627
3094 2 2 4 4 1656 1657 1629
3095 2 2 4 4 2214 2235 2229
3096 2 2 4 4 2229 2244 2243
3097 2 2 4 4 1631 1635 1633
3098 2 2 4 4 12 1356 466
3099 2 2 4 4 1656 1659 1657
3100 2 2 4 4 2233 2236 2235
3101 2 2 4 4 1655 1656 1629
3102 2 2 4 4 1429 1739 1428
3103 2 2 4 4 2222 2223 2221
3104 2 2 4 4 2383 2385 2384
3105 2 2 4 4 1593 1601 1598
3106 2 2 4 4 1690 1704 1694
3107 2 2 4 4 1601 1602 1598
3108 2 2 4 4 1653 1654 1585
3109 2 2 4 4 2221 2225 2220
3110 2 2 4 4 208 1412 207
3111 2 2 4 4 2225 2227 2226
3112 2 2 4 4 2382 2384 2102
3113 2 2 4 4 81 1393 80
3114 2 2 4 4 2383 2388 2385
3115 2 2 4 4 2101 2219 2102
3116 2 2 4 4 1585 1654 1618
3117 2 2 4 4 2447 2449 2448
3118 2 2 4 4 2219 2381 2102
3119 2 2 4 4 2366 2367 2363
3120 2 2 4 4 2223 2228 2227
3121 2 2 4 4 1601 1603 1602
3122 2 2 4 4 2234 2235 2214
3123 2 2 4 4 2381 2382 2102
3124 2 2 4 4 1793 1794 1609
3125 2 2 4 4 2214 2229 2228
3126 2 2 4 4 1581 1583 1582
3127 2 2 4 4 2236 2244 2235
3128 2 2 4 4 2457 2474 2472
3129 2 2 4 4 1676 1690 1688
3130 2 2 4 4 2233 2237 2236
3131 2 2 4 4 2383 2384 2382
3132 2 2 4 4 61 1358 4
3133 2 2 4 4 6 1357 98
3134 2 2 4 4 188 1356 12
3135 2 2 4 4 14 1360 225
3136 2 2 4 4 62 1370 61
3137 2 2 4 4 61 1370 1358
3138 2 2 4 4 63 1373 62
3139 2 2 4 4 64 1372 63
3140 2 2 4 4 65 1371 64
3141 2 2 4 4 67 1374 66
3142 2 2 4 4 68 1375 67
3143 2 2 4 4 69 1377 68
3144 2 2 4 4 68 1376 1375
3145 2 2 4 4 68 1377 1376
3146 2 2 4 4 70 1377 69
3147 2 2 4 4 71 1380 70
3148 2 2 4 4 70 1378 1377
3149 2 2 4 4 70 1380 1378
3150 2 2 4 4 72 1379 71
3151 2 2 4 4 1379 1380 71
3152 2 2 4 4 73 1379 72
3153 2 2 4 4 74 1382 73
3154 2 2 4 4 73 1382 1379
3155 2 2 4 4 75 1383 74
3156 2 2 4 4 1381 1382 74
3157 2 2 4 4 74 1383 1381
3158 2 2 4 4 76 1383 75
3159 2 2 4 4 77 1392 76
3160 2 2 4 4 76 1392 1383
3161 2 2 4 4 78 1394 77
3162 2 2 4 4 1391 1392 77
3163 2 2 4 4 77 1394 1391
3164 2 2 4 4 79 1393 78
3165 2 2 4 4 1393 1394 78
3166 2 2 4 4 82 1390 81
3167 2 2 4 4 1390 1393 81
3168 2 2 4 4 83 1389 82
3169 2 2 4 4 1389 1390 82
3170 2 2 4 4 84 1389 83
3171 2 2 4 4 85 1387 84
3172 2 2 4 4 1387 1388 84
3173 2 2 4 4 1388 1389 84
3174 2 2 4 4 86 1386 85
3175 2 2 4 4 1386 1387 85
3176 2 2 4 4 87 1385 86
3177 2 2 4 4 1385 1386 86
3178 2 2 4 4 88 1385 87
3179 2 2 4 4 89 1384 88
3180 2 2 4 4 1384 1385 88
3181 2 2 4 4 90 1361 89
3182 2 2 4 4 1361 1384 89
3183 2 2 4 4 91 1363 90
3184 2 2 4 4 90 1362 1361
3185 2 2 4 4 90 1363 1362
3186 2 2 4 4 92 1363 91
3187 2 2 4 4 93 1364 92
3188 2 2 4 4 94 1365 93
3189 2 2 4 4 95 1367 94
3190 2 2 4 4 94 1366 1365
3191 2 2 4 4 94 1367 1366
3192 2 2 4 4 96 1368 95
3193 2 2 4 4 97 1368 96
3194 2 2 4 4 98 1369 97
3195 2 2 4 4 1357 1369 98
3196 2 2 4 4 189 1359 188
3197 2 2 4 4 188 1359 1356
3198 2 2 4 4 190 1434 189
3199 2 2 4 4 192 1433 191
3200 2 2 4 4 193 1425 192
3201 2 2 4 4 194 1424 193
3202 2 2 4 4 195 1424 194
3203 2 2 4 4 196 1421 195
3204 2 2 4 4 197 1422 196
3205 2 2 4 4 198 1420 197
3206 2 2 4 4 1420 1423 197
3207 2 2 4 4 197 1423 1422
3208 2 2 4 4 199 1420 198
3209 2 2 4 4 200 1419 199
3210 2 2 4 4 1419 1420 199
3211 2 2 4 4 201 1417 200
3212 2 2 4 4 200 1417 1416
3213 2 2 4 4 1416 1419 200
3214 2 2 4 4 202 1417 201
3215 2 2 4 4 203 1418 202
3216 2 2 4 4 202 1418 1417
3217 2 2 4 4 204 1414 203
3218 2 2 4 4 1414 1415 203
3219 2 2 4 4 1415 1418 203
3220 2 2 4 4 205 1413 204
3221 2 2 4 4 1413 1414 204
3222 2 2 4 4 206 1412 205
3223 2 2 4 4 1412 1413 205
3224 2 2 4 4 209 1411 208
3225 2 2 4 4 1411 1412 208
3226 2 2 4 4 210 1411 209
3227 2 2 4 4 211 1409 210
3228 2 2 4 4 1409 1410 210
3229 2 2 4 4 1410 1411 210
3230 2 2 4 4 212 1408 211
3231 2 2 4 4 1408 1409 211
3232 2 2 4 4 213 1408 212
3233 2 2 4 4 214 1407 213
3234 2 2 4 4 1407 1408 213
3235 2 2 4 4 215 1405 214
3236 2 2 4 4 1405 1406 214
3237 2 2 4 4 1406 1407 214
3238 2 2 4 4 216 1402 215
3239 2 2 4 4 1402 1405 215
3240 2 2 4 4 217 1402 216
3241 2 2 4 4 218 1403 217
3242 2 2 4 4 217 1403 1402
3243 2 2 4 4 219 1404 218
3244 2 2 4 4 218 1404 1403
3245 2 2 4 4 220 1400 219
3246 2 2 4 4 1400 1401 219
3247 2 2 4 4 1401 1404 219
3248 2 2 4 4 221 1399 220
3249 2 2 4 4 223 1398 222
3250 2 2 4 4 224 1397 223
3251 2 2 4 4 225 1395 224
3252 2 2 4 4 1360 1395 225
3253 2 2 4 4 350 1549 351
3254 2 2 4 4 1358 1549 350
3255 2 2 4 4 351 1544 352
3256 2 2 4 4 351 1548 1544
3257 2 2 4 4 351 1549 1548
3258 2 2 4 4 352 1543 353
3259 2 2 4 4 352 1544 1543
3260 2 2 4 4 353 1545 354
3261 2 2 4 4 1543 1545 353
3262 2 2 4 4 354 1547 355
3263 2 2 4 4 1545 1547 354
3264 2 2 4 4 355 1547 356
3265 2 2 4 4 356 1541 357
3266 2 2 4 4 356 1546 1541
3267 2 2 4 4 356 1547 1546
3268 2 2 4 4 357 1542 358
3269 2 2 4 4 1541 1542 357
3270 2 2 4 4 358 1542 359
3271 2 2 4 4 359 1540 360
3272 2 2 4 4 359 1542 1540
3273 2 2 4 4 360 1538 361
3274 2 2 4 4 360 1539 1538
3275 2 2 4 4 360 1540 1539
3276 2 2 4 4 361 1536 362
3277 2 2 4 4 361 1538 1536
3278 2 2 4 4 362 1536 363
3279 2 2 4 4 363 1537 364
3280 2 2 4 4 1536 1537 363
3281 2 2 4 4 364 1535 365
3282 2 2 4 4 364 1537 1535
3283 2 2 4 4 365 1534 366
3284 2 2 4 4 1533 1534 365
3285 2 2 4 4 365 1535 1533
3286 2 2 4 4 366 1532 367
3287 2 2 4 4 366 1534 1532
3288 2 2 4 4 367 1532 368
3289 2 2 4 4 368 1530 369
3290 2 2 4 4 368 1531 1530
3291 2 2 4 4 368 1532 1531
3292 2 2 4 4 369 1480 370
3293 2 2 4 4 369 1530 1480
3294 2 2 4 4 370 1480 371
3295 2 2 4 4 371 1479 372
3296 2 2 4 4 371 1480 1479
3297 2 2 4 4 372 1476 373
3298 2 2 4 4 372 1478 1476
3299 2 2 4 4 372 1479 1478
3300 2 2 4 4 373 1476 374
3301 2 2 4 4 374 1477 375
3302 2 2 4 4 1476 1477 374
3303 2 2 4 4 375 1482 376
3304 2 2 4 4 1477 1482 375
3305 2 2 4 4 376 1481 377
3306 2 2 4 4 376 1482 1481
3307 2 2 4 4 377 1490 378
3308 2 2 4 4 1481 1490 377
3309 2 2 4 4 378 1492 379
3310 2 2 4 4 1490 1491 378
3311 2 2 4 4 1491 1492 378
3312 2 2 4 4 379 1485 380
3313 2 2 4 4 379 1492 1485
3314 2 2 4 4 380 1485 381
3315 2 2 4 4 381 1486 382
3316 2 2 4 4 1485 1486 381
3317 2 2 4 4 382 1487 383
3318 2 2 4 4 1486 1487 382
3319 2 2 4 4 383 1488 384
3320 2 2 4 4 1487 1488 383
3321 2 2 4 4 384 1483 385
3322 2 2 4 4 384 1489 1483
3323 2 2 4 4 1488 1489 384
3324 2 2 4 4 385 1483 386
3325 2 2 4 4 386 1484 387
3326 2 2 4 4 1483 1484 386
3327 2 2 4 4 387 1457 388
3328 2 2 4 4 387 1458 1457
3329 2 2 4 4 387 1484 1458
3330 2 2 4 4 388 1456 389
3331 2 2 4 4 388 1457 1456
3332 2 2 4 4 389 1456 390
3333 2 2 4 4 390 1463 391
3334 2 2 4 4 1456 1462 390
3335 2 2 4 4 1462 1463 390
3336 2 2 4 4 391 1464 392
3337 2 2 4 4 1463 1464 391
3338 2 2 4 4 392 1465 393
3339 2 2 4 4 1464 1465 392
3340 2 2 4 4 393 1465 394
3341 2 2 4 4 394 1466 395
3342 2 2 4 4 1465 1466 394
3343 2 2 4 4 395 1468 396
3344 2 2 4 4 1466 1467 395
3345 2 2 4 4 1467 1468 395
3346 2 2 4 4 396 1461 397
3347 2 2 4 4 396 1468 1461
3348 2 2 4 4 397 1461 398
3349 2 2 4 4 398 1459 399
3350 2 2 4 4 398 1460 1459
3351 2 2 4 4 398 1461 1460
3352 2 2 4 4 399 1475 400
3353 2 2 4 4 1459 1475 399
3354 2 2 4 4 400 1474 401
3355 2 2 4 4 400 1475 1474
3356 2 2 4 4 401 1474 402
3357 2 2 4 4 402 1471 403
3358 2 2 4 4 402 1474 1471
3359 2 2 4 4 403 1473 404
3360 2 2 4 4 1471 1472 403
3361 2 2 4 4 1472 1473 403
3362 2 2 4 4 404 1469 405
3363 2 2 4 4 404 1473 1469
3364 2 2 4 4 405 1470 406
3365 2 2 4 4 1469 1470 405
3366 2 2 4 4 406 1470 1360
3367 2 2 4 4 410 1510 409
3368 2 2 4 4 409 1510 1357
3369 2 2 4 4 411 1511 410
3370 2 2 4 4 410 1511 1510
3371 2 2 4 4 412 1514 411
3372 2 2 4 4 411 1514 1511
3373 2 2 4 4 413 1513 412
3374 2 2 4 4 1513 1514 412
3375 2 2 4 4 414 1515 413
3376 2 2 4 4 1512 1513 413
3377 2 2 4 4 413 1515 1512
3378 2 2 4 4 415 1515 414
3379 2 2 4 4 416 1517 415
3380 2 2 4 4 415 1516 1515
3381 2 2 4 4 415 1517 1516
3382 2 2 4 4 417 1518 416
3383 2 2 4 4 416 1518 1517
3384 2 2 4 4 418 1518 417
3385 2 2 4 4 419 1519 418
3386 2 2 4 4 418 1519 1518
3387 2 2 4 4 420 1523 419
3388 2 2 4 4 419 1523 1519
3389 2 2 4 4 421 1521 420
3390 2 2 4 4 1521 1524 420
3391 2 2 4 4 420 1524 1523
3392 2 2 4 4 422 1521 421
3393 2 2 4 4 423 1522 422
3394 2 2 4 4 422 1522 1521
3395 2 2 4 4 424 1520 423
3396 2 2 4 4 1520 1522 423
3397 2 2 4 4 425 1525 424
3398 2 2 4 4 424 1526 1520
3399 2 2 4 4 1525 1526 424
3400 2 2 4 4 426 1525 425
3401 2 2 4 4 427 1529 426
3402 2 2 4 4 426 1527 1525
3403 2 2 4 4 426 1529 1527
3404 2 2 4 4 428 1528 427
3405 2 2 4 4 1528 1529 427
3406 2 2 4 4 429 1528 428
3407 2 2 4 4 430 1509 429
3408 2 2 4 4 429 1509 1508
3409 2 2 4 4 1508 1528 429
3410 2 2 4 4 431 1505 430
3411 2 2 4 4 1505 1509 430
3412 2 2 4 4 432 1505 431
3413 2 2 4 4 433 1506 432
3414 2 2 4 4 432 1506 1505
3415 2 2 4 4 434 1504 433
3416 2 2 4 4 1504 1507 433
3417 2 2 4 4 433 1507 1506
3418 2 2 4 4 435 1503 434
3419 2 2 4 4 1503 1504 434
3420 2 2 4 4 436 1501 435
3421 2 2 4 4 1501 1503 435
3422 2 2 4 4 437 1500 436
3423 2 2 4 4 1500 1501 436
3424 2 2 4 4 438 1500 437
3425 2 2 4 4 439 1495 438
3426 2 2 4 4 1495 1502 438
3427 2 2 4 4 438 1502 1500
3428 2 2 4 4 440 1496 439
3429 2 2 4 4 439 1496 1495
3430 2 2 4 4 441 1498 440
3431 2 2 4 4 440 1498 1496
3432 2 2 4 4 442 1499 441
3433 2 2 4 4 441 1499 1498
3434 2 2 4 4 443 1499 442
3435 2 2 4 4 444 1497 443
3436 2 2 4 4 1497 1499 443
3437 2 2 4 4 445 1493 444
3438 2 2 4 4 1493 1494 444
3439 2 2 4 4 1494 1497 444
3440 2 2 4 4 446 1493 445
3441 2 2 4 4 447 1453 446
3442 2 2 4 4 1453 1493 446
3443 2 2 4 4 448 1455 447
3444 2 2 4 4 447 1455 1453
3445 2 2 4 4 449 1454 448
3446 2 2 4 4 1454 1455 448
3447 2 2 4 4 450 1443 449
3448 2 2 4 4 1443 1454 449
3449 2 2 4 4 451 1444 450
3450 2 2 4 4 450 1444 1443
3451 2 2 4 4 452 1449 451
3452 2 2 4 4 451 1449 1444
3453 2 2 4 4 453 1447 452
3454 2 2 4 4 1447 1449 452
3455 2 2 4 4 454 1448 453
3456 2 2 4 4 453 1448 1447
3457 2 2 4 4 455 1445 454
3458 2 2 4 4 1445 1446 454
3459 2 2 4 4 1446 1448 454
3460 2 2 4 4 456 1452 455
3461 2 2 4 4 455 1452 1445
3462 2 2 4 4 457 1451 456
3463 2 2 4 4 1451 1452 456
3464 2 2 4 4 458 1450 457
3465 2 2 4 4 1450 1451 457
3466 2 2 4 4 459 1441 458
3467 2 2 4 4 1441 1450 458
3468 2 2 4 4 460 1442 459
3469 2 2 4 4 459 1442 1441
3470 2 2 4 4 461 1442 460
3471 2 2 4 4 462 1436 461
3472 2 2 4 4 1436 1442 461
3473 2 2 4 4 463 1438 462
3474 2 2 4 4 462 1437 1436
3475 2 2 4 4 462 1438 1437
3476 2 2 4 4 464 1440 463
3477 2 2 4 4 463 1440 1438
3478 2 2 4 4 1439 1440 464
3479 2 2 4 4 1356 1439 465
3480 2 2 4 4 1359 1428 1356
3481 2 2 4 4 1428 1439 1356
3482 2 2 4 4 1357 1558 1369
3483 2 2 4 4 1510 1558 1357
3484 2 2 4 4 1370 1559 1358
3485 2 2 4 4 1358 1559 1549
3486 2 2 4 4 1360 1396 1395
3487 2 2 4 4 1360 1470 1396
3488 2 2 4 4 1362 1552 1361
3489 2 2 4 4 1363 1551 1362
3490 2 2 4 4 1373 1562 1560
3491 2 2 4 4 1379 1568 1380
3492 2 2 4 4 1382 1569 1379
3493 2 2 4 4 1379 1569 1568
3494 2 2 4 4 1381 1572 1382
3495 2 2 4 4 1383 1571 1381
3496 2 2 4 4 1571 1572 1381
3497 2 2 4 4 1382 1572 1569
3498 2 2 4 4 1392 1570 1383
3499 2 2 4 4 1570 1571 1383
3500 2 2 4 4 1384 1573 1385
3501 2 2 4 4 1385 1574 1386
3502 2 2 4 4 1573 1574 1385
3503 2 2 4 4 1386 1575 1387
3504 2 2 4 4 1574 1575 1386
3505 2 2 4 4 1387 1576 1388
3506 2 2 4 4 1575 1576 1387
3507 2 2 4 4 1388 1578 1389
3508 2 2 4 4 1576 1577 1388
3509 2 2 4 4 1577 1578 1388
3510 2 2 4 4 1389 1578 1390
3511 2 2 4 4 1390 1394 1393
3512 2 2 4 4 1390 1579 1394
3513 2 2 4 4 1578 1579 1390
3514 2 2 4 4 1391 1580 1392
3515 2 2 4 4 1394 1579 1391
3516 2 2 4 4 1579 1580 1391
3517 2 2 4 4 1392 1580 1570
3518 2 2 4 4 1470 1634 1396
3519 2 2 4 4 1634 1635 1396
3520 2 2 4 4 1635 1638 1396
3521 2 2 4 4 1405 1685 1406
3522 2 2 4 4 1406 1691 1407
3523 2 2 4 4 1685 1686 1406
3524 2 2 4 4 1407 1692 1408
3525 2 2 4 4 1408 1692 1409
3526 2 2 4 4 1409 1693 1410
3527 2 2 4 4 1692 1693 1409
3528 2 2 4 4 1410 1695 1411
3529 2 2 4 4 1693 1695 1410
3530 2 2 4 4 1411 1413 1412
3531 2 2 4 4 1411 1696 1413
3532 2 2 4 4 1695 1696 1411
3533 2 2 4 4 1413 1696 1414
3534 2 2 4 4 1414 1696 1415
3535 2 2 4 4 1415 1705 1418
3536 2 2 4 4 1696 1697 1415
3537 2 2 4 4 1697 1705 1415
3538 2 2 4 4 1417 1707 1416
3539 2 2 4 4 1416 1698 1419
3540 2 2 4 4 1416 1707 1698
3541 2 2 4 4 1418 1706 1417
3542 2 2 4 4 1706 1707 1417
3543 2 2 4 4 1705 1706 1418
3544 2 2 4 4 1419 1699 1420
3545 2 2 4 4 1698 1699 1419
3546 2 2 4 4 1420 1699 1423
3547 2 2 4 4 1699 1724 1423
3548 2 2 4 4 1428 1740 1439
3549 2 2 4 4 1429 1742 1739
3550 2 2 4 4 1741 1742 1431
3551 2 2 4 4 1437 1747 1436
3552 2 2 4 4 1436 1745 1442
3553 2 2 4 4 1436 1747 1745
3554 2 2 4 4 1438 1748 1437
3555 2 2 4 4 1437 1748 1747
3556 2 2 4 4 1440 1749 1438
3557 2 2 4 4 1438 1749 1748
3558 2 2 4 4 1740 1749 1440
3559 2 2 4 4 1442 1746 1441
3560 2 2 4 4 1441 1769 1450
3561 2 2 4 4 1746 1769 1441
3562 2 2 4 4 1745 1746 1442
3563 2 2 4 4 1444 1753 1443
3564 2 2 4 4 1443 1836 1454
3565 2 2 4 4 1753 1836 1443
3566 2 2 4 4 1449 1752 1444
3567 2 2 4 4 1752 1753 1444
3568 2 2 4 4 1445 1770 1446
3569 2 2 4 4 1452 1771 1445
3570 2 2 4 4 1445 1771 1770
3571 2 2 4 4 1446 1750 1448
3572 2 2 4 4 1446 1770 1750
3573 2 2 4 4 1448 1751 1447
3574 2 2 4 4 1447 1755 1449
3575 2 2 4 4 1751 1755 1447
3576 2 2 4 4 1750 1751 1448
3577 2 2 4 4 1449 1755 1752
3578 2 2 4 4 1450 1768 1451
3579 2 2 4 4 1450 1769 1768
3580 2 2 4 4 1451 1773 1452
3581 2 2 4 4 1768 1773 1451
3582 2 2 4 4 1452 1773 1771
3583 2 2 4 4 1455 1831 1453
3584 2 2 4 4 1453 1830 1493
3585 2 2 4 4 1453 1831 1830
3586 2 2 4 4 1454 1833 1455
3587 2 2 4 4 1454 1835 1833
3588 2 2 4 4 1454 1836 1835
3589 2 2 4 4 1455 1833 1831
3590 2 2 4 4 1457 1934 1456
3591 2 2 4 4 1456 1934 1462
3592 2 2 4 4 1458 1932 1457
3593 2 2 4 4 1457 1932 1931
3594 2 2 4 4 1931 1934 1457
3595 2 2 4 4 1458 1933 1932
3596 2 2 4 4 1460 1956 1459
3597 2 2 4 4 1459 1958 1475
3598 2 2 4 4 1956 1959 1459
3599 2 2 4 4 1459 1959 1958
3600 2 2 4 4 1461 1960 1460
3601 2 2 4 4 1460 1960 1956
3602 2 2 4 4 1468 1960 1461
3603 2 2 4 4 1462 1974 1463
3604 2 2 4 4 1934 1935 1462
3605 2 2 4 4 1935 1974 1462
3606 2 2 4 4 1463 1975 1464
3607 2 2 4 4 1974 1975 1463
3608 2 2 4 4 1464 1976 1465
3609 2 2 4 4 1975 1976 1464
3610 2 2 4 4 1465 1976 1466
3611 2 2 4 4 1466 1977 1467
3612 2 2 4 4 1976 1977 1466
3613 2 2 4 4 1467 1978 1468
3614 2 2 4 4 1977 1978 1467
3615 2 2 4 4 1468 1961 1960
3616 2 2 4 4 1468 1978 1961
3617 2 2 4 4 1469 1634 1470
3618 2 2 4 4 1473 1979 1469
3619 2 2 4 4 1469 1979 1634
3620 2 2 4 4 1471 1984 1472
3621 2 2 4 4 1474 1985 1471
3622 2 2 4 4 1471 1985 1984
3623 2 2 4 4 1472 1986 1473
3624 2 2 4 4 1984 1986 1472
3625 2 2 4 4 1473 1980 1979
3626 2 2 4 4 1473 1986 1980
3627 2 2 4 4 1475 1985 1474
3628 2 2 4 4 1958 1985 1475
3629 2 2 4 4 1476 1987 1477
3630 2 2 4 4 1478 1987 1476
3631 2 2 4 4 1477 1991 1482
3632 2 2 4 4 1987 1991 1477
3633 2 2 4 4 1479 1993 1478
3634 2 2 4 4 1478 1992 1987
3635 2 2 4 4 1478 1993 1992
3636 2 2 4 4 1482 1990 1481
3637 2 2 4 4 1481 2011 1490
3638 2 2 4 4 1990 2011 1481
3639 2 2 4 4 1482 1991 1990
3640 2 2 4 4 1483 1933 1484
3641 2 2 4 4 1489 1996 1483
3642 2 2 4 4 1483 1996 1933
3643 2 2 4 4 1485 2013 1486
3644 2 2 4 4 1492 2013 1485
3645 2 2 4 4 1486 1994 1487
3646 2 2 4 4 1486 2013 1994
3647 2 2 4 4 1487 1995 1488
3648 2 2 4 4 1994 1995 1487
3649 2 2 4 4 1488 1997 1489
3650 2 2 4 4 1995 1998 1488
3651 2 2 4 4 1488 1998 1997
3652 2 2 4 4 1489 1997 1996
3653 2 2 4 4 1490 2015 1491
3654 2 2 4 4 2011 2012 1490
3655 2 2 4 4 2012 2015 1490
3656 2 2 4 4 1491 2014 1492
3657 2 2 4 4 1491 2015 2014
3658 2 2 4 4 1492 2014 2013
3659 2 2 4 4 1493 2037 1494
3660 2 2 4 4 1830 2037 1493
3661 2 2 4 4 1494 2038 1497
3662 2 2 4 4 2037 2038 1494
3663 2 2 4 4 1496 2040 1495
3664 2 2 4 4 1495 2063 1502
3665 2 2 4 4 2040 2063 1495
3666 2 2 4 4 1498 2039 1496
3667 2 2 4 4 2039 2040 1496
3668 2 2 4 4 1497 2041 1499
3669 2 2 4 4 2038 2041 1497
3670 2 2 4 4 1499 2041 1498
3671 2 2 4 4 1498 2041 2039
3672 2 2 4 4 1500 2069 1501
3673 2 2 4 4 1502 2065 1500
3674 2 2 4 4 2065 2069 1500
3675 2 2 4 4 1501 2069 1503
3676 2 2 4 4 2063 2064 1502
3677 2 2 4 4 2064 2065 1502
3678 2 2 4 4 1503 2070 1504
3679 2 2 4 4 2069 2070 1503
3680 2 2 4 4 1504 2080 1507
3681 2 2 4 4 2070 2080 1504
3682 2 2 4 4 1506 2085 1505
3683 2 2 4 4 1505 2086 1509
3684 2 2 4 4 2085 2086 1505
3685 2 2 4 4 1507 2081 1506
3686 2 2 4 4 2081 2083 1506
3687 2 2 4 4 2083 2085 1506
3688 2 2 4 4 2080 2081 1507
3689 2 2 4 4 1509 2086 1508
3690 2 2 4 4 1511 2087 1510
3691 2 2 4 4 1514 2088 1511
3692 2 2 4 4 1511 2088 2087
3693 2 2 4 4 1512 2092 1513
3694 2 2 4 4 1515 2093 1512
3695 2 2 4 4 1512 2093 2092
3696 2 2 4 4 1513 2094 1514
3697 2 2 4 4 2092 2094 1513
3698 2 2 4 4 1514 2094 2088
3699 2 2 4 4 1516 2093 1515
3700 2 2 4 4 1536 2291 2290
3701 2 2 4 4 1581 1584 1583
3702 2 2 4 4 1581 1587 1584
3703 2 2 4 4 1582 1601 1591
3704 2 2 4 4 1582 1603 1601
3705 2 2 4 4 1584 1585 1583
3706 2 2 4 4 1585 1619 1583
3707 2 2 4 4 1614 1615 1583
3708 2 2 4 4 1583 1619 1614
3709 2 2 4 4 1584 1587 1586
3710 2 2 4 4 1586 1652 1584
3711 2 2 4 4 1618 1619 1585
3712 2 2 4 4 1587 1711 1586
3713 2 2 4 4 1586 1667 1652
3714 2 2 4 4 1586 1710 1667
3715 2 2 4 4 1586 1711 1710
3716 2 2 4 4 1588 1711 1587
3717 2 2 4 4 1708 1711 1588
3718 2 2 4 4 1588 1712 1708
3719 2 2 4 4 1590 1732 1712
3720 2 2 4 4 1591 1593 1592
3721 2 2 4 4 1591 1601 1593
3722 2 2 4 4 1593 1594 1592
3723 2 2 4 4 1594 1733 1592
3724 2 2 4 4 1730 1733 1594
3725 2 2 4 4 1602 1603 1600
3726 2 2 4 4 1603 1605 1600
3727 2 2 4 4 1605 1607 1600
3728 2 2 4 4 1603 1615 1605
3729 2 2 4 4 1604 1607 1605
3730 2 2 4 4 1605 1612 1604
3731 2 2 4 4 1604 1613 1610
3732 2 2 4 4 1612 1613 1604
3733 2 2 4 4 1605 1614 1612
3734 2 2 4 4 1605 1615 1614
3735 2 2 4 4 1610 1611 1609
3736 2 2 4 4 1611 1944 1609
3737 2 2 4 4 1609 1943 1793
3738 2 2 4 4 1609 1944 1943
3739 2 2 4 4 1610 1613 1611
3740 2 2 4 4 1613 1946 1611
3741 2 2 4 4 1611 1945 1944
3742 2 2 4 4 1611 1946 1945
3743 2 2 4 4 1612 1616 1613
3744 2 2 4 4 1614 1617 1612
3745 2 2 4 4 1612 1617 1616
3746 2 2 4 4 1616 1946 1613
3747 2 2 4 4 1614 1619 1617
3748 2 2 4 4 1617 1621 1616
3749 2 2 4 4 1621 1947 1616
3750 2 2 4 4 1616 1947 1946
3751 2 2 4 4 1619 1620 1617
3752 2 2 4 4 1620 1622 1617
3753 2 2 4 4 1617 1622 1621
3754 2 2 4 4 1618 1620 1619
3755 2 2 4 4 1618 1626 1620
3756 2 2 4 4 1623 1626 1618
3757 2 2 4 4 1618 1654 1623
3758 2 2 4 4 1620 1626 1622
3759 2 2 4 4 1622 1624 1621
3760 2 2 4 4 1624 1949 1621
3761 2 2 4 4 1621 1949 1947
3762 2 2 4 4 1622 1625 1624
3763 2 2 4 4 1622 1626 1625
3764 2 2 4 4 1623 1627 1626
3765 2 2 4 4 1623 1655 1629
3766 2 2 4 4 1654 1655 1623
3767 2 2 4 4 1625 1982 1624
3768 2 2 4 4 1624 1981 1949
3769 2 2 4 4 1624 1982 1981
3770 2 2 4 4 1626 1627 1625
3771 2 2 4 4 1627 1632 1625
3772 2 2 4 4 1632 1982 1625
3773 2 2 4 4 1630 1631 1627
3774 2 2 4 4 1631 1633 1627
3775 2 2 4 4 1627 1633 1632
3776 2 2 4 4 1633 1634 1632
3777 2 2 4 4 1634 1979 1632
3778 2 2 4 4 1979 1982 1632
3779 2 2 4 4 1633 1635 1634
3780 2 2 4 4 1667 1674 1666
3781 2 2 4 4 1667 1710 1674
3782 2 2 4 4 1670 1681 1673
3783 2 2 4 4 1678 1681 1670
3784 2 2 4 4 1673 1709 1672
3785 2 2 4 4 1673 1681 1674
3786 2 2 4 4 1674 1710 1673
3787 2 2 4 4 1673 1710 1709
3788 2 2 4 4 1681 1682 1674
3789 2 2 4 4 1676 1679 1675
3790 2 2 4 4 1675 1679 1678
3791 2 2 4 4 1676 1688 1679
3792 2 2 4 4 1679 1681 1678
3793 2 2 4 4 1680 1681 1679
3794 2 2 4 4 1688 1689 1679
3795 2 2 4 4 1684 1687 1685
3796 2 2 4 4 1685 1687 1686
3797 2 2 4 4 1690 1693 1688
3798 2 2 4 4 1688 1693 1692
3799 2 2 4 4 1694 1696 1695
3800 2 2 4 4 1694 1697 1696
3801 2 2 4 4 1694 1704 1697
3802 2 2 4 4 1704 1705 1697
3803 2 2 4 4 1702 1706 1703
3804 2 2 4 4 1702 1707 1706
3805 2 2 4 4 1709 1711 1708
3806 2 2 4 4 1708 1718 1709
3807 2 2 4 4 1712 1713 1708
3808 2 2 4 4 1713 1718 1708
3809 2 2 4 4 1710 1711 1709
3810 2 2 4 4 1712 1714 1713
3811 2 2 4 4 1712 1732 1714
3812 2 2 4 4 1714 1716 1713
3813 2 2 4 4 1717 1718 1713
3814 2 2 4 4 1715 1716 1714
3815 2 2 4 4 1714 1735 1715
3816 2 2 4 4 1732 1735 1714
3817 2 2 4 4 1715 1727 1716
3818 2 2 4 4 1715 1735 1734
3819 2 2 4 4 1734 1741 1715
3820 2 2 4 4 1727 1728 1716
3821 2 2 4 4 1717 1720 1718
3822 2 2 4 4 1729 1733 1730
3823 2 2 4 4 1729 1735 1733
3824 2 2 4 4 1729 1736 1735
3825 2 2 4 4 1733 1735 1732
3826 2 2 4 4 1735 1736 1734
3827 2 2 4 4 1736 1742 1734
3828 2 2 4 4 1734 1742 1741
3829 2 2 4 4 1739 1742 1736
3830 2 2 4 4 1745 1747 1743
3831 2 2 4 4 1743 1765 1745
3832 2 2 4 4 1745 1765 1746
3833 2 2 4 4 1765 1767 1746
3834 2 2 4 4 1750 1777 1751
3835 2 2 4 4 1770 1778 1750
3836 2 2 4 4 1750 1778 1777
3837 2 2 4 4 1754 1755 1751
3838 2 2 4 4 1751 1777 1754
3839 2 2 4 4 1752 1837 1753
3840 2 2 4 4 1755 1756 1752
3841 2 2 4 4 1756 1837 1752
3842 2 2 4 4 1753 1840 1836
3843 2 2 4 4 1837 1840 1753
3844 2 2 4 4 1754 1756 1755
3845 2 2 4 4 1754 1779 1756
3846 2 2 4 4 1777 1780 1754
3847 2 2 4 4 1754 1780 1779
3848 2 2 4 4 1779 1829 1756
3849 2 2 4 4 1829 1837 1756
3850 2 2 4 4 1757 1774 1772
3851 2 2 4 4 1757 1784 1774
3852 2 2 4 4 1768 1769 1766
3853 2 2 4 4 1766 1772 1768
3854 2 2 4 4 1772 1773 1768
3855 2 2 4 4 1771 1776 1770
3856 2 2 4 4 1776 1778 1770
3857 2 2 4 4 1773 1774 1771
3858 2 2 4 4 1774 1776 1771
3859 2 2 4 4 1772 1774 1773
3860 2 2 4 4 1774 1784 1776
3861 2 2 4 4 1775 1778 1776
3862 2 2 4 4 1776 1784 1775
3863 2 2 4 4 1775 1781 1778
3864 2 2 4 4 1775 1787 1781
3865 2 2 4 4 1784 1786 1775
3866 2 2 4 4 1786 1787 1775
3867 2 2 4 4 1778 1781 1777
3868 2 2 4 4 1777 1781 1780
3869 2 2 4 4 1780 1782 1779
3870 2 2 4 4 1782 1828 1779
3871 2 2 4 4 1828 1829 1779
3872 2 2 4 4 1781 1783 1780
3873 2 2 4 4 1780 1783 1782
3874 2 2 4 4 1781 1787 1783
3875 2 2 4 4 1783 1808 1782
3876 2 2 4 4 1808 1826 1782
3877 2 2 4 4 1826 1828 1782
3878 2 2 4 4 1787 1788 1783
3879 2 2 4 4 1788 1808 1783
3880 2 2 4 4 1805 1808 1788
3881 2 2 4 4 1793 1943 1805
3882 2 2 4 4 1795 1800 1796
3883 2 2 4 4 1796 1970 1795
3884 2 2 4 4 1797 1799 1795
3885 2 2 4 4 1795 1907 1797
3886 2 2 4 4 1799 1800 1795
3887 2 2 4 4 1795 1970 1907
3888 2 2 4 4 1800 1804 1796
3889 2 2 4 4 1797 1908 1799
3890 2 2 4 4 1797 1906 1905
3891 2 2 4 4 1905 1908 1797
3892 2 2 4 4 1797 1907 1906
3893 2 2 4 4 1798 1817 1799
3894 2 2 4 4 1799 1908 1798
3895 2 2 4 4 1814 1817 1798
3896 2 2 4 4 1798 1911 1814
3897 2 2 4 4 1908 1909 1798
3898 2 2 4 4 1909 1911 1798
3899 2 2 4 4 1799 1817 1800
3900 2 2 4 4 1801 1804 1800
3901 2 2 4 4 1800 1817 1801
3902 2 2 4 4 1802 1804 1801
3903 2 2 4 4 1801 1824 1802
3904 2 2 4 4 1817 1822 1801
3905 2 2 4 4 1822 1824 1801
3906 2 2 4 4 1802 1810 1806
3907 2 2 4 4 1802 1824 1810
3908 2 2 4 4 1803 1967 1804
3909 2 2 4 4 1806 1941 1803
3910 2 2 4 4 1941 1968 1803
3911 2 2 4 4 1803 1968 1967
3912 2 2 4 4 1807 1809 1805
3913 2 2 4 4 1805 1943 1807
3914 2 2 4 4 1805 1809 1808
3915 2 2 4 4 1806 1809 1807
3916 2 2 4 4 1807 1941 1806
3917 2 2 4 4 1806 1810 1809
3918 2 2 4 4 1807 1943 1941
3919 2 2 4 4 1809 1826 1808
3920 2 2 4 4 1810 1826 1809
3921 2 2 4 4 1824 1825 1810
3922 2 2 4 4 1825 1826 1810
3923 2 2 4 4 1811 1813 1812
3924 2 2 4 4 1812 1846 1811
3925 2 2 4 4 1811 1815 1813
3926 2 2 4 4 1811 1818 1815
3927 2 2 4 4 1811 1846 1818
3928 2 2 4 4 1813 1913 1812
3929 2 2 4 4 1812 1848 1846
3930 2 2 4 4 1812 1849 1848
3931 2 2 4 4 1812 1913 1849
3932 2 2 4 4 1815 1912 1813
3933 2 2 4 4 1912 1914 1813
3934 2 2 4 4 1813 1914 1913
3935 2 2 4 4 1815 1818 1814
3936 2 2 4 4 1814 1911 1815
3937 2 2 4 4 1816 1817 1814
3938 2 2 4 4 1814 1818 1816
3939 2 2 4 4 1911 1912 1815
3940 2 2 4 4 1816 1822 1817
3941 2 2 4 4 1818 1819 1816
3942 2 2 4 4 1819 1820 1816
3943 2 2 4 4 1820 1822 1816
3944 2 2 4 4 1818 1846 1819
3945 2 2 4 4 1819 1845 1820
3946 2 2 4 4 1844 1845 1819
3947 2 2 4 4 1819 1846 1844
3948 2 2 4 4 1821 1823 1820
3949 2 2 4 4 1820 1845 1821
3950 2 2 4 4 1820 1823 1822
3951 2 2 4 4 1821 1827 1823
3952 2 2 4 4 1821 1838 1827
3953 2 2 4 4 1821 1843 1838
3954 2 2 4 4 1821 1845 1843
3955 2 2 4 4 1823 1824 1822
3956 2 2 4 4 1823 1825 1824
3957 2 2 4 4 1823 1827 1825
3958 2 2 4 4 1825 1828 1826
3959 2 2 4 4 1827 1828 1825
3960 2 2 4 4 1827 1829 1828
3961 2 2 4 4 1827 1838 1829
3962 2 2 4 4 1829 1838 1837
3963 2 2 4 4 1831 1856 1830
3964 2 2 4 4 1830 1856 1855
3965 2 2 4 4 1855 2037 1830
3966 2 2 4 4 1833 1857 1831
3967 2 2 4 4 1831 1857 1856
3968 2 2 4 4 1833 1835 1832
3969 2 2 4 4 1832 1857 1833
3970 2 2 4 4 1832 1835 1834
3971 2 2 4 4 1834 1852 1832
3972 2 2 4 4 1852 1858 1832
3973 2 2 4 4 1832 1858 1857
3974 2 2 4 4 1835 1839 1834
3975 2 2 4 4 1839 1842 1834
3976 2 2 4 4 1834 1842 1841
3977 2 2 4 4 1841 1852 1834
3978 2 2 4 4 1836 1839 1835
3979 2 2 4 4 1836 1840 1839
3980 2 2 4 4 1838 1840 1837
3981 2 2 4 4 1838 1843 1840
3982 2 2 4 4 1840 1843 1839
3983 2 2 4 4 1839 1843 1842
3984 2 2 4 4 1842 1847 1841
3985 2 2 4 4 1847 1851 1841
3986 2 2 4 4 1851 1852 1841
3987 2 2 4 4 1843 1845 1842
3988 2 2 4 4 1842 1845 1844
3989 2 2 4 4 1844 1847 1842
3990 2 2 4 4 1846 1848 1844
3991 2 2 4 4 1844 1848 1847
3992 2 2 4 4 1848 1850 1847
3993 2 2 4 4 1850 1851 1847
3994 2 2 4 4 1849 1850 1848
3995 2 2 4 4 1849 1854 1850
3996 2 2 4 4 1849 1883 1854
3997 2 2 4 4 1849 1884 1883
3998 2 2 4 4 1849 1913 1884
3999 2 2 4 4 1850 1853 1851
4000 2 2 4 4 1850 1854 1853
4001 2 2 4 4 1851 1858 1852
4002 2 2 4 4 1853 1858 1851
4003 2 2 4 4 1854 1860 1853
4004 2 2 4 4 1853 1859 1858
4005 2 2 4 4 1853 1860 1859
4006 2 2 4 4 1854 1885 1860
4007 2 2 4 4 1883 1885 1854
4008 2 2 4 4 1856 1862 1855
4009 2 2 4 4 1862 1863 1855
4010 2 2 4 4 1863 2043 1855
4011 2 2 4 4 1857 1859 1856
4012 2 2 4 4 1859 1862 1856
4013 2 2 4 4 1858 1859 1857
4014 2 2 4 4 1860 1861 1859
4015 2 2 4 4 1861 1862 1859
4016 2 2 4 4 1860 1867 1861
4017 2 2 4 4 1860 1885 1867
4018 2 2 4 4 1861 1866 1862
4019 2 2 4 4 1861 1868 1866
4020 2 2 4 4 1867 1868 1861
4021 2 2 4 4 1862 1866 1863
4022 2 2 4 4 1864 1865 1863
4023 2 2 4 4 1863 1866 1864
4024 2 2 4 4 1865 2043 1863
4025 2 2 4 4 1864 2045 1865
4026 2 2 4 4 1866 1869 1864
4027 2 2 4 4 1869 1873 1864
4028 2 2 4 4 1873 2045 1864
4029 2 2 4 4 2042 2044 1865
4030 2 2 4 4 1865 2045 2042
4031 2 2 4 4 1865 2044 2043
4032 2 2 4 4 1868 1869 1866
4033 2 2 4 4 1867 1870 1868
4034 2 2 4 4 1867 1886 1870
4035 2 2 4 4 1885 1886 1867
4036 2 2 4 4 1868 1871 1869
4037 2 2 4 4 1870 1871 1868
4038 2 2 4 4 1871 1872 1869
4039 2 2 4 4 1872 1873 1869
4040 2 2 4 4 1870 1895 1871
4041 2 2 4 4 1886 1888 1870
4042 2 2 4 4 1888 1895 1870
4043 2 2 4 4 1871 1882 1872
4044 2 2 4 4 1871 1895 1882
4045 2 2 4 4 1872 1874 1873
4046 2 2 4 4 1872 1878 1874
4047 2 2 4 4 1872 1882 1878
4048 2 2 4 4 1874 2051 1873
4049 2 2 4 4 1873 2051 2045
4050 2 2 4 4 1874 1878 1877
4051 2 2 4 4 1877 2056 1874
4052 2 2 4 4 1874 2056 2051
4053 2 2 4 4 1876 1880 1875
4054 2 2 4 4 1875 2036 1876
4055 2 2 4 4 1880 2030 1875
4056 2 2 4 4 2030 2035 1875
4057 2 2 4 4 2035 2036 1875
4058 2 2 4 4 1877 1880 1876
4059 2 2 4 4 2036 2053 1876
4060 2 2 4 4 2053 2054 1876
4061 2 2 4 4 2054 2055 1876
4062 2 2 4 4 1878 1879 1877
4063 2 2 4 4 1879 1880 1877
4064 2 2 4 4 1878 1881 1879
4065 2 2 4 4 1878 1882 1881
4066 2 2 4 4 1879 1897 1880
4067 2 2 4 4 1881 1896 1879
4068 2 2 4 4 1896 1897 1879
4069 2 2 4 4 1897 2031 1880
4070 2 2 4 4 1880 2031 2030
4071 2 2 4 4 1882 1895 1881
4072 2 2 4 4 1881 1895 1894
4073 2 2 4 4 1894 1896 1881
4074 2 2 4 4 1884 1889 1883
4075 2 2 4 4 1883 1887 1885
4076 2 2 4 4 1883 1889 1887
4077 2 2 4 4 1884 1915 1889
4078 2 2 4 4 1913 1914 1884
4079 2 2 4 4 1914 1915 1884
4080 2 2 4 4 1885 1887 1886
4081 2 2 4 4 1887 1890 1886
4082 2 2 4 4 1886 1890 1888
4083 2 2 4 4 1889 1890 1887
4084 2 2 4 4 1890 1893 1888
4085 2 2 4 4 1893 1894 1888
4086 2 2 4 4 1894 1895 1888
4087 2 2 4 4 1889 1892 1890
4088 2 2 4 4 1889 1916 1892
4089 2 2 4 4 1915 1916 1889
4090 2 2 4 4 1892 1893 1890
4091 2 2 4 4 1891 1893 1892
4092 2 2 4 4 1892 1923 1891
4093 2 2 4 4 1891 1900 1893
4094 2 2 4 4 1899 1900 1891
4095 2 2 4 4 1891 1926 1899
4096 2 2 4 4 1923 1926 1891
4097 2 2 4 4 1916 1923 1892
4098 2 2 4 4 1893 1900 1894
4099 2 2 4 4 1894 1900 1896
4100 2 2 4 4 1896 1898 1897
4101 2 2 4 4 1896 1900 1898
4102 2 2 4 4 1898 2026 1897
4103 2 2 4 4 2026 2031 1897
4104 2 2 4 4 1898 1900 1899
4105 2 2 4 4 1899 2024 1898
4106 2 2 4 4 2024 2026 1898
4107 2 2 4 4 1926 2000 1899
4108 2 2 4 4 2000 2024 1899
4109 2 2 4 4 1902 1909 1901
4110 2 2 4 4 1901 1930 1902
4111 2 2 4 4 1901 1905 1904
4112 2 2 4 4 1904 1930 1901
4113 2 2 4 4 1901 1908 1905
4114 2 2 4 4 1901 1909 1908
4115 2 2 4 4 1902 1910 1909
4116 2 2 4 4 1902 1919 1910
4117 2 2 4 4 1902 1929 1919
4118 2 2 4 4 1902 1930 1929
4119 2 2 4 4 1904 1905 1903
4120 2 2 4 4 1903 1935 1904
4121 2 2 4 4 1905 1906 1903
4122 2 2 4 4 1906 1973 1903
4123 2 2 4 4 1903 1974 1935
4124 2 2 4 4 1973 1974 1903
4125 2 2 4 4 1904 1934 1930
4126 2 2 4 4 1904 1935 1934
4127 2 2 4 4 1907 1973 1906
4128 2 2 4 4 1970 1971 1907
4129 2 2 4 4 1971 1972 1907
4130 2 2 4 4 1972 1973 1907
4131 2 2 4 4 1910 1911 1909
4132 2 2 4 4 1910 1912 1911
4133 2 2 4 4 1910 1918 1912
4134 2 2 4 4 1910 1919 1918
4135 2 2 4 4 1912 1918 1914
4136 2 2 4 4 1914 1918 1915
4137 2 2 4 4 1915 1917 1916
4138 2 2 4 4 1915 1918 1917
4139 2 2 4 4 1917 1924 1916
4140 2 2 4 4 1916 1924 1923
4141 2 2 4 4 1918 1919 1917
4142 2 2 4 4 1919 1922 1917
4143 2 2 4 4 1922 1924 1917
4144 2 2 4 4 1919 1929 1922
4145 2 2 4 4 1921 1922 1920
4146 2 2 4 4 1920 1927 1921
4147 2 2 4 4 1922 1929 1920
4148 2 2 4 4 1920 1932 1927
4149 2 2 4 4 1929 1931 1920
4150 2 2 4 4 1931 1932 1920
4151 2 2 4 4 1921 1924 1922
4152 2 2 4 4 1921 1925 1924
4153 2 2 4 4 1921 1928 1925
4154 2 2 4 4 1927 1928 1921
4155 2 2 4 4 1924 1925 1923
4156 2 2 4 4 1925 1926 1923
4157 2 2 4 4 1925 1999 1926
4158 2 2 4 4 1928 1999 1925
4159 2 2 4 4 1999 2000 1926
4160 2 2 4 4 1927 1996 1928
4161 2 2 4 4 1932 1933 1927
4162 2 2 4 4 1933 1996 1927
4163 2 2 4 4 1996 1997 1928
4164 2 2 4 4 1997 1999 1928
4165 2 2 4 4 1930 1931 1929
4166 2 2 4 4 1930 1934 1931
4167 2 2 4 4 1936 1942 1937
4168 2 2 4 4 1937 1953 1936
4169 2 2 4 4 1938 1939 1936
4170 2 2 4 4 1936 1953 1938
4171 2 2 4 4 1939 1940 1936
4172 2 2 4 4 1940 1942 1936
4173 2 2 4 4 1942 1945 1937
4174 2 2 4 4 1945 1948 1937
4175 2 2 4 4 1948 1954 1937
4176 2 2 4 4 1937 1954 1953
4177 2 2 4 4 1938 1962 1939
4178 2 2 4 4 1953 1957 1938
4179 2 2 4 4 1938 1957 1955
4180 2 2 4 4 1939 1968 1940
4181 2 2 4 4 1962 1963 1939
4182 2 2 4 4 1963 1968 1939
4183 2 2 4 4 1941 1943 1940
4184 2 2 4 4 1940 1968 1941
4185 2 2 4 4 1940 1943 1942
4186 2 2 4 4 1943 1944 1942
4187 2 2 4 4 1944 1945 1942
4188 2 2 4 4 1946 1948 1945
4189 2 2 4 4 1947 1948 1946
4190 2 2 4 4 1947 1950 1948
4191 2 2 4 4 1949 1950 1947
4192 2 2 4 4 1950 1954 1948
4193 2 2 4 4 1949 1983 1950
4194 2 2 4 4 1981 1983 1949
4195 2 2 4 4 1951 1954 1950
4196 2 2 4 4 1950 1983 1951
4197 2 2 4 4 1952 1954 1951
4198 2 2 4 4 1951 1985 1952
4199 2 2 4 4 1983 1984 1951
4200 2 2 4 4 1984 1985 1951
4201 2 2 4 4 1953 1954 1952
4202 2 2 4 4 1952 1957 1953
4203 2 2 4 4 1952 1958 1957
4204 2 2 4 4 1952 1985 1958
4205 2 2 4 4 1955 1959 1956
4206 2 2 4 4 1956 1964 1955
4207 2 2 4 4 1957 1959 1955
4208 2 2 4 4 1960 1964 1956
4209 2 2 4 4 1958 1959 1957
4210 2 2 4 4 1961 1964 1960
4211 2 2 4 4 1961 1965 1964
4212 2 2 4 4 1961 1966 1965
4213 2 2 4 4 1961 1978 1966
4214 2 2 4 4 1962 1965 1963
4215 2 2 4 4 1964 1965 1962
4216 2 2 4 4 1965 1969 1963
4217 2 2 4 4 1967 1968 1963
4218 2 2 4 4 1963 1969 1967
4219 2 2 4 4 1966 1969 1965
4220 2 2 4 4 1971 1977 1972
4221 2 2 4 4 1971 1978 1977
4222 2 2 4 4 1972 1975 1973
4223 2 2 4 4 1972 1976 1975
4224 2 2 4 4 1972 1977 1976
4225 2 2 4 4 1973 1975 1974
4226 2 2 4 4 1980 1982 1979
4227 2 2 4 4 1981 1982 1980
4228 2 2 4 4 1980 1986 1981
4229 2 2 4 4 1981 1986 1983
4230 2 2 4 4 1983 1986 1984
4231 2 2 4 4 1989 1991 1987
4232 2 2 4 4 1987 1992 1989
4233 2 2 4 4 1989 1992 1988
4234 2 2 4 4 1992 1993 1988
4235 2 2 4 4 1989 2008 1991
4236 2 2 4 4 1991 2008 1990
4237 2 2 4 4 2008 2010 1990
4238 2 2 4 4 1990 2010 2009
4239 2 2 4 4 2009 2011 1990
4240 2 2 4 4 1994 2021 1995
4241 2 2 4 4 2013 2020 1994
4242 2 2 4 4 2020 2021 1994
4243 2 2 4 4 1995 2022 1998
4244 2 2 4 4 2021 2022 1995
4245 2 2 4 4 1998 1999 1997
4246 2 2 4 4 1998 2000 1999
4247 2 2 4 4 1998 2022 2000
4248 2 2 4 4 2022 2024 2000
4249 2 2 4 4 2003 2009 2001
4250 2 2 4 4 2001 2033 2003
4251 2 2 4 4 2004 2005 2001
4252 2 2 4 4 2001 2006 2004
4253 2 2 4 4 2005 2033 2001
4254 2 2 4 4 2001 2009 2006
4255 2 2 4 4 2002 2009 2003
4256 2 2 4 4 2003 2027 2002
4257 2 2 4 4 2002 2012 2009
4258 2 2 4 4 2002 2017 2012
4259 2 2 4 4 2002 2027 2017
4260 2 2 4 4 2003 2028 2027
4261 2 2 4 4 2003 2033 2028
4262 2 2 4 4 2032 2034 2005
4263 2 2 4 4 2005 2034 2033
4264 2 2 4 4 2006 2010 2007
4265 2 2 4 4 2009 2010 2006
4266 2 2 4 4 2007 2010 2008
4267 2 2 4 4 2009 2012 2011
4268 2 2 4 4 2012 2017 2015
4269 2 2 4 4 2014 2020 2013
4270 2 2 4 4 2016 2020 2014
4271 2 2 4 4 2018 2019 2016
4272 2 2 4 4 2019 2020 2016
4273 2 2 4 4 2018 2025 2019
4274 2 2 4 4 2018 2029 2025
4275 2 2 4 4 2027 2029 2018
4276 2 2 4 4 2019 2025 2023
4277 2 2 4 4 2021 2023 2022
4278 2 2 4 4 2023 2024 2022
4279 2 2 4 4 2023 2026 2024
4280 2 2 4 4 2025 2026 2023
4281 2 2 4 4 2025 2031 2026
4282 2 2 4 4 2029 2031 2025
4283 2 2 4 4 2028 2029 2027
4284 2 2 4 4 2028 2030 2029
4285 2 2 4 4 2028 2035 2030
4286 2 2 4 4 2033 2035 2028
4287 2 2 4 4 2030 2031 2029
4288 2 2 4 4 2034 2035 2033
4289 2 2 4 4 2034 2036 2035
4290 2 2 4 4 2039 2042 2040
4291 2 2 4 4 2041 2044 2039
4292 2 2 4 4 2039 2044 2042
4293 2 2 4 4 2042 2047 2040
4294 2 2 4 4 2047 2063 2040
4295 2 2 4 4 2045 2047 2042
4296 2 2 4 4 2046 2047 2045
4297 2 2 4 4 2045 2051 2046
4298 2 2 4 4 2046 2049 2047
4299 2 2 4 4 2046 2052 2049
4300 2 2 4 4 2051 2052 2046
4301 2 2 4 4 2047 2049 2048
4302 2 2 4 4 2048 2063 2047
4303 2 2 4 4 2048 2064 2063
4304 2 2 4 4 2048 2066 2064
4305 2 2 4 4 2061 2062 2050
4306 2 2 4 4 2062 2067 2050
4307 2 2 4 4 2050 2067 2066
4308 2 2 4 4 2051 2056 2052
4309 2 2 4 4 2054 2060 2055
4310 2 2 4 4 2058 2060 2054
4311 2 2 4 4 2060 2061 2055
4312 2 2 4 4 2057 2059 2058
4313 2 2 4 4 2057 2075 2059
4314 2 2 4 4 2057 2076 2075
4315 2 2 4 4 2059 2060 2058
4316 2 2 4 4 2059 2062 2060
4317 2 2 4 4 2059 2073 2062
4318 2 2 4 4 2059 2075 2073
4319 2 2 4 4 2060 2062 2061
4320 2 2 4 4 2062 2073 2067
4321 2 2 4 4 2064 2067 2065
4322 2 2 4 4 2066 2067 2064
4323 2 2 4 4 2067 2068 2065
4324 2 2 4 4 2068 2069 2065
4325 2 2 4 4 2067 2073 2068
4326 2 2 4 4 2068 2072 2069
4327 2 2 4 4 2068 2074 2072
4328 2 2 4 4 2073 2074 2068
4329 2 2 4 4 2069 2072 2070
4330 2 2 4 4 2072 2080 2070
4331 2 2 4 4 2072 2074 2071
4332 2 2 4 4 2071 2080 2072
4333 2 2 4 4 2074 2078 2071
4334 2 2 4 4 2071 2078 2077
4335 2 2 4 4 2077 2081 2071
4336 2 2 4 4 2071 2081 2080
4337 2 2 4 4 2073 2075 2074
4338 2 2 4 4 2075 2078 2074
4339 2 2 4 4 2076 2078 2075
4340 2 2 4 4 2076 2079 2078
4341 2 2 4 4 2078 2079 2077
4342 2 2 4 4 2079 2082 2077
4343 2 2 4 4 2077 2083 2081
4344 2 2 4 4 2082 2083 2077
4345 2 2 4 4 2082 2084 2083
4346 2 2 4 4 2084 2085 2083
4347 2 2 4 4 2084 2086 2085
4348 2 2 4 4 2088 2090 2087
4349 2 2 4 4 2089 2090 2088
4350 2 2 4 4 2088 2094 2089
4351 2 2 4 4 2089 2094 2091
4352 2 2 4 4 2091 2094 2092
4353 2 2 4 4 2133 2136 2135
4354 2 2 4 4 2142 2154 2153
4355 2 2 4 4 2142 2169 2154
4356 2 2 4 4 2160 2169 2142
4357 2 2 4 4 2147 2150 2146
4358 2 2 4 4 2150 2151 2146
4359 2 2 4 4 2149 2152 2150
4360 2 2 4 4 2149 2154 2152
4361 2 2 4 4 2153 2154 2149
4362 2 2 4 4 2150 2152 2151
4363 2 2 4 4 2158 2161 2160
4364 2 2 4 4 2158 2163 2161
4365 2 2 4 4 2161 2169 2160
4366 2 2 4 4 2193 2263 2230
4367 2 2 4 4 2261 2263 2193
4368 2 2 4 4 2230 2238 2231
4369 2 2 4 4 2230 2263 2238
4370 2 2 4 4 2231 2238 2233
4371 2 2 4 4 2328 2336 2335
4372 2 2 5 5 2730 2804 2732
4373 2 2 5 5 2779 2782 2766
4374 2 2 5 5 2777 2778 2774
4375 2 2 5 5 2549 2767 2765
4376 2 2 5 5 2765 2766 2548
4377 2 2 5 5 2800 2801 2797
4378 2 2 5 5 2540 2800 2555
4379 2 2 5 5 2778 2779 2774
4380 2 2 5 5 2550 2789 2544
4381 2 2 5 5 2574 2842 2767
4382 2 2 5 5 2789 2790 2776
4383 2 2 5 5 2574 2767 2549
4384 2 2 5 5 2705 2723 2702
4385 2 2 5 5 2697 2699 498
4386 2 2 5 5 2527 2704 2701
4387 2 2 5 5 497 2699 2525
4388 2 2 5 5 2491 2830 2496
4389 2 2 5 5 2695 2709 2700
4390 2 2 5 5 2701 2702 2528
4391 2 2 5 5 2734 2739 2536
4392 2 2 5 5 2736 2739 2734
4393 2 2 5 5 2704 2705 2701
4394 2 2 5 5 2702 2723 2690
4395 2 2 5 5 2838 2839 2837
4396 2 2 5 5 2689 2697 498
4397 2 2 5 5 2797 2801 2796
4398 2 2 5 5 2532 2738 2733
4399 2 2 5 5 2540 2801 2800
4400 2 2 5 5 2573 2842 2574
4401 2 2 5 5 2549 2765 2548
4402 2 2 5 5 2835 2837 2828
4403 2 2 5 5 2534 2739 2738
4404 2 2 5 5 2795 2799 2798
4405 2 2 5 5 2703 2704 2527
4406 2 2 5 5 2550 2790 2789
4407 2 2 5 5 2790 2791 2776
4408 2 2 5 5 2703 2710 2704
4409 2 2 5 5 2690 2723 2722
4410 2 2 5 5 2677 2707 2676
4411 2 2 5 5 2734 2737 2736
4412 2 2 5 5 2738 2740 2733
4413 2 2 5 5 2696 2709 2695
4414 2 2 5 5 2771 2772 2765
4415 2 2 5 5 2704 2706 2705
4416 2 2 5 5 2555 2799 2554
4417 2 2 5 5 2551 2790 2550
4418 2 2 5 5 2539 2802 2540
4419 2 2 5 5 2554 2799 2553
4420 2 2 5 5 2488 2763 2753
4421 2 2 5 5 2790 2794 2791
4422 2 2 5 5 2795 2798 2786
4423 2 2 5 5 2747 2748 2745
4424 2 2 5 5 2545 2760 2542
4425 2 2 5 5 2740 2741 2733
4426 2 2 5 5 2537 2750 2541
4427 2 2 5 5 2695 2698 2696
4428 2 2 5 5 2691 2707 2696
4429 2 2 5 5 2544 2789 2546
4430 2 2 5 5 2704 2710 2706
4431 2 2 5 5 2695 2699 2697
4432 2 2 5 5 2767 2771 2765
4433 2 2 5 5 2555 2800 2799
4434 2 2 5 5 2837 2839 2571
4435 2 2 5 5 2746 2747 2745
4436 2 2 5 5 2772 2779 2766
4437 2 2 5 5 2546 2764 2545
4438 2 2 5 5 2553 2795 2552
4439 2 2 5 5 2551 2794 2790
4440 2 2 5 5 2699 2700 2525
4441 2 2 5 5 2769 2773 2772
4442 2 2 5 5 2575 2837 2571
4443 2 2 5 5 2553 2799 2795
4444 2 2 5 5 2799 2800 2798
4445 2 2 5 5 2791 2794 2792
4446 2 2 5 5 2793 2795 2786
4447 2 2 5 5 2552 2793 2551
4448 2 2 5 5 2748 2750 2537
4449 2 2 5 5 2696 2698 2691
4450 2 2 5 5 2768 2771 2767
4451 2 2 5 5 2697 2698 2695
4452 2 2 5 5 2538 2751 2539
4453 2 2 5 5 2708 2710 2709
4454 2 2 5 5 2829 2832 2828
4455 2 2 5 5 2541 2751 2538
4456 2 2 5 5 2695 2700 2699
4457 2 2 5 5 2552 2795 2793
4458 2 2 5 5 2793 2794 2551
4459 2 2 5 5 2751 2806 2802
4460 2 2 5 5 2760 2761 2542
4461 2 2 5 5 2546 2789 2764
4462 2 2 5 5 2798 2800 2797
4463 2 2 5 5 2769 2772 2771
4464 2 2 5 5 2767 2842 2768
4465 2 2 5 5 2787 2793 2786
4466 2 2 5 5 2765 2772 2766
4467 2 2 5 5 2751 2802 2539
4468 2 2 5 5 2545 2764 2760
4469 2 2 5 5 2769 2771 2770
4470 2 2 5 5 2802 2805 2801
4471 2 2 5 5 2750 2751 2541
4472 2 2 5 5 2525 2700 2526
4473 2 2 5 5 2774 2779 2773
4474 2 2 5 5 2568 2828 2575
4475 2 2 5 5 2764 2789 2776
4476 2 2 5 5 2802 2806 2805
4477 2 2 5 5 2700 2709 2703
4478 2 2 5 5 2828 2837 2575
4479 2 2 5 5 2759 2761 2760
4480 2 2 5 5 2753 2763 2756
4481 2 2 5 5 2840 2842 2573
4482 2 2 5 5 2801 2805 2796
4483 2 2 5 5 2700 2703 2526
4484 2 2 5 5 2787 2794 2793
4485 2 2 5 5 2770 2771 2768
4486 2 2 5 5 2839 2840 2572
4487 2 2 5 5 2749 2750 2748
4488 2 2 5 5 2750 2806 2751
4489 2 2 5 5 2773 2779 2772
4490 2 2 5 5 2571 2839 2572
4491 2 2 5 5 2709 2710 2703
4492 2 2 5 5 2572 2840 2573
4493 2 2 5 5 2764 2776 2775
4494 2 2 5 5 2792 2794 2787
4495 2 2 5 5 2764 2775 2760
4496 2 2 5 5 2747 2749 2748
4497 2 2 5 5 2758 2761 2759
4498 2 2 5 5 2749 2806 2750
4499 2 2 5 5 2488 2753 2489
4500 2 2 5 5 2760 2775 2759
4501 2 2 5 5 2489 2753 2752
4502 2 2 5 5 2569 2829 2568
4503 2 2 5 5 2753 2756 2754
4504 2 2 5 5 2568 2829 2828
4505 2 2 5 5 2838 2841 2840
4506 2 2 5 5 2836 2838 2835
4507 2 2 5 5 2838 2840 2839
4508 2 2 5 5 2762 2763 2488
4509 2 2 5 5 2833 2834 2495
4510 2 2 5 5 2841 2842 2840
4511 2 2 5 5 2752 2833 2490
4512 2 2 5 5 2754 2756 2755
4513 2 2 5 5 2489 2752 2490
4514 2 2 5 5 2495 2834 2494
4515 2 2 5 5 2494 2834 2832
4516 2 2 5 5 2490 2833 2495
4517 2 2 5 5 2494 2832 2493
4518 2 2 5 5 2753 2754 2752
4519 2 2 5 5 2754 2836 2752
4520 2 2 5 5 2493 2832 2831
4521 2 2 5 5 2833 2836 2835
4522 2 2 5 5 2543 2762 468
4523 2 2 5 5 2493 2831 2492
4524 2 2 5 5 2492 2831 2830
4525 2 2 5 5 2752 2836 2833
4526 2 2 5 5 2492 2830 2491
4527 2 2 5 5 2833 2835 2834
4528 2 2 5 5 2708 2712 2711
4529 2 2 5 5 468 2762 467
4530 2 2 5 5 2677 2712 2707
4531 2 2 5 5 2831 2832 2829
4532 2 2 5 5 2707 2712 2708
4533 2 2 5 5 2576 2830 2570
4534 2 2 5 5 6 99 408
4535 2 2 5 5 7 2488 110
4536 2 2 5 5 467 2762 7
4537 2 2 5 5 7 2762 2488
4538 2 2 5 5 175 2476 11
4539 2 2 5 5 11 2476 515
4540 2 2 5 5 12 466 187
4541 2 2 5 5 99 100 409
4542 2 2 5 5 408 99 409
4543 2 2 5 5 101 2477 100
4544 2 2 5 5 100 2477 409
4545 2 2 5 5 102 2477 101
4546 2 2 5 5 103 2491 102
4547 2 2 5 5 102 2496 2477
4548 2 2 5 5 2491 2496 102
4549 2 2 5 5 104 2491 103
4550 2 2 5 5 105 2492 104
4551 2 2 5 5 104 2492 2491
4552 2 2 5 5 106 2493 105
4553 2 2 5 5 105 2493 2492
4554 2 2 5 5 107 2495 106
4555 2 2 5 5 106 2494 2493
4556 2 2 5 5 106 2495 2494
4557 2 2 5 5 108 2490 107
4558 2 2 5 5 2490 2495 107
4559 2 2 5 5 109 2490 108
4560 2 2 5 5 110 2489 109
4561 2 2 5 5 2489 2490 109
4562 2 2 5 5 2488 2489 110
4563 2 2 5 5 176 2476 175
4564 2 2 5 5 177 2486 176
4565 2 2 5 5 176 2487 2476
4566 2 2 5 5 2486 2487 176
4567 2 2 5 5 178 2485 177
4568 2 2 5 5 2485 2486 177
4569 2 2 5 5 179 2484 178
4570 2 2 5 5 2484 2485 178
4571 2 2 5 5 180 2484 179
4572 2 2 5 5 181 2482 180
4573 2 2 5 5 2482 2483 180
4574 2 2 5 5 2483 2484 180
4575 2 2 5 5 182 2481 181
4576 2 2 5 5 2481 2482 181
4577 2 2 5 5 183 2481 182
4578 2 2 5 5 184 2480 183
4579 2 2 5 5 2480 2481 183
4580 2 2 5 5 185 2478 184
4581 2 2 5 5 2478 2479 184
4582 2 2 5 5 2479 2480 184
4583 2 2 5 5 186 2580 185
4584 2 2 5 5 185 2580 2478
4585 2 2 5 5 187 2580 186
4586 2 2 5 5 466 2580 187
4587 2 2 5 5 409 2477 410
4588 2 2 5 5 410 2577 411
4589 2 2 5 5 2477 2577 410
4590 2 2 5 5 411 2577 412
4591 2 2 5 5 412 2570 413
4592 2 2 5 5 412 2576 2570
4593 2 2 5 5 412 2577 2576
4594 2 2 5 5 413 2569 414
4595 2 2 5 5 413 2570 2569
4596 2 2 5 5 414 2569 415
4597 2 2 5 5 415 2575 416
4598 2 2 5 5 415 2569 2568
4599 2 2 5 5 2568 2575 415
4600 2 2 5 5 416 2571 417
4601 2 2 5 5 416 2575 2571
4602 2 2 5 5 417 2572 418
4603 2 2 5 5 2571 2572 417
4604 2 2 5 5 418 2572 419
4605 2 2 5 5 419 2574 420
4606 2 2 5 5 2572 2573 419
4607 2 2 5 5 2573 2574 419
4608 2 2 5 5 420 2549 421
4609 2 2 5 5 420 2574 2549
4610 2 2 5 5 421 2549 422
4611 2 2 5 5 422 2548 423
4612 2 2 5 5 422 2549 2548
4613 2 2 5 5 423 2547 424
4614 2 2 5 5 423 2548 2547
4615 2 2 5 5 424 2565 425
4616 2 2 5 5 2547 2566 424
4617 2 2 5 5 424 2566 2565
4618 2 2 5 5 425 2565 426
4619 2 2 5 5 426 2563 427
4620 2 2 5 5 426 2564 2563
4621 2 2 5 5 426 2565 2564
4622 2 2 5 5 427 2567 428
4623 2 2 5 5 2563 2567 427
4624 2 2 5 5 428 2567 429
4625 2 2 5 5 429 2561 430
4626 2 2 5 5 429 2562 2561
4627 2 2 5 5 429 2567 2562
4628 2 2 5 5 430 2557 431
4629 2 2 5 5 430 2561 2557
4630 2 2 5 5 431 2557 432
4631 2 2 5 5 432 2558 433
4632 2 2 5 5 2557 2558 432
4633 2 2 5 5 433 2560 434
4634 2 2 5 5 2558 2559 433
4635 2 2 5 5 2559 2560 433
4636 2 2 5 5 434 2556 435
4637 2 2 5 5 434 2560 2556
4638 2 2 5 5 435 2531 436
4639 2 2 5 5 435 2556 2531
4640 2 2 5 5 436 2529 437
4641 2 2 5 5 436 2531 2529
4642 2 2 5 5 437 2529 438
4643 2 2 5 5 438 2520 439
4644 2 2 5 5 438 2530 2520
4645 2 2 5 5 2529 2530 438
4646 2 2 5 5 439 2519 440
4647 2 2 5 5 439 2520 2519
4648 2 2 5 5 440 2518 441
4649 2 2 5 5 440 2519 2518
4650 2 2 5 5 441 2517 442
4651 2 2 5 5 441 2518 2517
4652 2 2 5 5 442 2517 443
4653 2 2 5 5 443 2521 444
4654 2 2 5 5 2517 2521 443
4655 2 2 5 5 444 2515 445
4656 2 2 5 5 444 2516 2515
4657 2 2 5 5 444 2521 2516
4658 2 2 5 5 445 2515 446
4659 2 2 5 5 446 2512 447
4660 2 2 5 5 446 2515 2512
4661 2 2 5 5 447 2511 448
4662 2 2 5 5 447 2512 2511
4663 2 2 5 5 448 2513 449
4664 2 2 5 5 2511 2513 448
4665 2 2 5 5 449 2514 450
4666 2 2 5 5 2513 2514 449
4667 2 2 5 5 450 2510 451
4668 2 2 5 5 450 2514 2510
4669 2 2 5 5 451 2509 452
4670 2 2 5 5 2507 2509 451
4671 2 2 5 5 451 2510 2507
4672 2 2 5 5 452 2508 453
4673 2 2 5 5 452 2509 2508
4674 2 2 5 5 453 2501 454
4675 2 2 5 5 453 2508 2501
4676 2 2 5 5 454 2499 455
4677 2 2 5 5 454 2501 2499
4678 2 2 5 5 455 2500 456
4679 2 2 5 5 2499 2500 455
4680 2 2 5 5 456 2498 457
4681 2 2 5 5 456 2500 2498
4682 2 2 5 5 457 2497 458
4683 2 2 5 5 457 2498 2497
4684 2 2 5 5 458 2505 459
4685 2 2 5 5 2497 2505 458
4686 2 2 5 5 459 2504 460
4687 2 2 5 5 459 2505 2504
4688 2 2 5 5 460 2504 461
4689 2 2 5 5 461 2506 462
4690 2 2 5 5 2504 2506 461
4691 2 2 5 5 462 2503 463
4692 2 2 5 5 2502 2503 462
4693 2 2 5 5 462 2506 2502
4694 2 2 5 5 463 2503 464
4695 2 2 5 5 464 2580 465
4696 2 2 5 5 464 2503 2478
4697 2 2 5 5 2478 2580 464
4698 2 2 5 5 465 2580 466
4699 2 2 5 5 469 2543 468
4700 2 2 5 5 470 2542 469
4701 2 2 5 5 2542 2543 469
4702 2 2 5 5 471 2545 470
4703 2 2 5 5 470 2545 2542
4704 2 2 5 5 472 2546 471
4705 2 2 5 5 471 2546 2545
4706 2 2 5 5 473 2544 472
4707 2 2 5 5 2544 2546 472
4708 2 2 5 5 474 2544 473
4709 2 2 5 5 475 2550 474
4710 2 2 5 5 474 2550 2544
4711 2 2 5 5 476 2552 475
4712 2 2 5 5 475 2551 2550
4713 2 2 5 5 475 2552 2551
4714 2 2 5 5 477 2553 476
4715 2 2 5 5 476 2553 2552
4716 2 2 5 5 478 2553 477
4717 2 2 5 5 479 2554 478
4718 2 2 5 5 478 2554 2553
4719 2 2 5 5 480 2555 479
4720 2 2 5 5 479 2555 2554
4721 2 2 5 5 481 2540 480
4722 2 2 5 5 2540 2555 480
4723 2 2 5 5 482 2538 481
4724 2 2 5 5 2538 2539 481
4725 2 2 5 5 2539 2540 481
4726 2 2 5 5 483 2538 482
4727 2 2 5 5 484 2541 483
4728 2 2 5 5 483 2541 2538
4729 2 2 5 5 485 2537 484
4730 2 2 5 5 2537 2541 484
4731 2 2 5 5 486 2533 485
4732 2 2 5 5 2533 2537 485
4733 2 2 5 5 487 2534 486
4734 2 2 5 5 2532 2533 486
4735 2 2 5 5 486 2534 2532
4736 2 2 5 5 488 2535 487
4737 2 2 5 5 487 2535 2534
4738 2 2 5 5 489 2535 488
4739 2 2 5 5 490 2536 489
4740 2 2 5 5 489 2536 2535
4741 2 2 5 5 491 2522 490
4742 2 2 5 5 2522 2523 490
4743 2 2 5 5 2523 2536 490
4744 2 2 5 5 492 2522 491
4745 2 2 5 5 493 2524 492
4746 2 2 5 5 492 2524 2522
4747 2 2 5 5 494 2528 493
4748 2 2 5 5 493 2528 2524
4749 2 2 5 5 495 2526 494
4750 2 2 5 5 2526 2527 494
4751 2 2 5 5 2527 2528 494
4752 2 2 5 5 496 2525 495
4753 2 2 5 5 2525 2526 495
4754 2 2 5 5 497 2525 496
4755 2 2 5 5 498 2699 497
4756 2 2 5 5 499 2689 498
4757 2 2 5 5 500 2689 499
4758 2 2 5 5 501 2687 500
4759 2 2 5 5 2687 2689 500
4760 2 2 5 5 502 2686 501
4761 2 2 5 5 2686 2687 501
4762 2 2 5 5 503 2688 502
4763 2 2 5 5 502 2688 2686
4764 2 2 5 5 504 2624 503
4765 2 2 5 5 2624 2688 503
4766 2 2 5 5 505 2618 504
4767 2 2 5 5 2618 2620 504
4768 2 2 5 5 2620 2624 504
4769 2 2 5 5 506 2618 505
4770 2 2 5 5 507 2617 506
4771 2 2 5 5 2617 2618 506
4772 2 2 5 5 508 2631 507
4773 2 2 5 5 507 2631 2617
4774 2 2 5 5 509 2616 508
4775 2 2 5 5 2616 2632 508
4776 2 2 5 5 508 2632 2631
4777 2 2 5 5 510 2616 509
4778 2 2 5 5 511 2615 510
4779 2 2 5 5 2615 2616 510
4780 2 2 5 5 512 2613 511
4781 2 2 5 5 2613 2615 511
4782 2 2 5 5 513 2608 512
4783 2 2 5 5 2608 2613 512
4784 2 2 5 5 514 2610 513
4785 2 2 5 5 513 2610 2608
4786 2 2 5 5 515 2611 514
4787 2 2 5 5 514 2611 2610
4788 2 2 5 5 2476 2611 515
4789 2 2 5 5 2487 2612 2476
4790 2 2 5 5 2476 2612 2611
4791 2 2 5 5 2496 2577 2477
4792 2 2 5 5 2478 2503 2479
4793 2 2 5 5 2479 2503 2480
4794 2 2 5 5 2480 2584 2481
4795 2 2 5 5 2480 2503 2502
4796 2 2 5 5 2502 2584 2480
4797 2 2 5 5 2481 2583 2482
4798 2 2 5 5 2481 2584 2583
4799 2 2 5 5 2482 2593 2483
4800 2 2 5 5 2583 2593 2482
4801 2 2 5 5 2483 2592 2484
4802 2 2 5 5 2483 2593 2592
4803 2 2 5 5 2484 2591 2485
4804 2 2 5 5 2484 2592 2591
4805 2 2 5 5 2485 2600 2486
4806 2 2 5 5 2591 2600 2485
4807 2 2 5 5 2486 2601 2487
4808 2 2 5 5 2600 2601 2486
4809 2 2 5 5 2601 2612 2487
4810 2 2 5 5 2576 2577 2496
4811 2 2 5 5 2496 2830 2576
4812 2 2 5 5 2498 2588 2497
4813 2 2 5 5 2497 2587 2505
4814 2 2 5 5 2497 2588 2587
4815 2 2 5 5 2500 2579 2498
4816 2 2 5 5 2579 2588 2498
4817 2 2 5 5 2499 2578 2500
4818 2 2 5 5 2501 2643 2499
4819 2 2 5 5 2499 2643 2578
4820 2 2 5 5 2578 2579 2500
4821 2 2 5 5 2508 2659 2501
4822 2 2 5 5 2501 2659 2643
4823 2 2 5 5 2506 2584 2502
4824 2 2 5 5 2505 2581 2504
4825 2 2 5 5 2504 2582 2506
4826 2 2 5 5 2581 2582 2504
4827 2 2 5 5 2505 2587 2581
4828 2 2 5 5 2582 2584 2506
4829 2 2 5 5 2507 2657 2509
4830 2 2 5 5 2510 2656 2507
4831 2 2 5 5 2656 2657 2507
4832 2 2 5 5 2509 2658 2508
4833 2 2 5 5 2658 2659 2508
4834 2 2 5 5 2657 2658 2509
4835 2 2 5 5 2514 2656 2510
4836 2 2 5 5 2512 2673 2511
4837 2 2 5 5 2511 2672 2513
4838 2 2 5 5 2511 2673 2672
4839 2 2 5 5 2515 2675 2512
4840 2 2 5 5 2512 2675 2673
4841 2 2 5 5 2513 2660 2514
4842 2 2 5 5 2513 2672 2660
4843 2 2 5 5 2514 2661 2656
4844 2 2 5 5 2660 2661 2514
4845 2 2 5 5 2516 2675 2515
4846 2 2 5 5 2521 2674 2516
4847 2 2 5 5 2674 2675 2516
4848 2 2 5 5 2518 2684 2517
4849 2 2 5 5 2517 2684 2521
4850 2 2 5 5 2519 2683 2518
4851 2 2 5 5 2683 2684 2518
4852 2 2 5 5 2520 2685 2519
4853 2 2 5 5 2519 2685 2683
4854 2 2 5 5 2530 2717 2520
4855 2 2 5 5 2520 2717 2685
4856 2 2 5 5 2521 2680 2674
4857 2 2 5 5 2521 2684 2680
4858 2 2 5 5 2522 2690 2523
4859 2 2 5 5 2524 2702 2522
4860 2 2 5 5 2522 2702 2690
4861 2 2 5 5 2523 2734 2536
4862 2 2 5 5 2690 2735 2523
4863 2 2 5 5 2523 2735 2734
4864 2 2 5 5 2528 2702 2524
4865 2 2 5 5 2526 2703 2527
4866 2 2 5 5 2527 2701 2528
4867 2 2 5 5 2529 2720 2530
4868 2 2 5 5 2531 2719 2529
4869 2 2 5 5 2719 2720 2529
4870 2 2 5 5 2530 2718 2717
4871 2 2 5 5 2530 2720 2718
4872 2 2 5 5 2556 2719 2531
4873 2 2 5 5 2532 2733 2533
4874 2 2 5 5 2534 2738 2532
4875 2 2 5 5 2533 2748 2537
4876 2 2 5 5 2733 2745 2533
4877 2 2 5 5 2745 2748 2533
4878 2 2 5 5 2535 2739 2534
4879 2 2 5 5 2536 2739 2535
4880 2 2 5 5 2540 2802 2801
4881 2 2 5 5 2542 2757 2543
4882 2 2 5 5 2542 2761 2757
4883 2 2 5 5 2757 2762 2543
4884 2 2 5 5 2548 2766 2547
4885 2 2 5 5 2547 2782 2566
4886 2 2 5 5 2766 2782 2547
4887 2 2 5 5 2560 2730 2556
4888 2 2 5 5 2556 2730 2719
4889 2 2 5 5 2557 2815 2558
4890 2 2 5 5 2561 2815 2557
4891 2 2 5 5 2558 2814 2559
4892 2 2 5 5 2558 2815 2814
4893 2 2 5 5 2559 2804 2560
4894 2 2 5 5 2803 2804 2559
4895 2 2 5 5 2559 2814 2803
4896 2 2 5 5 2560 2804 2730
4897 2 2 5 5 2562 2817 2561
4898 2 2 5 5 2561 2817 2815
4899 2 2 5 5 2567 2822 2562
4900 2 2 5 5 2816 2817 2562
4901 2 2 5 5 2562 2822 2816
4902 2 2 5 5 2564 2823 2563
4903 2 2 5 5 2563 2822 2567
4904 2 2 5 5 2563 2823 2822
4905 2 2 5 5 2565 2827 2564
4906 2 2 5 5 2564 2826 2823
4907 2 2 5 5 2564 2827 2826
4908 2 2 5 5 2566 2781 2565
4909 2 2 5 5 2781 2827 2565
4910 2 2 5 5 2566 2782 2781
4911 2 2 5 5 2570 2829 2569
4912 2 2 5 5 2570 2831 2829
4913 2 2 5 5 2830 2831 2570
4914 2 2 5 5 2578 2644 2579
4915 2 2 5 5 2643 2646 2578
4916 2 2 5 5 2578 2646 2644
4917 2 2 5 5 2585 2588 2579
4918 2 2 5 5 2579 2644 2585
4919 2 2 5 5 2581 2593 2582
4920 2 2 5 5 2587 2589 2581
4921 2 2 5 5 2589 2593 2581
4922 2 2 5 5 2583 2584 2582
4923 2 2 5 5 2582 2593 2583
4924 2 2 5 5 2586 2588 2585
4925 2 2 5 5 2585 2594 2586
4926 2 2 5 5 2585 2644 2594
4927 2 2 5 5 2587 2588 2586
4928 2 2 5 5 2586 2589 2587
4929 2 2 5 5 2586 2590 2589
4930 2 2 5 5 2586 2599 2590
4931 2 2 5 5 2594 2599 2586
4932 2 2 5 5 2590 2592 2589
4933 2 2 5 5 2592 2593 2589
4934 2 2 5 5 2591 2592 2590
4935 2 2 5 5 2590 2599 2591
4936 2 2 5 5 2599 2600 2591
4937 2 2 5 5 2595 2597 2594
4938 2 2 5 5 2594 2644 2595
4939 2 2 5 5 2597 2598 2594
4940 2 2 5 5 2598 2599 2594
4941 2 2 5 5 2595 2645 2597
4942 2 2 5 5 2644 2645 2595
4943 2 2 5 5 2596 2598 2597
4944 2 2 5 5 2597 2604 2596
4945 2 2 5 5 2596 2601 2598
4946 2 2 5 5 2596 2612 2601
4947 2 2 5 5 2604 2607 2596
4948 2 2 5 5 2607 2612 2596
4949 2 2 5 5 2597 2645 2604
4950 2 2 5 5 2598 2600 2599
4951 2 2 5 5 2598 2601 2600
4952 2 2 5 5 2602 2605 2603
4953 2 2 5 5 2603 2614 2602
4954 2 2 5 5 2602 2609 2605
4955 2 2 5 5 2602 2613 2609
4956 2 2 5 5 2602 2614 2613
4957 2 2 5 5 2605 2647 2603
4958 2 2 5 5 2603 2648 2614
4959 2 2 5 5 2647 2651 2603
4960 2 2 5 5 2603 2651 2648
4961 2 2 5 5 2605 2609 2604
4962 2 2 5 5 2604 2645 2605
4963 2 2 5 5 2606 2607 2604
4964 2 2 5 5 2604 2609 2606
4965 2 2 5 5 2645 2647 2605
4966 2 2 5 5 2606 2610 2607
4967 2 2 5 5 2606 2609 2608
4968 2 2 5 5 2608 2610 2606
4969 2 2 5 5 2610 2611 2607
4970 2 2 5 5 2611 2612 2607
4971 2 2 5 5 2609 2613 2608
4972 2 2 5 5 2614 2615 2613
4973 2 2 5 5 2614 2616 2615
4974 2 2 5 5 2614 2629 2616
4975 2 2 5 5 2614 2648 2629
4976 2 2 5 5 2629 2632 2616
4977 2 2 5 5 2617 2619 2618
4978 2 2 5 5 2617 2634 2619
4979 2 2 5 5 2631 2635 2617
4980 2 2 5 5 2617 2635 2634
4981 2 2 5 5 2619 2620 2618
4982 2 2 5 5 2619 2627 2620
4983 2 2 5 5 2619 2628 2627
4984 2 2 5 5 2619 2640 2628
4985 2 2 5 5 2634 2640 2619
4986 2 2 5 5 2623 2624 2620
4987 2 2 5 5 2620 2627 2623
4988 2 2 5 5 2622 2625 2621
4989 2 2 5 5 2621 2686 2622
4990 2 2 5 5 2625 2662 2621
4991 2 2 5 5 2662 2694 2621
4992 2 2 5 5 2621 2694 2686
4993 2 2 5 5 2622 2624 2623
4994 2 2 5 5 2623 2626 2622
4995 2 2 5 5 2622 2688 2624
4996 2 2 5 5 2622 2626 2625
4997 2 2 5 5 2686 2688 2622
4998 2 2 5 5 2623 2627 2626
4999 2 2 5 5 2626 2669 2625
5000 2 2 5 5 2625 2669 2662
5001 2 2 5 5 2627 2628 2626
5002 2 2 5 5 2628 2668 2626
5003 2 2 5 5 2668 2669 2626
5004 2 2 5 5 2640 2641 2628
5005 2 2 5 5 2641 2668 2628
5006 2 2 5 5 2630 2633 2629
5007 2 2 5 5 2629 2648 2630
5008 2 2 5 5 2629 2633 2632
5009 2 2 5 5 2630 2636 2633
5010 2 2 5 5 2630 2649 2636
5011 2 2 5 5 2648 2651 2630
5012 2 2 5 5 2630 2651 2649
5013 2 2 5 5 2632 2633 2631
5014 2 2 5 5 2633 2635 2631
5015 2 2 5 5 2633 2636 2635
5016 2 2 5 5 2635 2637 2634
5017 2 2 5 5 2637 2639 2634
5018 2 2 5 5 2639 2640 2634
5019 2 2 5 5 2636 2637 2635
5020 2 2 5 5 2636 2653 2637
5021 2 2 5 5 2649 2653 2636
5022 2 2 5 5 2638 2639 2637
5023 2 2 5 5 2637 2653 2638
5024 2 2 5 5 2638 2641 2639
5025 2 2 5 5 2638 2666 2641
5026 2 2 5 5 2653 2655 2638
5027 2 2 5 5 2655 2666 2638
5028 2 2 5 5 2639 2641 2640
5029 2 2 5 5 2666 2668 2641
5030 2 2 5 5 2642 2646 2643
5031 2 2 5 5 2643 2659 2642
5032 2 2 5 5 2642 2647 2646
5033 2 2 5 5 2642 2651 2647
5034 2 2 5 5 2650 2651 2642
5035 2 2 5 5 2642 2659 2650
5036 2 2 5 5 2644 2646 2645
5037 2 2 5 5 2646 2647 2645
5038 2 2 5 5 2649 2651 2650
5039 2 2 5 5 2650 2652 2649
5040 2 2 5 5 2652 2653 2649
5041 2 2 5 5 2650 2658 2652
5042 2 2 5 5 2650 2659 2658
5043 2 2 5 5 2652 2654 2653
5044 2 2 5 5 2652 2657 2654
5045 2 2 5 5 2652 2658 2657
5046 2 2 5 5 2654 2655 2653
5047 2 2 5 5 2654 2661 2655
5048 2 2 5 5 2654 2657 2656
5049 2 2 5 5 2656 2661 2654
5050 2 2 5 5 2655 2661 2660
5051 2 2 5 5 2660 2666 2655
5052 2 2 5 5 2660 2667 2666
5053 2 2 5 5 2660 2672 2667
5054 2 2 5 5 2662 2665 2663
5055 2 2 5 5 2663 2694 2662
5056 2 2 5 5 2662 2669 2665
5057 2 2 5 5 2663 2665 2664
5058 2 2 5 5 2664 2692 2663
5059 2 2 5 5 2692 2694 2663
5060 2 2 5 5 2665 2678 2664
5061 2 2 5 5 2664 2679 2676
5062 2 2 5 5 2676 2692 2664
5063 2 2 5 5 2678 2679 2664
5064 2 2 5 5 2669 2671 2665
5065 2 2 5 5 2665 2671 2670
5066 2 2 5 5 2670 2678 2665
5067 2 2 5 5 2667 2668 2666
5068 2 2 5 5 2667 2669 2668
5069 2 2 5 5 2667 2671 2669
5070 2 2 5 5 2667 2672 2671
5071 2 2 5 5 2671 2673 2670
5072 2 2 5 5 2673 2675 2670
5073 2 2 5 5 2670 2675 2674
5074 2 2 5 5 2674 2678 2670
5075 2 2 5 5 2672 2673 2671
5076 2 2 5 5 2674 2680 2678
5077 2 2 5 5 2676 2679 2677
5078 2 2 5 5 2691 2692 2676
5079 2 2 5 5 2676 2707 2691
5080 2 2 5 5 2679 2682 2677
5081 2 2 5 5 2677 2682 2681
5082 2 2 5 5 2681 2712 2677
5083 2 2 5 5 2678 2680 2679
5084 2 2 5 5 2680 2682 2679
5085 2 2 5 5 2680 2684 2682
5086 2 2 5 5 2682 2683 2681
5087 2 2 5 5 2683 2685 2681
5088 2 2 5 5 2685 2714 2681
5089 2 2 5 5 2681 2714 2712
5090 2 2 5 5 2682 2684 2683
5091 2 2 5 5 2685 2717 2714
5092 2 2 5 5 2686 2694 2687
5093 2 2 5 5 2687 2693 2689
5094 2 2 5 5 2687 2694 2693
5095 2 2 5 5 2693 2697 2689
5096 2 2 5 5 2722 2735 2690
5097 2 2 5 5 2691 2693 2692
5098 2 2 5 5 2691 2698 2693
5099 2 2 5 5 2693 2694 2692
5100 2 2 5 5 2693 2698 2697
5101 2 2 5 5 2707 2708 2696
5102 2 2 5 5 2708 2709 2696
5103 2 2 5 5 2701 2705 2702
5104 2 2 5 5 2706 2715 2705
5105 2 2 5 5 2715 2724 2705
5106 2 2 5 5 2705 2724 2723
5107 2 2 5 5 2710 2711 2706
5108 2 2 5 5 2711 2715 2706
5109 2 2 5 5 2708 2711 2710
5110 2 2 5 5 2712 2714 2711
5111 2 2 5 5 2711 2714 2713
5112 2 2 5 5 2713 2715 2711
5113 2 2 5 5 2714 2717 2713
5114 2 2 5 5 2713 2716 2715
5115 2 2 5 5 2713 2718 2716
5116 2 2 5 5 2717 2718 2713
5117 2 2 5 5 2716 2724 2715
5118 2 2 5 5 2718 2726 2716
5119 2 2 5 5 2716 2725 2724
5120 2 2 5 5 2716 2726 2725
5121 2 2 5 5 2720 2726 2718
5122 2 2 5 5 2719 2729 2720
5123 2 2 5 5 2719 2730 2729
5124 2 2 5 5 2720 2729 2726
5125 2 2 5 5 2722 2725 2721
5126 2 2 5 5 2721 2735 2722
5127 2 2 5 5 2725 2727 2721
5128 2 2 5 5 2727 2737 2721
5129 2 2 5 5 2721 2737 2735
5130 2 2 5 5 2723 2724 2722
5131 2 2 5 5 2724 2725 2722
5132 2 2 5 5 2726 2727 2725
5133 2 2 5 5 2726 2729 2727
5134 2 2 5 5 2727 2732 2728
5135 2 2 5 5 2728 2737 2727
5136 2 2 5 5 2729 2732 2727
5137 2 2 5 5 2728 2732 2731
5138 2 2 5 5 2731 2742 2728
5139 2 2 5 5 2736 2737 2728
5140 2 2 5 5 2728 2742 2736
5141 2 2 5 5 2730 2732 2729
5142 2 2 5 5 2732 2804 2731
5143 2 2 5 5 2731 2810 2742
5144 2 2 5 5 2731 2804 2803
5145 2 2 5 5 2803 2810 2731
5146 2 2 5 5 2741 2746 2733
5147 2 2 5 5 2733 2746 2745
5148 2 2 5 5 2735 2737 2734
5149 2 2 5 5 2738 2739 2736
5150 2 2 5 5 2736 2740 2738
5151 2 2 5 5 2736 2742 2740
5152 2 2 5 5 2740 2743 2741
5153 2 2 5 5 2742 2743 2740
5154 2 2 5 5 2743 2746 2741
5155 2 2 5 5 2742 2810 2743
5156 2 2 5 5 2744 2746 2743
5157 2 2 5 5 2743 2810 2744
5158 2 2 5 5 2744 2747 2746
5159 2 2 5 5 2744 2811 2747
5160 2 2 5 5 2744 2810 2809
5161 2 2 5 5 2809 2811 2744
5162 2 2 5 5 2747 2811 2749
5163 2 2 5 5 2749 2808 2806
5164 2 2 5 5 2749 2811 2808
5165 2 2 5 5 2755 2841 2754
5166 2 2 5 5 2754 2838 2836
5167 2 2 5 5 2754 2841 2838
5168 2 2 5 5 2756 2758 2755
5169 2 2 5 5 2758 2770 2755
5170 2 2 5 5 2770 2841 2755
5171 2 2 5 5 2757 2758 2756
5172 2 2 5 5 2756 2763 2757
5173 2 2 5 5 2757 2761 2758
5174 2 2 5 5 2757 2763 2762
5175 2 2 5 5 2759 2769 2758
5176 2 2 5 5 2769 2770 2758
5177 2 2 5 5 2759 2773 2769
5178 2 2 5 5 2759 2775 2773
5179 2 2 5 5 2768 2841 2770
5180 2 2 5 5 2768 2842 2841
5181 2 2 5 5 2773 2775 2774
5182 2 2 5 5 2775 2776 2774
5183 2 2 5 5 2776 2777 2774
5184 2 2 5 5 2776 2791 2777
5185 2 2 5 5 2777 2784 2778
5186 2 2 5 5 2780 2784 2777
5187 2 2 5 5 2777 2791 2780
5188 2 2 5 5 2778 2782 2779
5189 2 2 5 5 2781 2782 2778
5190 2 2 5 5 2778 2784 2781
5191 2 2 5 5 2783 2784 2780
5192 2 2 5 5 2780 2788 2783
5193 2 2 5 5 2780 2792 2788
5194 2 2 5 5 2791 2792 2780
5195 2 2 5 5 2784 2827 2781
5196 2 2 5 5 2783 2827 2784
5197 2 2 5 5 2788 2824 2783
5198 2 2 5 5 2824 2826 2783
5199 2 2 5 5 2826 2827 2783
5200 2 2 5 5 2785 2788 2786
5201 2 2 5 5 2786 2798 2785
5202 2 2 5 5 2785 2824 2788
5203 2 2 5 5 2798 2819 2785
5204 2 2 5 5 2819 2824 2785
5205 2 2 5 5 2786 2788 2787
5206 2 2 5 5 2788 2792 2787
5207 2 2 5 5 2796 2818 2797
5208 2 2 5 5 2805 2807 2796
5209 2 2 5 5 2807 2818 2796
5210 2 2 5 5 2797 2819 2798
5211 2 2 5 5 2818 2819 2797
5212 2 2 5 5 2809 2810 2803
5213 2 2 5 5 2803 2814 2809
5214 2 2 5 5 2806 2807 2805
5215 2 2 5 5 2806 2808 2807
5216 2 2 5 5 2808 2812 2807
5217 2 2 5 5 2812 2820 2807
5218 2 2 5 5 2807 2821 2818
5219 2 2 5 5 2820 2821 2807
5220 2 2 5 5 2811 2813 2808
5221 2 2 5 5 2808 2813 2812
5222 2 2 5 5 2809 2813 2811
5223 2 2 5 5 2809 2814 2813
5224 2 2 5 5 2813 2817 2812
5225 2 2 5 5 2817 2820 2812
5226 2 2 5 5 2814 2815 2813
5227 2 2 5 5 2815 2817 2813
5228 2 2 5 5 2816 2820 2817
5229 2 2 5 5 2816 2821 2820
5230 2 2 5 5 2816 2822 2821
5231 2 2 5 5 2818 2825 2819
5232 2 2 5 5 2821 2825 2818
5233 2 2 5 5 2819 2825 2824
5234 2 2 5 5 2822 2823 2821
5235 2 2 5 5 2823 2825 2821
5236 2 2 5 5 2823 2826 2825
5237 2 2 5 5 2825 2826 2824
5238 2 2 5 5 2832 2835 2828
5239 2 2 5 5 2834 2835 2832
5240 2 2 5 5 2835 2838 2837
5241 2 2 6 6 3023 3027 3024
5242 2 2 6 6 2879 3032 2960
5243 2 2 6 6 3100 3103 2850
5244 2 2 6 6 3037 3048 3038
5245 2 2 6 6 2890 3141 3138
5246 2 2 6 6 3004 3035 3034
5247 2 2 6 6 2888 3040 2883
5248 2 2 6 6 2878 3032 2879
5249 2 2 6 6 3039 3040 3037
5250 2 2 6 6 3024 3027 3025
5251 2 2 6 6 3137 3142 3135
5252 2 2 6 6 3050 3053 3041
5253 2 2 6 6 2883 3039 3033
5254 2 2 6 6 2891 3144 2889
5255 2 2 6 6 2890 3138 2886
5256 2 2 6 6 2886 3138 3133
5257 2 2 6 6 3034 3035 3030
5258 2 2 6 6 3142 3144 3135
5259 2 2 6 6 2888 3133 3040
5260 2 2 6 6 3052 3053 3050
5261 2 2 6 6 2883 3033 2881
5262 2 2 6 6 3054 3137 3136
5263 2 2 6 6 2882 3033 3031
5264 2 2 6 6 3027 3028 3025
5265 2 2 6 6 3051 3052 3050
5266 2 2 6 6 3138 3140 3051
5267 2 2 6 6 3031 3032 2878
5268 2 2 6 6 3030 3036 3034
5269 2 2 6 6 2886 3133 2887
5270 2 2 6 6 3054 3139 3137
5271 2 2 6 6 3004 3047 3046
5272 2 2 6 6 2922 2967 2919
5273 2 2 6 6 2960 3029 3028
5274 2 2 6 6 3028 3029 3025
5275 2 2 6 6 532 3001 531
5276 2 2 6 6 2881 3033 2882
5277 2 2 6 6 2887 3133 2888
5278 2 2 6 6 3133 3138 3051
5279 2 2 6 6 2882 3031 2878
5280 2 2 6 6 123 3098 122
5281 2 2 6 6 2960 3032 3029
5282 2 2 6 6 3120 3131 3130
5283 2 2 6 6 3051 3140 3052
5284 2 2 6 6 3034 3047 3004
5285 2 2 6 6 3036 3039 3038
5286 2 2 6 6 3136 3137 3134
5287 2 2 6 6 2891 3145 3144
5288 2 2 6 6 3101 3102 3100
5289 2 2 6 6 3031 3036 3030
5290 2 2 6 6 3040 3051 3037
5291 2 2 6 6 3113 3114 3111
5292 2 2 6 6 2993 3001 532
5293 2 2 6 6 3015 3026 3017
5294 2 2 6 6 3140 3141 3139
5295 2 2 6 6 3002 3012 3011
5296 2 2 6 6 3038 3047 3034
5297 2 2 6 6 2993 3002 3001
5298 2 2 6 6 3054 3136 3056
5299 2 2 6 6 3112 3113 3111
5300 2 2 6 6 3033 3036 3031
5301 2 2 6 6 3017 3027 3023
5302 2 2 6 6 2893 3145 2891
5303 2 2 6 6 3054 3056 3053
5304 2 2 6 6 3041 3049 3048
5305 2 2 6 6 3033 3039 3036
5306 2 2 6 6 3134 3137 3135
5307 2 2 6 6 3052 3054 3053
5308 2 2 6 6 3056 3136 3055
5309 2 2 6 6 3052 3139 3054
5310 2 2 6 6 3040 3133 3051
5311 2 2 6 6 3138 3141 3140
5312 2 2 6 6 3008 3011 3009
5313 2 2 6 6 3011 3012 3009
5314 2 2 6 6 3037 3050 3048
5315 2 2 6 6 3036 3038 3034
5316 2 2 6 6 3014 3026 3015
5317 2 2 6 6 2993 3012 3002
5318 2 2 6 6 3024 3025 3022
5319 2 2 6 6 2968 2974 2973
5320 2 2 6 6 3048 3050 3041
5321 2 2 6 6 2896 3149 2899
5322 2 2 6 6 531 2998 530
5323 2 2 6 6 2995 3063 2997
5324 2 2 6 6 2995 3045 2994
5325 2 2 6 6 3026 3027 3017
5326 2 2 6 6 3078 3082 3081
5327 2 2 6 6 528 3057 527
5328 2 2 6 6 3101 3125 3102
5329 2 2 6 6 3052 3140 3139
5330 2 2 6 6 3135 3144 3143
5331 2 2 6 6 533 2991 532
5332 2 2 6 6 2986 2989 2988
5333 2 2 6 6 2850 3103 2851
5334 2 2 6 6 520 3083 519
5335 2 2 6 6 3025 3035 3022
5336 2 2 6 6 3037 3051 3050
5337 2 2 6 6 2996 3007 3005
5338 2 2 6 6 3009 3010 3008
5339 2 2 6 6 2994 3063 2995
5340 2 2 6 6 531 3001 2998
5341 2 2 6 6 522 3082 521
5342 2 2 6 6 521 3082 520
5343 2 2 6 6 2994 3045 3044
5344 2 2 6 6 3057 3061 527
5345 2 2 6 6 2997 3061 3057
5346 2 2 6 6 3029 3035 3025
5347 2 2 6 6 3026 3028 3027
5348 2 2 6 6 3029 3032 3030
5349 2 2 6 6 2978 2980 2977
5350 2 2 6 6 2991 2993 532
5351 2 2 6 6 2999 3003 2996
5352 2 2 6 6 122 3098 2850
5353 2 2 6 6 3144 3145 3143
5354 2 2 6 6 3005 3007 3006
5355 2 2 6 6 2960 3028 2958
5356 2 2 6 6 2892 3146 2893
5357 2 2 6 6 2981 2986 2980
5358 2 2 6 6 2981 2989 2986
5359 2 2 6 6 538 2980 537
5360 2 2 6 6 2997 3063 3061
5361 2 2 6 6 3077 3082 3078
5362 2 2 6 6 529 3000 528
5363 2 2 6 6 530 3000 529
5364 2 2 6 6 3030 3035 3029
5365 2 2 6 6 536 2988 535
5366 2 2 6 6 539 2977 538
5367 2 2 6 6 3055 3136 3132
5368 2 2 6 6 3081 3082 522
5369 2 2 6 6 3030 3032 3031
5370 2 2 6 6 3003 3007 2996
5371 2 2 6 6 3015 3016 2948
5372 2 2 6 6 2979 2980 2978
5373 2 2 6 6 2958 3026 3014
5374 2 2 6 6 3068 3070 3062
5375 2 2 6 6 3082 3083 520
5376 2 2 6 6 2985 2989 2981
5377 2 2 6 6 2958 3028 3026
5378 2 2 6 6 3067 3068 3043
5379 2 2 6 6 527 3060 526
5380 2 2 6 6 2992 2993 2991
5381 2 2 6 6 542 2965 541
5382 2 2 6 6 3000 3057 528
5383 2 2 6 6 3069 3080 3058
5384 2 2 6 6 2998 3000 530
5385 2 2 6 6 3132 3136 3134
5386 2 2 6 6 3060 3062 3059
5387 2 2 6 6 3014 3015 2948
5388 2 2 6 6 526 3059 525
5389 2 2 6 6 3083 3086 519
5390 2 2 6 6 2985 3019 3018
5391 2 2 6 6 2986 2988 536
5392 2 2 6 6 2979 2981 2980
5393 2 2 6 6 3117 3146 2892
5394 2 2 6 6 2965 2970 2963
5395 2 2 6 6 537 2986 536
5396 2 2 6 6 2989 3018 2990
5397 2 2 6 6 527 3061 3060
5398 2 2 6 6 3042 3067 3043
5399 2 2 6 6 2992 3012 2993
5400 2 2 6 6 3078 3081 3079
5401 2 2 6 6 3067 3070 3068
5402 2 2 6 6 2983 3020 2985
5403 2 2 6 6 2977 2980 538
5404 2 2 6 6 3077 3078 3076
5405 2 2 6 6 519 3087 518
5406 2 2 6 6 2958 3014 2956
5407 2 2 6 6 540 2963 539
5408 2 2 6 6 541 2963 540
5409 2 2 6 6 3143 3145 3118
5410 2 2 6 6 2894 3117 2892
5411 2 2 6 6 526 3060 3059
5412 2 2 6 6 3062 3070 3059
5413 2 2 6 6 2972 2979 2978
5414 2 2 6 6 2983 2985 2981
5415 2 2 6 6 3102 3103 3100
5416 2 2 6 6 2962 2977 539
5417 2 2 6 6 2988 2990 2987
5418 2 2 6 6 2950 3014 2948
5419 2 2 6 6 523 3081 522
5420 2 2 6 6 524 3080 523
5421 2 2 6 6 2975 2982 2972
5422 2 2 6 6 3079 3080 3069
5423 2 2 6 6 2985 3020 3019
5424 2 2 6 6 535 2987 534
5425 2 2 6 6 534 2987 533
5426 2 2 6 6 2979 2983 2981
5427 2 2 6 6 3078 3079 3072
5428 2 2 6 6 2964 2966 2965
5429 2 2 6 6 2997 2999 2996
5430 2 2 6 6 2980 2986 537
5431 2 2 6 6 2992 3013 3012
5432 2 2 6 6 2956 3014 2950
5433 2 2 6 6 2985 3018 2989
5434 2 2 6 6 2984 3020 2983
5435 2 2 6 6 3145 3146 3118
5436 2 2 6 6 3077 3083 3082
5437 2 2 6 6 2999 3000 2998
5438 2 2 6 6 2996 3005 2995
5439 2 2 6 6 2972 2982 2979
5440 2 2 6 6 2951 3016 2925
5441 2 2 6 6 2976 2982 2975
5442 2 2 6 6 2971 2977 2962
5443 2 2 6 6 543 2961 542
5444 2 2 6 6 2995 2997 2996
5445 2 2 6 6 525 3058 524
5446 2 2 6 6 3058 3080 524
5447 2 2 6 6 3012 3013 3009
5448 2 2 6 6 2987 2991 533
5449 2 2 6 6 2997 3057 2999
5450 2 2 6 6 2989 2990 2988
5451 2 2 6 6 3080 3081 523
5452 2 2 6 6 3059 3070 3058
5453 2 2 6 6 535 2988 2987
5454 2 2 6 6 539 2963 2962
5455 2 2 6 6 3075 3077 3076
5456 2 2 6 6 2948 3016 2951
5457 2 2 6 6 2982 2983 2979
5458 2 2 6 6 3071 3079 3069
5459 2 2 6 6 3005 3045 2995
5460 2 2 6 6 3001 3003 2998
5461 2 2 6 6 2964 2965 542
5462 2 2 6 6 2982 2984 2983
5463 2 2 6 6 2998 3003 2999
5464 2 2 6 6 3002 3007 3003
5465 2 2 6 6 2969 2970 2966
5466 2 2 6 6 2966 2970 2965
5467 2 2 6 6 3086 3087 519
5468 2 2 6 6 525 3059 3058
5469 2 2 6 6 3102 3125 3122
5470 2 2 6 6 3002 3003 3001
5471 2 2 6 6 3076 3078 3072
5472 2 2 6 6 3085 3088 3086
5473 2 2 6 6 3061 3062 3060
5474 2 2 6 6 2990 2991 2987
5475 2 2 6 6 541 2965 2963
5476 2 2 6 6 3058 3070 3069
5477 2 2 6 6 2971 2978 2977
5478 2 2 6 6 3007 3011 3006
5479 2 2 6 6 3002 3011 3007
5480 2 2 6 6 2973 2978 2971
5481 2 2 6 6 3061 3063 3062
5482 2 2 6 6 3134 3135 3130
5483 2 2 6 6 2968 2970 2969
5484 2 2 6 6 3077 3084 3083
5485 2 2 6 6 3084 3086 3083
5486 2 2 6 6 2924 2969 2922
5487 2 2 6 6 2990 2992 2991
5488 2 2 6 6 2851 3103 3096
5489 2 2 6 6 3118 3146 3119
5490 2 2 6 6 3072 3079 3071
5491 2 2 6 6 2976 2984 2982
5492 2 2 6 6 3063 3068 3062
5493 2 2 6 6 3006 3011 3008
5494 2 2 6 6 3075 3076 3064
5495 2 2 6 6 2973 2974 2972
5496 2 2 6 6 2994 3068 3063
5497 2 2 6 6 2964 2967 2966
5498 2 2 6 6 3013 3021 3009
5499 2 2 6 6 2972 2978 2973
5500 2 2 6 6 2961 2964 542
5501 2 2 6 6 3119 3146 3117
5502 2 2 6 6 3069 3070 3067
5503 2 2 6 6 3009 3021 3010
5504 2 2 6 6 3065 3076 3072
5505 2 2 6 6 3135 3143 3130
5506 2 2 6 6 2974 2975 2972
5507 2 2 6 6 2990 3018 2992
5508 2 2 6 6 3102 3104 3103
5509 2 2 6 6 2992 3018 3013
5510 2 2 6 6 2900 3150 2901
5511 2 2 6 6 3130 3143 3120
5512 2 2 6 6 3067 3071 3069
5513 2 2 6 6 3116 3117 2894
5514 2 2 6 6 3074 3075 3064
5515 2 2 6 6 3066 3072 3071
5516 2 2 6 6 3043 3068 2994
5517 2 2 6 6 3118 3121 3120
5518 2 2 6 6 2901 3107 2902
5519 2 2 6 6 2994 3044 3043
5520 2 2 6 6 2895 3116 2894
5521 2 2 6 6 3120 3143 3118
5522 2 2 6 6 3064 3076 3065
5523 2 2 6 6 2966 2967 2922
5524 2 2 6 6 2897 3147 2896
5525 2 2 6 6 3085 3086 3084
5526 2 2 6 6 2902 3107 2884
5527 2 2 6 6 3119 3121 3118
5528 2 2 6 6 2919 2964 2961
5529 2 2 6 6 2901 3150 3108
5530 2 2 6 6 2884 3107 3106
5531 2 2 6 6 2963 2970 2962
5532 2 2 6 6 2922 2969 2966
5533 2 2 6 6 3065 3072 3066
5534 2 2 6 6 2968 2971 2970
5535 2 2 6 6 3075 3084 3077
5536 2 2 6 6 3042 3071 3067
5537 2 2 6 6 3018 3019 3013
5538 2 2 6 6 2968 2969 2924
5539 2 2 6 6 3102 3122 3104
5540 2 2 6 6 3019 3021 3013
5541 2 2 6 6 2854 3148 3147
5542 2 2 6 6 2901 3108 3107
5543 2 2 6 6 3132 3134 3131
5544 2 2 6 6 2916 2961 544
5545 2 2 6 6 3066 3071 3042
5546 2 2 6 6 2968 2973 2971
5547 2 2 6 6 2970 2971 2962
5548 2 2 6 6 3085 3127 3088
5549 2 2 6 6 3087 3099 3089
5550 2 2 6 6 3073 3084 3075
5551 2 2 6 6 3105 3116 2895
5552 2 2 6 6 2884 3106 2885
5553 2 2 6 6 3131 3134 3130
5554 2 2 6 6 2885 3105 2895
5555 2 2 6 6 2885 3106 3105
5556 2 2 6 6 2854 3147 2853
5557 2 2 6 6 3090 3148 2847
5558 2 2 6 6 2919 2967 2964
5559 2 2 6 6 3115 3119 3117
5560 2 2 6 6 3103 3104 3096
5561 2 2 6 6 2851 3096 2848
5562 2 2 6 6 3107 3110 3106
5563 2 2 6 6 2847 3148 2854
5564 2 2 6 6 3110 3112 3106
5565 2 2 6 6 3115 3117 3116
5566 2 2 6 6 3119 3123 3121
5567 2 2 6 6 2846 3093 3090
5568 2 2 6 6 3115 3123 3119
5569 2 2 6 6 3087 3089 518
5570 2 2 6 6 3106 3112 3105
5571 2 2 6 6 3105 3112 3111
5572 2 2 6 6 3114 3123 3115
5573 2 2 6 6 3115 3116 3111
5574 2 2 6 6 2899 3149 2900
5575 2 2 6 6 3114 3115 3111
5576 2 2 6 6 3104 3122 3113
5577 2 2 6 6 3111 3116 3105
5578 2 2 6 6 3073 3085 3084
5579 2 2 6 6 2846 3090 2847
5580 2 2 6 6 3148 3149 3147
5581 2 2 6 6 3073 3075 3074
5582 2 2 6 6 3088 3099 3087
5583 2 2 6 6 3108 3109 3107
5584 2 2 6 6 3149 3150 2900
5585 2 2 6 6 3074 3129 3073
5586 2 2 6 6 3073 3127 3085
5587 2 2 6 6 3109 3110 3107
5588 2 2 6 6 3096 3104 3095
5589 2 2 6 6 3122 3125 3124
5590 2 2 6 6 518 3089 517
5591 2 2 6 6 2849 3093 2846
5592 2 2 6 6 2849 3094 3093
5593 2 2 6 6 3104 3113 3095
5594 2 2 6 6 3091 3093 3092
5595 2 2 6 6 3090 3093 3091
5596 2 2 6 6 3127 3129 3126
5597 2 2 6 6 2848 3096 3094
5598 2 2 6 6 3108 3150 3091
5599 2 2 6 6 3094 3095 3092
5600 2 2 6 6 3073 3129 3127
5601 2 2 6 6 3126 3128 3125
5602 2 2 6 6 3093 3094 3092
5603 2 2 6 6 3091 3109 3108
5604 2 2 6 6 3094 3096 3095
5605 2 2 6 6 3089 3097 516
5606 2 2 6 6 3126 3129 3128
5607 2 2 6 6 2848 3094 2849
5608 2 2 6 6 3113 3122 3114
5609 2 2 6 6 3092 3110 3109
5610 2 2 6 6 3097 3098 123
5611 2 2 6 6 3123 3124 3121
5612 2 2 6 6 8 3097 123
5613 2 2 6 6 517 3089 516
5614 2 2 6 6 3122 3124 3114
5615 2 2 6 6 3114 3124 3123
5616 2 2 6 6 516 3097 8
5617 2 2 6 6 3092 3109 3091
5618 2 2 6 6 7 111 467
5619 2 2 6 6 162 2916 10
5620 2 2 6 6 10 2916 544
5621 2 2 6 6 11 515 174
5622 2 2 6 6 111 112 468
5623 2 2 6 6 467 111 468
5624 2 2 6 6 113 2843 112
5625 2 2 6 6 468 112 469
5626 2 2 6 6 112 2843 469
5627 2 2 6 6 114 2852 113
5628 2 2 6 6 113 2852 2843
5629 2 2 6 6 115 2853 114
5630 2 2 6 6 114 2853 2852
5631 2 2 6 6 116 2854 115
5632 2 2 6 6 115 2854 2853
5633 2 2 6 6 117 2847 116
5634 2 2 6 6 2847 2854 116
5635 2 2 6 6 118 2846 117
5636 2 2 6 6 2846 2847 117
5637 2 2 6 6 119 2849 118
5638 2 2 6 6 118 2849 2846
5639 2 2 6 6 120 2849 119
5640 2 2 6 6 121 2848 120
5641 2 2 6 6 2848 2849 120
5642 2 2 6 6 122 2850 121
5643 2 2 6 6 121 2851 2848
5644 2 2 6 6 2850 2851 121
5645 2 2 6 6 163 2845 162
5646 2 2 6 6 2845 2916 162
5647 2 2 6 6 164 2844 163
5648 2 2 6 6 2844 2845 163
5649 2 2 6 6 165 2844 164
5650 2 2 6 6 166 2868 165
5651 2 2 6 6 165 2868 2844
5652 2 2 6 6 167 2866 166
5653 2 2 6 6 2866 2867 166
5654 2 2 6 6 2867 2868 166
5655 2 2 6 6 168 2865 167
5656 2 2 6 6 2865 2866 167
5657 2 2 6 6 169 2864 168
5658 2 2 6 6 2864 2865 168
5659 2 2 6 6 170 2864 169
5660 2 2 6 6 171 2863 170
5661 2 2 6 6 2863 2864 170
5662 2 2 6 6 172 2862 171
5663 2 2 6 6 2862 2863 171
5664 2 2 6 6 173 2904 172
5665 2 2 6 6 2859 2862 172
5666 2 2 6 6 172 2904 2859
5667 2 2 6 6 174 2904 173
5668 2 2 6 6 174 515 514
5669 2 2 6 6 514 2904 174
5670 2 2 6 6 469 2843 470
5671 2 2 6 6 470 2898 471
5672 2 2 6 6 2843 2898 470
5673 2 2 6 6 471 2897 472
5674 2 2 6 6 471 2898 2897
5675 2 2 6 6 472 2896 473
5676 2 2 6 6 472 2897 2896
5677 2 2 6 6 473 2896 474
5678 2 2 6 6 474 2899 475
5679 2 2 6 6 2896 2899 474
5680 2 2 6 6 475 2901 476
5681 2 2 6 6 2899 2900 475
5682 2 2 6 6 2900 2901 475
5683 2 2 6 6 476 2902 477
5684 2 2 6 6 2901 2902 476
5685 2 2 6 6 477 2884 478
5686 2 2 6 6 477 2902 2884
5687 2 2 6 6 478 2885 479
5688 2 2 6 6 2884 2885 478
5689 2 2 6 6 479 2885 480
5690 2 2 6 6 480 2895 481
5691 2 2 6 6 2885 2895 480
5692 2 2 6 6 481 2892 482
5693 2 2 6 6 481 2894 2892
5694 2 2 6 6 481 2895 2894
5695 2 2 6 6 482 2892 483
5696 2 2 6 6 483 2893 484
5697 2 2 6 6 2892 2893 483
5698 2 2 6 6 484 2891 485
5699 2 2 6 6 484 2893 2891
5700 2 2 6 6 485 2889 486
5701 2 2 6 6 485 2891 2889
5702 2 2 6 6 486 2886 487
5703 2 2 6 6 486 2890 2886
5704 2 2 6 6 2889 2890 486
5705 2 2 6 6 487 2887 488
5706 2 2 6 6 2886 2887 487
5707 2 2 6 6 488 2887 489
5708 2 2 6 6 489 2888 490
5709 2 2 6 6 2887 2888 489
5710 2 2 6 6 490 2881 491
5711 2 2 6 6 490 2883 2881
5712 2 2 6 6 490 2888 2883
5713 2 2 6 6 491 2881 492
5714 2 2 6 6 492 2882 493
5715 2 2 6 6 2881 2882 492
5716 2 2 6 6 493 2878 494
5717 2 2 6 6 493 2882 2878
5718 2 2 6 6 494 2877 495
5719 2 2 6 6 494 2879 2877
5720 2 2 6 6 2878 2879 494
5721 2 2 6 6 495 2880 496
5722 2 2 6 6 2877 2880 495
5723 2 2 6 6 496 2880 497
5724 2 2 6 6 497 2876 498
5725 2 2 6 6 497 2880 2876
5726 2 2 6 6 498 2872 499
5727 2 2 6 6 498 2875 2872
5728 2 2 6 6 498 2876 2875
5729 2 2 6 6 499 2872 500
5730 2 2 6 6 500 2873 501
5731 2 2 6 6 2872 2873 500
5732 2 2 6 6 501 2874 502
5733 2 2 6 6 2873 2874 501
5734 2 2 6 6 502 2871 503
5735 2 2 6 6 502 2874 2871
5736 2 2 6 6 503 2869 504
5737 2 2 6 6 503 2870 2869
5738 2 2 6 6 503 2871 2870
5739 2 2 6 6 504 2858 505
5740 2 2 6 6 504 2869 2858
5741 2 2 6 6 505 2858 506
5742 2 2 6 6 506 2857 507
5743 2 2 6 6 2856 2857 506
5744 2 2 6 6 506 2858 2856
5745 2 2 6 6 507 2855 508
5746 2 2 6 6 507 2857 2855
5747 2 2 6 6 508 2860 509
5748 2 2 6 6 2855 2860 508
5749 2 2 6 6 509 2860 510
5750 2 2 6 6 510 2861 511
5751 2 2 6 6 2860 2861 510
5752 2 2 6 6 511 2905 512
5753 2 2 6 6 2861 2905 511
5754 2 2 6 6 512 2859 513
5755 2 2 6 6 512 2905 2859
5756 2 2 6 6 513 2904 514
5757 2 2 6 6 2859 2904 513
5758 2 2 6 6 544 2961 543
5759 2 2 6 6 2852 2898 2843
5760 2 2 6 6 2844 2920 2845
5761 2 2 6 6 2868 2917 2844
5762 2 2 6 6 2917 2920 2844
5763 2 2 6 6 2845 2920 2916
5764 2 2 6 6 3098 3100 2850
5765 2 2 6 6 2853 3147 2852
5766 2 2 6 6 2897 2898 2852
5767 2 2 6 6 2852 3147 2897
5768 2 2 6 6 2857 2903 2855
5769 2 2 6 6 2855 2908 2860
5770 2 2 6 6 2903 2908 2855
5771 2 2 6 6 2856 2936 2857
5772 2 2 6 6 2858 2935 2856
5773 2 2 6 6 2935 2936 2856
5774 2 2 6 6 2857 2936 2903
5775 2 2 6 6 2869 2945 2858
5776 2 2 6 6 2858 2945 2935
5777 2 2 6 6 2859 2905 2862
5778 2 2 6 6 2860 2906 2861
5779 2 2 6 6 2860 2908 2906
5780 2 2 6 6 2861 2906 2905
5781 2 2 6 6 2862 2906 2863
5782 2 2 6 6 2905 2906 2862
5783 2 2 6 6 2863 2907 2864
5784 2 2 6 6 2906 2907 2863
5785 2 2 6 6 2864 2911 2865
5786 2 2 6 6 2907 2911 2864
5787 2 2 6 6 2865 2910 2866
5788 2 2 6 6 2865 2911 2910
5789 2 2 6 6 2866 2914 2867
5790 2 2 6 6 2910 2914 2866
5791 2 2 6 6 2867 2915 2868
5792 2 2 6 6 2914 2915 2867
5793 2 2 6 6 2915 2917 2868
5794 2 2 6 6 2870 2942 2869
5795 2 2 6 6 2942 2945 2869
5796 2 2 6 6 2871 2944 2870
5797 2 2 6 6 2870 2944 2942
5798 2 2 6 6 2874 2947 2871
5799 2 2 6 6 2871 2947 2944
5800 2 2 6 6 2872 2954 2873
5801 2 2 6 6 2875 2954 2872
5802 2 2 6 6 2873 2946 2874
5803 2 2 6 6 2873 2954 2946
5804 2 2 6 6 2946 2947 2874
5805 2 2 6 6 2876 2955 2875
5806 2 2 6 6 2953 2954 2875
5807 2 2 6 6 2875 2955 2953
5808 2 2 6 6 2880 2957 2876
5809 2 2 6 6 2876 2957 2955
5810 2 2 6 6 2879 2959 2877
5811 2 2 6 6 2877 2957 2880
5812 2 2 6 6 2877 2959 2957
5813 2 2 6 6 2879 2960 2959
5814 2 2 6 6 2883 3040 3039
5815 2 2 6 6 2889 3142 2890
5816 2 2 6 6 2889 3144 3142
5817 2 2 6 6 2890 3142 3141
5818 2 2 6 6 2893 3146 3145
5819 2 2 6 6 3147 3149 2896
5820 2 2 6 6 2903 2911 2908
5821 2 2 6 6 2909 2911 2903
5822 2 2 6 6 2903 2936 2909
5823 2 2 6 6 2906 2908 2907
5824 2 2 6 6 2908 2911 2907
5825 2 2 6 6 2910 2911 2909
5826 2 2 6 6 2909 2913 2910
5827 2 2 6 6 2909 2937 2913
5828 2 2 6 6 2936 2937 2909
5829 2 2 6 6 2913 2914 2910
5830 2 2 6 6 2912 2914 2913
5831 2 2 6 6 2913 2940 2912
5832 2 2 6 6 2912 2915 2914
5833 2 2 6 6 2912 2918 2915
5834 2 2 6 6 2912 2938 2918
5835 2 2 6 6 2912 2940 2938
5836 2 2 6 6 2937 2940 2913
5837 2 2 6 6 2915 2918 2917
5838 2 2 6 6 2916 2920 2919
5839 2 2 6 6 2919 2961 2916
5840 2 2 6 6 2918 2921 2917
5841 2 2 6 6 2917 2921 2920
5842 2 2 6 6 2918 2929 2921
5843 2 2 6 6 2918 2930 2929
5844 2 2 6 6 2918 2938 2930
5845 2 2 6 6 2920 2921 2919
5846 2 2 6 6 2921 2922 2919
5847 2 2 6 6 2921 2923 2922
5848 2 2 6 6 2921 2929 2923
5849 2 2 6 6 2923 2924 2922
5850 2 2 6 6 2923 2927 2924
5851 2 2 6 6 2923 2930 2927
5852 2 2 6 6 2929 2930 2923
5853 2 2 6 6 2927 2928 2924
5854 2 2 6 6 2928 2974 2924
5855 2 2 6 6 2924 2974 2968
5856 2 2 6 6 2925 2928 2926
5857 2 2 6 6 2926 2951 2925
5858 2 2 6 6 2925 2974 2928
5859 2 2 6 6 2925 2975 2974
5860 2 2 6 6 2925 3016 2975
5861 2 2 6 6 2928 2932 2926
5862 2 2 6 6 2932 2933 2926
5863 2 2 6 6 2933 2952 2926
5864 2 2 6 6 2926 2952 2951
5865 2 2 6 6 2927 2932 2928
5866 2 2 6 6 2930 2931 2927
5867 2 2 6 6 2931 2932 2927
5868 2 2 6 6 2930 2939 2931
5869 2 2 6 6 2938 2939 2930
5870 2 2 6 6 2931 2934 2932
5871 2 2 6 6 2931 2943 2934
5872 2 2 6 6 2939 2943 2931
5873 2 2 6 6 2932 2934 2933
5874 2 2 6 6 2934 2947 2933
5875 2 2 6 6 2933 2947 2946
5876 2 2 6 6 2946 2952 2933
5877 2 2 6 6 2943 2944 2934
5878 2 2 6 6 2944 2947 2934
5879 2 2 6 6 2935 2937 2936
5880 2 2 6 6 2935 2940 2937
5881 2 2 6 6 2935 2945 2940
5882 2 2 6 6 2938 2941 2939
5883 2 2 6 6 2940 2941 2938
5884 2 2 6 6 2941 2943 2939
5885 2 2 6 6 2940 2945 2941
5886 2 2 6 6 2942 2943 2941
5887 2 2 6 6 2941 2945 2942
5888 2 2 6 6 2942 2944 2943
5889 2 2 6 6 2946 2954 2952
5890 2 2 6 6 2949 2950 2948
5891 2 2 6 6 2948 2951 2949
5892 2 2 6 6 2949 2953 2950
5893 2 2 6 6 2951 2952 2949
5894 2 2 6 6 2952 2954 2949
5895 2 2 6 6 2949 2954 2953
5896 2 2 6 6 2953 2955 2950
5897 2 2 6 6 2955 2956 2950
5898 2 2 6 6 2955 2957 2956
5899 2 2 6 6 2957 2959 2956
5900 2 2 6 6 2956 2959 2958
5901 2 2 6 6 2959 2960 2958
5902 2 2 6 6 2975 3016 2976
5903 2 2 6 6 2976 3015 2984
5904 2 2 6 6 2976 3016 3015
5905 2 2 6 6 3015 3017 2984
5906 2 2 6 6 3017 3020 2984
5907 2 2 6 6 2999 3057 3000
5908 2 2 6 6 3006 3008 3004
5909 2 2 6 6 3004 3046 3006
5910 2 2 6 6 3008 3022 3004
5911 2 2 6 6 3022 3035 3004
5912 2 2 6 6 3006 3046 3005
5913 2 2 6 6 3005 3046 3045
5914 2 2 6 6 3010 3022 3008
5915 2 2 6 6 3021 3024 3010
5916 2 2 6 6 3010 3024 3022
5917 2 2 6 6 3019 3020 3017
5918 2 2 6 6 3017 3023 3019
5919 2 2 6 6 3019 3023 3021
5920 2 2 6 6 3023 3024 3021
5921 2 2 6 6 3038 3039 3037
5922 2 2 6 6 3038 3048 3047
5923 2 2 6 6 3043 3044 3041
5924 2 2 6 6 3041 3053 3043
5925 2 2 6 6 3044 3049 3041
5926 2 2 6 6 3043 3053 3042
5927 2 2 6 6 3053 3056 3042
5928 2 2 6 6 3056 3066 3042
5929 2 2 6 6 3045 3049 3044
5930 2 2 6 6 3046 3049 3045
5931 2 2 6 6 3047 3048 3046
5932 2 2 6 6 3048 3049 3046
5933 2 2 6 6 3055 3066 3056
5934 2 2 6 6 3064 3065 3055
5935 2 2 6 6 3055 3132 3064
5936 2 2 6 6 3065 3066 3055
5937 2 2 6 6 3064 3132 3074
5938 2 2 6 6 3074 3131 3129
5939 2 2 6 6 3074 3132 3131
5940 2 2 6 6 3079 3081 3080
5941 2 2 6 6 3086 3088 3087
5942 2 2 6 6 3088 3101 3099
5943 2 2 6 6 3088 3127 3101
5944 2 2 6 6 3089 3098 3097
5945 2 2 6 6 3089 3099 3098
5946 2 2 6 6 3091 3149 3090
5947 2 2 6 6 3090 3149 3148
5948 2 2 6 6 3091 3150 3149
5949 2 2 6 6 3095 3110 3092
5950 2 2 6 6 3095 3113 3110
5951 2 2 6 6 3099 3100 3098
5952 2 2 6 6 3099 3101 3100
5953 2 2 6 6 3101 3126 3125
5954 2 2 6 6 3101 3127 3126
5955 2 2 6 6 3110 3113 3112
5956 2 2 6 6 3121 3128 3120
5957 2 2 6 6 3128 3131 3120
5958 2 2 6 6 3124 3128 3121
5959 2 2 6 6 3125 3128 3124
5960 2 2 6 6 3129 3131 3128
5961 2 2 6 6 3139 3142 3137
5962 2 2 6 6 3141 3142 3139
5963 2 2 7 7 3172 3209 3170
5964 2 2 7 7 531 3230 532
5965 2 2 7 7 532 3230 3228
5966 2 2 7 7 3171 3208 3206
5967 2 2 7 7 3222 3239 3220
5968 2 2 7 7 3171 3206 3168
5969 2 2 7 7 3250 3251 3176
5970 2 2 7 7 3176 3251 3177
5971 2 2 7 7 3258 3265 3260
5972 2 2 7 7 3233 3269 3236
5973 2 2 7 7 3170 3209 3208
5974 2 2 7 7 140 3165 139
5975 2 2 7 7 135 3177 134
5976 2 2 7 7 3152 3153 127
5977 2 2 7 7 3206 3207 3168
5978 2 2 7 7 3233 3236 3235
5979 2 2 7 7 155 3161 154
5980 2 2 7 7 3170 3208 3171
5981 2 2 7 7 530 3231 531
5982 2 2 7 7 132 3182 131
5983 2 2 7 7 131 3181 130
5984 2 2 7 7 3173 3212 3211
5985 2 2 7 7 134 3178 133
5986 2 2 7 7 130 3180 129
5987 2 2 7 7 3164 3165 140
5988 2 2 7 7 141 3164 140
5989 2 2 7 7 133 3179 132
5990 2 2 7 7 532 3199 533
5991 2 2 7 7 3168 3207 3169
5992 2 2 7 7 531 3231 3230
5993 2 2 7 7 527 3269 528
5994 2 2 7 7 519 3272 520
5995 2 2 7 7 532 3228 3199
5996 2 2 7 7 3188 3212 3159
5997 2 2 7 7 129 3151 128
5998 2 2 7 7 3173 3211 3174
5999 2 2 7 7 3249 3250 3175
6000 2 2 7 7 128 3152 127
6001 2 2 7 7 3257 3258 3182
6002 2 2 7 7 3187 3188 3160
6003 2 2 7 7 3216 3218 3210
6004 2 2 7 7 3175 3250 3176
6005 2 2 7 7 3179 3257 3182
6006 2 2 7 7 520 3254 521
6007 2 2 7 7 3157 3158 156
6008 2 2 7 7 527 3270 3269
6009 2 2 7 7 3253 3257 3179
6010 2 2 7 7 3185 3187 3161
6011 2 2 7 7 3182 3258 3181
6012 2 2 7 7 3199 3225 3198
6013 2 2 7 7 3174 3211 3210
6014 2 2 7 7 3164 3205 3165
6015 2 2 7 7 3159 3212 3173
6016 2 2 7 7 3219 3226 3224
6017 2 2 7 7 3160 3188 3159
6018 2 2 7 7 157 3157 156
6019 2 2 7 7 3210 3218 3209
6020 2 2 7 7 3208 3217 3201
6021 2 2 7 7 537 3194 538
6022 2 2 7 7 536 3195 537
6023 2 2 7 7 3198 3225 3190
6024 2 2 7 7 3163 3249 3175
6025 2 2 7 7 3161 3187 3160
6026 2 2 7 7 3181 3258 3255
6027 2 2 7 7 3203 3249 3163
6028 2 2 7 7 3228 3229 3199
6029 2 2 7 7 3174 3210 3172
6030 2 2 7 7 3156 3157 157
6031 2 2 7 7 141 3166 3164
6032 2 2 7 7 142 3166 141
6033 2 2 7 7 3181 3255 3180
6034 2 2 7 7 3199 3229 3225
6035 2 2 7 7 537 3195 3194
6036 2 2 7 7 528 3233 529
6037 2 2 7 7 529 3233 530
6038 2 2 7 7 3206 3208 3201
6039 2 2 7 7 3251 3252 3177
6040 2 2 7 7 3233 3235 3231
6041 2 2 7 7 530 3233 3231
6042 2 2 7 7 528 3269 3233
6043 2 2 7 7 3228 3230 3227
6044 2 2 7 7 3177 3252 3178
6045 2 2 7 7 538 3193 539
6046 2 2 7 7 3155 3156 158
6047 2 2 7 7 3252 3253 3178
6048 2 2 7 7 3231 3235 3232
6049 2 2 7 7 158 3156 157
6050 2 2 7 7 539 3184 540
6051 2 2 7 7 540 3184 541
6052 2 2 7 7 3178 3253 3179
6053 2 2 7 7 526 3271 527
6054 2 2 7 7 3269 3270 3237
6055 2 2 7 7 3240 3249 3203
6056 2 2 7 7 539 3193 3184
6057 2 2 7 7 3201 3202 3200
6058 2 2 7 7 3236 3269 3237
6059 2 2 7 7 535 3196 536
6060 2 2 7 7 538 3194 3193
6061 2 2 7 7 544 3183 161
6062 2 2 7 7 525 3263 526
6063 2 2 7 7 524 3263 525
6064 2 2 7 7 3227 3229 3228
6065 2 2 7 7 3209 3218 3217
6066 2 2 7 7 3202 3240 3203
6067 2 2 7 7 535 3197 3196
6068 2 2 7 7 3165 3205 3204
6069 2 2 7 7 3262 3263 524
6070 2 2 7 7 3263 3271 526
6071 2 2 7 7 3238 3239 3222
6072 2 2 7 7 3162 3203 3163
6073 2 2 7 7 3165 3204 3162
6074 2 2 7 7 3162 3204 3203
6075 2 2 7 7 3209 3217 3208
6076 2 2 7 7 3241 3250 3249
6077 2 2 7 7 3231 3232 3230
6078 2 2 7 7 521 3259 522
6079 2 2 7 7 159 3155 158
6080 2 2 7 7 3255 3256 3180
6081 2 2 7 7 534 3198 535
6082 2 2 7 7 533 3198 534
6083 2 2 7 7 522 3261 523
6084 2 2 7 7 3216 3219 3218
6085 2 2 7 7 3241 3249 3240
6086 2 2 7 7 3230 3232 3227
6087 2 2 7 7 535 3198 3197
6088 2 2 7 7 3242 3251 3250
6089 2 2 7 7 3242 3250 3241
6090 2 2 7 7 3259 3261 522
6091 2 2 7 7 3254 3259 521
6092 2 2 7 7 3186 3192 3185
6093 2 2 7 7 3180 3256 3151
6094 2 2 7 7 3213 3215 3212
6095 2 2 7 7 3219 3220 3218
6096 2 2 7 7 523 3262 524
6097 2 2 7 7 3239 3240 3202
6098 2 2 7 7 3262 3264 3263
6099 2 2 7 7 3203 3204 3202
6100 2 2 7 7 3261 3262 523
6101 2 2 7 7 3215 3216 3211
6102 2 2 7 7 3202 3204 3200
6103 2 2 7 7 3264 3267 3263
6104 2 2 7 7 3212 3215 3211
6105 2 2 7 7 3194 3195 3192
6106 2 2 7 7 541 3155 542
6107 2 2 7 7 3218 3220 3217
6108 2 2 7 7 3157 3186 3158
6109 2 2 7 7 3211 3216 3210
6110 2 2 7 7 3260 3262 3261
6111 2 2 7 7 3204 3205 3200
6112 2 2 7 7 3197 3198 3190
6113 2 2 7 7 3260 3264 3262
6114 2 2 7 7 3188 3213 3212
6115 2 2 7 7 3253 3266 3257
6116 2 2 7 7 3189 3197 3190
6117 2 2 7 7 3156 3184 3157
6118 2 2 7 7 3267 3271 3263
6119 2 2 7 7 3238 3241 3240
6120 2 2 7 7 3266 3267 3265
6121 2 2 7 7 3190 3225 3214
6122 2 2 7 7 3235 3236 3234
6123 2 2 7 7 3268 3271 3267
6124 2 2 7 7 3247 3266 3253
6125 2 2 7 7 3238 3240 3239
6126 2 2 7 7 3221 3235 3234
6127 2 2 7 7 3245 3246 3244
6128 2 2 7 7 3192 3195 3191
6129 2 2 7 7 518 3154 519
6130 2 2 7 7 3257 3265 3258
6131 2 2 7 7 3255 3260 3256
6132 2 2 7 7 3224 3229 3227
6133 2 2 7 7 3195 3196 3191
6134 2 2 7 7 3232 3235 3221
6135 2 2 7 7 159 3183 3155
6136 2 2 7 7 3237 3270 3268
6137 2 2 7 7 3225 3229 3226
6138 2 2 7 7 3225 3226 3214
6139 2 2 7 7 3248 3251 3242
6140 2 2 7 7 3226 3229 3224
6141 2 2 7 7 3270 3271 3268
6142 2 2 7 7 3223 3232 3221
6143 2 2 7 7 3241 3243 3242
6144 2 2 7 7 3247 3253 3252
6145 2 2 7 7 3257 3266 3265
6146 2 2 7 7 3248 3252 3251
6147 2 2 7 7 3238 3243 3241
6148 2 2 7 7 3247 3252 3248
6149 2 2 7 7 3227 3232 3223
6150 2 2 7 7 3222 3243 3238
6151 2 2 7 7 3224 3227 3223
6152 2 2 7 7 3237 3246 3236
6153 2 2 7 7 3236 3246 3234
6154 2 2 7 7 3196 3197 3189
6155 2 2 7 7 3191 3196 3189
6156 2 2 7 7 3234 3245 3243
6157 2 2 7 7 3214 3215 3213
6158 2 2 7 7 3258 3260 3255
6159 2 2 7 7 3256 3259 3254
6160 2 2 7 7 3155 3183 542
6161 2 2 7 7 143 3166 142
6162 2 2 7 7 3222 3223 3221
6163 2 2 7 7 3244 3246 3237
6164 2 2 7 7 3260 3265 3264
6165 2 2 7 7 3243 3245 3242
6166 2 2 7 7 3245 3248 3242
6167 2 2 7 7 3237 3268 3244
6168 2 2 7 7 3244 3266 3247
6169 2 2 7 7 3152 3272 3153
6170 2 2 7 7 543 3183 544
6171 2 2 7 7 9 143 142
6172 2 2 7 7 160 3183 159
6173 2 2 7 7 161 3183 160
6174 2 2 7 7 3193 3194 3186
6175 2 2 7 7 3185 3192 3187
6176 2 2 7 7 124 516 8
6177 2 2 7 7 161 10 544
6178 2 2 7 7 144 3166 143
6179 2 2 7 7 3234 3246 3245
6180 2 2 7 7 542 3183 543
6181 2 2 7 7 3265 3267 3264
6182 2 2 7 7 125 517 124
6183 2 2 7 7 124 517 516
6184 2 2 7 7 126 3154 125
6185 2 2 7 7 125 3154 517
6186 2 2 7 7 127 3154 126
6187 2 2 7 7 3153 3154 127
6188 2 2 7 7 3151 3152 128
6189 2 2 7 7 129 3180 3151
6190 2 2 7 7 130 3181 3180
6191 2 2 7 7 131 3182 3181
6192 2 2 7 7 3179 3182 132
6193 2 2 7 7 3178 3179 133
6194 2 2 7 7 3177 3178 134
6195 2 2 7 7 136 3176 135
6196 2 2 7 7 3176 3177 135
6197 2 2 7 7 137 3175 136
6198 2 2 7 7 3175 3176 136
6199 2 2 7 7 138 3163 137
6200 2 2 7 7 3163 3175 137
6201 2 2 7 7 139 3163 138
6202 2 2 7 7 3162 3163 139
6203 2 2 7 7 139 3165 3162
6204 2 2 7 7 145 3167 144
6205 2 2 7 7 144 3167 3166
6206 2 2 7 7 146 3167 145
6207 2 2 7 7 147 3169 146
6208 2 2 7 7 146 3169 3167
6209 2 2 7 7 148 3171 147
6210 2 2 7 7 3168 3169 147
6211 2 2 7 7 147 3171 3168
6212 2 2 7 7 149 3170 148
6213 2 2 7 7 3170 3171 148
6214 2 2 7 7 150 3172 149
6215 2 2 7 7 149 3172 3170
6216 2 2 7 7 151 3174 150
6217 2 2 7 7 150 3174 3172
6218 2 2 7 7 152 3173 151
6219 2 2 7 7 3173 3174 151
6220 2 2 7 7 153 3159 152
6221 2 2 7 7 3159 3173 152
6222 2 2 7 7 154 3160 153
6223 2 2 7 7 153 3160 3159
6224 2 2 7 7 154 3161 3160
6225 2 2 7 7 156 3158 155
6226 2 2 7 7 3158 3161 155
6227 2 2 7 7 517 3154 518
6228 2 2 7 7 3154 3272 519
6229 2 2 7 7 520 3272 3254
6230 2 2 7 7 527 3271 3270
6231 2 2 7 7 533 3199 3198
6232 2 2 7 7 536 3196 3195
6233 2 2 7 7 541 3184 3155
6234 2 2 7 7 3151 3256 3152
6235 2 2 7 7 3152 3256 3254
6236 2 2 7 7 3254 3272 3152
6237 2 2 7 7 3153 3272 3154
6238 2 2 7 7 3155 3184 3156
6239 2 2 7 7 3184 3186 3157
6240 2 2 7 7 3158 3185 3161
6241 2 2 7 7 3158 3186 3185
6242 2 2 7 7 3166 3167 3164
6243 2 2 7 7 3167 3205 3164
6244 2 2 7 7 3169 3207 3167
6245 2 2 7 7 3167 3207 3205
6246 2 2 7 7 3172 3210 3209
6247 2 2 7 7 3184 3193 3186
6248 2 2 7 7 3186 3194 3192
6249 2 2 7 7 3187 3191 3188
6250 2 2 7 7 3187 3192 3191
6251 2 2 7 7 3191 3213 3188
6252 2 2 7 7 3190 3213 3189
6253 2 2 7 7 3189 3213 3191
6254 2 2 7 7 3190 3214 3213
6255 2 2 7 7 3200 3206 3201
6256 2 2 7 7 3205 3207 3200
6257 2 2 7 7 3200 3207 3206
6258 2 2 7 7 3201 3239 3202
6259 2 2 7 7 3217 3220 3201
6260 2 2 7 7 3220 3239 3201
6261 2 2 7 7 3214 3216 3215
6262 2 2 7 7 3214 3226 3216
6263 2 2 7 7 3216 3226 3219
6264 2 2 7 7 3219 3222 3220
6265 2 2 7 7 3219 3223 3222
6266 2 2 7 7 3219 3224 3223
6267 2 2 7 7 3221 3243 3222
6268 2 2 7 7 3234 3243 3221
6269 2 2 7 7 3244 3248 3245
6270 2 2 7 7 3247 3248 3244
6271 2 2 7 7 3244 3267 3266
6272 2 2 7 7 3244 3268 3267
6273 2 2 7 7 3256 3260 3259
6274 2 2 7 7 3260 3261 3259
$EndElements
