$MeshFormat
2.2 0 8
$EndMeshFormat
$Nodes
4641
1 0 0 0
2 10 0 0
3 10 10 0
4 0 10 0
5 0.199999999999856 0 0
6 0.3999999999996677 0 0
7 0.5999999999994682 0 0
8 0.7999999999993285 0 0
9 0.9999999999991888 0 0
10 1.199999999999033 0 0
11 1.399999999998577 0 0
12 1.599999999997992 0 0
13 1.799999999997408 0 0
14 1.999999999996824 0 0
15 2.19999999999624 0 0
16 2.399999999995655 0 0
17 2.599999999995072 0 0
18 2.799999999994487 0 0
19 2.999999999993903 0 0
20 3.199999999993319 0 0
21 3.399999999992735 0 0
22 3.599999999992151 0 0
23 3.799999999991566 0 0
24 3.999999999991017 0 0
25 4.199999999991183 0 0
26 4.399999999991486 0 0
27 4.59999999999179 0 0
28 4.799999999992094 0 0
29 4.999999999992399 0 0
30 5.199999999992704 0 0
31 5.399999999993007 0 0
32 5.599999999993312 0 0
33 5.799999999993616 0 0
34 5.99999999999392 0 0
35 6.199999999994223 0 0
36 6.399999999994527 0 0
37 6.599999999994831 0 0
38 6.799999999995135 0 0
39 6.999999999995438 0 0
40 7.199999999995743 0 0
41 7.399999999996048 0 0
42 7.599999999996351 0 0
43 7.799999999996655 0 0
44 7.99999999999696 0 0
45 8.199999999997264 0 0
46 8.399999999997569 0 0
47 8.599999999997872 0 0
48 8.799999999998175 0 0
49 8.999999999998479 0 0
50 9.199999999998782 0 0
51 9.399999999999087 0 0
52 9.59999999999939 0 0
53 9.799999999999695 0 0
54 10 0.1333333333332359 0
55 10 0.2666666666664716 0
56 10 0.3999999999996677 0
57 10 0.5333333333328518 0
58 10 0.6666666666660882 0
59 10 0.7999999999993285 0
60 10 0.9333333333325687 0
61 10 1.066666666665809 0
62 10 1.199999999999033 0
63 10 1.333333333332104 0
64 10 1.466666666665049 0
65 10 1.599999999997992 0
66 10 1.733333333330936 0
67 10 1.86666666666388 0
68 10 1.999999999996824 0
69 10 2.133333333329768 0
70 10 2.266666666662712 0
71 10 2.399999999995655 0
72 10 2.5333333333286 0
73 10 2.666666666661544 0
74 10 2.799999999994487 0
75 10 2.933333333327432 0
76 10 3.066666666660375 0
77 10 3.199999999993319 0
78 10 3.333333333326263 0
79 10 3.466666666659207 0
80 10 3.599999999992151 0
81 10 3.733333333325095 0
82 10 3.866666666658038 0
83 10 3.999999999991017 0
84 10 4.133333333324415 0
85 10 4.266666666657951 0
86 10 4.399999999991486 0
87 10 4.533333333325023 0
88 10 4.666666666658559 0
89 10 4.799999999992094 0
90 10 4.933333333325631 0
91 10 5.066666666659168 0
92 10 5.199999999992704 0
93 10 5.33333333332624 0
94 10 5.466666666659775 0
95 10 5.599999999993312 0
96 10 5.733333333326847 0
97 10 5.866666666660384 0
98 10 5.99999999999392 0
99 10 6.133333333327455 0
100 10 6.266666666660992 0
101 10 6.399999999994527 0
102 10 6.533333333328063 0
103 10 6.6666666666616 0
104 10 6.799999999995135 0
105 10 6.933333333328672 0
106 10 7.066666666662208 0
107 10 7.199999999995743 0
108 10 7.333333333329279 0
109 10 7.466666666662816 0
110 10 7.599999999996352 0
111 10 7.733333333329888 0
112 10 7.866666666663424 0
113 10 7.99999999999696 0
114 10 8.133333333330494 0
115 10 8.266666666664031 0
116 10 8.399999999997569 0
117 10 8.533333333331104 0
118 10 8.666666666664639 0
119 10 8.799999999998175 0
120 10 8.933333333331712 0
121 10 9.066666666665249 0
122 10 9.199999999998784 0
123 10 9.33333333333232 0
124 10 9.466666666665857 0
125 10 9.59999999999939 0
126 10 9.733333333332929 0
127 10 9.866666666666465 0
128 9.799999999999999 10 0
129 9.6 10 0
130 9.399999999999999 10 0
131 9.199999999999999 10 0
132 8.999999999999998 10 0
133 8.799999999999999 10 0
134 8.599999999999998 10 0
135 8.399999999999999 10 0
136 8.199999999999998 10 0
137 7.999999999999996 10 0
138 7.799999999999995 10 0
139 7.599999999999995 10 0
140 7.399999999999995 10 0
141 7.199999999999996 10 0
142 6.999999999999995 10 0
143 6.799999999999995 10 0
144 6.599999999999996 10 0
145 6.399999999999996 10 0
146 6.199999999999996 10 0
147 5.999999999999996 10 0
148 5.799999999999996 10 0
149 5.599999999999996 10 0
150 5.399999999999997 10 0
151 5.199999999999997 10 0
152 4.999999999999996 10 0
153 4.799999999999996 10 0
154 4.599999999999998 10 0
155 4.399999999999997 10 0
156 4.199999999999998 10 0
157 3.999999999999996 10 0
158 3.799999999999998 10 0
159 3.599999999999998 10 0
160 3.399999999999998 10 0
161 3.199999999999998 10 0
162 2.999999999999998 10 0
163 2.799999999999998 10 0
164 2.599999999999998 10 0
165 2.399999999999999 10 0
166 2.199999999999998 10 0
167 1.999999999999998 10 0
168 1.799999999999999 10 0
169 1.6 10 0
170 1.399999999999999 10 0
171 1.199999999999999 10 0
172 1 10 0
173 0.7999999999999989 10 0
174 0.5999999999999996 10 0
175 0.4000000000000004 10 0
176 0.1999999999999993 10 0
177 0 9.866666666666667 0
178 0 9.733333333333333 0
179 0 9.6 0
180 0 9.466666666666665 0
181 0 9.333333333333332 0
182 0 9.199999999999999 0
183 0 9.066666666666666 0
184 0 8.933333333333332 0
185 0 8.799999999999999 0
186 0 8.666666666666664 0
187 0 8.533333333333331 0
188 0 8.399999999999999 0
189 0 8.266666666666664 0
190 0 8.133333333333329 0
191 0 7.999999999999996 0
192 0 7.866666666666663 0
193 0 7.733333333333329 0
194 0 7.599999999999995 0
195 0 7.466666666666661 0
196 0 7.333333333333329 0
197 0 7.199999999999996 0
198 0 7.066666666666662 0
199 0 6.933333333333329 0
200 0 6.799999999999995 0
201 0 6.666666666666663 0
202 0 6.53333333333333 0
203 0 6.399999999999996 0
204 0 6.266666666666662 0
205 0 6.133333333333329 0
206 0 5.999999999999996 0
207 0 5.866666666666663 0
208 0 5.73333333333333 0
209 0 5.599999999999997 0
210 0 5.466666666666663 0
211 0 5.33333333333333 0
212 0 5.199999999999997 0
213 0 5.066666666666664 0
214 0 4.933333333333331 0
215 0 4.799999999999997 0
216 0 4.666666666666663 0
217 0 4.533333333333331 0
218 0 4.399999999999997 0
219 0 4.266666666666664 0
220 0 4.133333333333331 0
221 0 3.999999999999998 0
222 0 3.866666666666665 0
223 0 3.733333333333331 0
224 0 3.599999999999998 0
225 0 3.466666666666665 0
226 0 3.333333333333331 0
227 0 3.199999999999998 0
228 0 3.066666666666666 0
229 0 2.933333333333332 0
230 0 2.799999999999998 0
231 0 2.666666666666665 0
232 0 2.533333333333331 0
233 0 2.399999999999999 0
234 0 2.266666666666666 0
235 0 2.133333333333333 0
236 0 2 0
237 0 1.866666666666665 0
238 0 1.733333333333333 0
239 0 1.6 0
240 0 1.466666666666667 0
241 0 1.333333333333332 0
242 0 1.199999999999999 0
243 0 1.066666666666666 0
244 0 0.9333333333333336 0
245 0 0.7999999999999989 0
246 0 0.6666666666666661 0
247 0 0.5333333333333332 0
248 0 0.4000000000000004 0
249 0 0.2666666666666675 0
250 0 0.1333333333333346 0
251 0.1131554141456376 4.958062208946728 0
252 9.863021793968066 5.02973461404801 0
253 9.892434824581956 4.06852442371517 0
254 9.870894051030124 5.948804912599464 0
255 0.1149236460399258 4.118589636019307 0
256 0.1255622498694208 5.887081016090223 0
257 5.07043044630487 0.1682713548390025 0
258 5.076218052703069 9.809267374633965 0
259 3.868286204778859 9.832716960556759 0
260 3.891445855097789 0.1685558778163204 0
261 9.881333169552342 6.788209626774979 0
262 9.842891414804631 3.286133247742797 0
263 0.1209974526521349 3.228575943134961 0
264 0.1146833339493531 6.71549752198035 0
265 6.262217245077248 0.1682454879953731 0
266 6.252176033546566 9.843893315834279 0
267 0.1185230517873094 2.426035723246612 0
268 9.873642549699666 7.593519353144261 0
269 0.1167552371220676 7.489997026325065 0
270 9.885545641010955 2.5135496238355 0
271 2.897397057598073 9.838188140822945 0
272 2.927493814370607 0.1741141847336765 0
273 7.254133498846704 0.1662362315301754 0
274 7.265461283653306 9.782869813066577 0
275 0.1564018310754515 1.798965892087748 0
276 9.870244257630231 8.229947500994387 0
277 0.1204857137362465 8.149760389500489 0
278 9.887916483932059 1.852634283836735 0
279 1.866063137327064 0.1789867168339438 0
280 1.866135470280943 9.845320912955419 0
281 8.026259738646267 0.1947121974634458 0
282 8.037252111275883 9.83290770585787 0
283 0.1191204143228835 1.326857195826999 0
284 0.1116974347545624 8.716421288713198 0
285 9.889031474783685 1.274036245911268 0
286 9.884239950224 8.747322300096853 0
287 1.079134426384307 0.1690689378125705 0
288 1.059443468098617 9.819931602629136 0
289 8.873037479653071 0.1641830438980587 0
290 8.89999989458231 9.826794861427512 0
291 4.488942854289819 0.171696708405876 0
292 5.674306449283501 0.1708838620902308 0
293 5.668518984177751 9.831287505255617 0
294 4.431668423533433 9.825922037731402 0
295 9.874653721231502 5.434450030104776 0
296 9.848852240366929 4.574426110300808 0
297 0.1460919712317311 4.587499716015224 0
298 0.1221703013593105 5.353655237394157 0
299 9.882964260006014 3.698476645933262 0
300 0.1166761952870802 3.614346117878432 0
301 0.11482952799919 2.852138343463346 0
302 0.122529944781638 6.274869748794575 0
303 9.884634629127635 6.28297589234132 0
304 9.887659180241334 7.166902942676347 0
305 9.888014452638181 2.903686794494421 0
306 0.1013253202129251 7.107841695736296 0
307 0.120321226614591 0.9241558674657174 0
308 0.1312664339291851 9.103284484870953 0
309 9.832366769497909 0.8759606277801141 0
310 9.872885977474105 9.165205916307123 0
311 9.87885984109829 9.561499706536219 0
312 0.1242151979622442 0.5221680661852723 0
313 0.1246322092973344 9.495505251476914 0
314 9.851499988127069 0.4502452648435658 0
315 0.6984390964912621 0.1504029942064198 0
316 0.6713221061123784 9.824068343942947 0
317 1.497875797753066 9.837242424610301 0
318 8.493296258193082 0.1928821636947868 0
319 9.249770261829134 0.1741130247646364 0
320 9.227700301315039 9.817654228420363 0
321 8.423163539010176 9.831619061741428 0
322 2.243122111743488 9.836749029561256 0
323 1.470368134856985 0.1765729589870825 0
324 2.248920787527034 0.1807326235443219 0
325 6.856610812767524 0.2083114381091081 0
326 7.633949596940575 0.173579198677272 0
327 6.819094885544994 9.818405250343234 0
328 7.686499224407964 9.821373520991976 0
329 3.238269871760048 9.823703338543972 0
330 3.310929201458199 0.1895778640152047 0
331 9.887167509235166 4.32082563752865 0
332 9.881898886742997 5.694131357981751 0
333 0.147171087824507 4.33569127136052 0
334 0.1266685380384438 5.627430046956791 0
335 0.1203178612412996 2.170312935288292 0
336 0.11834942188797 7.757188817161904 0
337 9.872415655246334 7.84372124833015 0
338 9.887984769467257 2.248810045817618 0
339 0.1120209623852227 1.580733849528159 0
340 0.124108564055837 8.457103279437206 0
341 9.881375641423929 8.489607633307319 0
342 9.887918918058183 1.534488447190826 0
343 0.3325320896758658 0.1436702595721212 0
344 0.2551082402890825 9.795236801764089 0
345 9.714672394980719 9.828627545103913 0
346 9.67280172826678 0.1602121063511085 0
347 0.1168092824483555 9.765635848051165 0
348 0.2539539230900519 9.643029551405837 0
349 0.3822455841403866 9.617345824847444 0
350 0.3387628530475655 9.526150337180823 0
351 0.4893502212361953 9.540022442940979 0
352 0.3865121334738871 9.446777176434004 0
353 0.589041374177673 9.445378860270267 0
354 0.4635899828019385 9.298725113809651 0
355 0.6343658099375664 9.210967221060413 0
356 0.7681065710482844 9.112480523940382 0
357 0.6780779027961523 8.965910533790698 0
358 0.8789131774259515 8.987589713196856 0
359 0.7853602399346482 8.852509557049201 0
360 0.9738031363281274 8.852141596200255 0
361 0.8829102696386072 8.727163620833631 0
362 1.061360040267169 8.721677437078418 0
363 0.9763323191747656 8.601426690597402 0
364 1.145856428134066 8.607115188896362 0
365 1.073619681187862 8.485830279836302 0
366 1.236179734870999 8.523846046901941 0
367 1.18073991883693 8.396280153787018 0
368 1.293480492981349 8.334016228202236 0
369 1.244828305688641 8.229113695893902 0
370 1.414901309393561 8.286396943291496 0
371 1.315212025515553 8.122344486013617 0
372 1.49267759888076 8.096038885585831 0
373 1.443127987144471 7.94020266958867 0
374 1.597723889206481 7.939343015521962 0
375 1.561732225255221 7.798015716999839 0
376 1.703131282792193 7.795062261467274 0
377 1.688670793790797 7.672543482569475 0
378 1.787810064668939 7.678091333156187 0
379 1.719599247569578 7.554708092788728 0
380 1.843625549604422 7.594961523205761 0
381 1.780316422099062 7.429552043262712 0
382 1.91491355167539 7.467393923194622 0
383 1.843465651546045 7.293330328736721 0
384 1.987076985870048 7.323932134075439 0
385 1.882882796305059 7.147155027720916 0
386 2.067521482649088 7.147445136991291 0
387 2.032534101650657 7.014525191424867 0
388 2.215876019526756 7.025910611083487 0
389 2.113221623562222 6.930798628677714 0
390 2.322595210862 6.913973551727956 0
391 2.216443724051049 6.818636650250661 0
392 2.421502917673009 6.818676022607373 0
393 2.333012250510167 6.6920222037697 0
394 2.457197532537887 6.669069249917007 0
395 2.348462487770931 6.541787662571028 0
396 2.51203071686363 6.556294440596787 0
397 2.465408669970807 6.387574125366564 0
398 2.602980326819421 6.341538412680729 0
399 2.544632034089967 6.205274240084605 0
400 2.723806323421723 6.284300742773234 0
401 2.663700781433188 6.146156405612041 0
402 2.777949525600878 6.071796732513134 0
403 2.887523116012857 5.988212206610353 0
404 3.001356509969503 5.929233544198962 0
405 2.960778237989544 5.750236015245921 0
406 3.135709458787676 5.77668847313122 0
407 3.035403832950456 5.59429003861211 0
408 3.158175061557861 5.640219418446745 0
409 3.081091681026512 5.513123063467717 0
410 3.171623123924438 5.52051531991509 0
411 3.296474902424346 5.658950140082635 0
412 3.302573790616538 5.52952230967193 0
413 3.441856119895672 5.670665102074259 0
414 3.448576988060973 5.536913508379267 0
415 3.431798756593396 5.40097881100046 0
416 3.586046135348168 5.394329172322583 0
417 3.606089350501747 5.539101287244408 0
418 3.737649404139319 5.368450152558231 0
419 3.803020424144113 5.525448905954566 0
420 3.903450288798054 5.432693182412267 0
421 3.978788803499095 5.578713976636057 0
422 4.008417028396279 5.451157499050475 0
423 4.125918439706481 5.607300202989353 0
424 4.156159164142921 5.478683618378454 0
425 4.251127741825234 5.660413509017597 0
426 4.344144587254089 5.534073638851086 0
427 4.452381943977585 5.676714682749898 0
428 4.530700109702273 5.506288660442737 0
429 4.580526520654869 5.644980285926023 0
430 4.691279484915166 5.502037025365702 0
431 4.727732936696838 5.64231294311271 0
432 4.850871271355931 5.5107081700876 0
433 4.879959998481775 5.649675767914224 0
434 5.006651241001988 5.524427916437322 0
435 5.032865856382488 5.66081830743044 0
436 5.158374290033694 5.538103260520248 0
437 5.184625326615649 5.673217040636866 0
438 5.307838494803154 5.551277114767922 0
439 5.335866537220124 5.686723704053858 0
440 5.455759222145229 5.562811946960678 0
441 5.488764884304553 5.702066657967207 0
442 5.422906813858196 5.427684886057097 0
443 5.565430185167294 5.433303722886169 0
444 4.480297853873441 5.358792316374491 0
445 5.544897597846308 5.302527383480587 0
446 5.674975783026948 5.304409239130559 0
447 3.544145071472286 5.251317641636507 0
448 5.54479471742949 5.172576999445763 0
449 5.675889815118366 5.181587175372808 0
450 5.693318964633959 5.059787334396517 0
451 5.785029038275958 5.074586727267103 0
452 5.733567618245766 4.94197988606482 0
453 5.843043897041437 4.996444174504687 0
454 5.929783596385384 5.090328574592694 0
455 6.030066740221101 4.983500430234159 0
456 6.110803479082324 5.10417227571096 0
457 5.924864420307013 4.883278170516586 0
458 6.146359603854079 4.89497711653822 0
459 6.040868402188718 4.738156010776777 0
460 6.225127423269599 4.69553153909149 0
461 6.208547975515677 4.562652021789822 0
462 6.308722387463066 4.566164526180401 0
463 6.24339777175394 4.437806634873054 0
464 4.347736017561004 5.74710096356884 0
465 6.362578362496571 4.488512468173081 0
466 2.616124148867694 6.676392333826945 0
467 6.311696285661688 4.310348546893738 0
468 6.156692469362643 4.271884025600976 0
469 6.44903696524512 4.375541506216546 0
470 6.559119456360951 4.468182578005707 0
471 5.339840012094679 5.821785170384456 0
472 5.492724057983668 5.844112405779748 0
473 6.384263817882479 4.167502804327381 0
474 6.59004145266658 4.228238503655771 0
475 5.46167862726221 5.980478321660421 0
476 5.598562699898545 6.025697433853825 0
477 6.425340541075724 4.009499050323845 0
478 6.641096977831277 3.998970530239918 0
479 5.535946092878505 6.145920782112319 0
480 5.724089536219547 6.08330001156811 0
481 6.57937714155962 3.868612749373137 0
482 6.777832106137097 3.848422264479845 0
483 5.652804599302428 6.210546732359261 0
484 5.806102920469397 6.301158577416807 0
485 6.65842528379591 3.77287312846795 0
486 6.874687473685015 3.713938675793575 0
487 2.940219210062462 5.503929622260945 0
488 5.678474214475417 6.42951308588759 0
489 5.891596109083654 6.468302271456562 0
490 6.756663758974791 3.641730285308609 0
491 6.96629364515637 3.581879452411371 0
492 7.005896102482063 3.767316842793699 0
493 7.089260201156113 3.636076670455736 0
494 7.14604529462538 3.804242170744847 0
495 7.052098884443851 3.45750665058309 0
496 5.765851341964751 6.549245902191565 0
497 5.96878980377303 6.611919291409816 0
498 7.163720013166132 3.508804316172796 0
499 7.116548047629585 3.37139524879869 0
500 2.115329776379941 7.376451972298143 0
501 2.601350221600092 6.016513826016977 0
502 5.844683126211928 6.690328564372596 0
503 6.039665272138089 6.740547580167235 0
504 7.21273775779689 3.385297790102713 0
505 7.245865319493442 3.262821681239175 0
506 5.644325088315986 6.613275691891095 0
507 6.104968754679414 6.563767153900949 0
508 6.162200008709521 6.705203403803768 0
509 6.256109439153271 6.530972277067661 0
510 6.312142001805657 6.696980891512426 0
511 6.477454104596454 6.559730361683178 0
512 6.480504799300721 6.704561060038479 0
513 6.644586979261534 6.580727027313268 0
514 6.647214868868953 6.716963808294151 0
515 6.794176381744128 6.595173800343312 0
516 6.806009094200923 6.722824703987382 0
517 6.90091611604673 6.599522631841976 0
518 6.980552382438645 6.700385263034351 0
519 7.064509696487815 6.572697387059735 0
520 7.144601301831437 6.746743104297721 0
521 7.183400741230481 6.616559352915307 0
522 7.261186631370535 6.751200205249351 0
523 7.309639057610428 6.656851048063858 0
524 7.43506110928952 6.715575953805102 0
525 7.34427401754601 3.282902438933633 0
526 5.691367316900234 6.796676786637576 0
527 5.50952607889349 6.779071624107672 0
528 6.338621848867322 6.845035275773364 0
529 6.994858863680808 6.869504202885603 0
530 7.517094248193563 6.583634126660481 0
531 7.562247934852573 6.775348860866704 0
532 7.30417639323599 3.139181783543137 0
533 7.422705908647438 3.207061765783577 0
534 7.51142505662506 3.305559418692102 0
535 5.616404050504842 6.968423575290549 0
536 5.484134856991026 6.923730420489075 0
537 7.374195488568948 3.014164648387843 0
538 7.246825672290832 2.959298841518017 0
539 7.644003553130813 6.652011770282617 0
540 7.607533769964382 6.454867200558382 0
541 7.678013087956644 6.839224915238264 0
542 7.615211383212668 6.917325988289571 0
543 7.555804138448798 3.080640675322383 0
544 5.566889348103381 7.059824823927071 0
545 5.465712282076048 7.053746719648515 0
546 2.253887181653421 6.538597844026733 0
547 7.792813954635429 6.940269172626154 0
548 7.647612864529862 7.007643942969473 0
549 7.732192782401624 6.523142840256043 0
550 7.692652230828146 6.335339211072545 0
551 7.40220325972076 2.890069612072907 0
552 7.5601710128125 2.903382513935714 0
553 7.810255915277352 7.065185872803867 0
554 7.703598010956274 7.156837354716494 0
555 7.811116543973036 6.389058352534964 0
556 7.747705993151989 6.246704410219999 0
557 5.477931732455872 7.183680392401979 0
558 5.319075642069519 7.183343199612292 0
559 7.529490592302081 2.759121902677832 0
560 7.697144288181863 2.760676210128254 0
561 1.836660709860631 7.76760026045912 0
562 7.862544317209498 7.221941969772203 0
563 7.815955280953817 7.353831336101103 0
564 7.872680451245952 6.226835780621585 0
565 7.803517746442719 6.085909268891983 0
566 5.330311902103566 7.325033530687461 0
567 5.155461031395618 7.318228286414905 0
568 7.639484753987268 2.615868452554806 0
569 7.807942841828426 2.618633575746121 0
570 7.866442174037835 2.762718825545313 0
571 7.946076419118279 7.398233348370219 0
572 7.99201505824247 6.099305500604612 0
573 7.911942095944515 5.99236840320591 0
574 7.907177838994611 7.48475671905123 0
575 8.073867320233246 7.459909152551394 0
576 8.063489965549472 6.018582384581284 0
577 8.046573986225228 5.882902685241595 0
578 8.094125589570515 6.169728426207175 0
579 7.743470745132809 2.468820066312838 0
580 7.573139248235367 2.468920218642509 0
581 7.920549112331868 2.473963211753036 0
582 5.35535510959784 7.469682925881801 0
583 5.177253080455206 7.462088422373546 0
584 5.530669387480787 7.469195731603395 0
585 1.900341044971412 6.972012224810221 0
586 7.996206904537134 7.584712276827742 0
587 7.831052979365797 7.609976026987098 0
588 7.834838485387839 5.873940992305535 0
589 7.936281971555768 5.752617243371252 0
590 8.135630913043363 5.711072944590827 0
591 8.034491943773446 5.620846269233194 0
592 8.134877772974809 7.624097316013392 0
593 8.12182714177613 5.497209568425315 0
594 7.870095252668206 2.294045594383861 0
595 8.132333179218877 7.332903886637748 0
596 5.216894674830538 7.611037654534041 0
597 5.039917079288822 7.601204738000561 0
598 4.999636223541795 7.452882408537376 0
599 4.867007490863281 7.595225990930787 0
600 4.823676922013472 7.447022290958798 0
601 4.70191368878463 7.60071153055437 0
602 4.65078455084848 7.451732932326373 0
603 4.546071017106321 7.621187697789693 0
604 4.487091212993837 7.475006804863928 0
605 4.339229734199778 7.505475187853874 0
606 8.218271079176519 5.575476066824999 0
607 8.182035181507663 5.410317886874155 0
608 2.971090714445115 6.101254899393253 0
609 5.601793462966153 4.916960693629909 0
610 8.036018065448602 7.741823140301999 0
611 8.177346720097777 7.723697174164416 0
612 7.730747370564721 5.764701606093481 0
613 4.396312288585497 7.646779761270082 0
614 4.2418062092779 7.664944596471223 0
615 7.938618320318806 2.199863121832816 0
616 8.056658875421455 2.212094774415958 0
617 8.317245879061939 5.424924715938006 0
618 8.241984624969465 5.261066607054138 0
619 8.136226063773709 5.320776537608937 0
620 8.181981787122517 5.134438341312112 0
621 5.092964256956399 7.754661423160313 0
622 8.35344556580665 5.217334382602401 0
623 8.301900398823507 5.090959509006544 0
624 8.374514511921939 5.556425242928676 0
625 4.302282718907492 7.403494696813167 0
626 4.304610055409095 7.816259481968116 0
627 4.144985392691444 7.834778238317728 0
628 8.098342993413089 7.883607953763757 0
629 8.24324179952559 7.856118785395525 0
630 8.069712016176361 5.202903923488398 0
631 6.826776718317841 6.474755468693298 0
632 8.017001908120966 2.079259054035764 0
633 8.167000680498875 2.065609106657151 0
634 8.216644572531045 2.21254266111157 0
635 8.429200674449842 5.063104745467355 0
636 8.385001897663527 4.931010633584872 0
637 8.311872348255248 2.036983339688685 0
638 8.403810056879434 2.193423214696817 0
639 4.201436787705801 7.984284265176012 0
640 4.056352536488639 8.007816818104837 0
641 8.246449353500417 1.893634231594525 0
642 8.170007765461781 8.031374290860057 0
643 8.352697259694073 8.006424042442125 0
644 8.369258569107103 7.819548553759074 0
645 1.586746912548644 7.535593439489888 0
646 4.013030955424997 5.326351503361444 0
647 8.520659311492819 4.916646077026995 0
648 8.509310004322261 4.798240214570874 0
649 3.990831823280044 7.863803197791768 0
650 3.853141192071555 7.899971890974877 0
651 3.798103800639288 7.795497916904614 0
652 3.711890890323731 7.924547232353278 0
653 8.366362424060799 4.796310805018122 0
654 8.377076201860408 4.663598494660437 0
655 8.524931011613013 4.678503540570662 0
656 8.386666553767263 4.536215554191481 0
657 3.958910271386173 5.718694345069971 0
658 4.737171517367773 5.773341401981027 0
659 8.439287390701216 1.999023160086753 0
660 8.008461724994152 8.038945939034644 0
661 7.880579919902273 2.099747279815307 0
662 3.755385786772429 8.070037907723364 0
663 3.602576434572756 8.086898836156434 0
664 8.383312289869675 1.863052139759217 0
665 8.238097606074039 8.182579293673182 0
666 8.402054229992215 8.182551796024072 0
667 3.677741338992334 7.787069650699565 0
668 8.531619585241655 4.548834287258216 0
669 8.513471542010087 4.415234154588672 0
670 4.628542649386274 7.301257301284291 0
671 8.369470126248141 4.4113008213796 0
672 8.478000501866653 4.280607444026791 0
673 8.517853866120896 1.831363022211811 0
674 8.630330976626686 4.279328314236172 0
675 8.604037127360037 4.109410094230987 0
676 3.613603851502438 8.219385193372709 0
677 3.511484316216297 8.213267757743377 0
678 8.46426069112446 1.689482122273144 0
679 8.768758621500538 4.156670848184977 0
680 8.698539427998686 3.974278444742157 0
681 5.341423450619966 6.907118679335313 0
682 8.303027209953978 8.330558528499642 0
683 8.461751627213818 8.331552096563588 0
684 8.552946240349936 8.178948424582137 0
685 8.610298616851489 8.319390945333788 0
686 8.333259371949504 4.286127541092887 0
687 8.599182478871644 1.651789190489847 0
688 8.65323374184795 1.7963526106692 0
689 8.675958690728281 8.144490269812048 0
690 1.289868509011224 7.935819046347002 0
691 3.574381735232235 8.347310275515875 0
692 3.450457181194289 8.29295376995629 0
693 3.361297541443887 8.19618991880832 0
694 3.24704986682097 8.30014919983979 0
695 8.812578120661634 4.041966281644963 0
696 8.780166338009053 3.857178909246895 0
697 8.594879313047544 3.892392053660812 0
698 8.67611135890796 3.782106928342326 0
699 5.766098241797701 5.988572269442354 0
700 8.545817274670998 1.512947861336308 0
701 8.418999192366332 1.552960253871743 0
702 8.859173448042856 4.175476547644262 0
703 8.742429749690967 8.279977196036445 0
704 8.735670049042719 1.611259550152442 0
705 8.676565916144439 8.462138100840752 0
706 3.164611460297329 8.157630997132937 0
707 3.039426116662416 8.254989694247509 0
708 8.561922889618847 5.040762700395845 0
709 8.86332396748212 3.739058133393454 0
710 8.757497464753916 3.664880730150188 0
711 8.567853113630314 3.717928892404151 0
712 8.645664979733915 3.599376723818059 0
713 1.230424551400119 8.694290884055917 0
714 3.03834002349641 5.433445942988216 0
715 2.862843450356896 5.383895572418904 0
716 2.979763875209793 5.316144694011411 0
717 2.79227528243148 5.251782627336548 0
718 2.917461428430462 5.183501971959303 0
719 2.723615511515934 5.11228489809114 0
720 2.853679782831482 5.038281736056308 0
721 2.64647472935805 4.969363456422436 0
722 2.778389245019822 4.88153528858565 0
723 2.532172475860791 4.814214709326547 0
724 2.688938613891255 4.719352341924409 0
725 2.474534063852828 4.625187761081174 0
726 2.605210387033296 4.558910482899894 0
727 2.409487638247743 4.470597622838699 0
728 2.532773567075023 4.40750784429666 0
729 2.728123301128293 4.483589872902734 0
730 2.651692613432968 4.336400428171505 0
731 2.772851840610666 4.270892406627864 0
732 2.699786176865019 4.124354334442808 0
733 2.902161576291549 4.221916755175343 0
734 2.832907156266966 4.080995251892827 0
735 2.973238139062242 4.049376125527088 0
736 2.902679958331767 3.906266319655283 0
737 3.046754533083701 3.875688723065245 0
738 2.974290722309816 3.728876288746801 0
739 3.111729311305831 3.679261833082894 0
740 3.034208734735178 3.53988439244337 0
741 3.237794242119017 3.597904151079519 0
742 2.906607661076189 3.584516277979047 0
743 2.973398502977903 3.442677727889926 0
744 2.859886275051811 3.448331416810794 0
745 2.834170755521656 3.306812867176233 0
746 2.80322549545124 3.153791153477123 0
747 2.631207575632247 3.159672698835584 0
748 2.350101690917983 4.332023115440994 0
749 2.401202423036648 4.799854413676055 0
750 2.758139155216172 3.000480095158421 0
751 2.904501607255162 2.960538669606224 0
752 2.599739461550772 3.012100379758823 0
753 2.712285822810473 2.854390589659041 0
754 2.56201697338369 2.865451579087777 0
755 2.449173434190802 3.021459616876953 0
756 2.404811822797274 2.882513512018897 0
757 2.319062429025358 3.052009802801859 0
758 2.255961733058665 2.926716747217101 0
759 2.531374334119429 2.712141023074988 0
760 2.126488104204435 2.998432917108338 0
761 2.038045827577188 2.900587661225672 0
762 1.972899608847847 2.975562198252951 0
763 1.916175742532042 2.847323748609596 0
764 3.350545706523633 3.755281630522533 0
765 3.442130359149662 3.613341097580879 0
766 3.475389785298712 3.786576604533691 0
767 3.540747276142242 3.708632355349672 0
768 3.627693039099275 3.825011666944394 0
769 3.751264295663805 3.755226159896421 0
770 3.828965302885034 3.903025927284939 0
771 3.90059244550622 3.716144041266072 0
772 3.971037222480383 3.866202920466756 0
773 4.062952474592145 3.705317237539479 0
774 4.009399896168299 3.552204417945597 0
775 4.181366403448177 3.56041943961287 0
776 4.147391197635514 3.414969881529049 0
777 4.319927635948182 3.425639958874478 0
778 4.120323044591886 3.272365932006834 0
779 4.288703464663535 3.282357615833036 0
780 4.249406025469852 3.137424031680033 0
781 4.417776977977607 3.147886211370838 0
782 4.365875315147399 2.999002628461814 0
783 4.53045900742776 3.006530151235951 0
784 4.478146321218071 2.856512679103558 0
785 4.632218380719014 2.857960130162598 0
786 4.596017733830774 2.718308622073231 0
787 4.709016808677555 2.729018851403556 0
788 4.579710876480948 2.574194533722738 0
789 4.767484809459094 2.609018581375288 0
790 4.414025723907604 2.561817412122572 0
791 4.726409577647955 2.41051849077078 0
792 4.864286615553488 2.376930228318634 0
793 4.767046846600821 2.834737205900965 0
794 1.879076361307474 2.965991115528959 0
795 1.773812218731481 2.823058980149257 0
796 1.812972808514213 2.687825859404151 0
797 4.823837541983333 2.270407504608375 0
798 4.978430596055158 2.293239811153347 0
799 1.667025532170152 2.666780591584654 0
800 1.693957777106416 2.541737762415255 0
801 1.744202307041691 2.954582239941614 0
802 1.594057434334325 2.535733372951286 0
803 1.67708893949436 2.417539062391828 0
804 4.887869931499762 2.180013516094941 0
805 5.093925438457897 2.175158332500052 0
806 5.181913796416217 2.329733321218304 0
807 5.309854543252456 2.2302105714684 0
808 5.383306217012441 2.393531096082214 0
809 5.437054521291996 2.149352659284081 0
810 1.735203306168667 3.084342573689822 0
811 1.586489433805193 3.081688871864252 0
812 1.582948851852704 3.217641156387163 0
813 1.549780936418787 2.446494134417868 0
814 1.628495773479845 2.284496504449422 0
815 5.388596069072453 2.026861993833164 0
816 5.559766257778398 2.06347199125091 0
817 5.635678330497711 2.227792062690328 0
818 1.441094366957382 3.208400820955907 0
819 1.569424259817011 3.381302206109631 0
820 4.773503397940177 2.095217151112112 0
821 4.866431706505419 1.935085627297318 0
822 4.633942287280336 2.022994980938118 0
823 4.124852181682369 3.852535460975324 0
824 1.492111246047939 2.314744473374813 0
825 1.566447035510091 2.144701783561258 0
826 1.713951781389236 2.132610981340663 0
827 1.652440308568438 1.990752780554957 0
828 1.802702620447215 1.981755978906284 0
829 1.502983954092638 2.001201985081456 0
830 1.607738948300887 1.850390500564823 0
831 5.760102490477009 2.140579004932104 0
832 5.881559431681717 2.044685973006391 0
833 5.805496369020481 1.886749078869094 0
834 6.006042329876817 1.949663910048977 0
835 1.41047431286518 3.326517706018885 0
836 1.474392093281966 3.473846469376607 0
837 1.346872200691955 3.197915420337617 0
838 4.730841975775929 1.815438272091124 0
839 4.510892145294846 1.808169508236634 0
840 1.453075208683342 1.853009165235338 0
841 5.927061739970587 1.797352347116649 0
842 6.141874805701503 1.873882856039773 0
843 1.367516141926836 3.446843660215716 0
844 1.346158462943317 3.571902415441369 0
845 6.215840122184707 2.030100146793609 0
846 6.289277312873488 1.823581390239478 0
847 1.597736538024691 1.713908086079557 0
848 4.2030783806902 2.990080173993946 0
849 3.898367882297975 4.047448525960052 0
850 1.439145435544295 1.699823794826369 0
851 1.365551733030007 2.357979611388496 0
852 2.60035530021792 5.199672418113245 0
853 1.200952656913237 3.558978354893456 0
854 1.349403334594934 3.692612763683823 0
855 4.653379216354275 1.666339808933476 0
856 4.528610134148765 1.650998827703217 0
857 1.647930099420793 3.527447966763155 0
858 6.067290800053764 1.716311363890291 0
859 6.358917985287722 1.983838893830963 0
860 6.438080494095369 1.786771264687816 0
861 1.297050123746254 1.881385297144128 0
862 1.466059338827463 1.552662121681176 0
863 1.623233421387485 1.580046401109655 0
864 1.317899269151886 1.512054461757385 0
865 4.32460815234936 1.786256448071513 0
866 4.332506668436996 1.59108120246651 0
867 4.131171942542857 1.772815543713821 0
868 4.108409507771218 1.607237693791703 0
869 3.914754933201791 1.605255909263154 0
870 3.940066916983113 1.762991989907135 0
871 3.731251201196061 1.59618397403761 0
872 3.756448777636454 1.750761601529801 0
873 3.560084109369901 1.583782060445832 0
874 3.57619877060818 1.73051452521462 0
875 3.437349670720129 1.568518795434663 0
876 3.367315360336512 1.677232969816377 0
877 3.241197562351287 1.502985370862781 0
878 3.606857951819438 1.890552539253417 0
879 1.215722491515929 3.691515889132972 0
880 1.244880403645033 3.820766933150519 0
881 3.169023078026052 1.717722939308244 0
882 3.08619862037771 1.549907171169903 0
883 2.970163416002226 4.361216270496319 0
884 1.379162583125329 3.810127653164066 0
885 1.28407114019102 3.957377658979078 0
886 5.833518698891928 1.669070330214987 0
887 3.733314077081487 8.371149536376555 0
888 8.839095301725152 3.546518996651649 0
889 8.726654397791224 3.474402322279166 0
890 1.131354440947939 3.952687920197856 0
891 1.147020450117697 4.091174946421699 0
892 3.119413207344107 8.401188340826101 0
893 2.99175690359668 8.489043019205974 0
894 1.323868695852465 4.128161942694934 0
895 1.263482512943678 4.224440005326473 0
896 1.051640968161869 3.554422387006687 0
897 1.158129008315469 4.224608702530348 0
898 1.193299403718956 4.349724887783808 0
899 1.311602625293673 4.319036083989232 0
900 1.235058070261865 4.472604450204233 0
901 1.357520437079868 4.454393674817061 0
902 1.244178670265374 4.591808200178896 0
903 1.158748854124094 4.583556430010469 0
904 1.205215422882597 4.710661726548256 0
905 1.33018676234968 4.745274860134369 0
906 1.258680108978001 4.880332072761293 0
907 1.385137119352827 4.925192299735115 0
908 1.514818866927765 4.96909799295627 0
909 1.43878294208068 5.096917163952781 0
910 1.309174759522173 5.053406661023508 0
911 1.372965915712683 5.221393825773383 0
912 1.507988219499611 5.255131524006897 0
913 1.316535184344628 5.348501222396661 0
914 1.265424944125811 5.477350308429329 0
915 1.410750605913297 5.508952231073687 0
916 1.340756542766961 5.636729518755627 0
917 1.20347858135323 5.604761319880549 0
918 1.267497288331206 5.758348128497487 0
919 1.45768940420333 5.69674666837586 0
920 1.135442196520163 5.728323372773416 0
921 1.206181636535688 5.873631810593815 0
922 8.8142711154422 8.428104235350622 0
923 2.624581240317713 3.973644770704037 0
924 3.657585513512753 8.518626762505379 0
925 3.831242282998802 8.54101784357792 0
926 8.679072762400455 1.465923886059727 0
927 8.862358611144121 8.205534257906431 0
928 8.819969025746527 1.429780601101722 0
929 1.100465974054332 4.655941528727955 0
930 5.978341787455213 1.524749057903512 0
931 5.813043909066 1.414881313277515 0
932 2.962333687581634 8.101828788997741 0
933 4.549188209356849 1.506936787116149 0
934 7.594813587584686 6.254115719300914 0
935 7.936734128291371 6.971376542757179 0
936 8.745662755528871 8.606671234398418 0
937 1.379306116253168 1.412372792189682 0
938 1.180556200297338 1.447958810305917 0
939 4.982133977081436 5.387177846893329 0
940 8.88795202788037 8.579301613031436 0
941 4.070805342210712 1.443365309368968 0
942 1.075486583391709 5.853505353514655 0
943 1.174907500884894 5.983729203920456 0
944 1.259954111263335 5.989826147401395 0
945 1.174606285077388 6.098239294451975 0
946 8.923533835356606 3.428298281934483 0
947 8.815703617060137 3.346235379122906 0
948 3.003712164412612 1.75849512147828 0
949 2.924926479109506 1.593713512180225 0
950 3.536176005641777 1.440623327181193 0
951 6.508856389921307 1.952746149318075 0
952 6.585561325411942 1.75347942800978 0
953 6.41337990806483 2.138127016530267 0
954 6.739145848304306 1.728187233220429 0
955 6.660397165873182 1.558731406821682 0
956 6.829026099079354 1.551691838785771 0
957 1.288346758178954 6.073243186109333 0
958 1.182798293770268 6.221175714414017 0
959 1.05588406317247 6.218401633526311 0
960 1.189851677697082 6.344532342954584 0
961 0.9973243963336921 5.704686829147499 0
962 1.059139426781564 6.337460000878795 0
963 1.068119060776449 6.471118980925382 0
964 8.520797097458876 3.550269744726101 0
965 3.05279289492122 8.590089641876705 0
966 2.871294383575302 8.576395405683158 0
967 3.010540791146228 1.382781814606222 0
968 2.848682934962159 1.424765555206591 0
969 6.763414442785185 1.386394660796455 0
970 6.93748598601023 1.393293110418754 0
971 9.01426681279959 3.319027299785452 0
972 8.919606422883881 3.224341882283074 0
973 8.816777659869581 3.125631750742569 0
974 8.916029115101493 3.011640178848836 0
975 8.800795087084365 1.292043976617091 0
976 8.904324735522103 1.300105901910037 0
977 8.943835560390953 1.387384685728101 0
978 3.080178238237172 1.923528268704657 0
979 2.842973059265325 1.807336009325062 0
980 0.997271090073757 8.355133097020531 0
981 6.568190693094436 2.12226278469278 0
982 6.42534018758187 2.284656138722445 0
983 1.308694535182271 1.303028437073814 0
984 1.121978475916457 1.247173523757539 0
985 3.747431210183692 8.689809331898836 0
986 3.923297560958404 8.70860483046569 0
987 1.330544752442096 6.226009301608994 0
988 1.042062430937335 1.382364494620754 0
989 9.104842257925407 3.394799756470469 0
990 9.050731188294106 3.099942953789014 0
991 8.977142496203491 2.933948760420286 0
992 6.368752971582747 6.369864964236291 0
993 5.881532794244891 1.314745727075762 0
994 5.698384109403221 1.304404502114717 0
995 2.201726170947124 3.114150941793318 0
996 8.812020057080712 8.751248162998172 0
997 8.656558706600459 8.760653062578651 0
998 8.957826721674429 8.727018677044867 0
999 8.710937482099226 3.022214310955752 0
1000 0.9294436618895767 6.465988186753997 0
1001 0.9329263615825623 6.591321790787996 0
1002 0.9882351592326666 1.193683127168646 0
1003 0.9039086121389023 6.30949372324897 0
1004 1.597134482702254 4.835031285960625 0
1005 3.509460330967537 3.536631141441048 0
1006 6.900496721337992 1.71638257541636 0
1007 5.486350948178853 6.231096169094943 0
1008 5.738079169533842 7.061367403400234 0
1009 3.001388819481806 4.994511392973197 0
1010 4.357201828561772 7.968775092533031 0
1011 7.51011658115556 7.173061928263216 0
1012 1.067683148952625 6.613681476860798 0
1013 1.043419100358319 6.780434672095798 0
1014 0.8934662401383785 6.711098307803894 0
1015 0.9258929808236105 6.909614967425186 0
1016 2.986106671987197 8.688547118116956 0
1017 2.734367118539865 8.655216923979834 0
1018 2.648751412967849 8.496803210945465 0
1019 2.568899086745579 8.695454746182657 0
1020 2.498230475501935 8.532255742931373 0
1021 2.394296038239503 8.701399910149776 0
1022 6.895074107496723 1.232736062908125 0
1023 7.071183501606408 1.243854777807236 0
1024 9.04531342105467 1.313245949339868 0
1025 8.95701018240392 1.217435505164506 0
1026 2.960718499354391 1.176883709721502 0
1027 2.77052311809105 1.253814565557912 0
1028 2.611247147964078 1.304283984924004 0
1029 2.543255715875427 1.150880354562321 0
1030 1.123476994638586 6.92726501864909 0
1031 1.015681065511533 7.014450971101931 0
1032 9.071080159563579 2.944333770353891 0
1033 9.056333740085394 2.821348858139115 0
1034 9.099587392517716 8.696241986584866 0
1035 9.115358113733619 1.436645119808401 0
1036 0.8364947738926791 7.01804732291594 0
1037 0.9186102592430735 7.10760663606646 0
1038 6.611800911457021 2.331996287693639 0
1039 6.510988280150279 2.4994099682646 0
1040 2.619265462312614 8.86704777461456 0
1041 2.334304223212209 8.540613692081497 0
1042 2.222965251161811 8.694800802769 0
1043 9.16382612294397 8.83905842725243 0
1044 1.167361841778116 1.109009254213777 0
1045 1.339524785348278 1.122943694116826 0
1046 9.022565467590745 8.872277045514526 0
1047 8.782123213943173 8.063887919974865 0
1048 8.997272188570715 8.101749583495177 0
1049 8.884467561855127 7.957664868628867 0
1050 9.047473279578512 7.97336809129561 0
1051 8.970444793330421 7.840967567450392 0
1052 9.151180045657028 7.843513194034715 0
1053 9.054017325685818 7.726824801879131 0
1054 2.925313888907103 1.973723435719914 0
1055 2.78340718172269 2.037906574573501 0
1056 6.721007697658859 1.220550436807289 0
1057 2.437410104926976 8.378815066078786 0
1058 3.088234913790543 8.004722189297059 0
1059 2.888288869180538 7.950380029927389 0
1060 3.012393971932161 7.855360579117343 0
1061 2.820199880557825 7.811995868430735 0
1062 2.931990635318081 7.725163273494819 0
1063 3.853453916958941 8.858340650098592 0
1064 4.027919993498931 8.876652774461862 0
1065 4.100409872060853 8.730454697147023 0
1066 4.191036127451766 8.90240338011461 0
1067 4.266811955526836 8.76310355655267 0
1068 4.334545890444202 8.948214267757892 0
1069 4.422032974237398 8.81294609169737 0
1070 4.573967970168343 8.881482311856383 0
1071 4.670210805502892 8.729384706748315 0
1072 4.755239709440501 8.981006126294748 0
1073 4.82981990455924 8.786898159297621 0
1074 4.927202313119854 8.961542673141384 0
1075 4.990280364930785 8.841899944005721 0
1076 5.139221194713234 8.920700667812472 0
1077 5.263457202547813 9.029298492748861 0
1078 5.401765259743053 8.936512400635701 0
1079 5.485560769501608 9.076373856904006 0
1080 5.565663537230205 8.885171235982128 0
1081 5.503591604436723 8.719623057734491 0
1082 5.684978680640934 8.709351843183873 0
1083 5.738363834410997 8.868776441729723 0
1084 5.855795305224182 8.703859729552729 0
1085 5.814353242252023 8.550285939081959 0
1086 5.970201670886586 8.541044211577621 0
1087 6.019704503736961 8.686642706740098 0
1088 6.103479775391233 8.50606351701418 0
1089 6.055644393160532 8.411638023651697 0
1090 6.222265376518232 8.439934378740849 0
1091 6.309763631431049 8.590035145033166 0
1092 6.449006440305753 8.524436696598903 0
1093 6.593867648599723 8.459399215361238 0
1094 6.501120242838361 8.291602680607472 0
1095 6.685994556029479 8.629367865186094 0
1096 6.648025739955687 8.225004224294096 0
1097 6.567381734093708 8.064372793051643 0
1098 6.783499920815119 8.153118436072887 0
1099 6.704534614793016 7.998735055411862 0
1100 6.497863674632733 7.911102746981532 0
1101 6.632364620874629 7.850067402988968 0
1102 6.441116391276418 7.776579727012638 0
1103 6.841340811247112 7.941763827088157 0
1104 6.537465428227666 8.693164505522171 0
1105 6.768670148151675 8.801378729632551 0
1106 6.769683615323685 7.793728207642231 0
1107 6.917121662629912 7.757179965012898 0
1108 6.620897680975398 8.863719058142497 0
1109 6.818025114512384 8.930302927478753 0
1110 6.957841387788981 8.738246025871407 0
1111 6.94632072119341 8.947814184127717 0
1112 7.152540147881893 8.79229950532058 0
1113 7.15213150602365 8.988195086591881 0
1114 7.272386796722228 8.80469562151788 0
1115 7.330141240950579 8.908640465102764 0
1116 7.448857915627061 8.808117594907607 0
1117 7.323501824129869 8.705262783125516 0
1118 7.570978150519767 8.931310663175742 0
1119 9.187993459539676 2.816577293475091 0
1120 9.16123454971896 2.682846395668342 0
1121 3.662908679063853 7.646684878938716 0
1122 9.153408638011415 7.973740223349375 0
1123 0.907041340360373 1.32129792741262 0
1124 9.146444722773179 1.218032969171819 0
1125 9.045162429436621 1.104061722883225 0
1126 2.701641650507413 3.461541451249155 0
1127 0.9309284490695081 5.83408049563191 0
1128 0.8646052172992871 5.675611508431994 0
1129 0.7814291097768946 1.251832924616219 0
1130 5.831736908118463 1.205707757031153 0
1131 5.577374389051926 1.181983705812911 0
1132 2.453527626009389 1.336369655632298 0
1133 2.397217139966079 1.178659319556982 0
1134 1.454162783296857 6.118358184943604 0
1135 1.538619583889499 6.238685779189709 0
1136 1.630573884955808 6.116868719011088 0
1137 9.153109522230579 7.720357832680825 0
1138 9.146541895768069 7.598158735750918 0
1139 9.02231649836831 7.634599749368117 0
1140 9.135774116366854 7.470665300170767 0
1141 8.97315587089369 7.464793646263233 0
1142 9.031460868841862 7.34950954132985 0
1143 8.882796015801052 7.34109828371427 0
1144 8.990080531207406 7.258722909901447 0
1145 8.801502483887216 7.221878851415035 0
1146 8.930815441426459 7.094221949116259 0
1147 9.096329188576231 7.09041112706498 0
1148 8.987989292698176 6.969291402914987 0
1149 8.803542440200664 6.990878619907739 0
1150 8.937787814880148 6.855581864811214 0
1151 8.793049286839306 6.772434598756509 0
1152 8.879150547708326 6.640795007896606 0
1153 9.008034909902246 6.689537836678403 0
1154 8.955483866029784 6.511697429642101 0
1155 9.077416606340773 6.559071351753851 0
1156 9.026709078917825 6.395833081362242 0
1157 8.841688423563948 6.451199366403483 0
1158 8.912070471800904 6.304980854403732 0
1159 9.081249726484311 6.318984912242072 0
1160 9.049241887718072 6.229816466003198 0
1161 8.864694501077171 6.148049057300616 0
1162 9.014886207758183 6.061467601719006 0
1163 9.175979111578462 6.081896301385713 0
1164 9.098042402884513 5.900263282151185 0
1165 9.212953602130593 5.960035696251547 0
1166 9.173357917217247 5.778431692547935 0
1167 9.276665916495405 7.461689904967237 0
1168 4.857411772747788 1.627744979474856 0
1169 4.895495801137186 8.636906355100152 0
1170 9.206992186755894 2.949873088444455 0
1171 2.687299099271958 1.095617656767027 0
1172 0.7786050535490263 7.098497135446889 0
1173 0.8226286591290161 7.185090180390628 0
1174 7.066692521224868 1.090105672348264 0
1175 7.234955734123008 1.106424313022415 0
1176 7.238412526200527 1.246901370138131 0
1177 7.354828020537692 1.12285517422797 0
1178 7.388257156835083 1.229979484167249 0
1179 7.539947371678941 1.197251568177468 0
1180 7.587874566925555 1.353368823255414 0
1181 7.711190176923215 1.17669195770403 0
1182 0.7922965115068116 5.797758420658928 0
1183 7.434061111439711 1.378520056477356 0
1184 0.7524452400847778 5.629714350149898 0
1185 0.8065121276541776 5.549810363166409 0
1186 8.799639977238362 6.024328360628664 0
1187 7.669631992382869 8.805908775794702 0
1188 7.707980996848304 9.051653826506781 0
1189 0.9994509412559024 9.099479561017807 0
1190 9.024221237945207 2.691747055931918 0
1191 9.143464377392382 2.550316496932918 0
1192 9.278056476200131 2.558232482321075 0
1193 9.132066345908548 2.424716523234956 0
1194 9.280132360795578 5.843668875804369 0
1195 9.242845640249646 5.676607678692536 0
1196 9.077994503571079 5.691191788241969 0
1197 9.164261450649237 5.595866176466229 0
1198 8.990134394735181 5.587260468597097 0
1199 9.086912422702872 5.492477600016151 0
1200 9.253937134836972 5.535649761114242 0
1201 9.196469341145937 5.425636135628996 0
1202 9.320266589911313 6.008691251633334 0
1203 9.20559138159912 8.947148174919505 0
1204 9.10278104595324 9.036438971898074 0
1205 9.240028554954726 8.659864032582416 0
1206 1.355278415084231 0.968037775076968 0
1207 1.536906218700498 0.977392662816208 0
1208 0.7144253385788196 7.251980906950188 0
1209 0.7795865115826565 7.385618613230106 0
1210 9.320723018789687 5.388958203948257 0
1211 9.263474058802617 5.253291364736119 0
1212 3.643037317026007 7.491943298201935 0
1213 3.4672626784218 7.488459719806955 0
1214 3.610898540234431 7.331262390101732 0
1215 3.433122196350214 7.336919016903245 0
1216 3.597848706481163 7.179498167655441 0
1217 3.391352470742461 7.137534706645585 0
1218 3.497740296553537 6.985014312816681 0
1219 3.63021257037584 7.042347890346582 0
1220 3.564010249677024 6.900427633304042 0
1221 3.668722788869629 6.915657964075015 0
1222 3.692717451837828 6.793099819887506 0
1223 3.795223706205491 6.805832993274668 0
1224 3.740077076635163 6.67152425941768 0
1225 3.860031733779692 6.724112320102378 0
1226 3.391897067360691 6.889004899719874 0
1227 3.816198209296966 6.545409707429456 0
1228 3.951868806441674 6.608247126592985 0
1229 3.668544646239307 6.509346044454353 0
1230 4.062859039056265 6.693549730761716 0
1231 4.173689365308838 6.611094653195549 0
1232 4.084839929820467 6.467195446240448 0
1233 4.290253318049029 6.43967423679079 0
1234 4.310270303679991 6.578129414075513 0
1235 4.456711178953984 6.438031200961833 0
1236 4.462875151793797 6.576295017174286 0
1237 4.616846794342729 6.445680312762887 0
1238 4.619605753212639 6.584190945926698 0
1239 4.774209153026332 6.456117043913169 0
1240 1.193098072087563 7.050721101221238 0
1241 0.8880201793080874 7.305026120838665 0
1242 0.8536837526058707 7.521395113011334 0
1243 4.275551556153124 9.042396656097452 0
1244 6.378799740140283 2.423029464530172 0
1245 6.428374090062777 2.623279323893208 0
1246 6.308490623775176 2.558055779088266 0
1247 6.37051845777272 2.710114149144612 0
1248 6.265666810031225 2.699051422505823 0
1249 6.266316815574555 2.873726126517049 0
1250 6.124936966472764 2.836411319997098 0
1251 6.161191370251501 3.025395420879959 0
1252 6.046529802725203 2.93262228771635 0
1253 6.066488420147799 3.150464679882099 0
1254 5.953776394083915 3.059070161029365 0
1255 5.997153723673359 3.243546938146906 0
1256 5.859776100874988 3.19900170368126 0
1257 5.883026633594438 3.38241092795678 0
1258 5.72592225346483 3.386943752443039 0
1259 5.685526764145253 3.233700285847205 0
1260 5.592125524924531 3.422147178848126 0
1261 5.638601660247433 3.521947550717745 0
1262 5.476354267407135 3.497402095141222 0
1263 5.578363159032313 3.6087809057113 0
1264 5.361659458499773 3.629854164672261 0
1265 5.4859571231144 3.733999326576822 0
1266 5.296930849006876 3.767553170935359 0
1267 5.36648917142506 3.903849104645943 0
1268 5.225671116313027 3.9237537174748 0
1269 5.2740281848802 4.065946551714268 0
1270 5.135941907145855 4.08830938092912 0
1271 5.182808980908469 4.219755111877623 0
1272 4.997846637475164 4.113843867484995 0
1273 5.054438540965069 4.250200287476805 0
1274 4.909547808018308 4.271904455223398 0
1275 4.951646697088324 4.415997500726484 0
1276 4.793016465361333 4.416163657115928 0
1277 5.308682887643362 4.201388900862847 0
1278 5.142031575556476 3.632562638011169 0
1279 4.80089119750057 4.556085196398287 0
1280 4.642783596720074 4.547534694808059 0
1281 4.632108446647379 4.410035548852894 0
1282 4.485142722646749 4.537646053415465 0
1283 6.422923990351269 2.799727273532916 0
1284 4.946797822332844 3.973927444245238 0
1285 5.533818334308591 3.272096218998259 0
1286 5.603054500301584 3.822560908643071 0
1287 4.773121843833286 4.695591460316654 0
1288 4.474863866098561 4.402818733669331 0
1289 4.333302387805759 4.527881610355369 0
1290 2.773556825651718 7.718030332767482 0
1291 2.837034164108809 7.633177279834701 0
1292 8.243123966520617 2.358372389985659 0
1293 0.8022686912419796 8.595755499686707 0
1294 2.686769420519201 7.880978891688126 0
1295 6.743515498495382 2.503493624572668 0
1296 6.798706920647356 2.263681288832695 0
1297 1.594217077658062 2.944574654325288 0
1298 5.703365030367951 2.38901848649433 0
1299 3.96867453448155 1.92146942189347 0
1300 0.8741997848489487 1.120287607272937 0
1301 6.84975193284202 4.049013139960446 0
1302 2.268219885912853 4.506113766195702 0
1303 2.220039037550591 4.358804946816111 0
1304 2.112008521407002 4.514181110892907 0
1305 2.072828703055701 4.36859375939328 0
1306 2.190613762966021 4.203423296330529 0
1307 2.035126720448256 4.229575998648115 0
1308 2.116284943469239 4.107615780512669 0
1309 6.860550957257516 7.607511336619644 0
1310 7.025550736781434 7.597144035130844 0
1311 7.076884101060454 7.745187562548435 0
1312 0.7323171078015074 6.946870554115606 0
1313 8.253506496761878 5.776777772737959 0
1314 7.947835085087713 6.435405051160786 0
1315 2.164822028060383 8.536818964783919 0
1316 2.05369381985672 8.691389762293673 0
1317 2.097136988512612 8.84765540048374 0
1318 1.919870482487251 8.872408984536136 0
1319 1.99912352626282 8.984873084424759 0
1320 1.8209217266199 9.00571979705126 0
1321 6.7038953884931 7.64966136636315 0
1322 1.025191566675394 4.565999105395415 0
1323 0.9235052837728046 4.639186154320038 0
1324 0.8604692908152748 4.527262884065964 0
1325 0.8202137915806551 4.703205503295238 0
1326 0.8666304932277169 4.786499521007363 0
1327 0.7597508802833993 4.588535668844152 0
1328 0.718531683480446 4.76740723393084 0
1329 0.8030055727134509 4.861694559296608 0
1330 6.009280644448389 5.209645382694758 0
1331 6.190426112283554 5.214206666923216 0
1332 6.091700493680106 5.332623352537651 0
1333 6.285673187227996 5.307815116487555 0
1334 6.386472838315251 5.39934483568334 0
1335 6.488133912789204 5.295789155874461 0
1336 6.556017354005286 5.384292095514596 0
1337 6.60523812307459 5.219802264082928 0
1338 6.688113443962049 5.356103202604113 0
1339 6.764556434314853 5.26259211753154 0
1340 6.855665049506079 5.397101525008849 0
1341 6.867106734210083 5.27374599564898 0
1342 6.686736394445004 5.520800410445744 0
1343 7.010321731887376 5.413111883302395 0
1344 7.009051654755321 5.283139210535463 0
1345 6.990480520723536 5.152762653363335 0
1346 7.136887907264371 5.156963981870239 0
1347 7.102888137783086 5.023357524957142 0
1348 7.247532449656052 5.023123684690381 0
1349 7.216060432136881 4.893361764259502 0
1350 7.348626769810447 4.887452174134546 0
1351 7.337416046297987 4.774140825628574 0
1352 7.425192922453761 4.780564455537905 0
1353 7.360956509539498 4.657958663759547 0
1354 7.475706850190218 4.704933547777115 0
1355 7.398604406946444 4.529219087403764 0
1356 7.56865946616696 4.570929335288375 0
1357 7.57864620754032 4.399902512599127 0
1358 7.284009897410093 5.152210509414784 0
1359 7.223452248974179 4.636723030315032 0
1360 7.584190149405242 4.261457055588995 0
1361 9.138512455778987 6.718957166896946 0
1362 5.263005849326005 2.491255723051903 0
1363 8.680781694311333 6.695213478245144 0
1364 8.591765469882567 6.809860557592217 0
1365 8.579855693133572 6.613007014062213 0
1366 9.2041739383177 6.59442597958878 0
1367 9.251671801700958 6.754118376431351 0
1368 4.983293282896788 7.310190629080457 0
1369 7.291014418805878 3.543835922851375 0
1370 3.518114793654119 3.893127290752247 0
1371 8.692026125291099 4.719015549409843 0
1372 1.073601729156493 3.685423648419171 0
1373 0.9126682862760584 3.55309599480939 0
1374 0.9300791955030858 3.675183373142732 0
1375 0.8146599830662257 3.548120345038923 0
1376 0.8819773971264802 3.435571813195622 0
1377 0.7639336235109784 3.464240728555119 0
1378 0.8412139566004976 3.310935362363352 0
1379 0.7633828247759396 3.64548496562557 0
1380 0.6769697332236538 3.333802547287923 0
1381 0.8175444048622654 3.180700816495478 0
1382 0.8114505178935393 3.810234698783498 0
1383 2.114954942107223 6.727767575111881 0
1384 7.116840657103754 6.490490935349752 0
1385 6.320422343622122 5.489850625286064 0
1386 0.8129634826357169 6.494026358718449 0
1387 0.7610516716878277 6.373114653347637 0
1388 7.702367014824739 1.014337325351008 0
1389 7.888767670537318 1.022836199610428 0
1390 0.7622418393890236 1.032803812577033 0
1391 0.8475603256154074 0.9045509985073544 0
1392 4.589343528273135 3.157286873587227 0
1393 2.416400988132783 6.247913697773023 0
1394 2.750086411782095 5.479899551322509 0
1395 7.164400847951373 5.419764539272792 0
1396 7.007132539805607 5.542286660538137 0
1397 6.66769459428541 6.857436251371563 0
1398 8.910360853514225 4.106376797355025 0
1399 8.98645134451381 4.190020630095238 0
1400 9.07178297943296 4.095958984050037 0
1401 9.150105629218404 4.194733650028708 0
1402 9.235064392659178 4.096837956523092 0
1403 9.308297761470035 4.186131244023553 0
1404 9.23029980751607 4.289872566484057 0
1405 2.862684044667728 2.188836654288038 0
1406 2.999093566712702 2.136491873990758 0
1407 2.658099105674778 2.104479121794399 0
1408 2.600717782724523 1.99403476540309 0
1409 2.530739452150948 2.151824322571306 0
1410 6.726160520904298 5.172485752255741 0
1411 9.269665419803747 1.136752303877394 0
1412 9.175126575207186 0.968219101372505 0
1413 9.023949411936181 0.9034729133104065 0
1414 2.493166155497272 6.891544260139296 0
1415 2.756957719172271 6.379931369632389 0
1416 1.646063091034812 5.017427695072878 0
1417 1.536024673978528 5.568110276850454 0
1418 1.639827493964636 5.658893034370627 0
1419 1.730507320001228 5.530132366357695 0
1420 1.820307793613481 5.640471147904475 0
1421 1.909996905430171 5.517768169016478 0
1422 2.004861098404168 5.602968578693551 0
1423 2.077976952468802 5.494017246693859 0
1424 3.73115392226379 6.374662889903842 0
1425 3.584484463014519 6.348976997198458 0
1426 0.6748787955623742 3.840246444237597 0
1427 0.7314105722545212 3.966019544225253 0
1428 9.311785303028669 4.379542312926718 0
1429 9.229387354174182 4.480371913457898 0
1430 5.838449985423139 2.975206814555132 0
1431 3.132704875847275 5.91772166639057 0
1432 5.649722792289775 4.786318844211378 0
1433 8.44657230537543 3.675120805213385 0
1434 8.383530139622206 3.515004579291613 0
1435 8.312253724089306 3.648289184285626 0
1436 8.234079495280247 3.490120233146055 0
1437 8.166673830095602 3.631678876979037 0
1438 7.948555322439117 5.513461008100335 0
1439 6.642190881860125 3.565567978260054 0
1440 8.750237001250049 6.215095186640641 0
1441 2.045395154490716 7.512688715014384 0
1442 4.456568904545883 4.671641820249406 0
1443 4.304308055310454 4.65590789579188 0
1444 4.199144699147151 4.518907332836454 0
1445 4.16833854654749 4.632176339781308 0
1446 3.993735563549592 9.025789263451438 0
1447 3.820090494983842 9.012932439470738 0
1448 2.157670748695697 2.765653347651838 0
1449 7.075131906923854 4.887652454196722 0
1450 1.23631469097806 6.860260714488875 0
1451 1.998892279187174 5.415527511489046 0
1452 0.6490377535262789 6.45057815107804 0
1453 5.4087091208703 5.162009260819464 0
1454 6.252116770000057 3.991969143325728 0
1455 9.037203294468512 2.420494439836371 0
1456 9.106463219094872 2.302200561032033 0
1457 9.238244572813175 2.292078430394315 0
1458 9.195454065554987 2.14883923240893 0
1459 5.265211050482023 7.764104697898579 0
1460 5.131915097510563 7.906888300349581 0
1461 5.300148544737547 7.917457474460103 0
1462 3.963212411474863 3.262361466665429 0
1463 8.308192507277523 3.32335134645632 0
1464 9.329579252722787 6.633408086126372 0
1465 8.708468497711397 8.906433396277038 0
1466 8.542198159139412 8.905150448240484 0
1467 8.574011151732762 9.053652064135662 0
1468 8.40126406769059 9.046844628603939 0
1469 6.059783573969416 4.554028672187351 0
1470 5.037597463547584 5.79494391916419 0
1471 7.374887419967236 2.766289935370622 0
1472 7.424696029598833 4.391112326146606 0
1473 7.086993454260822 3.247964176834254 0
1474 8.141864063656742 8.327059915531624 0
1475 0.6950352531400035 1.385394925019122 0
1476 0.8212875936839449 1.454851723849506 0
1477 7.105526941455641 0.9369298926135947 0
1478 6.921638564155654 0.9095224634049135 0
1479 7.955972610291508 1.937115046211678 0
1480 4.837708091120866 9.172987399346553 0
1481 8.5941250381931 1.27583217781931 0
1482 2.016212821243133 4.103910293436658 0
1483 2.028649271584338 3.985017351189903 0
1484 0.6700680062326563 3.176049183333391 0
1485 0.6680139681810318 3.04038189374219 0
1486 0.8153893214431014 3.052266880279543 0
1487 0.8287272881181378 2.927818164332637 0
1488 0.9696966904638283 2.943493255229704 0
1489 0.8511301706079794 2.775494763639159 0
1490 0.6757667683498488 2.786162504744117 0
1491 0.7673661255198816 2.629085690561281 0
1492 1.816277405778663 2.411757969225829 0
1493 0.6633847741498691 5.552342138455892 0
1494 5.992562453058815 1.171221786066641 0
1495 5.98198847417423 1.00324550656181 0
1496 6.16816364940761 1.00976621097319 0
1497 6.726842355916945 9.07996486481637 0
1498 6.530129782187282 9.046156592535334 0
1499 9.253641481244248 9.126414379903039 0
1500 4.110466364264961 4.512872911684239 0
1501 4.060035929846997 4.58639205376763 0
1502 3.978073798977817 4.5041052995089 0
1503 3.880911834652923 4.609905795675218 0
1504 3.793002379811494 4.4844746100905 0
1505 3.638971723291232 4.609501538978251 0
1506 3.585417946462616 4.406608645185986 0
1507 3.453463995699517 4.598124550302944 0
1508 9.339978285167144 1.280213406008243 0
1509 2.494220060467447 1.991517403688522 0
1510 5.584866473403712 1.455967882996772 0
1511 1.652212211292952 8.085824155298788 0
1512 7.659516687403942 4.701653634368791 0
1513 9.130536163765896 5.29997522494677 0
1514 9.192574842751331 5.119086476490084 0
1515 9.312239985096113 5.056722972956845 0
1516 8.207661867657446 8.469077941005708 0
1517 9.331078818266644 2.814706665553165 0
1518 1.72539122930559 6.20785731525408 0
1519 1.643410400692824 6.334849622961715 0
1520 1.803183273934146 6.093213010227446 0
1521 8.701494626881836 7.335539549506316 0
1522 0.6409994590716309 2.6668221681411 0
1523 0.702560730578897 2.504397692604875 0
1524 2.288236892437264 1.361874365437977 0
1525 2.237061337171757 1.189382135598327 0
1526 2.385023138118971 1.033798447033394 0
1527 9.360660842426809 5.512827492612733 0
1528 8.233785090452002 4.643897816538075 0
1529 1.303495749601851 6.987092617306185 0
1530 0.6713997083020727 7.475843050944562 0
1531 0.7432778026290527 7.609850242321077 0
1532 7.165187343162976 5.550127138668795 0
1533 7.170401000453904 5.68163049726169 0
1534 7.460714501928432 4.855110251186182 0
1535 9.353934525730285 2.950373871940494 0
1536 4.928087429707642 4.705626989811635 0
1537 9.322667399126097 2.126187511519106 0
1538 9.282212212048259 1.987649077516682 0
1539 7.046817850150025 9.174463327352116 0
1540 7.714029789479057 4.23709317489817 0
1541 7.689547538497949 4.149902656465049 0
1542 7.749011340576202 1.335240570195669 0
1543 0.6074473880761786 3.423525909096823 0
1544 1.011044038087943 2.82181446932583 0
1545 8.076156552666333 3.476936372658449 0
1546 8.015084192141993 3.62071627190718 0
1547 8.111568591569029 3.772985843709896 0
1548 0.6044914940824704 4.830264600999431 0
1549 8.902764280670855 5.493063969911208 0
1550 9.361875072059172 4.107572500794602 0
1551 9.324323058652794 4.020849740947482 0
1552 4.77551918957926 6.594447525276444 0
1553 4.929895161988259 6.466451647779419 0
1554 0.5777453417319091 6.324337891032544 0
1555 0.6703468787430779 5.738158588840011 0
1556 2.228431211005716 1.026103273841219 0
1557 5.364154504438106 9.154019711736161 0
1558 5.538943278179529 9.169760526243461 0
1559 2.117900876191464 5.665105871583646 0
1560 7.421923962083034 9.083617352191302 0
1561 5.994711267524661 0.8296081159500992 0
1562 6.175717146536082 0.8425546632586125 0
1563 5.815569383281785 0.8039719243895483 0
1564 1.423954490557082 6.935762531183145 0
1565 8.49416694387768 6.725062551389565 0
1566 1.942719614220631 9.077843688029024 0
1567 1.727819646351292 9.13377886190405 0
1568 2.079070155443096 9.125783831160257 0
1569 9.120563719800971 4.994548115687864 0
1570 4.254121602486467 4.784362206074731 0
1571 5.129375221345036 4.400692797388458 0
1572 7.189717892478173 7.599154866794476 0
1573 7.239580519540094 7.745107801470557 0
1574 1.733586722960064 4.8877275770766 0
1575 8.406812412376098 2.369379113599343 0
1576 8.413298059815149 2.505646389067975 0
1577 5.142752055164401 8.057651671084532 0
1578 4.973733183800404 8.044421000551107 0
1579 3.778567143697212 4.742160290112047 0
1580 2.179784236207386 5.543494026101921 0
1581 3.837042291215262 6.92488983612883 0
1582 0.6548428222715892 0.9292933709800264 0
1583 4.315245458892406 6.698319914515256 0
1584 0.7471056464142201 0.8083366702963652 0
1585 9.388541667885479 5.901618829391939 0
1586 2.25095962291402 0.8681467378690092 0
1587 2.081883707435875 0.8558197488142505 0
1588 9.390954471573748 4.472168776860846 0
1589 6.618985718694611 9.227847095826931 0
1590 6.402234053962767 9.158454769231687 0
1591 3.616392970864748 6.220016194837086 0
1592 2.722969760336556 7.576610397591021 0
1593 2.799732571506994 7.451679129419945 0
1594 3.436571206596568 4.439137872518226 0
1595 3.303232270387228 4.587391432795134 0
1596 9.444305810236967 2.090236139358339 0
1597 9.391693492889505 1.953437795430805 0
1598 5.642097318935384 5.709595740606581 0
1599 2.912528361116915 2.302926673081924 0
1600 3.055165342895107 2.333567113904537 0
1601 1.922600145244601 4.372441895504966 0
1602 0.5415577274427964 4.698598065558327 0
1603 0.6746460815129093 4.98108600064922 0
1604 6.059539179870126 3.401793049932742 0
1605 0.6323918792418971 1.485323002532593 0
1606 0.700660856367275 1.625515269680181 0
1607 4.320050515385977 1.945302149409426 0
1608 9.381322285235926 0.9472038673898161 0
1609 9.347458570395995 8.98808545818865 0
1610 9.372528230249095 2.269593143740838 0
1611 4.514460361903211 8.668643008028857 0
1612 4.458273579666689 6.295946469565219 0
1613 0.9674888416210045 7.433499629772452 0
1614 6.356724116635149 4.652407465794925 0
1615 9.196726333778177 9.210628206904429 0
1616 9.349368139997196 9.229193924282573 0
1617 9.418967732715613 4.968174225091711 0
1618 4.11355213983871 6.280262976314759 0
1619 0.6025183036758248 8.828145939274263 0
1620 9.489504926611744 5.954668664450168 0
1621 3.424866150875173 4.747063164129903 0
1622 8.687995892955557 6.096095554319041 0
1623 8.842779536438476 5.566334607960315 0
1624 9.259990991297384 1.883405833373947 0
1625 9.429371002590701 3.966500094861524 0
1626 9.375382149817142 3.840949545095236 0
1627 9.519402696420325 5.063076814750171 0
1628 8.850780561973966 7.579710433448136 0
1629 0.8907888988888026 2.579593653735207 0
1630 0.8252777942365711 2.455619350994074 0
1631 0.6345726726549094 2.38187170805617 0
1632 0.7580411713261169 2.328526652755472 0
1633 0.8847306455504672 2.279566940891629 0
1634 0.8307465257319708 2.152727613874522 0
1635 0.6974553548602975 2.18937660454173 0
1636 0.5705739096165451 7.573012973756065 0
1637 0.6364888569763053 7.705283600697643 0
1638 0.4903154435008012 7.471644663841393 0
1639 1.88981936990252 3.958643648708644 0
1640 1.905041575027477 3.843846300365708 0
1641 2.043947331988258 3.858949205535501 0
1642 2.025736796313668 3.724463175485544 0
1643 1.363875457579152 0.8155829908625201 0
1644 7.170165121688852 7.455056866209961 0
1645 9.143967535476193 4.392539052592053 0
1646 7.319108291609769 5.681755620681571 0
1647 7.177578464799613 5.814684062847358 0
1648 7.023927728083886 5.807370990357784 0
1649 7.316638135973532 5.548610246681278 0
1650 3.820430143004158 9.176111137631702 0
1651 3.635472117898733 9.168095009327748 0
1652 4.886355046936346 4.846170847408411 0
1653 7.737626626824339 0.8509826311698305 0
1654 7.925763160650151 0.8718503707916284 0
1655 8.050863292202353 1.039485168914526 0
1656 8.093082083713076 0.90773171338938 0
1657 9.189103978741898 0.7826358936853237 0
1658 8.995556093080465 0.757457817270397 0
1659 0.5298889089560698 0.8050428165560621 0
1660 6.278695353698794 3.120422416173549 0
1661 0.527317110718642 3.901373237090743 0
1662 0.6273400732172763 4.02509367783762 0
1663 7.02254164404366 5.941425673931644 0
1664 6.869571119350744 5.930609796398045 0
1665 7.954832679587633 3.768755149274311 0
1666 4.608227961682752 6.720345948230608 0
1667 7.834738927589717 4.172851624543132 0
1668 9.443852123717619 6.693772089631437 0
1669 9.402255005275721 6.502225265099399 0
1670 2.181224187482578 3.719841184356696 0
1671 4.189318071862299 4.40466922027066 0
1672 0.504708724305722 4.999497476032948 0
1673 6.835122493260636 7.45577677919451 0
1674 6.620933957461472 7.480392962138585 0
1675 0.5175655354471356 3.027605374689437 0
1676 8.54654205651595 6.177055665252706 0
1677 7.322709137924588 5.815349828622594 0
1678 8.400388365529398 6.636788119707494 0
1679 0.8076917526524638 7.74557569268586 0
1680 0.7046102109055014 7.843174897488171 0
1681 8.592344439680542 9.205198568139222 0
1682 8.414585335112768 9.198129986080898 0
1683 8.226269213803032 9.03815788351954 0
1684 8.235615156101192 9.188983613777225 0
1685 4.77835456325421 6.318079493194995 0
1686 2.386742395692682 2.185287252565988 0
1687 5.309240663810002 8.069491340042706 0
1688 5.468172598448334 7.926056101287165 0
1689 7.811679999512931 1.960494512123324 0
1690 8.993760213911129 2.332522634013575 0
1691 4.220927704074071 8.125588310857161 0
1692 4.935687023556419 6.329012242793918 0
1693 5.084381692040871 6.475525094998632 0
1694 6.878734457705162 2.425840139824522 0
1695 7.026714558400706 2.375145554707305 0
1696 7.598996663203872 4.140721739343913 0
1697 9.173191952733381 8.520283903726114 0
1698 9.298945283342723 8.477434334396323 0
1699 8.803573153200968 5.42096597695476 0
1700 3.144857194292195 8.75297734112241 0
1701 3.086113718305247 8.926155453642702 0
1702 1.996441802069137 8.534291284812825 0
1703 2.10326221691556 8.378911615554632 0
1704 2.06305775081144 1.187712838249112 0
1705 3.505833766370726 6.220507367579367 0
1706 3.453506313918284 6.313269239505972 0
1707 0.5655283037014497 1.08265619418466 0
1708 9.372477034217869 3.081323139779998 0
1709 0.5100154942992929 7.807608111279407 0
1710 0.6095962154020446 7.951983343293532 0
1711 9.516647836836786 3.087009206056528 0
1712 9.396899064791793 3.208864913176805 0
1713 6.832461792768036 2.640328990281011 0
1714 0.8149931965178691 4.446408999698549 0
1715 0.6957609677995347 4.456444916649518 0
1716 5.947884432569349 6.282186478126961 0
1717 7.051581956038985 8.61420803751175 0
1718 1.737101451197961 3.217186737020183 0
1719 1.786289455398418 8.832167677126252 0
1720 6.112806383192961 8.329950771571839 0
1721 5.903197131952503 3.539602110473052 0
1722 3.117542084765145 4.020059623845628 0
1723 9.350586971746193 6.814054125602143 0
1724 9.450995841136693 6.884440715568106 0
1725 9.375209363797369 6.998577310068825 0
1726 2.954978271085505 2.506442339615341 0
1727 3.228564103783052 2.509217071080136 0
1728 3.280321981059724 2.359956778018607 0
1729 3.423527554976168 2.515994949671919 0
1730 3.464787896513718 2.686216718851016 0
1731 3.591069206628661 2.516299202511189 0
1732 3.628697586687444 2.675802394715739 0
1733 3.758143292452452 2.52255436727909 0
1734 3.527591801720599 2.856309166668733 0
1735 3.680342290429853 2.836315945764768 0
1736 3.596371617486944 3.021578553353121 0
1737 0.4977799258048727 1.614653491156526 0
1738 0.839452582202509 5.04907331894743 0
1739 5.47534151794454 9.257080207249436 0
1740 9.266126490209253 3.908752879158227 0
1741 9.329227990597538 3.755543683493459 0
1742 5.970576490099033 8.274118056156617 0
1743 5.997818053015327 8.125015221518206 0
1744 3.108167158142505 5.280943382397113 0
1745 7.142860099846741 7.89231703307491 0
1746 7.303580175834195 7.891897143787787 0
1747 7.213575521861615 8.040062450464067 0
1748 7.372980623854176 8.038709200056005 0
1749 3.801453339977614 7.31552108015569 0
1750 1.490416649147713 4.429832777860697 0
1751 4.594629543038432 4.273020223093095 0
1752 1.75659621647697 6.400396469942072 0
1753 3.023062732101421 3.311978918236148 0
1754 8.166093212334621 4.794743035510609 0
1755 8.045789153247284 8.463234227268538 0
1756 9.467103078909089 4.128672861274438 0
1757 5.512122783504686 6.632173926104664 0
1758 1.675001834019123 4.70990235418597 0
1759 6.992797556035114 0.7467316737694871 0
1760 6.783197668262557 0.6700935668905936 0
1761 8.604761208663406 7.243804358967216 0
1762 6.090432164185526 6.826195850659779 0
1763 4.76352450821918 6.731631379591939 0
1764 1.303071592058115 2.220484348203713 0
1765 0.4498549856186129 6.42343194457058 0
1766 0.5480019173137304 6.548952581758602 0
1767 3.124937460391156 1.220075752539253 0
1768 3.077030762694452 0.9995397114464748 0
1769 3.262170399538577 1.1156310931776 0
1770 3.178386390879627 0.8516282211797924 0
1771 3.339812715399507 0.9133334630522216 0
1772 1.763639764371849 5.090885619649115 0
1773 1.902394621537576 4.958102358070394 0
1774 6.504073718499511 1.588054972165468 0
1775 1.259110565306384 7.16654855244422 0
1776 4.760653663147779 7.750970778663133 0
1777 7.543303521705151 0.8334870765740869 0
1778 5.23375564269343 9.232010648204385 0
1779 0.4620197021468488 7.932305050213127 0
1780 0.5323153423737924 8.070665416883072 0
1781 7.340067222691395 6.853555924050562 0
1782 7.896883769164997 4.296115765905731 0
1783 8.514869119654085 2.510010427401626 0
1784 8.437248192959929 2.625944861321425 0
1785 2.04344448087644 5.792612770194852 0
1786 6.075556951782332 3.546189701971442 0
1787 6.086796415228051 3.69753116213313 0
1788 2.65930320444705 7.415011039617013 0
1789 2.598862951500244 7.542853112159768 0
1790 2.721134300932781 7.281003969187569 0
1791 7.355338390885962 7.604748509464933 0
1792 7.667109882777313 1.987503496551067 0
1793 1.97757614682363 5.112959510614627 0
1794 9.505420324031322 3.766834788504227 0
1795 1.473472159839857 7.063972825807552 0
1796 3.605529287914535 6.083444176881268 0
1797 3.789118698461645 6.06029253295223 0
1798 3.245367954596474 0.7436037189226564 0
1799 3.400728210530887 0.7273522929068672 0
1800 3.046835679885452 0.7474859796056045 0
1801 3.525589342331219 0.9452676367677675 0
1802 3.588579294615781 0.784821006857656 0
1803 3.713328734091666 0.9640930106834372 0
1804 3.769142205718453 0.8072835306866061 0
1805 1.703676170838409 6.521983690082507 0
1806 1.860118947586082 9.207164080981105 0
1807 1.63326042486703 9.269195663927226 0
1808 2.17792333211393 5.862394487756993 0
1809 2.075019830457526 5.94152983935642 0
1810 7.599028194233213 1.836397806265364 0
1811 7.516095964632867 2.007207136739494 0
1812 7.447808694688738 1.854357326332714 0
1813 3.898120040764005 0.9792854551432593 0
1814 3.954629115983617 0.8225764194645153 0
1815 4.081075499625135 1.000291446631728 0
1816 4.143546906660228 0.8404551845415431 0
1817 4.272250085794608 1.053115959572831 0
1818 4.335507468234626 0.8641883486118532 0
1819 5.039114689254216 4.855664580695923 0
1820 3.643908417874959 9.377353868188937 0
1821 3.442592479310554 9.320268403587379 0
1822 3.851304035284321 9.34896950689371 0
1823 1.178540219130142 0.8137632623828083 0
1824 5.622544360011634 9.312726704908947 0
1825 0.7136385448055502 9.365692250923857 0
1826 0.4852257002239708 3.741499989001877 0
1827 8.766119750726498 9.207046699000005 0
1828 4.442717677060049 1.050123784192234 0
1829 4.551352567907483 0.9249998522648148 0
1830 4.65802956631905 1.122677440324453 0
1831 4.725049101919101 0.8951795809960574 0
1832 4.841659222650149 1.027934975877166 0
1833 4.934989736279477 0.8412348093885184 0
1834 4.992386751802766 1.047098376527428 0
1835 5.067709383155187 0.9421980761491648 0
1836 4.77056128120171 0.7613030028148527 0
1837 4.375877643573444 8.123609540456021 0
1838 5.505277406999468 4.767864801655279 0
1839 5.545060950423761 4.631724028267032 0
1840 8.703014299010002 1.098973269570793 0
1841 7.918934049010963 3.469621291081795 0
1842 7.953431954145402 3.328798650293157 0
1843 8.529056664735091 7.354613189755616 0
1844 8.486848693253387 7.180001115947286 0
1845 2.110166560326684 0.6944564757747858 0
1846 2.28219057687224 0.7055771433387572 0
1847 1.931107211482731 0.6857612788875957 0
1848 9.496276612616674 2.801159177940206 0
1849 2.322948060228116 1.972134996190128 0
1850 7.649604052853743 4.025780428409083 0
1851 9.339336105531805 4.857022693784065 0
1852 9.515218511717091 4.858979906199086 0
1853 2.131122043915801 3.575756534765837 0
1854 4.185649311500137 0.6751361207839084 0
1855 9.388597900421717 3.674947341008253 0
1856 2.874225203328837 7.31745819128306 0
1857 2.759347188191576 7.146230028087958 0
1858 0.5187095602457442 1.475908820650122 0
1859 5.840534444489197 0.6500784042828918 0
1860 5.723705499936142 0.6432841627251884 0
1861 8.305266414423167 6.723417309409326 0
1862 7.980800775971798 0.7130463997413344 0
1863 8.164812646297289 0.7593225364140049 0
1864 7.283265626396055 8.189944030418518 0
1865 7.44235421341336 8.185564613151083 0
1866 1.365022685934652 0.6618831773313207 0
1867 1.171271630767044 0.6565010464947962 0
1868 0.6133972066764409 5.14844740706377 0
1869 0.472935694979725 5.121746384386261 0
1870 7.532180322984237 8.040234270474571 0
1871 7.600303176503337 8.183300690671263 0
1872 0.6530711407366216 0.6937274568396988 0
1873 0.8975492211450729 1.644673560261698 0
1874 8.106408219847669 8.603432579212654 0
1875 1.602440985186094 9.040265578328768 0
1876 1.502036354757883 9.188358767503209 0
1877 0.8694229883591187 7.880957507951643 0
1878 0.5891653109350071 1.796296440208051 0
1879 8.513413465966314 1.121090344151935 0
1880 8.578704707805228 1.02331775894306 0
1881 6.521692015754548 3.489440622333793 0
1882 6.613631264713438 3.352013712500336 0
1883 9.246498224232706 8.386044855178135 0
1884 9.406443584103128 8.409200971883539 0
1885 9.508761933737309 8.534424777214964 0
1886 0.473703225210735 4.009487316105251 0
1887 5.299716873603673 8.220742246830413 0
1888 7.893861650015103 1.78949108795944 0
1889 8.239098862018601 9.342916482721053 0
1890 8.063660456405072 9.332849262833125 0
1891 3.04017589268459 7.617552003592914 0
1892 2.088946587104399 4.933600988860079 0
1893 2.117296876454481 5.063456481754386 0
1894 8.670974071645654 7.925246862523476 0
1895 1.524934018309761 1.133003468150191 0
1896 0.4861311024977911 0.6728550175938142 0
1897 8.297130770485358 2.631322860006532 0
1898 8.338821010086571 2.761889466743708 0
1899 9.501472250055651 1.898246915593345 0
1900 9.435078140802196 1.759009455495858 0
1901 1.812650185447405 3.836543346211617 0
1902 9.55335228798311 6.957066903465086 0
1903 9.476104359878518 7.064947689720283 0
1904 6.995629874121034 6.075148811213365 0
1905 6.841621675426337 6.059094410315623 0
1906 6.730497987273186 5.919360305847631 0
1907 6.701354369982552 6.034970545252127 0
1908 6.633287887949529 5.910830014818911 0
1909 6.580779069806218 5.989020892805836 0
1910 6.459128018702145 5.895789267817422 0
1911 6.389331916406727 6.045076251026916 0
1912 6.338652187953796 5.88612018323369 0
1913 7.149911914958618 6.088692481542292 0
1914 3.290019326299215 4.720987516786377 0
1915 3.389170416372862 4.846433743126265 0
1916 1.872660158951797 4.086840809931547 0
1917 9.425759024779252 6.060854430816583 0
1918 9.546131986848868 6.104954218288666 0
1919 0.6924673707984318 6.24055104923303 0
1920 0.4967741114133284 6.211212584995565 0
1921 0.5209093041311037 3.161853934692057 0
1922 2.829264009985779 8.192021278115307 0
1923 3.215967756281128 7.907050559244734 0
1924 9.538937178916465 5.878323773825581 0
1925 9.541656372738895 3.208256841787795 0
1926 3.384377168846842 2.901159942517828 0
1927 4.732411067791979 6.868260704408883 0
1928 6.083122302557952 2.680589357839281 0
1929 3.510091234655035 0.6258738501105514 0
1930 0.7693044208656873 4.047960007265287 0
1931 6.261750198122814 2.350742411289451 0
1932 2.373243322812326 1.83960132733816 0
1933 2.197364419847465 1.813554680375514 0
1934 8.687737146087173 4.558004582233783 0
1935 8.878066508161302 4.694434849535075 0
1936 7.358303292420921 2.016859020892464 0
1937 8.534626380334544 6.042245298387916 0
1938 8.627744761818736 5.953022941676818 0
1939 6.955918733320092 2.578395790019231 0
1940 6.8855248332608 2.738138972044637 0
1941 8.555186908749025 2.59515413712438 0
1942 0.9803933449365788 3.294903112910103 0
1943 6.955087395865784 2.220824564072797 0
1944 9.241953010440016 9.304033631803666 0
1945 9.425154220588402 9.354416538086893 0
1946 9.113757676807735 9.344141226895408 0
1947 2.833277885738759 2.391338812525968 0
1948 9.164931063904122 4.5526407454714 0
1949 4.889602461610834 6.879180918565955 0
1950 1.556405916126604 6.900916596902694 0
1951 4.954816743227109 6.193257590448194 0
1952 5.107710183530644 6.203925152757787 0
1953 9.648837959507713 3.09571155782721 0
1954 0.3760463164060049 6.563361880939038 0
1955 0.4574803800931075 6.649166961639672 0
1956 8.121270124157451 4.597230056264135 0
1957 8.604229739809679 9.35756963240161 0
1958 3.287015809076285 4.447949397517099 0
1959 2.27177978554396 4.085624470509761 0
1960 8.572072654204595 2.237144086860173 0
1961 6.381972391728053 5.155394386114194 0
1962 7.602848294692348 0.6704612940303071 0
1963 7.41840847175861 0.6517483026817773 0
1964 3.562211957565134 2.360646114058213 0
1965 3.729067861310546 2.368676274217915 0
1966 3.922920572988275 2.532459384255242 0
1967 3.896568262718689 2.380331805261971 0
1968 4.086271945003788 2.543463910885202 0
1969 6.546031071345517 9.383662909090242 0
1970 6.356333484823139 9.360378936801728 0
1971 6.167482374091811 9.178599594892123 0
1972 6.160939797726068 9.349403600947845 0
1973 9.05393844055202 0.6306895400008564 0
1974 9.181563428567307 0.6340161416299168 0
1975 8.853830264581907 0.6386216003540037 0
1976 9.550722799096871 3.658290896181797 0
1977 1.542870102296731 6.512540357356959 0
1978 5.004656738323083 4.989083894753037 0
1979 4.855810545873574 4.982976247381604 0
1980 8.48232957906804 6.528428525747639 0
1981 8.309371282635801 6.562308466442055 0
1982 8.021269642654785 4.22614845814461 0
1983 1.552988710245639 5.785394351156733 0
1984 8.041393484968678 4.716124094672469 0
1985 2.269805281549625 3.559885605851452 0
1986 5.469786957845153 1.919735658413884 0
1987 8.641550644041859 3.138453555838371 0
1988 8.999664479884888 1.512070140130945 0
1989 6.717701564275687 9.417784492592135 0
1990 9.652319971517693 3.77940443545608 0
1991 6.278125281927688 5.971837454669845 0
1992 6.187335980370684 5.868598057700264 0
1993 9.567044209384848 6.558475462817473 0
1994 6.172581716015634 1.180385613322905 0
1995 0.6790470291443912 8.085792871730666 0
1996 0.5827469107273133 8.201375696279687 0
1997 9.55600719512438 8.432762627499432 0
1998 9.512110564474613 8.348258154283133 0
1999 3.33219378341957 6.263013101878991 0
2000 3.256122761455772 6.405160075457399 0
2001 3.385261970655256 6.447192517206662 0
2002 1.76580954984829 9.343359433165334 0
2003 1.913993822564735 9.410994902803642 0
2004 3.717098382477057 4.335274330220015 0
2005 0.9430617343184087 2.109239673060557 0
2006 0.90135754797906 2.028976212122673 0
2007 3.91093263043971 8.387584082608301 0
2008 4.062325855802019 2.392999453044784 0
2009 3.459300552058086 3.067608702077236 0
2010 3.575065397463995 8.666597632675499 0
2011 6.666741955753265 7.291342324590552 0
2012 6.498982098620691 7.262317159241299 0
2013 6.42302354193941 7.406307468300141 0
2014 6.360288671621205 7.209419968832764 0
2015 6.23520272375705 7.339553275075875 0
2016 6.180028694710725 7.22887306964193 0
2017 6.047484237751602 7.34724949459597 0
2018 6.181427827372231 7.512118042781529 0
2019 6.015477188090982 7.484225861888522 0
2020 6.152166456268969 7.658799972973124 0
2021 5.98331217538975 7.633629700066502 0
2022 3.387614901689814 4.285654691645396 0
2023 7.688501714081412 5.891597524061815 0
2024 0.4550156845912911 1.749075197698107 0
2025 2.232816738068451 2.219642532249835 0
2026 1.248937181698071 2.406397472956499 0
2027 1.287238757926702 2.497939024887692 0
2028 2.332065691074272 3.700734642421684 0
2029 1.069318736764666 2.956322456630653 0
2030 2.572470665387407 7.254813439699017 0
2031 7.515361329918393 4.001113419296898 0
2032 7.579290015229388 3.872541471301829 0
2033 8.489759825523249 5.450424209822881 0
2034 8.468150873411309 5.578173561411817 0
2035 1.129993437579627 2.875844447444279 0
2036 0.3736170330892661 3.018942298866966 0
2037 3.28097191914781 8.959821962063179 0
2038 3.050653789870725 9.150093291214587 0
2039 0.439875617922205 7.549443702715291 0
2040 0.382961147929601 7.409171453908286 0
2041 5.820418239752962 8.102148977313753 0
2042 5.977909714441699 9.181775825855999 0
2043 8.492117223286403 8.759481215483785 0
2044 9.532344073684399 9.261093019372236 0
2045 3.8076086825801 0.6524601109989608 0
2046 2.212095984394502 6.009848950255013 0
2047 2.075662553550439 6.038841544886903 0
2048 2.303607229979069 5.854547679316906 0
2049 5.866436807797024 7.428184958410054 0
2050 1.982785060528396 3.588871983970122 0
2051 3.555127964327624 9.495492595742251 0
2052 9.560182797719261 2.039476572154998 0
2053 3.739070370608582 2.995105212632947 0
2054 0.4094193441645895 5.000519899881077 0
2055 7.291107909180493 1.863319273023439 0
2056 3.175668512112737 0.6395310713284467 0
2057 2.885019072591981 0.5909519805092337 0
2058 2.923607401898882 7.17192962360845 0
2059 2.937630924274963 7.020946779045939 0
2060 5.176595486723572 1.065987357735635 0
2061 5.042910733242106 1.166704396390924 0
2062 5.305039519201004 0.9269663159593613 0
2063 5.179071954641031 0.8019781512335383 0
2064 0.4164587142637333 9.112323745858422 0
2065 8.053188325300683 9.032974225263528 0
2066 5.469267632716925 8.231941169900605 0
2067 0.5180015086380285 1.91972461536559 0
2068 0.4364406657333897 8.183100142266909 0
2069 0.4535285932689346 8.316240818256713 0
2070 8.395024902929141 6.136519397841666 0
2071 6.252069681385486 3.705733290144632 0
2072 1.935022360525547 8.379988136021357 0
2073 2.037515945531899 8.218359232494388 0
2074 7.798427270288148 3.326088712029553 0
2075 7.960904385408436 3.188414738857096 0
2076 7.763586609374332 3.458633553806121 0
2077 0.5227169392688416 4.094923903159909 0
2078 0.3849606577059808 4.157216896970631 0
2079 0.357054003130004 5.076474511143651 0
2080 0.4138553985525096 5.24914464518092 0
2081 1.695530086589142 7.280496334647225 0
2082 9.64756253882685 8.55702819660034 0
2083 8.890521150871683 2.392937018599195 0
2084 6.64706900672703 6.15566580098448 0
2085 0.7598084387313556 5.469893499135607 0
2086 0.8671408766324095 5.41554590309287 0
2087 3.432296239558367 9.48173419645485 0
2088 6.097259409686102 3.844685900667872 0
2089 2.099774212780657 3.422019863000489 0
2090 9.202809608735704 3.771187892332275 0
2091 1.71434401448563 0.9898703218390354 0
2092 5.34814518549884 9.411316459082025 0
2093 5.126235021684759 9.459908077568091 0
2094 6.668085998581888 9.554654599206838 0
2095 0.4659940022178902 4.248600150719224 0
2096 3.276548215775655 7.388150544227963 0
2097 4.343627665556745 1.22878570553086 0
2098 5.77254082047425 7.581657550698191 0
2099 2.773203736802212 7.008938499477734 0
2100 2.938936675060843 6.869016984736345 0
2101 3.097115000952767 6.87082556280447 0
2102 2.947031013715412 6.681778593979452 0
2103 3.125577977148742 6.718312626838927 0
2104 1.793340872137817 6.53782064290391 0
2105 1.855894778748866 6.460798471055861 0
2106 1.948699411564634 4.78568912755193 0
2107 9.568163104934936 7.139419088340884 0
2108 9.504769944354509 7.209397227684576 0
2109 9.39269474858405 7.178335426863464 0
2110 9.651498036759211 7.038870333923317 0
2111 4.341188434671017 8.280767180680758 0
2112 8.190513770049973 2.765240760368581 0
2113 8.232846449313302 2.900420378324804 0
2114 5.149972989298941 5.002803216882407 0
2115 9.645386333496702 7.230187951913176 0
2116 9.536137718555203 7.294826994896241 0
2117 0.867980091763789 5.990282578106481 0
2118 9.184394614089715 1.572281343950085 0
2119 9.294411755798874 1.488498323800101 0
2120 6.942835812637668 0.5309683736243889 0
2121 6.707728284479746 0.4815182430084936 0
2122 6.547029117467574 0.6863667305554967 0
2123 6.531692946980181 0.5067875485199824 0
2124 9.547577598225983 8.656829685835449 0
2125 1.360010512184407 9.106206850964828 0
2126 1.268979597913086 9.25268130781302 0
2127 1.406964724651125 9.366785145492663 0
2128 1.198863272989892 9.345619139455616 0
2129 1.460680816110307 8.913852230092676 0
2130 9.438114395987819 4.763647092223859 0
2131 9.600264362980985 4.743865493972885 0
2132 3.48813505899829 7.639352262540605 0
2133 1.936776565021377 0.5234267927467053 0
2134 2.103252958420645 4.802251590239432 0
2135 0.3636517166465542 7.788718708217186 0
2136 0.425197423941689 7.277864641809548 0
2137 3.713939331406049 5.916497175621705 0
2138 2.289686782500966 2.390166898860986 0
2139 2.447993194304479 2.365859659880631 0
2140 8.162632215146944 1.055801619710482 0
2141 8.049922059260556 1.172818056847871 0
2142 5.919550066858787 3.864669422912616 0
2143 5.990313799108892 3.97099928772646 0
2144 7.944429458195235 8.597027490835684 0
2145 5.820133660238673 3.984379956307762 0
2146 5.930467636612901 4.054155850718114 0
2147 5.750108011207418 4.06335984830419 0
2148 5.811105969707141 4.179748532248627 0
2149 5.613757569022836 4.195065182259101 0
2150 6.840063425915485 7.302556470955251 0
2151 7.076160718618904 3.936280024225285 0
2152 6.873630210739617 8.306744204711237 0
2153 9.483270426792089 5.785335287818473 0
2154 2.226635624091053 8.192602636961901 0
2155 2.112565881775028 8.026591938257772 0
2156 2.294786195294938 8.092142918313671 0
2157 2.244758251829154 7.988189842557882 0
2158 6.211895238381381 3.415080870013336 0
2159 9.478505336092063 4.361952305852697 0
2160 9.574449712915296 4.473122513603355 0
2161 3.864113576722285 1.135041333424262 0
2162 0.5511410447526159 0.5886948887475629 0
2163 0.7689541874554379 0.5912568735104378 0
2164 0.61137611728897 4.551806401531604 0
2165 5.401362939528727 4.614744483814696 0
2166 9.598767474017343 4.057906185107242 0
2167 1.53422114201148 2.620403759680161 0
2168 9.458797114310492 5.377376650978819 0
2169 9.485955329577475 5.510486890603445 0
2170 9.603777409668778 5.386710713347534 0
2171 4.800109422356896 6.18192726097012 0
2172 8.644028166821524 4.891862681669449 0
2173 8.692169046491962 5.010258828090855 0
2174 8.819558833123386 4.971379159939747 0
2175 8.611415658731769 5.171026203872102 0
2176 2.856555466274008 2.632783300600152 0
2177 5.456620099089909 2.54342766927078 0
2178 5.345058581496182 2.639953521168914 0
2179 5.507239932795054 2.651379452282868 0
2180 5.440302463438342 2.759400861733432 0
2181 5.23277276281954 2.751810092842833 0
2182 5.334267360015969 2.896640564938624 0
2183 5.112127330166607 2.855867186335218 0
2184 5.207824432798455 3.012629827547562 0
2185 4.982035163716882 2.934351488080387 0
2186 5.069040889120935 3.093079153913642 0
2187 4.920151857478417 3.14030297783661 0
2188 4.996219975718119 3.300716516971177 0
2189 4.822013399258982 3.317061104161245 0
2190 4.875132086130376 3.506232653136459 0
2191 4.671449847796304 3.45819609860743 0
2192 4.805425929189783 3.607586649321029 0
2193 4.687423350996019 3.593119055396209 0
2194 4.71570033227227 3.722072650250009 0
2195 4.560769452209763 3.720569753117287 0
2196 4.603766182591389 3.860659914609746 0
2197 4.444573550635406 3.856604439597594 0
2198 9.419634594124659 2.660158639359648 0
2199 9.566093106002517 2.718876740086295 0
2200 9.529218392040685 2.625393318767926 0
2201 5.155730583766424 7.176925642646114 0
2202 0.403870177768255 1.871096140817302 0
2203 0.465132249869067 1.996775123413175 0
2204 0.3749099060895383 1.98142339428699 0
2205 0.3732622908241331 2.096327149221768 0
2206 8.429269915122699 5.702196590646012 0
2207 7.886264565631281 8.459696513362278 0
2208 0.5715645716225539 2.78354707638183 0
2209 0.52586543301957 2.702409394481227 0
2210 0.4192432943337685 2.74578349286247 0
2211 0.3633175541025163 2.640177463189869 0
2212 0.4669398230568041 2.595871138615705 0
2213 8.07839654566226 2.90372035936179 0
2214 5.184569086171905 4.870089641235252 0
2215 0.4114659620361432 0.5005965281137599 0
2216 0.3850511944329245 0.6580472012606878 0
2217 5.766123272919594 5.302349208866408 0
2218 9.625184319031192 9.38306224666799 0
2219 9.503894369674413 9.488602126870928 0
2220 1.835476257859083 8.543383328660092 0
2221 7.590483977895098 5.787186490588901 0
2222 8.892725926509835 4.253345846069204 0
2223 5.83255233278854 2.307727217906029 0
2224 5.746350760360317 2.513080076711387 0
2225 7.945752487961778 4.619959485021749 0
2226 3.954539833327162 2.683206840534699 0
2227 0.6272437868928467 6.656353249031847 0
2228 0.5336211521279974 6.75587505239334 0
2229 0.3671140754984938 6.7254613271525 0
2230 0.430942562057248 6.84101113156593 0
2231 0.3312733219798923 6.913762342274291 0
2232 0.3874353864979286 7.001060225899242 0
2233 3.324237582371366 3.131691452013158 0
2234 3.248103515991559 2.970054087407 0
2235 9.620076027265274 5.518694098871504 0
2236 2.815214414763657 5.846308296272205 0
2237 8.151893521389647 6.046707378127808 0
2238 8.877274026694876 5.090752533189695 0
2239 7.694124356116973 5.644858907887877 0
2240 4.916553271876204 6.741789006730829 0
2241 8.389323043340154 3.793188110673964 0
2242 4.4392120300617 4.267756950070087 0
2243 3.393991457624097 5.260828289837812 0
2244 1.61944663421378 5.405939594949383 0
2245 8.124335983080304 3.184863094353959 0
2246 9.656491920496318 4.175542793379446 0
2247 5.578515897545612 4.491589964940499 0
2248 9.633712918954783 1.82673806843356 0
2249 9.538979323179342 1.687783088498717 0
2250 7.964909648727245 5.29489311004144 0
2251 7.881350160639935 5.182829669991154 0
2252 7.781655752994745 5.306125101057102 0
2253 7.786928681702872 5.079458061944309 0
2254 7.644128368997755 5.225799429063565 0
2255 8.65103778789309 6.300864565403332 0
2256 7.470873340273222 4.127062304320128 0
2257 8.240579002408129 4.418252232611969 0
2258 5.668736300588003 3.072099786432182 0
2259 8.538436245326048 3.015377485328803 0
2260 3.4300794848878 5.804591622371762 0
2261 2.527817436403144 1.501411910418727 0
2262 9.490089855890998 3.560960054548539 0
2263 9.633809996491363 3.548230639791601 0
2264 7.429583601215015 2.168554113419338 0
2265 4.57317846302871 6.855275135154222 0
2266 8.985749547649263 4.006528017790423 0
2267 2.794746561736956 0.7947913491735562 0
2268 2.658968533560595 0.564944387946557 0
2269 1.630094673984348 4.399379963659855 0
2270 1.568928115545419 4.246345784484762 0
2271 3.87363051665735 5.967966193115544 0
2272 0.3159671489524713 8.282754243922996 0
2273 0.3766598896016558 8.469889996385206 0
2274 5.733257286687802 4.507843563814105 0
2275 5.315241213208386 5.955695338628713 0
2276 8.608242691550224 7.435629743564702 0
2277 8.477729929379704 7.425926381224814 0
2278 8.512394002949257 7.501836849651906 0
2279 9.633711505680722 5.772847422490392 0
2280 1.080159452602239 2.67471473133535 0
2281 2.821500656155164 9.076431645258566 0
2282 2.923234469667906 9.318692531890758 0
2283 2.762577392420425 9.254815372051102 0
2284 2.851631816868379 9.425069271285928 0
2285 2.699700901923105 9.437247720433042 0
2286 2.584491252019335 9.216451328991415 0
2287 2.523384702101427 9.375782532173329 0
2288 2.591550939307287 9.537011801314875 0
2289 9.639196624610971 6.693642255921927 0
2290 9.343373536866377 3.495044185898983 0
2291 1.719993792252888 6.001077539228998 0
2292 1.687014286435911 4.53815205323556 0
2293 0.3747681846722923 4.008536195250803 0
2294 9.682496378207295 4.82734675518528 0
2295 8.042292213866515 1.771589461874265 0
2296 7.989451198282749 1.62357959748135 0
2297 6.724114155786404 5.799594125919785 0
2298 0.9827720843788865 7.81157245906929 0
2299 6.180728608825584 1.50961447189323 0
2300 8.018705359891127 0.5437059151182325 0
2301 8.246361525251485 0.5577561708414175 0
2302 7.825772015992971 0.5248282753289789 0
2303 1.855877674958107 5.197582290133354 0
2304 1.864058470279898 2.120445367136519 0
2305 1.071051467109897 7.33392562274593 0
2306 1.174642372018145 7.429532619897414 0
2307 7.964229675433704 4.101501421922681 0
2308 8.107704807323227 4.055024430480036 0
2309 8.397760510441062 6.85657258048298 0
2310 8.257056315873154 6.924870269693379 0
2311 8.165830827361626 6.787336073389007 0
2312 4.514884529766098 7.940886712754651 0
2313 4.586759059706721 8.110449545851441 0
2314 6.069342457897778 7.216000623539791 0
2315 6.047367055055142 5.985290934676696 0
2316 5.984882299296181 5.799846414020429 0
2317 6.115774307200949 5.728268523405884 0
2318 5.925984460069721 5.650305295323073 0
2319 6.415870828442964 5.733649575463608 0
2320 2.381873037515641 7.963130833534366 0
2321 2.339474988750239 7.816860163907154 0
2322 2.405946901568225 8.102648854538 0
2323 8.541044628742226 3.140894794612419 0
2324 7.509838038384173 8.335811818196655 0
2325 0.3642614892250656 7.920367648889106 0
2326 8.384511401369837 1.275159889171261 0
2327 5.350430083184746 1.803447523317324 0
2328 5.197498044875664 1.676245676083148 0
2329 5.285973759692343 1.246418788534126 0
2330 6.667393980011728 0.3285979423724799 0
2331 3.69344538207869 2.212862013548557 0
2332 3.524124834540882 2.205972620514093 0
2333 1.356634402609558 6.798508396253225 0
2334 1.253894097066122 7.320201327487895 0
2335 9.646846800445767 4.337479008533486 0
2336 7.07651069033163 0.5963033425989963 0
2337 8.303600798806558 7.010884479095942 0
2338 0.6501168872152295 8.333301857598734 0
2339 1.232222052575803 9.449993445386237 0
2340 1.074768612913097 9.479173818650581 0
2341 4.396109725237407 3.713207282319707 0
2342 7.838958617023598 1.639074227464932 0
2343 1.041321402459398 2.037055147162594 0
2344 0.9504401675908223 1.948781864430089 0
2345 1.680300242136139 6.638408086095898 0
2346 9.646943179863364 2.615317879882431 0
2347 9.635275933475651 2.483514949553477 0
2348 9.626344667487192 8.323749016056217 0
2349 9.601211001929167 8.202123133729572 0
2350 9.467750325954489 8.226324999476741 0
2351 9.586340401689926 8.075657198536007 0
2352 9.729479751137596 8.081089072856473 0
2353 9.583147614690784 7.947821819085317 0
2354 9.436651110599151 7.954744145715199 0
2355 9.589324518503945 7.815507360433613 0
2356 4.033687338439412 2.238563921329215 0
2357 4.199364159116744 2.248439747484579 0
2358 4.987947125538807 6.059826489485252 0
2359 9.159849112845423 9.49197536738555 0
2360 8.982993267260836 9.541787899264389 0
2361 2.473581313710573 9.522676877124317 0
2362 4.697830336156782 8.010792657444433 0
2363 3.242798926322142 4.30641359777917 0
2364 3.325673656396034 4.135189963201405 0
2365 3.149513104226958 4.457625329939513 0
2366 6.192828569688547 6.094094436408517 0
2367 9.64811590399786 2.85231169873236 0
2368 6.94722460343587 6.211098273010204 0
2369 6.134380845953082 9.007355498454077 0
2370 0.8271854068851443 5.329253097147437 0
2371 0.9833840906127436 5.367999868130097 0
2372 0.3077005362880093 7.218101493358819 0
2373 3.398594489342052 3.288019188645608 0
2374 3.534943882609588 3.23169210821987 0
2375 0.7548959666249848 4.304337196250222 0
2376 8.457485419659514 0.9388195667516505 0
2377 8.529904911441905 0.8461559954995728 0
2378 1.216632343646626 9.031493134135099 0
2379 5.797966022406518 7.778749610294557 0
2380 0.3170020839380649 6.393623056348506 0
2381 0.2762206014789962 6.50470702568547 0
2382 4.185162038212054 8.584435337528856 0
2383 7.458796801883945 0.494318359597018 0
2384 2.629710199130167 0.747726033632045 0
2385 2.474065459053139 0.5483105407729368 0
2386 5.662969780079887 0.7433011480945284 0
2387 5.53868727660765 0.6443166892604678 0
2388 4.842338313043191 5.109126161292148 0
2389 4.741062370885915 5.106251361111806 0
2390 4.682656289930516 5.006351283774691 0
2391 4.58898316773325 5.13837664303493 0
2392 4.116739190052074 2.692172396530618 0
2393 1.259669544610751 2.96077415322456 0
2394 1.101038899063913 3.068946743417067 0
2395 0.713981226279663 1.857763506658474 0
2396 5.567122967349478 2.842479195998438 0
2397 9.036166258450958 8.24221878098089 0
2398 0.3790457111754187 3.145259218859717 0
2399 0.3772260469568151 3.269834207901329 0
2400 0.5795135530599216 5.463305653110262 0
2401 0.4914449090561784 5.559209476968118 0
2402 3.285347016007592 4.847615214930295 0
2403 3.154618771248895 4.699330591164072 0
2404 3.310385299409251 4.978686519908543 0
2405 5.806600069790154 8.253777249087793 0
2406 9.742208676218986 6.534226211853578 0
2407 9.601804348233156 6.390322245561967 0
2408 0.6052538994212489 6.05354158232247 0
2409 0.4875067082943739 5.992761132567621 0
2410 0.3783448726263408 6.126500389416513 0
2411 3.645138151406923 8.99927003238207 0
2412 3.204202278786868 6.214473229973263 0
2413 4.782481857548784 8.174392488782754 0
2414 9.496083765347739 6.228835977951677 0
2415 1.158180743252787 0.4960596257931124 0
2416 2.311723268209708 1.736323517249402 0
2417 2.096542398039354 1.676268750510748 0
2418 9.038811751147483 4.514560327418609 0
2419 9.056081504610253 4.702120858788705 0
2420 4.73757152733705 8.365967719113094 0
2421 4.944112928939007 8.349751287323812 0
2422 9.151036357870204 0.4857092892852948 0
2423 9.326224360894745 0.4859757098562097 0
2424 9.35962923214821 0.6404572261167651 0
2425 9.526180802043617 0.4730593331414628 0
2426 9.547012955268237 0.6492158397293227 0
2427 4.687013652363923 7.006796762545305 0
2428 4.523877214106465 6.992626203703256 0
2429 0.5081478168453739 6.987460655078866 0
2430 2.12731147039249 2.403250470082432 0
2431 1.305396670646273 7.487001185831645 0
2432 1.265371284078971 7.625304592972086 0
2433 6.688119554478658 7.142232408858098 0
2434 6.850302005337825 7.153824696987341 0
2435 8.242246095582411 9.501790916146124 0
2436 8.062163110809571 9.494688576095671 0
2437 7.935148428820132 9.326102049423458 0
2438 7.863494935676421 9.475640706687635 0
2439 8.42818867866611 9.50727829214445 0
2440 7.727588288902441 9.323968606887901 0
2441 7.603512373269129 9.456862335830262 0
2442 6.348670801230604 7.954390913979058 0
2443 5.152490865955309 3.250630072729077 0
2444 8.857065964604235 5.344432619280935 0
2445 7.690704087022882 8.041402424043454 0
2446 7.623399931438087 7.89746283739592 0
2447 5.608018306056678 4.024508235933289 0
2448 2.407854297559344 9.185960312807698 0
2449 9.249961246205036 3.21214852312916 0
2450 5.018046624672616 2.690888801623985 0
2451 2.647952915781942 0.3736131785274234 0
2452 7.435241453629039 3.853046564301258 0
2453 7.502819031280914 3.72204351849682 0
2454 5.646549923925082 9.173415791821052 0
2455 5.791903669436196 9.334476933275944 0
2456 5.811856862810873 0.5040741583682534 0
2457 5.985506294892577 0.4992995582360308 0
2458 6.72783456648015 2.724796168585842 0
2459 6.821771826728342 2.823827818558139 0
2460 2.193118822201437 7.840097517572326 0
2461 2.31711990738414 7.672656393437951 0
2462 4.850802816086534 3.703143874574534 0
2463 8.140172151436254 2.627755566365395 0
2464 7.538571745968206 1.683167082749593 0
2465 7.013841296700679 2.75326344162694 0
2466 7.17153991257641 2.674071380700812 0
2467 9.721048274793118 7.331556807441473 0
2468 9.58835537004679 7.438890462508053 0
2469 9.419649133022691 7.448659336558595 0
2470 5.345711518622967 1.508702570227177 0
2471 5.150672102868111 1.486245036097456 0
2472 1.300172606477313 2.8300337327045 0
2473 4.509790201127951 4.963574990600062 0
2474 4.463598558895282 5.096150279188706 0
2475 3.501890598522596 5.108320956748218 0
2476 3.647426032445914 5.080488177730242 0
2477 0.8738310943994366 4.369325897017616 0
2478 7.282736300285557 0.4793257175122537 0
2479 3.966784939862052 6.109838451586621 0
2480 3.979802971154011 5.978884534282761 0
2481 1.966310105976488 8.058091554011765 0
2482 9.245541084374683 6.936184741782302 0
2483 6.494151535368515 3.288528925237348 0
2484 6.552850264268221 3.197613199542494 0
2485 6.687280004078852 3.181786931448524 0
2486 0.3088553445854478 4.284160334175632 0
2487 0.4213135753693759 4.339518093897046 0
2488 1.029304083908947 7.946965947340232 0
2489 0.9319440822433049 8.010116340234086 0
2490 9.335527277998104 6.183208097513203 0
2491 1.774240654902446 8.389881660632746 0
2492 2.696252481339132 2.521688371599398 0
2493 3.254343239586756 6.075182554792951 0
2494 7.648237620979943 3.737704506159775 0
2495 7.561563736671365 3.586308909609594 0
2496 8.548978729049903 5.749538715543276 0
2497 5.460374048259241 8.385989550739112 0
2498 5.288829214920828 8.374848264911972 0
2499 3.070032783419951 9.44672355162829 0
2500 2.472781039359501 3.66967670027858 0
2501 2.399076535236263 3.526873579101652 0
2502 2.40239515862847 3.850995923233912 0
2503 7.267827095740575 2.176496371747416 0
2504 7.338704531246982 2.327192848351686 0
2505 1.590998003574334 7.032000032214844 0
2506 1.434691713735066 9.552020159402716 0
2507 8.164494170412778 7.010532417827942 0
2508 6.42045676658772 7.121900059225945 0
2509 1.37069981240789 7.366707353283496 0
2510 0.9931800120273646 0.9845296789528556 0
2511 1.014216273600727 5.451708396324124 0
2512 1.943124294711589 1.95292162753757 0
2513 1.879433880003879 1.826998721569233 0
2514 0.321264083341916 1.719774593210182 0
2515 8.199846764348916 8.891173283712988 0
2516 8.027532526364462 8.887801580090336 0
2517 0.3297949293211246 6.024701142560497 0
2518 0.3739526304645882 5.933307467542883 0
2519 0.2374422530282916 6.145323459991526 0
2520 9.681943897805397 1.716220009146303 0
2521 9.63765019721215 1.627493342494958 0
2522 8.494942889958297 5.880914309306329 0
2523 7.061032603375419 8.056692843092952 0
2524 8.396916829711463 7.531950801964555 0
2525 9.658981578096501 4.490794390516485 0
2526 8.91100802355059 9.049459111415331 0
2527 8.078129513440018 4.902113010172377 0
2528 8.557405174530535 7.016688125814692 0
2529 1.704689210909278 1.146420662475676 0
2530 6.051536511541149 5.576658763596441 0
2531 5.866458533044266 5.511231254348479 0
2532 6.114639992741749 7.087845107612826 0
2533 7.718520691828331 5.3963285482767 0
2534 7.613358744335912 5.394705688892 0
2535 1.98348511883793 5.916008658877807 0
2536 5.096810623823315 1.887460223005178 0
2537 8.535815482178744 3.265916111630451 0
2538 8.379746897865624 6.454691181387336 0
2539 8.267571910110778 6.396617970865236 0
2540 8.206253260261965 6.513928732969356 0
2541 0.5284134625362673 0.3789600894890922 0
2542 5.618934854157157 1.768249358877436 0
2543 9.6699539760086 3.204369633074761 0
2544 9.76481345499286 3.1159956269951 0
2545 4.545926326429441 4.135975462436075 0
2546 4.391288246198175 4.131523238058027 0
2547 4.700897493927011 4.137813691211831 0
2548 3.330373972958385 1.307238671827889 0
2549 5.996037221417825 7.960838398451514 0
2550 5.07451177508966 9.28686977743202 0
2551 4.959044396553424 9.509737649003736 0
2552 1.504021603400023 7.152506840945929 0
2553 7.352862247602086 0.8097515067442479 0
2554 0.2418704028397628 3.003918504183854 0
2555 6.303255038735672 7.674854529328067 0
2556 5.762604498809969 9.495580612486069 0
2557 5.949211331701514 9.507733371117487 0
2558 3.574614539629707 5.813998424462785 0
2559 5.937251007524769 0.3344022795642057 0
2560 8.826135763852607 2.266968799975741 0
2561 8.941014212573357 2.206416120975768 0
2562 8.735127208398779 2.127030304113169 0
2563 0.2656351311801977 5.198548236835286 0
2564 0.3715052770930689 5.378381587677493 0
2565 1.51436906555082 1.283788891323823 0
2566 1.688826116248335 1.299603249248882 0
2567 6.430040709434502 3.61902917426029 0
2568 7.794257975029804 8.59784696487454 0
2569 4.16457651745528 8.260528630306682 0
2570 0.2613917848661853 9.395599917379926 0
2571 3.328391462654402 8.791033364494185 0
2572 8.139140452270947 1.605627994458553 0
2573 8.10149546837606 1.459993407436596 0
2574 7.757559124020431 8.182705748423819 0
2575 9.055841089825574 9.688602691460789 0
2576 3.07919266573156 0.4840357434106742 0
2577 7.227415707299408 3.960355523098603 0
2578 7.180074979954654 4.09104899766795 0
2579 1.937685618202932 3.458694687572327 0
2580 2.01475495470969 3.322236822581877 0
2581 8.757157923388416 0.9953025142760312 0
2582 3.268079816303716 9.13426005055962 0
2583 6.321624633767669 9.526948520598635 0
2584 9.625975812018307 5.887043706264402 0
2585 5.042308479752422 6.888484162305486 0
2586 8.039754170559622 4.518443631783084 0
2587 7.7830392735289 7.897651633170075 0
2588 1.841422174773258 3.611810585119961 0
2589 9.677558477151614 9.274261860402387 0
2590 9.638152831050483 9.192637992947484 0
2591 1.937647408825951 6.542730355128233 0
2592 1.061748284397496 8.044166092429602 0
2593 7.019803502560064 0.4510802170439608 0
2594 5.137148953210867 6.071621522926807 0
2595 5.253780096418049 6.214955090002691 0
2596 9.718179397122864 0.5488567863866733 0
2597 9.715742615553676 0.6776640328471737 0
2598 9.581352862459969 0.8167096313221855 0
2599 5.953951806844899 9.01898461530042 0
2600 1.416400642365591 7.648894031242805 0
2601 8.269956193334753 8.610779772474014 0
2602 4.832106678761507 5.233687413369789 0
2603 5.463301579416632 4.900427345437106 0
2604 9.644703612137162 8.676694162219547 0
2605 9.643679047302724 8.796501844494745 0
2606 1.693560085524831 6.87690488070885 0
2607 5.283356992631334 8.541439971725545 0
2608 8.650454511712324 2.848302173896763 0
2609 1.685905101086957 8.575368207242429 0
2610 5.647746961551997 8.089595526325422 0
2611 3.238749004903415 0.4125075396742834 0
2612 1.745035784281757 0.6778403416496579 0
2613 7.880530037941018 9.673943073440391 0
2614 8.66357901824664 2.536110211211725 0
2615 8.721197588355025 2.660129328353472 0
2616 9.603132015502524 7.656879736579045 0
2617 9.434297572349339 7.691429777539003 0
2618 2.037162522905645 6.438919866556002 0
2619 1.944538396084171 6.349742228337313 0
2620 2.150156152880248 6.349087850664658 0
2621 9.064048093689482 1.652617741854718 0
2622 8.929556382590485 1.712026388661315 0
2623 8.982133228209918 1.866812536822675 0
2624 1.743901783347189 0.5186254941222997 0
2625 2.463712645391086 0.3672382330013281 0
2626 8.785641241089818 0.7262288193842039 0
2627 8.688350982594036 0.5407114774715431 0
2628 8.254146676227194 7.090058349336122 0
2629 6.780863951279485 9.564108156383485 0
2630 6.854936622358116 9.476084196777459 0
2631 6.954066903285155 9.582874337241856 0
2632 7.126049258134859 9.44455737948241 0
2633 0.3078354961049008 2.782665047501661 0
2634 0.2578616712649098 2.675929772940603 0
2635 6.603712337243736 3.033399344889565 0
2636 8.942534881669234 4.931140450869555 0
2637 7.840402800480883 4.725095148700032 0
2638 5.067382798864058 6.75058295201594 0
2639 9.755151176049417 7.698166561939535 0
2640 3.996475146968189 2.833863924781107 0
2641 9.470716347700639 1.555801265981792 0
2642 9.580451263992678 1.503908797576694 0
2643 1.820596881008172 9.550649681328601 0
2644 1.935630091876822 9.58634906675217 0
2645 2.080917301576844 9.501215979545167 0
2646 7.572397064776058 5.076189771177723 0
2647 3.32479994280564 6.591227117374932 0
2648 3.463647517439586 6.613680147783224 0
2649 5.972685735769693 7.026422100412982 0
2650 5.432504135041938 4.476077820502137 0
2651 5.258011141154277 4.593007316120572 0
2652 9.265801609008887 4.747019792286569 0
2653 0.9938923590933755 0.6687770857914899 0
2654 2.851040930273683 6.553867980599432 0
2655 2.939675753353744 6.443465680605109 0
2656 8.803196922807439 0.4521810625407512 0
2657 8.955693852098548 9.36011445969082 0
2658 8.794344611492988 9.514276896986047 0
2659 9.692821680873193 1.469225696276118 0
2660 9.644436668400225 1.345444336277066 0
2661 9.522464282646641 1.372499431272851 0
2662 9.598855116814764 1.21122067420282 0
2663 2.364396232925941 5.955746208802112 0
2664 2.455340777193453 5.827618814929858 0
2665 2.357384709372185 5.761925746970767 0
2666 5.633477521575101 8.394421061719221 0
2667 2.779761306349853 6.868193966044804 0
2668 2.539836604502715 5.711754057199821 0
2669 2.429824174901508 5.632453549827376 0
2670 8.391488208530296 7.414353870043568 0
2671 8.588183702322793 0.3669797614481403 0
2672 0.3449199510807927 8.167850506272755 0
2673 0.3567057256475346 7.53193149505908 0
2674 7.59949724630486 5.918814418142613 0
2675 7.633590087506489 6.046599350046224 0
2676 7.468423084599377 5.948083777363419 0
2677 8.176774326036693 0.3907609615145156 0
2678 8.62664392947709 5.48543731544672 0
2679 7.685625109513808 3.323942950461192 0
2680 8.887766514062696 2.063598328817919 0
2681 7.169884653605413 9.601130197916914 0
2682 7.322192883330734 9.438434038859484 0
2683 7.862771501032704 4.511347723895525 0
2684 7.83395599383019 8.732990659732952 0
2685 7.593827363765466 5.656884586264708 0
2686 9.763405321421175 9.403411572694035 0
2687 1.888946177871876 1.004313328547242 0
2688 5.291330193469592 5.017250297193715 0
2689 5.127522251867856 5.134831223826128 0
2690 3.211627636976526 6.873435558349211 0
2691 8.200366362230548 4.304980709890732 0
2692 8.289768241431629 4.160976895626594 0
2693 6.35877125188105 0.6829680469401761 0
2694 6.535763400526193 0.8644014482350126 0
2695 6.346179774715022 0.5092396696358432 0
2696 5.451806452502226 4.33747285772496 0
2697 2.901930079448736 9.532161311878495 0
2698 3.084471792162397 9.656181362562874 0
2699 0.2322043769129944 7.00112928957332 0
2700 9.636911342973868 0.3649957329976166 0
2701 1.1350410756556 2.464674843711308 0
2702 1.069208742794954 2.344393861222434 0
2703 6.645626324769706 9.692004607751782 0
2704 2.458909621300464 7.654274131275631 0
2705 2.32358050209254 7.529074722762708 0
2706 9.710006005349662 4.017563601976502 0
2707 2.2007258397761 3.307465542377787 0
2708 5.010798684218779 7.027862916954264 0
2709 8.146842754628489 6.348264105177107 0
2710 7.299339688216752 9.597458438486131 0
2711 2.085791618268806 9.682742207042295 0
2712 5.661226917164734 7.460148012382415 0
2713 5.701824066083891 7.319749490261481 0
2714 4.28395390176625 3.851937940314148 0
2715 1.116222720705196 2.154817394257893 0
2716 1.23319022860073 2.086222084378689 0
2717 2.074934582204968 2.246836134552105 0
2718 9.57847566329067 3.324613226626736 0
2719 9.706121277249089 3.31402687780076 0
2720 7.922658659912337 9.03492660075392 0
2721 6.487358112665551 3.118160995685764 0
2722 3.142275310839492 7.220324432552052 0
2723 9.462838704604241 4.571252172441858 0
2724 3.436356088286992 9.644926882757128 0
2725 3.598786923378623 9.616299320645924 0
2726 9.001676765213453 5.045377435473086 0
2727 3.021662019640682 7.388778689498992 0
2728 7.463283709866595 0.3334637656278533 0
2729 0.248896843550878 4.981431784870051 0
2730 0.3693298815498429 4.917148573799681 0
2731 0.2133385998797879 4.835637938498103 0
2732 0.3161574298165298 4.804396595423332 0
2733 8.753250448777333 5.532367552860808 0
2734 8.718307320039804 5.658724795592423 0
2735 0.1897728771844656 4.747113792793364 0
2736 6.846039045757415 7.008823019903945 0
2737 8.520501518228009 0.5535664435161849 0
2738 0.3533924448359568 7.091007853132843 0
2739 8.240535558750711 9.665596614527752 0
2740 8.424508832312608 0.4383161477124895 0
2741 2.622031775466402 7.002159625112589 0
2742 9.259656491307988 1.70646342187028 0
2743 4.170587853940201 2.09040465029867 0
2744 9.255842920848064 3.331472082395352 0
2745 4.225485649633567 2.402181612210817 0
2746 4.362110881524286 2.245441978298005 0
2747 1.004676747885154 8.121926137818718 0
2748 2.534884668660647 7.932483162610802 0
2749 2.581381621637578 8.12379480459518 0
2750 4.494529792172441 3.438720588614389 0
2751 9.757725833930818 5.790641265635248 0
2752 9.743401748321256 5.40851317599201 0
2753 9.74262906358204 5.283251588329259 0
2754 9.751786491764557 5.537468936388004 0
2755 6.06035634335594 4.102483585910009 0
2756 6.256473370051282 3.847238000600181 0
2757 1.261098574123152 9.605050922611913 0
2758 8.10760225057394 3.042925275242238 0
2759 7.942498020448634 3.046879503728808 0
2760 8.275884670119153 3.170496450559671 0
2761 7.765828403019818 3.055622215019804 0
2762 8.808867751708229 5.257214215307761 0
2763 5.613582432767738 7.773541538689346 0
2764 7.245634269655845 2.800494554636531 0
2765 0.3551177702178266 0.3944473306337613 0
2766 1.717998704139293 0.35178169887067 0
2767 0.8236575045130566 4.180875407874714 0
2768 1.727510888645521 4.229192642244549 0
2769 7.733234883443744 8.465103307967237 0
2770 7.662728383607665 8.624978699808821 0
2771 0.2467055045021794 3.126234898662842 0
2772 4.23050009760673 3.707407053027753 0
2773 4.184284331278385 3.994475582915545 0
2774 0.2392904955226811 7.775240831474256 0
2775 0.5008688508451378 2.086273876308255 0
2776 0.3772269857179973 2.219583516448238 0
2777 0.2456450984611379 2.198950892895706 0
2778 0.3752918583875024 2.340942960628036 0
2779 0.4737494249947343 2.348241613435374 0
2780 9.764859823182425 8.823821324401621 0
2781 9.665887263638117 8.916364783336467 0
2782 9.759208331494085 8.90786699241916 0
2783 2.326535846678685 2.559278587569695 0
2784 0.2524777119562631 5.90286963849969 0
2785 0.9227365595677637 5.241288030663773 0
2786 1.057749475235894 5.224100465645169 0
2787 4.756709649638682 3.156701579060968 0
2788 3.151045592687206 7.498262106029982 0
2789 8.090015043607094 3.917905000843036 0
2790 8.239562935891861 3.907094927383433 0
2791 7.897758835974968 3.951480458544693 0
2792 0.2460678008898541 2.323496960442709 0
2793 0.2407207328716378 2.446150440273038 0
2794 8.195852063127093 1.153471519549794 0
2795 8.514449420392202 2.879791763909652 0
2796 2.454210528309487 9.669893208297898 0
2797 2.618323844529223 9.641919876084049 0
2798 2.621496756248338 0.184650678499314 0
2799 7.499887704128291 9.75227765236116 0
2800 0.2741417277984812 8.395287910880032 0
2801 0.3276437947846498 8.55135907965245 0
2802 0.4608513145179165 8.574139130695086 0
2803 0.3710295084243337 8.682690909498085 0
2804 0.5320504890669352 8.698165492883772 0
2805 0.4331227040122421 8.794482266462657 0
2806 0.3034962323172974 8.772947988156133 0
2807 0.3332389981210767 8.85464166850055 0
2808 0.227794552752887 8.867077150208209 0
2809 0.6294664769258845 8.584269050302 0
2810 0.2485415775564716 8.988366660298967 0
2811 0.4913441242205012 8.914505044906317 0
2812 5.128471042061288 9.63209595447378 0
2813 5.320442829131213 9.633566551734948 0
2814 4.811580376325397 8.486912355107084 0
2815 8.683657168931862 0.1717982621898534 0
2816 2.61530500543305 3.638608765877045 0
2817 2.688539793785917 3.788511533960306 0
2818 7.722919667757348 7.753839954177413 0
2819 7.563729989773505 7.752665358390622 0
2820 4.036553847785473 4.011064776023026 0
2821 3.963115115093611 4.187809228318179 0
2822 3.772552457548783 4.112297194473797 0
2823 4.097000875424115 4.150517862378888 0
2824 4.023542402919331 4.320903015083759 0
2825 9.635587024119806 6.258020353222067 0
2826 9.675671116900157 6.138915802611265 0
2827 9.765312344799986 6.278893427687639 0
2828 9.799271053737195 6.170948930885428 0
2829 9.755562179539012 6.662207804146904 0
2830 9.679064856047038 6.77473905407097 0
2831 9.875742491068401 6.53146251192339 0
2832 5.099805464257765 8.520083812486053 0
2833 6.154600775950008 7.807542624382884 0
2834 9.76581158240346 8.582858102152301 0
2835 9.140708959476134 8.385857858286245 0
2836 9.146643437749093 8.251428510234255 0
2837 7.35941365896231 3.700847678396436 0
2838 0.1429096276865676 0.2647427326579384 0
2839 9.879202081007824 0.2726039320929179 0
2840 9.75408052340044 0.3046557199358257 0
2841 9.475535594989404 0.2127356820039216 0
2842 9.867008360264213 9.785713183384427 0
2843 9.733717935356012 9.661173693443505 0
2844 9.60222654809607 9.600209877498461 0
2845 0.4857086979970278 0.1830776297799287 0
2846 6.124544091977415 0.3356753794929624 0
2847 8.056787996012435 7.114215680223698 0
2848 2.181958284527481 7.533207570449831 0
2849 7.709301453565215 3.597443458289696 0
2850 7.596176453260984 3.428131243171588 0
2851 7.461469706556593 3.471187234869421 0
2852 3.140631989749542 4.834261430703616 0
2853 9.48024289341577 8.759379908580692 0
2854 2.637758484234682 5.591700898680491 0
2855 2.511979467378646 5.456217196026865 0
2856 2.336796831752363 5.441603528008427 0
2857 2.124346373725175 4.661112133679327 0
2858 6.471886792455313 9.692878879177943 0
2859 9.750015139489516 1.200167600580763 0
2860 9.672904249259824 1.059592171813427 0
2861 9.554978775547852 1.078228993775532 0
2862 9.811091800725485 1.123076035586938 0
2863 9.773090186163063 1.034756271613394 0
2864 0.2463348036861805 2.074218864714158 0
2865 0.2569597815133556 1.953435628473142 0
2866 0.2507319345032371 4.387514481381986 0
2867 0.3508800920933083 4.452133848194353 0
2868 1.966808114153388 4.647794739100894 0
2869 1.82806103117951 4.636529990676711 0
2870 2.237877479270746 4.833948259741097 0
2871 0.7636865505987793 6.080443020396647 0
2872 0.264236362122225 5.772385200875841 0
2873 0.2575099363195644 5.637115302680834 0
2874 0.246939654445873 5.502494334579263 0
2875 0.3632484669256852 5.497776214233058 0
2876 0.3854016041730114 5.61559919034489 0
2877 9.453354779093614 2.453163261455619 0
2878 9.308486956398335 6.339070289526137 0
2879 0.2049622467423188 5.089516167333922 0
2880 3.428159663451836 5.946054225469435 0
2881 1.084146262067332 9.324938293194069 0
2882 3.111118050984369 3.05023551389778 0
2883 2.46683041990451 5.267212750602889 0
2884 2.327447159545784 5.298835774207793 0
2885 2.419606096957059 5.129252798656835 0
2886 2.294507235193219 5.162590446735181 0
2887 2.19819794842601 5.314704822157231 0
2888 2.385317416229768 5.036330056108633 0
2889 9.765459869209598 2.497300564407358 0
2890 9.636703643319798 2.347900562769145 0
2891 9.769234681828349 2.627532875220887 0
2892 0.7150619720823076 6.748377995665408 0
2893 9.772929743414041 1.845614943133417 0
2894 0.2544291103098538 0.5164173392953788 0
2895 0.2527045465242153 0.6502713703427804 0
2896 0.248531189563362 0.7875846101134352 0
2897 7.04520436060036 9.752508304676512 0
2898 5.479804769648191 3.054107529720603 0
2899 5.302637087182386 3.17064444145678 0
2900 5.390663073770084 3.341724327473816 0
2901 0.1896823113128678 6.87360263794378 0
2902 8.842135513145454 2.596413695008521 0
2903 3.029656957860206 4.64819508532041 0
2904 8.715987065312923 2.338214842012748 0
2905 8.262350941593869 0.2479227844938128 0
2906 8.027204991948086 0.3732146515881324 0
2907 7.836070300077282 0.3557801360656745 0
2908 2.496723483711562 2.54144853658317 0
2909 0.1191768992971188 2.973307344712893 0
2910 3.036413853791405 2.889195346945055 0
2911 2.841854711634763 2.819443433160072 0
2912 0.8941773102477265 0.1652300329750151 0
2913 0.7664816749641877 0.3470911802428719 0
2914 0.859966699871952 9.82765712062745 0
2915 0.7312983034964914 9.665082016749064 0
2916 0.8970760701664471 9.659792737208331 0
2917 9.059044460717296 0.1653759646445853 0
2918 8.92827406192464 0.3266668588975427 0
2919 7.641163290329571 3.233657198873636 0
2920 2.600084655913598 2.320200202399836 0
2921 0.7105242274534316 5.92247260888438 0
2922 0.9259842836767878 6.127888523326298 0
2923 9.768482021732407 4.918880564722086 0
2924 9.694460138364725 5.020910708766143 0
2925 9.868222685196798 4.805659285973961 0
2926 0.3788465290545255 0.7944574132688393 0
2927 0.3795888790271069 0.9306726395389034 0
2928 0.4847289874723636 0.9362311143092096 0
2929 0.3820270993587138 1.066172024156998 0
2930 0.2468601406191587 1.059654501380635 0
2931 0.4891841268671385 1.196405424038046 0
2932 0.3815575336950692 1.197012256564067 0
2933 0.3807858393209321 1.328318427191579 0
2934 0.8363656798255523 1.901483966285843 0
2935 5.50328967289495 7.323102677589661 0
2936 3.2954717858764 6.760126170772819 0
2937 0.357348198787923 7.655898344412602 0
2938 0.2377773085730943 7.643095071006617 0
2939 2.529973150123488 5.062296669396191 0
2940 9.627973103782589 5.649394701089077 0
2941 0.4827822727371948 4.54650251778058 0
2942 0.347917422421397 4.637254268486711 0
2943 0.2091264906422204 4.461906454936429 0
2944 2.439756003099011 9.026044203639703 0
2945 2.266803250285391 9.006873261211272 0
2946 8.323982210866529 0.8444002024598924 0
2947 9.788677153594087 7.259817232270529 0
2948 9.836833961494563 7.443189495327923 0
2949 2.954493549195029 2.745591061322433 0
2950 0.5977019678137337 4.231696594916976 0
2951 9.456979400837556 9.140411739296376 0
2952 7.206149253237318 9.237520845389479 0
2953 5.783316193842328 3.826088397144356 0
2954 0.2471339634299365 6.775526658271075 0
2955 1.520086536868165 0.3472134284906556 0
2956 9.000503935404264 4.806112498288567 0
2957 8.852580334614519 4.54979393077575 0
2958 8.813077698094743 4.406584786778303 0
2959 5.42618973351393 0.7801706325439419 0
2960 5.298878733857181 0.6642406465783173 0
2961 5.152325770356967 0.5191706991696882 0
2962 5.410005053463586 0.5377124963807587 0
2963 5.564418291497282 0.8940356383681918 0
2964 9.155554026304314 8.111186007644479 0
2965 9.29893610323365 8.107307668082729 0
2966 9.642391816069891 2.975261298685246 0
2967 9.767873861278403 3.000155926136157 0
2968 9.22464556423807 1.35469876742811 0
2969 1.270006528607439 0.1725089403549261 0
2970 8.629852893013263 9.830410818150828 0
2971 8.627853572341657 9.666782332817272 0
2972 6.623870425753857 2.822111795436876 0
2973 0.7049481232002633 8.715787248985722 0
2974 9.371703824439175 5.623903068039366 0
2975 9.452834214957138 6.365152422581076 0
2976 9.263462635401904 6.469883182919443 0
2977 0.3527574738434616 2.894014462591152 0
2978 8.497279665877638 5.320935273016405 0
2979 9.159421332875166 3.322005286379724 0
2980 7.007793281622495 7.306633243431409 0
2981 7.013159808387846 7.162366218260669 0
2982 1.708872005013194 8.914801276890641 0
2983 1.618551893644166 8.797742470062015 0
2984 1.438486535730545 8.76513395588346 0
2985 1.541494673841935 8.635576919173532 0
2986 1.364712554173547 8.612982026368577 0
2987 3.837393197485765 5.875979207710174 0
2988 5.268693949979931 9.818663807355311 0
2989 4.992994611183837 9.629574224450527 0
2990 4.795914084077508 9.575100834091971 0
2991 4.74287995691583 9.408684547467807 0
2992 4.581677460602647 9.460760454577629 0
2993 4.531966108312973 9.30584683705623 0
2994 4.413416915493644 9.48733857616465 0
2995 4.375543204391661 9.326043488585427 0
2996 4.239070063183211 9.49625749392246 0
2997 4.204826813085871 9.332945520262752 0
2998 4.496047701707679 9.195403066925397 0
2999 4.062723489117648 9.50210669598248 0
3000 4.072733493440445 9.666992849157717 0
3001 4.862743731276453 9.762476696408836 0
3002 3.902906058540692 9.673062925354717 0
3003 0.3601743089633161 8.047333659748389 0
3004 0.2363612275833282 8.032962911095726 0
3005 1.679697370462997 9.844903639454017 0
3006 1.577973102696854 9.680963207932903 0
3007 1.665101826010509 0.1771579628679046 0
3008 1.909945356791677 0.3528943855756524 0
3009 2.098881350333565 0.3552714509597308 0
3010 2.054633713242522 0.178686855838089 0
3011 5.640452658509489 2.636891262635109 0
3012 5.798034517867684 2.734089423125944 0
3013 0.4680579044723188 7.639624885073145 0
3014 0.3449658289044719 6.277012354579791 0
3015 0.8705347932510459 1.775341958123939 0
3016 1.037972203820821 1.804401707911991 0
3017 1.287686543701877 8.880394041710327 0
3018 1.085822276667378 1.579429370565956 0
3019 0.8979164672629183 8.473847106836896 0
3020 0.8205249342252208 8.344812984174609 0
3021 9.670261586229069 1.994307800055678 0
3022 9.779327089992622 1.979412639482128 0
3023 9.699243456606322 2.093221269022739 0
3024 9.635562264089415 2.186359941848742 0
3025 5.451006013113167 4.195550106232275 0
3026 9.563785673275724 4.25417479060345 0
3027 9.697989259227471 4.258162215059747 0
3028 4.931095134317644 2.527589286184492 0
3029 6.211670086325931 8.18065549028905 0
3030 5.896457551255867 2.517785308141835 0
3031 6.054738277148991 2.364146467791496 0
3032 3.269047057680409 6.973846716143036 0
3033 0.3539889406734009 1.596260615571914 0
3034 0.227049363400348 1.581395187288114 0
3035 0.3744192681766709 1.463590451779952 0
3036 0.2455064074800994 1.326764910585555 0
3037 8.941754875750316 8.378387203657349 0
3038 2.050354079214346 9.841437277849471 0
3039 0.2498222113934344 4.700708514011846 0
3040 0.4248095449066647 4.752825903043333 0
3041 9.643919523170005 8.442123553905921 0
3042 9.750188897063016 8.333739314916143 0
3043 7.824701410923932 0.1805151031511756 0
3044 8.232350814253527 7.541582472934305 0
3045 5.423299892074795 4.051457182360742 0
3046 5.770210721274069 4.357801983512107 0
3047 5.938458396055069 4.381318137383663 0
3048 7.889927192539201 1.174632765021176 0
3049 7.913174939539919 1.32504575360904 0
3050 9.71553777603226 6.02601980681905 0
3051 7.023883179319405 4.071476371145334 0
3052 6.990444463307159 4.207992060923904 0
3053 7.149015620128868 4.223193551940484 0
3054 7.125491983291713 4.355682091274913 0
3055 6.97052783426411 4.342629541229089 0
3056 6.951518576121929 4.474356251812218 0
3057 6.810380880482696 4.465821130432682 0
3058 6.929715864968943 4.606696022408141 0
3059 6.78822411426983 4.590085694258012 0
3060 6.919739317020829 4.742238218373031 0
3061 6.77141837884627 4.729639163427012 0
3062 6.783785447436233 4.878781513424361 0
3063 6.634348160957919 4.894247644485938 0
3064 6.813214974290246 4.34381821102595 0
3065 6.590815501085842 4.705746509559422 0
3066 6.425202648249472 4.782254870670735 0
3067 6.282433854362639 4.83518995779479 0
3068 6.485682046856492 4.933708774230301 0
3069 7.101469376862475 4.488826979969504 0
3070 8.563602326824711 1.971979260754073 0
3071 8.899432301706625 4.819733140591732 0
3072 7.637063692623317 1.507523186493199 0
3073 1.322581211622109 0.3410102814520835 0
3074 8.790171840050638 1.757281716566593 0
3075 5.571927808822903 7.614821347701935 0
3076 5.435238241210723 7.770594459535586 0
3077 8.262496006354244 3.779724192563746 0
3078 0.5077944954322579 2.871064207236733 0
3079 7.175564376909549 8.645344541971225 0
3080 7.194223063130947 8.498132643186754 0
3081 7.004494684263382 8.464895704568777 0
3082 7.061394173052638 8.342119289196493 0
3083 9.654313516519615 2.735132192006804 0
3084 1.954800349397662 4.511784322939634 0
3085 9.671060576185411 3.903247390089327 0
3086 9.78290984284029 3.911906802492326 0
3087 8.523292044774092 8.042592379600437 0
3088 8.416921447990186 7.910835190131859 0
3089 8.490992021945546 7.789726475381124 0
3090 8.515965562440501 7.915934926854113 0
3091 8.6170416383423 7.749070248825804 0
3092 8.803954384311012 7.81652208022863 0
3093 7.524276037738145 9.325169424948992 0
3094 0.5682666981768538 5.653558127617709 0
3095 0.5484530017537159 1.307601885648014 0
3096 1.01380713490635 0.8159822269820848 0
3097 0.4847391383294659 5.403697788982807 0
3098 0.5477504915923781 5.281990082980297 0
3099 9.737722689991386 8.209673601453236 0
3100 9.729740348120268 7.95568381725717 0
3101 9.867866238539301 7.97434518365079 0
3102 3.101415666185506 4.327955948234598 0
3103 1.138258616495956 9.177851705646846 0
3104 1.087125078339609 8.95070925304946 0
3105 6.217474642390017 5.028541062351775 0
3106 0.328408970576848 6.640584610475731 0
3107 7.734280445976854 2.907937728320652 0
3108 0.6683616331159653 1.166377351021687 0
3109 7.063976885735165 0.1735724361021172 0
3110 7.115018717283931 0.3289934979468567 0
3111 0.2419845591496908 7.355319591464546 0
3112 0.178369620361888 7.245849131215658 0
3113 3.056002232122734 9.830691036324268 0
3114 3.142088161341281 0.2358741297233136 0
3115 2.688011681104434 1.466875861700794 0
3116 2.598722020910548 1.670077147773635 0
3117 2.763052925735979 1.636092854136667 0
3118 9.754099034884314 5.1629676951479 0
3119 9.29210257671456 7.834491694624595 0
3120 0.5961581767776285 9.649151129886594 0
3121 9.492999123818279 5.638925536895655 0
3122 9.757824119285615 7.143101573459726 0
3123 9.802466299612261 7.034797655376067 0
3124 9.748798421341577 6.926976938213937 0
3125 2.046431186915344 7.869019510008844 0
3126 6.350704735975645 8.362905899301483 0
3127 8.072507476765054 2.342734281433979 0
3128 0.5789302025949472 5.859576052560096 0
3129 4.35542840853682 4.939272000712798 0
3130 4.319117972808854 5.073600017457967 0
3131 4.310271579030877 5.209772442217314 0
3132 4.157557855762809 5.196310820241751 0
3133 4.168241844968593 5.056109251787376 0
3134 3.789597869257681 1.907860851043639 0
3135 3.826806938791954 2.067029808090661 0
3136 1.872668579857091 8.22728942184928 0
3137 2.219632400830699 1.58990353131254 0
3138 1.97272987397965 1.5614709935946 0
3139 1.89026543837788 1.673284532467653 0
3140 1.821013165019091 1.486275165499162 0
3141 1.767501341646005 1.615963870056897 0
3142 7.277273040594535 1.394858214647717 0
3143 7.328482989163295 1.547601122553379 0
3144 7.166341662747198 1.553434580180221 0
3145 7.112580597351591 1.39689272279737 0
3146 6.999645279818657 1.552648755971997 0
3147 7.064466895271262 1.711736688698143 0
3148 6.970953398961651 1.878454290263499 0
3149 6.814292864474743 1.897415213129817 0
3150 4.900921091224365 1.240078947847536 0
3151 4.964041532129696 1.402918748196062 0
3152 4.73892729543573 1.347869227993319 0
3153 0.9638573975450913 6.213456369697848 0
3154 7.336361517935993 7.461442313959067 0
3155 7.499164131503747 7.466918344275446 0
3156 7.338746600170507 7.318099800373509 0
3157 7.504431744882289 7.3209537491413 0
3158 7.658582394117733 7.472931879362027 0
3159 7.342891527925811 7.173547683609428 0
3160 7.502295179031907 7.0279026781255 0
3161 7.176755827997717 7.168656643373648 0
3162 7.668828887465464 7.329515174067196 0
3163 7.172436097777193 7.31187673838313 0
3164 7.173300052052911 7.021404838895151 0
3165 4.35404447723529 8.619840004807671 0
3166 4.444280305213782 8.470144936416077 0
3167 4.496671266787655 1.182709938752677 0
3168 4.394452718452096 1.378326083345193 0
3169 4.19349570663657 1.270125446109129 0
3170 2.57457749511026 8.347972103203096 0
3171 2.783011681630732 8.426114525600989 0
3172 2.698037987739352 8.277258311479654 0
3173 2.749580662094973 8.035183335103449 0
3174 2.489980050474837 7.782764006782804 0
3175 9.429603635506254 5.202146238475636 0
3176 6.308465640985801 8.97088032813893 0
3177 6.238839446418666 8.806037340670789 0
3178 7.975784451579772 2.622076631421393 0
3179 9.495943384243946 2.228980790778449 0
3180 9.595638269126521 5.994038725839558 0
3181 1.640786051059075 7.409193852229612 0
3182 9.644188522589323 3.662806027332749 0
3183 9.755303364047556 3.554173114777515 0
3184 9.77218539910454 3.796652770172894 0
3185 8.48002355511662 2.095264392093142 0
3186 2.471205693522172 3.153928522660229 0
3187 2.658520351916527 3.309901317565407 0
3188 2.454950626845917 3.314048654885232 0
3189 2.363871864143373 3.142387798022673 0
3190 2.735978494237507 2.253363583506379 0
3191 4.810638228312048 7.303726464812895 0
3192 4.821354242160251 7.160105670539687 0
3193 1.293171662020536 3.270021499967379 0
3194 1.196810963683957 3.390936127457322 0
3195 9.129361152869778 7.346082921624367 0
3196 9.264020111047136 7.335075448791448 0
3197 9.113078670089639 7.222486783732949 0
3198 9.231646280876115 7.083769259396203 0
3199 0.5151505518794002 3.290200526220325 0
3200 0.5071026448029804 3.412511562185125 0
3201 0.3733406363077283 3.395532009325581 0
3202 0.3651612986990205 3.518785672559302 0
3203 0.2389114122256548 3.501569426200666 0
3204 0.3579819729921392 3.635591692833546 0
3205 0.4503924238348164 3.647791621604539 0
3206 0.3641305260774756 3.755395553820462 0
3207 0.6101738294637561 3.702094992132912 0
3208 0.3725861234145038 3.8821326504194 0
3209 0.2438637053611224 3.876304753166207 0
3210 0.2400428699831916 3.750316539662016 0
3211 0.1202694313137199 3.871106157588392 0
3212 0.2466429862707244 3.250909114326797 0
3213 2.667474672232899 5.343886193391805 0
3214 6.520485139120984 6.417931747978325 0
3215 6.444331396196735 6.235470575232938 0
3216 6.239815662576266 6.301888538008512 0
3217 6.183618471098704 6.401576575212143 0
3218 2.006657027015524 3.060050741456874 0
3219 6.530420060079575 7.129016813912161 0
3220 6.52310904609206 6.995279997697028 0
3221 9.028992715580173 3.502524407965896 0
3222 9.14484571467295 3.565433196431482 0
3223 4.567273408047609 4.824222205617809 0
3224 8.947666368357556 3.619454275859935 0
3225 8.973701663464805 3.812917498961026 0
3226 5.508196848069496 2.308270169593905 0
3227 9.637372026435649 5.127763792770837 0
3228 3.423146733800761 1.878884952352346 0
3229 3.245445865247143 1.890722599774568 0
3230 3.309368860844631 2.057166789073333 0
3231 3.150122600842784 2.091565536024463 0
3232 1.101533568455564 3.816734731083939 0
3233 0.9834639523641187 3.943764387470487 0
3234 0.9947205573052805 4.080224275887321 0
3235 0.8584080257285231 4.063409684227331 0
3236 1.407483791962522 2.517599287680629 0
3237 1.313344283144843 2.656300949984784 0
3238 2.153184818420311 2.567016158280578 0
3239 1.9845132341832 2.561067316573034 0
3240 7.464439940266887 7.894641265137874 0
3241 7.404179884505306 7.749241291228763 0
3242 6.464403332560133 4.574801528789667 0
3243 0.6760793831904315 2.908545386921208 0
3244 9.341834112343879 5.732372445358354 0
3245 1.728096793624716 7.146635872423662 0
3246 0.2338469039007623 4.126847320345612 0
3247 2.772650203036389 6.735836300007732 0
3248 6.659938370007645 1.924097959225965 0
3249 0.8452391020891303 6.578096809186901 0
3250 1.442515579511658 3.084219724042693 0
3251 7.068320432389381 4.753974068073799 0
3252 3.872096946881034 7.698588573589483 0
3253 4.073678671512116 7.677251779983608 0
3254 4.026173435639963 7.515112563508733 0
3255 4.194875482090439 7.51891421622264 0
3256 4.189784321244251 7.38391260237683 0
3257 4.233930520099573 7.251126536779561 0
3258 4.07145555564927 7.210992807641121 0
3259 4.14450554697336 7.071044543545787 0
3260 4.302144630563044 7.110191657607847 0
3261 4.219159823389147 6.937121179887674 0
3262 4.083803505684751 6.881071988419891 0
3263 4.164289352597841 6.767902783525058 0
3264 4.027111546507365 7.357307575753229 0
3265 3.915072937672247 7.152241024995543 0
3266 3.720573710124012 7.189221564164026 0
3267 0.658668972020389 3.513952630080088 0
3268 6.730867507962556 0.8797931444090891 0
3269 6.280085721230283 2.171789687922948 0
3270 6.087444869425251 2.109341556214705 0
3271 6.169400559695476 2.247903116566023 0
3272 6.838071587348909 8.553071035830692 0
3273 3.68358277447644 1.124515467540393 0
3274 3.68560186876866 1.285177367451736 0
3275 3.866975098138318 1.290405810236867 0
3276 4.03936607365572 1.147776968141964 0
3277 4.161851881963234 1.162641435786631 0
3278 6.998274025979128 8.239271991627207 0
3279 3.53152096660998 6.788168980790181 0
3280 8.197787387931495 5.915354494990989 0
3281 8.321683671117928 5.960076567925657 0
3282 6.242717325482952 7.143162358614124 0
3283 6.170028433091311 6.960161535257055 0
3284 5.908652412182022 5.310284432018977 0
3285 2.016045475645778 6.839473975799499 0
3286 1.922912056279631 6.7435024490025 0
3287 1.767295796423108 3.90958118033881 0
3288 1.673462155033907 3.821183385078454 0
3289 1.566791255993518 3.892262468723781 0
3290 1.686598075326694 4.041916522791033 0
3291 5.071758703003059 3.466899542433842 0
3292 1.771807761932617 3.760761419053099 0
3293 1.59799944463207 3.711832331350913 0
3294 8.610120193059061 4.806747941581394 0
3295 9.100178330208623 6.840688043356982 0
3296 1.123460387225692 4.505409339316536 0
3297 4.131371556530405 6.125624034247013 0
3298 4.132132757014688 5.979702944361742 0
3299 4.112829878089332 5.846225168106082 0
3300 4.24223169948416 5.815155010411648 0
3301 4.327941759758003 5.954388231996917 0
3302 3.937670197664979 6.256677602698327 0
3303 2.512168572909296 7.38982525537959 0
3304 2.442916539000327 7.207683368079531 0
3305 2.336699279839066 7.360779012431061 0
3306 2.507579259595767 7.119091056340892 0
3307 2.326105588995408 7.126071307632883 0
3308 7.593449679786803 2.157449852187284 0
3309 5.746032132893495 3.532418492583701 0
3310 5.726879674402577 3.701396318565855 0
3311 9.628744233958523 6.852699422953836 0
3312 2.611240412520325 7.12913436656669 0
3313 0.5723189569482072 7.328424343871191 0
3314 0.5597680346634707 7.184540473798618 0
3315 4.621851182817661 6.30672748909747 0
3316 4.642431528030255 6.168353578783737 0
3317 4.678972277097605 6.032721504884073 0
3318 4.518156468219089 6.007239079885789 0
3319 4.570578528782516 5.878219070115147 0
3320 4.835427761064699 6.047803001232551 0
3321 4.867888308860691 5.915537336374959 0
3322 4.478580237754708 6.149965452527856 0
3323 4.289678283319367 6.289790960946788 0
3324 0.2465018689521077 6.621327639073962 0
3325 0.1540311371442497 6.424579693802722 0
3326 2.158168617259488 2.049328923551611 0
3327 0.6549954939834793 4.646297687205712 0
3328 9.73490571625581 4.410511743580373 0
3329 1.621659300613576 2.802198215788346 0
3330 3.347463381914345 7.495904017166233 0
3331 3.296068578389304 7.637618447921709 0
3332 3.360208701542337 7.832742850378661 0
3333 3.138025770690674 7.756027746014896 0
3334 3.419137360346602 7.988991600880063 0
3335 2.33345454824816 4.686946124559288 0
3336 6.639274153147544 0.1726340476131376 0
3337 6.450650025814794 0.1685998943304234 0
3338 6.309922495656178 0.3375704675945503 0
3339 3.498261226274757 0.1734858024715776 0
3340 3.692601271558279 0.1686913895202558 0
3341 3.768042151980641 0.3346621921141817 0
3342 3.961561031541438 0.335955070191658 0
3343 3.578445054772097 0.3414796619919394 0
3344 3.628377955039852 0.4974162537998257 0
3345 4.089152083769217 0.1696067366542125 0
3346 4.158596041975834 0.3388287740630173 0
3347 3.995202305843773 0.5009290088578386 0
3348 4.287856824584021 0.170872696777162 0
3349 4.357392192510102 0.3427005346350243 0
3350 4.559627919203631 0.3478026971204892 0
3351 4.388197208787118 0.5163053587814516 0
3352 4.591405198393658 0.53116025408782 0
3353 4.756962038915878 0.3458216840187173 0
3354 4.835397597403738 0.5548135727642265 0
3355 4.941624563802715 0.336853255045179 0
3356 0.9554770270057134 3.809221564734716 0
3357 2.201703863974517 6.618562532737124 0
3358 3.83797954932252 7.504229475970106 0
3359 6.927735677193398 2.910311414206968 0
3360 4.755381880779737 3.854165427659032 0
3361 0.2770530944044134 9.263312949985442 0
3362 6.095642884495169 3.977062521835447 0
3363 6.439341653080104 3.826989443771667 0
3364 1.889976884104424 8.701444276142874 0
3365 5.995955077065663 4.235794530117807 0
3366 9.390276920933379 4.269166862246402 0
3367 1.887562137805935 4.228041709844935 0
3368 4.983460087603257 3.665459638112428 0
3369 5.040048699138837 3.807227290543343 0
3370 1.429835985938398 2.175921206262629 0
3371 3.83789572172001 2.831449419042239 0
3372 3.888267499011089 2.983829893230376 0
3373 3.799759936525057 3.144227449076908 0
3374 3.67180531189881 3.183913620839223 0
3375 3.604183205207745 3.395328176707265 0
3376 3.786315951217362 3.35599434472887 0
3377 9.421662367125867 3.36205747331262 0
3378 6.679729774218983 6.448088242600314 0
3379 6.734160289084909 6.317209179072486 0
3380 7.762457452023662 6.725169095766987 0
3381 6.671924062127682 4.381621363331968 0
3382 9.285299682338689 7.583928782291419 0
3383 6.565304954931215 7.718058192747971 0
3384 7.882107030797122 6.601362530764971 0
3385 7.924454037726665 6.713979460398791 0
3386 8.044780664903769 6.609472125405516 0
3387 5.059503171903234 2.43649293856896 0
3388 0.4289301927538086 6.29611584627893 0
3389 7.558003820076811 4.78793668150414 0
3390 7.624224574828474 4.888451121560978 0
3391 5.21436448083477 4.311835661969539 0
3392 2.328039394360433 6.417847021938589 0
3393 2.281473685888083 6.289739655146754 0
3394 2.378605157285133 6.113564802934762 0
3395 2.49782380767954 6.075994700051353 0
3396 9.025259088934089 2.023844638192267 0
3397 4.985258621570823 5.121072047243636 0
3398 5.121132986971297 5.268045597357429 0
3399 5.26603530096729 5.282094265153853 0
3400 7.216489885835726 6.496219351958344 0
3401 7.231777787763344 6.376458042302417 0
3402 7.334132760818298 6.381924329340041 0
3403 7.262723300840064 6.247754402640577 0
3404 7.060729003773486 6.393564737792076 0
3405 7.391346259244058 6.290720235941141 0
3406 9.75962979928098 4.707590536817224 0
3407 3.396894612975478 3.939910869085102 0
3408 2.793807760206581 2.718888693774771 0
3409 1.045843335277681 5.981685373646725 0
3410 4.951608508155628 4.561855070935869 0
3411 3.702970898198648 3.96850451819446 0
3412 2.911490869094797 8.341745746593437 0
3413 4.576546323642463 0.7176866209867198 0
3414 6.058941732144365 9.83994520879693 0
3415 5.863381258486118 9.835982769439049 0
3416 6.297062602048205 5.789897386256166 0
3417 5.530492190518364 3.911048169440023 0
3418 7.385985863171282 5.002752794054452 0
3419 7.429316457434209 5.127606678984972 0
3420 7.306726989268271 5.282770500253236 0
3421 9.300501145680201 4.565824573322168 0
3422 5.468676343032485 0.1754954034126505 0
3423 5.264290548369074 0.1724288290454036 0
3424 5.118538071175141 0.3327622631082842 0
3425 4.237532795219654 9.831142946620725 0
3426 7.155182458618428 5.286516483577483 0
3427 4.249803492932531 2.552227908064105 0
3428 4.279414629237514 2.700470346635574 0
3429 6.528695968013051 2.712811672480557 0
3430 7.373949378131043 6.49638734462561 0
3431 6.815404612360369 4.203753999377983 0
3432 6.955561715847801 6.517300076638294 0
3433 6.714906534815022 4.465223947488268 0
3434 9.502065926111298 2.956749500481183 0
3435 0.8186988701502494 6.828199859510985 0
3436 3.987196003259151 4.69769700164123 0
3437 3.907302328938274 4.832698365168909 0
3438 4.05184939681327 4.887500597576584 0
3439 4.01169489712415 5.035865644556029 0
3440 3.819544941121555 5.006998885152449 0
3441 3.848902619626344 5.194797326994137 0
3442 3.695283501776316 5.221818637856892 0
3443 7.314521250078554 5.414982114247005 0
3444 7.465819208209161 5.40286507179737 0
3445 3.186064366524096 3.213463545851879 0
3446 3.268451102472901 3.366339903626534 0
3447 3.556005872757318 4.797271606247969 0
3448 3.681843860330409 4.878730842572748 0
3449 0.7625646848167968 5.183037759921144 0
3450 5.697508704995972 5.423709455264081 0
3451 7.008829017562871 7.452805252529693 0
3452 3.159520476917894 4.981440544745459 0
3453 3.201700145151995 5.127433496924964 0
3454 7.098896057403605 2.529784901731248 0
3455 7.250887168447711 2.493528221908622 0
3456 5.079392329611331 6.612896589055104 0
3457 5.227882146964876 6.620245707465542 0
3458 5.232179803111025 6.482501301045887 0
3459 5.377362530775929 6.487372636750469 0
3460 5.238780214739927 6.347057314168225 0
3461 9.603061579381039 4.943450109358373 0
3462 2.207914843470955 5.429983704652429 0
3463 6.271857688528421 3.535868549998134 0
3464 0.9840865599483277 4.24861318935466 0
3465 5.623045641348268 9.037843386616514 0
3466 0.9936352277961348 4.789295262247575 0
3467 1.130936752431449 4.835088632526372 0
3468 1.052571132410334 4.963877573828024 0
3469 1.181722449679413 5.007895271849996 0
3470 1.109555661277756 5.132015295366916 0
3471 1.236509735104021 5.177528992484165 0
3472 0.980761109313835 5.092562193113077 0
3473 8.475577152280541 5.192335579874599 0
3474 4.114711132330852 4.751144064545654 0
3475 7.459260994183994 5.671498989583316 0
3476 3.997716286193191 7.01002437104557 0
3477 4.444274548901226 5.828986740823872 0
3478 5.467042993343121 9.824850030393247 0
3479 6.596133942105968 5.823900710761619 0
3480 2.275861360142321 8.377714435608594 0
3481 9.178673730349056 6.205109333364074 0
3482 0.1206650568222219 5.213016411895651 0
3483 2.646680497088454 7.716663188613386 0
3484 0.4802413147237699 4.874996701565942 0
3485 9.157756055938517 4.820187533785592 0
3486 7.869352555083879 6.799340158944492 0
3487 9.298561074190424 2.681295460932332 0
3488 3.132548092056004 6.357861887087016 0
3489 2.08238219972587 1.405954454048124 0
3490 4.63704615433848 5.343717700867054 0
3491 4.889675266744865 2.772236412809267 0
3492 9.461155691264509 9.766443109389357 0
3493 9.367714298023946 9.581689903978523 0
3494 5.962156405862114 2.209357863813828 0
3495 8.696124210980759 7.11966589753741 0
3496 0.810651746713132 2.02578680201037 0
3497 9.550672827297381 3.927569965993604 0
3498 4.480270239487654 1.970224360820662 0
3499 8.320236522757543 5.646674714654467 0
3500 8.375116676352905 5.829617079552357 0
3501 1.886178906470651 3.733116567464439 0
3502 4.690686232935187 3.002967980997427 0
3503 8.393814421193614 5.313239905181799 0
3504 5.886876904894486 7.193054381053857 0
3505 5.838635385476472 6.930501527059001 0
3506 0.5809624112975528 2.549897641643395 0
3507 6.178912055999168 3.241177471113803 0
3508 0.2293562573424394 8.634546068413828 0
3509 8.662623853379742 6.496594618351841 0
3510 6.739961937839546 8.38642796999229 0
3511 9.539393295482926 6.777322187479745 0
3512 8.898662716441704 5.930466747397102 0
3513 6.510523553705426 5.51340787778302 0
3514 2.6603317022452 1.872210161451097 0
3515 9.13723635480836 6.439652927291396 0
3516 6.048170174856821 6.387433406123765 0
3517 1.51453891303152 6.730929602889946 0
3518 2.704191729062527 5.935332535971025 0
3519 8.745977657370137 5.939950186281717 0
3520 9.2893521438512 5.611983295351274 0
3521 8.768535477071609 4.853457259715031 0
3522 5.851706416774478 6.128419340456246 0
3523 6.348489923850723 1.023711777509672 0
3524 6.35876015694667 1.198757848900351 0
3525 6.175586294512341 1.3509499321133 0
3526 8.622494019024638 8.045137235834904 0
3527 6.923863527975694 3.900880001873716 0
3528 5.323774660811628 7.044956384792362 0
3529 8.887312579659955 3.929504551342985 0
3530 5.574991579125206 2.462529792393044 0
3531 1.117093714726436 5.459975596621274 0
3532 3.189535595725048 3.825976754344769 0
3533 6.848617562913735 5.529637189127966 0
3534 4.46121031684939 3.294764176525067 0
3535 4.523986740538342 3.579821266757004 0
3536 1.549457323636247 6.0065867850082 0
3537 9.267088622232665 2.429402083383368 0
3538 6.468861544853786 8.918198280433193 0
3539 3.168374802042079 4.577997573824033 0
3540 7.198946649451576 2.024316367806377 0
3541 3.311607623126473 2.72809297475203 0
3542 1.66740997714466 5.203934671191968 0
3543 4.637878184907237 3.309110830770559 0
3544 6.85105007747866 5.152889462030936 0
3545 1.925168507147996 5.728959581759544 0
3546 4.420282585142703 7.313932142149124 0
3547 2.195730239453232 4.923823377030597 0
3548 5.361087002449347 6.767685636520767 0
3549 5.076553939608557 4.717957190498777 0
3550 3.496683349299413 1.117258904966145 0
3551 1.746927368020283 8.729320615418779 0
3552 5.091211171734066 6.33894434309024 0
3553 9.874441343030538 5.17921366796012 0
3554 2.936384823674949 0.8874852532950401 0
3555 6.867470503991916 5.800020464073073 0
3556 5.672433285057844 5.884341391940588 0
3557 2.848234016917698 4.416158889379771 0
3558 3.032264561852154 4.486956253069567 0
3559 5.811801959419252 5.192194620910003 0
3560 8.765786351001971 6.572004253801882 0
3561 1.04864002180036 6.104457687479604 0
3562 3.15203466928782 5.406611108618804 0
3563 3.283683462534451 5.400279210944715 0
3564 1.950995607671938 6.033218527561012 0
3565 2.038852882376032 5.239778007522396 0
3566 1.441091938396406 6.353459566289629 0
3567 1.333899610027757 6.438396897995563 0
3568 7.170286729476539 5.950464976551586 0
3569 5.601869880141341 5.56580024087407 0
3570 7.872811184929526 9.181865580603885 0
3571 9.030105471679391 8.546756193083802 0
3572 9.094937914059317 6.961555830540927 0
3573 3.562561387512484 7.94756454035812 0
3574 0.6601164376883869 7.098321832414779 0
3575 6.735662639802933 3.424804768156914 0
3576 6.817550597956547 5.022617680108757 0
3577 9.214836934040614 3.447180690484448 0
3578 9.306199261981105 8.806802857108355 0
3579 4.925951715338154 6.603979567900253 0
3580 3.794136924501935 2.677813351225349 0
3581 5.610350157734795 6.510129813620111 0
3582 4.008648900338651 8.560874538488857 0
3583 2.866042669730154 6.231813878426777 0
3584 9.870421547318527 4.416589021743956 0
3585 1.877469536513016 3.083055583726892 0
3586 6.221583221417687 1.667822243050546 0
3587 2.841400119342095 5.607758605109205 0
3588 6.795239129068042 9.273821330155389 0
3589 1.101253672132944 3.253119921251714 0
3590 0.9527597704733782 3.060475856195393 0
3591 5.363618538605072 4.750878634630066 0
3592 2.236621686046942 3.890385976358429 0
3593 2.349347190687602 9.346030399256993 0
3594 1.460033481884837 5.380676299196419 0
3595 5.029999499584438 0.6882607886720686 0
3596 1.752950236235427 3.353151926642495 0
3597 5.14317803198842 2.592552400690845 0
3598 2.517933794783268 6.744475211916907 0
3599 7.981456382706137 8.323967264183562 0
3600 5.950758751590772 8.407486979974641 0
3601 3.112544236273341 7.018876371663921 0
3602 5.712962834098819 3.90504352264469 0
3603 2.240375007525064 5.713170997387998 0
3604 5.694700618323083 4.650041070258391 0
3605 2.359556873412683 2.727907146322657 0
3606 7.738266991603772 5.970760634960117 0
3607 8.988824360090364 5.808860743699278 0
3608 1.377440456315009 5.816995422531984 0
3609 5.914540334520051 3.695481022608804 0
3610 2.687821008658049 6.473866703541657 0
3611 1.365694593504962 4.600815417916235 0
3612 2.576191949184246 4.190248215378555 0
3613 1.963710828647274 2.712800219472307 0
3614 9.372040066988671 0.7966476395390329 0
3615 9.311299818747004 8.277886694189467 0
3616 8.871076136105001 1.566791013850635 0
3617 1.382245748294441 6.003443362682439 0
3618 1.827741264863586 5.412164262558444 0
3619 3.59505200306915 5.683109808674087 0
3620 2.299301401889292 5.581126136087744 0
3621 3.966219021843784 6.803129707193603 0
3622 7.851448500704065 5.635203759677804 0
3623 5.933116053706708 2.83058892811482 0
3624 1.730584689274379 5.768529435208153 0
3625 4.611522100817846 4.684621927222861 0
3626 6.176481703011128 2.483197498919152 0
3627 0.5174974676456545 3.561021326030804 0
3628 7.497602571446114 6.369284154391917 0
3629 9.606501713567081 5.251962864294699 0
3630 9.663595573474144 9.507901095472192 0
3631 9.174486329991584 6.324416248856648 0
3632 5.792556304655354 4.820995669791523 0
3633 8.433756216202328 4.143406528921209 0
3634 8.387481524980677 4.016306114862759 0
3635 4.323065291315133 4.399593135946607 0
3636 6.852478894294467 3.506159392158628 0
3637 9.059027147949489 4.289876810958074 0
3638 1.564643014300476 5.141154797167566 0
3639 5.931164896873154 7.330513202462818 0
3640 6.412247092031476 8.121278500133107 0
3641 4.921823728362046 7.74866300053282 0
3642 4.722762198717795 2.248207785737161 0
3643 0.9566384338811186 1.514663040882012 0
3644 3.284826878821232 5.79309825171387 0
3645 8.097929800692476 2.484402977774478 0
3646 8.040912325042939 5.406065964158283 0
3647 1.283535936011986 6.342234893967956 0
3648 9.224664775831172 3.084669176921468 0
3649 0.7094316641379577 4.116775884933302 0
3650 8.525840926141207 8.472504529294707 0
3651 5.454595657402181 1.347113270747897 0
3652 3.522020078097576 4.244334389098901 0
3653 6.321855870518517 2.268098838699778 0
3654 6.959613452175675 5.019314365582096 0
3655 8.980663299148357 5.367591525310726 0
3656 0.5479723523783978 4.391689760787753 0
3657 7.344403263831241 8.347872774693601 0
3658 0.9195959205089117 4.919591176745283 0
3659 3.434571307657077 9.820966758524698 0
3660 8.259319655145337 6.640384314519847 0
3661 9.893739508415608 4.196288079444829 0
3662 1.090749641439871 7.130882660733943 0
3663 7.013349998927108 5.673789680629857 0
3664 3.032244968158655 6.026222419110551 0
3665 6.212808811919275 4.133554295786904 0
3666 3.056658954503888 5.146112475491683 0
3667 0.8129475387788107 6.17803372422389 0
3668 4.727477410557285 4.839531092386252 0
3669 8.834853690405957 2.91355942012978 0
3670 2.46189066434334 4.269757642963912 0
3671 8.249286048705299 4.959617515110581 0
3672 7.761532538775111 4.079809966629707 0
3673 8.693599897106704 6.895709026520386 0
3674 4.750089114976305 4.275488442576425 0
3675 6.727127357369636 2.094458932822334 0
3676 2.95263508226925 4.798095166228658 0
3677 8.498436330432581 3.828357115515761 0
3678 6.627699267475989 2.607553344635061 0
3679 6.198941524738249 5.47371067326634 0
3680 7.976648560792035 6.855721440249001 0
3681 0.9233484990165775 5.533842200042516 0
3682 3.768452232615746 6.231159873486335 0
3683 0.1120384880808572 4.20431893258116 0
3684 0.1209260418552722 6.014445244502026 0
3685 0.118087217866707 3.48531824399828 0
3686 0.1201143719201709 3.356149487583975 0
3687 0.1191620973966013 6.142597836976539 0
3688 8.103017946602959 1.91707609929263 0
3689 7.444110044541872 4.255485943449743 0
3690 2.924832890560506 7.521810639349026 0
3691 0.7658539026546777 1.761803347526587 0
3692 6.476961407541109 7.612493495038451 0
3693 6.711378414720226 1.053504257701273 0
3694 8.795634973596252 6.302073004561436 0
3695 4.681253928461998 0.1714084670674659 0
3696 9.274267366312332 6.086738793166404 0
3697 8.255725305628212 4.528471586419159 0
3698 9.067044164355973 2.17053294496208 0
3699 1.42870283533184 4.282537794825315 0
3700 0.9587438615217444 4.460653885874071 0
3701 1.178320673386811 6.766742797220244 0
3702 1.835702123932704 6.277214575557159 0
3703 5.685134727470306 1.972781888061079 0
3704 9.884313499626147 6.920185578919158 0
3705 9.877254184305242 3.154834864561051 0
3706 9.866651125332266 3.441518622337785 0
3707 1.751618581488828 7.929586755642367 0
3708 1.462010463156965 4.784057136160665 0
3709 0.2845251967921227 1.836294401133502 0
3710 3.603540308522227 6.641114572621628 0
3711 3.90940368652452 8.043141069487174 0
3712 8.808922137757172 9.658428635761517 0
3713 4.607210590532987 7.768349877802716 0
3714 0.1135307741345777 2.729700748191552 0
3715 9.271026786754085 3.620459880173607 0
3716 0.4677005580738026 7.144786605403589 0
3717 8.77991500172207 7.450218567562628 0
3718 4.452542091980926 6.708512123603151 0
3719 4.288836996752849 4.269086273787821 0
3720 0.7182855962787474 6.562180347793698 0
3721 8.504008186683173 3.974977488452064 0
3722 9.163702433660177 3.996949427723585 0
3723 2.481178186973199 1.845285725902221 0
3724 0.6487610295770658 2.016921976680907 0
3725 8.866484103143426 5.691399476961418 0
3726 3.146621259909287 3.457254965635326 0
3727 9.535350645904169 2.334377263027515 0
3728 6.364665259454805 1.630820511065973 0
3729 5.783797077529444 3.077687117656886 0
3730 9.887733418488589 2.775461466608703 0
3731 3.401469735167602 2.361554333056744 0
3732 3.353209669646599 8.410382976448458 0
3733 4.95975925155576 7.897633760637662 0
3734 5.657433240196578 0.5489161651284392 0
3735 8.112074750405938 3.32950956818128 0
3736 7.726456506320453 3.898815600311699 0
3737 2.310607034889738 4.23504544802364 0
3738 3.525429590044961 6.479897994799098 0
3739 9.196857375700962 6.839248548928561 0
3740 1.798793062014603 4.758661736405591 0
3741 1.774492339540835 4.379218990192243 0
3742 8.029048518418396 2.763726035797185 0
3743 8.680038481300786 3.255163720638184 0
3744 0.1107869748152119 7.35622990295232 0
3745 9.885123390623384 2.381396997979755 0
3746 0.9063822552925387 9.491848006698753 0
3747 2.258154825549103 8.853333075253286 0
3748 8.83639306835437 1.156324389650316 0
3749 9.887022496357105 3.826782000215271 0
3750 7.853397343863659 9.834794333357804 0
3751 7.685229926931958 9.595509349191708 0
3752 1.02279343465652 3.419902328966895 0
3753 0.6254622305590126 6.859596962543705 0
3754 5.56603968386858 5.04516934206829 0
3755 2.125187185717332 5.423150089962833 0
3756 8.263768086447406 2.495480947098144 0
3757 1.305963889963246 5.921642041849997 0
3758 9.064101779882964 3.690633720228597 0
3759 5.185020420205253 5.807341142305159 0
3760 3.888077833139675 6.408623313672648 0
3761 2.502309095222945 1.04441337374693 0
3762 6.989847742386103 7.910606629919579 0
3763 8.368159216035799 8.472982215809678 0
3764 5.249115612078244 2.023662663756394 0
3765 1.363447829308433 7.111719474983582 0
3766 2.23098086684519 3.463525331888182 0
3767 2.828623005227185 0.3595626279743476 0
3768 0.1184092367982528 7.887589848612026 0
3769 9.877313593307901 7.718241141172816 0
3770 4.086395256034396 3.12968217392858 0
3771 7.480378100048677 1.02688895692323 0
3772 0.9916395961990561 7.218740447730246 0
3773 9.377450026575591 2.565239409602879 0
3774 6.099567821982104 4.409797297037724 0
3775 8.427623414484222 7.302335068221636 0
3776 6.00372703904484 1.333616851025657 0
3777 2.81982123522845 4.633457005473072 0
3778 5.179043811857752 9.116782984437823 0
3779 1.064282411006284 5.578961348096389 0
3780 8.563616679905351 6.411963012798025 0
3781 1.208272506239114 6.473742978853675 0
3782 8.369168316822698 8.898941109939567 0
3783 1.55687573490401 8.254842980724604 0
3784 6.347043299345353 7.547536101370837 0
3785 0.1206278063165948 1.194235032882092 0
3786 8.942111523657969 2.850730481472417 0
3787 5.13073222760273 8.208478108085599 0
3788 7.907119106780199 2.905394864881782 0
3789 8.442733341959238 6.007229259139548 0
3790 9.771873574396215 2.229399621537047 0
3791 6.258130505197582 5.129457943447106 0
3792 8.398729216502533 3.024331319132258 0
3793 7.695738870259088 6.161832612497891 0
3794 8.063811176053692 9.18325534131686 0
3795 2.960819770627582 3.115784025806359 0
3796 4.407664313584354 4.805150326131636 0
3797 0.1173737331830972 1.458528564578916 0
3798 0.115347096937666 8.58658560867236 0
3799 9.88327460061568 8.620833787917425 0
3800 9.886475731462966 1.402293538830827 0
3801 5.753842332225032 1.017086261180127 0
3802 3.1729178059455 1.344431916166185 0
3803 4.160789543380299 9.037627290145428 0
3804 6.541431912322376 5.085670968394117 0
3805 3.318721349937802 0.5680967065779248 0
3806 0.1212764120406532 1.060633527702448 0
3807 4.09173900637964 8.109738338437886 0
3808 4.419457870633062 6.838034830816607 0
3809 0.1112704740024398 1.666649131886753 0
3810 0.1515261283187501 8.302825400642371 0
3811 9.88430688130045 1.713389223191561 0
3812 9.742122734726543 1.58867516154003 0
3813 5.851030693324049 4.68231665219218 0
3814 2.157039446971108 4.025279536962842 0
3815 2.685996561037682 2.707973713483947 0
3816 0.9265519426180973 7.66696579423539 0
3817 3.685147585065422 8.841489134647023 0
3818 6.882475075441971 9.118266357682176 0
3819 4.851979621693989 4.129880009152315 0
3820 5.39464746882157 7.617227805954864 0
3821 7.747596482408247 1.811156415073532 0
3822 5.416000145705996 6.107285674376602 0
3823 2.823111319431077 1.011316803515824 0
3824 6.001557856100463 0.6629941234240226 0
3825 5.571210773462804 9.469806859891596 0
3826 4.562704157110894 2.407602320607968 0
3827 7.869710226973029 5.404383797378431 0
3828 0.8475776861889591 3.944350522920348 0
3829 9.160598382289056 2.001903011169687 0
3830 7.172140052719223 3.08152838333801 0
3831 0.9385504647640831 2.672863595627699 0
3832 3.494068492082723 8.479526351160256 0
3833 1.598149222582055 5.281178031501641 0
3834 6.848531920189728 0.4212801087454894 0
3835 2.376186630118911 4.160671210272351 0
3836 2.851456129912012 8.845425449639086 0
3837 3.247260040152291 5.26743674391463 0
3838 1.010500011491451 1.669257922201131 0
3839 7.746409323472738 2.13146664647139 0
3840 4.002494076236349 9.179936356930762 0
3841 8.122577774237209 5.008215269024998 0
3842 0.7724036797449942 7.977815017737067 0
3843 0.9538769504046311 3.176089580864471 0
3844 2.61924806441145 9.044256580989433 0
3845 1.755428573313157 1.849016235350158 0
3846 6.589702748474676 1.387582471945531 0
3847 7.474238191317071 2.619604488658263 0
3848 8.169858367584423 4.523470066520717 0
3849 6.289331832353558 3.325509895666266 0
3850 9.120672133596337 3.243776671176547 0
3851 6.501947807753124 9.539807715355941 0
3852 3.138357064255681 9.299099807209224 0
3853 9.328583319815243 7.082126787641358 0
3854 7.787163812154458 0.6894130602701951 0
3855 8.948358518788984 4.364459807277759 0
3856 6.952162395325989 3.375285372428667 0
3857 6.896585619681368 1.071419872435569 0
3858 3.739457182481796 9.557655470378107 0
3859 0.8408307779320715 8.106523563852356 0
3860 9.857366298366333 0.7361142073196517 0
3861 9.879992771204249 9.300702512079193 0
3862 1.548330055704124 0.8242216455384639 0
3863 7.730018342010602 4.810022885378517 0
3864 4.19766154615513 5.733632436100313 0
3865 2.762472359747501 9.588796816398448 0
3866 4.45568164732028 7.792794971447384 0
3867 5.542553909571813 6.33981098025359 0
3868 8.740948655621482 6.384474382490739 0
3869 1.267366821190666 7.778173299481523 0
3870 9.078274031453049 3.898413202879583 0
3871 4.206787405489171 4.91703769161075 0
3872 3.767066655938172 8.218853952200764 0
3873 2.428469360856458 8.862482650856238 0
3874 8.00013146842166 5.08028886388919 0
3875 9.638470970235103 0.9723749600089069 0
3876 6.884240708266833 2.061601105348681 0
3877 0.9929278598459247 0.3297612520425166 0
3878 4.873810479234153 0.169293740551793 0
3879 2.596157442618811 0.9386135703697276 0
3880 7.522139596425879 7.609335004053565 0
3881 7.681464459032894 7.612099583344482 0
3882 7.777349643129856 5.509072223387508 0
3883 3.219575921947178 2.251688838627655 0
3884 4.988219261709485 2.046106211920314 0
3885 7.409019590551761 2.476238540781517 0
3886 3.206804478597957 8.572547369682265 0
3887 1.238905475084184 1.693079184039182 0
3888 5.029711264471621 9.088443941043275 0
3889 1.771735434626433 2.272928732348769 0
3890 6.920754792967237 8.097192779470166 0
3891 0.7938850106062478 6.647631384961893 0
3892 1.068027538083418 4.395096530104647 0
3893 1.436602509047894 2.771136188122111 0
3894 6.856690462735767 5.666698492349985 0
3895 1.502184853838368 4.090069990010757 0
3896 8.075792774063959 8.183196972007952 0
3897 9.373922006353583 8.605694713944454 0
3898 4.102527919393653 5.726367058676371 0
3899 8.59827650988715 3.420022435573924 0
3900 7.339935523677157 7.023986689568266 0
3901 5.758141748644339 1.773503722474199 0
3902 0.8950109173872527 9.279510292889439 0
3903 8.504170424752736 1.412186747332445 0
3904 1.536209362818381 4.612523609790496 0
3905 1.466664528079448 5.903037480578167 0
3906 2.007120292466883 9.266573995850932 0
3907 8.421810484506931 9.351604667885368 0
3908 5.739921657833294 5.550542781465847 0
3909 8.793118308154972 5.845915924430648 0
3910 8.132897448999806 4.451768441192934 0
3911 8.673834769670249 5.794639828185012 0
3912 2.409114055281463 8.234610868589646 0
3913 4.305759314882406 6.134024015699203 0
3914 8.454281781857851 3.901528147938941 0
3915 3.970867786124351 5.853571099420219 0
3916 5.788582488038287 5.690761163050275 0
3917 8.674129098822142 7.545020296015957 0
3918 0.4595145149087285 9.776098733657326 0
3919 1.434179198188668 3.939849130471345 0
3920 2.293593820842422 0.5355747826469152 0
3921 5.896566787559879 4.532907415643225 0
3922 7.922168520025086 4.899816241887454 0
3923 8.774246493679607 4.273931145241582 0
3924 3.276254796595512 5.933569877167271 0
3925 7.673524159903863 2.311313984066969 0
3926 9.29964168919528 9.433133204758834 0
3927 1.139971074342304 5.312563497455319 0
3928 1.747773564788735 5.301799958780025 0
3929 0.6481641688150466 9.534563285784033 0
3930 8.188401015537019 1.748586160411329 0
3931 3.388560021732554 1.460432205266618 0
3932 1.560883641202101 9.373763592690151 0
3933 9.246256500140554 7.207813429836826 0
3934 9.878824023372406 5.824376498867979 0
3935 7.511258099257681 6.895771176337825 0
3936 4.678454192457171 9.249127910935366 0
3937 3.364801039934221 2.215472235957391 0
3938 8.912257378293194 7.714412472139669 0
3939 2.41737272067693 0.8873010769792891 0
3940 3.771869532673809 5.730169542267546 0
3941 4.840275695764431 2.978853396258965 0
3942 8.866739411486932 8.896239791418703 0
3943 7.762034016847135 4.610397913135108 0
3944 7.480087540285294 6.129270607653396 0
3945 3.473839556231782 4.941891662113091 0
3946 8.455602444648564 6.332058173682396 0
3947 8.520150269610209 6.890420040131174 0
3948 0.5510779219206587 8.454416611944964 0
3949 0.1179553870912164 8.017646472052252 0
3950 6.703211913727668 5.667173660557771 0
3951 6.951968456999252 9.339595852452133 0
3952 7.158189050478017 6.874067695398777 0
3953 7.602877108414564 5.52653844226742 0
3954 1.24266135758879 6.649459217018862 0
3955 3.4266512623679 6.119317861450106 0
3956 5.838348848904529 5.839111133675351 0
3957 6.836385936584222 3.28200463109463 0
3958 4.625811113479579 9.807307836375937 0
3959 9.404236299790728 7.321123963797143 0
3960 7.287296990881231 0.9651860195187332 0
3961 3.400416220536988 0.3657953672272075 0
3962 1.494254226500408 3.772558307392966 0
3963 8.839516122915711 1.910266345610059 0
3964 0.725422398293044 8.464519376921736 0
3965 1.638833799853616 5.891549399152687 0
3966 1.051470365784176 1.100734229695977 0
3967 7.180913776101522 2.346260897482958 0
3968 1.727733942038323 4.628206501561807 0
3969 9.04695667179058 9.835764835164408 0
3970 7.300917727145713 6.104769154769759 0
3971 8.460286202634048 3.382243387830752 0
3972 1.088878326357486 7.585781977865908 0
3973 3.072548348883904 2.640294357666132 0
3974 3.608611135870446 4.970794791772858 0
3975 2.930846032703946 4.548678232148564 0
3976 9.52367468589013 8.936325083846613 0
3977 6.30613245213073 1.518687681717275 0
3978 2.742312538032574 0.9131545058173056 0
3979 0.1303016497110795 0.394259910572816 0
3980 0.1294273934054012 9.364503489523861 0
3981 9.859603533276385 0.6051715418584805 0
3982 4.972886053671218 1.780454211988851 0
3983 3.477049923038626 2.049218429206807 0
3984 9.438287894040281 7.821865877937499 0
3985 1.17912949271698 0.966526422490696 0
3986 3.474468560273992 8.123564236296545 0
3987 1.166453012909513 7.23797854357301 0
3988 6.388692772672848 3.011119711873666 0
3989 1.499150009811535 1.421306785658061 0
3990 8.661771306450699 4.415538334909424 0
3991 6.547091318618014 3.692646355546296 0
3992 7.59883936723853 9.20045472502399 0
3993 8.900595056482945 0.9930619028785549 0
3994 4.658635461072955 7.908633227655024 0
3995 4.005916896703138 5.186763001004927 0
3996 5.715737662108896 1.567381528573562 0
3997 1.929761545474357 5.315254673961159 0
3998 2.519577597531206 8.243392989929053 0
3999 3.973462823969247 8.203774124306589 0
4000 8.590989183870281 8.614816068326951 0
4001 6.55529956494523 5.689785230267567 0
4002 6.945233717862947 3.140436401960697 0
4003 4.331069776161538 2.092682649117851 0
4004 1.155680531317388 1.951731346277231 0
4005 8.396741004953329 7.012456444839719 0
4006 8.934472847266981 5.214830411995186 0
4007 6.242080538937262 5.653781804648529 0
4008 4.375299404196469 0.6942100302937951 0
4009 3.520418977397026 7.798480324179428 0
4010 3.649044153326104 4.182911812879372 0
4011 5.808171776327744 5.38421611805463 0
4012 6.366117588129518 5.59432303735778 0
4013 3.651045375633074 2.054650773014065 0
4014 6.389589161845955 8.752420460883517 0
4015 5.867390796878749 5.985286374312315 0
4016 9.889989768548107 2.118026902380708 0
4017 3.403747838834232 8.628481341411781 0
4018 8.329106521370125 1.721250121201803 0
4019 7.257673630293688 9.108714072004906 0
4020 4.147996611616161 1.932132057640492 0
4021 5.981975353272598 5.433632131498596 0
4022 8.422380840425319 3.242126903509473 0
4023 3.167712391779713 2.803442579211906 0
4024 7.106217562528498 6.23134508255488 0
4025 2.091038213864343 5.34999880534214 0
4026 1.364976165751393 2.035536725235819 0
4027 5.937267268457833 6.816114490671665 0
4028 8.05375210405796 9.664424129776362 0
4029 8.740256700193145 9.054269264790543 0
4030 1.823249754392989 5.897136248055601 0
4031 1.214496427112516 2.766080500151668 0
4032 1.131921139347859 0.3334316742128206 0
4033 2.831315318462159 3.758576112503568 0
4034 9.089338753972362 9.203008438973267 0
4035 9.759129453357692 4.128180287695259 0
4036 5.520566988150485 9.645752181236249 0
4037 5.469691886262921 1.629241449946906 0
4038 2.325770989402625 4.000803924446477 0
4039 4.354982037453595 3.569734625322972 0
4040 5.052866696028081 1.671726620803785 0
4041 7.173782687447543 0.7816983631384827 0
4042 4.904928795739374 9.343540189885029 0
4043 3.667051419849683 9.794427099574044 0
4044 3.07718061926902 4.570460945105701 0
4045 5.166159243887205 5.940127143818932 0
4046 6.405972183475648 7.688264233986288 0
4047 4.596784040663843 5.763350153166204 0
4048 3.863089417201217 2.224818183091848 0
4049 0.536435361498424 2.245225595790354 0
4050 7.807506886692154 7.480649482752759 0
4051 4.714662859908487 5.900647512410648 0
4052 3.28980449345447 8.062956084265725 0
4053 1.862030992866014 6.014238184856261 0
4054 4.500078719209498 5.756694547178959 0
4055 1.308855031800437 7.246332856636306 0
4056 8.363419453359121 7.136913724935574 0
4057 3.840087776707843 4.255142949275755 0
4058 2.763497708651286 3.611212618366991 0
4059 3.508259901828491 1.28642502747032 0
4060 1.121054882662363 7.779702001962296 0
4061 1.351514474540688 0.5035985928632254 0
4062 4.046003753292434 9.833061383663948 0
4063 7.791176768777425 3.197600418328864 0
4064 7.11062799860695 2.194171223361756 0
4065 4.16380621741281 5.339735107329839 0
4066 9.421261540409276 0.3406979431096427 0
4067 4.553145612314935 5.227782226345253 0
4068 0.2388204394422209 6.361099008534038 0
4069 6.888744318531917 6.347872346324525 0
4070 4.323906455203907 5.356078460315457 0
4071 1.404793466691211 6.577446193246312 0
4072 4.829619746357637 5.368676783179945 0
4073 4.801845541806302 7.894649450818166 0
4074 5.133774884124109 5.402492006754972 0
4075 4.978905977323456 5.252741032740243 0
4076 5.28148052375746 5.416029152727647 0
4077 5.98714866112177 6.168852228199267 0
4078 2.441874818083975 1.695971414984154 0
4079 7.365306688335594 9.28043794755615 0
4080 1.909085251156991 6.152897919371906 0
4081 1.812775541985658 4.514677057672914 0
4082 6.118458985772803 6.229775501147729 0
4083 8.07204454353565 1.313597328077517 0
4084 8.251052512758351 1.439295072569742 0
4085 6.666871970928674 4.550409982132013 0
4086 4.882158098052765 5.783412726903048 0
4087 6.168162591606108 8.647601722297814 0
4088 5.438921693963405 1.05815173788416 0
4089 2.544022663477574 3.488458076475673 0
4090 6.177177202130322 7.971043830298356 0
4091 3.771843530192121 7.087406242338609 0
4092 7.503247409256834 2.319406132176933 0
4093 7.238471236749848 0.6287024226550724 0
4094 0.9484975891352861 2.402206375523579 0
4095 1.013667431189989 2.524698964056514 0
4096 1.658138951051474 1.445433881288632 0
4097 9.711120063235757 0.7805917178810406 0
4098 6.792552931849462 6.186624794255614 0
4099 6.310007086336921 7.805036515606692 0
4100 9.881073452079232 9.432115631192302 0
4101 1.583353151814386 6.62565581369911 0
4102 9.876894248635793 3.573037876247442 0
4103 6.58572671492475 6.282010882149614 0
4104 9.710493130129537 7.538281400785708 0
4105 6.514673476308382 6.104720402652716 0
4106 1.076528690604803 9.642864551754666 0
4107 1.165689924465821 8.813048271299275 0
4108 6.316965858907418 6.17039540233887 0
4109 7.007181539887874 7.016052848550444 0
4110 1.049182343023945 3.171142107437795 0
4111 3.040689860732092 4.190677080891241 0
4112 0.1184709177474893 2.55820137074915 0
4113 8.225375908437217 9.832355369833786 0
4114 3.680242723552064 5.82467321589233 0
4115 7.88371300635367 7.749057918905722 0
4116 3.709472530740832 1.44231823506932 0
4117 2.163112827471666 5.193637159675309 0
4118 9.745431448763789 6.402933269994364 0
4119 2.366945366278784 1.535947387317962 0
4120 7.635522014626414 0.5084821178540357 0
4121 3.352175296868505 3.503576481097282 0
4122 1.423022462466044 7.234659027987914 0
4123 1.673826029519719 6.752054157180564 0
4124 5.981534657360999 7.793621926320338 0
4125 6.076098509380945 8.840377021656565 0
4126 8.311443767411731 7.258473220204755 0
4127 6.342699689561275 4.981477144193814 0
4128 2.488126171397466 4.008829613991082 0
4129 3.510809347522749 8.819557808010105 0
4130 7.947928037728408 1.473974218282161 0
4131 2.063550050561697 6.207742358126648 0
4132 9.466996652410229 1.237085256921759 0
4133 3.18263704990646 4.163620489939332 0
4134 0.4340623539323659 5.768523929021201 0
4135 0.7475706375366239 8.216979151299213 0
4136 3.876918773237719 5.336177053709182 0
4137 4.088830065099834 8.408559417204497 0
4138 3.580376773721961 5.943952287188821 0
4139 3.467415701844628 3.434795945945001 0
4140 5.814951326741078 7.94442359390646 0
4141 9.770083437695696 2.8780873251531 0
4142 8.36356629724377 1.093929101007057 0
4143 5.912659015678866 9.671646269486676 0
4144 6.384702183241658 1.409430201368088 0
4145 0.1053486841149669 6.973746285336092 0
4146 4.590026912445877 9.117252347655231 0
4147 2.313750276590731 3.407656545134591 0
4148 5.717447843660037 9.661137836304398 0
4149 2.269838621870298 5.013519496636899 0
4150 4.184575275219254 0.5081229132280887 0
4151 3.889518569919673 1.446180328179508 0
4152 7.131956542884733 8.20571550998751 0
4153 6.065822592515216 0.1673478799126693 0
4154 8.431418561374016 8.614986940206112 0
4155 8.33554307366985 6.270214074339298 0
4156 6.829427739902009 6.862909515861252 0
4157 7.433914856366769 9.442340542618476 0
4158 9.875683873866267 8.362617956313665 0
4159 4.26650637314721 8.435738725558547 0
4160 4.809542529475489 8.029691412815726 0
4161 9.29474500828311 7.966858186376786 0
4162 0.2448777128332663 4.003672252311487 0
4163 5.258526726061346 1.426152256659453 0
4164 1.817710884015082 6.829916279983609 0
4165 2.348013733915852 4.889635207090111 0
4166 3.259288776381722 3.979990386298607 0
4167 3.645773647277175 3.587452598858398 0
4168 2.54791843791213 3.820816116398256 0
4169 1.827460233790372 2.550604374954074 0
4170 9.415288610323826 1.097689483374589 0
4171 7.943168596008928 7.893139608189812 0
4172 3.352724785985885 5.117326310818197 0
4173 4.218390162437657 6.692907916133644 0
4174 0.1088692069047391 4.829421700502437 0
4175 0.9051147825368417 0.8143743424148907 0
4176 0.1235447782749395 8.969285248471294 0
4177 5.475461357366785 8.079421401524295 0
4178 3.456939907765817 4.090143106911648 0
4179 9.87898788974341 1.033414068115948 0
4180 4.040206975757584 1.289859865252706 0
4181 5.637121726847485 7.933451023434253 0
4182 6.682312880988173 7.000028913180354 0
4183 9.749097789726086 9.162364815070722 0
4184 9.286218675730513 0.3328227043998169 0
4185 2.452253770421566 0.7236716156193412 0
4186 1.204339175257374 3.178017655148805 0
4187 9.539650059535964 0.9557125422929085 0
4188 6.679931196725661 5.043706916753018 0
4189 9.841188992815908 6.066348686301901 0
4190 8.018970280212633 6.296407096139104 0
4191 3.908350699345183 4.390068705116522 0
4192 2.445509965682813 4.959775349010521 0
4193 5.712674769946037 2.904883873829569 0
4194 3.581326532006999 4.033555586353693 0
4195 4.957250552482803 8.196713894245001 0
4196 1.729433701777463 0.8341220394407565 0
4197 5.907552854182685 8.858235583690428 0
4198 8.369223784442504 3.903844960244789 0
4199 3.838191555242287 3.555592872287569 0
4200 1.963714450537191 2.409831672332042 0
4201 2.761893527122585 3.936872373384855 0
4202 6.934104511538716 4.881738509861165 0
4203 7.045661171631444 3.001122352146572 0
4204 4.472648024795854 7.138144255746418 0
4205 3.12135799372429 6.0462753905202 0
4206 6.545908904568365 1.212647123794223 0
4207 7.210918585384253 4.764503686064584 0
4208 4.649804599851819 7.152458462009573 0
4209 1.313443143946057 3.111236993501633 0
4210 4.243277107554861 1.416432017545397 0
4211 0.1223430745663124 0.7904747314057453 0
4212 7.080616089888607 4.621296724481981 0
4213 8.834259791366478 0.8303910481180817 0
4214 5.015511245199104 5.927570511771526 0
4215 5.638938649273205 8.242185803194181 0
4216 6.368825491008243 3.710635939902522 0
4217 4.543419330267534 1.352039254084589 0
4218 3.470319769105215 8.981444475283341 0
4219 1.309289226405618 9.80863149850779 0
4220 9.877586907442504 5.565843864456619 0
4221 8.73639360632991 7.675095834596303 0
4222 0.2364430824217574 8.245119447792202 0
4223 4.431485626092887 1.486585157350794 0
4224 7.689838473384551 1.660160602838064 0
4225 4.861039357054764 1.458335127238527 0
4226 7.644188123805246 0.3430031142032537 0
4227 4.523434975463592 8.308339731520714 0
4228 6.501472947549126 6.852074068813143 0
4229 7.249480391584962 4.506376872751177 0
4230 7.849602833182425 8.040542054750468 0
4231 7.438852876148818 0.1682107125054733 0
4232 2.106868927447316 8.990793724168517 0
4233 8.229913062326743 0.9736435805043134 0
4234 7.274313250035936 4.373409348373704 0
4235 8.933283476284457 9.203335659956791 0
4236 2.112058860263476 0.5271907976687075 0
4237 3.076286012957742 6.16885286013292 0
4238 8.429973325537604 9.667702420646146 0
4239 1.120669044252589 8.234166846407616 0
4240 4.991491785299594 7.168949098703066 0
4241 4.750048516922895 8.587238733345076 0
4242 7.297758337251399 2.882831520358941 0
4243 4.852387741149108 7.018533859693278 0
4244 5.780805222912512 9.025159180576706 0
4245 7.041026282324481 2.038999416438547 0
4246 7.385584094836895 1.699682152322033 0
4247 4.157814397562798 2.84132329881227 0
4248 7.329825354623973 4.109956171691112 0
4249 5.870606741493858 0.1677172873689306 0
4250 0.684804216957674 5.314278583357252 0
4251 0.8553286275595495 0.7201306532654256 0
4252 6.340751419213006 7.01568186829169 0
4253 7.457917468156091 9.554192831646141 0
4254 5.116423243436349 8.362334355911996 0
4255 0.1230060527274028 2.040415836378575 0
4256 4.469838675835549 9.019633250970012 0
4257 5.604800285500435 4.344540277518118 0
4258 7.318661372320365 2.63753839838973 0
4259 2.074754427247683 1.895770697605008 0
4260 9.886374473104832 6.198346571047918 0
4261 7.180330298491535 8.350529486139532 0
4262 3.009136972948347 6.303164174994106 0
4263 3.454145800299696 9.152099160973943 0
4264 9.768314362983329 1.35470175854251 0
4265 2.17185233469703 7.682971929176497 0
4266 1.43922682904462 2.945472642147378 0
4267 0.2311469161703176 2.886275379238588 0
4268 7.400332308735422 8.546460638296374 0
4269 6.400531573648139 3.407270941913954 0
4270 7.221200919165083 3.672362874025312 0
4271 8.171499776215891 6.632172196505397 0
4272 1.154178390912951 8.071459956345086 0
4273 2.212649951727019 7.249521934694424 0
4274 2.439336337447822 9.830371537534655 0
4275 1.863504293083284 1.336910935537889 0
4276 0.1181622474484301 7.623156849315835 0
4277 5.240024790198915 3.416847800850262 0
4278 3.987458232663067 0.663097377534394 0
4279 8.670100483555185 0.884437366658354 0
4280 1.986958817404009 1.767876985558479 0
4281 7.798799051248775 3.755767080390349 0
4282 2.232088541817049 9.157699063048289 0
4283 3.981593170978012 3.400816749518768 0
4284 0.9372038855346004 0.4797871342815285 0
4285 6.188601893215931 6.835330262723606 0
4286 4.076243829154008 4.43696948225904 0
4287 3.269696699410676 9.304199683737217 0
4288 5.799525376318854 9.178817021348465 0
4289 5.280949552610066 6.086653150642015 0
4290 6.043330788970725 6.904628676910132 0
4291 1.420115450053162 7.790818096498971 0
4292 7.420719115042306 3.569855867717143 0
4293 4.249241432308821 9.663144323555324 0
4294 5.620374865516683 7.150297455084848 0
4295 4.000190525138878 2.079528373114802 0
4296 1.988623670690106 7.685495567507804 0
4297 1.562246562138796 7.663893166057149 0
4298 7.861482238166499 3.610792807521265 0
4299 2.170770270219721 9.314066195630222 0
4300 5.648836464010484 8.550417632594691 0
4301 9.867161479187377 8.104393202327033 0
4302 7.299217618123306 4.240659453416804 0
4303 0.1283907277716206 5.755381676213761 0
4304 1.149985343262389 7.933021563779747 0
4305 8.324022179771745 8.753499083234042 0
4306 5.087502481515942 3.948206300290468 0
4307 5.970046071294181 9.343682251762297 0
4308 1.478359899655845 8.446821959759921 0
4309 5.801490047247531 8.401403900509708 0
4310 1.45178129549675 7.516385866707187 0
4311 8.077970325162669 6.919962714976482 0
4312 4.605641908920248 8.525661810255549 0
4313 0.1209316875576555 2.296833749586242 0
4314 2.277637429395222 0.3596992254538378 0
4315 0.1238226630502545 9.627735913354327 0
4316 4.801115128333731 3.99064346920461 0
4317 9.879573453370295 8.872717001777756 0
4318 5.277932010287112 8.758506331910047 0
4319 1.50426564541829 7.389754664343848 0
4320 5.388958280176782 6.226787935840533 0
4321 1.741356872840857 1.731197036625762 0
4322 0.196516526552092 4.23611134076239 0
4323 1.900389369666763 7.903726830573089 0
4324 4.649977144338229 3.997318669091631 0
4325 0.1157264231679358 8.839671657724798 0
4326 9.91307045701031 0.3712352652759515 0
4327 9.87038108575897 9.691839350784376 0
4328 1.445302859448966 3.690399659325825 0
4329 3.25446447829897 9.646215433003421 0
4330 6.533509943202603 1.038566828916236 0
4331 4.240500644997704 4.135397635681011 0
4332 4.494924077257449 3.996331715077604 0
4333 3.852833952101594 3.248806891867082 0
4334 7.131346614958179 1.869715428347058 0
4335 5.742899054404697 0.3457435894547045 0
4336 4.358207650232116 9.151732565837511 0
4337 5.060176448423547 8.686084702874098 0
4338 4.93114214725967 8.497744167698979 0
4339 8.613688106630324 9.510820274919745 0
4340 6.385596443692934 3.213372478540657 0
4341 3.801453967211053 0.4960995081344871 0
4342 3.263416226853824 9.471725785867816 0
4343 9.7458271193378 4.531782555862629 0
4344 7.376268905379889 3.981126928156156 0
4345 4.280471710944163 6.812218549262108 0
4346 9.876094705233301 7.29433827180173 0
4347 2.799209804318783 0.1769741519628327 0
4348 8.66410166019639 0.7140343913735829 0
4349 7.836355143610799 8.906932190263761 0
4350 1.810335404400683 8.075148247681495 0
4351 0.6543396093549677 0.4763569901154791 0
4352 6.135083279438564 9.51616608170683 0
4353 8.439043250774365 7.657545269290151 0
4354 9.534929391898157 7.556949032528449 0
4355 9.886050742263796 2.645609629464704 0
4356 8.156434527276664 8.746736357605513 0
4357 9.889571023285734 1.987104936746657 0
4358 8.561375132222969 7.613076803741201 0
4359 1.558483163214502 7.267391545353685 0
4360 4.366636962369435 6.970133691622252 0
4361 8.255410998497281 3.034815106352886 0
4362 9.909706491259016 4.681594563932763 0
4363 0.12382987212212 5.488854753505342 0
4364 0.2511268433369002 5.361799269929586 0
4365 7.291856602517903 3.829879288440008 0
4366 8.308544623670796 7.691241752726445 0
4367 9.406697953243011 1.423332515574914 0
4368 1.500502094622844 3.592544512673856 0
4369 9.846565587340946 9.005785534030814 0
4370 2.686753433418093 9.816998491083575 0
4371 1.71320689174786 8.238195959016116 0
4372 8.920000990708616 9.649431561253518 0
4373 8.022301963639705 6.996847604504351 0
4374 9.890848982392455 3.949709733621892 0
4375 3.935329629129316 3.127974875890487 0
4376 5.471432570327045 8.551313799829419 0
4377 9.766597316256705 5.073022380278418 0
4378 0.2406824081836457 1.457942948855386 0
4379 9.873604549749411 5.307647946803659 0
4380 0.2397438049024092 6.022654848236571 0
4381 9.878261570992244 6.660725301431341 0
4382 6.355318617460759 0.8535805251032812 0
4383 9.203813817592675 9.646046793291127 0
4384 7.989547832309605 8.742767072633429 0
4385 8.781557014661512 9.361701900635335 0
4386 8.465961175877659 0.705278110602217 0
4387 5.52018276221072 0.3875162001805176 0
4388 1.623385490582621 8.417211019016317 0
4389 0.1215713363764886 3.099032233175259 0
4390 0.1288001480483314 6.579020525762815 0
4391 0.2430975921035369 8.511334142444641 0
4392 6.10099333016133 9.678805822123419 0
4393 4.149940165089153 4.285399757323536 0
4394 9.735909160661903 7.826199823950074 0
4395 1.598317277934559 7.153110548700519 0
4396 1.712729101149195 3.652922693013521 0
4397 0.258968993373415 0.3944969122239099 0
4398 1.881298174475577 1.170770713623856 0
4399 9.755316053674932 3.197733017153279 0
4400 4.175198623314971 9.178047770573688 0
4401 5.381582761724464 6.351889969328265 0
4402 3.628913230846929 0.6398435603308622 0
4403 6.176861944358974 0.6734299119309684 0
4404 9.764065189307772 2.362355480674181 0
4405 4.338732809135116 3.99381529205734 0
4406 0.2396281225672783 7.904221601542071 0
4407 7.227035159727142 1.707721659271733 0
4408 7.122687632811019 0.4635504275172862 0
4409 1.72464596460513 7.008225387806996 0
4410 0.115702931744186 5.08212068069072 0
4411 0.19823476589843 1.690820020388139 0
4412 0.1336855391708016 9.233195396574425 0
4413 4.043738917138093 2.984101812625251 0
4414 4.455187470220923 5.223824591065517 0
4415 3.778811438697462 9.669262787873066 0
4416 2.299369832478702 9.509884883861162 0
4417 2.063828037130477 1.017773940158481 0
4418 6.159268849980599 0.5044981265819771 0
4419 9.765052951056834 8.707892369604236 0
4420 0.2485192339961484 0.9253971236227664 0
4421 9.767842235956973 1.71373004697088 0
4422 0.1188908079563718 3.742454169677665 0
4423 5.296461462429761 0.3412769432458263 0
4424 9.58903988066767 4.588255872475042 0
4425 2.804959164254311 9.68978182158445 0
4426 1.792389912222026 3.487040372569285 0
4427 0.1242750913478805 0.6567944071812654 0
4428 0.1015832139750746 7.23019433259798 0
4429 5.513839793877564 6.496367981100415 0
4430 9.742571215858728 5.912389220318352 0
4431 1.836747198091099 1.744010401943185 0
4432 0.2442051581727673 3.376089629316821 0
4433 3.465567424643498 0.5195131701920086 0
4434 8.573175071584417 2.400483328392825 0
4435 8.987946984325248 2.528096171011878 0
4436 4.430934632840565 9.652482187833233 0
4437 2.268828491408266 9.674126385395674 0
4438 8.956156233065228 0.5093515052802479 0
4439 7.484495494494444 1.529346139520208 0
4440 9.888295896278636 7.04687754665242 0
4441 8.226334452713035 1.293226122542444 0
4442 7.915986895592366 8.182800897528852 0
4443 2.434007322974811 0.1834708333731191 0
4444 7.13933272538419 2.880283603432625 0
4445 8.211998714720037 6.219866600276593 0
4446 1.907718407646946 0.844850214286832 0
4447 1.768735168198225 6.747490493488167 0
4448 8.775196505001635 2.790336296091929 0
4449 7.548377100133647 8.699217908994148 0
4450 1.91983822065093 2.262827369714159 0
4451 1.63241071895442 9.495434917323916 0
4452 9.364979082382755 1.626411005131843 0
4453 8.671772450348374 2.242479236976798 0
4454 6.439693800240629 9.845715818724008 0
4455 0.2384739988669675 3.625434996862758 0
4456 0.2704474914438492 9.120368602085744 0
4457 4.03071026440075 9.340040987842999 0
4458 0.2482342073843813 1.194465365022455 0
4459 4.319544709881264 2.849248274065011 0
4460 8.255497309612485 4.034357981987771 0
4461 1.905210788807835 3.334828165417274 0
4462 9.52653746511147 4.662585554243504 0
4463 5.370818043267152 6.627447922079354 0
4464 2.962399900994324 9.692855231671533 0
4465 8.154346458023692 4.185796694622353 0
4466 0.1247729160940939 4.443254897241171 0
4467 6.969096824313894 0.3591196412467018 0
4468 9.053090515835414 4.883828960702187 0
4469 0.2372888059791794 6.268197433311478 0
4470 9.913966318267743 4.924466923781972 0
4471 8.080428818715342 4.348412242714655 0
4472 5.409735600041738 5.293662258952917 0
4473 8.601384157065372 2.713474342708277 0
4474 1.818734550690024 6.642281803819561 0
4475 9.763845118902488 6.78401256726282 0
4476 7.823288575195308 8.322557941400166 0
4477 0.2836981956666244 0.2758123112762734 0
4478 4.44183468762487 2.708841385238444 0
4479 0.2370853980323776 2.563563835847775 0
4480 9.199072990013889 4.636444682295365 0
4481 2.021105469539679 6.636055486644631 0
4482 0.6258064613485436 0.2547952909453131 0
4483 9.77815409397336 7.607373551024473 0
4484 7.999051520652236 7.27127665188896 0
4485 5.272620383044173 5.149075098241836 0
4486 9.36656763963075 4.661911125602875 0
4487 2.116159567007026 6.536779973948653 0
4488 9.801442642635001 4.259134947158633 0
4489 8.896679870139211 2.730588330563628 0
4490 1.888772691959416 3.208699907410558 0
4491 0.09878538319185107 9.866629667247524 0
4492 0.1687166182363686 0.1347641895007451 0
4493 9.833505263012722 9.908589131950617 0
4494 5.213251002186627 6.758681560668292 0
4495 7.698159996972789 4.529291478758694 0
4496 9.42614748988046 7.56910472962329 0
4497 7.749073124492409 4.397837871289252 0
4498 9.876987915538066 6.403796698262865 0
4499 2.213191080753752 6.462449755594838 0
4500 7.723708306008278 8.72365395943695 0
4501 2.010083099543833 2.09333130197318 0
4502 5.015569364916792 1.553439008030913 0
4503 6.287358636548122 9.685856511055309 0
4504 9.708643809465599 9.040646569619048 0
4505 2.990636648910604 0.3070984555464486 0
4506 6.626225774374675 9.840224410716818 0
4507 8.578546116121114 2.104582410115633 0
4508 0.9175851405557802 8.231251159188895 0
4509 9.232580274194175 4.931996961307986 0
4510 0.4452431007360036 5.487098367008952 0
4511 8.697714334388888 1.947347879054211 0
4512 1.346311676711206 8.479036546479421 0
4513 7.967225829002324 4.4186472431082 0
4514 5.191591100313002 6.897370464575899 0
4515 0.3248982963427905 2.564617791374848 0
4516 5.431586545797412 5.031206073046132 0
4517 7.792714922001529 1.488813934017032 0
4518 5.298049684828753 0.4635470312340627 0
4519 9.332747670608221 1.828614912648847 0
4520 9.893255174406141 1.15496166588672 0
4521 3.053409290152935 6.506627156806602 0
4522 0.2343126930968229 8.154245688947379 0
4523 9.76361143275572 3.677285528662956 0
4524 0.1197513691813258 3.998813830341396 0
4525 0.2227237079284186 8.748261026469255 0
4526 7.773821466780675 4.899195123546569 0
4527 1.553628606625421 0.6694233012219298 0
4528 3.888331871339702 9.516879580286254 0
4529 1.003275904827766 2.221709587385144 0
4530 9.76028857433279 8.461309767706325 0
4531 1.745913167064431 9.693095328545521 0
4532 1.275998777544019 8.610727274443857 0
4533 9.838674390999206 0.1411183400259149 0
4534 0.1075936626267347 6.8425666183446 0
4535 9.671712068273084 4.604493409591539 0
4536 8.267400956284094 7.384179455929988 0
4537 6.786439486287763 0.3254858222495641 0
4538 9.147275757840626 1.823513841077058 0
4539 2.204430166213531 7.425507292000045 0
4540 7.511113671137336 4.955790313879563 0
4541 8.018483684221144 6.738912357881527 0
4542 3.187948758654933 6.558030793036912 0
4543 0.2247769928269856 2.802995373708853 0
4544 7.694855808282468 4.982985808567993 0
4545 5.170485313724797 7.03667444399996 0
4546 5.325776901818191 4.884879714567845 0
4547 9.884245870227545 3.031117539588235 0
4548 7.457970069063165 5.261569470979444 0
4549 4.977651916745333 0.4654464857682588 0
4550 7.66703868459074 8.326296928106624 0
4551 5.103466620975531 1.325193594427986 0
4552 9.780864920802747 2.104996836375873 0
4553 0.3834337700600699 2.479480768780805 0
4554 9.736993877758099 3.433678984814857 0
4555 2.239627940607766 6.15202821480039 0
4556 2.834262382832909 6.393871128563556 0
4557 2.061454413007731 3.20521089090556 0
4558 8.473707192310654 2.745869065900654 0
4559 4.391983256114107 2.403424683642347 0
4560 1.185220235036542 2.281454541582417 0
4561 8.085296461670552 6.477785639318266 0
4562 5.105250310767508 4.572223074585225 0
4563 0.2392997584861402 7.508103249449801 0
4564 8.396076829213319 1.418813706370989 0
4565 9.770459009837239 2.754195086113473 0
4566 0.2478924457870383 9.515220756589541 0
4567 0.1120888226524262 4.711371446374781 0
4568 7.905548389105081 7.092812140019598 0
4569 4.613366472359127 9.624895244518243 0
4570 2.470481324041793 5.982476222404582 0
4571 5.220846865794069 4.733218301253059 0
4572 6.80195974009527 9.662218830228515 0
4573 0.3725281475257259 8.968029748528583 0
4574 6.824736893931584 3.040525593771922 0
4575 5.184028072192193 3.783216859866719 0
4576 1.543958797258512 0.5102996938911387 0
4577 0.4103437481699735 0.3118638290497355 0
4578 5.288619571060929 4.453137297978466 0
4579 8.410808364595008 3.150056092389061 0
4580 2.797676017071854 6.479060663393239 0
4581 4.706416106374852 5.195889893298055 0
4582 7.581192070330212 8.490918058904745 0
4583 0.1322036230097926 1.91427398690526 0
4584 3.430504773417577 6.716454088095106 0
4585 7.46126340419526 5.538130598279654 0
4586 9.755526482357265 9.530338674779413 0
4587 2.534864323215802 5.911921689711654 0
4588 0.7499698220113771 9.513933677227381 0
4589 9.728538058910239 0.4563221075460855 0
4590 1.210802705109038 2.567529057231328 0
4591 4.69250203885498 1.549140279972228 0
4592 7.279871621632171 0.3263503614965999 0
4593 8.371396008838023 2.891905502489343 0
4594 6.718681391949196 2.932659204356534 0
4595 8.269939053126633 6.090738479150787 0
4596 6.507581100487548 2.915085118026229 0
4597 9.755956947089796 5.667294908327754 0
4598 0.202181956586406 7.158097644297045 0
4599 8.191280846292575 7.201115983796512 0
4600 4.898777384025904 3.834483238669251 0
4601 8.753922492869618 0.3357237444168868 0
4602 9.775409243482924 1.449741345254102 0
4603 2.299718416855167 3.214076431091875 0
4604 4.543837272817055 2.201567103378442 0
4605 9.064021974653848 5.170761507296915 0
4606 9.763146178533338 9.285188672351328 0
4607 2.469300935904259 7.526514208518105 0
4608 5.311728851048385 4.325488498840774 0
4609 9.290730012021889 7.707763227442188 0
4610 8.777902318446534 2.465258826908474 0
4611 2.732114615284013 6.614897079175931 0
4612 9.709313659324842 0.9094719553009715 0
4613 8.956579342540685 9.707404296145306 0
4614 8.284555633576232 1.58020465891241 0
4615 0.5190532121278271 2.434128010441714 0
4616 2.627221328992999 5.816544065734387 0
4617 7.460687107792115 5.805299115244368 0
4618 8.747086934718675 5.135259480253957 0
4619 9.580197752065843 9.076919847362429 0
4620 9.445686003642813 8.091984183645325 0
4621 8.668090198909557 5.330823724234047 0
4622 6.491859669205385 0.3351693244712902 0
4623 1.339863081371137 8.740875190451169 0
4624 9.611613855789122 3.438850123254097 0
4625 9.106061314230665 0.3290079712046568 0
4626 7.318528322521481 5.956391326035382 0
4627 0.2507540295177513 4.554716567977649 0
4628 1.449397878102027 9.669787704991419 0
4629 9.788335690708415 3.996564743053733 0
4630 2.669651150733444 6.752168720298467 0
4631 2.456704211410539 7.009210812520294 0
4632 8.59053909476434 5.617841212155541 0
4633 0.5547778661132812 9.052763697672237 0
4634 7.366581804917826 3.39716864322236 0
4635 4.447503078056114 2.083886989241729 0
4636 2.563603506849629 7.634721458039037 0
4637 9.512786876162252 3.452503313000761 0
4638 2.613206535617477 6.851605976415198 0
4639 1.910597853727107 9.696179624831601 0
4640 2.732414519636287 5.715241479106142 0
4641 7.748703138385122 9.694434651325873 0
$EndNodes
$Elements
4769
1 15 2 0 1 1
2 15 2 0 2 2
3 15 2 0 3 3
4 15 2 0 4 4
5 1 2 0 1 1 5
6 1 2 0 1 5 6
7 1 2 0 1 6 7
8 1 2 0 1 7 8
9 1 2 0 1 8 9
10 1 2 0 1 9 10
11 1 2 0 1 10 11
12 1 2 0 1 11 12
13 1 2 0 1 12 13
14 1 2 0 1 13 14
15 1 2 0 1 14 15
16 1 2 0 1 15 16
17 1 2 0 1 16 17
18 1 2 0 1 17 18
19 1 2 0 1 18 19
20 1 2 0 1 19 20
21 1 2 0 1 20 21
22 1 2 0 1 21 22
23 1 2 0 1 22 23
24 1 2 0 1 23 24
25 1 2 0 1 24 25
26 1 2 0 1 25 26
27 1 2 0 1 26 27
28 1 2 0 1 27 28
29 1 2 0 1 28 29
30 1 2 0 1 29 30
31 1 2 0 1 30 31
32 1 2 0 1 31 32
33 1 2 0 1 32 33
34 1 2 0 1 33 34
35 1 2 0 1 34 35
36 1 2 0 1 35 36
37 1 2 0 1 36 37
38 1 2 0 1 37 38
39 1 2 0 1 38 39
40 1 2 0 1 39 40
41 1 2 0 1 40 41
42 1 2 0 1 41 42
43 1 2 0 1 42 43
44 1 2 0 1 43 44
45 1 2 0 1 44 45
46 1 2 0 1 45 46
47 1 2 0 1 46 47
48 1 2 0 1 47 48
49 1 2 0 1 48 49
50 1 2 0 1 49 50
51 1 2 0 1 50 51
52 1 2 0 1 51 52
53 1 2 0 1 52 53
54 1 2 0 1 53 2
55 1 2 0 2 2 54
56 1 2 0 2 54 55
57 1 2 0 2 55 56
58 1 2 0 2 56 57
59 1 2 0 2 57 58
60 1 2 0 2 58 59
61 1 2 0 2 59 60
62 1 2 0 2 60 61
63 1 2 0 2 61 62
64 1 2 0 2 62 63
65 1 2 0 2 63 64
66 1 2 0 2 64 65
67 1 2 0 2 65 66
68 1 2 0 2 66 67
69 1 2 0 2 67 68
70 1 2 0 2 68 69
71 1 2 0 2 69 70
72 1 2 0 2 70 71
73 1 2 0 2 71 72
74 1 2 0 2 72 73
75 1 2 0 2 73 74
76 1 2 0 2 74 75
77 1 2 0 2 75 76
78 1 2 0 2 76 77
79 1 2 0 2 77 78
80 1 2 0 2 78 79
81 1 2 0 2 79 80
82 1 2 0 2 80 81
83 1 2 0 2 81 82
84 1 2 0 2 82 83
85 1 2 0 2 83 84
86 1 2 0 2 84 85
87 1 2 0 2 85 86
88 1 2 0 2 86 87
89 1 2 0 2 87 88
90 1 2 0 2 88 89
91 1 2 0 2 89 90
92 1 2 0 2 90 91
93 1 2 0 2 91 92
94 1 2 0 2 92 93
95 1 2 0 2 93 94
96 1 2 0 2 94 95
97 1 2 0 2 95 96
98 1 2 0 2 96 97
99 1 2 0 2 97 98
100 1 2 0 2 98 99
101 1 2 0 2 99 100
102 1 2 0 2 100 101
103 1 2 0 2 101 102
104 1 2 0 2 102 103
105 1 2 0 2 103 104
106 1 2 0 2 104 105
107 1 2 0 2 105 106
108 1 2 0 2 106 107
109 1 2 0 2 107 108
110 1 2 0 2 108 109
111 1 2 0 2 109 110
112 1 2 0 2 110 111
113 1 2 0 2 111 112
114 1 2 0 2 112 113
115 1 2 0 2 113 114
116 1 2 0 2 114 115
117 1 2 0 2 115 116
118 1 2 0 2 116 117
119 1 2 0 2 117 118
120 1 2 0 2 118 119
121 1 2 0 2 119 120
122 1 2 0 2 120 121
123 1 2 0 2 121 122
124 1 2 0 2 122 123
125 1 2 0 2 123 124
126 1 2 0 2 124 125
127 1 2 0 2 125 126
128 1 2 0 2 126 127
129 1 2 0 2 127 3
130 1 2 0 3 3 128
131 1 2 0 3 128 129
132 1 2 0 3 129 130
133 1 2 0 3 130 131
134 1 2 0 3 131 132
135 1 2 0 3 132 133
136 1 2 0 3 133 134
137 1 2 0 3 134 135
138 1 2 0 3 135 136
139 1 2 0 3 136 137
140 1 2 0 3 137 138
141 1 2 0 3 138 139
142 1 2 0 3 139 140
143 1 2 0 3 140 141
144 1 2 0 3 141 142
145 1 2 0 3 142 143
146 1 2 0 3 143 144
147 1 2 0 3 144 145
148 1 2 0 3 145 146
149 1 2 0 3 146 147
150 1 2 0 3 147 148
151 1 2 0 3 148 149
152 1 2 0 3 149 150
153 1 2 0 3 150 151
154 1 2 0 3 151 152
155 1 2 0 3 152 153
156 1 2 0 3 153 154
157 1 2 0 3 154 155
158 1 2 0 3 155 156
159 1 2 0 3 156 157
160 1 2 0 3 157 158
161 1 2 0 3 158 159
162 1 2 0 3 159 160
163 1 2 0 3 160 161
164 1 2 0 3 161 162
165 1 2 0 3 162 163
166 1 2 0 3 163 164
167 1 2 0 3 164 165
168 1 2 0 3 165 166
169 1 2 0 3 166 167
170 1 2 0 3 167 168
171 1 2 0 3 168 169
172 1 2 0 3 169 170
173 1 2 0 3 170 171
174 1 2 0 3 171 172
175 1 2 0 3 172 173
176 1 2 0 3 173 174
177 1 2 0 3 174 175
178 1 2 0 3 175 176
179 1 2 0 3 176 4
180 1 2 0 4 4 177
181 1 2 0 4 177 178
182 1 2 0 4 178 179
183 1 2 0 4 179 180
184 1 2 0 4 180 181
185 1 2 0 4 181 182
186 1 2 0 4 182 183
187 1 2 0 4 183 184
188 1 2 0 4 184 185
189 1 2 0 4 185 186
190 1 2 0 4 186 187
191 1 2 0 4 187 188
192 1 2 0 4 188 189
193 1 2 0 4 189 190
194 1 2 0 4 190 191
195 1 2 0 4 191 192
196 1 2 0 4 192 193
197 1 2 0 4 193 194
198 1 2 0 4 194 195
199 1 2 0 4 195 196
200 1 2 0 4 196 197
201 1 2 0 4 197 198
202 1 2 0 4 198 199
203 1 2 0 4 199 200
204 1 2 0 4 200 201
205 1 2 0 4 201 202
206 1 2 0 4 202 203
207 1 2 0 4 203 204
208 1 2 0 4 204 205
209 1 2 0 4 205 206
210 1 2 0 4 206 207
211 1 2 0 4 207 208
212 1 2 0 4 208 209
213 1 2 0 4 209 210
214 1 2 0 4 210 211
215 1 2 0 4 211 212
216 1 2 0 4 212 213
217 1 2 0 4 213 214
218 1 2 0 4 214 215
219 1 2 0 4 215 216
220 1 2 0 4 216 217
221 1 2 0 4 217 218
222 1 2 0 4 218 219
223 1 2 0 4 219 220
224 1 2 0 4 220 221
225 1 2 0 4 221 222
226 1 2 0 4 222 223
227 1 2 0 4 223 224
228 1 2 0 4 224 225
229 1 2 0 4 225 226
230 1 2 0 4 226 227
231 1 2 0 4 227 228
232 1 2 0 4 228 229
233 1 2 0 4 229 230
234 1 2 0 4 230 231
235 1 2 0 4 231 232
236 1 2 0 4 232 233
237 1 2 0 4 233 234
238 1 2 0 4 234 235
239 1 2 0 4 235 236
240 1 2 0 4 236 237
241 1 2 0 4 237 238
242 1 2 0 4 238 239
243 1 2 0 4 239 240
244 1 2 0 4 240 241
245 1 2 0 4 241 242
246 1 2 0 4 242 243
247 1 2 0 4 243 244
248 1 2 0 4 244 245
249 1 2 0 4 245 246
250 1 2 0 4 246 247
251 1 2 0 4 247 248
252 1 2 0 4 248 249
253 1 2 0 4 249 250
254 1 2 0 4 250 1
255 3 2 0 6 4555 3393 2620 4131
256 3 2 0 6 3505 2649 3504 1008
257 3 2 0 6 1547 2789 2791 1665
258 3 2 0 6 4621 1699 2733 2678
259 3 2 0 6 259 3002 3000 4062
260 3 2 0 6 2789 1547 3077 2790
261 3 2 0 6 4542 2647 2936 2103
262 3 2 0 6 2905 2677 2906 281
263 3 2 0 6 2713 4294 1008 3504
264 3 2 0 6 4538 3829 3396 2623
265 3 2 0 6 2076 2849 2495 2850
266 3 2 0 6 278 4357 3022 2893
267 3 2 0 6 2646 2254 4548 3419
268 3 2 0 6 4369 310 4183 4504
269 3 2 0 6 2738 3716 2136 2372
270 3 2 0 6 2758 2245 2075 2759
271 3 2 0 6 4585 3444 2534 3953
272 3 2 0 6 4631 3307 388 390
273 3 2 0 6 2710 274 2897 2681
274 3 2 0 6 2850 534 2919 2679
275 3 2 0 6 3863 1512 3943 2637
276 3 2 0 6 2663 3394 4555 2046
277 3 2 0 6 2685 2221 4617 3475
278 3 2 0 6 939 4072 2602 4075
279 3 2 0 6 4632 2734 3911 2496
280 3 2 0 6 4384 2516 4349 2684
281 3 2 0 6 3118 3553 4379 2753
282 3 2 0 6 4094 2702 2701 4095
283 3 2 0 6 1397 4156 2736 4182
284 3 2 0 6 3038 2711 4437 322
285 3 2 0 6 140 2799 328 139
286 3 2 0 6 2443 2186 2184 2899
287 3 2 0 6 4427 312 2894 2895
288 3 2 0 6 4622 2123 2695 3338
289 3 2 0 6 4243 2708 4240 3192
290 3 2 0 6 2936 1226 3032 2690
291 3 2 0 6 4076 4074 3398 3399
292 3 2 0 6 2840 2700 2841 346
293 3 2 0 6 4314 3009 3010 324
294 3 2 0 6 1463 3735 2245 2760
295 3 2 0 6 2899 2184 2182 2898
296 3 2 0 6 2889 270 4355 2891
297 3 2 0 6 255 3246 4322 3683
298 3 2 0 6 1264 4277 2900 1262
299 3 2 0 6 2714 823 773 2772
300 3 2 0 6 4598 306 4145 2699
301 3 2 0 6 3847 4258 3455 3885
302 3 2 0 6 3805 2611 3961 4433
303 3 2 0 6 4251 2163 4284 2653
304 3 2 0 6 2854 2855 3213 1394
305 3 2 0 6 3040 2732 3039 2942
306 3 2 0 6 2784 256 4303 2872
307 3 2 0 6 2623 3396 2680 3963
308 3 2 0 6 288 4106 2757 4219
309 3 2 0 6 611 592 3044 4366
310 3 2 0 6 2613 4028 282 3750
311 3 2 0 6 1285 1260 1262 2900
312 3 2 0 6 3351 4008 1854 4150
313 3 2 0 6 2804 1619 2811 2805
314 3 2 0 6 3500 2522 3789 3281
315 3 2 0 6 2722 2096 2788 2727
316 3 2 0 6 2939 852 2883 2885
317 3 2 0 6 153 3001 258 152
318 3 2 0 6 3769 337 4394 2639
319 3 2 0 6 45 46 318 2905
320 3 2 0 6 1656 1863 2946 4233
321 3 2 0 6 3613 3239 3238 1448
322 3 2 0 6 1863 2301 4386 2946
323 3 2 0 6 1619 2804 2809 2973
324 3 2 0 6 2180 2396 2898 2182
325 3 2 0 6 933 4223 3168 4217
326 3 2 0 6 262 3706 4554 2719
327 3 2 0 6 3449 4250 3098 1868
328 3 2 0 6 2890 3727 3179 3024
329 3 2 0 6 4228 3220 4252 528
330 3 2 0 6 4075 3398 4074 939
331 3 2 0 6 3484 2730 2732 3040
332 3 2 0 6 326 4226 2728 4231
333 3 2 0 6 3239 4169 1492 4200
334 3 2 0 6 3047 3365 468 3774
335 3 2 0 6 3377 4637 2262 2290
336 3 2 0 6 2876 2875 4510 2401
337 3 2 0 6 2846 3338 2695 4418
338 3 2 0 6 303 2827 2828 4260
339 3 2 0 6 2512 2513 4280 4259
340 3 2 0 6 2587 4171 660 4230
341 3 2 0 6 4332 2197 2196 4324
342 3 2 0 6 3920 4236 3009 4314
343 3 2 0 6 852 2939 721 719
344 3 2 0 6 2699 2738 2372 4598
345 3 2 0 6 4070 4065 3132 3131
346 3 2 0 6 3354 1836 3413 3352
347 3 2 0 6 4595 2070 4155 4445
348 3 2 0 6 3164 4109 529 3952
349 3 2 0 6 3749 3184 4523 299
350 3 2 0 6 3107 3788 2759 2761
351 3 2 0 6 2698 4329 329 3113
352 3 2 0 6 1230 3263 3262 3621
353 3 2 0 6 4027 4290 2649 3505
354 3 2 0 6 4324 2196 3360 4316
355 3 2 0 6 1448 3238 2783 3605
356 3 2 0 6 4496 2617 4609 3382
357 3 2 0 6 1715 2164 2941 3656
358 3 2 0 6 320 3969 2575 4383
359 3 2 0 6 3377 2290 3577 2744
360 3 2 0 6 1278 4575 3369 3368
361 3 2 0 6 2321 3174 2748 2320
362 3 2 0 6 3073 2955 4576 4061
363 3 2 0 6 3095 1858 3035 2933
364 3 2 0 6 2206 2496 2522 3500
365 3 2 0 6 2850 2495 4292 2851
366 3 2 0 6 861 4026 2716 4004
367 3 2 0 6 2774 336 4276 2938
368 3 2 0 6 2080 1869 1868 3098
369 3 2 0 6 2915 316 3918 3120
370 3 2 0 6 578 4445 2709 4190
371 3 2 0 6 2740 2737 4386 2301
372 3 2 0 6 2342 4224 3072 4517
373 3 2 0 6 2301 2677 2905 2740
374 3 2 0 6 47 48 289 2815
375 3 2 0 6 4072 3490 4581 2602
376 3 2 0 6 51 52 346 2841
377 3 2 0 6 3656 2950 2375 1715
378 3 2 0 6 3399 4485 1453 4472
379 3 2 0 6 3172 2749 3173 1922
380 3 2 0 6 3440 3441 3442 2476
381 3 2 0 6 1707 2928 1659 1582
382 3 2 0 6 4095 2701 4590 2280
383 3 2 0 6 337 112 113 3101
384 3 2 0 6 2973 2809 3964 1293
385 3 2 0 6 2859 2862 4520 285
386 3 2 0 6 3570 1188 4349 2720
387 3 2 0 6 2933 3036 4458 2932
388 3 2 0 6 2747 2592 4272 4239
389 3 2 0 6 2932 2931 3095 2933
390 3 2 0 6 884 3962 3289 3919
391 3 2 0 6 3599 4476 2574 4442
392 3 2 0 6 4481 3286 4474 2591
393 3 2 0 6 1913 3568 4626 3970
394 3 2 0 6 4252 3283 4285 528
395 3 2 0 6 2960 2959 2062 2063
396 3 2 0 6 2950 3649 2767 2375
397 3 2 0 6 2549 4140 2379 4124
398 3 2 0 6 3995 3132 4065 646
399 3 2 0 6 2368 4069 3379 4098
400 3 2 0 6 3680 4311 4373 935
401 3 2 0 6 3621 3262 3476 1581
402 3 2 0 6 298 211 212 3482
403 3 2 0 6 2149 4257 2696 3025
404 3 2 0 6 3709 2865 4583 275
405 3 2 0 6 4062 3000 4293 3425
406 3 2 0 6 142 2897 274 141
407 3 2 0 6 3615 2836 2964 2965
408 3 2 0 6 1631 4049 1635 1632
409 3 2 0 6 543 2919 534 533
410 3 2 0 6 863 4096 3140 3141
411 3 2 0 6 2368 1904 1913 4024
412 3 2 0 6 4594 2635 4596 2972
413 3 2 0 6 4341 3347 4278 2045
414 3 2 0 6 2752 295 4220 2754
415 3 2 0 6 1782 4513 2683 4497
416 3 2 0 6 14 15 324 3010
417 3 2 0 6 3659 329 4329 2724
418 3 2 0 6 3007 279 3008 2766
419 3 2 0 6 4502 3151 4551 2471
420 3 2 0 6 2640 4247 848 4413
421 3 2 0 6 444 4070 3131 4414
422 3 2 0 6 3365 2755 3665 468
423 3 2 0 6 852 3213 2855 2883
424 3 2 0 6 4388 2609 2985 4308
425 3 2 0 6 3017 2378 3104 4107
426 3 2 0 6 2777 2792 4313 335
427 3 2 0 6 3210 3206 3208 3209
428 3 2 0 6 4529 2715 4560 2702
429 3 2 0 6 1188 3570 2440 3992
430 3 2 0 6 2927 2928 1707 2929
431 3 2 0 6 3097 2400 2401 4510
432 3 2 0 6 3774 1469 3921 3047
433 3 2 0 6 4259 3326 4501 2512
434 3 2 0 6 1459 3076 1688 1461
435 3 2 0 6 1660 3988 2721 4340
436 3 2 0 6 3235 2767 3649 1930
437 3 2 0 6 585 4409 2606 4164
438 3 2 0 6 3441 3995 646 4136
439 3 2 0 6 3934 2751 4597 332
440 3 2 0 6 4211 2896 4420 307
441 3 2 0 6 3421 4486 2652 4480
442 3 2 0 6 3222 3577 2290 3715
443 3 2 0 6 3605 2783 2908 759
444 3 2 0 6 1781 3935 3160 3900
445 3 2 0 6 2071 3463 2567 4216
446 3 2 0 6 4455 3204 3206 3210
447 3 2 0 6 4204 2428 2427 4208
448 3 2 0 6 3425 4293 4436 294
449 3 2 0 6 4083 2573 4130 3049
450 3 2 0 6 4347 272 4505 3767
451 3 2 0 6 3964 2338 4135 3020
452 3 2 0 6 4182 3220 4228 1397
453 3 2 0 6 2907 3043 281 2906
454 3 2 0 6 2671 2740 2905 318
455 3 2 0 6 3970 3403 4024 1913
456 3 2 0 6 4349 1187 4500 2684
457 3 2 0 6 4049 1631 4615 2779
458 3 2 0 6 3893 2472 4031 3237
459 3 2 0 6 4032 3073 4061 2415
460 3 2 0 6 4318 4337 2832 2607
461 3 2 0 6 3139 4280 2513 4431
462 3 2 0 6 4434 1960 4453 2904
463 3 2 0 6 3449 1738 3472 2785
464 3 2 0 6 2759 2075 4063 2761
465 3 2 0 6 2691 4471 1982 4465
466 3 2 0 6 4189 3050 4430 254
467 3 2 0 6 347 344 176 4491
468 3 2 0 6 1059 3173 1294 1061
469 3 2 0 6 3020 3019 1293 3964
470 3 2 0 6 4557 995 4603 2707
471 3 2 0 6 1891 3690 2727 2788
472 3 2 0 6 3984 2354 4161 3119
473 3 2 0 6 4020 1607 4003 2743
474 3 2 0 6 4240 2708 4545 2201
475 3 2 0 6 4239 980 4508 2747
476 3 2 0 6 3039 2735 4567 297
477 3 2 0 6 4109 2736 4156 529
478 3 2 0 6 2825 2827 4118 2407
479 3 2 0 6 2788 3331 3333 1891
480 3 2 0 6 1738 3449 1868 1603
481 3 2 0 6 4150 1854 4278 3347
482 3 2 0 6 4406 3004 3949 3768
483 3 2 0 6 4176 2810 4456 308
484 3 2 0 6 4268 3080 4261 3657
485 3 2 0 6 4290 1762 4285 3283
486 3 2 0 6 3188 3187 1126 4089
487 3 2 0 6 2841 4066 4184 319
488 3 2 0 6 4113 282 4028 2739
489 3 2 0 6 2844 3630 4586 2843
490 3 2 0 6 3290 1916 3367 2768
491 3 2 0 6 2219 2844 3492 3493
492 3 2 0 6 3574 3314 3716 2429
493 3 2 0 6 2492 3815 759 2908
494 3 2 0 6 4533 2839 2840 346
495 3 2 0 6 1048 1050 1122 2964
496 3 2 0 6 3573 3334 3332 4009
497 3 2 0 6 526 3505 1008 535
498 3 2 0 6 3215 4105 2084 4103
499 3 2 0 6 3265 4091 1581 3476
500 3 2 0 6 3073 4032 287 2969
501 3 2 0 6 2631 2897 327 4572
502 3 2 0 6 298 4364 2874 4363
503 3 2 0 6 538 4444 2764 4242
504 3 2 0 6 3024 3023 4552 3790
505 3 2 0 6 2857 2868 3084 1304
506 3 2 0 6 3087 3090 1894 3526
507 3 2 0 6 4127 3105 458 3067
508 3 2 0 6 3099 2352 4301 276
509 3 2 0 6 3290 3895 3919 3289
510 3 2 0 6 4024 3404 4069 2368
511 3 2 0 6 360 3104 1189 358
512 3 2 0 6 2729 251 4174 2731
513 3 2 0 6 2767 3235 3234 3464
514 3 2 0 6 4271 3386 4561 2540
515 3 2 0 6 323 3007 2766 2955
516 3 2 0 6 3685 3686 4432 3203
517 3 2 0 6 2176 2949 2911 3408
518 3 2 0 6 2341 2772 775 4039
519 3 2 0 6 3651 2470 4163 2329
520 3 2 0 6 3030 1928 3623 3012
521 3 2 0 6 3885 3455 3967 2504
522 3 2 0 6 3018 3887 3016 3838
523 3 2 0 6 4621 2175 4618 2762
524 3 2 0 6 2934 3496 3724 2395
525 3 2 0 6 2724 2725 4043 3659
526 3 2 0 6 2274 3046 3047 3921
527 3 2 0 6 4341 2045 4402 3344
528 3 2 0 6 3860 2597 2596 3981
529 3 2 0 6 4604 3826 4559 2746
530 3 2 0 6 3043 2907 4226 326
531 3 2 0 6 2812 258 3001 2989
532 3 2 0 6 1048 2964 2836 2397
533 3 2 0 6 2836 2835 3037 2397
534 3 2 0 6 1601 3741 2768 3367
535 3 2 0 6 1661 1886 2293 3208
536 3 2 0 6 1435 3077 1547 1437
537 3 2 0 6 3057 3433 3381 3064
538 3 2 0 6 2768 2270 3895 3290
539 3 2 0 6 2062 4088 2329 2060
540 3 2 0 6 2365 3558 883 3102
541 3 2 0 6 3352 3413 4008 3351
542 3 2 0 6 1923 3333 3331 3332
543 3 2 0 6 2551 2093 2812 2989
544 3 2 0 6 4562 2651 4571 3549
545 3 2 0 6 447 3442 418 416
546 3 2 0 6 4131 2047 2046 4555
547 3 2 0 6 3445 3446 3726 1753
548 3 2 0 6 3251 4212 1359 4207
549 3 2 0 6 1609 3976 4619 2951
550 3 2 0 6 784 4459 3428 4478
551 3 2 0 6 3489 1524 4119 3137
552 3 2 0 6 3060 3251 1449 4202
553 3 2 0 6 1299 4020 2743 4295
554 3 2 0 6 3066 1614 3242 3065
555 3 2 0 6 3468 3472 1738 3658
556 3 2 0 6 2818 4115 4171 2587
557 3 2 0 6 318 2815 4601 2671
558 3 2 0 6 3900 3164 3952 1781
559 3 2 0 6 3031 3626 1928 3030
560 3 2 0 6 1833 3595 2063 1835
561 3 2 0 6 1312 3574 2429 3753
562 3 2 0 6 3084 4081 3741 1601
563 3 2 0 6 3724 1635 4049 2775
564 3 2 0 6 3158 4050 587 3881
565 3 2 0 6 4569 3958 294 4436
566 3 2 0 6 2882 3445 1753 3795
567 3 2 0 6 2464 4246 3143 4439
568 3 2 0 6 3301 3300 464 3477
569 3 2 0 6 1189 3104 2378 3103
570 3 2 0 6 3105 4127 1961 3791
571 3 2 0 6 3354 3595 1833 1836
572 3 2 0 6 4039 3535 2195 2341
573 3 2 0 6 3170 3998 2749 3172
574 3 2 0 6 3305 4273 3307 3304
575 3 2 0 6 3103 2881 3902 1189
576 3 2 0 6 2395 3691 3015 2934
577 3 2 0 6 2975 1669 2976 2878
578 3 2 0 6 4033 2817 2816 4058
579 3 2 0 6 3887 861 4004 3016
580 3 2 0 6 2134 2857 3335 2870
581 3 2 0 6 3044 575 595 4536
582 3 2 0 6 3746 2916 2915 4588
583 3 2 0 6 2794 2140 4233 4142
584 3 2 0 6 1304 3084 1601 1305
585 3 2 0 6 3275 4180 941 4151
586 3 2 0 6 2409 3128 2921 2408
587 3 2 0 6 3945 3974 2476 2475
588 3 2 0 6 4631 1414 4638 2741
589 3 2 0 6 1661 3208 3206 1826
590 3 2 0 6 2067 3724 2775 2203
591 3 2 0 6 3076 2763 4181 1688
592 3 2 0 6 2729 2079 2563 2879
593 3 2 0 6 4532 366 4512 2986
594 3 2 0 6 2910 2882 3795 751
595 3 2 0 6 3071 2956 4468 2636
596 3 2 0 6 3801 1131 4088 2963
597 3 2 0 6 3983 4013 2331 2332
598 3 2 0 6 2504 3967 4064 2503
599 3 2 0 6 3271 1931 3626 3031
600 3 2 0 6 2133 2624 2766 3008
601 3 2 0 6 4089 2501 4147 3188
602 3 2 0 6 718 3666 1744 716
603 3 2 0 6 4208 2427 4243 3192
604 3 2 0 6 548 3160 3935 542
605 3 2 0 6 2570 3980 4412 3361
606 3 2 0 6 4563 2938 4276 269
607 3 2 0 6 3452 1009 3676 2852
608 3 2 0 6 1609 2951 1616 1499
609 3 2 0 6 2858 2703 4506 4454
610 3 2 0 6 373 690 3869 4291
611 3 2 0 6 4511 688 3074 3963
612 3 2 0 6 4468 3485 4509 1569
613 3 2 0 6 2622 3074 704 3616
614 3 2 0 6 2183 2185 3491 2450
615 3 2 0 6 3198 3853 2109 3933
616 3 2 0 6 772 823 2773 2820
617 3 2 0 6 1217 3032 1226 1218
618 3 2 0 6 2559 4335 292 4249
619 3 2 0 6 2221 2674 2676 4617
620 3 2 0 6 473 467 468 3665
621 3 2 0 6 3364 3551 2609 2220
622 3 2 0 6 2510 3096 1823 3985
623 3 2 0 6 4506 2703 4572 327
624 3 2 0 6 1182 2921 3128 1555
625 3 2 0 6 3470 3471 3927 2786
626 3 2 0 6 3157 1011 554 3162
627 3 2 0 6 3081 2152 3278 3082
628 3 2 0 6 4149 4165 4192 2888
629 3 2 0 6 2937 2938 4563 2673
630 3 2 0 6 753 2911 751 750
631 3 2 0 6 2401 3094 4134 2876
632 3 2 0 6 1454 3665 2755 3362
633 3 2 0 6 3601 3032 1217 2722
634 3 2 0 6 3177 4125 1087 4087
635 3 2 0 6 3534 3543 2191 2750
636 3 2 0 6 3439 3438 3871 3133
637 3 2 0 6 321 4113 2739 4238
638 3 2 0 6 3260 4360 2428 4204
639 3 2 0 6 3338 2846 4153 265
640 3 2 0 6 4311 3680 4541 2311
641 3 2 0 6 4606 3861 4100 2686
642 3 2 0 6 1216 3266 1749 1214
643 3 2 0 6 2564 2875 2874 4364
644 3 2 0 6 2876 2873 2874 2875
645 3 2 0 6 3032 3601 2101 2690
646 3 2 0 6 1657 3614 1608 1412
647 3 2 0 6 1669 2975 2407 1993
648 3 2 0 6 2385 4185 1846 3920
649 3 2 0 6 3666 3453 3837 1744
650 3 2 0 6 717 715 1394 3213
651 3 2 0 6 3212 263 4389 2771
652 3 2 0 6 722 3676 1009 720
653 3 2 0 6 2300 2302 2907 2906
654 3 2 0 6 2598 4187 1608 3614
655 3 2 0 6 3881 587 4115 2818
656 3 2 0 6 2722 2058 2059 3601
657 3 2 0 6 3063 3062 3576 4188
658 3 2 0 6 1392 2787 2189 3543
659 3 2 0 6 1922 3412 3171 3172
660 3 2 0 6 4492 5 6 343
661 3 2 0 6 4493 128 129 345
662 3 2 0 6 2924 3227 1627 3461
663 3 2 0 6 2442 4090 2833 4099
664 3 2 0 6 4013 3135 4048 2331
665 3 2 0 6 1569 2726 2636 4468
666 3 2 0 6 989 971 3850 2979
667 3 2 0 6 2955 3073 2969 323
668 3 2 0 6 3933 2109 3959 3196
669 3 2 0 6 4088 2062 2959 2963
670 3 2 0 6 3758 3222 3715 2090
671 3 2 0 6 2492 2920 3190 1947
672 3 2 0 6 3099 276 4158 3042
673 3 2 0 6 4317 2780 4419 286
674 3 2 0 6 151 2988 3478 150
675 3 2 0 6 3799 2834 4530 341
676 3 2 0 6 2329 4088 1131 3651
677 3 2 0 6 52 53 4533 346
678 3 2 0 6 927 3037 922 703
679 3 2 0 6 3435 1312 3753 2892
680 3 2 0 6 1294 3173 2749 2748
681 3 2 0 6 1539 2952 2632 3951
682 3 2 0 6 2152 3081 3272 3510
683 3 2 0 6 3156 3154 1644 3163
684 3 2 0 6 2756 3363 477 1454
685 3 2 0 6 2673 2039 3013 2937
686 3 2 0 6 4103 2084 4098 3379
687 3 2 0 6 543 2761 4063 2919
688 3 2 0 6 2625 4314 324 4443
689 3 2 0 6 4149 3547 2870 4165
690 3 2 0 6 2793 267 4313 2792
691 3 2 0 6 4058 2816 4089 1126
692 3 2 0 6 3955 2493 3924 2880
693 3 2 0 6 1190 4489 2902 4435
694 3 2 0 6 3640 3029 4090 2442
695 3 2 0 6 3147 1006 956 3146
696 3 2 0 6 2663 2664 4587 4570
697 3 2 0 6 2763 2379 4140 4181
698 3 2 0 6 774 4199 3376 4283
699 3 2 0 6 354 3361 4456 2064
700 3 2 0 6 1366 2976 1669 1464
701 3 2 0 6 3225 3758 2090 3870
702 3 2 0 6 3161 2981 4109 3164
703 3 2 0 6 3179 3727 2877 1610
704 3 2 0 6 470 4085 3065 3242
705 3 2 0 6 2404 3945 2475 4172
706 3 2 0 6 2944 2945 3747 3873
707 3 2 0 6 1264 1278 3291 4277
708 3 2 0 6 4538 2742 4519 1624
709 3 2 0 6 2932 2929 1707 2931
710 3 2 0 6 2205 2864 2865 2204
711 3 2 0 6 693 4052 3334 3986
712 3 2 0 6 2597 2426 2425 2596
713 3 2 0 6 3318 3322 3913 3301
714 3 2 0 6 3319 4047 658 4051
715 3 2 0 6 2866 2943 4466 333
716 3 2 0 6 3086 3085 1990 3184
717 3 2 0 6 3310 2953 3602 1286
718 3 2 0 6 3094 1555 3128 4134
719 3 2 0 6 2463 3178 581 3645
720 3 2 0 6 3011 3530 1298 2224
721 3 2 0 6 3331 2788 2096 3330
722 3 2 0 6 1277 3025 2696 4608
723 3 2 0 6 4107 713 4623 3017
724 3 2 0 6 3049 1542 1181 3048
725 3 2 0 6 2734 4632 2678 2733
726 3 2 0 6 940 922 3037 3571
727 3 2 0 6 4398 1704 3489 4275
728 3 2 0 6 1213 3330 2096 1215
729 3 2 0 6 4544 3390 3863 4526
730 3 2 0 6 2912 315 7 8
731 3 2 0 6 2914 173 174 316
732 3 2 0 6 2841 319 50 51
733 3 2 0 6 1081 4318 2607 4376
734 3 2 0 6 3201 2399 3199 3200
735 3 2 0 6 3022 3021 2248 2893
736 3 2 0 6 1749 3264 3254 3358
737 3 2 0 6 1060 1062 1891 3333
738 3 2 0 6 3675 3248 3149 3876
739 3 2 0 6 4090 2549 4124 2833
740 3 2 0 6 2216 1896 1659 2926
741 3 2 0 6 2926 2927 4420 2896
742 3 2 0 6 2407 2975 2414 2825
743 3 2 0 6 954 3149 3248 952
744 3 2 0 6 2748 3174 3483 1294
745 3 2 0 6 2117 2922 3667 2871
746 3 2 0 6 4540 3390 4544 2646
747 3 2 0 6 4217 3152 4591 933
748 3 2 0 6 3804 1961 4127 3068
749 3 2 0 6 3806 2930 4458 3785
750 3 2 0 6 3424 3355 3878 257
751 3 2 0 6 1707 3108 3095 2931
752 3 2 0 6 1011 3159 3900 3160
753 3 2 0 6 3096 4175 4251 2653
754 3 2 0 6 3687 3684 4380 2519
755 3 2 0 6 3166 3165 2382 4159
756 3 2 0 6 3890 3278 2152 1098
757 3 2 0 6 3071 3521 1371 1935
758 3 2 0 6 2982 2983 3551 1719
759 3 2 0 6 2598 3614 2424 2426
760 3 2 0 6 1192 3537 2877 3773
761 3 2 0 6 3121 2153 3244 2974
762 3 2 0 6 1014 3435 2892 3891
763 3 2 0 6 2004 4010 2822 4057
764 3 2 0 6 2450 3028 3387 3597
765 3 2 0 6 2153 3121 2940 2279
766 3 2 0 6 2926 2896 2895 2216
767 3 2 0 6 291 3348 25 26
768 3 2 0 6 4566 348 4315 313
769 3 2 0 6 4487 2618 2620 4499
770 3 2 0 6 2895 2894 2215 2216
771 3 2 0 6 1493 1184 1555 3094
772 3 2 0 6 3124 3704 4440 3123
773 3 2 0 6 494 4270 2837 4365
774 3 2 0 6 1596 2052 3024 3179
775 3 2 0 6 4565 3083 2346 2891
776 3 2 0 6 979 3117 949 948
777 3 2 0 6 2325 1779 1780 3003
778 3 2 0 6 2664 2668 4616 4587
779 3 2 0 6 2570 3361 354 352
780 3 2 0 6 99 4260 2828 4189
781 3 2 0 6 4296 1441 2848 4265
782 3 2 0 6 3574 1208 3313 3314
783 3 2 0 6 978 3231 1406 1054
784 3 2 0 6 3558 4044 2903 3975
785 3 2 0 6 343 6 7 2845
786 3 2 0 6 2426 2424 2423 2425
787 3 2 0 6 1085 4300 2666 4309
788 3 2 0 6 2218 2044 2590 2589
789 3 2 0 6 3256 3257 3546 625
790 3 2 0 6 2820 2773 4331 2823
791 3 2 0 6 4612 309 4179 2863
792 3 2 0 6 1796 3955 2880 4138
793 3 2 0 6 2482 3198 1147 3572
794 3 2 0 6 3299 3915 657 3898
795 3 2 0 6 316 2915 2916 2914
796 3 2 0 6 1283 1247 1245 3429
797 3 2 0 6 273 4231 2728 4592
798 3 2 0 6 2818 2819 3880 3881
799 3 2 0 6 3714 2634 2633 4543
800 3 2 0 6 2846 2559 4249 4153
801 3 2 0 6 2959 2960 2962 2387
802 3 2 0 6 584 2712 2098 3075
803 3 2 0 6 3256 625 605 3255
804 3 2 0 6 898 3892 3464 897
805 3 2 0 6 3578 2853 3976 1609
806 3 2 0 6 3021 3022 4552 3023
807 3 2 0 6 2514 3033 1737 2024
808 3 2 0 6 1049 3092 3938 1051
809 3 2 0 6 2447 3045 1267 3417
810 3 2 0 6 2966 3434 1848 2367
811 3 2 0 6 1573 3241 3240 1746
812 3 2 0 6 1817 2097 3169 3277
813 3 2 0 6 1286 3602 2447 3417
814 3 2 0 6 3108 1707 1582 1390
815 3 2 0 6 3676 3777 3975 2903
816 3 2 0 6 674 3923 2958 3990
817 3 2 0 6 849 2820 2823 2821
818 3 2 0 6 4554 3183 2263 4624
819 3 2 0 6 989 2979 2744 3577
820 3 2 0 6 4586 311 4327 2843
821 3 2 0 6 3269 3653 1931 3271
822 3 2 0 6 3451 2980 3163 1644
823 3 2 0 6 2977 3078 1675 2036
824 3 2 0 6 4284 2163 4351 2913
825 3 2 0 6 3460 3458 1693 3552
826 3 2 0 6 3375 3376 4199 4167
827 3 2 0 6 4481 2591 2618 4487
828 3 2 0 6 2877 3537 1457 1610
829 3 2 0 6 644 3088 643 629
830 3 2 0 6 3025 1277 1269 3045
831 3 2 0 6 1205 3897 2853 3578
832 3 2 0 6 3472 3468 3469 3470
833 3 2 0 6 1035 1024 1124 2968
834 3 2 0 6 4475 2829 4381 261
835 3 2 0 6 229 2909 4389 228
836 3 2 0 6 3227 3629 3175 1627
837 3 2 0 6 3031 3494 3270 3271
838 3 2 0 6 3003 3004 4406 2325
839 3 2 0 6 3551 3364 1318 1719
840 3 2 0 6 2562 4507 3070 4511
841 3 2 0 6 4639 4531 2643 2644
842 3 2 0 6 2714 2197 4332 4405
843 3 2 0 6 736 4201 2817 4033
844 3 2 0 6 3412 893 966 3171
845 3 2 0 6 2609 3551 2983 2985
846 3 2 0 6 456 455 458 3105
847 3 2 0 6 3464 3234 891 897
848 3 2 0 6 3029 3126 1090 1720
849 3 2 0 6 2771 2398 2399 3212
850 3 2 0 6 288 172 173 2914
851 3 2 0 6 319 2917 49 50
852 3 2 0 6 3090 3087 643 3088
853 3 2 0 6 2653 1867 1823 3096
854 3 2 0 6 3470 2786 2785 3472
855 3 2 0 6 2796 2797 4370 4274
856 3 2 0 6 3887 3018 938 864
857 3 2 0 6 2969 287 9 10
858 3 2 0 6 2917 289 48 49
859 3 2 0 6 3969 132 133 290
860 3 2 0 6 1942 3589 3194 3752
861 3 2 0 6 2167 3236 813 802
862 3 2 0 6 2917 319 4184 4625
863 3 2 0 6 954 1006 3148 3149
864 3 2 0 6 1709 2135 2937 3013
865 3 2 0 6 1379 3207 3627 3267
866 3 2 0 6 1194 3244 2153 1585
867 3 2 0 6 2881 3103 2126 2128
868 3 2 0 6 3855 2958 3923 2222
869 3 2 0 6 3539 4044 3558 2365
870 3 2 0 6 3117 3115 968 949
871 3 2 0 6 24 25 3348 3345
872 3 2 0 6 357 1619 2973 359
873 3 2 0 6 1292 3127 616 634
874 3 2 0 6 460 1614 3066 3067
875 3 2 0 6 4306 3369 4575 1268
876 3 2 0 6 1123 1002 984 988
877 3 2 0 6 1857 3312 2741 2099
878 3 2 0 6 3148 4334 3540 4245
879 3 2 0 6 1095 3272 1110 1105
880 3 2 0 6 1737 3033 3035 1858
881 3 2 0 6 3276 1815 1817 3277
882 3 2 0 6 3064 3381 474 3431
883 3 2 0 6 1579 3437 3440 3448
884 3 2 0 6 2668 2854 4640 4616
885 3 2 0 6 2176 3408 3815 2492
886 3 2 0 6 1212 3358 3252 1121
887 3 2 0 6 3041 2082 1885 1997
888 3 2 0 6 3005 169 170 317
889 3 2 0 6 3007 323 11 12
890 3 2 0 6 2815 318 46 47
891 3 2 0 6 2970 134 135 321
892 3 2 0 6 910 3469 906 907
893 3 2 0 6 1858 1605 1606 1737
894 3 2 0 6 1858 3095 1475 1605
895 3 2 0 6 3813 3604 2274 3921
896 3 2 0 6 4096 2566 4275 3140
897 3 2 0 6 3844 2944 3873 1040
898 3 2 0 6 1920 3388 3014 2410
899 3 2 0 6 1918 3180 3050 2826
900 3 2 0 6 1411 1508 2968 1124
901 3 2 0 6 2794 2141 1655 2140
902 3 2 0 6 2129 2125 2378 3017
903 3 2 0 6 3103 2378 2125 2126
904 3 2 0 6 2968 2119 2118 1035
905 3 2 0 6 3538 1498 1590 3176
906 3 2 0 6 3577 3222 3221 989
907 3 2 0 6 2325 2135 1709 1779
908 3 2 0 6 3438 3474 1570 3871
909 3 2 0 6 361 1293 3019 363
910 3 2 0 6 1293 361 359 2973
911 3 2 0 6 3116 3117 979 3514
912 3 2 0 6 3236 2167 3893 3237
913 3 2 0 6 970 3145 3144 3146
914 3 2 0 6 2940 3121 2169 2235
915 3 2 0 6 287 2912 8 9
916 3 2 0 6 2248 3021 2052 1899
917 3 2 0 6 4578 4608 2696 2650
918 3 2 0 6 3348 291 3350 3349
919 3 2 0 6 2976 1366 1155 3515
920 3 2 0 6 1945 1616 2951 2044
921 3 2 0 6 2129 1875 1876 2125
922 3 2 0 6 1709 3013 1636 1637
923 3 2 0 6 2672 2068 2069 2272
924 3 2 0 6 3724 3496 1634 1635
925 3 2 0 6 2446 3240 3241 2819
926 3 2 0 6 4270 1369 4292 2837
927 3 2 0 6 1638 2039 2673 2040
928 3 2 0 6 4142 2326 4441 2794
929 3 2 0 6 1998 2348 3041 1997
930 3 2 0 6 1267 1265 1286 3417
931 3 2 0 6 3085 3497 1794 1990
932 3 2 0 6 2865 3709 2202 2204
933 3 2 0 6 938 3018 3643 988
934 3 2 0 6 1147 3198 3933 3197
935 3 2 0 6 1117 1114 1112 3079
936 3 2 0 6 2476 3974 3448 3440
937 3 2 0 6 3038 167 168 280
938 3 2 0 6 3010 279 13 14
939 3 2 0 6 2129 2984 2985 2983
940 3 2 0 6 1954 3106 3324 2381
941 3 2 0 6 644 3089 3090 3088
942 3 2 0 6 2654 4580 4556 2655
943 3 2 0 6 2159 3366 1756 3026
944 3 2 0 6 2905 281 44 45
945 3 2 0 6 3209 4162 4524 3211
946 3 2 0 6 1618 1232 3760 3302
947 3 2 0 6 638 637 659 3185
948 3 2 0 6 509 507 3516 3217
949 3 2 0 6 1524 1132 2261 4119
950 3 2 0 6 3844 2286 2448 2944
951 3 2 0 6 1129 1123 1476 1475
952 3 2 0 6 942 3409 2117 1127
953 3 2 0 6 3494 832 834 3270
954 3 2 0 6 489 3516 507 497
955 3 2 0 6 1756 3366 1403 1550
956 3 2 0 6 2640 3371 3580 2226
957 3 2 0 6 4598 2372 3111 3112
958 3 2 0 6 1039 3678 3429 1245
959 3 2 0 6 2460 2157 2155 3125
960 3 2 0 6 1332 3679 2530 4021
961 3 2 0 6 2229 2954 3324 3106
962 3 2 0 6 3194 3193 835 843
963 3 2 0 6 3316 2171 1685 3315
964 3 2 0 6 3810 2800 4391 340
965 3 2 0 6 980 365 363 3019
966 3 2 0 6 643 3087 684 666
967 3 2 0 6 4233 2140 1655 1656
968 3 2 0 6 3891 3249 1001 1014
969 3 2 0 6 1894 3090 3089 3091
970 3 2 0 6 1829 3413 1836 1831
971 3 2 0 6 945 3561 3409 943
972 3 2 0 6 1321 1106 1101 3383
973 3 2 0 6 2873 2872 4303 334
974 3 2 0 6 1475 1476 1606 1605
975 3 2 0 6 3078 2210 2209 2208
976 3 2 0 6 3124 2110 1902 3311
977 3 2 0 6 684 689 703 685
978 3 2 0 6 3078 3243 1485 1675
979 3 2 0 6 3028 792 798 3387
980 3 2 0 6 3295 3739 2482 3572
981 3 2 0 6 1638 1636 3013 2039
982 3 2 0 6 1163 3696 2490 3481
983 3 2 0 6 2358 1951 2171 3320
984 3 2 0 6 3043 326 42 43
985 3 2 0 6 3750 138 139 328
986 3 2 0 6 2966 1953 1711 3434
987 3 2 0 6 1233 3323 1612 1235
988 3 2 0 6 1703 3480 1041 1315
989 3 2 0 6 3309 3310 1263 1261
990 3 2 0 6 2168 1210 1211 3175
991 3 2 0 6 4180 3169 4210 941
992 3 2 0 6 1024 1035 1988 977
993 3 2 0 6 1954 1955 2229 3106
994 3 2 0 6 3083 2367 1848 2199
995 3 2 0 6 1057 3170 1018 1020
996 3 2 0 6 4366 644 629 611
997 3 2 0 6 1596 3179 1610 1537
998 3 2 0 6 2210 2633 2634 2211
999 3 2 0 6 704 3074 688 687
1000 3 2 0 6 3341 3343 3339 3340
1001 3 2 0 6 3078 2208 1490 3243
1002 3 2 0 6 1885 1884 1998 1997
1003 3 2 0 6 3240 2446 2445 1870
1004 3 2 0 6 465 3242 1614 462
1005 3 2 0 6 3434 1535 1517 1848
1006 3 2 0 6 971 972 990 3850
1007 3 2 0 6 1395 3443 1649 1532
1008 3 2 0 6 323 2969 10 11
1009 3 2 0 6 290 133 134 2970
1010 3 2 0 6 3111 2372 2136 2040
1011 3 2 0 6 1320 1567 1875 2982
1012 3 2 0 6 2864 2205 2776 2777
1013 3 2 0 6 840 861 3887 850
1014 3 2 0 6 703 689 1047 927
1015 3 2 0 6 3574 1312 1036 1172
1016 3 2 0 6 2954 2231 2699 2901
1017 3 2 0 6 1144 3197 3195 1142
1018 3 2 0 6 1110 1717 3079 1112
1019 3 2 0 6 4316 3360 4600 1284
1020 3 2 0 6 2783 3238 2430 2138
1021 3 2 0 6 2687 4446 1587 4417
1022 3 2 0 6 3812 2521 2642 2659
1023 3 2 0 6 1183 3142 1176 1178
1024 3 2 0 6 2374 2009 1736 3374
1025 3 2 0 6 2172 647 648 3294
1026 3 2 0 6 1921 1484 1380 3199
1027 3 2 0 6 666 684 685 683
1028 3 2 0 6 3335 749 4165 2870
1029 3 2 0 6 927 1047 1049 1048
1030 3 2 0 6 2980 3451 1673 2150
1031 3 2 0 6 2202 2024 1878 2067
1032 3 2 0 6 1011 3157 3156 3159
1033 3 2 0 6 2024 1737 1606 1878
1034 3 2 0 6 1051 1052 1122 1050
1035 3 2 0 6 3290 3287 1639 1916
1036 3 2 0 6 1957 4385 2658 4339
1037 3 2 0 6 2332 3937 3230 3983
1038 3 2 0 6 3927 3471 911 913
1039 3 2 0 6 1208 1209 1530 3313
1040 3 2 0 6 747 3187 3188 3186
1041 3 2 0 6 3340 260 3342 3341
1042 3 2 0 6 1490 2208 2209 1522
1043 3 2 0 6 1535 1170 1119 1517
1044 3 2 0 6 2799 140 141 274
1045 3 2 0 6 2049 2713 3504 3639
1046 3 2 0 6 280 168 169 3005
1047 3 2 0 6 279 3007 12 13
1048 3 2 0 6 2317 2530 3679 4007
1049 3 2 0 6 1749 3266 4091 3265
1050 3 2 0 6 3113 162 163 271
1051 3 2 0 6 3099 2349 2351 2352
1052 3 2 0 6 1570 1443 1442 3796
1053 3 2 0 6 2543 1925 1711 1953
1054 3 2 0 6 638 634 633 637
1055 3 2 0 6 4473 1941 2614 2615
1056 3 2 0 6 998 940 3571 1034
1057 3 2 0 6 1099 1098 1096 1097
1058 3 2 0 6 932 1059 1060 1058
1059 3 2 0 6 3136 2073 1703 2072
1060 3 2 0 6 3190 1407 1055 1405
1061 3 2 0 6 1374 1372 3232 3356
1062 3 2 0 6 1609 1203 1043 3578
1063 3 2 0 6 1688 4181 2610 4177
1064 3 2 0 6 3154 3156 3157 3155
1065 3 2 0 6 2052 1596 1597 1899
1066 3 2 0 6 3382 1138 1140 1167
1067 3 2 0 6 2204 2202 2067 2203
1068 3 2 0 6 709 3224 3758 3225
1069 3 2 0 6 1659 2928 2927 2926
1070 3 2 0 6 4082 2366 4108 3216
1071 3 2 0 6 670 3191 600 602
1072 3 2 0 6 2011 2433 2434 2150
1073 3 2 0 6 1644 3154 1791 1572
1074 3 2 0 6 2822 3411 770 849
1075 3 2 0 6 2991 3936 1480 4042
1076 3 2 0 6 2771 2554 2036 2398
1077 3 2 0 6 3481 2490 2878 3631
1078 3 2 0 6 3037 927 1048 2397
1079 3 2 0 6 3645 3127 1292 3756
1080 3 2 0 6 2237 576 577 3280
1081 3 2 0 6 1760 3268 2694 2122
1082 3 2 0 6 3451 1644 1572 1310
1083 3 2 0 6 3122 2947 2467 2115
1084 3 2 0 6 2072 1703 1315 1702
1085 3 2 0 6 1106 1103 1099 1101
1086 3 2 0 6 1059 1061 1062 1060
1087 3 2 0 6 1291 1062 1061 1290
1088 3 2 0 6 3327 1602 2941 2164
1089 3 2 0 6 1575 1292 634 638
1090 3 2 0 6 2398 2036 1675 1921
1091 3 2 0 6 3525 3776 1494 1994
1092 3 2 0 6 2061 3150 1832 1834
1093 3 2 0 6 2961 4549 3355 3424
1094 3 2 0 6 3221 946 971 989
1095 3 2 0 6 3915 2987 3940 657
1096 3 2 0 6 3849 4269 3463 2158
1097 3 2 0 6 2891 2346 2347 2889
1098 3 2 0 6 3529 3225 3870 2266
1099 3 2 0 6 3107 2761 543 552
1100 3 2 0 6 3788 3107 560 570
1101 3 2 0 6 1590 1971 2369 3176
1102 3 2 0 6 397 3392 3393 1393
1103 3 2 0 6 3250 811 812 818
1104 3 2 0 6 1067 3165 1611 1069
1105 3 2 0 6 2381 2380 1765 1954
1106 3 2 0 6 801 795 763 794
1107 3 2 0 6 1720 1090 1088 1089
1108 3 2 0 6 3716 3314 3313 2136
1109 3 2 0 6 1048 1049 1051 1050
1110 3 2 0 6 1704 1525 1524 3489
1111 3 2 0 6 1035 2118 2621 1988
1112 3 2 0 6 794 763 761 762
1113 3 2 0 6 4051 658 4086 3321
1114 3 2 0 6 1314 3384 549 555
1115 3 2 0 6 2978 3503 622 3473
1116 3 2 0 6 3109 325 38 39
1117 3 2 0 6 2897 142 143 327
1118 3 2 0 6 131 320 3492 130
1119 3 2 0 6 2912 2913 4482 315
1120 3 2 0 6 3659 160 161 329
1121 3 2 0 6 2462 2192 2190 3368
1122 3 2 0 6 20 21 3339 330
1123 3 2 0 6 3913 3322 1612 3323
1124 3 2 0 6 808 3226 3530 2177
1125 3 2 0 6 948 978 1054 979
1126 3 2 0 6 1580 3462 2856 3620
1127 3 2 0 6 385 383 2081 3245
1128 3 2 0 6 3182 1990 1794 1976
1129 3 2 0 6 2350 1998 1884 3615
1130 3 2 0 6 1742 1743 3029 1720
1131 3 2 0 6 645 3181 381 379
1132 3 2 0 6 3316 3317 3320 2171
1133 3 2 0 6 281 3043 43 44
1134 3 2 0 6 631 515 513 3378
1135 3 2 0 6 1387 1003 1000 1386
1136 3 2 0 6 3196 1167 1140 3195
1137 3 2 0 6 3252 651 667 1121
1138 3 2 0 6 878 3228 876 874
1139 3 2 0 6 3083 2199 2200 2346
1140 3 2 0 6 755 757 758 756
1141 3 2 0 6 1183 1178 1179 1180
1142 3 2 0 6 1374 1373 896 1372
1143 3 2 0 6 2115 2107 2110 3122
1144 3 2 0 6 3229 978 948 881
1145 3 2 0 6 3134 878 874 872
1146 3 2 0 6 3194 843 844 853
1147 3 2 0 6 3941 793 3491 2185
1148 3 2 0 6 2730 3484 1672 2054
1149 3 2 0 6 3267 3627 3200 1543
1150 3 2 0 6 747 3186 755 752
1151 3 2 0 6 890 3233 3356 3232
1152 3 2 0 6 1379 1375 1373 1374
1153 3 2 0 6 2492 1947 1726 2176
1154 3 2 0 6 1826 3205 3627 3207
1155 3 2 0 6 2667 2100 2059 2099
1156 3 2 0 6 3040 1602 1548 3484
1157 3 2 0 6 2175 3473 635 708
1158 3 2 0 6 2349 3099 3042 2348
1159 3 2 0 6 1971 2042 2599 2369
1160 3 2 0 6 3214 511 509 992
1161 3 2 0 6 3165 1067 1065 2382
1162 3 2 0 6 322 166 167 3038
1163 3 2 0 6 3191 1368 598 600
1164 3 2 0 6 4624 2263 2262 4637
1165 3 2 0 6 2374 3374 3376 3375
1166 3 2 0 6 981 953 859 951
1167 3 2 0 6 501 401 399 3395
1168 3 2 0 6 3439 3133 3132 3995
1169 3 2 0 6 1212 1213 1215 1214
1170 3 2 0 6 757 755 3186 3189
1171 3 2 0 6 3370 824 851 1764
1172 3 2 0 6 3515 3631 2878 2976
1173 3 2 0 6 2102 2100 2667 3247
1174 3 2 0 6 585 3285 389 387
1175 3 2 0 6 709 710 888 3224
1176 3 2 0 6 978 3229 3230 3231
1177 3 2 0 6 3264 3256 3255 3254
1178 3 2 0 6 3828 3233 3234 3235
1179 3 2 0 6 3193 837 818 835
1180 3 2 0 6 3446 3445 2233 2373
1181 3 2 0 6 2294 3461 1852 2131
1182 3 2 0 6 3079 1717 3081 3080
1183 3 2 0 6 1610 1457 1458 1537
1184 3 2 0 6 3497 2166 1756 1625
1185 3 2 0 6 953 3269 845 859
1186 3 2 0 6 3342 3346 4150 3347
1187 3 2 0 6 1217 1216 1214 1215
1188 3 2 0 6 3026 2335 2160 2159
1189 3 2 0 6 3145 3142 3143 3144
1190 3 2 0 6 1372 896 853 879
1191 3 2 0 6 1555 1184 1128 1182
1192 3 2 0 6 2982 1719 1318 1320
1193 3 2 0 6 3200 3199 1380 1543
1194 3 2 0 6 953 981 1038 982
1195 3 2 0 6 3187 745 744 1126
1196 3 2 0 6 2150 1673 1674 2011
1197 3 2 0 6 3311 3511 2289 2830
1198 3 2 0 6 881 876 3228 3229
1199 3 2 0 6 2160 2335 3328 2525
1200 3 2 0 6 2954 2229 2230 2231
1201 3 2 0 6 3511 3311 1902 1724
1202 3 2 0 6 3273 1803 1813 2161
1203 3 2 0 6 2178 1362 808 2177
1204 3 2 0 6 260 3340 22 23
1205 3 2 0 6 2787 1392 783 3502
1206 3 2 0 6 752 755 756 754
1207 3 2 0 6 2792 2777 2776 2778
1208 3 2 0 6 3207 1426 1661 1826
1209 3 2 0 6 3011 2224 3030 3012
1210 3 2 0 6 1993 2406 2829 2289
1211 3 2 0 6 3279 1220 1218 1226
1212 3 2 0 6 2481 2155 2154 2073
1213 3 2 0 6 1301 3527 2151 3051
1214 3 2 0 6 1571 1273 1271 3391
1215 3 2 0 6 1182 1128 961 1127
1216 3 2 0 6 2460 2321 2320 2157
1217 3 2 0 6 2465 1940 1713 1939
1218 3 2 0 6 3197 1144 1146 1147
1219 3 2 0 6 872 870 1299 3134
1220 3 2 0 6 325 3336 37 38
1221 3 2 0 6 2216 2215 2162 1896
1222 3 2 0 6 2938 2937 2135 2774
1223 3 2 0 6 2503 4064 4245 3540
1224 3 2 0 6 3152 1830 1832 3150
1225 3 2 0 6 4607 2704 2461 2705
1226 3 2 0 6 2102 2654 2655 4521
1227 3 2 0 6 1137 1052 1051 1053
1228 3 2 0 6 1058 706 707 932
1229 3 2 0 6 3469 910 3471 3470
1230 3 2 0 6 1323 1325 1327 1324
1231 3 2 0 6 2180 2178 2177 2179
1232 3 2 0 6 3349 3350 3352 3351
1233 3 2 0 6 1947 1599 1600 1726
1234 3 2 0 6 1780 2068 2672 3003
1235 3 2 0 6 1939 1713 1295 1694
1236 3 2 0 6 3327 2164 1715 1327
1237 3 2 0 6 810 811 1297 801
1238 3 2 0 6 3094 2401 2400 1493
1239 3 2 0 6 3207 1379 1382 1426
1240 3 2 0 6 1916 1482 1307 3367
1241 3 2 0 6 679 695 1398 702
1242 3 2 0 6 2266 1398 695 3529
1243 3 2 0 6 3511 1668 1993 2289
1244 3 2 0 6 2079 2054 1672 1869
1245 3 2 0 6 3100 2352 2351 2353
1246 3 2 0 6 920 942 1127 961
1247 3 2 0 6 758 757 995 760
1248 3 2 0 6 1298 2223 3030 2224
1249 3 2 0 6 1693 3458 3457 3456
1250 3 2 0 6 1941 1784 1576 1783
1251 3 2 0 6 817 831 2223 1298
1252 3 2 0 6 3527 1301 478 482
1253 3 2 0 6 2957 1935 1371 1934
1254 3 2 0 6 3313 1638 2040 2136
1255 3 2 0 6 3384 3380 539 549
1256 3 2 0 6 3327 1328 1548 1602
1257 3 2 0 6 1464 1367 1361 1366
1258 3 2 0 6 2465 3359 2459 1940
1259 3 2 0 6 1379 3267 1377 1375
1260 3 2 0 6 3241 1573 1572 1791
1261 3 2 0 6 891 3234 3233 890
1262 3 2 0 6 2800 2272 2069 2273
1263 3 2 0 6 1297 3329 795 801
1264 3 2 0 6 761 760 3218 762
1265 3 2 0 6 3273 2161 3275 3274
1266 3 2 0 6 3181 2081 383 381
1267 3 2 0 6 1327 1325 1328 3327
1268 3 2 0 6 3419 1358 1348 3418
1269 3 2 0 6 4092 2504 2503 2264
1270 3 2 0 6 1117 1116 1115 1114
1271 3 2 0 6 3253 3252 3358 3254
1272 3 2 0 6 3477 4054 4047 3319
1273 3 2 0 6 2293 1886 2077 2078
1274 3 2 0 6 3337 265 35 36
1275 3 2 0 6 2170 2752 2754 2235
1276 3 2 0 6 1302 727 725 3335
1277 3 2 0 6 2335 3026 2246 3027
1278 3 2 0 6 2168 2170 2235 2169
1279 3 2 0 6 4266 3893 3329 1297
1280 3 2 0 6 1817 1828 3167 2097
1281 3 2 0 6 23 24 3345 260
1282 3 2 0 6 3021 3023 3024 2052
1283 3 2 0 6 4531 3006 4451 2643
1284 3 2 0 6 3078 2977 2633 2210
1285 3 2 0 6 1383 3357 393 391
1286 3 2 0 6 2978 2033 617 3503
1287 3 2 0 6 1210 2168 2169 1527
1288 3 2 0 6 1278 3368 2190 3291
1289 3 2 0 6 2410 2409 2408 1920
1290 3 2 0 6 3296 903 929 1322
1291 3 2 0 6 4361 2113 4593 3792
1292 3 2 0 6 3414 147 148 3415
1293 3 2 0 6 4210 3169 2097 3168
1294 3 2 0 6 2828 2827 2825 2826
1295 3 2 0 6 2099 2059 2058 1857
1296 3 2 0 6 329 161 162 3113
1297 3 2 0 6 330 3114 19 20
1298 3 2 0 6 3742 570 569 3178
1299 3 2 0 6 3182 1976 2262 2263
1300 3 2 0 6 835 818 812 819
1301 3 2 0 6 3335 725 723 749
1302 3 2 0 6 655 668 1934 1371
1303 3 2 0 6 1023 1176 3142 3145
1304 3 2 0 6 3232 880 885 890
1305 3 2 0 6 1560 4079 2952 4019
1306 3 2 0 6 1366 1361 1153 1155
1307 3 2 0 6 1454 3362 2088 2756
1308 3 2 0 6 3415 148 149 293
1309 3 2 0 6 3527 492 494 2151
1310 3 2 0 6 1585 1202 1165 1194
1311 3 2 0 6 3378 513 511 3214
1312 3 2 0 6 1257 1604 1786 1721
1313 3 2 0 6 843 835 819 836
1314 3 2 0 6 2726 2238 2174 2636
1315 3 2 0 6 2153 2279 2584 1924
1316 3 2 0 6 1604 3507 3849 2158
1317 3 2 0 6 2173 708 647 2172
1318 3 2 0 6 3507 1253 1251 1660
1319 3 2 0 6 3499 606 617 624
1320 3 2 0 6 3199 2399 2398 1921
1321 3 2 0 6 1787 2071 2756 2088
1322 3 2 0 6 1567 1807 1876 1875
1323 3 2 0 6 1093 1092 3126 1094
1324 3 2 0 6 3172 3171 1018 3170
1325 3 2 0 6 3219 2012 2014 2508
1326 3 2 0 6 3430 530 524 523
1327 3 2 0 6 3122 2110 3124 3123
1328 3 2 0 6 3616 704 926 928
1329 3 2 0 6 273 3109 39 40
1330 3 2 0 6 3242 465 469 470
1331 3 2 0 6 3892 898 900 3296
1332 3 2 0 6 2587 2446 2819 2818
1333 3 2 0 6 1170 1032 1033 1119
1334 3 2 0 6 1132 1028 3115 2261
1335 3 2 0 6 1302 1304 1305 1303
1336 3 2 0 6 2025 3326 1849 1686
1337 3 2 0 6 2187 2186 2443 2188
1338 3 2 0 6 2551 2989 3001 2990
1339 3 2 0 6 1683 2065 2516 2515
1340 3 2 0 6 1371 3521 2172 3294
1341 3 2 0 6 1702 1315 1042 1316
1342 3 2 0 6 3282 2016 2314 2532
1343 3 2 0 6 2226 3580 1733 1966
1344 3 2 0 6 1951 2358 2594 1952
1345 3 2 0 6 3087 3526 689 684
1346 3 2 0 6 1315 1041 1021 1042
1347 3 2 0 6 3252 649 650 651
1348 3 2 0 6 567 583 598 1368
1349 3 2 0 6 454 1330 3284 3559
1350 3 2 0 6 1305 1601 3367 1307
1351 3 2 0 6 1101 1099 1097 1100
1352 3 2 0 6 2148 2146 2755 3365
1353 3 2 0 6 3423 257 29 30
1354 3 2 0 6 2988 151 152 258
1355 3 2 0 6 292 3422 31 32
1356 3 2 0 6 617 2033 2034 624
1357 3 2 0 6 1636 1638 3313 1530
1358 3 2 0 6 3308 2264 1936 1811
1359 3 2 0 6 4108 3215 992 3216
1360 3 2 0 6 1361 3295 1150 1153
1361 3 2 0 6 296 3406 4535 4343
1362 3 2 0 6 3296 900 902 903
1363 3 2 0 6 3373 3374 1736 2053
1364 3 2 0 6 2138 2430 2717 2025
1365 3 2 0 6 3322 3316 3315 1612
1366 3 2 0 6 2189 2188 3291 2190
1367 3 2 0 6 1811 1792 3839 3308
1368 3 2 0 6 486 491 493 492
1369 3 2 0 6 1283 1249 1248 1247
1370 3 2 0 6 1527 1200 1201 1210
1371 3 2 0 6 3285 1383 391 389
1372 3 2 0 6 2248 2249 2521 2520
1373 3 2 0 6 4342 2087 2724 4329
1374 3 2 0 6 3383 1101 1100 1102
1375 3 2 0 6 539 531 524 530
1376 3 2 0 6 523 522 520 521
1377 3 2 0 6 1604 1257 1256 1255
1378 3 2 0 6 521 520 518 519
1379 3 2 0 6 1921 1675 1485 1484
1380 3 2 0 6 988 984 983 938
1381 3 2 0 6 515 517 518 516
1382 3 2 0 6 2689 3397 1978 2114
1383 3 2 0 6 474 478 1301 3431
1384 3 2 0 6 3171 966 1017 1018
1385 3 2 0 6 2009 1926 1734 1736
1386 3 2 0 6 513 515 516 514
1387 3 2 0 6 3335 2857 1304 1302
1388 3 2 0 6 2859 2860 2863 2862
1389 3 2 0 6 511 513 514 512
1390 3 2 0 6 1380 1377 3267 1543
1391 3 2 0 6 946 3221 3224 888
1392 3 2 0 6 3779 3531 914 917
1393 3 2 0 6 2914 2916 4106 288
1394 3 2 0 6 1020 1041 3480 1057
1395 3 2 0 6 1966 1968 2392 2226
1396 3 2 0 6 1003 962 963 1000
1397 3 2 0 6 4438 2656 4601 2918
1398 3 2 0 6 1389 1655 2141 3048
1399 3 2 0 6 879 853 844 854
1400 3 2 0 6 1404 1403 3366 1428
1401 3 2 0 6 1146 1148 3572 1147
1402 3 2 0 6 614 3253 3254 3255
1403 3 2 0 6 1920 1554 1765 3388
1404 3 2 0 6 1621 1507 1505 3447
1405 3 2 0 6 1769 1771 1801 3550
1406 3 2 0 6 1857 1790 2030 3312
1407 3 2 0 6 1195 3520 2974 3244
1408 3 2 0 6 3288 3287 3290 3289
1409 3 2 0 6 572 576 2237 578
1410 3 2 0 6 1870 1748 1746 3240
1411 3 2 0 6 727 1302 1303 748
1412 3 2 0 6 1370 3407 764 766
1413 3 2 0 6 584 2935 2713 2712
1414 3 2 0 6 3546 604 605 625
1415 3 2 0 6 1925 1712 1708 1711
1416 3 2 0 6 824 813 3236 851
1417 3 2 0 6 3487 1120 1191 1192
1418 3 2 0 6 3362 2143 2142 2088
1419 3 2 0 6 3362 2755 2146 2143
1420 3 2 0 6 1041 1020 1019 1021
1421 3 2 0 6 3045 1269 1268 1267
1422 3 2 0 6 1685 1239 1237 3315
1423 3 2 0 6 880 3232 1372 879
1424 3 2 0 6 690 373 372 371
1425 3 2 0 6 3309 1261 1260 1258
1426 3 2 0 6 3108 1390 1300 1129
1427 3 2 0 6 3201 3200 3627 3202
1428 3 2 0 6 531 539 3380 541
1429 3 2 0 6 3300 3299 3898 3864
1430 3 2 0 6 585 387 386 385
1431 3 2 0 6 3820 3075 2763 3076
1432 3 2 0 6 4542 2103 2102 4521
1433 3 2 0 6 1456 1457 3537 1193
1434 3 2 0 6 3357 546 395 393
1435 3 2 0 6 2835 2836 3615 1883
1436 3 2 0 6 627 649 3252 3253
1437 3 2 0 6 2922 3561 959 3153
1438 3 2 0 6 3310 1286 1265 1263
1439 3 2 0 6 1756 1550 1551 1625
1440 3 2 0 6 3126 1092 1091 1090
1441 3 2 0 6 345 129 130 3492
1442 3 2 0 6 2193 2192 2462 2194
1443 3 2 0 6 1155 1153 1152 1154
1444 3 2 0 6 1708 1535 3434 1711
1445 3 2 0 6 4189 2828 2826 3050
1446 3 2 0 6 3279 1222 1221 1220
1447 3 2 0 6 3163 3161 3159 3156
1448 3 2 0 6 518 517 3432 519
1449 3 2 0 6 1129 1475 3095 3108
1450 3 2 0 6 3365 3047 3046 2148
1451 3 2 0 6 2184 2183 2181 2182
1452 3 2 0 6 3333 1923 1058 1060
1453 3 2 0 6 793 787 789 3491
1454 3 2 0 6 512 510 509 511
1455 3 2 0 6 1156 1158 1160 1159
1456 3 2 0 6 3115 1028 1027 968
1457 3 2 0 6 1270 1269 1277 1271
1458 3 2 0 6 1107 1106 1321 1309
1459 3 2 0 6 1514 1515 3175 1211
1460 3 2 0 6 3323 1233 1232 1618
1461 3 2 0 6 2182 2181 2178 2180
1462 3 2 0 6 1312 3435 1015 1036
1463 3 2 0 6 1239 1685 1692 1553
1464 3 2 0 6 3336 3337 36 37
1465 3 2 0 6 4257 2149 2148 3046
1466 3 2 0 6 1993 1668 1464 1669
1467 3 2 0 6 1734 1735 2053 1736
1468 3 2 0 6 1310 1309 1673 3451
1469 3 2 0 6 1749 3265 3258 3264
1470 3 2 0 6 2233 2009 2374 2373
1471 3 2 0 6 3231 3230 3937 3883
1472 3 2 0 6 3927 913 914 3531
1473 3 2 0 6 2491 2072 1702 2220
1474 3 2 0 6 2186 2185 2183 2184
1475 3 2 0 6 951 3248 3675 981
1476 3 2 0 6 2195 2194 3360 2196
1477 3 2 0 6 4193 2396 3011 3012
1478 3 2 0 6 708 635 636 647
1479 3 2 0 6 3995 3441 3440 3439
1480 3 2 0 6 2718 3377 1712 1925
1481 3 2 0 6 352 351 349 350
1482 3 2 0 6 3356 1382 1379 1374
1483 3 2 0 6 1627 1617 1852 3461
1484 3 2 0 6 2404 3452 2852 2402
1485 3 2 0 6 2261 3115 3117 3116
1486 3 2 0 6 1398 1399 2222 702
1487 3 2 0 6 3401 3402 3430 3400
1488 3 2 0 6 3509 3780 2255 3868
1489 3 2 0 6 3543 2189 2190 2191
1490 3 2 0 6 3410 1279 1276 1275
1491 3 2 0 6 3405 3628 3430 3402
1492 3 2 0 6 2719 2718 1925 2543
1493 3 2 0 6 383 385 386 384
1494 3 2 0 6 623 635 3473 622
1495 3 2 0 6 1621 1915 2402 1914
1496 3 2 0 6 3535 2193 2194 2195
1497 3 2 0 6 3579 3456 2638 2240
1498 3 2 0 6 1405 1406 1600 1599
1499 3 2 0 6 1730 1732 1735 1734
1500 3 2 0 6 853 896 3752 3194
1501 3 2 0 6 1362 806 807 808
1502 3 2 0 6 959 962 1003 3153
1503 3 2 0 6 1588 1428 3366 2159
1504 3 2 0 6 2983 2982 1875 2129
1505 3 2 0 6 2967 2544 1953 2966
1506 3 2 0 6 3226 809 816 817
1507 3 2 0 6 3511 1724 1723 1668
1508 3 2 0 6 2110 2107 1903 1902
1509 3 2 0 6 2820 849 770 772
1510 3 2 0 6 1274 1273 1571 1275
1511 3 2 0 6 2190 2192 2193 2191
1512 3 2 0 6 2061 1834 1835 2060
1513 3 2 0 6 2012 3219 2433 2011
1514 3 2 0 6 2870 3547 1892 2134
1515 3 2 0 6 3271 3270 845 3269
1516 3 2 0 6 389 388 386 387
1517 3 2 0 6 1720 1089 3600 1742
1518 3 2 0 6 1313 3499 2206 3500
1519 3 2 0 6 3089 644 4366 4353
1520 3 2 0 6 806 1362 3597 3387
1521 3 2 0 6 3270 834 842 845
1522 3 2 0 6 1402 1403 1404 1401
1523 3 2 0 6 453 454 3559 451
1524 3 2 0 6 1409 1686 1849 1509
1525 3 2 0 6 1979 1978 3397 2388
1526 3 2 0 6 1507 1621 1914 1595
1527 3 2 0 6 3410 1536 1287 1279
1528 3 2 0 6 3389 1354 1356 1512
1529 3 2 0 6 3301 3477 3319 3318
1530 3 2 0 6 294 155 156 3425
1531 3 2 0 6 1620 1585 2153 1924
1532 3 2 0 6 2742 2118 2119 4452
1533 3 2 0 6 1999 2000 3488 2412
1534 3 2 0 6 1692 1685 2171 1951
1535 3 2 0 6 391 390 388 389
1536 3 2 0 6 1727 1729 1730 3541
1537 3 2 0 6 266 146 147 3414
1538 3 2 0 6 1389 1654 1656 1655
1539 3 2 0 6 2166 2246 3026 1756
1540 3 2 0 6 1591 1425 1706 1705
1541 3 2 0 6 751 2911 2949 2910
1542 3 2 0 6 3180 1918 1917 1620
1543 3 2 0 6 1154 1156 3515 1155
1544 3 2 0 6 3496 2934 2344 2006
1545 3 2 0 6 1426 1427 1662 1661
1546 3 2 0 6 2826 2825 2414 1918
1547 3 2 0 6 1452 1554 1919 1387
1548 3 2 0 6 1593 1592 1789 1788
1549 3 2 0 6 3436 1501 1445 3474
1550 3 2 0 6 1309 1321 1674 1673
1551 3 2 0 6 1055 1054 1406 1405
1552 3 2 0 6 1661 1662 2077 1886
1553 3 2 0 6 3244 1194 1166 1195
1554 3 2 0 6 3474 1445 1443 1570
1555 3 2 0 6 1790 1788 3303 2030
1556 3 2 0 6 1815 3276 2161 1813
1557 3 2 0 6 1258 1257 1721 3309
1558 3 2 0 6 3405 3402 3401 3403
1559 3 2 0 6 3432 517 515 631
1560 3 2 0 6 1407 1409 1509 1408
1561 3 2 0 6 3174 2321 2461 2704
1562 3 2 0 6 929 903 902 904
1563 3 2 0 6 3448 3447 1505 1579
1564 3 2 0 6 1603 1672 3484 1548
1565 3 2 0 6 1788 1790 1856 1593
1566 3 2 0 6 4085 470 3381 3433
1567 3 2 0 6 3422 3423 30 31
1568 3 2 0 6 1768 3554 1800 1770
1569 3 2 0 6 393 392 390 391
1570 3 2 0 6 3358 1212 1214 1749
1571 3 2 0 6 1162 1163 3481 1160
1572 3 2 0 6 1235 1612 3315 1237
1573 3 2 0 6 1265 1264 1262 1263
1574 3 2 0 6 3474 3438 3437 3436
1575 3 2 0 6 1405 1599 1947 3190
1576 3 2 0 6 2960 2063 3595 2961
1577 3 2 0 6 2450 3491 789 3028
1578 3 2 0 6 3141 3140 3138 3139
1579 3 2 0 6 1194 1165 1164 1166
1580 3 2 0 6 3530 3226 817 1298
1581 3 2 0 6 3500 3281 3280 1313
1582 3 2 0 6 3258 3259 3260 3257
1583 3 2 0 6 3438 3439 3440 3437
1584 3 2 0 6 648 655 1371 3294
1585 3 2 0 6 1657 1974 2424 3614
1586 3 2 0 6 2159 2160 2723 1588
1587 3 2 0 6 381 383 384 382
1588 3 2 0 6 1263 1262 1260 1261
1589 3 2 0 6 1249 1251 1252 1250
1590 3 2 0 6 1694 1295 1038 1296
1591 3 2 0 6 1132 1524 1525 1133
1592 3 2 0 6 1251 1253 1254 1252
1593 3 2 0 6 2078 2095 2487 2486
1594 3 2 0 6 3340 3339 21 22
1595 3 2 0 6 3454 2466 2465 1939
1596 3 2 0 6 1165 1163 1162 1164
1597 3 2 0 6 1273 1272 1270 1271
1598 3 2 0 6 1939 1694 1695 3454
1599 3 2 0 6 1253 1255 1256 1254
1600 3 2 0 6 549 539 530 540
1601 3 2 0 6 1267 1266 1264 1265
1602 3 2 0 6 688 673 678 687
1603 3 2 0 6 3014 3388 1765 2380
1604 3 2 0 6 1542 1180 1179 1181
1605 3 2 0 6 2410 2517 2518 2409
1606 3 2 0 6 3400 521 519 1384
1607 3 2 0 6 2981 2980 2150 2434
1608 3 2 0 6 1157 1154 1152 3560
1609 3 2 0 6 3195 1140 1141 1142
1610 3 2 0 6 2486 2487 2867 2866
1611 3 2 0 6 3483 1290 1061 1294
1612 3 2 0 6 881 948 949 882
1613 3 2 0 6 3162 3158 3155 3157
1614 3 2 0 6 1554 1920 2408 1919
1615 3 2 0 6 977 928 975 976
1616 3 2 0 6 2563 2079 1869 2080
1617 3 2 0 6 3257 3256 3264 3258
1618 3 2 0 6 3430 523 521 3400
1619 3 2 0 6 2030 3303 3305 3304
1620 3 2 0 6 1780 1996 2069 2068
1621 3 2 0 6 1313 590 606 3499
1622 3 2 0 6 3029 3640 1094 3126
1623 3 2 0 6 3437 1579 1503 3436
1624 3 2 0 6 1428 1588 3421 1429
1625 3 2 0 6 1790 1857 2058 1856
1626 3 2 0 6 555 549 540 550
1627 3 2 0 6 3304 3306 3312 2030
1628 3 2 0 6 4433 3344 4402 1929
1629 3 2 0 6 3693 3268 1478 3857
1630 3 2 0 6 2157 2156 2154 2155
1631 3 2 0 6 1354 3389 1534 1352
1632 3 2 0 6 3287 1901 1640 1639
1633 3 2 0 6 393 395 396 394
1634 3 2 0 6 2025 1686 2139 2138
1635 3 2 0 6 3213 852 719 717
1636 3 2 0 6 1535 1708 3648 1170
1637 3 2 0 6 1325 1326 1329 1328
1638 3 2 0 6 401 501 3518 402
1639 3 2 0 6 2317 1992 2315 2316
1640 3 2 0 6 3173 1059 932 1922
1641 3 2 0 6 3265 3476 3259 3258
1642 3 2 0 6 1217 1218 1219 1216
1643 3 2 0 6 1341 1340 1338 1339
1644 3 2 0 6 3698 2561 2680 3396
1645 3 2 0 6 3243 1490 1489 1487
1646 3 2 0 6 3392 397 396 395
1647 3 2 0 6 1344 1343 1340 1341
1648 3 2 0 6 1009 3452 3453 3666
1649 3 2 0 6 2148 2147 2145 2146
1650 3 2 0 6 1309 1310 1311 1107
1651 3 2 0 6 1218 1220 1221 1219
1652 3 2 0 6 2316 2318 2530 2317
1653 3 2 0 6 2146 2145 2142 2143
1654 3 2 0 6 1282 1442 1443 1289
1655 3 2 0 6 2294 2923 2924 3461
1656 3 2 0 6 1819 1978 1979 1652
1657 3 2 0 6 438 440 441 439
1658 3 2 0 6 1916 1639 1483 1482
1659 3 2 0 6 839 3498 1607 865
1660 3 2 0 6 3941 3502 785 793
1661 3 2 0 6 1195 1197 1200 3520
1662 3 2 0 6 1245 1247 1248 1246
1663 3 2 0 6 3480 1703 2073 2154
1664 3 2 0 6 3070 659 664 673
1665 3 2 0 6 3167 1828 1829 1830
1666 3 2 0 6 3445 2882 2234 2233
1667 3 2 0 6 405 3587 487 407
1668 3 2 0 6 1328 1329 1603 1548
1669 3 2 0 6 2856 3462 2887 2884
1670 3 2 0 6 455 456 1330 454
1671 3 2 0 6 2231 2232 2738 2699
1672 3 2 0 6 1869 1672 1603 1868
1673 3 2 0 6 1197 1199 1201 1200
1674 3 2 0 6 1038 1039 1244 982
1675 3 2 0 6 1287 3668 3223 3625
1676 3 2 0 6 3416 2319 1910 1912
1677 3 2 0 6 1899 1900 2249 2248
1678 3 2 0 6 3161 3163 2980 2981
1679 3 2 0 6 2722 1217 1215 2096
1680 3 2 0 6 1028 1132 1133 1029
1681 3 2 0 6 3426 1395 1343 1344
1682 3 2 0 6 3069 3056 3055 3054
1683 3 2 0 6 2803 2805 2807 2806
1684 3 2 0 6 291 3695 3353 3350
1685 3 2 0 6 3601 2059 2100 2101
1686 3 2 0 6 436 438 439 437
1687 3 2 0 6 474 3381 470 469
1688 3 2 0 6 3053 3052 3051 2578
1689 3 2 0 6 2971 3712 290 2970
1690 3 2 0 6 1020 1018 1017 1019
1691 3 2 0 6 4468 2956 2419 3485
1692 3 2 0 6 1224 1227 1228 1225
1693 3 2 0 6 1393 399 398 397
1694 3 2 0 6 3495 1761 1844 2528
1695 3 2 0 6 1554 1452 1766 1765
1696 3 2 0 6 488 496 506 3581
1697 3 2 0 6 2459 2458 1713 1940
1698 3 2 0 6 1039 1245 1246 1244
1699 3 2 0 6 2079 2729 2730 2054
1700 3 2 0 6 3796 3129 3871 1570
1701 3 2 0 6 3497 3085 2706 2166
1702 3 2 0 6 3387 798 805 806
1703 3 2 0 6 1895 2529 2566 2565
1704 3 2 0 6 377 379 380 378
1705 3 2 0 6 2921 1182 1127 2117
1706 3 2 0 6 379 381 382 380
1707 3 2 0 6 3248 951 860 952
1708 3 2 0 6 634 616 632 633
1709 3 2 0 6 2923 2294 3406 2925
1710 3 2 0 6 1617 1851 2130 1852
1711 3 2 0 6 951 859 846 860
1712 3 2 0 6 3190 2920 1409 1407
1713 3 2 0 6 1184 1493 2085 1185
1714 3 2 0 6 604 602 601 603
1715 3 2 0 6 1765 1766 1955 1954
1716 3 2 0 6 667 651 650 652
1717 3 2 0 6 1604 1255 1253 3507
1718 3 2 0 6 1338 1336 1335 1337
1719 3 2 0 6 564 555 550 556
1720 3 2 0 6 434 436 437 435
1721 3 2 0 6 482 486 492 3527
1722 3 2 0 6 1001 3249 1386 1000
1723 3 2 0 6 3411 768 769 770
1724 3 2 0 6 1617 1627 3175 1515
1725 3 2 0 6 3516 489 484 1716
1726 3 2 0 6 398 399 401 400
1727 3 2 0 6 1370 766 767 768
1728 3 2 0 6 2223 831 832 3494
1729 3 2 0 6 602 600 599 601
1730 3 2 0 6 3225 3529 696 709
1731 3 2 0 6 3310 3309 1721 3609
1732 3 2 0 6 3471 910 909 911
1733 3 2 0 6 1212 1121 2132 1213
1734 3 2 0 6 1097 3640 2442 1100
1735 3 2 0 6 1848 2198 2200 2199
1736 3 2 0 6 1310 1572 1573 1311
1737 3 2 0 6 3561 945 958 959
1738 3 2 0 6 1222 1224 1225 1223
1739 3 2 0 6 3416 1912 1991 1992
1740 3 2 0 6 1537 1538 1597 1596
1741 3 2 0 6 3645 581 594 3127
1742 3 2 0 6 2057 1800 3554 2267
1743 3 2 0 6 1794 1855 2262 1976
1744 3 2 0 6 3494 3031 3030 2223
1745 3 2 0 6 446 449 3559 2217
1746 3 2 0 6 3261 3259 3476 3262
1747 3 2 0 6 1955 2228 2230 2229
1748 3 2 0 6 2286 2287 3593 2448
1749 3 2 0 6 617 606 593 607
1750 3 2 0 6 3631 3515 1156 1159
1751 3 2 0 6 572 573 577 576
1752 3 2 0 6 606 590 591 593
1753 3 2 0 6 564 565 573 572
1754 3 2 0 6 3543 3534 781 1392
1755 3 2 0 6 3178 569 579 581
1756 3 2 0 6 3479 2297 1906 1908
1757 3 2 0 6 570 560 568 569
1758 3 2 0 6 577 590 1313 3280
1759 3 2 0 6 2100 2102 2103 2101
1760 3 2 0 6 2729 2731 2732 2730
1761 3 2 0 6 602 604 3546 670
1762 3 2 0 6 2752 2170 3629 2753
1763 3 2 0 6 3499 624 2034 2206
1764 3 2 0 6 1579 1505 1504 1503
1765 3 2 0 6 399 1393 3394 3395
1766 3 2 0 6 2180 2179 3011 2396
1767 3 2 0 6 3409 942 921 943
1768 3 2 0 6 2987 2271 1797 2137
1769 3 2 0 6 1715 1714 1324 1327
1770 3 2 0 6 3959 2469 1167 3196
1771 3 2 0 6 1403 1402 1551 1550
1772 3 2 0 6 1377 1376 1373 1375
1773 3 2 0 6 2210 2211 2212 2209
1774 3 2 0 6 577 589 591 590
1775 3 2 0 6 3226 808 807 809
1776 3 2 0 6 1229 3710 2648 3738
1777 3 2 0 6 339 3034 4411 3809
1778 3 2 0 6 942 920 918 921
1779 3 2 0 6 1870 2445 2574 1871
1780 3 2 0 6 3384 3385 3486 3380
1781 3 2 0 6 293 149 150 3478
1782 3 2 0 6 1787 1786 3463 2071
1783 3 2 0 6 3411 2822 4010 4194
1784 3 2 0 6 3107 552 559 560
1785 3 2 0 6 1034 1205 3578 1043
1786 3 2 0 6 3077 1435 1433 2241
1787 3 2 0 6 3426 1344 1345 1346
1788 3 2 0 6 2088 2142 3609 1787
1789 3 2 0 6 4215 2610 2041 2405
1790 3 2 0 6 1626 1741 1855 1794
1791 3 2 0 6 1399 1398 2266 1400
1792 3 2 0 6 1926 3541 1730 1734
1793 3 2 0 6 1620 1924 2584 3180
1794 3 2 0 6 3121 2974 1527 2169
1795 3 2 0 6 1748 1870 1871 1865
1796 3 2 0 6 4202 3062 3061 3060
1797 3 2 0 6 1153 1150 1151 1152
1798 3 2 0 6 2922 3153 1003 3667
1799 3 2 0 6 622 3503 617 618
1800 3 2 0 6 1534 1350 1351 1352
1801 3 2 0 6 859 845 842 846
1802 3 2 0 6 257 3878 28 29
1803 3 2 0 6 3534 2750 777 779
1804 3 2 0 6 876 881 882 877
1805 3 2 0 6 831 817 816 3703
1806 3 2 0 6 1894 3091 4221 3092
1807 3 2 0 6 3740 2869 2868 2106
1808 3 2 0 6 3559 3284 4011 2217
1809 3 2 0 6 1365 3509 3560 1363
1810 3 2 0 6 4337 1169 4338 2832
1811 3 2 0 6 3528 681 536 545
1812 3 2 0 6 1988 3616 928 977
1813 3 2 0 6 3418 1348 1349 1350
1814 3 2 0 6 1709 1710 1780 1779
1815 3 2 0 6 1794 3497 1625 1626
1816 3 2 0 6 2731 2735 3039 2732
1817 3 2 0 6 1604 2158 3463 1786
1818 3 2 0 6 3053 3054 3055 3052
1819 3 2 0 6 1803 3273 3550 1801
1820 3 2 0 6 3436 1503 1502 1501
1821 3 2 0 6 1649 1646 1533 1532
1822 3 2 0 6 4415 3858 4528 3002
1823 3 2 0 6 1358 1346 1347 1348
1824 3 2 0 6 3274 3275 4151 4116
1825 3 2 0 6 920 917 916 918
1826 3 2 0 6 1038 1295 3678 1039
1827 3 2 0 6 403 402 3518 2236
1828 3 2 0 6 2577 2578 3051 2151
1829 3 2 0 6 2852 2403 1914 2402
1830 3 2 0 6 1585 1620 1917 1202
1831 3 2 0 6 3187 747 746 745
1832 3 2 0 6 3992 2440 2441 3093
1833 3 2 0 6 2963 2959 2387 2386
1834 3 2 0 6 3380 3486 547 541
1835 3 2 0 6 3329 799 796 795
1836 3 2 0 6 1062 1291 3690 1891
1837 3 2 0 6 2138 2139 2908 2783
1838 3 2 0 6 2264 2503 3540 1936
1839 3 2 0 6 3317 3316 3322 3318
1840 3 2 0 6 1335 1336 3513 1334
1841 3 2 0 6 3670 728 727 748
1842 3 2 0 6 2713 2049 2098 2712
1843 3 2 0 6 1978 1819 2214 2114
1844 3 2 0 6 618 620 623 622
1845 3 2 0 6 2283 2285 2287 2286
1846 3 2 0 6 1664 1906 2297 3555
1847 3 2 0 6 3056 3058 3059 3057
1848 3 2 0 6 432 434 435 433
1849 3 2 0 6 3310 3609 2142 2953
1850 3 2 0 6 1040 3836 2281 3844
1851 3 2 0 6 897 891 894 895
1852 3 2 0 6 3467 904 905 906
1853 3 2 0 6 1173 1208 3574 1172
1854 3 2 0 6 3676 2903 2403 2852
1855 3 2 0 6 1464 1668 1723 1367
1856 3 2 0 6 2107 2115 2116 2108
1857 3 2 0 6 1637 1680 1710 1709
1858 3 2 0 6 3735 1842 2075 2245
1859 3 2 0 6 1530 1531 1637 1636
1860 3 2 0 6 2115 2467 2468 2116
1861 3 2 0 6 2313 2312 3994 2362
1862 3 2 0 6 527 536 681 3548
1863 3 2 0 6 2995 2993 2992 2994
1864 3 2 0 6 3092 1049 1047 1894
1865 3 2 0 6 1338 1337 1410 1339
1866 3 2 0 6 3058 3060 3061 3059
1867 3 2 0 6 3532 739 741 764
1868 3 2 0 6 946 947 972 971
1869 3 2 0 6 1150 1148 1146 1149
1870 3 2 0 6 2026 851 3236 2027
1871 3 2 0 6 3218 3585 794 762
1872 3 2 0 6 1611 1071 1070 1069
1873 3 2 0 6 888 889 947 946
1874 3 2 0 6 1401 1404 1645 3637
1875 3 2 0 6 1536 1652 3668 1287
1876 3 2 0 6 3746 2340 4106 2916
1877 3 2 0 6 2997 2995 2994 2996
1878 3 2 0 6 2604 2124 1885 2082
1879 3 2 0 6 3524 1994 1496 3523
1880 3 2 0 6 2365 1958 1595 3539
1881 3 2 0 6 2333 3517 1950 1564
1882 3 2 0 6 1507 1595 1958 1594
1883 3 2 0 6 2009 2233 2234 1926
1884 3 2 0 6 818 837 4209 3250
1885 3 2 0 6 1036 1037 1173 1172
1886 3 2 0 6 2588 2050 1642 3501
1887 3 2 0 6 823 772 771 773
1888 3 2 0 6 695 679 675 680
1889 3 2 0 6 772 770 769 771
1890 3 2 0 6 1135 1519 1977 3566
1891 3 2 0 6 2167 802 800 799
1892 3 2 0 6 3279 3710 1224 1222
1893 3 2 0 6 1032 990 974 991
1894 3 2 0 6 1150 3295 3572 1148
1895 3 2 0 6 3930 2295 2296 2572
1896 3 2 0 6 1505 1507 1594 1506
1897 3 2 0 6 1958 2365 3102 2363
1898 3 2 0 6 3045 2447 2149 3025
1899 3 2 0 6 1395 3426 3420 3443
1900 3 2 0 6 1160 3481 3631 1159
1901 3 2 0 6 764 765 767 766
1902 3 2 0 6 2974 3520 1200 1527
1903 3 2 0 6 2279 2940 4597 2751
1904 3 2 0 6 1085 1086 1087 1084
1905 3 2 0 6 668 655 654 656
1906 3 2 0 6 710 712 889 888
1907 3 2 0 6 1178 1176 1175 1177
1908 3 2 0 6 1081 1082 1083 1080
1909 3 2 0 6 3287 3288 3292 1901
1910 3 2 0 6 1904 1663 3568 1913
1911 3 2 0 6 3282 2014 2015 2016
1912 3 2 0 6 2403 3539 1595 1914
1913 3 2 0 6 1209 1242 1531 1530
1914 3 2 0 6 1532 1396 1343 1395
1915 3 2 0 6 1158 1156 1154 1157
1916 3 2 0 6 3625 3223 3796 1442
1917 3 2 0 6 2196 2197 2341 2195
1918 3 2 0 6 3435 1014 1013 1015
1919 3 2 0 6 4349 1188 1118 1187
1920 3 2 0 6 1146 1144 1143 1145
1921 3 2 0 6 1232 1231 1230 1228
1922 3 2 0 6 1832 1833 1835 1834
1923 3 2 0 6 3944 3970 4626 2676
1924 3 2 0 6 2384 2268 2057 2267
1925 3 2 0 6 1015 1031 1037 1036
1926 3 2 0 6 2963 2386 1563 3801
1927 3 2 0 6 4578 2650 2165 2651
1928 3 2 0 6 3354 4549 2961 3595
1929 3 2 0 6 1910 1911 1991 1912
1930 3 2 0 6 1307 1306 1303 1305
1931 3 2 0 6 1340 3533 1342 1338
1932 3 2 0 6 487 715 716 714
1933 3 2 0 6 1138 1139 1141 1140
1934 3 2 0 6 1442 1282 1280 3625
1935 3 2 0 6 600 598 597 599
1936 3 2 0 6 962 959 958 960
1937 3 2 0 6 1322 929 3466 1323
1938 3 2 0 6 1614 460 461 462
1939 3 2 0 6 986 3582 2382 1065
1940 3 2 0 6 680 696 3529 695
1941 3 2 0 6 1826 3206 3204 3205
1942 3 2 0 6 3400 1384 3404 3401
1943 3 2 0 6 1346 1358 3420 3426
1944 3 2 0 6 2900 2899 2898 1285
1945 3 2 0 6 696 698 710 709
1946 3 2 0 6 1144 1142 1141 1143
1947 3 2 0 6 1488 2029 2394 3590
1948 3 2 0 6 3569 440 442 443
1949 3 2 0 6 2267 3978 3879 2384
1950 3 2 0 6 876 875 873 874
1951 3 2 0 6 1724 1902 1903 1725
1952 3 2 0 6 3559 449 450 451
1953 3 2 0 6 874 873 871 872
1954 3 2 0 6 3377 2744 2449 1712
1955 3 2 0 6 1213 2132 3331 3330
1956 3 2 0 6 1698 1883 3615 1884
1957 3 2 0 6 3131 3132 3133 3130
1958 3 2 0 6 2358 4214 4045 2594
1959 3 2 0 6 2538 1980 1678 1981
1960 3 2 0 6 3688 1479 1888 2295
1961 3 2 0 6 1445 1444 1289 1443
1962 3 2 0 6 3067 458 459 460
1963 3 2 0 6 1609 1499 1204 1203
1964 3 2 0 6 2197 2714 2772 2341
1965 3 2 0 6 1698 1697 2835 1883
1966 3 2 0 6 3545 1422 1559 1785
1967 3 2 0 6 3450 443 445 446
1968 3 2 0 6 1410 3544 1341 1339
1969 3 2 0 6 3044 592 586 575
1970 3 2 0 6 3479 1908 1909 1910
1971 3 2 0 6 3533 1340 1343 1396
1972 3 2 0 6 1523 1631 1632 1630
1973 3 2 0 6 2117 2871 2408 2921
1974 3 2 0 6 1782 1667 2307 1982
1975 3 2 0 6 1191 1193 3537 1192
1976 3 2 0 6 910 907 908 909
1977 3 2 0 6 1330 1332 4021 3284
1978 3 2 0 6 3535 2750 2191 2193
1979 3 2 0 6 456 1331 1332 1330
1980 3 2 0 6 2438 2440 3570 2437
1981 3 2 0 6 2884 2883 2855 2856
1982 3 2 0 6 1961 1335 1334 1333
1983 3 2 0 6 2024 2202 3709 2514
1984 3 2 0 6 1279 1280 1281 1276
1985 3 2 0 6 365 364 362 363
1986 3 2 0 6 1670 2028 2502 3592
1987 3 2 0 6 1354 1352 1351 1353
1988 3 2 0 6 1356 1354 1353 1355
1989 3 2 0 6 1092 1093 1095 1104
1990 3 2 0 6 3346 3342 260 3345
1991 3 2 0 6 2535 1785 1808 1809
1992 3 2 0 6 1677 1647 1533 1646
1993 3 2 0 6 3272 1095 1093 3510
1994 3 2 0 6 2886 2885 2883 2884
1995 3 2 0 6 2855 2669 3620 2856
1996 3 2 0 6 509 3217 3216 992
1997 3 2 0 6 3354 3352 3350 3353
1998 3 2 0 6 414 412 3563 415
1999 3 2 0 6 1437 1547 1665 1546
2000 3 2 0 6 1380 1378 1376 1377
2001 3 2 0 6 2957 1934 3990 2958
2002 3 2 0 6 3071 1935 2419 2956
2003 3 2 0 6 1088 1086 3600 1089
2004 3 2 0 6 1054 1055 3514 979
2005 3 2 0 6 480 476 3556 699
2006 3 2 0 6 3068 3066 3065 3063
2007 3 2 0 6 3159 3161 3164 3900
2008 3 2 0 6 4013 3983 3228 878
2009 3 2 0 6 1232 1228 1227 3760
2010 3 2 0 6 510 508 507 509
2011 3 2 0 6 3428 2392 1968 3427
2012 3 2 0 6 2388 2389 2390 1979
2013 3 2 0 6 1110 1112 1113 1111
2014 3 2 0 6 547 3486 3680 935
2015 3 2 0 6 1482 1308 1306 1307
2016 3 2 0 6 3176 3177 4014 3538
2017 3 2 0 6 1151 1363 3560 1152
2018 3 2 0 6 1501 1500 1444 1445
2019 3 2 0 6 733 883 3557 731
2020 3 2 0 6 2782 2781 2605 2780
2021 3 2 0 6 589 577 573 588
2022 3 2 0 6 1112 1114 1115 1113
2023 3 2 0 6 3130 3129 2473 2474
2024 3 2 0 6 3372 2053 1735 3371
2025 3 2 0 6 3052 3055 3064 3431
2026 3 2 0 6 2631 2630 3951 2632
2027 3 2 0 6 2632 2682 2710 2681
2028 3 2 0 6 354 353 351 352
2029 3 2 0 6 1162 1160 1158 1161
2030 3 2 0 6 872 871 869 870
2031 3 2 0 6 367 366 364 365
2032 3 2 0 6 3292 3501 1640 1901
2033 3 2 0 6 1280 1282 1288 1281
2034 3 2 0 6 2665 2664 2663 2048
2035 3 2 0 6 1832 1830 1829 1831
2036 3 2 0 6 2188 2189 2787 2187
2037 3 2 0 6 363 362 360 361
2038 3 2 0 6 1094 1096 3510 1093
2039 3 2 0 6 2181 3597 1362 2178
2040 3 2 0 6 2745 3427 1968 2008
2041 3 2 0 6 1078 1080 3465 1079
2042 3 2 0 6 2474 2473 2390 2391
2043 3 2 0 6 870 869 868 867
2044 3 2 0 6 1105 1110 1111 1109
2045 3 2 0 6 3629 3227 3118 2753
2046 3 2 0 6 441 1598 3556 472
2047 3 2 0 6 3062 3063 3065 3061
2048 3 2 0 6 1338 1342 3513 1336
2049 3 2 0 6 1786 1787 3609 1721
2050 3 2 0 6 1476 1123 988 3643
2051 3 2 0 6 3299 3300 3301 3298
2052 3 2 0 6 714 409 407 487
2053 3 2 0 6 1593 1856 2727 3690
2054 3 2 0 6 1197 1195 1166 1196
2055 3 2 0 6 1237 1239 1552 1238
2056 3 2 0 6 3531 3779 3681 2511
2057 3 2 0 6 3655 1549 1699 2444
2058 3 2 0 6 371 370 368 369
2059 3 2 0 6 1999 1706 2001 2000
2060 3 2 0 6 426 428 429 427
2061 3 2 0 6 428 430 431 429
2062 3 2 0 6 430 432 433 431
2063 3 2 0 6 3597 2181 2183 2450
2064 3 2 0 6 1951 1952 3552 1692
2065 3 2 0 6 612 2221 2685 2239
2066 3 2 0 6 1137 1053 1139 1138
2067 3 2 0 6 426 425 423 424
2068 3 2 0 6 811 810 1718 812
2069 3 2 0 6 1817 1818 1829 1828
2070 3 2 0 6 440 3569 1598 441
2071 3 2 0 6 2669 2668 2664 2665
2072 3 2 0 6 2148 2149 2447 2147
2073 3 2 0 6 3081 3082 4261 3080
2074 3 2 0 6 2323 1987 3743 2537
2075 3 2 0 6 715 487 3587 1394
2076 3 2 0 6 1257 1258 1259 1256
2077 3 2 0 6 1652 1536 3549 1819
2078 3 2 0 6 92 3553 252 91
2079 3 2 0 6 1808 2048 2663 2046
2080 3 2 0 6 2897 2631 2632 2681
2081 3 2 0 6 3175 3629 2170 2168
2082 3 2 0 6 907 906 905 3708
2083 3 2 0 6 917 914 915 916
2084 3 2 0 6 1424 1229 3738 1425
2085 3 2 0 6 1815 1816 1818 1817
2086 3 2 0 6 1966 1967 2008 1968
2087 3 2 0 6 2173 2172 3521 2174
2088 3 2 0 6 2252 2533 2534 2254
2089 3 2 0 6 3460 3552 1952 2595
2090 3 2 0 6 865 867 868 866
2091 3 2 0 6 1232 1233 1234 1231
2092 3 2 0 6 2619 2618 2591 2105
2093 3 2 0 6 424 423 421 422
2094 3 2 0 6 412 410 3562 3563
2095 3 2 0 6 890 885 894 891
2096 3 2 0 6 422 421 419 420
2097 3 2 0 6 2579 2089 1853 2050
2098 3 2 0 6 2638 2585 1949 2240
2099 3 2 0 6 1301 3051 3052 3431
2100 3 2 0 6 714 3562 410 409
2101 3 2 0 6 2212 3506 1522 2209
2102 3 2 0 6 2532 2314 3504 2649
2103 3 2 0 6 1291 1290 3483 1592
2104 3 2 0 6 1484 1381 1378 1380
2105 3 2 0 6 2480 2479 1797 2271
2106 3 2 0 6 2047 1809 1808 2046
2107 3 2 0 6 879 854 884 880
2108 3 2 0 6 1279 1287 3625 1280
2109 3 2 0 6 1732 1730 1729 1731
2110 3 2 0 6 2535 1809 2047 3564
2111 3 2 0 6 1813 1814 1816 1815
2112 3 2 0 6 2855 2854 2668 2669
2113 3 2 0 6 1235 1237 1238 1236
2114 3 2 0 6 1344 1341 3544 1345
2115 3 2 0 6 1400 1401 3637 1399
2116 3 2 0 6 3506 1523 1491 1522
2117 3 2 0 6 1098 2152 3510 1096
2118 3 2 0 6 897 895 899 898
2119 3 2 0 6 1522 1491 1489 1490
2120 3 2 0 6 2849 2494 2453 2495
2121 3 2 0 6 1992 1991 2366 2315
2122 3 2 0 6 990 1032 1170 3648
2123 3 2 0 6 403 2236 405 404
2124 3 2 0 6 2247 2274 3604 1839
2125 3 2 0 6 3876 1943 1296 3675
2126 3 2 0 6 1743 1742 2405 2041
2127 3 2 0 6 839 865 866 856
2128 3 2 0 6 3056 3057 3064 3055
2129 3 2 0 6 898 899 901 900
2130 3 2 0 6 1425 1591 3682 1424
2131 3 2 0 6 430 428 444 3490
2132 3 2 0 6 2117 3409 3561 2922
2133 3 2 0 6 3489 3137 2417 3138
2134 3 2 0 6 1803 1804 1814 1813
2135 3 2 0 6 3349 3346 3345 3348
2136 3 2 0 6 361 360 358 359
2137 3 2 0 6 1249 1250 1928 1248
2138 3 2 0 6 3779 961 1128 3681
2139 3 2 0 6 1334 1385 3679 1333
2140 3 2 0 6 655 648 653 654
2141 3 2 0 6 1199 1197 1196 1198
2142 3 2 0 6 1553 1692 3552 1693
2143 3 2 0 6 3298 3297 2479 2480
2144 3 2 0 6 1096 1094 3640 1097
2145 3 2 0 6 1161 1186 3512 1162
2146 3 2 0 6 1258 1260 1285 1259
2147 3 2 0 6 1511 4350 3136 4371
2148 3 2 0 6 3442 447 2475 2476
2149 3 2 0 6 1697 1698 3897 1205
2150 3 2 0 6 359 358 356 357
2151 3 2 0 6 530 3430 3628 540
2152 3 2 0 6 617 607 619 618
2153 3 2 0 6 3556 476 475 472
2154 3 2 0 6 3536 1136 1135 1134
2155 3 2 0 6 1348 1347 1449 1349
2156 3 2 0 6 3568 1663 1648 1647
2157 3 2 0 6 3522 484 483 480
2158 3 2 0 6 1938 3519 1186 1622
2159 3 2 0 6 3545 1420 1421 1422
2160 3 2 0 6 1906 1907 1909 1908
2161 3 2 0 6 1233 1235 1236 1234
2162 3 2 0 6 1325 1323 3466 1326
2163 3 2 0 6 416 418 419 417
2164 3 2 0 6 3332 3334 4052 1923
2165 3 2 0 6 1733 1965 1967 1966
2166 3 2 0 6 1210 1201 1513 1211
2167 3 2 0 6 1424 3682 3302 3760
2168 3 2 0 6 904 3467 3466 929
2169 3 2 0 6 1110 3272 3081 1717
2170 3 2 0 6 1801 1802 1804 1803
2171 3 2 0 6 825 3370 4026 829
2172 3 2 0 6 401 402 3583 400
2173 3 2 0 6 4631 390 392 1414
2174 3 2 0 6 760 761 1448 758
2175 3 2 0 6 1772 3542 3638 1416
2176 3 2 0 6 3269 953 982 3653
2177 3 2 0 6 2291 1520 1518 1136
2178 3 2 0 6 2078 2077 2950 2095
2179 3 2 0 6 1451 1423 1422 1421
2180 3 2 0 6 1422 1423 1580 1559
2181 3 2 0 6 2665 2048 1808 3603
2182 3 2 0 6 1222 1223 1581 1221
2183 3 2 0 6 454 453 457 455
2184 3 2 0 6 1785 1559 3603 1808
2185 3 2 0 6 3627 3205 3204 3202
2186 3 2 0 6 1296 1038 981 3675
2187 3 2 0 6 1919 3667 1003 1387
2188 3 2 0 6 2348 1998 2350 2349
2189 3 2 0 6 916 915 1417 919
2190 3 2 0 6 1980 1365 1565 1678
2191 3 2 0 6 2975 2878 2490 2414
2192 3 2 0 6 1428 1429 1645 1404
2193 3 2 0 6 414 413 411 412
2194 3 2 0 6 1731 1733 3580 1732
2195 3 2 0 6 906 3469 3468 3467
2196 3 2 0 6 1282 1289 3635 1288
2197 3 2 0 6 2603 1838 1432 609
2198 3 2 0 6 498 493 491 495
2199 3 2 0 6 1505 1506 2004 1504
2200 3 2 0 6 412 411 408 410
2201 3 2 0 6 415 416 417 414
2202 3 2 0 6 2254 2253 2251 2252
2203 3 2 0 6 3467 3468 3658 3466
2204 3 2 0 6 618 619 630 620
2205 3 2 0 6 3603 3620 2669 2665
2206 3 2 0 6 2314 2016 2015 2017
2207 3 2 0 6 1239 1553 3579 1552
2208 3 2 0 6 2363 2022 1594 1958
2209 3 2 0 6 1992 2317 4007 3416
2210 3 2 0 6 1356 1355 1472 1357
2211 3 2 0 6 647 636 653 648
2212 3 2 0 6 2268 2384 4185 2385
2213 3 2 0 6 2338 3964 2809 3948
2214 3 2 0 6 1519 1135 1136 1518
2215 3 2 0 6 2992 2993 3936 2991
2216 3 2 0 6 3612 730 728 3670
2217 3 2 0 6 1590 1970 1972 1971
2218 3 2 0 6 2772 773 774 775
2219 3 2 0 6 612 2023 2674 2221
2220 3 2 0 6 3146 956 969 970
2221 3 2 0 6 3616 1988 2621 2622
2222 3 2 0 6 900 901 3611 902
2223 3 2 0 6 1664 1905 1907 1906
2224 3 2 0 6 1938 1622 1676 1937
2225 3 2 0 6 4192 2939 2885 2888
2226 3 2 0 6 3098 3097 2564 2080
2227 3 2 0 6 4621 2762 2444 1699
2228 3 2 0 6 397 398 3610 396
2229 3 2 0 6 3667 1919 2408 2871
2230 3 2 0 6 2458 3678 1295 1713
2231 3 2 0 6 1771 1799 1802 1801
2232 3 2 0 6 523 524 1781 522
2233 3 2 0 6 911 909 3638 912
2234 3 2 0 6 2019 2021 2098 2049
2235 3 2 0 6 2240 1763 1552 3579
2236 3 2 0 6 472 471 439 441
2237 3 2 0 6 3724 2067 1878 2395
2238 3 2 0 6 2636 2174 3521 3071
2239 3 2 0 6 3953 2685 3475 4585
2240 3 2 0 6 2244 1419 1418 1417
2241 3 2 0 6 279 3010 3009 3008
2242 3 2 0 6 393 394 3598 392
2243 3 2 0 6 744 743 740 742
2244 3 2 0 6 2242 1751 1281 1288
2245 3 2 0 6 2538 1981 2540 2539
2246 3 2 0 6 1592 1593 3690 1291
2247 3 2 0 6 3591 2165 1839 1838
2248 3 2 0 6 1275 1276 3674 1274
2249 3 2 0 6 3617 1134 987 957
2250 3 2 0 6 1289 1444 1671 3635
2251 3 2 0 6 3364 1316 1317 1318
2252 3 2 0 6 1014 1001 1012 1013
2253 3 2 0 6 3643 1873 1606 1476
2254 3 2 0 6 3048 1181 1388 1389
2255 3 2 0 6 3028 789 791 792
2256 3 2 0 6 1006 954 955 956
2257 3 2 0 6 3495 1145 1521 1761
2258 3 2 0 6 3648 1708 1712 2449
2259 3 2 0 6 1983 919 1417 1418
2260 3 2 0 6 1796 1797 3682 1591
2261 3 2 0 6 2012 2013 2015 2014
2262 3 2 0 6 1429 1948 2418 1645
2263 3 2 0 6 2011 1674 2013 2012
2264 3 2 0 6 715 717 718 716
2265 3 2 0 6 26 27 3695 291
2266 3 2 0 6 793 785 786 787
2267 3 2 0 6 3555 1648 1663 1664
2268 3 2 0 6 3412 707 892 893
2269 3 2 0 6 497 507 508 503
2270 3 2 0 6 3502 783 784 785
2271 3 2 0 6 3620 3603 1559 1580
2272 3 2 0 6 3255 605 613 614
2273 3 2 0 6 3604 1432 1838 1839
2274 3 2 0 6 1120 3487 1517 1119
2275 3 2 0 6 589 3622 1438 591
2276 3 2 0 6 3573 652 662 663
2277 3 2 0 6 1075 1074 1072 1073
2278 3 2 0 6 1540 1360 1696 1541
2279 3 2 0 6 911 912 3594 913
2280 3 2 0 6 3678 2458 2972 3429
2281 3 2 0 6 1977 1519 1752 1805
2282 3 2 0 6 3562 714 716 1744
2283 3 2 0 6 2791 3672 1850 3736
2284 3 2 0 6 1324 1714 2477 3700
2285 3 2 0 6 519 3432 3404 1384
2286 3 2 0 6 3835 3670 748 3737
2287 3 2 0 6 588 573 565 3606
2288 3 2 0 6 1540 1541 3672 1667
2289 3 2 0 6 2857 2134 2106 2868
2290 3 2 0 6 907 3708 1004 908
2291 3 2 0 6 588 612 3622 589
2292 3 2 0 6 1392 781 782 783
2293 3 2 0 6 1663 1904 1905 1664
2294 3 2 0 6 2722 2727 1856 2058
2295 3 2 0 6 1452 3720 2227 1766
2296 3 2 0 6 2586 1956 1984 2225
2297 3 2 0 6 668 656 671 669
2298 3 2 0 6 2936 2690 2101 2103
2299 3 2 0 6 2494 2032 2452 2453
2300 3 2 0 6 2650 2247 1839 2165
2301 3 2 0 6 2424 1974 2422 2423
2302 3 2 0 6 1961 3804 1337 1335
2303 3 2 0 6 612 588 3606 2023
2304 3 2 0 6 675 679 3923 674
2305 3 2 0 6 2785 2371 2086 2370
2306 3 2 0 6 1163 1165 1202 3696
2307 3 2 0 6 2243 447 416 415
2308 3 2 0 6 3158 3162 563 4050
2309 3 2 0 6 3253 614 626 627
2310 3 2 0 6 2177 3530 3011 2179
2311 3 2 0 6 2255 1676 1622 1440
2312 3 2 0 6 2333 1564 1529 1450
2313 3 2 0 6 914 913 3594 915
2314 3 2 0 6 1073 1072 1070 1071
2315 3 2 0 6 1323 1324 3700 1322
2316 3 2 0 6 2674 2023 3606 2675
2317 3 2 0 6 2546 2545 1751 2242
2318 3 2 0 6 3534 779 780 781
2319 3 2 0 6 1694 1296 1943 1695
2320 3 2 0 6 1202 1917 2490 3696
2321 3 2 0 6 1754 1528 654 653
2322 3 2 0 6 1331 1333 3679 1332
2323 3 2 0 6 725 727 728 726
2324 3 2 0 6 1618 3302 2479 3297
2325 3 2 0 6 2204 2203 2775 2205
2326 3 2 0 6 2256 2031 1850 1696
2327 3 2 0 6 1420 1419 3618 1421
2328 3 2 0 6 1162 3512 3607 1164
2329 3 2 0 6 408 406 405 407
2330 3 2 0 6 1419 1420 3624 1418
2331 3 2 0 6 918 916 919 3608
2332 3 2 0 6 1994 1494 1495 1496
2333 3 2 0 6 3145 970 1022 1023
2334 3 2 0 6 453 451 450 452
2335 3 2 0 6 943 944 957 945
2336 3 2 0 6 449 446 445 448
2337 3 2 0 6 3566 987 1134 1135
2338 3 2 0 6 1387 1386 3720 1452
2339 3 2 0 6 990 972 973 974
2340 3 2 0 6 2145 2147 2447 3602
2341 3 2 0 6 1010 2312 2313 1837
2342 3 2 0 6 649 627 639 640
2343 3 2 0 6 1346 1345 3654 1347
2344 3 2 0 6 2201 558 566 567
2345 3 2 0 6 1622 1186 1161 1440
2346 3 2 0 6 2308 2307 2791 2789
2347 3 2 0 6 3216 3217 3516 4082
2348 3 2 0 6 3567 3647 987 3566
2349 3 2 0 6 410 408 407 409
2350 3 2 0 6 3532 737 738 739
2351 3 2 0 6 3557 729 730 731
2352 3 2 0 6 1722 735 736 737
2353 3 2 0 6 1164 3607 1196 1166
2354 3 2 0 6 721 723 724 722
2355 3 2 0 6 1918 2414 2490 1917
2356 3 2 0 6 1227 1224 3710 1229
2357 3 2 0 6 405 406 1431 404
2358 3 2 0 6 2122 2693 2695 2123
2359 3 2 0 6 674 672 3633 675
2360 3 2 0 6 2733 1623 3725 2734
2361 3 2 0 6 465 462 461 463
2362 3 2 0 6 2142 2145 3602 2953
2363 3 2 0 6 723 725 726 724
2364 3 2 0 6 2303 1772 1773 1793
2365 3 2 0 6 1667 3672 2791 2307
2366 3 2 0 6 717 719 720 718
2367 3 2 0 6 1402 3722 1740 1551
2368 3 2 0 6 469 465 463 467
2369 3 2 0 6 474 469 467 473
2370 3 2 0 6 455 457 459 458
2371 3 2 0 6 1984 1956 1528 1754
2372 3 2 0 6 1145 3495 1149 1146
2373 3 2 0 6 3719 2242 1288 3635
2374 3 2 0 6 1757 506 526 527
2375 3 2 0 6 1715 2375 2477 1714
2376 3 2 0 6 904 902 3611 905
2377 3 2 0 6 2949 2176 1726 3973
2378 3 2 0 6 137 282 4113 136
2379 3 2 0 6 1401 1400 3722 1402
2380 3 2 0 6 3528 545 557 558
2381 3 2 0 6 478 474 473 477
2382 3 2 0 6 1407 1408 3514 1055
2383 3 2 0 6 719 721 722 720
2384 3 2 0 6 1773 2106 2134 1892
2385 3 2 0 6 426 427 464 425
2386 3 2 0 6 811 3250 4266 1297
2387 3 2 0 6 1652 1979 2390 3668
2388 3 2 0 6 1069 1068 1066 1067
2389 3 2 0 6 543 533 532 537
2390 3 2 0 6 3105 3791 1331 456
2391 3 2 0 6 2244 1417 915 3594
2392 3 2 0 6 669 671 686 672
2393 3 2 0 6 1363 1364 1565 1365
2394 3 2 0 6 1549 1623 2733 1699
2395 3 2 0 6 3298 2480 3915 3299
2396 3 2 0 6 945 957 987 958
2397 3 2 0 6 671 2257 2691 686
2398 3 2 0 6 2240 1949 1927 1763
2399 3 2 0 6 754 753 750 752
2400 3 2 0 6 1893 1793 1773 1892
2401 3 2 0 6 2328 2327 3764 2536
2402 3 2 0 6 4063 2075 1842 2074
2403 3 2 0 6 1532 1533 3663 1396
2404 3 2 0 6 2105 2104 1805 1752
2405 3 2 0 6 3850 2449 2744 2979
2406 3 2 0 6 504 498 495 499
2407 3 2 0 6 1760 2122 2123 2121
2408 3 2 0 6 1678 1565 2309 1861
2409 3 2 0 6 3363 481 478 477
2410 3 2 0 6 86 87 296 3584
2411 3 2 0 6 1000 963 1012 1001
2412 3 2 0 6 899 895 894 3699
2413 3 2 0 6 1276 1281 1751 3674
2414 3 2 0 6 3323 1618 3297 3913
2415 3 2 0 6 922 705 685 703
2416 3 2 0 6 478 481 485 482
2417 3 2 0 6 1123 1129 1300 1002
2418 3 2 0 6 1067 1066 1064 1065
2419 3 2 0 6 482 485 490 486
2420 3 2 0 6 3576 3654 1345 3544
2421 3 2 0 6 1763 1666 1238 1552
2422 3 2 0 6 977 976 1025 1024
2423 3 2 0 6 909 908 1416 3638
2424 3 2 0 6 3091 3089 4353 4358
2425 3 2 0 6 698 696 680 697
2426 3 2 0 6 752 750 746 747
2427 3 2 0 6 3456 3579 1553 1693
2428 3 2 0 6 2745 2008 2356 2357
2429 3 2 0 6 1198 1549 3655 1199
2430 3 2 0 6 2157 2320 2322 2156
2431 3 2 0 6 831 3703 833 832
2432 3 2 0 6 1625 1551 1740 1626
2433 3 2 0 6 1176 1023 1174 1175
2434 3 2 0 6 2819 3241 1791 3880
2435 3 2 0 6 2850 2679 2074 2076
2436 3 2 0 6 413 414 417 3619
2437 3 2 0 6 3575 1439 1881 1882
2438 3 2 0 6 591 1438 3646 593
2439 3 2 0 6 598 583 596 597
2440 3 2 0 6 373 374 1511 372
2441 3 2 0 6 1106 1107 3762 1103
2442 3 2 0 6 1158 3694 1440 1161
2443 3 2 0 6 726 728 730 729
2444 3 2 0 6 4467 3110 4408 2593
2445 3 2 0 6 2485 1882 2483 2484
2446 3 2 0 6 3243 1487 1486 1485
2447 3 2 0 6 533 525 505 532
2448 3 2 0 6 4596 3988 1249 1283
2449 3 2 0 6 3233 3828 1382 3356
2450 3 2 0 6 486 490 3636 491
2451 3 2 0 6 552 543 537 551
2452 3 2 0 6 540 3628 934 550
2453 3 2 0 6 593 3646 619 607
2454 3 2 0 6 349 348 4566 350
2455 3 2 0 6 870 867 4020 1299
2456 3 2 0 6 2898 2258 1259 1285
2457 3 2 0 6 2228 1955 1766 2227
2458 3 2 0 6 609 1432 3632 452
2459 3 2 0 6 1732 3580 3371 1735
2460 3 2 0 6 1718 3596 819 812
2461 3 2 0 6 2485 2484 2721 2635
2462 3 2 0 6 2545 2547 3674 1751
2463 3 2 0 6 1228 1230 3621 1225
2464 3 2 0 6 604 603 613 605
2465 3 2 0 6 2419 1935 2957 2418
2466 3 2 0 6 3295 1361 1367 3739
2467 3 2 0 6 2375 2767 3464 2477
2468 3 2 0 6 2428 2265 1927 2427
2469 3 2 0 6 138 3750 282 137
2470 3 2 0 6 452 3632 457 453
2471 3 2 0 6 2881 2128 2339 2340
2472 3 2 0 6 1696 1850 3672 1541
2473 3 2 0 6 2402 1915 3945 2404
2474 3 2 0 6 3570 3794 1890 2437
2475 3 2 0 6 3222 3758 3224 3221
2476 3 2 0 6 1811 1936 2055 1812
2477 3 2 0 6 2411 1447 1650 1651
2478 3 2 0 6 744 745 1753 743
2479 3 2 0 6 1376 3752 896 1373
2480 3 2 0 6 1254 1430 3623 1252
2481 3 2 0 6 908 1004 1574 1416
2482 3 2 0 6 1437 1436 1434 1435
2483 3 2 0 6 1546 1545 1436 1437
2484 3 2 0 6 2139 1686 1409 2920
2485 3 2 0 6 377 378 561 376
2486 3 2 0 6 1306 3737 748 1303
2487 3 2 0 6 3325 203 204 302
2488 3 2 0 6 707 3412 1922 932
2489 3 2 0 6 1256 3729 1430 1254
2490 3 2 0 6 968 967 882 949
2491 3 2 0 6 3751 2441 2440 2438
2492 3 2 0 6 2492 2908 2139 2920
2493 3 2 0 6 2076 2074 1842 1841
2494 3 2 0 6 3666 718 720 1009
2495 3 2 0 6 1252 3623 1928 1250
2496 3 2 0 6 1425 3738 2001 1706
2497 3 2 0 6 1647 1648 3663 1533
2498 3 2 0 6 930 2299 3586 858
2499 3 2 0 6 801 794 3585 810
2500 3 2 0 6 2619 2105 1752 3702
2501 3 2 0 6 1416 1574 1773 1772
2502 3 2 0 6 1246 1248 1928 3626
2503 3 2 0 6 2050 1853 1670 1642
2504 3 2 0 6 712 710 698 711
2505 3 2 0 6 2311 1861 2309 2310
2506 3 2 0 6 3676 722 724 3777
2507 3 2 0 6 630 619 3646 2250
2508 3 2 0 6 3122 3123 4440 304
2509 3 2 0 6 2875 2564 3097 4510
2510 3 2 0 6 3498 839 838 822
2511 3 2 0 6 1150 1149 3673 1151
2512 3 2 0 6 1639 1640 1641 1483
2513 3 2 0 6 1468 1683 2515 3782
2514 3 2 0 6 1225 3621 1581 1223
2515 3 2 0 6 1435 1434 964 1433
2516 3 2 0 6 460 459 1469 461
2517 3 2 0 6 2049 3639 2017 2019
2518 3 2 0 6 635 623 3671 636
2519 3 2 0 6 2320 2748 2749 2322
2520 3 2 0 6 3154 3155 3880 1791
2521 3 2 0 6 1641 1640 3501 1642
2522 3 2 0 6 2265 1666 1763 1927
2523 3 2 0 6 1506 1594 2022 3652
2524 3 2 0 6 865 1607 4020 867
2525 3 2 0 6 957 944 3757 3617
2526 3 2 0 6 2473 3223 3668 2390
2527 3 2 0 6 403 608 3583 402
2528 3 2 0 6 1316 3364 2220 1702
2529 3 2 0 6 1746 1745 1311 1573
2530 3 2 0 6 2017 3639 3504 2314
2531 3 2 0 6 3642 820 804 797
2532 3 2 0 6 1727 1728 3731 1729
2533 3 2 0 6 687 700 926 704
2534 3 2 0 6 2102 3247 4611 2654
2535 3 2 0 6 616 3127 594 615
2536 3 2 0 6 3623 1430 4193 3012
2537 3 2 0 6 3048 2141 4083 3049
2538 3 2 0 6 2310 2337 2628 2507
2539 3 2 0 6 1724 1725 2482 1723
2540 3 2 0 6 1044 3966 2510 3985
2541 3 2 0 6 1626 1740 2090 1741
2542 3 2 0 6 1360 1357 1472 3689
2543 3 2 0 6 3462 1580 1423 3755
2544 3 2 0 6 799 3329 3893 2167
2545 3 2 0 6 3665 1454 477 473
2546 3 2 0 6 1244 1246 3626 1931
2547 3 2 0 6 1184 1185 3681 1128
2548 3 2 0 6 901 899 3699 1750
2549 3 2 0 6 1367 1723 2482 3739
2550 3 2 0 6 2550 1778 2092 2093
2551 3 2 0 6 1484 1485 1486 1381
2552 3 2 0 6 1199 3655 1513 1201
2553 3 2 0 6 2394 2029 2035 2393
2554 3 2 0 6 85 86 3584 331
2555 3 2 0 6 2692 3633 672 686
2556 3 2 0 6 3312 3306 4631 2741
2557 3 2 0 6 1965 1733 1731 1964
2558 3 2 0 6 3575 3636 490 1439
2559 3 2 0 6 1229 1424 3760 1227
2560 3 2 0 6 960 958 987 3647
2561 3 2 0 6 1792 1811 1812 1810
2562 3 2 0 6 3612 732 731 730
2563 3 2 0 6 789 787 786 788
2564 3 2 0 6 1832 1831 1836 1833
2565 3 2 0 6 731 732 734 733
2566 3 2 0 6 1564 1950 2505 1795
2567 3 2 0 6 742 740 739 738
2568 3 2 0 6 1761 1521 2276 1843
2569 3 2 0 6 2260 413 3619 2558
2570 3 2 0 6 3075 2098 2379 2763
2571 3 2 0 6 1433 964 712 711
2572 3 2 0 6 1769 2548 3802 1767
2573 3 2 0 6 2935 584 582 566
2574 3 2 0 6 1635 1634 1633 1632
2575 3 2 0 6 2060 1835 2063 2062
2576 3 2 0 6 2364 4178 3652 2022
2577 3 2 0 6 1938 1937 3789 2522
2578 3 2 0 6 3808 3718 1666 2265
2579 3 2 0 6 692 693 3986 677
2580 3 2 0 6 1797 2479 3302 3682
2581 3 2 0 6 1981 1678 1861 3660
2582 3 2 0 6 848 782 781 780
2583 3 2 0 6 2019 2017 2015 2018
2584 3 2 0 6 809 815 1986 816
2585 3 2 0 6 1898 2112 2463 1897
2586 3 2 0 6 706 694 892 707
2587 3 2 0 6 4349 2516 2065 2720
2588 3 2 0 6 1849 1933 2416 1932
2589 3 2 0 6 779 777 776 778
2590 3 2 0 6 982 1244 1931 3653
2591 3 2 0 6 2231 2230 2429 2232
2592 3 2 0 6 1510 3651 1131 994
2593 3 2 0 6 1980 2538 3946 3780
2594 3 2 0 6 3642 797 792 791
2595 3 2 0 6 1329 1326 3466 3658
2596 3 2 0 6 1603 1329 3658 1738
2597 3 2 0 6 413 2260 3644 411
2598 3 2 0 6 1427 1930 3649 1662
2599 3 2 0 6 656 654 1528 3697
2600 3 2 0 6 1933 2417 3137 2416
2601 3 2 0 6 3355 3353 3695 3878
2602 3 2 0 6 1575 1576 3756 1292
2603 3 2 0 6 1662 3649 2950 2077
2604 3 2 0 6 2107 2108 2109 1903
2605 3 2 0 6 3835 3737 1306 1959
2606 3 2 0 6 472 475 2275 471
2607 3 2 0 6 832 833 841 834
2608 3 2 0 6 2487 2095 2950 3656
2609 3 2 0 6 1208 1173 1241 1209
2610 3 2 0 6 917 920 961 3779
2611 3 2 0 6 2256 1696 1360 3689
2612 3 2 0 6 396 466 3598 394
2613 3 2 0 6 2454 1824 1739 1558
2614 3 2 0 6 1031 1015 1013 1030
2615 3 2 0 6 883 3558 3975 3557
2616 3 2 0 6 943 921 3757 944
2617 3 2 0 6 1399 3637 3855 2222
2618 3 2 0 6 1591 1705 3955 1796
2619 3 2 0 6 3752 1376 1378 1942
2620 3 2 0 6 2867 2487 3656 2941
2621 3 2 0 6 476 480 483 479
2622 3 2 0 6 1556 1526 1133 1525
2623 3 2 0 6 636 3671 1754 653
2624 3 2 0 6 400 1415 3610 398
2625 3 2 0 6 1030 1450 1529 1240
2626 3 2 0 6 806 805 3764 807
2627 3 2 0 6 1848 1517 3487 2198
2628 3 2 0 6 2412 2493 3955 1999
2629 3 2 0 6 4023 3973 1727 3541
2630 3 2 0 6 2332 2331 1965 1964
2631 3 2 0 6 3608 3757 921 918
2632 3 2 0 6 594 3839 661 615
2633 3 2 0 6 792 797 804 798
2634 3 2 0 6 840 830 827 829
2635 3 2 0 6 2020 2018 3784 2555
2636 3 2 0 6 2454 1558 1079 3465
2637 3 2 0 6 550 934 3793 556
2638 3 2 0 6 2501 2500 2028 1985
2639 3 2 0 6 3274 4059 3550 3273
2640 3 2 0 6 2612 2624 2133 1847
2641 3 2 0 6 1365 1980 3780 3509
2642 3 2 0 6 2909 229 230 301
2643 3 2 0 6 2257 671 656 3697
2644 3 2 0 6 1119 1033 1190 1120
2645 3 2 0 6 496 502 526 506
2646 3 2 0 6 3592 1641 1642 1670
2647 3 2 0 6 2031 2032 3736 1850
2648 3 2 0 6 404 3664 608 403
2649 3 2 0 6 3859 3842 1877 2489
2650 3 2 0 6 2346 2200 2877 2347
2651 3 2 0 6 834 841 858 842
2652 3 2 0 6 999 2259 2795 2608
2653 3 2 0 6 3383 3692 1674 1321
2654 3 2 0 6 2028 1670 1853 1985
2655 3 2 0 6 813 803 800 802
2656 3 2 0 6 2386 1860 1859 1563
2657 3 2 0 6 2911 753 3815 3408
2658 3 2 0 6 2085 2086 3681 1185
2659 3 2 0 6 4241 2814 4338 1169
2660 3 2 0 6 1103 3762 2523 3890
2661 3 2 0 6 536 527 526 535
2662 3 2 0 6 856 855 838 839
2663 3 2 0 6 820 822 838 821
2664 3 2 0 6 2769 2207 2144 2568
2665 3 2 0 6 1028 1029 1171 1027
2666 3 2 0 6 375 376 3707 374
2667 3 2 0 6 739 740 3726 741
2668 3 2 0 6 2323 2259 999 1987
2669 3 2 0 6 637 641 664 659
2670 3 2 0 6 1519 1518 3702 1752
2671 3 2 0 6 1426 1382 3828 1427
2672 3 2 0 6 545 536 535 544
2673 3 2 0 6 3588 1989 1969 1589
2674 3 2 0 6 1256 1259 2258 3729
2675 3 2 0 6 1034 1043 1046 998
2676 3 2 0 6 2630 2629 2094 1989
2677 3 2 0 6 1363 1151 3673 1364
2678 3 2 0 6 1890 2436 2438 2437
2679 3 2 0 6 1729 3731 1964 1731
2680 3 2 0 6 583 567 566 582
2681 3 2 0 6 2758 2759 3788 2213
2682 3 2 0 6 2269 1750 3699 2270
2683 3 2 0 6 2021 2019 2018 2020
2684 3 2 0 6 2935 566 558 557
2685 3 2 0 6 3496 2006 2005 1634
2686 3 2 0 6 435 437 3759 1470
2687 3 2 0 6 2625 2451 2268 2385
2688 3 2 0 6 3902 2881 2340 3746
2689 3 2 0 6 962 960 3781 963
2690 3 2 0 6 1078 1079 1557 1077
2691 3 2 0 6 3236 3237 4590 2027
2692 3 2 0 6 2449 3850 990 3648
2693 3 2 0 6 571 575 586 574
2694 3 2 0 6 1687 1577 1460 1461
2695 3 2 0 6 1843 2276 2278 2277
2696 3 2 0 6 484 489 496 488
2697 3 2 0 6 2647 2001 3738 2648
2698 3 2 0 6 1438 3827 2250 3646
2699 3 2 0 6 1770 1800 2056 1798
2700 3 2 0 6 1562 1496 1495 1561
2701 3 2 0 6 437 439 471 3759
2702 3 2 0 6 541 547 548 542
2703 3 2 0 6 489 497 502 496
2704 3 2 0 6 1961 1333 1331 3791
2705 3 2 0 6 1461 1460 621 1459
2706 3 2 0 6 1459 621 597 596
2707 3 2 0 6 371 372 3783 370
2708 3 2 0 6 864 938 983 937
2709 3 2 0 6 565 3793 2675 3606
2710 3 2 0 6 1800 2057 2576 2056
2711 3 2 0 6 1748 1747 1745 1746
2712 3 2 0 6 1004 1758 3740 1574
2713 3 2 0 6 3370 825 814 824
2714 3 2 0 6 3567 3781 960 3647
2715 3 2 0 6 3874 3841 620 630
2716 3 2 0 6 2241 1433 711 3677
2717 3 2 0 6 1539 3951 3588 3818
2718 3 2 0 6 1027 1026 967 968
2719 3 2 0 6 1549 1198 3725 1623
2720 3 2 0 6 172 288 4219 171
2721 3 2 0 6 2498 1887 2066 2497
2722 3 2 0 6 3634 3721 675 3633
2723 3 2 0 6 2528 3673 1149 3495
2724 3 2 0 6 3590 1486 1487 1488
2725 3 2 0 6 824 814 803 813
2726 3 2 0 6 850 847 830 840
2727 3 2 0 6 3223 2473 3129 3796
2728 3 2 0 6 2113 2213 3742 2112
2729 3 2 0 6 564 556 3793 565
2730 3 2 0 6 452 450 3754 609
2731 3 2 0 6 406 408 411 3644
2732 3 2 0 6 3492 2844 2843 345
2733 3 2 0 6 3001 153 154 3958
2734 3 2 0 6 3162 554 562 563
2735 3 2 0 6 4139 3375 4167 1005
2736 3 2 0 6 2509 2431 2306 2334
2737 3 2 0 6 504 499 1473 505
2738 3 2 0 6 697 3677 711 698
2739 3 2 0 6 1676 2070 3789 1937
2740 3 2 0 6 1457 1456 3698 1458
2741 3 2 0 6 1799 1771 1770 1798
2742 3 2 0 6 3538 1108 1497 1498
2743 3 2 0 6 1205 1034 3571 1697
2744 3 2 0 6 1841 1842 3735 1545
2745 3 2 0 6 1589 1497 3818 3588
2746 3 2 0 6 683 682 665 666
2747 3 2 0 6 1065 1064 1063 986
2748 3 2 0 6 627 626 1010 639
2749 3 2 0 6 954 952 1774 955
2750 3 2 0 6 3542 3833 912 3638
2751 3 2 0 6 1754 3671 3841 2527
2752 3 2 0 6 649 640 3711 650
2753 3 2 0 6 754 756 3605 759
2754 3 2 0 6 1198 1196 3607 3725
2755 3 2 0 6 931 994 1130 993
2756 3 2 0 6 3582 986 985 925
2757 3 2 0 6 2884 2887 4117 2886
2758 3 2 0 6 1273 1274 3819 1272
2759 3 2 0 6 547 553 554 548
2760 3 2 0 6 1236 1238 1666 3718
2761 3 2 0 6 601 599 3641 1776
2762 3 2 0 6 970 969 1056 1022
2763 3 2 0 6 3116 4078 4119 2261
2764 3 2 0 6 841 886 930 858
2765 3 2 0 6 756 758 1448 3605
2766 3 2 0 6 692 677 676 691
2767 3 2 0 6 3798 3508 4525 284
2768 3 2 0 6 1577 1578 3733 1460
2769 3 2 0 6 1680 1637 1531 1679
2770 3 2 0 6 1863 1656 1654 1862
2771 3 2 0 6 1557 1739 2092 1778
2772 3 2 0 6 2948 109 110 268
2773 3 2 0 6 611 610 586 592
2774 3 2 0 6 109 2948 4346 108
2775 3 2 0 6 763 3613 1448 761
2776 3 2 0 6 252 4377 2924 2923
2777 3 2 0 6 2813 2812 2093 2092
2778 3 2 0 6 846 842 858 3586
2779 3 2 0 6 675 3721 697 680
2780 3 2 0 6 1234 1236 3718 1583
2781 3 2 0 6 2007 925 924 887
2782 3 2 0 6 1867 2653 4284 2415
2783 3 2 0 6 1654 1389 1388 1653
2784 3 2 0 6 1482 1483 3814 1308
2785 3 2 0 6 158 259 4062 157
2786 3 2 0 6 2670 2277 2278 2524
2787 3 2 0 6 3268 1760 1759 1478
2788 3 2 0 6 3170 1057 3912 3998
2789 3 2 0 6 1079 1558 1739 1557
2790 3 2 0 6 1771 1769 1768 1770
2791 3 2 0 6 643 642 628 629
2792 3 2 0 6 2125 1876 2127 2126
2793 3 2 0 6 2642 2521 2249 2641
2794 3 2 0 6 1865 1864 1747 1748
2795 3 2 0 6 85 3661 253 84
2796 3 2 0 6 1480 3888 2550 4042
2797 3 2 0 6 1753 3726 740 743
2798 3 2 0 6 1274 3674 2547 3819
2799 3 2 0 6 1855 1741 2090 3715
2800 3 2 0 6 973 999 3669 974
2801 3 2 0 6 1488 1544 2035 2029
2802 3 2 0 6 3637 1645 2418 3855
2803 3 2 0 6 795 796 3613 763
2804 3 2 0 6 809 807 3764 815
2805 3 2 0 6 2542 3703 816 1986
2806 3 2 0 6 3231 3883 1600 1406
2807 3 2 0 6 666 665 642 643
2808 3 2 0 6 1030 1240 3662 1031
2809 3 2 0 6 258 2812 2813 2988
2810 3 2 0 6 1824 2454 4288 2455
2811 3 2 0 6 415 3563 3837 2243
2812 3 2 0 6 1630 1629 1491 1523
2813 3 2 0 6 893 965 1016 966
2814 3 2 0 6 1193 1455 1690 1456
2815 3 2 0 6 1487 1489 1544 1488
2816 3 2 0 6 2529 1895 1207 2091
2817 3 2 0 6 1822 1820 1651 1650
2818 3 2 0 6 1784 1897 3756 1576
2819 3 2 0 6 1130 1494 3776 993
2820 3 2 0 6 2371 2511 3681 2086
2821 3 2 0 6 1024 1025 1125 1124
2822 3 2 0 6 689 3526 1894 1047
2823 3 2 0 6 1769 1767 1026 1768
2824 3 2 0 6 2569 1691 1837 2111
2825 3 2 0 6 1186 3519 3909 3512
2826 3 2 0 6 3473 2175 4621 2978
2827 3 2 0 6 552 551 1471 559
2828 3 2 0 6 1761 1843 3775 1844
2829 3 2 0 6 4622 2330 2121 2123
2830 3 2 0 6 880 884 3919 885
2831 3 2 0 6 2680 2561 2560 2562
2832 3 2 0 6 3525 2299 930 3776
2833 3 2 0 6 2087 1821 1820 2051
2834 3 2 0 6 1209 1241 1613 1242
2835 3 2 0 6 629 628 610 611
2836 3 2 0 6 1837 1691 639 1010
2837 3 2 0 6 3810 4222 2272 2800
2838 3 2 0 6 1468 1682 1684 1683
2839 3 2 0 6 2361 2287 2285 2288
2840 3 2 0 6 3334 3573 663 3986
2841 3 2 0 6 2725 2724 2087 2051
2842 3 2 0 6 4245 3876 3149 3148
2843 3 2 0 6 2283 2281 2038 2282
2844 3 2 0 6 2561 1690 2083 2560
2845 3 2 0 6 633 632 1479 3688
2846 3 2 0 6 3176 2369 4125 3177
2847 3 2 0 6 1116 1118 1560 1115
2848 3 2 0 6 2295 1888 2342 2296
2849 3 2 0 6 2285 2283 2282 2284
2850 3 2 0 6 2553 1963 1962 1777
2851 3 2 0 6 599 597 621 3641
2852 3 2 0 6 1587 1845 1846 1586
2853 3 2 0 6 693 692 3732 694
2854 3 2 0 6 1450 1030 1013 3701
2855 3 2 0 6 1463 1436 1545 3735
2856 3 2 0 6 2106 1773 1574 3740
2857 3 2 0 6 2386 2387 3734 1860
2858 3 2 0 6 2571 2037 1701 1700
2859 3 2 0 6 612 2239 3882 3622
2860 3 2 0 6 2873 334 4363 2874
2861 3 2 0 6 449 448 3754 450
2862 3 2 0 6 3378 3379 4069 631
2863 3 2 0 6 569 568 580 579
2864 3 2 0 6 632 661 1689 1479
2865 3 2 0 6 1240 1529 3765 1775
2866 3 2 0 6 1994 3524 4144 3525
2867 3 2 0 6 3015 3691 1606 1873
2868 3 2 0 6 672 674 3990 669
2869 3 2 0 6 2262 1855 3715 2290
2870 3 2 0 6 1867 1866 1643 1823
2871 3 2 0 6 206 3684 3687 205
2872 3 2 0 6 1145 1143 3717 1521
2873 3 2 0 6 3160 548 554 1011
2874 3 2 0 6 1996 1780 1710 1995
2875 3 2 0 6 2010 924 925 985
2876 3 2 0 6 226 3686 3685 225
2877 3 2 0 6 2270 2768 3741 2269
2878 3 2 0 6 1095 1105 1108 1104
2879 3 2 0 6 2336 1759 1760 2120
2880 3 2 0 6 2301 1863 1862 2300
2881 3 2 0 6 1744 3837 3563 3562
2882 3 2 0 6 694 706 4052 693
2883 3 2 0 6 443 3450 3908 3569
2884 3 2 0 6 1447 1063 1064 1446
2885 3 2 0 6 1683 1684 3794 2065
2886 3 2 0 6 3509 3868 1157 3560
2887 3 2 0 6 1512 3863 3390 3389
2888 3 2 0 6 3235 1930 1427 3828
2889 3 2 0 6 2251 2250 3827 2252
2890 3 2 0 6 3300 3864 425 464
2891 3 2 0 6 2689 3398 4075 3397
2892 3 2 0 6 2225 1984 3922 2637
2893 3 2 0 6 1105 1109 1497 1108
2894 3 2 0 6 999 973 3743 1987
2895 3 2 0 6 2269 2292 3904 1750
2896 3 2 0 6 1057 3480 2154 3912
2897 3 2 0 6 207 256 3684 206
2898 3 2 0 6 603 601 1776 3713
2899 3 2 0 6 877 882 967 3802
2900 3 2 0 6 2906 2677 2301 2300
2901 3 2 0 6 1970 1590 1589 1969
2902 3 2 0 6 225 3685 300 224
2903 3 2 0 6 4007 4012 2319 3416
2904 3 2 0 6 3671 623 620 3841
2905 3 2 0 6 4292 1369 4634 2851
2906 3 2 0 6 1849 1932 3723 1509
2907 3 2 0 6 1320 1566 1806 1567
2908 3 2 0 6 1778 2550 3888 3778
2909 3 2 0 6 972 947 3743 973
2910 3 2 0 6 1306 1308 3814 1959
2911 3 2 0 6 729 3777 724 726
2912 3 2 0 6 2089 3766 1985 1853
2913 3 2 0 6 2885 2886 4149 2888
2914 3 2 0 6 1864 1865 2324 3657
2915 3 2 0 6 1590 1498 1497 1589
2916 3 2 0 6 966 1016 3836 1017
2917 3 2 0 6 2227 2892 3753 2228
2918 3 2 0 6 1509 3723 3514 1408
2919 3 2 0 6 82 3749 299 81
2920 3 2 0 6 2713 2935 557 4294
2921 3 2 0 6 205 3687 302 204
2922 3 2 0 6 467 463 3774 468
2923 3 2 0 6 3592 3814 1483 1641
2924 3 2 0 6 860 846 3586 3728
2925 3 2 0 6 2659 2642 2661 2660
2926 3 2 0 6 1910 2319 4001 3479
2927 3 2 0 6 227 263 3686 226
2928 3 2 0 6 1124 1125 1412 1411
2929 3 2 0 6 2747 2489 2488 2592
2930 3 2 0 6 219 220 255 3683
2931 3 2 0 6 2186 2187 3941 2185
2932 3 2 0 6 1432 3604 3813 3632
2933 3 2 0 6 1143 1141 1628 3717
2934 3 2 0 6 3641 621 1460 3733
2935 3 2 0 6 753 754 759 3815
2936 3 2 0 6 3462 3755 4025 2887
2937 3 2 0 6 2582 2038 1701 2037
2938 3 2 0 6 2738 2232 2429 3716
2939 3 2 0 6 1986 815 3764 2327
2940 3 2 0 6 3921 1469 459 3813
2941 3 2 0 6 1032 991 3786 1033
2942 3 2 0 6 3556 3956 4015 699
2943 3 2 0 6 652 3573 4009 667
2944 3 2 0 6 616 615 661 632
2945 3 2 0 6 2411 3817 1063 1447
2946 3 2 0 6 3178 2463 2112 3742
2947 3 2 0 6 1469 3774 463 461
2948 3 2 0 6 652 650 3711 662
2949 3 2 0 6 1689 661 3839 1792
2950 3 2 0 6 1178 1177 3771 1179
2951 3 2 0 6 2489 1877 2298 2488
2952 3 2 0 6 862 850 3887 864
2953 3 2 0 6 3555 2297 3950 3894
2954 3 2 0 6 2207 1755 1874 2144
2955 3 2 0 6 480 699 4015 3522
2956 3 2 0 6 2282 2499 2697 2284
2957 3 2 0 6 570 3742 2213 3788
2958 3 2 0 6 2797 2796 2361 2288
2959 3 2 0 6 316 174 175 3918
2960 3 2 0 6 3037 2835 1697 3571
2961 3 2 0 6 2435 1889 3907 2439
2962 3 2 0 6 1318 1319 1566 1320
2963 3 2 0 6 4443 2798 2451 2625
2964 3 2 0 6 779 778 3770 780
2965 3 2 0 6 2456 2457 3824 1859
2966 3 2 0 6 912 3833 2244 3594
2967 3 2 0 6 3881 3880 3155 3158
2968 3 2 0 6 1564 1795 3765 1529
2969 3 2 0 6 421 657 3940 419
2970 3 2 0 6 3599 1474 1516 1755
2971 3 2 0 6 1158 1157 3868 3694
2972 3 2 0 6 2038 2281 3836 1701
2973 3 2 0 6 2252 3827 3882 2533
2974 3 2 0 6 1859 1860 3734 2456
2975 3 2 0 6 2627 2737 2740 2671
2976 3 2 0 6 3645 3756 1897 2463
2977 3 2 0 6 829 827 826 825
2978 3 2 0 6 2670 3775 1843 2277
2979 3 2 0 6 1314 4190 2709 4561
2980 3 2 0 6 1026 1027 1171 3823
2981 3 2 0 6 2318 3916 3908 2531
2982 3 2 0 6 3198 2482 1725 3853
2983 3 2 0 6 105 3704 261 104
2984 3 2 0 6 79 3706 262 78
2985 3 2 0 6 2013 3784 2018 2015
2986 3 2 0 6 3697 1528 1956 3848
2987 3 2 0 6 2934 3015 3016 2344
2988 3 2 0 6 2561 3698 1456 1690
2989 3 2 0 6 1031 3662 3772 1037
2990 3 2 0 6 2286 3844 2281 2283
2991 3 2 0 6 3076 1459 596 3820
2992 3 2 0 6 2601 1874 1755 1516
2993 3 2 0 6 1785 2535 4030 3545
2994 3 2 0 6 1567 1806 2002 1807
2995 3 2 0 6 789 788 3826 791
2996 3 2 0 6 974 3669 3786 991
2997 3 2 0 6 750 751 3795 746
2998 3 2 0 6 1606 3691 2395 1878
2999 3 2 0 6 1021 1019 1040 3873
3000 3 2 0 6 3590 3843 1381 1486
3001 3 2 0 6 2890 2347 2877 3727
3002 3 2 0 6 3957 3856 3636 3575
3003 3 2 0 6 3129 3130 3133 3871
3004 3 2 0 6 2304 826 827 828
3005 3 2 0 6 78 262 3705 77
3006 3 2 0 6 27 28 3878 3695
3007 3 2 0 6 2344 2343 2005 2006
3008 3 2 0 6 1643 1206 3985 1823
3009 3 2 0 6 3075 3820 582 584
3010 3 2 0 6 994 931 3996 1510
3011 3 2 0 6 1521 3717 3917 2276
3012 3 2 0 6 1037 3772 1241 1173
3013 3 2 0 6 4433 1929 1799 3805
3014 3 2 0 6 940 936 705 922
3015 3 2 0 6 3632 3813 459 457
3016 3 2 0 6 2228 3753 2429 2230
3017 3 2 0 6 3570 2720 2065 3794
3018 3 2 0 6 3554 1768 1026 3823
3019 3 2 0 6 1107 1311 1745 3762
3020 3 2 0 6 3542 3928 2244 3833
3021 3 2 0 6 1725 1903 2109 3853
3022 3 2 0 6 776 777 4039 775
3023 3 2 0 6 640 639 1691 3807
3024 3 2 0 6 2576 2611 3805 2056
3025 3 2 0 6 637 633 3688 641
3026 3 2 0 6 992 3215 4103 3214
3027 3 2 0 6 1613 1241 3772 2305
3028 3 2 0 6 2958 3855 2418 2957
3029 3 2 0 6 2536 3764 805 3884
3030 3 2 0 6 1026 1767 3802 967
3031 3 2 0 6 2803 2801 2273 2802
3032 3 2 0 6 2541 4577 2845 4482
3033 3 2 0 6 931 993 3776 930
3034 3 2 0 6 994 1131 3801 1130
3035 3 2 0 6 1753 745 746 3795
3036 3 2 0 6 1029 1133 1526 3761
3037 3 2 0 6 1019 1017 3836 1040
3038 3 2 0 6 3608 3905 3617 3757
3039 3 2 0 6 3018 3838 1873 3643
3040 3 2 0 6 2082 3041 4530 2834
3041 3 2 0 6 3452 2404 4172 3453
3042 3 2 0 6 983 1045 1895 2565
3043 3 2 0 6 1884 1885 3897 1698
3044 3 2 0 6 160 3659 4043 159
3045 3 2 0 6 1381 3843 1942 1378
3046 3 2 0 6 1561 1495 3801 1563
3047 3 2 0 6 479 483 3867 1007
3048 3 2 0 6 2455 2556 3825 1824
3049 3 2 0 6 1778 3778 1077 1557
3050 3 2 0 6 2057 2268 2451 3767
3051 3 2 0 6 1400 2266 3870 3722
3052 3 2 0 6 683 685 705 3650
3053 3 2 0 6 1687 1887 3787 1577
3054 3 2 0 6 1674 3692 3784 2013
3055 3 2 0 6 1881 1439 3991 2567
3056 3 2 0 6 1098 1099 1103 3890
3057 3 2 0 6 1440 3694 3868 2255
3058 3 2 0 6 1386 3249 3891 3720
3059 3 2 0 6 2074 2679 2919 4063
3060 3 2 0 6 231 3714 301 230
3061 3 2 0 6 887 924 3832 691
3062 3 2 0 6 2250 2251 3874 630
3063 3 2 0 6 1066 3803 1446 1064
3064 3 2 0 6 850 862 863 847
3065 3 2 0 6 3492 320 4383 3493
3066 3 2 0 6 1648 3555 3894 3663
3067 3 2 0 6 1747 2523 3762 1745
3068 3 2 0 6 1494 1130 3801 1495
3069 3 2 0 6 1537 1458 3829 1538
3070 3 2 0 6 3909 3519 1938 3911
3071 3 2 0 6 1659 1896 2162 1872
3072 3 2 0 6 2280 1544 1489 3831
3073 3 2 0 6 691 3832 3732 692
3074 3 2 0 6 2353 2354 3984 2355
3075 3 2 0 6 2645 2644 2643 2003
3076 3 2 0 6 1181 1179 3771 1388
3077 3 2 0 6 894 3895 2270 3699
3078 3 2 0 6 1676 2255 3780 3946
3079 3 2 0 6 860 3728 1774 952
3080 3 2 0 6 1799 1798 2056 3805
3081 3 2 0 6 1474 682 3763 1516
3082 3 2 0 6 1653 3854 1862 1654
3083 3 2 0 6 687 678 701 700
3084 3 2 0 6 2198 3773 2877 2200
3085 3 2 0 6 2674 2675 3944 2676
3086 3 2 0 6 518 520 3952 529
3087 3 2 0 6 3370 1764 2716 4026
3088 3 2 0 6 476 479 3822 475
3089 3 2 0 6 3531 2511 2371 3927
3090 3 2 0 6 1727 1600 3883 1728
3091 3 2 0 6 820 821 3884 804
3092 3 2 0 6 98 254 3934 97
3093 3 2 0 6 1192 3773 2198 3487
3094 3 2 0 6 2300 1862 3854 2302
3095 3 2 0 6 541 542 3935 531
3096 3 2 0 6 1436 1463 3971 1434
3097 3 2 0 6 75 305 3730 74
3098 3 2 0 6 1700 1701 3836 1016
3099 3 2 0 6 1075 1076 3888 1074
3100 3 2 0 6 583 582 3820 596
3101 3 2 0 6 1481 1840 3748 975
3102 3 2 0 6 3622 3882 3827 1438
3103 3 2 0 6 3663 3894 3533 1396
3104 3 2 0 6 1111 3818 1497 1109
3105 3 2 0 6 1068 1243 3803 1066
3106 3 2 0 6 1895 1045 1206 1207
3107 3 2 0 6 3331 2132 4009 3332
3108 3 2 0 6 484 488 3867 483
3109 3 2 0 6 1316 1042 3747 1317
3110 3 2 0 6 1880 1840 1481 1879
3111 3 2 0 6 1889 1890 3794 1684
3112 3 2 0 6 2777 335 4255 2864
3113 3 2 0 6 532 505 1473 3830
3114 3 2 0 6 998 996 936 940
3115 3 2 0 6 537 532 3830 538
3116 3 2 0 6 798 804 3884 805
3117 3 2 0 6 1956 2586 3910 3848
3118 3 2 0 6 905 3611 3904 3708
3119 3 2 0 6 1004 3708 3904 1758
3120 3 2 0 6 1322 3700 3892 3296
3121 3 2 0 6 1043 1203 1204 1046
3122 3 2 0 6 3911 2734 3725 3909
3123 3 2 0 6 1479 1689 3821 1888
3124 3 2 0 6 3318 3319 4051 3317
3125 3 2 0 6 1502 4191 2824 4286
3126 3 2 0 6 1450 3701 3954 2333
3127 3 2 0 6 3196 3195 3197 3933
3128 3 2 0 6 1042 1021 3873 3747
3129 3 2 0 6 1792 1810 3821 1689
3130 3 2 0 6 1563 1859 3824 1561
3131 3 2 0 6 3628 3405 3944 934
3132 3 2 0 6 947 889 3899 3743
3133 3 2 0 6 132 3969 320 131
3134 3 2 0 6 2436 1890 1889 2435
3135 3 2 0 6 1760 2121 3834 2120
3136 3 2 0 6 986 1063 3817 985
3137 3 2 0 6 4141 305 4547 2967
3138 3 2 0 6 2043 997 1465 1466
3139 3 2 0 6 1653 1388 3771 1777
3140 3 2 0 6 2703 2858 3851 2094
3141 3 2 0 6 2126 2127 2339 2128
3142 3 2 0 6 425 3864 3898 423
3143 3 2 0 6 964 3899 889 712
3144 3 2 0 6 2222 3923 679 702
3145 3 2 0 6 2583 1970 1969 3851
3146 3 2 0 6 1824 3825 2092 1739
3147 3 2 0 6 657 421 423 3898
3148 3 2 0 6 196 3744 269 195
3149 3 2 0 6 2515 2516 4384 4356
3150 3 2 0 6 1679 1877 3842 1680
3151 3 2 0 6 1781 524 531 3935
3152 3 2 0 6 1072 1074 3888 1480
3153 3 2 0 6 2936 4584 3279 1226
3154 3 2 0 6 1473 499 495 3856
3155 3 2 0 6 873 875 3931 950
3156 3 2 0 6 2987 3915 2480 2271
3157 3 2 0 6 3257 3260 4204 3546
3158 3 2 0 6 1390 1582 1584 1391
3159 3 2 0 6 1582 1659 1872 1584
3160 3 2 0 6 3782 1466 1467 1468
3161 3 2 0 6 1141 1139 3938 1628
3162 3 2 0 6 4633 2064 4573 2811
3163 3 2 0 6 3396 3829 1458 3698
3164 3 2 0 6 4496 3382 1167 2469
3165 3 2 0 6 2312 1010 626 3866
3166 3 2 0 6 1113 1539 3818 1111
3167 3 2 0 6 1242 3816 1679 1531
3168 3 2 0 6 2797 2288 2285 3865
3169 3 2 0 6 560 559 3847 568
3170 3 2 0 6 2512 828 3845 2513
3171 3 2 0 6 919 1983 3905 3608
3172 3 2 0 6 2556 2455 4307 2557
3173 3 2 0 6 1489 1491 1629 3831
3174 3 2 0 6 3057 3059 4085 3433
3175 3 2 0 6 737 736 4033 738
3176 3 2 0 6 434 432 4072 939
3177 3 2 0 6 4121 3446 2373 4139
3178 3 2 0 6 332 96 97 3934
3179 3 2 0 6 1477 1174 3857 1478
3180 3 2 0 6 1499 1616 1944 1615
3181 3 2 0 6 928 926 1481 975
3182 3 2 0 6 2604 2605 2853 2124
3183 3 2 0 6 491 3636 3856 495
3184 3 2 0 6 1029 3761 3879 1171
3185 3 2 0 6 4258 3847 559 1471
3186 3 2 0 6 963 3781 3954 1012
3187 3 2 0 6 567 1368 4240 2201
3188 3 2 0 6 1877 1679 3816 2298
3189 3 2 0 6 3464 3892 3700 2477
3190 3 2 0 6 3297 3298 3301 3913
3191 3 2 0 6 1077 3778 3888 1076
3192 3 2 0 6 1754 2527 3922 1984
3193 3 2 0 6 3693 3857 1022 1056
3194 3 2 0 6 3882 2239 2685 3953
3195 3 2 0 6 4467 2593 2120 3834
3196 3 2 0 6 886 3901 2542 3996
3197 3 2 0 6 2412 3488 4262 4237
3198 3 2 0 6 1743 2041 4140 2549
3199 3 2 0 6 956 955 3846 969
3200 3 2 0 6 2803 2806 4525 3508
3201 3 2 0 6 2954 2901 4534 264
3202 3 2 0 6 3135 4013 878 3134
3203 3 2 0 6 1447 1446 3840 1650
3204 3 2 0 6 3722 3870 2090 1740
3205 3 2 0 6 2431 2432 3972 2306
3206 3 2 0 6 901 1750 3904 3611
3207 3 2 0 6 1174 1477 3960 1175
3208 3 2 0 6 3725 3607 3512 3909
3209 3 2 0 6 2468 2469 3959 2116
3210 3 2 0 6 1216 1219 4091 3266
3211 3 2 0 6 155 294 3958 154
3212 3 2 0 6 1134 3617 3905 3536
3213 3 2 0 6 1419 2244 3928 3618
3214 3 2 0 6 1364 3673 2528 3947
3215 3 2 0 6 886 841 833 3901
3216 3 2 0 6 3697 3848 3910 2257
3217 3 2 0 6 2548 3931 877 3802
3218 3 2 0 6 2251 2253 3922 3874
3219 3 2 0 6 691 676 3872 887
3220 3 2 0 6 1781 3952 520 522
3221 3 2 0 6 2542 3901 833 3703
3222 3 2 0 6 4159 2111 4227 3166
3223 3 2 0 6 3351 4150 3346 3349
3224 3 2 0 6 428 426 4070 444
3225 3 2 0 6 4538 1624 1538 3829
3226 3 2 0 6 984 1044 1045 983
3227 3 2 0 6 2297 3479 4001 3950
3228 3 2 0 6 3363 3991 485 481
3229 3 2 0 6 2859 2662 2861 2860
3230 3 2 0 6 682 683 3650 3763
3231 3 2 0 6 1777 1962 3854 1653
3232 3 2 0 6 3450 4011 2531 3908
3233 3 2 0 6 1023 1022 3857 1174
3234 3 2 0 6 1885 2124 2853 3897
3235 3 2 0 6 614 613 3866 626
3236 3 2 0 6 1772 2303 3928 3542
3237 3 2 0 6 2805 2803 2802 2804
3238 3 2 0 6 111 3769 268 110
3239 3 2 0 6 72 270 3745 71
3240 3 2 0 6 2154 2156 2322 3912
3241 3 2 0 6 1682 1468 1467 1681
3242 3 2 0 6 3074 2622 2623 3963
3243 3 2 0 6 1983 3965 3536 3905
3244 3 2 0 6 1621 3447 3945 1915
3245 3 2 0 6 330 3339 3343 3961
3246 3 2 0 6 830 3845 828 827
3247 3 2 0 6 2882 2910 4023 2234
3248 3 2 0 6 2097 3167 4217 3168
3249 3 2 0 6 4484 562 4568 2847
3250 3 2 0 6 3238 3239 4200 2430
3251 3 2 0 6 2725 2051 1820 3858
3252 3 2 0 6 3743 3899 3971 2537
3253 3 2 0 6 1989 2094 3851 1969
3254 3 2 0 6 876 877 3931 875
3255 3 2 0 6 1051 3938 1139 1053
3256 3 2 0 6 2988 2813 4036 3478
3257 3 2 0 6 365 980 4239 367
3258 3 2 0 6 2499 2282 2038 3852
3259 3 2 0 6 4601 2656 2627 2671
3260 3 2 0 6 2912 287 4032 3877
3261 3 2 0 6 1680 3842 1995 1710
3262 3 2 0 6 2785 2786 3927 2371
3263 3 2 0 6 3973 4023 2910 2949
3264 3 2 0 6 3721 3914 3677 697
3265 3 2 0 6 1086 1088 4087 1087
3266 3 2 0 6 3180 2584 4430 3050
3267 3 2 0 6 484 3522 4077 1716
3268 3 2 0 6 603 3713 3866 613
3269 3 2 0 6 975 3748 1025 976
3270 3 2 0 6 1706 1999 3955 1705
3271 3 2 0 6 1681 1467 4029 1827
3272 3 2 0 6 1873 3838 3016 3015
3273 3 2 0 6 581 579 3925 594
3274 3 2 0 6 2205 2775 4049 2776
3275 3 2 0 6 1016 965 3886 1700
3276 3 2 0 6 354 355 1825 353
3277 3 2 0 6 1777 3771 3960 2553
3278 3 2 0 6 1242 1613 3972 3816
3279 3 2 0 6 440 438 4076 442
3280 3 2 0 6 3502 3941 2187 2787
3281 3 2 0 6 3289 3962 3293 3288
3282 3 2 0 6 663 662 3872 676
3283 3 2 0 6 4290 4027 503 1762
3284 3 2 0 6 4314 2625 2385 3920
3285 3 2 0 6 4133 4111 735 1722
3286 3 2 0 6 2285 2284 2697 3865
3287 3 2 0 6 2434 2433 4182 2736
3288 3 2 0 6 1044 984 1002 3966
3289 3 2 0 6 1797 1796 4138 2137
3290 3 2 0 6 112 337 3769 111
3291 3 2 0 6 71 3745 338 70
3292 3 2 0 6 2637 3943 2683 2225
3293 3 2 0 6 193 336 3768 192
3294 3 2 0 6 2880 3924 3644 2260
3295 3 2 0 6 2044 2218 2219 1945
3296 3 2 0 6 3219 2508 4252 3220
3297 3 2 0 6 4274 322 4437 2796
3298 3 2 0 6 2850 2851 4634 534
3299 3 2 0 6 1816 1854 4008 1818
3300 3 2 0 6 40 41 4231 273
3301 3 2 0 6 2161 3276 4180 3275
3302 3 2 0 6 568 3847 3885 580
3303 3 2 0 6 4212 3069 4229 1359
3304 3 2 0 6 3720 3891 2892 2227
3305 3 2 0 6 2109 2108 2116 3959
3306 3 2 0 6 3308 3839 594 3925
3307 3 2 0 6 3894 3950 1342 3533
3308 3 2 0 6 2868 2869 4081 3084
3309 3 2 0 6 885 3919 3895 894
3310 3 2 0 6 354 2064 4633 355
3311 3 2 0 6 2309 3947 2528 4005
3312 3 2 0 6 934 3944 2675 3793
3313 3 2 0 6 419 418 4136 420
3314 3 2 0 6 3619 417 419 3940
3315 3 2 0 6 3702 4080 4131 2619
3316 3 2 0 6 1411 4170 4132 1508
3317 3 2 0 6 1793 3565 3997 2303
3318 3 2 0 6 2605 2604 4419 2780
3319 3 2 0 6 1108 3538 4014 1104
3320 3 2 0 6 2409 2518 4134 3128
3321 3 2 0 6 3477 464 427 4054
3322 3 2 0 6 3882 3953 2534 2533
3323 3 2 0 6 2292 3968 1758 3904
3324 3 2 0 6 3111 3744 4428 3112
3325 3 2 0 6 2306 2305 3987 2334
3326 3 2 0 6 1807 3932 2127 1876
3327 3 2 0 6 2127 2506 2757 2339
3328 3 2 0 6 2309 1565 1364 3947
3329 3 2 0 6 3122 304 4346 2947
3330 3 2 0 6 1136 3536 3965 2291
3331 3 2 0 6 338 3745 4404 3790
3332 3 2 0 6 406 3644 3924 1431
3333 3 2 0 6 893 892 3886 965
3334 3 2 0 6 3771 1177 1175 3960
3335 3 2 0 6 887 3872 3999 2007
3336 3 2 0 6 2289 2829 4475 2830
3337 3 2 0 6 2641 4367 2661 2642
3338 3 2 0 6 1974 1657 1658 1973
3339 3 2 0 6 3507 1660 4340 3849
3340 3 2 0 6 3102 883 733 4111
3341 3 2 0 6 1206 1643 3862 1207
3342 3 2 0 6 337 3101 3100 4394
3343 3 2 0 6 1600 1727 3973 1726
3344 3 2 0 6 3944 3405 3403 3970
3345 3 2 0 6 3455 3454 1695 3967
3346 3 2 0 6 729 3557 3975 3777
3347 3 2 0 6 192 3768 3949 191
3348 3 2 0 6 4497 2683 3943 4495
3349 3 2 0 6 1882 2485 3957 3575
3350 3 2 0 6 1542 3049 4130 4517
3351 3 2 0 6 682 1474 3896 665
3352 3 2 0 6 3841 3874 3922 2527
3353 3 2 0 6 821 3982 2536 3884
3354 3 2 0 6 694 3732 3886 892
3355 3 2 0 6 4059 3274 4116 950
3356 3 2 0 6 1046 3942 996 998
3357 3 2 0 6 3992 3093 4079 1560
3358 3 2 0 6 240 241 283 3797
3359 3 2 0 6 187 3798 284 186
3360 3 2 0 6 166 322 4274 165
3361 3 2 0 6 64 3800 285 63
3362 3 2 0 6 119 286 3799 118
3363 3 2 0 6 3448 3974 3945 3447
3364 3 2 0 6 2929 2932 4458 2930
3365 3 2 0 6 2008 1967 4048 2356
3366 3 2 0 6 1418 3624 3965 1983
3367 3 2 0 6 3883 3937 3731 1728
3368 3 2 0 6 2328 2470 4037 2327
3369 3 2 0 6 1506 3652 4010 2004
3370 3 2 0 6 814 3889 1492 803
3371 3 2 0 6 3505 526 502 4027
3372 3 2 0 6 2446 2587 4230 2445
3373 3 2 0 6 1556 1586 3939 1526
3374 3 2 0 6 2532 3283 4252 3282
3375 3 2 0 6 3564 4053 4030 2535
3376 3 2 0 6 1412 1413 1658 1657
3377 3 2 0 6 825 826 3889 814
3378 3 2 0 6 3229 3228 3983 3230
3379 3 2 0 6 376 561 4323 3707
3380 3 2 0 6 431 433 4086 658
3381 3 2 0 6 1598 3916 3956 3556
3382 3 2 0 6 2493 2412 4237 4205
3383 3 2 0 6 1700 3886 4017 2571
3384 3 2 0 6 239 240 3797 339
3385 3 2 0 6 188 340 3798 187
3386 3 2 0 6 65 342 3800 64
3387 3 2 0 6 118 3799 341 117
3388 3 2 0 6 2939 4192 723 721
3389 3 2 0 6 1660 1251 1249 3988
3390 3 2 0 6 317 3006 4531 3005
3391 3 2 0 6 1013 1012 3954 3701
3392 3 2 0 6 1996 2338 3948 2069
3393 3 2 0 6 241 242 3785 283
3394 3 2 0 6 660 642 665 3896
3395 3 2 0 6 3569 3908 3916 1598
3396 3 2 0 6 1904 2368 4098 1905
3397 3 2 0 6 4408 3110 4592 2478
3398 3 2 0 6 2699 4145 4534 2901
3399 3 2 0 6 1989 3588 3951 2630
3400 3 2 0 6 1616 1945 3926 1944
3401 3 2 0 6 2952 1539 1113 4019
3402 3 2 0 6 238 239 339 3809
3403 3 2 0 6 189 3810 340 188
3404 3 2 0 6 66 3811 342 65
3405 3 2 0 6 1907 2084 4105 1909
3406 3 2 0 6 2393 2035 4031 2472
3407 3 2 0 6 4143 3415 293 4148
3408 3 2 0 6 571 574 4050 563
3409 3 2 0 6 1684 1682 3907 1889
3410 3 2 0 6 1390 1391 2510 1300
3411 3 2 0 6 4111 4133 2363 3102
3412 3 2 0 6 2990 2991 4042 2551
3413 3 2 0 6 1204 2526 3942 1046
3414 3 2 0 6 3514 3723 4078 3116
3415 3 2 0 6 2218 2589 4606 2686
3416 3 2 0 6 2967 2966 2367 4141
3417 3 2 0 6 3343 3341 4341 3344
3418 3 2 0 6 2485 4574 4002 3957
3419 3 2 0 6 190 277 3810 189
3420 3 2 0 6 67 278 3811 66
3421 3 2 0 6 1100 2442 4099 1102
3422 3 2 0 6 3191 3192 4240 1368
3423 3 2 0 6 4304 690 371 4272
3424 3 2 0 6 2310 2309 4005 2337
3425 3 2 0 6 191 3949 277 190
3426 3 2 0 6 4312 4241 1071 1611
3427 3 2 0 6 3662 3987 2305 3772
3428 3 2 0 6 2616 2355 3984 2617
3429 3 2 0 6 4139 1005 765 4121
3430 3 2 0 6 2319 4012 3513 4001
3431 3 2 0 6 3899 964 1434 3971
3432 3 2 0 6 1334 3513 4012 1385
3433 3 2 0 6 2002 1806 3906 2003
3434 3 2 0 6 555 564 4190 1314
3435 3 2 0 6 1461 1688 4177 1687
3436 3 2 0 6 1560 1118 1188 3992
3437 3 2 0 6 676 677 3986 663
3438 3 2 0 6 732 3612 4128 923
3439 3 2 0 6 2526 4029 1465 3942
3440 3 2 0 6 446 2217 4011 3450
3441 3 2 0 6 1934 668 669 3990
3442 3 2 0 6 1526 3939 3879 3761
3443 3 2 0 6 330 3961 2611 3114
3444 3 2 0 6 1568 3906 1806 1566
3445 3 2 0 6 3565 4025 1451 3997
3446 3 2 0 6 2267 3554 3823 3978
3447 3 2 0 6 3950 4001 3513 1342
3448 3 2 0 6 2069 3948 2802 2273
3449 3 2 0 6 2869 3740 1758 3968
3450 3 2 0 6 2132 1121 667 4009
3451 3 2 0 6 3618 3928 2303 3997
3452 3 2 0 6 1477 4041 2553 3960
3453 3 2 0 6 2657 1946 2359 2360
3454 3 2 0 6 2438 2436 4028 2613
3455 3 2 0 6 700 3903 1481 926
3456 3 2 0 6 3446 4121 741 3726
3457 3 2 0 6 1964 3731 3937 2332
3458 3 2 0 6 3890 2523 4152 3278
3459 3 2 0 6 2305 2306 3972 1613
3460 3 2 0 6 4492 343 4477 2838
3461 3 2 0 6 1421 3618 3997 1451
3462 3 2 0 6 242 243 3806 3785
3463 3 2 0 6 861 840 829 4026
3464 3 2 0 6 2743 4003 2746 2357
3465 3 2 0 6 4012 4007 3679 1385
3466 3 2 0 6 4296 4265 2460 3125
3467 3 2 0 6 2295 3930 641 3688
3468 3 2 0 6 3956 2316 2315 4015
3469 3 2 0 6 2616 2639 4394 2355
3470 3 2 0 6 983 2565 3989 937
3471 3 2 0 6 3413 1829 1818 4008
3472 3 2 0 6 32 33 4249 292
3473 3 2 0 6 2383 1963 4093 2478
3474 3 2 0 6 2784 2872 4134 2518
3475 3 2 0 6 2188 2443 4277 3291
3476 3 2 0 6 2844 2219 2218 3630
3477 3 2 0 6 70 338 4016 69
3478 3 2 0 6 1168 3982 821 838
3479 3 2 0 6 1926 2234 4023 3541
3480 3 2 0 6 3728 3586 2299 3977
3481 3 2 0 6 2316 3956 3916 2318
3482 3 2 0 6 864 937 3989 862
3483 3 2 0 6 81 299 4102 80
3484 3 2 0 6 3912 2322 2749 3998
3485 3 2 0 6 1632 1633 4094 1630
3486 3 2 0 6 2811 1619 357 4633
3487 3 2 0 6 2050 2588 4426 2579
3488 3 2 0 6 1682 1681 1957 3907
3489 3 2 0 6 2318 2531 4021 2530
3490 3 2 0 6 490 485 3991 1439
3491 3 2 0 6 2093 2551 4042 2550
3492 3 2 0 6 2715 2343 4004 2716
3493 3 2 0 6 3016 4004 2343 2344
3494 3 2 0 6 2078 2486 4322 3246
3495 3 2 0 6 374 373 4291 375
3496 3 2 0 6 930 886 3996 931
3497 3 2 0 6 1240 1775 3987 3662
3498 3 2 0 6 3060 3058 4212 3251
3499 3 2 0 6 3517 2333 3954 4071
3500 3 2 0 6 1092 1104 4014 1091
3501 3 2 0 6 2334 3987 1775 4055
3502 3 2 0 6 2705 2461 4265 2848
3503 3 2 0 6 1002 1300 2510 3966
3504 3 2 0 6 3655 2444 2762 4006
3505 3 2 0 6 1560 4019 1113 1115
3506 3 2 0 6 514 516 4156 1397
3507 3 2 0 6 3138 2417 4280 3139
3508 3 2 0 6 2729 2879 4410 251
3509 3 2 0 6 2226 2392 4247 2640
3510 3 2 0 6 3104 360 362 4107
3511 3 2 0 6 3097 3098 4250 2400
3512 3 2 0 6 4454 266 4503 2858
3513 3 2 0 6 1840 2581 3993 3748
3514 3 2 0 6 3263 1230 1231 4173
3515 3 2 0 6 2098 2021 4124 2379
3516 3 2 0 6 3403 3401 3404 4024
3517 3 2 0 6 3856 3957 4002 1473
3518 3 2 0 6 4560 2715 2716 1764
3519 3 2 0 6 2089 2579 4461 2580
3520 3 2 0 6 3781 3567 4071 3954
3521 3 2 0 6 3404 3432 631 4069
3522 3 2 0 6 4229 3069 3054 4234
3523 3 2 0 6 3067 3066 3068 4127
3524 3 2 0 6 4058 742 738 4033
3525 3 2 0 6 4096 863 862 3989
3526 3 2 0 6 2816 2817 4168 2500
3527 3 2 0 6 640 3807 3999 3711
3528 3 2 0 6 849 2821 4057 2822
3529 3 2 0 6 2929 2930 4420 2927
3530 3 2 0 6 3134 1299 4295 3135
3531 3 2 0 6 4627 297 4466 2943
3532 3 2 0 6 2781 3976 2853 2605
3533 3 2 0 6 3823 1171 3879 3978
3534 3 2 0 6 4298 4281 2494 2849
3535 3 2 0 6 662 3711 3999 3872
3536 3 2 0 6 2166 2706 4035 2246
3537 3 2 0 6 2804 2802 3948 2809
3538 3 2 0 6 3535 4039 777 2750
3539 3 2 0 6 4604 2746 4003 4635
3540 3 2 0 6 765 1005 4167 767
3541 3 2 0 6 1821 2087 4342 4287
3542 3 2 0 6 2785 2370 4250 3449
3543 3 2 0 6 3186 3188 4603 3189
3544 3 2 0 6 243 244 307 3806
3545 3 2 0 6 2312 3866 3713 3994
3546 3 2 0 6 4302 3053 2578 4248
3547 3 2 0 6 997 996 3942 1465
3548 3 2 0 6 3321 3320 3317 4051
3549 3 2 0 6 950 3931 2548 4059
3550 3 2 0 6 737 3532 4166 1722
3551 3 2 0 6 1052 1137 4609 3119
3552 3 2 0 6 1080 1078 4318 1081
3553 3 2 0 6 1084 1082 4300 1085
3554 3 2 0 6 497 503 4027 502
3555 3 2 0 6 2632 2952 4079 2682
3556 3 2 0 6 492 493 4270 494
3557 3 2 0 6 1691 2569 3999 3807
3558 3 2 0 6 1420 3545 4030 3624
3559 3 2 0 6 2528 1844 4056 4005
3560 3 2 0 6 1544 2280 4031 2035
3561 3 2 0 6 3624 4030 2291 3965
3562 3 2 0 6 2243 3837 3453 4172
3563 3 2 0 6 1493 2400 4250 2085
3564 3 2 0 6 1952 2594 4289 2595
3565 3 2 0 6 2137 4114 3940 2987
3566 3 2 0 6 1986 2327 4037 2542
3567 3 2 0 6 233 267 4112 232
3568 3 2 0 6 1126 744 742 4058
3569 3 2 0 6 1923 4052 706 1058
3570 3 2 0 6 1423 1451 4025 3755
3571 3 2 0 6 673 664 4018 678
3572 3 2 0 6 646 4065 424 422
3573 3 2 0 6 4005 4056 2628 2337
3574 3 2 0 6 344 347 4315 348
3575 3 2 0 6 868 869 4151 941
3576 3 2 0 6 2739 4028 2436 2435
3577 3 2 0 6 1769 3550 4059 2548
3578 3 2 0 6 4565 2891 4355 3730
3579 3 2 0 6 4536 595 4599 4126
3580 3 2 0 6 3869 4060 3972 2432
3581 3 2 0 6 3522 4015 2315 4077
3582 3 2 0 6 3886 3732 3832 4017
3583 3 2 0 6 3539 2403 2903 4044
3584 3 2 0 6 3490 4072 432 430
3585 3 2 0 6 1337 3804 4188 1410
3586 3 2 0 6 3325 4068 2380 2381
3587 3 2 0 6 1045 1044 3985 1206
3588 3 2 0 6 471 2275 4045 3759
3589 3 2 0 6 2869 3968 2292 4081
3590 3 2 0 6 1481 2326 4142 1879
3591 3 2 0 6 3592 2502 4128 4038
3592 3 2 0 6 2572 2296 4130 2573
3593 3 2 0 6 579 580 4092 3925
3594 3 2 0 6 768 3411 4194 1370
3595 3 2 0 6 358 1189 3902 356
3596 3 2 0 6 259 158 159 4043
3597 3 2 0 6 3284 4021 2531 4011
3598 3 2 0 6 939 4074 436 434
3599 3 2 0 6 2264 3308 3925 4092
3600 3 2 0 6 3278 4152 4261 3082
3601 3 2 0 6 1102 4099 2555 4046
3602 3 2 0 6 2331 4048 1967 1965
3603 3 2 0 6 1963 2383 4120 1962
3604 3 2 0 6 658 4047 429 431
3605 3 2 0 6 3251 4207 1349 1449
3606 3 2 0 6 1073 1169 4337 1075
3607 3 2 0 6 1353 1351 4207 1359
3608 3 2 0 6 3320 3321 4214 2358
3609 3 2 0 6 924 2010 4017 3832
3610 3 2 0 6 1471 2764 2466 4258
3611 3 2 0 6 3478 4036 4148 293
3612 3 2 0 6 426 424 4065 4070
3613 3 2 0 6 773 771 4199 774
3614 3 2 0 6 641 3930 4018 664
3615 3 2 0 6 1959 3814 3592 4038
3616 3 2 0 6 2330 4622 3337 3336
3617 3 2 0 6 2607 2832 4254 2498
3618 3 2 0 6 2778 2776 4049 2779
3619 3 2 0 6 376 375 4297 377
3620 3 2 0 6 4368 3293 3962 4328
3621 3 2 0 6 3063 4188 3804 3068
3622 3 2 0 6 3280 3281 4595 2237
3623 3 2 0 6 356 3902 1825 355
3624 3 2 0 6 3033 3034 4378 3035
3625 3 2 0 6 3458 3460 4401 3459
3626 3 2 0 6 4077 4082 3516 1716
3627 3 2 0 6 2602 2388 3397 4075
3628 3 2 0 6 510 512 4228 528
3629 3 2 0 6 123 3861 310 122
3630 3 2 0 6 2394 4186 3589 4110
3631 3 2 0 6 3692 4046 2555 3784
3632 3 2 0 6 1102 4046 3692 3383
3633 3 2 0 6 3566 1977 4071 3567
3634 3 2 0 6 3713 1776 4073 3994
3635 3 2 0 6 438 436 4074 4076
3636 3 2 0 6 2841 2700 2425 4066
3637 3 2 0 6 60 309 3860 59
3638 3 2 0 6 4234 1472 1355 4229
3639 3 2 0 6 1478 1759 4041 1477
3640 3 2 0 6 427 429 4047 4054
3641 3 2 0 6 586 587 4050 574
3642 3 2 0 6 1946 1944 3926 2359
3643 3 2 0 6 2254 2534 3444 4548
3644 3 2 0 6 1463 4022 2537 3971
3645 3 2 0 6 3307 4273 386 388
3646 3 2 0 6 735 734 4201 736
3647 3 2 0 6 3425 156 157 4062
3648 3 2 0 6 96 332 4220 95
3649 3 2 0 6 2010 4129 2571 4017
3650 3 2 0 6 3564 4080 1520 4053
3651 3 2 0 6 314 2840 2839 4326
3652 3 2 0 6 252 2923 2925 4470
3653 3 2 0 6 2328 2536 3982 4040
3654 3 2 0 6 2549 4090 3029 1743
3655 3 2 0 6 3967 1695 1943 4064
3656 3 2 0 6 203 3325 4390 202
3657 3 2 0 6 418 3442 3441 4136
3658 3 2 0 6 345 2843 4327 2842
3659 3 2 0 6 2618 2619 4131 2620
3660 3 2 0 6 176 344 3918 175
3661 3 2 0 6 4268 4449 1116 1117
3662 3 2 0 6 3989 2565 2566 4096
3663 3 2 0 6 4082 4077 2315 2366
3664 3 2 0 6 3305 2705 2848 4539
3665 3 2 0 6 1975 1658 4213 2626
3666 3 2 0 6 2410 2519 4380 2517
3667 3 2 0 6 1470 4086 433 435
3668 3 2 0 6 2119 2968 1508 4367
3669 3 2 0 6 2964 1122 4161 2965
3670 3 2 0 6 3059 3061 3065 4085
3671 3 2 0 6 1820 1821 4263 1651
3672 3 2 0 6 1742 3600 4309 2405
3673 3 2 0 6 3046 2274 2247 4257
3674 3 2 0 6 996 997 4000 936
3675 3 2 0 6 1867 2415 4061 1866
3676 3 2 0 6 3816 3972 4060 2298
3677 3 2 0 6 1180 3072 4439 1183
3678 3 2 0 6 1466 1465 4029 1467
3679 3 2 0 6 262 2719 2543 4399
3680 3 2 0 6 3517 4071 1977 4101
3681 3 2 0 6 1090 1091 4087 1088
3682 3 2 0 6 3733 4073 1776 3641
3683 3 2 0 6 3463 4269 1881 2567
3684 3 2 0 6 2941 1602 3040 2942
3685 3 2 0 6 3650 705 936 4000
3686 3 2 0 6 642 660 4171 628
3687 3 2 0 6 2572 2573 4084 4614
3688 3 2 0 6 1470 4214 3321 4086
3689 3 2 0 6 3177 4087 1091 4014
3690 3 2 0 6 2569 4137 2007 3999
3691 3 2 0 6 2585 2708 4243 1949
3692 3 2 0 6 4263 2582 2037 4218
3693 3 2 0 6 3493 3926 1945 2219
3694 3 2 0 6 3723 1932 2416 4078
3695 3 2 0 6 3654 3576 3062 4202
3696 3 2 0 6 2092 3825 4036 2813
3697 3 2 0 6 1518 1520 4080 3702
3698 3 2 0 6 4037 2470 3651 1510
3699 3 2 0 6 1523 3506 4615 1631
3700 3 2 0 6 1125 1025 3748 3993
3701 3 2 0 6 1516 3763 4154 2601
3702 3 2 0 6 1985 3766 4147 2501
3703 3 2 0 6 3379 3378 3214 4103
3704 3 2 0 6 4474 3286 4164 4447
3705 3 2 0 6 1520 2291 4030 4053
3706 3 2 0 6 3706 79 80 4102
3707 3 2 0 6 803 1492 4169 800
3708 3 2 0 6 117 341 4158 116
3709 3 2 0 6 997 2043 4154 4000
3710 3 2 0 6 2426 2597 4097 2598
3711 3 2 0 6 3582 4137 4159 2382
3712 3 2 0 6 2816 2500 2501 4089
3713 3 2 0 6 1665 2791 3736 4281
3714 3 2 0 6 1052 3119 4161 1122
3715 3 2 0 6 1510 3996 2542 4037
3716 3 2 0 6 2269 3741 4081 2292
3717 3 2 0 6 2736 4109 2981 2434
3718 3 2 0 6 4387 4423 3423 3422
3719 3 2 0 6 2682 4157 4253 2710
3720 3 2 0 6 1501 1502 4286 1500
3721 3 2 0 6 2413 2420 4227 2313
3722 3 2 0 6 3239 3613 796 4169
3723 3 2 0 6 3994 4073 4160 2362
3724 3 2 0 6 1219 1221 1581 4091
3725 3 2 0 6 2752 2753 4379 295
3726 3 2 0 6 2544 2967 4547 3705
3727 3 2 0 6 1759 2336 4093 4041
3728 3 2 0 6 775 774 4283 776
3729 3 2 0 6 1412 1125 3993 1413
3730 3 2 0 6 1269 1270 4306 1268
3731 3 2 0 6 4323 561 4296 3125
3732 3 2 0 6 3714 231 232 4112
3733 3 2 0 6 2084 1907 1905 4098
3734 3 2 0 6 2345 4101 1977 1805
3735 3 2 0 6 2849 2076 1841 4298
3736 3 2 0 6 3208 2293 4162 3209
3737 3 2 0 6 638 1960 4434 1575
3738 3 2 0 6 4281 4298 1546 1665
3739 3 2 0 6 2060 2329 4551 2061
3740 3 2 0 6 1072 1480 3936 4146
3741 3 2 0 6 2948 4104 2468 2467
3742 3 2 0 6 301 4267 2554 2909
3743 3 2 0 6 1646 1649 4585 3475
3744 3 2 0 6 19 272 4347 18
3745 3 2 0 6 1910 1909 4105 1911
3746 3 2 0 6 2420 4312 3166 4227
3747 3 2 0 6 2366 1991 1911 4108
3748 3 2 0 6 2764 1471 551 4242
3749 3 2 0 6 1990 3182 4523 3184
3750 3 2 0 6 1959 4038 4128 3835
3751 3 2 0 6 3407 1370 4194 4178
3752 3 2 0 6 2299 3525 4144 3977
3753 3 2 0 6 1810 1812 4246 2464
3754 3 2 0 6 2070 4595 3281 3789
3755 3 2 0 6 2118 2742 4538 2621
3756 3 2 0 6 1993 2407 4118 2406
3757 3 2 0 6 146 266 4454 145
3758 3 2 0 6 3988 4596 2635 2721
3759 3 2 0 6 2020 2555 4099 2833
3760 3 2 0 6 2302 4120 4226 2907
3761 3 2 0 6 3285 3286 4481 1383
3762 3 2 0 6 3215 4108 1911 4105
3763 3 2 0 6 1944 1946 4034 1615
3764 3 2 0 6 3227 2924 4377 3118
3765 3 2 0 6 503 508 4285 1762
3766 3 2 0 6 734 735 4111 733
3767 3 2 0 6 2078 3246 4162 2293
3768 3 2 0 6 533 534 4634 525
3769 3 2 0 6 1536 3410 4562 3549
3770 3 2 0 6 1804 2045 4278 1814
3771 3 2 0 6 353 3929 3120 351
3772 3 2 0 6 124 4100 3861 123
3773 3 2 0 6 1941 1783 4434 2614
3774 3 2 0 6 563 562 4484 571
3775 3 2 0 6 2925 4362 88 89
3776 3 2 0 6 2663 4570 3395 3394
3777 3 2 0 6 382 1441 4296 380
3778 3 2 0 6 764 3407 4166 3532
3779 3 2 0 6 1566 1319 4232 1568
3780 3 2 0 6 2617 3984 3119 4609
3781 3 2 0 6 950 4116 871 873
3782 3 2 0 6 764 741 4121 765
3783 3 2 0 6 59 3860 3981 58
3784 3 2 0 6 3825 2556 4148 4036
3785 3 2 0 6 819 857 4368 836
3786 3 2 0 6 3728 3977 4144 1774
3787 3 2 0 6 2313 2362 4160 2413
3788 3 2 0 6 3368 3369 4600 2462
3789 3 2 0 6 1981 3660 4271 2540
3790 3 2 0 6 1207 3862 4196 2091
3791 3 2 0 6 4329 2698 2499 4342
3792 3 2 0 6 1504 2004 4057 4191
3793 3 2 0 6 2504 4092 580 3885
3794 3 2 0 6 321 135 136 4113
3795 3 2 0 6 1793 1893 4117 3565
3796 3 2 0 6 2620 3393 3392 4499
3797 3 2 0 6 209 334 4303 208
3798 3 2 0 6 1499 1615 4034 1204
3799 3 2 0 6 498 504 4634 1369
3800 3 2 0 6 2798 4443 16 17
3801 3 2 0 6 1630 4094 4095 1629
3802 3 2 0 6 2645 2711 4639 2644
3803 3 2 0 6 351 3120 3918 349
3804 3 2 0 6 2280 3831 1629 4095
3805 3 2 0 6 3842 3859 4135 1995
3806 3 2 0 6 364 713 4107 362
3807 3 2 0 6 2120 2593 4408 2336
3808 3 2 0 6 2334 4055 4122 2509
3809 3 2 0 6 2606 1950 3517 4123
3810 3 2 0 6 1755 2207 4476 3599
3811 3 2 0 6 4594 2459 3359 4574
3812 3 2 0 6 3940 4114 2558 3619
3813 3 2 0 6 4403 3824 2457 4418
3814 3 2 0 6 2701 2702 4560 2026
3815 3 2 0 6 2942 3039 297 4627
3816 3 2 0 6 3810 277 4522 4222
3817 3 2 0 6 925 2007 4137 3582
3818 3 2 0 6 4269 3849 4340 2483
3819 3 2 0 6 3193 4186 4209 837
3820 3 2 0 6 2954 264 4390 3324
3821 3 2 0 6 545 544 4294 557
3822 3 2 0 6 2831 102 103 4381
3823 3 2 0 6 3375 4139 2373 2374
3824 3 2 0 6 4078 2416 3137 4119
3825 3 2 0 6 2999 2996 4293 3000
3826 3 2 0 6 2033 2678 4632 2034
3827 3 2 0 6 195 269 4276 194
3828 3 2 0 6 94 295 4379 93
3829 3 2 0 6 374 3707 4350 1511
3830 3 2 0 6 2833 4124 2021 2020
3831 3 2 0 6 2854 1394 3587 4640
3832 3 2 0 6 3212 4432 3686 263
3833 3 2 0 6 2544 3705 262 4399
3834 3 2 0 6 2137 4138 2558 4114
3835 3 2 0 6 1845 4236 3920 1846
3836 3 2 0 6 306 198 199 4145
3837 3 2 0 6 348 349 3918 344
3838 3 2 0 6 274 2710 4253 2799
3839 3 2 0 6 2652 3485 2419 4480
3840 3 2 0 6 2022 2363 4133 2364
3841 3 2 0 6 587 586 610 4115
3842 3 2 0 6 2345 4123 3517 4101
3843 3 2 0 6 1667 1782 4497 1540
3844 3 2 0 6 4275 2566 2529 4398
3845 3 2 0 6 2646 3419 3418 4540
3846 3 2 0 6 4080 3564 2047 4131
3847 3 2 0 6 2887 4025 3565 4117
3848 3 2 0 6 2174 2238 4618 2173
3849 3 2 0 6 2595 4320 4401 3460
3850 3 2 0 6 3202 3203 4432 3201
3851 3 2 0 6 1892 3547 4149 1893
3852 3 2 0 6 3501 3292 4396 2588
3853 3 2 0 6 1431 3924 2493 4205
3854 3 2 0 6 3398 2689 4485 3399
3855 3 2 0 6 2260 2558 4138 2880
3856 3 2 0 6 1429 3421 4480 1948
3857 3 2 0 6 2356 4048 3135 4295
3858 3 2 0 6 2376 2377 4279 1880
3859 3 2 0 6 529 4156 516 518
3860 3 2 0 6 1084 1087 4125 4197
3861 3 2 0 6 3615 2965 4620 2350
3862 3 2 0 6 3589 1942 3843 4110
3863 3 2 0 6 2307 2308 4465 1982
3864 3 2 0 6 422 420 4136 646
3865 3 2 0 6 3782 2515 4356 4305
3866 3 2 0 6 1963 2553 4041 4093
3867 3 2 0 6 2873 2876 4134 2872
3868 3 2 0 6 211 298 4363 210
3869 3 2 0 6 2993 2998 4146 3936
3870 3 2 0 6 3498 4635 4003 1607
3871 3 2 0 6 3585 3218 4557 4490
3872 3 2 0 6 276 115 116 4158
3873 3 2 0 6 2432 2431 4310 2600
3874 3 2 0 6 1795 2552 4122 3765
3875 3 2 0 6 2338 1996 1995 4135
3876 3 2 0 6 3389 3390 4540 1534
3877 3 2 0 6 2886 4117 1893 4149
3878 3 2 0 6 84 253 4374 83
3879 3 2 0 6 1583 4345 3263 4173
3880 3 2 0 6 4330 3693 1056 4206
3881 3 2 0 6 3237 4031 2280 4590
3882 3 2 0 6 2941 2942 4627 2867
3883 3 2 0 6 1775 3765 4122 4055
3884 3 2 0 6 2055 4334 3147 4407
3885 3 2 0 6 3008 3009 4236 2133
3886 3 2 0 6 2660 2661 4132 2662
3887 3 2 0 6 2121 2330 4537 3834
3888 3 2 0 6 2704 4636 3483 3174
3889 3 2 0 6 2970 321 4238 2971
3890 3 2 0 6 2757 4106 2340 2339
3891 3 2 0 6 2394 4110 3843 3590
3892 3 2 0 6 3033 2514 4411 3034
3893 3 2 0 6 585 4164 3286 3285
3894 3 2 0 6 506 1757 4429 3581
3895 3 2 0 6 547 935 4568 553
3896 3 2 0 6 2457 2456 4335 2559
3897 3 2 0 6 3490 444 4414 4067
3898 3 2 0 6 74 3730 4355 73
3899 3 2 0 6 2390 2389 4581 2391
3900 3 2 0 6 3211 222 223 4422
3901 3 2 0 6 4116 4151 869 871
3902 3 2 0 6 265 4153 34 35
3903 3 2 0 6 4143 4148 2556 2557
3904 3 2 0 6 2789 2790 4460 2308
3905 3 2 0 6 1844 3775 4126 4056
3906 3 2 0 6 3384 3386 4541 3385
3907 3 2 0 6 3443 3420 4548 3444
3908 3 2 0 6 2995 2997 4400 4336
3909 3 2 0 6 2539 4155 3946 2538
3910 3 2 0 6 985 3817 4129 2010
3911 3 2 0 6 219 3683 4322 333
3912 3 2 0 6 854 4328 3962 884
3913 3 2 0 6 2302 3854 1962 4120
3914 3 2 0 6 2257 3910 4471 2691
3915 3 2 0 6 1272 3819 4316 1284
3916 3 2 0 6 1412 1608 4170 1411
3917 3 2 0 6 235 335 4313 234
3918 3 2 0 6 1628 3938 3092 4221
3919 3 2 0 6 4272 2592 2488 4304
3920 3 2 0 6 306 4598 3112 4428
3921 3 2 0 6 1568 4232 2945 4282
3922 3 2 0 6 115 276 4301 114
3923 3 2 0 6 2925 89 90 4470
3924 3 2 0 6 1267 1268 4575 1266
3925 3 2 0 6 2597 3860 309 4097
3926 3 2 0 6 4456 3361 4412 308
3927 3 2 0 6 3655 4006 4605 1513
3928 3 2 0 6 2977 4267 4543 2633
3929 3 2 0 6 1880 1879 4142 2376
3930 3 2 0 6 3096 2510 1391 4175
3931 3 2 0 6 3169 4180 3276 3277
3932 3 2 0 6 3670 3835 4128 3612
3933 3 2 0 6 2439 4339 2971 4238
3934 3 2 0 6 2241 4198 2790 3077
3935 3 2 0 6 2817 4201 923 4168
3936 3 2 0 6 244 245 4211 307
3937 3 2 0 6 1888 3821 4224 2342
3938 3 2 0 6 214 251 4410 213
3939 3 2 0 6 2425 2423 4184 4066
3940 3 2 0 6 2780 4317 4369 2782
3941 3 2 0 6 2071 4216 3363 2756
3942 3 2 0 6 3141 4321 847 863
3943 3 2 0 6 2089 2707 4147 3766
3944 3 2 0 6 2523 1747 1864 4152
3945 3 2 0 6 2458 2459 4594 2972
3946 3 2 0 6 2036 2554 4267 2977
3947 3 2 0 6 768 767 4167 769
3948 3 2 0 6 2413 4160 1578 4195
3949 3 2 0 6 3024 3790 4404 2890
3950 3 2 0 6 3150 3151 4225 3152
3951 3 2 0 6 2899 2900 4277 2443
3952 3 2 0 6 2328 2471 4163 2470
3953 3 2 0 6 3192 3191 670 4208
3954 3 2 0 6 3635 1671 4393 3719
3955 3 2 0 6 2028 2500 4168 2502
3956 3 2 0 6 4505 3114 2611 2576
3957 3 2 0 6 308 183 184 4176
3958 3 2 0 6 251 214 215 4174
3959 3 2 0 6 2568 2144 4384 2684
3960 3 2 0 6 1799 1929 4402 1802
3961 3 2 0 6 3152 4217 3167 1830
3962 3 2 0 6 2420 2413 4195 2421
3963 3 2 0 6 955 1774 4144 3846
3964 3 2 0 6 2831 4498 101 102
3965 3 2 0 6 2705 3305 3303 4607
3966 3 2 0 6 448 445 4472 1453
3967 3 2 0 6 1690 1455 4435 2083
3968 3 2 0 6 3211 4524 221 222
3969 3 2 0 6 1317 3747 2945 4232
3970 3 2 0 6 186 284 4325 185
3971 3 2 0 6 3220 4182 2433 3219
3972 3 2 0 6 4073 3733 1578 4160
3973 3 2 0 6 2254 2646 4544 2253
3974 3 2 0 6 1514 1569 4509 1515
3975 3 2 0 6 3262 3263 4345 3261
3976 3 2 0 6 3184 3749 4374 3086
3977 3 2 0 6 4000 4154 3763 3650
3978 3 2 0 6 1120 1190 4435 1191
3979 3 2 0 6 4165 749 723 4192
3980 3 2 0 6 2554 2771 4389 2909
3981 3 2 0 6 2275 4289 2594 4045
3982 3 2 0 6 442 4076 3399 4472
3983 3 2 0 6 785 784 4478 786
3984 3 2 0 6 447 2243 4172 2475
3985 3 2 0 6 2213 2113 4361 2758
3986 3 2 0 6 1583 4173 1231 1234
3987 3 2 0 6 181 3980 313 180
3988 3 2 0 6 2246 4035 4488 3027
3989 3 2 0 6 578 4190 564 572
3990 3 2 0 6 4451 3006 4628 2506
3991 3 2 0 6 923 4128 2502 4168
3992 3 2 0 6 1356 4495 3943 1512
3993 3 2 0 6 1887 1687 4177 2066
3994 3 2 0 6 2105 2591 4474 2104
3995 3 2 0 6 2726 1569 1514 4605
3996 3 2 0 6 3259 3261 4360 3260
3997 3 2 0 6 385 3245 4409 585
3998 3 2 0 6 309 60 61 4179
3999 3 2 0 6 4438 2918 4625 2422
4000 3 2 0 6 125 311 4100 124
4001 3 2 0 6 799 800 4169 796
4002 3 2 0 6 2353 2351 4620 2354
4003 3 2 0 6 219 333 4466 218
4004 3 2 0 6 3485 2652 1851 4509
4005 3 2 0 6 58 3981 314 57
4006 3 2 0 6 2380 4068 4469 3014
4007 3 2 0 6 2645 4299 3593 4416
4008 3 2 0 6 314 4589 2700 2840
4009 3 2 0 6 3407 4178 2364 4166
4010 3 2 0 6 2211 4515 4553 2212
4011 3 2 0 6 198 306 4428 197
4012 3 2 0 6 3544 1410 4188 3576
4013 3 2 0 6 2971 4339 2658 3712
4014 3 2 0 6 2610 4215 2066 4177
4015 3 2 0 6 2406 2831 4381 2829
4016 3 2 0 6 107 304 4440 106
4017 3 2 0 6 2343 2715 4529 2005
4018 3 2 0 6 1503 1504 4191 1502
4019 3 2 0 6 2766 2624 4576 2955
4020 3 2 0 6 2003 2643 4451 2002
4021 3 2 0 6 2439 3907 1957 4339
4022 3 2 0 6 217 297 4567 216
4023 3 2 0 6 1082 1084 4197 1083
4024 3 2 0 6 4115 610 628 4171
4025 3 2 0 6 3489 3138 3140 4275
4026 3 2 0 6 4167 4199 771 769
4027 3 2 0 6 99 4189 254 98
4028 3 2 0 6 838 855 4591 1168
4029 3 2 0 6 1473 4002 4203 3830
4030 3 2 0 6 1676 3946 4155 2070
4031 3 2 0 6 201 264 4534 200
4032 3 2 0 6 77 3705 4547 76
4033 3 2 0 6 732 923 4201 734
4034 3 2 0 6 760 995 4557 3218
4035 3 2 0 6 2546 4331 2773 4405
4036 3 2 0 6 3194 3589 4186 3193
4037 3 2 0 6 791 3826 4604 3642
4038 3 2 0 6 2238 2726 4605 4006
4039 3 2 0 6 2474 2391 4067 4414
4040 3 2 0 6 2003 3906 4299 2645
4041 3 2 0 6 3677 3914 4198 2241
4042 3 2 0 6 4208 670 3546 4204
4043 3 2 0 6 4006 2762 4618 2238
4044 3 2 0 6 823 2714 4405 2773
4045 3 2 0 6 2936 2647 2648 4584
4046 3 2 0 6 2245 2758 4361 2760
4047 3 2 0 6 2094 2629 4572 2703
4048 3 2 0 6 1430 3729 2258 4193
4049 3 2 0 6 2044 2951 4619 2590
4050 3 2 0 6 122 310 4369 121
4051 3 2 0 6 1347 3654 4202 1449
4052 3 2 0 6 69 4016 4357 68
4053 3 2 0 6 3817 2411 4218 4129
4054 3 2 0 6 3069 4212 3058 3056
4055 3 2 0 6 1538 1624 4519 1597
4056 3 2 0 6 4489 3786 3669 4448
4057 3 2 0 6 299 4523 3183 4102
4058 3 2 0 6 1946 2657 4235 4034
4059 3 2 0 6 1577 3787 4195 1578
4060 3 2 0 6 2662 4132 4170 2861
4061 3 2 0 6 1350 1349 4207 1351
4062 3 2 0 6 2778 2779 4615 4553
4063 3 2 0 6 2129 3017 4623 2984
4064 3 2 0 6 370 4308 4512 368
4065 3 2 0 6 1068 4256 4336 1243
4066 3 2 0 6 295 94 95 4220
4067 3 2 0 6 1397 4228 512 514
4068 3 2 0 6 392 3598 4638 1414
4069 3 2 0 6 941 4210 866 868
4070 3 2 0 6 2497 2066 4215 2666
4071 3 2 0 6 2799 4253 2441 3751
4072 3 2 0 6 2898 2396 4193 2258
4073 3 2 0 6 2242 3719 4331 2546
4074 3 2 0 6 1072 4146 4256 1070
4075 3 2 0 6 2774 4406 3768 336
4076 3 2 0 6 3490 4067 2391 4581
4077 3 2 0 6 2014 3282 4252 2508
4078 3 2 0 6 3373 4333 3376 3374
4079 3 2 0 6 1586 1846 4185 3939
4080 3 2 0 6 2387 2962 4387 3734
4081 3 2 0 6 3939 4185 2384 3879
4082 3 2 0 6 2259 2323 4579 3792
4083 3 2 0 6 1446 3803 4400 3840
4084 3 2 0 6 3712 2658 2360 4372
4085 3 2 0 6 2803 3508 4391 2801
4086 3 2 0 6 1633 4529 2702 4094
4087 3 2 0 6 2072 2491 4371 3136
4088 3 2 0 6 3719 4393 2823 4331
4089 3 2 0 6 3465 4244 4288 2454
4090 3 2 0 6 2573 4083 4441 4084
4091 3 2 0 6 317 170 171 4219
4092 3 2 0 6 404 1431 4205 3664
4093 3 2 0 6 1359 4229 1355 1353
4094 3 2 0 6 933 856 866 4223
4095 3 2 0 6 1827 4235 2657 4385
4096 3 2 0 6 368 367 4239 369
4097 3 2 0 6 3079 3080 4268 1117
4098 3 2 0 6 326 4231 41 42
4099 3 2 0 6 2627 2656 4438 1975
4100 3 2 0 6 1441 382 384 500
4101 3 2 0 6 2111 1837 2313 4227
4102 3 2 0 6 2160 2525 4535 4424
4103 3 2 0 6 1169 1073 1071 4241
4104 3 2 0 6 63 285 4520 62
4105 3 2 0 6 3168 4223 866 4210
4106 3 2 0 6 238 275 4583 237
4107 3 2 0 6 4452 1900 4519 2742
4108 3 2 0 6 2406 4118 4498 2831
4109 3 2 0 6 3415 4143 4392 3414
4110 3 2 0 6 2662 2859 4264 2660
4111 3 2 0 6 3493 4383 2359 3926
4112 3 2 0 6 2448 3593 4299 4282
4113 3 2 0 6 3721 3634 4198 3914
4114 3 2 0 6 2567 3991 3363 4216
4115 3 2 0 6 3019 3020 4508 980
4116 3 2 0 6 1847 4446 4196 2612
4117 3 2 0 6 2465 4444 4203 3359
4118 3 2 0 6 2599 4244 1083 4197
4119 3 2 0 6 2859 285 3800 4264
4120 3 2 0 6 2860 2861 4187 3875
4121 3 2 0 6 969 3846 4206 1056
4122 3 2 0 6 2335 3027 4488 3328
4123 3 2 0 6 1080 1083 4244 3465
4124 3 2 0 6 2111 4159 4137 2569
4125 3 2 0 6 2053 3372 4375 3373
4126 3 2 0 6 4455 3210 4422 300
4127 3 2 0 6 3706 4102 3183 4554
4128 3 2 0 6 4120 2383 2728 4226
4129 3 2 0 6 183 308 4412 182
4130 3 2 0 6 3371 2640 4413 3372
4131 3 2 0 6 2682 4079 3093 4157
4132 3 2 0 6 247 248 3979 312
4133 3 2 0 6 3144 3143 4246 4407
4134 3 2 0 6 2427 1927 1949 4243
4135 3 2 0 6 1872 2162 4351 2163
4136 3 2 0 6 1006 3147 4334 3148
4137 3 2 0 6 527 3548 4463 1757
4138 3 2 0 6 4153 4249 33 34
4139 3 2 0 6 608 3664 4205 4237
4140 3 2 0 6 2086 2085 4250 2370
4141 3 2 0 6 3250 4209 2393 4266
4142 3 2 0 6 3652 4178 4194 4010
4143 3 2 0 6 1810 2464 4224 3821
4144 3 2 0 6 253 4035 2706 4629
4145 3 2 0 6 2805 2811 4573 2807
4146 3 2 0 6 4142 4233 2946 2376
4147 3 2 0 6 1586 1556 4417 1587
4148 3 2 0 6 3454 3455 4258 2466
4149 3 2 0 6 3524 4206 3846 4144
4150 3 2 0 6 1318 1317 4232 1319
4151 3 2 0 6 2507 2628 4599 2847
4152 3 2 0 6 3993 4213 1658 1413
4153 3 2 0 6 3165 3166 4312 1611
4154 3 2 0 6 2612 4527 4576 2624
4155 3 2 0 6 3717 1628 4221 3917
4156 3 2 0 6 3100 3101 4301 2352
4157 3 2 0 6 2321 2460 4265 2461
4158 3 2 0 6 335 235 236 4255
4159 3 2 0 6 1974 1973 4438 2422
4160 3 2 0 6 4435 2902 4610 2083
4161 3 2 0 6 538 4242 551 537
4162 3 2 0 6 2521 3812 4421 2520
4163 3 2 0 6 1847 2133 4236 1845
4164 3 2 0 6 2861 4170 1608 4187
4165 3 2 0 6 3326 4259 1933 1849
4166 3 2 0 6 2912 3877 4284 2913
4167 3 2 0 6 3657 2324 4582 4268
4168 3 2 0 6 342 3811 4421 3812
4169 3 2 0 6 4552 3022 4357 4016
4170 3 2 0 6 1369 4270 493 498
4171 3 2 0 6 1069 1070 4256 1068
4172 3 2 0 6 2655 4262 3488 4521
4173 3 2 0 6 2650 2696 4257 2247
4174 3 2 0 6 4218 2411 1651 4263
4175 3 2 0 6 2821 2824 4191 4057
4176 3 2 0 6 2080 2564 4364 2563
4177 3 2 0 6 2435 2439 4238 2739
4178 3 2 0 6 4239 4272 371 369
4179 3 2 0 6 2918 4601 2815 289
4180 3 2 0 6 2037 2571 4129 4218
4181 3 2 0 6 2627 4348 4386 2737
4182 3 2 0 6 2225 2683 4513 2586
4183 3 2 0 6 99 100 303 4260
4184 3 2 0 6 336 193 194 4276
4185 3 2 0 6 253 3661 4488 4035
4186 3 2 0 6 1722 4166 2364 4133
4187 3 2 0 6 2041 2610 4181 4140
4188 3 2 0 6 2031 2256 4248 4344
4189 3 2 0 6 609 3754 4516 2603
4190 3 2 0 6 1887 2498 4254 3787
4191 3 2 0 6 4259 4280 2417 1933
4192 3 2 0 6 4237 4262 3583 608
4193 3 2 0 6 3311 2830 4475 3124
4194 3 2 0 6 2410 3014 4469 2519
4195 3 2 0 6 3181 645 4310 4319
4196 3 2 0 6 2944 2448 4282 2945
4197 3 2 0 6 2821 2823 4393 2824
4198 3 2 0 6 3963 2680 2562 4511
4199 3 2 0 6 1882 1881 4269 2483
4200 3 2 0 6 3712 4372 4613 290
4201 3 2 0 6 2367 3083 4565 4141
4202 3 2 0 6 3859 4508 3020 4135
4203 3 2 0 6 4152 1864 3657 4261
4204 3 2 0 6 2369 2599 4197 4125
4205 3 2 0 6 2420 2421 4338 2814
4206 3 2 0 6 1861 2311 4271 3660
4207 3 2 0 6 375 4291 2600 4297
4208 3 2 0 6 2032 2494 4281 3736
4209 3 2 0 6 4434 2904 4610 2614
4210 3 2 0 6 384 386 4273 500
4211 3 2 0 6 2421 4195 3787 4254
4212 3 2 0 6 3689 1472 4234 4302
4213 3 2 0 6 3893 4266 2393 2472
4214 3 2 0 6 2025 2717 4501 3326
4215 3 2 0 6 1854 1816 1814 4278
4216 3 2 0 6 528 4285 508 510
4217 3 2 0 6 3775 2670 4536 4126
4218 3 2 0 6 1827 4029 2526 4235
4219 3 2 0 6 7 315 4482 2845
4220 3 2 0 6 2393 4209 4186 2394
4221 3 2 0 6 3283 2532 2649 4290
4222 3 2 0 6 3093 2441 4253 4157
4223 3 2 0 6 2235 2754 4597 2940
4224 3 2 0 6 1391 1584 4251 4175
4225 3 2 0 6 778 776 4283 1462
4226 3 2 0 6 1840 1880 4279 2581
4227 3 2 0 6 2659 4602 342 3812
4228 3 2 0 6 1204 4034 4235 2526
4229 3 2 0 6 3759 4045 4214 1470
4230 3 2 0 6 2601 4154 2043 4305
4231 3 2 0 6 2057 3767 4505 2576
4232 3 2 0 6 2933 3035 4378 3036
4233 3 2 0 6 1444 1500 4286 1671
4234 3 2 0 6 379 377 4297 645
4235 3 2 0 6 2151 494 4365 2577
4236 3 2 0 6 1838 2603 4546 3591
4237 3 2 0 6 2990 3001 3958 4569
4238 3 2 0 6 2353 2355 4394 3100
4239 3 2 0 6 2073 3136 4350 2481
4240 3 2 0 6 2660 4264 4602 2659
4241 3 2 0 6 2163 4251 1584 1872
4242 3 2 0 6 2539 2540 4561 2709
4243 3 2 0 6 2215 2765 4577 2541
4244 3 2 0 6 2641 4452 2119 4367
4245 3 2 0 6 3245 2081 4359 4395
4246 3 2 0 6 4213 4279 4348 2626
4247 3 2 0 6 561 378 380 4296
4248 3 2 0 6 2272 4222 4522 2672
4249 3 2 0 6 165 4274 4370 164
4250 3 2 0 6 3865 2697 4464 4425
4251 3 2 0 6 2273 2801 4391 2800
4252 3 2 0 6 2455 4288 2042 4307
4253 3 2 0 6 3548 681 4514 4494
4254 3 2 0 6 3922 4526 3863 2637
4255 3 2 0 6 2499 2698 4464 2697
4256 3 2 0 6 3993 2581 4279 4213
4257 3 2 0 6 3101 113 114 4301
4258 3 2 0 6 1086 1085 4309 3600
4259 3 2 0 6 2837 4292 2495 2453
4260 3 2 0 6 248 249 2838 3979
4261 3 2 0 6 3707 4323 2481 4350
4262 3 2 0 6 857 4396 3293 4368
4263 3 2 0 6 2141 2794 4441 4083
4264 3 2 0 6 2122 2694 4382 2693
4265 3 2 0 6 4060 3869 690 4304
4266 3 2 0 6 1466 3782 4305 2043
4267 3 2 0 6 558 2201 4545 3528
4268 3 2 0 6 535 1008 4294 544
4269 3 2 0 6 256 207 208 4303
4270 3 2 0 6 2784 4380 3684 256
4271 3 2 0 6 2215 2894 4397 2765
4272 3 2 0 6 1545 1546 4298 1841
4273 3 2 0 6 3188 4147 2707 4603
4274 3 2 0 6 3862 4527 2612 4196
4275 3 2 0 6 2155 2481 4323 3125
4276 3 2 0 6 1077 1076 4318 1078
4277 3 2 0 6 2357 2356 4295 2743
4278 3 2 0 6 2220 2609 4388 2491
4279 3 2 0 6 269 3744 3111 4563
4280 3 2 0 6 3876 4245 4064 1943
4281 3 2 0 6 4032 2415 4284 3877
4282 3 2 0 6 3268 3693 4330 2694
4283 3 2 0 6 4416 2361 2796 4437
4284 3 2 0 6 1971 1972 4307 2042
4285 3 2 0 6 180 313 4315 179
4286 3 2 0 6 4248 2256 3689 4302
4287 3 2 0 6 1681 1827 4385 1957
4288 3 2 0 6 1272 1284 4306 1270
4289 3 2 0 6 333 4322 2486 2866
4290 3 2 0 6 1852 2130 4462 2131
4291 3 2 0 6 283 3036 4378 3797
4292 3 2 0 6 267 233 234 4313
4293 3 2 0 6 475 3822 4289 2275
4294 3 2 0 6 2993 2995 4336 2998
4295 3 2 0 6 3209 3211 4422 3210
4296 3 2 0 6 782 848 4247 4459
4297 3 2 0 6 2038 2582 4287 3852
4298 3 2 0 6 2432 2600 4291 3869
4299 3 2 0 6 2165 3591 4571 2651
4300 3 2 0 6 3347 4341 3341 3342
4301 3 2 0 6 2296 2342 4517 4130
4302 3 2 0 6 57 314 4326 56
4303 3 2 0 6 4273 3305 4539 500
4304 3 2 0 6 126 4327 311 125
4305 3 2 0 6 1481 3903 4564 2326
4306 3 2 0 6 638 3185 4507 1960
4307 3 2 0 6 3584 3328 4488 331
4308 3 2 0 6 2357 2746 4559 2745
4309 3 2 0 6 4176 184 185 4325
4310 3 2 0 6 4318 1076 1075 4337
4311 3 2 0 6 2497 2666 4300 4376
4312 3 2 0 6 2467 2947 4346 2948
4313 3 2 0 6 2311 2310 2507 4311
4314 3 2 0 6 681 3528 4545 4514
4315 3 2 0 6 659 3070 4507 3185
4316 3 2 0 6 4206 3524 3523 4330
4317 3 2 0 6 3911 1938 2522 2496
4318 3 2 0 6 3246 255 4524 4162
4319 3 2 0 6 4619 4504 4183 2590
4320 3 2 0 6 4321 3141 3139 4431
4321 3 2 0 6 3124 4475 261 3704
4322 3 2 0 6 2731 4174 4567 2735
4323 3 2 0 6 304 107 108 4346
4324 3 2 0 6 3091 4358 3917 4221
4325 3 2 0 6 4241 4312 2420 2814
4326 3 2 0 6 2547 2545 4332 4324
4327 3 2 0 6 120 4317 286 119
4328 3 2 0 6 2483 4340 2721 2484
4329 3 2 0 6 2127 3932 4451 2506
4330 3 2 0 6 2032 2031 4344 2452
4331 3 2 0 6 3002 259 4043 4415
4332 3 2 0 6 3429 2972 4596 1283
4333 3 2 0 6 270 72 73 4355
4334 3 2 0 6 296 4362 2925 3406
4335 3 2 0 6 2329 4163 2471 4551
4336 3 2 0 6 1936 3540 4334 2055
4337 3 2 0 6 3328 3584 296 4343
4338 3 2 0 6 4324 4316 3819 2547
4339 3 2 0 6 2557 4307 1972 4352
4340 3 2 0 6 2616 4354 2468 4104
4341 3 2 0 6 4418 2695 2693 4403
4342 3 2 0 6 278 67 68 4357
4343 3 2 0 6 2248 2520 4421 2893
4344 3 2 0 6 3120 3929 4588 2915
4345 3 2 0 6 3845 830 847 4321
4346 3 2 0 6 3718 3808 4345 1583
4347 3 2 0 6 854 844 4368 4328
4348 3 2 0 6 1525 1704 4417 1556
4349 3 2 0 6 3034 339 3797 4378
4350 3 2 0 6 2661 4367 1508 4132
4351 3 2 0 6 3261 4345 3808 4360
4352 3 2 0 6 1851 2652 4486 2130
4353 3 2 0 6 479 1007 4320 3822
4354 3 2 0 6 3325 302 4469 4068
4355 3 2 0 6 2827 303 4498 4118
4356 3 2 0 6 3634 4460 2790 4198
4357 3 2 0 6 2577 4365 2452 4344
4358 3 2 0 6 334 209 210 4363
4359 3 2 0 6 2091 4196 4446 2687
4360 3 2 0 6 1757 4463 3459 4429
4361 3 2 0 6 3427 2745 4559 790
4362 3 2 0 6 3767 2451 2798 4347
4363 3 2 0 6 254 4430 2751 3934
4364 3 2 0 6 2518 2517 4380 2784
4365 3 2 0 6 2431 2509 4319 4310
4366 3 2 0 6 3373 4375 1462 4333
4367 3 2 0 6 4614 4084 4564 701
4368 3 2 0 6 1970 2583 4352 1972
4369 3 2 0 6 87 88 4362 296
4370 3 2 0 6 332 4597 2754 4220
4371 3 2 0 6 843 836 4368 844
4372 3 2 0 6 2381 3324 4390 3325
4373 3 2 0 6 2810 4176 4325 2808
4374 3 2 0 6 2600 4310 645 4297
4375 3 2 0 6 4317 120 121 4369
4376 3 2 0 6 271 163 164 4370
4377 3 2 0 6 1975 2626 4348 2627
4378 3 2 0 6 2453 2452 4365 2837
4379 3 2 0 6 3749 82 83 4374
4380 3 2 0 6 179 4315 347 178
4381 3 2 0 6 3553 92 93 4379
4382 3 2 0 6 2595 4289 3822 4320
4383 3 2 0 6 56 4326 2839 55
4384 3 2 0 6 2524 2278 4358 4353
4385 3 2 0 6 127 2842 4327 126
4386 3 2 0 6 245 246 4427 4211
4387 3 2 0 6 3118 4377 252 3553
4388 3 2 0 6 2694 4330 3523 4382
4389 3 2 0 6 4311 2507 2847 4373
4390 3 2 0 6 2042 4288 4244 2599
4391 3 2 0 6 352 350 4566 2570
4392 3 2 0 6 2430 4200 4450 2717
4393 3 2 0 6 4392 4143 2557 4352
4394 3 2 0 6 1463 2760 4579 4022
4395 3 2 0 6 4146 2998 4336 4256
4396 3 2 0 6 4353 4366 3044 2524
4397 3 2 0 6 3889 4450 4200 1492
4398 3 2 0 6 1953 2544 4399 2543
4399 3 2 0 6 2135 2325 4406 2774
4400 3 2 0 6 1650 3840 4457 1822
4401 3 2 0 6 2265 2428 4360 3808
4402 3 2 0 6 263 227 228 4389
4403 3 2 0 6 3896 4442 4230 660
4404 3 2 0 6 4187 2598 4612 3875
4405 3 2 0 6 264 201 202 4390
4406 3 2 0 6 2498 2497 4376 2607
4407 3 2 0 6 1496 1562 4382 3523
4408 3 2 0 6 372 1511 4371 3783
4409 3 2 0 6 2294 2131 4535 3406
4410 3 2 0 6 2499 3852 4287 4342
4411 3 2 0 6 778 1462 4375 3770
4412 3 2 0 6 2996 2994 4436 4293
4413 3 2 0 6 104 261 4381 103
4414 3 2 0 6 2298 4060 4304 2488
4415 3 2 0 6 2215 2541 4351 2162
4416 3 2 0 6 1821 4287 2582 4263
4417 3 2 0 6 2693 4382 1562 4403
4418 3 2 0 6 275 4411 2514 3709
4419 3 2 0 6 3146 3144 4407 3147
4420 3 2 0 6 2347 2890 4404 2889
4421 3 2 0 6 3288 3293 4396 3292
4422 3 2 0 6 2698 3113 271 4464
4423 3 2 0 6 4437 2711 2645 4416
4424 3 2 0 6 2082 2834 4419 2604
4425 3 2 0 6 298 3482 2563 4364
4426 3 2 0 6 1874 2601 4305 4356
4427 3 2 0 6 4356 4384 2144 1874
4428 3 2 0 6 3110 4467 325 3109
4429 3 2 0 6 3830 4203 4444 538
4430 3 2 0 6 2276 3917 4358 2278
4431 3 2 0 6 2655 4556 3583 4262
4432 3 2 0 6 1795 2505 4395 2552
4433 3 2 0 6 2770 2568 2684 4500
4434 3 2 0 6 2889 4404 3745 270
4435 3 2 0 6 2360 2658 4385 2657
4436 3 2 0 6 53 2 54 4533
4437 3 2 0 6 2091 2687 4398 2529
4438 3 2 0 6 2563 3482 4410 2879
4439 3 2 0 6 257 3423 4423 3424
4440 3 2 0 6 1865 1871 4550 2324
4441 3 2 0 6 3130 2474 4414 3131
4442 3 2 0 6 2376 2946 4386 2377
4443 3 2 0 6 3840 4400 2997 4457
4444 3 2 0 6 3834 4537 325 4467
4445 3 2 0 6 3982 1168 4502 4040
4446 3 2 0 6 2491 4388 3783 4371
4447 3 2 0 6 2045 1804 1802 4402
4448 3 2 0 6 370 3783 4388 4308
4449 3 2 0 6 3482 212 213 4410
4450 3 2 0 6 19 3114 4505 272
4451 3 2 0 6 2570 4566 313 3980
4452 3 2 0 6 2845 4577 4477 343
4453 3 2 0 6 2360 2359 4383 2575
4454 3 2 0 6 4002 4574 3359 4203
4455 3 2 0 6 2863 4179 4520 2862
4456 3 2 0 6 3054 3053 4302 4234
4457 3 2 0 6 3980 181 182 4412
4458 3 2 0 6 2399 3201 4432 3212
4459 3 2 0 6 673 688 4511 3070
4460 3 2 0 6 3142 1183 4439 3143
4461 3 2 0 6 3245 4395 2505 4409
4462 3 2 0 6 289 2917 4625 2918
4463 3 2 0 6 15 16 4443 324
4464 3 2 0 6 1950 2606 4409 2505
4465 3 2 0 6 2961 4518 2962 2960
4466 3 2 0 6 2559 2846 4418 2457
4467 3 2 0 6 2112 1898 4593 2113
4468 3 2 0 6 3072 4224 2464 4439
4469 3 2 0 6 2807 2808 4525 2806
4470 3 2 0 6 3858 4415 4043 2725
4471 3 2 0 6 2717 4450 2304 4501
4472 3 2 0 6 2383 2478 4592 2728
4473 3 2 0 6 1576 1575 4434 1783
4474 3 2 0 6 1118 1116 4449 1187
4475 3 2 0 6 2279 2751 4430 2584
4476 3 2 0 6 4320 1007 3867 4401
4477 3 2 0 6 1561 3824 4403 1562
4478 3 2 0 6 1180 1542 4517 3072
4479 3 2 0 6 3710 3279 4584 2648
4480 3 2 0 6 3508 3798 340 4391
4481 3 2 0 6 2405 4309 2666 4215
4482 3 2 0 6 2445 4230 4442 2574
4483 3 2 0 6 780 3770 4413 848
4484 3 2 0 6 4336 4400 3803 1243
4485 3 2 0 6 3202 3204 4455 3203
4486 3 2 0 6 4219 4628 3006 317
4487 3 2 0 6 2864 4255 4583 2865
4488 3 2 0 6 2287 2361 4416 3593
4489 3 2 0 6 3372 4413 3770 4375
4490 3 2 0 6 2466 2764 4444 2465
4491 3 2 0 6 4461 4490 4557 2580
4492 3 2 0 6 2948 268 4483 4104
4493 3 2 0 6 1897 1784 4558 1898
4494 3 2 0 6 3744 196 197 4428
4495 3 2 0 6 224 300 4422 223
4496 3 2 0 6 3906 1568 4282 4299
4497 3 2 0 6 2616 2617 4496 4354
4498 3 2 0 6 4639 280 3005 4531
4499 3 2 0 6 312 4427 246 247
4500 3 2 0 6 1812 2055 4407 4246
4501 3 2 0 6 1474 3599 4442 3896
4502 3 2 0 6 757 3189 4603 995
4503 3 2 0 6 2832 4338 2421 4254
4504 3 2 0 6 4577 2765 4397 4477
4505 3 2 0 6 1845 1587 4446 1847
4506 3 2 0 6 2040 2673 4563 3111
4507 3 2 0 6 3704 105 106 4440
4508 3 2 0 6 819 3596 4426 857
4509 3 2 0 6 678 4018 4614 701
4510 3 2 0 6 2578 2577 4344 4248
4511 3 2 0 6 4155 2539 2709 4445
4512 3 2 0 6 4448 2615 2902 4489
4513 3 2 0 6 2996 2999 4457 2997
4514 3 2 0 6 2711 3038 280 4639
4515 3 2 0 6 2985 2984 4623 2986
4516 3 2 0 6 3003 2672 4522 3004
4517 3 2 0 6 4395 4359 4122 2552
4518 3 2 0 6 2330 3336 325 4537
4519 3 2 0 6 575 571 4484 595
4520 3 2 0 6 4279 2377 4386 4348
4521 3 2 0 6 145 4454 4506 144
4522 3 2 0 6 4352 2583 4503 4392
4523 3 2 0 6 1193 1191 4435 1455
4524 3 2 0 6 826 2304 4450 3889
4525 3 2 0 6 2425 2700 4589 2596
4526 3 2 0 6 2218 2686 4586 3630
4527 3 2 0 6 4487 3357 1383 4481
4528 3 2 0 6 3384 1314 4561 3386
4529 3 2 0 6 3443 3444 4585 1649
4530 3 2 0 6 3357 4487 4499 546
4531 3 2 0 6 2615 4448 2608 4473
4532 3 2 0 6 1820 1822 4528 3858
4533 3 2 0 6 3458 3459 4463 3457
4534 3 2 0 6 2896 4211 4427 2895
4535 3 2 0 6 4370 2797 3865 4425
4536 3 2 0 6 1588 2723 4486 3421
4537 3 2 0 6 1168 4591 3152 4225
4538 3 2 0 6 2348 3042 4530 3041
4539 3 2 0 6 2308 4460 2692 4465
4540 3 2 0 6 2418 1948 4480 2419
4541 3 2 0 6 238 3809 4411 275
4542 3 2 0 6 999 2608 4448 3669
4543 3 2 0 6 297 217 218 4466
4544 3 2 0 6 2904 4453 2562 2560
4545 3 2 0 6 91 252 4470 90
4546 3 2 0 6 2114 2688 4485 2689
4547 3 2 0 6 3633 2692 4460 3634
4548 3 2 0 6 4123 4447 4164 2606
4549 3 2 0 6 356 355 4633 357
4550 3 2 0 6 395 546 4499 3392
4551 3 2 0 6 3548 4494 3457 4463
4552 3 2 0 6 2263 3183 4523 3182
4553 3 2 0 6 783 782 4459 784
4554 3 2 0 6 4219 2757 2506 4628
4555 3 2 0 6 788 786 4478 790
4556 3 2 0 6 4321 4431 2513 3845
4557 3 2 0 6 686 2691 4465 2692
4558 3 2 0 6 3151 4502 1168 4225
4559 3 2 0 6 353 1825 4588 3929
4560 3 2 0 6 3596 1718 4490 4461
4561 3 2 0 6 4497 4495 1356 1357
4562 3 2 0 6 2392 3428 4459 4247
4563 3 2 0 6 3150 2061 4551 3151
4564 3 2 0 6 1360 1540 4497 1357
4565 3 2 0 6 488 3581 4429 3867
4566 3 2 0 6 4369 4504 2781 2782
4567 3 2 0 6 2579 4426 3596 4461
4568 3 2 0 6 1822 4457 2999 4528
4569 3 2 0 6 2130 4486 2723 4462
4570 3 2 0 6 2893 4421 3811 278
4571 3 2 0 6 2622 2621 4538 2623
4572 3 2 0 6 2064 4456 2810 4573
4573 3 2 0 6 443 442 4472 445
4574 3 2 0 6 3203 4455 300 3685
4575 3 2 0 6 3456 3457 4494 2638
4576 3 2 0 6 1805 2104 4474 2345
4577 3 2 0 6 448 1453 4516 3754
4578 3 2 0 6 327 143 144 4506
4579 3 2 0 6 3109 273 4592 3110
4580 3 2 0 6 4608 4578 1571 3391
4581 3 2 0 6 851 2026 4560 1764
4582 3 2 0 6 1807 2002 4451 3932
4583 3 2 0 6 1658 1975 4438 1973
4584 3 2 0 6 2798 17 18 4347
4585 3 2 0 6 3344 4433 3961 3343
4586 3 2 0 6 1138 3382 4609 1137
4587 3 2 0 6 2354 4620 2965 4161
4588 3 2 0 6 2026 2027 4590 2701
4589 3 2 0 6 2930 3806 307 4420
4590 3 2 0 6 3488 2000 4542 4521
4591 3 2 0 6 265 3337 4622 3338
4592 3 2 0 6 3304 3307 4631 3306
4593 3 2 0 6 4494 4514 2585 2638
4594 3 2 0 6 2438 2613 4641 3751
4595 3 2 0 6 286 4419 2834 3799
4596 3 2 0 6 1617 1515 4509 1851
4597 3 2 0 6 2194 2462 4600 3360
4598 3 2 0 6 2249 1900 4452 2641
4599 3 2 0 6 3085 3086 4629 2706
4600 3 2 0 6 3459 4401 3867 4429
4601 3 2 0 6 2519 4469 302 3687
4602 3 2 0 6 554 553 4568 562
4603 3 2 0 6 1350 1534 4540 3418
4604 3 2 0 6 828 2512 4501 2304
4605 3 2 0 6 3000 3002 4528 2999
4606 3 2 0 6 3395 4570 4587 501
4607 3 2 0 6 810 3585 4490 1718
4608 3 2 0 6 2994 2992 4569 4436
4609 3 2 0 6 1275 1571 4562 3410
4610 3 2 0 6 1393 3393 4555 3394
4611 3 2 0 6 1358 3419 4548 3420
4612 3 2 0 6 2651 4562 1571 4578
4613 3 2 0 6 85 331 4488 3661
4614 3 2 0 6 100 101 4498 303
4615 3 2 0 6 2603 4516 2688 4546
4616 3 2 0 6 505 525 4634 504
4617 3 2 0 6 3861 4606 4183 310
4618 3 2 0 6 2615 2614 4610 2902
4619 3 2 0 6 2588 4396 857 4426
4620 3 2 0 6 4370 4425 4464 271
4621 3 2 0 6 2114 2214 4546 2688
4622 3 2 0 6 4179 61 62 4520
4623 3 2 0 6 2099 2741 4638 2667
4624 3 2 0 6 328 4641 2613 3750
4625 3 2 0 6 1788 1789 4607 3303
4626 3 2 0 6 2328 4040 4502 2471
4627 3 2 0 6 3353 3355 4549 3354
4628 3 2 0 6 3486 3385 4541 3680
4629 3 2 0 6 1271 1277 4608 3391
4630 3 2 0 6 367 368 4512 366
4631 3 2 0 6 578 2237 4595 4445
4632 3 2 0 6 4554 4624 2718 2719
4633 3 2 0 6 2388 2602 4581 2389
4634 3 2 0 6 2704 4607 1789 4636
4635 3 2 0 6 4145 199 200 4534
4636 3 2 0 6 2206 2034 4632 2496
4637 3 2 0 6 708 2173 4618 2175
4638 3 2 0 6 2478 4093 2336 4408
4639 3 2 0 6 2001 2647 4542 2000
4640 3 2 0 6 2793 4479 4112 267
4641 3 2 0 6 2866 2867 4627 2943
4642 3 2 0 6 305 75 76 4547
4643 3 2 0 6 1647 1677 4626 3568
4644 3 2 0 6 1899 1597 4519 1900
4645 3 2 0 6 1646 3475 4617 1677
4646 3 2 0 6 2033 2978 4621 2678
4647 3 2 0 6 3376 4333 1462 4283
4648 3 2 0 6 2792 2778 4553 2793
4649 3 2 0 6 1264 1266 4575 1278
4650 3 2 0 6 3591 4546 2214 4571
4651 3 2 0 6 1033 3786 4489 1190
4652 3 2 0 6 2676 4626 1677 4617
4653 3 2 0 6 4174 215 216 4567
4654 3 2 0 6 3377 2718 4624 4637
4655 3 2 0 6 501 4587 4616 3518
4656 3 2 0 6 2524 3044 4536 2670
4657 3 2 0 6 220 221 4524 255
4658 3 2 0 6 3036 283 3785 4458
4659 3 2 0 6 2324 4550 2769 4582
4660 3 2 0 6 2509 4122 4359 4319
4661 3 2 0 6 2799 3751 4641 328
4662 3 2 0 6 1819 3549 4571 2214
4663 3 2 0 6 4514 4545 2708 2585
4664 3 2 0 6 3902 3746 4588 1825
4665 3 2 0 6 176 4 177 4491
4666 3 2 0 6 5 4492 250 1
4667 3 2 0 6 128 4493 127 3
4668 3 2 0 6 405 2236 4640 3587
4669 3 2 0 6 341 4530 3042 4158
4670 3 2 0 6 2583 3851 2858 4503
4671 3 2 0 6 2568 2770 4582 2769
4672 3 2 0 6 2639 4483 268 3769
4673 3 2 0 6 2991 2990 4569 2992
4674 3 2 0 6 3506 2212 4553 4615
4675 3 2 0 6 4589 314 3981 2596
4676 3 2 0 6 2560 2083 4610 2904
4677 3 2 0 6 4255 236 237 4583
4678 3 2 0 6 1634 2005 4529 1633
4679 3 2 0 6 2485 2635 4594 4574
4680 3 2 0 6 1211 1513 4605 1514
4681 3 2 0 6 2089 2580 4557 2707
4682 3 2 0 6 366 4532 713 364
4683 3 2 0 6 2349 2350 4620 2351
4684 3 2 0 6 820 3642 4604 822
4685 3 2 0 6 1592 3483 4636 1789
4686 3 2 0 6 400 3583 4556 1415
4687 3 2 0 6 3498 822 4604 4635
4688 3 2 0 6 2630 2631 4572 2629
4689 3 2 0 6 856 933 4591 855
4690 3 2 0 6 2081 3181 4319 4359
4691 3 2 0 6 249 250 4492 2838
4692 3 2 0 6 178 347 4491 177
4693 3 2 0 6 345 2842 127 4493
4694 3 2 0 6 788 790 4559 3826
4695 3 2 0 6 2489 2747 4508 3859
4696 3 2 0 6 3518 4616 4640 2236
4697 3 2 0 6 3610 1415 4556 4580
4698 3 2 0 6 3386 4271 2311 4541
4699 3 2 0 6 396 3610 4611 466
4700 3 2 0 6 2423 2422 4625 4184
4701 3 2 0 6 2808 2807 4573 2810
4702 3 2 0 6 3247 4630 466 4611
4703 3 2 0 6 2654 4611 3610 4580
4704 3 2 0 6 1082 1081 4376 4300
4705 3 2 0 6 4544 4526 3922 2253
4706 3 2 0 6 311 4586 2686 4100
4707 3 2 0 6 1643 1866 4527 3862
4708 3 2 0 6 1441 500 4539 2848
4709 3 2 0 6 2860 3875 4612 2863
4710 3 2 0 6 2259 3792 4593 2795
4711 3 2 0 6 277 3949 3004 4522
4712 3 2 0 6 1898 4558 2795 4593
4713 3 2 0 6 4474 4447 4123 2345
4714 3 2 0 6 2824 4393 1671 4286
4715 3 2 0 6 3790 4552 4016 338
4716 3 2 0 6 2894 312 3979 4397
4717 3 2 0 6 3730 305 4141 4565
4718 3 2 0 6 290 4613 2575 3969
4719 3 2 0 6 3422 292 4335 4387
4720 3 2 0 6 3714 4112 4479 2634
4721 3 2 0 6 2456 3734 4387 4335
4722 3 2 0 6 4504 4619 3976 2781
4723 3 2 0 6 700 701 4564 3903
4724 3 2 0 6 2985 2986 4512 4308
4725 3 2 0 6 1784 1941 4473 4558
4726 3 2 0 6 3369 4306 1284 4600
4727 3 2 0 6 4264 3800 342 4602
4728 3 2 0 6 2545 2546 4405 4332
4729 3 2 0 6 2537 4022 4579 2323
4730 3 2 0 6 4527 1866 4061 4576
4731 3 2 0 6 4535 2131 4462 4424
4732 3 2 0 6 55 2839 4533 54
4733 3 2 0 6 3930 2572 4614 4018
4734 3 2 0 6 3714 4543 4267 301
4735 3 2 0 6 309 4612 2598 4097
4736 3 2 0 6 4056 4126 4599 2628
4737 3 2 0 6 1704 4398 2687 4417
4738 3 2 0 6 2616 4104 4483 2639
4739 3 2 0 6 2468 4354 4496 2469
4740 3 2 0 6 1871 2574 4476 4550
4741 3 2 0 6 2913 4351 2541 4482
4742 3 2 0 6 4387 2962 4518 4423
4743 3 2 0 6 935 4373 2847 4568
4744 3 2 0 6 2590 4183 4606 2589
4745 3 2 0 6 4449 4268 4582 2770
4746 3 2 0 6 2838 4477 4397 3979
4747 3 2 0 6 253 4629 3086 4374
4748 3 2 0 6 3427 790 4478 3428
4749 3 2 0 6 3414 4392 4503 266
4750 3 2 0 6 284 4525 2808 4325
4751 3 2 0 6 2160 4424 4462 2723
4752 3 2 0 6 2211 2634 4479 4515
4753 3 2 0 6 3328 4343 4535 2525
4754 3 2 0 6 3792 4579 2760 4361
4755 3 2 0 6 2586 4513 4471 3910
4756 3 2 0 6 4553 4515 4479 2793
4757 3 2 0 6 2961 3424 4423 4518
4758 3 2 0 6 2770 4500 1187 4449
4759 3 2 0 6 1960 4507 2562 4453
4760 3 2 0 6 2360 2575 4613 4372
4761 3 2 0 6 1982 4471 4513 1782
4762 3 2 0 6 1453 4485 2688 4516
4763 3 2 0 6 2326 4564 4084 4441
4764 3 2 0 6 2207 2769 4550 4476
4765 3 2 0 6 2608 2795 4558 4473
4766 3 2 0 6 2847 4599 595 4484
4767 3 2 0 6 2986 4623 713 4532
4768 3 2 0 6 3247 2667 4638 4630
4769 3 2 0 6 466 4630 4638 3598
$EndElements
