$MeshFormat
2.2 0 8
$EndMeshFormat
$Nodes
1352
1 0 0 0
2 0 0 -0.3048
3 609.6 0 -0.3048
4 609.6 0 0
5 0 609.6 -0.3048
6 0 609.6 0
7 609.6 609.6 0
8 609.6 609.6 -0.3048
9 24.384 0 -0.3048
10 48.768 0 -0.3048
11 73.152 0 -0.3048
12 97.536 0 -0.3048
13 121.92 0 -0.3048
14 146.304 0 -0.3048
15 170.688 0 -0.3048
16 195.072 0 -0.3048
17 219.456 0 -0.3048
18 243.84 0 -0.3048
19 268.224 0 -0.3048
20 292.608 0 -0.3048
21 316.992 0 -0.3048
22 341.376 0 -0.3048
23 365.76 0 -0.3048
24 390.144 0 -0.3048
25 414.528 0 -0.3048
26 438.912 0 -0.3048
27 463.296 0 -0.3048
28 487.6800000000001 0 -0.3048
29 512.064 0 -0.3048
30 536.448 0 -0.3048
31 560.832 0 -0.3048
32 585.216 0 -0.3048
33 24.384 0 0
34 48.768 0 0
35 73.152 0 0
36 97.536 0 0
37 121.92 0 0
38 146.304 0 0
39 170.688 0 0
40 195.072 0 0
41 219.456 0 0
42 243.84 0 0
43 268.224 0 0
44 292.608 0 0
45 316.992 0 0
46 341.376 0 0
47 365.76 0 0
48 390.144 0 0
49 414.528 0 0
50 438.912 0 0
51 463.296 0 0
52 487.6800000000001 0 0
53 512.064 0 0
54 536.448 0 0
55 560.832 0 0
56 585.216 0 0
57 24.384 609.6 0
58 48.768 609.6 0
59 73.152 609.6 0
60 97.536 609.6 0
61 121.92 609.6 0
62 146.304 609.6 0
63 170.688 609.6 0
64 195.072 609.6 0
65 219.456 609.6 0
66 243.84 609.6 0
67 268.224 609.6 0
68 292.608 609.6 0
69 316.992 609.6 0
70 341.376 609.6 0
71 365.76 609.6 0
72 390.144 609.6 0
73 414.528 609.6 0
74 438.912 609.6 0
75 463.296 609.6 0
76 487.6800000000001 609.6 0
77 512.064 609.6 0
78 536.448 609.6 0
79 560.832 609.6 0
80 585.216 609.6 0
81 585.216 609.6 -0.3048
82 560.832 609.6 -0.3048
83 536.448 609.6 -0.3048
84 512.064 609.6 -0.3048
85 487.6800000000001 609.6 -0.3048
86 463.296 609.6 -0.3048
87 438.912 609.6 -0.3048
88 414.528 609.6 -0.3048
89 390.144 609.6 -0.3048
90 365.76 609.6 -0.3048
91 341.376 609.6 -0.3048
92 316.992 609.6 -0.3048
93 292.608 609.6 -0.3048
94 268.224 609.6 -0.3048
95 243.84 609.6 -0.3048
96 219.456 609.6 -0.3048
97 195.072 609.6 -0.3048
98 170.688 609.6 -0.3048
99 146.304 609.6 -0.3048
100 121.92 609.6 -0.3048
101 97.536 609.6 -0.3048
102 73.152 609.6 -0.3048
103 48.768 609.6 -0.3048
104 24.384 609.6 -0.3048
105 0 24.384 -0.3048
106 0 48.768 -0.3048
107 0 73.152 -0.3048
108 0 97.536 -0.3048
109 0 121.92 -0.3048
110 0 146.304 -0.3048
111 0 170.688 -0.3048
112 0 195.072 -0.3048
113 0 219.456 -0.3048
114 0 243.84 -0.3048
115 0 268.224 -0.3048
116 0 292.608 -0.3048
117 0 316.992 -0.3048
118 0 341.376 -0.3048
119 0 365.76 -0.3048
120 0 390.144 -0.3048
121 0 414.528 -0.3048
122 0 438.912 -0.3048
123 0 463.296 -0.3048
124 0 487.6800000000001 -0.3048
125 0 512.064 -0.3048
126 0 536.448 -0.3048
127 0 560.832 -0.3048
128 0 585.216 -0.3048
129 0 24.384 0
130 0 48.768 0
131 0 73.152 0
132 0 97.536 0
133 0 121.92 0
134 0 146.304 0
135 0 170.688 0
136 0 195.072 0
137 0 219.456 0
138 0 243.84 0
139 0 268.224 0
140 0 292.608 0
141 0 316.992 0
142 0 341.376 0
143 0 365.76 0
144 0 390.144 0
145 0 414.528 0
146 0 438.912 0
147 0 463.296 0
148 0 487.6800000000001 0
149 0 512.064 0
150 0 536.448 0
151 0 560.832 0
152 0 585.216 0
153 609.6 24.384 0
154 609.6 48.768 0
155 609.6 73.152 0
156 609.6 97.536 0
157 609.6 121.92 0
158 609.6 146.304 0
159 609.6 170.688 0
160 609.6 195.072 0
161 609.6 219.456 0
162 609.6 243.84 0
163 609.6 268.224 0
164 609.6 292.608 0
165 609.6 316.992 0
166 609.6 341.376 0
167 609.6 365.76 0
168 609.6 390.144 0
169 609.6 414.528 0
170 609.6 438.912 0
171 609.6 463.296 0
172 609.6 487.6800000000001 0
173 609.6 512.064 0
174 609.6 536.448 0
175 609.6 560.832 0
176 609.6 585.216 0
177 609.6 24.384 -0.3048
178 609.6 48.768 -0.3048
179 609.6 73.152 -0.3048
180 609.6 97.536 -0.3048
181 609.6 121.92 -0.3048
182 609.6 146.304 -0.3048
183 609.6 170.688 -0.3048
184 609.6 195.072 -0.3048
185 609.6 219.456 -0.3048
186 609.6 243.84 -0.3048
187 609.6 268.224 -0.3048
188 609.6 292.608 -0.3048
189 609.6 316.992 -0.3048
190 609.6 341.376 -0.3048
191 609.6 365.76 -0.3048
192 609.6 390.144 -0.3048
193 609.6 414.528 -0.3048
194 609.6 438.912 -0.3048
195 609.6 463.296 -0.3048
196 609.6 487.6800000000001 -0.3048
197 609.6 512.064 -0.3048
198 609.6 536.448 -0.3048
199 609.6 560.832 -0.3048
200 609.6 585.216 -0.3048
201 24.384 24.384 0
202 24.384 48.768 0
203 24.384 73.152 0
204 24.384 97.536 0
205 24.384 121.92 0
206 24.384 146.304 0
207 24.384 170.688 0
208 24.384 195.072 0
209 24.384 219.456 0
210 24.384 243.84 0
211 24.384 268.224 0
212 24.384 292.608 0
213 24.384 316.992 0
214 24.384 341.376 0
215 24.384 365.76 0
216 24.384 390.144 0
217 24.384 414.528 0
218 24.384 438.912 0
219 24.384 463.296 0
220 24.384 487.6800000000001 0
221 24.384 512.064 0
222 24.384 536.448 0
223 24.384 560.832 0
224 24.384 585.216 0
225 48.768 24.384 0
226 48.768 48.768 0
227 48.768 73.152 0
228 48.768 97.536 0
229 48.768 121.92 0
230 48.768 146.304 0
231 48.768 170.688 0
232 48.768 195.072 0
233 48.768 219.456 0
234 48.768 243.84 0
235 48.768 268.224 0
236 48.768 292.608 0
237 48.768 316.992 0
238 48.768 341.376 0
239 48.768 365.76 0
240 48.768 390.144 0
241 48.768 414.528 0
242 48.768 438.912 0
243 48.768 463.296 0
244 48.768 487.6800000000001 0
245 48.768 512.064 0
246 48.768 536.448 0
247 48.768 560.832 0
248 48.768 585.216 0
249 73.152 24.384 0
250 73.152 48.768 0
251 73.152 73.152 0
252 73.152 97.536 0
253 73.152 121.92 0
254 73.152 146.304 0
255 73.152 170.688 0
256 73.152 195.072 0
257 73.152 219.456 0
258 73.152 243.84 0
259 73.152 268.224 0
260 73.152 292.608 0
261 73.152 316.992 0
262 73.152 341.376 0
263 73.152 365.76 0
264 73.152 390.144 0
265 73.152 414.528 0
266 73.152 438.912 0
267 73.152 463.296 0
268 73.152 487.6800000000001 0
269 73.152 512.064 0
270 73.152 536.448 0
271 73.152 560.832 0
272 73.152 585.216 0
273 97.536 24.384 0
274 97.536 48.768 0
275 97.536 73.152 0
276 97.536 97.536 0
277 97.536 121.92 0
278 97.536 146.304 0
279 97.536 170.688 0
280 97.536 195.072 0
281 97.536 219.456 0
282 97.536 243.84 0
283 97.536 268.224 0
284 97.536 292.608 0
285 97.536 316.992 0
286 97.536 341.376 0
287 97.536 365.76 0
288 97.536 390.144 0
289 97.536 414.528 0
290 97.536 438.912 0
291 97.536 463.296 0
292 97.536 487.6800000000001 0
293 97.536 512.064 0
294 97.536 536.448 0
295 97.536 560.832 0
296 97.536 585.216 0
297 121.92 24.384 0
298 121.92 48.768 0
299 121.92 73.152 0
300 121.92 97.536 0
301 121.92 121.92 0
302 121.92 146.304 0
303 121.92 170.688 0
304 121.92 195.072 0
305 121.92 219.456 0
306 121.92 243.84 0
307 121.92 268.224 0
308 121.92 292.608 0
309 121.92 316.992 0
310 121.92 341.376 0
311 121.92 365.76 0
312 121.92 390.144 0
313 121.92 414.528 0
314 121.92 438.912 0
315 121.92 463.296 0
316 121.92 487.6800000000001 0
317 121.92 512.064 0
318 121.92 536.448 0
319 121.92 560.832 0
320 121.92 585.216 0
321 146.304 24.384 0
322 146.304 48.768 0
323 146.304 73.152 0
324 146.304 97.536 0
325 146.304 121.92 0
326 146.304 146.304 0
327 146.304 170.688 0
328 146.304 195.072 0
329 146.304 219.456 0
330 146.304 243.84 0
331 146.304 268.224 0
332 146.304 292.608 0
333 146.304 316.992 0
334 146.304 341.376 0
335 146.304 365.76 0
336 146.304 390.144 0
337 146.304 414.528 0
338 146.304 438.912 0
339 146.304 463.296 0
340 146.304 487.6800000000001 0
341 146.304 512.064 0
342 146.304 536.448 0
343 146.304 560.832 0
344 146.304 585.216 0
345 170.688 24.384 0
346 170.688 48.768 0
347 170.688 73.152 0
348 170.688 97.536 0
349 170.688 121.92 0
350 170.688 146.304 0
351 170.688 170.688 0
352 170.688 195.072 0
353 170.688 219.456 0
354 170.688 243.84 0
355 170.688 268.224 0
356 170.688 292.608 0
357 170.688 316.992 0
358 170.688 341.376 0
359 170.688 365.76 0
360 170.688 390.144 0
361 170.688 414.528 0
362 170.688 438.912 0
363 170.688 463.296 0
364 170.688 487.6800000000001 0
365 170.688 512.064 0
366 170.688 536.448 0
367 170.688 560.832 0
368 170.688 585.216 0
369 195.072 24.384 0
370 195.072 48.768 0
371 195.072 73.152 0
372 195.072 97.536 0
373 195.072 121.92 0
374 195.072 146.304 0
375 195.072 170.688 0
376 195.072 195.072 0
377 195.072 219.456 0
378 195.072 243.84 0
379 195.072 268.224 0
380 195.072 292.608 0
381 195.072 316.992 0
382 195.072 341.376 0
383 195.072 365.76 0
384 195.072 390.144 0
385 195.072 414.528 0
386 195.072 438.912 0
387 195.072 463.296 0
388 195.072 487.6800000000001 0
389 195.072 512.064 0
390 195.072 536.448 0
391 195.072 560.832 0
392 195.072 585.216 0
393 219.456 24.384 0
394 219.456 48.768 0
395 219.456 73.152 0
396 219.456 97.536 0
397 219.456 121.92 0
398 219.456 146.304 0
399 219.456 170.688 0
400 219.456 195.072 0
401 219.456 219.456 0
402 219.456 243.84 0
403 219.456 268.224 0
404 219.456 292.608 0
405 219.456 316.992 0
406 219.456 341.376 0
407 219.456 365.76 0
408 219.456 390.144 0
409 219.456 414.528 0
410 219.456 438.912 0
411 219.456 463.296 0
412 219.456 487.6800000000001 0
413 219.456 512.064 0
414 219.456 536.448 0
415 219.456 560.832 0
416 219.456 585.216 0
417 243.84 24.384 0
418 243.84 48.768 0
419 243.84 73.152 0
420 243.84 97.536 0
421 243.84 121.92 0
422 243.84 146.304 0
423 243.84 170.688 0
424 243.84 195.072 0
425 243.84 219.456 0
426 243.84 243.84 0
427 243.84 268.224 0
428 243.84 292.608 0
429 243.84 316.992 0
430 243.84 341.376 0
431 243.84 365.76 0
432 243.84 390.144 0
433 243.84 414.528 0
434 243.84 438.912 0
435 243.84 463.296 0
436 243.84 487.6800000000001 0
437 243.84 512.064 0
438 243.84 536.448 0
439 243.84 560.832 0
440 243.84 585.216 0
441 268.224 24.384 0
442 268.224 48.768 0
443 268.224 73.152 0
444 268.224 97.536 0
445 268.224 121.92 0
446 268.224 146.304 0
447 268.224 170.688 0
448 268.224 195.072 0
449 268.224 219.456 0
450 268.224 243.84 0
451 268.224 268.224 0
452 268.224 292.608 0
453 268.224 316.992 0
454 268.224 341.376 0
455 268.224 365.76 0
456 268.224 390.144 0
457 268.224 414.528 0
458 268.224 438.912 0
459 268.224 463.296 0
460 268.224 487.6800000000001 0
461 268.224 512.064 0
462 268.224 536.448 0
463 268.224 560.832 0
464 268.224 585.216 0
465 292.608 24.384 0
466 292.608 48.768 0
467 292.608 73.152 0
468 292.608 97.536 0
469 292.608 121.92 0
470 292.608 146.304 0
471 292.608 170.688 0
472 292.608 195.072 0
473 292.608 219.456 0
474 292.608 243.84 0
475 292.608 268.224 0
476 292.608 292.608 0
477 292.608 316.992 0
478 292.608 341.376 0
479 292.608 365.76 0
480 292.608 390.144 0
481 292.608 414.528 0
482 292.608 438.912 0
483 292.608 463.296 0
484 292.608 487.6800000000001 0
485 292.608 512.064 0
486 292.608 536.448 0
487 292.608 560.832 0
488 292.608 585.216 0
489 316.992 24.384 0
490 316.992 48.768 0
491 316.992 73.152 0
492 316.992 97.536 0
493 316.992 121.92 0
494 316.992 146.304 0
495 316.992 170.688 0
496 316.992 195.072 0
497 316.992 219.456 0
498 316.992 243.84 0
499 316.992 268.224 0
500 316.992 292.608 0
501 316.992 316.992 0
502 316.992 341.376 0
503 316.992 365.76 0
504 316.992 390.144 0
505 316.992 414.528 0
506 316.992 438.912 0
507 316.992 463.296 0
508 316.992 487.6800000000001 0
509 316.992 512.064 0
510 316.992 536.448 0
511 316.992 560.832 0
512 316.992 585.216 0
513 341.376 24.384 0
514 341.376 48.768 0
515 341.376 73.152 0
516 341.376 97.536 0
517 341.376 121.92 0
518 341.376 146.304 0
519 341.376 170.688 0
520 341.376 195.072 0
521 341.376 219.456 0
522 341.376 243.84 0
523 341.376 268.224 0
524 341.376 292.608 0
525 341.376 316.992 0
526 341.376 341.376 0
527 341.376 365.76 0
528 341.376 390.144 0
529 341.376 414.528 0
530 341.376 438.912 0
531 341.376 463.296 0
532 341.376 487.6800000000001 0
533 341.376 512.064 0
534 341.376 536.448 0
535 341.376 560.832 0
536 341.376 585.216 0
537 365.76 24.384 0
538 365.76 48.768 0
539 365.76 73.152 0
540 365.76 97.536 0
541 365.76 121.92 0
542 365.76 146.304 0
543 365.76 170.688 0
544 365.76 195.072 0
545 365.76 219.456 0
546 365.76 243.84 0
547 365.76 268.224 0
548 365.76 292.608 0
549 365.76 316.992 0
550 365.76 341.376 0
551 365.76 365.76 0
552 365.76 390.144 0
553 365.76 414.528 0
554 365.76 438.912 0
555 365.76 463.296 0
556 365.76 487.6800000000001 0
557 365.76 512.064 0
558 365.76 536.448 0
559 365.76 560.832 0
560 365.76 585.216 0
561 390.144 24.384 0
562 390.144 48.768 0
563 390.144 73.152 0
564 390.144 97.536 0
565 390.144 121.92 0
566 390.144 146.304 0
567 390.144 170.688 0
568 390.144 195.072 0
569 390.144 219.456 0
570 390.144 243.84 0
571 390.144 268.224 0
572 390.144 292.608 0
573 390.144 316.992 0
574 390.144 341.376 0
575 390.144 365.76 0
576 390.144 390.144 0
577 390.144 414.528 0
578 390.144 438.912 0
579 390.144 463.296 0
580 390.144 487.6800000000001 0
581 390.144 512.064 0
582 390.144 536.448 0
583 390.144 560.832 0
584 390.144 585.216 0
585 414.528 24.384 0
586 414.528 48.768 0
587 414.528 73.152 0
588 414.528 97.536 0
589 414.528 121.92 0
590 414.528 146.304 0
591 414.528 170.688 0
592 414.528 195.072 0
593 414.528 219.456 0
594 414.528 243.84 0
595 414.528 268.224 0
596 414.528 292.608 0
597 414.528 316.992 0
598 414.528 341.376 0
599 414.528 365.76 0
600 414.528 390.144 0
601 414.528 414.528 0
602 414.528 438.912 0
603 414.528 463.296 0
604 414.528 487.6800000000001 0
605 414.528 512.064 0
606 414.528 536.448 0
607 414.528 560.832 0
608 414.528 585.216 0
609 438.912 24.384 0
610 438.912 48.768 0
611 438.912 73.152 0
612 438.912 97.536 0
613 438.912 121.92 0
614 438.912 146.304 0
615 438.912 170.688 0
616 438.912 195.072 0
617 438.912 219.456 0
618 438.912 243.84 0
619 438.912 268.224 0
620 438.912 292.608 0
621 438.912 316.992 0
622 438.912 341.376 0
623 438.912 365.76 0
624 438.912 390.144 0
625 438.912 414.528 0
626 438.912 438.912 0
627 438.912 463.296 0
628 438.912 487.6800000000001 0
629 438.912 512.064 0
630 438.912 536.448 0
631 438.912 560.832 0
632 438.912 585.216 0
633 463.296 24.384 0
634 463.296 48.768 0
635 463.296 73.152 0
636 463.296 97.536 0
637 463.296 121.92 0
638 463.296 146.304 0
639 463.296 170.688 0
640 463.296 195.072 0
641 463.296 219.456 0
642 463.296 243.84 0
643 463.296 268.224 0
644 463.296 292.608 0
645 463.296 316.992 0
646 463.296 341.376 0
647 463.296 365.76 0
648 463.296 390.144 0
649 463.296 414.528 0
650 463.296 438.912 0
651 463.296 463.296 0
652 463.296 487.6800000000001 0
653 463.296 512.064 0
654 463.296 536.448 0
655 463.296 560.832 0
656 463.296 585.216 0
657 487.6800000000001 24.384 0
658 487.6800000000001 48.768 0
659 487.6800000000001 73.152 0
660 487.6800000000001 97.536 0
661 487.6800000000001 121.92 0
662 487.6800000000001 146.304 0
663 487.6800000000001 170.688 0
664 487.6800000000001 195.072 0
665 487.6800000000001 219.456 0
666 487.6800000000001 243.84 0
667 487.6800000000001 268.224 0
668 487.6800000000001 292.608 0
669 487.6800000000001 316.992 0
670 487.6800000000001 341.376 0
671 487.6800000000001 365.76 0
672 487.6800000000001 390.144 0
673 487.6800000000001 414.528 0
674 487.6800000000001 438.912 0
675 487.6800000000001 463.296 0
676 487.6800000000001 487.6800000000001 0
677 487.6800000000001 512.064 0
678 487.6800000000001 536.448 0
679 487.6800000000001 560.832 0
680 487.6800000000001 585.216 0
681 512.064 24.384 0
682 512.064 48.768 0
683 512.064 73.152 0
684 512.064 97.536 0
685 512.064 121.92 0
686 512.064 146.304 0
687 512.064 170.688 0
688 512.064 195.072 0
689 512.064 219.456 0
690 512.064 243.84 0
691 512.064 268.224 0
692 512.064 292.608 0
693 512.064 316.992 0
694 512.064 341.376 0
695 512.064 365.76 0
696 512.064 390.144 0
697 512.064 414.528 0
698 512.064 438.912 0
699 512.064 463.296 0
700 512.064 487.6800000000001 0
701 512.064 512.064 0
702 512.064 536.448 0
703 512.064 560.832 0
704 512.064 585.216 0
705 536.448 24.384 0
706 536.448 48.768 0
707 536.448 73.152 0
708 536.448 97.536 0
709 536.448 121.92 0
710 536.448 146.304 0
711 536.448 170.688 0
712 536.448 195.072 0
713 536.448 219.456 0
714 536.448 243.84 0
715 536.448 268.224 0
716 536.448 292.608 0
717 536.448 316.992 0
718 536.448 341.376 0
719 536.448 365.76 0
720 536.448 390.144 0
721 536.448 414.528 0
722 536.448 438.912 0
723 536.448 463.296 0
724 536.448 487.6800000000001 0
725 536.448 512.064 0
726 536.448 536.448 0
727 536.448 560.832 0
728 536.448 585.216 0
729 560.832 24.384 0
730 560.832 48.768 0
731 560.832 73.152 0
732 560.832 97.536 0
733 560.832 121.92 0
734 560.832 146.304 0
735 560.832 170.688 0
736 560.832 195.072 0
737 560.832 219.456 0
738 560.832 243.84 0
739 560.832 268.224 0
740 560.832 292.608 0
741 560.832 316.992 0
742 560.832 341.376 0
743 560.832 365.76 0
744 560.832 390.144 0
745 560.832 414.528 0
746 560.832 438.912 0
747 560.832 463.296 0
748 560.832 487.6800000000001 0
749 560.832 512.064 0
750 560.832 536.448 0
751 560.832 560.832 0
752 560.832 585.216 0
753 585.216 24.384 0
754 585.216 48.768 0
755 585.216 73.152 0
756 585.216 97.536 0
757 585.216 121.92 0
758 585.216 146.304 0
759 585.216 170.688 0
760 585.216 195.072 0
761 585.216 219.456 0
762 585.216 243.84 0
763 585.216 268.224 0
764 585.216 292.608 0
765 585.216 316.992 0
766 585.216 341.376 0
767 585.216 365.76 0
768 585.216 390.144 0
769 585.216 414.528 0
770 585.216 438.912 0
771 585.216 463.296 0
772 585.216 487.6800000000001 0
773 585.216 512.064 0
774 585.216 536.448 0
775 585.216 560.832 0
776 585.216 585.216 0
777 24.384 24.384 -0.3048
778 24.384 48.768 -0.3048
779 24.384 73.152 -0.3048
780 24.384 97.536 -0.3048
781 24.384 121.92 -0.3048
782 24.384 146.304 -0.3048
783 24.384 170.688 -0.3048
784 24.384 195.072 -0.3048
785 24.384 219.456 -0.3048
786 24.384 243.84 -0.3048
787 24.384 268.224 -0.3048
788 24.384 292.608 -0.3048
789 24.384 316.992 -0.3048
790 24.384 341.376 -0.3048
791 24.384 365.76 -0.3048
792 24.384 390.144 -0.3048
793 24.384 414.528 -0.3048
794 24.384 438.912 -0.3048
795 24.384 463.296 -0.3048
796 24.384 487.6800000000001 -0.3048
797 24.384 512.064 -0.3048
798 24.384 536.448 -0.3048
799 24.384 560.832 -0.3048
800 24.384 585.216 -0.3048
801 48.768 24.384 -0.3048
802 48.768 48.768 -0.3048
803 48.768 73.152 -0.3048
804 48.768 97.536 -0.3048
805 48.768 121.92 -0.3048
806 48.768 146.304 -0.3048
807 48.768 170.688 -0.3048
808 48.768 195.072 -0.3048
809 48.768 219.456 -0.3048
810 48.768 243.84 -0.3048
811 48.768 268.224 -0.3048
812 48.768 292.608 -0.3048
813 48.768 316.992 -0.3048
814 48.768 341.376 -0.3048
815 48.768 365.76 -0.3048
816 48.768 390.144 -0.3048
817 48.768 414.528 -0.3048
818 48.768 438.912 -0.3048
819 48.768 463.296 -0.3048
820 48.768 487.6800000000001 -0.3048
821 48.768 512.064 -0.3048
822 48.768 536.448 -0.3048
823 48.768 560.832 -0.3048
824 48.768 585.216 -0.3048
825 73.152 24.384 -0.3048
826 73.152 48.768 -0.3048
827 73.152 73.152 -0.3048
828 73.152 97.536 -0.3048
829 73.152 121.92 -0.3048
830 73.152 146.304 -0.3048
831 73.152 170.688 -0.3048
832 73.152 195.072 -0.3048
833 73.152 219.456 -0.3048
834 73.152 243.84 -0.3048
835 73.152 268.224 -0.3048
836 73.152 292.608 -0.3048
837 73.152 316.992 -0.3048
838 73.152 341.376 -0.3048
839 73.152 365.76 -0.3048
840 73.152 390.144 -0.3048
841 73.152 414.528 -0.3048
842 73.152 438.912 -0.3048
843 73.152 463.296 -0.3048
844 73.152 487.6800000000001 -0.3048
845 73.152 512.064 -0.3048
846 73.152 536.448 -0.3048
847 73.152 560.832 -0.3048
848 73.152 585.216 -0.3048
849 97.536 24.384 -0.3048
850 97.536 48.768 -0.3048
851 97.536 73.152 -0.3048
852 97.536 97.536 -0.3048
853 97.536 121.92 -0.3048
854 97.536 146.304 -0.3048
855 97.536 170.688 -0.3048
856 97.536 195.072 -0.3048
857 97.536 219.456 -0.3048
858 97.536 243.84 -0.3048
859 97.536 268.224 -0.3048
860 97.536 292.608 -0.3048
861 97.536 316.992 -0.3048
862 97.536 341.376 -0.3048
863 97.536 365.76 -0.3048
864 97.536 390.144 -0.3048
865 97.536 414.528 -0.3048
866 97.536 438.912 -0.3048
867 97.536 463.296 -0.3048
868 97.536 487.6800000000001 -0.3048
869 97.536 512.064 -0.3048
870 97.536 536.448 -0.3048
871 97.536 560.832 -0.3048
872 97.536 585.216 -0.3048
873 121.92 24.384 -0.3048
874 121.92 48.768 -0.3048
875 121.92 73.152 -0.3048
876 121.92 97.536 -0.3048
877 121.92 121.92 -0.3048
878 121.92 146.304 -0.3048
879 121.92 170.688 -0.3048
880 121.92 195.072 -0.3048
881 121.92 219.456 -0.3048
882 121.92 243.84 -0.3048
883 121.92 268.224 -0.3048
884 121.92 292.608 -0.3048
885 121.92 316.992 -0.3048
886 121.92 341.376 -0.3048
887 121.92 365.76 -0.3048
888 121.92 390.144 -0.3048
889 121.92 414.528 -0.3048
890 121.92 438.912 -0.3048
891 121.92 463.296 -0.3048
892 121.92 487.6800000000001 -0.3048
893 121.92 512.064 -0.3048
894 121.92 536.448 -0.3048
895 121.92 560.832 -0.3048
896 121.92 585.216 -0.3048
897 146.304 24.384 -0.3048
898 146.304 48.768 -0.3048
899 146.304 73.152 -0.3048
900 146.304 97.536 -0.3048
901 146.304 121.92 -0.3048
902 146.304 146.304 -0.3048
903 146.304 170.688 -0.3048
904 146.304 195.072 -0.3048
905 146.304 219.456 -0.3048
906 146.304 243.84 -0.3048
907 146.304 268.224 -0.3048
908 146.304 292.608 -0.3048
909 146.304 316.992 -0.3048
910 146.304 341.376 -0.3048
911 146.304 365.76 -0.3048
912 146.304 390.144 -0.3048
913 146.304 414.528 -0.3048
914 146.304 438.912 -0.3048
915 146.304 463.296 -0.3048
916 146.304 487.6800000000001 -0.3048
917 146.304 512.064 -0.3048
918 146.304 536.448 -0.3048
919 146.304 560.832 -0.3048
920 146.304 585.216 -0.3048
921 170.688 24.384 -0.3048
922 170.688 48.768 -0.3048
923 170.688 73.152 -0.3048
924 170.688 97.536 -0.3048
925 170.688 121.92 -0.3048
926 170.688 146.304 -0.3048
927 170.688 170.688 -0.3048
928 170.688 195.072 -0.3048
929 170.688 219.456 -0.3048
930 170.688 243.84 -0.3048
931 170.688 268.224 -0.3048
932 170.688 292.608 -0.3048
933 170.688 316.992 -0.3048
934 170.688 341.376 -0.3048
935 170.688 365.76 -0.3048
936 170.688 390.144 -0.3048
937 170.688 414.528 -0.3048
938 170.688 438.912 -0.3048
939 170.688 463.296 -0.3048
940 170.688 487.6800000000001 -0.3048
941 170.688 512.064 -0.3048
942 170.688 536.448 -0.3048
943 170.688 560.832 -0.3048
944 170.688 585.216 -0.3048
945 195.072 24.384 -0.3048
946 195.072 48.768 -0.3048
947 195.072 73.152 -0.3048
948 195.072 97.536 -0.3048
949 195.072 121.92 -0.3048
950 195.072 146.304 -0.3048
951 195.072 170.688 -0.3048
952 195.072 195.072 -0.3048
953 195.072 219.456 -0.3048
954 195.072 243.84 -0.3048
955 195.072 268.224 -0.3048
956 195.072 292.608 -0.3048
957 195.072 316.992 -0.3048
958 195.072 341.376 -0.3048
959 195.072 365.76 -0.3048
960 195.072 390.144 -0.3048
961 195.072 414.528 -0.3048
962 195.072 438.912 -0.3048
963 195.072 463.296 -0.3048
964 195.072 487.6800000000001 -0.3048
965 195.072 512.064 -0.3048
966 195.072 536.448 -0.3048
967 195.072 560.832 -0.3048
968 195.072 585.216 -0.3048
969 219.456 24.384 -0.3048
970 219.456 48.768 -0.3048
971 219.456 73.152 -0.3048
972 219.456 97.536 -0.3048
973 219.456 121.92 -0.3048
974 219.456 146.304 -0.3048
975 219.456 170.688 -0.3048
976 219.456 195.072 -0.3048
977 219.456 219.456 -0.3048
978 219.456 243.84 -0.3048
979 219.456 268.224 -0.3048
980 219.456 292.608 -0.3048
981 219.456 316.992 -0.3048
982 219.456 341.376 -0.3048
983 219.456 365.76 -0.3048
984 219.456 390.144 -0.3048
985 219.456 414.528 -0.3048
986 219.456 438.912 -0.3048
987 219.456 463.296 -0.3048
988 219.456 487.6800000000001 -0.3048
989 219.456 512.064 -0.3048
990 219.456 536.448 -0.3048
991 219.456 560.832 -0.3048
992 219.456 585.216 -0.3048
993 243.84 24.384 -0.3048
994 243.84 48.768 -0.3048
995 243.84 73.152 -0.3048
996 243.84 97.536 -0.3048
997 243.84 121.92 -0.3048
998 243.84 146.304 -0.3048
999 243.84 170.688 -0.3048
1000 243.84 195.072 -0.3048
1001 243.84 219.456 -0.3048
1002 243.84 243.84 -0.3048
1003 243.84 268.224 -0.3048
1004 243.84 292.608 -0.3048
1005 243.84 316.992 -0.3048
1006 243.84 341.376 -0.3048
1007 243.84 365.76 -0.3048
1008 243.84 390.144 -0.3048
1009 243.84 414.528 -0.3048
1010 243.84 438.912 -0.3048
1011 243.84 463.296 -0.3048
1012 243.84 487.6800000000001 -0.3048
1013 243.84 512.064 -0.3048
1014 243.84 536.448 -0.3048
1015 243.84 560.832 -0.3048
1016 243.84 585.216 -0.3048
1017 268.224 24.384 -0.3048
1018 268.224 48.768 -0.3048
1019 268.224 73.152 -0.3048
1020 268.224 97.536 -0.3048
1021 268.224 121.92 -0.3048
1022 268.224 146.304 -0.3048
1023 268.224 170.688 -0.3048
1024 268.224 195.072 -0.3048
1025 268.224 219.456 -0.3048
1026 268.224 243.84 -0.3048
1027 268.224 268.224 -0.3048
1028 268.224 292.608 -0.3048
1029 268.224 316.992 -0.3048
1030 268.224 341.376 -0.3048
1031 268.224 365.76 -0.3048
1032 268.224 390.144 -0.3048
1033 268.224 414.528 -0.3048
1034 268.224 438.912 -0.3048
1035 268.224 463.296 -0.3048
1036 268.224 487.6800000000001 -0.3048
1037 268.224 512.064 -0.3048
1038 268.224 536.448 -0.3048
1039 268.224 560.832 -0.3048
1040 268.224 585.216 -0.3048
1041 292.608 24.384 -0.3048
1042 292.608 48.768 -0.3048
1043 292.608 73.152 -0.3048
1044 292.608 97.536 -0.3048
1045 292.608 121.92 -0.3048
1046 292.608 146.304 -0.3048
1047 292.608 170.688 -0.3048
1048 292.608 195.072 -0.3048
1049 292.608 219.456 -0.3048
1050 292.608 243.84 -0.3048
1051 292.608 268.224 -0.3048
1052 292.608 292.608 -0.3048
1053 292.608 316.992 -0.3048
1054 292.608 341.376 -0.3048
1055 292.608 365.76 -0.3048
1056 292.608 390.144 -0.3048
1057 292.608 414.528 -0.3048
1058 292.608 438.912 -0.3048
1059 292.608 463.296 -0.3048
1060 292.608 487.6800000000001 -0.3048
1061 292.608 512.064 -0.3048
1062 292.608 536.448 -0.3048
1063 292.608 560.832 -0.3048
1064 292.608 585.216 -0.3048
1065 316.992 24.384 -0.3048
1066 316.992 48.768 -0.3048
1067 316.992 73.152 -0.3048
1068 316.992 97.536 -0.3048
1069 316.992 121.92 -0.3048
1070 316.992 146.304 -0.3048
1071 316.992 170.688 -0.3048
1072 316.992 195.072 -0.3048
1073 316.992 219.456 -0.3048
1074 316.992 243.84 -0.3048
1075 316.992 268.224 -0.3048
1076 316.992 292.608 -0.3048
1077 316.992 316.992 -0.3048
1078 316.992 341.376 -0.3048
1079 316.992 365.76 -0.3048
1080 316.992 390.144 -0.3048
1081 316.992 414.528 -0.3048
1082 316.992 438.912 -0.3048
1083 316.992 463.296 -0.3048
1084 316.992 487.6800000000001 -0.3048
1085 316.992 512.064 -0.3048
1086 316.992 536.448 -0.3048
1087 316.992 560.832 -0.3048
1088 316.992 585.216 -0.3048
1089 341.376 24.384 -0.3048
1090 341.376 48.768 -0.3048
1091 341.376 73.152 -0.3048
1092 341.376 97.536 -0.3048
1093 341.376 121.92 -0.3048
1094 341.376 146.304 -0.3048
1095 341.376 170.688 -0.3048
1096 341.376 195.072 -0.3048
1097 341.376 219.456 -0.3048
1098 341.376 243.84 -0.3048
1099 341.376 268.224 -0.3048
1100 341.376 292.608 -0.3048
1101 341.376 316.992 -0.3048
1102 341.376 341.376 -0.3048
1103 341.376 365.76 -0.3048
1104 341.376 390.144 -0.3048
1105 341.376 414.528 -0.3048
1106 341.376 438.912 -0.3048
1107 341.376 463.296 -0.3048
1108 341.376 487.6800000000001 -0.3048
1109 341.376 512.064 -0.3048
1110 341.376 536.448 -0.3048
1111 341.376 560.832 -0.3048
1112 341.376 585.216 -0.3048
1113 365.76 24.384 -0.3048
1114 365.76 48.768 -0.3048
1115 365.76 73.152 -0.3048
1116 365.76 97.536 -0.3048
1117 365.76 121.92 -0.3048
1118 365.76 146.304 -0.3048
1119 365.76 170.688 -0.3048
1120 365.76 195.072 -0.3048
1121 365.76 219.456 -0.3048
1122 365.76 243.84 -0.3048
1123 365.76 268.224 -0.3048
1124 365.76 292.608 -0.3048
1125 365.76 316.992 -0.3048
1126 365.76 341.376 -0.3048
1127 365.76 365.76 -0.3048
1128 365.76 390.144 -0.3048
1129 365.76 414.528 -0.3048
1130 365.76 438.912 -0.3048
1131 365.76 463.296 -0.3048
1132 365.76 487.6800000000001 -0.3048
1133 365.76 512.064 -0.3048
1134 365.76 536.448 -0.3048
1135 365.76 560.832 -0.3048
1136 365.76 585.216 -0.3048
1137 390.144 24.384 -0.3048
1138 390.144 48.768 -0.3048
1139 390.144 73.152 -0.3048
1140 390.144 97.536 -0.3048
1141 390.144 121.92 -0.3048
1142 390.144 146.304 -0.3048
1143 390.144 170.688 -0.3048
1144 390.144 195.072 -0.3048
1145 390.144 219.456 -0.3048
1146 390.144 243.84 -0.3048
1147 390.144 268.224 -0.3048
1148 390.144 292.608 -0.3048
1149 390.144 316.992 -0.3048
1150 390.144 341.376 -0.3048
1151 390.144 365.76 -0.3048
1152 390.144 390.144 -0.3048
1153 390.144 414.528 -0.3048
1154 390.144 438.912 -0.3048
1155 390.144 463.296 -0.3048
1156 390.144 487.6800000000001 -0.3048
1157 390.144 512.064 -0.3048
1158 390.144 536.448 -0.3048
1159 390.144 560.832 -0.3048
1160 390.144 585.216 -0.3048
1161 414.528 24.384 -0.3048
1162 414.528 48.768 -0.3048
1163 414.528 73.152 -0.3048
1164 414.528 97.536 -0.3048
1165 414.528 121.92 -0.3048
1166 414.528 146.304 -0.3048
1167 414.528 170.688 -0.3048
1168 414.528 195.072 -0.3048
1169 414.528 219.456 -0.3048
1170 414.528 243.84 -0.3048
1171 414.528 268.224 -0.3048
1172 414.528 292.608 -0.3048
1173 414.528 316.992 -0.3048
1174 414.528 341.376 -0.3048
1175 414.528 365.76 -0.3048
1176 414.528 390.144 -0.3048
1177 414.528 414.528 -0.3048
1178 414.528 438.912 -0.3048
1179 414.528 463.296 -0.3048
1180 414.528 487.6800000000001 -0.3048
1181 414.528 512.064 -0.3048
1182 414.528 536.448 -0.3048
1183 414.528 560.832 -0.3048
1184 414.528 585.216 -0.3048
1185 438.912 24.384 -0.3048
1186 438.912 48.768 -0.3048
1187 438.912 73.152 -0.3048
1188 438.912 97.536 -0.3048
1189 438.912 121.92 -0.3048
1190 438.912 146.304 -0.3048
1191 438.912 170.688 -0.3048
1192 438.912 195.072 -0.3048
1193 438.912 219.456 -0.3048
1194 438.912 243.84 -0.3048
1195 438.912 268.224 -0.3048
1196 438.912 292.608 -0.3048
1197 438.912 316.992 -0.3048
1198 438.912 341.376 -0.3048
1199 438.912 365.76 -0.3048
1200 438.912 390.144 -0.3048
1201 438.912 414.528 -0.3048
1202 438.912 438.912 -0.3048
1203 438.912 463.296 -0.3048
1204 438.912 487.6800000000001 -0.3048
1205 438.912 512.064 -0.3048
1206 438.912 536.448 -0.3048
1207 438.912 560.832 -0.3048
1208 438.912 585.216 -0.3048
1209 463.296 24.384 -0.3048
1210 463.296 48.768 -0.3048
1211 463.296 73.152 -0.3048
1212 463.296 97.536 -0.3048
1213 463.296 121.92 -0.3048
1214 463.296 146.304 -0.3048
1215 463.296 170.688 -0.3048
1216 463.296 195.072 -0.3048
1217 463.296 219.456 -0.3048
1218 463.296 243.84 -0.3048
1219 463.296 268.224 -0.3048
1220 463.296 292.608 -0.3048
1221 463.296 316.992 -0.3048
1222 463.296 341.376 -0.3048
1223 463.296 365.76 -0.3048
1224 463.296 390.144 -0.3048
1225 463.296 414.528 -0.3048
1226 463.296 438.912 -0.3048
1227 463.296 463.296 -0.3048
1228 463.296 487.6800000000001 -0.3048
1229 463.296 512.064 -0.3048
1230 463.296 536.448 -0.3048
1231 463.296 560.832 -0.3048
1232 463.296 585.216 -0.3048
1233 487.6800000000001 24.384 -0.3048
1234 487.6800000000001 48.768 -0.3048
1235 487.6800000000001 73.152 -0.3048
1236 487.6800000000001 97.536 -0.3048
1237 487.6800000000001 121.92 -0.3048
1238 487.6800000000001 146.304 -0.3048
1239 487.6800000000001 170.688 -0.3048
1240 487.6800000000001 195.072 -0.3048
1241 487.6800000000001 219.456 -0.3048
1242 487.6800000000001 243.84 -0.3048
1243 487.6800000000001 268.224 -0.3048
1244 487.6800000000001 292.608 -0.3048
1245 487.6800000000001 316.992 -0.3048
1246 487.6800000000001 341.376 -0.3048
1247 487.6800000000001 365.76 -0.3048
1248 487.6800000000001 390.144 -0.3048
1249 487.6800000000001 414.528 -0.3048
1250 487.6800000000001 438.912 -0.3048
1251 487.6800000000001 463.296 -0.3048
1252 487.6800000000001 487.6800000000001 -0.3048
1253 487.6800000000001 512.064 -0.3048
1254 487.6800000000001 536.448 -0.3048
1255 487.6800000000001 560.832 -0.3048
1256 487.6800000000001 585.216 -0.3048
1257 512.064 24.384 -0.3048
1258 512.064 48.768 -0.3048
1259 512.064 73.152 -0.3048
1260 512.064 97.536 -0.3048
1261 512.064 121.92 -0.3048
1262 512.064 146.304 -0.3048
1263 512.064 170.688 -0.3048
1264 512.064 195.072 -0.3048
1265 512.064 219.456 -0.3048
1266 512.064 243.84 -0.3048
1267 512.064 268.224 -0.3048
1268 512.064 292.608 -0.3048
1269 512.064 316.992 -0.3048
1270 512.064 341.376 -0.3048
1271 512.064 365.76 -0.3048
1272 512.064 390.144 -0.3048
1273 512.064 414.528 -0.3048
1274 512.064 438.912 -0.3048
1275 512.064 463.296 -0.3048
1276 512.064 487.6800000000001 -0.3048
1277 512.064 512.064 -0.3048
1278 512.064 536.448 -0.3048
1279 512.064 560.832 -0.3048
1280 512.064 585.216 -0.3048
1281 536.448 24.384 -0.3048
1282 536.448 48.768 -0.3048
1283 536.448 73.152 -0.3048
1284 536.448 97.536 -0.3048
1285 536.448 121.92 -0.3048
1286 536.448 146.304 -0.3048
1287 536.448 170.688 -0.3048
1288 536.448 195.072 -0.3048
1289 536.448 219.456 -0.3048
1290 536.448 243.84 -0.3048
1291 536.448 268.224 -0.3048
1292 536.448 292.608 -0.3048
1293 536.448 316.992 -0.3048
1294 536.448 341.376 -0.3048
1295 536.448 365.76 -0.3048
1296 536.448 390.144 -0.3048
1297 536.448 414.528 -0.3048
1298 536.448 438.912 -0.3048
1299 536.448 463.296 -0.3048
1300 536.448 487.6800000000001 -0.3048
1301 536.448 512.064 -0.3048
1302 536.448 536.448 -0.3048
1303 536.448 560.832 -0.3048
1304 536.448 585.216 -0.3048
1305 560.832 24.384 -0.3048
1306 560.832 48.768 -0.3048
1307 560.832 73.152 -0.3048
1308 560.832 97.536 -0.3048
1309 560.832 121.92 -0.3048
1310 560.832 146.304 -0.3048
1311 560.832 170.688 -0.3048
1312 560.832 195.072 -0.3048
1313 560.832 219.456 -0.3048
1314 560.832 243.84 -0.3048
1315 560.832 268.224 -0.3048
1316 560.832 292.608 -0.3048
1317 560.832 316.992 -0.3048
1318 560.832 341.376 -0.3048
1319 560.832 365.76 -0.3048
1320 560.832 390.144 -0.3048
1321 560.832 414.528 -0.3048
1322 560.832 438.912 -0.3048
1323 560.832 463.296 -0.3048
1324 560.832 487.6800000000001 -0.3048
1325 560.832 512.064 -0.3048
1326 560.832 536.448 -0.3048
1327 560.832 560.832 -0.3048
1328 560.832 585.216 -0.3048
1329 585.216 24.384 -0.3048
1330 585.216 48.768 -0.3048
1331 585.216 73.152 -0.3048
1332 585.216 97.536 -0.3048
1333 585.216 121.92 -0.3048
1334 585.216 146.304 -0.3048
1335 585.216 170.688 -0.3048
1336 585.216 195.072 -0.3048
1337 585.216 219.456 -0.3048
1338 585.216 243.84 -0.3048
1339 585.216 268.224 -0.3048
1340 585.216 292.608 -0.3048
1341 585.216 316.992 -0.3048
1342 585.216 341.376 -0.3048
1343 585.216 365.76 -0.3048
1344 585.216 390.144 -0.3048
1345 585.216 414.528 -0.3048
1346 585.216 438.912 -0.3048
1347 585.216 463.296 -0.3048
1348 585.216 487.6800000000001 -0.3048
1349 585.216 512.064 -0.3048
1350 585.216 536.448 -0.3048
1351 585.216 560.832 -0.3048
1352 585.216 585.216 -0.3048
$EndNodes
$Elements
2187
1 15 2 0 1 1
2 15 2 0 4 2
3 15 2 0 5 3
4 15 2 0 6 4
5 15 2 0 7 5
6 15 2 0 8 6
7 15 2 0 12 7
8 15 2 0 16 8
9 1 2 0 4 2 1
10 1 2 0 5 3 4
11 1 2 0 6 2 9
12 1 2 0 6 9 10
13 1 2 0 6 10 11
14 1 2 0 6 11 12
15 1 2 0 6 12 13
16 1 2 0 6 13 14
17 1 2 0 6 14 15
18 1 2 0 6 15 16
19 1 2 0 6 16 17
20 1 2 0 6 17 18
21 1 2 0 6 18 19
22 1 2 0 6 19 20
23 1 2 0 6 20 21
24 1 2 0 6 21 22
25 1 2 0 6 22 23
26 1 2 0 6 23 24
27 1 2 0 6 24 25
28 1 2 0 6 25 26
29 1 2 0 6 26 27
30 1 2 0 6 27 28
31 1 2 0 6 28 29
32 1 2 0 6 29 30
33 1 2 0 6 30 31
34 1 2 0 6 31 32
35 1 2 0 6 32 3
36 1 2 0 7 1 33
37 1 2 0 7 33 34
38 1 2 0 7 34 35
39 1 2 0 7 35 36
40 1 2 0 7 36 37
41 1 2 0 7 37 38
42 1 2 0 7 38 39
43 1 2 0 7 39 40
44 1 2 0 7 40 41
45 1 2 0 7 41 42
46 1 2 0 7 42 43
47 1 2 0 7 43 44
48 1 2 0 7 44 45
49 1 2 0 7 45 46
50 1 2 0 7 46 47
51 1 2 0 7 47 48
52 1 2 0 7 48 49
53 1 2 0 7 49 50
54 1 2 0 7 50 51
55 1 2 0 7 51 52
56 1 2 0 7 52 53
57 1 2 0 7 53 54
58 1 2 0 7 54 55
59 1 2 0 7 55 56
60 1 2 0 7 56 4
61 1 2 0 10 5 6
62 1 2 0 11 6 57
63 1 2 0 11 57 58
64 1 2 0 11 58 59
65 1 2 0 11 59 60
66 1 2 0 11 60 61
67 1 2 0 11 61 62
68 1 2 0 11 62 63
69 1 2 0 11 63 64
70 1 2 0 11 64 65
71 1 2 0 11 65 66
72 1 2 0 11 66 67
73 1 2 0 11 67 68
74 1 2 0 11 68 69
75 1 2 0 11 69 70
76 1 2 0 11 70 71
77 1 2 0 11 71 72
78 1 2 0 11 72 73
79 1 2 0 11 73 74
80 1 2 0 11 74 75
81 1 2 0 11 75 76
82 1 2 0 11 76 77
83 1 2 0 11 77 78
84 1 2 0 11 78 79
85 1 2 0 11 79 80
86 1 2 0 11 80 7
87 1 2 0 12 7 8
88 1 2 0 13 8 81
89 1 2 0 13 81 82
90 1 2 0 13 82 83
91 1 2 0 13 83 84
92 1 2 0 13 84 85
93 1 2 0 13 85 86
94 1 2 0 13 86 87
95 1 2 0 13 87 88
96 1 2 0 13 88 89
97 1 2 0 13 89 90
98 1 2 0 13 90 91
99 1 2 0 13 91 92
100 1 2 0 13 92 93
101 1 2 0 13 93 94
102 1 2 0 13 94 95
103 1 2 0 13 95 96
104 1 2 0 13 96 97
105 1 2 0 13 97 98
106 1 2 0 13 98 99
107 1 2 0 13 99 100
108 1 2 0 13 100 101
109 1 2 0 13 101 102
110 1 2 0 13 102 103
111 1 2 0 13 103 104
112 1 2 0 13 104 5
113 1 2 0 15 2 105
114 1 2 0 15 105 106
115 1 2 0 15 106 107
116 1 2 0 15 107 108
117 1 2 0 15 108 109
118 1 2 0 15 109 110
119 1 2 0 15 110 111
120 1 2 0 15 111 112
121 1 2 0 15 112 113
122 1 2 0 15 113 114
123 1 2 0 15 114 115
124 1 2 0 15 115 116
125 1 2 0 15 116 117
126 1 2 0 15 117 118
127 1 2 0 15 118 119
128 1 2 0 15 119 120
129 1 2 0 15 120 121
130 1 2 0 15 121 122
131 1 2 0 15 122 123
132 1 2 0 15 123 124
133 1 2 0 15 124 125
134 1 2 0 15 125 126
135 1 2 0 15 126 127
136 1 2 0 15 127 128
137 1 2 0 15 128 5
138 1 2 0 16 1 129
139 1 2 0 16 129 130
140 1 2 0 16 130 131
141 1 2 0 16 131 132
142 1 2 0 16 132 133
143 1 2 0 16 133 134
144 1 2 0 16 134 135
145 1 2 0 16 135 136
146 1 2 0 16 136 137
147 1 2 0 16 137 138
148 1 2 0 16 138 139
149 1 2 0 16 139 140
150 1 2 0 16 140 141
151 1 2 0 16 141 142
152 1 2 0 16 142 143
153 1 2 0 16 143 144
154 1 2 0 16 144 145
155 1 2 0 16 145 146
156 1 2 0 16 146 147
157 1 2 0 16 147 148
158 1 2 0 16 148 149
159 1 2 0 16 149 150
160 1 2 0 16 150 151
161 1 2 0 16 151 152
162 1 2 0 16 152 6
163 1 2 0 20 4 153
164 1 2 0 20 153 154
165 1 2 0 20 154 155
166 1 2 0 20 155 156
167 1 2 0 20 156 157
168 1 2 0 20 157 158
169 1 2 0 20 158 159
170 1 2 0 20 159 160
171 1 2 0 20 160 161
172 1 2 0 20 161 162
173 1 2 0 20 162 163
174 1 2 0 20 163 164
175 1 2 0 20 164 165
176 1 2 0 20 165 166
177 1 2 0 20 166 167
178 1 2 0 20 167 168
179 1 2 0 20 168 169
180 1 2 0 20 169 170
181 1 2 0 20 170 171
182 1 2 0 20 171 172
183 1 2 0 20 172 173
184 1 2 0 20 173 174
185 1 2 0 20 174 175
186 1 2 0 20 175 176
187 1 2 0 20 176 7
188 1 2 0 24 3 177
189 1 2 0 24 177 178
190 1 2 0 24 178 179
191 1 2 0 24 179 180
192 1 2 0 24 180 181
193 1 2 0 24 181 182
194 1 2 0 24 182 183
195 1 2 0 24 183 184
196 1 2 0 24 184 185
197 1 2 0 24 185 186
198 1 2 0 24 186 187
199 1 2 0 24 187 188
200 1 2 0 24 188 189
201 1 2 0 24 189 190
202 1 2 0 24 190 191
203 1 2 0 24 191 192
204 1 2 0 24 192 193
205 1 2 0 24 193 194
206 1 2 0 24 194 195
207 1 2 0 24 195 196
208 1 2 0 24 196 197
209 1 2 0 24 197 198
210 1 2 0 24 198 199
211 1 2 0 24 199 200
212 1 2 0 24 200 8
213 3 2 0 8 2 1 33 9
214 3 2 0 8 9 33 34 10
215 3 2 0 8 10 34 35 11
216 3 2 0 8 11 35 36 12
217 3 2 0 8 12 36 37 13
218 3 2 0 8 13 37 38 14
219 3 2 0 8 14 38 39 15
220 3 2 0 8 15 39 40 16
221 3 2 0 8 16 40 41 17
222 3 2 0 8 17 41 42 18
223 3 2 0 8 18 42 43 19
224 3 2 0 8 19 43 44 20
225 3 2 0 8 20 44 45 21
226 3 2 0 8 21 45 46 22
227 3 2 0 8 22 46 47 23
228 3 2 0 8 23 47 48 24
229 3 2 0 8 24 48 49 25
230 3 2 0 8 25 49 50 26
231 3 2 0 8 26 50 51 27
232 3 2 0 8 27 51 52 28
233 3 2 0 8 28 52 53 29
234 3 2 0 8 29 53 54 30
235 3 2 0 8 30 54 55 31
236 3 2 0 8 31 55 56 32
237 3 2 0 8 32 56 4 3
238 3 2 0 17 2 1 129 105
239 3 2 0 17 105 129 130 106
240 3 2 0 17 106 130 131 107
241 3 2 0 17 107 131 132 108
242 3 2 0 17 108 132 133 109
243 3 2 0 17 109 133 134 110
244 3 2 0 17 110 134 135 111
245 3 2 0 17 111 135 136 112
246 3 2 0 17 112 136 137 113
247 3 2 0 17 113 137 138 114
248 3 2 0 17 114 138 139 115
249 3 2 0 17 115 139 140 116
250 3 2 0 17 116 140 141 117
251 3 2 0 17 117 141 142 118
252 3 2 0 17 118 142 143 119
253 3 2 0 17 119 143 144 120
254 3 2 0 17 120 144 145 121
255 3 2 0 17 121 145 146 122
256 3 2 0 17 122 146 147 123
257 3 2 0 17 123 147 148 124
258 3 2 0 17 124 148 149 125
259 3 2 0 17 125 149 150 126
260 3 2 0 17 126 150 151 127
261 3 2 0 17 127 151 152 128
262 3 2 0 17 128 152 6 5
263 3 2 0 21 1 33 201 129
264 3 2 0 21 129 201 202 130
265 3 2 0 21 130 202 203 131
266 3 2 0 21 131 203 204 132
267 3 2 0 21 132 204 205 133
268 3 2 0 21 133 205 206 134
269 3 2 0 21 134 206 207 135
270 3 2 0 21 135 207 208 136
271 3 2 0 21 136 208 209 137
272 3 2 0 21 137 209 210 138
273 3 2 0 21 138 210 211 139
274 3 2 0 21 139 211 212 140
275 3 2 0 21 140 212 213 141
276 3 2 0 21 141 213 214 142
277 3 2 0 21 142 214 215 143
278 3 2 0 21 143 215 216 144
279 3 2 0 21 144 216 217 145
280 3 2 0 21 145 217 218 146
281 3 2 0 21 146 218 219 147
282 3 2 0 21 147 219 220 148
283 3 2 0 21 148 220 221 149
284 3 2 0 21 149 221 222 150
285 3 2 0 21 150 222 223 151
286 3 2 0 21 151 223 224 152
287 3 2 0 21 152 224 57 6
288 3 2 0 21 33 34 225 201
289 3 2 0 21 201 225 226 202
290 3 2 0 21 202 226 227 203
291 3 2 0 21 203 227 228 204
292 3 2 0 21 204 228 229 205
293 3 2 0 21 205 229 230 206
294 3 2 0 21 206 230 231 207
295 3 2 0 21 207 231 232 208
296 3 2 0 21 208 232 233 209
297 3 2 0 21 209 233 234 210
298 3 2 0 21 210 234 235 211
299 3 2 0 21 211 235 236 212
300 3 2 0 21 212 236 237 213
301 3 2 0 21 213 237 238 214
302 3 2 0 21 214 238 239 215
303 3 2 0 21 215 239 240 216
304 3 2 0 21 216 240 241 217
305 3 2 0 21 217 241 242 218
306 3 2 0 21 218 242 243 219
307 3 2 0 21 219 243 244 220
308 3 2 0 21 220 244 245 221
309 3 2 0 21 221 245 246 222
310 3 2 0 21 222 246 247 223
311 3 2 0 21 223 247 248 224
312 3 2 0 21 224 248 58 57
313 3 2 0 21 34 35 249 225
314 3 2 0 21 225 249 250 226
315 3 2 0 21 226 250 251 227
316 3 2 0 21 227 251 252 228
317 3 2 0 21 228 252 253 229
318 3 2 0 21 229 253 254 230
319 3 2 0 21 230 254 255 231
320 3 2 0 21 231 255 256 232
321 3 2 0 21 232 256 257 233
322 3 2 0 21 233 257 258 234
323 3 2 0 21 234 258 259 235
324 3 2 0 21 235 259 260 236
325 3 2 0 21 236 260 261 237
326 3 2 0 21 237 261 262 238
327 3 2 0 21 238 262 263 239
328 3 2 0 21 239 263 264 240
329 3 2 0 21 240 264 265 241
330 3 2 0 21 241 265 266 242
331 3 2 0 21 242 266 267 243
332 3 2 0 21 243 267 268 244
333 3 2 0 21 244 268 269 245
334 3 2 0 21 245 269 270 246
335 3 2 0 21 246 270 271 247
336 3 2 0 21 247 271 272 248
337 3 2 0 21 248 272 59 58
338 3 2 0 21 35 36 273 249
339 3 2 0 21 249 273 274 250
340 3 2 0 21 250 274 275 251
341 3 2 0 21 251 275 276 252
342 3 2 0 21 252 276 277 253
343 3 2 0 21 253 277 278 254
344 3 2 0 21 254 278 279 255
345 3 2 0 21 255 279 280 256
346 3 2 0 21 256 280 281 257
347 3 2 0 21 257 281 282 258
348 3 2 0 21 258 282 283 259
349 3 2 0 21 259 283 284 260
350 3 2 0 21 260 284 285 261
351 3 2 0 21 261 285 286 262
352 3 2 0 21 262 286 287 263
353 3 2 0 21 263 287 288 264
354 3 2 0 21 264 288 289 265
355 3 2 0 21 265 289 290 266
356 3 2 0 21 266 290 291 267
357 3 2 0 21 267 291 292 268
358 3 2 0 21 268 292 293 269
359 3 2 0 21 269 293 294 270
360 3 2 0 21 270 294 295 271
361 3 2 0 21 271 295 296 272
362 3 2 0 21 272 296 60 59
363 3 2 0 21 36 37 297 273
364 3 2 0 21 273 297 298 274
365 3 2 0 21 274 298 299 275
366 3 2 0 21 275 299 300 276
367 3 2 0 21 276 300 301 277
368 3 2 0 21 277 301 302 278
369 3 2 0 21 278 302 303 279
370 3 2 0 21 279 303 304 280
371 3 2 0 21 280 304 305 281
372 3 2 0 21 281 305 306 282
373 3 2 0 21 282 306 307 283
374 3 2 0 21 283 307 308 284
375 3 2 0 21 284 308 309 285
376 3 2 0 21 285 309 310 286
377 3 2 0 21 286 310 311 287
378 3 2 0 21 287 311 312 288
379 3 2 0 21 288 312 313 289
380 3 2 0 21 289 313 314 290
381 3 2 0 21 290 314 315 291
382 3 2 0 21 291 315 316 292
383 3 2 0 21 292 316 317 293
384 3 2 0 21 293 317 318 294
385 3 2 0 21 294 318 319 295
386 3 2 0 21 295 319 320 296
387 3 2 0 21 296 320 61 60
388 3 2 0 21 37 38 321 297
389 3 2 0 21 297 321 322 298
390 3 2 0 21 298 322 323 299
391 3 2 0 21 299 323 324 300
392 3 2 0 21 300 324 325 301
393 3 2 0 21 301 325 326 302
394 3 2 0 21 302 326 327 303
395 3 2 0 21 303 327 328 304
396 3 2 0 21 304 328 329 305
397 3 2 0 21 305 329 330 306
398 3 2 0 21 306 330 331 307
399 3 2 0 21 307 331 332 308
400 3 2 0 21 308 332 333 309
401 3 2 0 21 309 333 334 310
402 3 2 0 21 310 334 335 311
403 3 2 0 21 311 335 336 312
404 3 2 0 21 312 336 337 313
405 3 2 0 21 313 337 338 314
406 3 2 0 21 314 338 339 315
407 3 2 0 21 315 339 340 316
408 3 2 0 21 316 340 341 317
409 3 2 0 21 317 341 342 318
410 3 2 0 21 318 342 343 319
411 3 2 0 21 319 343 344 320
412 3 2 0 21 320 344 62 61
413 3 2 0 21 38 39 345 321
414 3 2 0 21 321 345 346 322
415 3 2 0 21 322 346 347 323
416 3 2 0 21 323 347 348 324
417 3 2 0 21 324 348 349 325
418 3 2 0 21 325 349 350 326
419 3 2 0 21 326 350 351 327
420 3 2 0 21 327 351 352 328
421 3 2 0 21 328 352 353 329
422 3 2 0 21 329 353 354 330
423 3 2 0 21 330 354 355 331
424 3 2 0 21 331 355 356 332
425 3 2 0 21 332 356 357 333
426 3 2 0 21 333 357 358 334
427 3 2 0 21 334 358 359 335
428 3 2 0 21 335 359 360 336
429 3 2 0 21 336 360 361 337
430 3 2 0 21 337 361 362 338
431 3 2 0 21 338 362 363 339
432 3 2 0 21 339 363 364 340
433 3 2 0 21 340 364 365 341
434 3 2 0 21 341 365 366 342
435 3 2 0 21 342 366 367 343
436 3 2 0 21 343 367 368 344
437 3 2 0 21 344 368 63 62
438 3 2 0 21 39 40 369 345
439 3 2 0 21 345 369 370 346
440 3 2 0 21 346 370 371 347
441 3 2 0 21 347 371 372 348
442 3 2 0 21 348 372 373 349
443 3 2 0 21 349 373 374 350
444 3 2 0 21 350 374 375 351
445 3 2 0 21 351 375 376 352
446 3 2 0 21 352 376 377 353
447 3 2 0 21 353 377 378 354
448 3 2 0 21 354 378 379 355
449 3 2 0 21 355 379 380 356
450 3 2 0 21 356 380 381 357
451 3 2 0 21 357 381 382 358
452 3 2 0 21 358 382 383 359
453 3 2 0 21 359 383 384 360
454 3 2 0 21 360 384 385 361
455 3 2 0 21 361 385 386 362
456 3 2 0 21 362 386 387 363
457 3 2 0 21 363 387 388 364
458 3 2 0 21 364 388 389 365
459 3 2 0 21 365 389 390 366
460 3 2 0 21 366 390 391 367
461 3 2 0 21 367 391 392 368
462 3 2 0 21 368 392 64 63
463 3 2 0 21 40 41 393 369
464 3 2 0 21 369 393 394 370
465 3 2 0 21 370 394 395 371
466 3 2 0 21 371 395 396 372
467 3 2 0 21 372 396 397 373
468 3 2 0 21 373 397 398 374
469 3 2 0 21 374 398 399 375
470 3 2 0 21 375 399 400 376
471 3 2 0 21 376 400 401 377
472 3 2 0 21 377 401 402 378
473 3 2 0 21 378 402 403 379
474 3 2 0 21 379 403 404 380
475 3 2 0 21 380 404 405 381
476 3 2 0 21 381 405 406 382
477 3 2 0 21 382 406 407 383
478 3 2 0 21 383 407 408 384
479 3 2 0 21 384 408 409 385
480 3 2 0 21 385 409 410 386
481 3 2 0 21 386 410 411 387
482 3 2 0 21 387 411 412 388
483 3 2 0 21 388 412 413 389
484 3 2 0 21 389 413 414 390
485 3 2 0 21 390 414 415 391
486 3 2 0 21 391 415 416 392
487 3 2 0 21 392 416 65 64
488 3 2 0 21 41 42 417 393
489 3 2 0 21 393 417 418 394
490 3 2 0 21 394 418 419 395
491 3 2 0 21 395 419 420 396
492 3 2 0 21 396 420 421 397
493 3 2 0 21 397 421 422 398
494 3 2 0 21 398 422 423 399
495 3 2 0 21 399 423 424 400
496 3 2 0 21 400 424 425 401
497 3 2 0 21 401 425 426 402
498 3 2 0 21 402 426 427 403
499 3 2 0 21 403 427 428 404
500 3 2 0 21 404 428 429 405
501 3 2 0 21 405 429 430 406
502 3 2 0 21 406 430 431 407
503 3 2 0 21 407 431 432 408
504 3 2 0 21 408 432 433 409
505 3 2 0 21 409 433 434 410
506 3 2 0 21 410 434 435 411
507 3 2 0 21 411 435 436 412
508 3 2 0 21 412 436 437 413
509 3 2 0 21 413 437 438 414
510 3 2 0 21 414 438 439 415
511 3 2 0 21 415 439 440 416
512 3 2 0 21 416 440 66 65
513 3 2 0 21 42 43 441 417
514 3 2 0 21 417 441 442 418
515 3 2 0 21 418 442 443 419
516 3 2 0 21 419 443 444 420
517 3 2 0 21 420 444 445 421
518 3 2 0 21 421 445 446 422
519 3 2 0 21 422 446 447 423
520 3 2 0 21 423 447 448 424
521 3 2 0 21 424 448 449 425
522 3 2 0 21 425 449 450 426
523 3 2 0 21 426 450 451 427
524 3 2 0 21 427 451 452 428
525 3 2 0 21 428 452 453 429
526 3 2 0 21 429 453 454 430
527 3 2 0 21 430 454 455 431
528 3 2 0 21 431 455 456 432
529 3 2 0 21 432 456 457 433
530 3 2 0 21 433 457 458 434
531 3 2 0 21 434 458 459 435
532 3 2 0 21 435 459 460 436
533 3 2 0 21 436 460 461 437
534 3 2 0 21 437 461 462 438
535 3 2 0 21 438 462 463 439
536 3 2 0 21 439 463 464 440
537 3 2 0 21 440 464 67 66
538 3 2 0 21 43 44 465 441
539 3 2 0 21 441 465 466 442
540 3 2 0 21 442 466 467 443
541 3 2 0 21 443 467 468 444
542 3 2 0 21 444 468 469 445
543 3 2 0 21 445 469 470 446
544 3 2 0 21 446 470 471 447
545 3 2 0 21 447 471 472 448
546 3 2 0 21 448 472 473 449
547 3 2 0 21 449 473 474 450
548 3 2 0 21 450 474 475 451
549 3 2 0 21 451 475 476 452
550 3 2 0 21 452 476 477 453
551 3 2 0 21 453 477 478 454
552 3 2 0 21 454 478 479 455
553 3 2 0 21 455 479 480 456
554 3 2 0 21 456 480 481 457
555 3 2 0 21 457 481 482 458
556 3 2 0 21 458 482 483 459
557 3 2 0 21 459 483 484 460
558 3 2 0 21 460 484 485 461
559 3 2 0 21 461 485 486 462
560 3 2 0 21 462 486 487 463
561 3 2 0 21 463 487 488 464
562 3 2 0 21 464 488 68 67
563 3 2 0 21 44 45 489 465
564 3 2 0 21 465 489 490 466
565 3 2 0 21 466 490 491 467
566 3 2 0 21 467 491 492 468
567 3 2 0 21 468 492 493 469
568 3 2 0 21 469 493 494 470
569 3 2 0 21 470 494 495 471
570 3 2 0 21 471 495 496 472
571 3 2 0 21 472 496 497 473
572 3 2 0 21 473 497 498 474
573 3 2 0 21 474 498 499 475
574 3 2 0 21 475 499 500 476
575 3 2 0 21 476 500 501 477
576 3 2 0 21 477 501 502 478
577 3 2 0 21 478 502 503 479
578 3 2 0 21 479 503 504 480
579 3 2 0 21 480 504 505 481
580 3 2 0 21 481 505 506 482
581 3 2 0 21 482 506 507 483
582 3 2 0 21 483 507 508 484
583 3 2 0 21 484 508 509 485
584 3 2 0 21 485 509 510 486
585 3 2 0 21 486 510 511 487
586 3 2 0 21 487 511 512 488
587 3 2 0 21 488 512 69 68
588 3 2 0 21 45 46 513 489
589 3 2 0 21 489 513 514 490
590 3 2 0 21 490 514 515 491
591 3 2 0 21 491 515 516 492
592 3 2 0 21 492 516 517 493
593 3 2 0 21 493 517 518 494
594 3 2 0 21 494 518 519 495
595 3 2 0 21 495 519 520 496
596 3 2 0 21 496 520 521 497
597 3 2 0 21 497 521 522 498
598 3 2 0 21 498 522 523 499
599 3 2 0 21 499 523 524 500
600 3 2 0 21 500 524 525 501
601 3 2 0 21 501 525 526 502
602 3 2 0 21 502 526 527 503
603 3 2 0 21 503 527 528 504
604 3 2 0 21 504 528 529 505
605 3 2 0 21 505 529 530 506
606 3 2 0 21 506 530 531 507
607 3 2 0 21 507 531 532 508
608 3 2 0 21 508 532 533 509
609 3 2 0 21 509 533 534 510
610 3 2 0 21 510 534 535 511
611 3 2 0 21 511 535 536 512
612 3 2 0 21 512 536 70 69
613 3 2 0 21 46 47 537 513
614 3 2 0 21 513 537 538 514
615 3 2 0 21 514 538 539 515
616 3 2 0 21 515 539 540 516
617 3 2 0 21 516 540 541 517
618 3 2 0 21 517 541 542 518
619 3 2 0 21 518 542 543 519
620 3 2 0 21 519 543 544 520
621 3 2 0 21 520 544 545 521
622 3 2 0 21 521 545 546 522
623 3 2 0 21 522 546 547 523
624 3 2 0 21 523 547 548 524
625 3 2 0 21 524 548 549 525
626 3 2 0 21 525 549 550 526
627 3 2 0 21 526 550 551 527
628 3 2 0 21 527 551 552 528
629 3 2 0 21 528 552 553 529
630 3 2 0 21 529 553 554 530
631 3 2 0 21 530 554 555 531
632 3 2 0 21 531 555 556 532
633 3 2 0 21 532 556 557 533
634 3 2 0 21 533 557 558 534
635 3 2 0 21 534 558 559 535
636 3 2 0 21 535 559 560 536
637 3 2 0 21 536 560 71 70
638 3 2 0 21 47 48 561 537
639 3 2 0 21 537 561 562 538
640 3 2 0 21 538 562 563 539
641 3 2 0 21 539 563 564 540
642 3 2 0 21 540 564 565 541
643 3 2 0 21 541 565 566 542
644 3 2 0 21 542 566 567 543
645 3 2 0 21 543 567 568 544
646 3 2 0 21 544 568 569 545
647 3 2 0 21 545 569 570 546
648 3 2 0 21 546 570 571 547
649 3 2 0 21 547 571 572 548
650 3 2 0 21 548 572 573 549
651 3 2 0 21 549 573 574 550
652 3 2 0 21 550 574 575 551
653 3 2 0 21 551 575 576 552
654 3 2 0 21 552 576 577 553
655 3 2 0 21 553 577 578 554
656 3 2 0 21 554 578 579 555
657 3 2 0 21 555 579 580 556
658 3 2 0 21 556 580 581 557
659 3 2 0 21 557 581 582 558
660 3 2 0 21 558 582 583 559
661 3 2 0 21 559 583 584 560
662 3 2 0 21 560 584 72 71
663 3 2 0 21 48 49 585 561
664 3 2 0 21 561 585 586 562
665 3 2 0 21 562 586 587 563
666 3 2 0 21 563 587 588 564
667 3 2 0 21 564 588 589 565
668 3 2 0 21 565 589 590 566
669 3 2 0 21 566 590 591 567
670 3 2 0 21 567 591 592 568
671 3 2 0 21 568 592 593 569
672 3 2 0 21 569 593 594 570
673 3 2 0 21 570 594 595 571
674 3 2 0 21 571 595 596 572
675 3 2 0 21 572 596 597 573
676 3 2 0 21 573 597 598 574
677 3 2 0 21 574 598 599 575
678 3 2 0 21 575 599 600 576
679 3 2 0 21 576 600 601 577
680 3 2 0 21 577 601 602 578
681 3 2 0 21 578 602 603 579
682 3 2 0 21 579 603 604 580
683 3 2 0 21 580 604 605 581
684 3 2 0 21 581 605 606 582
685 3 2 0 21 582 606 607 583
686 3 2 0 21 583 607 608 584
687 3 2 0 21 584 608 73 72
688 3 2 0 21 49 50 609 585
689 3 2 0 21 585 609 610 586
690 3 2 0 21 586 610 611 587
691 3 2 0 21 587 611 612 588
692 3 2 0 21 588 612 613 589
693 3 2 0 21 589 613 614 590
694 3 2 0 21 590 614 615 591
695 3 2 0 21 591 615 616 592
696 3 2 0 21 592 616 617 593
697 3 2 0 21 593 617 618 594
698 3 2 0 21 594 618 619 595
699 3 2 0 21 595 619 620 596
700 3 2 0 21 596 620 621 597
701 3 2 0 21 597 621 622 598
702 3 2 0 21 598 622 623 599
703 3 2 0 21 599 623 624 600
704 3 2 0 21 600 624 625 601
705 3 2 0 21 601 625 626 602
706 3 2 0 21 602 626 627 603
707 3 2 0 21 603 627 628 604
708 3 2 0 21 604 628 629 605
709 3 2 0 21 605 629 630 606
710 3 2 0 21 606 630 631 607
711 3 2 0 21 607 631 632 608
712 3 2 0 21 608 632 74 73
713 3 2 0 21 50 51 633 609
714 3 2 0 21 609 633 634 610
715 3 2 0 21 610 634 635 611
716 3 2 0 21 611 635 636 612
717 3 2 0 21 612 636 637 613
718 3 2 0 21 613 637 638 614
719 3 2 0 21 614 638 639 615
720 3 2 0 21 615 639 640 616
721 3 2 0 21 616 640 641 617
722 3 2 0 21 617 641 642 618
723 3 2 0 21 618 642 643 619
724 3 2 0 21 619 643 644 620
725 3 2 0 21 620 644 645 621
726 3 2 0 21 621 645 646 622
727 3 2 0 21 622 646 647 623
728 3 2 0 21 623 647 648 624
729 3 2 0 21 624 648 649 625
730 3 2 0 21 625 649 650 626
731 3 2 0 21 626 650 651 627
732 3 2 0 21 627 651 652 628
733 3 2 0 21 628 652 653 629
734 3 2 0 21 629 653 654 630
735 3 2 0 21 630 654 655 631
736 3 2 0 21 631 655 656 632
737 3 2 0 21 632 656 75 74
738 3 2 0 21 51 52 657 633
739 3 2 0 21 633 657 658 634
740 3 2 0 21 634 658 659 635
741 3 2 0 21 635 659 660 636
742 3 2 0 21 636 660 661 637
743 3 2 0 21 637 661 662 638
744 3 2 0 21 638 662 663 639
745 3 2 0 21 639 663 664 640
746 3 2 0 21 640 664 665 641
747 3 2 0 21 641 665 666 642
748 3 2 0 21 642 666 667 643
749 3 2 0 21 643 667 668 644
750 3 2 0 21 644 668 669 645
751 3 2 0 21 645 669 670 646
752 3 2 0 21 646 670 671 647
753 3 2 0 21 647 671 672 648
754 3 2 0 21 648 672 673 649
755 3 2 0 21 649 673 674 650
756 3 2 0 21 650 674 675 651
757 3 2 0 21 651 675 676 652
758 3 2 0 21 652 676 677 653
759 3 2 0 21 653 677 678 654
760 3 2 0 21 654 678 679 655
761 3 2 0 21 655 679 680 656
762 3 2 0 21 656 680 76 75
763 3 2 0 21 52 53 681 657
764 3 2 0 21 657 681 682 658
765 3 2 0 21 658 682 683 659
766 3 2 0 21 659 683 684 660
767 3 2 0 21 660 684 685 661
768 3 2 0 21 661 685 686 662
769 3 2 0 21 662 686 687 663
770 3 2 0 21 663 687 688 664
771 3 2 0 21 664 688 689 665
772 3 2 0 21 665 689 690 666
773 3 2 0 21 666 690 691 667
774 3 2 0 21 667 691 692 668
775 3 2 0 21 668 692 693 669
776 3 2 0 21 669 693 694 670
777 3 2 0 21 670 694 695 671
778 3 2 0 21 671 695 696 672
779 3 2 0 21 672 696 697 673
780 3 2 0 21 673 697 698 674
781 3 2 0 21 674 698 699 675
782 3 2 0 21 675 699 700 676
783 3 2 0 21 676 700 701 677
784 3 2 0 21 677 701 702 678
785 3 2 0 21 678 702 703 679
786 3 2 0 21 679 703 704 680
787 3 2 0 21 680 704 77 76
788 3 2 0 21 53 54 705 681
789 3 2 0 21 681 705 706 682
790 3 2 0 21 682 706 707 683
791 3 2 0 21 683 707 708 684
792 3 2 0 21 684 708 709 685
793 3 2 0 21 685 709 710 686
794 3 2 0 21 686 710 711 687
795 3 2 0 21 687 711 712 688
796 3 2 0 21 688 712 713 689
797 3 2 0 21 689 713 714 690
798 3 2 0 21 690 714 715 691
799 3 2 0 21 691 715 716 692
800 3 2 0 21 692 716 717 693
801 3 2 0 21 693 717 718 694
802 3 2 0 21 694 718 719 695
803 3 2 0 21 695 719 720 696
804 3 2 0 21 696 720 721 697
805 3 2 0 21 697 721 722 698
806 3 2 0 21 698 722 723 699
807 3 2 0 21 699 723 724 700
808 3 2 0 21 700 724 725 701
809 3 2 0 21 701 725 726 702
810 3 2 0 21 702 726 727 703
811 3 2 0 21 703 727 728 704
812 3 2 0 21 704 728 78 77
813 3 2 0 21 54 55 729 705
814 3 2 0 21 705 729 730 706
815 3 2 0 21 706 730 731 707
816 3 2 0 21 707 731 732 708
817 3 2 0 21 708 732 733 709
818 3 2 0 21 709 733 734 710
819 3 2 0 21 710 734 735 711
820 3 2 0 21 711 735 736 712
821 3 2 0 21 712 736 737 713
822 3 2 0 21 713 737 738 714
823 3 2 0 21 714 738 739 715
824 3 2 0 21 715 739 740 716
825 3 2 0 21 716 740 741 717
826 3 2 0 21 717 741 742 718
827 3 2 0 21 718 742 743 719
828 3 2 0 21 719 743 744 720
829 3 2 0 21 720 744 745 721
830 3 2 0 21 721 745 746 722
831 3 2 0 21 722 746 747 723
832 3 2 0 21 723 747 748 724
833 3 2 0 21 724 748 749 725
834 3 2 0 21 725 749 750 726
835 3 2 0 21 726 750 751 727
836 3 2 0 21 727 751 752 728
837 3 2 0 21 728 752 79 78
838 3 2 0 21 55 56 753 729
839 3 2 0 21 729 753 754 730
840 3 2 0 21 730 754 755 731
841 3 2 0 21 731 755 756 732
842 3 2 0 21 732 756 757 733
843 3 2 0 21 733 757 758 734
844 3 2 0 21 734 758 759 735
845 3 2 0 21 735 759 760 736
846 3 2 0 21 736 760 761 737
847 3 2 0 21 737 761 762 738
848 3 2 0 21 738 762 763 739
849 3 2 0 21 739 763 764 740
850 3 2 0 21 740 764 765 741
851 3 2 0 21 741 765 766 742
852 3 2 0 21 742 766 767 743
853 3 2 0 21 743 767 768 744
854 3 2 0 21 744 768 769 745
855 3 2 0 21 745 769 770 746
856 3 2 0 21 746 770 771 747
857 3 2 0 21 747 771 772 748
858 3 2 0 21 748 772 773 749
859 3 2 0 21 749 773 774 750
860 3 2 0 21 750 774 775 751
861 3 2 0 21 751 775 776 752
862 3 2 0 21 752 776 80 79
863 3 2 0 21 56 4 153 753
864 3 2 0 21 753 153 154 754
865 3 2 0 21 754 154 155 755
866 3 2 0 21 755 155 156 756
867 3 2 0 21 756 156 157 757
868 3 2 0 21 757 157 158 758
869 3 2 0 21 758 158 159 759
870 3 2 0 21 759 159 160 760
871 3 2 0 21 760 160 161 761
872 3 2 0 21 761 161 162 762
873 3 2 0 21 762 162 163 763
874 3 2 0 21 763 163 164 764
875 3 2 0 21 764 164 165 765
876 3 2 0 21 765 165 166 766
877 3 2 0 21 766 166 167 767
878 3 2 0 21 767 167 168 768
879 3 2 0 21 768 168 169 769
880 3 2 0 21 769 169 170 770
881 3 2 0 21 770 170 171 771
882 3 2 0 21 771 171 172 772
883 3 2 0 21 772 172 173 773
884 3 2 0 21 773 173 174 774
885 3 2 0 21 774 174 175 775
886 3 2 0 21 775 175 176 776
887 3 2 0 21 776 176 7 80
888 3 2 0 25 3 177 153 4
889 3 2 0 25 177 178 154 153
890 3 2 0 25 178 179 155 154
891 3 2 0 25 179 180 156 155
892 3 2 0 25 180 181 157 156
893 3 2 0 25 181 182 158 157
894 3 2 0 25 182 183 159 158
895 3 2 0 25 183 184 160 159
896 3 2 0 25 184 185 161 160
897 3 2 0 25 185 186 162 161
898 3 2 0 25 186 187 163 162
899 3 2 0 25 187 188 164 163
900 3 2 0 25 188 189 165 164
901 3 2 0 25 189 190 166 165
902 3 2 0 25 190 191 167 166
903 3 2 0 25 191 192 168 167
904 3 2 0 25 192 193 169 168
905 3 2 0 25 193 194 170 169
906 3 2 0 25 194 195 171 170
907 3 2 0 25 195 196 172 171
908 3 2 0 25 196 197 173 172
909 3 2 0 25 197 198 174 173
910 3 2 0 25 198 199 175 174
911 3 2 0 25 199 200 176 175
912 3 2 0 25 200 8 7 176
913 3 2 0 29 2 105 777 9
914 3 2 0 29 105 106 778 777
915 3 2 0 29 106 107 779 778
916 3 2 0 29 107 108 780 779
917 3 2 0 29 108 109 781 780
918 3 2 0 29 109 110 782 781
919 3 2 0 29 110 111 783 782
920 3 2 0 29 111 112 784 783
921 3 2 0 29 112 113 785 784
922 3 2 0 29 113 114 786 785
923 3 2 0 29 114 115 787 786
924 3 2 0 29 115 116 788 787
925 3 2 0 29 116 117 789 788
926 3 2 0 29 117 118 790 789
927 3 2 0 29 118 119 791 790
928 3 2 0 29 119 120 792 791
929 3 2 0 29 120 121 793 792
930 3 2 0 29 121 122 794 793
931 3 2 0 29 122 123 795 794
932 3 2 0 29 123 124 796 795
933 3 2 0 29 124 125 797 796
934 3 2 0 29 125 126 798 797
935 3 2 0 29 126 127 799 798
936 3 2 0 29 127 128 800 799
937 3 2 0 29 128 5 104 800
938 3 2 0 29 9 777 801 10
939 3 2 0 29 777 778 802 801
940 3 2 0 29 778 779 803 802
941 3 2 0 29 779 780 804 803
942 3 2 0 29 780 781 805 804
943 3 2 0 29 781 782 806 805
944 3 2 0 29 782 783 807 806
945 3 2 0 29 783 784 808 807
946 3 2 0 29 784 785 809 808
947 3 2 0 29 785 786 810 809
948 3 2 0 29 786 787 811 810
949 3 2 0 29 787 788 812 811
950 3 2 0 29 788 789 813 812
951 3 2 0 29 789 790 814 813
952 3 2 0 29 790 791 815 814
953 3 2 0 29 791 792 816 815
954 3 2 0 29 792 793 817 816
955 3 2 0 29 793 794 818 817
956 3 2 0 29 794 795 819 818
957 3 2 0 29 795 796 820 819
958 3 2 0 29 796 797 821 820
959 3 2 0 29 797 798 822 821
960 3 2 0 29 798 799 823 822
961 3 2 0 29 799 800 824 823
962 3 2 0 29 800 104 103 824
963 3 2 0 29 10 801 825 11
964 3 2 0 29 801 802 826 825
965 3 2 0 29 802 803 827 826
966 3 2 0 29 803 804 828 827
967 3 2 0 29 804 805 829 828
968 3 2 0 29 805 806 830 829
969 3 2 0 29 806 807 831 830
970 3 2 0 29 807 808 832 831
971 3 2 0 29 808 809 833 832
972 3 2 0 29 809 810 834 833
973 3 2 0 29 810 811 835 834
974 3 2 0 29 811 812 836 835
975 3 2 0 29 812 813 837 836
976 3 2 0 29 813 814 838 837
977 3 2 0 29 814 815 839 838
978 3 2 0 29 815 816 840 839
979 3 2 0 29 816 817 841 840
980 3 2 0 29 817 818 842 841
981 3 2 0 29 818 819 843 842
982 3 2 0 29 819 820 844 843
983 3 2 0 29 820 821 845 844
984 3 2 0 29 821 822 846 845
985 3 2 0 29 822 823 847 846
986 3 2 0 29 823 824 848 847
987 3 2 0 29 824 103 102 848
988 3 2 0 29 11 825 849 12
989 3 2 0 29 825 826 850 849
990 3 2 0 29 826 827 851 850
991 3 2 0 29 827 828 852 851
992 3 2 0 29 828 829 853 852
993 3 2 0 29 829 830 854 853
994 3 2 0 29 830 831 855 854
995 3 2 0 29 831 832 856 855
996 3 2 0 29 832 833 857 856
997 3 2 0 29 833 834 858 857
998 3 2 0 29 834 835 859 858
999 3 2 0 29 835 836 860 859
1000 3 2 0 29 836 837 861 860
1001 3 2 0 29 837 838 862 861
1002 3 2 0 29 838 839 863 862
1003 3 2 0 29 839 840 864 863
1004 3 2 0 29 840 841 865 864
1005 3 2 0 29 841 842 866 865
1006 3 2 0 29 842 843 867 866
1007 3 2 0 29 843 844 868 867
1008 3 2 0 29 844 845 869 868
1009 3 2 0 29 845 846 870 869
1010 3 2 0 29 846 847 871 870
1011 3 2 0 29 847 848 872 871
1012 3 2 0 29 848 102 101 872
1013 3 2 0 29 12 849 873 13
1014 3 2 0 29 849 850 874 873
1015 3 2 0 29 850 851 875 874
1016 3 2 0 29 851 852 876 875
1017 3 2 0 29 852 853 877 876
1018 3 2 0 29 853 854 878 877
1019 3 2 0 29 854 855 879 878
1020 3 2 0 29 855 856 880 879
1021 3 2 0 29 856 857 881 880
1022 3 2 0 29 857 858 882 881
1023 3 2 0 29 858 859 883 882
1024 3 2 0 29 859 860 884 883
1025 3 2 0 29 860 861 885 884
1026 3 2 0 29 861 862 886 885
1027 3 2 0 29 862 863 887 886
1028 3 2 0 29 863 864 888 887
1029 3 2 0 29 864 865 889 888
1030 3 2 0 29 865 866 890 889
1031 3 2 0 29 866 867 891 890
1032 3 2 0 29 867 868 892 891
1033 3 2 0 29 868 869 893 892
1034 3 2 0 29 869 870 894 893
1035 3 2 0 29 870 871 895 894
1036 3 2 0 29 871 872 896 895
1037 3 2 0 29 872 101 100 896
1038 3 2 0 29 13 873 897 14
1039 3 2 0 29 873 874 898 897
1040 3 2 0 29 874 875 899 898
1041 3 2 0 29 875 876 900 899
1042 3 2 0 29 876 877 901 900
1043 3 2 0 29 877 878 902 901
1044 3 2 0 29 878 879 903 902
1045 3 2 0 29 879 880 904 903
1046 3 2 0 29 880 881 905 904
1047 3 2 0 29 881 882 906 905
1048 3 2 0 29 882 883 907 906
1049 3 2 0 29 883 884 908 907
1050 3 2 0 29 884 885 909 908
1051 3 2 0 29 885 886 910 909
1052 3 2 0 29 886 887 911 910
1053 3 2 0 29 887 888 912 911
1054 3 2 0 29 888 889 913 912
1055 3 2 0 29 889 890 914 913
1056 3 2 0 29 890 891 915 914
1057 3 2 0 29 891 892 916 915
1058 3 2 0 29 892 893 917 916
1059 3 2 0 29 893 894 918 917
1060 3 2 0 29 894 895 919 918
1061 3 2 0 29 895 896 920 919
1062 3 2 0 29 896 100 99 920
1063 3 2 0 29 14 897 921 15
1064 3 2 0 29 897 898 922 921
1065 3 2 0 29 898 899 923 922
1066 3 2 0 29 899 900 924 923
1067 3 2 0 29 900 901 925 924
1068 3 2 0 29 901 902 926 925
1069 3 2 0 29 902 903 927 926
1070 3 2 0 29 903 904 928 927
1071 3 2 0 29 904 905 929 928
1072 3 2 0 29 905 906 930 929
1073 3 2 0 29 906 907 931 930
1074 3 2 0 29 907 908 932 931
1075 3 2 0 29 908 909 933 932
1076 3 2 0 29 909 910 934 933
1077 3 2 0 29 910 911 935 934
1078 3 2 0 29 911 912 936 935
1079 3 2 0 29 912 913 937 936
1080 3 2 0 29 913 914 938 937
1081 3 2 0 29 914 915 939 938
1082 3 2 0 29 915 916 940 939
1083 3 2 0 29 916 917 941 940
1084 3 2 0 29 917 918 942 941
1085 3 2 0 29 918 919 943 942
1086 3 2 0 29 919 920 944 943
1087 3 2 0 29 920 99 98 944
1088 3 2 0 29 15 921 945 16
1089 3 2 0 29 921 922 946 945
1090 3 2 0 29 922 923 947 946
1091 3 2 0 29 923 924 948 947
1092 3 2 0 29 924 925 949 948
1093 3 2 0 29 925 926 950 949
1094 3 2 0 29 926 927 951 950
1095 3 2 0 29 927 928 952 951
1096 3 2 0 29 928 929 953 952
1097 3 2 0 29 929 930 954 953
1098 3 2 0 29 930 931 955 954
1099 3 2 0 29 931 932 956 955
1100 3 2 0 29 932 933 957 956
1101 3 2 0 29 933 934 958 957
1102 3 2 0 29 934 935 959 958
1103 3 2 0 29 935 936 960 959
1104 3 2 0 29 936 937 961 960
1105 3 2 0 29 937 938 962 961
1106 3 2 0 29 938 939 963 962
1107 3 2 0 29 939 940 964 963
1108 3 2 0 29 940 941 965 964
1109 3 2 0 29 941 942 966 965
1110 3 2 0 29 942 943 967 966
1111 3 2 0 29 943 944 968 967
1112 3 2 0 29 944 98 97 968
1113 3 2 0 29 16 945 969 17
1114 3 2 0 29 945 946 970 969
1115 3 2 0 29 946 947 971 970
1116 3 2 0 29 947 948 972 971
1117 3 2 0 29 948 949 973 972
1118 3 2 0 29 949 950 974 973
1119 3 2 0 29 950 951 975 974
1120 3 2 0 29 951 952 976 975
1121 3 2 0 29 952 953 977 976
1122 3 2 0 29 953 954 978 977
1123 3 2 0 29 954 955 979 978
1124 3 2 0 29 955 956 980 979
1125 3 2 0 29 956 957 981 980
1126 3 2 0 29 957 958 982 981
1127 3 2 0 29 958 959 983 982
1128 3 2 0 29 959 960 984 983
1129 3 2 0 29 960 961 985 984
1130 3 2 0 29 961 962 986 985
1131 3 2 0 29 962 963 987 986
1132 3 2 0 29 963 964 988 987
1133 3 2 0 29 964 965 989 988
1134 3 2 0 29 965 966 990 989
1135 3 2 0 29 966 967 991 990
1136 3 2 0 29 967 968 992 991
1137 3 2 0 29 968 97 96 992
1138 3 2 0 29 17 969 993 18
1139 3 2 0 29 969 970 994 993
1140 3 2 0 29 970 971 995 994
1141 3 2 0 29 971 972 996 995
1142 3 2 0 29 972 973 997 996
1143 3 2 0 29 973 974 998 997
1144 3 2 0 29 974 975 999 998
1145 3 2 0 29 975 976 1000 999
1146 3 2 0 29 976 977 1001 1000
1147 3 2 0 29 977 978 1002 1001
1148 3 2 0 29 978 979 1003 1002
1149 3 2 0 29 979 980 1004 1003
1150 3 2 0 29 980 981 1005 1004
1151 3 2 0 29 981 982 1006 1005
1152 3 2 0 29 982 983 1007 1006
1153 3 2 0 29 983 984 1008 1007
1154 3 2 0 29 984 985 1009 1008
1155 3 2 0 29 985 986 1010 1009
1156 3 2 0 29 986 987 1011 1010
1157 3 2 0 29 987 988 1012 1011
1158 3 2 0 29 988 989 1013 1012
1159 3 2 0 29 989 990 1014 1013
1160 3 2 0 29 990 991 1015 1014
1161 3 2 0 29 991 992 1016 1015
1162 3 2 0 29 992 96 95 1016
1163 3 2 0 29 18 993 1017 19
1164 3 2 0 29 993 994 1018 1017
1165 3 2 0 29 994 995 1019 1018
1166 3 2 0 29 995 996 1020 1019
1167 3 2 0 29 996 997 1021 1020
1168 3 2 0 29 997 998 1022 1021
1169 3 2 0 29 998 999 1023 1022
1170 3 2 0 29 999 1000 1024 1023
1171 3 2 0 29 1000 1001 1025 1024
1172 3 2 0 29 1001 1002 1026 1025
1173 3 2 0 29 1002 1003 1027 1026
1174 3 2 0 29 1003 1004 1028 1027
1175 3 2 0 29 1004 1005 1029 1028
1176 3 2 0 29 1005 1006 1030 1029
1177 3 2 0 29 1006 1007 1031 1030
1178 3 2 0 29 1007 1008 1032 1031
1179 3 2 0 29 1008 1009 1033 1032
1180 3 2 0 29 1009 1010 1034 1033
1181 3 2 0 29 1010 1011 1035 1034
1182 3 2 0 29 1011 1012 1036 1035
1183 3 2 0 29 1012 1013 1037 1036
1184 3 2 0 29 1013 1014 1038 1037
1185 3 2 0 29 1014 1015 1039 1038
1186 3 2 0 29 1015 1016 1040 1039
1187 3 2 0 29 1016 95 94 1040
1188 3 2 0 29 19 1017 1041 20
1189 3 2 0 29 1017 1018 1042 1041
1190 3 2 0 29 1018 1019 1043 1042
1191 3 2 0 29 1019 1020 1044 1043
1192 3 2 0 29 1020 1021 1045 1044
1193 3 2 0 29 1021 1022 1046 1045
1194 3 2 0 29 1022 1023 1047 1046
1195 3 2 0 29 1023 1024 1048 1047
1196 3 2 0 29 1024 1025 1049 1048
1197 3 2 0 29 1025 1026 1050 1049
1198 3 2 0 29 1026 1027 1051 1050
1199 3 2 0 29 1027 1028 1052 1051
1200 3 2 0 29 1028 1029 1053 1052
1201 3 2 0 29 1029 1030 1054 1053
1202 3 2 0 29 1030 1031 1055 1054
1203 3 2 0 29 1031 1032 1056 1055
1204 3 2 0 29 1032 1033 1057 1056
1205 3 2 0 29 1033 1034 1058 1057
1206 3 2 0 29 1034 1035 1059 1058
1207 3 2 0 29 1035 1036 1060 1059
1208 3 2 0 29 1036 1037 1061 1060
1209 3 2 0 29 1037 1038 1062 1061
1210 3 2 0 29 1038 1039 1063 1062
1211 3 2 0 29 1039 1040 1064 1063
1212 3 2 0 29 1040 94 93 1064
1213 3 2 0 29 20 1041 1065 21
1214 3 2 0 29 1041 1042 1066 1065
1215 3 2 0 29 1042 1043 1067 1066
1216 3 2 0 29 1043 1044 1068 1067
1217 3 2 0 29 1044 1045 1069 1068
1218 3 2 0 29 1045 1046 1070 1069
1219 3 2 0 29 1046 1047 1071 1070
1220 3 2 0 29 1047 1048 1072 1071
1221 3 2 0 29 1048 1049 1073 1072
1222 3 2 0 29 1049 1050 1074 1073
1223 3 2 0 29 1050 1051 1075 1074
1224 3 2 0 29 1051 1052 1076 1075
1225 3 2 0 29 1052 1053 1077 1076
1226 3 2 0 29 1053 1054 1078 1077
1227 3 2 0 29 1054 1055 1079 1078
1228 3 2 0 29 1055 1056 1080 1079
1229 3 2 0 29 1056 1057 1081 1080
1230 3 2 0 29 1057 1058 1082 1081
1231 3 2 0 29 1058 1059 1083 1082
1232 3 2 0 29 1059 1060 1084 1083
1233 3 2 0 29 1060 1061 1085 1084
1234 3 2 0 29 1061 1062 1086 1085
1235 3 2 0 29 1062 1063 1087 1086
1236 3 2 0 29 1063 1064 1088 1087
1237 3 2 0 29 1064 93 92 1088
1238 3 2 0 29 21 1065 1089 22
1239 3 2 0 29 1065 1066 1090 1089
1240 3 2 0 29 1066 1067 1091 1090
1241 3 2 0 29 1067 1068 1092 1091
1242 3 2 0 29 1068 1069 1093 1092
1243 3 2 0 29 1069 1070 1094 1093
1244 3 2 0 29 1070 1071 1095 1094
1245 3 2 0 29 1071 1072 1096 1095
1246 3 2 0 29 1072 1073 1097 1096
1247 3 2 0 29 1073 1074 1098 1097
1248 3 2 0 29 1074 1075 1099 1098
1249 3 2 0 29 1075 1076 1100 1099
1250 3 2 0 29 1076 1077 1101 1100
1251 3 2 0 29 1077 1078 1102 1101
1252 3 2 0 29 1078 1079 1103 1102
1253 3 2 0 29 1079 1080 1104 1103
1254 3 2 0 29 1080 1081 1105 1104
1255 3 2 0 29 1081 1082 1106 1105
1256 3 2 0 29 1082 1083 1107 1106
1257 3 2 0 29 1083 1084 1108 1107
1258 3 2 0 29 1084 1085 1109 1108
1259 3 2 0 29 1085 1086 1110 1109
1260 3 2 0 29 1086 1087 1111 1110
1261 3 2 0 29 1087 1088 1112 1111
1262 3 2 0 29 1088 92 91 1112
1263 3 2 0 29 22 1089 1113 23
1264 3 2 0 29 1089 1090 1114 1113
1265 3 2 0 29 1090 1091 1115 1114
1266 3 2 0 29 1091 1092 1116 1115
1267 3 2 0 29 1092 1093 1117 1116
1268 3 2 0 29 1093 1094 1118 1117
1269 3 2 0 29 1094 1095 1119 1118
1270 3 2 0 29 1095 1096 1120 1119
1271 3 2 0 29 1096 1097 1121 1120
1272 3 2 0 29 1097 1098 1122 1121
1273 3 2 0 29 1098 1099 1123 1122
1274 3 2 0 29 1099 1100 1124 1123
1275 3 2 0 29 1100 1101 1125 1124
1276 3 2 0 29 1101 1102 1126 1125
1277 3 2 0 29 1102 1103 1127 1126
1278 3 2 0 29 1103 1104 1128 1127
1279 3 2 0 29 1104 1105 1129 1128
1280 3 2 0 29 1105 1106 1130 1129
1281 3 2 0 29 1106 1107 1131 1130
1282 3 2 0 29 1107 1108 1132 1131
1283 3 2 0 29 1108 1109 1133 1132
1284 3 2 0 29 1109 1110 1134 1133
1285 3 2 0 29 1110 1111 1135 1134
1286 3 2 0 29 1111 1112 1136 1135
1287 3 2 0 29 1112 91 90 1136
1288 3 2 0 29 23 1113 1137 24
1289 3 2 0 29 1113 1114 1138 1137
1290 3 2 0 29 1114 1115 1139 1138
1291 3 2 0 29 1115 1116 1140 1139
1292 3 2 0 29 1116 1117 1141 1140
1293 3 2 0 29 1117 1118 1142 1141
1294 3 2 0 29 1118 1119 1143 1142
1295 3 2 0 29 1119 1120 1144 1143
1296 3 2 0 29 1120 1121 1145 1144
1297 3 2 0 29 1121 1122 1146 1145
1298 3 2 0 29 1122 1123 1147 1146
1299 3 2 0 29 1123 1124 1148 1147
1300 3 2 0 29 1124 1125 1149 1148
1301 3 2 0 29 1125 1126 1150 1149
1302 3 2 0 29 1126 1127 1151 1150
1303 3 2 0 29 1127 1128 1152 1151
1304 3 2 0 29 1128 1129 1153 1152
1305 3 2 0 29 1129 1130 1154 1153
1306 3 2 0 29 1130 1131 1155 1154
1307 3 2 0 29 1131 1132 1156 1155
1308 3 2 0 29 1132 1133 1157 1156
1309 3 2 0 29 1133 1134 1158 1157
1310 3 2 0 29 1134 1135 1159 1158
1311 3 2 0 29 1135 1136 1160 1159
1312 3 2 0 29 1136 90 89 1160
1313 3 2 0 29 24 1137 1161 25
1314 3 2 0 29 1137 1138 1162 1161
1315 3 2 0 29 1138 1139 1163 1162
1316 3 2 0 29 1139 1140 1164 1163
1317 3 2 0 29 1140 1141 1165 1164
1318 3 2 0 29 1141 1142 1166 1165
1319 3 2 0 29 1142 1143 1167 1166
1320 3 2 0 29 1143 1144 1168 1167
1321 3 2 0 29 1144 1145 1169 1168
1322 3 2 0 29 1145 1146 1170 1169
1323 3 2 0 29 1146 1147 1171 1170
1324 3 2 0 29 1147 1148 1172 1171
1325 3 2 0 29 1148 1149 1173 1172
1326 3 2 0 29 1149 1150 1174 1173
1327 3 2 0 29 1150 1151 1175 1174
1328 3 2 0 29 1151 1152 1176 1175
1329 3 2 0 29 1152 1153 1177 1176
1330 3 2 0 29 1153 1154 1178 1177
1331 3 2 0 29 1154 1155 1179 1178
1332 3 2 0 29 1155 1156 1180 1179
1333 3 2 0 29 1156 1157 1181 1180
1334 3 2 0 29 1157 1158 1182 1181
1335 3 2 0 29 1158 1159 1183 1182
1336 3 2 0 29 1159 1160 1184 1183
1337 3 2 0 29 1160 89 88 1184
1338 3 2 0 29 25 1161 1185 26
1339 3 2 0 29 1161 1162 1186 1185
1340 3 2 0 29 1162 1163 1187 1186
1341 3 2 0 29 1163 1164 1188 1187
1342 3 2 0 29 1164 1165 1189 1188
1343 3 2 0 29 1165 1166 1190 1189
1344 3 2 0 29 1166 1167 1191 1190
1345 3 2 0 29 1167 1168 1192 1191
1346 3 2 0 29 1168 1169 1193 1192
1347 3 2 0 29 1169 1170 1194 1193
1348 3 2 0 29 1170 1171 1195 1194
1349 3 2 0 29 1171 1172 1196 1195
1350 3 2 0 29 1172 1173 1197 1196
1351 3 2 0 29 1173 1174 1198 1197
1352 3 2 0 29 1174 1175 1199 1198
1353 3 2 0 29 1175 1176 1200 1199
1354 3 2 0 29 1176 1177 1201 1200
1355 3 2 0 29 1177 1178 1202 1201
1356 3 2 0 29 1178 1179 1203 1202
1357 3 2 0 29 1179 1180 1204 1203
1358 3 2 0 29 1180 1181 1205 1204
1359 3 2 0 29 1181 1182 1206 1205
1360 3 2 0 29 1182 1183 1207 1206
1361 3 2 0 29 1183 1184 1208 1207
1362 3 2 0 29 1184 88 87 1208
1363 3 2 0 29 26 1185 1209 27
1364 3 2 0 29 1185 1186 1210 1209
1365 3 2 0 29 1186 1187 1211 1210
1366 3 2 0 29 1187 1188 1212 1211
1367 3 2 0 29 1188 1189 1213 1212
1368 3 2 0 29 1189 1190 1214 1213
1369 3 2 0 29 1190 1191 1215 1214
1370 3 2 0 29 1191 1192 1216 1215
1371 3 2 0 29 1192 1193 1217 1216
1372 3 2 0 29 1193 1194 1218 1217
1373 3 2 0 29 1194 1195 1219 1218
1374 3 2 0 29 1195 1196 1220 1219
1375 3 2 0 29 1196 1197 1221 1220
1376 3 2 0 29 1197 1198 1222 1221
1377 3 2 0 29 1198 1199 1223 1222
1378 3 2 0 29 1199 1200 1224 1223
1379 3 2 0 29 1200 1201 1225 1224
1380 3 2 0 29 1201 1202 1226 1225
1381 3 2 0 29 1202 1203 1227 1226
1382 3 2 0 29 1203 1204 1228 1227
1383 3 2 0 29 1204 1205 1229 1228
1384 3 2 0 29 1205 1206 1230 1229
1385 3 2 0 29 1206 1207 1231 1230
1386 3 2 0 29 1207 1208 1232 1231
1387 3 2 0 29 1208 87 86 1232
1388 3 2 0 29 27 1209 1233 28
1389 3 2 0 29 1209 1210 1234 1233
1390 3 2 0 29 1210 1211 1235 1234
1391 3 2 0 29 1211 1212 1236 1235
1392 3 2 0 29 1212 1213 1237 1236
1393 3 2 0 29 1213 1214 1238 1237
1394 3 2 0 29 1214 1215 1239 1238
1395 3 2 0 29 1215 1216 1240 1239
1396 3 2 0 29 1216 1217 1241 1240
1397 3 2 0 29 1217 1218 1242 1241
1398 3 2 0 29 1218 1219 1243 1242
1399 3 2 0 29 1219 1220 1244 1243
1400 3 2 0 29 1220 1221 1245 1244
1401 3 2 0 29 1221 1222 1246 1245
1402 3 2 0 29 1222 1223 1247 1246
1403 3 2 0 29 1223 1224 1248 1247
1404 3 2 0 29 1224 1225 1249 1248
1405 3 2 0 29 1225 1226 1250 1249
1406 3 2 0 29 1226 1227 1251 1250
1407 3 2 0 29 1227 1228 1252 1251
1408 3 2 0 29 1228 1229 1253 1252
1409 3 2 0 29 1229 1230 1254 1253
1410 3 2 0 29 1230 1231 1255 1254
1411 3 2 0 29 1231 1232 1256 1255
1412 3 2 0 29 1232 86 85 1256
1413 3 2 0 29 28 1233 1257 29
1414 3 2 0 29 1233 1234 1258 1257
1415 3 2 0 29 1234 1235 1259 1258
1416 3 2 0 29 1235 1236 1260 1259
1417 3 2 0 29 1236 1237 1261 1260
1418 3 2 0 29 1237 1238 1262 1261
1419 3 2 0 29 1238 1239 1263 1262
1420 3 2 0 29 1239 1240 1264 1263
1421 3 2 0 29 1240 1241 1265 1264
1422 3 2 0 29 1241 1242 1266 1265
1423 3 2 0 29 1242 1243 1267 1266
1424 3 2 0 29 1243 1244 1268 1267
1425 3 2 0 29 1244 1245 1269 1268
1426 3 2 0 29 1245 1246 1270 1269
1427 3 2 0 29 1246 1247 1271 1270
1428 3 2 0 29 1247 1248 1272 1271
1429 3 2 0 29 1248 1249 1273 1272
1430 3 2 0 29 1249 1250 1274 1273
1431 3 2 0 29 1250 1251 1275 1274
1432 3 2 0 29 1251 1252 1276 1275
1433 3 2 0 29 1252 1253 1277 1276
1434 3 2 0 29 1253 1254 1278 1277
1435 3 2 0 29 1254 1255 1279 1278
1436 3 2 0 29 1255 1256 1280 1279
1437 3 2 0 29 1256 85 84 1280
1438 3 2 0 29 29 1257 1281 30
1439 3 2 0 29 1257 1258 1282 1281
1440 3 2 0 29 1258 1259 1283 1282
1441 3 2 0 29 1259 1260 1284 1283
1442 3 2 0 29 1260 1261 1285 1284
1443 3 2 0 29 1261 1262 1286 1285
1444 3 2 0 29 1262 1263 1287 1286
1445 3 2 0 29 1263 1264 1288 1287
1446 3 2 0 29 1264 1265 1289 1288
1447 3 2 0 29 1265 1266 1290 1289
1448 3 2 0 29 1266 1267 1291 1290
1449 3 2 0 29 1267 1268 1292 1291
1450 3 2 0 29 1268 1269 1293 1292
1451 3 2 0 29 1269 1270 1294 1293
1452 3 2 0 29 1270 1271 1295 1294
1453 3 2 0 29 1271 1272 1296 1295
1454 3 2 0 29 1272 1273 1297 1296
1455 3 2 0 29 1273 1274 1298 1297
1456 3 2 0 29 1274 1275 1299 1298
1457 3 2 0 29 1275 1276 1300 1299
1458 3 2 0 29 1276 1277 1301 1300
1459 3 2 0 29 1277 1278 1302 1301
1460 3 2 0 29 1278 1279 1303 1302
1461 3 2 0 29 1279 1280 1304 1303
1462 3 2 0 29 1280 84 83 1304
1463 3 2 0 29 30 1281 1305 31
1464 3 2 0 29 1281 1282 1306 1305
1465 3 2 0 29 1282 1283 1307 1306
1466 3 2 0 29 1283 1284 1308 1307
1467 3 2 0 29 1284 1285 1309 1308
1468 3 2 0 29 1285 1286 1310 1309
1469 3 2 0 29 1286 1287 1311 1310
1470 3 2 0 29 1287 1288 1312 1311
1471 3 2 0 29 1288 1289 1313 1312
1472 3 2 0 29 1289 1290 1314 1313
1473 3 2 0 29 1290 1291 1315 1314
1474 3 2 0 29 1291 1292 1316 1315
1475 3 2 0 29 1292 1293 1317 1316
1476 3 2 0 29 1293 1294 1318 1317
1477 3 2 0 29 1294 1295 1319 1318
1478 3 2 0 29 1295 1296 1320 1319
1479 3 2 0 29 1296 1297 1321 1320
1480 3 2 0 29 1297 1298 1322 1321
1481 3 2 0 29 1298 1299 1323 1322
1482 3 2 0 29 1299 1300 1324 1323
1483 3 2 0 29 1300 1301 1325 1324
1484 3 2 0 29 1301 1302 1326 1325
1485 3 2 0 29 1302 1303 1327 1326
1486 3 2 0 29 1303 1304 1328 1327
1487 3 2 0 29 1304 83 82 1328
1488 3 2 0 29 31 1305 1329 32
1489 3 2 0 29 1305 1306 1330 1329
1490 3 2 0 29 1306 1307 1331 1330
1491 3 2 0 29 1307 1308 1332 1331
1492 3 2 0 29 1308 1309 1333 1332
1493 3 2 0 29 1309 1310 1334 1333
1494 3 2 0 29 1310 1311 1335 1334
1495 3 2 0 29 1311 1312 1336 1335
1496 3 2 0 29 1312 1313 1337 1336
1497 3 2 0 29 1313 1314 1338 1337
1498 3 2 0 29 1314 1315 1339 1338
1499 3 2 0 29 1315 1316 1340 1339
1500 3 2 0 29 1316 1317 1341 1340
1501 3 2 0 29 1317 1318 1342 1341
1502 3 2 0 29 1318 1319 1343 1342
1503 3 2 0 29 1319 1320 1344 1343
1504 3 2 0 29 1320 1321 1345 1344
1505 3 2 0 29 1321 1322 1346 1345
1506 3 2 0 29 1322 1323 1347 1346
1507 3 2 0 29 1323 1324 1348 1347
1508 3 2 0 29 1324 1325 1349 1348
1509 3 2 0 29 1325 1326 1350 1349
1510 3 2 0 29 1326 1327 1351 1350
1511 3 2 0 29 1327 1328 1352 1351
1512 3 2 0 29 1328 82 81 1352
1513 3 2 0 29 32 1329 177 3
1514 3 2 0 29 1329 1330 178 177
1515 3 2 0 29 1330 1331 179 178
1516 3 2 0 29 1331 1332 180 179
1517 3 2 0 29 1332 1333 181 180
1518 3 2 0 29 1333 1334 182 181
1519 3 2 0 29 1334 1335 183 182
1520 3 2 0 29 1335 1336 184 183
1521 3 2 0 29 1336 1337 185 184
1522 3 2 0 29 1337 1338 186 185
1523 3 2 0 29 1338 1339 187 186
1524 3 2 0 29 1339 1340 188 187
1525 3 2 0 29 1340 1341 189 188
1526 3 2 0 29 1341 1342 190 189
1527 3 2 0 29 1342 1343 191 190
1528 3 2 0 29 1343 1344 192 191
1529 3 2 0 29 1344 1345 193 192
1530 3 2 0 29 1345 1346 194 193
1531 3 2 0 29 1346 1347 195 194
1532 3 2 0 29 1347 1348 196 195
1533 3 2 0 29 1348 1349 197 196
1534 3 2 0 29 1349 1350 198 197
1535 3 2 0 29 1350 1351 199 198
1536 3 2 0 29 1351 1352 200 199
1537 3 2 0 29 1352 81 8 200
1538 3 2 0 30 5 6 57 104
1539 3 2 0 30 104 57 58 103
1540 3 2 0 30 103 58 59 102
1541 3 2 0 30 102 59 60 101
1542 3 2 0 30 101 60 61 100
1543 3 2 0 30 100 61 62 99
1544 3 2 0 30 99 62 63 98
1545 3 2 0 30 98 63 64 97
1546 3 2 0 30 97 64 65 96
1547 3 2 0 30 96 65 66 95
1548 3 2 0 30 95 66 67 94
1549 3 2 0 30 94 67 68 93
1550 3 2 0 30 93 68 69 92
1551 3 2 0 30 92 69 70 91
1552 3 2 0 30 91 70 71 90
1553 3 2 0 30 90 71 72 89
1554 3 2 0 30 89 72 73 88
1555 3 2 0 30 88 73 74 87
1556 3 2 0 30 87 74 75 86
1557 3 2 0 30 86 75 76 85
1558 3 2 0 30 85 76 77 84
1559 3 2 0 30 84 77 78 83
1560 3 2 0 30 83 78 79 82
1561 3 2 0 30 82 79 80 81
1562 3 2 0 30 81 80 7 8
1563 5 2 0 1 2 1 33 9 105 129 201 777
1564 5 2 0 1 105 129 201 777 106 130 202 778
1565 5 2 0 1 106 130 202 778 107 131 203 779
1566 5 2 0 1 107 131 203 779 108 132 204 780
1567 5 2 0 1 108 132 204 780 109 133 205 781
1568 5 2 0 1 109 133 205 781 110 134 206 782
1569 5 2 0 1 110 134 206 782 111 135 207 783
1570 5 2 0 1 111 135 207 783 112 136 208 784
1571 5 2 0 1 112 136 208 784 113 137 209 785
1572 5 2 0 1 113 137 209 785 114 138 210 786
1573 5 2 0 1 114 138 210 786 115 139 211 787
1574 5 2 0 1 115 139 211 787 116 140 212 788
1575 5 2 0 1 116 140 212 788 117 141 213 789
1576 5 2 0 1 117 141 213 789 118 142 214 790
1577 5 2 0 1 118 142 214 790 119 143 215 791
1578 5 2 0 1 119 143 215 791 120 144 216 792
1579 5 2 0 1 120 144 216 792 121 145 217 793
1580 5 2 0 1 121 145 217 793 122 146 218 794
1581 5 2 0 1 122 146 218 794 123 147 219 795
1582 5 2 0 1 123 147 219 795 124 148 220 796
1583 5 2 0 1 124 148 220 796 125 149 221 797
1584 5 2 0 1 125 149 221 797 126 150 222 798
1585 5 2 0 1 126 150 222 798 127 151 223 799
1586 5 2 0 1 127 151 223 799 128 152 224 800
1587 5 2 0 1 128 152 224 800 5 6 57 104
1588 5 2 0 1 9 33 34 10 777 201 225 801
1589 5 2 0 1 777 201 225 801 778 202 226 802
1590 5 2 0 1 778 202 226 802 779 203 227 803
1591 5 2 0 1 779 203 227 803 780 204 228 804
1592 5 2 0 1 780 204 228 804 781 205 229 805
1593 5 2 0 1 781 205 229 805 782 206 230 806
1594 5 2 0 1 782 206 230 806 783 207 231 807
1595 5 2 0 1 783 207 231 807 784 208 232 808
1596 5 2 0 1 784 208 232 808 785 209 233 809
1597 5 2 0 1 785 209 233 809 786 210 234 810
1598 5 2 0 1 786 210 234 810 787 211 235 811
1599 5 2 0 1 787 211 235 811 788 212 236 812
1600 5 2 0 1 788 212 236 812 789 213 237 813
1601 5 2 0 1 789 213 237 813 790 214 238 814
1602 5 2 0 1 790 214 238 814 791 215 239 815
1603 5 2 0 1 791 215 239 815 792 216 240 816
1604 5 2 0 1 792 216 240 816 793 217 241 817
1605 5 2 0 1 793 217 241 817 794 218 242 818
1606 5 2 0 1 794 218 242 818 795 219 243 819
1607 5 2 0 1 795 219 243 819 796 220 244 820
1608 5 2 0 1 796 220 244 820 797 221 245 821
1609 5 2 0 1 797 221 245 821 798 222 246 822
1610 5 2 0 1 798 222 246 822 799 223 247 823
1611 5 2 0 1 799 223 247 823 800 224 248 824
1612 5 2 0 1 800 224 248 824 104 57 58 103
1613 5 2 0 1 10 34 35 11 801 225 249 825
1614 5 2 0 1 801 225 249 825 802 226 250 826
1615 5 2 0 1 802 226 250 826 803 227 251 827
1616 5 2 0 1 803 227 251 827 804 228 252 828
1617 5 2 0 1 804 228 252 828 805 229 253 829
1618 5 2 0 1 805 229 253 829 806 230 254 830
1619 5 2 0 1 806 230 254 830 807 231 255 831
1620 5 2 0 1 807 231 255 831 808 232 256 832
1621 5 2 0 1 808 232 256 832 809 233 257 833
1622 5 2 0 1 809 233 257 833 810 234 258 834
1623 5 2 0 1 810 234 258 834 811 235 259 835
1624 5 2 0 1 811 235 259 835 812 236 260 836
1625 5 2 0 1 812 236 260 836 813 237 261 837
1626 5 2 0 1 813 237 261 837 814 238 262 838
1627 5 2 0 1 814 238 262 838 815 239 263 839
1628 5 2 0 1 815 239 263 839 816 240 264 840
1629 5 2 0 1 816 240 264 840 817 241 265 841
1630 5 2 0 1 817 241 265 841 818 242 266 842
1631 5 2 0 1 818 242 266 842 819 243 267 843
1632 5 2 0 1 819 243 267 843 820 244 268 844
1633 5 2 0 1 820 244 268 844 821 245 269 845
1634 5 2 0 1 821 245 269 845 822 246 270 846
1635 5 2 0 1 822 246 270 846 823 247 271 847
1636 5 2 0 1 823 247 271 847 824 248 272 848
1637 5 2 0 1 824 248 272 848 103 58 59 102
1638 5 2 0 1 11 35 36 12 825 249 273 849
1639 5 2 0 1 825 249 273 849 826 250 274 850
1640 5 2 0 1 826 250 274 850 827 251 275 851
1641 5 2 0 1 827 251 275 851 828 252 276 852
1642 5 2 0 1 828 252 276 852 829 253 277 853
1643 5 2 0 1 829 253 277 853 830 254 278 854
1644 5 2 0 1 830 254 278 854 831 255 279 855
1645 5 2 0 1 831 255 279 855 832 256 280 856
1646 5 2 0 1 832 256 280 856 833 257 281 857
1647 5 2 0 1 833 257 281 857 834 258 282 858
1648 5 2 0 1 834 258 282 858 835 259 283 859
1649 5 2 0 1 835 259 283 859 836 260 284 860
1650 5 2 0 1 836 260 284 860 837 261 285 861
1651 5 2 0 1 837 261 285 861 838 262 286 862
1652 5 2 0 1 838 262 286 862 839 263 287 863
1653 5 2 0 1 839 263 287 863 840 264 288 864
1654 5 2 0 1 840 264 288 864 841 265 289 865
1655 5 2 0 1 841 265 289 865 842 266 290 866
1656 5 2 0 1 842 266 290 866 843 267 291 867
1657 5 2 0 1 843 267 291 867 844 268 292 868
1658 5 2 0 1 844 268 292 868 845 269 293 869
1659 5 2 0 1 845 269 293 869 846 270 294 870
1660 5 2 0 1 846 270 294 870 847 271 295 871
1661 5 2 0 1 847 271 295 871 848 272 296 872
1662 5 2 0 1 848 272 296 872 102 59 60 101
1663 5 2 0 1 12 36 37 13 849 273 297 873
1664 5 2 0 1 849 273 297 873 850 274 298 874
1665 5 2 0 1 850 274 298 874 851 275 299 875
1666 5 2 0 1 851 275 299 875 852 276 300 876
1667 5 2 0 1 852 276 300 876 853 277 301 877
1668 5 2 0 1 853 277 301 877 854 278 302 878
1669 5 2 0 1 854 278 302 878 855 279 303 879
1670 5 2 0 1 855 279 303 879 856 280 304 880
1671 5 2 0 1 856 280 304 880 857 281 305 881
1672 5 2 0 1 857 281 305 881 858 282 306 882
1673 5 2 0 1 858 282 306 882 859 283 307 883
1674 5 2 0 1 859 283 307 883 860 284 308 884
1675 5 2 0 1 860 284 308 884 861 285 309 885
1676 5 2 0 1 861 285 309 885 862 286 310 886
1677 5 2 0 1 862 286 310 886 863 287 311 887
1678 5 2 0 1 863 287 311 887 864 288 312 888
1679 5 2 0 1 864 288 312 888 865 289 313 889
1680 5 2 0 1 865 289 313 889 866 290 314 890
1681 5 2 0 1 866 290 314 890 867 291 315 891
1682 5 2 0 1 867 291 315 891 868 292 316 892
1683 5 2 0 1 868 292 316 892 869 293 317 893
1684 5 2 0 1 869 293 317 893 870 294 318 894
1685 5 2 0 1 870 294 318 894 871 295 319 895
1686 5 2 0 1 871 295 319 895 872 296 320 896
1687 5 2 0 1 872 296 320 896 101 60 61 100
1688 5 2 0 1 13 37 38 14 873 297 321 897
1689 5 2 0 1 873 297 321 897 874 298 322 898
1690 5 2 0 1 874 298 322 898 875 299 323 899
1691 5 2 0 1 875 299 323 899 876 300 324 900
1692 5 2 0 1 876 300 324 900 877 301 325 901
1693 5 2 0 1 877 301 325 901 878 302 326 902
1694 5 2 0 1 878 302 326 902 879 303 327 903
1695 5 2 0 1 879 303 327 903 880 304 328 904
1696 5 2 0 1 880 304 328 904 881 305 329 905
1697 5 2 0 1 881 305 329 905 882 306 330 906
1698 5 2 0 1 882 306 330 906 883 307 331 907
1699 5 2 0 1 883 307 331 907 884 308 332 908
1700 5 2 0 1 884 308 332 908 885 309 333 909
1701 5 2 0 1 885 309 333 909 886 310 334 910
1702 5 2 0 1 886 310 334 910 887 311 335 911
1703 5 2 0 1 887 311 335 911 888 312 336 912
1704 5 2 0 1 888 312 336 912 889 313 337 913
1705 5 2 0 1 889 313 337 913 890 314 338 914
1706 5 2 0 1 890 314 338 914 891 315 339 915
1707 5 2 0 1 891 315 339 915 892 316 340 916
1708 5 2 0 1 892 316 340 916 893 317 341 917
1709 5 2 0 1 893 317 341 917 894 318 342 918
1710 5 2 0 1 894 318 342 918 895 319 343 919
1711 5 2 0 1 895 319 343 919 896 320 344 920
1712 5 2 0 1 896 320 344 920 100 61 62 99
1713 5 2 0 1 14 38 39 15 897 321 345 921
1714 5 2 0 1 897 321 345 921 898 322 346 922
1715 5 2 0 1 898 322 346 922 899 323 347 923
1716 5 2 0 1 899 323 347 923 900 324 348 924
1717 5 2 0 1 900 324 348 924 901 325 349 925
1718 5 2 0 1 901 325 349 925 902 326 350 926
1719 5 2 0 1 902 326 350 926 903 327 351 927
1720 5 2 0 1 903 327 351 927 904 328 352 928
1721 5 2 0 1 904 328 352 928 905 329 353 929
1722 5 2 0 1 905 329 353 929 906 330 354 930
1723 5 2 0 1 906 330 354 930 907 331 355 931
1724 5 2 0 1 907 331 355 931 908 332 356 932
1725 5 2 0 1 908 332 356 932 909 333 357 933
1726 5 2 0 1 909 333 357 933 910 334 358 934
1727 5 2 0 1 910 334 358 934 911 335 359 935
1728 5 2 0 1 911 335 359 935 912 336 360 936
1729 5 2 0 1 912 336 360 936 913 337 361 937
1730 5 2 0 1 913 337 361 937 914 338 362 938
1731 5 2 0 1 914 338 362 938 915 339 363 939
1732 5 2 0 1 915 339 363 939 916 340 364 940
1733 5 2 0 1 916 340 364 940 917 341 365 941
1734 5 2 0 1 917 341 365 941 918 342 366 942
1735 5 2 0 1 918 342 366 942 919 343 367 943
1736 5 2 0 1 919 343 367 943 920 344 368 944
1737 5 2 0 1 920 344 368 944 99 62 63 98
1738 5 2 0 1 15 39 40 16 921 345 369 945
1739 5 2 0 1 921 345 369 945 922 346 370 946
1740 5 2 0 1 922 346 370 946 923 347 371 947
1741 5 2 0 1 923 347 371 947 924 348 372 948
1742 5 2 0 1 924 348 372 948 925 349 373 949
1743 5 2 0 1 925 349 373 949 926 350 374 950
1744 5 2 0 1 926 350 374 950 927 351 375 951
1745 5 2 0 1 927 351 375 951 928 352 376 952
1746 5 2 0 1 928 352 376 952 929 353 377 953
1747 5 2 0 1 929 353 377 953 930 354 378 954
1748 5 2 0 1 930 354 378 954 931 355 379 955
1749 5 2 0 1 931 355 379 955 932 356 380 956
1750 5 2 0 1 932 356 380 956 933 357 381 957
1751 5 2 0 1 933 357 381 957 934 358 382 958
1752 5 2 0 1 934 358 382 958 935 359 383 959
1753 5 2 0 1 935 359 383 959 936 360 384 960
1754 5 2 0 1 936 360 384 960 937 361 385 961
1755 5 2 0 1 937 361 385 961 938 362 386 962
1756 5 2 0 1 938 362 386 962 939 363 387 963
1757 5 2 0 1 939 363 387 963 940 364 388 964
1758 5 2 0 1 940 364 388 964 941 365 389 965
1759 5 2 0 1 941 365 389 965 942 366 390 966
1760 5 2 0 1 942 366 390 966 943 367 391 967
1761 5 2 0 1 943 367 391 967 944 368 392 968
1762 5 2 0 1 944 368 392 968 98 63 64 97
1763 5 2 0 1 16 40 41 17 945 369 393 969
1764 5 2 0 1 945 369 393 969 946 370 394 970
1765 5 2 0 1 946 370 394 970 947 371 395 971
1766 5 2 0 1 947 371 395 971 948 372 396 972
1767 5 2 0 1 948 372 396 972 949 373 397 973
1768 5 2 0 1 949 373 397 973 950 374 398 974
1769 5 2 0 1 950 374 398 974 951 375 399 975
1770 5 2 0 1 951 375 399 975 952 376 400 976
1771 5 2 0 1 952 376 400 976 953 377 401 977
1772 5 2 0 1 953 377 401 977 954 378 402 978
1773 5 2 0 1 954 378 402 978 955 379 403 979
1774 5 2 0 1 955 379 403 979 956 380 404 980
1775 5 2 0 1 956 380 404 980 957 381 405 981
1776 5 2 0 1 957 381 405 981 958 382 406 982
1777 5 2 0 1 958 382 406 982 959 383 407 983
1778 5 2 0 1 959 383 407 983 960 384 408 984
1779 5 2 0 1 960 384 408 984 961 385 409 985
1780 5 2 0 1 961 385 409 985 962 386 410 986
1781 5 2 0 1 962 386 410 986 963 387 411 987
1782 5 2 0 1 963 387 411 987 964 388 412 988
1783 5 2 0 1 964 388 412 988 965 389 413 989
1784 5 2 0 1 965 389 413 989 966 390 414 990
1785 5 2 0 1 966 390 414 990 967 391 415 991
1786 5 2 0 1 967 391 415 991 968 392 416 992
1787 5 2 0 1 968 392 416 992 97 64 65 96
1788 5 2 0 1 17 41 42 18 969 393 417 993
1789 5 2 0 1 969 393 417 993 970 394 418 994
1790 5 2 0 1 970 394 418 994 971 395 419 995
1791 5 2 0 1 971 395 419 995 972 396 420 996
1792 5 2 0 1 972 396 420 996 973 397 421 997
1793 5 2 0 1 973 397 421 997 974 398 422 998
1794 5 2 0 1 974 398 422 998 975 399 423 999
1795 5 2 0 1 975 399 423 999 976 400 424 1000
1796 5 2 0 1 976 400 424 1000 977 401 425 1001
1797 5 2 0 1 977 401 425 1001 978 402 426 1002
1798 5 2 0 1 978 402 426 1002 979 403 427 1003
1799 5 2 0 1 979 403 427 1003 980 404 428 1004
1800 5 2 0 1 980 404 428 1004 981 405 429 1005
1801 5 2 0 1 981 405 429 1005 982 406 430 1006
1802 5 2 0 1 982 406 430 1006 983 407 431 1007
1803 5 2 0 1 983 407 431 1007 984 408 432 1008
1804 5 2 0 1 984 408 432 1008 985 409 433 1009
1805 5 2 0 1 985 409 433 1009 986 410 434 1010
1806 5 2 0 1 986 410 434 1010 987 411 435 1011
1807 5 2 0 1 987 411 435 1011 988 412 436 1012
1808 5 2 0 1 988 412 436 1012 989 413 437 1013
1809 5 2 0 1 989 413 437 1013 990 414 438 1014
1810 5 2 0 1 990 414 438 1014 991 415 439 1015
1811 5 2 0 1 991 415 439 1015 992 416 440 1016
1812 5 2 0 1 992 416 440 1016 96 65 66 95
1813 5 2 0 1 18 42 43 19 993 417 441 1017
1814 5 2 0 1 993 417 441 1017 994 418 442 1018
1815 5 2 0 1 994 418 442 1018 995 419 443 1019
1816 5 2 0 1 995 419 443 1019 996 420 444 1020
1817 5 2 0 1 996 420 444 1020 997 421 445 1021
1818 5 2 0 1 997 421 445 1021 998 422 446 1022
1819 5 2 0 1 998 422 446 1022 999 423 447 1023
1820 5 2 0 1 999 423 447 1023 1000 424 448 1024
1821 5 2 0 1 1000 424 448 1024 1001 425 449 1025
1822 5 2 0 1 1001 425 449 1025 1002 426 450 1026
1823 5 2 0 1 1002 426 450 1026 1003 427 451 1027
1824 5 2 0 1 1003 427 451 1027 1004 428 452 1028
1825 5 2 0 1 1004 428 452 1028 1005 429 453 1029
1826 5 2 0 1 1005 429 453 1029 1006 430 454 1030
1827 5 2 0 1 1006 430 454 1030 1007 431 455 1031
1828 5 2 0 1 1007 431 455 1031 1008 432 456 1032
1829 5 2 0 1 1008 432 456 1032 1009 433 457 1033
1830 5 2 0 1 1009 433 457 1033 1010 434 458 1034
1831 5 2 0 1 1010 434 458 1034 1011 435 459 1035
1832 5 2 0 1 1011 435 459 1035 1012 436 460 1036
1833 5 2 0 1 1012 436 460 1036 1013 437 461 1037
1834 5 2 0 1 1013 437 461 1037 1014 438 462 1038
1835 5 2 0 1 1014 438 462 1038 1015 439 463 1039
1836 5 2 0 1 1015 439 463 1039 1016 440 464 1040
1837 5 2 0 1 1016 440 464 1040 95 66 67 94
1838 5 2 0 1 19 43 44 20 1017 441 465 1041
1839 5 2 0 1 1017 441 465 1041 1018 442 466 1042
1840 5 2 0 1 1018 442 466 1042 1019 443 467 1043
1841 5 2 0 1 1019 443 467 1043 1020 444 468 1044
1842 5 2 0 1 1020 444 468 1044 1021 445 469 1045
1843 5 2 0 1 1021 445 469 1045 1022 446 470 1046
1844 5 2 0 1 1022 446 470 1046 1023 447 471 1047
1845 5 2 0 1 1023 447 471 1047 1024 448 472 1048
1846 5 2 0 1 1024 448 472 1048 1025 449 473 1049
1847 5 2 0 1 1025 449 473 1049 1026 450 474 1050
1848 5 2 0 1 1026 450 474 1050 1027 451 475 1051
1849 5 2 0 1 1027 451 475 1051 1028 452 476 1052
1850 5 2 0 1 1028 452 476 1052 1029 453 477 1053
1851 5 2 0 1 1029 453 477 1053 1030 454 478 1054
1852 5 2 0 1 1030 454 478 1054 1031 455 479 1055
1853 5 2 0 1 1031 455 479 1055 1032 456 480 1056
1854 5 2 0 1 1032 456 480 1056 1033 457 481 1057
1855 5 2 0 1 1033 457 481 1057 1034 458 482 1058
1856 5 2 0 1 1034 458 482 1058 1035 459 483 1059
1857 5 2 0 1 1035 459 483 1059 1036 460 484 1060
1858 5 2 0 1 1036 460 484 1060 1037 461 485 1061
1859 5 2 0 1 1037 461 485 1061 1038 462 486 1062
1860 5 2 0 1 1038 462 486 1062 1039 463 487 1063
1861 5 2 0 1 1039 463 487 1063 1040 464 488 1064
1862 5 2 0 1 1040 464 488 1064 94 67 68 93
1863 5 2 0 1 20 44 45 21 1041 465 489 1065
1864 5 2 0 1 1041 465 489 1065 1042 466 490 1066
1865 5 2 0 1 1042 466 490 1066 1043 467 491 1067
1866 5 2 0 1 1043 467 491 1067 1044 468 492 1068
1867 5 2 0 1 1044 468 492 1068 1045 469 493 1069
1868 5 2 0 1 1045 469 493 1069 1046 470 494 1070
1869 5 2 0 1 1046 470 494 1070 1047 471 495 1071
1870 5 2 0 1 1047 471 495 1071 1048 472 496 1072
1871 5 2 0 1 1048 472 496 1072 1049 473 497 1073
1872 5 2 0 1 1049 473 497 1073 1050 474 498 1074
1873 5 2 0 1 1050 474 498 1074 1051 475 499 1075
1874 5 2 0 1 1051 475 499 1075 1052 476 500 1076
1875 5 2 0 1 1052 476 500 1076 1053 477 501 1077
1876 5 2 0 1 1053 477 501 1077 1054 478 502 1078
1877 5 2 0 1 1054 478 502 1078 1055 479 503 1079
1878 5 2 0 1 1055 479 503 1079 1056 480 504 1080
1879 5 2 0 1 1056 480 504 1080 1057 481 505 1081
1880 5 2 0 1 1057 481 505 1081 1058 482 506 1082
1881 5 2 0 1 1058 482 506 1082 1059 483 507 1083
1882 5 2 0 1 1059 483 507 1083 1060 484 508 1084
1883 5 2 0 1 1060 484 508 1084 1061 485 509 1085
1884 5 2 0 1 1061 485 509 1085 1062 486 510 1086
1885 5 2 0 1 1062 486 510 1086 1063 487 511 1087
1886 5 2 0 1 1063 487 511 1087 1064 488 512 1088
1887 5 2 0 1 1064 488 512 1088 93 68 69 92
1888 5 2 0 1 21 45 46 22 1065 489 513 1089
1889 5 2 0 1 1065 489 513 1089 1066 490 514 1090
1890 5 2 0 1 1066 490 514 1090 1067 491 515 1091
1891 5 2 0 1 1067 491 515 1091 1068 492 516 1092
1892 5 2 0 1 1068 492 516 1092 1069 493 517 1093
1893 5 2 0 1 1069 493 517 1093 1070 494 518 1094
1894 5 2 0 1 1070 494 518 1094 1071 495 519 1095
1895 5 2 0 1 1071 495 519 1095 1072 496 520 1096
1896 5 2 0 1 1072 496 520 1096 1073 497 521 1097
1897 5 2 0 1 1073 497 521 1097 1074 498 522 1098
1898 5 2 0 1 1074 498 522 1098 1075 499 523 1099
1899 5 2 0 1 1075 499 523 1099 1076 500 524 1100
1900 5 2 0 1 1076 500 524 1100 1077 501 525 1101
1901 5 2 0 1 1077 501 525 1101 1078 502 526 1102
1902 5 2 0 1 1078 502 526 1102 1079 503 527 1103
1903 5 2 0 1 1079 503 527 1103 1080 504 528 1104
1904 5 2 0 1 1080 504 528 1104 1081 505 529 1105
1905 5 2 0 1 1081 505 529 1105 1082 506 530 1106
1906 5 2 0 1 1082 506 530 1106 1083 507 531 1107
1907 5 2 0 1 1083 507 531 1107 1084 508 532 1108
1908 5 2 0 1 1084 508 532 1108 1085 509 533 1109
1909 5 2 0 1 1085 509 533 1109 1086 510 534 1110
1910 5 2 0 1 1086 510 534 1110 1087 511 535 1111
1911 5 2 0 1 1087 511 535 1111 1088 512 536 1112
1912 5 2 0 1 1088 512 536 1112 92 69 70 91
1913 5 2 0 1 22 46 47 23 1089 513 537 1113
1914 5 2 0 1 1089 513 537 1113 1090 514 538 1114
1915 5 2 0 1 1090 514 538 1114 1091 515 539 1115
1916 5 2 0 1 1091 515 539 1115 1092 516 540 1116
1917 5 2 0 1 1092 516 540 1116 1093 517 541 1117
1918 5 2 0 1 1093 517 541 1117 1094 518 542 1118
1919 5 2 0 1 1094 518 542 1118 1095 519 543 1119
1920 5 2 0 1 1095 519 543 1119 1096 520 544 1120
1921 5 2 0 1 1096 520 544 1120 1097 521 545 1121
1922 5 2 0 1 1097 521 545 1121 1098 522 546 1122
1923 5 2 0 1 1098 522 546 1122 1099 523 547 1123
1924 5 2 0 1 1099 523 547 1123 1100 524 548 1124
1925 5 2 0 1 1100 524 548 1124 1101 525 549 1125
1926 5 2 0 1 1101 525 549 1125 1102 526 550 1126
1927 5 2 0 1 1102 526 550 1126 1103 527 551 1127
1928 5 2 0 1 1103 527 551 1127 1104 528 552 1128
1929 5 2 0 1 1104 528 552 1128 1105 529 553 1129
1930 5 2 0 1 1105 529 553 1129 1106 530 554 1130
1931 5 2 0 1 1106 530 554 1130 1107 531 555 1131
1932 5 2 0 1 1107 531 555 1131 1108 532 556 1132
1933 5 2 0 1 1108 532 556 1132 1109 533 557 1133
1934 5 2 0 1 1109 533 557 1133 1110 534 558 1134
1935 5 2 0 1 1110 534 558 1134 1111 535 559 1135
1936 5 2 0 1 1111 535 559 1135 1112 536 560 1136
1937 5 2 0 1 1112 536 560 1136 91 70 71 90
1938 5 2 0 1 23 47 48 24 1113 537 561 1137
1939 5 2 0 1 1113 537 561 1137 1114 538 562 1138
1940 5 2 0 1 1114 538 562 1138 1115 539 563 1139
1941 5 2 0 1 1115 539 563 1139 1116 540 564 1140
1942 5 2 0 1 1116 540 564 1140 1117 541 565 1141
1943 5 2 0 1 1117 541 565 1141 1118 542 566 1142
1944 5 2 0 1 1118 542 566 1142 1119 543 567 1143
1945 5 2 0 1 1119 543 567 1143 1120 544 568 1144
1946 5 2 0 1 1120 544 568 1144 1121 545 569 1145
1947 5 2 0 1 1121 545 569 1145 1122 546 570 1146
1948 5 2 0 1 1122 546 570 1146 1123 547 571 1147
1949 5 2 0 1 1123 547 571 1147 1124 548 572 1148
1950 5 2 0 1 1124 548 572 1148 1125 549 573 1149
1951 5 2 0 1 1125 549 573 1149 1126 550 574 1150
1952 5 2 0 1 1126 550 574 1150 1127 551 575 1151
1953 5 2 0 1 1127 551 575 1151 1128 552 576 1152
1954 5 2 0 1 1128 552 576 1152 1129 553 577 1153
1955 5 2 0 1 1129 553 577 1153 1130 554 578 1154
1956 5 2 0 1 1130 554 578 1154 1131 555 579 1155
1957 5 2 0 1 1131 555 579 1155 1132 556 580 1156
1958 5 2 0 1 1132 556 580 1156 1133 557 581 1157
1959 5 2 0 1 1133 557 581 1157 1134 558 582 1158
1960 5 2 0 1 1134 558 582 1158 1135 559 583 1159
1961 5 2 0 1 1135 559 583 1159 1136 560 584 1160
1962 5 2 0 1 1136 560 584 1160 90 71 72 89
1963 5 2 0 1 24 48 49 25 1137 561 585 1161
1964 5 2 0 1 1137 561 585 1161 1138 562 586 1162
1965 5 2 0 1 1138 562 586 1162 1139 563 587 1163
1966 5 2 0 1 1139 563 587 1163 1140 564 588 1164
1967 5 2 0 1 1140 564 588 1164 1141 565 589 1165
1968 5 2 0 1 1141 565 589 1165 1142 566 590 1166
1969 5 2 0 1 1142 566 590 1166 1143 567 591 1167
1970 5 2 0 1 1143 567 591 1167 1144 568 592 1168
1971 5 2 0 1 1144 568 592 1168 1145 569 593 1169
1972 5 2 0 1 1145 569 593 1169 1146 570 594 1170
1973 5 2 0 1 1146 570 594 1170 1147 571 595 1171
1974 5 2 0 1 1147 571 595 1171 1148 572 596 1172
1975 5 2 0 1 1148 572 596 1172 1149 573 597 1173
1976 5 2 0 1 1149 573 597 1173 1150 574 598 1174
1977 5 2 0 1 1150 574 598 1174 1151 575 599 1175
1978 5 2 0 1 1151 575 599 1175 1152 576 600 1176
1979 5 2 0 1 1152 576 600 1176 1153 577 601 1177
1980 5 2 0 1 1153 577 601 1177 1154 578 602 1178
1981 5 2 0 1 1154 578 602 1178 1155 579 603 1179
1982 5 2 0 1 1155 579 603 1179 1156 580 604 1180
1983 5 2 0 1 1156 580 604 1180 1157 581 605 1181
1984 5 2 0 1 1157 581 605 1181 1158 582 606 1182
1985 5 2 0 1 1158 582 606 1182 1159 583 607 1183
1986 5 2 0 1 1159 583 607 1183 1160 584 608 1184
1987 5 2 0 1 1160 584 608 1184 89 72 73 88
1988 5 2 0 1 25 49 50 26 1161 585 609 1185
1989 5 2 0 1 1161 585 609 1185 1162 586 610 1186
1990 5 2 0 1 1162 586 610 1186 1163 587 611 1187
1991 5 2 0 1 1163 587 611 1187 1164 588 612 1188
1992 5 2 0 1 1164 588 612 1188 1165 589 613 1189
1993 5 2 0 1 1165 589 613 1189 1166 590 614 1190
1994 5 2 0 1 1166 590 614 1190 1167 591 615 1191
1995 5 2 0 1 1167 591 615 1191 1168 592 616 1192
1996 5 2 0 1 1168 592 616 1192 1169 593 617 1193
1997 5 2 0 1 1169 593 617 1193 1170 594 618 1194
1998 5 2 0 1 1170 594 618 1194 1171 595 619 1195
1999 5 2 0 1 1171 595 619 1195 1172 596 620 1196
2000 5 2 0 1 1172 596 620 1196 1173 597 621 1197
2001 5 2 0 1 1173 597 621 1197 1174 598 622 1198
2002 5 2 0 1 1174 598 622 1198 1175 599 623 1199
2003 5 2 0 1 1175 599 623 1199 1176 600 624 1200
2004 5 2 0 1 1176 600 624 1200 1177 601 625 1201
2005 5 2 0 1 1177 601 625 1201 1178 602 626 1202
2006 5 2 0 1 1178 602 626 1202 1179 603 627 1203
2007 5 2 0 1 1179 603 627 1203 1180 604 628 1204
2008 5 2 0 1 1180 604 628 1204 1181 605 629 1205
2009 5 2 0 1 1181 605 629 1205 1182 606 630 1206
2010 5 2 0 1 1182 606 630 1206 1183 607 631 1207
2011 5 2 0 1 1183 607 631 1207 1184 608 632 1208
2012 5 2 0 1 1184 608 632 1208 88 73 74 87
2013 5 2 0 1 26 50 51 27 1185 609 633 1209
2014 5 2 0 1 1185 609 633 1209 1186 610 634 1210
2015 5 2 0 1 1186 610 634 1210 1187 611 635 1211
2016 5 2 0 1 1187 611 635 1211 1188 612 636 1212
2017 5 2 0 1 1188 612 636 1212 1189 613 637 1213
2018 5 2 0 1 1189 613 637 1213 1190 614 638 1214
2019 5 2 0 1 1190 614 638 1214 1191 615 639 1215
2020 5 2 0 1 1191 615 639 1215 1192 616 640 1216
2021 5 2 0 1 1192 616 640 1216 1193 617 641 1217
2022 5 2 0 1 1193 617 641 1217 1194 618 642 1218
2023 5 2 0 1 1194 618 642 1218 1195 619 643 1219
2024 5 2 0 1 1195 619 643 1219 1196 620 644 1220
2025 5 2 0 1 1196 620 644 1220 1197 621 645 1221
2026 5 2 0 1 1197 621 645 1221 1198 622 646 1222
2027 5 2 0 1 1198 622 646 1222 1199 623 647 1223
2028 5 2 0 1 1199 623 647 1223 1200 624 648 1224
2029 5 2 0 1 1200 624 648 1224 1201 625 649 1225
2030 5 2 0 1 1201 625 649 1225 1202 626 650 1226
2031 5 2 0 1 1202 626 650 1226 1203 627 651 1227
2032 5 2 0 1 1203 627 651 1227 1204 628 652 1228
2033 5 2 0 1 1204 628 652 1228 1205 629 653 1229
2034 5 2 0 1 1205 629 653 1229 1206 630 654 1230
2035 5 2 0 1 1206 630 654 1230 1207 631 655 1231
2036 5 2 0 1 1207 631 655 1231 1208 632 656 1232
2037 5 2 0 1 1208 632 656 1232 87 74 75 86
2038 5 2 0 1 27 51 52 28 1209 633 657 1233
2039 5 2 0 1 1209 633 657 1233 1210 634 658 1234
2040 5 2 0 1 1210 634 658 1234 1211 635 659 1235
2041 5 2 0 1 1211 635 659 1235 1212 636 660 1236
2042 5 2 0 1 1212 636 660 1236 1213 637 661 1237
2043 5 2 0 1 1213 637 661 1237 1214 638 662 1238
2044 5 2 0 1 1214 638 662 1238 1215 639 663 1239
2045 5 2 0 1 1215 639 663 1239 1216 640 664 1240
2046 5 2 0 1 1216 640 664 1240 1217 641 665 1241
2047 5 2 0 1 1217 641 665 1241 1218 642 666 1242
2048 5 2 0 1 1218 642 666 1242 1219 643 667 1243
2049 5 2 0 1 1219 643 667 1243 1220 644 668 1244
2050 5 2 0 1 1220 644 668 1244 1221 645 669 1245
2051 5 2 0 1 1221 645 669 1245 1222 646 670 1246
2052 5 2 0 1 1222 646 670 1246 1223 647 671 1247
2053 5 2 0 1 1223 647 671 1247 1224 648 672 1248
2054 5 2 0 1 1224 648 672 1248 1225 649 673 1249
2055 5 2 0 1 1225 649 673 1249 1226 650 674 1250
2056 5 2 0 1 1226 650 674 1250 1227 651 675 1251
2057 5 2 0 1 1227 651 675 1251 1228 652 676 1252
2058 5 2 0 1 1228 652 676 1252 1229 653 677 1253
2059 5 2 0 1 1229 653 677 1253 1230 654 678 1254
2060 5 2 0 1 1230 654 678 1254 1231 655 679 1255
2061 5 2 0 1 1231 655 679 1255 1232 656 680 1256
2062 5 2 0 1 1232 656 680 1256 86 75 76 85
2063 5 2 0 1 28 52 53 29 1233 657 681 1257
2064 5 2 0 1 1233 657 681 1257 1234 658 682 1258
2065 5 2 0 1 1234 658 682 1258 1235 659 683 1259
2066 5 2 0 1 1235 659 683 1259 1236 660 684 1260
2067 5 2 0 1 1236 660 684 1260 1237 661 685 1261
2068 5 2 0 1 1237 661 685 1261 1238 662 686 1262
2069 5 2 0 1 1238 662 686 1262 1239 663 687 1263
2070 5 2 0 1 1239 663 687 1263 1240 664 688 1264
2071 5 2 0 1 1240 664 688 1264 1241 665 689 1265
2072 5 2 0 1 1241 665 689 1265 1242 666 690 1266
2073 5 2 0 1 1242 666 690 1266 1243 667 691 1267
2074 5 2 0 1 1243 667 691 1267 1244 668 692 1268
2075 5 2 0 1 1244 668 692 1268 1245 669 693 1269
2076 5 2 0 1 1245 669 693 1269 1246 670 694 1270
2077 5 2 0 1 1246 670 694 1270 1247 671 695 1271
2078 5 2 0 1 1247 671 695 1271 1248 672 696 1272
2079 5 2 0 1 1248 672 696 1272 1249 673 697 1273
2080 5 2 0 1 1249 673 697 1273 1250 674 698 1274
2081 5 2 0 1 1250 674 698 1274 1251 675 699 1275
2082 5 2 0 1 1251 675 699 1275 1252 676 700 1276
2083 5 2 0 1 1252 676 700 1276 1253 677 701 1277
2084 5 2 0 1 1253 677 701 1277 1254 678 702 1278
2085 5 2 0 1 1254 678 702 1278 1255 679 703 1279
2086 5 2 0 1 1255 679 703 1279 1256 680 704 1280
2087 5 2 0 1 1256 680 704 1280 85 76 77 84
2088 5 2 0 1 29 53 54 30 1257 681 705 1281
2089 5 2 0 1 1257 681 705 1281 1258 682 706 1282
2090 5 2 0 1 1258 682 706 1282 1259 683 707 1283
2091 5 2 0 1 1259 683 707 1283 1260 684 708 1284
2092 5 2 0 1 1260 684 708 1284 1261 685 709 1285
2093 5 2 0 1 1261 685 709 1285 1262 686 710 1286
2094 5 2 0 1 1262 686 710 1286 1263 687 711 1287
2095 5 2 0 1 1263 687 711 1287 1264 688 712 1288
2096 5 2 0 1 1264 688 712 1288 1265 689 713 1289
2097 5 2 0 1 1265 689 713 1289 1266 690 714 1290
2098 5 2 0 1 1266 690 714 1290 1267 691 715 1291
2099 5 2 0 1 1267 691 715 1291 1268 692 716 1292
2100 5 2 0 1 1268 692 716 1292 1269 693 717 1293
2101 5 2 0 1 1269 693 717 1293 1270 694 718 1294
2102 5 2 0 1 1270 694 718 1294 1271 695 719 1295
2103 5 2 0 1 1271 695 719 1295 1272 696 720 1296
2104 5 2 0 1 1272 696 720 1296 1273 697 721 1297
2105 5 2 0 1 1273 697 721 1297 1274 698 722 1298
2106 5 2 0 1 1274 698 722 1298 1275 699 723 1299
2107 5 2 0 1 1275 699 723 1299 1276 700 724 1300
2108 5 2 0 1 1276 700 724 1300 1277 701 725 1301
2109 5 2 0 1 1277 701 725 1301 1278 702 726 1302
2110 5 2 0 1 1278 702 726 1302 1279 703 727 1303
2111 5 2 0 1 1279 703 727 1303 1280 704 728 1304
2112 5 2 0 1 1280 704 728 1304 84 77 78 83
2113 5 2 0 1 30 54 55 31 1281 705 729 1305
2114 5 2 0 1 1281 705 729 1305 1282 706 730 1306
2115 5 2 0 1 1282 706 730 1306 1283 707 731 1307
2116 5 2 0 1 1283 707 731 1307 1284 708 732 1308
2117 5 2 0 1 1284 708 732 1308 1285 709 733 1309
2118 5 2 0 1 1285 709 733 1309 1286 710 734 1310
2119 5 2 0 1 1286 710 734 1310 1287 711 735 1311
2120 5 2 0 1 1287 711 735 1311 1288 712 736 1312
2121 5 2 0 1 1288 712 736 1312 1289 713 737 1313
2122 5 2 0 1 1289 713 737 1313 1290 714 738 1314
2123 5 2 0 1 1290 714 738 1314 1291 715 739 1315
2124 5 2 0 1 1291 715 739 1315 1292 716 740 1316
2125 5 2 0 1 1292 716 740 1316 1293 717 741 1317
2126 5 2 0 1 1293 717 741 1317 1294 718 742 1318
2127 5 2 0 1 1294 718 742 1318 1295 719 743 1319
2128 5 2 0 1 1295 719 743 1319 1296 720 744 1320
2129 5 2 0 1 1296 720 744 1320 1297 721 745 1321
2130 5 2 0 1 1297 721 745 1321 1298 722 746 1322
2131 5 2 0 1 1298 722 746 1322 1299 723 747 1323
2132 5 2 0 1 1299 723 747 1323 1300 724 748 1324
2133 5 2 0 1 1300 724 748 1324 1301 725 749 1325
2134 5 2 0 1 1301 725 749 1325 1302 726 750 1326
2135 5 2 0 1 1302 726 750 1326 1303 727 751 1327
2136 5 2 0 1 1303 727 751 1327 1304 728 752 1328
2137 5 2 0 1 1304 728 752 1328 83 78 79 82
2138 5 2 0 1 31 55 56 32 1305 729 753 1329
2139 5 2 0 1 1305 729 753 1329 1306 730 754 1330
2140 5 2 0 1 1306 730 754 1330 1307 731 755 1331
2141 5 2 0 1 1307 731 755 1331 1308 732 756 1332
2142 5 2 0 1 1308 732 756 1332 1309 733 757 1333
2143 5 2 0 1 1309 733 757 1333 1310 734 758 1334
2144 5 2 0 1 1310 734 758 1334 1311 735 759 1335
2145 5 2 0 1 1311 735 759 1335 1312 736 760 1336
2146 5 2 0 1 1312 736 760 1336 1313 737 761 1337
2147 5 2 0 1 1313 737 761 1337 1314 738 762 1338
2148 5 2 0 1 1314 738 762 1338 1315 739 763 1339
2149 5 2 0 1 1315 739 763 1339 1316 740 764 1340
2150 5 2 0 1 1316 740 764 1340 1317 741 765 1341
2151 5 2 0 1 1317 741 765 1341 1318 742 766 1342
2152 5 2 0 1 1318 742 766 1342 1319 743 767 1343
2153 5 2 0 1 1319 743 767 1343 1320 744 768 1344
2154 5 2 0 1 1320 744 768 1344 1321 745 769 1345
2155 5 2 0 1 1321 745 769 1345 1322 746 770 1346
2156 5 2 0 1 1322 746 770 1346 1323 747 771 1347
2157 5 2 0 1 1323 747 771 1347 1324 748 772 1348
2158 5 2 0 1 1324 748 772 1348 1325 749 773 1349
2159 5 2 0 1 1325 749 773 1349 1326 750 774 1350
2160 5 2 0 1 1326 750 774 1350 1327 751 775 1351
2161 5 2 0 1 1327 751 775 1351 1328 752 776 1352
2162 5 2 0 1 1328 752 776 1352 82 79 80 81
2163 5 2 0 1 32 56 4 3 1329 753 153 177
2164 5 2 0 1 1329 753 153 177 1330 754 154 178
2165 5 2 0 1 1330 754 154 178 1331 755 155 179
2166 5 2 0 1 1331 755 155 179 1332 756 156 180
2167 5 2 0 1 1332 756 156 180 1333 757 157 181
2168 5 2 0 1 1333 757 157 181 1334 758 158 182
2169 5 2 0 1 1334 758 158 182 1335 759 159 183
2170 5 2 0 1 1335 759 159 183 1336 760 160 184
2171 5 2 0 1 1336 760 160 184 1337 761 161 185
2172 5 2 0 1 1337 761 161 185 1338 762 162 186
2173 5 2 0 1 1338 762 162 186 1339 763 163 187
2174 5 2 0 1 1339 763 163 187 1340 764 164 188
2175 5 2 0 1 1340 764 164 188 1341 765 165 189
2176 5 2 0 1 1341 765 165 189 1342 766 166 190
2177 5 2 0 1 1342 766 166 190 1343 767 167 191
2178 5 2 0 1 1343 767 167 191 1344 768 168 192
2179 5 2 0 1 1344 768 168 192 1345 769 169 193
2180 5 2 0 1 1345 769 169 193 1346 770 170 194
2181 5 2 0 1 1346 770 170 194 1347 771 171 195
2182 5 2 0 1 1347 771 171 195 1348 772 172 196
2183 5 2 0 1 1348 772 172 196 1349 773 173 197
2184 5 2 0 1 1349 773 173 197 1350 774 174 198
2185 5 2 0 1 1350 774 174 198 1351 775 175 199
2186 5 2 0 1 1351 775 175 199 1352 776 176 200
2187 5 2 0 1 1352 776 176 200 81 80 7 8
$EndElements
