$MeshFormat
2.2 0 8
$EndMeshFormat
$Nodes
1600
1 0 0 0
2 50 0 0
3 50 50 0
4 0 50 0
5 1.282051282046258 0 0
6 2.564102564092161 0 0
7 3.846153846138568 0 0
8 5.128205128185471 0 0
9 6.410256410231987 0 0
10 7.692307692276716 0 0
11 8.974358974321341 0 0
12 10.25641025636597 0 0
13 11.53846153841059 0 0
14 12.82051282045522 0 0
15 14.10256410249985 0 0
16 15.38461538454448 0 0
17 16.66666666659212 0 0
18 17.94871794864131 0 0
19 19.23076923069049 0 0
20 20.51282051273967 0 0
21 21.79487179478886 0 0
22 23.07692307683804 0 0
23 24.35897435888723 0 0
24 25.64102564093642 0 0
25 26.9230769229856 0 0
26 28.20512820503479 0 0
27 29.48717948708397 0 0
28 30.76923076913316 0 0
29 32.05128205118387 0 0
30 33.33333333324217 0 0
31 34.61538461530046 0 0
32 35.89743589735876 0 0
33 37.17948717941704 0 0
34 38.46153846147535 0 0
35 39.74358974353363 0 0
36 41.02564102559194 0 0
37 42.30769230765023 0 0
38 43.58974358970853 0 0
39 44.87179487176682 0 0
40 46.15384615382511 0 0
41 47.43589743588341 0 0
42 48.7179487179417 0 0
43 50 1.282051282046258 0
44 50 2.564102564092161 0
45 50 3.846153846138568 0
46 50 5.128205128185471 0
47 50 6.410256410231987 0
48 50 7.692307692276716 0
49 50 8.974358974321341 0
50 50 10.25641025636597 0
51 50 11.53846153841059 0
52 50 12.82051282045522 0
53 50 14.10256410249985 0
54 50 15.38461538454448 0
55 50 16.66666666659212 0
56 50 17.94871794864131 0
57 50 19.23076923069049 0
58 50 20.51282051273967 0
59 50 21.79487179478886 0
60 50 23.07692307683804 0
61 50 24.35897435888723 0
62 50 25.64102564093642 0
63 50 26.9230769229856 0
64 50 28.20512820503479 0
65 50 29.48717948708397 0
66 50 30.76923076913316 0
67 50 32.05128205118387 0
68 50 33.33333333324217 0
69 50 34.61538461530046 0
70 50 35.89743589735876 0
71 50 37.17948717941704 0
72 50 38.46153846147535 0
73 50 39.74358974353363 0
74 50 41.02564102559194 0
75 50 42.30769230765023 0
76 50 43.58974358970853 0
77 50 44.87179487176682 0
78 50 46.15384615382511 0
79 50 47.43589743588341 0
80 50 48.7179487179417 0
81 48.71794871795783 50 0
82 47.43589743591566 50 0
83 46.15384615387349 50 0
84 44.87179487183131 50 0
85 43.58974358978914 50 0
86 42.30769230774697 50 0
87 41.02564102570479 50 0
88 39.74358974366262 50 0
89 38.46153846162045 50 0
90 37.17948717957827 50 0
91 35.89743589753611 50 0
92 34.61538461549393 50 0
93 33.33333333345175 50 0
94 32.05128205140959 50 0
95 30.76923076935983 50 0
96 29.48717948730855 50 0
97 28.20512820525726 50 0
98 26.92307692320598 50 0
99 25.6410256411547 50 0
100 24.35897435910342 50 0
101 23.07692307705214 50 0
102 21.79487179500086 50 0
103 20.51282051294957 50 0
104 19.23076923089829 50 0
105 17.94871794884548 50 0
106 16.66666666678508 50 0
107 15.38461538472469 50 0
108 14.1025641026643 50 0
109 12.82051282060392 50 0
110 11.53846153854352 50 0
111 10.25641025648313 50 0
112 8.974358974422735 50 0
113 7.692307692362341 50 0
114 6.410256410301955 50 0
115 5.128205128241561 50 0
116 3.846153846181167 50 0
117 2.56410256412078 50 0
118 1.282051282060387 50 0
119 0 48.71794871795783 0
120 0 47.43589743591566 0
121 0 46.15384615387349 0
122 0 44.87179487183131 0
123 0 43.58974358978914 0
124 0 42.30769230774697 0
125 0 41.02564102570479 0
126 0 39.74358974366262 0
127 0 38.46153846162045 0
128 0 37.17948717957827 0
129 0 35.89743589753611 0
130 0 34.61538461549393 0
131 0 33.33333333345175 0
132 0 32.05128205140959 0
133 0 30.76923076935983 0
134 0 29.48717948730855 0
135 0 28.20512820525726 0
136 0 26.92307692320598 0
137 0 25.6410256411547 0
138 0 24.35897435910342 0
139 0 23.07692307705214 0
140 0 21.79487179500086 0
141 0 20.51282051294957 0
142 0 19.23076923089829 0
143 0 17.94871794884548 0
144 0 16.66666666678508 0
145 0 15.38461538472469 0
146 0 14.1025641026643 0
147 0 12.82051282060392 0
148 0 11.53846153854352 0
149 0 10.25641025648313 0
150 0 8.974358974422735 0
151 0 7.692307692362341 0
152 0 6.410256410301955 0
153 0 5.128205128241561 0
154 0 3.846153846181167 0
155 0 2.56410256412078 0
156 0 1.282051282060387 0
157 1.28205128204662 1.282051282060024 0
158 1.282051282046983 2.564102564120046 0
159 1.282051282047345 3.846153846180075 0
160 1.282051282047707 5.128205128240122 0
161 1.28205128204807 6.41025641030016 0
162 1.282051282048432 7.692307692360146 0
163 1.282051282048794 8.974358974420134 0
164 1.282051282049156 10.25641025648013 0
165 1.282051282049519 11.53846153854012 0
166 1.282051282049881 12.8205128206001 0
167 1.282051282050243 14.10256410266008 0
168 1.282051282050605 15.38461538472007 0
169 1.282051282050968 16.66666666678014 0
170 1.28205128205133 17.94871794884024 0
171 1.282051282051692 19.23076923089296 0
172 1.282051282052054 20.51282051294418 0
173 1.282051282052417 21.79487179499542 0
174 1.282051282052779 23.07692307704665 0
175 1.282051282053141 24.35897435909788 0
176 1.282051282053504 25.6410256411491 0
177 1.282051282053866 26.92307692320033 0
178 1.282051282054228 28.20512820525156 0
179 1.28205128205459 29.4871794873028 0
180 1.282051282054953 30.76923076935402 0
181 1.282051282055315 32.05128205140378 0
182 1.282051282055677 33.33333333344637 0
183 1.282051282056039 34.61538461548896 0
184 1.282051282056402 35.89743589753157 0
185 1.282051282056764 37.17948717957413 0
186 1.282051282057126 38.46153846161673 0
187 1.282051282057488 39.74358974365931 0
188 1.28205128205785 41.02564102570189 0
189 1.282051282058213 42.30769230774448 0
190 1.282051282058575 43.58974358978706 0
191 1.282051282058938 44.87179487182964 0
192 1.2820512820593 46.15384615387225 0
193 1.282051282059662 47.43589743591482 0
194 1.282051282060025 48.71794871795741 0
195 2.564102564092894 1.282051282059662 0
196 2.564102564093628 2.564102564119312 0
197 2.564102564094362 3.846153846178982 0
198 2.564102564095096 5.128205128238685 0
199 2.56410256409583 6.410256410298367 0
200 2.564102564096562 7.692307692357952 0
201 2.564102564097297 8.974358974417532 0
202 2.564102564098032 10.25641025647712 0
203 2.564102564098766 11.5384615385367 0
204 2.564102564099499 12.82051282059629 0
205 2.564102564100233 14.10256410265587 0
206 2.564102564100967 15.38461538471545 0
207 2.5641025641017 16.66666666677519 0
208 2.564102564102435 17.94871794883501 0
209 2.564102564103168 19.23076923088763 0
210 2.564102564103903 20.51282051293881 0
211 2.564102564104635 21.79487179498999 0
212 2.56410256410537 23.07692307704117 0
213 2.564102564106103 24.35897435909234 0
214 2.564102564106837 25.64102564114351 0
215 2.564102564107571 26.92307692319469 0
216 2.564102564108304 28.20512820524586 0
217 2.564102564109039 29.48717948729703 0
218 2.564102564109773 30.76923076934821 0
219 2.564102564110507 32.05128205139801 0
220 2.564102564111241 33.333333333441 0
221 2.564102564111975 34.61538461548401 0
222 2.564102564112709 35.89743589752701 0
223 2.564102564113441 37.17948717957002 0
224 2.564102564114175 38.461538461613 0
225 2.564102564114909 39.743589743656 0
226 2.564102564115643 41.02564102569901 0
227 2.564102564116377 42.307692307742 0
228 2.564102564117112 43.58974358978499 0
229 2.564102564117845 44.871794871828 0
230 2.564102564118579 46.15384615387102 0
231 2.564102564119312 47.435897435914 0
232 2.564102564120046 48.71794871795701 0
233 3.84615384613966 1.2820512820593 0
234 3.846153846140752 2.564102564118579 0
235 3.846153846141845 3.84615384617789 0
236 3.846153846142938 5.128205128237248 0
237 3.846153846144029 6.410256410296572 0
238 3.846153846145122 7.692307692355755 0
239 3.846153846146214 8.974358974414937 0
240 3.846153846147306 10.25641025647412 0
241 3.846153846148398 11.5384615385333 0
242 3.846153846149491 12.82051282059248 0
243 3.846153846150584 14.10256410265165 0
244 3.846153846151676 15.38461538471083 0
245 3.846153846152768 16.66666666677024 0
246 3.846153846153861 17.94871794882977 0
247 3.846153846154952 19.23076923088231 0
248 3.846153846156044 20.51282051293343 0
249 3.846153846157137 21.79487179498456 0
250 3.846153846158229 23.07692307703567 0
251 3.846153846159321 24.35897435908679 0
252 3.846153846160414 25.64102564113791 0
253 3.846153846161506 26.92307692318903 0
254 3.846153846162599 28.20512820524015 0
255 3.846153846163691 29.48717948729127 0
256 3.846153846164782 30.7692307693424 0
257 3.846153846165875 32.05128205139221 0
258 3.846153846166968 33.33333333343563 0
259 3.84615384616806 34.61538461547905 0
260 3.846153846169151 35.89743589752246 0
261 3.846153846170245 37.17948717956587 0
262 3.846153846171337 38.46153846160929 0
263 3.84615384617243 39.74358974365269 0
264 3.846153846173521 41.02564102569612 0
265 3.846153846174613 42.30769230773953 0
266 3.846153846175705 43.58974358978293 0
267 3.846153846176798 44.87179487182635 0
268 3.846153846177891 46.15384615386976 0
269 3.846153846178983 47.43589743591318 0
270 3.846153846180075 48.71794871795659 0
271 5.128205128186909 1.282051282058937 0
272 5.128205128188347 2.564102564117845 0
273 5.128205128189785 3.846153846176798 0
274 5.128205128191224 5.128205128235809 0
275 5.128205128192662 6.410256410294778 0
276 5.1282051281941 7.69230769235356 0
277 5.128205128195537 8.974358974412336 0
278 5.128205128196976 10.25641025647111 0
279 5.128205128198415 11.53846153852989 0
280 5.128205128199852 12.82051282058866 0
281 5.128205128201291 14.10256410264743 0
282 5.12820512820273 15.38461538470621 0
283 5.128205128204169 16.66666666676529 0
284 5.128205128205606 17.94871794882454 0
285 5.128205128207045 19.23076923087698 0
286 5.128205128208482 20.51282051292804 0
287 5.12820512820992 21.79487179497911 0
288 5.128205128211359 23.07692307703019 0
289 5.128205128212798 24.35897435908124 0
290 5.128205128214235 25.64102564113231 0
291 5.128205128215672 26.92307692318338 0
292 5.128205128217111 28.20512820523444 0
293 5.12820512821855 29.48717948728551 0
294 5.128205128219987 30.76923076933658 0
295 5.128205128221426 32.05128205138643 0
296 5.128205128222865 33.33333333343026 0
297 5.128205128224302 34.6153846154741 0
298 5.128205128225741 35.89743589751792 0
299 5.128205128227179 37.17948717956175 0
300 5.128205128228617 38.46153846160558 0
301 5.128205128230055 39.74358974364939 0
302 5.128205128231492 41.02564102569323 0
303 5.128205128232931 42.30769230773705 0
304 5.12820512823437 43.58974358978087 0
305 5.128205128235809 44.8717948718247 0
306 5.128205128237246 46.15384615386853 0
307 5.128205128238685 47.43589743591235 0
308 5.128205128240122 48.71794871795618 0
309 6.410256410233782 1.282051282058575 0
310 6.410256410235578 2.564102564117111 0
311 6.41025641023737 3.846153846175706 0
312 6.410256410239164 5.128205128234369 0
313 6.410256410240958 6.410256410292984 0
314 6.410256410242752 7.692307692351364 0
315 6.410256410244545 8.974358974409736 0
316 6.41025641024634 10.25641025646811 0
317 6.410256410248134 11.53846153852648 0
318 6.41025641024993 12.82051282058485 0
319 6.410256410251722 14.10256410264322 0
320 6.410256410253515 15.38461538470159 0
321 6.410256410255312 16.66666666676035 0
322 6.410256410257104 17.9487179488193 0
323 6.410256410258899 19.23076923087166 0
324 6.410256410260692 20.51282051292267 0
325 6.410256410262486 21.79487179497368 0
326 6.410256410264282 23.07692307702469 0
327 6.410256410266074 24.3589743590757 0
328 6.410256410267867 25.64102564112672 0
329 6.410256410269662 26.92307692317773 0
330 6.410256410271456 28.20512820522875 0
331 6.41025641027325 29.48717948727976 0
332 6.410256410275045 30.76923076933077 0
333 6.410256410276839 32.05128205138065 0
334 6.410256410278633 33.33333333342488 0
335 6.410256410280427 34.61538461546913 0
336 6.410256410282219 35.89743589751337 0
337 6.410256410284013 37.1794871795576 0
338 6.410256410285808 38.46153846160185 0
339 6.410256410287602 39.74358974364608 0
340 6.410256410289396 41.02564102569032 0
341 6.41025641029119 42.30769230773456 0
342 6.410256410292985 43.58974358977879 0
343 6.410256410294778 44.87179487182305 0
344 6.410256410296573 46.15384615386729 0
345 6.410256410298366 47.43589743591153 0
346 6.410256410300161 48.71794871795576 0
347 7.692307692278911 1.282051282058213 0
348 7.692307692281107 2.564102564116377 0
349 7.692307692283301 3.846153846174613 0
350 7.692307692285499 5.128205128232931 0
351 7.692307692287693 6.41025641029119 0
352 7.692307692289889 7.69230769234917 0
353 7.692307692292086 8.974358974407139 0
354 7.69230769229428 10.25641025646511 0
355 7.692307692296476 11.53846153852307 0
356 7.692307692298672 12.82051282058104 0
357 7.692307692300867 14.102564102639 0
358 7.692307692303062 15.38461538469697 0
359 7.692307692305259 16.6666666667554 0
360 7.692307692307454 17.94871794881406 0
361 7.692307692309647 19.23076923086632 0
362 7.692307692311845 20.51282051291729 0
363 7.69230769231404 21.79487179496824 0
364 7.692307692316236 23.0769230770192 0
365 7.692307692318431 24.35897435907016 0
366 7.692307692320627 25.64102564112112 0
367 7.692307692322823 26.92307692317208 0
368 7.692307692325018 28.20512820522303 0
369 7.692307692327214 29.487179487274 0
370 7.692307692329409 30.76923076932496 0
371 7.692307692331605 32.05128205137486 0
372 7.692307692333799 33.33333333341951 0
373 7.692307692335996 34.61538461546417 0
374 7.69230769233819 35.89743589750882 0
375 7.692307692340387 37.17948717955348 0
376 7.692307692342581 38.46153846159813 0
377 7.692307692344779 39.74358974364277 0
378 7.692307692346972 41.02564102568743 0
379 7.692307692349169 42.30769230773208 0
380 7.692307692351363 43.58974358977672 0
381 7.692307692353561 44.87179487182139 0
382 7.692307692355755 46.15384615386605 0
383 7.692307692357951 47.4358974359107 0
384 7.692307692360147 48.71794871795535 0
385 8.974358974323941 1.282051282057851 0
386 8.97435897432654 2.564102564115643 0
387 8.974358974329139 3.846153846173521 0
388 8.974358974331739 5.128205128231492 0
389 8.974358974334343 6.410256410289396 0
390 8.974358974336941 7.692307692346972 0
391 8.974358974339538 8.974358974404538 0
392 8.974358974342138 10.2564102564621 0
393 8.974358974344739 11.53846153851966 0
394 8.974358974347339 12.82051282057723 0
395 8.97435897434994 14.10256410263479 0
396 8.97435897435254 15.38461538469235 0
397 8.974358974355141 16.66666666675046 0
398 8.974358974357738 17.94871794880884 0
399 8.974358974360339 19.23076923086099 0
400 8.974358974362936 20.5128205129119 0
401 8.974358974365536 21.79487179496281 0
402 8.974358974368137 23.07692307701371 0
403 8.974358974370737 24.35897435906462 0
404 8.974358974373338 25.64102564111552 0
405 8.974358974375939 26.92307692316643 0
406 8.974358974378536 28.20512820521733 0
407 8.974358974381136 29.48717948726824 0
408 8.974358974383737 30.76923076931915 0
409 8.974358974386337 32.05128205136907 0
410 8.974358974388934 33.33333333341415 0
411 8.974358974391535 34.61538461545921 0
412 8.974358974394136 35.89743589750427 0
413 8.974358974396736 37.17948717954933 0
414 8.974358974399337 38.46153846159441 0
415 8.974358974401937 39.74358974363948 0
416 8.974358974404534 41.02564102568453 0
417 8.974358974407139 42.30769230772961 0
418 8.974358974409736 43.58974358977467 0
419 8.974358974412336 44.87179487181973 0
420 8.974358974414933 46.15384615386481 0
421 8.974358974417534 47.43589743590988 0
422 8.974358974420134 48.71794871795494 0
423 10.25641025636897 1.282051282057488 0
424 10.25641025637198 2.564102564114909 0
425 10.25641025637498 3.846153846172429 0
426 10.25641025637799 5.128205128230055 0
427 10.25641025638099 6.410256410287602 0
428 10.25641025638399 7.692307692344777 0
429 10.256410256387 8.974358974401937 0
430 10.25641025639 10.25641025645909 0
431 10.256410256393 11.53846153851626 0
432 10.25641025639601 12.82051282057342 0
433 10.25641025639901 14.10256410263057 0
434 10.25641025640202 15.38461538468773 0
435 10.25641025640502 16.66666666674551 0
436 10.25641025640803 17.9487179488036 0
437 10.25641025641103 19.23076923085566 0
438 10.25641025641404 20.51282051290652 0
439 10.25641025641704 21.79487179495737 0
440 10.25641025642004 23.07692307700822 0
441 10.25641025642305 24.35897435905908 0
442 10.25641025642605 25.64102564110992 0
443 10.25641025642905 26.92307692316078 0
444 10.25641025643206 28.20512820521162 0
445 10.25641025643506 29.48717948726248 0
446 10.25641025643807 30.76923076931334 0
447 10.25641025644107 32.05128205136329 0
448 10.25641025644407 33.33333333340875 0
449 10.25641025644708 34.61538461545425 0
450 10.25641025645008 35.89743589749973 0
451 10.25641025645309 37.17948717954521 0
452 10.25641025645609 38.46153846159068 0
453 10.2564102564591 39.74358974363615 0
454 10.2564102564621 41.02564102568165 0
455 10.25641025646511 42.30769230772712 0
456 10.25641025646811 43.5897435897726 0
457 10.25641025647111 44.87179487181808 0
458 10.25641025647412 46.15384615386357 0
459 10.25641025647712 47.43589743590904 0
460 10.25641025648013 48.71794871795452 0
461 11.538461538414 1.282051282057127 0
462 11.53846153841741 2.564102564114175 0
463 11.53846153842082 3.846153846171337 0
464 11.53846153842423 5.128205128228617 0
465 11.53846153842764 6.410256410285808 0
466 11.53846153843104 7.692307692342583 0
467 11.53846153843445 8.974358974399337 0
468 11.53846153843786 10.25641025645609 0
469 11.53846153844127 11.53846153851285 0
470 11.53846153844468 12.82051282056961 0
471 11.53846153844809 14.10256410262635 0
472 11.53846153845149 15.3846153846831 0
473 11.5384615384549 16.66666666674055 0
474 11.53846153845831 17.94871794879836 0
475 11.53846153846172 19.23076923085034 0
476 11.53846153846513 20.51282051290114 0
477 11.53846153846854 21.79487179495194 0
478 11.53846153847195 23.07692307700273 0
479 11.53846153847536 24.35897435905353 0
480 11.53846153847876 25.64102564110432 0
481 11.53846153848217 26.92307692315513 0
482 11.53846153848558 28.20512820520592 0
483 11.53846153848899 29.48717948725672 0
484 11.5384615384924 30.76923076930753 0
485 11.5384615384958 32.0512820513575 0
486 11.53846153849921 33.33333333340339 0
487 11.53846153850262 34.61538461544929 0
488 11.53846153850603 35.89743589749519 0
489 11.53846153850944 37.17948717954107 0
490 11.53846153851285 38.46153846158695 0
491 11.53846153851626 39.74358974363285 0
492 11.53846153851966 41.02564102567876 0
493 11.53846153852307 42.30769230772464 0
494 11.53846153852648 43.58974358977053 0
495 11.53846153852989 44.87179487181643 0
496 11.5384615385333 46.15384615386232 0
497 11.53846153853671 47.43589743590822 0
498 11.53846153854011 48.71794871795412 0
499 12.82051282045904 1.282051282056764 0
500 12.82051282046285 2.564102564113442 0
501 12.82051282046666 3.846153846170245 0
502 12.82051282047047 5.128205128227179 0
503 12.82051282047428 6.410256410284014 0
504 12.8205128204781 7.692307692340386 0
505 12.82051282048191 8.974358974396736 0
506 12.82051282048572 10.25641025645309 0
507 12.82051282048954 11.53846153850944 0
508 12.82051282049335 12.82051282056579 0
509 12.82051282049716 14.10256410262214 0
510 12.82051282050097 15.38461538467848 0
511 12.82051282050478 16.66666666673561 0
512 12.8205128205086 17.94871794879312 0
513 12.82051282051241 19.23076923084501 0
514 12.82051282051623 20.51282051289575 0
515 12.82051282052004 21.7948717949465 0
516 12.82051282052385 23.07692307699725 0
517 12.82051282052766 24.35897435904798 0
518 12.82051282053148 25.64102564109873 0
519 12.82051282053529 26.92307692314948 0
520 12.8205128205391 28.20512820520022 0
521 12.82051282054292 29.48717948725096 0
522 12.82051282054673 30.76923076930171 0
523 12.82051282055054 32.05128205135171 0
524 12.82051282055435 33.333333333398 0
525 12.82051282055817 34.61538461544431 0
526 12.82051282056197 35.89743589749063 0
527 12.82051282056579 37.17948717953693 0
528 12.8205128205696 38.46153846158324 0
529 12.82051282057342 39.74358974362954 0
530 12.82051282057723 41.02564102567587 0
531 12.82051282058104 42.30769230772217 0
532 12.82051282058485 43.58974358976847 0
533 12.82051282058867 44.87179487181479 0
534 12.82051282059248 46.15384615386109 0
535 12.82051282059629 47.43589743590738 0
536 12.8205128206001 48.71794871795369 0
537 14.10256410250407 1.282051282056402 0
538 14.10256410250828 2.564102564112708 0
539 14.1025641025125 3.846153846169153 0
540 14.10256410251672 5.128205128225741 0
541 14.10256410252094 6.410256410282222 0
542 14.10256410252515 7.692307692338192 0
543 14.10256410252937 8.974358974394136 0
544 14.10256410253359 10.25641025645008 0
545 14.1025641025378 11.53846153850603 0
546 14.10256410254202 12.82051282056197 0
547 14.10256410254624 14.10256410261792 0
548 14.10256410255045 15.38461538467386 0
549 14.10256410255467 16.66666666673066 0
550 14.10256410255888 17.94871794878789 0
551 14.1025641025631 19.23076923083968 0
552 14.10256410256732 20.51282051289037 0
553 14.10256410257153 21.79487179494107 0
554 14.10256410257576 23.07692307699175 0
555 14.10256410257997 24.35897435904245 0
556 14.10256410258418 25.64102564109314 0
557 14.1025641025884 26.92307692314382 0
558 14.10256410259262 28.20512820519451 0
559 14.10256410259684 29.48717948724521 0
560 14.10256410260105 30.7692307692959 0
561 14.10256410260527 32.05128205134592 0
562 14.10256410260949 33.33333333339263 0
563 14.1025641026137 34.61538461543937 0
564 14.10256410261792 35.8974358974861 0
565 14.10256410262213 37.1794871795328 0
566 14.10256410262635 38.46153846157952 0
567 14.10256410263057 39.74358974362623 0
568 14.10256410263479 41.02564102567296 0
569 14.102564102639 42.30769230771968 0
570 14.10256410264322 43.5897435897664 0
571 14.10256410264744 44.87179487181312 0
572 14.10256410265165 46.15384615385985 0
573 14.10256410265587 47.43589743590655 0
574 14.10256410266009 48.71794871795329 0
575 15.38461538454911 1.282051282056039 0
576 15.38461538455372 2.564102564111975 0
577 15.38461538455834 3.84615384616806 0
578 15.38461538456297 5.128205128224302 0
579 15.38461538456759 6.410256410280427 0
580 15.38461538457221 7.692307692335994 0
581 15.38461538457683 8.974358974391535 0
582 15.38461538458145 10.25641025644708 0
583 15.38461538458607 11.53846153850262 0
584 15.38461538459069 12.82051282055816 0
585 15.38461538459531 14.1025641026137 0
586 15.38461538459993 15.38461538466924 0
587 15.38461538460455 16.66666666672572 0
588 15.38461538460917 17.94871794878266 0
589 15.3846153846138 19.23076923083435 0
590 15.38461538461841 20.51282051288499 0
591 15.38461538462304 21.79487179493563 0
592 15.38461538462766 23.07692307698626 0
593 15.38461538463227 24.3589743590369 0
594 15.3846153846369 25.64102564108754 0
595 15.38461538464152 26.92307692313818 0
596 15.38461538464614 28.20512820518881 0
597 15.38461538465076 29.48717948723944 0
598 15.38461538465538 30.76923076929009 0
599 15.38461538466 32.05128205134012 0
600 15.38461538466462 33.33333333338726 0
601 15.38461538466924 34.61538461543439 0
602 15.38461538467386 35.89743589748155 0
603 15.38461538467848 37.17948717952866 0
604 15.3846153846831 38.46153846157581 0
605 15.38461538468772 39.74358974362293 0
606 15.38461538469234 41.02564102567005 0
607 15.38461538469697 42.3076923077172 0
608 15.38461538470159 43.58974358976432 0
609 15.38461538470621 44.87179487181147 0
610 15.38461538471083 46.15384615385859 0
611 15.38461538471545 47.43589743590573 0
612 15.38461538472007 48.71794871795286 0
613 16.66666666659706 1.282051282055677 0
614 16.66666666660202 2.56410256411124 0
615 16.66666666660697 3.846153846166968 0
616 16.66666666661191 5.128205128222863 0
617 16.66666666661686 6.410256410278634 0
618 16.6666666666218 7.692307692333801 0
619 16.66666666662676 8.974358974388934 0
620 16.66666666663171 10.25641025644407 0
621 16.66666666663665 11.53846153849921 0
622 16.6666666666416 12.82051282055435 0
623 16.66666666664655 14.10256410260949 0
624 16.66666666665149 15.38461538466462 0
625 16.66666666665645 16.66666666672077 0
626 16.66666666666139 17.94871794877742 0
627 16.66666666666634 19.23076923082903 0
628 16.66666666667129 20.51282051287961 0
629 16.66666666667624 21.79487179493019 0
630 16.66666666668119 23.07692307698078 0
631 16.66666666668613 24.35897435903136 0
632 16.66666666669107 25.64102564108194 0
633 16.66666666669603 26.92307692313253 0
634 16.66666666670098 28.2051282051831 0
635 16.66666666670592 29.48717948723369 0
636 16.66666666671086 30.76923076928428 0
637 16.66666666671582 32.05128205133435 0
638 16.66666666672076 33.33333333338189 0
639 16.66666666672571 34.61538461542945 0
640 16.66666666673066 35.897435897477 0
641 16.6666666667356 37.17948717952453 0
642 16.66666666674056 38.46153846157208 0
643 16.6666666667455 39.74358974361962 0
644 16.66666666675046 41.02564102566717 0
645 16.6666666667554 42.30769230771472 0
646 16.66666666676035 43.58974358976225 0
647 16.66666666676529 44.87179487180981 0
648 16.66666666677024 46.15384615385737 0
649 16.66666666677519 47.43589743590491 0
650 16.66666666678014 48.71794871795247 0
651 17.94871794864654 1.282051282055314 0
652 17.94871794865178 2.564102564110507 0
653 17.94871794865701 3.846153846165875 0
654 17.94871794866225 5.128205128221426 0
655 17.94871794866749 6.410256410276838 0
656 17.94871794867272 7.692307692331605 0
657 17.94871794867796 8.974358974386337 0
658 17.94871794868319 10.25641025644107 0
659 17.94871794868843 11.5384615384958 0
660 17.94871794869366 12.82051282055054 0
661 17.94871794869889 14.10256410260527 0
662 17.94871794870413 15.38461538466 0
663 17.94871794870937 16.66666666671581 0
664 17.9487179487146 17.94871794877218 0
665 17.94871794871984 19.2307692308237 0
666 17.94871794872507 20.51282051287423 0
667 17.94871794873031 21.79487179492476 0
668 17.94871794873553 23.07692307697529 0
669 17.94871794874078 24.35897435902581 0
670 17.94871794874601 25.64102564107634 0
671 17.94871794875124 26.92307692312687 0
672 17.94871794875648 28.2051282051774 0
673 17.94871794876171 29.48717948722793 0
674 17.94871794876695 30.76923076927846 0
675 17.94871794877218 32.05128205132856 0
676 17.94871794877742 33.33333333337652 0
677 17.94871794878266 34.61538461542447 0
678 17.94871794878789 35.89743589747245 0
679 17.94871794879312 37.17948717952039 0
680 17.94871794879836 38.46153846156836 0
681 17.9487179488036 39.74358974361631 0
682 17.94871794880883 41.02564102566429 0
683 17.94871794881407 42.30769230771225 0
684 17.9487179488193 43.58974358976021 0
685 17.94871794882454 44.87179487180816 0
686 17.94871794882977 46.15384615385612 0
687 17.94871794883501 47.43589743590408 0
688 17.94871794884024 48.71794871795204 0
689 19.23076923069581 1.282051282054952 0
690 19.23076923070114 2.564102564109773 0
691 19.23076923070647 3.846153846164783 0
692 19.2307692307118 5.128205128219988 0
693 19.23076923071714 6.410256410275043 0
694 19.23076923072245 7.692307692329409 0
695 19.23076923072778 8.974358974383737 0
696 19.23076923073311 10.25641025643807 0
697 19.23076923073844 11.5384615384924 0
698 19.23076923074377 12.82051282054673 0
699 19.2307692307491 14.10256410260105 0
700 19.23076923075443 15.38461538465538 0
701 19.23076923075975 16.66666666671086 0
702 19.23076923076508 17.94871794876695 0
703 19.23076923077041 19.23076923081837 0
704 19.23076923077574 20.51282051286884 0
705 19.23076923078107 21.79487179491932 0
706 19.2307692307864 23.0769230769698 0
707 19.23076923079172 24.35897435902027 0
708 19.23076923079705 25.64102564107074 0
709 19.23076923080239 26.92307692312122 0
710 19.23076923080771 28.20512820517169 0
711 19.23076923081304 29.48717948722217 0
712 19.23076923081837 30.76923076927265 0
713 19.2307692308237 32.05128205132277 0
714 19.23076923082903 33.33333333337114 0
715 19.23076923083435 34.61538461541952 0
716 19.23076923083968 35.89743589746789 0
717 19.23076923084501 37.17948717951626 0
718 19.23076923085034 38.46153846156464 0
719 19.23076923085567 39.74358974361301 0
720 19.23076923086099 41.02564102566139 0
721 19.23076923086632 42.30769230770975 0
722 19.23076923087165 43.58974358975814 0
723 19.23076923087698 44.87179487180651 0
724 19.23076923088231 46.15384615385487 0
725 19.23076923088763 47.43589743590326 0
726 19.23076923089296 48.71794871795163 0
727 20.51282051274505 1.28205128205459 0
728 20.51282051275044 2.564102564109038 0
729 20.51282051275582 3.84615384616369 0
730 20.5128205127612 5.12820512821855 0
731 20.51282051276658 6.41025641027325 0
732 20.51282051277197 7.692307692327214 0
733 20.51282051277735 8.974358974381136 0
734 20.51282051278273 10.25641025643506 0
735 20.51282051278811 11.53846153848899 0
736 20.5128205127935 12.82051282054291 0
737 20.51282051279887 14.10256410259684 0
738 20.51282051280426 15.38461538465076 0
739 20.51282051280964 16.66666666670592 0
740 20.51282051281503 17.94871794876171 0
741 20.5128205128204 19.23076923081304 0
742 20.51282051282578 20.51282051286346 0
743 20.51282051283117 21.79487179491388 0
744 20.51282051283655 23.07692307696431 0
745 20.51282051284193 24.35897435901472 0
746 20.51282051284731 25.64102564106514 0
747 20.5128205128527 26.92307692311557 0
748 20.51282051285808 28.20512820516599 0
749 20.51282051286346 29.48717948721642 0
750 20.51282051286884 30.76923076926684 0
751 20.51282051287423 32.05128205131699 0
752 20.51282051287961 33.33333333336577 0
753 20.51282051288499 34.61538461541456 0
754 20.51282051289037 35.89743589746337 0
755 20.51282051289576 37.17948717951212 0
756 20.51282051290114 38.46153846156093 0
757 20.51282051290652 39.7435897436097 0
758 20.5128205129119 41.02564102565849 0
759 20.51282051291728 42.30769230770727 0
760 20.51282051292266 43.58974358975606 0
761 20.51282051292804 44.87179487180485 0
762 20.51282051293343 46.15384615385365 0
763 20.51282051293881 47.43589743590243 0
764 20.51282051294419 48.71794871795122 0
765 21.7948717947943 1.282051282054228 0
766 21.79487179479973 2.564102564108304 0
767 21.79487179480517 3.846153846162598 0
768 21.7948717948106 5.128205128217111 0
769 21.79487179481605 6.410256410271456 0
770 21.79487179482147 7.692307692325018 0
771 21.79487179482691 8.974358974378539 0
772 21.79487179483235 10.25641025643206 0
773 21.79487179483779 11.53846153848558 0
774 21.79487179484321 12.8205128205391 0
775 21.79487179484865 14.10256410259262 0
776 21.79487179485408 15.38461538464614 0
777 21.79487179485952 16.66666666670098 0
778 21.79487179486496 17.94871794875648 0
779 21.7948717948704 19.23076923080771 0
780 21.79487179487583 20.51282051285808 0
781 21.79487179488127 21.79487179490845 0
782 21.7948717948867 23.07692307695882 0
783 21.79487179489214 24.35897435900918 0
784 21.79487179489758 25.64102564105954 0
785 21.79487179490301 26.92307692310992 0
786 21.79487179490845 28.20512820516029 0
787 21.79487179491389 29.48717948721065 0
788 21.79487179491932 30.76923076926103 0
789 21.79487179492476 32.05128205131119 0
790 21.79487179493019 33.3333333333604 0
791 21.79487179493563 34.6153846154096 0
792 21.79487179494107 35.89743589745882 0
793 21.7948717949465 37.179487179508 0
794 21.79487179495193 38.4615384615572 0
795 21.79487179495737 39.74358974360639 0
796 21.7948717949628 41.0256410256556 0
797 21.79487179496824 42.30769230770481 0
798 21.79487179497368 43.589743589754 0
799 21.79487179497912 44.8717948718032 0
800 21.79487179498455 46.1538461538524 0
801 21.79487179498999 47.43589743590161 0
802 21.79487179499542 48.7179487179508 0
803 23.07692307684353 1.282051282053866 0
804 23.07692307684902 2.564102564107571 0
805 23.07692307685451 3.846153846161505 0
806 23.07692307686001 5.128205128215672 0
807 23.07692307686549 6.410256410269662 0
808 23.07692307687098 7.692307692322823 0
809 23.07692307687647 8.974358974375939 0
810 23.07692307688196 10.25641025642905 0
811 23.07692307688745 11.53846153848217 0
812 23.07692307689294 12.82051282053529 0
813 23.07692307689843 14.10256410258841 0
814 23.07692307690392 15.38461538464152 0
815 23.0769230769094 16.66666666669603 0
816 23.07692307691489 17.94871794875124 0
817 23.07692307692039 19.23076923080238 0
818 23.07692307692588 20.5128205128527 0
819 23.07692307693137 21.79487179490301 0
820 23.07692307693686 23.07692307695333 0
821 23.07692307694235 24.35897435900364 0
822 23.07692307694784 25.64102564105395 0
823 23.07692307695333 26.92307692310427 0
824 23.07692307695882 28.20512820515458 0
825 23.07692307696431 29.4871794872049 0
826 23.0769230769698 30.76923076925522 0
827 23.07692307697528 32.05128205130541 0
828 23.07692307698078 33.33333333335503 0
829 23.07692307698627 34.61538461540464 0
830 23.07692307699175 35.89743589745427 0
831 23.07692307699725 37.17948717950385 0
832 23.07692307700273 38.46153846155348 0
833 23.07692307700822 39.74358974360308 0
834 23.07692307701372 41.0256410256527 0
835 23.0769230770192 42.30769230770231 0
836 23.07692307702469 43.58974358975193 0
837 23.07692307703018 44.87179487180154 0
838 23.07692307703567 46.15384615385116 0
839 23.07692307704117 47.43589743590077 0
840 23.07692307704665 48.71794871795039 0
841 24.35897435889277 1.282051282053504 0
842 24.35897435889832 2.564102564106837 0
843 24.35897435890386 3.846153846160414 0
844 24.3589743589094 5.128205128214235 0
845 24.35897435891495 6.410256410267868 0
846 24.35897435892049 7.692307692320627 0
847 24.35897435892604 8.974358974373338 0
848 24.35897435893157 10.25641025642605 0
849 24.35897435893712 11.53846153847876 0
850 24.35897435894266 12.82051282053148 0
851 24.3589743589482 14.10256410258419 0
852 24.35897435895374 15.38461538463689 0
853 24.35897435895929 16.66666666669108 0
854 24.35897435896484 17.94871794874601 0
855 24.35897435897038 19.23076923079705 0
856 24.35897435897592 20.51282051284731 0
857 24.35897435898146 21.79487179489757 0
858 24.35897435898701 23.07692307694784 0
859 24.35897435899255 24.3589743589981 0
860 24.3589743589981 25.64102564104836 0
861 24.35897435900364 26.92307692309862 0
862 24.35897435900918 28.20512820514888 0
863 24.35897435901472 29.48717948719914 0
864 24.35897435902027 30.7692307692494 0
865 24.35897435902582 32.05128205129962 0
866 24.35897435903135 33.33333333334966 0
867 24.3589743590369 34.61538461539968 0
868 24.35897435904244 35.89743589744972 0
869 24.35897435904799 37.17948717949973 0
870 24.35897435905353 38.46153846154975 0
871 24.35897435905908 39.74358974359978 0
872 24.35897435906462 41.0256410256498 0
873 24.35897435907016 42.30769230769982 0
874 24.3589743590757 43.58974358974986 0
875 24.35897435908125 44.87179487179989 0
876 24.35897435908679 46.15384615384993 0
877 24.35897435909234 47.43589743589995 0
878 24.35897435909788 48.71794871794998 0
879 25.64102564094201 1.282051282053141 0
880 25.64102564094761 2.564102564106103 0
881 25.64102564095321 3.846153846159322 0
882 25.64102564095881 5.128205128212796 0
883 25.6410256409644 6.410256410266075 0
884 25.64102564097 7.692307692318431 0
885 25.6410256409756 8.974358974370737 0
886 25.64102564098119 10.25641025642305 0
887 25.64102564098678 11.53846153847535 0
888 25.64102564099239 12.82051282052766 0
889 25.64102564099798 14.10256410257997 0
890 25.64102564100358 15.38461538463227 0
891 25.64102564100918 16.66666666668612 0
892 25.64102564101477 17.94871794874077 0
893 25.64102564102037 19.23076923079172 0
894 25.64102564102596 20.51282051284193 0
895 25.64102564103156 21.79487179489214 0
896 25.64102564103716 23.07692307694235 0
897 25.64102564104276 24.35897435899255 0
898 25.64102564104835 25.64102564104276 0
899 25.64102564105395 26.92307692309296 0
900 25.64102564105955 28.20512820514317 0
901 25.64102564106514 29.48717948719338 0
902 25.64102564107074 30.76923076924359 0
903 25.64102564107634 32.05128205129382 0
904 25.64102564108194 33.33333333334427 0
905 25.64102564108754 34.61538461539472 0
906 25.64102564109314 35.89743589744518 0
907 25.64102564109873 37.1794871794956 0
908 25.64102564110432 38.46153846154604 0
909 25.64102564110992 39.74358974359647 0
910 25.64102564111552 41.02564102564693 0
911 25.64102564112112 42.30769230769736 0
912 25.64102564112672 43.58974358974778 0
913 25.64102564113232 44.87179487179824 0
914 25.64102564113791 46.15384615384868 0
915 25.6410256411435 47.43589743589912 0
916 25.6410256411491 48.71794871794957 0
917 26.92307692299126 1.282051282052779 0
918 26.92307692299691 2.56410256410537 0
919 26.92307692300256 3.84615384615823 0
920 26.92307692300821 5.128205128211359 0
921 26.92307692301386 6.41025641026428 0
922 26.92307692301951 7.692307692316236 0
923 26.92307692302515 8.974358974368137 0
924 26.92307692303081 10.25641025642004 0
925 26.92307692303647 11.53846153847195 0
926 26.92307692304211 12.82051282052385 0
927 26.92307692304776 14.10256410257575 0
928 26.92307692305341 15.38461538462766 0
929 26.92307692305906 16.66666666668118 0
930 26.92307692306471 17.94871794873553 0
931 26.92307692307036 19.23076923078639 0
932 26.92307692307601 20.51282051283655 0
933 26.92307692308167 21.7948717948867 0
934 26.92307692308732 23.07692307693686 0
935 26.92307692309296 24.35897435898701 0
936 26.92307692309862 25.64102564103716 0
937 26.92307692310427 26.92307692308732 0
938 26.92307692310993 28.20512820513747 0
939 26.92307692311557 29.48717948718762 0
940 26.92307692312122 30.76923076923778 0
941 26.92307692312687 32.05128205128806 0
942 26.92307692313253 33.3333333333389 0
943 26.92307692313817 34.61538461538974 0
944 26.92307692314382 35.89743589744063 0
945 26.92307692314947 37.17948717949146 0
946 26.92307692315513 38.46153846154232 0
947 26.92307692316078 39.74358974359316 0
948 26.92307692316643 41.02564102564402 0
949 26.92307692317208 42.30769230769489 0
950 26.92307692317773 43.58974358974573 0
951 26.92307692318338 44.8717948717966 0
952 26.92307692318903 46.15384615384744 0
953 26.92307692319469 47.4358974358983 0
954 26.92307692320033 48.71794871794914 0
955 28.20512820504049 1.282051282052417 0
956 28.20512820504619 2.564102564104636 0
957 28.20512820505191 3.846153846157137 0
958 28.20512820505761 5.12820512820992 0
959 28.2051282050633 6.410256410262486 0
960 28.20512820506902 7.69230769231404 0
961 28.20512820507471 8.974358974365536 0
962 28.20512820508043 10.25641025641704 0
963 28.20512820508613 11.53846153846854 0
964 28.20512820509183 12.82051282052004 0
965 28.20512820509754 14.10256410257153 0
966 28.20512820510324 15.38461538462304 0
967 28.20512820510895 16.66666666667624 0
968 28.20512820511465 17.94871794873031 0
969 28.20512820512035 19.23076923078107 0
970 28.20512820512606 20.51282051283117 0
971 28.20512820513176 21.79487179488127 0
972 28.20512820513747 23.07692307693137 0
973 28.20512820514318 24.35897435898147 0
974 28.20512820514888 25.64102564103156 0
975 28.20512820515458 26.92307692308167 0
976 28.20512820516029 28.20512820513176 0
977 28.20512820516599 29.48717948718186 0
978 28.20512820517169 30.76923076923197 0
979 28.2051282051774 32.05128205128226 0
980 28.2051282051831 33.33333333333353 0
981 28.20512820518881 34.6153846153848 0
982 28.20512820519451 35.89743589743608 0
983 28.20512820520023 37.17948717948732 0
984 28.20512820520592 38.46153846153859 0
985 28.20512820521163 39.74358974358985 0
986 28.20512820521734 41.02564102564113 0
987 28.20512820522304 42.30769230769238 0
988 28.20512820522874 43.58974358974367 0
989 28.20512820523445 44.87179487179493 0
990 28.20512820524015 46.1538461538462 0
991 28.20512820524586 47.43589743589746 0
992 28.20512820525156 48.71794871794873 0
993 29.48717948708973 1.282051282052055 0
994 29.48717948709549 2.564102564103903 0
995 29.48717948710124 3.846153846156044 0
996 29.487179487107 5.128205128208482 0
997 29.48717948711277 6.410256410260692 0
998 29.48717948711852 7.692307692311845 0
999 29.48717948712428 8.974358974362939 0
1000 29.48717948713003 10.25641025641403 0
1001 29.4871794871358 11.53846153846513 0
1002 29.48717948714155 12.82051282051622 0
1003 29.48717948714732 14.10256410256732 0
1004 29.48717948715307 15.38461538461841 0
1005 29.48717948715883 16.66666666667129 0
1006 29.48717948716459 17.94871794872507 0
1007 29.48717948717034 19.23076923077574 0
1008 29.48717948717611 20.51282051282578 0
1009 29.48717948718186 21.79487179487583 0
1010 29.48717948718762 23.07692307692588 0
1011 29.48717948719338 24.35897435897592 0
1012 29.48717948719914 25.64102564102596 0
1013 29.4871794872049 26.92307692307601 0
1014 29.48717948721065 28.20512820512606 0
1015 29.48717948721641 29.48717948717611 0
1016 29.48717948722217 30.76923076922616 0
1017 29.48717948722793 32.05128205127647 0
1018 29.48717948723369 33.33333333332814 0
1019 29.48717948723944 34.61538461537982 0
1020 29.48717948724521 35.89743589743153 0
1021 29.48717948725096 37.17948717948319 0
1022 29.48717948725672 38.46153846153488 0
1023 29.48717948726248 39.74358974358655 0
1024 29.48717948726824 41.02564102563823 0
1025 29.487179487274 42.30769230768991 0
1026 29.48717948727976 43.58974358974159 0
1027 29.48717948728551 44.87179487179328 0
1028 29.48717948729127 46.15384615384495 0
1029 29.48717948729702 47.43589743589663 0
1030 29.48717948730279 48.71794871794832 0
1031 30.76923076913897 1.282051282051692 0
1032 30.76923076914478 2.564102564103168 0
1033 30.7692307691506 3.846153846154952 0
1034 30.7692307691564 5.128205128207043 0
1035 30.76923076916222 6.410256410258897 0
1036 30.76923076916803 7.692307692309649 0
1037 30.76923076917384 8.974358974360339 0
1038 30.76923076917966 10.25641025641103 0
1039 30.76923076918546 11.53846153846172 0
1040 30.76923076919127 12.82051282051242 0
1041 30.76923076919709 14.1025641025631 0
1042 30.7692307692029 15.3846153846138 0
1043 30.76923076920872 16.66666666666634 0
1044 30.76923076921452 17.94871794871983 0
1045 30.76923076922034 19.23076923077041 0
1046 30.76923076922615 20.5128205128204 0
1047 30.76923076923197 21.7948717948704 0
1048 30.76923076923777 23.07692307692039 0
1049 30.76923076924359 24.35897435897038 0
1050 30.7692307692494 25.64102564102037 0
1051 30.76923076925522 26.92307692307037 0
1052 30.76923076926103 28.20512820512035 0
1053 30.76923076926683 29.48717948717035 0
1054 30.76923076927265 30.76923076922034 0
1055 30.76923076927847 32.05128205127069 0
1056 30.76923076928428 33.33333333332277 0
1057 30.76923076929009 34.61538461537488 0
1058 30.7692307692959 35.89743589742698 0
1059 30.76923076930171 37.17948717947905 0
1060 30.76923076930753 38.46153846153116 0
1061 30.76923076931334 39.74358974358324 0
1062 30.76923076931914 41.02564102563534 0
1063 30.76923076932496 42.30769230768743 0
1064 30.76923076933078 43.58974358973952 0
1065 30.76923076933659 44.87179487179162 0
1066 30.7692307693424 46.15384615384372 0
1067 30.76923076934821 47.43589743589581 0
1068 30.76923076935402 48.71794871794791 0
1069 32.05128205118965 1.28205128205133 0
1070 32.05128205119544 2.564102564102435 0
1071 32.05128205120122 3.84615384615386 0
1072 32.05128205120702 5.128205128205606 0
1073 32.05128205121281 6.410256410257105 0
1074 32.05128205121859 7.692307692307454 0
1075 32.05128205122439 8.974358974357738 0
1076 32.05128205123016 10.25641025640803 0
1077 32.05128205123596 11.53846153845831 0
1078 32.05128205124174 12.8205128205086 0
1079 32.05128205124753 14.10256410255889 0
1080 32.05128205125332 15.38461538460917 0
1081 32.05128205125911 16.66666666666139 0
1082 32.05128205126491 17.9487179487146 0
1083 32.05128205127068 19.23076923076508 0
1084 32.05128205127647 20.51282051281503 0
1085 32.05128205128226 21.79487179486496 0
1086 32.05128205128804 23.0769230769149 0
1087 32.05128205129383 24.35897435896484 0
1088 32.05128205129962 25.64102564101477 0
1089 32.05128205130541 26.92307692306471 0
1090 32.05128205131119 28.20512820511465 0
1091 32.05128205131699 29.48717948716459 0
1092 32.05128205132277 30.76923076921453 0
1093 32.05128205132856 32.05128205126489 0
1094 32.05128205133435 33.3333333333174 0
1095 32.05128205134014 34.6153846153699 0
1096 32.05128205134592 35.89743589742244 0
1097 32.05128205135172 37.17948717947492 0
1098 32.0512820513575 38.46153846152745 0
1099 32.05128205136329 39.74358974357993 0
1100 32.05128205136907 41.02564102563246 0
1101 32.05128205137486 42.30769230768495 0
1102 32.05128205138065 43.58974358973745 0
1103 32.05128205138644 44.87179487178997 0
1104 32.05128205139222 46.15384615384248 0
1105 32.05128205139801 47.43589743589499 0
1106 32.05128205140379 48.71794871794749 0
1107 33.33333333324754 1.282051282050968 0
1108 33.33333333325292 2.5641025641017 0
1109 33.33333333325829 3.846153846152768 0
1110 33.33333333326367 5.128205128204167 0
1111 33.33333333326903 6.410256410255309 0
1112 33.3333333332744 7.692307692305258 0
1113 33.33333333327978 8.974358974355141 0
1114 33.33333333328516 10.25641025640502 0
1115 33.33333333329054 11.5384615384549 0
1116 33.33333333329591 12.82051282050479 0
1117 33.33333333330128 14.10256410255467 0
1118 33.33333333330665 15.38461538460455 0
1119 33.33333333331203 16.66666666665644 0
1120 33.3333333333174 17.94871794870937 0
1121 33.33333333332277 19.23076923075975 0
1122 33.33333333332814 20.51282051280964 0
1123 33.33333333333353 21.79487179485952 0
1124 33.3333333333389 23.07692307690941 0
1125 33.33333333334429 24.35897435895929 0
1126 33.33333333334964 25.64102564100918 0
1127 33.33333333335503 26.92307692305907 0
1128 33.3333333333604 28.20512820510895 0
1129 33.33333333336577 29.48717948715883 0
1130 33.33333333337114 30.76923076920872 0
1131 33.33333333337652 32.05128205125911 0
1132 33.33333333338189 33.33333333331203 0
1133 33.33333333338727 34.61538461536495 0
1134 33.33333333339264 35.89743589741789 0
1135 33.33333333339802 37.1794871794708 0
1136 33.33333333340338 38.46153846152372 0
1137 33.33333333340876 39.74358974357663 0
1138 33.33333333341414 41.02564102562956 0
1139 33.3333333334195 42.30769230768247 0
1140 33.33333333342489 43.5897435897354 0
1141 33.33333333343026 44.87179487178832 0
1142 33.33333333343563 46.15384615384123 0
1143 33.333333333441 47.43589743589416 0
1144 33.33333333344638 48.71794871794708 0
1145 34.61538461530542 1.282051282050605 0
1146 34.61538461531037 2.564102564100966 0
1147 34.61538461531534 3.846153846151675 0
1148 34.61538461532029 5.12820512820273 0
1149 34.61538461532525 6.410256410253517 0
1150 34.61538461533023 7.692307692303062 0
1151 34.61538461533517 8.97435897435254 0
1152 34.61538461534015 10.25641025640202 0
1153 34.61538461534511 11.53846153845149 0
1154 34.61538461535007 12.82051282050097 0
1155 34.61538461535503 14.10256410255046 0
1156 34.61538461535999 15.38461538459993 0
1157 34.61538461536495 16.66666666665149 0
1158 34.61538461536992 17.94871794870413 0
1159 34.61538461537489 19.23076923075443 0
1160 34.61538461537982 20.51282051280425 0
1161 34.6153846153848 21.79487179485409 0
1162 34.61538461538976 23.07692307690392 0
1163 34.61538461539472 24.35897435895376 0
1164 34.61538461539968 25.64102564100358 0
1165 34.61538461540464 26.92307692305341 0
1166 34.6153846154096 28.20512820510324 0
1167 34.61538461541456 29.48717948715307 0
1168 34.61538461541952 30.76923076920291 0
1169 34.61538461542447 32.05128205125332 0
1170 34.61538461542943 33.33333333330665 0
1171 34.61538461543439 34.61538461535999 0
1172 34.61538461543935 35.89743589741335 0
1173 34.61538461544431 37.17948717946665 0
1174 34.61538461544929 38.46153846152 0
1175 34.61538461545423 39.74358974357332 0
1176 34.61538461545921 41.02564102562666 0
1177 34.61538461546417 42.30769230767999 0
1178 34.61538461546913 43.58974358973332 0
1179 34.61538461547408 44.87179487178665 0
1180 34.61538461547905 46.15384615384001 0
1181 34.61538461548402 47.43589743589334 0
1182 34.61538461548897 48.71794871794668 0
1183 35.8974358973633 1.282051282050243 0
1184 35.89743589736786 2.564102564100233 0
1185 35.8974358973724 3.846153846150582 0
1186 35.89743589737694 5.128205128201291 0
1187 35.89743589738151 6.410256410251721 0
1188 35.89743589738605 7.692307692300867 0
1189 35.8974358973906 8.97435897434994 0
1190 35.89743589739513 10.25641025639901 0
1191 35.8974358973997 11.53846153844809 0
1192 35.89743589740423 12.82051282049716 0
1193 35.89743589740878 14.10256410254623 0
1194 35.89743589741332 15.38461538459531 0
1195 35.89743589741789 16.66666666664655 0
1196 35.89743589742243 17.94871794869889 0
1197 35.89743589742697 19.2307692307491 0
1198 35.89743589743154 20.51282051279887 0
1199 35.89743589743607 21.79487179484865 0
1200 35.89743589744062 23.07692307689843 0
1201 35.89743589744516 24.3589743589482 0
1202 35.89743589744972 25.64102564099799 0
1203 35.89743589745426 26.92307692304776 0
1204 35.8974358974588 28.20512820509754 0
1205 35.89743589746336 29.48717948714732 0
1206 35.89743589746789 30.76923076919709 0
1207 35.89743589747245 32.05128205124753 0
1208 35.89743589747701 33.33333333330128 0
1209 35.89743589748156 34.61538461535503 0
1210 35.89743589748609 35.8974358974088 0
1211 35.89743589749063 37.17948717946253 0
1212 35.89743589749519 38.46153846151628 0
1213 35.89743589749973 39.74358974357001 0
1214 35.89743589750428 41.02564102562376 0
1215 35.89743589750882 42.30769230767752 0
1216 35.89743589751338 43.58974358973126 0
1217 35.89743589751792 44.87179487178501 0
1218 35.89743589752247 46.15384615383876 0
1219 35.89743589752702 47.43589743589252 0
1220 35.89743589753156 48.71794871794624 0
1221 37.17948717942118 1.282051282049881 0
1222 37.17948717942531 2.564102564099499 0
1223 37.17948717942946 3.846153846149491 0
1224 37.17948717943358 5.128205128199852 0
1225 37.17948717943771 6.410256410249929 0
1226 37.17948717944185 7.692307692298671 0
1227 37.17948717944599 8.974358974347339 0
1228 37.17948717945012 10.25641025639601 0
1229 37.17948717945426 11.53846153844468 0
1230 37.17948717945838 12.82051282049335 0
1231 37.17948717946253 14.10256410254202 0
1232 37.17948717946665 15.38461538459069 0
1233 37.17948717947078 16.6666666666416 0
1234 37.17948717947492 17.94871794869366 0
1235 37.17948717947905 19.23076923074377 0
1236 37.17948717948319 20.5128205127935 0
1237 37.17948717948732 21.79487179484322 0
1238 37.17948717949146 23.07692307689294 0
1239 37.1794871794956 24.35897435894266 0
1240 37.17948717949973 25.64102564099239 0
1241 37.17948717950387 26.92307692304211 0
1242 37.17948717950799 28.20512820509183 0
1243 37.17948717951212 29.48717948714155 0
1244 37.17948717951627 30.76923076919128 0
1245 37.17948717952039 32.05128205124174 0
1246 37.17948717952453 33.33333333329591 0
1247 37.17948717952866 34.61538461535007 0
1248 37.1794871795328 35.89743589740424 0
1249 37.17948717953693 37.17948717945838 0
1250 37.17948717954107 38.46153846151255 0
1251 37.17948717954521 39.7435897435667 0
1252 37.17948717954934 41.02564102562086 0
1253 37.17948717955348 42.30769230767503 0
1254 37.1794871795576 43.5897435897292 0
1255 37.17948717956175 44.87179487178337 0
1256 37.17948717956587 46.15384615383752 0
1257 37.17948717957002 47.43589743589168 0
1258 37.17948717957414 48.71794871794584 0
1259 38.46153846147907 1.282051282049518 0
1260 38.46153846148279 2.564102564098766 0
1261 38.46153846148651 3.8461538461484 0
1262 38.46153846149023 5.128205128198415 0
1263 38.46153846149396 6.410256410248135 0
1264 38.46153846149767 7.692307692296476 0
1265 38.4615384615014 8.974358974344739 0
1266 38.46153846150512 10.25641025639301 0
1267 38.46153846150884 11.53846153844127 0
1268 38.46153846151255 12.82051282048953 0
1269 38.46153846151628 14.1025641025378 0
1270 38.46153846151999 15.38461538458607 0
1271 38.46153846152372 16.66666666663666 0
1272 38.46153846152743 17.94871794868843 0
1273 38.46153846153116 19.23076923073845 0
1274 38.46153846153488 20.51282051278811 0
1275 38.46153846153859 21.79487179483778 0
1276 38.46153846154231 23.07692307688745 0
1277 38.46153846154603 24.35897435893712 0
1278 38.46153846154976 25.64102564098679 0
1279 38.46153846155349 26.92307692303647 0
1280 38.46153846155721 28.20512820508613 0
1281 38.46153846156093 29.48717948713579 0
1282 38.46153846156465 30.76923076918547 0
1283 38.46153846156836 32.05128205123596 0
1284 38.46153846157208 33.33333333329053 0
1285 38.46153846157581 34.61538461534511 0
1286 38.46153846157952 35.8974358973997 0
1287 38.46153846158325 37.17948717945426 0
1288 38.46153846158696 38.46153846150883 0
1289 38.46153846159068 39.74358974356339 0
1290 38.46153846159441 41.02564102561799 0
1291 38.46153846159813 42.30769230767255 0
1292 38.46153846160185 43.58974358972713 0
1293 38.46153846160557 44.8717948717817 0
1294 38.4615384616093 46.15384615383628 0
1295 38.461538461613 47.43589743589085 0
1296 38.46153846161672 48.71794871794542 0
1297 39.74358974353694 1.282051282049156 0
1298 39.74358974354023 2.564102564098032 0
1299 39.74358974354357 3.846153846147307 0
1300 39.74358974354685 5.128205128196976 0
1301 39.74358974355015 6.41025641024634 0
1302 39.74358974355347 7.692307692294281 0
1303 39.74358974355678 8.974358974342138 0
1304 39.74358974356009 10.25641025639 0
1305 39.7435897435634 11.53846153843786 0
1306 39.7435897435667 12.82051282048572 0
1307 39.74358974357001 14.10256410253359 0
1308 39.74358974357332 15.38461538458145 0
1309 39.74358974357663 16.6666666666317 0
1310 39.74358974357993 17.94871794868319 0
1311 39.74358974358324 19.23076923073312 0
1312 39.74358974358655 20.51282051278273 0
1313 39.74358974358985 21.79487179483235 0
1314 39.74358974359316 23.07692307688196 0
1315 39.74358974359647 24.35897435893158 0
1316 39.74358974359977 25.64102564098118 0
1317 39.74358974360308 26.92307692303081 0
1318 39.74358974360639 28.20512820508042 0
1319 39.7435897436097 29.48717948713004 0
1320 39.74358974361301 30.76923076917966 0
1321 39.74358974361631 32.05128205123016 0
1322 39.74358974361962 33.33333333328515 0
1323 39.74358974362293 34.61538461534015 0
1324 39.74358974362623 35.89743589739516 0
1325 39.74358974362954 37.17948717945012 0
1326 39.74358974363285 38.46153846150511 0
1327 39.74358974363616 39.74358974356009 0
1328 39.74358974363947 41.02564102561509 0
1329 39.74358974364277 42.30769230767007 0
1330 39.74358974364608 43.58974358972505 0
1331 39.74358974364939 44.87179487178005 0
1332 39.74358974365269 46.15384615383504 0
1333 39.743589743656 47.43589743589003 0
1334 39.74358974365931 48.71794871794501 0
1335 41.02564102559484 1.282051282048794 0
1336 41.02564102559773 2.564102564097298 0
1337 41.02564102560061 3.846153846146214 0
1338 41.02564102560351 5.128205128195539 0
1339 41.0256410256064 6.410256410244546 0
1340 41.0256410256093 7.692307692292085 0
1341 41.02564102561218 8.974358974339538 0
1342 41.02564102561507 10.256410256387 0
1343 41.02564102561798 11.53846153843445 0
1344 41.02564102562089 12.82051282048191 0
1345 41.02564102562378 14.10256410252937 0
1346 41.02564102562665 15.38461538457682 0
1347 41.02564102562955 16.66666666662676 0
1348 41.02564102563244 17.94871794867795 0
1349 41.02564102563533 19.23076923072779 0
1350 41.02564102563823 20.51282051277735 0
1351 41.02564102564113 21.7948717948269 0
1352 41.02564102564403 23.07692307687647 0
1353 41.02564102564692 24.35897435892603 0
1354 41.02564102564981 25.6410256409756 0
1355 41.02564102565269 26.92307692302516 0
1356 41.0256410256556 28.20512820507472 0
1357 41.02564102565849 29.48717948712428 0
1358 41.02564102566139 30.76923076917384 0
1359 41.02564102566428 32.05128205122439 0
1360 41.02564102566718 33.33333333327977 0
1361 41.02564102567006 34.61538461533518 0
1362 41.02564102567296 35.89743589739061 0
1363 41.02564102567586 37.17948717944599 0
1364 41.02564102567874 38.46153846150138 0
1365 41.02564102568164 39.74358974355679 0
1366 41.02564102568453 41.0256410256122 0
1367 41.02564102568743 42.3076923076676 0
1368 41.02564102569033 43.58974358972299 0
1369 41.02564102569322 44.8717948717784 0
1370 41.02564102569611 46.1538461538338 0
1371 41.025641025699 47.4358974358892 0
1372 41.02564102570189 48.71794871794459 0
1373 42.30769230765271 1.282051282048432 0
1374 42.30769230765517 2.564102564096563 0
1375 42.30769230765766 3.846153846145122 0
1376 42.30769230766015 5.1282051281941 0
1377 42.30769230766263 6.410256410242752 0
1378 42.30769230766511 7.69230769228989 0
1379 42.30769230766759 8.974358974336941 0
1380 42.30769230767009 10.25641025638399 0
1381 42.30769230767254 11.53846153843104 0
1382 42.30769230767502 12.8205128204781 0
1383 42.30769230767751 14.10256410252515 0
1384 42.30769230767999 15.38461538457221 0
1385 42.30769230768248 16.66666666662181 0
1386 42.30769230768495 17.94871794867272 0
1387 42.30769230768744 19.23076923072246 0
1388 42.3076923076899 20.51282051277197 0
1389 42.3076923076924 21.79487179482147 0
1390 42.30769230769488 23.07692307687098 0
1391 42.30769230769735 24.35897435892049 0
1392 42.30769230769983 25.64102564097 0
1393 42.30769230770232 26.92307692301951 0
1394 42.30769230770481 28.20512820506902 0
1395 42.30769230770728 29.48717948711852 0
1396 42.30769230770976 30.76923076916803 0
1397 42.30769230771224 32.05128205121859 0
1398 42.30769230771472 33.33333333327441 0
1399 42.3076923077172 34.61538461533023 0
1400 42.30769230771968 35.89743589738605 0
1401 42.30769230772216 37.17948717944185 0
1402 42.30769230772464 38.46153846149767 0
1403 42.30769230772713 39.74358974355347 0
1404 42.3076923077296 41.0256410256093 0
1405 42.30769230773209 42.3076923076651 0
1406 42.30769230773456 43.58974358972093 0
1407 42.30769230773703 44.87179487177676 0
1408 42.30769230773952 46.15384615383257 0
1409 42.30769230774201 47.43589743588836 0
1410 42.30769230774448 48.71794871794418 0
1411 43.58974358971059 1.282051282048069 0
1412 43.58974358971265 2.564102564095829 0
1413 43.58974358971473 3.846153846144029 0
1414 43.58974358971679 5.128205128192661 0
1415 43.58974358971885 6.410256410240959 0
1416 43.58974358972093 7.692307692287693 0
1417 43.58974358972299 8.97435897433434 0
1418 43.58974358972506 10.25641025638099 0
1419 43.58974358972713 11.53846153842763 0
1420 43.58974358972919 12.82051282047429 0
1421 43.58974358973126 14.10256410252093 0
1422 43.58974358973333 15.38461538456759 0
1423 43.58974358973539 16.66666666661686 0
1424 43.58974358973746 17.94871794866748 0
1425 43.58974358973952 19.23076923071713 0
1426 43.58974358974159 20.51282051276658 0
1427 43.58974358974367 21.79487179481604 0
1428 43.58974358974574 23.07692307686549 0
1429 43.58974358974778 24.35897435891495 0
1430 43.58974358974986 25.6410256409644 0
1431 43.58974358975194 26.92307692301385 0
1432 43.58974358975399 28.20512820506331 0
1433 43.58974358975608 29.48717948711276 0
1434 43.58974358975814 30.76923076916222 0
1435 43.58974358976019 32.05128205121281 0
1436 43.58974358976227 33.33333333326904 0
1437 43.58974358976433 34.61538461532525 0
1438 43.58974358976641 35.89743589738151 0
1439 43.58974358976846 37.17948717943771 0
1440 43.58974358977053 38.46153846149395 0
1441 43.5897435897726 39.74358974355017 0
1442 43.58974358977468 41.0256410256064 0
1443 43.58974358977674 42.30769230766263 0
1444 43.58974358977879 43.58974358971885 0
1445 43.58974358978087 44.87179487177509 0
1446 43.58974358978295 46.15384615383132 0
1447 43.58974358978501 47.43589743588754 0
1448 43.58974358978706 48.71794871794377 0
1449 44.87179487176846 1.282051282047707 0
1450 44.87179487177013 2.564102564095096 0
1451 44.87179487177178 3.846153846142937 0
1452 44.87179487177343 5.128205128191222 0
1453 44.87179487177509 6.410256410239164 0
1454 44.87179487177675 7.692307692285498 0
1455 44.87179487177841 8.974358974331739 0
1456 44.87179487178005 10.25641025637798 0
1457 44.87179487178172 11.53846153842423 0
1458 44.87179487178335 12.82051282047047 0
1459 44.87179487178501 14.10256410251672 0
1460 44.87179487178668 15.38461538456296 0
1461 44.87179487178832 16.66666666661192 0
1462 44.87179487178997 17.94871794866225 0
1463 44.87179487179162 19.2307692307118 0
1464 44.87179487179328 20.5128205127612 0
1465 44.87179487179493 21.79487179481061 0
1466 44.8717948717966 23.07692307685999 0
1467 44.87179487179824 24.35897435890941 0
1468 44.87179487179989 25.6410256409588 0
1469 44.87179487180155 26.92307692300821 0
1470 44.8717948718032 28.20512820505761 0
1471 44.87179487180485 29.487179487107 0
1472 44.87179487180651 30.76923076915641 0
1473 44.87179487180816 32.05128205120702 0
1474 44.87179487180981 33.33333333326365 0
1475 44.87179487181145 34.61538461532031 0
1476 44.87179487181313 35.89743589737696 0
1477 44.87179487181479 37.17948717943358 0
1478 44.87179487181643 38.46153846149025 0
1479 44.87179487181808 39.74358974354686 0
1480 44.87179487181972 41.02564102560351 0
1481 44.87179487182138 42.30769230766015 0
1482 44.87179487182304 43.5897435897168 0
1483 44.8717948718247 44.87179487177343 0
1484 44.87179487182635 46.15384615383007 0
1485 44.87179487182799 47.43589743588672 0
1486 44.87179487182965 48.71794871794334 0
1487 46.15384615382635 1.282051282047345 0
1488 46.1538461538276 2.564102564094362 0
1489 46.15384615382884 3.846153846141845 0
1490 46.15384615383009 5.128205128189785 0
1491 46.15384615383132 6.410256410237371 0
1492 46.15384615383257 7.692307692283302 0
1493 46.1538461538338 8.974358974329142 0
1494 46.15384615383503 10.25641025637498 0
1495 46.15384615383628 11.53846153842082 0
1496 46.15384615383753 12.82051282046666 0
1497 46.15384615383876 14.1025641025125 0
1498 46.15384615384001 15.38461538455834 0
1499 46.15384615384124 16.66666666660697 0
1500 46.15384615384248 17.94871794865701 0
1501 46.15384615384372 19.23076923070647 0
1502 46.15384615384495 20.51282051275582 0
1503 46.1538461538462 21.79487179480516 0
1504 46.15384615384744 23.07692307685451 0
1505 46.15384615384868 24.35897435890386 0
1506 46.15384615384993 25.6410256409532 0
1507 46.15384615385116 26.92307692300256 0
1508 46.1538461538524 28.2051282050519 0
1509 46.15384615385365 29.48717948710124 0
1510 46.15384615385489 30.7692307691506 0
1511 46.15384615385612 32.05128205120123 0
1512 46.15384615385736 33.33333333325828 0
1513 46.1538461538586 34.61538461531534 0
1514 46.15384615385985 35.89743589737242 0
1515 46.1538461538611 37.17948717942944 0
1516 46.15384615386232 38.46153846148651 0
1517 46.15384615386358 39.74358974354355 0
1518 46.15384615386481 41.02564102560063 0
1519 46.15384615386605 42.30769230765768 0
1520 46.1538461538673 43.58974358971474 0
1521 46.15384615386851 44.87179487177178 0
1522 46.15384615386976 46.15384615382884 0
1523 46.15384615387102 47.43589743588589 0
1524 46.15384615387225 48.71794871794295 0
1525 47.43589743588424 1.282051282046983 0
1526 47.43589743588507 2.564102564093628 0
1527 47.4358974358859 3.846153846140753 0
1528 47.43589743588672 5.128205128188347 0
1529 47.43589743588754 6.410256410235576 0
1530 47.43589743588838 7.692307692281108 0
1531 47.43589743588919 8.974358974326542 0
1532 47.43589743589004 10.25641025637198 0
1533 47.43589743589085 11.53846153841741 0
1534 47.43589743589168 12.82051282046285 0
1535 47.43589743589251 14.10256410250828 0
1536 47.43589743589332 15.38461538455372 0
1537 47.43589743589417 16.66666666660202 0
1538 47.43589743589499 17.94871794865178 0
1539 47.43589743589582 19.23076923070114 0
1540 47.43589743589665 20.51282051275044 0
1541 47.43589743589746 21.79487179479973 0
1542 47.4358974358983 23.07692307684902 0
1543 47.43589743589912 24.35897435889831 0
1544 47.43589743589993 25.64102564094761 0
1545 47.43589743590077 26.9230769229969 0
1546 47.43589743590161 28.2051282050462 0
1547 47.43589743590243 29.48717948709549 0
1548 47.43589743590326 30.76923076914478 0
1549 47.43589743590408 32.05128205119544 0
1550 47.43589743590491 33.33333333325291 0
1551 47.43589743590573 34.61538461531038 0
1552 47.43589743590656 35.89743589736787 0
1553 47.43589743590738 37.17948717942531 0
1554 47.4358974359082 38.4615384614828 0
1555 47.43589743590906 39.74358974354026 0
1556 47.43589743590987 41.02564102559773 0
1557 47.4358974359107 42.30769230765518 0
1558 47.43589743591153 43.58974358971266 0
1559 47.43589743591235 44.87179487177013 0
1560 47.43589743591318 46.15384615382759 0
1561 47.435897435914 47.43589743588507 0
1562 47.43589743591482 48.71794871794252 0
1563 48.71794871794211 1.28205128204662 0
1564 48.71794871794252 2.564102564092895 0
1565 48.71794871794295 3.846153846139661 0
1566 48.71794871794337 5.128205128186909 0
1567 48.71794871794377 6.410256410233782 0
1568 48.71794871794418 7.692307692278912 0
1569 48.71794871794459 8.974358974323941 0
1570 48.71794871794501 10.25641025636897 0
1571 48.71794871794542 11.538461538414 0
1572 48.71794871794584 12.82051282045903 0
1573 48.71794871794626 14.10256410250407 0
1574 48.71794871794667 15.3846153845491 0
1575 48.71794871794708 16.66666666659707 0
1576 48.71794871794749 17.94871794864654 0
1577 48.71794871794789 19.23076923069581 0
1578 48.71794871794832 20.51282051274505 0
1579 48.71794871794873 21.79487179479429 0
1580 48.71794871794914 23.07692307684352 0
1581 48.71794871794955 24.35897435889277 0
1582 48.71794871794997 25.64102564094201 0
1583 48.71794871795039 26.92307692299126 0
1584 48.7179487179508 28.2051282050405 0
1585 48.71794871795122 29.48717948708974 0
1586 48.71794871795164 30.76923076913897 0
1587 48.71794871795205 32.05128205118966 0
1588 48.71794871795245 33.33333333324754 0
1589 48.71794871795287 34.61538461530542 0
1590 48.71794871795329 35.89743589736332 0
1591 48.71794871795369 37.17948717942117 0
1592 48.71794871795412 38.46153846147907 0
1593 48.71794871795453 39.74358974353692 0
1594 48.71794871795494 41.02564102559483 0
1595 48.71794871795535 42.30769230765271 0
1596 48.71794871795576 43.58974358971058 0
1597 48.71794871795619 44.87179487176849 0
1598 48.71794871795659 46.15384615382635 0
1599 48.71794871795701 47.43589743588424 0
1600 48.71794871795742 48.71794871794213 0
$EndNodes
$Elements
1681
1 15 2 0 1 1
2 15 2 0 2 2
3 15 2 0 3 3
4 15 2 0 4 4
5 1 2 0 7 1 5
6 1 2 0 7 5 6
7 1 2 0 7 6 7
8 1 2 0 7 7 8
9 1 2 0 7 8 9
10 1 2 0 7 9 10
11 1 2 0 7 10 11
12 1 2 0 7 11 12
13 1 2 0 7 12 13
14 1 2 0 7 13 14
15 1 2 0 7 14 15
16 1 2 0 7 15 16
17 1 2 0 7 16 17
18 1 2 0 7 17 18
19 1 2 0 7 18 19
20 1 2 0 7 19 20
21 1 2 0 7 20 21
22 1 2 0 7 21 22
23 1 2 0 7 22 23
24 1 2 0 7 23 24
25 1 2 0 7 24 25
26 1 2 0 7 25 26
27 1 2 0 7 26 27
28 1 2 0 7 27 28
29 1 2 0 7 28 29
30 1 2 0 7 29 30
31 1 2 0 7 30 31
32 1 2 0 7 31 32
33 1 2 0 7 32 33
34 1 2 0 7 33 34
35 1 2 0 7 34 35
36 1 2 0 7 35 36
37 1 2 0 7 36 37
38 1 2 0 7 37 38
39 1 2 0 7 38 39
40 1 2 0 7 39 40
41 1 2 0 7 40 41
42 1 2 0 7 41 42
43 1 2 0 7 42 2
44 1 2 0 8 2 43
45 1 2 0 8 43 44
46 1 2 0 8 44 45
47 1 2 0 8 45 46
48 1 2 0 8 46 47
49 1 2 0 8 47 48
50 1 2 0 8 48 49
51 1 2 0 8 49 50
52 1 2 0 8 50 51
53 1 2 0 8 51 52
54 1 2 0 8 52 53
55 1 2 0 8 53 54
56 1 2 0 8 54 55
57 1 2 0 8 55 56
58 1 2 0 8 56 57
59 1 2 0 8 57 58
60 1 2 0 8 58 59
61 1 2 0 8 59 60
62 1 2 0 8 60 61
63 1 2 0 8 61 62
64 1 2 0 8 62 63
65 1 2 0 8 63 64
66 1 2 0 8 64 65
67 1 2 0 8 65 66
68 1 2 0 8 66 67
69 1 2 0 8 67 68
70 1 2 0 8 68 69
71 1 2 0 8 69 70
72 1 2 0 8 70 71
73 1 2 0 8 71 72
74 1 2 0 8 72 73
75 1 2 0 8 73 74
76 1 2 0 8 74 75
77 1 2 0 8 75 76
78 1 2 0 8 76 77
79 1 2 0 8 77 78
80 1 2 0 8 78 79
81 1 2 0 8 79 80
82 1 2 0 8 80 3
83 1 2 0 9 3 81
84 1 2 0 9 81 82
85 1 2 0 9 82 83
86 1 2 0 9 83 84
87 1 2 0 9 84 85
88 1 2 0 9 85 86
89 1 2 0 9 86 87
90 1 2 0 9 87 88
91 1 2 0 9 88 89
92 1 2 0 9 89 90
93 1 2 0 9 90 91
94 1 2 0 9 91 92
95 1 2 0 9 92 93
96 1 2 0 9 93 94
97 1 2 0 9 94 95
98 1 2 0 9 95 96
99 1 2 0 9 96 97
100 1 2 0 9 97 98
101 1 2 0 9 98 99
102 1 2 0 9 99 100
103 1 2 0 9 100 101
104 1 2 0 9 101 102
105 1 2 0 9 102 103
106 1 2 0 9 103 104
107 1 2 0 9 104 105
108 1 2 0 9 105 106
109 1 2 0 9 106 107
110 1 2 0 9 107 108
111 1 2 0 9 108 109
112 1 2 0 9 109 110
113 1 2 0 9 110 111
114 1 2 0 9 111 112
115 1 2 0 9 112 113
116 1 2 0 9 113 114
117 1 2 0 9 114 115
118 1 2 0 9 115 116
119 1 2 0 9 116 117
120 1 2 0 9 117 118
121 1 2 0 9 118 4
122 1 2 0 10 4 119
123 1 2 0 10 119 120
124 1 2 0 10 120 121
125 1 2 0 10 121 122
126 1 2 0 10 122 123
127 1 2 0 10 123 124
128 1 2 0 10 124 125
129 1 2 0 10 125 126
130 1 2 0 10 126 127
131 1 2 0 10 127 128
132 1 2 0 10 128 129
133 1 2 0 10 129 130
134 1 2 0 10 130 131
135 1 2 0 10 131 132
136 1 2 0 10 132 133
137 1 2 0 10 133 134
138 1 2 0 10 134 135
139 1 2 0 10 135 136
140 1 2 0 10 136 137
141 1 2 0 10 137 138
142 1 2 0 10 138 139
143 1 2 0 10 139 140
144 1 2 0 10 140 141
145 1 2 0 10 141 142
146 1 2 0 10 142 143
147 1 2 0 10 143 144
148 1 2 0 10 144 145
149 1 2 0 10 145 146
150 1 2 0 10 146 147
151 1 2 0 10 147 148
152 1 2 0 10 148 149
153 1 2 0 10 149 150
154 1 2 0 10 150 151
155 1 2 0 10 151 152
156 1 2 0 10 152 153
157 1 2 0 10 153 154
158 1 2 0 10 154 155
159 1 2 0 10 155 156
160 1 2 0 10 156 1
161 3 2 0 16 1 5 157 156
162 3 2 0 16 156 157 158 155
163 3 2 0 16 155 158 159 154
164 3 2 0 16 154 159 160 153
165 3 2 0 16 153 160 161 152
166 3 2 0 16 152 161 162 151
167 3 2 0 16 151 162 163 150
168 3 2 0 16 150 163 164 149
169 3 2 0 16 149 164 165 148
170 3 2 0 16 148 165 166 147
171 3 2 0 16 147 166 167 146
172 3 2 0 16 146 167 168 145
173 3 2 0 16 145 168 169 144
174 3 2 0 16 144 169 170 143
175 3 2 0 16 143 170 171 142
176 3 2 0 16 142 171 172 141
177 3 2 0 16 141 172 173 140
178 3 2 0 16 140 173 174 139
179 3 2 0 16 139 174 175 138
180 3 2 0 16 138 175 176 137
181 3 2 0 16 137 176 177 136
182 3 2 0 16 136 177 178 135
183 3 2 0 16 135 178 179 134
184 3 2 0 16 134 179 180 133
185 3 2 0 16 133 180 181 132
186 3 2 0 16 132 181 182 131
187 3 2 0 16 131 182 183 130
188 3 2 0 16 130 183 184 129
189 3 2 0 16 129 184 185 128
190 3 2 0 16 128 185 186 127
191 3 2 0 16 127 186 187 126
192 3 2 0 16 126 187 188 125
193 3 2 0 16 125 188 189 124
194 3 2 0 16 124 189 190 123
195 3 2 0 16 123 190 191 122
196 3 2 0 16 122 191 192 121
197 3 2 0 16 121 192 193 120
198 3 2 0 16 120 193 194 119
199 3 2 0 16 119 194 118 4
200 3 2 0 16 5 6 195 157
201 3 2 0 16 157 195 196 158
202 3 2 0 16 158 196 197 159
203 3 2 0 16 159 197 198 160
204 3 2 0 16 160 198 199 161
205 3 2 0 16 161 199 200 162
206 3 2 0 16 162 200 201 163
207 3 2 0 16 163 201 202 164
208 3 2 0 16 164 202 203 165
209 3 2 0 16 165 203 204 166
210 3 2 0 16 166 204 205 167
211 3 2 0 16 167 205 206 168
212 3 2 0 16 168 206 207 169
213 3 2 0 16 169 207 208 170
214 3 2 0 16 170 208 209 171
215 3 2 0 16 171 209 210 172
216 3 2 0 16 172 210 211 173
217 3 2 0 16 173 211 212 174
218 3 2 0 16 174 212 213 175
219 3 2 0 16 175 213 214 176
220 3 2 0 16 176 214 215 177
221 3 2 0 16 177 215 216 178
222 3 2 0 16 178 216 217 179
223 3 2 0 16 179 217 218 180
224 3 2 0 16 180 218 219 181
225 3 2 0 16 181 219 220 182
226 3 2 0 16 182 220 221 183
227 3 2 0 16 183 221 222 184
228 3 2 0 16 184 222 223 185
229 3 2 0 16 185 223 224 186
230 3 2 0 16 186 224 225 187
231 3 2 0 16 187 225 226 188
232 3 2 0 16 188 226 227 189
233 3 2 0 16 189 227 228 190
234 3 2 0 16 190 228 229 191
235 3 2 0 16 191 229 230 192
236 3 2 0 16 192 230 231 193
237 3 2 0 16 193 231 232 194
238 3 2 0 16 194 232 117 118
239 3 2 0 16 6 7 233 195
240 3 2 0 16 195 233 234 196
241 3 2 0 16 196 234 235 197
242 3 2 0 16 197 235 236 198
243 3 2 0 16 198 236 237 199
244 3 2 0 16 199 237 238 200
245 3 2 0 16 200 238 239 201
246 3 2 0 16 201 239 240 202
247 3 2 0 16 202 240 241 203
248 3 2 0 16 203 241 242 204
249 3 2 0 16 204 242 243 205
250 3 2 0 16 205 243 244 206
251 3 2 0 16 206 244 245 207
252 3 2 0 16 207 245 246 208
253 3 2 0 16 208 246 247 209
254 3 2 0 16 209 247 248 210
255 3 2 0 16 210 248 249 211
256 3 2 0 16 211 249 250 212
257 3 2 0 16 212 250 251 213
258 3 2 0 16 213 251 252 214
259 3 2 0 16 214 252 253 215
260 3 2 0 16 215 253 254 216
261 3 2 0 16 216 254 255 217
262 3 2 0 16 217 255 256 218
263 3 2 0 16 218 256 257 219
264 3 2 0 16 219 257 258 220
265 3 2 0 16 220 258 259 221
266 3 2 0 16 221 259 260 222
267 3 2 0 16 222 260 261 223
268 3 2 0 16 223 261 262 224
269 3 2 0 16 224 262 263 225
270 3 2 0 16 225 263 264 226
271 3 2 0 16 226 264 265 227
272 3 2 0 16 227 265 266 228
273 3 2 0 16 228 266 267 229
274 3 2 0 16 229 267 268 230
275 3 2 0 16 230 268 269 231
276 3 2 0 16 231 269 270 232
277 3 2 0 16 232 270 116 117
278 3 2 0 16 7 8 271 233
279 3 2 0 16 233 271 272 234
280 3 2 0 16 234 272 273 235
281 3 2 0 16 235 273 274 236
282 3 2 0 16 236 274 275 237
283 3 2 0 16 237 275 276 238
284 3 2 0 16 238 276 277 239
285 3 2 0 16 239 277 278 240
286 3 2 0 16 240 278 279 241
287 3 2 0 16 241 279 280 242
288 3 2 0 16 242 280 281 243
289 3 2 0 16 243 281 282 244
290 3 2 0 16 244 282 283 245
291 3 2 0 16 245 283 284 246
292 3 2 0 16 246 284 285 247
293 3 2 0 16 247 285 286 248
294 3 2 0 16 248 286 287 249
295 3 2 0 16 249 287 288 250
296 3 2 0 16 250 288 289 251
297 3 2 0 16 251 289 290 252
298 3 2 0 16 252 290 291 253
299 3 2 0 16 253 291 292 254
300 3 2 0 16 254 292 293 255
301 3 2 0 16 255 293 294 256
302 3 2 0 16 256 294 295 257
303 3 2 0 16 257 295 296 258
304 3 2 0 16 258 296 297 259
305 3 2 0 16 259 297 298 260
306 3 2 0 16 260 298 299 261
307 3 2 0 16 261 299 300 262
308 3 2 0 16 262 300 301 263
309 3 2 0 16 263 301 302 264
310 3 2 0 16 264 302 303 265
311 3 2 0 16 265 303 304 266
312 3 2 0 16 266 304 305 267
313 3 2 0 16 267 305 306 268
314 3 2 0 16 268 306 307 269
315 3 2 0 16 269 307 308 270
316 3 2 0 16 270 308 115 116
317 3 2 0 16 8 9 309 271
318 3 2 0 16 271 309 310 272
319 3 2 0 16 272 310 311 273
320 3 2 0 16 273 311 312 274
321 3 2 0 16 274 312 313 275
322 3 2 0 16 275 313 314 276
323 3 2 0 16 276 314 315 277
324 3 2 0 16 277 315 316 278
325 3 2 0 16 278 316 317 279
326 3 2 0 16 279 317 318 280
327 3 2 0 16 280 318 319 281
328 3 2 0 16 281 319 320 282
329 3 2 0 16 282 320 321 283
330 3 2 0 16 283 321 322 284
331 3 2 0 16 284 322 323 285
332 3 2 0 16 285 323 324 286
333 3 2 0 16 286 324 325 287
334 3 2 0 16 287 325 326 288
335 3 2 0 16 288 326 327 289
336 3 2 0 16 289 327 328 290
337 3 2 0 16 290 328 329 291
338 3 2 0 16 291 329 330 292
339 3 2 0 16 292 330 331 293
340 3 2 0 16 293 331 332 294
341 3 2 0 16 294 332 333 295
342 3 2 0 16 295 333 334 296
343 3 2 0 16 296 334 335 297
344 3 2 0 16 297 335 336 298
345 3 2 0 16 298 336 337 299
346 3 2 0 16 299 337 338 300
347 3 2 0 16 300 338 339 301
348 3 2 0 16 301 339 340 302
349 3 2 0 16 302 340 341 303
350 3 2 0 16 303 341 342 304
351 3 2 0 16 304 342 343 305
352 3 2 0 16 305 343 344 306
353 3 2 0 16 306 344 345 307
354 3 2 0 16 307 345 346 308
355 3 2 0 16 308 346 114 115
356 3 2 0 16 9 10 347 309
357 3 2 0 16 309 347 348 310
358 3 2 0 16 310 348 349 311
359 3 2 0 16 311 349 350 312
360 3 2 0 16 312 350 351 313
361 3 2 0 16 313 351 352 314
362 3 2 0 16 314 352 353 315
363 3 2 0 16 315 353 354 316
364 3 2 0 16 316 354 355 317
365 3 2 0 16 317 355 356 318
366 3 2 0 16 318 356 357 319
367 3 2 0 16 319 357 358 320
368 3 2 0 16 320 358 359 321
369 3 2 0 16 321 359 360 322
370 3 2 0 16 322 360 361 323
371 3 2 0 16 323 361 362 324
372 3 2 0 16 324 362 363 325
373 3 2 0 16 325 363 364 326
374 3 2 0 16 326 364 365 327
375 3 2 0 16 327 365 366 328
376 3 2 0 16 328 366 367 329
377 3 2 0 16 329 367 368 330
378 3 2 0 16 330 368 369 331
379 3 2 0 16 331 369 370 332
380 3 2 0 16 332 370 371 333
381 3 2 0 16 333 371 372 334
382 3 2 0 16 334 372 373 335
383 3 2 0 16 335 373 374 336
384 3 2 0 16 336 374 375 337
385 3 2 0 16 337 375 376 338
386 3 2 0 16 338 376 377 339
387 3 2 0 16 339 377 378 340
388 3 2 0 16 340 378 379 341
389 3 2 0 16 341 379 380 342
390 3 2 0 16 342 380 381 343
391 3 2 0 16 343 381 382 344
392 3 2 0 16 344 382 383 345
393 3 2 0 16 345 383 384 346
394 3 2 0 16 346 384 113 114
395 3 2 0 16 10 11 385 347
396 3 2 0 16 347 385 386 348
397 3 2 0 16 348 386 387 349
398 3 2 0 16 349 387 388 350
399 3 2 0 16 350 388 389 351
400 3 2 0 16 351 389 390 352
401 3 2 0 16 352 390 391 353
402 3 2 0 16 353 391 392 354
403 3 2 0 16 354 392 393 355
404 3 2 0 16 355 393 394 356
405 3 2 0 16 356 394 395 357
406 3 2 0 16 357 395 396 358
407 3 2 0 16 358 396 397 359
408 3 2 0 16 359 397 398 360
409 3 2 0 16 360 398 399 361
410 3 2 0 16 361 399 400 362
411 3 2 0 16 362 400 401 363
412 3 2 0 16 363 401 402 364
413 3 2 0 16 364 402 403 365
414 3 2 0 16 365 403 404 366
415 3 2 0 16 366 404 405 367
416 3 2 0 16 367 405 406 368
417 3 2 0 16 368 406 407 369
418 3 2 0 16 369 407 408 370
419 3 2 0 16 370 408 409 371
420 3 2 0 16 371 409 410 372
421 3 2 0 16 372 410 411 373
422 3 2 0 16 373 411 412 374
423 3 2 0 16 374 412 413 375
424 3 2 0 16 375 413 414 376
425 3 2 0 16 376 414 415 377
426 3 2 0 16 377 415 416 378
427 3 2 0 16 378 416 417 379
428 3 2 0 16 379 417 418 380
429 3 2 0 16 380 418 419 381
430 3 2 0 16 381 419 420 382
431 3 2 0 16 382 420 421 383
432 3 2 0 16 383 421 422 384
433 3 2 0 16 384 422 112 113
434 3 2 0 16 11 12 423 385
435 3 2 0 16 385 423 424 386
436 3 2 0 16 386 424 425 387
437 3 2 0 16 387 425 426 388
438 3 2 0 16 388 426 427 389
439 3 2 0 16 389 427 428 390
440 3 2 0 16 390 428 429 391
441 3 2 0 16 391 429 430 392
442 3 2 0 16 392 430 431 393
443 3 2 0 16 393 431 432 394
444 3 2 0 16 394 432 433 395
445 3 2 0 16 395 433 434 396
446 3 2 0 16 396 434 435 397
447 3 2 0 16 397 435 436 398
448 3 2 0 16 398 436 437 399
449 3 2 0 16 399 437 438 400
450 3 2 0 16 400 438 439 401
451 3 2 0 16 401 439 440 402
452 3 2 0 16 402 440 441 403
453 3 2 0 16 403 441 442 404
454 3 2 0 16 404 442 443 405
455 3 2 0 16 405 443 444 406
456 3 2 0 16 406 444 445 407
457 3 2 0 16 407 445 446 408
458 3 2 0 16 408 446 447 409
459 3 2 0 16 409 447 448 410
460 3 2 0 16 410 448 449 411
461 3 2 0 16 411 449 450 412
462 3 2 0 16 412 450 451 413
463 3 2 0 16 413 451 452 414
464 3 2 0 16 414 452 453 415
465 3 2 0 16 415 453 454 416
466 3 2 0 16 416 454 455 417
467 3 2 0 16 417 455 456 418
468 3 2 0 16 418 456 457 419
469 3 2 0 16 419 457 458 420
470 3 2 0 16 420 458 459 421
471 3 2 0 16 421 459 460 422
472 3 2 0 16 422 460 111 112
473 3 2 0 16 12 13 461 423
474 3 2 0 16 423 461 462 424
475 3 2 0 16 424 462 463 425
476 3 2 0 16 425 463 464 426
477 3 2 0 16 426 464 465 427
478 3 2 0 16 427 465 466 428
479 3 2 0 16 428 466 467 429
480 3 2 0 16 429 467 468 430
481 3 2 0 16 430 468 469 431
482 3 2 0 16 431 469 470 432
483 3 2 0 16 432 470 471 433
484 3 2 0 16 433 471 472 434
485 3 2 0 16 434 472 473 435
486 3 2 0 16 435 473 474 436
487 3 2 0 16 436 474 475 437
488 3 2 0 16 437 475 476 438
489 3 2 0 16 438 476 477 439
490 3 2 0 16 439 477 478 440
491 3 2 0 16 440 478 479 441
492 3 2 0 16 441 479 480 442
493 3 2 0 16 442 480 481 443
494 3 2 0 16 443 481 482 444
495 3 2 0 16 444 482 483 445
496 3 2 0 16 445 483 484 446
497 3 2 0 16 446 484 485 447
498 3 2 0 16 447 485 486 448
499 3 2 0 16 448 486 487 449
500 3 2 0 16 449 487 488 450
501 3 2 0 16 450 488 489 451
502 3 2 0 16 451 489 490 452
503 3 2 0 16 452 490 491 453
504 3 2 0 16 453 491 492 454
505 3 2 0 16 454 492 493 455
506 3 2 0 16 455 493 494 456
507 3 2 0 16 456 494 495 457
508 3 2 0 16 457 495 496 458
509 3 2 0 16 458 496 497 459
510 3 2 0 16 459 497 498 460
511 3 2 0 16 460 498 110 111
512 3 2 0 16 13 14 499 461
513 3 2 0 16 461 499 500 462
514 3 2 0 16 462 500 501 463
515 3 2 0 16 463 501 502 464
516 3 2 0 16 464 502 503 465
517 3 2 0 16 465 503 504 466
518 3 2 0 16 466 504 505 467
519 3 2 0 16 467 505 506 468
520 3 2 0 16 468 506 507 469
521 3 2 0 16 469 507 508 470
522 3 2 0 16 470 508 509 471
523 3 2 0 16 471 509 510 472
524 3 2 0 16 472 510 511 473
525 3 2 0 16 473 511 512 474
526 3 2 0 16 474 512 513 475
527 3 2 0 16 475 513 514 476
528 3 2 0 16 476 514 515 477
529 3 2 0 16 477 515 516 478
530 3 2 0 16 478 516 517 479
531 3 2 0 16 479 517 518 480
532 3 2 0 16 480 518 519 481
533 3 2 0 16 481 519 520 482
534 3 2 0 16 482 520 521 483
535 3 2 0 16 483 521 522 484
536 3 2 0 16 484 522 523 485
537 3 2 0 16 485 523 524 486
538 3 2 0 16 486 524 525 487
539 3 2 0 16 487 525 526 488
540 3 2 0 16 488 526 527 489
541 3 2 0 16 489 527 528 490
542 3 2 0 16 490 528 529 491
543 3 2 0 16 491 529 530 492
544 3 2 0 16 492 530 531 493
545 3 2 0 16 493 531 532 494
546 3 2 0 16 494 532 533 495
547 3 2 0 16 495 533 534 496
548 3 2 0 16 496 534 535 497
549 3 2 0 16 497 535 536 498
550 3 2 0 16 498 536 109 110
551 3 2 0 16 14 15 537 499
552 3 2 0 16 499 537 538 500
553 3 2 0 16 500 538 539 501
554 3 2 0 16 501 539 540 502
555 3 2 0 16 502 540 541 503
556 3 2 0 16 503 541 542 504
557 3 2 0 16 504 542 543 505
558 3 2 0 16 505 543 544 506
559 3 2 0 16 506 544 545 507
560 3 2 0 16 507 545 546 508
561 3 2 0 16 508 546 547 509
562 3 2 0 16 509 547 548 510
563 3 2 0 16 510 548 549 511
564 3 2 0 16 511 549 550 512
565 3 2 0 16 512 550 551 513
566 3 2 0 16 513 551 552 514
567 3 2 0 16 514 552 553 515
568 3 2 0 16 515 553 554 516
569 3 2 0 16 516 554 555 517
570 3 2 0 16 517 555 556 518
571 3 2 0 16 518 556 557 519
572 3 2 0 16 519 557 558 520
573 3 2 0 16 520 558 559 521
574 3 2 0 16 521 559 560 522
575 3 2 0 16 522 560 561 523
576 3 2 0 16 523 561 562 524
577 3 2 0 16 524 562 563 525
578 3 2 0 16 525 563 564 526
579 3 2 0 16 526 564 565 527
580 3 2 0 16 527 565 566 528
581 3 2 0 16 528 566 567 529
582 3 2 0 16 529 567 568 530
583 3 2 0 16 530 568 569 531
584 3 2 0 16 531 569 570 532
585 3 2 0 16 532 570 571 533
586 3 2 0 16 533 571 572 534
587 3 2 0 16 534 572 573 535
588 3 2 0 16 535 573 574 536
589 3 2 0 16 536 574 108 109
590 3 2 0 16 15 16 575 537
591 3 2 0 16 537 575 576 538
592 3 2 0 16 538 576 577 539
593 3 2 0 16 539 577 578 540
594 3 2 0 16 540 578 579 541
595 3 2 0 16 541 579 580 542
596 3 2 0 16 542 580 581 543
597 3 2 0 16 543 581 582 544
598 3 2 0 16 544 582 583 545
599 3 2 0 16 545 583 584 546
600 3 2 0 16 546 584 585 547
601 3 2 0 16 547 585 586 548
602 3 2 0 16 548 586 587 549
603 3 2 0 16 549 587 588 550
604 3 2 0 16 550 588 589 551
605 3 2 0 16 551 589 590 552
606 3 2 0 16 552 590 591 553
607 3 2 0 16 553 591 592 554
608 3 2 0 16 554 592 593 555
609 3 2 0 16 555 593 594 556
610 3 2 0 16 556 594 595 557
611 3 2 0 16 557 595 596 558
612 3 2 0 16 558 596 597 559
613 3 2 0 16 559 597 598 560
614 3 2 0 16 560 598 599 561
615 3 2 0 16 561 599 600 562
616 3 2 0 16 562 600 601 563
617 3 2 0 16 563 601 602 564
618 3 2 0 16 564 602 603 565
619 3 2 0 16 565 603 604 566
620 3 2 0 16 566 604 605 567
621 3 2 0 16 567 605 606 568
622 3 2 0 16 568 606 607 569
623 3 2 0 16 569 607 608 570
624 3 2 0 16 570 608 609 571
625 3 2 0 16 571 609 610 572
626 3 2 0 16 572 610 611 573
627 3 2 0 16 573 611 612 574
628 3 2 0 16 574 612 107 108
629 3 2 0 16 16 17 613 575
630 3 2 0 16 575 613 614 576
631 3 2 0 16 576 614 615 577
632 3 2 0 16 577 615 616 578
633 3 2 0 16 578 616 617 579
634 3 2 0 16 579 617 618 580
635 3 2 0 16 580 618 619 581
636 3 2 0 16 581 619 620 582
637 3 2 0 16 582 620 621 583
638 3 2 0 16 583 621 622 584
639 3 2 0 16 584 622 623 585
640 3 2 0 16 585 623 624 586
641 3 2 0 16 586 624 625 587
642 3 2 0 16 587 625 626 588
643 3 2 0 16 588 626 627 589
644 3 2 0 16 589 627 628 590
645 3 2 0 16 590 628 629 591
646 3 2 0 16 591 629 630 592
647 3 2 0 16 592 630 631 593
648 3 2 0 16 593 631 632 594
649 3 2 0 16 594 632 633 595
650 3 2 0 16 595 633 634 596
651 3 2 0 16 596 634 635 597
652 3 2 0 16 597 635 636 598
653 3 2 0 16 598 636 637 599
654 3 2 0 16 599 637 638 600
655 3 2 0 16 600 638 639 601
656 3 2 0 16 601 639 640 602
657 3 2 0 16 602 640 641 603
658 3 2 0 16 603 641 642 604
659 3 2 0 16 604 642 643 605
660 3 2 0 16 605 643 644 606
661 3 2 0 16 606 644 645 607
662 3 2 0 16 607 645 646 608
663 3 2 0 16 608 646 647 609
664 3 2 0 16 609 647 648 610
665 3 2 0 16 610 648 649 611
666 3 2 0 16 611 649 650 612
667 3 2 0 16 612 650 106 107
668 3 2 0 16 17 18 651 613
669 3 2 0 16 613 651 652 614
670 3 2 0 16 614 652 653 615
671 3 2 0 16 615 653 654 616
672 3 2 0 16 616 654 655 617
673 3 2 0 16 617 655 656 618
674 3 2 0 16 618 656 657 619
675 3 2 0 16 619 657 658 620
676 3 2 0 16 620 658 659 621
677 3 2 0 16 621 659 660 622
678 3 2 0 16 622 660 661 623
679 3 2 0 16 623 661 662 624
680 3 2 0 16 624 662 663 625
681 3 2 0 16 625 663 664 626
682 3 2 0 16 626 664 665 627
683 3 2 0 16 627 665 666 628
684 3 2 0 16 628 666 667 629
685 3 2 0 16 629 667 668 630
686 3 2 0 16 630 668 669 631
687 3 2 0 16 631 669 670 632
688 3 2 0 16 632 670 671 633
689 3 2 0 16 633 671 672 634
690 3 2 0 16 634 672 673 635
691 3 2 0 16 635 673 674 636
692 3 2 0 16 636 674 675 637
693 3 2 0 16 637 675 676 638
694 3 2 0 16 638 676 677 639
695 3 2 0 16 639 677 678 640
696 3 2 0 16 640 678 679 641
697 3 2 0 16 641 679 680 642
698 3 2 0 16 642 680 681 643
699 3 2 0 16 643 681 682 644
700 3 2 0 16 644 682 683 645
701 3 2 0 16 645 683 684 646
702 3 2 0 16 646 684 685 647
703 3 2 0 16 647 685 686 648
704 3 2 0 16 648 686 687 649
705 3 2 0 16 649 687 688 650
706 3 2 0 16 650 688 105 106
707 3 2 0 16 18 19 689 651
708 3 2 0 16 651 689 690 652
709 3 2 0 16 652 690 691 653
710 3 2 0 16 653 691 692 654
711 3 2 0 16 654 692 693 655
712 3 2 0 16 655 693 694 656
713 3 2 0 16 656 694 695 657
714 3 2 0 16 657 695 696 658
715 3 2 0 16 658 696 697 659
716 3 2 0 16 659 697 698 660
717 3 2 0 16 660 698 699 661
718 3 2 0 16 661 699 700 662
719 3 2 0 16 662 700 701 663
720 3 2 0 16 663 701 702 664
721 3 2 0 16 664 702 703 665
722 3 2 0 16 665 703 704 666
723 3 2 0 16 666 704 705 667
724 3 2 0 16 667 705 706 668
725 3 2 0 16 668 706 707 669
726 3 2 0 16 669 707 708 670
727 3 2 0 16 670 708 709 671
728 3 2 0 16 671 709 710 672
729 3 2 0 16 672 710 711 673
730 3 2 0 16 673 711 712 674
731 3 2 0 16 674 712 713 675
732 3 2 0 16 675 713 714 676
733 3 2 0 16 676 714 715 677
734 3 2 0 16 677 715 716 678
735 3 2 0 16 678 716 717 679
736 3 2 0 16 679 717 718 680
737 3 2 0 16 680 718 719 681
738 3 2 0 16 681 719 720 682
739 3 2 0 16 682 720 721 683
740 3 2 0 16 683 721 722 684
741 3 2 0 16 684 722 723 685
742 3 2 0 16 685 723 724 686
743 3 2 0 16 686 724 725 687
744 3 2 0 16 687 725 726 688
745 3 2 0 16 688 726 104 105
746 3 2 0 16 19 20 727 689
747 3 2 0 16 689 727 728 690
748 3 2 0 16 690 728 729 691
749 3 2 0 16 691 729 730 692
750 3 2 0 16 692 730 731 693
751 3 2 0 16 693 731 732 694
752 3 2 0 16 694 732 733 695
753 3 2 0 16 695 733 734 696
754 3 2 0 16 696 734 735 697
755 3 2 0 16 697 735 736 698
756 3 2 0 16 698 736 737 699
757 3 2 0 16 699 737 738 700
758 3 2 0 16 700 738 739 701
759 3 2 0 16 701 739 740 702
760 3 2 0 16 702 740 741 703
761 3 2 0 16 703 741 742 704
762 3 2 0 16 704 742 743 705
763 3 2 0 16 705 743 744 706
764 3 2 0 16 706 744 745 707
765 3 2 0 16 707 745 746 708
766 3 2 0 16 708 746 747 709
767 3 2 0 16 709 747 748 710
768 3 2 0 16 710 748 749 711
769 3 2 0 16 711 749 750 712
770 3 2 0 16 712 750 751 713
771 3 2 0 16 713 751 752 714
772 3 2 0 16 714 752 753 715
773 3 2 0 16 715 753 754 716
774 3 2 0 16 716 754 755 717
775 3 2 0 16 717 755 756 718
776 3 2 0 16 718 756 757 719
777 3 2 0 16 719 757 758 720
778 3 2 0 16 720 758 759 721
779 3 2 0 16 721 759 760 722
780 3 2 0 16 722 760 761 723
781 3 2 0 16 723 761 762 724
782 3 2 0 16 724 762 763 725
783 3 2 0 16 725 763 764 726
784 3 2 0 16 726 764 103 104
785 3 2 0 16 20 21 765 727
786 3 2 0 16 727 765 766 728
787 3 2 0 16 728 766 767 729
788 3 2 0 16 729 767 768 730
789 3 2 0 16 730 768 769 731
790 3 2 0 16 731 769 770 732
791 3 2 0 16 732 770 771 733
792 3 2 0 16 733 771 772 734
793 3 2 0 16 734 772 773 735
794 3 2 0 16 735 773 774 736
795 3 2 0 16 736 774 775 737
796 3 2 0 16 737 775 776 738
797 3 2 0 16 738 776 777 739
798 3 2 0 16 739 777 778 740
799 3 2 0 16 740 778 779 741
800 3 2 0 16 741 779 780 742
801 3 2 0 16 742 780 781 743
802 3 2 0 16 743 781 782 744
803 3 2 0 16 744 782 783 745
804 3 2 0 16 745 783 784 746
805 3 2 0 16 746 784 785 747
806 3 2 0 16 747 785 786 748
807 3 2 0 16 748 786 787 749
808 3 2 0 16 749 787 788 750
809 3 2 0 16 750 788 789 751
810 3 2 0 16 751 789 790 752
811 3 2 0 16 752 790 791 753
812 3 2 0 16 753 791 792 754
813 3 2 0 16 754 792 793 755
814 3 2 0 16 755 793 794 756
815 3 2 0 16 756 794 795 757
816 3 2 0 16 757 795 796 758
817 3 2 0 16 758 796 797 759
818 3 2 0 16 759 797 798 760
819 3 2 0 16 760 798 799 761
820 3 2 0 16 761 799 800 762
821 3 2 0 16 762 800 801 763
822 3 2 0 16 763 801 802 764
823 3 2 0 16 764 802 102 103
824 3 2 0 16 21 22 803 765
825 3 2 0 16 765 803 804 766
826 3 2 0 16 766 804 805 767
827 3 2 0 16 767 805 806 768
828 3 2 0 16 768 806 807 769
829 3 2 0 16 769 807 808 770
830 3 2 0 16 770 808 809 771
831 3 2 0 16 771 809 810 772
832 3 2 0 16 772 810 811 773
833 3 2 0 16 773 811 812 774
834 3 2 0 16 774 812 813 775
835 3 2 0 16 775 813 814 776
836 3 2 0 16 776 814 815 777
837 3 2 0 16 777 815 816 778
838 3 2 0 16 778 816 817 779
839 3 2 0 16 779 817 818 780
840 3 2 0 16 780 818 819 781
841 3 2 0 16 781 819 820 782
842 3 2 0 16 782 820 821 783
843 3 2 0 16 783 821 822 784
844 3 2 0 16 784 822 823 785
845 3 2 0 16 785 823 824 786
846 3 2 0 16 786 824 825 787
847 3 2 0 16 787 825 826 788
848 3 2 0 16 788 826 827 789
849 3 2 0 16 789 827 828 790
850 3 2 0 16 790 828 829 791
851 3 2 0 16 791 829 830 792
852 3 2 0 16 792 830 831 793
853 3 2 0 16 793 831 832 794
854 3 2 0 16 794 832 833 795
855 3 2 0 16 795 833 834 796
856 3 2 0 16 796 834 835 797
857 3 2 0 16 797 835 836 798
858 3 2 0 16 798 836 837 799
859 3 2 0 16 799 837 838 800
860 3 2 0 16 800 838 839 801
861 3 2 0 16 801 839 840 802
862 3 2 0 16 802 840 101 102
863 3 2 0 16 22 23 841 803
864 3 2 0 16 803 841 842 804
865 3 2 0 16 804 842 843 805
866 3 2 0 16 805 843 844 806
867 3 2 0 16 806 844 845 807
868 3 2 0 16 807 845 846 808
869 3 2 0 16 808 846 847 809
870 3 2 0 16 809 847 848 810
871 3 2 0 16 810 848 849 811
872 3 2 0 16 811 849 850 812
873 3 2 0 16 812 850 851 813
874 3 2 0 16 813 851 852 814
875 3 2 0 16 814 852 853 815
876 3 2 0 16 815 853 854 816
877 3 2 0 16 816 854 855 817
878 3 2 0 16 817 855 856 818
879 3 2 0 16 818 856 857 819
880 3 2 0 16 819 857 858 820
881 3 2 0 16 820 858 859 821
882 3 2 0 16 821 859 860 822
883 3 2 0 16 822 860 861 823
884 3 2 0 16 823 861 862 824
885 3 2 0 16 824 862 863 825
886 3 2 0 16 825 863 864 826
887 3 2 0 16 826 864 865 827
888 3 2 0 16 827 865 866 828
889 3 2 0 16 828 866 867 829
890 3 2 0 16 829 867 868 830
891 3 2 0 16 830 868 869 831
892 3 2 0 16 831 869 870 832
893 3 2 0 16 832 870 871 833
894 3 2 0 16 833 871 872 834
895 3 2 0 16 834 872 873 835
896 3 2 0 16 835 873 874 836
897 3 2 0 16 836 874 875 837
898 3 2 0 16 837 875 876 838
899 3 2 0 16 838 876 877 839
900 3 2 0 16 839 877 878 840
901 3 2 0 16 840 878 100 101
902 3 2 0 16 23 24 879 841
903 3 2 0 16 841 879 880 842
904 3 2 0 16 842 880 881 843
905 3 2 0 16 843 881 882 844
906 3 2 0 16 844 882 883 845
907 3 2 0 16 845 883 884 846
908 3 2 0 16 846 884 885 847
909 3 2 0 16 847 885 886 848
910 3 2 0 16 848 886 887 849
911 3 2 0 16 849 887 888 850
912 3 2 0 16 850 888 889 851
913 3 2 0 16 851 889 890 852
914 3 2 0 16 852 890 891 853
915 3 2 0 16 853 891 892 854
916 3 2 0 16 854 892 893 855
917 3 2 0 16 855 893 894 856
918 3 2 0 16 856 894 895 857
919 3 2 0 16 857 895 896 858
920 3 2 0 16 858 896 897 859
921 3 2 0 16 859 897 898 860
922 3 2 0 16 860 898 899 861
923 3 2 0 16 861 899 900 862
924 3 2 0 16 862 900 901 863
925 3 2 0 16 863 901 902 864
926 3 2 0 16 864 902 903 865
927 3 2 0 16 865 903 904 866
928 3 2 0 16 866 904 905 867
929 3 2 0 16 867 905 906 868
930 3 2 0 16 868 906 907 869
931 3 2 0 16 869 907 908 870
932 3 2 0 16 870 908 909 871
933 3 2 0 16 871 909 910 872
934 3 2 0 16 872 910 911 873
935 3 2 0 16 873 911 912 874
936 3 2 0 16 874 912 913 875
937 3 2 0 16 875 913 914 876
938 3 2 0 16 876 914 915 877
939 3 2 0 16 877 915 916 878
940 3 2 0 16 878 916 99 100
941 3 2 0 16 24 25 917 879
942 3 2 0 16 879 917 918 880
943 3 2 0 16 880 918 919 881
944 3 2 0 16 881 919 920 882
945 3 2 0 16 882 920 921 883
946 3 2 0 16 883 921 922 884
947 3 2 0 16 884 922 923 885
948 3 2 0 16 885 923 924 886
949 3 2 0 16 886 924 925 887
950 3 2 0 16 887 925 926 888
951 3 2 0 16 888 926 927 889
952 3 2 0 16 889 927 928 890
953 3 2 0 16 890 928 929 891
954 3 2 0 16 891 929 930 892
955 3 2 0 16 892 930 931 893
956 3 2 0 16 893 931 932 894
957 3 2 0 16 894 932 933 895
958 3 2 0 16 895 933 934 896
959 3 2 0 16 896 934 935 897
960 3 2 0 16 897 935 936 898
961 3 2 0 16 898 936 937 899
962 3 2 0 16 899 937 938 900
963 3 2 0 16 900 938 939 901
964 3 2 0 16 901 939 940 902
965 3 2 0 16 902 940 941 903
966 3 2 0 16 903 941 942 904
967 3 2 0 16 904 942 943 905
968 3 2 0 16 905 943 944 906
969 3 2 0 16 906 944 945 907
970 3 2 0 16 907 945 946 908
971 3 2 0 16 908 946 947 909
972 3 2 0 16 909 947 948 910
973 3 2 0 16 910 948 949 911
974 3 2 0 16 911 949 950 912
975 3 2 0 16 912 950 951 913
976 3 2 0 16 913 951 952 914
977 3 2 0 16 914 952 953 915
978 3 2 0 16 915 953 954 916
979 3 2 0 16 916 954 98 99
980 3 2 0 16 25 26 955 917
981 3 2 0 16 917 955 956 918
982 3 2 0 16 918 956 957 919
983 3 2 0 16 919 957 958 920
984 3 2 0 16 920 958 959 921
985 3 2 0 16 921 959 960 922
986 3 2 0 16 922 960 961 923
987 3 2 0 16 923 961 962 924
988 3 2 0 16 924 962 963 925
989 3 2 0 16 925 963 964 926
990 3 2 0 16 926 964 965 927
991 3 2 0 16 927 965 966 928
992 3 2 0 16 928 966 967 929
993 3 2 0 16 929 967 968 930
994 3 2 0 16 930 968 969 931
995 3 2 0 16 931 969 970 932
996 3 2 0 16 932 970 971 933
997 3 2 0 16 933 971 972 934
998 3 2 0 16 934 972 973 935
999 3 2 0 16 935 973 974 936
1000 3 2 0 16 936 974 975 937
1001 3 2 0 16 937 975 976 938
1002 3 2 0 16 938 976 977 939
1003 3 2 0 16 939 977 978 940
1004 3 2 0 16 940 978 979 941
1005 3 2 0 16 941 979 980 942
1006 3 2 0 16 942 980 981 943
1007 3 2 0 16 943 981 982 944
1008 3 2 0 16 944 982 983 945
1009 3 2 0 16 945 983 984 946
1010 3 2 0 16 946 984 985 947
1011 3 2 0 16 947 985 986 948
1012 3 2 0 16 948 986 987 949
1013 3 2 0 16 949 987 988 950
1014 3 2 0 16 950 988 989 951
1015 3 2 0 16 951 989 990 952
1016 3 2 0 16 952 990 991 953
1017 3 2 0 16 953 991 992 954
1018 3 2 0 16 954 992 97 98
1019 3 2 0 16 26 27 993 955
1020 3 2 0 16 955 993 994 956
1021 3 2 0 16 956 994 995 957
1022 3 2 0 16 957 995 996 958
1023 3 2 0 16 958 996 997 959
1024 3 2 0 16 959 997 998 960
1025 3 2 0 16 960 998 999 961
1026 3 2 0 16 961 999 1000 962
1027 3 2 0 16 962 1000 1001 963
1028 3 2 0 16 963 1001 1002 964
1029 3 2 0 16 964 1002 1003 965
1030 3 2 0 16 965 1003 1004 966
1031 3 2 0 16 966 1004 1005 967
1032 3 2 0 16 967 1005 1006 968
1033 3 2 0 16 968 1006 1007 969
1034 3 2 0 16 969 1007 1008 970
1035 3 2 0 16 970 1008 1009 971
1036 3 2 0 16 971 1009 1010 972
1037 3 2 0 16 972 1010 1011 973
1038 3 2 0 16 973 1011 1012 974
1039 3 2 0 16 974 1012 1013 975
1040 3 2 0 16 975 1013 1014 976
1041 3 2 0 16 976 1014 1015 977
1042 3 2 0 16 977 1015 1016 978
1043 3 2 0 16 978 1016 1017 979
1044 3 2 0 16 979 1017 1018 980
1045 3 2 0 16 980 1018 1019 981
1046 3 2 0 16 981 1019 1020 982
1047 3 2 0 16 982 1020 1021 983
1048 3 2 0 16 983 1021 1022 984
1049 3 2 0 16 984 1022 1023 985
1050 3 2 0 16 985 1023 1024 986
1051 3 2 0 16 986 1024 1025 987
1052 3 2 0 16 987 1025 1026 988
1053 3 2 0 16 988 1026 1027 989
1054 3 2 0 16 989 1027 1028 990
1055 3 2 0 16 990 1028 1029 991
1056 3 2 0 16 991 1029 1030 992
1057 3 2 0 16 992 1030 96 97
1058 3 2 0 16 27 28 1031 993
1059 3 2 0 16 993 1031 1032 994
1060 3 2 0 16 994 1032 1033 995
1061 3 2 0 16 995 1033 1034 996
1062 3 2 0 16 996 1034 1035 997
1063 3 2 0 16 997 1035 1036 998
1064 3 2 0 16 998 1036 1037 999
1065 3 2 0 16 999 1037 1038 1000
1066 3 2 0 16 1000 1038 1039 1001
1067 3 2 0 16 1001 1039 1040 1002
1068 3 2 0 16 1002 1040 1041 1003
1069 3 2 0 16 1003 1041 1042 1004
1070 3 2 0 16 1004 1042 1043 1005
1071 3 2 0 16 1005 1043 1044 1006
1072 3 2 0 16 1006 1044 1045 1007
1073 3 2 0 16 1007 1045 1046 1008
1074 3 2 0 16 1008 1046 1047 1009
1075 3 2 0 16 1009 1047 1048 1010
1076 3 2 0 16 1010 1048 1049 1011
1077 3 2 0 16 1011 1049 1050 1012
1078 3 2 0 16 1012 1050 1051 1013
1079 3 2 0 16 1013 1051 1052 1014
1080 3 2 0 16 1014 1052 1053 1015
1081 3 2 0 16 1015 1053 1054 1016
1082 3 2 0 16 1016 1054 1055 1017
1083 3 2 0 16 1017 1055 1056 1018
1084 3 2 0 16 1018 1056 1057 1019
1085 3 2 0 16 1019 1057 1058 1020
1086 3 2 0 16 1020 1058 1059 1021
1087 3 2 0 16 1021 1059 1060 1022
1088 3 2 0 16 1022 1060 1061 1023
1089 3 2 0 16 1023 1061 1062 1024
1090 3 2 0 16 1024 1062 1063 1025
1091 3 2 0 16 1025 1063 1064 1026
1092 3 2 0 16 1026 1064 1065 1027
1093 3 2 0 16 1027 1065 1066 1028
1094 3 2 0 16 1028 1066 1067 1029
1095 3 2 0 16 1029 1067 1068 1030
1096 3 2 0 16 1030 1068 95 96
1097 3 2 0 16 28 29 1069 1031
1098 3 2 0 16 1031 1069 1070 1032
1099 3 2 0 16 1032 1070 1071 1033
1100 3 2 0 16 1033 1071 1072 1034
1101 3 2 0 16 1034 1072 1073 1035
1102 3 2 0 16 1035 1073 1074 1036
1103 3 2 0 16 1036 1074 1075 1037
1104 3 2 0 16 1037 1075 1076 1038
1105 3 2 0 16 1038 1076 1077 1039
1106 3 2 0 16 1039 1077 1078 1040
1107 3 2 0 16 1040 1078 1079 1041
1108 3 2 0 16 1041 1079 1080 1042
1109 3 2 0 16 1042 1080 1081 1043
1110 3 2 0 16 1043 1081 1082 1044
1111 3 2 0 16 1044 1082 1083 1045
1112 3 2 0 16 1045 1083 1084 1046
1113 3 2 0 16 1046 1084 1085 1047
1114 3 2 0 16 1047 1085 1086 1048
1115 3 2 0 16 1048 1086 1087 1049
1116 3 2 0 16 1049 1087 1088 1050
1117 3 2 0 16 1050 1088 1089 1051
1118 3 2 0 16 1051 1089 1090 1052
1119 3 2 0 16 1052 1090 1091 1053
1120 3 2 0 16 1053 1091 1092 1054
1121 3 2 0 16 1054 1092 1093 1055
1122 3 2 0 16 1055 1093 1094 1056
1123 3 2 0 16 1056 1094 1095 1057
1124 3 2 0 16 1057 1095 1096 1058
1125 3 2 0 16 1058 1096 1097 1059
1126 3 2 0 16 1059 1097 1098 1060
1127 3 2 0 16 1060 1098 1099 1061
1128 3 2 0 16 1061 1099 1100 1062
1129 3 2 0 16 1062 1100 1101 1063
1130 3 2 0 16 1063 1101 1102 1064
1131 3 2 0 16 1064 1102 1103 1065
1132 3 2 0 16 1065 1103 1104 1066
1133 3 2 0 16 1066 1104 1105 1067
1134 3 2 0 16 1067 1105 1106 1068
1135 3 2 0 16 1068 1106 94 95
1136 3 2 0 16 29 30 1107 1069
1137 3 2 0 16 1069 1107 1108 1070
1138 3 2 0 16 1070 1108 1109 1071
1139 3 2 0 16 1071 1109 1110 1072
1140 3 2 0 16 1072 1110 1111 1073
1141 3 2 0 16 1073 1111 1112 1074
1142 3 2 0 16 1074 1112 1113 1075
1143 3 2 0 16 1075 1113 1114 1076
1144 3 2 0 16 1076 1114 1115 1077
1145 3 2 0 16 1077 1115 1116 1078
1146 3 2 0 16 1078 1116 1117 1079
1147 3 2 0 16 1079 1117 1118 1080
1148 3 2 0 16 1080 1118 1119 1081
1149 3 2 0 16 1081 1119 1120 1082
1150 3 2 0 16 1082 1120 1121 1083
1151 3 2 0 16 1083 1121 1122 1084
1152 3 2 0 16 1084 1122 1123 1085
1153 3 2 0 16 1085 1123 1124 1086
1154 3 2 0 16 1086 1124 1125 1087
1155 3 2 0 16 1087 1125 1126 1088
1156 3 2 0 16 1088 1126 1127 1089
1157 3 2 0 16 1089 1127 1128 1090
1158 3 2 0 16 1090 1128 1129 1091
1159 3 2 0 16 1091 1129 1130 1092
1160 3 2 0 16 1092 1130 1131 1093
1161 3 2 0 16 1093 1131 1132 1094
1162 3 2 0 16 1094 1132 1133 1095
1163 3 2 0 16 1095 1133 1134 1096
1164 3 2 0 16 1096 1134 1135 1097
1165 3 2 0 16 1097 1135 1136 1098
1166 3 2 0 16 1098 1136 1137 1099
1167 3 2 0 16 1099 1137 1138 1100
1168 3 2 0 16 1100 1138 1139 1101
1169 3 2 0 16 1101 1139 1140 1102
1170 3 2 0 16 1102 1140 1141 1103
1171 3 2 0 16 1103 1141 1142 1104
1172 3 2 0 16 1104 1142 1143 1105
1173 3 2 0 16 1105 1143 1144 1106
1174 3 2 0 16 1106 1144 93 94
1175 3 2 0 16 30 31 1145 1107
1176 3 2 0 16 1107 1145 1146 1108
1177 3 2 0 16 1108 1146 1147 1109
1178 3 2 0 16 1109 1147 1148 1110
1179 3 2 0 16 1110 1148 1149 1111
1180 3 2 0 16 1111 1149 1150 1112
1181 3 2 0 16 1112 1150 1151 1113
1182 3 2 0 16 1113 1151 1152 1114
1183 3 2 0 16 1114 1152 1153 1115
1184 3 2 0 16 1115 1153 1154 1116
1185 3 2 0 16 1116 1154 1155 1117
1186 3 2 0 16 1117 1155 1156 1118
1187 3 2 0 16 1118 1156 1157 1119
1188 3 2 0 16 1119 1157 1158 1120
1189 3 2 0 16 1120 1158 1159 1121
1190 3 2 0 16 1121 1159 1160 1122
1191 3 2 0 16 1122 1160 1161 1123
1192 3 2 0 16 1123 1161 1162 1124
1193 3 2 0 16 1124 1162 1163 1125
1194 3 2 0 16 1125 1163 1164 1126
1195 3 2 0 16 1126 1164 1165 1127
1196 3 2 0 16 1127 1165 1166 1128
1197 3 2 0 16 1128 1166 1167 1129
1198 3 2 0 16 1129 1167 1168 1130
1199 3 2 0 16 1130 1168 1169 1131
1200 3 2 0 16 1131 1169 1170 1132
1201 3 2 0 16 1132 1170 1171 1133
1202 3 2 0 16 1133 1171 1172 1134
1203 3 2 0 16 1134 1172 1173 1135
1204 3 2 0 16 1135 1173 1174 1136
1205 3 2 0 16 1136 1174 1175 1137
1206 3 2 0 16 1137 1175 1176 1138
1207 3 2 0 16 1138 1176 1177 1139
1208 3 2 0 16 1139 1177 1178 1140
1209 3 2 0 16 1140 1178 1179 1141
1210 3 2 0 16 1141 1179 1180 1142
1211 3 2 0 16 1142 1180 1181 1143
1212 3 2 0 16 1143 1181 1182 1144
1213 3 2 0 16 1144 1182 92 93
1214 3 2 0 16 31 32 1183 1145
1215 3 2 0 16 1145 1183 1184 1146
1216 3 2 0 16 1146 1184 1185 1147
1217 3 2 0 16 1147 1185 1186 1148
1218 3 2 0 16 1148 1186 1187 1149
1219 3 2 0 16 1149 1187 1188 1150
1220 3 2 0 16 1150 1188 1189 1151
1221 3 2 0 16 1151 1189 1190 1152
1222 3 2 0 16 1152 1190 1191 1153
1223 3 2 0 16 1153 1191 1192 1154
1224 3 2 0 16 1154 1192 1193 1155
1225 3 2 0 16 1155 1193 1194 1156
1226 3 2 0 16 1156 1194 1195 1157
1227 3 2 0 16 1157 1195 1196 1158
1228 3 2 0 16 1158 1196 1197 1159
1229 3 2 0 16 1159 1197 1198 1160
1230 3 2 0 16 1160 1198 1199 1161
1231 3 2 0 16 1161 1199 1200 1162
1232 3 2 0 16 1162 1200 1201 1163
1233 3 2 0 16 1163 1201 1202 1164
1234 3 2 0 16 1164 1202 1203 1165
1235 3 2 0 16 1165 1203 1204 1166
1236 3 2 0 16 1166 1204 1205 1167
1237 3 2 0 16 1167 1205 1206 1168
1238 3 2 0 16 1168 1206 1207 1169
1239 3 2 0 16 1169 1207 1208 1170
1240 3 2 0 16 1170 1208 1209 1171
1241 3 2 0 16 1171 1209 1210 1172
1242 3 2 0 16 1172 1210 1211 1173
1243 3 2 0 16 1173 1211 1212 1174
1244 3 2 0 16 1174 1212 1213 1175
1245 3 2 0 16 1175 1213 1214 1176
1246 3 2 0 16 1176 1214 1215 1177
1247 3 2 0 16 1177 1215 1216 1178
1248 3 2 0 16 1178 1216 1217 1179
1249 3 2 0 16 1179 1217 1218 1180
1250 3 2 0 16 1180 1218 1219 1181
1251 3 2 0 16 1181 1219 1220 1182
1252 3 2 0 16 1182 1220 91 92
1253 3 2 0 16 32 33 1221 1183
1254 3 2 0 16 1183 1221 1222 1184
1255 3 2 0 16 1184 1222 1223 1185
1256 3 2 0 16 1185 1223 1224 1186
1257 3 2 0 16 1186 1224 1225 1187
1258 3 2 0 16 1187 1225 1226 1188
1259 3 2 0 16 1188 1226 1227 1189
1260 3 2 0 16 1189 1227 1228 1190
1261 3 2 0 16 1190 1228 1229 1191
1262 3 2 0 16 1191 1229 1230 1192
1263 3 2 0 16 1192 1230 1231 1193
1264 3 2 0 16 1193 1231 1232 1194
1265 3 2 0 16 1194 1232 1233 1195
1266 3 2 0 16 1195 1233 1234 1196
1267 3 2 0 16 1196 1234 1235 1197
1268 3 2 0 16 1197 1235 1236 1198
1269 3 2 0 16 1198 1236 1237 1199
1270 3 2 0 16 1199 1237 1238 1200
1271 3 2 0 16 1200 1238 1239 1201
1272 3 2 0 16 1201 1239 1240 1202
1273 3 2 0 16 1202 1240 1241 1203
1274 3 2 0 16 1203 1241 1242 1204
1275 3 2 0 16 1204 1242 1243 1205
1276 3 2 0 16 1205 1243 1244 1206
1277 3 2 0 16 1206 1244 1245 1207
1278 3 2 0 16 1207 1245 1246 1208
1279 3 2 0 16 1208 1246 1247 1209
1280 3 2 0 16 1209 1247 1248 1210
1281 3 2 0 16 1210 1248 1249 1211
1282 3 2 0 16 1211 1249 1250 1212
1283 3 2 0 16 1212 1250 1251 1213
1284 3 2 0 16 1213 1251 1252 1214
1285 3 2 0 16 1214 1252 1253 1215
1286 3 2 0 16 1215 1253 1254 1216
1287 3 2 0 16 1216 1254 1255 1217
1288 3 2 0 16 1217 1255 1256 1218
1289 3 2 0 16 1218 1256 1257 1219
1290 3 2 0 16 1219 1257 1258 1220
1291 3 2 0 16 1220 1258 90 91
1292 3 2 0 16 33 34 1259 1221
1293 3 2 0 16 1221 1259 1260 1222
1294 3 2 0 16 1222 1260 1261 1223
1295 3 2 0 16 1223 1261 1262 1224
1296 3 2 0 16 1224 1262 1263 1225
1297 3 2 0 16 1225 1263 1264 1226
1298 3 2 0 16 1226 1264 1265 1227
1299 3 2 0 16 1227 1265 1266 1228
1300 3 2 0 16 1228 1266 1267 1229
1301 3 2 0 16 1229 1267 1268 1230
1302 3 2 0 16 1230 1268 1269 1231
1303 3 2 0 16 1231 1269 1270 1232
1304 3 2 0 16 1232 1270 1271 1233
1305 3 2 0 16 1233 1271 1272 1234
1306 3 2 0 16 1234 1272 1273 1235
1307 3 2 0 16 1235 1273 1274 1236
1308 3 2 0 16 1236 1274 1275 1237
1309 3 2 0 16 1237 1275 1276 1238
1310 3 2 0 16 1238 1276 1277 1239
1311 3 2 0 16 1239 1277 1278 1240
1312 3 2 0 16 1240 1278 1279 1241
1313 3 2 0 16 1241 1279 1280 1242
1314 3 2 0 16 1242 1280 1281 1243
1315 3 2 0 16 1243 1281 1282 1244
1316 3 2 0 16 1244 1282 1283 1245
1317 3 2 0 16 1245 1283 1284 1246
1318 3 2 0 16 1246 1284 1285 1247
1319 3 2 0 16 1247 1285 1286 1248
1320 3 2 0 16 1248 1286 1287 1249
1321 3 2 0 16 1249 1287 1288 1250
1322 3 2 0 16 1250 1288 1289 1251
1323 3 2 0 16 1251 1289 1290 1252
1324 3 2 0 16 1252 1290 1291 1253
1325 3 2 0 16 1253 1291 1292 1254
1326 3 2 0 16 1254 1292 1293 1255
1327 3 2 0 16 1255 1293 1294 1256
1328 3 2 0 16 1256 1294 1295 1257
1329 3 2 0 16 1257 1295 1296 1258
1330 3 2 0 16 1258 1296 89 90
1331 3 2 0 16 34 35 1297 1259
1332 3 2 0 16 1259 1297 1298 1260
1333 3 2 0 16 1260 1298 1299 1261
1334 3 2 0 16 1261 1299 1300 1262
1335 3 2 0 16 1262 1300 1301 1263
1336 3 2 0 16 1263 1301 1302 1264
1337 3 2 0 16 1264 1302 1303 1265
1338 3 2 0 16 1265 1303 1304 1266
1339 3 2 0 16 1266 1304 1305 1267
1340 3 2 0 16 1267 1305 1306 1268
1341 3 2 0 16 1268 1306 1307 1269
1342 3 2 0 16 1269 1307 1308 1270
1343 3 2 0 16 1270 1308 1309 1271
1344 3 2 0 16 1271 1309 1310 1272
1345 3 2 0 16 1272 1310 1311 1273
1346 3 2 0 16 1273 1311 1312 1274
1347 3 2 0 16 1274 1312 1313 1275
1348 3 2 0 16 1275 1313 1314 1276
1349 3 2 0 16 1276 1314 1315 1277
1350 3 2 0 16 1277 1315 1316 1278
1351 3 2 0 16 1278 1316 1317 1279
1352 3 2 0 16 1279 1317 1318 1280
1353 3 2 0 16 1280 1318 1319 1281
1354 3 2 0 16 1281 1319 1320 1282
1355 3 2 0 16 1282 1320 1321 1283
1356 3 2 0 16 1283 1321 1322 1284
1357 3 2 0 16 1284 1322 1323 1285
1358 3 2 0 16 1285 1323 1324 1286
1359 3 2 0 16 1286 1324 1325 1287
1360 3 2 0 16 1287 1325 1326 1288
1361 3 2 0 16 1288 1326 1327 1289
1362 3 2 0 16 1289 1327 1328 1290
1363 3 2 0 16 1290 1328 1329 1291
1364 3 2 0 16 1291 1329 1330 1292
1365 3 2 0 16 1292 1330 1331 1293
1366 3 2 0 16 1293 1331 1332 1294
1367 3 2 0 16 1294 1332 1333 1295
1368 3 2 0 16 1295 1333 1334 1296
1369 3 2 0 16 1296 1334 88 89
1370 3 2 0 16 35 36 1335 1297
1371 3 2 0 16 1297 1335 1336 1298
1372 3 2 0 16 1298 1336 1337 1299
1373 3 2 0 16 1299 1337 1338 1300
1374 3 2 0 16 1300 1338 1339 1301
1375 3 2 0 16 1301 1339 1340 1302
1376 3 2 0 16 1302 1340 1341 1303
1377 3 2 0 16 1303 1341 1342 1304
1378 3 2 0 16 1304 1342 1343 1305
1379 3 2 0 16 1305 1343 1344 1306
1380 3 2 0 16 1306 1344 1345 1307
1381 3 2 0 16 1307 1345 1346 1308
1382 3 2 0 16 1308 1346 1347 1309
1383 3 2 0 16 1309 1347 1348 1310
1384 3 2 0 16 1310 1348 1349 1311
1385 3 2 0 16 1311 1349 1350 1312
1386 3 2 0 16 1312 1350 1351 1313
1387 3 2 0 16 1313 1351 1352 1314
1388 3 2 0 16 1314 1352 1353 1315
1389 3 2 0 16 1315 1353 1354 1316
1390 3 2 0 16 1316 1354 1355 1317
1391 3 2 0 16 1317 1355 1356 1318
1392 3 2 0 16 1318 1356 1357 1319
1393 3 2 0 16 1319 1357 1358 1320
1394 3 2 0 16 1320 1358 1359 1321
1395 3 2 0 16 1321 1359 1360 1322
1396 3 2 0 16 1322 1360 1361 1323
1397 3 2 0 16 1323 1361 1362 1324
1398 3 2 0 16 1324 1362 1363 1325
1399 3 2 0 16 1325 1363 1364 1326
1400 3 2 0 16 1326 1364 1365 1327
1401 3 2 0 16 1327 1365 1366 1328
1402 3 2 0 16 1328 1366 1367 1329
1403 3 2 0 16 1329 1367 1368 1330
1404 3 2 0 16 1330 1368 1369 1331
1405 3 2 0 16 1331 1369 1370 1332
1406 3 2 0 16 1332 1370 1371 1333
1407 3 2 0 16 1333 1371 1372 1334
1408 3 2 0 16 1334 1372 87 88
1409 3 2 0 16 36 37 1373 1335
1410 3 2 0 16 1335 1373 1374 1336
1411 3 2 0 16 1336 1374 1375 1337
1412 3 2 0 16 1337 1375 1376 1338
1413 3 2 0 16 1338 1376 1377 1339
1414 3 2 0 16 1339 1377 1378 1340
1415 3 2 0 16 1340 1378 1379 1341
1416 3 2 0 16 1341 1379 1380 1342
1417 3 2 0 16 1342 1380 1381 1343
1418 3 2 0 16 1343 1381 1382 1344
1419 3 2 0 16 1344 1382 1383 1345
1420 3 2 0 16 1345 1383 1384 1346
1421 3 2 0 16 1346 1384 1385 1347
1422 3 2 0 16 1347 1385 1386 1348
1423 3 2 0 16 1348 1386 1387 1349
1424 3 2 0 16 1349 1387 1388 1350
1425 3 2 0 16 1350 1388 1389 1351
1426 3 2 0 16 1351 1389 1390 1352
1427 3 2 0 16 1352 1390 1391 1353
1428 3 2 0 16 1353 1391 1392 1354
1429 3 2 0 16 1354 1392 1393 1355
1430 3 2 0 16 1355 1393 1394 1356
1431 3 2 0 16 1356 1394 1395 1357
1432 3 2 0 16 1357 1395 1396 1358
1433 3 2 0 16 1358 1396 1397 1359
1434 3 2 0 16 1359 1397 1398 1360
1435 3 2 0 16 1360 1398 1399 1361
1436 3 2 0 16 1361 1399 1400 1362
1437 3 2 0 16 1362 1400 1401 1363
1438 3 2 0 16 1363 1401 1402 1364
1439 3 2 0 16 1364 1402 1403 1365
1440 3 2 0 16 1365 1403 1404 1366
1441 3 2 0 16 1366 1404 1405 1367
1442 3 2 0 16 1367 1405 1406 1368
1443 3 2 0 16 1368 1406 1407 1369
1444 3 2 0 16 1369 1407 1408 1370
1445 3 2 0 16 1370 1408 1409 1371
1446 3 2 0 16 1371 1409 1410 1372
1447 3 2 0 16 1372 1410 86 87
1448 3 2 0 16 37 38 1411 1373
1449 3 2 0 16 1373 1411 1412 1374
1450 3 2 0 16 1374 1412 1413 1375
1451 3 2 0 16 1375 1413 1414 1376
1452 3 2 0 16 1376 1414 1415 1377
1453 3 2 0 16 1377 1415 1416 1378
1454 3 2 0 16 1378 1416 1417 1379
1455 3 2 0 16 1379 1417 1418 1380
1456 3 2 0 16 1380 1418 1419 1381
1457 3 2 0 16 1381 1419 1420 1382
1458 3 2 0 16 1382 1420 1421 1383
1459 3 2 0 16 1383 1421 1422 1384
1460 3 2 0 16 1384 1422 1423 1385
1461 3 2 0 16 1385 1423 1424 1386
1462 3 2 0 16 1386 1424 1425 1387
1463 3 2 0 16 1387 1425 1426 1388
1464 3 2 0 16 1388 1426 1427 1389
1465 3 2 0 16 1389 1427 1428 1390
1466 3 2 0 16 1390 1428 1429 1391
1467 3 2 0 16 1391 1429 1430 1392
1468 3 2 0 16 1392 1430 1431 1393
1469 3 2 0 16 1393 1431 1432 1394
1470 3 2 0 16 1394 1432 1433 1395
1471 3 2 0 16 1395 1433 1434 1396
1472 3 2 0 16 1396 1434 1435 1397
1473 3 2 0 16 1397 1435 1436 1398
1474 3 2 0 16 1398 1436 1437 1399
1475 3 2 0 16 1399 1437 1438 1400
1476 3 2 0 16 1400 1438 1439 1401
1477 3 2 0 16 1401 1439 1440 1402
1478 3 2 0 16 1402 1440 1441 1403
1479 3 2 0 16 1403 1441 1442 1404
1480 3 2 0 16 1404 1442 1443 1405
1481 3 2 0 16 1405 1443 1444 1406
1482 3 2 0 16 1406 1444 1445 1407
1483 3 2 0 16 1407 1445 1446 1408
1484 3 2 0 16 1408 1446 1447 1409
1485 3 2 0 16 1409 1447 1448 1410
1486 3 2 0 16 1410 1448 85 86
1487 3 2 0 16 38 39 1449 1411
1488 3 2 0 16 1411 1449 1450 1412
1489 3 2 0 16 1412 1450 1451 1413
1490 3 2 0 16 1413 1451 1452 1414
1491 3 2 0 16 1414 1452 1453 1415
1492 3 2 0 16 1415 1453 1454 1416
1493 3 2 0 16 1416 1454 1455 1417
1494 3 2 0 16 1417 1455 1456 1418
1495 3 2 0 16 1418 1456 1457 1419
1496 3 2 0 16 1419 1457 1458 1420
1497 3 2 0 16 1420 1458 1459 1421
1498 3 2 0 16 1421 1459 1460 1422
1499 3 2 0 16 1422 1460 1461 1423
1500 3 2 0 16 1423 1461 1462 1424
1501 3 2 0 16 1424 1462 1463 1425
1502 3 2 0 16 1425 1463 1464 1426
1503 3 2 0 16 1426 1464 1465 1427
1504 3 2 0 16 1427 1465 1466 1428
1505 3 2 0 16 1428 1466 1467 1429
1506 3 2 0 16 1429 1467 1468 1430
1507 3 2 0 16 1430 1468 1469 1431
1508 3 2 0 16 1431 1469 1470 1432
1509 3 2 0 16 1432 1470 1471 1433
1510 3 2 0 16 1433 1471 1472 1434
1511 3 2 0 16 1434 1472 1473 1435
1512 3 2 0 16 1435 1473 1474 1436
1513 3 2 0 16 1436 1474 1475 1437
1514 3 2 0 16 1437 1475 1476 1438
1515 3 2 0 16 1438 1476 1477 1439
1516 3 2 0 16 1439 1477 1478 1440
1517 3 2 0 16 1440 1478 1479 1441
1518 3 2 0 16 1441 1479 1480 1442
1519 3 2 0 16 1442 1480 1481 1443
1520 3 2 0 16 1443 1481 1482 1444
1521 3 2 0 16 1444 1482 1483 1445
1522 3 2 0 16 1445 1483 1484 1446
1523 3 2 0 16 1446 1484 1485 1447
1524 3 2 0 16 1447 1485 1486 1448
1525 3 2 0 16 1448 1486 84 85
1526 3 2 0 16 39 40 1487 1449
1527 3 2 0 16 1449 1487 1488 1450
1528 3 2 0 16 1450 1488 1489 1451
1529 3 2 0 16 1451 1489 1490 1452
1530 3 2 0 16 1452 1490 1491 1453
1531 3 2 0 16 1453 1491 1492 1454
1532 3 2 0 16 1454 1492 1493 1455
1533 3 2 0 16 1455 1493 1494 1456
1534 3 2 0 16 1456 1494 1495 1457
1535 3 2 0 16 1457 1495 1496 1458
1536 3 2 0 16 1458 1496 1497 1459
1537 3 2 0 16 1459 1497 1498 1460
1538 3 2 0 16 1460 1498 1499 1461
1539 3 2 0 16 1461 1499 1500 1462
1540 3 2 0 16 1462 1500 1501 1463
1541 3 2 0 16 1463 1501 1502 1464
1542 3 2 0 16 1464 1502 1503 1465
1543 3 2 0 16 1465 1503 1504 1466
1544 3 2 0 16 1466 1504 1505 1467
1545 3 2 0 16 1467 1505 1506 1468
1546 3 2 0 16 1468 1506 1507 1469
1547 3 2 0 16 1469 1507 1508 1470
1548 3 2 0 16 1470 1508 1509 1471
1549 3 2 0 16 1471 1509 1510 1472
1550 3 2 0 16 1472 1510 1511 1473
1551 3 2 0 16 1473 1511 1512 1474
1552 3 2 0 16 1474 1512 1513 1475
1553 3 2 0 16 1475 1513 1514 1476
1554 3 2 0 16 1476 1514 1515 1477
1555 3 2 0 16 1477 1515 1516 1478
1556 3 2 0 16 1478 1516 1517 1479
1557 3 2 0 16 1479 1517 1518 1480
1558 3 2 0 16 1480 1518 1519 1481
1559 3 2 0 16 1481 1519 1520 1482
1560 3 2 0 16 1482 1520 1521 1483
1561 3 2 0 16 1483 1521 1522 1484
1562 3 2 0 16 1484 1522 1523 1485
1563 3 2 0 16 1485 1523 1524 1486
1564 3 2 0 16 1486 1524 83 84
1565 3 2 0 16 40 41 1525 1487
1566 3 2 0 16 1487 1525 1526 1488
1567 3 2 0 16 1488 1526 1527 1489
1568 3 2 0 16 1489 1527 1528 1490
1569 3 2 0 16 1490 1528 1529 1491
1570 3 2 0 16 1491 1529 1530 1492
1571 3 2 0 16 1492 1530 1531 1493
1572 3 2 0 16 1493 1531 1532 1494
1573 3 2 0 16 1494 1532 1533 1495
1574 3 2 0 16 1495 1533 1534 1496
1575 3 2 0 16 1496 1534 1535 1497
1576 3 2 0 16 1497 1535 1536 1498
1577 3 2 0 16 1498 1536 1537 1499
1578 3 2 0 16 1499 1537 1538 1500
1579 3 2 0 16 1500 1538 1539 1501
1580 3 2 0 16 1501 1539 1540 1502
1581 3 2 0 16 1502 1540 1541 1503
1582 3 2 0 16 1503 1541 1542 1504
1583 3 2 0 16 1504 1542 1543 1505
1584 3 2 0 16 1505 1543 1544 1506
1585 3 2 0 16 1506 1544 1545 1507
1586 3 2 0 16 1507 1545 1546 1508
1587 3 2 0 16 1508 1546 1547 1509
1588 3 2 0 16 1509 1547 1548 1510
1589 3 2 0 16 1510 1548 1549 1511
1590 3 2 0 16 1511 1549 1550 1512
1591 3 2 0 16 1512 1550 1551 1513
1592 3 2 0 16 1513 1551 1552 1514
1593 3 2 0 16 1514 1552 1553 1515
1594 3 2 0 16 1515 1553 1554 1516
1595 3 2 0 16 1516 1554 1555 1517
1596 3 2 0 16 1517 1555 1556 1518
1597 3 2 0 16 1518 1556 1557 1519
1598 3 2 0 16 1519 1557 1558 1520
1599 3 2 0 16 1520 1558 1559 1521
1600 3 2 0 16 1521 1559 1560 1522
1601 3 2 0 16 1522 1560 1561 1523
1602 3 2 0 16 1523 1561 1562 1524
1603 3 2 0 16 1524 1562 82 83
1604 3 2 0 16 41 42 1563 1525
1605 3 2 0 16 1525 1563 1564 1526
1606 3 2 0 16 1526 1564 1565 1527
1607 3 2 0 16 1527 1565 1566 1528
1608 3 2 0 16 1528 1566 1567 1529
1609 3 2 0 16 1529 1567 1568 1530
1610 3 2 0 16 1530 1568 1569 1531
1611 3 2 0 16 1531 1569 1570 1532
1612 3 2 0 16 1532 1570 1571 1533
1613 3 2 0 16 1533 1571 1572 1534
1614 3 2 0 16 1534 1572 1573 1535
1615 3 2 0 16 1535 1573 1574 1536
1616 3 2 0 16 1536 1574 1575 1537
1617 3 2 0 16 1537 1575 1576 1538
1618 3 2 0 16 1538 1576 1577 1539
1619 3 2 0 16 1539 1577 1578 1540
1620 3 2 0 16 1540 1578 1579 1541
1621 3 2 0 16 1541 1579 1580 1542
1622 3 2 0 16 1542 1580 1581 1543
1623 3 2 0 16 1543 1581 1582 1544
1624 3 2 0 16 1544 1582 1583 1545
1625 3 2 0 16 1545 1583 1584 1546
1626 3 2 0 16 1546 1584 1585 1547
1627 3 2 0 16 1547 1585 1586 1548
1628 3 2 0 16 1548 1586 1587 1549
1629 3 2 0 16 1549 1587 1588 1550
1630 3 2 0 16 1550 1588 1589 1551
1631 3 2 0 16 1551 1589 1590 1552
1632 3 2 0 16 1552 1590 1591 1553
1633 3 2 0 16 1553 1591 1592 1554
1634 3 2 0 16 1554 1592 1593 1555
1635 3 2 0 16 1555 1593 1594 1556
1636 3 2 0 16 1556 1594 1595 1557
1637 3 2 0 16 1557 1595 1596 1558
1638 3 2 0 16 1558 1596 1597 1559
1639 3 2 0 16 1559 1597 1598 1560
1640 3 2 0 16 1560 1598 1599 1561
1641 3 2 0 16 1561 1599 1600 1562
1642 3 2 0 16 1562 1600 81 82
1643 3 2 0 16 42 2 43 1563
1644 3 2 0 16 1563 43 44 1564
1645 3 2 0 16 1564 44 45 1565
1646 3 2 0 16 1565 45 46 1566
1647 3 2 0 16 1566 46 47 1567
1648 3 2 0 16 1567 47 48 1568
1649 3 2 0 16 1568 48 49 1569
1650 3 2 0 16 1569 49 50 1570
1651 3 2 0 16 1570 50 51 1571
1652 3 2 0 16 1571 51 52 1572
1653 3 2 0 16 1572 52 53 1573
1654 3 2 0 16 1573 53 54 1574
1655 3 2 0 16 1574 54 55 1575
1656 3 2 0 16 1575 55 56 1576
1657 3 2 0 16 1576 56 57 1577
1658 3 2 0 16 1577 57 58 1578
1659 3 2 0 16 1578 58 59 1579
1660 3 2 0 16 1579 59 60 1580
1661 3 2 0 16 1580 60 61 1581
1662 3 2 0 16 1581 61 62 1582
1663 3 2 0 16 1582 62 63 1583
1664 3 2 0 16 1583 63 64 1584
1665 3 2 0 16 1584 64 65 1585
1666 3 2 0 16 1585 65 66 1586
1667 3 2 0 16 1586 66 67 1587
1668 3 2 0 16 1587 67 68 1588
1669 3 2 0 16 1588 68 69 1589
1670 3 2 0 16 1589 69 70 1590
1671 3 2 0 16 1590 70 71 1591
1672 3 2 0 16 1591 71 72 1592
1673 3 2 0 16 1592 72 73 1593
1674 3 2 0 16 1593 73 74 1594
1675 3 2 0 16 1594 74 75 1595
1676 3 2 0 16 1595 75 76 1596
1677 3 2 0 16 1596 76 77 1597
1678 3 2 0 16 1597 77 78 1598
1679 3 2 0 16 1598 78 79 1599
1680 3 2 0 16 1599 79 80 1600
1681 3 2 0 16 1600 80 3 81
$EndElements
