$MeshFormat
2.2 0 8
$EndMeshFormat
$Nodes
6561
1 0 0 0
2 0.6096 0 0
3 0.6096 0.6096 0
4 0 0.6096 0
5 0.007619999999985306 0 0
6 0.01523999999997039 0 0
7 0.02285999999995466 0 0
8 0.03047999999993744 0 0
9 0.03809999999992158 0 0
10 0.04571999999990909 0 0
11 0.05333999999989771 0 0
12 0.06095999999988441 0 0
13 0.06857999999987302 0 0
14 0.07619999999985919 0 0
15 0.08381999999983937 0 0
16 0.09143999999981957 0 0
17 0.0990599999997976 0 0
18 0.1066799999997708 0 0
19 0.1142999999997493 0 0
20 0.1219199999997279 0 0
21 0.1295399999997081 0 0
22 0.1371599999996927 0 0
23 0.1447799999996653 0 0
24 0.1523999999996368 0 0
25 0.1600199999996083 0 0
26 0.1676399999995809 0 0
27 0.1752599999995655 0 0
28 0.1828799999995543 0 0
29 0.1904999999995378 0 0
30 0.1981199999995093 0 0
31 0.2057399999994809 0 0
32 0.2133599999994523 0 0
33 0.2209799999994261 0 0
34 0.2285999999994117 0 0
35 0.2362199999993973 0 0
36 0.243839999999371 0 0
37 0.2514599999993512 0 0
38 0.2590799999993553 0 0
39 0.2666999999993506 0 0
40 0.2743199999993222 0 0
41 0.2819399999992936 0 0
42 0.2895599999992652 0 0
43 0.2971799999992367 0 0
44 0.3047999999992191 0 0
45 0.3124199999992491 0 0
46 0.3200399999992901 0 0
47 0.3276599999993223 0 0
48 0.3352799999993308 0 0
49 0.342899999999337 0 0
50 0.3505199999993433 0 0
51 0.3581399999993496 0 0
52 0.3657599999993558 0 0
53 0.3733799999993621 0 0
54 0.3809999999993683 0 0
55 0.3886199999993811 0 0
56 0.3962399999994177 0 0
57 0.4038599999994587 0 0
58 0.4114799999994996 0 0
59 0.4190999999995405 0 0
60 0.4267199999995749 0 0
61 0.4343399999995855 0 0
62 0.4419599999995918 0 0
63 0.449579999999598 0 0
64 0.4571999999996043 0 0
65 0.4648199999996105 0 0
66 0.4724399999996169 0 0
67 0.4800599999996231 0 0
68 0.4876799999996337 0 0
69 0.4952999999996681 0 0
70 0.502919999999709 0 0
71 0.5105399999997501 0 0
72 0.5181599999997909 0 0
73 0.5257799999998318 0 0
74 0.5333999999998728 0 0
75 0.5410199999999137 0 0
76 0.5486399999999546 0 0
77 0.5562599999999954 0 0
78 0.5638800000000364 0 0
79 0.5715000000000773 0 0
80 0.5791200000001053 0 0
81 0.5867400000000854 0 0
82 0.594360000000057 0 0
83 0.6019800000000285 0 0
84 0.6096 0.007619999999985306 0
85 0.6096 0.01523999999997039 0
86 0.6096 0.02285999999995466 0
87 0.6096 0.03047999999993744 0
88 0.6096 0.03809999999992158 0
89 0.6096 0.04571999999990909 0
90 0.6096 0.05333999999989771 0
91 0.6096 0.06095999999988441 0
92 0.6096 0.06857999999987302 0
93 0.6096 0.07619999999985919 0
94 0.6096 0.08381999999983937 0
95 0.6096 0.09143999999981957 0
96 0.6096 0.0990599999997976 0
97 0.6096 0.1066799999997708 0
98 0.6096 0.1142999999997493 0
99 0.6096 0.1219199999997279 0
100 0.6096 0.1295399999997081 0
101 0.6096 0.1371599999996927 0
102 0.6096 0.1447799999996653 0
103 0.6096 0.1523999999996368 0
104 0.6096 0.1600199999996083 0
105 0.6096 0.1676399999995809 0
106 0.6096 0.1752599999995655 0
107 0.6096 0.1828799999995543 0
108 0.6096 0.1904999999995378 0
109 0.6096 0.1981199999995093 0
110 0.6096 0.2057399999994809 0
111 0.6096 0.2133599999994523 0
112 0.6096 0.2209799999994261 0
113 0.6096 0.2285999999994117 0
114 0.6096 0.2362199999993973 0
115 0.6096 0.243839999999371 0
116 0.6096 0.2514599999993512 0
117 0.6096 0.2590799999993553 0
118 0.6096 0.2666999999993506 0
119 0.6096 0.2743199999993222 0
120 0.6096 0.2819399999992936 0
121 0.6096 0.2895599999992652 0
122 0.6096 0.2971799999992367 0
123 0.6096 0.3047999999992191 0
124 0.6096 0.3124199999992491 0
125 0.6096 0.3200399999992901 0
126 0.6096 0.3276599999993223 0
127 0.6096 0.3352799999993308 0
128 0.6096 0.342899999999337 0
129 0.6096 0.3505199999993433 0
130 0.6096 0.3581399999993496 0
131 0.6096 0.3657599999993558 0
132 0.6096 0.3733799999993621 0
133 0.6096 0.3809999999993683 0
134 0.6096 0.3886199999993811 0
135 0.6096 0.3962399999994177 0
136 0.6096 0.4038599999994587 0
137 0.6096 0.4114799999994996 0
138 0.6096 0.4190999999995405 0
139 0.6096 0.4267199999995749 0
140 0.6096 0.4343399999995855 0
141 0.6096 0.4419599999995918 0
142 0.6096 0.449579999999598 0
143 0.6096 0.4571999999996043 0
144 0.6096 0.4648199999996105 0
145 0.6096 0.4724399999996169 0
146 0.6096 0.4800599999996231 0
147 0.6096 0.4876799999996337 0
148 0.6096 0.4952999999996681 0
149 0.6096 0.502919999999709 0
150 0.6096 0.5105399999997501 0
151 0.6096 0.5181599999997909 0
152 0.6096 0.5257799999998318 0
153 0.6096 0.5333999999998728 0
154 0.6096 0.5410199999999137 0
155 0.6096 0.5486399999999546 0
156 0.6096 0.5562599999999954 0
157 0.6096 0.5638800000000364 0
158 0.6096 0.5715000000000773 0
159 0.6096 0.5791200000001053 0
160 0.6096 0.5867400000000854 0
161 0.6096 0.594360000000057 0
162 0.6096 0.6019800000000285 0
163 0.601980000000026 0.6096 0
164 0.5943600000000521 0.6096 0
165 0.5867400000000781 0.6096 0
166 0.5791200000001042 0.6096 0
167 0.5715000000001302 0.6096 0
168 0.5638800000001563 0.6096 0
169 0.5562600000001823 0.6096 0
170 0.5486400000002083 0.6096 0
171 0.5410200000002343 0.6096 0
172 0.5334000000002603 0.6096 0
173 0.5257800000002864 0.6096 0
174 0.5181600000003125 0.6096 0
175 0.5105400000003385 0.6096 0
176 0.5029200000003559 0.6096 0
177 0.4953000000003471 0.6096 0
178 0.4876800000003732 0.6096 0
179 0.4800600000003841 0.6096 0
180 0.4724400000003841 0.6096 0
181 0.4648200000004079 0.6096 0
182 0.4572000000004339 0.6096 0
183 0.4495800000004599 0.6096 0
184 0.441960000000486 0.6096 0
185 0.434340000000512 0.6096 0
186 0.426720000000538 0.6096 0
187 0.419100000000564 0.6096 0
188 0.41148000000059 0.6096 0
189 0.4038600000006159 0.6096 0
190 0.396240000000642 0.6096 0
191 0.388620000000668 0.6096 0
192 0.381000000000694 0.6096 0
193 0.37338000000072 0.6096 0
194 0.365760000000746 0.6096 0
195 0.3581400000007634 0.6096 0
196 0.3505200000007569 0.6096 0
197 0.3429000000007591 0.6096 0
198 0.3352800000007851 0.6096 0
199 0.3276600000008111 0.6096 0
200 0.3200400000008371 0.6096 0
201 0.3124200000008631 0.6096 0
202 0.3048000000008783 0.6096 0
203 0.2971800000008458 0.6096 0
204 0.2895600000008024 0.6096 0
205 0.2819400000007677 0.6096 0
206 0.2743200000007568 0.6096 0
207 0.2667000000007482 0.6096 0
208 0.2590800000007396 0.6096 0
209 0.2514600000007309 0.6096 0
210 0.2438400000007223 0.6096 0
211 0.2362200000007136 0.6096 0
212 0.228600000000705 0.6096 0
213 0.2209800000006899 0.6096 0
214 0.2133600000006509 0.6096 0
215 0.2057400000006074 0.6096 0
216 0.198120000000564 0.6096 0
217 0.1905000000005206 0.6096 0
218 0.1828800000004838 0.6096 0
219 0.1752600000004708 0.6096 0
220 0.1676400000004621 0.6096 0
221 0.1600200000004535 0.6096 0
222 0.1524000000004448 0.6096 0
223 0.1447800000004362 0.6096 0
224 0.1371600000004275 0.6096 0
225 0.1295400000004189 0.6096 0
226 0.1219200000004059 0.6096 0
227 0.1143000000003691 0.6096 0
228 0.1066800000003256 0.6096 0
229 0.09906000000028226 0.6096 0
230 0.09144000000023889 0.6096 0
231 0.0838200000001954 0.6096 0
232 0.07620000000015204 0.6096 0
233 0.06858000000010855 0.6096 0
234 0.06096000000006518 0.6096 0
235 0.05334000000002181 0.6096 0
236 0.04571999999997844 0.6096 0
237 0.03809999999993507 0.6096 0
238 0.03047999999990458 0.6096 0
239 0.02285999999992194 0.6096 0
240 0.01523999999994796 0.6096 0
241 0.007619999999973981 0.6096 0
242 0 0.601980000000026 0
243 0 0.5943600000000521 0
244 0 0.5867400000000781 0
245 0 0.5791200000001042 0
246 0 0.5715000000001302 0
247 0 0.5638800000001563 0
248 0 0.5562600000001823 0
249 0 0.5486400000002083 0
250 0 0.5410200000002343 0
251 0 0.5334000000002603 0
252 0 0.5257800000002864 0
253 0 0.5181600000003125 0
254 0 0.5105400000003385 0
255 0 0.5029200000003559 0
256 0 0.4953000000003471 0
257 0 0.4876800000003732 0
258 0 0.4800600000003841 0
259 0 0.4724400000003841 0
260 0 0.4648200000004079 0
261 0 0.4572000000004339 0
262 0 0.4495800000004599 0
263 0 0.441960000000486 0
264 0 0.434340000000512 0
265 0 0.426720000000538 0
266 0 0.419100000000564 0
267 0 0.41148000000059 0
268 0 0.4038600000006159 0
269 0 0.396240000000642 0
270 0 0.388620000000668 0
271 0 0.381000000000694 0
272 0 0.37338000000072 0
273 0 0.365760000000746 0
274 0 0.3581400000007634 0
275 0 0.3505200000007569 0
276 0 0.3429000000007591 0
277 0 0.3352800000007851 0
278 0 0.3276600000008111 0
279 0 0.3200400000008371 0
280 0 0.3124200000008631 0
281 0 0.3048000000008783 0
282 0 0.2971800000008458 0
283 0 0.2895600000008024 0
284 0 0.2819400000007677 0
285 0 0.2743200000007568 0
286 0 0.2667000000007482 0
287 0 0.2590800000007396 0
288 0 0.2514600000007309 0
289 0 0.2438400000007223 0
290 0 0.2362200000007136 0
291 0 0.228600000000705 0
292 0 0.2209800000006899 0
293 0 0.2133600000006509 0
294 0 0.2057400000006074 0
295 0 0.198120000000564 0
296 0 0.1905000000005206 0
297 0 0.1828800000004838 0
298 0 0.1752600000004708 0
299 0 0.1676400000004621 0
300 0 0.1600200000004535 0
301 0 0.1524000000004448 0
302 0 0.1447800000004362 0
303 0 0.1371600000004275 0
304 0 0.1295400000004189 0
305 0 0.1219200000004059 0
306 0 0.1143000000003691 0
307 0 0.1066800000003256 0
308 0 0.09906000000028226 0
309 0 0.09144000000023889 0
310 0 0.0838200000001954 0
311 0 0.07620000000015204 0
312 0 0.06858000000010855 0
313 0 0.06096000000006518 0
314 0 0.05334000000002181 0
315 0 0.04571999999997844 0
316 0 0.03809999999993507 0
317 0 0.03047999999990458 0
318 0 0.02285999999992194 0
319 0 0.01523999999994796 0
320 0 0.007619999999973981 0
321 0.007619999999985166 0.007619999999974123 0
322 0.007619999999985022 0.01523999999994824 0
323 0.00761999999998488 0.02285999999992235 0
324 0.007619999999984739 0.03047999999990499 0
325 0.007619999999984597 0.0380999999999349 0
326 0.007619999999984455 0.04571999999997758 0
327 0.007619999999984316 0.05334000000002026 0
328 0.007619999999984172 0.06096000000006292 0
329 0.007619999999984033 0.0685800000001056 0
330 0.00761999999998389 0.07620000000014837 0
331 0.007619999999983747 0.08382000000019095 0
332 0.007619999999983606 0.09144000000023364 0
333 0.007619999999983466 0.0990600000002762 0
334 0.007619999999983322 0.1066800000003187 0
335 0.007619999999983184 0.1143000000003613 0
336 0.007619999999983041 0.1219200000003975 0
337 0.007619999999982899 0.12954000000041 0
338 0.007619999999982758 0.1371600000004183 0
339 0.007619999999982616 0.1447800000004265 0
340 0.007619999999982475 0.1524000000004347 0
341 0.007619999999982332 0.1600200000004429 0
342 0.007619999999982192 0.1676400000004511 0
343 0.007619999999982048 0.1752600000004595 0
344 0.007619999999981909 0.1828800000004721 0
345 0.007619999999981768 0.1905000000005083 0
346 0.007619999999981628 0.1981200000005508 0
347 0.007619999999981484 0.2057400000005933 0
348 0.00761999999998134 0.2133600000006359 0
349 0.007619999999981199 0.2209800000006741 0
350 0.007619999999981059 0.2286000000006888 0
351 0.007619999999980917 0.2362200000006972 0
352 0.007619999999980776 0.2438400000007054 0
353 0.007619999999980633 0.2514600000007137 0
354 0.007619999999980492 0.2590800000007223 0
355 0.007619999999980353 0.2667000000007307 0
356 0.00761999999998021 0.2743200000007389 0
357 0.007619999999980066 0.2819400000007493 0
358 0.007619999999979924 0.2895600000007832 0
359 0.007619999999979785 0.2971800000008256 0
360 0.007619999999979643 0.3048000000008576 0
361 0.007619999999979503 0.312420000000843 0
362 0.007619999999979361 0.3200400000008177 0
363 0.007619999999979217 0.3276600000007924 0
364 0.007619999999979077 0.335280000000767 0
365 0.007619999999978936 0.3429000000007413 0
366 0.007619999999978795 0.3505200000007393 0
367 0.007619999999978653 0.3581400000007457 0
368 0.007619999999978509 0.3657600000007286 0
369 0.007619999999978368 0.373380000000703 0
370 0.007619999999978228 0.3810000000006774 0
371 0.007619999999978085 0.3886200000006518 0
372 0.007619999999977946 0.3962400000006266 0
373 0.007619999999977801 0.4038600000006016 0
374 0.007619999999977661 0.4114800000005764 0
375 0.007619999999977521 0.4191000000005512 0
376 0.007619999999977378 0.426720000000526 0
377 0.007619999999977239 0.4343400000005004 0
378 0.007619999999977095 0.4419600000004748 0
379 0.007619999999976954 0.4495800000004491 0
380 0.007619999999976813 0.4572000000004234 0
381 0.007619999999976671 0.464820000000398 0
382 0.007619999999976528 0.4724400000003744 0
383 0.007619999999976385 0.4800600000003746 0
384 0.007619999999976245 0.487680000000364 0
385 0.007619999999976105 0.4953000000003386 0
386 0.007619999999975962 0.5029200000003478 0
387 0.007619999999975821 0.5105400000003311 0
388 0.007619999999975679 0.5181600000003059 0
389 0.007619999999975538 0.5257800000002807 0
390 0.007619999999975397 0.5334000000002552 0
391 0.007619999999975255 0.5410200000002302 0
392 0.007619999999975113 0.5486400000002053 0
393 0.00761999999997497 0.5562600000001799 0
394 0.007619999999974831 0.5638800000001546 0
395 0.007619999999974689 0.5715000000001297 0
396 0.007619999999974546 0.5791200000001041 0
397 0.007619999999974405 0.5867400000000783 0
398 0.007619999999974265 0.5943600000000521 0
399 0.007619999999974122 0.601980000000026 0
400 0.01523999999997011 0.007619999999974264 0
401 0.01523999999996983 0.01523999999994852 0
402 0.01523999999996955 0.02285999999992276 0
403 0.01523999999996927 0.03047999999990541 0
404 0.01523999999996899 0.03809999999993473 0
405 0.01523999999996871 0.0457199999999767 0
406 0.01523999999996843 0.05334000000001872 0
407 0.01523999999996815 0.06096000000006067 0
408 0.01523999999996787 0.06858000000010267 0
409 0.01523999999996758 0.07620000000014469 0
410 0.01523999999996731 0.0838200000001865 0
411 0.01523999999996703 0.09144000000022839 0
412 0.01523999999996675 0.09906000000027013 0
413 0.01523999999996646 0.1066800000003117 0
414 0.01523999999996619 0.1143000000003536 0
415 0.0152399999999659 0.121920000000389 0
416 0.01523999999996562 0.1295400000004011 0
417 0.01523999999996534 0.1371600000004091 0
418 0.01523999999996506 0.1447800000004169 0
419 0.01523999999996479 0.1524000000004246 0
420 0.01523999999996451 0.1600200000004323 0
421 0.01523999999996423 0.1676400000004401 0
422 0.01523999999996394 0.1752600000004481 0
423 0.01523999999996366 0.1828800000004606 0
424 0.01523999999996338 0.1905000000004961 0
425 0.0152399999999631 0.1981200000005376 0
426 0.01523999999996282 0.2057400000005792 0
427 0.01523999999996254 0.2133600000006209 0
428 0.01523999999996226 0.2209800000006583 0
429 0.01523999999996198 0.2286000000006727 0
430 0.0152399999999617 0.2362200000006807 0
431 0.01523999999996142 0.2438400000006885 0
432 0.01523999999996114 0.2514600000006965 0
433 0.01523999999996086 0.259080000000705 0
434 0.01523999999996058 0.2667000000007134 0
435 0.0152399999999603 0.2743200000007209 0
436 0.01523999999996001 0.2819400000007309 0
437 0.01523999999995974 0.289560000000764 0
438 0.01523999999995946 0.2971800000008056 0
439 0.01523999999995918 0.3048000000008368 0
440 0.0152399999999589 0.3124200000008228 0
441 0.01523999999995862 0.3200400000007984 0
442 0.01523999999995834 0.3276600000007739 0
443 0.01523999999995805 0.3352800000007487 0
444 0.01523999999995778 0.3429000000007236 0
445 0.0152399999999575 0.3505200000007215 0
446 0.01523999999995721 0.3581400000007282 0
447 0.01523999999995693 0.3657600000007112 0
448 0.01523999999995665 0.3733800000006862 0
449 0.01523999999995637 0.3810000000006609 0
450 0.0152399999999561 0.3886200000006359 0
451 0.01523999999995581 0.3962400000006114 0
452 0.01523999999995553 0.403860000000587 0
453 0.01523999999995525 0.4114800000005627 0
454 0.01523999999995497 0.4191000000005384 0
455 0.01523999999995469 0.4267200000005139 0
456 0.01523999999995441 0.4343400000004889 0
457 0.01523999999995413 0.4419600000004635 0
458 0.01523999999995385 0.4495800000004383 0
459 0.01523999999995357 0.4572000000004132 0
460 0.01523999999995329 0.4648200000003879 0
461 0.01523999999995301 0.4724400000003648 0
462 0.01523999999995273 0.4800600000003651 0
463 0.01523999999995245 0.4876800000003546 0
464 0.01523999999995217 0.4953000000003302 0
465 0.01523999999995189 0.5029200000003398 0
466 0.01523999999995161 0.5105400000003237 0
467 0.01523999999995133 0.5181600000002994 0
468 0.01523999999995105 0.525780000000275 0
469 0.01523999999995077 0.5334000000002506 0
470 0.01523999999995048 0.5410200000002263 0
471 0.0152399999999502 0.5486400000002019 0
472 0.01523999999994993 0.5562600000001776 0
473 0.01523999999994964 0.5638800000001531 0
474 0.01523999999994936 0.571500000000129 0
475 0.01523999999994909 0.5791200000001041 0
476 0.0152399999999488 0.5867400000000781 0
477 0.01523999999994852 0.5943600000000523 0
478 0.01523999999994824 0.6019800000000262 0
479 0.02285999999995425 0.007619999999974404 0
480 0.02285999999995385 0.0152399999999488 0
481 0.02285999999995343 0.02285999999992317 0
482 0.02285999999995303 0.03047999999990583 0
483 0.02285999999995262 0.03809999999993456 0
484 0.0228599999999522 0.04571999999997584 0
485 0.0228599999999518 0.05334000000001717 0
486 0.02285999999995138 0.0609600000000584 0
487 0.02285999999995098 0.06858000000009973 0
488 0.02285999999995057 0.07620000000014107 0
489 0.02285999999995016 0.08382000000018208 0
490 0.02285999999994976 0.09144000000022316 0
491 0.02285999999994934 0.09906000000026406 0
492 0.02285999999994894 0.1066800000003048 0
493 0.02285999999994853 0.1143000000003458 0
494 0.02285999999994812 0.1219200000003805 0
495 0.02285999999994771 0.1295400000003922 0
496 0.0228599999999473 0.1371600000004 0
497 0.02285999999994688 0.1447800000004073 0
498 0.02285999999994648 0.1524000000004145 0
499 0.02285999999994608 0.1600200000004218 0
500 0.02285999999994566 0.1676400000004291 0
501 0.02285999999994525 0.1752600000004368 0
502 0.02285999999994485 0.1828800000004489 0
503 0.02285999999994443 0.1905000000004837 0
504 0.02285999999994403 0.1981200000005244 0
505 0.02285999999994362 0.2057400000005651 0
506 0.02285999999994321 0.213360000000606 0
507 0.02285999999994279 0.2209800000006425 0
508 0.02285999999994238 0.2286000000006565 0
509 0.02285999999994198 0.2362200000006643 0
510 0.02285999999994157 0.2438400000006716 0
511 0.02285999999994117 0.2514600000006792 0
512 0.02285999999994075 0.2590800000006876 0
513 0.02285999999994035 0.2667000000006958 0
514 0.02285999999993994 0.2743200000007031 0
515 0.02285999999993953 0.2819400000007125 0
516 0.02285999999993912 0.2895600000007447 0
517 0.02285999999993871 0.2971800000007854 0
518 0.0228599999999383 0.3048000000008161 0
519 0.02285999999993789 0.3124200000008026 0
520 0.02285999999993749 0.320040000000779 0
521 0.02285999999993708 0.3276600000007552 0
522 0.02285999999993667 0.3352800000007304 0
523 0.02285999999993625 0.3429000000007057 0
524 0.02285999999993585 0.3505200000007039 0
525 0.02285999999993544 0.3581400000007104 0
526 0.02285999999993503 0.3657600000006939 0
527 0.02285999999993462 0.373380000000669 0
528 0.02285999999993421 0.3810000000006442 0
529 0.0228599999999338 0.3886200000006197 0
530 0.02285999999993339 0.3962400000005961 0
531 0.02285999999993298 0.4038600000005725 0
532 0.02285999999993258 0.4114800000005491 0
533 0.02285999999993217 0.4191000000005256 0
534 0.02285999999993175 0.4267200000005018 0
535 0.02285999999993136 0.4343400000004772 0
536 0.02285999999993094 0.4419600000004525 0
537 0.02285999999993054 0.4495800000004276 0
538 0.02285999999993012 0.4572000000004028 0
539 0.02285999999992972 0.4648200000003779 0
540 0.02285999999992931 0.4724400000003553 0
541 0.0228599999999289 0.4800600000003555 0
542 0.02285999999992849 0.4876800000003456 0
543 0.02285999999992808 0.4953000000003218 0
544 0.02285999999992767 0.5029200000003314 0
545 0.02285999999992726 0.5105400000003165 0
546 0.02285999999992686 0.5181600000002929 0
547 0.02285999999992644 0.5257800000002693 0
548 0.02285999999992604 0.5334000000002457 0
549 0.02285999999992562 0.5410200000002221 0
550 0.02285999999992522 0.5486400000001989 0
551 0.0228599999999248 0.5562600000001754 0
552 0.0228599999999244 0.5638800000001519 0
553 0.02285999999992399 0.5715000000001282 0
554 0.02285999999992358 0.5791200000001043 0
555 0.02285999999992317 0.5867400000000782 0
556 0.02285999999992276 0.5943600000000523 0
557 0.02285999999992236 0.6019800000000262 0
558 0.03047999999993703 0.007619999999974547 0
559 0.03047999999993662 0.01523999999994909 0
560 0.03047999999993621 0.02285999999992358 0
561 0.0304799999999358 0.03047999999990622 0
562 0.03047999999993539 0.0380999999999344 0
563 0.03047999999993498 0.04571999999997499 0
564 0.03047999999993457 0.05334000000001561 0
565 0.03047999999993416 0.06096000000005614 0
566 0.03047999999993375 0.0685800000000968 0
567 0.03047999999993334 0.07620000000013741 0
568 0.03047999999993292 0.08382000000017761 0
569 0.03047999999993252 0.09144000000021792 0
570 0.0304799999999321 0.09906000000025801 0
571 0.03047999999993169 0.1066800000002979 0
572 0.03047999999993128 0.1143000000003381 0
573 0.03047999999993087 0.121920000000372 0
574 0.03047999999993046 0.1295400000003833 0
575 0.03047999999993006 0.1371600000003907 0
576 0.03047999999992964 0.1447800000003976 0
577 0.03047999999992923 0.1524000000004044 0
578 0.03047999999992881 0.1600200000004113 0
579 0.03047999999992841 0.1676400000004181 0
580 0.030479999999928 0.1752600000004255 0
581 0.03047999999992759 0.1828800000004373 0
582 0.03047999999992718 0.1905000000004715 0
583 0.03047999999992676 0.1981200000005113 0
584 0.03047999999992636 0.205740000000551 0
585 0.03047999999992595 0.2133600000005909 0
586 0.03047999999992553 0.2209800000006267 0
587 0.03047999999992512 0.2286000000006403 0
588 0.03047999999992471 0.2362200000006478 0
589 0.0304799999999243 0.2438400000006547 0
590 0.03047999999992389 0.251460000000662 0
591 0.03047999999992348 0.2590800000006703 0
592 0.03047999999992307 0.2667000000006783 0
593 0.03047999999992266 0.2743200000006852 0
594 0.03047999999992225 0.281940000000694 0
595 0.03047999999992184 0.2895600000007255 0
596 0.03047999999992142 0.2971800000007652 0
597 0.03047999999992102 0.3048000000007953 0
598 0.0304799999999206 0.3124200000007825 0
599 0.03047999999992019 0.3200400000007597 0
600 0.03047999999991978 0.3276600000007366 0
601 0.03047999999991937 0.3352800000007124 0
602 0.03047999999991896 0.3429000000006879 0
603 0.03047999999991855 0.3505200000006862 0
604 0.03047999999991814 0.3581400000006927 0
605 0.03047999999991773 0.3657600000006767 0
606 0.03047999999991731 0.3733800000006522 0
607 0.03047999999991691 0.3810000000006278 0
608 0.0304799999999165 0.3886200000006037 0
609 0.03047999999991609 0.3962400000005807 0
610 0.03047999999991567 0.4038600000005581 0
611 0.03047999999991526 0.4114800000005354 0
612 0.03047999999991485 0.4191000000005128 0
613 0.03047999999991444 0.4267200000004898 0
614 0.03047999999991403 0.4343400000004657 0
615 0.03047999999991362 0.4419600000004411 0
616 0.0304799999999132 0.4495800000004168 0
617 0.03047999999991281 0.4572000000003924 0
618 0.03047999999991239 0.464820000000368 0
619 0.03047999999991197 0.4724400000003457 0
620 0.03047999999991157 0.4800600000003462 0
621 0.03047999999991115 0.4876800000003362 0
622 0.03047999999991075 0.4953000000003132 0
623 0.03047999999991034 0.5029200000003234 0
624 0.03047999999990992 0.510540000000309 0
625 0.03047999999990952 0.5181600000002864 0
626 0.0304799999999091 0.5257800000002637 0
627 0.03047999999990869 0.5334000000002408 0
628 0.03047999999990828 0.5410200000002184 0
629 0.03047999999990787 0.5486400000001956 0
630 0.03047999999990746 0.5562600000001729 0
631 0.03047999999990705 0.56388000000015 0
632 0.03047999999990664 0.5715000000001275 0
633 0.03047999999990622 0.5791200000001043 0
634 0.03047999999990582 0.5867400000000785 0
635 0.03047999999990541 0.5943600000000524 0
636 0.03047999999990499 0.6019800000000262 0
637 0.03809999999992175 0.00761999999997469 0
638 0.03809999999992192 0.01523999999994936 0
639 0.03809999999992207 0.02285999999992398 0
640 0.03809999999992226 0.03047999999990664 0
641 0.03809999999992243 0.03809999999993424 0
642 0.03809999999992259 0.04571999999997411 0
643 0.03809999999992277 0.05334000000001406 0
644 0.03809999999992294 0.06096000000005389 0
645 0.0380999999999231 0.06858000000009384 0
646 0.03809999999992327 0.07620000000013374 0
647 0.03809999999992345 0.08382000000017313 0
648 0.03809999999992361 0.09144000000021268 0
649 0.03809999999992379 0.09906000000025199 0
650 0.03809999999992394 0.1066800000002909 0
651 0.03809999999992412 0.1143000000003303 0
652 0.03809999999992427 0.1219200000003635 0
653 0.03809999999992444 0.1295400000003744 0
654 0.03809999999992462 0.1371600000003815 0
655 0.03809999999992479 0.1447800000003879 0
656 0.03809999999992496 0.1524000000003942 0
657 0.03809999999992512 0.1600200000004006 0
658 0.03809999999992528 0.167640000000407 0
659 0.03809999999992545 0.1752600000004142 0
660 0.03809999999992563 0.1828800000004257 0
661 0.03809999999992578 0.1905000000004592 0
662 0.03809999999992598 0.1981200000004981 0
663 0.03809999999992614 0.205740000000537 0
664 0.0380999999999263 0.213360000000576 0
665 0.03809999999992648 0.2209800000006109 0
666 0.03809999999992663 0.2286000000006242 0
667 0.03809999999992681 0.2362200000006313 0
668 0.03809999999992698 0.2438400000006379 0
669 0.03809999999992715 0.2514600000006448 0
670 0.03809999999992733 0.2590800000006531 0
671 0.03809999999992748 0.266700000000661 0
672 0.03809999999992765 0.2743200000006672 0
673 0.03809999999992782 0.2819400000006756 0
674 0.03809999999992799 0.2895600000007064 0
675 0.03809999999992816 0.2971800000007452 0
676 0.03809999999992832 0.3048000000007746 0
677 0.0380999999999285 0.3124200000007623 0
678 0.03809999999992868 0.3200400000007404 0
679 0.03809999999992882 0.327660000000718 0
680 0.03809999999992899 0.3352800000006941 0
681 0.03809999999992917 0.3429000000006702 0
682 0.03809999999992934 0.3505200000006686 0
683 0.03809999999992952 0.3581400000006751 0
684 0.03809999999992968 0.3657600000006592 0
685 0.03809999999992985 0.3733800000006351 0
686 0.03809999999993002 0.3810000000006112 0
687 0.03809999999993018 0.3886200000005875 0
688 0.03809999999993035 0.3962400000005655 0
689 0.03809999999993052 0.4038600000005437 0
690 0.03809999999993069 0.411480000000522 0
691 0.03809999999993086 0.4191000000005 0
692 0.03809999999993103 0.4267200000004778 0
693 0.0380999999999312 0.434340000000454 0
694 0.03809999999993136 0.4419600000004301 0
695 0.03809999999993153 0.449580000000406 0
696 0.0380999999999317 0.4572000000003822 0
697 0.03809999999993188 0.464820000000358 0
698 0.03809999999993204 0.472440000000336 0
699 0.03809999999993221 0.4800600000003366 0
700 0.03809999999993238 0.4876800000003269 0
701 0.03809999999993254 0.4953000000003046 0
702 0.03809999999993272 0.5029200000003156 0
703 0.03809999999993288 0.5105400000003019 0
704 0.03809999999993304 0.5181600000002797 0
705 0.03809999999993321 0.525780000000258 0
706 0.03809999999993339 0.533400000000236 0
707 0.03809999999993355 0.5410200000002144 0
708 0.03809999999993372 0.5486400000001926 0
709 0.0380999999999339 0.5562600000001705 0
710 0.03809999999993407 0.5638800000001488 0
711 0.03809999999993424 0.571500000000127 0
712 0.03809999999993441 0.5791200000001041 0
713 0.03809999999993457 0.5867400000000786 0
714 0.03809999999993473 0.5943600000000523 0
715 0.0380999999999349 0.6019800000000262 0
716 0.04571999999990996 0.007619999999974831 0
717 0.04571999999991083 0.01523999999994964 0
718 0.0457199999999117 0.0228599999999244 0
719 0.04571999999991258 0.03047999999990705 0
720 0.04571999999991343 0.03809999999993407 0
721 0.04571999999991428 0.04571999999997323 0
722 0.04571999999991515 0.0533400000000125 0
723 0.04571999999991603 0.06096000000005163 0
724 0.0457199999999169 0.06858000000009089 0
725 0.04571999999991775 0.07620000000013008 0
726 0.04571999999991863 0.08382000000016869 0
727 0.04571999999991948 0.09144000000020744 0
728 0.04571999999992037 0.09906000000024592 0
729 0.04571999999992123 0.106680000000284 0
730 0.04571999999992211 0.1143000000003226 0
731 0.04571999999992297 0.1219200000003551 0
732 0.04571999999992383 0.1295400000003656 0
733 0.0457199999999247 0.1371600000003724 0
734 0.04571999999992556 0.1447800000003783 0
735 0.04571999999992644 0.1524000000003842 0
736 0.0457199999999273 0.1600200000003901 0
737 0.04571999999992817 0.167640000000396 0
738 0.04571999999992902 0.1752600000004028 0
739 0.0457199999999299 0.182880000000414 0
740 0.04571999999993076 0.1905000000004469 0
741 0.04571999999993163 0.1981200000004849 0
742 0.04571999999993249 0.2057400000005229 0
743 0.04571999999993336 0.213360000000561 0
744 0.04571999999993423 0.2209800000005951 0
745 0.0457199999999351 0.228600000000608 0
746 0.04571999999993596 0.2362200000006149 0
747 0.04571999999993684 0.2438400000006209 0
748 0.04571999999993769 0.2514600000006275 0
749 0.04571999999993857 0.2590800000006357 0
750 0.04571999999993943 0.2667000000006434 0
751 0.0457199999999403 0.2743200000006493 0
752 0.04571999999994115 0.2819400000006572 0
753 0.04571999999994204 0.289560000000687 0
754 0.0457199999999429 0.297180000000725 0
755 0.04571999999994376 0.3048000000007539 0
756 0.04571999999994464 0.3124200000007422 0
757 0.04571999999994549 0.3200400000007211 0
758 0.04571999999994637 0.3276600000006995 0
759 0.04571999999994723 0.335280000000676 0
760 0.04571999999994809 0.3429000000006524 0
761 0.04571999999994898 0.3505200000006509 0
762 0.04571999999994984 0.3581400000006574 0
763 0.0457199999999507 0.3657600000006417 0
764 0.04571999999995158 0.3733800000006182 0
765 0.04571999999995244 0.3810000000005946 0
766 0.0457199999999533 0.3886200000005715 0
767 0.04571999999995417 0.3962400000005502 0
768 0.04571999999995503 0.4038600000005292 0
769 0.0457199999999559 0.4114800000005083 0
770 0.04571999999995677 0.4191000000004872 0
771 0.04571999999995763 0.4267200000004657 0
772 0.0457199999999585 0.4343400000004425 0
773 0.04571999999995938 0.441960000000419 0
774 0.04571999999996024 0.4495800000003952 0
775 0.0457199999999611 0.4572000000003716 0
776 0.04571999999996198 0.4648200000003481 0
777 0.04571999999996285 0.4724400000003265 0
778 0.04571999999996372 0.480060000000327 0
779 0.04571999999996457 0.4876800000003177 0
780 0.04571999999996543 0.4953000000002962 0
781 0.0457199999999663 0.5029200000003073 0
782 0.04571999999996718 0.5105400000002943 0
783 0.04571999999996804 0.5181600000002735 0
784 0.0457199999999689 0.5257800000002522 0
785 0.04571999999996978 0.5334000000002314 0
786 0.04571999999997064 0.5410200000002104 0
787 0.04571999999997152 0.5486400000001895 0
788 0.04571999999997237 0.5562600000001683 0
789 0.04571999999997323 0.5638800000001472 0
790 0.04571999999997411 0.571500000000126 0
791 0.04571999999997499 0.5791200000001043 0
792 0.04571999999997584 0.5867400000000786 0
793 0.0457199999999767 0.5943600000000525 0
794 0.04571999999997758 0.6019800000000262 0
795 0.05333999999989926 0.007619999999974972 0
796 0.05333999999990081 0.01523999999994993 0
797 0.05333999999990235 0.02285999999992481 0
798 0.05333999999990391 0.03047999999990746 0
799 0.05333999999990546 0.0380999999999339 0
800 0.05333999999990702 0.04571999999997237 0
801 0.05333999999990857 0.05334000000001095 0
802 0.05333999999991012 0.06096000000004936 0
803 0.05333999999991168 0.06858000000008795 0
804 0.05333999999991321 0.07620000000012642 0
805 0.05333999999991477 0.08382000000016426 0
806 0.05333999999991632 0.09144000000020219 0
807 0.05333999999991787 0.09906000000023983 0
808 0.05333999999991942 0.1066800000002771 0
809 0.05333999999992097 0.1143000000003148 0
810 0.05333999999992253 0.1219200000003466 0
811 0.05333999999992407 0.1295400000003567 0
812 0.05333999999992563 0.1371600000003632 0
813 0.05333999999992717 0.1447800000003688 0
814 0.05333999999992874 0.152400000000374 0
815 0.05333999999993028 0.1600200000003795 0
816 0.05333999999993183 0.167640000000385 0
817 0.05333999999993341 0.1752600000003915 0
818 0.05333999999993495 0.1828800000004024 0
819 0.05333999999993648 0.1905000000004345 0
820 0.05333999999993805 0.1981200000004717 0
821 0.05333999999993959 0.2057400000005088 0
822 0.05333999999994113 0.213360000000546 0
823 0.0533399999999427 0.2209800000005793 0
824 0.05333999999994425 0.2286000000005919 0
825 0.05333999999994581 0.2362200000005985 0
826 0.05333999999994735 0.2438400000006041 0
827 0.05333999999994891 0.2514600000006101 0
828 0.05333999999995044 0.2590800000006184 0
829 0.053339999999952 0.2667000000006259 0
830 0.05333999999995355 0.2743200000006312 0
831 0.0533399999999551 0.2819400000006387 0
832 0.05333999999995664 0.2895600000006678 0
833 0.05333999999995821 0.2971800000007051 0
834 0.05333999999995977 0.3048000000007332 0
835 0.05333999999996131 0.312420000000722 0
836 0.05333999999996288 0.3200400000007018 0
837 0.05333999999996442 0.3276600000006809 0
838 0.05333999999996596 0.3352800000006578 0
839 0.05333999999996751 0.3429000000006346 0
840 0.05333999999996906 0.3505200000006332 0
841 0.05333999999997062 0.3581400000006397 0
842 0.05333999999997217 0.3657600000006245 0
843 0.05333999999997373 0.3733800000006012 0
844 0.05333999999997528 0.381000000000578 0
845 0.05333999999997682 0.3886200000005555 0
846 0.05333999999997838 0.3962400000005349 0
847 0.05333999999997992 0.4038600000005148 0
848 0.05333999999998149 0.4114800000004946 0
849 0.05333999999998303 0.4191000000004744 0
850 0.05333999999998458 0.4267200000004538 0
851 0.05333999999998613 0.434340000000431 0
852 0.05333999999998769 0.4419600000004076 0
853 0.05333999999998924 0.4495800000003845 0
854 0.0533399999999908 0.4572000000003613 0
855 0.05333999999999234 0.4648200000003381 0
856 0.05333999999999389 0.4724400000003169 0
857 0.05333999999999545 0.4800600000003175 0
858 0.05333999999999699 0.4876800000003085 0
859 0.05333999999999854 0.4953000000002878 0
860 0.0533400000000001 0.5029200000002991 0
861 0.05334000000000166 0.510540000000287 0
862 0.05334000000000321 0.5181600000002667 0
863 0.05334000000000477 0.5257800000002466 0
864 0.0533400000000063 0.5334000000002265 0
865 0.05334000000000785 0.5410200000002062 0
866 0.05334000000000939 0.5486400000001861 0
867 0.05334000000001095 0.5562600000001661 0
868 0.0533400000000125 0.5638800000001456 0
869 0.05334000000001406 0.5715000000001257 0
870 0.0533400000000156 0.5791200000001043 0
871 0.05334000000001717 0.5867400000000786 0
872 0.05334000000001871 0.5943600000000525 0
873 0.05334000000002027 0.6019800000000265 0
874 0.06095999999988666 0.007619999999975112 0
875 0.06095999999988893 0.0152399999999502 0
876 0.06095999999989119 0.02285999999992522 0
877 0.06095999999989344 0.03047999999990788 0
878 0.0609599999998957 0.03809999999993372 0
879 0.06095999999989796 0.04571999999997151 0
880 0.06095999999990022 0.0533400000000094 0
881 0.06095999999990249 0.0609600000000471 0
882 0.06095999999990474 0.06858000000008499 0
883 0.06095999999990702 0.07620000000012275 0
884 0.06095999999990927 0.08382000000015979 0
885 0.06095999999991154 0.09144000000019697 0
886 0.06095999999991378 0.09906000000023379 0
887 0.06095999999991605 0.1066800000002701 0
888 0.06095999999991831 0.1143000000003071 0
889 0.06095999999992056 0.1219200000003381 0
890 0.06095999999992285 0.1295400000003478 0
891 0.06095999999992509 0.137160000000354 0
892 0.06095999999992736 0.1447800000003591 0
893 0.0609599999999296 0.1524000000003639 0
894 0.06095999999993187 0.160020000000369 0
895 0.06095999999993413 0.167640000000374 0
896 0.06095999999993638 0.1752600000003802 0
897 0.06095999999993866 0.1828800000003908 0
898 0.06095999999994092 0.1905000000004224 0
899 0.06095999999994316 0.1981200000004586 0
900 0.06095999999994543 0.2057400000004948 0
901 0.06095999999994767 0.213360000000531 0
902 0.06095999999994994 0.2209800000005634 0
903 0.06095999999995219 0.2286000000005757 0
904 0.06095999999995445 0.236220000000582 0
905 0.0609599999999567 0.2438400000005872 0
906 0.06095999999995898 0.251460000000593 0
907 0.06095999999996125 0.2590800000006012 0
908 0.0609599999999635 0.2667000000006085 0
909 0.06095999999996575 0.2743200000006135 0
910 0.06095999999996803 0.2819400000006203 0
911 0.06095999999997027 0.2895600000006486 0
912 0.06095999999997254 0.2971800000006848 0
913 0.0609599999999748 0.3048000000007123 0
914 0.06095999999997706 0.3124200000007017 0
915 0.06095999999997932 0.3200400000006824 0
916 0.06095999999998157 0.3276600000006622 0
917 0.06095999999998383 0.3352800000006395 0
918 0.06095999999998609 0.3429000000006169 0
919 0.06095999999998834 0.3505200000006156 0
920 0.06095999999999062 0.358140000000622 0
921 0.06095999999999287 0.3657600000006071 0
922 0.06095999999999513 0.3733800000005842 0
923 0.06095999999999739 0.3810000000005616 0
924 0.06095999999999967 0.3886200000005393 0
925 0.06096000000000192 0.3962400000005195 0
926 0.06096000000000418 0.4038600000005002 0
927 0.06096000000000644 0.4114800000004811 0
928 0.06096000000000869 0.4191000000004617 0
929 0.06096000000001095 0.4267200000004416 0
930 0.06096000000001321 0.4343400000004193 0
931 0.06096000000001549 0.4419600000003965 0
932 0.06096000000001774 0.4495800000003736 0
933 0.06096000000001998 0.457200000000351 0
934 0.06096000000002225 0.4648200000003282 0
935 0.06096000000002451 0.4724400000003074 0
936 0.06096000000002677 0.4800600000003079 0
937 0.06096000000002903 0.4876800000002992 0
938 0.06096000000003128 0.4953000000002793 0
939 0.06096000000003354 0.5029200000002911 0
940 0.0609600000000358 0.5105400000002795 0
941 0.06096000000003808 0.5181600000002601 0
942 0.06096000000004033 0.5257800000002412 0
943 0.06096000000004258 0.5334000000002215 0
944 0.06096000000004483 0.5410200000002021 0
945 0.06096000000004711 0.548640000000183 0
946 0.06096000000004936 0.5562600000001636 0
947 0.06096000000005163 0.5638800000001443 0
948 0.06096000000005389 0.5715000000001248 0
949 0.06096000000005615 0.5791200000001042 0
950 0.0609600000000584 0.5867400000000789 0
951 0.06096000000006067 0.5943600000000525 0
952 0.06096000000006293 0.6019800000000264 0
953 0.06857999999987595 0.007619999999975255 0
954 0.0685799999998789 0.01523999999995048 0
955 0.06857999999988182 0.02285999999992562 0
956 0.0685799999998848 0.03047999999990828 0
957 0.06857999999988773 0.03809999999993358 0
958 0.06857999999989069 0.04571999999997066 0
959 0.06857999999989363 0.05334000000000785 0
960 0.06857999999989656 0.06096000000004485 0
961 0.0685799999998995 0.06858000000008205 0
962 0.06857999999990246 0.07620000000011909 0
963 0.06857999999990538 0.08382000000015537 0
964 0.06857999999990834 0.0914400000001917 0
965 0.06857999999991127 0.09906000000022772 0
966 0.06857999999991421 0.1066800000002632 0
967 0.06857999999991717 0.1143000000002993 0
968 0.06857999999992014 0.1219200000003297 0
969 0.06857999999992308 0.1295400000003389 0
970 0.06857999999992602 0.1371600000003448 0
971 0.06857999999992893 0.1447800000003494 0
972 0.0685799999999319 0.1524000000003538 0
973 0.06857999999993485 0.1600200000003584 0
974 0.06857999999993779 0.167640000000363 0
975 0.06857999999994072 0.1752600000003689 0
976 0.0685799999999437 0.1828800000003792 0
977 0.06857999999994664 0.19050000000041 0
978 0.06857999999994957 0.1981200000004454 0
979 0.06857999999995251 0.2057400000004807 0
980 0.06857999999995547 0.2133600000005161 0
981 0.0685799999999584 0.2209800000005477 0
982 0.06857999999996132 0.2286000000005595 0
983 0.06857999999996427 0.2362200000005655 0
984 0.06857999999996724 0.2438400000005703 0
985 0.06857999999997016 0.2514600000005758 0
986 0.06857999999997312 0.2590800000005838 0
987 0.06857999999997605 0.266700000000591 0
988 0.068579999999979 0.2743200000005955 0
989 0.06857999999998193 0.2819400000006018 0
990 0.06857999999998489 0.2895600000006295 0
991 0.06857999999998783 0.2971800000006646 0
992 0.0685799999999908 0.3048000000006917 0
993 0.06857999999999372 0.3124200000006815 0
994 0.06857999999999664 0.3200400000006631 0
995 0.06857999999999959 0.3276600000006435 0
996 0.06858000000000256 0.3352800000006215 0
997 0.0685800000000055 0.3429000000005991 0
998 0.06858000000000845 0.3505200000005979 0
999 0.0685800000000114 0.3581400000006043 0
1000 0.06858000000001434 0.3657600000005895 0
1001 0.06858000000001727 0.3733800000005673 0
1002 0.06858000000002021 0.3810000000005448 0
1003 0.06858000000002316 0.3886200000005233 0
1004 0.06858000000002609 0.3962400000005042 0
1005 0.06858000000002905 0.4038600000004858 0
1006 0.06858000000003202 0.4114800000004673 0
1007 0.06858000000003496 0.4191000000004489 0
1008 0.0685800000000379 0.4267200000004296 0
1009 0.06858000000004084 0.4343400000004079 0
1010 0.06858000000004379 0.4419600000003854 0
1011 0.06858000000004671 0.449580000000363 0
1012 0.06858000000004967 0.4572000000003406 0
1013 0.06858000000005261 0.4648200000003183 0
1014 0.06858000000005555 0.4724400000002977 0
1015 0.0685800000000585 0.4800600000002985 0
1016 0.06858000000006143 0.48768000000029 0
1017 0.06858000000006437 0.4953000000002706 0
1018 0.06858000000006731 0.502920000000283 0
1019 0.06858000000007027 0.5105400000002723 0
1020 0.06858000000007324 0.5181600000002538 0
1021 0.06858000000007615 0.5257800000002353 0
1022 0.06858000000007909 0.5334000000002167 0
1023 0.06858000000008206 0.5410200000001982 0
1024 0.06858000000008499 0.5486400000001797 0
1025 0.06858000000008795 0.5562600000001612 0
1026 0.06858000000009087 0.5638800000001428 0
1027 0.06858000000009383 0.5715000000001242 0
1028 0.06858000000009676 0.5791200000001044 0
1029 0.06858000000009974 0.5867400000000789 0
1030 0.06858000000010268 0.5943600000000525 0
1031 0.06858000000010561 0.6019800000000264 0
1032 0.07619999999986285 0.007619999999975396 0
1033 0.07619999999986647 0.01523999999995076 0
1034 0.07619999999987018 0.02285999999992604 0
1035 0.07619999999987384 0.0304799999999087 0
1036 0.07619999999987748 0.03809999999993339 0
1037 0.07619999999988117 0.04571999999996978 0
1038 0.0761999999998848 0.05334000000000629 0
1039 0.0761999999998885 0.06096000000004259 0
1040 0.07619999999989213 0.06858000000007912 0
1041 0.07619999999989581 0.07620000000011541 0
1042 0.07619999999989943 0.0838200000001509 0
1043 0.07619999999990312 0.09144000000018647 0
1044 0.07619999999990679 0.09906000000022165 0
1045 0.07619999999991044 0.1066800000002563 0
1046 0.07619999999991409 0.1143000000002916 0
1047 0.07619999999991775 0.1219200000003212 0
1048 0.07619999999992141 0.12954000000033 0
1049 0.07619999999992508 0.1371600000003357 0
1050 0.07619999999992871 0.1447800000003398 0
1051 0.07619999999993241 0.1524000000003438 0
1052 0.07619999999993604 0.1600200000003479 0
1053 0.0761999999999397 0.167640000000352 0
1054 0.07619999999994337 0.1752600000003576 0
1055 0.07619999999994703 0.1828800000003676 0
1056 0.0761999999999507 0.1905000000003978 0
1057 0.07619999999995436 0.1981200000004321 0
1058 0.07619999999995802 0.2057400000004665 0
1059 0.07619999999996169 0.2133600000005011 0
1060 0.07619999999996535 0.2209800000005319 0
1061 0.07619999999996899 0.2286000000005434 0
1062 0.07619999999997265 0.236220000000549 0
1063 0.07619999999997631 0.2438400000005534 0
1064 0.07619999999997998 0.2514600000005585 0
1065 0.07619999999998364 0.2590800000005665 0
1066 0.07619999999998731 0.2667000000005735 0
1067 0.07619999999999097 0.2743200000005775 0
1068 0.07619999999999463 0.2819400000005834 0
1069 0.0761999999999983 0.2895600000006102 0
1070 0.07620000000000196 0.2971800000006447 0
1071 0.07620000000000562 0.3048000000006709 0
1072 0.07620000000000929 0.3124200000006614 0
1073 0.07620000000001292 0.3200400000006438 0
1074 0.07620000000001659 0.327660000000625 0
1075 0.07620000000002028 0.3352800000006033 0
1076 0.07620000000002392 0.3429000000005814 0
1077 0.07620000000002758 0.3505200000005802 0
1078 0.07620000000003124 0.3581400000005867 0
1079 0.07620000000003491 0.3657600000005722 0
1080 0.07620000000003854 0.3733800000005503 0
1081 0.07620000000004221 0.3810000000005284 0
1082 0.07620000000004587 0.3886200000005071 0
1083 0.07620000000004953 0.396240000000489 0
1084 0.0762000000000532 0.4038600000004713 0
1085 0.07620000000005686 0.4114800000004538 0
1086 0.07620000000006052 0.4191000000004361 0
1087 0.07620000000006419 0.4267200000004175 0
1088 0.07620000000006785 0.4343400000003962 0
1089 0.07620000000007152 0.4419600000003742 0
1090 0.07620000000007518 0.4495800000003521 0
1091 0.07620000000007882 0.4572000000003303 0
1092 0.07620000000008248 0.4648200000003082 0
1093 0.07620000000008614 0.4724400000002882 0
1094 0.07620000000008981 0.4800600000002889 0
1095 0.07620000000009347 0.4876800000002807 0
1096 0.07620000000009713 0.4953000000002622 0
1097 0.07620000000010077 0.502920000000275 0
1098 0.07620000000010443 0.510540000000265 0
1099 0.0762000000001081 0.5181600000002472 0
1100 0.07620000000011176 0.5257800000002295 0
1101 0.07620000000011541 0.5334000000002117 0
1102 0.07620000000011909 0.5410200000001942 0
1103 0.07620000000012275 0.5486400000001765 0
1104 0.07620000000012642 0.556260000000159 0
1105 0.07620000000013007 0.5638800000001413 0
1106 0.07620000000013374 0.5715000000001237 0
1107 0.07620000000013741 0.5791200000001046 0
1108 0.07620000000014107 0.5867400000000791 0
1109 0.07620000000014471 0.5943600000000527 0
1110 0.07620000000014837 0.6019800000000264 0
1111 0.08381999999984381 0.007619999999975537 0
1112 0.08381999999984827 0.01523999999995105 0
1113 0.08381999999985276 0.02285999999992644 0
1114 0.08381999999985718 0.03047999999990909 0
1115 0.0838199999998616 0.03809999999993323 0
1116 0.08381999999986607 0.0457199999999689 0
1117 0.08381999999987053 0.05334000000000475 0
1118 0.08381999999987497 0.06096000000004032 0
1119 0.08381999999987942 0.06858000000007616 0
1120 0.08381999999988389 0.07620000000011176 0
1121 0.08381999999988829 0.08382000000014644 0
1122 0.08381999999989274 0.09144000000018122 0
1123 0.08381999999989721 0.0990600000002156 0
1124 0.08381999999990165 0.1066800000002494 0
1125 0.08381999999990609 0.1143000000002838 0
1126 0.08381999999991059 0.1219200000003127 0
1127 0.08381999999991503 0.1295400000003211 0
1128 0.08381999999991949 0.1371600000003265 0
1129 0.08381999999992393 0.1447800000003302 0
1130 0.08381999999992838 0.1524000000003337 0
1131 0.08381999999993282 0.1600200000003373 0
1132 0.08381999999993726 0.1676400000003409 0
1133 0.08381999999994173 0.1752600000003462 0
1134 0.0838199999999462 0.182880000000356 0
1135 0.08381999999995064 0.1905000000003855 0
1136 0.08381999999995508 0.198120000000419 0
1137 0.08381999999995952 0.2057400000004525 0
1138 0.08381999999996401 0.213360000000486 0
1139 0.08381999999996843 0.2209800000005162 0
1140 0.08381999999997289 0.2286000000005272 0
1141 0.08381999999997736 0.2362200000005326 0
1142 0.0838199999999818 0.2438400000005365 0
1143 0.08381999999998624 0.2514600000005413 0
1144 0.08381999999999071 0.2590800000005492 0
1145 0.08381999999999512 0.266700000000556 0
1146 0.08381999999999959 0.2743200000005596 0
1147 0.08382000000000403 0.281940000000565 0
1148 0.0838200000000085 0.2895600000005911 0
1149 0.08382000000001294 0.2971800000006246 0
1150 0.08382000000001737 0.3048000000006502 0
1151 0.08382000000002185 0.3124200000006414 0
1152 0.08382000000002632 0.3200400000006244 0
1153 0.08382000000003074 0.3276600000006063 0
1154 0.08382000000003519 0.3352800000005851 0
1155 0.08382000000003963 0.3429000000005636 0
1156 0.0838200000000441 0.3505200000005625 0
1157 0.08382000000004858 0.3581400000005691 0
1158 0.08382000000005302 0.3657600000005549 0
1159 0.08382000000005746 0.3733800000005334 0
1160 0.0838200000000619 0.3810000000005118 0
1161 0.08382000000006634 0.3886200000004911 0
1162 0.0838200000000708 0.3962400000004737 0
1163 0.08382000000007526 0.4038600000004569 0
1164 0.08382000000007972 0.4114800000004402 0
1165 0.08382000000008415 0.4191000000004234 0
1166 0.08382000000008859 0.4267200000004056 0
1167 0.08382000000009303 0.4343400000003846 0
1168 0.08382000000009751 0.441960000000363 0
1169 0.08382000000010194 0.4495800000003415 0
1170 0.08382000000010642 0.45720000000032 0
1171 0.08382000000011085 0.4648200000002982 0
1172 0.08382000000011529 0.4724400000002786 0
1173 0.08382000000011973 0.4800600000002794 0
1174 0.08382000000012421 0.4876800000002715 0
1175 0.08382000000012868 0.4953000000002538 0
1176 0.08382000000013311 0.5029200000002669 0
1177 0.08382000000013755 0.5105400000002573 0
1178 0.08382000000014199 0.5181600000002405 0
1179 0.08382000000014646 0.5257800000002237 0
1180 0.0838200000001509 0.5334000000002068 0
1181 0.08382000000015535 0.5410200000001902 0
1182 0.08382000000015981 0.5486400000001734 0
1183 0.08382000000016424 0.5562600000001566 0
1184 0.08382000000016869 0.5638800000001399 0
1185 0.08382000000017313 0.571500000000123 0
1186 0.08382000000017759 0.5791200000001046 0
1187 0.08382000000018207 0.5867400000000791 0
1188 0.08382000000018651 0.5943600000000527 0
1189 0.08382000000019095 0.6019800000000264 0
1190 0.0914399999998248 0.007619999999975678 0
1191 0.09143999999983005 0.01523999999995133 0
1192 0.09143999999983528 0.02285999999992685 0
1193 0.09143999999984055 0.03047999999990951 0
1194 0.09143999999984578 0.03809999999993305 0
1195 0.09143999999985103 0.04571999999996804 0
1196 0.09143999999985625 0.0533400000000032 0
1197 0.09143999999986149 0.06096000000003807 0
1198 0.09143999999986677 0.06858000000007321 0
1199 0.09143999999987197 0.0762000000001081 0
1200 0.09143999999987722 0.08382000000014199 0
1201 0.09143999999988245 0.09144000000017599 0
1202 0.09143999999988771 0.09906000000020955 0
1203 0.09143999999989295 0.1066800000002424 0
1204 0.09143999999989816 0.1143000000002761 0
1205 0.09143999999990343 0.1219200000003043 0
1206 0.09143999999990864 0.1295400000003123 0
1207 0.0914399999999139 0.1371600000003173 0
1208 0.09143999999991914 0.1447800000003206 0
1209 0.0914399999999244 0.1524000000003236 0
1210 0.09143999999992963 0.1600200000003267 0
1211 0.09143999999993488 0.16764000000033 0
1212 0.0914399999999401 0.175260000000335 0
1213 0.09143999999994537 0.1828800000003443 0
1214 0.09143999999995062 0.1905000000003731 0
1215 0.09143999999995586 0.1981200000004058 0
1216 0.09143999999996107 0.2057400000004384 0
1217 0.09143999999996633 0.2133600000004711 0
1218 0.09143999999997157 0.2209800000005003 0
1219 0.09143999999997679 0.228600000000511 0
1220 0.09143999999998204 0.2362200000005162 0
1221 0.09143999999998728 0.2438400000005196 0
1222 0.09143999999999253 0.251460000000524 0
1223 0.09143999999999777 0.2590800000005319 0
1224 0.09144000000000302 0.2667000000005386 0
1225 0.09144000000000826 0.2743200000005417 0
1226 0.0914400000000135 0.2819400000005466 0
1227 0.09144000000001873 0.2895600000005718 0
1228 0.09144000000002397 0.2971800000006045 0
1229 0.09144000000002922 0.3048000000006294 0
1230 0.09144000000003447 0.312420000000621 0
1231 0.09144000000003971 0.3200400000006051 0
1232 0.09144000000004496 0.3276600000005878 0
1233 0.09144000000005018 0.335280000000567 0
1234 0.09144000000005542 0.3429000000005459 0
1235 0.09144000000006067 0.3505200000005448 0
1236 0.09144000000006591 0.3581400000005515 0
1237 0.09144000000007119 0.3657600000005375 0
1238 0.0914400000000764 0.3733800000005162 0
1239 0.09144000000008162 0.3810000000004953 0
1240 0.09144000000008687 0.388620000000475 0
1241 0.0914400000000921 0.3962400000004582 0
1242 0.09144000000009735 0.4038600000004423 0
1243 0.09144000000010259 0.4114800000004264 0
1244 0.09144000000010785 0.4191000000004105 0
1245 0.0914400000001131 0.4267200000003936 0
1246 0.09144000000011832 0.434340000000373 0
1247 0.09144000000012358 0.4419600000003519 0
1248 0.09144000000012879 0.4495800000003307 0
1249 0.09144000000013408 0.4572000000003095 0
1250 0.0914400000001393 0.4648200000002883 0
1251 0.09144000000014454 0.472440000000269 0
1252 0.09144000000014979 0.48006000000027 0
1253 0.09144000000015501 0.4876800000002623 0
1254 0.09144000000016025 0.4953000000002453 0
1255 0.0914400000001655 0.5029200000002587 0
1256 0.09144000000017075 0.5105400000002503 0
1257 0.09144000000017598 0.5181600000002342 0
1258 0.09144000000018124 0.5257800000002182 0
1259 0.09144000000018648 0.533400000000202 0
1260 0.0914400000001917 0.5410200000001862 0
1261 0.09144000000019697 0.5486400000001703 0
1262 0.09144000000020218 0.5562600000001541 0
1263 0.09144000000020742 0.5638800000001382 0
1264 0.09144000000021268 0.5715000000001221 0
1265 0.0914400000002179 0.5791200000001043 0
1266 0.09144000000022318 0.5867400000000791 0
1267 0.09144000000022839 0.594360000000053 0
1268 0.09144000000023367 0.6019800000000264 0
1269 0.09905999999980367 0.007619999999975821 0
1270 0.09905999999980972 0.0152399999999516 0
1271 0.09905999999981575 0.02285999999992726 0
1272 0.0990599999998218 0.03047999999990993 0
1273 0.09905999999982788 0.03809999999993288 0
1274 0.09905999999983395 0.04571999999996718 0
1275 0.09905999999983998 0.05334000000000165 0
1276 0.09905999999984608 0.0609600000000358 0
1277 0.09905999999985213 0.06858000000007025 0
1278 0.09905999999985816 0.07620000000010443 0
1279 0.09905999999986424 0.08382000000013755 0
1280 0.09905999999987029 0.09144000000017073 0
1281 0.09905999999987639 0.09906000000020351 0
1282 0.09905999999988239 0.1066800000002355 0
1283 0.09905999999988846 0.1143000000002684 0
1284 0.0990599999998945 0.1219200000002958 0
1285 0.09905999999990059 0.1295400000003034 0
1286 0.09905999999990664 0.1371600000003081 0
1287 0.09905999999991269 0.1447800000003109 0
1288 0.09905999999991877 0.1524000000003135 0
1289 0.09905999999992483 0.1600200000003162 0
1290 0.09905999999993087 0.167640000000319 0
1291 0.09905999999993693 0.1752600000003237 0
1292 0.09905999999994299 0.1828800000003328 0
1293 0.09905999999994902 0.1905000000003609 0
1294 0.0990599999999551 0.1981200000003926 0
1295 0.09905999999996117 0.2057400000004243 0
1296 0.0990599999999672 0.2133600000004561 0
1297 0.09905999999997328 0.2209800000004845 0
1298 0.09905999999997933 0.2286000000004949 0
1299 0.09905999999998541 0.2362200000004997 0
1300 0.09905999999999146 0.2438400000005027 0
1301 0.09905999999999754 0.2514600000005067 0
1302 0.09906000000000359 0.2590800000005147 0
1303 0.09906000000000964 0.266700000000521 0
1304 0.09906000000001569 0.2743200000005238 0
1305 0.09906000000002176 0.2819400000005282 0
1306 0.09906000000002782 0.2895600000005526 0
1307 0.09906000000003387 0.2971800000005843 0
1308 0.09906000000003992 0.3048000000006086 0
1309 0.099060000000046 0.3124200000006009 0
1310 0.09906000000005202 0.3200400000005857 0
1311 0.0990600000000581 0.3276600000005692 0
1312 0.09906000000006415 0.3352800000005488 0
1313 0.09906000000007023 0.3429000000005281 0
1314 0.09906000000007628 0.3505200000005273 0
1315 0.09906000000008233 0.3581400000005336 0
1316 0.09906000000008838 0.3657600000005201 0
1317 0.09906000000009446 0.3733800000004994 0
1318 0.09906000000010051 0.3810000000004786 0
1319 0.09906000000010654 0.3886200000004589 0
1320 0.09906000000011264 0.3962400000004431 0
1321 0.09906000000011868 0.4038600000004279 0
1322 0.09906000000012473 0.4114800000004129 0
1323 0.09906000000013079 0.4191000000003976 0
1324 0.09906000000013684 0.4267200000003815 0
1325 0.09906000000014288 0.4343400000003614 0
1326 0.09906000000014896 0.4419600000003406 0
1327 0.09906000000015505 0.4495800000003198 0
1328 0.09906000000016109 0.4572000000002991 0
1329 0.09906000000016714 0.4648200000002783 0
1330 0.09906000000017319 0.4724400000002594 0
1331 0.09906000000017924 0.4800600000002604 0
1332 0.09906000000018531 0.4876800000002529 0
1333 0.09906000000019138 0.4953000000002367 0
1334 0.09906000000019745 0.5029200000002506 0
1335 0.09906000000020351 0.5105400000002427 0
1336 0.09906000000020956 0.5181600000002278 0
1337 0.0990600000002156 0.5257800000002126 0
1338 0.09906000000022165 0.5334000000001973 0
1339 0.09906000000022774 0.5410200000001821 0
1340 0.09906000000023379 0.5486400000001673 0
1341 0.09906000000023983 0.5562600000001517 0
1342 0.09906000000024588 0.5638800000001367 0
1343 0.09906000000025196 0.5715000000001216 0
1344 0.09906000000025802 0.5791200000001044 0
1345 0.09906000000026406 0.5867400000000793 0
1346 0.09906000000027011 0.594360000000053 0
1347 0.09906000000027616 0.6019800000000264 0
1348 0.1066799999997777 0.007619999999975962 0
1349 0.1066799999997846 0.01523999999995189 0
1350 0.1066799999997916 0.02285999999992767 0
1351 0.1066799999997985 0.03047999999991033 0
1352 0.1066799999998054 0.03809999999993271 0
1353 0.1066799999998124 0.04571999999996631 0
1354 0.1066799999998193 0.0533400000000001 0
1355 0.1066799999998262 0.06096000000003355 0
1356 0.1066799999998332 0.06858000000006731 0
1357 0.1066799999998401 0.07620000000010078 0
1358 0.106679999999847 0.08382000000013311 0
1359 0.106679999999854 0.09144000000016549 0
1360 0.1066799999998609 0.09906000000019745 0
1361 0.1066799999998679 0.1066800000002285 0
1362 0.1066799999998748 0.1143000000002606 0
1363 0.1066799999998817 0.1219200000002873 0
1364 0.1066799999998887 0.1295400000002945 0
1365 0.1066799999998956 0.1371600000002989 0
1366 0.1066799999999025 0.1447800000003012 0
1367 0.1066799999999095 0.1524000000003033 0
1368 0.1066799999999164 0.1600200000003056 0
1369 0.1066799999999234 0.1676400000003079 0
1370 0.1066799999999303 0.1752600000003124 0
1371 0.1066799999999372 0.1828800000003211 0
1372 0.1066799999999442 0.1905000000003486 0
1373 0.1066799999999511 0.1981200000003794 0
1374 0.106679999999958 0.2057400000004103 0
1375 0.106679999999965 0.2133600000004411 0
1376 0.1066799999999719 0.2209800000004687 0
1377 0.1066799999999789 0.2286000000004786 0
1378 0.1066799999999858 0.2362200000004833 0
1379 0.1066799999999927 0.2438400000004859 0
1380 0.1066799999999997 0.2514600000004896 0
1381 0.1066800000000066 0.2590800000004974 0
1382 0.1066800000000135 0.2667000000005036 0
1383 0.1066800000000204 0.2743200000005058 0
1384 0.1066800000000274 0.2819400000005097 0
1385 0.1066800000000343 0.2895600000005333 0
1386 0.1066800000000413 0.2971800000005641 0
1387 0.1066800000000482 0.3048000000005879 0
1388 0.1066800000000551 0.3124200000005807 0
1389 0.1066800000000621 0.3200400000005663 0
1390 0.106680000000069 0.3276600000005505 0
1391 0.1066800000000759 0.3352800000005305 0
1392 0.1066800000000829 0.3429000000005102 0
1393 0.1066800000000898 0.3505200000005095 0
1394 0.1066800000000968 0.358140000000516 0
1395 0.1066800000001037 0.3657600000005027 0
1396 0.1066800000001106 0.3733800000004824 0
1397 0.1066800000001176 0.3810000000004621 0
1398 0.1066800000001245 0.3886200000004428 0
1399 0.1066800000001314 0.3962400000004276 0
1400 0.1066800000001383 0.4038600000004134 0
1401 0.1066800000001453 0.4114800000003992 0
1402 0.1066800000001522 0.4191000000003849 0
1403 0.1066800000001592 0.4267200000003694 0
1404 0.1066800000001661 0.4343400000003499 0
1405 0.1066800000001731 0.4419600000003294 0
1406 0.10668000000018 0.4495800000003091 0
1407 0.1066800000001869 0.4572000000002887 0
1408 0.1066800000001938 0.4648200000002684 0
1409 0.1066800000002008 0.4724400000002498 0
1410 0.1066800000002077 0.4800600000002509 0
1411 0.1066800000002147 0.4876800000002439 0
1412 0.1066800000002216 0.4953000000002282 0
1413 0.1066800000002286 0.5029200000002426 0
1414 0.1066800000002355 0.5105400000002357 0
1415 0.1066800000002424 0.5181600000002211 0
1416 0.1066800000002494 0.5257800000002069 0
1417 0.1066800000002563 0.5334000000001927 0
1418 0.1066800000002632 0.5410200000001782 0
1419 0.1066800000002701 0.5486400000001641 0
1420 0.1066800000002771 0.5562600000001496 0
1421 0.106680000000284 0.5638800000001354 0
1422 0.1066800000002909 0.571500000000121 0
1423 0.1066800000002979 0.5791200000001046 0
1424 0.1066800000003048 0.5867400000000795 0
1425 0.1066800000003117 0.594360000000053 0
1426 0.1066800000003187 0.6019800000000264 0
1427 0.1142999999997571 0.007619999999976106 0
1428 0.1142999999997648 0.01523999999995217 0
1429 0.1142999999997726 0.02285999999992808 0
1430 0.1142999999997803 0.03047999999991075 0
1431 0.1142999999997881 0.03809999999993254 0
1432 0.1142999999997958 0.04571999999996544 0
1433 0.1142999999998036 0.05333999999999855 0
1434 0.1142999999998113 0.06096000000003129 0
1435 0.1142999999998191 0.06858000000006438 0
1436 0.1142999999998268 0.07620000000009711 0
1437 0.1142999999998345 0.08382000000012867 0
1438 0.1142999999998423 0.09144000000016028 0
1439 0.11429999999985 0.09906000000019138 0
1440 0.1142999999998578 0.1066800000002216 0
1441 0.1142999999998655 0.1143000000002529 0
1442 0.1142999999998733 0.1219200000002788 0
1443 0.114299999999881 0.1295400000002856 0
1444 0.1142999999998888 0.1371600000002897 0
1445 0.1142999999998965 0.1447800000002916 0
1446 0.1142999999999043 0.1524000000002932 0
1447 0.114299999999912 0.1600200000002951 0
1448 0.1142999999999198 0.1676400000002969 0
1449 0.1142999999999275 0.1752600000003011 0
1450 0.1142999999999352 0.1828800000003095 0
1451 0.114299999999943 0.1905000000003363 0
1452 0.1142999999999507 0.1981200000003662 0
1453 0.1142999999999585 0.2057400000003962 0
1454 0.1142999999999663 0.2133600000004261 0
1455 0.114299999999974 0.2209800000004529 0
1456 0.1142999999999817 0.2286000000004625 0
1457 0.1142999999999895 0.2362200000004668 0
1458 0.1142999999999972 0.2438400000004689 0
1459 0.114300000000005 0.2514600000004723 0
1460 0.1143000000000127 0.2590800000004801 0
1461 0.1143000000000205 0.2667000000004862 0
1462 0.1143000000000282 0.2743200000004878 0
1463 0.114300000000036 0.2819400000004913 0
1464 0.1143000000000437 0.2895600000005142 0
1465 0.1143000000000515 0.2971800000005441 0
1466 0.1143000000000592 0.3048000000005671 0
1467 0.1143000000000669 0.3124200000005605 0
1468 0.1143000000000747 0.3200400000005471 0
1469 0.1143000000000824 0.3276600000005319 0
1470 0.1143000000000902 0.3352800000005124 0
1471 0.1143000000000979 0.3429000000004925 0
1472 0.1143000000001057 0.3505200000004918 0
1473 0.1143000000001134 0.3581400000004984 0
1474 0.1143000000001212 0.3657600000004854 0
1475 0.1143000000001289 0.3733800000004653 0
1476 0.1143000000001366 0.3810000000004455 0
1477 0.1143000000001444 0.3886200000004267 0
1478 0.1143000000001521 0.3962400000004124 0
1479 0.1143000000001599 0.403860000000399 0
1480 0.1143000000001677 0.4114800000003856 0
1481 0.1143000000001754 0.4191000000003721 0
1482 0.1143000000001831 0.4267200000003574 0
1483 0.1143000000001909 0.4343400000003384 0
1484 0.1143000000001987 0.4419600000003184 0
1485 0.1143000000002063 0.4495800000002982 0
1486 0.1143000000002141 0.4572000000002783 0
1487 0.1143000000002218 0.4648200000002584 0
1488 0.1143000000002296 0.4724400000002402 0
1489 0.1143000000002373 0.4800600000002413 0
1490 0.1143000000002451 0.4876800000002345 0
1491 0.1143000000002528 0.4953000000002199 0
1492 0.1143000000002606 0.5029200000002347 0
1493 0.1143000000002683 0.5105400000002281 0
1494 0.1143000000002761 0.5181600000002147 0
1495 0.1143000000002838 0.5257800000002012 0
1496 0.1143000000002916 0.5334000000001876 0
1497 0.1143000000002993 0.5410200000001741 0
1498 0.114300000000307 0.5486400000001607 0
1499 0.1143000000003148 0.5562600000001472 0
1500 0.1143000000003226 0.5638800000001337 0
1501 0.1143000000003303 0.5715000000001204 0
1502 0.114300000000338 0.5791200000001044 0
1503 0.1143000000003458 0.5867400000000796 0
1504 0.1143000000003536 0.5943600000000531 0
1505 0.1143000000003613 0.6019800000000264 0
1506 0.1219199999997364 0.007619999999976247 0
1507 0.1219199999997449 0.01523999999995245 0
1508 0.1219199999997533 0.02285999999992849 0
1509 0.1219199999997618 0.03047999999991115 0
1510 0.1219199999997703 0.03809999999993238 0
1511 0.1219199999997788 0.04571999999996457 0
1512 0.1219199999997872 0.05333999999999699 0
1513 0.1219199999997957 0.06096000000002903 0
1514 0.1219199999998042 0.06858000000006144 0
1515 0.1219199999998127 0.07620000000009347 0
1516 0.1219199999998212 0.0838200000001242 0
1517 0.1219199999998296 0.09144000000015501 0
1518 0.1219199999998381 0.09906000000018529 0
1519 0.1219199999998466 0.1066800000002147 0
1520 0.1219199999998551 0.1143000000002451 0
1521 0.1219199999998635 0.1219200000002703 0
1522 0.121919999999872 0.1295400000002767 0
1523 0.1219199999998805 0.1371600000002805 0
1524 0.1219199999998889 0.144780000000282 0
1525 0.1219199999998974 0.1524000000002832 0
1526 0.1219199999999059 0.1600200000002845 0
1527 0.1219199999999143 0.1676400000002859 0
1528 0.1219199999999228 0.1752600000002897 0
1529 0.1219199999999313 0.1828800000002979 0
1530 0.1219199999999398 0.190500000000324 0
1531 0.1219199999999482 0.1981200000003531 0
1532 0.1219199999999567 0.2057400000003821 0
1533 0.1219199999999652 0.2133600000004111 0
1534 0.1219199999999737 0.2209800000004371 0
1535 0.1219199999999822 0.2286000000004463 0
1536 0.1219199999999907 0.2362200000004503 0
1537 0.1219199999999991 0.2438400000004521 0
1538 0.1219200000000076 0.2514600000004549 0
1539 0.1219200000000161 0.2590800000004628 0
1540 0.1219200000000245 0.2667000000004687 0
1541 0.121920000000033 0.2743200000004699 0
1542 0.1219200000000415 0.2819400000004729 0
1543 0.12192000000005 0.289560000000495 0
1544 0.1219200000000585 0.2971800000005239 0
1545 0.1219200000000669 0.3048000000005465 0
1546 0.1219200000000754 0.3124200000005403 0
1547 0.1219200000000839 0.3200400000005277 0
1548 0.1219200000000924 0.3276600000005133 0
1549 0.1219200000001009 0.3352800000004941 0
1550 0.1219200000001093 0.3429000000004747 0
1551 0.1219200000001178 0.3505200000004742 0
1552 0.1219200000001262 0.3581400000004806 0
1553 0.1219200000001348 0.3657600000004681 0
1554 0.1219200000001432 0.3733800000004485 0
1555 0.1219200000001517 0.3810000000004289 0
1556 0.1219200000001602 0.3886200000004106 0
1557 0.1219200000001686 0.3962400000003972 0
1558 0.1219200000001771 0.4038600000003845 0
1559 0.1219200000001856 0.4114800000003719 0
1560 0.121920000000194 0.4191000000003592 0
1561 0.1219200000002026 0.4267200000003454 0
1562 0.121920000000211 0.4343400000003267 0
1563 0.1219200000002195 0.4419600000003072 0
1564 0.121920000000228 0.4495800000002876 0
1565 0.1219200000002364 0.4572000000002681 0
1566 0.1219200000002449 0.4648200000002484 0
1567 0.1219200000002534 0.4724400000002306 0
1568 0.1219200000002618 0.4800600000002319 0
1569 0.1219200000002703 0.4876800000002252 0
1570 0.1219200000002788 0.4953000000002114 0
1571 0.1219200000002873 0.5029200000002265 0
1572 0.1219200000002958 0.5105400000002208 0
1573 0.1219200000003042 0.5181600000002082 0
1574 0.1219200000003127 0.5257800000001953 0
1575 0.1219200000003212 0.5334000000001828 0
1576 0.1219200000003297 0.5410200000001703 0
1577 0.1219200000003381 0.5486400000001574 0
1578 0.1219200000003466 0.556260000000145 0
1579 0.1219200000003551 0.5638800000001324 0
1580 0.1219200000003635 0.5715000000001195 0
1581 0.121920000000372 0.5791200000001046 0
1582 0.1219200000003805 0.5867400000000795 0
1583 0.121920000000389 0.594360000000053 0
1584 0.1219200000003974 0.6019800000000264 0
1585 0.129539999999717 0.007619999999976387 0
1586 0.1295399999997259 0.01523999999995273 0
1587 0.1295399999997348 0.0228599999999289 0
1588 0.1295399999997436 0.03047999999991157 0
1589 0.1295399999997525 0.03809999999993221 0
1590 0.1295399999997614 0.04571999999996371 0
1591 0.1295399999997703 0.05333999999999543 0
1592 0.1295399999997792 0.06096000000002678 0
1593 0.1295399999997881 0.0685800000000585 0
1594 0.129539999999797 0.07620000000008981 0
1595 0.1295399999998058 0.08382000000011973 0
1596 0.1295399999998147 0.09144000000014978 0
1597 0.1295399999998236 0.09906000000017925 0
1598 0.1295399999998325 0.1066800000002077 0
1599 0.1295399999998414 0.1143000000002374 0
1600 0.1295399999998502 0.1219200000002618 0
1601 0.1295399999998591 0.1295400000002679 0
1602 0.129539999999868 0.1371600000002713 0
1603 0.1295399999998769 0.1447800000002724 0
1604 0.1295399999998858 0.1524000000002731 0
1605 0.1295399999998947 0.1600200000002739 0
1606 0.1295399999999036 0.1676400000002749 0
1607 0.1295399999999124 0.1752600000002784 0
1608 0.1295399999999214 0.1828800000002863 0
1609 0.1295399999999302 0.1905000000003118 0
1610 0.1295399999999391 0.1981200000003399 0
1611 0.129539999999948 0.205740000000368 0
1612 0.1295399999999569 0.2133600000003962 0
1613 0.1295399999999658 0.2209800000004214 0
1614 0.1295399999999746 0.2286000000004302 0
1615 0.1295399999999835 0.236220000000434 0
1616 0.1295399999999924 0.2438400000004351 0
1617 0.1295400000000013 0.2514600000004378 0
1618 0.1295400000000102 0.2590800000004455 0
1619 0.1295400000000191 0.2667000000004512 0
1620 0.1295400000000279 0.2743200000004521 0
1621 0.1295400000000368 0.2819400000004544 0
1622 0.1295400000000457 0.2895600000004757 0
1623 0.1295400000000546 0.2971800000005039 0
1624 0.1295400000000635 0.3048000000005258 0
1625 0.1295400000000723 0.3124200000005202 0
1626 0.1295400000000812 0.3200400000005084 0
1627 0.1295400000000901 0.3276600000004948 0
1628 0.129540000000099 0.3352800000004759 0
1629 0.1295400000001079 0.342900000000457 0
1630 0.1295400000001168 0.3505200000004565 0
1631 0.1295400000001257 0.3581400000004629 0
1632 0.1295400000001346 0.3657600000004506 0
1633 0.1295400000001434 0.3733800000004314 0
1634 0.1295400000001523 0.3810000000004123 0
1635 0.1295400000001612 0.3886200000003945 0
1636 0.1295400000001701 0.3962400000003818 0
1637 0.129540000000179 0.40386000000037 0
1638 0.1295400000001879 0.4114800000003583 0
1639 0.1295400000001967 0.4191000000003466 0
1640 0.1295400000002057 0.4267200000003332 0
1641 0.1295400000002145 0.434340000000315 0
1642 0.1295400000002234 0.4419600000002959 0
1643 0.1295400000002323 0.4495800000002767 0
1644 0.1295400000002412 0.4572000000002576 0
1645 0.1295400000002501 0.4648200000002384 0
1646 0.1295400000002589 0.472440000000221 0
1647 0.1295400000002679 0.4800600000002225 0
1648 0.1295400000002767 0.4876800000002162 0
1649 0.1295400000002856 0.4953000000002027 0
1650 0.1295400000002945 0.5029200000002183 0
1651 0.1295400000003034 0.5105400000002135 0
1652 0.1295400000003123 0.5181600000002016 0
1653 0.1295400000003211 0.5257800000001899 0
1654 0.12954000000033 0.5334000000001781 0
1655 0.1295400000003389 0.541020000000166 0
1656 0.1295400000003478 0.5486400000001544 0
1657 0.1295400000003566 0.5562600000001425 0
1658 0.1295400000003656 0.5638800000001305 0
1659 0.1295400000003744 0.571500000000119 0
1660 0.1295400000003833 0.5791200000001046 0
1661 0.1295400000003922 0.5867400000000795 0
1662 0.1295400000004011 0.5943600000000531 0
1663 0.12954000000041 0.6019800000000264 0
1664 0.1371599999997018 0.007619999999976528 0
1665 0.137159999999711 0.01523999999995301 0
1666 0.1371599999997202 0.0228599999999293 0
1667 0.1371599999997294 0.03047999999991198 0
1668 0.1371599999997385 0.03809999999993204 0
1669 0.1371599999997478 0.04571999999996285 0
1670 0.137159999999757 0.05333999999999389 0
1671 0.1371599999997662 0.06096000000002451 0
1672 0.1371599999997753 0.06858000000005555 0
1673 0.1371599999997845 0.07620000000008614 0
1674 0.1371599999997937 0.0838200000001153 0
1675 0.1371599999998029 0.09144000000014452 0
1676 0.1371599999998121 0.0990600000001732 0
1677 0.1371599999998213 0.1066800000002008 0
1678 0.1371599999998304 0.1143000000002296 0
1679 0.1371599999998396 0.1219200000002534 0
1680 0.1371599999998488 0.129540000000259 0
1681 0.137159999999858 0.1371600000002622 0
1682 0.1371599999998672 0.1447800000002627 0
1683 0.1371599999998763 0.152400000000263 0
1684 0.1371599999998855 0.1600200000002633 0
1685 0.1371599999998947 0.1676400000002639 0
1686 0.1371599999999039 0.1752600000002671 0
1687 0.1371599999999131 0.1828800000002746 0
1688 0.1371599999999223 0.1905000000002995 0
1689 0.1371599999999315 0.1981200000003267 0
1690 0.1371599999999407 0.2057400000003539 0
1691 0.1371599999999498 0.2133600000003812 0
1692 0.137159999999959 0.2209800000004055 0
1693 0.1371599999999682 0.228600000000414 0
1694 0.1371599999999774 0.2362200000004175 0
1695 0.1371599999999866 0.2438400000004183 0
1696 0.1371599999999958 0.2514600000004206 0
1697 0.137160000000005 0.2590800000004281 0
1698 0.1371600000000141 0.2667000000004338 0
1699 0.1371600000000233 0.274320000000434 0
1700 0.1371600000000325 0.2819400000004361 0
1701 0.1371600000000417 0.2895600000004566 0
1702 0.1371600000000509 0.2971800000004837 0
1703 0.1371600000000601 0.304800000000505 0
1704 0.1371600000000692 0.3124200000005 0
1705 0.1371600000000785 0.3200400000004891 0
1706 0.1371600000000876 0.3276600000004762 0
1707 0.1371600000000968 0.3352800000004579 0
1708 0.137160000000106 0.342900000000439 0
1709 0.1371600000001152 0.3505200000004389 0
1710 0.1371600000001244 0.3581400000004453 0
1711 0.1371600000001336 0.3657600000004333 0
1712 0.1371600000001428 0.3733800000004145 0
1713 0.1371600000001519 0.3810000000003958 0
1714 0.1371600000001611 0.3886200000003784 0
1715 0.1371600000001703 0.3962400000003665 0
1716 0.1371600000001795 0.4038600000003555 0
1717 0.1371600000001887 0.4114800000003447 0
1718 0.1371600000001979 0.4191000000003337 0
1719 0.137160000000207 0.4267200000003213 0
1720 0.1371600000002162 0.4343400000003035 0
1721 0.1371600000002254 0.4419600000002848 0
1722 0.1371600000002346 0.449580000000266 0
1723 0.1371600000002438 0.4572000000002473 0
1724 0.137160000000253 0.4648200000002286 0
1725 0.1371600000002622 0.4724400000002115 0
1726 0.1371600000002714 0.4800600000002129 0
1727 0.1371600000002805 0.4876800000002068 0
1728 0.1371600000002897 0.4953000000001944 0
1729 0.1371600000002989 0.5029200000002103 0
1730 0.1371600000003081 0.5105400000002059 0
1731 0.1371600000003173 0.5181600000001951 0
1732 0.1371600000003265 0.525780000000184 0
1733 0.1371600000003357 0.5334000000001731 0
1734 0.1371600000003448 0.541020000000162 0
1735 0.137160000000354 0.5486400000001513 0
1736 0.1371600000003632 0.5562600000001403 0
1737 0.1371600000003723 0.5638800000001293 0
1738 0.1371600000003816 0.5715000000001181 0
1739 0.1371600000003908 0.5791200000001047 0
1740 0.1371600000004 0.5867400000000798 0
1741 0.1371600000004091 0.5943600000000533 0
1742 0.1371600000004183 0.6019800000000266 0
1743 0.1447799999996749 0.007619999999976671 0
1744 0.1447799999996846 0.01523999999995329 0
1745 0.1447799999996942 0.02285999999992971 0
1746 0.1447799999997038 0.03047999999991239 0
1747 0.1447799999997134 0.03809999999993188 0
1748 0.1447799999997231 0.04571999999996196 0
1749 0.1447799999997327 0.05333999999999232 0
1750 0.1447799999997423 0.06096000000002225 0
1751 0.144779999999752 0.06858000000005261 0
1752 0.1447799999997617 0.07620000000008248 0
1753 0.1447799999997713 0.08382000000011086 0
1754 0.1447799999997809 0.0914400000001393 0
1755 0.1447799999997906 0.09906000000016715 0
1756 0.1447799999998002 0.1066800000001939 0
1757 0.1447799999998099 0.1143000000002218 0
1758 0.1447799999998195 0.1219200000002449 0
1759 0.1447799999998291 0.1295400000002501 0
1760 0.1447799999998387 0.137160000000253 0
1761 0.1447799999998484 0.1447800000002531 0
1762 0.144779999999858 0.1524000000002529 0
1763 0.1447799999998677 0.1600200000002527 0
1764 0.1447799999998773 0.1676400000002529 0
1765 0.1447799999998869 0.1752600000002557 0
1766 0.1447799999998966 0.1828800000002631 0
1767 0.1447799999999062 0.1905000000002872 0
1768 0.1447799999999158 0.1981200000003135 0
1769 0.1447799999999254 0.2057400000003398 0
1770 0.1447799999999351 0.2133600000003662 0
1771 0.1447799999999447 0.2209800000003897 0
1772 0.1447799999999544 0.2286000000003978 0
1773 0.144779999999964 0.236220000000401 0
1774 0.1447799999999736 0.2438400000004014 0
1775 0.1447799999999833 0.2514600000004032 0
1776 0.1447799999999929 0.2590800000004108 0
1777 0.1447800000000025 0.2667000000004163 0
1778 0.1447800000000122 0.2743200000004161 0
1779 0.1447800000000218 0.2819400000004176 0
1780 0.1447800000000314 0.2895600000004372 0
1781 0.1447800000000411 0.2971800000004637 0
1782 0.1447800000000507 0.3048000000004844 0
1783 0.1447800000000603 0.3124200000004798 0
1784 0.14478000000007 0.3200400000004697 0
1785 0.1447800000000796 0.3276600000004575 0
1786 0.1447800000000893 0.3352800000004396 0
1787 0.1447800000000989 0.3429000000004213 0
1788 0.1447800000001085 0.3505200000004211 0
1789 0.1447800000001182 0.3581400000004277 0
1790 0.1447800000001278 0.365760000000416 0
1791 0.1447800000001374 0.3733800000003975 0
1792 0.1447800000001471 0.3810000000003791 0
1793 0.1447800000001567 0.3886200000003623 0
1794 0.1447800000001664 0.3962400000003512 0
1795 0.144780000000176 0.4038600000003411 0
1796 0.1447800000001856 0.411480000000331 0
1797 0.1447800000001953 0.4191000000003208 0
1798 0.1447800000002049 0.4267200000003092 0
1799 0.1447800000002145 0.434340000000292 0
1800 0.1447800000002241 0.4419600000002735 0
1801 0.1447800000002338 0.4495800000002552 0
1802 0.1447800000002434 0.457200000000237 0
1803 0.1447800000002531 0.4648200000002186 0
1804 0.1447800000002627 0.4724400000002019 0
1805 0.1447800000002724 0.4800600000002034 0
1806 0.144780000000282 0.4876800000001975 0
1807 0.1447800000002916 0.4953000000001859 0
1808 0.1447800000003013 0.5029200000002023 0
1809 0.1447800000003109 0.5105400000001988 0
1810 0.1447800000003206 0.5181600000001887 0
1811 0.1447800000003302 0.5257800000001784 0
1812 0.1447800000003398 0.5334000000001683 0
1813 0.1447800000003494 0.541020000000158 0
1814 0.1447800000003591 0.5486400000001481 0
1815 0.1447800000003687 0.5562600000001379 0
1816 0.1447800000003784 0.5638800000001277 0
1817 0.144780000000388 0.5715000000001177 0
1818 0.1447800000003976 0.5791200000001047 0
1819 0.1447800000004073 0.5867400000000798 0
1820 0.1447800000004169 0.5943600000000533 0
1821 0.1447800000004265 0.6019800000000266 0
1822 0.1523999999996469 0.007619999999976813 0
1823 0.152399999999657 0.01523999999995357 0
1824 0.1523999999996671 0.02285999999993012 0
1825 0.1523999999996772 0.0304799999999128 0
1826 0.1523999999996873 0.03809999999993172 0
1827 0.1523999999996974 0.04571999999996111 0
1828 0.1523999999997075 0.05333999999999078 0
1829 0.1523999999997176 0.06096000000001998 0
1830 0.1523999999997277 0.06858000000004967 0
1831 0.1523999999997378 0.07620000000007882 0
1832 0.1523999999997479 0.08382000000010641 0
1833 0.152399999999758 0.09144000000013404 0
1834 0.1523999999997681 0.0990600000001611 0
1835 0.1523999999997781 0.1066800000001869 0
1836 0.1523999999997883 0.1143000000002141 0
1837 0.1523999999997984 0.1219200000002364 0
1838 0.1523999999998085 0.1295400000002412 0
1839 0.1523999999998186 0.1371600000002438 0
1840 0.1523999999998287 0.1447800000002434 0
1841 0.1523999999998388 0.1524000000002428 0
1842 0.1523999999998489 0.1600200000002422 0
1843 0.152399999999859 0.1676400000002418 0
1844 0.1523999999998691 0.1752600000002444 0
1845 0.1523999999998792 0.1828800000002514 0
1846 0.1523999999998892 0.1905000000002749 0
1847 0.1523999999998994 0.1981200000003003 0
1848 0.1523999999999095 0.2057400000003257 0
1849 0.1523999999999196 0.2133600000003512 0
1850 0.1523999999999297 0.220980000000374 0
1851 0.1523999999999398 0.2286000000003817 0
1852 0.1523999999999499 0.2362200000003845 0
1853 0.15239999999996 0.2438400000003845 0
1854 0.1523999999999701 0.251460000000386 0
1855 0.1523999999999802 0.2590800000003935 0
1856 0.1523999999999903 0.2667000000003988 0
1857 0.1524000000000004 0.2743200000003982 0
1858 0.1524000000000104 0.2819400000003991 0
1859 0.1524000000000206 0.2895600000004181 0
1860 0.1524000000000307 0.2971800000004435 0
1861 0.1524000000000408 0.3048000000004634 0
1862 0.1524000000000509 0.3124200000004597 0
1863 0.152400000000061 0.3200400000004504 0
1864 0.1524000000000711 0.3276600000004388 0
1865 0.1524000000000812 0.3352800000004215 0
1866 0.1524000000000913 0.3429000000004035 0
1867 0.1524000000001014 0.3505200000004036 0
1868 0.1524000000001115 0.35814000000041 0
1869 0.1524000000001216 0.3657600000003985 0
1870 0.1524000000001317 0.3733800000003806 0
1871 0.1524000000001418 0.3810000000003627 0
1872 0.1524000000001519 0.3886200000003464 0
1873 0.152400000000162 0.3962400000003359 0
1874 0.1524000000001721 0.4038600000003266 0
1875 0.1524000000001821 0.4114800000003174 0
1876 0.1524000000001923 0.4191000000003081 0
1877 0.1524000000002024 0.4267200000002973 0
1878 0.1524000000002125 0.4343400000002804 0
1879 0.1524000000002226 0.4419600000002624 0
1880 0.1524000000002327 0.4495800000002445 0
1881 0.1524000000002428 0.4572000000002265 0
1882 0.1524000000002529 0.4648200000002085 0
1883 0.152400000000263 0.4724400000001923 0
1884 0.1524000000002731 0.4800600000001938 0
1885 0.1524000000002832 0.4876800000001883 0
1886 0.1524000000002933 0.4953000000001775 0
1887 0.1524000000003033 0.5029200000001941 0
1888 0.1524000000003135 0.5105400000001912 0
1889 0.1524000000003236 0.518160000000182 0
1890 0.1524000000003337 0.5257800000001727 0
1891 0.1524000000003437 0.5334000000001633 0
1892 0.1524000000003538 0.541020000000154 0
1893 0.1524000000003639 0.548640000000145 0
1894 0.152400000000374 0.5562600000001354 0
1895 0.1524000000003841 0.5638800000001262 0
1896 0.1524000000003943 0.571500000000117 0
1897 0.1524000000004044 0.5791200000001046 0
1898 0.1524000000004145 0.58674000000008 0
1899 0.1524000000004246 0.5943600000000534 0
1900 0.1524000000004347 0.6019800000000266 0
1901 0.1600199999996189 0.007619999999976951 0
1902 0.1600199999996294 0.01523999999995385 0
1903 0.16001999999964 0.02285999999993054 0
1904 0.1600199999996506 0.03047999999991321 0
1905 0.1600199999996611 0.03809999999993154 0
1906 0.1600199999996717 0.04571999999996025 0
1907 0.1600199999996822 0.05333999999998924 0
1908 0.1600199999996928 0.06096000000001774 0
1909 0.1600199999997033 0.06858000000004673 0
1910 0.1600199999997139 0.07620000000007515 0
1911 0.1600199999997245 0.08382000000010194 0
1912 0.160019999999735 0.09144000000012881 0
1913 0.1600199999997457 0.09906000000015504 0
1914 0.1600199999997562 0.10668000000018 0
1915 0.1600199999997668 0.1143000000002064 0
1916 0.1600199999997773 0.121920000000228 0
1917 0.1600199999997879 0.1295400000002323 0
1918 0.1600199999997984 0.1371600000002346 0
1919 0.160019999999809 0.1447800000002338 0
1920 0.1600199999998196 0.1524000000002327 0
1921 0.1600199999998301 0.1600200000002316 0
1922 0.1600199999998407 0.1676400000002308 0
1923 0.1600199999998513 0.1752600000002331 0
1924 0.1600199999998618 0.1828800000002398 0
1925 0.1600199999998724 0.1905000000002626 0
1926 0.160019999999883 0.1981200000002871 0
1927 0.1600199999998935 0.2057400000003116 0
1928 0.1600199999999041 0.2133600000003363 0
1929 0.1600199999999147 0.2209800000003581 0
1930 0.1600199999999252 0.2286000000003655 0
1931 0.1600199999999358 0.2362200000003681 0
1932 0.1600199999999463 0.2438400000003676 0
1933 0.160019999999957 0.2514600000003688 0
1934 0.1600199999999675 0.2590800000003761 0
1935 0.1600199999999781 0.2667000000003814 0
1936 0.1600199999999887 0.2743200000003804 0
1937 0.1600199999999992 0.2819400000003807 0
1938 0.1600200000000098 0.2895600000003988 0
1939 0.1600200000000203 0.2971800000004233 0
1940 0.1600200000000309 0.3048000000004428 0
1941 0.1600200000000415 0.3124200000004395 0
1942 0.160020000000052 0.320040000000431 0
1943 0.1600200000000626 0.3276600000004203 0
1944 0.1600200000000732 0.3352800000004033 0
1945 0.1600200000000837 0.3429000000003857 0
1946 0.1600200000000943 0.3505200000003858 0
1947 0.1600200000001049 0.3581400000003923 0
1948 0.1600200000001154 0.3657600000003811 0
1949 0.160020000000126 0.3733800000003635 0
1950 0.1600200000001366 0.3810000000003461 0
1951 0.1600200000001472 0.3886200000003301 0
1952 0.1600200000001577 0.3962400000003206 0
1953 0.1600200000001682 0.4038600000003121 0
1954 0.1600200000001788 0.4114800000003039 0
1955 0.1600200000001893 0.4191000000002952 0
1956 0.1600200000001999 0.4267200000002851 0
1957 0.1600200000002105 0.4343400000002688 0
1958 0.1600200000002211 0.4419600000002513 0
1959 0.1600200000002316 0.4495800000002337 0
1960 0.1600200000002422 0.4572000000002161 0
1961 0.1600200000002528 0.4648200000001986 0
1962 0.1600200000002633 0.4724400000001827 0
1963 0.1600200000002739 0.4800600000001843 0
1964 0.1600200000002845 0.4876800000001791 0
1965 0.160020000000295 0.4953000000001688 0
1966 0.1600200000003056 0.5029200000001861 0
1967 0.1600200000003162 0.5105400000001838 0
1968 0.1600200000003267 0.5181600000001756 0
1969 0.1600200000003373 0.525780000000167 0
1970 0.1600200000003479 0.5334000000001585 0
1971 0.1600200000003584 0.54102000000015 0
1972 0.160020000000369 0.5486400000001417 0
1973 0.1600200000003795 0.5562600000001332 0
1974 0.1600200000003901 0.5638800000001248 0
1975 0.1600200000004007 0.5715000000001164 0
1976 0.1600200000004112 0.5791200000001046 0
1977 0.1600200000004218 0.58674000000008 0
1978 0.1600200000004324 0.5943600000000535 0
1979 0.160020000000443 0.6019800000000268 0
1980 0.1676399999995919 0.007619999999977094 0
1981 0.1676399999996029 0.01523999999995413 0
1982 0.167639999999614 0.02285999999993094 0
1983 0.167639999999625 0.03047999999991362 0
1984 0.167639999999636 0.03809999999993136 0
1985 0.167639999999647 0.04571999999995937 0
1986 0.167639999999658 0.05333999999998769 0
1987 0.1676399999996691 0.06096000000001547 0
1988 0.16763999999968 0.06858000000004379 0
1989 0.1676399999996911 0.07620000000007149 0
1990 0.1676399999997021 0.0838200000000975 0
1991 0.1676399999997131 0.09144000000012356 0
1992 0.1676399999997241 0.09906000000014897 0
1993 0.1676399999997351 0.106680000000173 0
1994 0.1676399999997461 0.1143000000001986 0
1995 0.1676399999997572 0.1219200000002195 0
1996 0.1676399999997682 0.1295400000002234 0
1997 0.1676399999997792 0.1371600000002254 0
1998 0.1676399999997902 0.1447800000002242 0
1999 0.1676399999998012 0.1524000000002226 0
2000 0.1676399999998122 0.1600200000002211 0
2001 0.1676399999998233 0.1676400000002198 0
2002 0.1676399999998343 0.1752600000002218 0
2003 0.1676399999998453 0.1828800000002282 0
2004 0.1676399999998563 0.1905000000002503 0
2005 0.1676399999998673 0.1981200000002739 0
2006 0.1676399999998783 0.2057400000002976 0
2007 0.1676399999998894 0.2133600000003213 0
2008 0.1676399999999004 0.2209800000003423 0
2009 0.1676399999999114 0.2286000000003493 0
2010 0.1676399999999224 0.2362200000003517 0
2011 0.1676399999999334 0.2438400000003507 0
2012 0.1676399999999444 0.2514600000003515 0
2013 0.1676399999999554 0.2590800000003588 0
2014 0.1676399999999665 0.2667000000003639 0
2015 0.1676399999999775 0.2743200000003624 0
2016 0.1676399999999885 0.2819400000003623 0
2017 0.1676399999999995 0.2895600000003796 0
2018 0.1676400000000105 0.2971800000004033 0
2019 0.1676400000000215 0.304800000000422 0
2020 0.1676400000000325 0.3124200000004193 0
2021 0.1676400000000435 0.3200400000004117 0
2022 0.1676400000000546 0.3276600000004016 0
2023 0.1676400000000656 0.3352800000003851 0
2024 0.1676400000000766 0.342900000000368 0
2025 0.1676400000000876 0.3505200000003682 0
2026 0.1676400000000986 0.3581400000003747 0
2027 0.1676400000001097 0.3657600000003637 0
2028 0.1676400000001207 0.3733800000003467 0
2029 0.1676400000001317 0.3810000000003294 0
2030 0.1676400000001427 0.3886200000003142 0
2031 0.1676400000001537 0.3962400000003052 0
2032 0.1676400000001647 0.4038600000002977 0
2033 0.1676400000001758 0.4114800000002901 0
2034 0.1676400000001868 0.4191000000002826 0
2035 0.1676400000001977 0.426720000000273 0
2036 0.1676400000002088 0.4343400000002572 0
2037 0.1676400000002198 0.4419600000002399 0
2038 0.1676400000002308 0.4495800000002229 0
2039 0.1676400000002418 0.4572000000002058 0
2040 0.1676400000002529 0.4648200000001886 0
2041 0.1676400000002639 0.4724400000001731 0
2042 0.1676400000002749 0.4800600000001749 0
2043 0.1676400000002859 0.4876800000001698 0
2044 0.1676400000002969 0.4953000000001603 0
2045 0.1676400000003079 0.5029200000001779 0
2046 0.167640000000319 0.5105400000001766 0
2047 0.16764000000033 0.5181600000001689 0
2048 0.167640000000341 0.5257800000001615 0
2049 0.167640000000352 0.5334000000001536 0
2050 0.167640000000363 0.5410200000001461 0
2051 0.167640000000374 0.5486400000001384 0
2052 0.167640000000385 0.556260000000131 0
2053 0.167640000000396 0.5638800000001231 0
2054 0.1676400000004071 0.5715000000001156 0
2055 0.1676400000004181 0.5791200000001046 0
2056 0.1676400000004291 0.5867400000000801 0
2057 0.1676400000004401 0.5943600000000535 0
2058 0.1676400000004511 0.6019800000000269 0
2059 0.1752599999995768 0.007619999999977236 0
2060 0.1752599999995881 0.01523999999995441 0
2061 0.1752599999995994 0.02285999999993135 0
2062 0.1752599999996107 0.03047999999991404 0
2063 0.1752599999996221 0.0380999999999312 0
2064 0.1752599999996334 0.0457199999999585 0
2065 0.1752599999996447 0.05333999999998614 0
2066 0.1752599999996561 0.06096000000001321 0
2067 0.1752599999996672 0.06858000000004083 0
2068 0.1752599999996786 0.07620000000006785 0
2069 0.1752599999996899 0.08382000000009303 0
2070 0.1752599999997012 0.09144000000011832 0
2071 0.1752599999997126 0.09906000000014291 0
2072 0.1752599999997238 0.1066800000001661 0
2073 0.1752599999997352 0.1143000000001909 0
2074 0.1752599999997465 0.121920000000211 0
2075 0.1752599999997579 0.1295400000002145 0
2076 0.1752599999997692 0.1371600000002162 0
2077 0.1752599999997805 0.1447800000002145 0
2078 0.1752599999997917 0.1524000000002125 0
2079 0.1752599999998031 0.1600200000002105 0
2080 0.1752599999998144 0.1676400000002088 0
2081 0.1752599999998257 0.1752600000002104 0
2082 0.175259999999837 0.1828800000002165 0
2083 0.1752599999998483 0.190500000000238 0
2084 0.1752599999998597 0.1981200000002608 0
2085 0.175259999999871 0.2057400000002835 0
2086 0.1752599999998823 0.2133600000003064 0
2087 0.1752599999998936 0.2209800000003266 0
2088 0.1752599999999049 0.2286000000003332 0
2089 0.1752599999999163 0.2362200000003352 0
2090 0.1752599999999275 0.2438400000003338 0
2091 0.1752599999999389 0.2514600000003342 0
2092 0.1752599999999502 0.2590800000003416 0
2093 0.1752599999999615 0.2667000000003464 0
2094 0.1752599999999729 0.2743200000003443 0
2095 0.1752599999999842 0.2819400000003439 0
2096 0.1752599999999954 0.2895600000003604 0
2097 0.1752600000000068 0.2971800000003831 0
2098 0.1752600000000181 0.3048000000004012 0
2099 0.1752600000000294 0.312420000000399 0
2100 0.1752600000000407 0.3200400000003923 0
2101 0.175260000000052 0.3276600000003831 0
2102 0.1752600000000634 0.3352800000003669 0
2103 0.1752600000000747 0.3429000000003502 0
2104 0.175260000000086 0.3505200000003505 0
2105 0.1752600000000973 0.3581400000003569 0
2106 0.1752600000001086 0.3657600000003464 0
2107 0.1752600000001199 0.3733800000003295 0
2108 0.1752600000001313 0.381000000000313 0
2109 0.1752600000001426 0.3886200000002981 0
2110 0.1752600000001539 0.3962400000002899 0
2111 0.1752600000001652 0.4038600000002832 0
2112 0.1752600000001766 0.4114800000002766 0
2113 0.1752600000001878 0.4191000000002697 0
2114 0.1752600000001992 0.4267200000002611 0
2115 0.1752600000002105 0.4343400000002457 0
2116 0.1752600000002218 0.4419600000002289 0
2117 0.1752600000002331 0.449580000000212 0
2118 0.1752600000002444 0.4572000000001955 0
2119 0.1752600000002557 0.4648200000001786 0
2120 0.175260000000267 0.4724400000001635 0
2121 0.1752600000002784 0.4800600000001652 0
2122 0.1752600000002897 0.4876800000001605 0
2123 0.175260000000301 0.4953000000001518 0
2124 0.1752600000003124 0.5029200000001699 0
2125 0.1752600000003237 0.5105400000001693 0
2126 0.1752600000003349 0.5181600000001625 0
2127 0.1752600000003463 0.5257800000001558 0
2128 0.1752600000003575 0.5334000000001486 0
2129 0.1752600000003688 0.5410200000001421 0
2130 0.1752600000003802 0.5486400000001352 0
2131 0.1752600000003915 0.5562600000001285 0
2132 0.1752600000004028 0.5638800000001217 0
2133 0.1752600000004142 0.571500000000115 0
2134 0.1752600000004255 0.5791200000001046 0
2135 0.1752600000004368 0.5867400000000802 0
2136 0.1752600000004481 0.5943600000000534 0
2137 0.1752600000004595 0.6019800000000268 0
2138 0.182879999999566 0.007619999999977378 0
2139 0.1828799999995776 0.01523999999995469 0
2140 0.1828799999995892 0.02285999999993175 0
2141 0.1828799999996008 0.03047999999991444 0
2142 0.1828799999996124 0.03809999999993102 0
2143 0.182879999999624 0.04571999999995763 0
2144 0.1828799999996357 0.05333999999998458 0
2145 0.1828799999996473 0.06096000000001095 0
2146 0.182879999999659 0.0685800000000379 0
2147 0.1828799999996705 0.07620000000006419 0
2148 0.1828799999996822 0.08382000000008859 0
2149 0.1828799999996938 0.0914400000001131 0
2150 0.1828799999997053 0.09906000000013686 0
2151 0.1828799999997169 0.1066800000001592 0
2152 0.1828799999997287 0.1143000000001831 0
2153 0.1828799999997402 0.1219200000002025 0
2154 0.1828799999997519 0.1295400000002057 0
2155 0.1828799999997635 0.137160000000207 0
2156 0.1828799999997751 0.1447800000002049 0
2157 0.1828799999997867 0.1524000000002024 0
2158 0.1828799999997983 0.1600200000001999 0
2159 0.1828799999998099 0.1676400000001977 0
2160 0.1828799999998215 0.1752600000001991 0
2161 0.1828799999998332 0.1828800000002049 0
2162 0.1828799999998448 0.1905000000002257 0
2163 0.1828799999998564 0.1981200000002476 0
2164 0.182879999999868 0.2057400000002694 0
2165 0.1828799999998796 0.2133600000002914 0
2166 0.1828799999998912 0.2209800000003108 0
2167 0.1828799999999028 0.228600000000317 0
2168 0.1828799999999144 0.2362200000003187 0
2169 0.1828799999999261 0.2438400000003169 0
2170 0.1828799999999378 0.2514600000003171 0
2171 0.1828799999999494 0.2590800000003243 0
2172 0.182879999999961 0.266700000000329 0
2173 0.1828799999999726 0.2743200000003264 0
2174 0.1828799999999842 0.2819400000003254 0
2175 0.1828799999999958 0.2895600000003412 0
2176 0.1828800000000074 0.2971800000003631 0
2177 0.182880000000019 0.3048000000003806 0
2178 0.1828800000000307 0.312420000000379 0
2179 0.1828800000000423 0.3200400000003729 0
2180 0.1828800000000539 0.3276600000003644 0
2181 0.1828800000000655 0.3352800000003487 0
2182 0.1828800000000771 0.3429000000003324 0
2183 0.1828800000000887 0.3505200000003327 0
2184 0.1828800000001004 0.3581400000003394 0
2185 0.182880000000112 0.365760000000329 0
2186 0.1828800000001236 0.3733800000003126 0
2187 0.1828800000001352 0.3810000000002963 0
2188 0.1828800000001469 0.3886200000002819 0
2189 0.1828800000001585 0.3962400000002747 0
2190 0.1828800000001701 0.4038600000002688 0
2191 0.1828800000001817 0.4114800000002628 0
2192 0.1828800000001933 0.4191000000002569 0
2193 0.1828800000002049 0.4267200000002491 0
2194 0.1828800000002165 0.434340000000234 0
2195 0.1828800000002282 0.4419600000002176 0
2196 0.1828800000002398 0.4495800000002014 0
2197 0.1828800000002514 0.4572000000001851 0
2198 0.1828800000002631 0.4648200000001685 0
2199 0.1828800000002746 0.472440000000154 0
2200 0.1828800000002863 0.4800600000001558 0
2201 0.1828800000002979 0.4876800000001512 0
2202 0.1828800000003095 0.4953000000001435 0
2203 0.1828800000003211 0.5029200000001618 0
2204 0.1828800000003328 0.510540000000162 0
2205 0.1828800000003444 0.5181600000001561 0
2206 0.182880000000356 0.52578000000015 0
2207 0.1828800000003676 0.533400000000144 0
2208 0.1828800000003792 0.5410200000001381 0
2209 0.1828800000003908 0.5486400000001321 0
2210 0.1828800000004024 0.5562600000001261 0
2211 0.182880000000414 0.5638800000001204 0
2212 0.1828800000004257 0.5715000000001144 0
2213 0.1828800000004373 0.5791200000001044 0
2214 0.1828800000004489 0.5867400000000804 0
2215 0.1828800000004606 0.5943600000000534 0
2216 0.1828800000004722 0.6019800000000268 0
2217 0.1904999999995501 0.007619999999977521 0
2218 0.1904999999995624 0.01523999999995497 0
2219 0.1904999999995747 0.02285999999993216 0
2220 0.190499999999587 0.03047999999991486 0
2221 0.1904999999995992 0.03809999999993085 0
2222 0.1904999999996115 0.04571999999995678 0
2223 0.1904999999996239 0.05333999999998303 0
2224 0.1904999999996362 0.06096000000000869 0
2225 0.1904999999996484 0.06858000000003496 0
2226 0.1904999999996607 0.07620000000006052 0
2227 0.190499999999673 0.08382000000008415 0
2228 0.1904999999996853 0.09144000000010782 0
2229 0.1904999999996975 0.09906000000013079 0
2230 0.1904999999997098 0.1066800000001522 0
2231 0.1904999999997221 0.1143000000001754 0
2232 0.1904999999997345 0.1219200000001941 0
2233 0.1904999999997466 0.1295400000001967 0
2234 0.1904999999997589 0.1371600000001978 0
2235 0.1904999999997713 0.1447800000001952 0
2236 0.1904999999997835 0.1524000000001923 0
2237 0.1904999999997958 0.1600200000001893 0
2238 0.1904999999998081 0.1676400000001868 0
2239 0.1904999999998204 0.1752600000001878 0
2240 0.1904999999998327 0.1828800000001933 0
2241 0.1904999999998449 0.1905000000002134 0
2242 0.1904999999998572 0.1981200000002344 0
2243 0.1904999999998696 0.2057400000002553 0
2244 0.1904999999998818 0.2133600000002763 0
2245 0.190499999999894 0.2209800000002949 0
2246 0.1904999999999063 0.2286000000003008 0
2247 0.1904999999999187 0.2362200000003023 0
2248 0.1904999999999309 0.2438400000003 0
2249 0.1904999999999432 0.2514600000002998 0
2250 0.1904999999999555 0.259080000000307 0
2251 0.1904999999999678 0.2667000000003115 0
2252 0.19049999999998 0.2743200000003085 0
2253 0.1904999999999923 0.281940000000307 0
2254 0.1905000000000047 0.289560000000322 0
2255 0.190500000000017 0.2971800000003429 0
2256 0.1905000000000292 0.3048000000003597 0
2257 0.1905000000000415 0.3124200000003587 0
2258 0.1905000000000538 0.3200400000003537 0
2259 0.1905000000000661 0.3276600000003458 0
2260 0.1905000000000784 0.3352800000003306 0
2261 0.1905000000000906 0.3429000000003147 0
2262 0.1905000000001029 0.3505200000003152 0
2263 0.1905000000001152 0.3581400000003216 0
2264 0.1905000000001275 0.3657600000003116 0
2265 0.1905000000001397 0.3733800000002957 0
2266 0.190500000000152 0.3810000000002798 0
2267 0.1905000000001643 0.388620000000266 0
2268 0.1905000000001766 0.3962400000002594 0
2269 0.1905000000001889 0.4038600000002545 0
2270 0.1905000000002012 0.4114800000002493 0
2271 0.1905000000002135 0.4191000000002443 0
2272 0.1905000000002257 0.4267200000002371 0
2273 0.190500000000238 0.4343400000002225 0
2274 0.1905000000002504 0.4419600000002065 0
2275 0.1905000000002626 0.4495800000001905 0
2276 0.1905000000002749 0.4572000000001748 0
2277 0.1905000000002872 0.4648200000001589 0
2278 0.1905000000002994 0.4724400000001444 0
2279 0.1905000000003118 0.4800600000001464 0
2280 0.190500000000324 0.4876800000001421 0
2281 0.1905000000003363 0.495300000000135 0
2282 0.1905000000003486 0.5029200000001537 0
2283 0.1905000000003609 0.5105400000001545 0
2284 0.1905000000003731 0.5181600000001494 0
2285 0.1905000000003855 0.5257800000001444 0
2286 0.1905000000003977 0.5334000000001392 0
2287 0.19050000000041 0.5410200000001341 0
2288 0.1905000000004223 0.548640000000129 0
2289 0.1905000000004346 0.5562600000001239 0
2290 0.1905000000004469 0.5638800000001186 0
2291 0.1905000000004592 0.5715000000001137 0
2292 0.1905000000004715 0.5791200000001047 0
2293 0.1905000000004838 0.5867400000000804 0
2294 0.190500000000496 0.5943600000000534 0
2295 0.1905000000005083 0.6019800000000268 0
2296 0.1981199999995225 0.007619999999977662 0
2297 0.1981199999995357 0.01523999999995525 0
2298 0.1981199999995488 0.02285999999993257 0
2299 0.198119999999562 0.03047999999991526 0
2300 0.1981199999995752 0.03809999999993069 0
2301 0.1981199999995883 0.04571999999995591 0
2302 0.1981199999996016 0.05333999999998147 0
2303 0.1981199999996147 0.06096000000000644 0
2304 0.198119999999628 0.068580000000032 0
2305 0.1981199999996411 0.07620000000005686 0
2306 0.1981199999996543 0.08382000000007971 0
2307 0.1981199999996675 0.09144000000010261 0
2308 0.1981199999996807 0.09906000000012474 0
2309 0.1981199999996939 0.1066800000001453 0
2310 0.198119999999707 0.1143000000001676 0
2311 0.1981199999997203 0.1219200000001855 0
2312 0.1981199999997334 0.1295400000001879 0
2313 0.1981199999997466 0.1371600000001887 0
2314 0.1981199999997598 0.1447800000001856 0
2315 0.1981199999997729 0.1524000000001822 0
2316 0.1981199999997861 0.1600200000001788 0
2317 0.1981199999997993 0.1676400000001758 0
2318 0.1981199999998125 0.1752600000001766 0
2319 0.1981199999998257 0.1828800000001817 0
2320 0.1981199999998389 0.1905000000002012 0
2321 0.1981199999998521 0.1981200000002212 0
2322 0.1981199999998652 0.2057400000002413 0
2323 0.1981199999998784 0.2133600000002614 0
2324 0.1981199999998917 0.2209800000002791 0
2325 0.1981199999999048 0.2286000000002847 0
2326 0.198119999999918 0.2362200000002859 0
2327 0.1981199999999312 0.2438400000002831 0
2328 0.1981199999999444 0.2514600000002825 0
2329 0.1981199999999575 0.2590800000002896 0
2330 0.1981199999999707 0.266700000000294 0
2331 0.1981199999999839 0.2743200000002907 0
2332 0.1981199999999971 0.2819400000002886 0
2333 0.1981200000000103 0.2895600000003028 0
2334 0.1981200000000234 0.2971800000003228 0
2335 0.1981200000000367 0.3048000000003391 0
2336 0.1981200000000498 0.3124200000003385 0
2337 0.198120000000063 0.3200400000003343 0
2338 0.1981200000000762 0.3276600000003272 0
2339 0.1981200000000894 0.3352800000003125 0
2340 0.1981200000001025 0.342900000000297 0
2341 0.1981200000001157 0.3505200000002975 0
2342 0.1981200000001289 0.3581400000003038 0
2343 0.1981200000001421 0.3657600000002942 0
2344 0.1981200000001553 0.3733800000002787 0
2345 0.1981200000001685 0.3810000000002632 0
2346 0.1981200000001817 0.3886200000002498 0
2347 0.1981200000001949 0.3962400000002441 0
2348 0.198120000000208 0.4038600000002398 0
2349 0.1981200000002212 0.4114800000002357 0
2350 0.1981200000002344 0.4191000000002313 0
2351 0.1981200000002476 0.426720000000225 0
2352 0.1981200000002608 0.4343400000002109 0
2353 0.1981200000002739 0.4419600000001953 0
2354 0.1981200000002871 0.4495800000001798 0
2355 0.1981200000003003 0.4572000000001644 0
2356 0.1981200000003135 0.4648200000001488 0
2357 0.1981200000003266 0.4724400000001346 0
2358 0.1981200000003399 0.4800600000001367 0
2359 0.1981200000003531 0.4876800000001328 0
2360 0.1981200000003662 0.4953000000001263 0
2361 0.1981200000003794 0.5029200000001457 0
2362 0.1981200000003926 0.5105400000001472 0
2363 0.1981200000004058 0.518160000000143 0
2364 0.198120000000419 0.5257800000001388 0
2365 0.1981200000004321 0.5334000000001345 0
2366 0.1981200000004454 0.5410200000001301 0
2367 0.1981200000004585 0.5486400000001259 0
2368 0.1981200000004717 0.5562600000001217 0
2369 0.1981200000004849 0.5638800000001172 0
2370 0.1981200000004981 0.571500000000113 0
2371 0.1981200000005113 0.5791200000001046 0
2372 0.1981200000005244 0.5867400000000804 0
2373 0.1981200000005376 0.5943600000000537 0
2374 0.1981200000005508 0.6019800000000268 0
2375 0.2057399999994949 0.007619999999977803 0
2376 0.205739999999509 0.01523999999995553 0
2377 0.2057399999995231 0.02285999999993299 0
2378 0.2057399999995372 0.03047999999991568 0
2379 0.2057399999995513 0.03809999999993052 0
2380 0.2057399999995653 0.04571999999995504 0
2381 0.2057399999995795 0.05333999999997993 0
2382 0.2057399999995936 0.06096000000000418 0
2383 0.2057399999996075 0.06858000000002906 0
2384 0.2057399999996217 0.0762000000000532 0
2385 0.2057399999996357 0.08382000000007526 0
2386 0.2057399999996498 0.09144000000009737 0
2387 0.2057399999996639 0.09906000000011868 0
2388 0.205739999999678 0.1066800000001384 0
2389 0.205739999999692 0.1143000000001599 0
2390 0.2057399999997061 0.1219200000001771 0
2391 0.2057399999997203 0.129540000000179 0
2392 0.2057399999997343 0.1371600000001795 0
2393 0.2057399999997484 0.144780000000176 0
2394 0.2057399999997624 0.1524000000001721 0
2395 0.2057399999997766 0.1600200000001682 0
2396 0.2057399999997907 0.1676400000001648 0
2397 0.2057399999998048 0.1752600000001652 0
2398 0.2057399999998188 0.1828800000001701 0
2399 0.2057399999998329 0.1905000000001889 0
2400 0.2057399999998469 0.1981200000002081 0
2401 0.205739999999861 0.2057400000002272 0
2402 0.2057399999998751 0.2133600000002464 0
2403 0.2057399999998892 0.2209800000002634 0
2404 0.2057399999999034 0.2286000000002685 0
2405 0.2057399999999174 0.2362200000002694 0
2406 0.2057399999999315 0.2438400000002663 0
2407 0.2057399999999455 0.2514600000002653 0
2408 0.2057399999999596 0.2590800000002724 0
2409 0.2057399999999737 0.2667000000002765 0
2410 0.2057399999999878 0.2743200000002726 0
2411 0.2057400000000018 0.2819400000002701 0
2412 0.2057400000000159 0.2895600000002836 0
2413 0.20574000000003 0.2971800000003027 0
2414 0.2057400000000441 0.3048000000003184 0
2415 0.2057400000000582 0.3124200000003184 0
2416 0.2057400000000723 0.320040000000315 0
2417 0.2057400000000864 0.3276600000003086 0
2418 0.2057400000001004 0.3352800000002942 0
2419 0.2057400000001145 0.3429000000002791 0
2420 0.2057400000001286 0.3505200000002799 0
2421 0.2057400000001426 0.3581400000002863 0
2422 0.2057400000001568 0.3657600000002769 0
2423 0.2057400000001709 0.3733800000002617 0
2424 0.2057400000001849 0.3810000000002465 0
2425 0.205740000000199 0.3886200000002337 0
2426 0.2057400000002131 0.3962400000002289 0
2427 0.2057400000002272 0.4038600000002254 0
2428 0.2057400000002412 0.411480000000222 0
2429 0.2057400000002554 0.4191000000002186 0
2430 0.2057400000002694 0.4267200000002129 0
2431 0.2057400000002835 0.4343400000001993 0
2432 0.2057400000002976 0.4419600000001842 0
2433 0.2057400000003117 0.449580000000169 0
2434 0.2057400000003257 0.457200000000154 0
2435 0.2057400000003398 0.4648200000001388 0
2436 0.2057400000003539 0.4724400000001251 0
2437 0.205740000000368 0.4800600000001273 0
2438 0.2057400000003821 0.4876800000001237 0
2439 0.2057400000003962 0.4953000000001179 0
2440 0.2057400000004102 0.5029200000001374 0
2441 0.2057400000004243 0.5105400000001397 0
2442 0.2057400000004384 0.5181600000001364 0
2443 0.2057400000004524 0.5257800000001329 0
2444 0.2057400000004665 0.5334000000001295 0
2445 0.2057400000004806 0.541020000000126 0
2446 0.2057400000004947 0.5486400000001228 0
2447 0.2057400000005088 0.5562600000001192 0
2448 0.2057400000005229 0.563880000000116 0
2449 0.205740000000537 0.5715000000001124 0
2450 0.2057400000005511 0.5791200000001046 0
2451 0.2057400000005651 0.5867400000000806 0
2452 0.2057400000005792 0.5943600000000537 0
2453 0.2057400000005933 0.6019800000000268 0
2454 0.2133599999994674 0.007619999999977943 0
2455 0.2133599999994824 0.01523999999995581 0
2456 0.2133599999994973 0.02285999999993339 0
2457 0.2133599999995123 0.03047999999991608 0
2458 0.2133599999995273 0.03809999999993036 0
2459 0.2133599999995422 0.04571999999995417 0
2460 0.2133599999995572 0.05333999999997838 0
2461 0.2133599999995722 0.06096000000000192 0
2462 0.2133599999995872 0.06858000000002613 0
2463 0.2133599999996022 0.07620000000004953 0
2464 0.2133599999996171 0.08382000000007078 0
2465 0.2133599999996321 0.09144000000009211 0
2466 0.2133599999996471 0.09906000000011261 0
2467 0.2133599999996621 0.1066800000001314 0
2468 0.2133599999996771 0.1143000000001521 0
2469 0.213359999999692 0.1219200000001686 0
2470 0.2133599999997071 0.1295400000001701 0
2471 0.213359999999722 0.1371600000001703 0
2472 0.213359999999737 0.1447800000001664 0
2473 0.213359999999752 0.152400000000162 0
2474 0.213359999999767 0.1600200000001577 0
2475 0.2133599999997819 0.1676400000001537 0
2476 0.2133599999997969 0.1752600000001539 0
2477 0.213359999999812 0.1828800000001585 0
2478 0.2133599999998269 0.1905000000001766 0
2479 0.2133599999998418 0.1981200000001949 0
2480 0.2133599999998568 0.2057400000002131 0
2481 0.2133599999998719 0.2133600000002314 0
2482 0.2133599999998868 0.2209800000002475 0
2483 0.2133599999999018 0.2286000000002523 0
2484 0.2133599999999168 0.2362200000002529 0
2485 0.2133599999999318 0.2438400000002494 0
2486 0.2133599999999467 0.251460000000248 0
2487 0.2133599999999617 0.2590800000002551 0
2488 0.2133599999999767 0.2667000000002591 0
2489 0.2133599999999917 0.2743200000002547 0
2490 0.2133600000000067 0.2819400000002518 0
2491 0.2133600000000217 0.2895600000002644 0
2492 0.2133600000000366 0.2971800000002825 0
2493 0.2133600000000517 0.3048000000002976 0
2494 0.2133600000000666 0.3124200000002982 0
2495 0.2133600000000816 0.3200400000002957 0
2496 0.2133600000000965 0.3276600000002899 0
2497 0.2133600000001115 0.3352800000002761 0
2498 0.2133600000001266 0.3429000000002614 0
2499 0.2133600000001415 0.3505200000002622 0
2500 0.2133600000001565 0.3581400000002686 0
2501 0.2133600000001715 0.3657600000002594 0
2502 0.2133600000001865 0.3733800000002447 0
2503 0.2133600000002014 0.3810000000002302 0
2504 0.2133600000002164 0.3886200000002176 0
2505 0.2133600000002314 0.3962400000002134 0
2506 0.2133600000002464 0.4038600000002108 0
2507 0.2133600000002614 0.4114800000002085 0
2508 0.2133600000002764 0.4191000000002058 0
2509 0.2133600000002913 0.4267200000002009 0
2510 0.2133600000003064 0.4343400000001877 0
2511 0.2133600000003212 0.441960000000173 0
2512 0.2133600000003363 0.4495800000001583 0
2513 0.2133600000003512 0.4572000000001435 0
2514 0.2133600000003663 0.4648200000001289 0
2515 0.2133600000003812 0.4724400000001155 0
2516 0.2133600000003961 0.4800600000001177 0
2517 0.2133600000004111 0.4876800000001144 0
2518 0.2133600000004262 0.4953000000001095 0
2519 0.2133600000004411 0.5029200000001295 0
2520 0.2133600000004561 0.5105400000001327 0
2521 0.2133600000004711 0.5181600000001299 0
2522 0.2133600000004861 0.5257800000001275 0
2523 0.2133600000005011 0.5334000000001248 0
2524 0.2133600000005161 0.5410200000001221 0
2525 0.213360000000531 0.5486400000001195 0
2526 0.213360000000546 0.5562600000001168 0
2527 0.213360000000561 0.5638800000001142 0
2528 0.213360000000576 0.5715000000001115 0
2529 0.2133600000005909 0.5791200000001046 0
2530 0.2133600000006059 0.5867400000000806 0
2531 0.2133600000006209 0.5943600000000538 0
2532 0.2133600000006358 0.6019800000000268 0
2533 0.2209799999994419 0.007619999999978085 0
2534 0.2209799999994576 0.0152399999999561 0
2535 0.2209799999994734 0.0228599999999338 0
2536 0.2209799999994892 0.0304799999999165 0
2537 0.220979999999505 0.03809999999993018 0
2538 0.2209799999995208 0.0457199999999533 0
2539 0.2209799999995367 0.05333999999997682 0
2540 0.2209799999995524 0.06095999999999965 0
2541 0.2209799999995682 0.06858000000002318 0
2542 0.220979999999584 0.07620000000004587 0
2543 0.2209799999995999 0.08382000000006633 0
2544 0.2209799999996156 0.0914400000000869 0
2545 0.2209799999996314 0.09906000000010656 0
2546 0.2209799999996472 0.1066800000001245 0
2547 0.220979999999663 0.1143000000001444 0
2548 0.2209799999996788 0.1219200000001601 0
2549 0.2209799999996946 0.1295400000001612 0
2550 0.2209799999997105 0.1371600000001611 0
2551 0.2209799999997262 0.1447800000001567 0
2552 0.220979999999742 0.1524000000001519 0
2553 0.2209799999997578 0.1600200000001472 0
2554 0.2209799999997736 0.1676400000001427 0
2555 0.2209799999997894 0.1752600000001426 0
2556 0.2209799999998052 0.1828800000001469 0
2557 0.220979999999821 0.1905000000001643 0
2558 0.2209799999998368 0.1981200000001817 0
2559 0.2209799999998526 0.205740000000199 0
2560 0.2209799999998684 0.2133600000002164 0
2561 0.2209799999998841 0.2209800000002317 0
2562 0.2209799999999 0.2286000000002362 0
2563 0.2209799999999158 0.2362200000002364 0
2564 0.2209799999999316 0.2438400000002325 0
2565 0.2209799999999474 0.2514600000002308 0
2566 0.2209799999999632 0.2590800000002378 0
2567 0.2209799999999789 0.2667000000002416 0
2568 0.2209799999999948 0.2743200000002368 0
2569 0.2209800000000106 0.2819400000002333 0
2570 0.2209800000000264 0.2895600000002452 0
2571 0.2209800000000421 0.2971800000002625 0
2572 0.220980000000058 0.3048000000002769 0
2573 0.2209800000000737 0.312420000000278 0
2574 0.2209800000000895 0.3200400000002763 0
2575 0.2209800000001053 0.3276600000002714 0
2576 0.2209800000001211 0.3352800000002578 0
2577 0.220980000000137 0.3429000000002437 0
2578 0.2209800000001528 0.3505200000002445 0
2579 0.2209800000001685 0.358140000000251 0
2580 0.2209800000001843 0.365760000000242 0
2581 0.2209800000002002 0.3733800000002278 0
2582 0.2209800000002159 0.3810000000002135 0
2583 0.2209800000002317 0.3886200000002016 0
2584 0.2209800000002475 0.3962400000001982 0
2585 0.2209800000002634 0.4038600000001965 0
2586 0.2209800000002791 0.4114800000001947 0
2587 0.220980000000295 0.419100000000193 0
2588 0.2209800000003107 0.4267200000001888 0
2589 0.2209800000003266 0.4343400000001761 0
2590 0.2209800000003423 0.4419600000001618 0
2591 0.2209800000003581 0.4495800000001474 0
2592 0.2209800000003739 0.4572000000001332 0
2593 0.2209800000003898 0.4648200000001188 0
2594 0.2209800000004055 0.472440000000106 0
2595 0.2209800000004213 0.4800600000001082 0
2596 0.2209800000004372 0.4876800000001051 0
2597 0.2209800000004529 0.495300000000101 0
2598 0.2209800000004687 0.5029200000001215 0
2599 0.2209800000004845 0.5105400000001251 0
2600 0.2209800000005003 0.5181600000001234 0
2601 0.2209800000005162 0.5257800000001217 0
2602 0.2209800000005319 0.5334000000001199 0
2603 0.2209800000005477 0.5410200000001181 0
2604 0.2209800000005634 0.5486400000001165 0
2605 0.2209800000005794 0.5562600000001146 0
2606 0.2209800000005951 0.5638800000001127 0
2607 0.2209800000006109 0.5715000000001109 0
2608 0.2209800000006267 0.5791200000001046 0
2609 0.2209800000006425 0.5867400000000809 0
2610 0.2209800000006583 0.5943600000000538 0
2611 0.2209800000006741 0.6019800000000268 0
2612 0.2285999999994278 0.007619999999978229 0
2613 0.228599999999444 0.01523999999995637 0
2614 0.2285999999994602 0.02285999999993421 0
2615 0.2285999999994763 0.03047999999991691 0
2616 0.2285999999994925 0.03809999999993002 0
2617 0.2285999999995087 0.04571999999995245 0
2618 0.2285999999995248 0.05333999999997527 0
2619 0.228599999999541 0.06095999999999739 0
2620 0.2285999999995571 0.06858000000002022 0
2621 0.2285999999995733 0.07620000000004221 0
2622 0.2285999999995895 0.0838200000000619 0
2623 0.2285999999996056 0.09144000000008162 0
2624 0.2285999999996218 0.09906000000010051 0
2625 0.228599999999638 0.1066800000001176 0
2626 0.2285999999996541 0.1143000000001366 0
2627 0.2285999999996703 0.1219200000001517 0
2628 0.2285999999996865 0.1295400000001523 0
2629 0.2285999999997027 0.1371600000001519 0
2630 0.2285999999997188 0.144780000000147 0
2631 0.228599999999735 0.1524000000001418 0
2632 0.2285999999997512 0.1600200000001366 0
2633 0.2285999999997673 0.1676400000001317 0
2634 0.2285999999997834 0.1752600000001313 0
2635 0.2285999999997996 0.1828800000001352 0
2636 0.2285999999998158 0.1905000000001521 0
2637 0.2285999999998319 0.1981200000001684 0
2638 0.2285999999998481 0.2057400000001849 0
2639 0.2285999999998643 0.2133600000002014 0
2640 0.2285999999998805 0.220980000000216 0
2641 0.2285999999998966 0.22860000000022 0
2642 0.2285999999999128 0.23622000000022 0
2643 0.228599999999929 0.2438400000002156 0
2644 0.2285999999999451 0.2514600000002136 0
2645 0.2285999999999614 0.2590800000002205 0
2646 0.2285999999999775 0.2667000000002241 0
2647 0.2285999999999936 0.2743200000002189 0
2648 0.2286000000000098 0.2819400000002149 0
2649 0.228600000000026 0.2895600000002259 0
2650 0.2286000000000421 0.2971800000002423 0
2651 0.2286000000000583 0.304800000000256 0
2652 0.2286000000000745 0.3124200000002579 0
2653 0.2286000000000906 0.320040000000257 0
2654 0.2286000000001068 0.3276600000002527 0
2655 0.228600000000123 0.3352800000002397 0
2656 0.2286000000001391 0.3429000000002259 0
2657 0.2286000000001553 0.3505200000002269 0
2658 0.2286000000001714 0.3581400000002333 0
2659 0.2286000000001877 0.3657600000002248 0
2660 0.2286000000002038 0.3733800000002108 0
2661 0.22860000000022 0.3810000000001968 0
2662 0.2286000000002362 0.3886200000001854 0
2663 0.2286000000002523 0.3962400000001829 0
2664 0.2286000000002685 0.403860000000182 0
2665 0.2286000000002847 0.4114800000001811 0
2666 0.2286000000003008 0.4191000000001802 0
2667 0.228600000000317 0.426720000000177 0
2668 0.2286000000003331 0.4343400000001645 0
2669 0.2286000000003493 0.4419600000001505 0
2670 0.2286000000003655 0.4495800000001366 0
2671 0.2286000000003816 0.4572000000001228 0
2672 0.2286000000003978 0.4648200000001089 0
2673 0.228600000000414 0.4724400000000963 0
2674 0.2286000000004302 0.4800600000000987 0
2675 0.2286000000004463 0.4876800000000959 0
2676 0.2286000000004625 0.4953000000000924 0
2677 0.2286000000004787 0.5029200000001133 0
2678 0.2286000000004949 0.510540000000118 0
2679 0.228600000000511 0.5181600000001167 0
2680 0.2286000000005272 0.5257800000001159 0
2681 0.2286000000005434 0.533400000000115 0
2682 0.2286000000005595 0.5410200000001141 0
2683 0.2286000000005757 0.5486400000001131 0
2684 0.2286000000005918 0.5562600000001123 0
2685 0.228600000000608 0.5638800000001113 0
2686 0.2286000000006242 0.5715000000001104 0
2687 0.2286000000006403 0.5791200000001047 0
2688 0.2286000000006565 0.5867400000000809 0
2689 0.2286000000006727 0.594360000000054 0
2690 0.2286000000006888 0.6019800000000268 0
2691 0.2362199999994137 0.007619999999978369 0
2692 0.2362199999994302 0.01523999999995665 0
2693 0.2362199999994467 0.02285999999993462 0
2694 0.2362199999994631 0.03047999999991732 0
2695 0.2362199999994796 0.03809999999992985 0
2696 0.2362199999994961 0.04571999999995156 0
2697 0.2362199999995125 0.05333999999997371 0
2698 0.2362199999995289 0.06095999999999513 0
2699 0.2362199999995454 0.06858000000001728 0
2700 0.2362199999995618 0.07620000000003854 0
2701 0.2362199999995783 0.08382000000005746 0
2702 0.2362199999995948 0.0914400000000764 0
2703 0.2362199999996112 0.09906000000009443 0
2704 0.2362199999996277 0.1066800000001106 0
2705 0.2362199999996441 0.1143000000001289 0
2706 0.2362199999996606 0.1219200000001432 0
2707 0.236219999999677 0.1295400000001435 0
2708 0.2362199999996935 0.1371600000001428 0
2709 0.23621999999971 0.1447800000001375 0
2710 0.2362199999997264 0.1524000000001317 0
2711 0.2362199999997429 0.160020000000126 0
2712 0.2362199999997593 0.1676400000001207 0
2713 0.2362199999997757 0.17526000000012 0
2714 0.2362199999997922 0.1828800000001236 0
2715 0.2362199999998087 0.1905000000001398 0
2716 0.2362199999998252 0.1981200000001553 0
2717 0.2362199999998415 0.2057400000001708 0
2718 0.236219999999858 0.2133600000001865 0
2719 0.2362199999998745 0.2209800000002002 0
2720 0.2362199999998909 0.2286000000002038 0
2721 0.2362199999999074 0.2362200000002036 0
2722 0.2362199999999238 0.2438400000001987 0
2723 0.2362199999999403 0.2514600000001963 0
2724 0.2362199999999567 0.2590800000002032 0
2725 0.2362199999999732 0.2667000000002067 0
2726 0.2362199999999897 0.274320000000201 0
2727 0.2362200000000061 0.2819400000001965 0
2728 0.2362200000000226 0.2895600000002068 0
2729 0.236220000000039 0.2971800000002222 0
2730 0.2362200000000554 0.3048000000002354 0
2731 0.2362200000000719 0.3124200000002377 0
2732 0.2362200000000883 0.3200400000002376 0
2733 0.2362200000001048 0.3276600000002341 0
2734 0.2362200000001213 0.3352800000002215 0
2735 0.2362200000001377 0.3429000000002081 0
2736 0.2362200000001542 0.3505200000002091 0
2737 0.2362200000001707 0.3581400000002155 0
2738 0.2362200000001871 0.3657600000002073 0
2739 0.2362200000002035 0.3733800000001939 0
2740 0.23622000000022 0.3810000000001804 0
2741 0.2362200000002365 0.3886200000001694 0
2742 0.2362200000002529 0.3962400000001676 0
2743 0.2362200000002694 0.4038600000001676 0
2744 0.2362200000002858 0.4114800000001675 0
2745 0.2362200000003023 0.4191000000001674 0
2746 0.2362200000003187 0.4267200000001648 0
2747 0.2362200000003352 0.4343400000001529 0
2748 0.2362200000003516 0.4419600000001395 0
2749 0.2362200000003681 0.449580000000126 0
2750 0.2362200000003846 0.4572000000001124 0
2751 0.2362200000004009 0.4648200000000989 0
2752 0.2362200000004174 0.4724400000000868 0
2753 0.2362200000004339 0.4800600000000892 0
2754 0.2362200000004503 0.4876800000000867 0
2755 0.2362200000004668 0.495300000000084 0
2756 0.2362200000004832 0.5029200000001051 0
2757 0.2362200000004998 0.5105400000001106 0
2758 0.2362200000005162 0.5181600000001103 0
2759 0.2362200000005326 0.5257800000001102 0
2760 0.2362200000005491 0.5334000000001101 0
2761 0.2362200000005655 0.5410200000001101 0
2762 0.236220000000582 0.5486400000001099 0
2763 0.2362200000005985 0.5562600000001099 0
2764 0.2362200000006149 0.5638800000001096 0
2765 0.2362200000006313 0.5715000000001097 0
2766 0.2362200000006478 0.5791200000001047 0
2767 0.2362200000006643 0.586740000000081 0
2768 0.2362200000006807 0.594360000000054 0
2769 0.2362200000006972 0.6019800000000268 0
2770 0.2438399999993879 0.00761999999997851 0
2771 0.2438399999994048 0.01523999999995694 0
2772 0.2438399999994217 0.02285999999993503 0
2773 0.2438399999994386 0.03047999999991773 0
2774 0.2438399999994555 0.03809999999992968 0
2775 0.2438399999994724 0.0457199999999507 0
2776 0.2438399999994892 0.05333999999997217 0
2777 0.2438399999995061 0.06095999999999287 0
2778 0.243839999999523 0.06858000000001434 0
2779 0.24383999999954 0.07620000000003488 0
2780 0.2438399999995568 0.08382000000005302 0
2781 0.2438399999995737 0.09144000000007116 0
2782 0.2438399999995906 0.09906000000008838 0
2783 0.2438399999996075 0.1066800000001037 0
2784 0.2438399999996244 0.1143000000001212 0
2785 0.2438399999996413 0.1219200000001347 0
2786 0.2438399999996582 0.1295400000001346 0
2787 0.2438399999996751 0.1371600000001335 0
2788 0.243839999999692 0.1447800000001278 0
2789 0.2438399999997088 0.1524000000001216 0
2790 0.2438399999997257 0.1600200000001154 0
2791 0.2438399999997427 0.1676400000001096 0
2792 0.2438399999997596 0.1752600000001086 0
2793 0.2438399999997765 0.182880000000112 0
2794 0.2438399999997932 0.1905000000001275 0
2795 0.2438399999998102 0.1981200000001422 0
2796 0.2438399999998271 0.2057400000001568 0
2797 0.243839999999844 0.2133600000001715 0
2798 0.2438399999998609 0.2209800000001844 0
2799 0.2438399999998778 0.2286000000001877 0
2800 0.2438399999998946 0.2362200000001872 0
2801 0.2438399999999116 0.2438400000001818 0
2802 0.2438399999999284 0.251460000000179 0
2803 0.2438399999999453 0.2590800000001859 0
2804 0.2438399999999622 0.2667000000001891 0
2805 0.2438399999999791 0.274320000000183 0
2806 0.243839999999996 0.281940000000178 0
2807 0.2438400000000129 0.2895600000001874 0
2808 0.2438400000000298 0.2971800000002022 0
2809 0.2438400000000467 0.3048000000002146 0
2810 0.2438400000000635 0.3124200000002175 0
2811 0.2438400000000804 0.3200400000002183 0
2812 0.2438400000000973 0.3276600000002156 0
2813 0.2438400000001142 0.3352800000002032 0
2814 0.2438400000001311 0.3429000000001904 0
2815 0.243840000000148 0.3505200000001916 0
2816 0.2438400000001649 0.358140000000198 0
2817 0.2438400000001817 0.3657600000001899 0
2818 0.2438400000001987 0.3733800000001768 0
2819 0.2438400000002156 0.3810000000001637 0
2820 0.2438400000002325 0.3886200000001532 0
2821 0.2438400000002494 0.3962400000001522 0
2822 0.2438400000002662 0.403860000000153 0
2823 0.2438400000002831 0.4114800000001538 0
2824 0.2438400000003 0.4191000000001546 0
2825 0.2438400000003169 0.4267200000001527 0
2826 0.2438400000003338 0.4343400000001414 0
2827 0.2438400000003507 0.4419600000001283 0
2828 0.2438400000003677 0.4495800000001152 0
2829 0.2438400000003845 0.4572000000001022 0
2830 0.2438400000004014 0.4648200000000889 0
2831 0.2438400000004182 0.4724400000000771 0
2832 0.2438400000004352 0.4800600000000798 0
2833 0.2438400000004521 0.4876800000000773 0
2834 0.243840000000469 0.4953000000000755 0
2835 0.2438400000004858 0.5029200000000971 0
2836 0.2438400000005027 0.5105400000001028 0
2837 0.2438400000005196 0.5181600000001039 0
2838 0.2438400000005365 0.5257800000001046 0
2839 0.2438400000005534 0.5334000000001052 0
2840 0.2438400000005703 0.5410200000001061 0
2841 0.2438400000005872 0.5486400000001068 0
2842 0.2438400000006041 0.5562600000001074 0
2843 0.243840000000621 0.5638800000001084 0
2844 0.2438400000006379 0.571500000000109 0
2845 0.2438400000006548 0.5791200000001047 0
2846 0.2438400000006716 0.5867400000000809 0
2847 0.2438400000006885 0.594360000000054 0
2848 0.2438400000007054 0.601980000000027 0
2849 0.2514599999993685 0.007619999999978652 0
2850 0.2514599999993857 0.01523999999995721 0
2851 0.2514599999994029 0.02285999999993544 0
2852 0.2514599999994202 0.03047999999991814 0
2853 0.2514599999994374 0.03809999999992952 0
2854 0.2514599999994546 0.04571999999994984 0
2855 0.2514599999994719 0.05333999999997063 0
2856 0.2514599999994893 0.06095999999999062 0
2857 0.2514599999995065 0.06858000000001135 0
2858 0.2514599999995237 0.07620000000003121 0
2859 0.251459999999541 0.08382000000004855 0
2860 0.2514599999995581 0.09144000000006591 0
2861 0.2514599999995754 0.09906000000008233 0
2862 0.2514599999995927 0.1066800000000968 0
2863 0.2514599999996099 0.1143000000001134 0
2864 0.2514599999996271 0.1219200000001262 0
2865 0.2514599999996444 0.1295400000001256 0
2866 0.2514599999996616 0.1371600000001244 0
2867 0.2514599999996789 0.1447800000001182 0
2868 0.2514599999996963 0.1524000000001115 0
2869 0.2514599999997135 0.1600200000001049 0
2870 0.2514599999997307 0.1676400000000987 0
2871 0.2514599999997479 0.1752600000000973 0
2872 0.2514599999997652 0.1828800000001004 0
2873 0.2514599999997824 0.1905000000001152 0
2874 0.2514599999997997 0.198120000000129 0
2875 0.2514599999998169 0.2057400000001427 0
2876 0.2514599999998341 0.2133600000001565 0
2877 0.2514599999998515 0.2209800000001686 0
2878 0.2514599999998687 0.2286000000001715 0
2879 0.2514599999998859 0.2362200000001706 0
2880 0.251459999999903 0.2438400000001649 0
2881 0.2514599999999204 0.2514600000001619 0
2882 0.2514599999999376 0.2590800000001685 0
2883 0.2514599999999548 0.2667000000001717 0
2884 0.2514599999999722 0.274320000000165 0
2885 0.2514599999999894 0.2819400000001596 0
2886 0.2514600000000066 0.2895600000001683 0
2887 0.2514600000000238 0.2971800000001819 0
2888 0.251460000000041 0.3048000000001939 0
2889 0.2514600000000584 0.3124200000001974 0
2890 0.2514600000000756 0.320040000000199 0
2891 0.2514600000000928 0.3276600000001969 0
2892 0.2514600000001101 0.3352800000001852 0
2893 0.2514600000001274 0.3429000000001726 0
2894 0.2514600000001445 0.3505200000001738 0
2895 0.2514600000001618 0.3581400000001802 0
2896 0.2514600000001791 0.3657600000001726 0
2897 0.2514600000001963 0.3733800000001599 0
2898 0.2514600000002136 0.3810000000001471 0
2899 0.2514600000002308 0.3886200000001372 0
2900 0.251460000000248 0.396240000000137 0
2901 0.2514600000002653 0.4038600000001386 0
2902 0.2514600000002825 0.4114800000001402 0
2903 0.2514600000002997 0.4191000000001418 0
2904 0.251460000000317 0.4267200000001408 0
2905 0.2514600000003343 0.43434000000013 0
2906 0.2514600000003515 0.4419600000001171 0
2907 0.2514600000003688 0.4495800000001044 0
2908 0.251460000000386 0.4572000000000918 0
2909 0.2514600000004034 0.4648200000000791 0
2910 0.2514600000004205 0.4724400000000676 0
2911 0.2514600000004377 0.4800600000000701 0
2912 0.2514600000004549 0.4876800000000681 0
2913 0.2514600000004723 0.4953000000000671 0
2914 0.2514600000004895 0.5029200000000891 0
2915 0.2514600000005067 0.5105400000000958 0
2916 0.251460000000524 0.5181600000000972 0
2917 0.2514600000005412 0.5257800000000989 0
2918 0.2514600000005585 0.5334000000001005 0
2919 0.2514600000005757 0.5410200000001021 0
2920 0.251460000000593 0.5486400000001038 0
2921 0.2514600000006102 0.5562600000001052 0
2922 0.2514600000006275 0.5638800000001066 0
2923 0.2514600000006447 0.5715000000001084 0
2924 0.2514600000006619 0.5791200000001047 0
2925 0.2514600000006792 0.5867400000000812 0
2926 0.2514600000006965 0.5943600000000541 0
2927 0.2514600000007137 0.601980000000027 0
2928 0.2590799999993725 0.007619999999978794 0
2929 0.25907999999939 0.01523999999995749 0
2930 0.2590799999994072 0.02285999999993585 0
2931 0.2590799999994244 0.03047999999991855 0
2932 0.2590799999994418 0.03809999999992934 0
2933 0.2590799999994591 0.04571999999994898 0
2934 0.2590799999994764 0.05333999999996906 0
2935 0.2590799999994937 0.06095999999998834 0
2936 0.259079999999511 0.06858000000000845 0
2937 0.2590799999995284 0.07620000000002758 0
2938 0.2590799999995457 0.08382000000004408 0
2939 0.2590799999995629 0.09144000000006067 0
2940 0.2590799999995802 0.09906000000007628 0
2941 0.2590799999995976 0.1066800000000898 0
2942 0.2590799999996149 0.1143000000001057 0
2943 0.2590799999996321 0.1219200000001178 0
2944 0.2590799999996494 0.1295400000001168 0
2945 0.2590799999996667 0.1371600000001152 0
2946 0.2590799999996841 0.1447800000001085 0
2947 0.2590799999997014 0.1524000000001014 0
2948 0.2590799999997186 0.1600200000000943 0
2949 0.2590799999997359 0.1676400000000876 0
2950 0.2590799999997533 0.175260000000086 0
2951 0.2590799999997706 0.1828800000000887 0
2952 0.259079999999788 0.1905000000001029 0
2953 0.2590799999998051 0.1981200000001157 0
2954 0.2590799999998226 0.2057400000001286 0
2955 0.2590799999998398 0.2133600000001415 0
2956 0.2590799999998571 0.2209800000001527 0
2957 0.2590799999998745 0.2286000000001554 0
2958 0.2590799999998918 0.2362200000001542 0
2959 0.259079999999909 0.243840000000148 0
2960 0.2590799999999263 0.2514600000001446 0
2961 0.2590799999999436 0.2590800000001512 0
2962 0.259079999999961 0.2667000000001543 0
2963 0.2590799999999782 0.2743200000001471 0
2964 0.2590799999999955 0.2819400000001411 0
2965 0.2590800000000127 0.289560000000149 0
2966 0.2590800000000301 0.297180000000162 0
2967 0.2590800000000475 0.3048000000001732 0
2968 0.2590800000000647 0.3124200000001773 0
2969 0.259080000000082 0.3200400000001796 0
2970 0.2590800000000993 0.3276600000001784 0
2971 0.2590800000001166 0.3352800000001671 0
2972 0.259080000000134 0.3429000000001547 0
2973 0.2590800000001513 0.3505200000001562 0
2974 0.2590800000001685 0.3581400000001627 0
2975 0.2590800000001858 0.3657600000001552 0
2976 0.2590800000002031 0.3733800000001429 0
2977 0.2590800000002205 0.3810000000001307 0
2978 0.2590800000002378 0.3886200000001212 0
2979 0.2590800000002551 0.3962400000001216 0
2980 0.2590800000002725 0.4038600000001241 0
2981 0.2590800000002897 0.4114800000001266 0
2982 0.259080000000307 0.419100000000129 0
2983 0.2590800000003243 0.4267200000001288 0
2984 0.2590800000003416 0.4343400000001182 0
2985 0.259080000000359 0.4419600000001059 0
2986 0.2590800000003761 0.4495800000000936 0
2987 0.2590800000003936 0.4572000000000813 0
2988 0.2590800000004108 0.4648200000000691 0
2989 0.2590800000004281 0.4724400000000581 0
2990 0.2590800000004455 0.4800600000000606 0
2991 0.2590800000004628 0.487680000000059 0
2992 0.25908000000048 0.4953000000000584 0
2993 0.2590800000004974 0.5029200000000809 0
2994 0.2590800000005147 0.5105400000000883 0
2995 0.2590800000005319 0.5181600000000908 0
2996 0.2590800000005492 0.5257800000000932 0
2997 0.2590800000005665 0.5334000000000955 0
2998 0.2590800000005838 0.5410200000000981 0
2999 0.2590800000006011 0.5486400000001007 0
3000 0.2590800000006184 0.5562600000001028 0
3001 0.2590800000006357 0.5638800000001053 0
3002 0.259080000000653 0.5715000000001077 0
3003 0.2590800000006703 0.5791200000001046 0
3004 0.2590800000006876 0.5867400000000811 0
3005 0.259080000000705 0.5943600000000544 0
3006 0.2590800000007223 0.601980000000027 0
3007 0.2666999999993681 0.007619999999978937 0
3008 0.2666999999993855 0.01523999999995777 0
3009 0.266699999999403 0.02285999999993626 0
3010 0.2666999999994205 0.03047999999991896 0
3011 0.2666999999994381 0.03809999999992916 0
3012 0.2666999999994553 0.0457199999999481 0
3013 0.2666999999994728 0.05333999999996751 0
3014 0.2666999999994905 0.06095999999998609 0
3015 0.2666999999995079 0.06858000000000547 0
3016 0.2666999999995253 0.07620000000002392 0
3017 0.2666999999995428 0.08382000000003964 0
3018 0.2666999999995603 0.09144000000005542 0
3019 0.2666999999995777 0.0990600000000702 0
3020 0.2666999999995953 0.1066800000000829 0
3021 0.2666999999996126 0.1143000000000979 0
3022 0.2666999999996301 0.1219200000001093 0
3023 0.2666999999996476 0.1295400000001079 0
3024 0.2666999999996651 0.137160000000106 0
3025 0.2666999999996825 0.1447800000000989 0
3026 0.2666999999997001 0.1524000000000913 0
3027 0.2666999999997175 0.1600200000000837 0
3028 0.2666999999997349 0.1676400000000766 0
3029 0.2666999999997524 0.1752600000000747 0
3030 0.2666999999997698 0.1828800000000771 0
3031 0.2666999999997873 0.1905000000000906 0
3032 0.2666999999998048 0.1981200000001025 0
3033 0.2666999999998222 0.2057400000001145 0
3034 0.2666999999998398 0.2133600000001265 0
3035 0.2666999999998572 0.2209800000001369 0
3036 0.2666999999998747 0.2286000000001392 0
3037 0.2666999999998922 0.2362200000001378 0
3038 0.2666999999999097 0.2438400000001311 0
3039 0.2666999999999271 0.2514600000001272 0
3040 0.2666999999999446 0.2590800000001339 0
3041 0.2666999999999621 0.2667000000001367 0
3042 0.2666999999999795 0.2743200000001292 0
3043 0.2666999999999971 0.2819400000001227 0
3044 0.2667000000000145 0.2895600000001298 0
3045 0.2667000000000319 0.2971800000001417 0
3046 0.2667000000000495 0.3048000000001523 0
3047 0.266700000000067 0.3124200000001571 0
3048 0.2667000000000844 0.3200400000001602 0
3049 0.2667000000001019 0.3276600000001597 0
3050 0.2667000000001194 0.3352800000001488 0
3051 0.2667000000001368 0.3429000000001369 0
3052 0.2667000000001542 0.3505200000001384 0
3053 0.2667000000001717 0.3581400000001449 0
3054 0.2667000000001892 0.3657600000001377 0
3055 0.2667000000002067 0.3733800000001259 0
3056 0.2667000000002242 0.381000000000114 0
3057 0.2667000000002415 0.388620000000105 0
3058 0.2667000000002591 0.3962400000001063 0
3059 0.2667000000002766 0.4038600000001096 0
3060 0.266700000000294 0.4114800000001129 0
3061 0.2667000000003115 0.4191000000001162 0
3062 0.266700000000329 0.4267200000001166 0
3063 0.2667000000003464 0.4343400000001067 0
3064 0.2667000000003639 0.4419600000000948 0
3065 0.2667000000003814 0.4495800000000828 0
3066 0.2667000000003988 0.4572000000000711 0
3067 0.2667000000004163 0.4648200000000592 0
3068 0.2667000000004338 0.4724400000000484 0
3069 0.2667000000004512 0.4800600000000511 0
3070 0.2667000000004686 0.4876800000000496 0
3071 0.2667000000004862 0.49530000000005 0
3072 0.2667000000005036 0.5029200000000729 0
3073 0.266700000000521 0.5105400000000812 0
3074 0.2667000000005386 0.5181600000000843 0
3075 0.266700000000556 0.5257800000000875 0
3076 0.2667000000005734 0.5334000000000906 0
3077 0.266700000000591 0.5410200000000941 0
3078 0.2667000000006085 0.5486400000000973 0
3079 0.266700000000626 0.5562600000001003 0
3080 0.2667000000006434 0.5638800000001037 0
3081 0.2667000000006609 0.571500000000107 0
3082 0.2667000000006783 0.5791200000001046 0
3083 0.2667000000006958 0.5867400000000813 0
3084 0.2667000000007132 0.5943600000000543 0
3085 0.2667000000007308 0.601980000000027 0
3086 0.2743199999993401 0.007619999999979079 0
3087 0.2743199999993581 0.01523999999995806 0
3088 0.2743199999993761 0.02285999999993667 0
3089 0.2743199999993939 0.03047999999991937 0
3090 0.2743199999994119 0.038099999999929 0
3091 0.2743199999994298 0.04571999999994723 0
3092 0.2743199999994476 0.05333999999996596 0
3093 0.2743199999994656 0.06095999999998383 0
3094 0.2743199999994836 0.06858000000000254 0
3095 0.2743199999995015 0.07620000000002025 0
3096 0.2743199999995195 0.0838200000000352 0
3097 0.2743199999995374 0.09144000000005018 0
3098 0.2743199999995553 0.09906000000006415 0
3099 0.2743199999995732 0.1066800000000759 0
3100 0.2743199999995912 0.1143000000000902 0
3101 0.2743199999996092 0.1219200000001008 0
3102 0.2743199999996271 0.129540000000099 0
3103 0.2743199999996449 0.1371600000000968 0
3104 0.2743199999996629 0.1447800000000893 0
3105 0.2743199999996808 0.1524000000000812 0
3106 0.2743199999996988 0.1600200000000732 0
3107 0.2743199999997167 0.1676400000000656 0
3108 0.2743199999997346 0.1752600000000633 0
3109 0.2743199999997526 0.1828800000000655 0
3110 0.2743199999997705 0.1905000000000784 0
3111 0.2743199999997885 0.1981200000000894 0
3112 0.2743199999998063 0.2057400000001004 0
3113 0.2743199999998244 0.2133600000001115 0
3114 0.2743199999998423 0.2209800000001212 0
3115 0.2743199999998602 0.228600000000123 0
3116 0.2743199999998781 0.2362200000001213 0
3117 0.2743199999998961 0.2438400000001142 0
3118 0.274319999999914 0.2514600000001102 0
3119 0.274319999999932 0.2590800000001166 0
3120 0.2743199999999498 0.2667000000001193 0
3121 0.2743199999999678 0.2743200000001113 0
3122 0.2743199999999858 0.2819400000001043 0
3123 0.2743200000000037 0.2895600000001106 0
3124 0.2743200000000217 0.2971800000001218 0
3125 0.2743200000000395 0.3048000000001316 0
3126 0.2743200000000575 0.3124200000001369 0
3127 0.2743200000000754 0.3200400000001409 0
3128 0.2743200000000933 0.3276600000001411 0
3129 0.2743200000001112 0.3352800000001306 0
3130 0.2743200000001292 0.3429000000001191 0
3131 0.2743200000001471 0.3505200000001207 0
3132 0.2743200000001651 0.3581400000001271 0
3133 0.2743200000001829 0.3657600000001204 0
3134 0.2743200000002009 0.373380000000109 0
3135 0.2743200000002189 0.3810000000000975 0
3136 0.2743200000002368 0.3886200000000889 0
3137 0.2743200000002547 0.3962400000000911 0
3138 0.2743200000002727 0.4038600000000953 0
3139 0.2743200000002906 0.4114800000000994 0
3140 0.2743200000003085 0.4191000000001034 0
3141 0.2743200000003265 0.4267200000001045 0
3142 0.2743200000003443 0.434340000000095 0
3143 0.2743200000003624 0.4419600000000836 0
3144 0.2743200000003803 0.449580000000072 0
3145 0.2743200000003982 0.4572000000000607 0
3146 0.2743200000004161 0.4648200000000492 0
3147 0.2743200000004341 0.4724400000000388 0
3148 0.2743200000004521 0.4800600000000418 0
3149 0.2743200000004699 0.4876800000000405 0
3150 0.2743200000004878 0.4953000000000416 0
3151 0.2743200000005058 0.5029200000000646 0
3152 0.2743200000005238 0.5105400000000736 0
3153 0.2743200000005417 0.5181600000000777 0
3154 0.2743200000005595 0.5257800000000816 0
3155 0.2743200000005775 0.5334000000000859 0
3156 0.2743200000005955 0.5410200000000901 0
3157 0.2743200000006135 0.5486400000000939 0
3158 0.2743200000006314 0.5562600000000981 0
3159 0.2743200000006492 0.5638800000001022 0
3160 0.2743200000006673 0.5715000000001065 0
3161 0.2743200000006851 0.5791200000001047 0
3162 0.2743200000007031 0.5867400000000813 0
3163 0.2743200000007209 0.5943600000000543 0
3164 0.274320000000739 0.6019800000000272 0
3165 0.2819399999993121 0.007619999999979218 0
3166 0.2819399999993306 0.01523999999995834 0
3167 0.281939999999349 0.02285999999993708 0
3168 0.2819399999993673 0.03047999999991978 0
3169 0.2819399999993857 0.03809999999992883 0
3170 0.2819399999994042 0.04571999999994636 0
3171 0.2819399999994226 0.05333999999996442 0
3172 0.281939999999441 0.06095999999998158 0
3173 0.2819399999994594 0.06857999999999959 0
3174 0.2819399999994778 0.07620000000001659 0
3175 0.2819399999994963 0.08382000000003073 0
3176 0.2819399999995147 0.09144000000004494 0
3177 0.2819399999995332 0.09906000000005809 0
3178 0.2819399999995516 0.106680000000069 0
3179 0.28193999999957 0.1143000000000824 0
3180 0.2819399999995885 0.1219200000000924 0
3181 0.2819399999996069 0.1295400000000901 0
3182 0.2819399999996254 0.1371600000000877 0
3183 0.2819399999996438 0.1447800000000796 0
3184 0.2819399999996622 0.1524000000000711 0
3185 0.2819399999996806 0.1600200000000626 0
3186 0.2819399999996991 0.1676400000000546 0
3187 0.2819399999997175 0.175260000000052 0
3188 0.2819399999997359 0.1828800000000539 0
3189 0.2819399999997543 0.1905000000000661 0
3190 0.2819399999997728 0.1981200000000762 0
3191 0.281939999999791 0.2057400000000863 0
3192 0.2819399999998096 0.2133600000000966 0
3193 0.2819399999998281 0.2209800000001054 0
3194 0.2819399999998465 0.2286000000001068 0
3195 0.2819399999998649 0.2362200000001049 0
3196 0.2819399999998832 0.2438400000000973 0
3197 0.2819399999999017 0.2514600000000928 0
3198 0.2819399999999201 0.2590800000000993 0
3199 0.2819399999999385 0.2667000000001019 0
3200 0.281939999999957 0.2743200000000934 0
3201 0.2819399999999753 0.2819400000000859 0
3202 0.2819399999999938 0.2895600000000914 0
3203 0.2819400000000122 0.2971800000001015 0
3204 0.2819400000000307 0.3048000000001109 0
3205 0.2819400000000491 0.3124200000001166 0
3206 0.2819400000000675 0.3200400000001216 0
3207 0.281940000000086 0.3276600000001225 0
3208 0.2819400000001043 0.3352800000001124 0
3209 0.2819400000001229 0.3429000000001015 0
3210 0.2819400000001412 0.3505200000001031 0
3211 0.2819400000001597 0.3581400000001095 0
3212 0.281940000000178 0.365760000000103 0
3213 0.2819400000001965 0.373380000000092 0
3214 0.281940000000215 0.3810000000000808 0
3215 0.2819400000002334 0.3886200000000729 0
3216 0.2819400000002517 0.3962400000000758 0
3217 0.2819400000002701 0.4038600000000807 0
3218 0.2819400000002887 0.4114800000000857 0
3219 0.281940000000307 0.4191000000000905 0
3220 0.2819400000003254 0.4267200000000925 0
3221 0.2819400000003439 0.4343400000000835 0
3222 0.2819400000003622 0.4419600000000723 0
3223 0.2819400000003807 0.4495800000000613 0
3224 0.2819400000003991 0.4572000000000501 0
3225 0.2819400000004176 0.4648200000000391 0
3226 0.281940000000436 0.4724400000000293 0
3227 0.2819400000004544 0.4800600000000321 0
3228 0.2819400000004729 0.4876800000000311 0
3229 0.2819400000004913 0.4953000000000331 0
3230 0.2819400000005097 0.5029200000000565 0
3231 0.2819400000005281 0.5105400000000664 0
3232 0.2819400000005466 0.5181600000000712 0
3233 0.281940000000565 0.5257800000000763 0
3234 0.2819400000005834 0.5334000000000811 0
3235 0.2819400000006019 0.541020000000086 0
3236 0.2819400000006204 0.5486400000000911 0
3237 0.2819400000006387 0.5562600000000959 0
3238 0.2819400000006572 0.5638800000001007 0
3239 0.2819400000006756 0.5715000000001057 0
3240 0.281940000000694 0.5791200000001044 0
3241 0.2819400000007124 0.5867400000000815 0
3242 0.2819400000007308 0.5943600000000542 0
3243 0.2819400000007493 0.6019800000000273 0
3244 0.2895599999992844 0.007619999999979359 0
3245 0.2895599999993037 0.01523999999995862 0
3246 0.2895599999993227 0.02285999999993749 0
3247 0.289559999999342 0.03047999999992019 0
3248 0.2895599999993612 0.03809999999992866 0
3249 0.2895599999993804 0.04571999999994551 0
3250 0.2895599999993996 0.05333999999996286 0
3251 0.2895599999994189 0.06095999999997932 0
3252 0.2895599999994382 0.06857999999999666 0
3253 0.2895599999994573 0.07620000000001292 0
3254 0.2895599999994766 0.08382000000002632 0
3255 0.2895599999994958 0.09144000000003971 0
3256 0.289559999999515 0.09906000000005205 0
3257 0.2895599999995341 0.1066800000000621 0
3258 0.2895599999995534 0.1143000000000747 0
3259 0.2895599999995726 0.1219200000000839 0
3260 0.2895599999995918 0.1295400000000812 0
3261 0.289559999999611 0.1371600000000784 0
3262 0.2895599999996303 0.14478000000007 0
3263 0.2895599999996494 0.152400000000061 0
3264 0.2895599999996686 0.160020000000052 0
3265 0.289559999999688 0.1676400000000436 0
3266 0.2895599999997072 0.1752600000000407 0
3267 0.2895599999997264 0.1828800000000423 0
3268 0.2895599999997455 0.1905000000000537 0
3269 0.2895599999997648 0.198120000000063 0
3270 0.289559999999784 0.2057400000000723 0
3271 0.2895599999998032 0.2133600000000816 0
3272 0.2895599999998224 0.2209800000000896 0
3273 0.2895599999998416 0.2286000000000906 0
3274 0.2895599999998609 0.2362200000000884 0
3275 0.2895599999998801 0.2438400000000804 0
3276 0.2895599999998992 0.2514600000000756 0
3277 0.2895599999999184 0.259080000000082 0
3278 0.2895599999999376 0.2667000000000843 0
3279 0.2895599999999569 0.2743200000000755 0
3280 0.2895599999999762 0.2819400000000675 0
3281 0.2895599999999954 0.2895600000000722 0
3282 0.2895600000000145 0.2971800000000814 0
3283 0.2895600000000338 0.3048000000000902 0
3284 0.289560000000053 0.3124200000000965 0
3285 0.2895600000000722 0.3200400000001022 0
3286 0.2895600000000914 0.3276600000001039 0
3287 0.2895600000001106 0.3352800000000942 0
3288 0.2895600000001298 0.3429000000000836 0
3289 0.289560000000149 0.3505200000000854 0
3290 0.2895600000001683 0.3581400000000918 0
3291 0.2895600000001874 0.3657600000000858 0
3292 0.2895600000002068 0.373380000000075 0
3293 0.289560000000226 0.3810000000000642 0
3294 0.2895600000002452 0.3886200000000568 0
3295 0.2895600000002644 0.3962400000000604 0
3296 0.2895600000002836 0.4038600000000663 0
3297 0.2895600000003028 0.4114800000000721 0
3298 0.289560000000322 0.4191000000000779 0
3299 0.2895600000003412 0.4267200000000805 0
3300 0.2895600000003604 0.4343400000000719 0
3301 0.2895600000003797 0.4419600000000612 0
3302 0.2895600000003988 0.4495800000000504 0
3303 0.289560000000418 0.4572000000000399 0
3304 0.2895600000004374 0.4648200000000292 0
3305 0.2895600000004566 0.4724400000000196 0
3306 0.2895600000004757 0.4800600000000226 0
3307 0.289560000000495 0.4876800000000218 0
3308 0.2895600000005142 0.4953000000000246 0
3309 0.2895600000005334 0.5029200000000487 0
3310 0.2895600000005526 0.5105400000000589 0
3311 0.2895600000005718 0.5181600000000648 0
3312 0.289560000000591 0.5257800000000705 0
3313 0.2895600000006102 0.5334000000000763 0
3314 0.2895600000006295 0.541020000000082 0
3315 0.2895600000006486 0.5486400000000877 0
3316 0.2895600000006679 0.5562600000000935 0
3317 0.2895600000006871 0.5638800000000993 0
3318 0.2895600000007064 0.5715000000001053 0
3319 0.2895600000007255 0.5791200000001048 0
3320 0.2895600000007448 0.5867400000000815 0
3321 0.289560000000764 0.5943600000000544 0
3322 0.2895600000007831 0.6019800000000273 0
3323 0.2971799999992568 0.007619999999979503 0
3324 0.2971799999992769 0.01523999999995889 0
3325 0.2971799999992971 0.02285999999993789 0
3326 0.297179999999317 0.03047999999992061 0
3327 0.2971799999993373 0.0380999999999285 0
3328 0.2971799999993573 0.04571999999994464 0
3329 0.2971799999993774 0.05333999999996131 0
3330 0.2971799999993976 0.06095999999997705 0
3331 0.2971799999994176 0.06857999999999372 0
3332 0.2971799999994378 0.07620000000000926 0
3333 0.297179999999458 0.08382000000002185 0
3334 0.297179999999478 0.09144000000003447 0
3335 0.2971799999994981 0.09906000000004597 0
3336 0.2971799999995183 0.1066800000000551 0
3337 0.2971799999995383 0.1143000000000669 0
3338 0.2971799999995585 0.1219200000000754 0
3339 0.2971799999995787 0.1295400000000723 0
3340 0.2971799999995987 0.1371600000000693 0
3341 0.2971799999996188 0.1447800000000604 0
3342 0.2971799999996389 0.1524000000000509 0
3343 0.297179999999659 0.1600200000000415 0
3344 0.2971799999996791 0.1676400000000325 0
3345 0.2971799999996992 0.1752600000000294 0
3346 0.2971799999997194 0.1828800000000307 0
3347 0.2971799999997395 0.1905000000000415 0
3348 0.2971799999997596 0.1981200000000498 0
3349 0.2971799999997798 0.2057400000000582 0
3350 0.2971799999997998 0.2133600000000666 0
3351 0.29717999999982 0.2209800000000738 0
3352 0.2971799999998401 0.2286000000000745 0
3353 0.2971799999998602 0.2362200000000719 0
3354 0.2971799999998804 0.2438400000000636 0
3355 0.2971799999999004 0.2514600000000584 0
3356 0.2971799999999206 0.2590800000000648 0
3357 0.2971799999999405 0.2667000000000669 0
3358 0.2971799999999608 0.2743200000000575 0
3359 0.297179999999981 0.2819400000000491 0
3360 0.2971800000000011 0.289560000000053 0
3361 0.2971800000000211 0.2971800000000613 0
3362 0.2971800000000412 0.3048000000000695 0
3363 0.2971800000000613 0.3124200000000763 0
3364 0.2971800000000815 0.320040000000083 0
3365 0.2971800000001015 0.3276600000000853 0
3366 0.2971800000001217 0.335280000000076 0
3367 0.2971800000001418 0.3429000000000658 0
3368 0.2971800000001619 0.3505200000000678 0
3369 0.297180000000182 0.3581400000000742 0
3370 0.2971800000002021 0.3657600000000683 0
3371 0.2971800000002223 0.373380000000058 0
3372 0.2971800000002423 0.3810000000000479 0
3373 0.2971800000002625 0.3886200000000406 0
3374 0.2971800000002825 0.3962400000000451 0
3375 0.2971800000003028 0.4038600000000518 0
3376 0.2971800000003228 0.4114800000000585 0
3377 0.2971800000003429 0.419100000000065 0
3378 0.2971800000003631 0.4267200000000686 0
3379 0.2971800000003832 0.4343400000000603 0
3380 0.2971800000004033 0.4419600000000501 0
3381 0.2971800000004234 0.4495800000000398 0
3382 0.2971800000004435 0.4572000000000296 0
3383 0.2971800000004637 0.4648200000000192 0
3384 0.2971800000004837 0.4724400000000101 0
3385 0.2971800000005039 0.4800600000000131 0
3386 0.297180000000524 0.4876800000000127 0
3387 0.2971800000005441 0.4953000000000161 0
3388 0.2971800000005642 0.5029200000000407 0
3389 0.2971800000005843 0.5105400000000516 0
3390 0.2971800000006043 0.5181600000000581 0
3391 0.2971800000006244 0.5257800000000648 0
3392 0.2971800000006447 0.5334000000000714 0
3393 0.2971800000006647 0.5410200000000781 0
3394 0.2971800000006849 0.5486400000000847 0
3395 0.297180000000705 0.5562600000000912 0
3396 0.297180000000725 0.5638800000000977 0
3397 0.2971800000007452 0.5715000000001044 0
3398 0.2971800000007652 0.5791200000001047 0
3399 0.2971800000007854 0.5867400000000818 0
3400 0.2971800000008055 0.5943600000000543 0
3401 0.2971800000008256 0.6019800000000273 0
3402 0.3047999999992397 0.007619999999979643 0
3403 0.3047999999992606 0.01523999999995918 0
3404 0.3047999999992813 0.0228599999999383 0
3405 0.304799999999302 0.03047999999992102 0
3406 0.3047999999993227 0.03809999999992832 0
3407 0.3047999999993435 0.04571999999994376 0
3408 0.3047999999993642 0.05333999999995977 0
3409 0.304799999999385 0.0609599999999748 0
3410 0.3047999999994057 0.06857999999999077 0
3411 0.3047999999994265 0.07620000000000562 0
3412 0.3047999999994472 0.08382000000001737 0
3413 0.304799999999468 0.09144000000002922 0
3414 0.3047999999994886 0.09906000000003992 0
3415 0.3047999999995095 0.1066800000000482 0
3416 0.3047999999995302 0.1143000000000592 0
3417 0.3047999999995509 0.1219200000000669 0
3418 0.3047999999995717 0.1295400000000635 0
3419 0.3047999999995924 0.13716000000006 0
3420 0.3047999999996132 0.1447800000000507 0
3421 0.3047999999996339 0.1524000000000408 0
3422 0.3047999999996546 0.1600200000000309 0
3423 0.3047999999996754 0.1676400000000215 0
3424 0.3047999999996961 0.1752600000000181 0
3425 0.3047999999997169 0.182880000000019 0
3426 0.3047999999997377 0.1905000000000292 0
3427 0.3047999999997583 0.1981200000000367 0
3428 0.304799999999779 0.2057400000000441 0
3429 0.3047999999997998 0.2133600000000517 0
3430 0.3047999999998205 0.220980000000058 0
3431 0.3047999999998413 0.2286000000000583 0
3432 0.3047999999998621 0.2362200000000554 0
3433 0.3047999999998828 0.2438400000000467 0
3434 0.3047999999999035 0.251460000000041 0
3435 0.3047999999999242 0.2590800000000474 0
3436 0.3047999999999449 0.2667000000000495 0
3437 0.3047999999999657 0.2743200000000395 0
3438 0.3047999999999864 0.2819400000000307 0
3439 0.3048000000000072 0.2895600000000338 0
3440 0.3048000000000279 0.2971800000000411 0
3441 0.3048000000000486 0.3048000000000486 0
3442 0.3048000000000693 0.3124200000000561 0
3443 0.3048000000000902 0.3200400000000636 0
3444 0.3048000000001109 0.3276600000000667 0
3445 0.3048000000001316 0.3352800000000579 0
3446 0.3048000000001523 0.3429000000000481 0
3447 0.3048000000001732 0.3505200000000501 0
3448 0.3048000000001939 0.3581400000000565 0
3449 0.3048000000002146 0.3657600000000509 0
3450 0.3048000000002354 0.3733800000000411 0
3451 0.304800000000256 0.3810000000000312 0
3452 0.3048000000002769 0.3886200000000246 0
3453 0.3048000000002976 0.3962400000000299 0
3454 0.3048000000003183 0.4038600000000373 0
3455 0.3048000000003391 0.4114800000000448 0
3456 0.3048000000003598 0.4191000000000522 0
3457 0.3048000000003806 0.4267200000000564 0
3458 0.3048000000004012 0.4343400000000488 0
3459 0.304800000000422 0.4419600000000388 0
3460 0.3048000000004428 0.4495800000000288 0
3461 0.3048000000004634 0.4572000000000191 0
3462 0.3048000000004843 0.4648200000000091 0
3463 0.3048000000005049 0.4724400000000005 0
3464 0.3048000000005257 0.4800600000000036 0
3465 0.3048000000005465 0.4876800000000033 0
3466 0.3048000000005672 0.4953000000000075 0
3467 0.3048000000005879 0.5029200000000325 0
3468 0.3048000000006086 0.5105400000000443 0
3469 0.3048000000006293 0.5181600000000517 0
3470 0.3048000000006501 0.525780000000059 0
3471 0.3048000000006709 0.5334000000000666 0
3472 0.3048000000006917 0.5410200000000741 0
3473 0.3048000000007123 0.5486400000000815 0
3474 0.3048000000007332 0.5562600000000888 0
3475 0.3048000000007539 0.5638800000000963 0
3476 0.3048000000007746 0.5715000000001039 0
3477 0.3048000000007954 0.5791200000001048 0
3478 0.304800000000816 0.5867400000000818 0
3479 0.3048000000008368 0.5943600000000545 0
3480 0.3048000000008576 0.6019800000000273 0
3481 0.3124199999992693 0.007619999999979786 0
3482 0.3124199999992895 0.01523999999995946 0
3483 0.3124199999993097 0.02285999999993871 0
3484 0.3124199999993298 0.03047999999992142 0
3485 0.3124199999993501 0.03809999999992815 0
3486 0.3124199999993703 0.0457199999999429 0
3487 0.3124199999993905 0.05333999999995821 0
3488 0.3124199999994106 0.06095999999997254 0
3489 0.3124199999994306 0.06857999999998783 0
3490 0.3124199999994509 0.07620000000000196 0
3491 0.3124199999994711 0.08382000000001294 0
3492 0.3124199999994912 0.091440000000024 0
3493 0.3124199999995114 0.09906000000003387 0
3494 0.3124199999995315 0.1066800000000413 0
3495 0.3124199999995516 0.1143000000000514 0
3496 0.3124199999995719 0.1219200000000584 0
3497 0.3124199999995921 0.1295400000000546 0
3498 0.3124199999996122 0.1371600000000509 0
3499 0.3124199999996325 0.1447800000000411 0
3500 0.3124199999996525 0.1524000000000307 0
3501 0.3124199999996728 0.1600200000000204 0
3502 0.3124199999996931 0.1676400000000105 0
3503 0.3124199999997131 0.1752600000000068 0
3504 0.3124199999997334 0.1828800000000074 0
3505 0.3124199999997535 0.1905000000000169 0
3506 0.3124199999997737 0.1981200000000234 0
3507 0.3124199999997939 0.20574000000003 0
3508 0.3124199999998141 0.2133600000000367 0
3509 0.3124199999998343 0.2209800000000422 0
3510 0.3124199999998544 0.2286000000000421 0
3511 0.3124199999998746 0.236220000000039 0
3512 0.3124199999998948 0.2438400000000298 0
3513 0.3124199999999149 0.2514600000000238 0
3514 0.3124199999999351 0.2590800000000302 0
3515 0.3124199999999552 0.2667000000000319 0
3516 0.3124199999999754 0.2743200000000215 0
3517 0.3124199999999956 0.2819400000000122 0
3518 0.3124200000000158 0.2895600000000146 0
3519 0.3124200000000359 0.2971800000000211 0
3520 0.3124200000000562 0.3048000000000279 0
3521 0.3124200000000763 0.312420000000036 0
3522 0.3124200000000965 0.3200400000000443 0
3523 0.3124200000001166 0.327660000000048 0
3524 0.3124200000001368 0.3352800000000398 0
3525 0.312420000000157 0.3429000000000303 0
3526 0.3124200000001772 0.3505200000000326 0
3527 0.3124200000001974 0.3581400000000388 0
3528 0.3124200000002175 0.3657600000000336 0
3529 0.3124200000002377 0.3733800000000241 0
3530 0.3124200000002578 0.3810000000000146 0
3531 0.3124200000002781 0.3886200000000085 0
3532 0.3124200000002982 0.3962400000000146 0
3533 0.3124200000003184 0.4038600000000228 0
3534 0.3124200000003385 0.4114800000000312 0
3535 0.3124200000003587 0.4191000000000394 0
3536 0.312420000000379 0.4267200000000443 0
3537 0.312420000000399 0.4343400000000371 0
3538 0.3124200000004193 0.4419600000000277 0
3539 0.3124200000004395 0.4495800000000182 0
3540 0.3124200000004597 0.4572000000000088 0
3541 0.3124200000004799 0.4648199999999992 0
3542 0.3124200000005 0.4724399999999909 0
3543 0.3124200000005202 0.4800599999999942 0
3544 0.3124200000005403 0.4876799999999942 0
3545 0.3124200000005605 0.4952999999999991 0
3546 0.3124200000005807 0.5029200000000242 0
3547 0.3124200000006009 0.5105400000000366 0
3548 0.3124200000006211 0.5181600000000453 0
3549 0.3124200000006412 0.5257800000000534 0
3550 0.3124200000006613 0.5334000000000616 0
3551 0.3124200000006815 0.5410200000000701 0
3552 0.3124200000007017 0.5486400000000784 0
3553 0.312420000000722 0.5562600000000866 0
3554 0.3124200000007421 0.5638800000000945 0
3555 0.3124200000007624 0.571500000000103 0
3556 0.3124200000007826 0.5791200000001048 0
3557 0.3124200000008026 0.5867400000000818 0
3558 0.3124200000008228 0.5943600000000548 0
3559 0.312420000000843 0.6019800000000273 0
3560 0.3200399999993094 0.007619999999979925 0
3561 0.3200399999993288 0.01523999999995974 0
3562 0.3200399999993481 0.02285999999993912 0
3563 0.3200399999993674 0.03047999999992184 0
3564 0.3200399999993867 0.038099999999928 0
3565 0.320039999999406 0.04571999999994204 0
3566 0.3200399999994255 0.05333999999995666 0
3567 0.3200399999994447 0.06095999999997027 0
3568 0.3200399999994641 0.06857999999998488 0
3569 0.3200399999994834 0.0761999999999983 0
3570 0.3200399999995027 0.0838200000000085 0
3571 0.3200399999995222 0.09144000000001873 0
3572 0.3200399999995415 0.09906000000002782 0
3573 0.3200399999995609 0.1066800000000343 0
3574 0.3200399999995802 0.1143000000000437 0
3575 0.3200399999995996 0.12192000000005 0
3576 0.3200399999996187 0.1295400000000457 0
3577 0.3200399999996382 0.1371600000000417 0
3578 0.3200399999996575 0.1447800000000314 0
3579 0.3200399999996768 0.1524000000000206 0
3580 0.3200399999996962 0.1600200000000098 0
3581 0.3200399999997154 0.1676399999999995 0
3582 0.3200399999997349 0.1752599999999955 0
3583 0.3200399999997541 0.1828799999999958 0
3584 0.3200399999997736 0.1905000000000047 0
3585 0.3200399999997928 0.1981200000000102 0
3586 0.3200399999998123 0.2057400000000159 0
3587 0.3200399999998316 0.2133600000000217 0
3588 0.3200399999998509 0.2209800000000263 0
3589 0.3200399999998702 0.228600000000026 0
3590 0.3200399999998896 0.2362200000000226 0
3591 0.3200399999999088 0.2438400000000129 0
3592 0.3200399999999282 0.2514600000000067 0
3593 0.3200399999999475 0.2590800000000129 0
3594 0.3200399999999668 0.2667000000000145 0
3595 0.3200399999999862 0.2743200000000038 0
3596 0.3200400000000057 0.2819399999999938 0
3597 0.320040000000025 0.2895599999999954 0
3598 0.3200400000000442 0.297180000000001 0
3599 0.3200400000000636 0.3048000000000071 0
3600 0.3200400000000829 0.3124200000000158 0
3601 0.3200400000001022 0.320040000000025 0
3602 0.3200400000001216 0.3276600000000295 0
3603 0.320040000000141 0.3352800000000216 0
3604 0.3200400000001603 0.3429000000000125 0
3605 0.3200400000001796 0.3505200000000148 0
3606 0.3200400000001989 0.3581400000000212 0
3607 0.3200400000002183 0.3657600000000162 0
3608 0.3200400000002376 0.3733800000000072 0
3609 0.320040000000257 0.3809999999999981 0
3610 0.3200400000002763 0.3886199999999924 0
3611 0.3200400000002956 0.3962399999999993 0
3612 0.320040000000315 0.4038600000000083 0
3613 0.3200400000003343 0.4114800000000176 0
3614 0.3200400000003536 0.4191000000000266 0
3615 0.320040000000373 0.4267200000000323 0
3616 0.3200400000003923 0.4343400000000256 0
3617 0.3200400000004117 0.4419600000000165 0
3618 0.320040000000431 0.4495800000000073 0
3619 0.3200400000004503 0.4571999999999984 0
3620 0.3200400000004697 0.4648199999999893 0
3621 0.320040000000489 0.4724399999999813 0
3622 0.3200400000005084 0.4800599999999847 0
3623 0.3200400000005277 0.4876799999999849 0
3624 0.320040000000547 0.4952999999999907 0
3625 0.3200400000005664 0.5029200000000162 0
3626 0.3200400000005857 0.5105400000000295 0
3627 0.3200400000006051 0.5181600000000385 0
3628 0.3200400000006244 0.5257800000000479 0
3629 0.3200400000006437 0.5334000000000568 0
3630 0.3200400000006631 0.5410200000000661 0
3631 0.3200400000006825 0.5486400000000751 0
3632 0.3200400000007018 0.5562600000000841 0
3633 0.3200400000007211 0.5638800000000932 0
3634 0.3200400000007404 0.5715000000001026 0
3635 0.3200400000007598 0.5791200000001051 0
3636 0.3200400000007791 0.586740000000082 0
3637 0.3200400000007983 0.5943600000000546 0
3638 0.3200400000008177 0.6019800000000273 0
3639 0.3276599999993408 0.007619999999980067 0
3640 0.3276599999993595 0.01523999999996002 0
3641 0.327659999999378 0.02285999999993953 0
3642 0.3276599999993967 0.03047999999992224 0
3643 0.3276599999994153 0.03809999999992782 0
3644 0.3276599999994338 0.04571999999994118 0
3645 0.3276599999994525 0.0533399999999551 0
3646 0.3276599999994712 0.06095999999996801 0
3647 0.3276599999994898 0.06857999999998193 0
3648 0.3276599999995083 0.07619999999999463 0
3649 0.3276599999995269 0.08382000000000404 0
3650 0.3276599999995455 0.09144000000001351 0
3651 0.3276599999995643 0.09906000000002177 0
3652 0.3276599999995827 0.1066800000000274 0
3653 0.3276599999996014 0.1143000000000359 0
3654 0.32765999999962 0.1219200000000415 0
3655 0.3276599999996386 0.1295400000000368 0
3656 0.3276599999996573 0.1371600000000325 0
3657 0.3276599999996759 0.1447800000000218 0
3658 0.3276599999996945 0.1524000000000105 0
3659 0.3276599999997131 0.1600199999999992 0
3660 0.3276599999997316 0.1676399999999885 0
3661 0.3276599999997503 0.1752599999999842 0
3662 0.3276599999997689 0.1828799999999842 0
3663 0.3276599999997875 0.1904999999999923 0
3664 0.3276599999998061 0.1981199999999971 0
3665 0.3276599999998248 0.2057400000000018 0
3666 0.3276599999998433 0.2133600000000067 0
3667 0.327659999999862 0.2209800000000106 0
3668 0.3276599999998806 0.2286000000000098 0
3669 0.327659999999899 0.236220000000006 0
3670 0.3276599999999177 0.243839999999996 0
3671 0.3276599999999363 0.2514599999999893 0
3672 0.327659999999955 0.2590799999999955 0
3673 0.3276599999999736 0.2666999999999971 0
3674 0.3276599999999922 0.2743199999999858 0
3675 0.3276600000000109 0.2819399999999754 0
3676 0.3276600000000294 0.2895599999999762 0
3677 0.327660000000048 0.2971799999999809 0
3678 0.3276600000000667 0.3047999999999865 0
3679 0.3276600000000853 0.3124199999999956 0
3680 0.3276600000001039 0.3200400000000055 0
3681 0.3276600000001225 0.3276600000000108 0
3682 0.3276600000001412 0.3352800000000034 0
3683 0.3276600000001597 0.3428999999999947 0
3684 0.3276600000001784 0.3505199999999971 0
3685 0.3276600000001969 0.3581400000000035 0
3686 0.3276600000002156 0.3657599999999987 0
3687 0.3276600000002342 0.3733799999999902 0
3688 0.3276600000002527 0.3809999999999815 0
3689 0.3276600000002714 0.3886199999999764 0
3690 0.3276600000002901 0.3962399999999839 0
3691 0.3276600000003086 0.4038599999999939 0
3692 0.3276600000003272 0.4114800000000039 0
3693 0.3276600000003458 0.4191000000000139 0
3694 0.3276600000003644 0.4267200000000203 0
3695 0.3276600000003831 0.4343400000000139 0
3696 0.3276600000004016 0.4419600000000052 0
3697 0.3276600000004203 0.4495799999999966 0
3698 0.3276600000004388 0.457199999999988 0
3699 0.3276600000004575 0.4648199999999793 0
3700 0.3276600000004761 0.4724399999999717 0
3701 0.3276600000004947 0.4800599999999751 0
3702 0.3276600000005133 0.4876799999999756 0
3703 0.3276600000005319 0.4952999999999821 0
3704 0.3276600000005505 0.5029200000000081 0
3705 0.3276600000005691 0.510540000000022 0
3706 0.3276600000005878 0.5181600000000322 0
3707 0.3276600000006064 0.5257800000000421 0
3708 0.3276600000006249 0.5334000000000518 0
3709 0.3276600000006435 0.5410200000000621 0
3710 0.3276600000006622 0.548640000000072 0
3711 0.3276600000006809 0.5562600000000819 0
3712 0.3276600000006995 0.5638800000000919 0
3713 0.327660000000718 0.5715000000001017 0
3714 0.3276600000007365 0.5791200000001049 0
3715 0.3276600000007552 0.586740000000082 0
3716 0.3276600000007739 0.5943600000000547 0
3717 0.3276600000007925 0.6019800000000273 0
3718 0.335279999999349 0.007619999999980209 0
3719 0.3352799999993671 0.0152399999999603 0
3720 0.3352799999993853 0.02285999999993994 0
3721 0.3352799999994034 0.03047999999992266 0
3722 0.3352799999994216 0.03809999999992766 0
3723 0.33527999999944 0.0457199999999403 0
3724 0.3352799999994581 0.05333999999995355 0
3725 0.3352799999994762 0.06095999999996575 0
3726 0.3352799999994944 0.06857999999997899 0
3727 0.3352799999995125 0.07619999999999097 0
3728 0.3352799999995307 0.0838199999999996 0
3729 0.3352799999995489 0.09144000000000826 0
3730 0.3352799999995671 0.09906000000001569 0
3731 0.3352799999995852 0.1066800000000205 0
3732 0.3352799999996035 0.1143000000000282 0
3733 0.3352799999996216 0.121920000000033 0
3734 0.3352799999996397 0.1295400000000279 0
3735 0.3352799999996581 0.1371600000000233 0
3736 0.3352799999996762 0.1447800000000121 0
3737 0.3352799999996943 0.1524000000000004 0
3738 0.3352799999997125 0.1600199999999886 0
3739 0.3352799999997307 0.1676399999999775 0
3740 0.3352799999997489 0.1752599999999728 0
3741 0.335279999999767 0.1828799999999726 0
3742 0.3352799999997853 0.1904999999999801 0
3743 0.3352799999998035 0.1981199999999839 0
3744 0.3352799999998216 0.2057399999999878 0
3745 0.3352799999998398 0.2133599999999917 0
3746 0.3352799999998579 0.2209799999999948 0
3747 0.3352799999998762 0.2285999999999937 0
3748 0.3352799999998944 0.2362199999999896 0
3749 0.3352799999999124 0.243839999999979 0
3750 0.3352799999999307 0.2514599999999721 0
3751 0.3352799999999488 0.2590799999999782 0
3752 0.335279999999967 0.2666999999999795 0
3753 0.3352799999999852 0.2743199999999678 0
3754 0.3352800000000034 0.281939999999957 0
3755 0.3352800000000216 0.289559999999957 0
3756 0.3352800000000397 0.2971799999999608 0
3757 0.3352800000000579 0.3047999999999658 0
3758 0.335280000000076 0.3124199999999754 0
3759 0.3352800000000942 0.3200399999999862 0
3760 0.3352800000001124 0.3276599999999923 0
3761 0.3352800000001306 0.3352799999999852 0
3762 0.3352800000001488 0.3428999999999769 0
3763 0.3352800000001669 0.3505199999999795 0
3764 0.3352800000001852 0.3581399999999859 0
3765 0.3352800000002034 0.3657599999999814 0
3766 0.3352800000002216 0.3733799999999732 0
3767 0.3352800000002397 0.380999999999965 0
3768 0.3352800000002579 0.3886199999999602 0
3769 0.3352800000002761 0.3962399999999686 0
3770 0.3352800000002943 0.4038599999999795 0
3771 0.3352800000003124 0.4114799999999903 0
3772 0.3352800000003306 0.419100000000001 0
3773 0.3352800000003488 0.4267200000000083 0
3774 0.3352800000003669 0.4343400000000024 0
3775 0.335280000000385 0.4419599999999941 0
3776 0.3352800000004033 0.4495799999999858 0
3777 0.3352800000004215 0.4571999999999776 0
3778 0.3352800000004397 0.4648199999999694 0
3779 0.3352800000004579 0.4724399999999621 0
3780 0.335280000000476 0.4800599999999655 0
3781 0.3352800000004941 0.4876799999999665 0
3782 0.3352800000005123 0.4952999999999736 0
3783 0.3352800000005305 0.50292 0
3784 0.3352800000005488 0.510540000000015 0
3785 0.335280000000567 0.5181600000000257 0
3786 0.3352800000005852 0.5257800000000363 0
3787 0.3352800000006033 0.5334000000000471 0
3788 0.3352800000006215 0.5410200000000581 0
3789 0.3352800000006397 0.5486400000000686 0
3790 0.3352800000006578 0.5562600000000795 0
3791 0.335280000000676 0.5638800000000902 0
3792 0.3352800000006941 0.5715000000001011 0
3793 0.3352800000007124 0.579120000000105 0
3794 0.3352800000007305 0.5867400000000822 0
3795 0.3352800000007487 0.5943600000000547 0
3796 0.3352800000007668 0.6019800000000273 0
3797 0.3428999999993548 0.007619999999980352 0
3798 0.3428999999993725 0.01523999999996058 0
3799 0.3428999999993903 0.02285999999994034 0
3800 0.3428999999994081 0.03047999999992307 0
3801 0.3428999999994258 0.03809999999992749 0
3802 0.3428999999994437 0.04571999999993943 0
3803 0.3428999999994614 0.053339999999952 0
3804 0.3428999999994791 0.0609599999999635 0
3805 0.3428999999994969 0.06857999999997605 0
3806 0.3428999999995148 0.07619999999998731 0
3807 0.3428999999995325 0.08381999999999513 0
3808 0.3428999999995503 0.09144000000000302 0
3809 0.3428999999995682 0.09906000000000964 0
3810 0.3428999999995859 0.1066800000000135 0
3811 0.3428999999996036 0.1143000000000204 0
3812 0.3428999999996214 0.1219200000000245 0
3813 0.3428999999996393 0.129540000000019 0
3814 0.342899999999657 0.1371600000000142 0
3815 0.3428999999996748 0.1447800000000025 0
3816 0.3428999999996926 0.1523999999999903 0
3817 0.3428999999997103 0.1600199999999781 0
3818 0.3428999999997281 0.1676399999999665 0
3819 0.3428999999997459 0.1752599999999615 0
3820 0.3428999999997637 0.182879999999961 0
3821 0.3428999999997814 0.1904999999999678 0
3822 0.3428999999997993 0.1981199999999707 0
3823 0.342899999999817 0.2057399999999737 0
3824 0.3428999999998348 0.2133599999999767 0
3825 0.3428999999998525 0.2209799999999789 0
3826 0.3428999999998703 0.2285999999999775 0
3827 0.3428999999998882 0.2362199999999732 0
3828 0.3428999999999058 0.2438399999999621 0
3829 0.3428999999999237 0.2514599999999549 0
3830 0.3428999999999415 0.2590799999999609 0
3831 0.3428999999999592 0.2666999999999621 0
3832 0.342899999999977 0.2743199999999498 0
3833 0.3428999999999949 0.2819399999999387 0
3834 0.3429000000000125 0.2895599999999378 0
3835 0.3429000000000303 0.2971799999999407 0
3836 0.3429000000000481 0.3047999999999449 0
3837 0.3429000000000658 0.3124199999999553 0
3838 0.3429000000000837 0.3200399999999669 0
3839 0.3429000000001013 0.3276599999999736 0
3840 0.3429000000001192 0.335279999999967 0
3841 0.3429000000001371 0.3428999999999592 0
3842 0.3429000000001547 0.3505199999999618 0
3843 0.3429000000001726 0.3581399999999681 0
3844 0.3429000000001902 0.3657599999999641 0
3845 0.3429000000002081 0.3733799999999562 0
3846 0.3429000000002259 0.3809999999999484 0
3847 0.3429000000002437 0.3886199999999442 0
3848 0.3429000000002614 0.3962399999999533 0
3849 0.3429000000002791 0.403859999999965 0
3850 0.342900000000297 0.4114799999999766 0
3851 0.3429000000003147 0.4190999999999881 0
3852 0.3429000000003325 0.4267199999999963 0
3853 0.3429000000003502 0.4343399999999908 0
3854 0.342900000000368 0.4419599999999831 0
3855 0.3429000000003857 0.4495799999999751 0
3856 0.3429000000004035 0.4571999999999674 0
3857 0.3429000000004214 0.4648199999999594 0
3858 0.3429000000004391 0.4724399999999526 0
3859 0.342900000000457 0.4800599999999561 0
3860 0.3429000000004748 0.4876799999999571 0
3861 0.3429000000004926 0.4952999999999652 0
3862 0.3429000000005104 0.502919999999992 0
3863 0.3429000000005281 0.5105400000000074 0
3864 0.3429000000005459 0.518160000000019 0
3865 0.3429000000005636 0.5257800000000306 0
3866 0.3429000000005814 0.5334000000000422 0
3867 0.3429000000005991 0.5410200000000539 0
3868 0.3429000000006169 0.5486400000000656 0
3869 0.3429000000006346 0.5562600000000772 0
3870 0.3429000000006524 0.5638800000000889 0
3871 0.3429000000006702 0.5715000000001003 0
3872 0.342900000000688 0.5791200000001051 0
3873 0.3429000000007058 0.5867400000000822 0
3874 0.3429000000007236 0.5943600000000547 0
3875 0.3429000000007413 0.6019800000000275 0
3876 0.350519999999361 0.007619999999980495 0
3877 0.3505199999993786 0.01523999999996086 0
3878 0.3505199999993963 0.02285999999994075 0
3879 0.3505199999994139 0.03047999999992348 0
3880 0.3505199999994316 0.03809999999992733 0
3881 0.3505199999994493 0.04571999999993857 0
3882 0.350519999999467 0.05333999999995045 0
3883 0.3505199999994846 0.06095999999996124 0
3884 0.3505199999995023 0.06857999999997312 0
3885 0.35051999999952 0.07619999999998364 0
3886 0.3505199999995377 0.08381999999999067 0
3887 0.3505199999995554 0.09143999999999777 0
3888 0.3505199999995732 0.09906000000000359 0
3889 0.3505199999995907 0.1066800000000066 0
3890 0.3505199999996083 0.1143000000000127 0
3891 0.350519999999626 0.1219200000000161 0
3892 0.3505199999996437 0.1295400000000101 0
3893 0.3505199999996613 0.1371600000000049 0
3894 0.350519999999679 0.1447799999999929 0
3895 0.3505199999996967 0.1523999999999802 0
3896 0.3505199999997143 0.1600199999999675 0
3897 0.350519999999732 0.1676399999999554 0
3898 0.3505199999997496 0.1752599999999502 0
3899 0.3505199999997674 0.1828799999999494 0
3900 0.350519999999785 0.1904999999999555 0
3901 0.3505199999998028 0.1981199999999575 0
3902 0.3505199999998204 0.2057399999999596 0
3903 0.3505199999998381 0.2133599999999617 0
3904 0.3505199999998558 0.2209799999999632 0
3905 0.3505199999998734 0.2285999999999613 0
3906 0.3505199999998911 0.2362199999999568 0
3907 0.3505199999999088 0.2438399999999453 0
3908 0.3505199999999264 0.2514599999999376 0
3909 0.3505199999999442 0.2590799999999436 0
3910 0.3505199999999618 0.2666999999999446 0
3911 0.3505199999999794 0.274319999999932 0
3912 0.3505199999999971 0.2819399999999202 0
3913 0.3505200000000148 0.2895599999999185 0
3914 0.3505200000000323 0.2971799999999205 0
3915 0.3505200000000501 0.3047999999999243 0
3916 0.3505200000000679 0.3124199999999351 0
3917 0.3505200000000855 0.3200399999999476 0
3918 0.3505200000001032 0.327659999999955 0
3919 0.3505200000001208 0.3352799999999488 0
3920 0.3505200000001385 0.3428999999999415 0
3921 0.3505200000001562 0.3505199999999442 0
3922 0.3505200000001738 0.3581399999999506 0
3923 0.3505200000001916 0.3657599999999466 0
3924 0.3505200000002092 0.3733799999999392 0
3925 0.3505200000002268 0.3809999999999317 0
3926 0.3505200000002445 0.388619999999928 0
3927 0.3505200000002622 0.396239999999938 0
3928 0.3505200000002798 0.4038599999999505 0
3929 0.3505200000002974 0.411479999999963 0
3930 0.3505200000003152 0.4190999999999755 0
3931 0.3505200000003329 0.4267199999999841 0
3932 0.3505200000003505 0.4343399999999793 0
3933 0.3505200000003682 0.4419599999999718 0
3934 0.3505200000003859 0.4495799999999642 0
3935 0.3505200000004036 0.4571999999999569 0
3936 0.3505200000004211 0.4648199999999494 0
3937 0.3505200000004389 0.4724399999999429 0
3938 0.3505200000004565 0.4800599999999465 0
3939 0.3505200000004742 0.487679999999948 0
3940 0.3505200000004919 0.4952999999999567 0
3941 0.3505200000005095 0.5029199999999838 0
3942 0.3505200000005272 0.51054 0
3943 0.3505200000005448 0.5181600000000125 0
3944 0.3505200000005625 0.525780000000025 0
3945 0.3505200000005802 0.5334000000000374 0
3946 0.3505200000005979 0.5410200000000499 0
3947 0.3505200000006155 0.5486400000000624 0
3948 0.3505200000006332 0.5562600000000748 0
3949 0.3505200000006509 0.5638800000000872 0
3950 0.3505200000006685 0.5715000000001 0
3951 0.3505200000006863 0.579120000000105 0
3952 0.3505200000007039 0.5867400000000822 0
3953 0.3505200000007215 0.5943600000000547 0
3954 0.3505200000007392 0.6019800000000275 0
3955 0.3581399999993672 0.007619999999980634 0
3956 0.3581399999993849 0.01523999999996114 0
3957 0.3581399999994026 0.02285999999994116 0
3958 0.3581399999994203 0.03047999999992389 0
3959 0.358139999999438 0.03809999999992716 0
3960 0.3581399999994557 0.04571999999993771 0
3961 0.3581399999994733 0.0533399999999489 0
3962 0.3581399999994909 0.06095999999995898 0
3963 0.3581399999995087 0.06857999999997018 0
3964 0.3581399999995262 0.07619999999997998 0
3965 0.358139999999544 0.08381999999998624 0
3966 0.3581399999995617 0.09143999999999253 0
3967 0.3581399999995794 0.09905999999999751 0
3968 0.358139999999597 0.1066799999999996 0
3969 0.3581399999996147 0.114300000000005 0
3970 0.3581399999996324 0.1219200000000076 0
3971 0.3581399999996499 0.1295400000000013 0
3972 0.3581399999996677 0.1371599999999958 0
3973 0.3581399999996855 0.1447799999999833 0
3974 0.3581399999997031 0.1523999999999701 0
3975 0.3581399999997207 0.160019999999957 0
3976 0.3581399999997383 0.1676399999999444 0
3977 0.358139999999756 0.1752599999999389 0
3978 0.3581399999997738 0.1828799999999377 0
3979 0.3581399999997913 0.1904999999999432 0
3980 0.358139999999809 0.1981199999999443 0
3981 0.3581399999998268 0.2057399999999455 0
3982 0.3581399999998445 0.2133599999999468 0
3983 0.3581399999998621 0.2209799999999474 0
3984 0.3581399999998798 0.2285999999999452 0
3985 0.3581399999998974 0.2362199999999403 0
3986 0.3581399999999152 0.2438399999999284 0
3987 0.3581399999999328 0.2514599999999202 0
3988 0.3581399999999505 0.2590799999999263 0
3989 0.3581399999999682 0.2666999999999271 0
3990 0.3581399999999858 0.2743199999999141 0
3991 0.3581400000000036 0.2819399999999018 0
3992 0.3581400000000212 0.2895599999998992 0
3993 0.3581400000000388 0.2971799999999004 0
3994 0.3581400000000565 0.3047999999999035 0
3995 0.3581400000000741 0.3124199999999149 0
3996 0.3581400000000918 0.3200399999999282 0
3997 0.3581400000001096 0.3276599999999364 0
3998 0.3581400000001274 0.3352799999999306 0
3999 0.3581400000001448 0.3428999999999237 0
4000 0.3581400000001627 0.3505199999999264 0
4001 0.3581400000001801 0.3581399999999328 0
4002 0.358140000000198 0.3657599999999292 0
4003 0.3581400000002156 0.3733799999999222 0
4004 0.3581400000002333 0.3809999999999153 0
4005 0.3581400000002509 0.388619999999912 0
4006 0.3581400000002687 0.3962399999999227 0
4007 0.3581400000002863 0.403859999999936 0
4008 0.3581400000003039 0.4114799999999494 0
4009 0.3581400000003216 0.4190999999999626 0
4010 0.3581400000003392 0.4267199999999721 0
4011 0.3581400000003569 0.4343399999999676 0
4012 0.3581400000003747 0.4419599999999606 0
4013 0.3581400000003923 0.4495799999999536 0
4014 0.35814000000041 0.4571999999999465 0
4015 0.3581400000004276 0.4648199999999394 0
4016 0.3581400000004453 0.4724399999999334 0
4017 0.358140000000463 0.480059999999937 0
4018 0.3581400000004806 0.4876799999999387 0
4019 0.3581400000004984 0.4952999999999482 0
4020 0.358140000000516 0.5029199999999758 0
4021 0.3581400000005336 0.5105399999999928 0
4022 0.3581400000005514 0.5181600000000062 0
4023 0.358140000000569 0.5257800000000195 0
4024 0.3581400000005867 0.5334000000000325 0
4025 0.3581400000006044 0.5410200000000459 0
4026 0.3581400000006221 0.5486400000000594 0
4027 0.3581400000006396 0.5562600000000723 0
4028 0.3581400000006573 0.5638800000000856 0
4029 0.3581400000006751 0.571500000000099 0
4030 0.3581400000006927 0.579120000000105 0
4031 0.3581400000007104 0.5867400000000824 0
4032 0.3581400000007282 0.594360000000055 0
4033 0.3581400000007457 0.6019800000000275 0
4034 0.3657599999993733 0.007619999999980774 0
4035 0.3657599999993906 0.01523999999996142 0
4036 0.3657599999994079 0.02285999999994157 0
4037 0.3657599999994253 0.0304799999999243 0
4038 0.3657599999994428 0.03809999999992698 0
4039 0.3657599999994601 0.04571999999993683 0
4040 0.3657599999994775 0.05333999999994735 0
4041 0.3657599999994949 0.06095999999995673 0
4042 0.3657599999995121 0.06857999999996724 0
4043 0.3657599999995295 0.07619999999997631 0
4044 0.365759999999547 0.0838199999999818 0
4045 0.3657599999995643 0.09143999999998731 0
4046 0.3657599999995817 0.09905999999999146 0
4047 0.365759999999599 0.1066799999999927 0
4048 0.3657599999996164 0.1142999999999972 0
4049 0.3657599999996339 0.1219199999999991 0
4050 0.3657599999996513 0.1295399999999924 0
4051 0.3657599999996687 0.1371599999999866 0
4052 0.365759999999686 0.1447799999999736 0
4053 0.3657599999997034 0.15239999999996 0
4054 0.3657599999997208 0.1600199999999464 0
4055 0.3657599999997381 0.1676399999999334 0
4056 0.3657599999997554 0.1752599999999275 0
4057 0.3657599999997729 0.1828799999999261 0
4058 0.3657599999997902 0.1904999999999309 0
4059 0.3657599999998075 0.1981199999999312 0
4060 0.365759999999825 0.2057399999999314 0
4061 0.3657599999998424 0.2133599999999318 0
4062 0.3657599999998596 0.2209799999999316 0
4063 0.3657599999998772 0.228599999999929 0
4064 0.3657599999998945 0.2362199999999238 0
4065 0.3657599999999119 0.2438399999999115 0
4066 0.3657599999999294 0.2514599999999032 0
4067 0.3657599999999466 0.2590799999999089 0
4068 0.3657599999999641 0.2666999999999097 0
4069 0.3657599999999814 0.274319999999896 0
4070 0.3657599999999986 0.2819399999998833 0
4071 0.3657600000000162 0.2895599999998801 0
4072 0.3657600000000335 0.2971799999998804 0
4073 0.365760000000051 0.3047999999998828 0
4074 0.3657600000000683 0.3124199999998948 0
4075 0.3657600000000857 0.3200399999999088 0
4076 0.3657600000001031 0.3276599999999178 0
4077 0.3657600000001204 0.3352799999999125 0
4078 0.3657600000001378 0.3428999999999059 0
4079 0.3657600000001551 0.3505199999999088 0
4080 0.3657600000001726 0.3581399999999151 0
4081 0.3657600000001899 0.3657599999999119 0
4082 0.3657600000002074 0.3733799999999052 0
4083 0.3657600000002248 0.3809999999998986 0
4084 0.3657600000002421 0.3886199999998959 0
4085 0.3657600000002594 0.3962399999999074 0
4086 0.3657600000002768 0.4038599999999216 0
4087 0.3657600000002942 0.4114799999999357 0
4088 0.3657600000003116 0.41909999999995 0
4089 0.365760000000329 0.4267199999999602 0
4090 0.3657600000003463 0.4343399999999561 0
4091 0.3657600000003637 0.4419599999999494 0
4092 0.3657600000003811 0.4495799999999427 0
4093 0.3657600000003984 0.4571999999999363 0
4094 0.365760000000416 0.4648199999999295 0
4095 0.3657600000004332 0.4724399999999238 0
4096 0.3657600000004507 0.4800599999999275 0
4097 0.3657600000004679 0.4876799999999294 0
4098 0.3657600000004854 0.4952999999999397 0
4099 0.3657600000005027 0.5029199999999677 0
4100 0.3657600000005201 0.5105399999999854 0
4101 0.3657600000005375 0.5181599999999994 0
4102 0.3657600000005549 0.5257800000000137 0
4103 0.3657600000005723 0.533400000000028 0
4104 0.3657600000005897 0.5410200000000419 0
4105 0.365760000000607 0.5486400000000563 0
4106 0.3657600000006244 0.5562600000000701 0
4107 0.3657600000006417 0.5638800000000844 0
4108 0.3657600000006592 0.5715000000000986 0
4109 0.3657600000006767 0.5791200000001051 0
4110 0.3657600000006939 0.5867400000000826 0
4111 0.3657600000007113 0.5943600000000551 0
4112 0.3657600000007286 0.6019800000000275 0
4113 0.3733799999993791 0.007619999999980916 0
4114 0.3733799999993962 0.0152399999999617 0
4115 0.3733799999994129 0.02285999999994198 0
4116 0.3733799999994301 0.03047999999992471 0
4117 0.3733799999994469 0.0380999999999268 0
4118 0.3733799999994639 0.04571999999993596 0
4119 0.373379999999481 0.05333999999994579 0
4120 0.3733799999994977 0.06095999999995445 0
4121 0.3733799999995149 0.06857999999996428 0
4122 0.3733799999995318 0.07619999999997265 0
4123 0.3733799999995489 0.08381999999997736 0
4124 0.3733799999995657 0.09143999999998204 0
4125 0.3733799999995827 0.09905999999998541 0
4126 0.3733799999995998 0.1066799999999858 0
4127 0.3733799999996167 0.1142999999999895 0
4128 0.3733799999996337 0.1219199999999907 0
4129 0.3733799999996506 0.1295399999999835 0
4130 0.3733799999996676 0.1371599999999774 0
4131 0.3733799999996845 0.144779999999964 0
4132 0.3733799999997016 0.1523999999999499 0
4133 0.3733799999997185 0.1600199999999358 0
4134 0.3733799999997355 0.1676399999999224 0
4135 0.3733799999997524 0.1752599999999162 0
4136 0.3733799999997694 0.1828799999999145 0
4137 0.3733799999997864 0.1904999999999186 0
4138 0.3733799999998033 0.198119999999918 0
4139 0.3733799999998204 0.2057399999999174 0
4140 0.3733799999998374 0.2133599999999168 0
4141 0.3733799999998544 0.2209799999999158 0
4142 0.3733799999998714 0.2285999999999128 0
4143 0.3733799999998882 0.2362199999999073 0
4144 0.3733799999999052 0.2438399999998947 0
4145 0.3733799999999223 0.2514599999998859 0
4146 0.3733799999999392 0.2590799999998916 0
4147 0.3733799999999562 0.2666999999998922 0
4148 0.3733799999999732 0.2743199999998781 0
4149 0.3733799999999903 0.2819399999998649 0
4150 0.3733800000000072 0.2895599999998608 0
4151 0.3733800000000241 0.2971799999998601 0
4152 0.373380000000041 0.304799999999862 0
4153 0.373380000000058 0.3124199999998746 0
4154 0.373380000000075 0.3200399999998895 0
4155 0.373380000000092 0.3276599999998991 0
4156 0.3733800000001088 0.3352799999998944 0
4157 0.3733800000001259 0.3428999999998881 0
4158 0.3733800000001429 0.3505199999998911 0
4159 0.3733800000001599 0.3581399999998975 0
4160 0.3733800000001768 0.3657599999998946 0
4161 0.3733800000001939 0.3733799999998884 0
4162 0.3733800000002108 0.380999999999882 0
4163 0.3733800000002279 0.3886199999998798 0
4164 0.3733800000002447 0.3962399999998921 0
4165 0.3733800000002617 0.4038599999999071 0
4166 0.3733800000002787 0.4114799999999222 0
4167 0.3733800000002957 0.4190999999999371 0
4168 0.3733800000003127 0.426719999999948 0
4169 0.3733800000003296 0.4343399999999445 0
4170 0.3733800000003467 0.4419599999999382 0
4171 0.3733800000003635 0.4495799999999321 0
4172 0.3733800000003806 0.4571999999999259 0
4173 0.3733800000003975 0.4648199999999195 0
4174 0.3733800000004145 0.4724399999999142 0
4175 0.3733800000004315 0.480059999999918 0
4176 0.3733800000004484 0.4876799999999202 0
4177 0.3733800000004654 0.4952999999999311 0
4178 0.3733800000004823 0.5029199999999598 0
4179 0.3733800000004994 0.5105399999999781 0
4180 0.3733800000005162 0.518159999999993 0
4181 0.3733800000005334 0.5257800000000079 0
4182 0.3733800000005503 0.533400000000023 0
4183 0.3733800000005673 0.5410200000000379 0
4184 0.3733800000005842 0.5486400000000529 0
4185 0.3733800000006012 0.5562600000000678 0
4186 0.3733800000006182 0.5638800000000826 0
4187 0.3733800000006351 0.5715000000000977 0
4188 0.3733800000006522 0.579120000000105 0
4189 0.373380000000669 0.5867400000000826 0
4190 0.3733800000006861 0.5943600000000553 0
4191 0.373380000000703 0.6019800000000275 0
4192 0.3809999999993849 0.007619999999981059 0
4193 0.3809999999994014 0.01523999999996198 0
4194 0.3809999999994181 0.02285999999994239 0
4195 0.3809999999994347 0.03047999999992513 0
4196 0.3809999999994512 0.03809999999992663 0
4197 0.3809999999994679 0.0457199999999351 0
4198 0.3809999999994843 0.05333999999994425 0
4199 0.3809999999995011 0.06095999999995221 0
4200 0.3809999999995174 0.06857999999996134 0
4201 0.380999999999534 0.07619999999996899 0
4202 0.3809999999995507 0.08381999999997292 0
4203 0.3809999999995674 0.09143999999997682 0
4204 0.3809999999995837 0.09905999999997936 0
4205 0.3809999999996004 0.1066799999999788 0
4206 0.3809999999996168 0.1142999999999817 0
4207 0.3809999999996335 0.1219199999999822 0
4208 0.38099999999965 0.1295399999999746 0
4209 0.3809999999996666 0.1371599999999682 0
4210 0.3809999999996831 0.1447799999999543 0
4211 0.3809999999996997 0.1523999999999398 0
4212 0.3809999999997163 0.1600199999999252 0
4213 0.3809999999997328 0.1676399999999114 0
4214 0.3809999999997495 0.1752599999999049 0
4215 0.3809999999997661 0.1828799999999029 0
4216 0.3809999999997827 0.1904999999999064 0
4217 0.3809999999997992 0.1981199999999048 0
4218 0.3809999999998157 0.2057399999999033 0
4219 0.3809999999998324 0.2133599999999018 0
4220 0.380999999999849 0.2209799999999 0
4221 0.3809999999998656 0.2285999999998967 0
4222 0.3809999999998821 0.2362199999998909 0
4223 0.3809999999998986 0.2438399999998778 0
4224 0.3809999999999152 0.2514599999998687 0
4225 0.3809999999999318 0.2590799999998743 0
4226 0.3809999999999484 0.2666999999998747 0
4227 0.380999999999965 0.2743199999998602 0
4228 0.3809999999999814 0.2819399999998465 0
4229 0.380999999999998 0.2895599999998416 0
4230 0.3810000000000147 0.2971799999998401 0
4231 0.3810000000000312 0.3047999999998413 0
4232 0.3810000000000478 0.3124199999998544 0
4233 0.3810000000000643 0.3200399999998702 0
4234 0.3810000000000809 0.3276599999998806 0
4235 0.3810000000000976 0.3352799999998762 0
4236 0.381000000000114 0.3428999999998704 0
4237 0.3810000000001307 0.3505199999998733 0
4238 0.3810000000001472 0.3581399999998798 0
4239 0.3810000000001638 0.3657599999998771 0
4240 0.3810000000001804 0.3733799999998713 0
4241 0.381000000000197 0.3809999999998656 0
4242 0.3810000000002134 0.3886199999998638 0
4243 0.38100000000023 0.3962399999998768 0
4244 0.3810000000002466 0.4038599999998926 0
4245 0.3810000000002632 0.4114799999999084 0
4246 0.3810000000002798 0.4190999999999243 0
4247 0.3810000000002963 0.4267199999999359 0
4248 0.3810000000003129 0.4343399999999329 0
4249 0.3810000000003295 0.4419599999999271 0
4250 0.3810000000003461 0.4495799999999212 0
4251 0.3810000000003627 0.4571999999999155 0
4252 0.3810000000003793 0.4648199999999095 0
4253 0.3810000000003957 0.4724399999999046 0
4254 0.3810000000004124 0.4800599999999084 0
4255 0.3810000000004288 0.487679999999911 0
4256 0.3810000000004455 0.4952999999999227 0
4257 0.381000000000462 0.5029199999999515 0
4258 0.3810000000004786 0.5105399999999705 0
4259 0.3810000000004953 0.5181599999999866 0
4260 0.3810000000005118 0.5257800000000024 0
4261 0.3810000000005283 0.5334000000000181 0
4262 0.381000000000545 0.5410200000000339 0
4263 0.3810000000005614 0.5486400000000498 0
4264 0.381000000000578 0.5562600000000655 0
4265 0.3810000000005946 0.5638800000000813 0
4266 0.3810000000006111 0.5715000000000973 0
4267 0.3810000000006278 0.579120000000105 0
4268 0.3810000000006443 0.5867400000000828 0
4269 0.3810000000006608 0.5943600000000551 0
4270 0.3810000000006774 0.6019800000000277 0
4271 0.3886199999993972 0.007619999999981201 0
4272 0.3886199999994133 0.01523999999996226 0
4273 0.3886199999994294 0.0228599999999428 0
4274 0.3886199999994455 0.03047999999992553 0
4275 0.3886199999994616 0.03809999999992646 0
4276 0.3886199999994778 0.04571999999993424 0
4277 0.3886199999994938 0.0533399999999427 0
4278 0.3886199999995097 0.06095999999994994 0
4279 0.3886199999995259 0.06857999999995841 0
4280 0.3886199999995421 0.07619999999996535 0
4281 0.388619999999558 0.08381999999996845 0
4282 0.3886199999995741 0.09143999999997157 0
4283 0.3886199999995902 0.09905999999997328 0
4284 0.3886199999996063 0.1066799999999719 0
4285 0.3886199999996224 0.114299999999974 0
4286 0.3886199999996384 0.1219199999999737 0
4287 0.3886199999996546 0.1295399999999657 0
4288 0.3886199999996707 0.137159999999959 0
4289 0.3886199999996868 0.1447799999999448 0
4290 0.388619999999703 0.1523999999999297 0
4291 0.388619999999719 0.1600199999999147 0
4292 0.3886199999997351 0.1676399999999004 0
4293 0.3886199999997511 0.1752599999998936 0
4294 0.3886199999997672 0.1828799999998912 0
4295 0.3886199999997832 0.1904999999998941 0
4296 0.3886199999997995 0.1981199999998916 0
4297 0.3886199999998153 0.2057399999998892 0
4298 0.3886199999998315 0.2133599999998868 0
4299 0.3886199999998478 0.2209799999998842 0
4300 0.3886199999998637 0.2285999999998805 0
4301 0.3886199999998798 0.2362199999998745 0
4302 0.3886199999998959 0.2438399999998609 0
4303 0.388619999999912 0.2514599999998515 0
4304 0.388619999999928 0.2590799999998571 0
4305 0.3886199999999441 0.2666999999998572 0
4306 0.3886199999999602 0.2743199999998423 0
4307 0.3886199999999764 0.2819399999998281 0
4308 0.3886199999999925 0.2895599999998224 0
4309 0.3886200000000085 0.29717999999982 0
4310 0.3886200000000246 0.3047999999998206 0
4311 0.3886200000000407 0.3124199999998342 0
4312 0.3886200000000568 0.3200399999998509 0
4313 0.3886200000000729 0.327659999999862 0
4314 0.388620000000089 0.335279999999858 0
4315 0.388620000000105 0.3428999999998527 0
4316 0.388620000000121 0.3505199999998558 0
4317 0.3886200000001372 0.3581399999998622 0
4318 0.3886200000001533 0.3657599999998597 0
4319 0.3886200000001694 0.3733799999998544 0
4320 0.3886200000001854 0.3809999999998488 0
4321 0.3886200000002016 0.3886199999998476 0
4322 0.3886200000002177 0.3962399999998615 0
4323 0.3886200000002336 0.4038599999998782 0
4324 0.3886200000002498 0.4114799999998949 0
4325 0.388620000000266 0.4190999999999115 0
4326 0.388620000000282 0.426719999999924 0
4327 0.3886200000002979 0.4343399999999213 0
4328 0.3886200000003142 0.4419599999999159 0
4329 0.3886200000003303 0.4495799999999106 0
4330 0.3886200000003464 0.457199999999905 0
4331 0.3886200000003624 0.4648199999998994 0
4332 0.3886200000003785 0.4724399999998951 0
4333 0.3886200000003945 0.480059999999899 0
4334 0.3886200000004107 0.4876799999999017 0
4335 0.3886200000004267 0.4952999999999143 0
4336 0.3886200000004428 0.5029199999999434 0
4337 0.3886200000004589 0.5105399999999635 0
4338 0.388620000000475 0.5181599999999799 0
4339 0.3886200000004911 0.5257799999999966 0
4340 0.388620000000507 0.5334000000000132 0
4341 0.3886200000005233 0.5410200000000299 0
4342 0.3886200000005393 0.5486400000000464 0
4343 0.3886200000005555 0.556260000000063 0
4344 0.3886200000005715 0.56388000000008 0
4345 0.3886200000005876 0.5715000000000963 0
4346 0.3886200000006036 0.579120000000105 0
4347 0.3886200000006197 0.5867400000000826 0
4348 0.3886200000006359 0.5943600000000553 0
4349 0.3886200000006518 0.6019800000000277 0
4350 0.3962399999994329 0.007619999999981342 0
4351 0.3962399999994484 0.01523999999996254 0
4352 0.3962399999994637 0.02285999999994321 0
4353 0.3962399999994788 0.03047999999992595 0
4354 0.3962399999994942 0.0380999999999263 0
4355 0.3962399999995095 0.04571999999993338 0
4356 0.3962399999995249 0.05333999999994114 0
4357 0.3962399999995403 0.06095999999994768 0
4358 0.3962399999995556 0.06857999999995545 0
4359 0.3962399999995708 0.07619999999996169 0
4360 0.3962399999995861 0.08381999999996396 0
4361 0.3962399999996014 0.09143999999996631 0
4362 0.3962399999996167 0.09905999999996723 0
4363 0.3962399999996319 0.106679999999965 0
4364 0.3962399999996472 0.1142999999999662 0
4365 0.3962399999996626 0.1219199999999653 0
4366 0.3962399999996778 0.1295399999999569 0
4367 0.3962399999996932 0.1371599999999498 0
4368 0.3962399999997084 0.1447799999999351 0
4369 0.3962399999997237 0.1523999999999196 0
4370 0.3962399999997391 0.1600199999999041 0
4371 0.3962399999997545 0.1676399999998893 0
4372 0.3962399999997698 0.1752599999998823 0
4373 0.3962399999997851 0.1828799999998796 0
4374 0.3962399999998004 0.1904999999998818 0
4375 0.3962399999998156 0.1981199999998784 0
4376 0.3962399999998309 0.2057399999998752 0
4377 0.3962399999998462 0.2133599999998718 0
4378 0.3962399999998616 0.2209799999998684 0
4379 0.3962399999998768 0.2285999999998644 0
4380 0.396239999999892 0.236219999999858 0
4381 0.3962399999999073 0.2438399999998439 0
4382 0.3962399999999228 0.2514599999998341 0
4383 0.396239999999938 0.2590799999998398 0
4384 0.3962399999999534 0.2666999999998398 0
4385 0.3962399999999687 0.2743199999998244 0
4386 0.3962399999999839 0.2819399999998096 0
4387 0.3962399999999993 0.2895599999998032 0
4388 0.3962400000000145 0.2971799999997998 0
4389 0.3962400000000299 0.3047999999997998 0
4390 0.3962400000000452 0.312419999999814 0
4391 0.3962400000000604 0.3200399999998316 0
4392 0.3962400000000758 0.3276599999998433 0
4393 0.3962400000000911 0.3352799999998398 0
4394 0.3962400000001064 0.3428999999998349 0
4395 0.3962400000001216 0.3505199999998381 0
4396 0.3962400000001369 0.3581399999998445 0
4397 0.3962400000001522 0.3657599999998424 0
4398 0.3962400000001676 0.3733799999998374 0
4399 0.3962400000001829 0.3809999999998324 0
4400 0.3962400000001982 0.3886199999998317 0
4401 0.3962400000002134 0.3962399999998463 0
4402 0.3962400000002289 0.4038599999998637 0
4403 0.3962400000002442 0.4114799999998812 0
4404 0.3962400000002595 0.4190999999998987 0
4405 0.3962400000002747 0.426719999999912 0
4406 0.3962400000002899 0.4343399999999098 0
4407 0.3962400000003052 0.4419599999999047 0
4408 0.3962400000003207 0.4495799999998996 0
4409 0.3962400000003359 0.4571999999998948 0
4410 0.3962400000003512 0.4648199999998895 0
4411 0.3962400000003665 0.4724399999998854 0
4412 0.3962400000003818 0.4800599999998895 0
4413 0.3962400000003972 0.4876799999998926 0
4414 0.3962400000004125 0.4952999999999057 0
4415 0.3962400000004277 0.5029199999999354 0
4416 0.396240000000443 0.5105399999999559 0
4417 0.3962400000004584 0.5181599999999735 0
4418 0.3962400000004737 0.5257799999999911 0
4419 0.3962400000004889 0.5334000000000084 0
4420 0.3962400000005042 0.5410200000000259 0
4421 0.3962400000005195 0.5486400000000433 0
4422 0.3962400000005349 0.5562600000000608 0
4423 0.3962400000005502 0.5638800000000781 0
4424 0.3962400000005654 0.5715000000000958 0
4425 0.3962400000005808 0.579120000000105 0
4426 0.3962400000005961 0.5867400000000829 0
4427 0.3962400000006113 0.5943600000000552 0
4428 0.3962400000006266 0.6019800000000277 0
4429 0.4038599999994731 0.007619999999981482 0
4430 0.4038599999994875 0.01523999999996282 0
4431 0.4038599999995021 0.02285999999994362 0
4432 0.4038599999995166 0.03047999999992635 0
4433 0.403859999999531 0.03809999999992614 0
4434 0.4038599999995455 0.04571999999993248 0
4435 0.40385999999956 0.05333999999993959 0
4436 0.4038599999995744 0.06095999999994543 0
4437 0.4038599999995889 0.06857999999995253 0
4438 0.4038599999996034 0.07619999999995802 0
4439 0.4038599999996179 0.08381999999995952 0
4440 0.4038599999996323 0.09143999999996109 0
4441 0.4038599999996467 0.09905999999996117 0
4442 0.4038599999996612 0.106679999999958 0
4443 0.4038599999996757 0.1142999999999585 0
4444 0.4038599999996901 0.1219199999999567 0
4445 0.4038599999997046 0.129539999999948 0
4446 0.4038599999997191 0.1371599999999407 0
4447 0.4038599999997336 0.1447799999999254 0
4448 0.403859999999748 0.1523999999999095 0
4449 0.4038599999997625 0.1600199999998936 0
4450 0.4038599999997769 0.1676399999998783 0
4451 0.4038599999997913 0.175259999999871 0
4452 0.4038599999998058 0.182879999999868 0
4453 0.4038599999998204 0.1904999999998695 0
4454 0.4038599999998347 0.1981199999998652 0
4455 0.4038599999998491 0.2057399999998611 0
4456 0.4038599999998637 0.2133599999998568 0
4457 0.4038599999998783 0.2209799999998526 0
4458 0.4038599999998927 0.2285999999998482 0
4459 0.4038599999999071 0.2362199999998416 0
4460 0.4038599999999215 0.243839999999827 0
4461 0.403859999999936 0.2514599999998168 0
4462 0.4038599999999505 0.2590799999998225 0
4463 0.4038599999999651 0.2666999999998223 0
4464 0.4038599999999796 0.2743199999998064 0
4465 0.4038599999999939 0.2819399999997911 0
4466 0.4038600000000083 0.289559999999784 0
4467 0.4038600000000229 0.2971799999997798 0
4468 0.4038600000000373 0.3047999999997791 0
4469 0.4038600000000518 0.3124199999997939 0
4470 0.4038600000000663 0.3200399999998123 0
4471 0.4038600000000807 0.3276599999998248 0
4472 0.4038600000000951 0.3352799999998216 0
4473 0.4038600000001097 0.342899999999817 0
4474 0.4038600000001241 0.3505199999998205 0
4475 0.4038600000001387 0.3581399999998268 0
4476 0.4038600000001531 0.3657599999998251 0
4477 0.4038600000001675 0.3733799999998204 0
4478 0.403860000000182 0.3809999999998158 0
4479 0.4038600000001964 0.3886199999998154 0
4480 0.4038600000002109 0.3962399999998309 0
4481 0.4038600000002253 0.4038599999998493 0
4482 0.4038600000002397 0.4114799999998676 0
4483 0.4038600000002543 0.4190999999998859 0
4484 0.4038600000002688 0.4267199999999 0
4485 0.4038600000002832 0.4343399999998981 0
4486 0.4038600000002976 0.4419599999998936 0
4487 0.4038600000003122 0.4495799999998889 0
4488 0.4038600000003266 0.4571999999998843 0
4489 0.4038600000003412 0.4648199999998797 0
4490 0.4038600000003557 0.4724399999998758 0
4491 0.40386000000037 0.4800599999998799 0
4492 0.4038600000003845 0.4876799999998832 0
4493 0.403860000000399 0.4952999999998973 0
4494 0.4038600000004134 0.5029199999999274 0
4495 0.4038600000004279 0.5105399999999488 0
4496 0.4038600000004424 0.5181599999999668 0
4497 0.4038600000004569 0.5257799999999853 0
4498 0.4038600000004713 0.5334000000000035 0
4499 0.4038600000004857 0.5410200000000219 0
4500 0.4038600000005002 0.5486400000000402 0
4501 0.4038600000005148 0.5562600000000586 0
4502 0.4038600000005292 0.5638800000000769 0
4503 0.4038600000005437 0.5715000000000952 0
4504 0.4038600000005582 0.579120000000105 0
4505 0.4038600000005725 0.5867400000000831 0
4506 0.403860000000587 0.5943600000000552 0
4507 0.4038600000006015 0.6019800000000277 0
4508 0.4114799999995132 0.007619999999981625 0
4509 0.4114799999995268 0.0152399999999631 0
4510 0.4114799999995404 0.02285999999994403 0
4511 0.4114799999995541 0.03047999999992677 0
4512 0.4114799999995679 0.03809999999992597 0
4513 0.4114799999995813 0.04571999999993163 0
4514 0.4114799999995949 0.05333999999993805 0
4515 0.4114799999996087 0.06095999999994316 0
4516 0.4114799999996222 0.06857999999994958 0
4517 0.4114799999996359 0.07619999999995436 0
4518 0.4114799999996495 0.0838199999999551 0
4519 0.4114799999996631 0.09143999999995582 0
4520 0.4114799999996768 0.09905999999995511 0
4521 0.4114799999996905 0.1066799999999511 0
4522 0.4114799999997039 0.1142999999999507 0
4523 0.4114799999997176 0.1219199999999483 0
4524 0.4114799999997312 0.1295399999999391 0
4525 0.411479999999745 0.1371599999999315 0
4526 0.4114799999997585 0.1447799999999158 0
4527 0.4114799999997721 0.1523999999998994 0
4528 0.4114799999997859 0.160019999999883 0
4529 0.4114799999997994 0.1676399999998673 0
4530 0.4114799999998132 0.1752599999998597 0
4531 0.4114799999998267 0.1828799999998564 0
4532 0.4114799999998404 0.1904999999998572 0
4533 0.411479999999854 0.198119999999852 0
4534 0.4114799999998676 0.2057399999998469 0
4535 0.4114799999998813 0.2133599999998419 0
4536 0.4114799999998948 0.2209799999998368 0
4537 0.4114799999999085 0.2285999999998319 0
4538 0.411479999999922 0.2362199999998251 0
4539 0.4114799999999358 0.2438399999998102 0
4540 0.4114799999999493 0.2514599999997997 0
4541 0.411479999999963 0.2590799999998053 0
4542 0.4114799999999767 0.2666999999998048 0
4543 0.4114799999999902 0.2743199999997885 0
4544 0.4114800000000038 0.2819399999997728 0
4545 0.4114800000000177 0.2895599999997648 0
4546 0.4114800000000313 0.2971799999997596 0
4547 0.4114800000000448 0.3047999999997583 0
4548 0.4114800000000585 0.3124199999997737 0
4549 0.4114800000000721 0.3200399999997928 0
4550 0.4114800000000857 0.3276599999998062 0
4551 0.4114800000000993 0.3352799999998033 0
4552 0.4114800000001129 0.3428999999997993 0
4553 0.4114800000001265 0.3505199999998027 0
4554 0.4114800000001402 0.3581399999998091 0
4555 0.4114800000001538 0.3657599999998075 0
4556 0.4114800000001675 0.3733799999998035 0
4557 0.4114800000001811 0.3809999999997991 0
4558 0.4114800000001949 0.3886199999997995 0
4559 0.4114800000002084 0.3962399999998156 0
4560 0.411480000000222 0.4038599999998349 0
4561 0.4114800000002357 0.411479999999854 0
4562 0.4114800000002493 0.4190999999998731 0
4563 0.4114800000002628 0.4267199999998878 0
4564 0.4114800000002765 0.4343399999998866 0
4565 0.4114800000002901 0.4419599999998823 0
4566 0.4114800000003038 0.4495799999998781 0
4567 0.4114800000003174 0.4571999999998739 0
4568 0.4114800000003311 0.4648199999998697 0
4569 0.4114800000003447 0.4724399999998662 0
4570 0.4114800000003583 0.4800599999998705 0
4571 0.411480000000372 0.4876799999998739 0
4572 0.4114800000003856 0.4952999999998888 0
4573 0.4114800000003992 0.5029199999999191 0
4574 0.4114800000004129 0.5105399999999413 0
4575 0.4114800000004265 0.5181599999999604 0
4576 0.41148000000044 0.5257799999999795 0
4577 0.4114800000004537 0.5333999999999985 0
4578 0.4114800000004673 0.5410200000000176 0
4579 0.4114800000004811 0.5486400000000372 0
4580 0.4114800000004946 0.5562600000000562 0
4581 0.4114800000005083 0.5638800000000753 0
4582 0.411480000000522 0.5715000000000946 0
4583 0.4114800000005355 0.579120000000105 0
4584 0.4114800000005491 0.5867400000000831 0
4585 0.4114800000005627 0.5943600000000554 0
4586 0.4114800000005765 0.6019800000000277 0
4587 0.4190999999995533 0.007619999999981768 0
4588 0.4190999999995662 0.01523999999996338 0
4589 0.4190999999995788 0.02285999999994444 0
4590 0.4190999999995916 0.03047999999992718 0
4591 0.4190999999996044 0.0380999999999258 0
4592 0.4190999999996172 0.04571999999993077 0
4593 0.41909999999963 0.05333999999993649 0
4594 0.4190999999996429 0.06095999999994091 0
4595 0.4190999999996556 0.06857999999994664 0
4596 0.4190999999996685 0.0761999999999507 0
4597 0.4190999999996813 0.08381999999995064 0
4598 0.419099999999694 0.09143999999995062 0
4599 0.4190999999997067 0.09905999999994905 0
4600 0.4190999999997196 0.1066799999999442 0
4601 0.4190999999997324 0.114299999999943 0
4602 0.4190999999997452 0.1219199999999398 0
4603 0.419099999999758 0.1295399999999302 0
4604 0.4190999999997707 0.1371599999999223 0
4605 0.4190999999997836 0.1447799999999062 0
4606 0.4190999999997963 0.1523999999998893 0
4607 0.4190999999998091 0.1600199999998724 0
4608 0.4190999999998219 0.1676399999998563 0
4609 0.4190999999998347 0.1752599999998484 0
4610 0.4190999999998475 0.1828799999998448 0
4611 0.4190999999998605 0.1904999999998449 0
4612 0.4190999999998731 0.1981199999998389 0
4613 0.4190999999998859 0.2057399999998329 0
4614 0.4190999999998987 0.2133599999998269 0
4615 0.4190999999999117 0.220979999999821 0
4616 0.4190999999999242 0.2285999999998158 0
4617 0.4190999999999371 0.2362199999998087 0
4618 0.41909999999995 0.2438399999997933 0
4619 0.4190999999999626 0.2514599999997824 0
4620 0.4190999999999755 0.259079999999788 0
4621 0.4190999999999882 0.2666999999997873 0
4622 0.4191000000000011 0.2743199999997705 0
4623 0.4191000000000139 0.2819399999997543 0
4624 0.4191000000000267 0.2895599999997456 0
4625 0.4191000000000394 0.2971799999997396 0
4626 0.4191000000000523 0.3047999999997375 0
4627 0.419100000000065 0.3124199999997536 0
4628 0.4191000000000777 0.3200399999997735 0
4629 0.4191000000000905 0.3276599999997876 0
4630 0.4191000000001034 0.3352799999997852 0
4631 0.4191000000001162 0.3428999999997815 0
4632 0.4191000000001289 0.3505199999997851 0
4633 0.4191000000001418 0.3581399999997914 0
4634 0.4191000000001546 0.3657599999997902 0
4635 0.4191000000001674 0.3733799999997864 0
4636 0.4191000000001803 0.3809999999997827 0
4637 0.419100000000193 0.3886199999997832 0
4638 0.4191000000002058 0.3962399999998003 0
4639 0.4191000000002186 0.4038599999998203 0
4640 0.4191000000002313 0.4114799999998403 0
4641 0.4191000000002442 0.4190999999998603 0
4642 0.419100000000257 0.4267199999998758 0
4643 0.4191000000002697 0.434339999999875 0
4644 0.4191000000002826 0.4419599999998711 0
4645 0.4191000000002954 0.4495799999998675 0
4646 0.4191000000003082 0.4571999999998636 0
4647 0.419100000000321 0.4648199999998597 0
4648 0.4191000000003337 0.4724399999998566 0
4649 0.4191000000003466 0.4800599999998609 0
4650 0.4191000000003592 0.4876799999998648 0
4651 0.4191000000003721 0.4952999999998804 0
4652 0.4191000000003849 0.5029199999999112 0
4653 0.4191000000003976 0.5105399999999338 0
4654 0.4191000000004105 0.5181599999999538 0
4655 0.4191000000004232 0.5257799999999737 0
4656 0.4191000000004361 0.5333999999999938 0
4657 0.4191000000004489 0.5410200000000137 0
4658 0.4191000000004617 0.548640000000034 0
4659 0.4191000000004744 0.5562600000000537 0
4660 0.4191000000004872 0.5638800000000738 0
4661 0.4191000000005 0.5715000000000937 0
4662 0.4191000000005128 0.579120000000105 0
4663 0.4191000000005256 0.5867400000000831 0
4664 0.4191000000005384 0.5943600000000556 0
4665 0.4191000000005513 0.6019800000000277 0
4666 0.4267199999995869 0.007619999999981909 0
4667 0.426719999999599 0.01523999999996366 0
4668 0.426719999999611 0.02285999999994484 0
4669 0.4267199999996231 0.03047999999992759 0
4670 0.426719999999635 0.03809999999992563 0
4671 0.426719999999647 0.0457199999999299 0
4672 0.4267199999996591 0.05333999999993494 0
4673 0.4267199999996711 0.06095999999993865 0
4674 0.4267199999996832 0.0685799999999437 0
4675 0.4267199999996951 0.07619999999994703 0
4676 0.4267199999997074 0.0838199999999462 0
4677 0.4267199999997193 0.09143999999994537 0
4678 0.4267199999997314 0.099059999999943 0
4679 0.4267199999997434 0.1066799999999372 0
4680 0.4267199999997555 0.1142999999999352 0
4681 0.4267199999997674 0.1219199999999313 0
4682 0.4267199999997796 0.1295399999999213 0
4683 0.4267199999997916 0.1371599999999131 0
4684 0.4267199999998036 0.1447799999998966 0
4685 0.4267199999998157 0.1523999999998792 0
4686 0.4267199999998276 0.1600199999998618 0
4687 0.4267199999998397 0.1676399999998453 0
4688 0.4267199999998517 0.1752599999998371 0
4689 0.4267199999998638 0.1828799999998332 0
4690 0.426719999999876 0.1904999999998327 0
4691 0.4267199999998879 0.1981199999998257 0
4692 0.4267199999998998 0.2057399999998188 0
4693 0.4267199999999119 0.213359999999812 0
4694 0.4267199999999239 0.2209799999998052 0
4695 0.426719999999936 0.2285999999997996 0
4696 0.426719999999948 0.2362199999997922 0
4697 0.4267199999999602 0.2438399999997765 0
4698 0.4267199999999722 0.251459999999765 0
4699 0.4267199999999843 0.2590799999997707 0
4700 0.4267199999999962 0.2666999999997699 0
4701 0.4267200000000083 0.2743199999997526 0
4702 0.4267200000000204 0.2819399999997359 0
4703 0.4267200000000324 0.2895599999997264 0
4704 0.4267200000000444 0.2971799999997194 0
4705 0.4267200000000564 0.3047999999997169 0
4706 0.4267200000000685 0.3124199999997334 0
4707 0.4267200000000805 0.3200399999997542 0
4708 0.4267200000000925 0.3276599999997689 0
4709 0.4267200000001046 0.3352799999997672 0
4710 0.4267200000001166 0.3428999999997636 0
4711 0.4267200000001287 0.3505199999997675 0
4712 0.4267200000001407 0.3581399999997738 0
4713 0.4267200000001527 0.3657599999997729 0
4714 0.4267200000001648 0.3733799999997696 0
4715 0.4267200000001768 0.3809999999997661 0
4716 0.4267200000001889 0.3886199999997673 0
4717 0.4267200000002009 0.396239999999785 0
4718 0.4267200000002129 0.4038599999998059 0
4719 0.4267200000002249 0.4114799999998267 0
4720 0.4267200000002371 0.4190999999998476 0
4721 0.426720000000249 0.4267199999998638 0
4722 0.4267200000002611 0.4343399999998634 0
4723 0.426720000000273 0.4419599999998601 0
4724 0.4267200000002851 0.4495799999998566 0
4725 0.4267200000002973 0.4571999999998532 0
4726 0.4267200000003092 0.4648199999998498 0
4727 0.4267200000003212 0.4724399999998471 0
4728 0.4267200000003335 0.4800599999998515 0
4729 0.4267200000003454 0.4876799999998555 0
4730 0.4267200000003574 0.4952999999998717 0
4731 0.4267200000003694 0.502919999999903 0
4732 0.4267200000003813 0.5105399999999265 0
4733 0.4267200000003936 0.5181599999999473 0
4734 0.4267200000004056 0.5257799999999682 0
4735 0.4267200000004176 0.5333999999999888 0
4736 0.4267200000004295 0.5410200000000097 0
4737 0.4267200000004416 0.5486400000000307 0
4738 0.4267200000004538 0.5562600000000515 0
4739 0.4267200000004658 0.5638800000000723 0
4740 0.4267200000004778 0.5715000000000933 0
4741 0.4267200000004898 0.579120000000105 0
4742 0.4267200000005019 0.5867400000000831 0
4743 0.426720000000514 0.5943600000000556 0
4744 0.4267200000005259 0.6019800000000277 0
4745 0.4343399999995972 0.007619999999982051 0
4746 0.4343399999996087 0.01523999999996394 0
4747 0.4343399999996203 0.02285999999994525 0
4748 0.4343399999996318 0.030479999999928 0
4749 0.4343399999996435 0.03809999999992546 0
4750 0.434339999999655 0.04571999999992903 0
4751 0.4343399999996666 0.05333999999993339 0
4752 0.434339999999678 0.06095999999993638 0
4753 0.4343399999996898 0.06857999999994076 0
4754 0.4343399999997013 0.0761999999999434 0
4755 0.434339999999713 0.08381999999994171 0
4756 0.4343399999997245 0.09143999999994012 0
4757 0.434339999999736 0.09905999999993693 0
4758 0.4343399999997476 0.1066799999999303 0
4759 0.4343399999997593 0.1142999999999275 0
4760 0.4343399999997708 0.1219199999999228 0
4761 0.4343399999997823 0.1295399999999125 0
4762 0.4343399999997939 0.1371599999999039 0
4763 0.4343399999998055 0.1447799999998869 0
4764 0.434339999999817 0.1523999999998691 0
4765 0.4343399999998287 0.1600199999998513 0
4766 0.4343399999998402 0.1676399999998343 0
4767 0.4343399999998519 0.1752599999998257 0
4768 0.4343399999998634 0.1828799999998215 0
4769 0.4343399999998751 0.1904999999998204 0
4770 0.4343399999998866 0.1981199999998125 0
4771 0.4343399999998981 0.2057399999998047 0
4772 0.4343399999999097 0.213359999999797 0
4773 0.4343399999999213 0.2209799999997894 0
4774 0.4343399999999329 0.2285999999997835 0
4775 0.4343399999999444 0.2362199999997758 0
4776 0.4343399999999561 0.2438399999997596 0
4777 0.4343399999999678 0.251459999999748 0
4778 0.4343399999999792 0.2590799999997533 0
4779 0.4343399999999909 0.2666999999997525 0
4780 0.4343400000000024 0.2743199999997346 0
4781 0.434340000000014 0.2819399999997175 0
4782 0.4343400000000256 0.2895599999997072 0
4783 0.4343400000000371 0.2971799999996993 0
4784 0.4343400000000488 0.304799999999696 0
4785 0.4343400000000603 0.3124199999997131 0
4786 0.4343400000000719 0.3200399999997349 0
4787 0.4343400000000834 0.3276599999997503 0
4788 0.4343400000000951 0.3352799999997489 0
4789 0.4343400000001066 0.3428999999997458 0
4790 0.4343400000001183 0.3505199999997496 0
4791 0.4343400000001298 0.358139999999756 0
4792 0.4343400000001414 0.3657599999997556 0
4793 0.4343400000001529 0.3733799999997525 0
4794 0.4343400000001645 0.3809999999997495 0
4795 0.4343400000001763 0.3886199999997511 0
4796 0.4343400000001878 0.3962399999997697 0
4797 0.4343400000001993 0.4038599999997914 0
4798 0.4343400000002109 0.4114799999998131 0
4799 0.4343400000002224 0.4190999999998347 0
4800 0.434340000000234 0.4267199999998518 0
4801 0.4343400000002455 0.4343399999998518 0
4802 0.4343400000002574 0.4419599999998489 0
4803 0.4343400000002687 0.4495799999998458 0
4804 0.4343400000002804 0.4571999999998428 0
4805 0.4343400000002919 0.4648199999998397 0
4806 0.4343400000003035 0.4724399999998374 0
4807 0.4343400000003152 0.4800599999998419 0
4808 0.4343400000003267 0.4876799999998463 0
4809 0.4343400000003382 0.4952999999998633 0
4810 0.4343400000003499 0.502919999999895 0
4811 0.4343400000003614 0.5105399999999192 0
4812 0.434340000000373 0.5181599999999409 0
4813 0.4343400000003845 0.5257799999999626 0
4814 0.4343400000003962 0.5333999999999839 0
4815 0.4343400000004078 0.5410200000000057 0
4816 0.4343400000004194 0.5486400000000276 0
4817 0.434340000000431 0.5562600000000493 0
4818 0.4343400000004425 0.5638800000000707 0
4819 0.434340000000454 0.5715000000000924 0
4820 0.4343400000004656 0.579120000000105 0
4821 0.4343400000004773 0.5867400000000833 0
4822 0.4343400000004888 0.5943600000000556 0
4823 0.4343400000005004 0.6019800000000277 0
4824 0.441959999999603 0.007619999999982191 0
4825 0.4419599999996141 0.01523999999996422 0
4826 0.4419599999996253 0.02285999999994566 0
4827 0.4419599999996364 0.0304799999999284 0
4828 0.4419599999996476 0.0380999999999253 0
4829 0.4419599999996589 0.04571999999992816 0
4830 0.44195999999967 0.05333999999993183 0
4831 0.4419599999996812 0.06095999999993413 0
4832 0.4419599999996924 0.06857999999993779 0
4833 0.4419599999997036 0.07619999999993973 0
4834 0.4419599999997149 0.08381999999993728 0
4835 0.4419599999997258 0.09143999999993487 0
4836 0.4419599999997371 0.09905999999993088 0
4837 0.4419599999997482 0.1066799999999234 0
4838 0.4419599999997595 0.1142999999999198 0
4839 0.4419599999997706 0.1219199999999144 0
4840 0.4419599999997818 0.1295399999999036 0
4841 0.4419599999997931 0.1371599999998947 0
4842 0.4419599999998041 0.1447799999998773 0
4843 0.4419599999998153 0.152399999999859 0
4844 0.4419599999998264 0.1600199999998407 0
4845 0.4419599999998376 0.1676399999998233 0
4846 0.4419599999998489 0.1752599999998144 0
4847 0.4419599999998599 0.18287999999981 0
4848 0.4419599999998712 0.1904999999998081 0
4849 0.4419599999998823 0.1981199999997993 0
4850 0.4419599999998935 0.2057399999997907 0
4851 0.4419599999999048 0.213359999999782 0
4852 0.4419599999999159 0.2209799999997736 0
4853 0.4419599999999271 0.2285999999997673 0
4854 0.4419599999999383 0.2362199999997593 0
4855 0.4419599999999494 0.2438399999997425 0
4856 0.4419599999999607 0.2514599999997306 0
4857 0.4419599999999718 0.259079999999736 0
4858 0.441959999999983 0.2666999999997349 0
4859 0.4419599999999942 0.2743199999997167 0
4860 0.4419600000000053 0.281939999999699 0
4861 0.4419600000000166 0.2895599999996878 0
4862 0.4419600000000278 0.2971799999996792 0
4863 0.4419600000000388 0.3047999999996753 0
4864 0.4419600000000501 0.312419999999693 0
4865 0.4419600000000612 0.3200399999997154 0
4866 0.4419600000000724 0.3276599999997317 0
4867 0.4419600000000835 0.3352799999997307 0
4868 0.4419600000000948 0.3428999999997281 0
4869 0.441960000000106 0.3505199999997322 0
4870 0.441960000000117 0.3581399999997384 0
4871 0.4419600000001283 0.365759999999738 0
4872 0.4419600000001394 0.3733799999997356 0
4873 0.4419600000001505 0.3809999999997329 0
4874 0.4419600000001618 0.3886199999997351 0
4875 0.4419600000001729 0.3962399999997543 0
4876 0.4419600000001841 0.403859999999777 0
4877 0.4419600000001953 0.4114799999997993 0
4878 0.4419600000002064 0.4190999999998218 0
4879 0.4419600000002178 0.4267199999998397 0
4880 0.4419600000002289 0.4343399999998404 0
4881 0.44196000000024 0.4419599999998376 0
4882 0.4419600000002512 0.4495799999998351 0
4883 0.4419600000002624 0.4571999999998324 0
4884 0.4419600000002736 0.4648199999998298 0
4885 0.4419600000002847 0.4724399999998278 0
4886 0.4419600000002959 0.4800599999998324 0
4887 0.4419600000003071 0.487679999999837 0
4888 0.4419600000003184 0.4952999999998548 0
4889 0.4419600000003295 0.502919999999887 0
4890 0.4419600000003406 0.510539999999912 0
4891 0.4419600000003519 0.5181599999999342 0
4892 0.441960000000363 0.5257799999999568 0
4893 0.4419600000003743 0.5333999999999793 0
4894 0.4419600000003854 0.5410200000000017 0
4895 0.4419600000003965 0.5486400000000242 0
4896 0.4419600000004077 0.5562600000000468 0
4897 0.441960000000419 0.5638800000000692 0
4898 0.44196000000043 0.5715000000000919 0
4899 0.4419600000004412 0.579120000000105 0
4900 0.4419600000004525 0.5867400000000835 0
4901 0.4419600000004636 0.5943600000000556 0
4902 0.4419600000004748 0.6019800000000277 0
4903 0.4495799999996087 0.007619999999982334 0
4904 0.4495799999996196 0.0152399999999645 0
4905 0.4495799999996303 0.02285999999994607 0
4906 0.449579999999641 0.03047999999992881 0
4907 0.4495799999996518 0.03809999999992513 0
4908 0.4495799999996626 0.0457199999999273 0
4909 0.4495799999996734 0.05333999999993029 0
4910 0.4495799999996842 0.06095999999993186 0
4911 0.4495799999996951 0.06857999999993483 0
4912 0.4495799999997058 0.07619999999993607 0
4913 0.4495799999997164 0.08381999999993282 0
4914 0.4495799999997274 0.09143999999992962 0
4915 0.4495799999997381 0.09905999999992482 0
4916 0.4495799999997489 0.1066799999999164 0
4917 0.4495799999997595 0.114299999999912 0
4918 0.4495799999997704 0.1219199999999059 0
4919 0.4495799999997812 0.1295399999998947 0
4920 0.4495799999997918 0.1371599999998856 0
4921 0.4495799999998027 0.1447799999998676 0
4922 0.4495799999998135 0.1523999999998489 0
4923 0.4495799999998243 0.1600199999998302 0
4924 0.449579999999835 0.1676399999998123 0
4925 0.4495799999998457 0.1752599999998031 0
4926 0.4495799999998565 0.1828799999997983 0
4927 0.4495799999998674 0.1904999999997958 0
4928 0.4495799999998781 0.1981199999997861 0
4929 0.4495799999998888 0.2057399999997766 0
4930 0.4495799999998997 0.213359999999767 0
4931 0.4495799999999105 0.2209799999997578 0
4932 0.4495799999999213 0.2285999999997511 0
4933 0.449579999999932 0.2362199999997428 0
4934 0.4495799999999427 0.2438399999997257 0
4935 0.4495799999999535 0.2514599999997134 0
4936 0.4495799999999643 0.2590799999997186 0
4937 0.4495799999999751 0.2666999999997175 0
4938 0.4495799999999858 0.2743199999996988 0
4939 0.4495799999999966 0.2819399999996806 0
4940 0.4495800000000074 0.2895599999996687 0
4941 0.4495800000000182 0.297179999999659 0
4942 0.449580000000029 0.3047999999996546 0
4943 0.4495800000000397 0.3124199999996727 0
4944 0.4495800000000505 0.3200399999996961 0
4945 0.4495800000000613 0.3276599999997131 0
4946 0.449580000000072 0.3352799999997125 0
4947 0.4495800000000828 0.3428999999997103 0
4948 0.4495800000000937 0.3505199999997144 0
4949 0.4495800000001043 0.3581399999997207 0
4950 0.4495800000001151 0.3657599999997207 0
4951 0.4495800000001259 0.3733799999997186 0
4952 0.4495800000001368 0.3809999999997163 0
4953 0.4495800000001475 0.3886199999997191 0
4954 0.4495800000001583 0.396239999999739 0
4955 0.449580000000169 0.4038599999997626 0
4956 0.4495800000001797 0.4114799999997859 0
4957 0.4495800000001905 0.4190999999998092 0
4958 0.4495800000002014 0.4267199999998276 0
4959 0.449580000000212 0.4343399999998288 0
4960 0.449580000000223 0.4419599999998265 0
4961 0.4495800000002336 0.4495799999998241 0
4962 0.4495800000002445 0.4571999999998221 0
4963 0.4495800000002552 0.4648199999998197 0
4964 0.449580000000266 0.4724399999998182 0
4965 0.4495800000002768 0.4800599999998229 0
4966 0.4495800000002875 0.4876799999998277 0
4967 0.4495800000002982 0.4952999999998463 0
4968 0.4495800000003091 0.5029199999998788 0
4969 0.4495800000003198 0.5105399999999044 0
4970 0.4495800000003306 0.5181599999999278 0
4971 0.4495800000003414 0.5257799999999511 0
4972 0.4495800000003521 0.5333999999999746 0
4973 0.449580000000363 0.5410199999999976 0
4974 0.4495800000003737 0.5486400000000211 0
4975 0.4495800000003846 0.5562600000000444 0
4976 0.4495800000003953 0.563880000000068 0
4977 0.4495800000004061 0.571500000000091 0
4978 0.4495800000004168 0.579120000000105 0
4979 0.4495800000004276 0.5867400000000835 0
4980 0.4495800000004384 0.5943600000000556 0
4981 0.4495800000004492 0.6019800000000279 0
4982 0.4571999999996146 0.007619999999982475 0
4983 0.4571999999996251 0.01523999999996478 0
4984 0.4571999999996354 0.02285999999994648 0
4985 0.4571999999996458 0.03047999999992923 0
4986 0.4571999999996562 0.03809999999992496 0
4987 0.4571999999996665 0.04571999999992644 0
4988 0.4571999999996768 0.05333999999992874 0
4989 0.4571999999996873 0.06095999999992961 0
4990 0.4571999999996976 0.0685799999999319 0
4991 0.4571999999997081 0.07619999999993241 0
4992 0.4571999999997183 0.0838199999999284 0
4993 0.4571999999997287 0.09143999999992442 0
4994 0.4571999999997391 0.09905999999991875 0
4995 0.4571999999997495 0.1066799999999095 0
4996 0.4571999999997599 0.1142999999999043 0
4997 0.4571999999997702 0.1219199999998974 0
4998 0.4571999999997807 0.1295399999998858 0
4999 0.4571999999997909 0.1371599999998764 0
5000 0.4571999999998014 0.144779999999858 0
5001 0.4571999999998117 0.1523999999998388 0
5002 0.4571999999998221 0.1600199999998196 0
5003 0.4571999999998324 0.1676399999998013 0
5004 0.457199999999843 0.1752599999997918 0
5005 0.4571999999998532 0.1828799999997867 0
5006 0.4571999999998636 0.1904999999997835 0
5007 0.457199999999874 0.198119999999773 0
5008 0.4571999999998844 0.2057399999997624 0
5009 0.4571999999998947 0.213359999999752 0
5010 0.4571999999999051 0.220979999999742 0
5011 0.4571999999999155 0.228599999999735 0
5012 0.4571999999999259 0.2362199999997264 0
5013 0.4571999999999362 0.2438399999997088 0
5014 0.4571999999999465 0.2514599999996963 0
5015 0.457199999999957 0.2590799999997014 0
5016 0.4571999999999674 0.2666999999997 0
5017 0.4571999999999776 0.2743199999996809 0
5018 0.4571999999999879 0.2819399999996621 0
5019 0.4571999999999984 0.2895599999996494 0
5020 0.4572000000000087 0.297179999999639 0
5021 0.4572000000000192 0.3047999999996338 0
5022 0.4572000000000295 0.3124199999996526 0
5023 0.4572000000000399 0.3200399999996768 0
5024 0.4572000000000503 0.3276599999996945 0
5025 0.4572000000000606 0.3352799999996943 0
5026 0.4572000000000711 0.3428999999996925 0
5027 0.4572000000000814 0.3505199999996968 0
5028 0.4572000000000918 0.358139999999703 0
5029 0.4572000000001021 0.3657599999997033 0
5030 0.4572000000001125 0.3733799999997016 0
5031 0.4572000000001228 0.3809999999996998 0
5032 0.4572000000001333 0.3886199999997029 0
5033 0.4572000000001436 0.3962399999997238 0
5034 0.457200000000154 0.403859999999748 0
5035 0.4572000000001643 0.4114799999997721 0
5036 0.4572000000001747 0.4190999999997964 0
5037 0.4572000000001851 0.4267199999998156 0
5038 0.4572000000001954 0.4343399999998172 0
5039 0.4572000000002058 0.4419599999998152 0
5040 0.4572000000002163 0.4495799999998135 0
5041 0.4572000000002265 0.4571999999998117 0
5042 0.4572000000002369 0.4648199999998098 0
5043 0.4572000000002471 0.4724399999998087 0
5044 0.4572000000002576 0.4800599999998134 0
5045 0.4572000000002679 0.4876799999998185 0
5046 0.4572000000002785 0.4952999999998379 0
5047 0.4572000000002888 0.5029199999998708 0
5048 0.4572000000002991 0.5105399999998973 0
5049 0.4572000000003095 0.5181599999999214 0
5050 0.4572000000003199 0.5257799999999453 0
5051 0.4572000000003302 0.5333999999999697 0
5052 0.4572000000003406 0.5410199999999937 0
5053 0.4572000000003509 0.548640000000018 0
5054 0.4572000000003613 0.5562600000000422 0
5055 0.4572000000003718 0.5638800000000662 0
5056 0.4572000000003821 0.5715000000000906 0
5057 0.4572000000003925 0.579120000000105 0
5058 0.4572000000004027 0.5867400000000835 0
5059 0.4572000000004132 0.5943600000000556 0
5060 0.4572000000004235 0.6019800000000279 0
5061 0.4648199999996205 0.007619999999982617 0
5062 0.4648199999996304 0.01523999999996506 0
5063 0.4648199999996403 0.0228599999999469 0
5064 0.4648199999996503 0.03047999999992964 0
5065 0.4648199999996603 0.03809999999992479 0
5066 0.4648199999996703 0.04571999999992555 0
5067 0.4648199999996803 0.05333999999992718 0
5068 0.4648199999996903 0.06095999999992734 0
5069 0.4648199999997003 0.06857999999992896 0
5070 0.4648199999997102 0.07619999999992874 0
5071 0.4648199999997202 0.08381999999992394 0
5072 0.4648199999997302 0.09143999999991917 0
5073 0.4648199999997402 0.0990599999999127 0
5074 0.4648199999997501 0.1066799999999025 0
5075 0.4648199999997601 0.1142999999998965 0
5076 0.46481999999977 0.1219199999998889 0
5077 0.46481999999978 0.1295399999998769 0
5078 0.4648199999997901 0.1371599999998672 0
5079 0.4648199999997998 0.1447799999998484 0
5080 0.4648199999998098 0.1523999999998287 0
5081 0.4648199999998198 0.160019999999809 0
5082 0.4648199999998298 0.1676399999997902 0
5083 0.4648199999998398 0.1752599999997804 0
5084 0.4648199999998497 0.1828799999997751 0
5085 0.4648199999998597 0.1904999999997712 0
5086 0.4648199999998696 0.1981199999997598 0
5087 0.4648199999998796 0.2057399999997483 0
5088 0.4648199999998897 0.213359999999737 0
5089 0.4648199999998996 0.2209799999997263 0
5090 0.4648199999999096 0.2285999999997188 0
5091 0.4648199999999195 0.2362199999997099 0
5092 0.4648199999999295 0.2438399999996919 0
5093 0.4648199999999395 0.2514599999996789 0
5094 0.4648199999999495 0.2590799999996841 0
5095 0.4648199999999594 0.2666999999996826 0
5096 0.4648199999999694 0.2743199999996629 0
5097 0.4648199999999794 0.2819399999996438 0
5098 0.4648199999999893 0.2895599999996303 0
5099 0.4648199999999993 0.2971799999996188 0
5100 0.4648200000000091 0.3047999999996132 0
5101 0.4648200000000192 0.3124199999996325 0
5102 0.4648200000000292 0.3200399999996575 0
5103 0.4648200000000391 0.3276599999996759 0
5104 0.4648200000000491 0.3352799999996761 0
5105 0.4648200000000591 0.3428999999996747 0
5106 0.4648200000000691 0.350519999999679 0
5107 0.4648200000000789 0.3581399999996854 0
5108 0.4648200000000889 0.365759999999686 0
5109 0.464820000000099 0.3733799999996846 0
5110 0.4648200000001089 0.3809999999996833 0
5111 0.4648200000001188 0.3886199999996868 0
5112 0.4648200000001288 0.3962399999997085 0
5113 0.4648200000001388 0.4038599999997336 0
5114 0.4648200000001488 0.4114799999997585 0
5115 0.4648200000001587 0.4190999999997835 0
5116 0.4648200000001689 0.4267199999998036 0
5117 0.4648200000001785 0.4343399999998055 0
5118 0.4648200000001886 0.4419599999998041 0
5119 0.4648200000001985 0.4495799999998027 0
5120 0.4648200000002085 0.4571999999998013 0
5121 0.4648200000002185 0.4648199999997998 0
5122 0.4648200000002286 0.4724399999997991 0
5123 0.4648200000002385 0.4800599999998039 0
5124 0.4648200000002484 0.4876799999998093 0
5125 0.4648200000002582 0.4952999999998293 0
5126 0.4648200000002683 0.5029199999998626 0
5127 0.4648200000002783 0.5105399999998897 0
5128 0.4648200000002883 0.5181599999999147 0
5129 0.4648200000002983 0.5257799999999397 0
5130 0.4648200000003083 0.5333999999999648 0
5131 0.4648200000003182 0.5410199999999896 0
5132 0.4648200000003282 0.548640000000015 0
5133 0.4648200000003382 0.5562600000000399 0
5134 0.4648200000003481 0.5638800000000649 0
5135 0.4648200000003581 0.5715000000000897 0
5136 0.464820000000368 0.579120000000105 0
5137 0.464820000000378 0.5867400000000838 0
5138 0.464820000000388 0.5943600000000558 0
5139 0.464820000000398 0.6019800000000279 0
5140 0.4724399999996264 0.007619999999982759 0
5141 0.472439999999636 0.01523999999996534 0
5142 0.4724399999996456 0.0228599999999473 0
5143 0.4724399999996552 0.03047999999993006 0
5144 0.4724399999996648 0.03809999999992462 0
5145 0.4724399999996743 0.04571999999992469 0
5146 0.472439999999684 0.05333999999992563 0
5147 0.4724399999996935 0.06095999999992509 0
5148 0.4724399999997032 0.06857999999992602 0
5149 0.4724399999997129 0.07619999999992508 0
5150 0.4724399999997224 0.08381999999991947 0
5151 0.4724399999997321 0.09143999999991392 0
5152 0.4724399999997416 0.09905999999990663 0
5153 0.4724399999997511 0.1066799999998956 0
5154 0.4724399999997607 0.1142999999998888 0
5155 0.4724399999997703 0.1219199999998805 0
5156 0.4724399999997798 0.129539999999868 0
5157 0.4724399999997896 0.137159999999858 0
5158 0.4724399999997992 0.1447799999998387 0
5159 0.4724399999998086 0.1523999999998186 0
5160 0.4724399999998183 0.1600199999997984 0
5161 0.4724399999998278 0.1676399999997792 0
5162 0.4724399999998375 0.1752599999997691 0
5163 0.4724399999998471 0.1828799999997634 0
5164 0.4724399999998566 0.190499999999759 0
5165 0.4724399999998662 0.1981199999997466 0
5166 0.472439999999876 0.2057399999997343 0
5167 0.4724399999998854 0.213359999999722 0
5168 0.4724399999998951 0.2209799999997104 0
5169 0.4724399999999045 0.2285999999997026 0
5170 0.472439999999914 0.2362199999996935 0
5171 0.4724399999999237 0.2438399999996751 0
5172 0.4724399999999334 0.2514599999996616 0
5173 0.4724399999999431 0.2590799999996667 0
5174 0.4724399999999526 0.2666999999996651 0
5175 0.4724399999999622 0.274319999999645 0
5176 0.4724399999999718 0.2819399999996253 0
5177 0.4724399999999813 0.289559999999611 0
5178 0.4724399999999909 0.2971799999995987 0
5179 0.4724400000000005 0.3047999999995923 0
5180 0.4724400000000101 0.3124199999996123 0
5181 0.4724400000000196 0.3200399999996382 0
5182 0.4724400000000293 0.3276599999996572 0
5183 0.4724400000000388 0.3352799999996579 0
5184 0.4724400000000485 0.342899999999657 0
5185 0.472440000000058 0.3505199999996613 0
5186 0.4724400000000676 0.3581399999996677 0
5187 0.4724400000000771 0.3657599999996685 0
5188 0.4724400000000868 0.3733799999996676 0
5189 0.4724400000000963 0.3809999999996665 0
5190 0.472440000000106 0.3886199999996706 0
5191 0.4724400000001155 0.3962399999996932 0
5192 0.4724400000001251 0.4038599999997191 0
5193 0.4724400000001346 0.411479999999745 0
5194 0.4724400000001442 0.4190999999997708 0
5195 0.472440000000154 0.4267199999997915 0
5196 0.4724400000001635 0.434339999999794 0
5197 0.4724400000001731 0.441959999999793 0
5198 0.4724400000001827 0.4495799999997919 0
5199 0.4724400000001924 0.4571999999997911 0
5200 0.4724400000002019 0.46481999999979 0
5201 0.4724400000002114 0.4724399999997894 0
5202 0.472440000000221 0.4800599999997943 0
5203 0.4724400000002306 0.4876799999998001 0
5204 0.4724400000002402 0.4952999999998208 0
5205 0.4724400000002498 0.5029199999998545 0
5206 0.4724400000002594 0.5105399999998826 0
5207 0.472440000000269 0.5181599999999082 0
5208 0.4724400000002786 0.5257799999999342 0
5209 0.4724400000002883 0.5333999999999599 0
5210 0.4724400000002976 0.5410199999999857 0
5211 0.4724400000003074 0.5486400000000119 0
5212 0.4724400000003169 0.5562600000000375 0
5213 0.4724400000003265 0.5638800000000633 0
5214 0.472440000000336 0.5715000000000893 0
5215 0.4724400000003457 0.579120000000105 0
5216 0.4724400000003554 0.5867400000000838 0
5217 0.4724400000003649 0.5943600000000558 0
5218 0.4724400000003744 0.6019800000000279 0
5219 0.4800599999996327 0.007619999999982899 0
5220 0.4800599999996421 0.01523999999996562 0
5221 0.4800599999996516 0.02285999999994771 0
5222 0.4800599999996613 0.03047999999993046 0
5223 0.4800599999996708 0.03809999999992444 0
5224 0.4800599999996802 0.04571999999992384 0
5225 0.4800599999996898 0.05333999999992408 0
5226 0.4800599999996992 0.06095999999992283 0
5227 0.4800599999997088 0.06857999999992308 0
5228 0.4800599999997183 0.07619999999992141 0
5229 0.4800599999997278 0.08381999999991503 0
5230 0.4800599999997373 0.09143999999990868 0
5231 0.4800599999997468 0.09905999999990057 0
5232 0.4800599999997563 0.1066799999998887 0
5233 0.4800599999997658 0.114299999999881 0
5234 0.4800599999997752 0.121919999999872 0
5235 0.4800599999997848 0.1295399999998592 0
5236 0.4800599999997944 0.1371599999998488 0
5237 0.480059999999804 0.1447799999998291 0
5238 0.4800599999998135 0.1523999999998085 0
5239 0.4800599999998229 0.1600199999997879 0
5240 0.4800599999998324 0.1676399999997682 0
5241 0.4800599999998418 0.1752599999997578 0
5242 0.4800599999998514 0.1828799999997518 0
5243 0.480059999999861 0.1904999999997467 0
5244 0.4800599999998705 0.1981199999997335 0
5245 0.4800599999998801 0.2057399999997202 0
5246 0.4800599999998894 0.213359999999707 0
5247 0.4800599999998989 0.2209799999996946 0
5248 0.4800599999999085 0.2285999999996865 0
5249 0.4800599999999181 0.236219999999677 0
5250 0.4800599999999277 0.2438399999996582 0
5251 0.4800599999999369 0.2514599999996445 0
5252 0.4800599999999465 0.2590799999996494 0
5253 0.480059999999956 0.2666999999996475 0
5254 0.4800599999999656 0.2743199999996271 0
5255 0.4800599999999751 0.2819399999996069 0
5256 0.4800599999999846 0.2895599999995918 0
5257 0.480059999999994 0.2971799999995786 0
5258 0.4800600000000036 0.3047999999995717 0
5259 0.4800600000000131 0.3124199999995922 0
5260 0.4800600000000226 0.3200399999996189 0
5261 0.4800600000000321 0.3276599999996386 0
5262 0.4800600000000417 0.3352799999996398 0
5263 0.4800600000000513 0.3428999999996393 0
5264 0.4800600000000608 0.3505199999996437 0
5265 0.4800600000000703 0.35813999999965 0
5266 0.4800600000000796 0.3657599999996512 0
5267 0.4800600000000892 0.3733799999996507 0
5268 0.4800600000000987 0.3809999999996501 0
5269 0.4800600000001083 0.3886199999996546 0
5270 0.4800600000001178 0.396239999999678 0
5271 0.4800600000001272 0.4038599999997046 0
5272 0.4800600000001367 0.4114799999997313 0
5273 0.4800600000001463 0.4190999999997579 0
5274 0.4800600000001559 0.4267199999997795 0
5275 0.4800600000001655 0.4343399999997824 0
5276 0.4800600000001748 0.4419599999997818 0
5277 0.4800600000001844 0.4495799999997811 0
5278 0.4800600000001938 0.4571999999997806 0
5279 0.4800600000002033 0.46481999999978 0
5280 0.4800600000002129 0.4724399999997799 0
5281 0.4800600000002224 0.4800599999997848 0
5282 0.4800600000002319 0.4876799999997908 0
5283 0.4800600000002414 0.4952999999998123 0
5284 0.480060000000251 0.5029199999998466 0
5285 0.4800600000002604 0.5105399999998751 0
5286 0.4800600000002699 0.5181599999999017 0
5287 0.4800600000002794 0.5257799999999285 0
5288 0.480060000000289 0.533399999999955 0
5289 0.4800600000002985 0.5410199999999817 0
5290 0.480060000000308 0.5486400000000088 0
5291 0.4800600000003175 0.5562600000000351 0
5292 0.480060000000327 0.5638800000000617 0
5293 0.4800600000003365 0.5715000000000886 0
5294 0.480060000000346 0.579120000000105 0
5295 0.4800600000003556 0.586740000000084 0
5296 0.4800600000003651 0.5943600000000562 0
5297 0.4800600000003745 0.6019800000000279 0
5298 0.4876799999996428 0.00761999999998304 0
5299 0.4876799999996522 0.01523999999996591 0
5300 0.4876799999996616 0.02285999999994812 0
5301 0.4876799999996706 0.03047999999993087 0
5302 0.4876799999996799 0.03809999999992427 0
5303 0.487679999999689 0.04571999999992297 0
5304 0.4876799999996984 0.05333999999992252 0
5305 0.4876799999997077 0.06095999999992056 0
5306 0.4876799999997168 0.06857999999992009 0
5307 0.4876799999997262 0.07619999999991775 0
5308 0.4876799999997353 0.08381999999991058 0
5309 0.4876799999997447 0.09143999999990343 0
5310 0.4876799999997539 0.09905999999989454 0
5311 0.4876799999997631 0.1066799999998818 0
5312 0.4876799999997724 0.1142999999998733 0
5313 0.4876799999997815 0.1219199999998635 0
5314 0.4876799999997909 0.1295399999998503 0
5315 0.4876799999998 0.1371599999998397 0
5316 0.4876799999998093 0.1447799999998195 0
5317 0.4876799999998185 0.1523999999997984 0
5318 0.4876799999998278 0.1600199999997773 0
5319 0.487679999999837 0.1676399999997571 0
5320 0.4876799999998462 0.1752599999997465 0
5321 0.4876799999998556 0.1828799999997403 0
5322 0.4876799999998648 0.1904999999997344 0
5323 0.487679999999874 0.1981199999997202 0
5324 0.4876799999998833 0.2057399999997062 0
5325 0.4876799999998925 0.213359999999692 0
5326 0.4876799999999019 0.2209799999996789 0
5327 0.487679999999911 0.2285999999996703 0
5328 0.4876799999999203 0.2362199999996605 0
5329 0.4876799999999294 0.2438399999996413 0
5330 0.4876799999999387 0.2514599999996271 0
5331 0.4876799999999479 0.2590799999996321 0
5332 0.4876799999999572 0.2666999999996301 0
5333 0.4876799999999664 0.2743199999996092 0
5334 0.4876799999999756 0.2819399999995885 0
5335 0.4876799999999849 0.2895599999995726 0
5336 0.4876799999999942 0.2971799999995585 0
5337 0.4876800000000033 0.3047999999995509 0
5338 0.4876800000000127 0.3124199999995719 0
5339 0.4876800000000219 0.3200399999995995 0
5340 0.4876800000000311 0.32765999999962 0
5341 0.4876800000000404 0.3352799999996217 0
5342 0.4876800000000495 0.3428999999996215 0
5343 0.4876800000000589 0.350519999999626 0
5344 0.4876800000000682 0.3581399999996324 0
5345 0.4876800000000774 0.3657599999996339 0
5346 0.4876800000000867 0.3733799999996337 0
5347 0.4876800000000957 0.3809999999996335 0
5348 0.4876800000001051 0.3886199999996386 0
5349 0.4876800000001143 0.3962399999996626 0
5350 0.4876800000001237 0.4038599999996901 0
5351 0.4876800000001328 0.4114799999997176 0
5352 0.4876800000001422 0.4190999999997453 0
5353 0.4876800000001513 0.4267199999997674 0
5354 0.4876800000001605 0.4343399999997708 0
5355 0.4876800000001698 0.4419599999997706 0
5356 0.487680000000179 0.4495799999997704 0
5357 0.4876800000001883 0.4571999999997701 0
5358 0.4876800000001975 0.46481999999977 0
5359 0.4876800000002068 0.4724399999997703 0
5360 0.4876800000002161 0.4800599999997753 0
5361 0.4876800000002252 0.4876799999997815 0
5362 0.4876800000002345 0.495299999999804 0
5363 0.4876800000002438 0.5029199999998383 0
5364 0.487680000000253 0.5105399999998678 0
5365 0.4876800000002623 0.5181599999998951 0
5366 0.4876800000002715 0.5257799999999226 0
5367 0.4876800000002807 0.5333999999999501 0
5368 0.48768000000029 0.5410199999999777 0
5369 0.4876800000002992 0.5486400000000055 0
5370 0.4876800000003084 0.5562600000000328 0
5371 0.4876800000003177 0.5638800000000604 0
5372 0.487680000000327 0.5715000000000879 0
5373 0.4876800000003362 0.579120000000105 0
5374 0.4876800000003454 0.586740000000084 0
5375 0.4876800000003546 0.5943600000000561 0
5376 0.487680000000364 0.6019800000000283 0
5377 0.4952999999996766 0.007619999999983183 0
5378 0.4952999999996852 0.01523999999996618 0
5379 0.4952999999996936 0.02285999999994853 0
5380 0.4952999999997021 0.03047999999993128 0
5381 0.4952999999997105 0.0380999999999241 0
5382 0.4952999999997191 0.04571999999992211 0
5383 0.4952999999997275 0.05333999999992098 0
5384 0.495299999999736 0.06095999999991832 0
5385 0.4952999999997444 0.06857999999991715 0
5386 0.4952999999997529 0.07619999999991409 0
5387 0.4952999999997615 0.08381999999990614 0
5388 0.49529999999977 0.09143999999989819 0
5389 0.4952999999997785 0.09905999999988849 0
5390 0.495299999999787 0.1066799999998748 0
5391 0.4952999999997953 0.1142999999998655 0
5392 0.4952999999998038 0.121919999999855 0
5393 0.4952999999998124 0.1295399999998414 0
5394 0.4952999999998209 0.1371599999998304 0
5395 0.4952999999998294 0.1447799999998098 0
5396 0.495299999999838 0.1523999999997883 0
5397 0.4952999999998464 0.1600199999997667 0
5398 0.4952999999998548 0.1676399999997462 0
5399 0.4952999999998634 0.1752599999997352 0
5400 0.4952999999998719 0.1828799999997286 0
5401 0.4952999999998802 0.1904999999997221 0
5402 0.4952999999998887 0.198119999999707 0
5403 0.4952999999998972 0.2057399999996921 0
5404 0.4952999999999059 0.2133599999996771 0
5405 0.4952999999999143 0.220979999999663 0
5406 0.4952999999999226 0.2285999999996541 0
5407 0.4952999999999312 0.2362199999996442 0
5408 0.4952999999999396 0.2438399999996244 0
5409 0.4952999999999483 0.2514599999996099 0
5410 0.4952999999999567 0.2590799999996148 0
5411 0.4952999999999652 0.2666999999996127 0
5412 0.4952999999999738 0.2743199999995912 0
5413 0.4952999999999823 0.28193999999957 0
5414 0.4952999999999905 0.2895599999995534 0
5415 0.4952999999999992 0.2971799999995384 0
5416 0.4953000000000075 0.3047999999995302 0
5417 0.495300000000016 0.3124199999995518 0
5418 0.4953000000000246 0.3200399999995801 0
5419 0.4953000000000331 0.3276599999996015 0
5420 0.4953000000000415 0.3352799999996035 0
5421 0.49530000000005 0.3428999999996037 0
5422 0.4953000000000585 0.3505199999996084 0
5423 0.495300000000067 0.3581399999996148 0
5424 0.4953000000000755 0.3657599999996164 0
5425 0.4953000000000839 0.3733799999996167 0
5426 0.4953000000000926 0.3809999999996168 0
5427 0.495300000000101 0.3886199999996225 0
5428 0.4953000000001094 0.3962399999996473 0
5429 0.495300000000118 0.4038599999996758 0
5430 0.4953000000001265 0.411479999999704 0
5431 0.4953000000001349 0.4190999999997324 0
5432 0.4953000000001434 0.4267199999997554 0
5433 0.4953000000001518 0.4343399999997593 0
5434 0.4953000000001603 0.4419599999997595 0
5435 0.4953000000001689 0.4495799999997595 0
5436 0.4953000000001774 0.4571999999997599 0
5437 0.4953000000001858 0.46481999999976 0
5438 0.4953000000001943 0.4724399999997607 0
5439 0.4953000000002028 0.4800599999997658 0
5440 0.4953000000002113 0.4876799999997724 0
5441 0.4953000000002198 0.4952999999997955 0
5442 0.4953000000002283 0.5029199999998302 0
5443 0.4953000000002367 0.5105399999998603 0
5444 0.4953000000002453 0.5181599999998887 0
5445 0.4953000000002538 0.5257799999999172 0
5446 0.4953000000002623 0.5333999999999454 0
5447 0.4953000000002706 0.5410199999999736 0
5448 0.4953000000002792 0.548640000000002 0
5449 0.4953000000002876 0.5562600000000306 0
5450 0.4953000000002962 0.5638800000000589 0
5451 0.4953000000003046 0.571500000000087 0
5452 0.4953000000003131 0.579120000000105 0
5453 0.4953000000003216 0.586740000000084 0
5454 0.49530000000033 0.5943600000000561 0
5455 0.4953000000003387 0.6019800000000282 0
5456 0.5029199999997171 0.007619999999983324 0
5457 0.5029199999997254 0.01523999999996646 0
5458 0.5029199999997332 0.02285999999994894 0
5459 0.5029199999997412 0.03047999999993169 0
5460 0.5029199999997493 0.03809999999992394 0
5461 0.5029199999997576 0.04571999999992123 0
5462 0.5029199999997656 0.05333999999991942 0
5463 0.5029199999997738 0.06095999999991605 0
5464 0.5029199999997819 0.06857999999991421 0
5465 0.5029199999997899 0.07619999999991042 0
5466 0.502919999999798 0.08381999999990168 0
5467 0.502919999999806 0.09143999999989294 0
5468 0.5029199999998141 0.09905999999988239 0
5469 0.5029199999998221 0.1066799999998679 0
5470 0.5029199999998302 0.1142999999998578 0
5471 0.5029199999998384 0.1219199999998466 0
5472 0.5029199999998466 0.1295399999998325 0
5473 0.5029199999998546 0.1371599999998212 0
5474 0.5029199999998628 0.1447799999998002 0
5475 0.5029199999998708 0.1523999999997782 0
5476 0.5029199999998788 0.1600199999997562 0
5477 0.5029199999998868 0.1676399999997351 0
5478 0.502919999999895 0.1752599999997239 0
5479 0.5029199999999029 0.182879999999717 0
5480 0.502919999999911 0.1904999999997098 0
5481 0.5029199999999192 0.1981199999996938 0
5482 0.5029199999999273 0.205739999999678 0
5483 0.5029199999999354 0.2133599999996621 0
5484 0.5029199999999434 0.2209799999996472 0
5485 0.5029199999999516 0.228599999999638 0
5486 0.5029199999999596 0.2362199999996277 0
5487 0.5029199999999678 0.2438399999996075 0
5488 0.5029199999999758 0.2514599999995927 0
5489 0.5029199999999838 0.2590799999995976 0
5490 0.502919999999992 0.2666999999995951 0
5491 0.50292 0.2743199999995732 0
5492 0.5029200000000081 0.2819399999995516 0
5493 0.5029200000000162 0.2895599999995342 0
5494 0.5029200000000242 0.2971799999995182 0
5495 0.5029200000000325 0.3047999999995094 0
5496 0.5029200000000404 0.3124199999995316 0
5497 0.5029200000000487 0.3200399999995608 0
5498 0.5029200000000565 0.3276599999995828 0
5499 0.5029200000000649 0.3352799999995853 0
5500 0.5029200000000729 0.342899999999586 0
5501 0.5029200000000811 0.3505199999995907 0
5502 0.5029200000000891 0.3581399999995971 0
5503 0.502920000000097 0.365759999999599 0
5504 0.5029200000001053 0.3733799999995997 0
5505 0.5029200000001132 0.3809999999996004 0
5506 0.5029200000001215 0.3886199999996063 0
5507 0.5029200000001295 0.396239999999632 0
5508 0.5029200000001375 0.4038599999996613 0
5509 0.5029200000001456 0.4114799999996903 0
5510 0.5029200000001539 0.4190999999997196 0
5511 0.5029200000001619 0.4267199999997435 0
5512 0.5029200000001699 0.4343399999997477 0
5513 0.5029200000001779 0.4419599999997483 0
5514 0.5029200000001861 0.4495799999997488 0
5515 0.5029200000001941 0.4571999999997496 0
5516 0.5029200000002023 0.46481999999975 0
5517 0.5029200000002102 0.4724399999997511 0
5518 0.5029200000002183 0.4800599999997563 0
5519 0.5029200000002264 0.4876799999997631 0
5520 0.5029200000002345 0.495299999999787 0
5521 0.5029200000002426 0.5029199999998221 0
5522 0.5029200000002506 0.5105399999998528 0
5523 0.5029200000002587 0.5181599999998823 0
5524 0.5029200000002669 0.5257799999999115 0
5525 0.5029200000002751 0.5333999999999405 0
5526 0.5029200000002831 0.5410199999999697 0
5527 0.5029200000002911 0.5486399999999989 0
5528 0.5029200000002993 0.556260000000028 0
5529 0.5029200000003073 0.5638800000000573 0
5530 0.5029200000003156 0.5715000000000866 0
5531 0.5029200000003236 0.579120000000105 0
5532 0.5029200000003314 0.5867400000000842 0
5533 0.5029200000003395 0.5943600000000561 0
5534 0.5029200000003478 0.6019800000000282 0
5535 0.5105399999997573 0.007619999999983466 0
5536 0.5105399999997646 0.01523999999996675 0
5537 0.5105399999997721 0.02285999999994934 0
5538 0.5105399999997796 0.03047999999993211 0
5539 0.5105399999997867 0.03809999999992377 0
5540 0.5105399999997943 0.04571999999992036 0
5541 0.5105399999998016 0.05333999999991789 0
5542 0.5105399999998088 0.06095999999991379 0
5543 0.5105399999998163 0.06857999999991128 0
5544 0.5105399999998236 0.07619999999990676 0
5545 0.5105399999998308 0.08381999999989724 0
5546 0.5105399999998385 0.09143999999988772 0
5547 0.5105399999998457 0.09905999999987636 0
5548 0.5105399999998531 0.1066799999998609 0
5549 0.5105399999998604 0.11429999999985 0
5550 0.5105399999998678 0.1219199999998381 0
5551 0.5105399999998751 0.1295399999998236 0
5552 0.5105399999998824 0.1371599999998121 0
5553 0.51053999999989 0.1447799999997905 0
5554 0.5105399999998972 0.1523999999997681 0
5555 0.5105399999999043 0.1600199999997456 0
5556 0.510539999999912 0.1676399999997241 0
5557 0.5105399999999193 0.1752599999997126 0
5558 0.5105399999999266 0.1828799999997054 0
5559 0.510539999999934 0.1904999999996976 0
5560 0.5105399999999412 0.1981199999996806 0
5561 0.5105399999999485 0.2057399999996639 0
5562 0.5105399999999559 0.2133599999996471 0
5563 0.5105399999999635 0.2209799999996314 0
5564 0.5105399999999708 0.2285999999996218 0
5565 0.5105399999999782 0.2362199999996113 0
5566 0.5105399999999853 0.2438399999995906 0
5567 0.5105399999999928 0.2514599999995754 0
5568 0.5105400000000001 0.2590799999995802 0
5569 0.5105400000000074 0.2666999999995777 0
5570 0.5105400000000148 0.2743199999995554 0
5571 0.510540000000022 0.2819399999995331 0
5572 0.5105400000000296 0.289559999999515 0
5573 0.510540000000037 0.2971799999994981 0
5574 0.5105400000000443 0.3047999999994886 0
5575 0.5105400000000515 0.3124199999995114 0
5576 0.5105400000000588 0.3200399999995415 0
5577 0.5105400000000664 0.3276599999995641 0
5578 0.5105400000000736 0.3352799999995671 0
5579 0.5105400000000812 0.3428999999995682 0
5580 0.5105400000000884 0.350519999999573 0
5581 0.5105400000000958 0.3581399999995793 0
5582 0.5105400000001031 0.3657599999995818 0
5583 0.5105400000001105 0.3733799999995828 0
5584 0.5105400000001177 0.3809999999995837 0
5585 0.5105400000001251 0.3886199999995902 0
5586 0.5105400000001324 0.3962399999996167 0
5587 0.51054000000014 0.4038599999996468 0
5588 0.5105400000001473 0.4114799999996768 0
5589 0.5105400000001545 0.4190999999997068 0
5590 0.5105400000001619 0.4267199999997313 0
5591 0.5105400000001692 0.434339999999736 0
5592 0.5105400000001766 0.4419599999997371 0
5593 0.5105400000001842 0.449579999999738 0
5594 0.5105400000001913 0.4571999999997391 0
5595 0.5105400000001988 0.4648199999997401 0
5596 0.5105400000002062 0.4724399999997416 0
5597 0.5105400000002135 0.4800599999997469 0
5598 0.5105400000002208 0.4876799999997538 0
5599 0.510540000000228 0.4952999999997784 0
5600 0.5105400000002354 0.5029199999998141 0
5601 0.5105400000002428 0.5105399999998458 0
5602 0.5105400000002503 0.5181599999998756 0
5603 0.5105400000002577 0.5257799999999058 0
5604 0.5105400000002649 0.5333999999999355 0
5605 0.5105400000002723 0.5410199999999658 0
5606 0.5105400000002797 0.5486399999999959 0
5607 0.510540000000287 0.5562600000000257 0
5608 0.5105400000002943 0.563880000000056 0
5609 0.5105400000003019 0.5715000000000857 0
5610 0.5105400000003091 0.579120000000105 0
5611 0.5105400000003165 0.5867400000000842 0
5612 0.5105400000003236 0.5943600000000561 0
5613 0.5105400000003312 0.6019800000000282 0
5614 0.5181599999997974 0.007619999999983605 0
5615 0.5181599999998038 0.01523999999996702 0
5616 0.5181599999998104 0.02285999999994975 0
5617 0.518159999999817 0.03047999999993252 0
5618 0.5181599999998234 0.0380999999999236 0
5619 0.5181599999998299 0.0457199999999195 0
5620 0.5181599999998364 0.05333999999991634 0
5621 0.5181599999998431 0.06095999999991153 0
5622 0.5181599999998496 0.06857999999990834 0
5623 0.518159999999856 0.0761999999999031 0
5624 0.5181599999998626 0.08381999999989277 0
5625 0.5181599999998692 0.09143999999988243 0
5626 0.5181599999998756 0.09905999999987028 0
5627 0.5181599999998823 0.106679999999854 0
5628 0.5181599999998887 0.1142999999998423 0
5629 0.5181599999998954 0.1219199999998296 0
5630 0.5181599999999018 0.1295399999998147 0
5631 0.5181599999999082 0.1371599999998029 0
5632 0.5181599999999147 0.1447799999997809 0
5633 0.5181599999999214 0.152399999999758 0
5634 0.5181599999999278 0.160019999999735 0
5635 0.5181599999999342 0.1676399999997131 0
5636 0.5181599999999409 0.1752599999997013 0
5637 0.5181599999999473 0.1828799999996938 0
5638 0.518159999999954 0.1904999999996853 0
5639 0.5181599999999604 0.1981199999996675 0
5640 0.5181599999999668 0.2057399999996498 0
5641 0.5181599999999733 0.2133599999996321 0
5642 0.51815999999998 0.2209799999996157 0
5643 0.5181599999999866 0.2285999999996057 0
5644 0.5181599999999931 0.2362199999995948 0
5645 0.5181599999999995 0.2438399999995737 0
5646 0.5181600000000059 0.2514599999995581 0
5647 0.5181600000000126 0.2590799999995629 0
5648 0.518160000000019 0.2666999999995603 0
5649 0.5181600000000255 0.2743199999995375 0
5650 0.5181600000000322 0.2819399999995147 0
5651 0.5181600000000388 0.2895599999994958 0
5652 0.5181600000000453 0.297179999999478 0
5653 0.5181600000000517 0.3047999999994679 0
5654 0.5181600000000581 0.3124199999994913 0
5655 0.5181600000000647 0.320039999999522 0
5656 0.5181600000000712 0.3276599999995455 0
5657 0.5181600000000777 0.3352799999995489 0
5658 0.5181600000000843 0.3428999999995503 0
5659 0.5181600000000907 0.3505199999995554 0
5660 0.5181600000000972 0.3581399999995618 0
5661 0.5181600000001038 0.3657599999995644 0
5662 0.5181600000001102 0.3733799999995657 0
5663 0.5181600000001167 0.3809999999995672 0
5664 0.5181600000001233 0.3886199999995741 0
5665 0.5181600000001299 0.3962399999996014 0
5666 0.5181600000001364 0.4038599999996322 0
5667 0.518160000000143 0.4114799999996631 0
5668 0.5181600000001496 0.4190999999996939 0
5669 0.5181600000001561 0.4267199999997192 0
5670 0.5181600000001625 0.4343399999997244 0
5671 0.5181600000001692 0.441959999999726 0
5672 0.5181600000001756 0.4495799999997273 0
5673 0.518160000000182 0.4571999999997287 0
5674 0.5181600000001887 0.4648199999997301 0
5675 0.5181600000001951 0.472439999999732 0
5676 0.5181600000002015 0.4800599999997373 0
5677 0.5181600000002082 0.4876799999997447 0
5678 0.5181600000002147 0.49529999999977 0
5679 0.5181600000002211 0.5029199999998062 0
5680 0.5181600000002278 0.5105399999998382 0
5681 0.5181600000002342 0.5181599999998692 0
5682 0.5181600000002408 0.5257799999999 0
5683 0.5181600000002473 0.5333999999999309 0
5684 0.5181600000002536 0.5410199999999618 0
5685 0.5181600000002602 0.5486399999999928 0
5686 0.5181600000002669 0.5562600000000235 0
5687 0.5181600000002734 0.5638800000000541 0
5688 0.51816000000028 0.5715000000000853 0
5689 0.5181600000002864 0.5791200000001052 0
5690 0.5181600000002931 0.5867400000000844 0
5691 0.5181600000002995 0.5943600000000561 0
5692 0.5181600000003059 0.6019800000000283 0
5693 0.5257799999998377 0.007619999999983748 0
5694 0.5257799999998432 0.01523999999996731 0
5695 0.5257799999998489 0.02285999999995016 0
5696 0.5257799999998547 0.03047999999993293 0
5697 0.5257799999998604 0.03809999999992344 0
5698 0.525779999999866 0.04571999999991862 0
5699 0.5257799999998718 0.05333999999991478 0
5700 0.5257799999998775 0.06095999999990927 0
5701 0.5257799999998829 0.0685799999999054 0
5702 0.5257799999998887 0.07619999999989946 0
5703 0.5257799999998944 0.0838199999998883 0
5704 0.5257799999999 0.09143999999987723 0
5705 0.5257799999999058 0.09905999999986422 0
5706 0.5257799999999113 0.1066799999998471 0
5707 0.5257799999999172 0.1142999999998345 0
5708 0.5257799999999226 0.1219199999998211 0
5709 0.5257799999999285 0.1295399999998058 0
5710 0.5257799999999342 0.1371599999997937 0
5711 0.5257799999999397 0.1447799999997713 0
5712 0.5257799999999455 0.1523999999997479 0
5713 0.5257799999999512 0.1600199999997245 0
5714 0.5257799999999569 0.1676399999997021 0
5715 0.5257799999999626 0.1752599999996899 0
5716 0.5257799999999682 0.1828799999996822 0
5717 0.5257799999999738 0.190499999999673 0
5718 0.5257799999999796 0.1981199999996543 0
5719 0.5257799999999853 0.2057399999996358 0
5720 0.5257799999999909 0.2133599999996171 0
5721 0.5257799999999967 0.2209799999995998 0
5722 0.5257800000000025 0.2285999999995895 0
5723 0.525780000000008 0.2362199999995783 0
5724 0.5257800000000138 0.2438399999995569 0
5725 0.5257800000000192 0.251459999999541 0
5726 0.525780000000025 0.2590799999995457 0
5727 0.5257800000000307 0.2666999999995427 0
5728 0.5257800000000363 0.2743199999995194 0
5729 0.5257800000000421 0.2819399999994963 0
5730 0.5257800000000477 0.2895599999994765 0
5731 0.5257800000000534 0.2971799999994579 0
5732 0.525780000000059 0.3047999999994472 0
5733 0.5257800000000648 0.3124199999994711 0
5734 0.5257800000000705 0.3200399999995027 0
5735 0.5257800000000761 0.327659999999527 0
5736 0.5257800000000818 0.3352799999995307 0
5737 0.5257800000000876 0.3428999999995325 0
5738 0.5257800000000932 0.3505199999995376 0
5739 0.5257800000000987 0.358139999999544 0
5740 0.5257800000001045 0.3657599999995469 0
5741 0.5257800000001103 0.3733799999995489 0
5742 0.5257800000001158 0.3809999999995506 0
5743 0.5257800000001216 0.3886199999995581 0
5744 0.5257800000001275 0.396239999999586 0
5745 0.5257800000001329 0.4038599999996177 0
5746 0.5257800000001387 0.4114799999996495 0
5747 0.5257800000001442 0.4190999999996813 0
5748 0.52578000000015 0.4267199999997073 0
5749 0.5257800000001558 0.4343399999997128 0
5750 0.5257800000001613 0.4419599999997147 0
5751 0.5257800000001671 0.4495799999997164 0
5752 0.5257800000001727 0.4571999999997184 0
5753 0.5257800000001784 0.4648199999997202 0
5754 0.5257800000001842 0.4724399999997223 0
5755 0.5257800000001899 0.4800599999997278 0
5756 0.5257800000001953 0.4876799999997353 0
5757 0.5257800000002012 0.4952999999997615 0
5758 0.5257800000002069 0.502919999999798 0
5759 0.5257800000002126 0.5105399999998311 0
5760 0.5257800000002182 0.5181599999998626 0
5761 0.5257800000002237 0.5257799999998942 0
5762 0.5257800000002296 0.533399999999926 0
5763 0.5257800000002353 0.5410199999999578 0
5764 0.5257800000002412 0.5486399999999897 0
5765 0.5257800000002466 0.5562600000000211 0
5766 0.5257800000002522 0.5638800000000528 0
5767 0.5257800000002579 0.5715000000000844 0
5768 0.5257800000002637 0.579120000000105 0
5769 0.5257800000002695 0.5867400000000844 0
5770 0.525780000000275 0.5943600000000563 0
5771 0.5257800000002806 0.6019800000000282 0
5772 0.5333999999998775 0.007619999999983891 0
5773 0.5333999999998824 0.01523999999996759 0
5774 0.5333999999998873 0.02285999999995058 0
5775 0.533399999999892 0.03047999999993333 0
5776 0.5333999999998972 0.03809999999992327 0
5777 0.5333999999999018 0.04571999999991776 0
5778 0.5333999999999065 0.05333999999991322 0
5779 0.5333999999999115 0.06095999999990701 0
5780 0.5333999999999163 0.06857999999990246 0
5781 0.533399999999921 0.07619999999989578 0
5782 0.5333999999999259 0.08381999999988386 0
5783 0.5333999999999309 0.09143999999987196 0
5784 0.5333999999999357 0.09905999999985816 0
5785 0.5333999999999407 0.1066799999998401 0
5786 0.5333999999999454 0.1142999999998268 0
5787 0.5333999999999501 0.1219199999998127 0
5788 0.5333999999999551 0.129539999999797 0
5789 0.5333999999999597 0.1371599999997845 0
5790 0.5333999999999649 0.1447799999997617 0
5791 0.5333999999999695 0.1523999999997378 0
5792 0.5333999999999745 0.1600199999997139 0
5793 0.5333999999999793 0.167639999999691 0
5794 0.5333999999999841 0.1752599999996786 0
5795 0.533399999999989 0.1828799999996705 0
5796 0.5333999999999938 0.1904999999996607 0
5797 0.5333999999999987 0.1981199999996411 0
5798 0.5334000000000034 0.2057399999996217 0
5799 0.5334000000000084 0.2133599999996022 0
5800 0.5334000000000133 0.220979999999584 0
5801 0.533400000000018 0.2285999999995733 0
5802 0.5334000000000231 0.2362199999995619 0
5803 0.5334000000000277 0.24383999999954 0
5804 0.5334000000000327 0.2514599999995237 0
5805 0.5334000000000375 0.2590799999995284 0
5806 0.5334000000000422 0.2666999999995253 0
5807 0.5334000000000471 0.2743199999995015 0
5808 0.5334000000000518 0.2819399999994779 0
5809 0.5334000000000567 0.2895599999994574 0
5810 0.5334000000000616 0.2971799999994378 0
5811 0.5334000000000666 0.3047999999994265 0
5812 0.5334000000000714 0.312419999999451 0
5813 0.5334000000000761 0.3200399999994834 0
5814 0.5334000000000809 0.3276599999995085 0
5815 0.5334000000000859 0.3352799999995126 0
5816 0.5334000000000908 0.3428999999995148 0
5817 0.5334000000000956 0.35051999999952 0
5818 0.5334000000001002 0.3581399999995263 0
5819 0.5334000000001052 0.3657599999995296 0
5820 0.53340000000011 0.3733799999995319 0
5821 0.5334000000001149 0.380999999999534 0
5822 0.5334000000001198 0.388619999999542 0
5823 0.5334000000001248 0.3962399999995707 0
5824 0.5334000000001297 0.4038599999996033 0
5825 0.5334000000001344 0.4114799999996358 0
5826 0.5334000000001392 0.4190999999996685 0
5827 0.533400000000144 0.4267199999996953 0
5828 0.5334000000001489 0.4343399999997013 0
5829 0.5334000000001536 0.4419599999997036 0
5830 0.5334000000001584 0.4495799999997057 0
5831 0.5334000000001633 0.457199999999708 0
5832 0.5334000000001682 0.4648199999997103 0
5833 0.5334000000001731 0.4724399999997128 0
5834 0.533400000000178 0.4800599999997182 0
5835 0.5334000000001828 0.487679999999726 0
5836 0.5334000000001876 0.495299999999753 0
5837 0.5334000000001925 0.5029199999997898 0
5838 0.5334000000001973 0.5105399999998235 0
5839 0.5334000000002023 0.5181599999998561 0
5840 0.5334000000002069 0.5257799999998888 0
5841 0.5334000000002117 0.5333999999999213 0
5842 0.5334000000002167 0.5410199999999538 0
5843 0.5334000000002215 0.5486399999999862 0
5844 0.5334000000002264 0.5562600000000189 0
5845 0.5334000000002312 0.5638800000000512 0
5846 0.5334000000002362 0.5715000000000839 0
5847 0.5334000000002408 0.5791200000001052 0
5848 0.5334000000002458 0.5867400000000844 0
5849 0.5334000000002507 0.5943600000000566 0
5850 0.5334000000002556 0.6019800000000282 0
5851 0.5410199999999178 0.007619999999984033 0
5852 0.5410199999999217 0.01523999999996787 0
5853 0.5410199999999257 0.02285999999995098 0
5854 0.5410199999999298 0.03047999999993375 0
5855 0.5410199999999338 0.0380999999999231 0
5856 0.5410199999999376 0.04571999999991689 0
5857 0.5410199999999418 0.05333999999991167 0
5858 0.5410199999999457 0.06095999999990474 0
5859 0.5410199999999498 0.06857999999989951 0
5860 0.5410199999999538 0.07619999999989213 0
5861 0.5410199999999578 0.08381999999987941 0
5862 0.5410199999999618 0.09143999999986674 0
5863 0.5410199999999656 0.09905999999985213 0
5864 0.5410199999999697 0.1066799999998332 0
5865 0.5410199999999739 0.1142999999998191 0
5866 0.5410199999999777 0.1219199999998042 0
5867 0.5410199999999817 0.129539999999788 0
5868 0.5410199999999857 0.1371599999997753 0
5869 0.5410199999999897 0.144779999999752 0
5870 0.541019999999994 0.1523999999997277 0
5871 0.5410199999999977 0.1600199999997034 0
5872 0.5410200000000017 0.16763999999968 0
5873 0.5410200000000059 0.1752599999996673 0
5874 0.5410200000000099 0.1828799999996589 0
5875 0.5410200000000137 0.1904999999996484 0
5876 0.5410200000000179 0.198119999999628 0
5877 0.5410200000000218 0.2057399999996076 0
5878 0.5410200000000259 0.2133599999995872 0
5879 0.5410200000000299 0.2209799999995682 0
5880 0.5410200000000339 0.2285999999995572 0
5881 0.5410200000000379 0.2362199999995454 0
5882 0.5410200000000419 0.2438399999995231 0
5883 0.5410200000000459 0.2514599999995064 0
5884 0.5410200000000499 0.2590799999995111 0
5885 0.5410200000000539 0.2666999999995079 0
5886 0.5410200000000579 0.2743199999994835 0
5887 0.5410200000000618 0.2819399999994595 0
5888 0.541020000000066 0.289559999999438 0
5889 0.5410200000000701 0.2971799999994176 0
5890 0.5410200000000741 0.3047999999994058 0
5891 0.5410200000000781 0.3124199999994308 0
5892 0.5410200000000821 0.3200399999994641 0
5893 0.5410200000000861 0.3276599999994898 0
5894 0.5410200000000901 0.3352799999994944 0
5895 0.5410200000000941 0.342899999999497 0
5896 0.5410200000000981 0.3505199999995023 0
5897 0.5410200000001021 0.3581399999995087 0
5898 0.5410200000001061 0.3657599999995122 0
5899 0.5410200000001101 0.3733799999995149 0
5900 0.5410200000001141 0.3809999999995174 0
5901 0.5410200000001181 0.3886199999995258 0
5902 0.5410200000001221 0.3962399999995554 0
5903 0.5410200000001261 0.4038599999995889 0
5904 0.54102000000013 0.4114799999996222 0
5905 0.5410200000001341 0.4190999999996557 0
5906 0.5410200000001381 0.4267199999996832 0
5907 0.5410200000001421 0.4343399999996898 0
5908 0.5410200000001461 0.4419599999996924 0
5909 0.5410200000001499 0.4495799999996949 0
5910 0.541020000000154 0.4571999999996976 0
5911 0.5410200000001579 0.4648199999997003 0
5912 0.541020000000162 0.4724399999997032 0
5913 0.541020000000166 0.4800599999997088 0
5914 0.5410200000001703 0.4876799999997169 0
5915 0.5410200000001739 0.4952999999997444 0
5916 0.5410200000001782 0.5029199999997818 0
5917 0.5410200000001822 0.5105399999998163 0
5918 0.5410200000001862 0.5181599999998495 0
5919 0.5410200000001902 0.5257799999998831 0
5920 0.5410200000001942 0.5333999999999165 0
5921 0.5410200000001982 0.5410199999999498 0
5922 0.5410200000002022 0.5486399999999831 0
5923 0.5410200000002061 0.5562600000000164 0
5924 0.5410200000002104 0.5638800000000498 0
5925 0.5410200000002144 0.5715000000000833 0
5926 0.5410200000002182 0.5791200000001053 0
5927 0.5410200000002223 0.5867400000000846 0
5928 0.5410200000002261 0.5943600000000565 0
5929 0.5410200000002304 0.6019800000000282 0
5930 0.5486399999999577 0.007619999999984173 0
5931 0.5486399999999612 0.01523999999996815 0
5932 0.5486399999999644 0.02285999999995139 0
5933 0.5486399999999674 0.03047999999993416 0
5934 0.5486399999999706 0.03809999999992294 0
5935 0.5486399999999737 0.04571999999991604 0
5936 0.5486399999999769 0.05333999999991011 0
5937 0.5486399999999798 0.0609599999999025 0
5938 0.5486399999999831 0.06857999999989656 0
5939 0.5486399999999862 0.07619999999988847 0
5940 0.5486399999999896 0.08381999999987498 0
5941 0.5486399999999925 0.09143999999986149 0
5942 0.5486399999999959 0.09905999999984608 0
5943 0.5486399999999989 0.1066799999998263 0
5944 0.5486400000000021 0.1142999999998113 0
5945 0.5486400000000053 0.1219199999997957 0
5946 0.5486400000000086 0.1295399999997792 0
5947 0.5486400000000119 0.1371599999997662 0
5948 0.5486400000000149 0.1447799999997423 0
5949 0.548640000000018 0.1523999999997176 0
5950 0.5486400000000211 0.1600199999996928 0
5951 0.5486400000000244 0.1676399999996691 0
5952 0.5486400000000276 0.175259999999656 0
5953 0.5486400000000307 0.1828799999996473 0
5954 0.548640000000034 0.1904999999996361 0
5955 0.5486400000000371 0.1981199999996148 0
5956 0.5486400000000402 0.2057399999995935 0
5957 0.5486400000000433 0.2133599999995722 0
5958 0.5486400000000465 0.2209799999995524 0
5959 0.5486400000000499 0.228599999999541 0
5960 0.5486400000000529 0.2362199999995289 0
5961 0.548640000000056 0.2438399999995061 0
5962 0.5486400000000594 0.2514599999994893 0
5963 0.5486400000000625 0.2590799999994938 0
5964 0.5486400000000655 0.2666999999994903 0
5965 0.5486400000000686 0.2743199999994657 0
5966 0.548640000000072 0.2819399999994411 0
5967 0.5486400000000751 0.2895599999994189 0
5968 0.5486400000000783 0.2971799999993977 0
5969 0.5486400000000815 0.3047999999993849 0
5970 0.5486400000000846 0.3124199999994106 0
5971 0.5486400000000877 0.3200399999994448 0
5972 0.5486400000000908 0.3276599999994712 0
5973 0.5486400000000942 0.3352799999994762 0
5974 0.5486400000000976 0.3428999999994792 0
5975 0.5486400000001004 0.3505199999994847 0
5976 0.5486400000001038 0.358139999999491 0
5977 0.5486400000001069 0.3657599999994949 0
5978 0.5486400000001099 0.3733799999994979 0
5979 0.548640000000113 0.3809999999995009 0
5980 0.5486400000001164 0.3886199999995099 0
5981 0.5486400000001195 0.3962399999995401 0
5982 0.5486400000001228 0.4038599999995744 0
5983 0.548640000000126 0.4114799999996087 0
5984 0.548640000000129 0.4190999999996429 0
5985 0.5486400000001321 0.426719999999671 0
5986 0.5486400000001352 0.4343399999996782 0
5987 0.5486400000001386 0.4419599999996812 0
5988 0.5486400000001417 0.4495799999996842 0
5989 0.548640000000145 0.4571999999996874 0
5990 0.5486400000001482 0.4648199999996904 0
5991 0.5486400000001513 0.4724399999996937 0
5992 0.5486400000001544 0.4800599999996993 0
5993 0.5486400000001576 0.4876799999997076 0
5994 0.5486400000001608 0.495299999999736 0
5995 0.5486400000001639 0.5029199999997738 0
5996 0.5486400000001673 0.5105399999998089 0
5997 0.5486400000001704 0.5181599999998432 0
5998 0.5486400000001735 0.5257799999998775 0
5999 0.5486400000001765 0.5333999999999115 0
6000 0.5486400000001799 0.5410199999999458 0
6001 0.548640000000183 0.5486399999999798 0
6002 0.5486400000001861 0.5562600000000142 0
6003 0.5486400000001894 0.5638800000000485 0
6004 0.5486400000001925 0.5715000000000825 0
6005 0.5486400000001956 0.5791200000001052 0
6006 0.5486400000001989 0.5867400000000846 0
6007 0.548640000000202 0.5943600000000565 0
6008 0.5486400000002053 0.6019800000000283 0
6009 0.5562599999999979 0.007619999999984315 0
6010 0.5562600000000002 0.01523999999996843 0
6011 0.5562600000000024 0.02285999999995179 0
6012 0.5562600000000049 0.03047999999993457 0
6013 0.5562600000000071 0.03809999999992276 0
6014 0.5562600000000095 0.04571999999991517 0
6015 0.556260000000012 0.05333999999990856 0
6016 0.5562600000000142 0.06095999999990023 0
6017 0.5562600000000164 0.06857999999989363 0
6018 0.5562600000000186 0.0761999999998848 0
6019 0.556260000000021 0.0838199999998705 0
6020 0.5562600000000235 0.09143999999985623 0
6021 0.5562600000000256 0.09905999999984001 0
6022 0.5562600000000282 0.1066799999998193 0
6023 0.5562600000000304 0.1142999999998036 0
6024 0.5562600000000326 0.1219199999997873 0
6025 0.5562600000000351 0.1295399999997703 0
6026 0.5562600000000373 0.1371599999997569 0
6027 0.5562600000000397 0.1447799999997328 0
6028 0.5562600000000422 0.1523999999997075 0
6029 0.5562600000000444 0.1600199999996822 0
6030 0.5562600000000468 0.1676399999996581 0
6031 0.5562600000000493 0.1752599999996446 0
6032 0.5562600000000515 0.1828799999996357 0
6033 0.5562600000000537 0.1904999999996238 0
6034 0.5562600000000562 0.1981199999996016 0
6035 0.5562600000000586 0.2057399999995794 0
6036 0.5562600000000608 0.2133599999995573 0
6037 0.556260000000063 0.2209799999995366 0
6038 0.5562600000000655 0.2285999999995248 0
6039 0.5562600000000677 0.2362199999995125 0
6040 0.5562600000000701 0.2438399999994892 0
6041 0.5562600000000724 0.251459999999472 0
6042 0.5562600000000748 0.2590799999994764 0
6043 0.5562600000000772 0.2666999999994729 0
6044 0.5562600000000795 0.2743199999994478 0
6045 0.5562600000000819 0.2819399999994225 0
6046 0.5562600000000841 0.2895599999993996 0
6047 0.5562600000000866 0.2971799999993774 0
6048 0.5562600000000888 0.3047999999993643 0
6049 0.556260000000091 0.3124199999993904 0
6050 0.5562600000000935 0.3200399999994255 0
6051 0.5562600000000959 0.3276599999994525 0
6052 0.5562600000000981 0.3352799999994581 0
6053 0.5562600000001006 0.3428999999994615 0
6054 0.556260000000103 0.350519999999467 0
6055 0.5562600000001051 0.3581399999994733 0
6056 0.5562600000001074 0.3657599999994774 0
6057 0.5562600000001098 0.3733799999994808 0
6058 0.5562600000001123 0.3809999999994844 0
6059 0.5562600000001146 0.3886199999994936 0
6060 0.5562600000001168 0.3962399999995249 0
6061 0.5562600000001192 0.40385999999956 0
6062 0.5562600000001217 0.411479999999595 0
6063 0.5562600000001239 0.41909999999963 0
6064 0.5562600000001261 0.4267199999996591 0
6065 0.5562600000001285 0.4343399999996666 0
6066 0.556260000000131 0.44195999999967 0
6067 0.5562600000001332 0.4495799999996734 0
6068 0.5562600000001356 0.4571999999996769 0
6069 0.5562600000001379 0.4648199999996803 0
6070 0.5562600000001403 0.472439999999684 0
6071 0.5562600000001425 0.4800599999996898 0
6072 0.556260000000145 0.4876799999996984 0
6073 0.5562600000001472 0.4952999999997275 0
6074 0.5562600000001496 0.5029199999997658 0
6075 0.5562600000001519 0.5105399999998016 0
6076 0.5562600000001543 0.5181599999998365 0
6077 0.5562600000001565 0.5257799999998716 0
6078 0.556260000000159 0.5333999999999066 0
6079 0.5562600000001612 0.5410199999999417 0
6080 0.5562600000001636 0.5486399999999767 0
6081 0.5562600000001658 0.556260000000012 0
6082 0.5562600000001683 0.5638800000000469 0
6083 0.5562600000001705 0.5715000000000819 0
6084 0.5562600000001729 0.5791200000001052 0
6085 0.5562600000001754 0.5867400000000849 0
6086 0.5562600000001776 0.5943600000000565 0
6087 0.5562600000001798 0.6019800000000282 0
6088 0.5638800000000378 0.007619999999984455 0
6089 0.5638800000000392 0.01523999999996871 0
6090 0.5638800000000409 0.02285999999995221 0
6091 0.5638800000000421 0.03047999999993498 0
6092 0.5638800000000438 0.03809999999992259 0
6093 0.5638800000000452 0.04571999999991429 0
6094 0.5638800000000466 0.053339999999907 0
6095 0.5638800000000483 0.06095999999989797 0
6096 0.5638800000000498 0.06857999999989067 0
6097 0.5638800000000513 0.07619999999988113 0
6098 0.5638800000000527 0.08381999999986607 0
6099 0.5638800000000542 0.09143999999985102 0
6100 0.5638800000000559 0.09905999999983396 0
6101 0.5638800000000574 0.1066799999998124 0
6102 0.5638800000000587 0.1142999999997958 0
6103 0.5638800000000602 0.1219199999997788 0
6104 0.5638800000000617 0.1295399999997614 0
6105 0.5638800000000633 0.1371599999997478 0
6106 0.5638800000000649 0.1447799999997231 0
6107 0.5638800000000662 0.1523999999996974 0
6108 0.5638800000000678 0.1600199999996716 0
6109 0.5638800000000693 0.1676399999996471 0
6110 0.5638800000000709 0.1752599999996333 0
6111 0.5638800000000724 0.182879999999624 0
6112 0.5638800000000738 0.1904999999996116 0
6113 0.5638800000000752 0.1981199999995883 0
6114 0.5638800000000769 0.2057399999995654 0
6115 0.5638800000000782 0.2133599999995423 0
6116 0.5638800000000797 0.2209799999995209 0
6117 0.5638800000000813 0.2285999999995087 0
6118 0.5638800000000825 0.236219999999496 0
6119 0.5638800000000842 0.2438399999994723 0
6120 0.5638800000000858 0.2514599999994547 0
6121 0.5638800000000873 0.2590799999994591 0
6122 0.5638800000000889 0.2666999999994555 0
6123 0.5638800000000902 0.2743199999994297 0
6124 0.5638800000000916 0.2819399999994042 0
6125 0.5638800000000933 0.2895599999993806 0
6126 0.5638800000000946 0.2971799999993573 0
6127 0.5638800000000963 0.3047999999993434 0
6128 0.5638800000000976 0.3124199999993702 0
6129 0.5638800000000992 0.3200399999994061 0
6130 0.5638800000001007 0.3276599999994338 0
6131 0.5638800000001024 0.3352799999994399 0
6132 0.563880000000104 0.3428999999994437 0
6133 0.5638800000001052 0.3505199999994493 0
6134 0.5638800000001067 0.3581399999994556 0
6135 0.5638800000001084 0.36575999999946 0
6136 0.5638800000001097 0.373379999999464 0
6137 0.5638800000001113 0.3809999999994679 0
6138 0.5638800000001128 0.3886199999994777 0
6139 0.5638800000001141 0.3962399999995095 0
6140 0.5638800000001157 0.4038599999995455 0
6141 0.5638800000001173 0.4114799999995813 0
6142 0.5638800000001188 0.4190999999996173 0
6143 0.5638800000001203 0.4267199999996471 0
6144 0.5638800000001217 0.4343399999996549 0
6145 0.5638800000001232 0.4419599999996589 0
6146 0.5638800000001248 0.4495799999996627 0
6147 0.5638800000001262 0.4571999999996665 0
6148 0.5638800000001277 0.4648199999996703 0
6149 0.5638800000001293 0.4724399999996745 0
6150 0.5638800000001307 0.4800599999996802 0
6151 0.5638800000001322 0.4876799999996892 0
6152 0.5638800000001337 0.495299999999719 0
6153 0.5638800000001353 0.5029199999997576 0
6154 0.5638800000001368 0.5105399999997943 0
6155 0.5638800000001383 0.51815999999983 0
6156 0.5638800000001396 0.5257799999998658 0
6157 0.5638800000001412 0.5333999999999017 0
6158 0.5638800000001426 0.5410199999999378 0
6159 0.5638800000001444 0.5486399999999736 0
6160 0.5638800000001457 0.5562600000000093 0
6161 0.5638800000001472 0.5638800000000452 0
6162 0.5638800000001487 0.5715000000000812 0
6163 0.5638800000001502 0.5791200000001054 0
6164 0.5638800000001517 0.5867400000000849 0
6165 0.5638800000001533 0.5943600000000566 0
6166 0.5638800000001545 0.6019800000000284 0
6167 0.5715000000000779 0.007619999999984599 0
6168 0.5715000000000786 0.01523999999996899 0
6169 0.5715000000000792 0.02285999999995261 0
6170 0.5715000000000799 0.03047999999993539 0
6171 0.5715000000000806 0.03809999999992241 0
6172 0.5715000000000812 0.04571999999991341 0
6173 0.5715000000000819 0.05333999999990547 0
6174 0.5715000000000826 0.06095999999989573 0
6175 0.5715000000000832 0.06857999999988774 0
6176 0.5715000000000842 0.0761999999998775 0
6177 0.5715000000000846 0.08381999999986163 0
6178 0.5715000000000853 0.09143999999984576 0
6179 0.5715000000000858 0.09905999999982786 0
6180 0.5715000000000866 0.1066799999998054 0
6181 0.571500000000087 0.1142999999997881 0
6182 0.5715000000000877 0.1219199999997703 0
6183 0.5715000000000884 0.1295399999997525 0
6184 0.5715000000000893 0.1371599999997386 0
6185 0.5715000000000899 0.1447799999997135 0
6186 0.5715000000000906 0.1523999999996873 0
6187 0.5715000000000913 0.1600199999996611 0
6188 0.5715000000000918 0.167639999999636 0
6189 0.5715000000000926 0.175259999999622 0
6190 0.571500000000093 0.1828799999996125 0
6191 0.5715000000000937 0.1904999999995992 0
6192 0.5715000000000944 0.1981199999995752 0
6193 0.5715000000000953 0.2057399999995513 0
6194 0.5715000000000957 0.2133599999995273 0
6195 0.5715000000000963 0.220979999999505 0
6196 0.571500000000097 0.2285999999994924 0
6197 0.5715000000000977 0.2362199999994796 0
6198 0.5715000000000984 0.2438399999994555 0
6199 0.571500000000099 0.2514599999994374 0
6200 0.5715000000000997 0.2590799999994418 0
6201 0.5715000000001004 0.2666999999994379 0
6202 0.5715000000001011 0.2743199999994118 0
6203 0.5715000000001017 0.2819399999993857 0
6204 0.5715000000001026 0.2895599999993612 0
6205 0.571500000000103 0.2971799999993372 0
6206 0.5715000000001039 0.3047999999993228 0
6207 0.5715000000001044 0.3124199999993501 0
6208 0.571500000000105 0.3200399999993868 0
6209 0.5715000000001057 0.3276599999994153 0
6210 0.5715000000001063 0.3352799999994216 0
6211 0.5715000000001069 0.3428999999994258 0
6212 0.5715000000001078 0.3505199999994317 0
6213 0.5715000000001084 0.358139999999438 0
6214 0.571500000000109 0.3657599999994427 0
6215 0.5715000000001097 0.3733799999994469 0
6216 0.5715000000001104 0.3809999999994512 0
6217 0.5715000000001109 0.3886199999994616 0
6218 0.5715000000001116 0.3962399999994942 0
6219 0.5715000000001125 0.403859999999531 0
6220 0.571500000000113 0.4114799999995679 0
6221 0.5715000000001137 0.4190999999996045 0
6222 0.5715000000001144 0.4267199999996351 0
6223 0.571500000000115 0.4343399999996433 0
6224 0.5715000000001157 0.4419599999996476 0
6225 0.5715000000001164 0.4495799999996518 0
6226 0.571500000000117 0.4571999999996562 0
6227 0.5715000000001177 0.4648199999996604 0
6228 0.5715000000001181 0.4724399999996648 0
6229 0.571500000000119 0.4800599999996707 0
6230 0.5715000000001197 0.4876799999996799 0
6231 0.5715000000001204 0.4952999999997105 0
6232 0.571500000000121 0.5029199999997493 0
6233 0.5715000000001217 0.5105399999997867 0
6234 0.5715000000001224 0.5181599999998237 0
6235 0.571500000000123 0.5257799999998602 0
6236 0.5715000000001235 0.533399999999897 0
6237 0.5715000000001244 0.5410199999999338 0
6238 0.5715000000001249 0.5486399999999705 0
6239 0.5715000000001257 0.5562600000000071 0
6240 0.5715000000001262 0.5638800000000439 0
6241 0.5715000000001269 0.5715000000000805 0
6242 0.5715000000001275 0.5791200000001054 0
6243 0.5715000000001283 0.5867400000000849 0
6244 0.5715000000001288 0.5943600000000565 0
6245 0.5715000000001297 0.6019800000000284 0
6246 0.5791200000001054 0.00761999999998474 0
6247 0.5791200000001052 0.01523999999996927 0
6248 0.5791200000001054 0.02285999999995303 0
6249 0.5791200000001054 0.0304799999999358 0
6250 0.5791200000001054 0.03809999999992225 0
6251 0.5791200000001052 0.04571999999991257 0
6252 0.5791200000001052 0.0533399999999039 0
6253 0.5791200000001051 0.06095999999989345 0
6254 0.5791200000001051 0.06857999999988479 0
6255 0.5791200000001052 0.07619999999987384 0
6256 0.5791200000001052 0.08381999999985715 0
6257 0.579120000000105 0.09143999999984054 0
6258 0.5791200000001051 0.09905999999982185 0
6259 0.579120000000105 0.1066799999997985 0
6260 0.5791200000001051 0.1142999999997803 0
6261 0.579120000000105 0.1219199999997618 0
6262 0.579120000000105 0.1295399999997436 0
6263 0.5791200000001053 0.1371599999997294 0
6264 0.5791200000001051 0.1447799999997038 0
6265 0.579120000000105 0.1523999999996772 0
6266 0.579120000000105 0.1600199999996505 0
6267 0.579120000000105 0.167639999999625 0
6268 0.579120000000105 0.1752599999996107 0
6269 0.5791200000001049 0.1828799999996008 0
6270 0.5791200000001051 0.190499999999587 0
6271 0.579120000000105 0.1981199999995621 0
6272 0.579120000000105 0.2057399999995372 0
6273 0.579120000000105 0.2133599999995123 0
6274 0.579120000000105 0.2209799999994892 0
6275 0.5791200000001051 0.2285999999994763 0
6276 0.5791200000001049 0.2362199999994632 0
6277 0.5791200000001049 0.2438399999994386 0
6278 0.5791200000001049 0.2514599999994203 0
6279 0.5791200000001048 0.2590799999994244 0
6280 0.5791200000001048 0.2666999999994205 0
6281 0.5791200000001049 0.274319999999394 0
6282 0.5791200000001047 0.2819399999993673 0
6283 0.5791200000001048 0.2895599999993421 0
6284 0.5791200000001049 0.2971799999993172 0
6285 0.5791200000001048 0.304799999999302 0
6286 0.5791200000001048 0.3124199999993298 0
6287 0.5791200000001049 0.3200399999993674 0
6288 0.5791200000001044 0.3276599999993967 0
6289 0.5791200000001048 0.3352799999994034 0
6290 0.5791200000001049 0.3428999999994081 0
6291 0.5791200000001046 0.350519999999414 0
6292 0.5791200000001048 0.3581399999994203 0
6293 0.5791200000001049 0.3657599999994253 0
6294 0.5791200000001046 0.3733799999994301 0
6295 0.5791200000001046 0.3809999999994347 0
6296 0.5791200000001046 0.3886199999994455 0
6297 0.5791200000001046 0.396239999999479 0
6298 0.5791200000001046 0.4038599999995166 0
6299 0.5791200000001046 0.411479999999554 0
6300 0.5791200000001046 0.4190999999995916 0
6301 0.5791200000001046 0.426719999999623 0
6302 0.5791200000001046 0.4343399999996318 0
6303 0.5791200000001046 0.4419599999996365 0
6304 0.5791200000001046 0.4495799999996411 0
6305 0.5791200000001046 0.4571999999996458 0
6306 0.5791200000001046 0.4648199999996503 0
6307 0.5791200000001046 0.4724399999996552 0
6308 0.5791200000001046 0.4800599999996611 0
6309 0.5791200000001043 0.4876799999996707 0
6310 0.5791200000001046 0.495299999999702 0
6311 0.5791200000001046 0.5029199999997414 0
6312 0.5791200000001046 0.5105399999997795 0
6313 0.5791200000001043 0.518159999999817 0
6314 0.5791200000001043 0.5257799999998547 0
6315 0.5791200000001043 0.533399999999892 0
6316 0.5791200000001044 0.5410199999999298 0
6317 0.5791200000001043 0.5486399999999674 0
6318 0.5791200000001043 0.5562600000000049 0
6319 0.5791200000001043 0.5638800000000422 0
6320 0.5791200000001041 0.5715000000000799 0
6321 0.5791200000001041 0.5791200000001054 0
6322 0.5791200000001043 0.5867400000000851 0
6323 0.5791200000001043 0.5943600000000566 0
6324 0.5791200000001041 0.6019800000000284 0
6325 0.5867400000000854 0.007619999999984881 0
6326 0.5867400000000852 0.01523999999996955 0
6327 0.5867400000000853 0.02285999999995343 0
6328 0.5867400000000852 0.03047999999993622 0
6329 0.5867400000000849 0.03809999999992208 0
6330 0.5867400000000849 0.0457199999999117 0
6331 0.5867400000000849 0.05333999999990235 0
6332 0.5867400000000846 0.0609599999998912 0
6333 0.5867400000000846 0.06857999999988186 0
6334 0.5867400000000846 0.07619999999987018 0
6335 0.5867400000000844 0.08381999999985272 0
6336 0.5867400000000844 0.09143999999983529 0
6337 0.5867400000000842 0.09905999999981575 0
6338 0.5867400000000842 0.1066799999997916 0
6339 0.5867400000000841 0.1142999999997726 0
6340 0.586740000000084 0.1219199999997534 0
6341 0.586740000000084 0.1295399999997347 0
6342 0.5867400000000838 0.1371599999997202 0
6343 0.5867400000000835 0.1447799999996942 0
6344 0.5867400000000835 0.1523999999996671 0
6345 0.5867400000000833 0.16001999999964 0
6346 0.5867400000000834 0.167639999999614 0
6347 0.5867400000000831 0.1752599999995993 0
6348 0.5867400000000833 0.1828799999995891 0
6349 0.5867400000000831 0.1904999999995747 0
6350 0.5867400000000831 0.1981199999995488 0
6351 0.5867400000000829 0.2057399999995231 0
6352 0.5867400000000829 0.2133599999994973 0
6353 0.5867400000000829 0.2209799999994735 0
6354 0.5867400000000826 0.2285999999994601 0
6355 0.5867400000000828 0.2362199999994467 0
6356 0.5867400000000824 0.2438399999994217 0
6357 0.5867400000000825 0.2514599999994029 0
6358 0.5867400000000822 0.2590799999994071 0
6359 0.5867400000000822 0.2666999999994031 0
6360 0.5867400000000822 0.2743199999993761 0
6361 0.586740000000082 0.2819399999993488 0
6362 0.586740000000082 0.2895599999993228 0
6363 0.5867400000000818 0.2971799999992971 0
6364 0.5867400000000818 0.3047999999992813 0
6365 0.5867400000000818 0.3124199999993097 0
6366 0.5867400000000815 0.3200399999993481 0
6367 0.5867400000000815 0.3276599999993781 0
6368 0.5867400000000813 0.3352799999993853 0
6369 0.5867400000000813 0.3428999999993903 0
6370 0.5867400000000813 0.3505199999993964 0
6371 0.5867400000000811 0.3581399999994025 0
6372 0.5867400000000811 0.3657599999994078 0
6373 0.5867400000000809 0.3733799999994129 0
6374 0.586740000000081 0.3809999999994181 0
6375 0.5867400000000809 0.3886199999994294 0
6376 0.5867400000000806 0.3962399999994637 0
6377 0.5867400000000806 0.4038599999995021 0
6378 0.5867400000000804 0.4114799999995405 0
6379 0.5867400000000804 0.4190999999995788 0
6380 0.5867400000000802 0.426719999999611 0
6381 0.5867400000000802 0.4343399999996203 0
6382 0.5867400000000802 0.4419599999996254 0
6383 0.58674000000008 0.4495799999996303 0
6384 0.58674000000008 0.4571999999996353 0
6385 0.5867400000000798 0.4648199999996404 0
6386 0.5867400000000798 0.4724399999996457 0
6387 0.5867400000000798 0.4800599999996517 0
6388 0.5867400000000795 0.4876799999996614 0
6389 0.5867400000000795 0.4952999999996936 0
6390 0.5867400000000795 0.5029199999997332 0
6391 0.5867400000000791 0.5105399999997721 0
6392 0.5867400000000791 0.5181599999998103 0
6393 0.5867400000000791 0.5257799999998489 0
6394 0.5867400000000791 0.5333999999998872 0
6395 0.5867400000000789 0.5410199999999257 0
6396 0.5867400000000789 0.5486399999999642 0
6397 0.5867400000000786 0.5562600000000024 0
6398 0.5867400000000786 0.5638800000000409 0
6399 0.5867400000000786 0.5715000000000793 0
6400 0.5867400000000784 0.5791200000001052 0
6401 0.5867400000000784 0.5867400000000851 0
6402 0.5867400000000783 0.5943600000000571 0
6403 0.5867400000000782 0.6019800000000284 0
6404 0.594360000000057 0.007619999999985022 0
6405 0.594360000000057 0.01523999999996983 0
6406 0.5943600000000567 0.02285999999995384 0
6407 0.5943600000000566 0.03047999999993662 0
6408 0.5943600000000565 0.03809999999992191 0
6409 0.5943600000000565 0.04571999999991083 0
6410 0.5943600000000563 0.05333999999990081 0
6411 0.5943600000000563 0.06095999999988892 0
6412 0.5943600000000565 0.06857999999987892 0
6413 0.5943600000000563 0.07619999999986651 0
6414 0.5943600000000561 0.08381999999984828 0
6415 0.5943600000000561 0.09143999999983005 0
6416 0.5943600000000561 0.0990599999998097 0
6417 0.5943600000000561 0.1066799999997846 0
6418 0.5943600000000562 0.1142999999997648 0
6419 0.5943600000000561 0.1219199999997449 0
6420 0.594360000000056 0.1295399999997258 0
6421 0.594360000000056 0.137159999999711 0
6422 0.594360000000056 0.1447799999996845 0
6423 0.5943600000000556 0.1523999999996569 0
6424 0.5943600000000557 0.1600199999996295 0
6425 0.5943600000000557 0.167639999999603 0
6426 0.5943600000000556 0.175259999999588 0
6427 0.5943600000000556 0.1828799999995776 0
6428 0.5943600000000552 0.1904999999995624 0
6429 0.5943600000000555 0.1981199999995356 0
6430 0.5943600000000553 0.205739999999509 0
6431 0.5943600000000552 0.2133599999994824 0
6432 0.5943600000000552 0.2209799999994576 0
6433 0.5943600000000551 0.228599999999444 0
6434 0.5943600000000551 0.2362199999994302 0
6435 0.5943600000000551 0.2438399999994048 0
6436 0.594360000000055 0.2514599999993857 0
6437 0.5943600000000548 0.25907999999939 0
6438 0.5943600000000547 0.2666999999993855 0
6439 0.5943600000000547 0.274319999999358 0
6440 0.5943600000000546 0.2819399999993304 0
6441 0.5943600000000548 0.2895599999993036 0
6442 0.5943600000000545 0.2971799999992768 0
6443 0.5943600000000545 0.3047999999992606 0
6444 0.5943600000000546 0.3124199999992895 0
6445 0.5943600000000542 0.3200399999993287 0
6446 0.5943600000000543 0.3276599999993595 0
6447 0.5943600000000543 0.3352799999993671 0
6448 0.5943600000000543 0.3428999999993725 0
6449 0.5943600000000543 0.3505199999993786 0
6450 0.5943600000000541 0.3581399999993849 0
6451 0.5943600000000542 0.3657599999993906 0
6452 0.5943600000000542 0.3733799999993961 0
6453 0.5943600000000537 0.3809999999994014 0
6454 0.594360000000054 0.3886199999994133 0
6455 0.5943600000000538 0.3962399999994484 0
6456 0.5943600000000536 0.4038599999994876 0
6457 0.5943600000000536 0.4114799999995269 0
6458 0.5943600000000536 0.4190999999995661 0
6459 0.5943600000000534 0.4267199999995989 0
6460 0.5943600000000534 0.4343399999996087 0
6461 0.5943600000000534 0.4419599999996142 0
6462 0.5943600000000534 0.4495799999996196 0
6463 0.5943600000000534 0.4571999999996251 0
6464 0.5943600000000532 0.4648199999996305 0
6465 0.5943600000000532 0.472439999999636 0
6466 0.5943600000000531 0.4800599999996422 0
6467 0.594360000000053 0.4876799999996521 0
6468 0.594360000000053 0.4952999999996851 0
6469 0.594360000000053 0.5029199999997254 0
6470 0.594360000000053 0.510539999999765 0
6471 0.5943600000000527 0.5181599999998039 0
6472 0.5943600000000527 0.5257799999998432 0
6473 0.5943600000000526 0.5333999999998823 0
6474 0.5943600000000525 0.5410199999999217 0
6475 0.5943600000000525 0.548639999999961 0
6476 0.5943600000000525 0.55626 0
6477 0.5943600000000526 0.5638800000000393 0
6478 0.5943600000000525 0.5715000000000786 0
6479 0.5943600000000526 0.5791200000001052 0
6480 0.5943600000000522 0.5867400000000854 0
6481 0.5943600000000521 0.594360000000057 0
6482 0.5943600000000522 0.6019800000000285 0
6483 0.6019800000000285 0.007619999999985164 0
6484 0.6019800000000286 0.01523999999997011 0
6485 0.6019800000000284 0.02285999999995425 0
6486 0.6019800000000284 0.03047999999993704 0
6487 0.6019800000000284 0.03809999999992175 0
6488 0.6019800000000284 0.04571999999990995 0
6489 0.6019800000000283 0.05333999999989927 0
6490 0.6019800000000284 0.06095999999988668 0
6491 0.6019800000000282 0.06857999999987596 0
6492 0.6019800000000284 0.07619999999986285 0
6493 0.6019800000000284 0.08381999999984384 0
6494 0.6019800000000282 0.0914399999998248 0
6495 0.6019800000000282 0.09905999999980365 0
6496 0.6019800000000279 0.1066799999997777 0
6497 0.6019800000000279 0.1142999999997571 0
6498 0.6019800000000279 0.1219199999997364 0
6499 0.6019800000000279 0.129539999999717 0
6500 0.6019800000000279 0.1371599999997018 0
6501 0.6019800000000279 0.1447799999996749 0
6502 0.6019800000000279 0.1523999999996469 0
6503 0.6019800000000279 0.1600199999996188 0
6504 0.601980000000028 0.1676399999995919 0
6505 0.6019800000000279 0.1752599999995767 0
6506 0.6019800000000279 0.1828799999995659 0
6507 0.6019800000000275 0.1904999999995502 0
6508 0.6019800000000277 0.1981199999995225 0
6509 0.6019800000000277 0.2057399999994949 0
6510 0.6019800000000277 0.2133599999994673 0
6511 0.6019800000000277 0.2209799999994418 0
6512 0.6019800000000275 0.2285999999994278 0
6513 0.6019800000000275 0.2362199999994137 0
6514 0.6019800000000275 0.2438399999993879 0
6515 0.6019800000000275 0.2514599999993685 0
6516 0.6019800000000275 0.2590799999993725 0
6517 0.6019800000000273 0.266699999999368 0
6518 0.6019800000000276 0.2743199999993401 0
6519 0.6019800000000275 0.281939999999312 0
6520 0.6019800000000273 0.2895599999992843 0
6521 0.6019800000000273 0.2971799999992568 0
6522 0.6019800000000273 0.3047999999992398 0
6523 0.6019800000000273 0.3124199999992693 0
6524 0.6019800000000273 0.3200399999993094 0
6525 0.6019800000000273 0.3276599999993408 0
6526 0.601980000000027 0.335279999999349 0
6527 0.601980000000027 0.3428999999993548 0
6528 0.601980000000027 0.3505199999993611 0
6529 0.601980000000027 0.3581399999993672 0
6530 0.601980000000027 0.3657599999993731 0
6531 0.6019800000000268 0.3733799999993789 0
6532 0.601980000000027 0.380999999999385 0
6533 0.6019800000000268 0.3886199999993973 0
6534 0.6019800000000268 0.396239999999433 0
6535 0.6019800000000268 0.4038599999994732 0
6536 0.6019800000000268 0.4114799999995132 0
6537 0.6019800000000268 0.4190999999995532 0
6538 0.6019800000000268 0.4267199999995869 0
6539 0.6019800000000268 0.4343399999995972 0
6540 0.6019800000000266 0.4419599999996029 0
6541 0.6019800000000266 0.4495799999996088 0
6542 0.6019800000000266 0.4571999999996147 0
6543 0.6019800000000266 0.4648199999996205 0
6544 0.6019800000000266 0.4724399999996265 0
6545 0.6019800000000266 0.4800599999996327 0
6546 0.6019800000000267 0.4876799999996431 0
6547 0.6019800000000264 0.4952999999996767 0
6548 0.6019800000000264 0.5029199999997171 0
6549 0.6019800000000264 0.5105399999997574 0
6550 0.6019800000000265 0.5181599999997974 0
6551 0.6019800000000264 0.5257799999998374 0
6552 0.6019800000000264 0.5333999999998774 0
6553 0.6019800000000264 0.5410199999999178 0
6554 0.6019800000000265 0.5486399999999577 0
6555 0.6019800000000264 0.5562599999999978 0
6556 0.6019800000000262 0.5638800000000377 0
6557 0.6019800000000262 0.5715000000000779 0
6558 0.6019800000000262 0.5791200000001054 0
6559 0.6019800000000262 0.5867400000000853 0
6560 0.601980000000026 0.5943600000000571 0
6561 0.6019800000000259 0.6019800000000286 0
$EndNodes
$Elements
6724
1 15 2 0 1 1
2 15 2 0 2 2
3 15 2 0 3 3
4 15 2 0 4 4
5 1 2 0 1 1 5
6 1 2 0 1 5 6
7 1 2 0 1 6 7
8 1 2 0 1 7 8
9 1 2 0 1 8 9
10 1 2 0 1 9 10
11 1 2 0 1 10 11
12 1 2 0 1 11 12
13 1 2 0 1 12 13
14 1 2 0 1 13 14
15 1 2 0 1 14 15
16 1 2 0 1 15 16
17 1 2 0 1 16 17
18 1 2 0 1 17 18
19 1 2 0 1 18 19
20 1 2 0 1 19 20
21 1 2 0 1 20 21
22 1 2 0 1 21 22
23 1 2 0 1 22 23
24 1 2 0 1 23 24
25 1 2 0 1 24 25
26 1 2 0 1 25 26
27 1 2 0 1 26 27
28 1 2 0 1 27 28
29 1 2 0 1 28 29
30 1 2 0 1 29 30
31 1 2 0 1 30 31
32 1 2 0 1 31 32
33 1 2 0 1 32 33
34 1 2 0 1 33 34
35 1 2 0 1 34 35
36 1 2 0 1 35 36
37 1 2 0 1 36 37
38 1 2 0 1 37 38
39 1 2 0 1 38 39
40 1 2 0 1 39 40
41 1 2 0 1 40 41
42 1 2 0 1 41 42
43 1 2 0 1 42 43
44 1 2 0 1 43 44
45 1 2 0 1 44 45
46 1 2 0 1 45 46
47 1 2 0 1 46 47
48 1 2 0 1 47 48
49 1 2 0 1 48 49
50 1 2 0 1 49 50
51 1 2 0 1 50 51
52 1 2 0 1 51 52
53 1 2 0 1 52 53
54 1 2 0 1 53 54
55 1 2 0 1 54 55
56 1 2 0 1 55 56
57 1 2 0 1 56 57
58 1 2 0 1 57 58
59 1 2 0 1 58 59
60 1 2 0 1 59 60
61 1 2 0 1 60 61
62 1 2 0 1 61 62
63 1 2 0 1 62 63
64 1 2 0 1 63 64
65 1 2 0 1 64 65
66 1 2 0 1 65 66
67 1 2 0 1 66 67
68 1 2 0 1 67 68
69 1 2 0 1 68 69
70 1 2 0 1 69 70
71 1 2 0 1 70 71
72 1 2 0 1 71 72
73 1 2 0 1 72 73
74 1 2 0 1 73 74
75 1 2 0 1 74 75
76 1 2 0 1 75 76
77 1 2 0 1 76 77
78 1 2 0 1 77 78
79 1 2 0 1 78 79
80 1 2 0 1 79 80
81 1 2 0 1 80 81
82 1 2 0 1 81 82
83 1 2 0 1 82 83
84 1 2 0 1 83 2
85 1 2 0 2 2 84
86 1 2 0 2 84 85
87 1 2 0 2 85 86
88 1 2 0 2 86 87
89 1 2 0 2 87 88
90 1 2 0 2 88 89
91 1 2 0 2 89 90
92 1 2 0 2 90 91
93 1 2 0 2 91 92
94 1 2 0 2 92 93
95 1 2 0 2 93 94
96 1 2 0 2 94 95
97 1 2 0 2 95 96
98 1 2 0 2 96 97
99 1 2 0 2 97 98
100 1 2 0 2 98 99
101 1 2 0 2 99 100
102 1 2 0 2 100 101
103 1 2 0 2 101 102
104 1 2 0 2 102 103
105 1 2 0 2 103 104
106 1 2 0 2 104 105
107 1 2 0 2 105 106
108 1 2 0 2 106 107
109 1 2 0 2 107 108
110 1 2 0 2 108 109
111 1 2 0 2 109 110
112 1 2 0 2 110 111
113 1 2 0 2 111 112
114 1 2 0 2 112 113
115 1 2 0 2 113 114
116 1 2 0 2 114 115
117 1 2 0 2 115 116
118 1 2 0 2 116 117
119 1 2 0 2 117 118
120 1 2 0 2 118 119
121 1 2 0 2 119 120
122 1 2 0 2 120 121
123 1 2 0 2 121 122
124 1 2 0 2 122 123
125 1 2 0 2 123 124
126 1 2 0 2 124 125
127 1 2 0 2 125 126
128 1 2 0 2 126 127
129 1 2 0 2 127 128
130 1 2 0 2 128 129
131 1 2 0 2 129 130
132 1 2 0 2 130 131
133 1 2 0 2 131 132
134 1 2 0 2 132 133
135 1 2 0 2 133 134
136 1 2 0 2 134 135
137 1 2 0 2 135 136
138 1 2 0 2 136 137
139 1 2 0 2 137 138
140 1 2 0 2 138 139
141 1 2 0 2 139 140
142 1 2 0 2 140 141
143 1 2 0 2 141 142
144 1 2 0 2 142 143
145 1 2 0 2 143 144
146 1 2 0 2 144 145
147 1 2 0 2 145 146
148 1 2 0 2 146 147
149 1 2 0 2 147 148
150 1 2 0 2 148 149
151 1 2 0 2 149 150
152 1 2 0 2 150 151
153 1 2 0 2 151 152
154 1 2 0 2 152 153
155 1 2 0 2 153 154
156 1 2 0 2 154 155
157 1 2 0 2 155 156
158 1 2 0 2 156 157
159 1 2 0 2 157 158
160 1 2 0 2 158 159
161 1 2 0 2 159 160
162 1 2 0 2 160 161
163 1 2 0 2 161 162
164 1 2 0 2 162 3
165 1 2 0 3 3 163
166 1 2 0 3 163 164
167 1 2 0 3 164 165
168 1 2 0 3 165 166
169 1 2 0 3 166 167
170 1 2 0 3 167 168
171 1 2 0 3 168 169
172 1 2 0 3 169 170
173 1 2 0 3 170 171
174 1 2 0 3 171 172
175 1 2 0 3 172 173
176 1 2 0 3 173 174
177 1 2 0 3 174 175
178 1 2 0 3 175 176
179 1 2 0 3 176 177
180 1 2 0 3 177 178
181 1 2 0 3 178 179
182 1 2 0 3 179 180
183 1 2 0 3 180 181
184 1 2 0 3 181 182
185 1 2 0 3 182 183
186 1 2 0 3 183 184
187 1 2 0 3 184 185
188 1 2 0 3 185 186
189 1 2 0 3 186 187
190 1 2 0 3 187 188
191 1 2 0 3 188 189
192 1 2 0 3 189 190
193 1 2 0 3 190 191
194 1 2 0 3 191 192
195 1 2 0 3 192 193
196 1 2 0 3 193 194
197 1 2 0 3 194 195
198 1 2 0 3 195 196
199 1 2 0 3 196 197
200 1 2 0 3 197 198
201 1 2 0 3 198 199
202 1 2 0 3 199 200
203 1 2 0 3 200 201
204 1 2 0 3 201 202
205 1 2 0 3 202 203
206 1 2 0 3 203 204
207 1 2 0 3 204 205
208 1 2 0 3 205 206
209 1 2 0 3 206 207
210 1 2 0 3 207 208
211 1 2 0 3 208 209
212 1 2 0 3 209 210
213 1 2 0 3 210 211
214 1 2 0 3 211 212
215 1 2 0 3 212 213
216 1 2 0 3 213 214
217 1 2 0 3 214 215
218 1 2 0 3 215 216
219 1 2 0 3 216 217
220 1 2 0 3 217 218
221 1 2 0 3 218 219
222 1 2 0 3 219 220
223 1 2 0 3 220 221
224 1 2 0 3 221 222
225 1 2 0 3 222 223
226 1 2 0 3 223 224
227 1 2 0 3 224 225
228 1 2 0 3 225 226
229 1 2 0 3 226 227
230 1 2 0 3 227 228
231 1 2 0 3 228 229
232 1 2 0 3 229 230
233 1 2 0 3 230 231
234 1 2 0 3 231 232
235 1 2 0 3 232 233
236 1 2 0 3 233 234
237 1 2 0 3 234 235
238 1 2 0 3 235 236
239 1 2 0 3 236 237
240 1 2 0 3 237 238
241 1 2 0 3 238 239
242 1 2 0 3 239 240
243 1 2 0 3 240 241
244 1 2 0 3 241 4
245 1 2 0 4 4 242
246 1 2 0 4 242 243
247 1 2 0 4 243 244
248 1 2 0 4 244 245
249 1 2 0 4 245 246
250 1 2 0 4 246 247
251 1 2 0 4 247 248
252 1 2 0 4 248 249
253 1 2 0 4 249 250
254 1 2 0 4 250 251
255 1 2 0 4 251 252
256 1 2 0 4 252 253
257 1 2 0 4 253 254
258 1 2 0 4 254 255
259 1 2 0 4 255 256
260 1 2 0 4 256 257
261 1 2 0 4 257 258
262 1 2 0 4 258 259
263 1 2 0 4 259 260
264 1 2 0 4 260 261
265 1 2 0 4 261 262
266 1 2 0 4 262 263
267 1 2 0 4 263 264
268 1 2 0 4 264 265
269 1 2 0 4 265 266
270 1 2 0 4 266 267
271 1 2 0 4 267 268
272 1 2 0 4 268 269
273 1 2 0 4 269 270
274 1 2 0 4 270 271
275 1 2 0 4 271 272
276 1 2 0 4 272 273
277 1 2 0 4 273 274
278 1 2 0 4 274 275
279 1 2 0 4 275 276
280 1 2 0 4 276 277
281 1 2 0 4 277 278
282 1 2 0 4 278 279
283 1 2 0 4 279 280
284 1 2 0 4 280 281
285 1 2 0 4 281 282
286 1 2 0 4 282 283
287 1 2 0 4 283 284
288 1 2 0 4 284 285
289 1 2 0 4 285 286
290 1 2 0 4 286 287
291 1 2 0 4 287 288
292 1 2 0 4 288 289
293 1 2 0 4 289 290
294 1 2 0 4 290 291
295 1 2 0 4 291 292
296 1 2 0 4 292 293
297 1 2 0 4 293 294
298 1 2 0 4 294 295
299 1 2 0 4 295 296
300 1 2 0 4 296 297
301 1 2 0 4 297 298
302 1 2 0 4 298 299
303 1 2 0 4 299 300
304 1 2 0 4 300 301
305 1 2 0 4 301 302
306 1 2 0 4 302 303
307 1 2 0 4 303 304
308 1 2 0 4 304 305
309 1 2 0 4 305 306
310 1 2 0 4 306 307
311 1 2 0 4 307 308
312 1 2 0 4 308 309
313 1 2 0 4 309 310
314 1 2 0 4 310 311
315 1 2 0 4 311 312
316 1 2 0 4 312 313
317 1 2 0 4 313 314
318 1 2 0 4 314 315
319 1 2 0 4 315 316
320 1 2 0 4 316 317
321 1 2 0 4 317 318
322 1 2 0 4 318 319
323 1 2 0 4 319 320
324 1 2 0 4 320 1
325 3 2 0 6 1 5 321 320
326 3 2 0 6 320 321 322 319
327 3 2 0 6 319 322 323 318
328 3 2 0 6 318 323 324 317
329 3 2 0 6 317 324 325 316
330 3 2 0 6 316 325 326 315
331 3 2 0 6 315 326 327 314
332 3 2 0 6 314 327 328 313
333 3 2 0 6 313 328 329 312
334 3 2 0 6 312 329 330 311
335 3 2 0 6 311 330 331 310
336 3 2 0 6 310 331 332 309
337 3 2 0 6 309 332 333 308
338 3 2 0 6 308 333 334 307
339 3 2 0 6 307 334 335 306
340 3 2 0 6 306 335 336 305
341 3 2 0 6 305 336 337 304
342 3 2 0 6 304 337 338 303
343 3 2 0 6 303 338 339 302
344 3 2 0 6 302 339 340 301
345 3 2 0 6 301 340 341 300
346 3 2 0 6 300 341 342 299
347 3 2 0 6 299 342 343 298
348 3 2 0 6 298 343 344 297
349 3 2 0 6 297 344 345 296
350 3 2 0 6 296 345 346 295
351 3 2 0 6 295 346 347 294
352 3 2 0 6 294 347 348 293
353 3 2 0 6 293 348 349 292
354 3 2 0 6 292 349 350 291
355 3 2 0 6 291 350 351 290
356 3 2 0 6 290 351 352 289
357 3 2 0 6 289 352 353 288
358 3 2 0 6 288 353 354 287
359 3 2 0 6 287 354 355 286
360 3 2 0 6 286 355 356 285
361 3 2 0 6 285 356 357 284
362 3 2 0 6 284 357 358 283
363 3 2 0 6 283 358 359 282
364 3 2 0 6 282 359 360 281
365 3 2 0 6 281 360 361 280
366 3 2 0 6 280 361 362 279
367 3 2 0 6 279 362 363 278
368 3 2 0 6 278 363 364 277
369 3 2 0 6 277 364 365 276
370 3 2 0 6 276 365 366 275
371 3 2 0 6 275 366 367 274
372 3 2 0 6 274 367 368 273
373 3 2 0 6 273 368 369 272
374 3 2 0 6 272 369 370 271
375 3 2 0 6 271 370 371 270
376 3 2 0 6 270 371 372 269
377 3 2 0 6 269 372 373 268
378 3 2 0 6 268 373 374 267
379 3 2 0 6 267 374 375 266
380 3 2 0 6 266 375 376 265
381 3 2 0 6 265 376 377 264
382 3 2 0 6 264 377 378 263
383 3 2 0 6 263 378 379 262
384 3 2 0 6 262 379 380 261
385 3 2 0 6 261 380 381 260
386 3 2 0 6 260 381 382 259
387 3 2 0 6 259 382 383 258
388 3 2 0 6 258 383 384 257
389 3 2 0 6 257 384 385 256
390 3 2 0 6 256 385 386 255
391 3 2 0 6 255 386 387 254
392 3 2 0 6 254 387 388 253
393 3 2 0 6 253 388 389 252
394 3 2 0 6 252 389 390 251
395 3 2 0 6 251 390 391 250
396 3 2 0 6 250 391 392 249
397 3 2 0 6 249 392 393 248
398 3 2 0 6 248 393 394 247
399 3 2 0 6 247 394 395 246
400 3 2 0 6 246 395 396 245
401 3 2 0 6 245 396 397 244
402 3 2 0 6 244 397 398 243
403 3 2 0 6 243 398 399 242
404 3 2 0 6 242 399 241 4
405 3 2 0 6 5 6 400 321
406 3 2 0 6 321 400 401 322
407 3 2 0 6 322 401 402 323
408 3 2 0 6 323 402 403 324
409 3 2 0 6 324 403 404 325
410 3 2 0 6 325 404 405 326
411 3 2 0 6 326 405 406 327
412 3 2 0 6 327 406 407 328
413 3 2 0 6 328 407 408 329
414 3 2 0 6 329 408 409 330
415 3 2 0 6 330 409 410 331
416 3 2 0 6 331 410 411 332
417 3 2 0 6 332 411 412 333
418 3 2 0 6 333 412 413 334
419 3 2 0 6 334 413 414 335
420 3 2 0 6 335 414 415 336
421 3 2 0 6 336 415 416 337
422 3 2 0 6 337 416 417 338
423 3 2 0 6 338 417 418 339
424 3 2 0 6 339 418 419 340
425 3 2 0 6 340 419 420 341
426 3 2 0 6 341 420 421 342
427 3 2 0 6 342 421 422 343
428 3 2 0 6 343 422 423 344
429 3 2 0 6 344 423 424 345
430 3 2 0 6 345 424 425 346
431 3 2 0 6 346 425 426 347
432 3 2 0 6 347 426 427 348
433 3 2 0 6 348 427 428 349
434 3 2 0 6 349 428 429 350
435 3 2 0 6 350 429 430 351
436 3 2 0 6 351 430 431 352
437 3 2 0 6 352 431 432 353
438 3 2 0 6 353 432 433 354
439 3 2 0 6 354 433 434 355
440 3 2 0 6 355 434 435 356
441 3 2 0 6 356 435 436 357
442 3 2 0 6 357 436 437 358
443 3 2 0 6 358 437 438 359
444 3 2 0 6 359 438 439 360
445 3 2 0 6 360 439 440 361
446 3 2 0 6 361 440 441 362
447 3 2 0 6 362 441 442 363
448 3 2 0 6 363 442 443 364
449 3 2 0 6 364 443 444 365
450 3 2 0 6 365 444 445 366
451 3 2 0 6 366 445 446 367
452 3 2 0 6 367 446 447 368
453 3 2 0 6 368 447 448 369
454 3 2 0 6 369 448 449 370
455 3 2 0 6 370 449 450 371
456 3 2 0 6 371 450 451 372
457 3 2 0 6 372 451 452 373
458 3 2 0 6 373 452 453 374
459 3 2 0 6 374 453 454 375
460 3 2 0 6 375 454 455 376
461 3 2 0 6 376 455 456 377
462 3 2 0 6 377 456 457 378
463 3 2 0 6 378 457 458 379
464 3 2 0 6 379 458 459 380
465 3 2 0 6 380 459 460 381
466 3 2 0 6 381 460 461 382
467 3 2 0 6 382 461 462 383
468 3 2 0 6 383 462 463 384
469 3 2 0 6 384 463 464 385
470 3 2 0 6 385 464 465 386
471 3 2 0 6 386 465 466 387
472 3 2 0 6 387 466 467 388
473 3 2 0 6 388 467 468 389
474 3 2 0 6 389 468 469 390
475 3 2 0 6 390 469 470 391
476 3 2 0 6 391 470 471 392
477 3 2 0 6 392 471 472 393
478 3 2 0 6 393 472 473 394
479 3 2 0 6 394 473 474 395
480 3 2 0 6 395 474 475 396
481 3 2 0 6 396 475 476 397
482 3 2 0 6 397 476 477 398
483 3 2 0 6 398 477 478 399
484 3 2 0 6 399 478 240 241
485 3 2 0 6 6 7 479 400
486 3 2 0 6 400 479 480 401
487 3 2 0 6 401 480 481 402
488 3 2 0 6 402 481 482 403
489 3 2 0 6 403 482 483 404
490 3 2 0 6 404 483 484 405
491 3 2 0 6 405 484 485 406
492 3 2 0 6 406 485 486 407
493 3 2 0 6 407 486 487 408
494 3 2 0 6 408 487 488 409
495 3 2 0 6 409 488 489 410
496 3 2 0 6 410 489 490 411
497 3 2 0 6 411 490 491 412
498 3 2 0 6 412 491 492 413
499 3 2 0 6 413 492 493 414
500 3 2 0 6 414 493 494 415
501 3 2 0 6 415 494 495 416
502 3 2 0 6 416 495 496 417
503 3 2 0 6 417 496 497 418
504 3 2 0 6 418 497 498 419
505 3 2 0 6 419 498 499 420
506 3 2 0 6 420 499 500 421
507 3 2 0 6 421 500 501 422
508 3 2 0 6 422 501 502 423
509 3 2 0 6 423 502 503 424
510 3 2 0 6 424 503 504 425
511 3 2 0 6 425 504 505 426
512 3 2 0 6 426 505 506 427
513 3 2 0 6 427 506 507 428
514 3 2 0 6 428 507 508 429
515 3 2 0 6 429 508 509 430
516 3 2 0 6 430 509 510 431
517 3 2 0 6 431 510 511 432
518 3 2 0 6 432 511 512 433
519 3 2 0 6 433 512 513 434
520 3 2 0 6 434 513 514 435
521 3 2 0 6 435 514 515 436
522 3 2 0 6 436 515 516 437
523 3 2 0 6 437 516 517 438
524 3 2 0 6 438 517 518 439
525 3 2 0 6 439 518 519 440
526 3 2 0 6 440 519 520 441
527 3 2 0 6 441 520 521 442
528 3 2 0 6 442 521 522 443
529 3 2 0 6 443 522 523 444
530 3 2 0 6 444 523 524 445
531 3 2 0 6 445 524 525 446
532 3 2 0 6 446 525 526 447
533 3 2 0 6 447 526 527 448
534 3 2 0 6 448 527 528 449
535 3 2 0 6 449 528 529 450
536 3 2 0 6 450 529 530 451
537 3 2 0 6 451 530 531 452
538 3 2 0 6 452 531 532 453
539 3 2 0 6 453 532 533 454
540 3 2 0 6 454 533 534 455
541 3 2 0 6 455 534 535 456
542 3 2 0 6 456 535 536 457
543 3 2 0 6 457 536 537 458
544 3 2 0 6 458 537 538 459
545 3 2 0 6 459 538 539 460
546 3 2 0 6 460 539 540 461
547 3 2 0 6 461 540 541 462
548 3 2 0 6 462 541 542 463
549 3 2 0 6 463 542 543 464
550 3 2 0 6 464 543 544 465
551 3 2 0 6 465 544 545 466
552 3 2 0 6 466 545 546 467
553 3 2 0 6 467 546 547 468
554 3 2 0 6 468 547 548 469
555 3 2 0 6 469 548 549 470
556 3 2 0 6 470 549 550 471
557 3 2 0 6 471 550 551 472
558 3 2 0 6 472 551 552 473
559 3 2 0 6 473 552 553 474
560 3 2 0 6 474 553 554 475
561 3 2 0 6 475 554 555 476
562 3 2 0 6 476 555 556 477
563 3 2 0 6 477 556 557 478
564 3 2 0 6 478 557 239 240
565 3 2 0 6 7 8 558 479
566 3 2 0 6 479 558 559 480
567 3 2 0 6 480 559 560 481
568 3 2 0 6 481 560 561 482
569 3 2 0 6 482 561 562 483
570 3 2 0 6 483 562 563 484
571 3 2 0 6 484 563 564 485
572 3 2 0 6 485 564 565 486
573 3 2 0 6 486 565 566 487
574 3 2 0 6 487 566 567 488
575 3 2 0 6 488 567 568 489
576 3 2 0 6 489 568 569 490
577 3 2 0 6 490 569 570 491
578 3 2 0 6 491 570 571 492
579 3 2 0 6 492 571 572 493
580 3 2 0 6 493 572 573 494
581 3 2 0 6 494 573 574 495
582 3 2 0 6 495 574 575 496
583 3 2 0 6 496 575 576 497
584 3 2 0 6 497 576 577 498
585 3 2 0 6 498 577 578 499
586 3 2 0 6 499 578 579 500
587 3 2 0 6 500 579 580 501
588 3 2 0 6 501 580 581 502
589 3 2 0 6 502 581 582 503
590 3 2 0 6 503 582 583 504
591 3 2 0 6 504 583 584 505
592 3 2 0 6 505 584 585 506
593 3 2 0 6 506 585 586 507
594 3 2 0 6 507 586 587 508
595 3 2 0 6 508 587 588 509
596 3 2 0 6 509 588 589 510
597 3 2 0 6 510 589 590 511
598 3 2 0 6 511 590 591 512
599 3 2 0 6 512 591 592 513
600 3 2 0 6 513 592 593 514
601 3 2 0 6 514 593 594 515
602 3 2 0 6 515 594 595 516
603 3 2 0 6 516 595 596 517
604 3 2 0 6 517 596 597 518
605 3 2 0 6 518 597 598 519
606 3 2 0 6 519 598 599 520
607 3 2 0 6 520 599 600 521
608 3 2 0 6 521 600 601 522
609 3 2 0 6 522 601 602 523
610 3 2 0 6 523 602 603 524
611 3 2 0 6 524 603 604 525
612 3 2 0 6 525 604 605 526
613 3 2 0 6 526 605 606 527
614 3 2 0 6 527 606 607 528
615 3 2 0 6 528 607 608 529
616 3 2 0 6 529 608 609 530
617 3 2 0 6 530 609 610 531
618 3 2 0 6 531 610 611 532
619 3 2 0 6 532 611 612 533
620 3 2 0 6 533 612 613 534
621 3 2 0 6 534 613 614 535
622 3 2 0 6 535 614 615 536
623 3 2 0 6 536 615 616 537
624 3 2 0 6 537 616 617 538
625 3 2 0 6 538 617 618 539
626 3 2 0 6 539 618 619 540
627 3 2 0 6 540 619 620 541
628 3 2 0 6 541 620 621 542
629 3 2 0 6 542 621 622 543
630 3 2 0 6 543 622 623 544
631 3 2 0 6 544 623 624 545
632 3 2 0 6 545 624 625 546
633 3 2 0 6 546 625 626 547
634 3 2 0 6 547 626 627 548
635 3 2 0 6 548 627 628 549
636 3 2 0 6 549 628 629 550
637 3 2 0 6 550 629 630 551
638 3 2 0 6 551 630 631 552
639 3 2 0 6 552 631 632 553
640 3 2 0 6 553 632 633 554
641 3 2 0 6 554 633 634 555
642 3 2 0 6 555 634 635 556
643 3 2 0 6 556 635 636 557
644 3 2 0 6 557 636 238 239
645 3 2 0 6 8 9 637 558
646 3 2 0 6 558 637 638 559
647 3 2 0 6 559 638 639 560
648 3 2 0 6 560 639 640 561
649 3 2 0 6 561 640 641 562
650 3 2 0 6 562 641 642 563
651 3 2 0 6 563 642 643 564
652 3 2 0 6 564 643 644 565
653 3 2 0 6 565 644 645 566
654 3 2 0 6 566 645 646 567
655 3 2 0 6 567 646 647 568
656 3 2 0 6 568 647 648 569
657 3 2 0 6 569 648 649 570
658 3 2 0 6 570 649 650 571
659 3 2 0 6 571 650 651 572
660 3 2 0 6 572 651 652 573
661 3 2 0 6 573 652 653 574
662 3 2 0 6 574 653 654 575
663 3 2 0 6 575 654 655 576
664 3 2 0 6 576 655 656 577
665 3 2 0 6 577 656 657 578
666 3 2 0 6 578 657 658 579
667 3 2 0 6 579 658 659 580
668 3 2 0 6 580 659 660 581
669 3 2 0 6 581 660 661 582
670 3 2 0 6 582 661 662 583
671 3 2 0 6 583 662 663 584
672 3 2 0 6 584 663 664 585
673 3 2 0 6 585 664 665 586
674 3 2 0 6 586 665 666 587
675 3 2 0 6 587 666 667 588
676 3 2 0 6 588 667 668 589
677 3 2 0 6 589 668 669 590
678 3 2 0 6 590 669 670 591
679 3 2 0 6 591 670 671 592
680 3 2 0 6 592 671 672 593
681 3 2 0 6 593 672 673 594
682 3 2 0 6 594 673 674 595
683 3 2 0 6 595 674 675 596
684 3 2 0 6 596 675 676 597
685 3 2 0 6 597 676 677 598
686 3 2 0 6 598 677 678 599
687 3 2 0 6 599 678 679 600
688 3 2 0 6 600 679 680 601
689 3 2 0 6 601 680 681 602
690 3 2 0 6 602 681 682 603
691 3 2 0 6 603 682 683 604
692 3 2 0 6 604 683 684 605
693 3 2 0 6 605 684 685 606
694 3 2 0 6 606 685 686 607
695 3 2 0 6 607 686 687 608
696 3 2 0 6 608 687 688 609
697 3 2 0 6 609 688 689 610
698 3 2 0 6 610 689 690 611
699 3 2 0 6 611 690 691 612
700 3 2 0 6 612 691 692 613
701 3 2 0 6 613 692 693 614
702 3 2 0 6 614 693 694 615
703 3 2 0 6 615 694 695 616
704 3 2 0 6 616 695 696 617
705 3 2 0 6 617 696 697 618
706 3 2 0 6 618 697 698 619
707 3 2 0 6 619 698 699 620
708 3 2 0 6 620 699 700 621
709 3 2 0 6 621 700 701 622
710 3 2 0 6 622 701 702 623
711 3 2 0 6 623 702 703 624
712 3 2 0 6 624 703 704 625
713 3 2 0 6 625 704 705 626
714 3 2 0 6 626 705 706 627
715 3 2 0 6 627 706 707 628
716 3 2 0 6 628 707 708 629
717 3 2 0 6 629 708 709 630
718 3 2 0 6 630 709 710 631
719 3 2 0 6 631 710 711 632
720 3 2 0 6 632 711 712 633
721 3 2 0 6 633 712 713 634
722 3 2 0 6 634 713 714 635
723 3 2 0 6 635 714 715 636
724 3 2 0 6 636 715 237 238
725 3 2 0 6 9 10 716 637
726 3 2 0 6 637 716 717 638
727 3 2 0 6 638 717 718 639
728 3 2 0 6 639 718 719 640
729 3 2 0 6 640 719 720 641
730 3 2 0 6 641 720 721 642
731 3 2 0 6 642 721 722 643
732 3 2 0 6 643 722 723 644
733 3 2 0 6 644 723 724 645
734 3 2 0 6 645 724 725 646
735 3 2 0 6 646 725 726 647
736 3 2 0 6 647 726 727 648
737 3 2 0 6 648 727 728 649
738 3 2 0 6 649 728 729 650
739 3 2 0 6 650 729 730 651
740 3 2 0 6 651 730 731 652
741 3 2 0 6 652 731 732 653
742 3 2 0 6 653 732 733 654
743 3 2 0 6 654 733 734 655
744 3 2 0 6 655 734 735 656
745 3 2 0 6 656 735 736 657
746 3 2 0 6 657 736 737 658
747 3 2 0 6 658 737 738 659
748 3 2 0 6 659 738 739 660
749 3 2 0 6 660 739 740 661
750 3 2 0 6 661 740 741 662
751 3 2 0 6 662 741 742 663
752 3 2 0 6 663 742 743 664
753 3 2 0 6 664 743 744 665
754 3 2 0 6 665 744 745 666
755 3 2 0 6 666 745 746 667
756 3 2 0 6 667 746 747 668
757 3 2 0 6 668 747 748 669
758 3 2 0 6 669 748 749 670
759 3 2 0 6 670 749 750 671
760 3 2 0 6 671 750 751 672
761 3 2 0 6 672 751 752 673
762 3 2 0 6 673 752 753 674
763 3 2 0 6 674 753 754 675
764 3 2 0 6 675 754 755 676
765 3 2 0 6 676 755 756 677
766 3 2 0 6 677 756 757 678
767 3 2 0 6 678 757 758 679
768 3 2 0 6 679 758 759 680
769 3 2 0 6 680 759 760 681
770 3 2 0 6 681 760 761 682
771 3 2 0 6 682 761 762 683
772 3 2 0 6 683 762 763 684
773 3 2 0 6 684 763 764 685
774 3 2 0 6 685 764 765 686
775 3 2 0 6 686 765 766 687
776 3 2 0 6 687 766 767 688
777 3 2 0 6 688 767 768 689
778 3 2 0 6 689 768 769 690
779 3 2 0 6 690 769 770 691
780 3 2 0 6 691 770 771 692
781 3 2 0 6 692 771 772 693
782 3 2 0 6 693 772 773 694
783 3 2 0 6 694 773 774 695
784 3 2 0 6 695 774 775 696
785 3 2 0 6 696 775 776 697
786 3 2 0 6 697 776 777 698
787 3 2 0 6 698 777 778 699
788 3 2 0 6 699 778 779 700
789 3 2 0 6 700 779 780 701
790 3 2 0 6 701 780 781 702
791 3 2 0 6 702 781 782 703
792 3 2 0 6 703 782 783 704
793 3 2 0 6 704 783 784 705
794 3 2 0 6 705 784 785 706
795 3 2 0 6 706 785 786 707
796 3 2 0 6 707 786 787 708
797 3 2 0 6 708 787 788 709
798 3 2 0 6 709 788 789 710
799 3 2 0 6 710 789 790 711
800 3 2 0 6 711 790 791 712
801 3 2 0 6 712 791 792 713
802 3 2 0 6 713 792 793 714
803 3 2 0 6 714 793 794 715
804 3 2 0 6 715 794 236 237
805 3 2 0 6 10 11 795 716
806 3 2 0 6 716 795 796 717
807 3 2 0 6 717 796 797 718
808 3 2 0 6 718 797 798 719
809 3 2 0 6 719 798 799 720
810 3 2 0 6 720 799 800 721
811 3 2 0 6 721 800 801 722
812 3 2 0 6 722 801 802 723
813 3 2 0 6 723 802 803 724
814 3 2 0 6 724 803 804 725
815 3 2 0 6 725 804 805 726
816 3 2 0 6 726 805 806 727
817 3 2 0 6 727 806 807 728
818 3 2 0 6 728 807 808 729
819 3 2 0 6 729 808 809 730
820 3 2 0 6 730 809 810 731
821 3 2 0 6 731 810 811 732
822 3 2 0 6 732 811 812 733
823 3 2 0 6 733 812 813 734
824 3 2 0 6 734 813 814 735
825 3 2 0 6 735 814 815 736
826 3 2 0 6 736 815 816 737
827 3 2 0 6 737 816 817 738
828 3 2 0 6 738 817 818 739
829 3 2 0 6 739 818 819 740
830 3 2 0 6 740 819 820 741
831 3 2 0 6 741 820 821 742
832 3 2 0 6 742 821 822 743
833 3 2 0 6 743 822 823 744
834 3 2 0 6 744 823 824 745
835 3 2 0 6 745 824 825 746
836 3 2 0 6 746 825 826 747
837 3 2 0 6 747 826 827 748
838 3 2 0 6 748 827 828 749
839 3 2 0 6 749 828 829 750
840 3 2 0 6 750 829 830 751
841 3 2 0 6 751 830 831 752
842 3 2 0 6 752 831 832 753
843 3 2 0 6 753 832 833 754
844 3 2 0 6 754 833 834 755
845 3 2 0 6 755 834 835 756
846 3 2 0 6 756 835 836 757
847 3 2 0 6 757 836 837 758
848 3 2 0 6 758 837 838 759
849 3 2 0 6 759 838 839 760
850 3 2 0 6 760 839 840 761
851 3 2 0 6 761 840 841 762
852 3 2 0 6 762 841 842 763
853 3 2 0 6 763 842 843 764
854 3 2 0 6 764 843 844 765
855 3 2 0 6 765 844 845 766
856 3 2 0 6 766 845 846 767
857 3 2 0 6 767 846 847 768
858 3 2 0 6 768 847 848 769
859 3 2 0 6 769 848 849 770
860 3 2 0 6 770 849 850 771
861 3 2 0 6 771 850 851 772
862 3 2 0 6 772 851 852 773
863 3 2 0 6 773 852 853 774
864 3 2 0 6 774 853 854 775
865 3 2 0 6 775 854 855 776
866 3 2 0 6 776 855 856 777
867 3 2 0 6 777 856 857 778
868 3 2 0 6 778 857 858 779
869 3 2 0 6 779 858 859 780
870 3 2 0 6 780 859 860 781
871 3 2 0 6 781 860 861 782
872 3 2 0 6 782 861 862 783
873 3 2 0 6 783 862 863 784
874 3 2 0 6 784 863 864 785
875 3 2 0 6 785 864 865 786
876 3 2 0 6 786 865 866 787
877 3 2 0 6 787 866 867 788
878 3 2 0 6 788 867 868 789
879 3 2 0 6 789 868 869 790
880 3 2 0 6 790 869 870 791
881 3 2 0 6 791 870 871 792
882 3 2 0 6 792 871 872 793
883 3 2 0 6 793 872 873 794
884 3 2 0 6 794 873 235 236
885 3 2 0 6 11 12 874 795
886 3 2 0 6 795 874 875 796
887 3 2 0 6 796 875 876 797
888 3 2 0 6 797 876 877 798
889 3 2 0 6 798 877 878 799
890 3 2 0 6 799 878 879 800
891 3 2 0 6 800 879 880 801
892 3 2 0 6 801 880 881 802
893 3 2 0 6 802 881 882 803
894 3 2 0 6 803 882 883 804
895 3 2 0 6 804 883 884 805
896 3 2 0 6 805 884 885 806
897 3 2 0 6 806 885 886 807
898 3 2 0 6 807 886 887 808
899 3 2 0 6 808 887 888 809
900 3 2 0 6 809 888 889 810
901 3 2 0 6 810 889 890 811
902 3 2 0 6 811 890 891 812
903 3 2 0 6 812 891 892 813
904 3 2 0 6 813 892 893 814
905 3 2 0 6 814 893 894 815
906 3 2 0 6 815 894 895 816
907 3 2 0 6 816 895 896 817
908 3 2 0 6 817 896 897 818
909 3 2 0 6 818 897 898 819
910 3 2 0 6 819 898 899 820
911 3 2 0 6 820 899 900 821
912 3 2 0 6 821 900 901 822
913 3 2 0 6 822 901 902 823
914 3 2 0 6 823 902 903 824
915 3 2 0 6 824 903 904 825
916 3 2 0 6 825 904 905 826
917 3 2 0 6 826 905 906 827
918 3 2 0 6 827 906 907 828
919 3 2 0 6 828 907 908 829
920 3 2 0 6 829 908 909 830
921 3 2 0 6 830 909 910 831
922 3 2 0 6 831 910 911 832
923 3 2 0 6 832 911 912 833
924 3 2 0 6 833 912 913 834
925 3 2 0 6 834 913 914 835
926 3 2 0 6 835 914 915 836
927 3 2 0 6 836 915 916 837
928 3 2 0 6 837 916 917 838
929 3 2 0 6 838 917 918 839
930 3 2 0 6 839 918 919 840
931 3 2 0 6 840 919 920 841
932 3 2 0 6 841 920 921 842
933 3 2 0 6 842 921 922 843
934 3 2 0 6 843 922 923 844
935 3 2 0 6 844 923 924 845
936 3 2 0 6 845 924 925 846
937 3 2 0 6 846 925 926 847
938 3 2 0 6 847 926 927 848
939 3 2 0 6 848 927 928 849
940 3 2 0 6 849 928 929 850
941 3 2 0 6 850 929 930 851
942 3 2 0 6 851 930 931 852
943 3 2 0 6 852 931 932 853
944 3 2 0 6 853 932 933 854
945 3 2 0 6 854 933 934 855
946 3 2 0 6 855 934 935 856
947 3 2 0 6 856 935 936 857
948 3 2 0 6 857 936 937 858
949 3 2 0 6 858 937 938 859
950 3 2 0 6 859 938 939 860
951 3 2 0 6 860 939 940 861
952 3 2 0 6 861 940 941 862
953 3 2 0 6 862 941 942 863
954 3 2 0 6 863 942 943 864
955 3 2 0 6 864 943 944 865
956 3 2 0 6 865 944 945 866
957 3 2 0 6 866 945 946 867
958 3 2 0 6 867 946 947 868
959 3 2 0 6 868 947 948 869
960 3 2 0 6 869 948 949 870
961 3 2 0 6 870 949 950 871
962 3 2 0 6 871 950 951 872
963 3 2 0 6 872 951 952 873
964 3 2 0 6 873 952 234 235
965 3 2 0 6 12 13 953 874
966 3 2 0 6 874 953 954 875
967 3 2 0 6 875 954 955 876
968 3 2 0 6 876 955 956 877
969 3 2 0 6 877 956 957 878
970 3 2 0 6 878 957 958 879
971 3 2 0 6 879 958 959 880
972 3 2 0 6 880 959 960 881
973 3 2 0 6 881 960 961 882
974 3 2 0 6 882 961 962 883
975 3 2 0 6 883 962 963 884
976 3 2 0 6 884 963 964 885
977 3 2 0 6 885 964 965 886
978 3 2 0 6 886 965 966 887
979 3 2 0 6 887 966 967 888
980 3 2 0 6 888 967 968 889
981 3 2 0 6 889 968 969 890
982 3 2 0 6 890 969 970 891
983 3 2 0 6 891 970 971 892
984 3 2 0 6 892 971 972 893
985 3 2 0 6 893 972 973 894
986 3 2 0 6 894 973 974 895
987 3 2 0 6 895 974 975 896
988 3 2 0 6 896 975 976 897
989 3 2 0 6 897 976 977 898
990 3 2 0 6 898 977 978 899
991 3 2 0 6 899 978 979 900
992 3 2 0 6 900 979 980 901
993 3 2 0 6 901 980 981 902
994 3 2 0 6 902 981 982 903
995 3 2 0 6 903 982 983 904
996 3 2 0 6 904 983 984 905
997 3 2 0 6 905 984 985 906
998 3 2 0 6 906 985 986 907
999 3 2 0 6 907 986 987 908
1000 3 2 0 6 908 987 988 909
1001 3 2 0 6 909 988 989 910
1002 3 2 0 6 910 989 990 911
1003 3 2 0 6 911 990 991 912
1004 3 2 0 6 912 991 992 913
1005 3 2 0 6 913 992 993 914
1006 3 2 0 6 914 993 994 915
1007 3 2 0 6 915 994 995 916
1008 3 2 0 6 916 995 996 917
1009 3 2 0 6 917 996 997 918
1010 3 2 0 6 918 997 998 919
1011 3 2 0 6 919 998 999 920
1012 3 2 0 6 920 999 1000 921
1013 3 2 0 6 921 1000 1001 922
1014 3 2 0 6 922 1001 1002 923
1015 3 2 0 6 923 1002 1003 924
1016 3 2 0 6 924 1003 1004 925
1017 3 2 0 6 925 1004 1005 926
1018 3 2 0 6 926 1005 1006 927
1019 3 2 0 6 927 1006 1007 928
1020 3 2 0 6 928 1007 1008 929
1021 3 2 0 6 929 1008 1009 930
1022 3 2 0 6 930 1009 1010 931
1023 3 2 0 6 931 1010 1011 932
1024 3 2 0 6 932 1011 1012 933
1025 3 2 0 6 933 1012 1013 934
1026 3 2 0 6 934 1013 1014 935
1027 3 2 0 6 935 1014 1015 936
1028 3 2 0 6 936 1015 1016 937
1029 3 2 0 6 937 1016 1017 938
1030 3 2 0 6 938 1017 1018 939
1031 3 2 0 6 939 1018 1019 940
1032 3 2 0 6 940 1019 1020 941
1033 3 2 0 6 941 1020 1021 942
1034 3 2 0 6 942 1021 1022 943
1035 3 2 0 6 943 1022 1023 944
1036 3 2 0 6 944 1023 1024 945
1037 3 2 0 6 945 1024 1025 946
1038 3 2 0 6 946 1025 1026 947
1039 3 2 0 6 947 1026 1027 948
1040 3 2 0 6 948 1027 1028 949
1041 3 2 0 6 949 1028 1029 950
1042 3 2 0 6 950 1029 1030 951
1043 3 2 0 6 951 1030 1031 952
1044 3 2 0 6 952 1031 233 234
1045 3 2 0 6 13 14 1032 953
1046 3 2 0 6 953 1032 1033 954
1047 3 2 0 6 954 1033 1034 955
1048 3 2 0 6 955 1034 1035 956
1049 3 2 0 6 956 1035 1036 957
1050 3 2 0 6 957 1036 1037 958
1051 3 2 0 6 958 1037 1038 959
1052 3 2 0 6 959 1038 1039 960
1053 3 2 0 6 960 1039 1040 961
1054 3 2 0 6 961 1040 1041 962
1055 3 2 0 6 962 1041 1042 963
1056 3 2 0 6 963 1042 1043 964
1057 3 2 0 6 964 1043 1044 965
1058 3 2 0 6 965 1044 1045 966
1059 3 2 0 6 966 1045 1046 967
1060 3 2 0 6 967 1046 1047 968
1061 3 2 0 6 968 1047 1048 969
1062 3 2 0 6 969 1048 1049 970
1063 3 2 0 6 970 1049 1050 971
1064 3 2 0 6 971 1050 1051 972
1065 3 2 0 6 972 1051 1052 973
1066 3 2 0 6 973 1052 1053 974
1067 3 2 0 6 974 1053 1054 975
1068 3 2 0 6 975 1054 1055 976
1069 3 2 0 6 976 1055 1056 977
1070 3 2 0 6 977 1056 1057 978
1071 3 2 0 6 978 1057 1058 979
1072 3 2 0 6 979 1058 1059 980
1073 3 2 0 6 980 1059 1060 981
1074 3 2 0 6 981 1060 1061 982
1075 3 2 0 6 982 1061 1062 983
1076 3 2 0 6 983 1062 1063 984
1077 3 2 0 6 984 1063 1064 985
1078 3 2 0 6 985 1064 1065 986
1079 3 2 0 6 986 1065 1066 987
1080 3 2 0 6 987 1066 1067 988
1081 3 2 0 6 988 1067 1068 989
1082 3 2 0 6 989 1068 1069 990
1083 3 2 0 6 990 1069 1070 991
1084 3 2 0 6 991 1070 1071 992
1085 3 2 0 6 992 1071 1072 993
1086 3 2 0 6 993 1072 1073 994
1087 3 2 0 6 994 1073 1074 995
1088 3 2 0 6 995 1074 1075 996
1089 3 2 0 6 996 1075 1076 997
1090 3 2 0 6 997 1076 1077 998
1091 3 2 0 6 998 1077 1078 999
1092 3 2 0 6 999 1078 1079 1000
1093 3 2 0 6 1000 1079 1080 1001
1094 3 2 0 6 1001 1080 1081 1002
1095 3 2 0 6 1002 1081 1082 1003
1096 3 2 0 6 1003 1082 1083 1004
1097 3 2 0 6 1004 1083 1084 1005
1098 3 2 0 6 1005 1084 1085 1006
1099 3 2 0 6 1006 1085 1086 1007
1100 3 2 0 6 1007 1086 1087 1008
1101 3 2 0 6 1008 1087 1088 1009
1102 3 2 0 6 1009 1088 1089 1010
1103 3 2 0 6 1010 1089 1090 1011
1104 3 2 0 6 1011 1090 1091 1012
1105 3 2 0 6 1012 1091 1092 1013
1106 3 2 0 6 1013 1092 1093 1014
1107 3 2 0 6 1014 1093 1094 1015
1108 3 2 0 6 1015 1094 1095 1016
1109 3 2 0 6 1016 1095 1096 1017
1110 3 2 0 6 1017 1096 1097 1018
1111 3 2 0 6 1018 1097 1098 1019
1112 3 2 0 6 1019 1098 1099 1020
1113 3 2 0 6 1020 1099 1100 1021
1114 3 2 0 6 1021 1100 1101 1022
1115 3 2 0 6 1022 1101 1102 1023
1116 3 2 0 6 1023 1102 1103 1024
1117 3 2 0 6 1024 1103 1104 1025
1118 3 2 0 6 1025 1104 1105 1026
1119 3 2 0 6 1026 1105 1106 1027
1120 3 2 0 6 1027 1106 1107 1028
1121 3 2 0 6 1028 1107 1108 1029
1122 3 2 0 6 1029 1108 1109 1030
1123 3 2 0 6 1030 1109 1110 1031
1124 3 2 0 6 1031 1110 232 233
1125 3 2 0 6 14 15 1111 1032
1126 3 2 0 6 1032 1111 1112 1033
1127 3 2 0 6 1033 1112 1113 1034
1128 3 2 0 6 1034 1113 1114 1035
1129 3 2 0 6 1035 1114 1115 1036
1130 3 2 0 6 1036 1115 1116 1037
1131 3 2 0 6 1037 1116 1117 1038
1132 3 2 0 6 1038 1117 1118 1039
1133 3 2 0 6 1039 1118 1119 1040
1134 3 2 0 6 1040 1119 1120 1041
1135 3 2 0 6 1041 1120 1121 1042
1136 3 2 0 6 1042 1121 1122 1043
1137 3 2 0 6 1043 1122 1123 1044
1138 3 2 0 6 1044 1123 1124 1045
1139 3 2 0 6 1045 1124 1125 1046
1140 3 2 0 6 1046 1125 1126 1047
1141 3 2 0 6 1047 1126 1127 1048
1142 3 2 0 6 1048 1127 1128 1049
1143 3 2 0 6 1049 1128 1129 1050
1144 3 2 0 6 1050 1129 1130 1051
1145 3 2 0 6 1051 1130 1131 1052
1146 3 2 0 6 1052 1131 1132 1053
1147 3 2 0 6 1053 1132 1133 1054
1148 3 2 0 6 1054 1133 1134 1055
1149 3 2 0 6 1055 1134 1135 1056
1150 3 2 0 6 1056 1135 1136 1057
1151 3 2 0 6 1057 1136 1137 1058
1152 3 2 0 6 1058 1137 1138 1059
1153 3 2 0 6 1059 1138 1139 1060
1154 3 2 0 6 1060 1139 1140 1061
1155 3 2 0 6 1061 1140 1141 1062
1156 3 2 0 6 1062 1141 1142 1063
1157 3 2 0 6 1063 1142 1143 1064
1158 3 2 0 6 1064 1143 1144 1065
1159 3 2 0 6 1065 1144 1145 1066
1160 3 2 0 6 1066 1145 1146 1067
1161 3 2 0 6 1067 1146 1147 1068
1162 3 2 0 6 1068 1147 1148 1069
1163 3 2 0 6 1069 1148 1149 1070
1164 3 2 0 6 1070 1149 1150 1071
1165 3 2 0 6 1071 1150 1151 1072
1166 3 2 0 6 1072 1151 1152 1073
1167 3 2 0 6 1073 1152 1153 1074
1168 3 2 0 6 1074 1153 1154 1075
1169 3 2 0 6 1075 1154 1155 1076
1170 3 2 0 6 1076 1155 1156 1077
1171 3 2 0 6 1077 1156 1157 1078
1172 3 2 0 6 1078 1157 1158 1079
1173 3 2 0 6 1079 1158 1159 1080
1174 3 2 0 6 1080 1159 1160 1081
1175 3 2 0 6 1081 1160 1161 1082
1176 3 2 0 6 1082 1161 1162 1083
1177 3 2 0 6 1083 1162 1163 1084
1178 3 2 0 6 1084 1163 1164 1085
1179 3 2 0 6 1085 1164 1165 1086
1180 3 2 0 6 1086 1165 1166 1087
1181 3 2 0 6 1087 1166 1167 1088
1182 3 2 0 6 1088 1167 1168 1089
1183 3 2 0 6 1089 1168 1169 1090
1184 3 2 0 6 1090 1169 1170 1091
1185 3 2 0 6 1091 1170 1171 1092
1186 3 2 0 6 1092 1171 1172 1093
1187 3 2 0 6 1093 1172 1173 1094
1188 3 2 0 6 1094 1173 1174 1095
1189 3 2 0 6 1095 1174 1175 1096
1190 3 2 0 6 1096 1175 1176 1097
1191 3 2 0 6 1097 1176 1177 1098
1192 3 2 0 6 1098 1177 1178 1099
1193 3 2 0 6 1099 1178 1179 1100
1194 3 2 0 6 1100 1179 1180 1101
1195 3 2 0 6 1101 1180 1181 1102
1196 3 2 0 6 1102 1181 1182 1103
1197 3 2 0 6 1103 1182 1183 1104
1198 3 2 0 6 1104 1183 1184 1105
1199 3 2 0 6 1105 1184 1185 1106
1200 3 2 0 6 1106 1185 1186 1107
1201 3 2 0 6 1107 1186 1187 1108
1202 3 2 0 6 1108 1187 1188 1109
1203 3 2 0 6 1109 1188 1189 1110
1204 3 2 0 6 1110 1189 231 232
1205 3 2 0 6 15 16 1190 1111
1206 3 2 0 6 1111 1190 1191 1112
1207 3 2 0 6 1112 1191 1192 1113
1208 3 2 0 6 1113 1192 1193 1114
1209 3 2 0 6 1114 1193 1194 1115
1210 3 2 0 6 1115 1194 1195 1116
1211 3 2 0 6 1116 1195 1196 1117
1212 3 2 0 6 1117 1196 1197 1118
1213 3 2 0 6 1118 1197 1198 1119
1214 3 2 0 6 1119 1198 1199 1120
1215 3 2 0 6 1120 1199 1200 1121
1216 3 2 0 6 1121 1200 1201 1122
1217 3 2 0 6 1122 1201 1202 1123
1218 3 2 0 6 1123 1202 1203 1124
1219 3 2 0 6 1124 1203 1204 1125
1220 3 2 0 6 1125 1204 1205 1126
1221 3 2 0 6 1126 1205 1206 1127
1222 3 2 0 6 1127 1206 1207 1128
1223 3 2 0 6 1128 1207 1208 1129
1224 3 2 0 6 1129 1208 1209 1130
1225 3 2 0 6 1130 1209 1210 1131
1226 3 2 0 6 1131 1210 1211 1132
1227 3 2 0 6 1132 1211 1212 1133
1228 3 2 0 6 1133 1212 1213 1134
1229 3 2 0 6 1134 1213 1214 1135
1230 3 2 0 6 1135 1214 1215 1136
1231 3 2 0 6 1136 1215 1216 1137
1232 3 2 0 6 1137 1216 1217 1138
1233 3 2 0 6 1138 1217 1218 1139
1234 3 2 0 6 1139 1218 1219 1140
1235 3 2 0 6 1140 1219 1220 1141
1236 3 2 0 6 1141 1220 1221 1142
1237 3 2 0 6 1142 1221 1222 1143
1238 3 2 0 6 1143 1222 1223 1144
1239 3 2 0 6 1144 1223 1224 1145
1240 3 2 0 6 1145 1224 1225 1146
1241 3 2 0 6 1146 1225 1226 1147
1242 3 2 0 6 1147 1226 1227 1148
1243 3 2 0 6 1148 1227 1228 1149
1244 3 2 0 6 1149 1228 1229 1150
1245 3 2 0 6 1150 1229 1230 1151
1246 3 2 0 6 1151 1230 1231 1152
1247 3 2 0 6 1152 1231 1232 1153
1248 3 2 0 6 1153 1232 1233 1154
1249 3 2 0 6 1154 1233 1234 1155
1250 3 2 0 6 1155 1234 1235 1156
1251 3 2 0 6 1156 1235 1236 1157
1252 3 2 0 6 1157 1236 1237 1158
1253 3 2 0 6 1158 1237 1238 1159
1254 3 2 0 6 1159 1238 1239 1160
1255 3 2 0 6 1160 1239 1240 1161
1256 3 2 0 6 1161 1240 1241 1162
1257 3 2 0 6 1162 1241 1242 1163
1258 3 2 0 6 1163 1242 1243 1164
1259 3 2 0 6 1164 1243 1244 1165
1260 3 2 0 6 1165 1244 1245 1166
1261 3 2 0 6 1166 1245 1246 1167
1262 3 2 0 6 1167 1246 1247 1168
1263 3 2 0 6 1168 1247 1248 1169
1264 3 2 0 6 1169 1248 1249 1170
1265 3 2 0 6 1170 1249 1250 1171
1266 3 2 0 6 1171 1250 1251 1172
1267 3 2 0 6 1172 1251 1252 1173
1268 3 2 0 6 1173 1252 1253 1174
1269 3 2 0 6 1174 1253 1254 1175
1270 3 2 0 6 1175 1254 1255 1176
1271 3 2 0 6 1176 1255 1256 1177
1272 3 2 0 6 1177 1256 1257 1178
1273 3 2 0 6 1178 1257 1258 1179
1274 3 2 0 6 1179 1258 1259 1180
1275 3 2 0 6 1180 1259 1260 1181
1276 3 2 0 6 1181 1260 1261 1182
1277 3 2 0 6 1182 1261 1262 1183
1278 3 2 0 6 1183 1262 1263 1184
1279 3 2 0 6 1184 1263 1264 1185
1280 3 2 0 6 1185 1264 1265 1186
1281 3 2 0 6 1186 1265 1266 1187
1282 3 2 0 6 1187 1266 1267 1188
1283 3 2 0 6 1188 1267 1268 1189
1284 3 2 0 6 1189 1268 230 231
1285 3 2 0 6 16 17 1269 1190
1286 3 2 0 6 1190 1269 1270 1191
1287 3 2 0 6 1191 1270 1271 1192
1288 3 2 0 6 1192 1271 1272 1193
1289 3 2 0 6 1193 1272 1273 1194
1290 3 2 0 6 1194 1273 1274 1195
1291 3 2 0 6 1195 1274 1275 1196
1292 3 2 0 6 1196 1275 1276 1197
1293 3 2 0 6 1197 1276 1277 1198
1294 3 2 0 6 1198 1277 1278 1199
1295 3 2 0 6 1199 1278 1279 1200
1296 3 2 0 6 1200 1279 1280 1201
1297 3 2 0 6 1201 1280 1281 1202
1298 3 2 0 6 1202 1281 1282 1203
1299 3 2 0 6 1203 1282 1283 1204
1300 3 2 0 6 1204 1283 1284 1205
1301 3 2 0 6 1205 1284 1285 1206
1302 3 2 0 6 1206 1285 1286 1207
1303 3 2 0 6 1207 1286 1287 1208
1304 3 2 0 6 1208 1287 1288 1209
1305 3 2 0 6 1209 1288 1289 1210
1306 3 2 0 6 1210 1289 1290 1211
1307 3 2 0 6 1211 1290 1291 1212
1308 3 2 0 6 1212 1291 1292 1213
1309 3 2 0 6 1213 1292 1293 1214
1310 3 2 0 6 1214 1293 1294 1215
1311 3 2 0 6 1215 1294 1295 1216
1312 3 2 0 6 1216 1295 1296 1217
1313 3 2 0 6 1217 1296 1297 1218
1314 3 2 0 6 1218 1297 1298 1219
1315 3 2 0 6 1219 1298 1299 1220
1316 3 2 0 6 1220 1299 1300 1221
1317 3 2 0 6 1221 1300 1301 1222
1318 3 2 0 6 1222 1301 1302 1223
1319 3 2 0 6 1223 1302 1303 1224
1320 3 2 0 6 1224 1303 1304 1225
1321 3 2 0 6 1225 1304 1305 1226
1322 3 2 0 6 1226 1305 1306 1227
1323 3 2 0 6 1227 1306 1307 1228
1324 3 2 0 6 1228 1307 1308 1229
1325 3 2 0 6 1229 1308 1309 1230
1326 3 2 0 6 1230 1309 1310 1231
1327 3 2 0 6 1231 1310 1311 1232
1328 3 2 0 6 1232 1311 1312 1233
1329 3 2 0 6 1233 1312 1313 1234
1330 3 2 0 6 1234 1313 1314 1235
1331 3 2 0 6 1235 1314 1315 1236
1332 3 2 0 6 1236 1315 1316 1237
1333 3 2 0 6 1237 1316 1317 1238
1334 3 2 0 6 1238 1317 1318 1239
1335 3 2 0 6 1239 1318 1319 1240
1336 3 2 0 6 1240 1319 1320 1241
1337 3 2 0 6 1241 1320 1321 1242
1338 3 2 0 6 1242 1321 1322 1243
1339 3 2 0 6 1243 1322 1323 1244
1340 3 2 0 6 1244 1323 1324 1245
1341 3 2 0 6 1245 1324 1325 1246
1342 3 2 0 6 1246 1325 1326 1247
1343 3 2 0 6 1247 1326 1327 1248
1344 3 2 0 6 1248 1327 1328 1249
1345 3 2 0 6 1249 1328 1329 1250
1346 3 2 0 6 1250 1329 1330 1251
1347 3 2 0 6 1251 1330 1331 1252
1348 3 2 0 6 1252 1331 1332 1253
1349 3 2 0 6 1253 1332 1333 1254
1350 3 2 0 6 1254 1333 1334 1255
1351 3 2 0 6 1255 1334 1335 1256
1352 3 2 0 6 1256 1335 1336 1257
1353 3 2 0 6 1257 1336 1337 1258
1354 3 2 0 6 1258 1337 1338 1259
1355 3 2 0 6 1259 1338 1339 1260
1356 3 2 0 6 1260 1339 1340 1261
1357 3 2 0 6 1261 1340 1341 1262
1358 3 2 0 6 1262 1341 1342 1263
1359 3 2 0 6 1263 1342 1343 1264
1360 3 2 0 6 1264 1343 1344 1265
1361 3 2 0 6 1265 1344 1345 1266
1362 3 2 0 6 1266 1345 1346 1267
1363 3 2 0 6 1267 1346 1347 1268
1364 3 2 0 6 1268 1347 229 230
1365 3 2 0 6 17 18 1348 1269
1366 3 2 0 6 1269 1348 1349 1270
1367 3 2 0 6 1270 1349 1350 1271
1368 3 2 0 6 1271 1350 1351 1272
1369 3 2 0 6 1272 1351 1352 1273
1370 3 2 0 6 1273 1352 1353 1274
1371 3 2 0 6 1274 1353 1354 1275
1372 3 2 0 6 1275 1354 1355 1276
1373 3 2 0 6 1276 1355 1356 1277
1374 3 2 0 6 1277 1356 1357 1278
1375 3 2 0 6 1278 1357 1358 1279
1376 3 2 0 6 1279 1358 1359 1280
1377 3 2 0 6 1280 1359 1360 1281
1378 3 2 0 6 1281 1360 1361 1282
1379 3 2 0 6 1282 1361 1362 1283
1380 3 2 0 6 1283 1362 1363 1284
1381 3 2 0 6 1284 1363 1364 1285
1382 3 2 0 6 1285 1364 1365 1286
1383 3 2 0 6 1286 1365 1366 1287
1384 3 2 0 6 1287 1366 1367 1288
1385 3 2 0 6 1288 1367 1368 1289
1386 3 2 0 6 1289 1368 1369 1290
1387 3 2 0 6 1290 1369 1370 1291
1388 3 2 0 6 1291 1370 1371 1292
1389 3 2 0 6 1292 1371 1372 1293
1390 3 2 0 6 1293 1372 1373 1294
1391 3 2 0 6 1294 1373 1374 1295
1392 3 2 0 6 1295 1374 1375 1296
1393 3 2 0 6 1296 1375 1376 1297
1394 3 2 0 6 1297 1376 1377 1298
1395 3 2 0 6 1298 1377 1378 1299
1396 3 2 0 6 1299 1378 1379 1300
1397 3 2 0 6 1300 1379 1380 1301
1398 3 2 0 6 1301 1380 1381 1302
1399 3 2 0 6 1302 1381 1382 1303
1400 3 2 0 6 1303 1382 1383 1304
1401 3 2 0 6 1304 1383 1384 1305
1402 3 2 0 6 1305 1384 1385 1306
1403 3 2 0 6 1306 1385 1386 1307
1404 3 2 0 6 1307 1386 1387 1308
1405 3 2 0 6 1308 1387 1388 1309
1406 3 2 0 6 1309 1388 1389 1310
1407 3 2 0 6 1310 1389 1390 1311
1408 3 2 0 6 1311 1390 1391 1312
1409 3 2 0 6 1312 1391 1392 1313
1410 3 2 0 6 1313 1392 1393 1314
1411 3 2 0 6 1314 1393 1394 1315
1412 3 2 0 6 1315 1394 1395 1316
1413 3 2 0 6 1316 1395 1396 1317
1414 3 2 0 6 1317 1396 1397 1318
1415 3 2 0 6 1318 1397 1398 1319
1416 3 2 0 6 1319 1398 1399 1320
1417 3 2 0 6 1320 1399 1400 1321
1418 3 2 0 6 1321 1400 1401 1322
1419 3 2 0 6 1322 1401 1402 1323
1420 3 2 0 6 1323 1402 1403 1324
1421 3 2 0 6 1324 1403 1404 1325
1422 3 2 0 6 1325 1404 1405 1326
1423 3 2 0 6 1326 1405 1406 1327
1424 3 2 0 6 1327 1406 1407 1328
1425 3 2 0 6 1328 1407 1408 1329
1426 3 2 0 6 1329 1408 1409 1330
1427 3 2 0 6 1330 1409 1410 1331
1428 3 2 0 6 1331 1410 1411 1332
1429 3 2 0 6 1332 1411 1412 1333
1430 3 2 0 6 1333 1412 1413 1334
1431 3 2 0 6 1334 1413 1414 1335
1432 3 2 0 6 1335 1414 1415 1336
1433 3 2 0 6 1336 1415 1416 1337
1434 3 2 0 6 1337 1416 1417 1338
1435 3 2 0 6 1338 1417 1418 1339
1436 3 2 0 6 1339 1418 1419 1340
1437 3 2 0 6 1340 1419 1420 1341
1438 3 2 0 6 1341 1420 1421 1342
1439 3 2 0 6 1342 1421 1422 1343
1440 3 2 0 6 1343 1422 1423 1344
1441 3 2 0 6 1344 1423 1424 1345
1442 3 2 0 6 1345 1424 1425 1346
1443 3 2 0 6 1346 1425 1426 1347
1444 3 2 0 6 1347 1426 228 229
1445 3 2 0 6 18 19 1427 1348
1446 3 2 0 6 1348 1427 1428 1349
1447 3 2 0 6 1349 1428 1429 1350
1448 3 2 0 6 1350 1429 1430 1351
1449 3 2 0 6 1351 1430 1431 1352
1450 3 2 0 6 1352 1431 1432 1353
1451 3 2 0 6 1353 1432 1433 1354
1452 3 2 0 6 1354 1433 1434 1355
1453 3 2 0 6 1355 1434 1435 1356
1454 3 2 0 6 1356 1435 1436 1357
1455 3 2 0 6 1357 1436 1437 1358
1456 3 2 0 6 1358 1437 1438 1359
1457 3 2 0 6 1359 1438 1439 1360
1458 3 2 0 6 1360 1439 1440 1361
1459 3 2 0 6 1361 1440 1441 1362
1460 3 2 0 6 1362 1441 1442 1363
1461 3 2 0 6 1363 1442 1443 1364
1462 3 2 0 6 1364 1443 1444 1365
1463 3 2 0 6 1365 1444 1445 1366
1464 3 2 0 6 1366 1445 1446 1367
1465 3 2 0 6 1367 1446 1447 1368
1466 3 2 0 6 1368 1447 1448 1369
1467 3 2 0 6 1369 1448 1449 1370
1468 3 2 0 6 1370 1449 1450 1371
1469 3 2 0 6 1371 1450 1451 1372
1470 3 2 0 6 1372 1451 1452 1373
1471 3 2 0 6 1373 1452 1453 1374
1472 3 2 0 6 1374 1453 1454 1375
1473 3 2 0 6 1375 1454 1455 1376
1474 3 2 0 6 1376 1455 1456 1377
1475 3 2 0 6 1377 1456 1457 1378
1476 3 2 0 6 1378 1457 1458 1379
1477 3 2 0 6 1379 1458 1459 1380
1478 3 2 0 6 1380 1459 1460 1381
1479 3 2 0 6 1381 1460 1461 1382
1480 3 2 0 6 1382 1461 1462 1383
1481 3 2 0 6 1383 1462 1463 1384
1482 3 2 0 6 1384 1463 1464 1385
1483 3 2 0 6 1385 1464 1465 1386
1484 3 2 0 6 1386 1465 1466 1387
1485 3 2 0 6 1387 1466 1467 1388
1486 3 2 0 6 1388 1467 1468 1389
1487 3 2 0 6 1389 1468 1469 1390
1488 3 2 0 6 1390 1469 1470 1391
1489 3 2 0 6 1391 1470 1471 1392
1490 3 2 0 6 1392 1471 1472 1393
1491 3 2 0 6 1393 1472 1473 1394
1492 3 2 0 6 1394 1473 1474 1395
1493 3 2 0 6 1395 1474 1475 1396
1494 3 2 0 6 1396 1475 1476 1397
1495 3 2 0 6 1397 1476 1477 1398
1496 3 2 0 6 1398 1477 1478 1399
1497 3 2 0 6 1399 1478 1479 1400
1498 3 2 0 6 1400 1479 1480 1401
1499 3 2 0 6 1401 1480 1481 1402
1500 3 2 0 6 1402 1481 1482 1403
1501 3 2 0 6 1403 1482 1483 1404
1502 3 2 0 6 1404 1483 1484 1405
1503 3 2 0 6 1405 1484 1485 1406
1504 3 2 0 6 1406 1485 1486 1407
1505 3 2 0 6 1407 1486 1487 1408
1506 3 2 0 6 1408 1487 1488 1409
1507 3 2 0 6 1409 1488 1489 1410
1508 3 2 0 6 1410 1489 1490 1411
1509 3 2 0 6 1411 1490 1491 1412
1510 3 2 0 6 1412 1491 1492 1413
1511 3 2 0 6 1413 1492 1493 1414
1512 3 2 0 6 1414 1493 1494 1415
1513 3 2 0 6 1415 1494 1495 1416
1514 3 2 0 6 1416 1495 1496 1417
1515 3 2 0 6 1417 1496 1497 1418
1516 3 2 0 6 1418 1497 1498 1419
1517 3 2 0 6 1419 1498 1499 1420
1518 3 2 0 6 1420 1499 1500 1421
1519 3 2 0 6 1421 1500 1501 1422
1520 3 2 0 6 1422 1501 1502 1423
1521 3 2 0 6 1423 1502 1503 1424
1522 3 2 0 6 1424 1503 1504 1425
1523 3 2 0 6 1425 1504 1505 1426
1524 3 2 0 6 1426 1505 227 228
1525 3 2 0 6 19 20 1506 1427
1526 3 2 0 6 1427 1506 1507 1428
1527 3 2 0 6 1428 1507 1508 1429
1528 3 2 0 6 1429 1508 1509 1430
1529 3 2 0 6 1430 1509 1510 1431
1530 3 2 0 6 1431 1510 1511 1432
1531 3 2 0 6 1432 1511 1512 1433
1532 3 2 0 6 1433 1512 1513 1434
1533 3 2 0 6 1434 1513 1514 1435
1534 3 2 0 6 1435 1514 1515 1436
1535 3 2 0 6 1436 1515 1516 1437
1536 3 2 0 6 1437 1516 1517 1438
1537 3 2 0 6 1438 1517 1518 1439
1538 3 2 0 6 1439 1518 1519 1440
1539 3 2 0 6 1440 1519 1520 1441
1540 3 2 0 6 1441 1520 1521 1442
1541 3 2 0 6 1442 1521 1522 1443
1542 3 2 0 6 1443 1522 1523 1444
1543 3 2 0 6 1444 1523 1524 1445
1544 3 2 0 6 1445 1524 1525 1446
1545 3 2 0 6 1446 1525 1526 1447
1546 3 2 0 6 1447 1526 1527 1448
1547 3 2 0 6 1448 1527 1528 1449
1548 3 2 0 6 1449 1528 1529 1450
1549 3 2 0 6 1450 1529 1530 1451
1550 3 2 0 6 1451 1530 1531 1452
1551 3 2 0 6 1452 1531 1532 1453
1552 3 2 0 6 1453 1532 1533 1454
1553 3 2 0 6 1454 1533 1534 1455
1554 3 2 0 6 1455 1534 1535 1456
1555 3 2 0 6 1456 1535 1536 1457
1556 3 2 0 6 1457 1536 1537 1458
1557 3 2 0 6 1458 1537 1538 1459
1558 3 2 0 6 1459 1538 1539 1460
1559 3 2 0 6 1460 1539 1540 1461
1560 3 2 0 6 1461 1540 1541 1462
1561 3 2 0 6 1462 1541 1542 1463
1562 3 2 0 6 1463 1542 1543 1464
1563 3 2 0 6 1464 1543 1544 1465
1564 3 2 0 6 1465 1544 1545 1466
1565 3 2 0 6 1466 1545 1546 1467
1566 3 2 0 6 1467 1546 1547 1468
1567 3 2 0 6 1468 1547 1548 1469
1568 3 2 0 6 1469 1548 1549 1470
1569 3 2 0 6 1470 1549 1550 1471
1570 3 2 0 6 1471 1550 1551 1472
1571 3 2 0 6 1472 1551 1552 1473
1572 3 2 0 6 1473 1552 1553 1474
1573 3 2 0 6 1474 1553 1554 1475
1574 3 2 0 6 1475 1554 1555 1476
1575 3 2 0 6 1476 1555 1556 1477
1576 3 2 0 6 1477 1556 1557 1478
1577 3 2 0 6 1478 1557 1558 1479
1578 3 2 0 6 1479 1558 1559 1480
1579 3 2 0 6 1480 1559 1560 1481
1580 3 2 0 6 1481 1560 1561 1482
1581 3 2 0 6 1482 1561 1562 1483
1582 3 2 0 6 1483 1562 1563 1484
1583 3 2 0 6 1484 1563 1564 1485
1584 3 2 0 6 1485 1564 1565 1486
1585 3 2 0 6 1486 1565 1566 1487
1586 3 2 0 6 1487 1566 1567 1488
1587 3 2 0 6 1488 1567 1568 1489
1588 3 2 0 6 1489 1568 1569 1490
1589 3 2 0 6 1490 1569 1570 1491
1590 3 2 0 6 1491 1570 1571 1492
1591 3 2 0 6 1492 1571 1572 1493
1592 3 2 0 6 1493 1572 1573 1494
1593 3 2 0 6 1494 1573 1574 1495
1594 3 2 0 6 1495 1574 1575 1496
1595 3 2 0 6 1496 1575 1576 1497
1596 3 2 0 6 1497 1576 1577 1498
1597 3 2 0 6 1498 1577 1578 1499
1598 3 2 0 6 1499 1578 1579 1500
1599 3 2 0 6 1500 1579 1580 1501
1600 3 2 0 6 1501 1580 1581 1502
1601 3 2 0 6 1502 1581 1582 1503
1602 3 2 0 6 1503 1582 1583 1504
1603 3 2 0 6 1504 1583 1584 1505
1604 3 2 0 6 1505 1584 226 227
1605 3 2 0 6 20 21 1585 1506
1606 3 2 0 6 1506 1585 1586 1507
1607 3 2 0 6 1507 1586 1587 1508
1608 3 2 0 6 1508 1587 1588 1509
1609 3 2 0 6 1509 1588 1589 1510
1610 3 2 0 6 1510 1589 1590 1511
1611 3 2 0 6 1511 1590 1591 1512
1612 3 2 0 6 1512 1591 1592 1513
1613 3 2 0 6 1513 1592 1593 1514
1614 3 2 0 6 1514 1593 1594 1515
1615 3 2 0 6 1515 1594 1595 1516
1616 3 2 0 6 1516 1595 1596 1517
1617 3 2 0 6 1517 1596 1597 1518
1618 3 2 0 6 1518 1597 1598 1519
1619 3 2 0 6 1519 1598 1599 1520
1620 3 2 0 6 1520 1599 1600 1521
1621 3 2 0 6 1521 1600 1601 1522
1622 3 2 0 6 1522 1601 1602 1523
1623 3 2 0 6 1523 1602 1603 1524
1624 3 2 0 6 1524 1603 1604 1525
1625 3 2 0 6 1525 1604 1605 1526
1626 3 2 0 6 1526 1605 1606 1527
1627 3 2 0 6 1527 1606 1607 1528
1628 3 2 0 6 1528 1607 1608 1529
1629 3 2 0 6 1529 1608 1609 1530
1630 3 2 0 6 1530 1609 1610 1531
1631 3 2 0 6 1531 1610 1611 1532
1632 3 2 0 6 1532 1611 1612 1533
1633 3 2 0 6 1533 1612 1613 1534
1634 3 2 0 6 1534 1613 1614 1535
1635 3 2 0 6 1535 1614 1615 1536
1636 3 2 0 6 1536 1615 1616 1537
1637 3 2 0 6 1537 1616 1617 1538
1638 3 2 0 6 1538 1617 1618 1539
1639 3 2 0 6 1539 1618 1619 1540
1640 3 2 0 6 1540 1619 1620 1541
1641 3 2 0 6 1541 1620 1621 1542
1642 3 2 0 6 1542 1621 1622 1543
1643 3 2 0 6 1543 1622 1623 1544
1644 3 2 0 6 1544 1623 1624 1545
1645 3 2 0 6 1545 1624 1625 1546
1646 3 2 0 6 1546 1625 1626 1547
1647 3 2 0 6 1547 1626 1627 1548
1648 3 2 0 6 1548 1627 1628 1549
1649 3 2 0 6 1549 1628 1629 1550
1650 3 2 0 6 1550 1629 1630 1551
1651 3 2 0 6 1551 1630 1631 1552
1652 3 2 0 6 1552 1631 1632 1553
1653 3 2 0 6 1553 1632 1633 1554
1654 3 2 0 6 1554 1633 1634 1555
1655 3 2 0 6 1555 1634 1635 1556
1656 3 2 0 6 1556 1635 1636 1557
1657 3 2 0 6 1557 1636 1637 1558
1658 3 2 0 6 1558 1637 1638 1559
1659 3 2 0 6 1559 1638 1639 1560
1660 3 2 0 6 1560 1639 1640 1561
1661 3 2 0 6 1561 1640 1641 1562
1662 3 2 0 6 1562 1641 1642 1563
1663 3 2 0 6 1563 1642 1643 1564
1664 3 2 0 6 1564 1643 1644 1565
1665 3 2 0 6 1565 1644 1645 1566
1666 3 2 0 6 1566 1645 1646 1567
1667 3 2 0 6 1567 1646 1647 1568
1668 3 2 0 6 1568 1647 1648 1569
1669 3 2 0 6 1569 1648 1649 1570
1670 3 2 0 6 1570 1649 1650 1571
1671 3 2 0 6 1571 1650 1651 1572
1672 3 2 0 6 1572 1651 1652 1573
1673 3 2 0 6 1573 1652 1653 1574
1674 3 2 0 6 1574 1653 1654 1575
1675 3 2 0 6 1575 1654 1655 1576
1676 3 2 0 6 1576 1655 1656 1577
1677 3 2 0 6 1577 1656 1657 1578
1678 3 2 0 6 1578 1657 1658 1579
1679 3 2 0 6 1579 1658 1659 1580
1680 3 2 0 6 1580 1659 1660 1581
1681 3 2 0 6 1581 1660 1661 1582
1682 3 2 0 6 1582 1661 1662 1583
1683 3 2 0 6 1583 1662 1663 1584
1684 3 2 0 6 1584 1663 225 226
1685 3 2 0 6 21 22 1664 1585
1686 3 2 0 6 1585 1664 1665 1586
1687 3 2 0 6 1586 1665 1666 1587
1688 3 2 0 6 1587 1666 1667 1588
1689 3 2 0 6 1588 1667 1668 1589
1690 3 2 0 6 1589 1668 1669 1590
1691 3 2 0 6 1590 1669 1670 1591
1692 3 2 0 6 1591 1670 1671 1592
1693 3 2 0 6 1592 1671 1672 1593
1694 3 2 0 6 1593 1672 1673 1594
1695 3 2 0 6 1594 1673 1674 1595
1696 3 2 0 6 1595 1674 1675 1596
1697 3 2 0 6 1596 1675 1676 1597
1698 3 2 0 6 1597 1676 1677 1598
1699 3 2 0 6 1598 1677 1678 1599
1700 3 2 0 6 1599 1678 1679 1600
1701 3 2 0 6 1600 1679 1680 1601
1702 3 2 0 6 1601 1680 1681 1602
1703 3 2 0 6 1602 1681 1682 1603
1704 3 2 0 6 1603 1682 1683 1604
1705 3 2 0 6 1604 1683 1684 1605
1706 3 2 0 6 1605 1684 1685 1606
1707 3 2 0 6 1606 1685 1686 1607
1708 3 2 0 6 1607 1686 1687 1608
1709 3 2 0 6 1608 1687 1688 1609
1710 3 2 0 6 1609 1688 1689 1610
1711 3 2 0 6 1610 1689 1690 1611
1712 3 2 0 6 1611 1690 1691 1612
1713 3 2 0 6 1612 1691 1692 1613
1714 3 2 0 6 1613 1692 1693 1614
1715 3 2 0 6 1614 1693 1694 1615
1716 3 2 0 6 1615 1694 1695 1616
1717 3 2 0 6 1616 1695 1696 1617
1718 3 2 0 6 1617 1696 1697 1618
1719 3 2 0 6 1618 1697 1698 1619
1720 3 2 0 6 1619 1698 1699 1620
1721 3 2 0 6 1620 1699 1700 1621
1722 3 2 0 6 1621 1700 1701 1622
1723 3 2 0 6 1622 1701 1702 1623
1724 3 2 0 6 1623 1702 1703 1624
1725 3 2 0 6 1624 1703 1704 1625
1726 3 2 0 6 1625 1704 1705 1626
1727 3 2 0 6 1626 1705 1706 1627
1728 3 2 0 6 1627 1706 1707 1628
1729 3 2 0 6 1628 1707 1708 1629
1730 3 2 0 6 1629 1708 1709 1630
1731 3 2 0 6 1630 1709 1710 1631
1732 3 2 0 6 1631 1710 1711 1632
1733 3 2 0 6 1632 1711 1712 1633
1734 3 2 0 6 1633 1712 1713 1634
1735 3 2 0 6 1634 1713 1714 1635
1736 3 2 0 6 1635 1714 1715 1636
1737 3 2 0 6 1636 1715 1716 1637
1738 3 2 0 6 1637 1716 1717 1638
1739 3 2 0 6 1638 1717 1718 1639
1740 3 2 0 6 1639 1718 1719 1640
1741 3 2 0 6 1640 1719 1720 1641
1742 3 2 0 6 1641 1720 1721 1642
1743 3 2 0 6 1642 1721 1722 1643
1744 3 2 0 6 1643 1722 1723 1644
1745 3 2 0 6 1644 1723 1724 1645
1746 3 2 0 6 1645 1724 1725 1646
1747 3 2 0 6 1646 1725 1726 1647
1748 3 2 0 6 1647 1726 1727 1648
1749 3 2 0 6 1648 1727 1728 1649
1750 3 2 0 6 1649 1728 1729 1650
1751 3 2 0 6 1650 1729 1730 1651
1752 3 2 0 6 1651 1730 1731 1652
1753 3 2 0 6 1652 1731 1732 1653
1754 3 2 0 6 1653 1732 1733 1654
1755 3 2 0 6 1654 1733 1734 1655
1756 3 2 0 6 1655 1734 1735 1656
1757 3 2 0 6 1656 1735 1736 1657
1758 3 2 0 6 1657 1736 1737 1658
1759 3 2 0 6 1658 1737 1738 1659
1760 3 2 0 6 1659 1738 1739 1660
1761 3 2 0 6 1660 1739 1740 1661
1762 3 2 0 6 1661 1740 1741 1662
1763 3 2 0 6 1662 1741 1742 1663
1764 3 2 0 6 1663 1742 224 225
1765 3 2 0 6 22 23 1743 1664
1766 3 2 0 6 1664 1743 1744 1665
1767 3 2 0 6 1665 1744 1745 1666
1768 3 2 0 6 1666 1745 1746 1667
1769 3 2 0 6 1667 1746 1747 1668
1770 3 2 0 6 1668 1747 1748 1669
1771 3 2 0 6 1669 1748 1749 1670
1772 3 2 0 6 1670 1749 1750 1671
1773 3 2 0 6 1671 1750 1751 1672
1774 3 2 0 6 1672 1751 1752 1673
1775 3 2 0 6 1673 1752 1753 1674
1776 3 2 0 6 1674 1753 1754 1675
1777 3 2 0 6 1675 1754 1755 1676
1778 3 2 0 6 1676 1755 1756 1677
1779 3 2 0 6 1677 1756 1757 1678
1780 3 2 0 6 1678 1757 1758 1679
1781 3 2 0 6 1679 1758 1759 1680
1782 3 2 0 6 1680 1759 1760 1681
1783 3 2 0 6 1681 1760 1761 1682
1784 3 2 0 6 1682 1761 1762 1683
1785 3 2 0 6 1683 1762 1763 1684
1786 3 2 0 6 1684 1763 1764 1685
1787 3 2 0 6 1685 1764 1765 1686
1788 3 2 0 6 1686 1765 1766 1687
1789 3 2 0 6 1687 1766 1767 1688
1790 3 2 0 6 1688 1767 1768 1689
1791 3 2 0 6 1689 1768 1769 1690
1792 3 2 0 6 1690 1769 1770 1691
1793 3 2 0 6 1691 1770 1771 1692
1794 3 2 0 6 1692 1771 1772 1693
1795 3 2 0 6 1693 1772 1773 1694
1796 3 2 0 6 1694 1773 1774 1695
1797 3 2 0 6 1695 1774 1775 1696
1798 3 2 0 6 1696 1775 1776 1697
1799 3 2 0 6 1697 1776 1777 1698
1800 3 2 0 6 1698 1777 1778 1699
1801 3 2 0 6 1699 1778 1779 1700
1802 3 2 0 6 1700 1779 1780 1701
1803 3 2 0 6 1701 1780 1781 1702
1804 3 2 0 6 1702 1781 1782 1703
1805 3 2 0 6 1703 1782 1783 1704
1806 3 2 0 6 1704 1783 1784 1705
1807 3 2 0 6 1705 1784 1785 1706
1808 3 2 0 6 1706 1785 1786 1707
1809 3 2 0 6 1707 1786 1787 1708
1810 3 2 0 6 1708 1787 1788 1709
1811 3 2 0 6 1709 1788 1789 1710
1812 3 2 0 6 1710 1789 1790 1711
1813 3 2 0 6 1711 1790 1791 1712
1814 3 2 0 6 1712 1791 1792 1713
1815 3 2 0 6 1713 1792 1793 1714
1816 3 2 0 6 1714 1793 1794 1715
1817 3 2 0 6 1715 1794 1795 1716
1818 3 2 0 6 1716 1795 1796 1717
1819 3 2 0 6 1717 1796 1797 1718
1820 3 2 0 6 1718 1797 1798 1719
1821 3 2 0 6 1719 1798 1799 1720
1822 3 2 0 6 1720 1799 1800 1721
1823 3 2 0 6 1721 1800 1801 1722
1824 3 2 0 6 1722 1801 1802 1723
1825 3 2 0 6 1723 1802 1803 1724
1826 3 2 0 6 1724 1803 1804 1725
1827 3 2 0 6 1725 1804 1805 1726
1828 3 2 0 6 1726 1805 1806 1727
1829 3 2 0 6 1727 1806 1807 1728
1830 3 2 0 6 1728 1807 1808 1729
1831 3 2 0 6 1729 1808 1809 1730
1832 3 2 0 6 1730 1809 1810 1731
1833 3 2 0 6 1731 1810 1811 1732
1834 3 2 0 6 1732 1811 1812 1733
1835 3 2 0 6 1733 1812 1813 1734
1836 3 2 0 6 1734 1813 1814 1735
1837 3 2 0 6 1735 1814 1815 1736
1838 3 2 0 6 1736 1815 1816 1737
1839 3 2 0 6 1737 1816 1817 1738
1840 3 2 0 6 1738 1817 1818 1739
1841 3 2 0 6 1739 1818 1819 1740
1842 3 2 0 6 1740 1819 1820 1741
1843 3 2 0 6 1741 1820 1821 1742
1844 3 2 0 6 1742 1821 223 224
1845 3 2 0 6 23 24 1822 1743
1846 3 2 0 6 1743 1822 1823 1744
1847 3 2 0 6 1744 1823 1824 1745
1848 3 2 0 6 1745 1824 1825 1746
1849 3 2 0 6 1746 1825 1826 1747
1850 3 2 0 6 1747 1826 1827 1748
1851 3 2 0 6 1748 1827 1828 1749
1852 3 2 0 6 1749 1828 1829 1750
1853 3 2 0 6 1750 1829 1830 1751
1854 3 2 0 6 1751 1830 1831 1752
1855 3 2 0 6 1752 1831 1832 1753
1856 3 2 0 6 1753 1832 1833 1754
1857 3 2 0 6 1754 1833 1834 1755
1858 3 2 0 6 1755 1834 1835 1756
1859 3 2 0 6 1756 1835 1836 1757
1860 3 2 0 6 1757 1836 1837 1758
1861 3 2 0 6 1758 1837 1838 1759
1862 3 2 0 6 1759 1838 1839 1760
1863 3 2 0 6 1760 1839 1840 1761
1864 3 2 0 6 1761 1840 1841 1762
1865 3 2 0 6 1762 1841 1842 1763
1866 3 2 0 6 1763 1842 1843 1764
1867 3 2 0 6 1764 1843 1844 1765
1868 3 2 0 6 1765 1844 1845 1766
1869 3 2 0 6 1766 1845 1846 1767
1870 3 2 0 6 1767 1846 1847 1768
1871 3 2 0 6 1768 1847 1848 1769
1872 3 2 0 6 1769 1848 1849 1770
1873 3 2 0 6 1770 1849 1850 1771
1874 3 2 0 6 1771 1850 1851 1772
1875 3 2 0 6 1772 1851 1852 1773
1876 3 2 0 6 1773 1852 1853 1774
1877 3 2 0 6 1774 1853 1854 1775
1878 3 2 0 6 1775 1854 1855 1776
1879 3 2 0 6 1776 1855 1856 1777
1880 3 2 0 6 1777 1856 1857 1778
1881 3 2 0 6 1778 1857 1858 1779
1882 3 2 0 6 1779 1858 1859 1780
1883 3 2 0 6 1780 1859 1860 1781
1884 3 2 0 6 1781 1860 1861 1782
1885 3 2 0 6 1782 1861 1862 1783
1886 3 2 0 6 1783 1862 1863 1784
1887 3 2 0 6 1784 1863 1864 1785
1888 3 2 0 6 1785 1864 1865 1786
1889 3 2 0 6 1786 1865 1866 1787
1890 3 2 0 6 1787 1866 1867 1788
1891 3 2 0 6 1788 1867 1868 1789
1892 3 2 0 6 1789 1868 1869 1790
1893 3 2 0 6 1790 1869 1870 1791
1894 3 2 0 6 1791 1870 1871 1792
1895 3 2 0 6 1792 1871 1872 1793
1896 3 2 0 6 1793 1872 1873 1794
1897 3 2 0 6 1794 1873 1874 1795
1898 3 2 0 6 1795 1874 1875 1796
1899 3 2 0 6 1796 1875 1876 1797
1900 3 2 0 6 1797 1876 1877 1798
1901 3 2 0 6 1798 1877 1878 1799
1902 3 2 0 6 1799 1878 1879 1800
1903 3 2 0 6 1800 1879 1880 1801
1904 3 2 0 6 1801 1880 1881 1802
1905 3 2 0 6 1802 1881 1882 1803
1906 3 2 0 6 1803 1882 1883 1804
1907 3 2 0 6 1804 1883 1884 1805
1908 3 2 0 6 1805 1884 1885 1806
1909 3 2 0 6 1806 1885 1886 1807
1910 3 2 0 6 1807 1886 1887 1808
1911 3 2 0 6 1808 1887 1888 1809
1912 3 2 0 6 1809 1888 1889 1810
1913 3 2 0 6 1810 1889 1890 1811
1914 3 2 0 6 1811 1890 1891 1812
1915 3 2 0 6 1812 1891 1892 1813
1916 3 2 0 6 1813 1892 1893 1814
1917 3 2 0 6 1814 1893 1894 1815
1918 3 2 0 6 1815 1894 1895 1816
1919 3 2 0 6 1816 1895 1896 1817
1920 3 2 0 6 1817 1896 1897 1818
1921 3 2 0 6 1818 1897 1898 1819
1922 3 2 0 6 1819 1898 1899 1820
1923 3 2 0 6 1820 1899 1900 1821
1924 3 2 0 6 1821 1900 222 223
1925 3 2 0 6 24 25 1901 1822
1926 3 2 0 6 1822 1901 1902 1823
1927 3 2 0 6 1823 1902 1903 1824
1928 3 2 0 6 1824 1903 1904 1825
1929 3 2 0 6 1825 1904 1905 1826
1930 3 2 0 6 1826 1905 1906 1827
1931 3 2 0 6 1827 1906 1907 1828
1932 3 2 0 6 1828 1907 1908 1829
1933 3 2 0 6 1829 1908 1909 1830
1934 3 2 0 6 1830 1909 1910 1831
1935 3 2 0 6 1831 1910 1911 1832
1936 3 2 0 6 1832 1911 1912 1833
1937 3 2 0 6 1833 1912 1913 1834
1938 3 2 0 6 1834 1913 1914 1835
1939 3 2 0 6 1835 1914 1915 1836
1940 3 2 0 6 1836 1915 1916 1837
1941 3 2 0 6 1837 1916 1917 1838
1942 3 2 0 6 1838 1917 1918 1839
1943 3 2 0 6 1839 1918 1919 1840
1944 3 2 0 6 1840 1919 1920 1841
1945 3 2 0 6 1841 1920 1921 1842
1946 3 2 0 6 1842 1921 1922 1843
1947 3 2 0 6 1843 1922 1923 1844
1948 3 2 0 6 1844 1923 1924 1845
1949 3 2 0 6 1845 1924 1925 1846
1950 3 2 0 6 1846 1925 1926 1847
1951 3 2 0 6 1847 1926 1927 1848
1952 3 2 0 6 1848 1927 1928 1849
1953 3 2 0 6 1849 1928 1929 1850
1954 3 2 0 6 1850 1929 1930 1851
1955 3 2 0 6 1851 1930 1931 1852
1956 3 2 0 6 1852 1931 1932 1853
1957 3 2 0 6 1853 1932 1933 1854
1958 3 2 0 6 1854 1933 1934 1855
1959 3 2 0 6 1855 1934 1935 1856
1960 3 2 0 6 1856 1935 1936 1857
1961 3 2 0 6 1857 1936 1937 1858
1962 3 2 0 6 1858 1937 1938 1859
1963 3 2 0 6 1859 1938 1939 1860
1964 3 2 0 6 1860 1939 1940 1861
1965 3 2 0 6 1861 1940 1941 1862
1966 3 2 0 6 1862 1941 1942 1863
1967 3 2 0 6 1863 1942 1943 1864
1968 3 2 0 6 1864 1943 1944 1865
1969 3 2 0 6 1865 1944 1945 1866
1970 3 2 0 6 1866 1945 1946 1867
1971 3 2 0 6 1867 1946 1947 1868
1972 3 2 0 6 1868 1947 1948 1869
1973 3 2 0 6 1869 1948 1949 1870
1974 3 2 0 6 1870 1949 1950 1871
1975 3 2 0 6 1871 1950 1951 1872
1976 3 2 0 6 1872 1951 1952 1873
1977 3 2 0 6 1873 1952 1953 1874
1978 3 2 0 6 1874 1953 1954 1875
1979 3 2 0 6 1875 1954 1955 1876
1980 3 2 0 6 1876 1955 1956 1877
1981 3 2 0 6 1877 1956 1957 1878
1982 3 2 0 6 1878 1957 1958 1879
1983 3 2 0 6 1879 1958 1959 1880
1984 3 2 0 6 1880 1959 1960 1881
1985 3 2 0 6 1881 1960 1961 1882
1986 3 2 0 6 1882 1961 1962 1883
1987 3 2 0 6 1883 1962 1963 1884
1988 3 2 0 6 1884 1963 1964 1885
1989 3 2 0 6 1885 1964 1965 1886
1990 3 2 0 6 1886 1965 1966 1887
1991 3 2 0 6 1887 1966 1967 1888
1992 3 2 0 6 1888 1967 1968 1889
1993 3 2 0 6 1889 1968 1969 1890
1994 3 2 0 6 1890 1969 1970 1891
1995 3 2 0 6 1891 1970 1971 1892
1996 3 2 0 6 1892 1971 1972 1893
1997 3 2 0 6 1893 1972 1973 1894
1998 3 2 0 6 1894 1973 1974 1895
1999 3 2 0 6 1895 1974 1975 1896
2000 3 2 0 6 1896 1975 1976 1897
2001 3 2 0 6 1897 1976 1977 1898
2002 3 2 0 6 1898 1977 1978 1899
2003 3 2 0 6 1899 1978 1979 1900
2004 3 2 0 6 1900 1979 221 222
2005 3 2 0 6 25 26 1980 1901
2006 3 2 0 6 1901 1980 1981 1902
2007 3 2 0 6 1902 1981 1982 1903
2008 3 2 0 6 1903 1982 1983 1904
2009 3 2 0 6 1904 1983 1984 1905
2010 3 2 0 6 1905 1984 1985 1906
2011 3 2 0 6 1906 1985 1986 1907
2012 3 2 0 6 1907 1986 1987 1908
2013 3 2 0 6 1908 1987 1988 1909
2014 3 2 0 6 1909 1988 1989 1910
2015 3 2 0 6 1910 1989 1990 1911
2016 3 2 0 6 1911 1990 1991 1912
2017 3 2 0 6 1912 1991 1992 1913
2018 3 2 0 6 1913 1992 1993 1914
2019 3 2 0 6 1914 1993 1994 1915
2020 3 2 0 6 1915 1994 1995 1916
2021 3 2 0 6 1916 1995 1996 1917
2022 3 2 0 6 1917 1996 1997 1918
2023 3 2 0 6 1918 1997 1998 1919
2024 3 2 0 6 1919 1998 1999 1920
2025 3 2 0 6 1920 1999 2000 1921
2026 3 2 0 6 1921 2000 2001 1922
2027 3 2 0 6 1922 2001 2002 1923
2028 3 2 0 6 1923 2002 2003 1924
2029 3 2 0 6 1924 2003 2004 1925
2030 3 2 0 6 1925 2004 2005 1926
2031 3 2 0 6 1926 2005 2006 1927
2032 3 2 0 6 1927 2006 2007 1928
2033 3 2 0 6 1928 2007 2008 1929
2034 3 2 0 6 1929 2008 2009 1930
2035 3 2 0 6 1930 2009 2010 1931
2036 3 2 0 6 1931 2010 2011 1932
2037 3 2 0 6 1932 2011 2012 1933
2038 3 2 0 6 1933 2012 2013 1934
2039 3 2 0 6 1934 2013 2014 1935
2040 3 2 0 6 1935 2014 2015 1936
2041 3 2 0 6 1936 2015 2016 1937
2042 3 2 0 6 1937 2016 2017 1938
2043 3 2 0 6 1938 2017 2018 1939
2044 3 2 0 6 1939 2018 2019 1940
2045 3 2 0 6 1940 2019 2020 1941
2046 3 2 0 6 1941 2020 2021 1942
2047 3 2 0 6 1942 2021 2022 1943
2048 3 2 0 6 1943 2022 2023 1944
2049 3 2 0 6 1944 2023 2024 1945
2050 3 2 0 6 1945 2024 2025 1946
2051 3 2 0 6 1946 2025 2026 1947
2052 3 2 0 6 1947 2026 2027 1948
2053 3 2 0 6 1948 2027 2028 1949
2054 3 2 0 6 1949 2028 2029 1950
2055 3 2 0 6 1950 2029 2030 1951
2056 3 2 0 6 1951 2030 2031 1952
2057 3 2 0 6 1952 2031 2032 1953
2058 3 2 0 6 1953 2032 2033 1954
2059 3 2 0 6 1954 2033 2034 1955
2060 3 2 0 6 1955 2034 2035 1956
2061 3 2 0 6 1956 2035 2036 1957
2062 3 2 0 6 1957 2036 2037 1958
2063 3 2 0 6 1958 2037 2038 1959
2064 3 2 0 6 1959 2038 2039 1960
2065 3 2 0 6 1960 2039 2040 1961
2066 3 2 0 6 1961 2040 2041 1962
2067 3 2 0 6 1962 2041 2042 1963
2068 3 2 0 6 1963 2042 2043 1964
2069 3 2 0 6 1964 2043 2044 1965
2070 3 2 0 6 1965 2044 2045 1966
2071 3 2 0 6 1966 2045 2046 1967
2072 3 2 0 6 1967 2046 2047 1968
2073 3 2 0 6 1968 2047 2048 1969
2074 3 2 0 6 1969 2048 2049 1970
2075 3 2 0 6 1970 2049 2050 1971
2076 3 2 0 6 1971 2050 2051 1972
2077 3 2 0 6 1972 2051 2052 1973
2078 3 2 0 6 1973 2052 2053 1974
2079 3 2 0 6 1974 2053 2054 1975
2080 3 2 0 6 1975 2054 2055 1976
2081 3 2 0 6 1976 2055 2056 1977
2082 3 2 0 6 1977 2056 2057 1978
2083 3 2 0 6 1978 2057 2058 1979
2084 3 2 0 6 1979 2058 220 221
2085 3 2 0 6 26 27 2059 1980
2086 3 2 0 6 1980 2059 2060 1981
2087 3 2 0 6 1981 2060 2061 1982
2088 3 2 0 6 1982 2061 2062 1983
2089 3 2 0 6 1983 2062 2063 1984
2090 3 2 0 6 1984 2063 2064 1985
2091 3 2 0 6 1985 2064 2065 1986
2092 3 2 0 6 1986 2065 2066 1987
2093 3 2 0 6 1987 2066 2067 1988
2094 3 2 0 6 1988 2067 2068 1989
2095 3 2 0 6 1989 2068 2069 1990
2096 3 2 0 6 1990 2069 2070 1991
2097 3 2 0 6 1991 2070 2071 1992
2098 3 2 0 6 1992 2071 2072 1993
2099 3 2 0 6 1993 2072 2073 1994
2100 3 2 0 6 1994 2073 2074 1995
2101 3 2 0 6 1995 2074 2075 1996
2102 3 2 0 6 1996 2075 2076 1997
2103 3 2 0 6 1997 2076 2077 1998
2104 3 2 0 6 1998 2077 2078 1999
2105 3 2 0 6 1999 2078 2079 2000
2106 3 2 0 6 2000 2079 2080 2001
2107 3 2 0 6 2001 2080 2081 2002
2108 3 2 0 6 2002 2081 2082 2003
2109 3 2 0 6 2003 2082 2083 2004
2110 3 2 0 6 2004 2083 2084 2005
2111 3 2 0 6 2005 2084 2085 2006
2112 3 2 0 6 2006 2085 2086 2007
2113 3 2 0 6 2007 2086 2087 2008
2114 3 2 0 6 2008 2087 2088 2009
2115 3 2 0 6 2009 2088 2089 2010
2116 3 2 0 6 2010 2089 2090 2011
2117 3 2 0 6 2011 2090 2091 2012
2118 3 2 0 6 2012 2091 2092 2013
2119 3 2 0 6 2013 2092 2093 2014
2120 3 2 0 6 2014 2093 2094 2015
2121 3 2 0 6 2015 2094 2095 2016
2122 3 2 0 6 2016 2095 2096 2017
2123 3 2 0 6 2017 2096 2097 2018
2124 3 2 0 6 2018 2097 2098 2019
2125 3 2 0 6 2019 2098 2099 2020
2126 3 2 0 6 2020 2099 2100 2021
2127 3 2 0 6 2021 2100 2101 2022
2128 3 2 0 6 2022 2101 2102 2023
2129 3 2 0 6 2023 2102 2103 2024
2130 3 2 0 6 2024 2103 2104 2025
2131 3 2 0 6 2025 2104 2105 2026
2132 3 2 0 6 2026 2105 2106 2027
2133 3 2 0 6 2027 2106 2107 2028
2134 3 2 0 6 2028 2107 2108 2029
2135 3 2 0 6 2029 2108 2109 2030
2136 3 2 0 6 2030 2109 2110 2031
2137 3 2 0 6 2031 2110 2111 2032
2138 3 2 0 6 2032 2111 2112 2033
2139 3 2 0 6 2033 2112 2113 2034
2140 3 2 0 6 2034 2113 2114 2035
2141 3 2 0 6 2035 2114 2115 2036
2142 3 2 0 6 2036 2115 2116 2037
2143 3 2 0 6 2037 2116 2117 2038
2144 3 2 0 6 2038 2117 2118 2039
2145 3 2 0 6 2039 2118 2119 2040
2146 3 2 0 6 2040 2119 2120 2041
2147 3 2 0 6 2041 2120 2121 2042
2148 3 2 0 6 2042 2121 2122 2043
2149 3 2 0 6 2043 2122 2123 2044
2150 3 2 0 6 2044 2123 2124 2045
2151 3 2 0 6 2045 2124 2125 2046
2152 3 2 0 6 2046 2125 2126 2047
2153 3 2 0 6 2047 2126 2127 2048
2154 3 2 0 6 2048 2127 2128 2049
2155 3 2 0 6 2049 2128 2129 2050
2156 3 2 0 6 2050 2129 2130 2051
2157 3 2 0 6 2051 2130 2131 2052
2158 3 2 0 6 2052 2131 2132 2053
2159 3 2 0 6 2053 2132 2133 2054
2160 3 2 0 6 2054 2133 2134 2055
2161 3 2 0 6 2055 2134 2135 2056
2162 3 2 0 6 2056 2135 2136 2057
2163 3 2 0 6 2057 2136 2137 2058
2164 3 2 0 6 2058 2137 219 220
2165 3 2 0 6 27 28 2138 2059
2166 3 2 0 6 2059 2138 2139 2060
2167 3 2 0 6 2060 2139 2140 2061
2168 3 2 0 6 2061 2140 2141 2062
2169 3 2 0 6 2062 2141 2142 2063
2170 3 2 0 6 2063 2142 2143 2064
2171 3 2 0 6 2064 2143 2144 2065
2172 3 2 0 6 2065 2144 2145 2066
2173 3 2 0 6 2066 2145 2146 2067
2174 3 2 0 6 2067 2146 2147 2068
2175 3 2 0 6 2068 2147 2148 2069
2176 3 2 0 6 2069 2148 2149 2070
2177 3 2 0 6 2070 2149 2150 2071
2178 3 2 0 6 2071 2150 2151 2072
2179 3 2 0 6 2072 2151 2152 2073
2180 3 2 0 6 2073 2152 2153 2074
2181 3 2 0 6 2074 2153 2154 2075
2182 3 2 0 6 2075 2154 2155 2076
2183 3 2 0 6 2076 2155 2156 2077
2184 3 2 0 6 2077 2156 2157 2078
2185 3 2 0 6 2078 2157 2158 2079
2186 3 2 0 6 2079 2158 2159 2080
2187 3 2 0 6 2080 2159 2160 2081
2188 3 2 0 6 2081 2160 2161 2082
2189 3 2 0 6 2082 2161 2162 2083
2190 3 2 0 6 2083 2162 2163 2084
2191 3 2 0 6 2084 2163 2164 2085
2192 3 2 0 6 2085 2164 2165 2086
2193 3 2 0 6 2086 2165 2166 2087
2194 3 2 0 6 2087 2166 2167 2088
2195 3 2 0 6 2088 2167 2168 2089
2196 3 2 0 6 2089 2168 2169 2090
2197 3 2 0 6 2090 2169 2170 2091
2198 3 2 0 6 2091 2170 2171 2092
2199 3 2 0 6 2092 2171 2172 2093
2200 3 2 0 6 2093 2172 2173 2094
2201 3 2 0 6 2094 2173 2174 2095
2202 3 2 0 6 2095 2174 2175 2096
2203 3 2 0 6 2096 2175 2176 2097
2204 3 2 0 6 2097 2176 2177 2098
2205 3 2 0 6 2098 2177 2178 2099
2206 3 2 0 6 2099 2178 2179 2100
2207 3 2 0 6 2100 2179 2180 2101
2208 3 2 0 6 2101 2180 2181 2102
2209 3 2 0 6 2102 2181 2182 2103
2210 3 2 0 6 2103 2182 2183 2104
2211 3 2 0 6 2104 2183 2184 2105
2212 3 2 0 6 2105 2184 2185 2106
2213 3 2 0 6 2106 2185 2186 2107
2214 3 2 0 6 2107 2186 2187 2108
2215 3 2 0 6 2108 2187 2188 2109
2216 3 2 0 6 2109 2188 2189 2110
2217 3 2 0 6 2110 2189 2190 2111
2218 3 2 0 6 2111 2190 2191 2112
2219 3 2 0 6 2112 2191 2192 2113
2220 3 2 0 6 2113 2192 2193 2114
2221 3 2 0 6 2114 2193 2194 2115
2222 3 2 0 6 2115 2194 2195 2116
2223 3 2 0 6 2116 2195 2196 2117
2224 3 2 0 6 2117 2196 2197 2118
2225 3 2 0 6 2118 2197 2198 2119
2226 3 2 0 6 2119 2198 2199 2120
2227 3 2 0 6 2120 2199 2200 2121
2228 3 2 0 6 2121 2200 2201 2122
2229 3 2 0 6 2122 2201 2202 2123
2230 3 2 0 6 2123 2202 2203 2124
2231 3 2 0 6 2124 2203 2204 2125
2232 3 2 0 6 2125 2204 2205 2126
2233 3 2 0 6 2126 2205 2206 2127
2234 3 2 0 6 2127 2206 2207 2128
2235 3 2 0 6 2128 2207 2208 2129
2236 3 2 0 6 2129 2208 2209 2130
2237 3 2 0 6 2130 2209 2210 2131
2238 3 2 0 6 2131 2210 2211 2132
2239 3 2 0 6 2132 2211 2212 2133
2240 3 2 0 6 2133 2212 2213 2134
2241 3 2 0 6 2134 2213 2214 2135
2242 3 2 0 6 2135 2214 2215 2136
2243 3 2 0 6 2136 2215 2216 2137
2244 3 2 0 6 2137 2216 218 219
2245 3 2 0 6 28 29 2217 2138
2246 3 2 0 6 2138 2217 2218 2139
2247 3 2 0 6 2139 2218 2219 2140
2248 3 2 0 6 2140 2219 2220 2141
2249 3 2 0 6 2141 2220 2221 2142
2250 3 2 0 6 2142 2221 2222 2143
2251 3 2 0 6 2143 2222 2223 2144
2252 3 2 0 6 2144 2223 2224 2145
2253 3 2 0 6 2145 2224 2225 2146
2254 3 2 0 6 2146 2225 2226 2147
2255 3 2 0 6 2147 2226 2227 2148
2256 3 2 0 6 2148 2227 2228 2149
2257 3 2 0 6 2149 2228 2229 2150
2258 3 2 0 6 2150 2229 2230 2151
2259 3 2 0 6 2151 2230 2231 2152
2260 3 2 0 6 2152 2231 2232 2153
2261 3 2 0 6 2153 2232 2233 2154
2262 3 2 0 6 2154 2233 2234 2155
2263 3 2 0 6 2155 2234 2235 2156
2264 3 2 0 6 2156 2235 2236 2157
2265 3 2 0 6 2157 2236 2237 2158
2266 3 2 0 6 2158 2237 2238 2159
2267 3 2 0 6 2159 2238 2239 2160
2268 3 2 0 6 2160 2239 2240 2161
2269 3 2 0 6 2161 2240 2241 2162
2270 3 2 0 6 2162 2241 2242 2163
2271 3 2 0 6 2163 2242 2243 2164
2272 3 2 0 6 2164 2243 2244 2165
2273 3 2 0 6 2165 2244 2245 2166
2274 3 2 0 6 2166 2245 2246 2167
2275 3 2 0 6 2167 2246 2247 2168
2276 3 2 0 6 2168 2247 2248 2169
2277 3 2 0 6 2169 2248 2249 2170
2278 3 2 0 6 2170 2249 2250 2171
2279 3 2 0 6 2171 2250 2251 2172
2280 3 2 0 6 2172 2251 2252 2173
2281 3 2 0 6 2173 2252 2253 2174
2282 3 2 0 6 2174 2253 2254 2175
2283 3 2 0 6 2175 2254 2255 2176
2284 3 2 0 6 2176 2255 2256 2177
2285 3 2 0 6 2177 2256 2257 2178
2286 3 2 0 6 2178 2257 2258 2179
2287 3 2 0 6 2179 2258 2259 2180
2288 3 2 0 6 2180 2259 2260 2181
2289 3 2 0 6 2181 2260 2261 2182
2290 3 2 0 6 2182 2261 2262 2183
2291 3 2 0 6 2183 2262 2263 2184
2292 3 2 0 6 2184 2263 2264 2185
2293 3 2 0 6 2185 2264 2265 2186
2294 3 2 0 6 2186 2265 2266 2187
2295 3 2 0 6 2187 2266 2267 2188
2296 3 2 0 6 2188 2267 2268 2189
2297 3 2 0 6 2189 2268 2269 2190
2298 3 2 0 6 2190 2269 2270 2191
2299 3 2 0 6 2191 2270 2271 2192
2300 3 2 0 6 2192 2271 2272 2193
2301 3 2 0 6 2193 2272 2273 2194
2302 3 2 0 6 2194 2273 2274 2195
2303 3 2 0 6 2195 2274 2275 2196
2304 3 2 0 6 2196 2275 2276 2197
2305 3 2 0 6 2197 2276 2277 2198
2306 3 2 0 6 2198 2277 2278 2199
2307 3 2 0 6 2199 2278 2279 2200
2308 3 2 0 6 2200 2279 2280 2201
2309 3 2 0 6 2201 2280 2281 2202
2310 3 2 0 6 2202 2281 2282 2203
2311 3 2 0 6 2203 2282 2283 2204
2312 3 2 0 6 2204 2283 2284 2205
2313 3 2 0 6 2205 2284 2285 2206
2314 3 2 0 6 2206 2285 2286 2207
2315 3 2 0 6 2207 2286 2287 2208
2316 3 2 0 6 2208 2287 2288 2209
2317 3 2 0 6 2209 2288 2289 2210
2318 3 2 0 6 2210 2289 2290 2211
2319 3 2 0 6 2211 2290 2291 2212
2320 3 2 0 6 2212 2291 2292 2213
2321 3 2 0 6 2213 2292 2293 2214
2322 3 2 0 6 2214 2293 2294 2215
2323 3 2 0 6 2215 2294 2295 2216
2324 3 2 0 6 2216 2295 217 218
2325 3 2 0 6 29 30 2296 2217
2326 3 2 0 6 2217 2296 2297 2218
2327 3 2 0 6 2218 2297 2298 2219
2328 3 2 0 6 2219 2298 2299 2220
2329 3 2 0 6 2220 2299 2300 2221
2330 3 2 0 6 2221 2300 2301 2222
2331 3 2 0 6 2222 2301 2302 2223
2332 3 2 0 6 2223 2302 2303 2224
2333 3 2 0 6 2224 2303 2304 2225
2334 3 2 0 6 2225 2304 2305 2226
2335 3 2 0 6 2226 2305 2306 2227
2336 3 2 0 6 2227 2306 2307 2228
2337 3 2 0 6 2228 2307 2308 2229
2338 3 2 0 6 2229 2308 2309 2230
2339 3 2 0 6 2230 2309 2310 2231
2340 3 2 0 6 2231 2310 2311 2232
2341 3 2 0 6 2232 2311 2312 2233
2342 3 2 0 6 2233 2312 2313 2234
2343 3 2 0 6 2234 2313 2314 2235
2344 3 2 0 6 2235 2314 2315 2236
2345 3 2 0 6 2236 2315 2316 2237
2346 3 2 0 6 2237 2316 2317 2238
2347 3 2 0 6 2238 2317 2318 2239
2348 3 2 0 6 2239 2318 2319 2240
2349 3 2 0 6 2240 2319 2320 2241
2350 3 2 0 6 2241 2320 2321 2242
2351 3 2 0 6 2242 2321 2322 2243
2352 3 2 0 6 2243 2322 2323 2244
2353 3 2 0 6 2244 2323 2324 2245
2354 3 2 0 6 2245 2324 2325 2246
2355 3 2 0 6 2246 2325 2326 2247
2356 3 2 0 6 2247 2326 2327 2248
2357 3 2 0 6 2248 2327 2328 2249
2358 3 2 0 6 2249 2328 2329 2250
2359 3 2 0 6 2250 2329 2330 2251
2360 3 2 0 6 2251 2330 2331 2252
2361 3 2 0 6 2252 2331 2332 2253
2362 3 2 0 6 2253 2332 2333 2254
2363 3 2 0 6 2254 2333 2334 2255
2364 3 2 0 6 2255 2334 2335 2256
2365 3 2 0 6 2256 2335 2336 2257
2366 3 2 0 6 2257 2336 2337 2258
2367 3 2 0 6 2258 2337 2338 2259
2368 3 2 0 6 2259 2338 2339 2260
2369 3 2 0 6 2260 2339 2340 2261
2370 3 2 0 6 2261 2340 2341 2262
2371 3 2 0 6 2262 2341 2342 2263
2372 3 2 0 6 2263 2342 2343 2264
2373 3 2 0 6 2264 2343 2344 2265
2374 3 2 0 6 2265 2344 2345 2266
2375 3 2 0 6 2266 2345 2346 2267
2376 3 2 0 6 2267 2346 2347 2268
2377 3 2 0 6 2268 2347 2348 2269
2378 3 2 0 6 2269 2348 2349 2270
2379 3 2 0 6 2270 2349 2350 2271
2380 3 2 0 6 2271 2350 2351 2272
2381 3 2 0 6 2272 2351 2352 2273
2382 3 2 0 6 2273 2352 2353 2274
2383 3 2 0 6 2274 2353 2354 2275
2384 3 2 0 6 2275 2354 2355 2276
2385 3 2 0 6 2276 2355 2356 2277
2386 3 2 0 6 2277 2356 2357 2278
2387 3 2 0 6 2278 2357 2358 2279
2388 3 2 0 6 2279 2358 2359 2280
2389 3 2 0 6 2280 2359 2360 2281
2390 3 2 0 6 2281 2360 2361 2282
2391 3 2 0 6 2282 2361 2362 2283
2392 3 2 0 6 2283 2362 2363 2284
2393 3 2 0 6 2284 2363 2364 2285
2394 3 2 0 6 2285 2364 2365 2286
2395 3 2 0 6 2286 2365 2366 2287
2396 3 2 0 6 2287 2366 2367 2288
2397 3 2 0 6 2288 2367 2368 2289
2398 3 2 0 6 2289 2368 2369 2290
2399 3 2 0 6 2290 2369 2370 2291
2400 3 2 0 6 2291 2370 2371 2292
2401 3 2 0 6 2292 2371 2372 2293
2402 3 2 0 6 2293 2372 2373 2294
2403 3 2 0 6 2294 2373 2374 2295
2404 3 2 0 6 2295 2374 216 217
2405 3 2 0 6 30 31 2375 2296
2406 3 2 0 6 2296 2375 2376 2297
2407 3 2 0 6 2297 2376 2377 2298
2408 3 2 0 6 2298 2377 2378 2299
2409 3 2 0 6 2299 2378 2379 2300
2410 3 2 0 6 2300 2379 2380 2301
2411 3 2 0 6 2301 2380 2381 2302
2412 3 2 0 6 2302 2381 2382 2303
2413 3 2 0 6 2303 2382 2383 2304
2414 3 2 0 6 2304 2383 2384 2305
2415 3 2 0 6 2305 2384 2385 2306
2416 3 2 0 6 2306 2385 2386 2307
2417 3 2 0 6 2307 2386 2387 2308
2418 3 2 0 6 2308 2387 2388 2309
2419 3 2 0 6 2309 2388 2389 2310
2420 3 2 0 6 2310 2389 2390 2311
2421 3 2 0 6 2311 2390 2391 2312
2422 3 2 0 6 2312 2391 2392 2313
2423 3 2 0 6 2313 2392 2393 2314
2424 3 2 0 6 2314 2393 2394 2315
2425 3 2 0 6 2315 2394 2395 2316
2426 3 2 0 6 2316 2395 2396 2317
2427 3 2 0 6 2317 2396 2397 2318
2428 3 2 0 6 2318 2397 2398 2319
2429 3 2 0 6 2319 2398 2399 2320
2430 3 2 0 6 2320 2399 2400 2321
2431 3 2 0 6 2321 2400 2401 2322
2432 3 2 0 6 2322 2401 2402 2323
2433 3 2 0 6 2323 2402 2403 2324
2434 3 2 0 6 2324 2403 2404 2325
2435 3 2 0 6 2325 2404 2405 2326
2436 3 2 0 6 2326 2405 2406 2327
2437 3 2 0 6 2327 2406 2407 2328
2438 3 2 0 6 2328 2407 2408 2329
2439 3 2 0 6 2329 2408 2409 2330
2440 3 2 0 6 2330 2409 2410 2331
2441 3 2 0 6 2331 2410 2411 2332
2442 3 2 0 6 2332 2411 2412 2333
2443 3 2 0 6 2333 2412 2413 2334
2444 3 2 0 6 2334 2413 2414 2335
2445 3 2 0 6 2335 2414 2415 2336
2446 3 2 0 6 2336 2415 2416 2337
2447 3 2 0 6 2337 2416 2417 2338
2448 3 2 0 6 2338 2417 2418 2339
2449 3 2 0 6 2339 2418 2419 2340
2450 3 2 0 6 2340 2419 2420 2341
2451 3 2 0 6 2341 2420 2421 2342
2452 3 2 0 6 2342 2421 2422 2343
2453 3 2 0 6 2343 2422 2423 2344
2454 3 2 0 6 2344 2423 2424 2345
2455 3 2 0 6 2345 2424 2425 2346
2456 3 2 0 6 2346 2425 2426 2347
2457 3 2 0 6 2347 2426 2427 2348
2458 3 2 0 6 2348 2427 2428 2349
2459 3 2 0 6 2349 2428 2429 2350
2460 3 2 0 6 2350 2429 2430 2351
2461 3 2 0 6 2351 2430 2431 2352
2462 3 2 0 6 2352 2431 2432 2353
2463 3 2 0 6 2353 2432 2433 2354
2464 3 2 0 6 2354 2433 2434 2355
2465 3 2 0 6 2355 2434 2435 2356
2466 3 2 0 6 2356 2435 2436 2357
2467 3 2 0 6 2357 2436 2437 2358
2468 3 2 0 6 2358 2437 2438 2359
2469 3 2 0 6 2359 2438 2439 2360
2470 3 2 0 6 2360 2439 2440 2361
2471 3 2 0 6 2361 2440 2441 2362
2472 3 2 0 6 2362 2441 2442 2363
2473 3 2 0 6 2363 2442 2443 2364
2474 3 2 0 6 2364 2443 2444 2365
2475 3 2 0 6 2365 2444 2445 2366
2476 3 2 0 6 2366 2445 2446 2367
2477 3 2 0 6 2367 2446 2447 2368
2478 3 2 0 6 2368 2447 2448 2369
2479 3 2 0 6 2369 2448 2449 2370
2480 3 2 0 6 2370 2449 2450 2371
2481 3 2 0 6 2371 2450 2451 2372
2482 3 2 0 6 2372 2451 2452 2373
2483 3 2 0 6 2373 2452 2453 2374
2484 3 2 0 6 2374 2453 215 216
2485 3 2 0 6 31 32 2454 2375
2486 3 2 0 6 2375 2454 2455 2376
2487 3 2 0 6 2376 2455 2456 2377
2488 3 2 0 6 2377 2456 2457 2378
2489 3 2 0 6 2378 2457 2458 2379
2490 3 2 0 6 2379 2458 2459 2380
2491 3 2 0 6 2380 2459 2460 2381
2492 3 2 0 6 2381 2460 2461 2382
2493 3 2 0 6 2382 2461 2462 2383
2494 3 2 0 6 2383 2462 2463 2384
2495 3 2 0 6 2384 2463 2464 2385
2496 3 2 0 6 2385 2464 2465 2386
2497 3 2 0 6 2386 2465 2466 2387
2498 3 2 0 6 2387 2466 2467 2388
2499 3 2 0 6 2388 2467 2468 2389
2500 3 2 0 6 2389 2468 2469 2390
2501 3 2 0 6 2390 2469 2470 2391
2502 3 2 0 6 2391 2470 2471 2392
2503 3 2 0 6 2392 2471 2472 2393
2504 3 2 0 6 2393 2472 2473 2394
2505 3 2 0 6 2394 2473 2474 2395
2506 3 2 0 6 2395 2474 2475 2396
2507 3 2 0 6 2396 2475 2476 2397
2508 3 2 0 6 2397 2476 2477 2398
2509 3 2 0 6 2398 2477 2478 2399
2510 3 2 0 6 2399 2478 2479 2400
2511 3 2 0 6 2400 2479 2480 2401
2512 3 2 0 6 2401 2480 2481 2402
2513 3 2 0 6 2402 2481 2482 2403
2514 3 2 0 6 2403 2482 2483 2404
2515 3 2 0 6 2404 2483 2484 2405
2516 3 2 0 6 2405 2484 2485 2406
2517 3 2 0 6 2406 2485 2486 2407
2518 3 2 0 6 2407 2486 2487 2408
2519 3 2 0 6 2408 2487 2488 2409
2520 3 2 0 6 2409 2488 2489 2410
2521 3 2 0 6 2410 2489 2490 2411
2522 3 2 0 6 2411 2490 2491 2412
2523 3 2 0 6 2412 2491 2492 2413
2524 3 2 0 6 2413 2492 2493 2414
2525 3 2 0 6 2414 2493 2494 2415
2526 3 2 0 6 2415 2494 2495 2416
2527 3 2 0 6 2416 2495 2496 2417
2528 3 2 0 6 2417 2496 2497 2418
2529 3 2 0 6 2418 2497 2498 2419
2530 3 2 0 6 2419 2498 2499 2420
2531 3 2 0 6 2420 2499 2500 2421
2532 3 2 0 6 2421 2500 2501 2422
2533 3 2 0 6 2422 2501 2502 2423
2534 3 2 0 6 2423 2502 2503 2424
2535 3 2 0 6 2424 2503 2504 2425
2536 3 2 0 6 2425 2504 2505 2426
2537 3 2 0 6 2426 2505 2506 2427
2538 3 2 0 6 2427 2506 2507 2428
2539 3 2 0 6 2428 2507 2508 2429
2540 3 2 0 6 2429 2508 2509 2430
2541 3 2 0 6 2430 2509 2510 2431
2542 3 2 0 6 2431 2510 2511 2432
2543 3 2 0 6 2432 2511 2512 2433
2544 3 2 0 6 2433 2512 2513 2434
2545 3 2 0 6 2434 2513 2514 2435
2546 3 2 0 6 2435 2514 2515 2436
2547 3 2 0 6 2436 2515 2516 2437
2548 3 2 0 6 2437 2516 2517 2438
2549 3 2 0 6 2438 2517 2518 2439
2550 3 2 0 6 2439 2518 2519 2440
2551 3 2 0 6 2440 2519 2520 2441
2552 3 2 0 6 2441 2520 2521 2442
2553 3 2 0 6 2442 2521 2522 2443
2554 3 2 0 6 2443 2522 2523 2444
2555 3 2 0 6 2444 2523 2524 2445
2556 3 2 0 6 2445 2524 2525 2446
2557 3 2 0 6 2446 2525 2526 2447
2558 3 2 0 6 2447 2526 2527 2448
2559 3 2 0 6 2448 2527 2528 2449
2560 3 2 0 6 2449 2528 2529 2450
2561 3 2 0 6 2450 2529 2530 2451
2562 3 2 0 6 2451 2530 2531 2452
2563 3 2 0 6 2452 2531 2532 2453
2564 3 2 0 6 2453 2532 214 215
2565 3 2 0 6 32 33 2533 2454
2566 3 2 0 6 2454 2533 2534 2455
2567 3 2 0 6 2455 2534 2535 2456
2568 3 2 0 6 2456 2535 2536 2457
2569 3 2 0 6 2457 2536 2537 2458
2570 3 2 0 6 2458 2537 2538 2459
2571 3 2 0 6 2459 2538 2539 2460
2572 3 2 0 6 2460 2539 2540 2461
2573 3 2 0 6 2461 2540 2541 2462
2574 3 2 0 6 2462 2541 2542 2463
2575 3 2 0 6 2463 2542 2543 2464
2576 3 2 0 6 2464 2543 2544 2465
2577 3 2 0 6 2465 2544 2545 2466
2578 3 2 0 6 2466 2545 2546 2467
2579 3 2 0 6 2467 2546 2547 2468
2580 3 2 0 6 2468 2547 2548 2469
2581 3 2 0 6 2469 2548 2549 2470
2582 3 2 0 6 2470 2549 2550 2471
2583 3 2 0 6 2471 2550 2551 2472
2584 3 2 0 6 2472 2551 2552 2473
2585 3 2 0 6 2473 2552 2553 2474
2586 3 2 0 6 2474 2553 2554 2475
2587 3 2 0 6 2475 2554 2555 2476
2588 3 2 0 6 2476 2555 2556 2477
2589 3 2 0 6 2477 2556 2557 2478
2590 3 2 0 6 2478 2557 2558 2479
2591 3 2 0 6 2479 2558 2559 2480
2592 3 2 0 6 2480 2559 2560 2481
2593 3 2 0 6 2481 2560 2561 2482
2594 3 2 0 6 2482 2561 2562 2483
2595 3 2 0 6 2483 2562 2563 2484
2596 3 2 0 6 2484 2563 2564 2485
2597 3 2 0 6 2485 2564 2565 2486
2598 3 2 0 6 2486 2565 2566 2487
2599 3 2 0 6 2487 2566 2567 2488
2600 3 2 0 6 2488 2567 2568 2489
2601 3 2 0 6 2489 2568 2569 2490
2602 3 2 0 6 2490 2569 2570 2491
2603 3 2 0 6 2491 2570 2571 2492
2604 3 2 0 6 2492 2571 2572 2493
2605 3 2 0 6 2493 2572 2573 2494
2606 3 2 0 6 2494 2573 2574 2495
2607 3 2 0 6 2495 2574 2575 2496
2608 3 2 0 6 2496 2575 2576 2497
2609 3 2 0 6 2497 2576 2577 2498
2610 3 2 0 6 2498 2577 2578 2499
2611 3 2 0 6 2499 2578 2579 2500
2612 3 2 0 6 2500 2579 2580 2501
2613 3 2 0 6 2501 2580 2581 2502
2614 3 2 0 6 2502 2581 2582 2503
2615 3 2 0 6 2503 2582 2583 2504
2616 3 2 0 6 2504 2583 2584 2505
2617 3 2 0 6 2505 2584 2585 2506
2618 3 2 0 6 2506 2585 2586 2507
2619 3 2 0 6 2507 2586 2587 2508
2620 3 2 0 6 2508 2587 2588 2509
2621 3 2 0 6 2509 2588 2589 2510
2622 3 2 0 6 2510 2589 2590 2511
2623 3 2 0 6 2511 2590 2591 2512
2624 3 2 0 6 2512 2591 2592 2513
2625 3 2 0 6 2513 2592 2593 2514
2626 3 2 0 6 2514 2593 2594 2515
2627 3 2 0 6 2515 2594 2595 2516
2628 3 2 0 6 2516 2595 2596 2517
2629 3 2 0 6 2517 2596 2597 2518
2630 3 2 0 6 2518 2597 2598 2519
2631 3 2 0 6 2519 2598 2599 2520
2632 3 2 0 6 2520 2599 2600 2521
2633 3 2 0 6 2521 2600 2601 2522
2634 3 2 0 6 2522 2601 2602 2523
2635 3 2 0 6 2523 2602 2603 2524
2636 3 2 0 6 2524 2603 2604 2525
2637 3 2 0 6 2525 2604 2605 2526
2638 3 2 0 6 2526 2605 2606 2527
2639 3 2 0 6 2527 2606 2607 2528
2640 3 2 0 6 2528 2607 2608 2529
2641 3 2 0 6 2529 2608 2609 2530
2642 3 2 0 6 2530 2609 2610 2531
2643 3 2 0 6 2531 2610 2611 2532
2644 3 2 0 6 2532 2611 213 214
2645 3 2 0 6 33 34 2612 2533
2646 3 2 0 6 2533 2612 2613 2534
2647 3 2 0 6 2534 2613 2614 2535
2648 3 2 0 6 2535 2614 2615 2536
2649 3 2 0 6 2536 2615 2616 2537
2650 3 2 0 6 2537 2616 2617 2538
2651 3 2 0 6 2538 2617 2618 2539
2652 3 2 0 6 2539 2618 2619 2540
2653 3 2 0 6 2540 2619 2620 2541
2654 3 2 0 6 2541 2620 2621 2542
2655 3 2 0 6 2542 2621 2622 2543
2656 3 2 0 6 2543 2622 2623 2544
2657 3 2 0 6 2544 2623 2624 2545
2658 3 2 0 6 2545 2624 2625 2546
2659 3 2 0 6 2546 2625 2626 2547
2660 3 2 0 6 2547 2626 2627 2548
2661 3 2 0 6 2548 2627 2628 2549
2662 3 2 0 6 2549 2628 2629 2550
2663 3 2 0 6 2550 2629 2630 2551
2664 3 2 0 6 2551 2630 2631 2552
2665 3 2 0 6 2552 2631 2632 2553
2666 3 2 0 6 2553 2632 2633 2554
2667 3 2 0 6 2554 2633 2634 2555
2668 3 2 0 6 2555 2634 2635 2556
2669 3 2 0 6 2556 2635 2636 2557
2670 3 2 0 6 2557 2636 2637 2558
2671 3 2 0 6 2558 2637 2638 2559
2672 3 2 0 6 2559 2638 2639 2560
2673 3 2 0 6 2560 2639 2640 2561
2674 3 2 0 6 2561 2640 2641 2562
2675 3 2 0 6 2562 2641 2642 2563
2676 3 2 0 6 2563 2642 2643 2564
2677 3 2 0 6 2564 2643 2644 2565
2678 3 2 0 6 2565 2644 2645 2566
2679 3 2 0 6 2566 2645 2646 2567
2680 3 2 0 6 2567 2646 2647 2568
2681 3 2 0 6 2568 2647 2648 2569
2682 3 2 0 6 2569 2648 2649 2570
2683 3 2 0 6 2570 2649 2650 2571
2684 3 2 0 6 2571 2650 2651 2572
2685 3 2 0 6 2572 2651 2652 2573
2686 3 2 0 6 2573 2652 2653 2574
2687 3 2 0 6 2574 2653 2654 2575
2688 3 2 0 6 2575 2654 2655 2576
2689 3 2 0 6 2576 2655 2656 2577
2690 3 2 0 6 2577 2656 2657 2578
2691 3 2 0 6 2578 2657 2658 2579
2692 3 2 0 6 2579 2658 2659 2580
2693 3 2 0 6 2580 2659 2660 2581
2694 3 2 0 6 2581 2660 2661 2582
2695 3 2 0 6 2582 2661 2662 2583
2696 3 2 0 6 2583 2662 2663 2584
2697 3 2 0 6 2584 2663 2664 2585
2698 3 2 0 6 2585 2664 2665 2586
2699 3 2 0 6 2586 2665 2666 2587
2700 3 2 0 6 2587 2666 2667 2588
2701 3 2 0 6 2588 2667 2668 2589
2702 3 2 0 6 2589 2668 2669 2590
2703 3 2 0 6 2590 2669 2670 2591
2704 3 2 0 6 2591 2670 2671 2592
2705 3 2 0 6 2592 2671 2672 2593
2706 3 2 0 6 2593 2672 2673 2594
2707 3 2 0 6 2594 2673 2674 2595
2708 3 2 0 6 2595 2674 2675 2596
2709 3 2 0 6 2596 2675 2676 2597
2710 3 2 0 6 2597 2676 2677 2598
2711 3 2 0 6 2598 2677 2678 2599
2712 3 2 0 6 2599 2678 2679 2600
2713 3 2 0 6 2600 2679 2680 2601
2714 3 2 0 6 2601 2680 2681 2602
2715 3 2 0 6 2602 2681 2682 2603
2716 3 2 0 6 2603 2682 2683 2604
2717 3 2 0 6 2604 2683 2684 2605
2718 3 2 0 6 2605 2684 2685 2606
2719 3 2 0 6 2606 2685 2686 2607
2720 3 2 0 6 2607 2686 2687 2608
2721 3 2 0 6 2608 2687 2688 2609
2722 3 2 0 6 2609 2688 2689 2610
2723 3 2 0 6 2610 2689 2690 2611
2724 3 2 0 6 2611 2690 212 213
2725 3 2 0 6 34 35 2691 2612
2726 3 2 0 6 2612 2691 2692 2613
2727 3 2 0 6 2613 2692 2693 2614
2728 3 2 0 6 2614 2693 2694 2615
2729 3 2 0 6 2615 2694 2695 2616
2730 3 2 0 6 2616 2695 2696 2617
2731 3 2 0 6 2617 2696 2697 2618
2732 3 2 0 6 2618 2697 2698 2619
2733 3 2 0 6 2619 2698 2699 2620
2734 3 2 0 6 2620 2699 2700 2621
2735 3 2 0 6 2621 2700 2701 2622
2736 3 2 0 6 2622 2701 2702 2623
2737 3 2 0 6 2623 2702 2703 2624
2738 3 2 0 6 2624 2703 2704 2625
2739 3 2 0 6 2625 2704 2705 2626
2740 3 2 0 6 2626 2705 2706 2627
2741 3 2 0 6 2627 2706 2707 2628
2742 3 2 0 6 2628 2707 2708 2629
2743 3 2 0 6 2629 2708 2709 2630
2744 3 2 0 6 2630 2709 2710 2631
2745 3 2 0 6 2631 2710 2711 2632
2746 3 2 0 6 2632 2711 2712 2633
2747 3 2 0 6 2633 2712 2713 2634
2748 3 2 0 6 2634 2713 2714 2635
2749 3 2 0 6 2635 2714 2715 2636
2750 3 2 0 6 2636 2715 2716 2637
2751 3 2 0 6 2637 2716 2717 2638
2752 3 2 0 6 2638 2717 2718 2639
2753 3 2 0 6 2639 2718 2719 2640
2754 3 2 0 6 2640 2719 2720 2641
2755 3 2 0 6 2641 2720 2721 2642
2756 3 2 0 6 2642 2721 2722 2643
2757 3 2 0 6 2643 2722 2723 2644
2758 3 2 0 6 2644 2723 2724 2645
2759 3 2 0 6 2645 2724 2725 2646
2760 3 2 0 6 2646 2725 2726 2647
2761 3 2 0 6 2647 2726 2727 2648
2762 3 2 0 6 2648 2727 2728 2649
2763 3 2 0 6 2649 2728 2729 2650
2764 3 2 0 6 2650 2729 2730 2651
2765 3 2 0 6 2651 2730 2731 2652
2766 3 2 0 6 2652 2731 2732 2653
2767 3 2 0 6 2653 2732 2733 2654
2768 3 2 0 6 2654 2733 2734 2655
2769 3 2 0 6 2655 2734 2735 2656
2770 3 2 0 6 2656 2735 2736 2657
2771 3 2 0 6 2657 2736 2737 2658
2772 3 2 0 6 2658 2737 2738 2659
2773 3 2 0 6 2659 2738 2739 2660
2774 3 2 0 6 2660 2739 2740 2661
2775 3 2 0 6 2661 2740 2741 2662
2776 3 2 0 6 2662 2741 2742 2663
2777 3 2 0 6 2663 2742 2743 2664
2778 3 2 0 6 2664 2743 2744 2665
2779 3 2 0 6 2665 2744 2745 2666
2780 3 2 0 6 2666 2745 2746 2667
2781 3 2 0 6 2667 2746 2747 2668
2782 3 2 0 6 2668 2747 2748 2669
2783 3 2 0 6 2669 2748 2749 2670
2784 3 2 0 6 2670 2749 2750 2671
2785 3 2 0 6 2671 2750 2751 2672
2786 3 2 0 6 2672 2751 2752 2673
2787 3 2 0 6 2673 2752 2753 2674
2788 3 2 0 6 2674 2753 2754 2675
2789 3 2 0 6 2675 2754 2755 2676
2790 3 2 0 6 2676 2755 2756 2677
2791 3 2 0 6 2677 2756 2757 2678
2792 3 2 0 6 2678 2757 2758 2679
2793 3 2 0 6 2679 2758 2759 2680
2794 3 2 0 6 2680 2759 2760 2681
2795 3 2 0 6 2681 2760 2761 2682
2796 3 2 0 6 2682 2761 2762 2683
2797 3 2 0 6 2683 2762 2763 2684
2798 3 2 0 6 2684 2763 2764 2685
2799 3 2 0 6 2685 2764 2765 2686
2800 3 2 0 6 2686 2765 2766 2687
2801 3 2 0 6 2687 2766 2767 2688
2802 3 2 0 6 2688 2767 2768 2689
2803 3 2 0 6 2689 2768 2769 2690
2804 3 2 0 6 2690 2769 211 212
2805 3 2 0 6 35 36 2770 2691
2806 3 2 0 6 2691 2770 2771 2692
2807 3 2 0 6 2692 2771 2772 2693
2808 3 2 0 6 2693 2772 2773 2694
2809 3 2 0 6 2694 2773 2774 2695
2810 3 2 0 6 2695 2774 2775 2696
2811 3 2 0 6 2696 2775 2776 2697
2812 3 2 0 6 2697 2776 2777 2698
2813 3 2 0 6 2698 2777 2778 2699
2814 3 2 0 6 2699 2778 2779 2700
2815 3 2 0 6 2700 2779 2780 2701
2816 3 2 0 6 2701 2780 2781 2702
2817 3 2 0 6 2702 2781 2782 2703
2818 3 2 0 6 2703 2782 2783 2704
2819 3 2 0 6 2704 2783 2784 2705
2820 3 2 0 6 2705 2784 2785 2706
2821 3 2 0 6 2706 2785 2786 2707
2822 3 2 0 6 2707 2786 2787 2708
2823 3 2 0 6 2708 2787 2788 2709
2824 3 2 0 6 2709 2788 2789 2710
2825 3 2 0 6 2710 2789 2790 2711
2826 3 2 0 6 2711 2790 2791 2712
2827 3 2 0 6 2712 2791 2792 2713
2828 3 2 0 6 2713 2792 2793 2714
2829 3 2 0 6 2714 2793 2794 2715
2830 3 2 0 6 2715 2794 2795 2716
2831 3 2 0 6 2716 2795 2796 2717
2832 3 2 0 6 2717 2796 2797 2718
2833 3 2 0 6 2718 2797 2798 2719
2834 3 2 0 6 2719 2798 2799 2720
2835 3 2 0 6 2720 2799 2800 2721
2836 3 2 0 6 2721 2800 2801 2722
2837 3 2 0 6 2722 2801 2802 2723
2838 3 2 0 6 2723 2802 2803 2724
2839 3 2 0 6 2724 2803 2804 2725
2840 3 2 0 6 2725 2804 2805 2726
2841 3 2 0 6 2726 2805 2806 2727
2842 3 2 0 6 2727 2806 2807 2728
2843 3 2 0 6 2728 2807 2808 2729
2844 3 2 0 6 2729 2808 2809 2730
2845 3 2 0 6 2730 2809 2810 2731
2846 3 2 0 6 2731 2810 2811 2732
2847 3 2 0 6 2732 2811 2812 2733
2848 3 2 0 6 2733 2812 2813 2734
2849 3 2 0 6 2734 2813 2814 2735
2850 3 2 0 6 2735 2814 2815 2736
2851 3 2 0 6 2736 2815 2816 2737
2852 3 2 0 6 2737 2816 2817 2738
2853 3 2 0 6 2738 2817 2818 2739
2854 3 2 0 6 2739 2818 2819 2740
2855 3 2 0 6 2740 2819 2820 2741
2856 3 2 0 6 2741 2820 2821 2742
2857 3 2 0 6 2742 2821 2822 2743
2858 3 2 0 6 2743 2822 2823 2744
2859 3 2 0 6 2744 2823 2824 2745
2860 3 2 0 6 2745 2824 2825 2746
2861 3 2 0 6 2746 2825 2826 2747
2862 3 2 0 6 2747 2826 2827 2748
2863 3 2 0 6 2748 2827 2828 2749
2864 3 2 0 6 2749 2828 2829 2750
2865 3 2 0 6 2750 2829 2830 2751
2866 3 2 0 6 2751 2830 2831 2752
2867 3 2 0 6 2752 2831 2832 2753
2868 3 2 0 6 2753 2832 2833 2754
2869 3 2 0 6 2754 2833 2834 2755
2870 3 2 0 6 2755 2834 2835 2756
2871 3 2 0 6 2756 2835 2836 2757
2872 3 2 0 6 2757 2836 2837 2758
2873 3 2 0 6 2758 2837 2838 2759
2874 3 2 0 6 2759 2838 2839 2760
2875 3 2 0 6 2760 2839 2840 2761
2876 3 2 0 6 2761 2840 2841 2762
2877 3 2 0 6 2762 2841 2842 2763
2878 3 2 0 6 2763 2842 2843 2764
2879 3 2 0 6 2764 2843 2844 2765
2880 3 2 0 6 2765 2844 2845 2766
2881 3 2 0 6 2766 2845 2846 2767
2882 3 2 0 6 2767 2846 2847 2768
2883 3 2 0 6 2768 2847 2848 2769
2884 3 2 0 6 2769 2848 210 211
2885 3 2 0 6 36 37 2849 2770
2886 3 2 0 6 2770 2849 2850 2771
2887 3 2 0 6 2771 2850 2851 2772
2888 3 2 0 6 2772 2851 2852 2773
2889 3 2 0 6 2773 2852 2853 2774
2890 3 2 0 6 2774 2853 2854 2775
2891 3 2 0 6 2775 2854 2855 2776
2892 3 2 0 6 2776 2855 2856 2777
2893 3 2 0 6 2777 2856 2857 2778
2894 3 2 0 6 2778 2857 2858 2779
2895 3 2 0 6 2779 2858 2859 2780
2896 3 2 0 6 2780 2859 2860 2781
2897 3 2 0 6 2781 2860 2861 2782
2898 3 2 0 6 2782 2861 2862 2783
2899 3 2 0 6 2783 2862 2863 2784
2900 3 2 0 6 2784 2863 2864 2785
2901 3 2 0 6 2785 2864 2865 2786
2902 3 2 0 6 2786 2865 2866 2787
2903 3 2 0 6 2787 2866 2867 2788
2904 3 2 0 6 2788 2867 2868 2789
2905 3 2 0 6 2789 2868 2869 2790
2906 3 2 0 6 2790 2869 2870 2791
2907 3 2 0 6 2791 2870 2871 2792
2908 3 2 0 6 2792 2871 2872 2793
2909 3 2 0 6 2793 2872 2873 2794
2910 3 2 0 6 2794 2873 2874 2795
2911 3 2 0 6 2795 2874 2875 2796
2912 3 2 0 6 2796 2875 2876 2797
2913 3 2 0 6 2797 2876 2877 2798
2914 3 2 0 6 2798 2877 2878 2799
2915 3 2 0 6 2799 2878 2879 2800
2916 3 2 0 6 2800 2879 2880 2801
2917 3 2 0 6 2801 2880 2881 2802
2918 3 2 0 6 2802 2881 2882 2803
2919 3 2 0 6 2803 2882 2883 2804
2920 3 2 0 6 2804 2883 2884 2805
2921 3 2 0 6 2805 2884 2885 2806
2922 3 2 0 6 2806 2885 2886 2807
2923 3 2 0 6 2807 2886 2887 2808
2924 3 2 0 6 2808 2887 2888 2809
2925 3 2 0 6 2809 2888 2889 2810
2926 3 2 0 6 2810 2889 2890 2811
2927 3 2 0 6 2811 2890 2891 2812
2928 3 2 0 6 2812 2891 2892 2813
2929 3 2 0 6 2813 2892 2893 2814
2930 3 2 0 6 2814 2893 2894 2815
2931 3 2 0 6 2815 2894 2895 2816
2932 3 2 0 6 2816 2895 2896 2817
2933 3 2 0 6 2817 2896 2897 2818
2934 3 2 0 6 2818 2897 2898 2819
2935 3 2 0 6 2819 2898 2899 2820
2936 3 2 0 6 2820 2899 2900 2821
2937 3 2 0 6 2821 2900 2901 2822
2938 3 2 0 6 2822 2901 2902 2823
2939 3 2 0 6 2823 2902 2903 2824
2940 3 2 0 6 2824 2903 2904 2825
2941 3 2 0 6 2825 2904 2905 2826
2942 3 2 0 6 2826 2905 2906 2827
2943 3 2 0 6 2827 2906 2907 2828
2944 3 2 0 6 2828 2907 2908 2829
2945 3 2 0 6 2829 2908 2909 2830
2946 3 2 0 6 2830 2909 2910 2831
2947 3 2 0 6 2831 2910 2911 2832
2948 3 2 0 6 2832 2911 2912 2833
2949 3 2 0 6 2833 2912 2913 2834
2950 3 2 0 6 2834 2913 2914 2835
2951 3 2 0 6 2835 2914 2915 2836
2952 3 2 0 6 2836 2915 2916 2837
2953 3 2 0 6 2837 2916 2917 2838
2954 3 2 0 6 2838 2917 2918 2839
2955 3 2 0 6 2839 2918 2919 2840
2956 3 2 0 6 2840 2919 2920 2841
2957 3 2 0 6 2841 2920 2921 2842
2958 3 2 0 6 2842 2921 2922 2843
2959 3 2 0 6 2843 2922 2923 2844
2960 3 2 0 6 2844 2923 2924 2845
2961 3 2 0 6 2845 2924 2925 2846
2962 3 2 0 6 2846 2925 2926 2847
2963 3 2 0 6 2847 2926 2927 2848
2964 3 2 0 6 2848 2927 209 210
2965 3 2 0 6 37 38 2928 2849
2966 3 2 0 6 2849 2928 2929 2850
2967 3 2 0 6 2850 2929 2930 2851
2968 3 2 0 6 2851 2930 2931 2852
2969 3 2 0 6 2852 2931 2932 2853
2970 3 2 0 6 2853 2932 2933 2854
2971 3 2 0 6 2854 2933 2934 2855
2972 3 2 0 6 2855 2934 2935 2856
2973 3 2 0 6 2856 2935 2936 2857
2974 3 2 0 6 2857 2936 2937 2858
2975 3 2 0 6 2858 2937 2938 2859
2976 3 2 0 6 2859 2938 2939 2860
2977 3 2 0 6 2860 2939 2940 2861
2978 3 2 0 6 2861 2940 2941 2862
2979 3 2 0 6 2862 2941 2942 2863
2980 3 2 0 6 2863 2942 2943 2864
2981 3 2 0 6 2864 2943 2944 2865
2982 3 2 0 6 2865 2944 2945 2866
2983 3 2 0 6 2866 2945 2946 2867
2984 3 2 0 6 2867 2946 2947 2868
2985 3 2 0 6 2868 2947 2948 2869
2986 3 2 0 6 2869 2948 2949 2870
2987 3 2 0 6 2870 2949 2950 2871
2988 3 2 0 6 2871 2950 2951 2872
2989 3 2 0 6 2872 2951 2952 2873
2990 3 2 0 6 2873 2952 2953 2874
2991 3 2 0 6 2874 2953 2954 2875
2992 3 2 0 6 2875 2954 2955 2876
2993 3 2 0 6 2876 2955 2956 2877
2994 3 2 0 6 2877 2956 2957 2878
2995 3 2 0 6 2878 2957 2958 2879
2996 3 2 0 6 2879 2958 2959 2880
2997 3 2 0 6 2880 2959 2960 2881
2998 3 2 0 6 2881 2960 2961 2882
2999 3 2 0 6 2882 2961 2962 2883
3000 3 2 0 6 2883 2962 2963 2884
3001 3 2 0 6 2884 2963 2964 2885
3002 3 2 0 6 2885 2964 2965 2886
3003 3 2 0 6 2886 2965 2966 2887
3004 3 2 0 6 2887 2966 2967 2888
3005 3 2 0 6 2888 2967 2968 2889
3006 3 2 0 6 2889 2968 2969 2890
3007 3 2 0 6 2890 2969 2970 2891
3008 3 2 0 6 2891 2970 2971 2892
3009 3 2 0 6 2892 2971 2972 2893
3010 3 2 0 6 2893 2972 2973 2894
3011 3 2 0 6 2894 2973 2974 2895
3012 3 2 0 6 2895 2974 2975 2896
3013 3 2 0 6 2896 2975 2976 2897
3014 3 2 0 6 2897 2976 2977 2898
3015 3 2 0 6 2898 2977 2978 2899
3016 3 2 0 6 2899 2978 2979 2900
3017 3 2 0 6 2900 2979 2980 2901
3018 3 2 0 6 2901 2980 2981 2902
3019 3 2 0 6 2902 2981 2982 2903
3020 3 2 0 6 2903 2982 2983 2904
3021 3 2 0 6 2904 2983 2984 2905
3022 3 2 0 6 2905 2984 2985 2906
3023 3 2 0 6 2906 2985 2986 2907
3024 3 2 0 6 2907 2986 2987 2908
3025 3 2 0 6 2908 2987 2988 2909
3026 3 2 0 6 2909 2988 2989 2910
3027 3 2 0 6 2910 2989 2990 2911
3028 3 2 0 6 2911 2990 2991 2912
3029 3 2 0 6 2912 2991 2992 2913
3030 3 2 0 6 2913 2992 2993 2914
3031 3 2 0 6 2914 2993 2994 2915
3032 3 2 0 6 2915 2994 2995 2916
3033 3 2 0 6 2916 2995 2996 2917
3034 3 2 0 6 2917 2996 2997 2918
3035 3 2 0 6 2918 2997 2998 2919
3036 3 2 0 6 2919 2998 2999 2920
3037 3 2 0 6 2920 2999 3000 2921
3038 3 2 0 6 2921 3000 3001 2922
3039 3 2 0 6 2922 3001 3002 2923
3040 3 2 0 6 2923 3002 3003 2924
3041 3 2 0 6 2924 3003 3004 2925
3042 3 2 0 6 2925 3004 3005 2926
3043 3 2 0 6 2926 3005 3006 2927
3044 3 2 0 6 2927 3006 208 209
3045 3 2 0 6 38 39 3007 2928
3046 3 2 0 6 2928 3007 3008 2929
3047 3 2 0 6 2929 3008 3009 2930
3048 3 2 0 6 2930 3009 3010 2931
3049 3 2 0 6 2931 3010 3011 2932
3050 3 2 0 6 2932 3011 3012 2933
3051 3 2 0 6 2933 3012 3013 2934
3052 3 2 0 6 2934 3013 3014 2935
3053 3 2 0 6 2935 3014 3015 2936
3054 3 2 0 6 2936 3015 3016 2937
3055 3 2 0 6 2937 3016 3017 2938
3056 3 2 0 6 2938 3017 3018 2939
3057 3 2 0 6 2939 3018 3019 2940
3058 3 2 0 6 2940 3019 3020 2941
3059 3 2 0 6 2941 3020 3021 2942
3060 3 2 0 6 2942 3021 3022 2943
3061 3 2 0 6 2943 3022 3023 2944
3062 3 2 0 6 2944 3023 3024 2945
3063 3 2 0 6 2945 3024 3025 2946
3064 3 2 0 6 2946 3025 3026 2947
3065 3 2 0 6 2947 3026 3027 2948
3066 3 2 0 6 2948 3027 3028 2949
3067 3 2 0 6 2949 3028 3029 2950
3068 3 2 0 6 2950 3029 3030 2951
3069 3 2 0 6 2951 3030 3031 2952
3070 3 2 0 6 2952 3031 3032 2953
3071 3 2 0 6 2953 3032 3033 2954
3072 3 2 0 6 2954 3033 3034 2955
3073 3 2 0 6 2955 3034 3035 2956
3074 3 2 0 6 2956 3035 3036 2957
3075 3 2 0 6 2957 3036 3037 2958
3076 3 2 0 6 2958 3037 3038 2959
3077 3 2 0 6 2959 3038 3039 2960
3078 3 2 0 6 2960 3039 3040 2961
3079 3 2 0 6 2961 3040 3041 2962
3080 3 2 0 6 2962 3041 3042 2963
3081 3 2 0 6 2963 3042 3043 2964
3082 3 2 0 6 2964 3043 3044 2965
3083 3 2 0 6 2965 3044 3045 2966
3084 3 2 0 6 2966 3045 3046 2967
3085 3 2 0 6 2967 3046 3047 2968
3086 3 2 0 6 2968 3047 3048 2969
3087 3 2 0 6 2969 3048 3049 2970
3088 3 2 0 6 2970 3049 3050 2971
3089 3 2 0 6 2971 3050 3051 2972
3090 3 2 0 6 2972 3051 3052 2973
3091 3 2 0 6 2973 3052 3053 2974
3092 3 2 0 6 2974 3053 3054 2975
3093 3 2 0 6 2975 3054 3055 2976
3094 3 2 0 6 2976 3055 3056 2977
3095 3 2 0 6 2977 3056 3057 2978
3096 3 2 0 6 2978 3057 3058 2979
3097 3 2 0 6 2979 3058 3059 2980
3098 3 2 0 6 2980 3059 3060 2981
3099 3 2 0 6 2981 3060 3061 2982
3100 3 2 0 6 2982 3061 3062 2983
3101 3 2 0 6 2983 3062 3063 2984
3102 3 2 0 6 2984 3063 3064 2985
3103 3 2 0 6 2985 3064 3065 2986
3104 3 2 0 6 2986 3065 3066 2987
3105 3 2 0 6 2987 3066 3067 2988
3106 3 2 0 6 2988 3067 3068 2989
3107 3 2 0 6 2989 3068 3069 2990
3108 3 2 0 6 2990 3069 3070 2991
3109 3 2 0 6 2991 3070 3071 2992
3110 3 2 0 6 2992 3071 3072 2993
3111 3 2 0 6 2993 3072 3073 2994
3112 3 2 0 6 2994 3073 3074 2995
3113 3 2 0 6 2995 3074 3075 2996
3114 3 2 0 6 2996 3075 3076 2997
3115 3 2 0 6 2997 3076 3077 2998
3116 3 2 0 6 2998 3077 3078 2999
3117 3 2 0 6 2999 3078 3079 3000
3118 3 2 0 6 3000 3079 3080 3001
3119 3 2 0 6 3001 3080 3081 3002
3120 3 2 0 6 3002 3081 3082 3003
3121 3 2 0 6 3003 3082 3083 3004
3122 3 2 0 6 3004 3083 3084 3005
3123 3 2 0 6 3005 3084 3085 3006
3124 3 2 0 6 3006 3085 207 208
3125 3 2 0 6 39 40 3086 3007
3126 3 2 0 6 3007 3086 3087 3008
3127 3 2 0 6 3008 3087 3088 3009
3128 3 2 0 6 3009 3088 3089 3010
3129 3 2 0 6 3010 3089 3090 3011
3130 3 2 0 6 3011 3090 3091 3012
3131 3 2 0 6 3012 3091 3092 3013
3132 3 2 0 6 3013 3092 3093 3014
3133 3 2 0 6 3014 3093 3094 3015
3134 3 2 0 6 3015 3094 3095 3016
3135 3 2 0 6 3016 3095 3096 3017
3136 3 2 0 6 3017 3096 3097 3018
3137 3 2 0 6 3018 3097 3098 3019
3138 3 2 0 6 3019 3098 3099 3020
3139 3 2 0 6 3020 3099 3100 3021
3140 3 2 0 6 3021 3100 3101 3022
3141 3 2 0 6 3022 3101 3102 3023
3142 3 2 0 6 3023 3102 3103 3024
3143 3 2 0 6 3024 3103 3104 3025
3144 3 2 0 6 3025 3104 3105 3026
3145 3 2 0 6 3026 3105 3106 3027
3146 3 2 0 6 3027 3106 3107 3028
3147 3 2 0 6 3028 3107 3108 3029
3148 3 2 0 6 3029 3108 3109 3030
3149 3 2 0 6 3030 3109 3110 3031
3150 3 2 0 6 3031 3110 3111 3032
3151 3 2 0 6 3032 3111 3112 3033
3152 3 2 0 6 3033 3112 3113 3034
3153 3 2 0 6 3034 3113 3114 3035
3154 3 2 0 6 3035 3114 3115 3036
3155 3 2 0 6 3036 3115 3116 3037
3156 3 2 0 6 3037 3116 3117 3038
3157 3 2 0 6 3038 3117 3118 3039
3158 3 2 0 6 3039 3118 3119 3040
3159 3 2 0 6 3040 3119 3120 3041
3160 3 2 0 6 3041 3120 3121 3042
3161 3 2 0 6 3042 3121 3122 3043
3162 3 2 0 6 3043 3122 3123 3044
3163 3 2 0 6 3044 3123 3124 3045
3164 3 2 0 6 3045 3124 3125 3046
3165 3 2 0 6 3046 3125 3126 3047
3166 3 2 0 6 3047 3126 3127 3048
3167 3 2 0 6 3048 3127 3128 3049
3168 3 2 0 6 3049 3128 3129 3050
3169 3 2 0 6 3050 3129 3130 3051
3170 3 2 0 6 3051 3130 3131 3052
3171 3 2 0 6 3052 3131 3132 3053
3172 3 2 0 6 3053 3132 3133 3054
3173 3 2 0 6 3054 3133 3134 3055
3174 3 2 0 6 3055 3134 3135 3056
3175 3 2 0 6 3056 3135 3136 3057
3176 3 2 0 6 3057 3136 3137 3058
3177 3 2 0 6 3058 3137 3138 3059
3178 3 2 0 6 3059 3138 3139 3060
3179 3 2 0 6 3060 3139 3140 3061
3180 3 2 0 6 3061 3140 3141 3062
3181 3 2 0 6 3062 3141 3142 3063
3182 3 2 0 6 3063 3142 3143 3064
3183 3 2 0 6 3064 3143 3144 3065
3184 3 2 0 6 3065 3144 3145 3066
3185 3 2 0 6 3066 3145 3146 3067
3186 3 2 0 6 3067 3146 3147 3068
3187 3 2 0 6 3068 3147 3148 3069
3188 3 2 0 6 3069 3148 3149 3070
3189 3 2 0 6 3070 3149 3150 3071
3190 3 2 0 6 3071 3150 3151 3072
3191 3 2 0 6 3072 3151 3152 3073
3192 3 2 0 6 3073 3152 3153 3074
3193 3 2 0 6 3074 3153 3154 3075
3194 3 2 0 6 3075 3154 3155 3076
3195 3 2 0 6 3076 3155 3156 3077
3196 3 2 0 6 3077 3156 3157 3078
3197 3 2 0 6 3078 3157 3158 3079
3198 3 2 0 6 3079 3158 3159 3080
3199 3 2 0 6 3080 3159 3160 3081
3200 3 2 0 6 3081 3160 3161 3082
3201 3 2 0 6 3082 3161 3162 3083
3202 3 2 0 6 3083 3162 3163 3084
3203 3 2 0 6 3084 3163 3164 3085
3204 3 2 0 6 3085 3164 206 207
3205 3 2 0 6 40 41 3165 3086
3206 3 2 0 6 3086 3165 3166 3087
3207 3 2 0 6 3087 3166 3167 3088
3208 3 2 0 6 3088 3167 3168 3089
3209 3 2 0 6 3089 3168 3169 3090
3210 3 2 0 6 3090 3169 3170 3091
3211 3 2 0 6 3091 3170 3171 3092
3212 3 2 0 6 3092 3171 3172 3093
3213 3 2 0 6 3093 3172 3173 3094
3214 3 2 0 6 3094 3173 3174 3095
3215 3 2 0 6 3095 3174 3175 3096
3216 3 2 0 6 3096 3175 3176 3097
3217 3 2 0 6 3097 3176 3177 3098
3218 3 2 0 6 3098 3177 3178 3099
3219 3 2 0 6 3099 3178 3179 3100
3220 3 2 0 6 3100 3179 3180 3101
3221 3 2 0 6 3101 3180 3181 3102
3222 3 2 0 6 3102 3181 3182 3103
3223 3 2 0 6 3103 3182 3183 3104
3224 3 2 0 6 3104 3183 3184 3105
3225 3 2 0 6 3105 3184 3185 3106
3226 3 2 0 6 3106 3185 3186 3107
3227 3 2 0 6 3107 3186 3187 3108
3228 3 2 0 6 3108 3187 3188 3109
3229 3 2 0 6 3109 3188 3189 3110
3230 3 2 0 6 3110 3189 3190 3111
3231 3 2 0 6 3111 3190 3191 3112
3232 3 2 0 6 3112 3191 3192 3113
3233 3 2 0 6 3113 3192 3193 3114
3234 3 2 0 6 3114 3193 3194 3115
3235 3 2 0 6 3115 3194 3195 3116
3236 3 2 0 6 3116 3195 3196 3117
3237 3 2 0 6 3117 3196 3197 3118
3238 3 2 0 6 3118 3197 3198 3119
3239 3 2 0 6 3119 3198 3199 3120
3240 3 2 0 6 3120 3199 3200 3121
3241 3 2 0 6 3121 3200 3201 3122
3242 3 2 0 6 3122 3201 3202 3123
3243 3 2 0 6 3123 3202 3203 3124
3244 3 2 0 6 3124 3203 3204 3125
3245 3 2 0 6 3125 3204 3205 3126
3246 3 2 0 6 3126 3205 3206 3127
3247 3 2 0 6 3127 3206 3207 3128
3248 3 2 0 6 3128 3207 3208 3129
3249 3 2 0 6 3129 3208 3209 3130
3250 3 2 0 6 3130 3209 3210 3131
3251 3 2 0 6 3131 3210 3211 3132
3252 3 2 0 6 3132 3211 3212 3133
3253 3 2 0 6 3133 3212 3213 3134
3254 3 2 0 6 3134 3213 3214 3135
3255 3 2 0 6 3135 3214 3215 3136
3256 3 2 0 6 3136 3215 3216 3137
3257 3 2 0 6 3137 3216 3217 3138
3258 3 2 0 6 3138 3217 3218 3139
3259 3 2 0 6 3139 3218 3219 3140
3260 3 2 0 6 3140 3219 3220 3141
3261 3 2 0 6 3141 3220 3221 3142
3262 3 2 0 6 3142 3221 3222 3143
3263 3 2 0 6 3143 3222 3223 3144
3264 3 2 0 6 3144 3223 3224 3145
3265 3 2 0 6 3145 3224 3225 3146
3266 3 2 0 6 3146 3225 3226 3147
3267 3 2 0 6 3147 3226 3227 3148
3268 3 2 0 6 3148 3227 3228 3149
3269 3 2 0 6 3149 3228 3229 3150
3270 3 2 0 6 3150 3229 3230 3151
3271 3 2 0 6 3151 3230 3231 3152
3272 3 2 0 6 3152 3231 3232 3153
3273 3 2 0 6 3153 3232 3233 3154
3274 3 2 0 6 3154 3233 3234 3155
3275 3 2 0 6 3155 3234 3235 3156
3276 3 2 0 6 3156 3235 3236 3157
3277 3 2 0 6 3157 3236 3237 3158
3278 3 2 0 6 3158 3237 3238 3159
3279 3 2 0 6 3159 3238 3239 3160
3280 3 2 0 6 3160 3239 3240 3161
3281 3 2 0 6 3161 3240 3241 3162
3282 3 2 0 6 3162 3241 3242 3163
3283 3 2 0 6 3163 3242 3243 3164
3284 3 2 0 6 3164 3243 205 206
3285 3 2 0 6 41 42 3244 3165
3286 3 2 0 6 3165 3244 3245 3166
3287 3 2 0 6 3166 3245 3246 3167
3288 3 2 0 6 3167 3246 3247 3168
3289 3 2 0 6 3168 3247 3248 3169
3290 3 2 0 6 3169 3248 3249 3170
3291 3 2 0 6 3170 3249 3250 3171
3292 3 2 0 6 3171 3250 3251 3172
3293 3 2 0 6 3172 3251 3252 3173
3294 3 2 0 6 3173 3252 3253 3174
3295 3 2 0 6 3174 3253 3254 3175
3296 3 2 0 6 3175 3254 3255 3176
3297 3 2 0 6 3176 3255 3256 3177
3298 3 2 0 6 3177 3256 3257 3178
3299 3 2 0 6 3178 3257 3258 3179
3300 3 2 0 6 3179 3258 3259 3180
3301 3 2 0 6 3180 3259 3260 3181
3302 3 2 0 6 3181 3260 3261 3182
3303 3 2 0 6 3182 3261 3262 3183
3304 3 2 0 6 3183 3262 3263 3184
3305 3 2 0 6 3184 3263 3264 3185
3306 3 2 0 6 3185 3264 3265 3186
3307 3 2 0 6 3186 3265 3266 3187
3308 3 2 0 6 3187 3266 3267 3188
3309 3 2 0 6 3188 3267 3268 3189
3310 3 2 0 6 3189 3268 3269 3190
3311 3 2 0 6 3190 3269 3270 3191
3312 3 2 0 6 3191 3270 3271 3192
3313 3 2 0 6 3192 3271 3272 3193
3314 3 2 0 6 3193 3272 3273 3194
3315 3 2 0 6 3194 3273 3274 3195
3316 3 2 0 6 3195 3274 3275 3196
3317 3 2 0 6 3196 3275 3276 3197
3318 3 2 0 6 3197 3276 3277 3198
3319 3 2 0 6 3198 3277 3278 3199
3320 3 2 0 6 3199 3278 3279 3200
3321 3 2 0 6 3200 3279 3280 3201
3322 3 2 0 6 3201 3280 3281 3202
3323 3 2 0 6 3202 3281 3282 3203
3324 3 2 0 6 3203 3282 3283 3204
3325 3 2 0 6 3204 3283 3284 3205
3326 3 2 0 6 3205 3284 3285 3206
3327 3 2 0 6 3206 3285 3286 3207
3328 3 2 0 6 3207 3286 3287 3208
3329 3 2 0 6 3208 3287 3288 3209
3330 3 2 0 6 3209 3288 3289 3210
3331 3 2 0 6 3210 3289 3290 3211
3332 3 2 0 6 3211 3290 3291 3212
3333 3 2 0 6 3212 3291 3292 3213
3334 3 2 0 6 3213 3292 3293 3214
3335 3 2 0 6 3214 3293 3294 3215
3336 3 2 0 6 3215 3294 3295 3216
3337 3 2 0 6 3216 3295 3296 3217
3338 3 2 0 6 3217 3296 3297 3218
3339 3 2 0 6 3218 3297 3298 3219
3340 3 2 0 6 3219 3298 3299 3220
3341 3 2 0 6 3220 3299 3300 3221
3342 3 2 0 6 3221 3300 3301 3222
3343 3 2 0 6 3222 3301 3302 3223
3344 3 2 0 6 3223 3302 3303 3224
3345 3 2 0 6 3224 3303 3304 3225
3346 3 2 0 6 3225 3304 3305 3226
3347 3 2 0 6 3226 3305 3306 3227
3348 3 2 0 6 3227 3306 3307 3228
3349 3 2 0 6 3228 3307 3308 3229
3350 3 2 0 6 3229 3308 3309 3230
3351 3 2 0 6 3230 3309 3310 3231
3352 3 2 0 6 3231 3310 3311 3232
3353 3 2 0 6 3232 3311 3312 3233
3354 3 2 0 6 3233 3312 3313 3234
3355 3 2 0 6 3234 3313 3314 3235
3356 3 2 0 6 3235 3314 3315 3236
3357 3 2 0 6 3236 3315 3316 3237
3358 3 2 0 6 3237 3316 3317 3238
3359 3 2 0 6 3238 3317 3318 3239
3360 3 2 0 6 3239 3318 3319 3240
3361 3 2 0 6 3240 3319 3320 3241
3362 3 2 0 6 3241 3320 3321 3242
3363 3 2 0 6 3242 3321 3322 3243
3364 3 2 0 6 3243 3322 204 205
3365 3 2 0 6 42 43 3323 3244
3366 3 2 0 6 3244 3323 3324 3245
3367 3 2 0 6 3245 3324 3325 3246
3368 3 2 0 6 3246 3325 3326 3247
3369 3 2 0 6 3247 3326 3327 3248
3370 3 2 0 6 3248 3327 3328 3249
3371 3 2 0 6 3249 3328 3329 3250
3372 3 2 0 6 3250 3329 3330 3251
3373 3 2 0 6 3251 3330 3331 3252
3374 3 2 0 6 3252 3331 3332 3253
3375 3 2 0 6 3253 3332 3333 3254
3376 3 2 0 6 3254 3333 3334 3255
3377 3 2 0 6 3255 3334 3335 3256
3378 3 2 0 6 3256 3335 3336 3257
3379 3 2 0 6 3257 3336 3337 3258
3380 3 2 0 6 3258 3337 3338 3259
3381 3 2 0 6 3259 3338 3339 3260
3382 3 2 0 6 3260 3339 3340 3261
3383 3 2 0 6 3261 3340 3341 3262
3384 3 2 0 6 3262 3341 3342 3263
3385 3 2 0 6 3263 3342 3343 3264
3386 3 2 0 6 3264 3343 3344 3265
3387 3 2 0 6 3265 3344 3345 3266
3388 3 2 0 6 3266 3345 3346 3267
3389 3 2 0 6 3267 3346 3347 3268
3390 3 2 0 6 3268 3347 3348 3269
3391 3 2 0 6 3269 3348 3349 3270
3392 3 2 0 6 3270 3349 3350 3271
3393 3 2 0 6 3271 3350 3351 3272
3394 3 2 0 6 3272 3351 3352 3273
3395 3 2 0 6 3273 3352 3353 3274
3396 3 2 0 6 3274 3353 3354 3275
3397 3 2 0 6 3275 3354 3355 3276
3398 3 2 0 6 3276 3355 3356 3277
3399 3 2 0 6 3277 3356 3357 3278
3400 3 2 0 6 3278 3357 3358 3279
3401 3 2 0 6 3279 3358 3359 3280
3402 3 2 0 6 3280 3359 3360 3281
3403 3 2 0 6 3281 3360 3361 3282
3404 3 2 0 6 3282 3361 3362 3283
3405 3 2 0 6 3283 3362 3363 3284
3406 3 2 0 6 3284 3363 3364 3285
3407 3 2 0 6 3285 3364 3365 3286
3408 3 2 0 6 3286 3365 3366 3287
3409 3 2 0 6 3287 3366 3367 3288
3410 3 2 0 6 3288 3367 3368 3289
3411 3 2 0 6 3289 3368 3369 3290
3412 3 2 0 6 3290 3369 3370 3291
3413 3 2 0 6 3291 3370 3371 3292
3414 3 2 0 6 3292 3371 3372 3293
3415 3 2 0 6 3293 3372 3373 3294
3416 3 2 0 6 3294 3373 3374 3295
3417 3 2 0 6 3295 3374 3375 3296
3418 3 2 0 6 3296 3375 3376 3297
3419 3 2 0 6 3297 3376 3377 3298
3420 3 2 0 6 3298 3377 3378 3299
3421 3 2 0 6 3299 3378 3379 3300
3422 3 2 0 6 3300 3379 3380 3301
3423 3 2 0 6 3301 3380 3381 3302
3424 3 2 0 6 3302 3381 3382 3303
3425 3 2 0 6 3303 3382 3383 3304
3426 3 2 0 6 3304 3383 3384 3305
3427 3 2 0 6 3305 3384 3385 3306
3428 3 2 0 6 3306 3385 3386 3307
3429 3 2 0 6 3307 3386 3387 3308
3430 3 2 0 6 3308 3387 3388 3309
3431 3 2 0 6 3309 3388 3389 3310
3432 3 2 0 6 3310 3389 3390 3311
3433 3 2 0 6 3311 3390 3391 3312
3434 3 2 0 6 3312 3391 3392 3313
3435 3 2 0 6 3313 3392 3393 3314
3436 3 2 0 6 3314 3393 3394 3315
3437 3 2 0 6 3315 3394 3395 3316
3438 3 2 0 6 3316 3395 3396 3317
3439 3 2 0 6 3317 3396 3397 3318
3440 3 2 0 6 3318 3397 3398 3319
3441 3 2 0 6 3319 3398 3399 3320
3442 3 2 0 6 3320 3399 3400 3321
3443 3 2 0 6 3321 3400 3401 3322
3444 3 2 0 6 3322 3401 203 204
3445 3 2 0 6 43 44 3402 3323
3446 3 2 0 6 3323 3402 3403 3324
3447 3 2 0 6 3324 3403 3404 3325
3448 3 2 0 6 3325 3404 3405 3326
3449 3 2 0 6 3326 3405 3406 3327
3450 3 2 0 6 3327 3406 3407 3328
3451 3 2 0 6 3328 3407 3408 3329
3452 3 2 0 6 3329 3408 3409 3330
3453 3 2 0 6 3330 3409 3410 3331
3454 3 2 0 6 3331 3410 3411 3332
3455 3 2 0 6 3332 3411 3412 3333
3456 3 2 0 6 3333 3412 3413 3334
3457 3 2 0 6 3334 3413 3414 3335
3458 3 2 0 6 3335 3414 3415 3336
3459 3 2 0 6 3336 3415 3416 3337
3460 3 2 0 6 3337 3416 3417 3338
3461 3 2 0 6 3338 3417 3418 3339
3462 3 2 0 6 3339 3418 3419 3340
3463 3 2 0 6 3340 3419 3420 3341
3464 3 2 0 6 3341 3420 3421 3342
3465 3 2 0 6 3342 3421 3422 3343
3466 3 2 0 6 3343 3422 3423 3344
3467 3 2 0 6 3344 3423 3424 3345
3468 3 2 0 6 3345 3424 3425 3346
3469 3 2 0 6 3346 3425 3426 3347
3470 3 2 0 6 3347 3426 3427 3348
3471 3 2 0 6 3348 3427 3428 3349
3472 3 2 0 6 3349 3428 3429 3350
3473 3 2 0 6 3350 3429 3430 3351
3474 3 2 0 6 3351 3430 3431 3352
3475 3 2 0 6 3352 3431 3432 3353
3476 3 2 0 6 3353 3432 3433 3354
3477 3 2 0 6 3354 3433 3434 3355
3478 3 2 0 6 3355 3434 3435 3356
3479 3 2 0 6 3356 3435 3436 3357
3480 3 2 0 6 3357 3436 3437 3358
3481 3 2 0 6 3358 3437 3438 3359
3482 3 2 0 6 3359 3438 3439 3360
3483 3 2 0 6 3360 3439 3440 3361
3484 3 2 0 6 3361 3440 3441 3362
3485 3 2 0 6 3362 3441 3442 3363
3486 3 2 0 6 3363 3442 3443 3364
3487 3 2 0 6 3364 3443 3444 3365
3488 3 2 0 6 3365 3444 3445 3366
3489 3 2 0 6 3366 3445 3446 3367
3490 3 2 0 6 3367 3446 3447 3368
3491 3 2 0 6 3368 3447 3448 3369
3492 3 2 0 6 3369 3448 3449 3370
3493 3 2 0 6 3370 3449 3450 3371
3494 3 2 0 6 3371 3450 3451 3372
3495 3 2 0 6 3372 3451 3452 3373
3496 3 2 0 6 3373 3452 3453 3374
3497 3 2 0 6 3374 3453 3454 3375
3498 3 2 0 6 3375 3454 3455 3376
3499 3 2 0 6 3376 3455 3456 3377
3500 3 2 0 6 3377 3456 3457 3378
3501 3 2 0 6 3378 3457 3458 3379
3502 3 2 0 6 3379 3458 3459 3380
3503 3 2 0 6 3380 3459 3460 3381
3504 3 2 0 6 3381 3460 3461 3382
3505 3 2 0 6 3382 3461 3462 3383
3506 3 2 0 6 3383 3462 3463 3384
3507 3 2 0 6 3384 3463 3464 3385
3508 3 2 0 6 3385 3464 3465 3386
3509 3 2 0 6 3386 3465 3466 3387
3510 3 2 0 6 3387 3466 3467 3388
3511 3 2 0 6 3388 3467 3468 3389
3512 3 2 0 6 3389 3468 3469 3390
3513 3 2 0 6 3390 3469 3470 3391
3514 3 2 0 6 3391 3470 3471 3392
3515 3 2 0 6 3392 3471 3472 3393
3516 3 2 0 6 3393 3472 3473 3394
3517 3 2 0 6 3394 3473 3474 3395
3518 3 2 0 6 3395 3474 3475 3396
3519 3 2 0 6 3396 3475 3476 3397
3520 3 2 0 6 3397 3476 3477 3398
3521 3 2 0 6 3398 3477 3478 3399
3522 3 2 0 6 3399 3478 3479 3400
3523 3 2 0 6 3400 3479 3480 3401
3524 3 2 0 6 3401 3480 202 203
3525 3 2 0 6 44 45 3481 3402
3526 3 2 0 6 3402 3481 3482 3403
3527 3 2 0 6 3403 3482 3483 3404
3528 3 2 0 6 3404 3483 3484 3405
3529 3 2 0 6 3405 3484 3485 3406
3530 3 2 0 6 3406 3485 3486 3407
3531 3 2 0 6 3407 3486 3487 3408
3532 3 2 0 6 3408 3487 3488 3409
3533 3 2 0 6 3409 3488 3489 3410
3534 3 2 0 6 3410 3489 3490 3411
3535 3 2 0 6 3411 3490 3491 3412
3536 3 2 0 6 3412 3491 3492 3413
3537 3 2 0 6 3413 3492 3493 3414
3538 3 2 0 6 3414 3493 3494 3415
3539 3 2 0 6 3415 3494 3495 3416
3540 3 2 0 6 3416 3495 3496 3417
3541 3 2 0 6 3417 3496 3497 3418
3542 3 2 0 6 3418 3497 3498 3419
3543 3 2 0 6 3419 3498 3499 3420
3544 3 2 0 6 3420 3499 3500 3421
3545 3 2 0 6 3421 3500 3501 3422
3546 3 2 0 6 3422 3501 3502 3423
3547 3 2 0 6 3423 3502 3503 3424
3548 3 2 0 6 3424 3503 3504 3425
3549 3 2 0 6 3425 3504 3505 3426
3550 3 2 0 6 3426 3505 3506 3427
3551 3 2 0 6 3427 3506 3507 3428
3552 3 2 0 6 3428 3507 3508 3429
3553 3 2 0 6 3429 3508 3509 3430
3554 3 2 0 6 3430 3509 3510 3431
3555 3 2 0 6 3431 3510 3511 3432
3556 3 2 0 6 3432 3511 3512 3433
3557 3 2 0 6 3433 3512 3513 3434
3558 3 2 0 6 3434 3513 3514 3435
3559 3 2 0 6 3435 3514 3515 3436
3560 3 2 0 6 3436 3515 3516 3437
3561 3 2 0 6 3437 3516 3517 3438
3562 3 2 0 6 3438 3517 3518 3439
3563 3 2 0 6 3439 3518 3519 3440
3564 3 2 0 6 3440 3519 3520 3441
3565 3 2 0 6 3441 3520 3521 3442
3566 3 2 0 6 3442 3521 3522 3443
3567 3 2 0 6 3443 3522 3523 3444
3568 3 2 0 6 3444 3523 3524 3445
3569 3 2 0 6 3445 3524 3525 3446
3570 3 2 0 6 3446 3525 3526 3447
3571 3 2 0 6 3447 3526 3527 3448
3572 3 2 0 6 3448 3527 3528 3449
3573 3 2 0 6 3449 3528 3529 3450
3574 3 2 0 6 3450 3529 3530 3451
3575 3 2 0 6 3451 3530 3531 3452
3576 3 2 0 6 3452 3531 3532 3453
3577 3 2 0 6 3453 3532 3533 3454
3578 3 2 0 6 3454 3533 3534 3455
3579 3 2 0 6 3455 3534 3535 3456
3580 3 2 0 6 3456 3535 3536 3457
3581 3 2 0 6 3457 3536 3537 3458
3582 3 2 0 6 3458 3537 3538 3459
3583 3 2 0 6 3459 3538 3539 3460
3584 3 2 0 6 3460 3539 3540 3461
3585 3 2 0 6 3461 3540 3541 3462
3586 3 2 0 6 3462 3541 3542 3463
3587 3 2 0 6 3463 3542 3543 3464
3588 3 2 0 6 3464 3543 3544 3465
3589 3 2 0 6 3465 3544 3545 3466
3590 3 2 0 6 3466 3545 3546 3467
3591 3 2 0 6 3467 3546 3547 3468
3592 3 2 0 6 3468 3547 3548 3469
3593 3 2 0 6 3469 3548 3549 3470
3594 3 2 0 6 3470 3549 3550 3471
3595 3 2 0 6 3471 3550 3551 3472
3596 3 2 0 6 3472 3551 3552 3473
3597 3 2 0 6 3473 3552 3553 3474
3598 3 2 0 6 3474 3553 3554 3475
3599 3 2 0 6 3475 3554 3555 3476
3600 3 2 0 6 3476 3555 3556 3477
3601 3 2 0 6 3477 3556 3557 3478
3602 3 2 0 6 3478 3557 3558 3479
3603 3 2 0 6 3479 3558 3559 3480
3604 3 2 0 6 3480 3559 201 202
3605 3 2 0 6 45 46 3560 3481
3606 3 2 0 6 3481 3560 3561 3482
3607 3 2 0 6 3482 3561 3562 3483
3608 3 2 0 6 3483 3562 3563 3484
3609 3 2 0 6 3484 3563 3564 3485
3610 3 2 0 6 3485 3564 3565 3486
3611 3 2 0 6 3486 3565 3566 3487
3612 3 2 0 6 3487 3566 3567 3488
3613 3 2 0 6 3488 3567 3568 3489
3614 3 2 0 6 3489 3568 3569 3490
3615 3 2 0 6 3490 3569 3570 3491
3616 3 2 0 6 3491 3570 3571 3492
3617 3 2 0 6 3492 3571 3572 3493
3618 3 2 0 6 3493 3572 3573 3494
3619 3 2 0 6 3494 3573 3574 3495
3620 3 2 0 6 3495 3574 3575 3496
3621 3 2 0 6 3496 3575 3576 3497
3622 3 2 0 6 3497 3576 3577 3498
3623 3 2 0 6 3498 3577 3578 3499
3624 3 2 0 6 3499 3578 3579 3500
3625 3 2 0 6 3500 3579 3580 3501
3626 3 2 0 6 3501 3580 3581 3502
3627 3 2 0 6 3502 3581 3582 3503
3628 3 2 0 6 3503 3582 3583 3504
3629 3 2 0 6 3504 3583 3584 3505
3630 3 2 0 6 3505 3584 3585 3506
3631 3 2 0 6 3506 3585 3586 3507
3632 3 2 0 6 3507 3586 3587 3508
3633 3 2 0 6 3508 3587 3588 3509
3634 3 2 0 6 3509 3588 3589 3510
3635 3 2 0 6 3510 3589 3590 3511
3636 3 2 0 6 3511 3590 3591 3512
3637 3 2 0 6 3512 3591 3592 3513
3638 3 2 0 6 3513 3592 3593 3514
3639 3 2 0 6 3514 3593 3594 3515
3640 3 2 0 6 3515 3594 3595 3516
3641 3 2 0 6 3516 3595 3596 3517
3642 3 2 0 6 3517 3596 3597 3518
3643 3 2 0 6 3518 3597 3598 3519
3644 3 2 0 6 3519 3598 3599 3520
3645 3 2 0 6 3520 3599 3600 3521
3646 3 2 0 6 3521 3600 3601 3522
3647 3 2 0 6 3522 3601 3602 3523
3648 3 2 0 6 3523 3602 3603 3524
3649 3 2 0 6 3524 3603 3604 3525
3650 3 2 0 6 3525 3604 3605 3526
3651 3 2 0 6 3526 3605 3606 3527
3652 3 2 0 6 3527 3606 3607 3528
3653 3 2 0 6 3528 3607 3608 3529
3654 3 2 0 6 3529 3608 3609 3530
3655 3 2 0 6 3530 3609 3610 3531
3656 3 2 0 6 3531 3610 3611 3532
3657 3 2 0 6 3532 3611 3612 3533
3658 3 2 0 6 3533 3612 3613 3534
3659 3 2 0 6 3534 3613 3614 3535
3660 3 2 0 6 3535 3614 3615 3536
3661 3 2 0 6 3536 3615 3616 3537
3662 3 2 0 6 3537 3616 3617 3538
3663 3 2 0 6 3538 3617 3618 3539
3664 3 2 0 6 3539 3618 3619 3540
3665 3 2 0 6 3540 3619 3620 3541
3666 3 2 0 6 3541 3620 3621 3542
3667 3 2 0 6 3542 3621 3622 3543
3668 3 2 0 6 3543 3622 3623 3544
3669 3 2 0 6 3544 3623 3624 3545
3670 3 2 0 6 3545 3624 3625 3546
3671 3 2 0 6 3546 3625 3626 3547
3672 3 2 0 6 3547 3626 3627 3548
3673 3 2 0 6 3548 3627 3628 3549
3674 3 2 0 6 3549 3628 3629 3550
3675 3 2 0 6 3550 3629 3630 3551
3676 3 2 0 6 3551 3630 3631 3552
3677 3 2 0 6 3552 3631 3632 3553
3678 3 2 0 6 3553 3632 3633 3554
3679 3 2 0 6 3554 3633 3634 3555
3680 3 2 0 6 3555 3634 3635 3556
3681 3 2 0 6 3556 3635 3636 3557
3682 3 2 0 6 3557 3636 3637 3558
3683 3 2 0 6 3558 3637 3638 3559
3684 3 2 0 6 3559 3638 200 201
3685 3 2 0 6 46 47 3639 3560
3686 3 2 0 6 3560 3639 3640 3561
3687 3 2 0 6 3561 3640 3641 3562
3688 3 2 0 6 3562 3641 3642 3563
3689 3 2 0 6 3563 3642 3643 3564
3690 3 2 0 6 3564 3643 3644 3565
3691 3 2 0 6 3565 3644 3645 3566
3692 3 2 0 6 3566 3645 3646 3567
3693 3 2 0 6 3567 3646 3647 3568
3694 3 2 0 6 3568 3647 3648 3569
3695 3 2 0 6 3569 3648 3649 3570
3696 3 2 0 6 3570 3649 3650 3571
3697 3 2 0 6 3571 3650 3651 3572
3698 3 2 0 6 3572 3651 3652 3573
3699 3 2 0 6 3573 3652 3653 3574
3700 3 2 0 6 3574 3653 3654 3575
3701 3 2 0 6 3575 3654 3655 3576
3702 3 2 0 6 3576 3655 3656 3577
3703 3 2 0 6 3577 3656 3657 3578
3704 3 2 0 6 3578 3657 3658 3579
3705 3 2 0 6 3579 3658 3659 3580
3706 3 2 0 6 3580 3659 3660 3581
3707 3 2 0 6 3581 3660 3661 3582
3708 3 2 0 6 3582 3661 3662 3583
3709 3 2 0 6 3583 3662 3663 3584
3710 3 2 0 6 3584 3663 3664 3585
3711 3 2 0 6 3585 3664 3665 3586
3712 3 2 0 6 3586 3665 3666 3587
3713 3 2 0 6 3587 3666 3667 3588
3714 3 2 0 6 3588 3667 3668 3589
3715 3 2 0 6 3589 3668 3669 3590
3716 3 2 0 6 3590 3669 3670 3591
3717 3 2 0 6 3591 3670 3671 3592
3718 3 2 0 6 3592 3671 3672 3593
3719 3 2 0 6 3593 3672 3673 3594
3720 3 2 0 6 3594 3673 3674 3595
3721 3 2 0 6 3595 3674 3675 3596
3722 3 2 0 6 3596 3675 3676 3597
3723 3 2 0 6 3597 3676 3677 3598
3724 3 2 0 6 3598 3677 3678 3599
3725 3 2 0 6 3599 3678 3679 3600
3726 3 2 0 6 3600 3679 3680 3601
3727 3 2 0 6 3601 3680 3681 3602
3728 3 2 0 6 3602 3681 3682 3603
3729 3 2 0 6 3603 3682 3683 3604
3730 3 2 0 6 3604 3683 3684 3605
3731 3 2 0 6 3605 3684 3685 3606
3732 3 2 0 6 3606 3685 3686 3607
3733 3 2 0 6 3607 3686 3687 3608
3734 3 2 0 6 3608 3687 3688 3609
3735 3 2 0 6 3609 3688 3689 3610
3736 3 2 0 6 3610 3689 3690 3611
3737 3 2 0 6 3611 3690 3691 3612
3738 3 2 0 6 3612 3691 3692 3613
3739 3 2 0 6 3613 3692 3693 3614
3740 3 2 0 6 3614 3693 3694 3615
3741 3 2 0 6 3615 3694 3695 3616
3742 3 2 0 6 3616 3695 3696 3617
3743 3 2 0 6 3617 3696 3697 3618
3744 3 2 0 6 3618 3697 3698 3619
3745 3 2 0 6 3619 3698 3699 3620
3746 3 2 0 6 3620 3699 3700 3621
3747 3 2 0 6 3621 3700 3701 3622
3748 3 2 0 6 3622 3701 3702 3623
3749 3 2 0 6 3623 3702 3703 3624
3750 3 2 0 6 3624 3703 3704 3625
3751 3 2 0 6 3625 3704 3705 3626
3752 3 2 0 6 3626 3705 3706 3627
3753 3 2 0 6 3627 3706 3707 3628
3754 3 2 0 6 3628 3707 3708 3629
3755 3 2 0 6 3629 3708 3709 3630
3756 3 2 0 6 3630 3709 3710 3631
3757 3 2 0 6 3631 3710 3711 3632
3758 3 2 0 6 3632 3711 3712 3633
3759 3 2 0 6 3633 3712 3713 3634
3760 3 2 0 6 3634 3713 3714 3635
3761 3 2 0 6 3635 3714 3715 3636
3762 3 2 0 6 3636 3715 3716 3637
3763 3 2 0 6 3637 3716 3717 3638
3764 3 2 0 6 3638 3717 199 200
3765 3 2 0 6 47 48 3718 3639
3766 3 2 0 6 3639 3718 3719 3640
3767 3 2 0 6 3640 3719 3720 3641
3768 3 2 0 6 3641 3720 3721 3642
3769 3 2 0 6 3642 3721 3722 3643
3770 3 2 0 6 3643 3722 3723 3644
3771 3 2 0 6 3644 3723 3724 3645
3772 3 2 0 6 3645 3724 3725 3646
3773 3 2 0 6 3646 3725 3726 3647
3774 3 2 0 6 3647 3726 3727 3648
3775 3 2 0 6 3648 3727 3728 3649
3776 3 2 0 6 3649 3728 3729 3650
3777 3 2 0 6 3650 3729 3730 3651
3778 3 2 0 6 3651 3730 3731 3652
3779 3 2 0 6 3652 3731 3732 3653
3780 3 2 0 6 3653 3732 3733 3654
3781 3 2 0 6 3654 3733 3734 3655
3782 3 2 0 6 3655 3734 3735 3656
3783 3 2 0 6 3656 3735 3736 3657
3784 3 2 0 6 3657 3736 3737 3658
3785 3 2 0 6 3658 3737 3738 3659
3786 3 2 0 6 3659 3738 3739 3660
3787 3 2 0 6 3660 3739 3740 3661
3788 3 2 0 6 3661 3740 3741 3662
3789 3 2 0 6 3662 3741 3742 3663
3790 3 2 0 6 3663 3742 3743 3664
3791 3 2 0 6 3664 3743 3744 3665
3792 3 2 0 6 3665 3744 3745 3666
3793 3 2 0 6 3666 3745 3746 3667
3794 3 2 0 6 3667 3746 3747 3668
3795 3 2 0 6 3668 3747 3748 3669
3796 3 2 0 6 3669 3748 3749 3670
3797 3 2 0 6 3670 3749 3750 3671
3798 3 2 0 6 3671 3750 3751 3672
3799 3 2 0 6 3672 3751 3752 3673
3800 3 2 0 6 3673 3752 3753 3674
3801 3 2 0 6 3674 3753 3754 3675
3802 3 2 0 6 3675 3754 3755 3676
3803 3 2 0 6 3676 3755 3756 3677
3804 3 2 0 6 3677 3756 3757 3678
3805 3 2 0 6 3678 3757 3758 3679
3806 3 2 0 6 3679 3758 3759 3680
3807 3 2 0 6 3680 3759 3760 3681
3808 3 2 0 6 3681 3760 3761 3682
3809 3 2 0 6 3682 3761 3762 3683
3810 3 2 0 6 3683 3762 3763 3684
3811 3 2 0 6 3684 3763 3764 3685
3812 3 2 0 6 3685 3764 3765 3686
3813 3 2 0 6 3686 3765 3766 3687
3814 3 2 0 6 3687 3766 3767 3688
3815 3 2 0 6 3688 3767 3768 3689
3816 3 2 0 6 3689 3768 3769 3690
3817 3 2 0 6 3690 3769 3770 3691
3818 3 2 0 6 3691 3770 3771 3692
3819 3 2 0 6 3692 3771 3772 3693
3820 3 2 0 6 3693 3772 3773 3694
3821 3 2 0 6 3694 3773 3774 3695
3822 3 2 0 6 3695 3774 3775 3696
3823 3 2 0 6 3696 3775 3776 3697
3824 3 2 0 6 3697 3776 3777 3698
3825 3 2 0 6 3698 3777 3778 3699
3826 3 2 0 6 3699 3778 3779 3700
3827 3 2 0 6 3700 3779 3780 3701
3828 3 2 0 6 3701 3780 3781 3702
3829 3 2 0 6 3702 3781 3782 3703
3830 3 2 0 6 3703 3782 3783 3704
3831 3 2 0 6 3704 3783 3784 3705
3832 3 2 0 6 3705 3784 3785 3706
3833 3 2 0 6 3706 3785 3786 3707
3834 3 2 0 6 3707 3786 3787 3708
3835 3 2 0 6 3708 3787 3788 3709
3836 3 2 0 6 3709 3788 3789 3710
3837 3 2 0 6 3710 3789 3790 3711
3838 3 2 0 6 3711 3790 3791 3712
3839 3 2 0 6 3712 3791 3792 3713
3840 3 2 0 6 3713 3792 3793 3714
3841 3 2 0 6 3714 3793 3794 3715
3842 3 2 0 6 3715 3794 3795 3716
3843 3 2 0 6 3716 3795 3796 3717
3844 3 2 0 6 3717 3796 198 199
3845 3 2 0 6 48 49 3797 3718
3846 3 2 0 6 3718 3797 3798 3719
3847 3 2 0 6 3719 3798 3799 3720
3848 3 2 0 6 3720 3799 3800 3721
3849 3 2 0 6 3721 3800 3801 3722
3850 3 2 0 6 3722 3801 3802 3723
3851 3 2 0 6 3723 3802 3803 3724
3852 3 2 0 6 3724 3803 3804 3725
3853 3 2 0 6 3725 3804 3805 3726
3854 3 2 0 6 3726 3805 3806 3727
3855 3 2 0 6 3727 3806 3807 3728
3856 3 2 0 6 3728 3807 3808 3729
3857 3 2 0 6 3729 3808 3809 3730
3858 3 2 0 6 3730 3809 3810 3731
3859 3 2 0 6 3731 3810 3811 3732
3860 3 2 0 6 3732 3811 3812 3733
3861 3 2 0 6 3733 3812 3813 3734
3862 3 2 0 6 3734 3813 3814 3735
3863 3 2 0 6 3735 3814 3815 3736
3864 3 2 0 6 3736 3815 3816 3737
3865 3 2 0 6 3737 3816 3817 3738
3866 3 2 0 6 3738 3817 3818 3739
3867 3 2 0 6 3739 3818 3819 3740
3868 3 2 0 6 3740 3819 3820 3741
3869 3 2 0 6 3741 3820 3821 3742
3870 3 2 0 6 3742 3821 3822 3743
3871 3 2 0 6 3743 3822 3823 3744
3872 3 2 0 6 3744 3823 3824 3745
3873 3 2 0 6 3745 3824 3825 3746
3874 3 2 0 6 3746 3825 3826 3747
3875 3 2 0 6 3747 3826 3827 3748
3876 3 2 0 6 3748 3827 3828 3749
3877 3 2 0 6 3749 3828 3829 3750
3878 3 2 0 6 3750 3829 3830 3751
3879 3 2 0 6 3751 3830 3831 3752
3880 3 2 0 6 3752 3831 3832 3753
3881 3 2 0 6 3753 3832 3833 3754
3882 3 2 0 6 3754 3833 3834 3755
3883 3 2 0 6 3755 3834 3835 3756
3884 3 2 0 6 3756 3835 3836 3757
3885 3 2 0 6 3757 3836 3837 3758
3886 3 2 0 6 3758 3837 3838 3759
3887 3 2 0 6 3759 3838 3839 3760
3888 3 2 0 6 3760 3839 3840 3761
3889 3 2 0 6 3761 3840 3841 3762
3890 3 2 0 6 3762 3841 3842 3763
3891 3 2 0 6 3763 3842 3843 3764
3892 3 2 0 6 3764 3843 3844 3765
3893 3 2 0 6 3765 3844 3845 3766
3894 3 2 0 6 3766 3845 3846 3767
3895 3 2 0 6 3767 3846 3847 3768
3896 3 2 0 6 3768 3847 3848 3769
3897 3 2 0 6 3769 3848 3849 3770
3898 3 2 0 6 3770 3849 3850 3771
3899 3 2 0 6 3771 3850 3851 3772
3900 3 2 0 6 3772 3851 3852 3773
3901 3 2 0 6 3773 3852 3853 3774
3902 3 2 0 6 3774 3853 3854 3775
3903 3 2 0 6 3775 3854 3855 3776
3904 3 2 0 6 3776 3855 3856 3777
3905 3 2 0 6 3777 3856 3857 3778
3906 3 2 0 6 3778 3857 3858 3779
3907 3 2 0 6 3779 3858 3859 3780
3908 3 2 0 6 3780 3859 3860 3781
3909 3 2 0 6 3781 3860 3861 3782
3910 3 2 0 6 3782 3861 3862 3783
3911 3 2 0 6 3783 3862 3863 3784
3912 3 2 0 6 3784 3863 3864 3785
3913 3 2 0 6 3785 3864 3865 3786
3914 3 2 0 6 3786 3865 3866 3787
3915 3 2 0 6 3787 3866 3867 3788
3916 3 2 0 6 3788 3867 3868 3789
3917 3 2 0 6 3789 3868 3869 3790
3918 3 2 0 6 3790 3869 3870 3791
3919 3 2 0 6 3791 3870 3871 3792
3920 3 2 0 6 3792 3871 3872 3793
3921 3 2 0 6 3793 3872 3873 3794
3922 3 2 0 6 3794 3873 3874 3795
3923 3 2 0 6 3795 3874 3875 3796
3924 3 2 0 6 3796 3875 197 198
3925 3 2 0 6 49 50 3876 3797
3926 3 2 0 6 3797 3876 3877 3798
3927 3 2 0 6 3798 3877 3878 3799
3928 3 2 0 6 3799 3878 3879 3800
3929 3 2 0 6 3800 3879 3880 3801
3930 3 2 0 6 3801 3880 3881 3802
3931 3 2 0 6 3802 3881 3882 3803
3932 3 2 0 6 3803 3882 3883 3804
3933 3 2 0 6 3804 3883 3884 3805
3934 3 2 0 6 3805 3884 3885 3806
3935 3 2 0 6 3806 3885 3886 3807
3936 3 2 0 6 3807 3886 3887 3808
3937 3 2 0 6 3808 3887 3888 3809
3938 3 2 0 6 3809 3888 3889 3810
3939 3 2 0 6 3810 3889 3890 3811
3940 3 2 0 6 3811 3890 3891 3812
3941 3 2 0 6 3812 3891 3892 3813
3942 3 2 0 6 3813 3892 3893 3814
3943 3 2 0 6 3814 3893 3894 3815
3944 3 2 0 6 3815 3894 3895 3816
3945 3 2 0 6 3816 3895 3896 3817
3946 3 2 0 6 3817 3896 3897 3818
3947 3 2 0 6 3818 3897 3898 3819
3948 3 2 0 6 3819 3898 3899 3820
3949 3 2 0 6 3820 3899 3900 3821
3950 3 2 0 6 3821 3900 3901 3822
3951 3 2 0 6 3822 3901 3902 3823
3952 3 2 0 6 3823 3902 3903 3824
3953 3 2 0 6 3824 3903 3904 3825
3954 3 2 0 6 3825 3904 3905 3826
3955 3 2 0 6 3826 3905 3906 3827
3956 3 2 0 6 3827 3906 3907 3828
3957 3 2 0 6 3828 3907 3908 3829
3958 3 2 0 6 3829 3908 3909 3830
3959 3 2 0 6 3830 3909 3910 3831
3960 3 2 0 6 3831 3910 3911 3832
3961 3 2 0 6 3832 3911 3912 3833
3962 3 2 0 6 3833 3912 3913 3834
3963 3 2 0 6 3834 3913 3914 3835
3964 3 2 0 6 3835 3914 3915 3836
3965 3 2 0 6 3836 3915 3916 3837
3966 3 2 0 6 3837 3916 3917 3838
3967 3 2 0 6 3838 3917 3918 3839
3968 3 2 0 6 3839 3918 3919 3840
3969 3 2 0 6 3840 3919 3920 3841
3970 3 2 0 6 3841 3920 3921 3842
3971 3 2 0 6 3842 3921 3922 3843
3972 3 2 0 6 3843 3922 3923 3844
3973 3 2 0 6 3844 3923 3924 3845
3974 3 2 0 6 3845 3924 3925 3846
3975 3 2 0 6 3846 3925 3926 3847
3976 3 2 0 6 3847 3926 3927 3848
3977 3 2 0 6 3848 3927 3928 3849
3978 3 2 0 6 3849 3928 3929 3850
3979 3 2 0 6 3850 3929 3930 3851
3980 3 2 0 6 3851 3930 3931 3852
3981 3 2 0 6 3852 3931 3932 3853
3982 3 2 0 6 3853 3932 3933 3854
3983 3 2 0 6 3854 3933 3934 3855
3984 3 2 0 6 3855 3934 3935 3856
3985 3 2 0 6 3856 3935 3936 3857
3986 3 2 0 6 3857 3936 3937 3858
3987 3 2 0 6 3858 3937 3938 3859
3988 3 2 0 6 3859 3938 3939 3860
3989 3 2 0 6 3860 3939 3940 3861
3990 3 2 0 6 3861 3940 3941 3862
3991 3 2 0 6 3862 3941 3942 3863
3992 3 2 0 6 3863 3942 3943 3864
3993 3 2 0 6 3864 3943 3944 3865
3994 3 2 0 6 3865 3944 3945 3866
3995 3 2 0 6 3866 3945 3946 3867
3996 3 2 0 6 3867 3946 3947 3868
3997 3 2 0 6 3868 3947 3948 3869
3998 3 2 0 6 3869 3948 3949 3870
3999 3 2 0 6 3870 3949 3950 3871
4000 3 2 0 6 3871 3950 3951 3872
4001 3 2 0 6 3872 3951 3952 3873
4002 3 2 0 6 3873 3952 3953 3874
4003 3 2 0 6 3874 3953 3954 3875
4004 3 2 0 6 3875 3954 196 197
4005 3 2 0 6 50 51 3955 3876
4006 3 2 0 6 3876 3955 3956 3877
4007 3 2 0 6 3877 3956 3957 3878
4008 3 2 0 6 3878 3957 3958 3879
4009 3 2 0 6 3879 3958 3959 3880
4010 3 2 0 6 3880 3959 3960 3881
4011 3 2 0 6 3881 3960 3961 3882
4012 3 2 0 6 3882 3961 3962 3883
4013 3 2 0 6 3883 3962 3963 3884
4014 3 2 0 6 3884 3963 3964 3885
4015 3 2 0 6 3885 3964 3965 3886
4016 3 2 0 6 3886 3965 3966 3887
4017 3 2 0 6 3887 3966 3967 3888
4018 3 2 0 6 3888 3967 3968 3889
4019 3 2 0 6 3889 3968 3969 3890
4020 3 2 0 6 3890 3969 3970 3891
4021 3 2 0 6 3891 3970 3971 3892
4022 3 2 0 6 3892 3971 3972 3893
4023 3 2 0 6 3893 3972 3973 3894
4024 3 2 0 6 3894 3973 3974 3895
4025 3 2 0 6 3895 3974 3975 3896
4026 3 2 0 6 3896 3975 3976 3897
4027 3 2 0 6 3897 3976 3977 3898
4028 3 2 0 6 3898 3977 3978 3899
4029 3 2 0 6 3899 3978 3979 3900
4030 3 2 0 6 3900 3979 3980 3901
4031 3 2 0 6 3901 3980 3981 3902
4032 3 2 0 6 3902 3981 3982 3903
4033 3 2 0 6 3903 3982 3983 3904
4034 3 2 0 6 3904 3983 3984 3905
4035 3 2 0 6 3905 3984 3985 3906
4036 3 2 0 6 3906 3985 3986 3907
4037 3 2 0 6 3907 3986 3987 3908
4038 3 2 0 6 3908 3987 3988 3909
4039 3 2 0 6 3909 3988 3989 3910
4040 3 2 0 6 3910 3989 3990 3911
4041 3 2 0 6 3911 3990 3991 3912
4042 3 2 0 6 3912 3991 3992 3913
4043 3 2 0 6 3913 3992 3993 3914
4044 3 2 0 6 3914 3993 3994 3915
4045 3 2 0 6 3915 3994 3995 3916
4046 3 2 0 6 3916 3995 3996 3917
4047 3 2 0 6 3917 3996 3997 3918
4048 3 2 0 6 3918 3997 3998 3919
4049 3 2 0 6 3919 3998 3999 3920
4050 3 2 0 6 3920 3999 4000 3921
4051 3 2 0 6 3921 4000 4001 3922
4052 3 2 0 6 3922 4001 4002 3923
4053 3 2 0 6 3923 4002 4003 3924
4054 3 2 0 6 3924 4003 4004 3925
4055 3 2 0 6 3925 4004 4005 3926
4056 3 2 0 6 3926 4005 4006 3927
4057 3 2 0 6 3927 4006 4007 3928
4058 3 2 0 6 3928 4007 4008 3929
4059 3 2 0 6 3929 4008 4009 3930
4060 3 2 0 6 3930 4009 4010 3931
4061 3 2 0 6 3931 4010 4011 3932
4062 3 2 0 6 3932 4011 4012 3933
4063 3 2 0 6 3933 4012 4013 3934
4064 3 2 0 6 3934 4013 4014 3935
4065 3 2 0 6 3935 4014 4015 3936
4066 3 2 0 6 3936 4015 4016 3937
4067 3 2 0 6 3937 4016 4017 3938
4068 3 2 0 6 3938 4017 4018 3939
4069 3 2 0 6 3939 4018 4019 3940
4070 3 2 0 6 3940 4019 4020 3941
4071 3 2 0 6 3941 4020 4021 3942
4072 3 2 0 6 3942 4021 4022 3943
4073 3 2 0 6 3943 4022 4023 3944
4074 3 2 0 6 3944 4023 4024 3945
4075 3 2 0 6 3945 4024 4025 3946
4076 3 2 0 6 3946 4025 4026 3947
4077 3 2 0 6 3947 4026 4027 3948
4078 3 2 0 6 3948 4027 4028 3949
4079 3 2 0 6 3949 4028 4029 3950
4080 3 2 0 6 3950 4029 4030 3951
4081 3 2 0 6 3951 4030 4031 3952
4082 3 2 0 6 3952 4031 4032 3953
4083 3 2 0 6 3953 4032 4033 3954
4084 3 2 0 6 3954 4033 195 196
4085 3 2 0 6 51 52 4034 3955
4086 3 2 0 6 3955 4034 4035 3956
4087 3 2 0 6 3956 4035 4036 3957
4088 3 2 0 6 3957 4036 4037 3958
4089 3 2 0 6 3958 4037 4038 3959
4090 3 2 0 6 3959 4038 4039 3960
4091 3 2 0 6 3960 4039 4040 3961
4092 3 2 0 6 3961 4040 4041 3962
4093 3 2 0 6 3962 4041 4042 3963
4094 3 2 0 6 3963 4042 4043 3964
4095 3 2 0 6 3964 4043 4044 3965
4096 3 2 0 6 3965 4044 4045 3966
4097 3 2 0 6 3966 4045 4046 3967
4098 3 2 0 6 3967 4046 4047 3968
4099 3 2 0 6 3968 4047 4048 3969
4100 3 2 0 6 3969 4048 4049 3970
4101 3 2 0 6 3970 4049 4050 3971
4102 3 2 0 6 3971 4050 4051 3972
4103 3 2 0 6 3972 4051 4052 3973
4104 3 2 0 6 3973 4052 4053 3974
4105 3 2 0 6 3974 4053 4054 3975
4106 3 2 0 6 3975 4054 4055 3976
4107 3 2 0 6 3976 4055 4056 3977
4108 3 2 0 6 3977 4056 4057 3978
4109 3 2 0 6 3978 4057 4058 3979
4110 3 2 0 6 3979 4058 4059 3980
4111 3 2 0 6 3980 4059 4060 3981
4112 3 2 0 6 3981 4060 4061 3982
4113 3 2 0 6 3982 4061 4062 3983
4114 3 2 0 6 3983 4062 4063 3984
4115 3 2 0 6 3984 4063 4064 3985
4116 3 2 0 6 3985 4064 4065 3986
4117 3 2 0 6 3986 4065 4066 3987
4118 3 2 0 6 3987 4066 4067 3988
4119 3 2 0 6 3988 4067 4068 3989
4120 3 2 0 6 3989 4068 4069 3990
4121 3 2 0 6 3990 4069 4070 3991
4122 3 2 0 6 3991 4070 4071 3992
4123 3 2 0 6 3992 4071 4072 3993
4124 3 2 0 6 3993 4072 4073 3994
4125 3 2 0 6 3994 4073 4074 3995
4126 3 2 0 6 3995 4074 4075 3996
4127 3 2 0 6 3996 4075 4076 3997
4128 3 2 0 6 3997 4076 4077 3998
4129 3 2 0 6 3998 4077 4078 3999
4130 3 2 0 6 3999 4078 4079 4000
4131 3 2 0 6 4000 4079 4080 4001
4132 3 2 0 6 4001 4080 4081 4002
4133 3 2 0 6 4002 4081 4082 4003
4134 3 2 0 6 4003 4082 4083 4004
4135 3 2 0 6 4004 4083 4084 4005
4136 3 2 0 6 4005 4084 4085 4006
4137 3 2 0 6 4006 4085 4086 4007
4138 3 2 0 6 4007 4086 4087 4008
4139 3 2 0 6 4008 4087 4088 4009
4140 3 2 0 6 4009 4088 4089 4010
4141 3 2 0 6 4010 4089 4090 4011
4142 3 2 0 6 4011 4090 4091 4012
4143 3 2 0 6 4012 4091 4092 4013
4144 3 2 0 6 4013 4092 4093 4014
4145 3 2 0 6 4014 4093 4094 4015
4146 3 2 0 6 4015 4094 4095 4016
4147 3 2 0 6 4016 4095 4096 4017
4148 3 2 0 6 4017 4096 4097 4018
4149 3 2 0 6 4018 4097 4098 4019
4150 3 2 0 6 4019 4098 4099 4020
4151 3 2 0 6 4020 4099 4100 4021
4152 3 2 0 6 4021 4100 4101 4022
4153 3 2 0 6 4022 4101 4102 4023
4154 3 2 0 6 4023 4102 4103 4024
4155 3 2 0 6 4024 4103 4104 4025
4156 3 2 0 6 4025 4104 4105 4026
4157 3 2 0 6 4026 4105 4106 4027
4158 3 2 0 6 4027 4106 4107 4028
4159 3 2 0 6 4028 4107 4108 4029
4160 3 2 0 6 4029 4108 4109 4030
4161 3 2 0 6 4030 4109 4110 4031
4162 3 2 0 6 4031 4110 4111 4032
4163 3 2 0 6 4032 4111 4112 4033
4164 3 2 0 6 4033 4112 194 195
4165 3 2 0 6 52 53 4113 4034
4166 3 2 0 6 4034 4113 4114 4035
4167 3 2 0 6 4035 4114 4115 4036
4168 3 2 0 6 4036 4115 4116 4037
4169 3 2 0 6 4037 4116 4117 4038
4170 3 2 0 6 4038 4117 4118 4039
4171 3 2 0 6 4039 4118 4119 4040
4172 3 2 0 6 4040 4119 4120 4041
4173 3 2 0 6 4041 4120 4121 4042
4174 3 2 0 6 4042 4121 4122 4043
4175 3 2 0 6 4043 4122 4123 4044
4176 3 2 0 6 4044 4123 4124 4045
4177 3 2 0 6 4045 4124 4125 4046
4178 3 2 0 6 4046 4125 4126 4047
4179 3 2 0 6 4047 4126 4127 4048
4180 3 2 0 6 4048 4127 4128 4049
4181 3 2 0 6 4049 4128 4129 4050
4182 3 2 0 6 4050 4129 4130 4051
4183 3 2 0 6 4051 4130 4131 4052
4184 3 2 0 6 4052 4131 4132 4053
4185 3 2 0 6 4053 4132 4133 4054
4186 3 2 0 6 4054 4133 4134 4055
4187 3 2 0 6 4055 4134 4135 4056
4188 3 2 0 6 4056 4135 4136 4057
4189 3 2 0 6 4057 4136 4137 4058
4190 3 2 0 6 4058 4137 4138 4059
4191 3 2 0 6 4059 4138 4139 4060
4192 3 2 0 6 4060 4139 4140 4061
4193 3 2 0 6 4061 4140 4141 4062
4194 3 2 0 6 4062 4141 4142 4063
4195 3 2 0 6 4063 4142 4143 4064
4196 3 2 0 6 4064 4143 4144 4065
4197 3 2 0 6 4065 4144 4145 4066
4198 3 2 0 6 4066 4145 4146 4067
4199 3 2 0 6 4067 4146 4147 4068
4200 3 2 0 6 4068 4147 4148 4069
4201 3 2 0 6 4069 4148 4149 4070
4202 3 2 0 6 4070 4149 4150 4071
4203 3 2 0 6 4071 4150 4151 4072
4204 3 2 0 6 4072 4151 4152 4073
4205 3 2 0 6 4073 4152 4153 4074
4206 3 2 0 6 4074 4153 4154 4075
4207 3 2 0 6 4075 4154 4155 4076
4208 3 2 0 6 4076 4155 4156 4077
4209 3 2 0 6 4077 4156 4157 4078
4210 3 2 0 6 4078 4157 4158 4079
4211 3 2 0 6 4079 4158 4159 4080
4212 3 2 0 6 4080 4159 4160 4081
4213 3 2 0 6 4081 4160 4161 4082
4214 3 2 0 6 4082 4161 4162 4083
4215 3 2 0 6 4083 4162 4163 4084
4216 3 2 0 6 4084 4163 4164 4085
4217 3 2 0 6 4085 4164 4165 4086
4218 3 2 0 6 4086 4165 4166 4087
4219 3 2 0 6 4087 4166 4167 4088
4220 3 2 0 6 4088 4167 4168 4089
4221 3 2 0 6 4089 4168 4169 4090
4222 3 2 0 6 4090 4169 4170 4091
4223 3 2 0 6 4091 4170 4171 4092
4224 3 2 0 6 4092 4171 4172 4093
4225 3 2 0 6 4093 4172 4173 4094
4226 3 2 0 6 4094 4173 4174 4095
4227 3 2 0 6 4095 4174 4175 4096
4228 3 2 0 6 4096 4175 4176 4097
4229 3 2 0 6 4097 4176 4177 4098
4230 3 2 0 6 4098 4177 4178 4099
4231 3 2 0 6 4099 4178 4179 4100
4232 3 2 0 6 4100 4179 4180 4101
4233 3 2 0 6 4101 4180 4181 4102
4234 3 2 0 6 4102 4181 4182 4103
4235 3 2 0 6 4103 4182 4183 4104
4236 3 2 0 6 4104 4183 4184 4105
4237 3 2 0 6 4105 4184 4185 4106
4238 3 2 0 6 4106 4185 4186 4107
4239 3 2 0 6 4107 4186 4187 4108
4240 3 2 0 6 4108 4187 4188 4109
4241 3 2 0 6 4109 4188 4189 4110
4242 3 2 0 6 4110 4189 4190 4111
4243 3 2 0 6 4111 4190 4191 4112
4244 3 2 0 6 4112 4191 193 194
4245 3 2 0 6 53 54 4192 4113
4246 3 2 0 6 4113 4192 4193 4114
4247 3 2 0 6 4114 4193 4194 4115
4248 3 2 0 6 4115 4194 4195 4116
4249 3 2 0 6 4116 4195 4196 4117
4250 3 2 0 6 4117 4196 4197 4118
4251 3 2 0 6 4118 4197 4198 4119
4252 3 2 0 6 4119 4198 4199 4120
4253 3 2 0 6 4120 4199 4200 4121
4254 3 2 0 6 4121 4200 4201 4122
4255 3 2 0 6 4122 4201 4202 4123
4256 3 2 0 6 4123 4202 4203 4124
4257 3 2 0 6 4124 4203 4204 4125
4258 3 2 0 6 4125 4204 4205 4126
4259 3 2 0 6 4126 4205 4206 4127
4260 3 2 0 6 4127 4206 4207 4128
4261 3 2 0 6 4128 4207 4208 4129
4262 3 2 0 6 4129 4208 4209 4130
4263 3 2 0 6 4130 4209 4210 4131
4264 3 2 0 6 4131 4210 4211 4132
4265 3 2 0 6 4132 4211 4212 4133
4266 3 2 0 6 4133 4212 4213 4134
4267 3 2 0 6 4134 4213 4214 4135
4268 3 2 0 6 4135 4214 4215 4136
4269 3 2 0 6 4136 4215 4216 4137
4270 3 2 0 6 4137 4216 4217 4138
4271 3 2 0 6 4138 4217 4218 4139
4272 3 2 0 6 4139 4218 4219 4140
4273 3 2 0 6 4140 4219 4220 4141
4274 3 2 0 6 4141 4220 4221 4142
4275 3 2 0 6 4142 4221 4222 4143
4276 3 2 0 6 4143 4222 4223 4144
4277 3 2 0 6 4144 4223 4224 4145
4278 3 2 0 6 4145 4224 4225 4146
4279 3 2 0 6 4146 4225 4226 4147
4280 3 2 0 6 4147 4226 4227 4148
4281 3 2 0 6 4148 4227 4228 4149
4282 3 2 0 6 4149 4228 4229 4150
4283 3 2 0 6 4150 4229 4230 4151
4284 3 2 0 6 4151 4230 4231 4152
4285 3 2 0 6 4152 4231 4232 4153
4286 3 2 0 6 4153 4232 4233 4154
4287 3 2 0 6 4154 4233 4234 4155
4288 3 2 0 6 4155 4234 4235 4156
4289 3 2 0 6 4156 4235 4236 4157
4290 3 2 0 6 4157 4236 4237 4158
4291 3 2 0 6 4158 4237 4238 4159
4292 3 2 0 6 4159 4238 4239 4160
4293 3 2 0 6 4160 4239 4240 4161
4294 3 2 0 6 4161 4240 4241 4162
4295 3 2 0 6 4162 4241 4242 4163
4296 3 2 0 6 4163 4242 4243 4164
4297 3 2 0 6 4164 4243 4244 4165
4298 3 2 0 6 4165 4244 4245 4166
4299 3 2 0 6 4166 4245 4246 4167
4300 3 2 0 6 4167 4246 4247 4168
4301 3 2 0 6 4168 4247 4248 4169
4302 3 2 0 6 4169 4248 4249 4170
4303 3 2 0 6 4170 4249 4250 4171
4304 3 2 0 6 4171 4250 4251 4172
4305 3 2 0 6 4172 4251 4252 4173
4306 3 2 0 6 4173 4252 4253 4174
4307 3 2 0 6 4174 4253 4254 4175
4308 3 2 0 6 4175 4254 4255 4176
4309 3 2 0 6 4176 4255 4256 4177
4310 3 2 0 6 4177 4256 4257 4178
4311 3 2 0 6 4178 4257 4258 4179
4312 3 2 0 6 4179 4258 4259 4180
4313 3 2 0 6 4180 4259 4260 4181
4314 3 2 0 6 4181 4260 4261 4182
4315 3 2 0 6 4182 4261 4262 4183
4316 3 2 0 6 4183 4262 4263 4184
4317 3 2 0 6 4184 4263 4264 4185
4318 3 2 0 6 4185 4264 4265 4186
4319 3 2 0 6 4186 4265 4266 4187
4320 3 2 0 6 4187 4266 4267 4188
4321 3 2 0 6 4188 4267 4268 4189
4322 3 2 0 6 4189 4268 4269 4190
4323 3 2 0 6 4190 4269 4270 4191
4324 3 2 0 6 4191 4270 192 193
4325 3 2 0 6 54 55 4271 4192
4326 3 2 0 6 4192 4271 4272 4193
4327 3 2 0 6 4193 4272 4273 4194
4328 3 2 0 6 4194 4273 4274 4195
4329 3 2 0 6 4195 4274 4275 4196
4330 3 2 0 6 4196 4275 4276 4197
4331 3 2 0 6 4197 4276 4277 4198
4332 3 2 0 6 4198 4277 4278 4199
4333 3 2 0 6 4199 4278 4279 4200
4334 3 2 0 6 4200 4279 4280 4201
4335 3 2 0 6 4201 4280 4281 4202
4336 3 2 0 6 4202 4281 4282 4203
4337 3 2 0 6 4203 4282 4283 4204
4338 3 2 0 6 4204 4283 4284 4205
4339 3 2 0 6 4205 4284 4285 4206
4340 3 2 0 6 4206 4285 4286 4207
4341 3 2 0 6 4207 4286 4287 4208
4342 3 2 0 6 4208 4287 4288 4209
4343 3 2 0 6 4209 4288 4289 4210
4344 3 2 0 6 4210 4289 4290 4211
4345 3 2 0 6 4211 4290 4291 4212
4346 3 2 0 6 4212 4291 4292 4213
4347 3 2 0 6 4213 4292 4293 4214
4348 3 2 0 6 4214 4293 4294 4215
4349 3 2 0 6 4215 4294 4295 4216
4350 3 2 0 6 4216 4295 4296 4217
4351 3 2 0 6 4217 4296 4297 4218
4352 3 2 0 6 4218 4297 4298 4219
4353 3 2 0 6 4219 4298 4299 4220
4354 3 2 0 6 4220 4299 4300 4221
4355 3 2 0 6 4221 4300 4301 4222
4356 3 2 0 6 4222 4301 4302 4223
4357 3 2 0 6 4223 4302 4303 4224
4358 3 2 0 6 4224 4303 4304 4225
4359 3 2 0 6 4225 4304 4305 4226
4360 3 2 0 6 4226 4305 4306 4227
4361 3 2 0 6 4227 4306 4307 4228
4362 3 2 0 6 4228 4307 4308 4229
4363 3 2 0 6 4229 4308 4309 4230
4364 3 2 0 6 4230 4309 4310 4231
4365 3 2 0 6 4231 4310 4311 4232
4366 3 2 0 6 4232 4311 4312 4233
4367 3 2 0 6 4233 4312 4313 4234
4368 3 2 0 6 4234 4313 4314 4235
4369 3 2 0 6 4235 4314 4315 4236
4370 3 2 0 6 4236 4315 4316 4237
4371 3 2 0 6 4237 4316 4317 4238
4372 3 2 0 6 4238 4317 4318 4239
4373 3 2 0 6 4239 4318 4319 4240
4374 3 2 0 6 4240 4319 4320 4241
4375 3 2 0 6 4241 4320 4321 4242
4376 3 2 0 6 4242 4321 4322 4243
4377 3 2 0 6 4243 4322 4323 4244
4378 3 2 0 6 4244 4323 4324 4245
4379 3 2 0 6 4245 4324 4325 4246
4380 3 2 0 6 4246 4325 4326 4247
4381 3 2 0 6 4247 4326 4327 4248
4382 3 2 0 6 4248 4327 4328 4249
4383 3 2 0 6 4249 4328 4329 4250
4384 3 2 0 6 4250 4329 4330 4251
4385 3 2 0 6 4251 4330 4331 4252
4386 3 2 0 6 4252 4331 4332 4253
4387 3 2 0 6 4253 4332 4333 4254
4388 3 2 0 6 4254 4333 4334 4255
4389 3 2 0 6 4255 4334 4335 4256
4390 3 2 0 6 4256 4335 4336 4257
4391 3 2 0 6 4257 4336 4337 4258
4392 3 2 0 6 4258 4337 4338 4259
4393 3 2 0 6 4259 4338 4339 4260
4394 3 2 0 6 4260 4339 4340 4261
4395 3 2 0 6 4261 4340 4341 4262
4396 3 2 0 6 4262 4341 4342 4263
4397 3 2 0 6 4263 4342 4343 4264
4398 3 2 0 6 4264 4343 4344 4265
4399 3 2 0 6 4265 4344 4345 4266
4400 3 2 0 6 4266 4345 4346 4267
4401 3 2 0 6 4267 4346 4347 4268
4402 3 2 0 6 4268 4347 4348 4269
4403 3 2 0 6 4269 4348 4349 4270
4404 3 2 0 6 4270 4349 191 192
4405 3 2 0 6 55 56 4350 4271
4406 3 2 0 6 4271 4350 4351 4272
4407 3 2 0 6 4272 4351 4352 4273
4408 3 2 0 6 4273 4352 4353 4274
4409 3 2 0 6 4274 4353 4354 4275
4410 3 2 0 6 4275 4354 4355 4276
4411 3 2 0 6 4276 4355 4356 4277
4412 3 2 0 6 4277 4356 4357 4278
4413 3 2 0 6 4278 4357 4358 4279
4414 3 2 0 6 4279 4358 4359 4280
4415 3 2 0 6 4280 4359 4360 4281
4416 3 2 0 6 4281 4360 4361 4282
4417 3 2 0 6 4282 4361 4362 4283
4418 3 2 0 6 4283 4362 4363 4284
4419 3 2 0 6 4284 4363 4364 4285
4420 3 2 0 6 4285 4364 4365 4286
4421 3 2 0 6 4286 4365 4366 4287
4422 3 2 0 6 4287 4366 4367 4288
4423 3 2 0 6 4288 4367 4368 4289
4424 3 2 0 6 4289 4368 4369 4290
4425 3 2 0 6 4290 4369 4370 4291
4426 3 2 0 6 4291 4370 4371 4292
4427 3 2 0 6 4292 4371 4372 4293
4428 3 2 0 6 4293 4372 4373 4294
4429 3 2 0 6 4294 4373 4374 4295
4430 3 2 0 6 4295 4374 4375 4296
4431 3 2 0 6 4296 4375 4376 4297
4432 3 2 0 6 4297 4376 4377 4298
4433 3 2 0 6 4298 4377 4378 4299
4434 3 2 0 6 4299 4378 4379 4300
4435 3 2 0 6 4300 4379 4380 4301
4436 3 2 0 6 4301 4380 4381 4302
4437 3 2 0 6 4302 4381 4382 4303
4438 3 2 0 6 4303 4382 4383 4304
4439 3 2 0 6 4304 4383 4384 4305
4440 3 2 0 6 4305 4384 4385 4306
4441 3 2 0 6 4306 4385 4386 4307
4442 3 2 0 6 4307 4386 4387 4308
4443 3 2 0 6 4308 4387 4388 4309
4444 3 2 0 6 4309 4388 4389 4310
4445 3 2 0 6 4310 4389 4390 4311
4446 3 2 0 6 4311 4390 4391 4312
4447 3 2 0 6 4312 4391 4392 4313
4448 3 2 0 6 4313 4392 4393 4314
4449 3 2 0 6 4314 4393 4394 4315
4450 3 2 0 6 4315 4394 4395 4316
4451 3 2 0 6 4316 4395 4396 4317
4452 3 2 0 6 4317 4396 4397 4318
4453 3 2 0 6 4318 4397 4398 4319
4454 3 2 0 6 4319 4398 4399 4320
4455 3 2 0 6 4320 4399 4400 4321
4456 3 2 0 6 4321 4400 4401 4322
4457 3 2 0 6 4322 4401 4402 4323
4458 3 2 0 6 4323 4402 4403 4324
4459 3 2 0 6 4324 4403 4404 4325
4460 3 2 0 6 4325 4404 4405 4326
4461 3 2 0 6 4326 4405 4406 4327
4462 3 2 0 6 4327 4406 4407 4328
4463 3 2 0 6 4328 4407 4408 4329
4464 3 2 0 6 4329 4408 4409 4330
4465 3 2 0 6 4330 4409 4410 4331
4466 3 2 0 6 4331 4410 4411 4332
4467 3 2 0 6 4332 4411 4412 4333
4468 3 2 0 6 4333 4412 4413 4334
4469 3 2 0 6 4334 4413 4414 4335
4470 3 2 0 6 4335 4414 4415 4336
4471 3 2 0 6 4336 4415 4416 4337
4472 3 2 0 6 4337 4416 4417 4338
4473 3 2 0 6 4338 4417 4418 4339
4474 3 2 0 6 4339 4418 4419 4340
4475 3 2 0 6 4340 4419 4420 4341
4476 3 2 0 6 4341 4420 4421 4342
4477 3 2 0 6 4342 4421 4422 4343
4478 3 2 0 6 4343 4422 4423 4344
4479 3 2 0 6 4344 4423 4424 4345
4480 3 2 0 6 4345 4424 4425 4346
4481 3 2 0 6 4346 4425 4426 4347
4482 3 2 0 6 4347 4426 4427 4348
4483 3 2 0 6 4348 4427 4428 4349
4484 3 2 0 6 4349 4428 190 191
4485 3 2 0 6 56 57 4429 4350
4486 3 2 0 6 4350 4429 4430 4351
4487 3 2 0 6 4351 4430 4431 4352
4488 3 2 0 6 4352 4431 4432 4353
4489 3 2 0 6 4353 4432 4433 4354
4490 3 2 0 6 4354 4433 4434 4355
4491 3 2 0 6 4355 4434 4435 4356
4492 3 2 0 6 4356 4435 4436 4357
4493 3 2 0 6 4357 4436 4437 4358
4494 3 2 0 6 4358 4437 4438 4359
4495 3 2 0 6 4359 4438 4439 4360
4496 3 2 0 6 4360 4439 4440 4361
4497 3 2 0 6 4361 4440 4441 4362
4498 3 2 0 6 4362 4441 4442 4363
4499 3 2 0 6 4363 4442 4443 4364
4500 3 2 0 6 4364 4443 4444 4365
4501 3 2 0 6 4365 4444 4445 4366
4502 3 2 0 6 4366 4445 4446 4367
4503 3 2 0 6 4367 4446 4447 4368
4504 3 2 0 6 4368 4447 4448 4369
4505 3 2 0 6 4369 4448 4449 4370
4506 3 2 0 6 4370 4449 4450 4371
4507 3 2 0 6 4371 4450 4451 4372
4508 3 2 0 6 4372 4451 4452 4373
4509 3 2 0 6 4373 4452 4453 4374
4510 3 2 0 6 4374 4453 4454 4375
4511 3 2 0 6 4375 4454 4455 4376
4512 3 2 0 6 4376 4455 4456 4377
4513 3 2 0 6 4377 4456 4457 4378
4514 3 2 0 6 4378 4457 4458 4379
4515 3 2 0 6 4379 4458 4459 4380
4516 3 2 0 6 4380 4459 4460 4381
4517 3 2 0 6 4381 4460 4461 4382
4518 3 2 0 6 4382 4461 4462 4383
4519 3 2 0 6 4383 4462 4463 4384
4520 3 2 0 6 4384 4463 4464 4385
4521 3 2 0 6 4385 4464 4465 4386
4522 3 2 0 6 4386 4465 4466 4387
4523 3 2 0 6 4387 4466 4467 4388
4524 3 2 0 6 4388 4467 4468 4389
4525 3 2 0 6 4389 4468 4469 4390
4526 3 2 0 6 4390 4469 4470 4391
4527 3 2 0 6 4391 4470 4471 4392
4528 3 2 0 6 4392 4471 4472 4393
4529 3 2 0 6 4393 4472 4473 4394
4530 3 2 0 6 4394 4473 4474 4395
4531 3 2 0 6 4395 4474 4475 4396
4532 3 2 0 6 4396 4475 4476 4397
4533 3 2 0 6 4397 4476 4477 4398
4534 3 2 0 6 4398 4477 4478 4399
4535 3 2 0 6 4399 4478 4479 4400
4536 3 2 0 6 4400 4479 4480 4401
4537 3 2 0 6 4401 4480 4481 4402
4538 3 2 0 6 4402 4481 4482 4403
4539 3 2 0 6 4403 4482 4483 4404
4540 3 2 0 6 4404 4483 4484 4405
4541 3 2 0 6 4405 4484 4485 4406
4542 3 2 0 6 4406 4485 4486 4407
4543 3 2 0 6 4407 4486 4487 4408
4544 3 2 0 6 4408 4487 4488 4409
4545 3 2 0 6 4409 4488 4489 4410
4546 3 2 0 6 4410 4489 4490 4411
4547 3 2 0 6 4411 4490 4491 4412
4548 3 2 0 6 4412 4491 4492 4413
4549 3 2 0 6 4413 4492 4493 4414
4550 3 2 0 6 4414 4493 4494 4415
4551 3 2 0 6 4415 4494 4495 4416
4552 3 2 0 6 4416 4495 4496 4417
4553 3 2 0 6 4417 4496 4497 4418
4554 3 2 0 6 4418 4497 4498 4419
4555 3 2 0 6 4419 4498 4499 4420
4556 3 2 0 6 4420 4499 4500 4421
4557 3 2 0 6 4421 4500 4501 4422
4558 3 2 0 6 4422 4501 4502 4423
4559 3 2 0 6 4423 4502 4503 4424
4560 3 2 0 6 4424 4503 4504 4425
4561 3 2 0 6 4425 4504 4505 4426
4562 3 2 0 6 4426 4505 4506 4427
4563 3 2 0 6 4427 4506 4507 4428
4564 3 2 0 6 4428 4507 189 190
4565 3 2 0 6 57 58 4508 4429
4566 3 2 0 6 4429 4508 4509 4430
4567 3 2 0 6 4430 4509 4510 4431
4568 3 2 0 6 4431 4510 4511 4432
4569 3 2 0 6 4432 4511 4512 4433
4570 3 2 0 6 4433 4512 4513 4434
4571 3 2 0 6 4434 4513 4514 4435
4572 3 2 0 6 4435 4514 4515 4436
4573 3 2 0 6 4436 4515 4516 4437
4574 3 2 0 6 4437 4516 4517 4438
4575 3 2 0 6 4438 4517 4518 4439
4576 3 2 0 6 4439 4518 4519 4440
4577 3 2 0 6 4440 4519 4520 4441
4578 3 2 0 6 4441 4520 4521 4442
4579 3 2 0 6 4442 4521 4522 4443
4580 3 2 0 6 4443 4522 4523 4444
4581 3 2 0 6 4444 4523 4524 4445
4582 3 2 0 6 4445 4524 4525 4446
4583 3 2 0 6 4446 4525 4526 4447
4584 3 2 0 6 4447 4526 4527 4448
4585 3 2 0 6 4448 4527 4528 4449
4586 3 2 0 6 4449 4528 4529 4450
4587 3 2 0 6 4450 4529 4530 4451
4588 3 2 0 6 4451 4530 4531 4452
4589 3 2 0 6 4452 4531 4532 4453
4590 3 2 0 6 4453 4532 4533 4454
4591 3 2 0 6 4454 4533 4534 4455
4592 3 2 0 6 4455 4534 4535 4456
4593 3 2 0 6 4456 4535 4536 4457
4594 3 2 0 6 4457 4536 4537 4458
4595 3 2 0 6 4458 4537 4538 4459
4596 3 2 0 6 4459 4538 4539 4460
4597 3 2 0 6 4460 4539 4540 4461
4598 3 2 0 6 4461 4540 4541 4462
4599 3 2 0 6 4462 4541 4542 4463
4600 3 2 0 6 4463 4542 4543 4464
4601 3 2 0 6 4464 4543 4544 4465
4602 3 2 0 6 4465 4544 4545 4466
4603 3 2 0 6 4466 4545 4546 4467
4604 3 2 0 6 4467 4546 4547 4468
4605 3 2 0 6 4468 4547 4548 4469
4606 3 2 0 6 4469 4548 4549 4470
4607 3 2 0 6 4470 4549 4550 4471
4608 3 2 0 6 4471 4550 4551 4472
4609 3 2 0 6 4472 4551 4552 4473
4610 3 2 0 6 4473 4552 4553 4474
4611 3 2 0 6 4474 4553 4554 4475
4612 3 2 0 6 4475 4554 4555 4476
4613 3 2 0 6 4476 4555 4556 4477
4614 3 2 0 6 4477 4556 4557 4478
4615 3 2 0 6 4478 4557 4558 4479
4616 3 2 0 6 4479 4558 4559 4480
4617 3 2 0 6 4480 4559 4560 4481
4618 3 2 0 6 4481 4560 4561 4482
4619 3 2 0 6 4482 4561 4562 4483
4620 3 2 0 6 4483 4562 4563 4484
4621 3 2 0 6 4484 4563 4564 4485
4622 3 2 0 6 4485 4564 4565 4486
4623 3 2 0 6 4486 4565 4566 4487
4624 3 2 0 6 4487 4566 4567 4488
4625 3 2 0 6 4488 4567 4568 4489
4626 3 2 0 6 4489 4568 4569 4490
4627 3 2 0 6 4490 4569 4570 4491
4628 3 2 0 6 4491 4570 4571 4492
4629 3 2 0 6 4492 4571 4572 4493
4630 3 2 0 6 4493 4572 4573 4494
4631 3 2 0 6 4494 4573 4574 4495
4632 3 2 0 6 4495 4574 4575 4496
4633 3 2 0 6 4496 4575 4576 4497
4634 3 2 0 6 4497 4576 4577 4498
4635 3 2 0 6 4498 4577 4578 4499
4636 3 2 0 6 4499 4578 4579 4500
4637 3 2 0 6 4500 4579 4580 4501
4638 3 2 0 6 4501 4580 4581 4502
4639 3 2 0 6 4502 4581 4582 4503
4640 3 2 0 6 4503 4582 4583 4504
4641 3 2 0 6 4504 4583 4584 4505
4642 3 2 0 6 4505 4584 4585 4506
4643 3 2 0 6 4506 4585 4586 4507
4644 3 2 0 6 4507 4586 188 189
4645 3 2 0 6 58 59 4587 4508
4646 3 2 0 6 4508 4587 4588 4509
4647 3 2 0 6 4509 4588 4589 4510
4648 3 2 0 6 4510 4589 4590 4511
4649 3 2 0 6 4511 4590 4591 4512
4650 3 2 0 6 4512 4591 4592 4513
4651 3 2 0 6 4513 4592 4593 4514
4652 3 2 0 6 4514 4593 4594 4515
4653 3 2 0 6 4515 4594 4595 4516
4654 3 2 0 6 4516 4595 4596 4517
4655 3 2 0 6 4517 4596 4597 4518
4656 3 2 0 6 4518 4597 4598 4519
4657 3 2 0 6 4519 4598 4599 4520
4658 3 2 0 6 4520 4599 4600 4521
4659 3 2 0 6 4521 4600 4601 4522
4660 3 2 0 6 4522 4601 4602 4523
4661 3 2 0 6 4523 4602 4603 4524
4662 3 2 0 6 4524 4603 4604 4525
4663 3 2 0 6 4525 4604 4605 4526
4664 3 2 0 6 4526 4605 4606 4527
4665 3 2 0 6 4527 4606 4607 4528
4666 3 2 0 6 4528 4607 4608 4529
4667 3 2 0 6 4529 4608 4609 4530
4668 3 2 0 6 4530 4609 4610 4531
4669 3 2 0 6 4531 4610 4611 4532
4670 3 2 0 6 4532 4611 4612 4533
4671 3 2 0 6 4533 4612 4613 4534
4672 3 2 0 6 4534 4613 4614 4535
4673 3 2 0 6 4535 4614 4615 4536
4674 3 2 0 6 4536 4615 4616 4537
4675 3 2 0 6 4537 4616 4617 4538
4676 3 2 0 6 4538 4617 4618 4539
4677 3 2 0 6 4539 4618 4619 4540
4678 3 2 0 6 4540 4619 4620 4541
4679 3 2 0 6 4541 4620 4621 4542
4680 3 2 0 6 4542 4621 4622 4543
4681 3 2 0 6 4543 4622 4623 4544
4682 3 2 0 6 4544 4623 4624 4545
4683 3 2 0 6 4545 4624 4625 4546
4684 3 2 0 6 4546 4625 4626 4547
4685 3 2 0 6 4547 4626 4627 4548
4686 3 2 0 6 4548 4627 4628 4549
4687 3 2 0 6 4549 4628 4629 4550
4688 3 2 0 6 4550 4629 4630 4551
4689 3 2 0 6 4551 4630 4631 4552
4690 3 2 0 6 4552 4631 4632 4553
4691 3 2 0 6 4553 4632 4633 4554
4692 3 2 0 6 4554 4633 4634 4555
4693 3 2 0 6 4555 4634 4635 4556
4694 3 2 0 6 4556 4635 4636 4557
4695 3 2 0 6 4557 4636 4637 4558
4696 3 2 0 6 4558 4637 4638 4559
4697 3 2 0 6 4559 4638 4639 4560
4698 3 2 0 6 4560 4639 4640 4561
4699 3 2 0 6 4561 4640 4641 4562
4700 3 2 0 6 4562 4641 4642 4563
4701 3 2 0 6 4563 4642 4643 4564
4702 3 2 0 6 4564 4643 4644 4565
4703 3 2 0 6 4565 4644 4645 4566
4704 3 2 0 6 4566 4645 4646 4567
4705 3 2 0 6 4567 4646 4647 4568
4706 3 2 0 6 4568 4647 4648 4569
4707 3 2 0 6 4569 4648 4649 4570
4708 3 2 0 6 4570 4649 4650 4571
4709 3 2 0 6 4571 4650 4651 4572
4710 3 2 0 6 4572 4651 4652 4573
4711 3 2 0 6 4573 4652 4653 4574
4712 3 2 0 6 4574 4653 4654 4575
4713 3 2 0 6 4575 4654 4655 4576
4714 3 2 0 6 4576 4655 4656 4577
4715 3 2 0 6 4577 4656 4657 4578
4716 3 2 0 6 4578 4657 4658 4579
4717 3 2 0 6 4579 4658 4659 4580
4718 3 2 0 6 4580 4659 4660 4581
4719 3 2 0 6 4581 4660 4661 4582
4720 3 2 0 6 4582 4661 4662 4583
4721 3 2 0 6 4583 4662 4663 4584
4722 3 2 0 6 4584 4663 4664 4585
4723 3 2 0 6 4585 4664 4665 4586
4724 3 2 0 6 4586 4665 187 188
4725 3 2 0 6 59 60 4666 4587
4726 3 2 0 6 4587 4666 4667 4588
4727 3 2 0 6 4588 4667 4668 4589
4728 3 2 0 6 4589 4668 4669 4590
4729 3 2 0 6 4590 4669 4670 4591
4730 3 2 0 6 4591 4670 4671 4592
4731 3 2 0 6 4592 4671 4672 4593
4732 3 2 0 6 4593 4672 4673 4594
4733 3 2 0 6 4594 4673 4674 4595
4734 3 2 0 6 4595 4674 4675 4596
4735 3 2 0 6 4596 4675 4676 4597
4736 3 2 0 6 4597 4676 4677 4598
4737 3 2 0 6 4598 4677 4678 4599
4738 3 2 0 6 4599 4678 4679 4600
4739 3 2 0 6 4600 4679 4680 4601
4740 3 2 0 6 4601 4680 4681 4602
4741 3 2 0 6 4602 4681 4682 4603
4742 3 2 0 6 4603 4682 4683 4604
4743 3 2 0 6 4604 4683 4684 4605
4744 3 2 0 6 4605 4684 4685 4606
4745 3 2 0 6 4606 4685 4686 4607
4746 3 2 0 6 4607 4686 4687 4608
4747 3 2 0 6 4608 4687 4688 4609
4748 3 2 0 6 4609 4688 4689 4610
4749 3 2 0 6 4610 4689 4690 4611
4750 3 2 0 6 4611 4690 4691 4612
4751 3 2 0 6 4612 4691 4692 4613
4752 3 2 0 6 4613 4692 4693 4614
4753 3 2 0 6 4614 4693 4694 4615
4754 3 2 0 6 4615 4694 4695 4616
4755 3 2 0 6 4616 4695 4696 4617
4756 3 2 0 6 4617 4696 4697 4618
4757 3 2 0 6 4618 4697 4698 4619
4758 3 2 0 6 4619 4698 4699 4620
4759 3 2 0 6 4620 4699 4700 4621
4760 3 2 0 6 4621 4700 4701 4622
4761 3 2 0 6 4622 4701 4702 4623
4762 3 2 0 6 4623 4702 4703 4624
4763 3 2 0 6 4624 4703 4704 4625
4764 3 2 0 6 4625 4704 4705 4626
4765 3 2 0 6 4626 4705 4706 4627
4766 3 2 0 6 4627 4706 4707 4628
4767 3 2 0 6 4628 4707 4708 4629
4768 3 2 0 6 4629 4708 4709 4630
4769 3 2 0 6 4630 4709 4710 4631
4770 3 2 0 6 4631 4710 4711 4632
4771 3 2 0 6 4632 4711 4712 4633
4772 3 2 0 6 4633 4712 4713 4634
4773 3 2 0 6 4634 4713 4714 4635
4774 3 2 0 6 4635 4714 4715 4636
4775 3 2 0 6 4636 4715 4716 4637
4776 3 2 0 6 4637 4716 4717 4638
4777 3 2 0 6 4638 4717 4718 4639
4778 3 2 0 6 4639 4718 4719 4640
4779 3 2 0 6 4640 4719 4720 4641
4780 3 2 0 6 4641 4720 4721 4642
4781 3 2 0 6 4642 4721 4722 4643
4782 3 2 0 6 4643 4722 4723 4644
4783 3 2 0 6 4644 4723 4724 4645
4784 3 2 0 6 4645 4724 4725 4646
4785 3 2 0 6 4646 4725 4726 4647
4786 3 2 0 6 4647 4726 4727 4648
4787 3 2 0 6 4648 4727 4728 4649
4788 3 2 0 6 4649 4728 4729 4650
4789 3 2 0 6 4650 4729 4730 4651
4790 3 2 0 6 4651 4730 4731 4652
4791 3 2 0 6 4652 4731 4732 4653
4792 3 2 0 6 4653 4732 4733 4654
4793 3 2 0 6 4654 4733 4734 4655
4794 3 2 0 6 4655 4734 4735 4656
4795 3 2 0 6 4656 4735 4736 4657
4796 3 2 0 6 4657 4736 4737 4658
4797 3 2 0 6 4658 4737 4738 4659
4798 3 2 0 6 4659 4738 4739 4660
4799 3 2 0 6 4660 4739 4740 4661
4800 3 2 0 6 4661 4740 4741 4662
4801 3 2 0 6 4662 4741 4742 4663
4802 3 2 0 6 4663 4742 4743 4664
4803 3 2 0 6 4664 4743 4744 4665
4804 3 2 0 6 4665 4744 186 187
4805 3 2 0 6 60 61 4745 4666
4806 3 2 0 6 4666 4745 4746 4667
4807 3 2 0 6 4667 4746 4747 4668
4808 3 2 0 6 4668 4747 4748 4669
4809 3 2 0 6 4669 4748 4749 4670
4810 3 2 0 6 4670 4749 4750 4671
4811 3 2 0 6 4671 4750 4751 4672
4812 3 2 0 6 4672 4751 4752 4673
4813 3 2 0 6 4673 4752 4753 4674
4814 3 2 0 6 4674 4753 4754 4675
4815 3 2 0 6 4675 4754 4755 4676
4816 3 2 0 6 4676 4755 4756 4677
4817 3 2 0 6 4677 4756 4757 4678
4818 3 2 0 6 4678 4757 4758 4679
4819 3 2 0 6 4679 4758 4759 4680
4820 3 2 0 6 4680 4759 4760 4681
4821 3 2 0 6 4681 4760 4761 4682
4822 3 2 0 6 4682 4761 4762 4683
4823 3 2 0 6 4683 4762 4763 4684
4824 3 2 0 6 4684 4763 4764 4685
4825 3 2 0 6 4685 4764 4765 4686
4826 3 2 0 6 4686 4765 4766 4687
4827 3 2 0 6 4687 4766 4767 4688
4828 3 2 0 6 4688 4767 4768 4689
4829 3 2 0 6 4689 4768 4769 4690
4830 3 2 0 6 4690 4769 4770 4691
4831 3 2 0 6 4691 4770 4771 4692
4832 3 2 0 6 4692 4771 4772 4693
4833 3 2 0 6 4693 4772 4773 4694
4834 3 2 0 6 4694 4773 4774 4695
4835 3 2 0 6 4695 4774 4775 4696
4836 3 2 0 6 4696 4775 4776 4697
4837 3 2 0 6 4697 4776 4777 4698
4838 3 2 0 6 4698 4777 4778 4699
4839 3 2 0 6 4699 4778 4779 4700
4840 3 2 0 6 4700 4779 4780 4701
4841 3 2 0 6 4701 4780 4781 4702
4842 3 2 0 6 4702 4781 4782 4703
4843 3 2 0 6 4703 4782 4783 4704
4844 3 2 0 6 4704 4783 4784 4705
4845 3 2 0 6 4705 4784 4785 4706
4846 3 2 0 6 4706 4785 4786 4707
4847 3 2 0 6 4707 4786 4787 4708
4848 3 2 0 6 4708 4787 4788 4709
4849 3 2 0 6 4709 4788 4789 4710
4850 3 2 0 6 4710 4789 4790 4711
4851 3 2 0 6 4711 4790 4791 4712
4852 3 2 0 6 4712 4791 4792 4713
4853 3 2 0 6 4713 4792 4793 4714
4854 3 2 0 6 4714 4793 4794 4715
4855 3 2 0 6 4715 4794 4795 4716
4856 3 2 0 6 4716 4795 4796 4717
4857 3 2 0 6 4717 4796 4797 4718
4858 3 2 0 6 4718 4797 4798 4719
4859 3 2 0 6 4719 4798 4799 4720
4860 3 2 0 6 4720 4799 4800 4721
4861 3 2 0 6 4721 4800 4801 4722
4862 3 2 0 6 4722 4801 4802 4723
4863 3 2 0 6 4723 4802 4803 4724
4864 3 2 0 6 4724 4803 4804 4725
4865 3 2 0 6 4725 4804 4805 4726
4866 3 2 0 6 4726 4805 4806 4727
4867 3 2 0 6 4727 4806 4807 4728
4868 3 2 0 6 4728 4807 4808 4729
4869 3 2 0 6 4729 4808 4809 4730
4870 3 2 0 6 4730 4809 4810 4731
4871 3 2 0 6 4731 4810 4811 4732
4872 3 2 0 6 4732 4811 4812 4733
4873 3 2 0 6 4733 4812 4813 4734
4874 3 2 0 6 4734 4813 4814 4735
4875 3 2 0 6 4735 4814 4815 4736
4876 3 2 0 6 4736 4815 4816 4737
4877 3 2 0 6 4737 4816 4817 4738
4878 3 2 0 6 4738 4817 4818 4739
4879 3 2 0 6 4739 4818 4819 4740
4880 3 2 0 6 4740 4819 4820 4741
4881 3 2 0 6 4741 4820 4821 4742
4882 3 2 0 6 4742 4821 4822 4743
4883 3 2 0 6 4743 4822 4823 4744
4884 3 2 0 6 4744 4823 185 186
4885 3 2 0 6 61 62 4824 4745
4886 3 2 0 6 4745 4824 4825 4746
4887 3 2 0 6 4746 4825 4826 4747
4888 3 2 0 6 4747 4826 4827 4748
4889 3 2 0 6 4748 4827 4828 4749
4890 3 2 0 6 4749 4828 4829 4750
4891 3 2 0 6 4750 4829 4830 4751
4892 3 2 0 6 4751 4830 4831 4752
4893 3 2 0 6 4752 4831 4832 4753
4894 3 2 0 6 4753 4832 4833 4754
4895 3 2 0 6 4754 4833 4834 4755
4896 3 2 0 6 4755 4834 4835 4756
4897 3 2 0 6 4756 4835 4836 4757
4898 3 2 0 6 4757 4836 4837 4758
4899 3 2 0 6 4758 4837 4838 4759
4900 3 2 0 6 4759 4838 4839 4760
4901 3 2 0 6 4760 4839 4840 4761
4902 3 2 0 6 4761 4840 4841 4762
4903 3 2 0 6 4762 4841 4842 4763
4904 3 2 0 6 4763 4842 4843 4764
4905 3 2 0 6 4764 4843 4844 4765
4906 3 2 0 6 4765 4844 4845 4766
4907 3 2 0 6 4766 4845 4846 4767
4908 3 2 0 6 4767 4846 4847 4768
4909 3 2 0 6 4768 4847 4848 4769
4910 3 2 0 6 4769 4848 4849 4770
4911 3 2 0 6 4770 4849 4850 4771
4912 3 2 0 6 4771 4850 4851 4772
4913 3 2 0 6 4772 4851 4852 4773
4914 3 2 0 6 4773 4852 4853 4774
4915 3 2 0 6 4774 4853 4854 4775
4916 3 2 0 6 4775 4854 4855 4776
4917 3 2 0 6 4776 4855 4856 4777
4918 3 2 0 6 4777 4856 4857 4778
4919 3 2 0 6 4778 4857 4858 4779
4920 3 2 0 6 4779 4858 4859 4780
4921 3 2 0 6 4780 4859 4860 4781
4922 3 2 0 6 4781 4860 4861 4782
4923 3 2 0 6 4782 4861 4862 4783
4924 3 2 0 6 4783 4862 4863 4784
4925 3 2 0 6 4784 4863 4864 4785
4926 3 2 0 6 4785 4864 4865 4786
4927 3 2 0 6 4786 4865 4866 4787
4928 3 2 0 6 4787 4866 4867 4788
4929 3 2 0 6 4788 4867 4868 4789
4930 3 2 0 6 4789 4868 4869 4790
4931 3 2 0 6 4790 4869 4870 4791
4932 3 2 0 6 4791 4870 4871 4792
4933 3 2 0 6 4792 4871 4872 4793
4934 3 2 0 6 4793 4872 4873 4794
4935 3 2 0 6 4794 4873 4874 4795
4936 3 2 0 6 4795 4874 4875 4796
4937 3 2 0 6 4796 4875 4876 4797
4938 3 2 0 6 4797 4876 4877 4798
4939 3 2 0 6 4798 4877 4878 4799
4940 3 2 0 6 4799 4878 4879 4800
4941 3 2 0 6 4800 4879 4880 4801
4942 3 2 0 6 4801 4880 4881 4802
4943 3 2 0 6 4802 4881 4882 4803
4944 3 2 0 6 4803 4882 4883 4804
4945 3 2 0 6 4804 4883 4884 4805
4946 3 2 0 6 4805 4884 4885 4806
4947 3 2 0 6 4806 4885 4886 4807
4948 3 2 0 6 4807 4886 4887 4808
4949 3 2 0 6 4808 4887 4888 4809
4950 3 2 0 6 4809 4888 4889 4810
4951 3 2 0 6 4810 4889 4890 4811
4952 3 2 0 6 4811 4890 4891 4812
4953 3 2 0 6 4812 4891 4892 4813
4954 3 2 0 6 4813 4892 4893 4814
4955 3 2 0 6 4814 4893 4894 4815
4956 3 2 0 6 4815 4894 4895 4816
4957 3 2 0 6 4816 4895 4896 4817
4958 3 2 0 6 4817 4896 4897 4818
4959 3 2 0 6 4818 4897 4898 4819
4960 3 2 0 6 4819 4898 4899 4820
4961 3 2 0 6 4820 4899 4900 4821
4962 3 2 0 6 4821 4900 4901 4822
4963 3 2 0 6 4822 4901 4902 4823
4964 3 2 0 6 4823 4902 184 185
4965 3 2 0 6 62 63 4903 4824
4966 3 2 0 6 4824 4903 4904 4825
4967 3 2 0 6 4825 4904 4905 4826
4968 3 2 0 6 4826 4905 4906 4827
4969 3 2 0 6 4827 4906 4907 4828
4970 3 2 0 6 4828 4907 4908 4829
4971 3 2 0 6 4829 4908 4909 4830
4972 3 2 0 6 4830 4909 4910 4831
4973 3 2 0 6 4831 4910 4911 4832
4974 3 2 0 6 4832 4911 4912 4833
4975 3 2 0 6 4833 4912 4913 4834
4976 3 2 0 6 4834 4913 4914 4835
4977 3 2 0 6 4835 4914 4915 4836
4978 3 2 0 6 4836 4915 4916 4837
4979 3 2 0 6 4837 4916 4917 4838
4980 3 2 0 6 4838 4917 4918 4839
4981 3 2 0 6 4839 4918 4919 4840
4982 3 2 0 6 4840 4919 4920 4841
4983 3 2 0 6 4841 4920 4921 4842
4984 3 2 0 6 4842 4921 4922 4843
4985 3 2 0 6 4843 4922 4923 4844
4986 3 2 0 6 4844 4923 4924 4845
4987 3 2 0 6 4845 4924 4925 4846
4988 3 2 0 6 4846 4925 4926 4847
4989 3 2 0 6 4847 4926 4927 4848
4990 3 2 0 6 4848 4927 4928 4849
4991 3 2 0 6 4849 4928 4929 4850
4992 3 2 0 6 4850 4929 4930 4851
4993 3 2 0 6 4851 4930 4931 4852
4994 3 2 0 6 4852 4931 4932 4853
4995 3 2 0 6 4853 4932 4933 4854
4996 3 2 0 6 4854 4933 4934 4855
4997 3 2 0 6 4855 4934 4935 4856
4998 3 2 0 6 4856 4935 4936 4857
4999 3 2 0 6 4857 4936 4937 4858
5000 3 2 0 6 4858 4937 4938 4859
5001 3 2 0 6 4859 4938 4939 4860
5002 3 2 0 6 4860 4939 4940 4861
5003 3 2 0 6 4861 4940 4941 4862
5004 3 2 0 6 4862 4941 4942 4863
5005 3 2 0 6 4863 4942 4943 4864
5006 3 2 0 6 4864 4943 4944 4865
5007 3 2 0 6 4865 4944 4945 4866
5008 3 2 0 6 4866 4945 4946 4867
5009 3 2 0 6 4867 4946 4947 4868
5010 3 2 0 6 4868 4947 4948 4869
5011 3 2 0 6 4869 4948 4949 4870
5012 3 2 0 6 4870 4949 4950 4871
5013 3 2 0 6 4871 4950 4951 4872
5014 3 2 0 6 4872 4951 4952 4873
5015 3 2 0 6 4873 4952 4953 4874
5016 3 2 0 6 4874 4953 4954 4875
5017 3 2 0 6 4875 4954 4955 4876
5018 3 2 0 6 4876 4955 4956 4877
5019 3 2 0 6 4877 4956 4957 4878
5020 3 2 0 6 4878 4957 4958 4879
5021 3 2 0 6 4879 4958 4959 4880
5022 3 2 0 6 4880 4959 4960 4881
5023 3 2 0 6 4881 4960 4961 4882
5024 3 2 0 6 4882 4961 4962 4883
5025 3 2 0 6 4883 4962 4963 4884
5026 3 2 0 6 4884 4963 4964 4885
5027 3 2 0 6 4885 4964 4965 4886
5028 3 2 0 6 4886 4965 4966 4887
5029 3 2 0 6 4887 4966 4967 4888
5030 3 2 0 6 4888 4967 4968 4889
5031 3 2 0 6 4889 4968 4969 4890
5032 3 2 0 6 4890 4969 4970 4891
5033 3 2 0 6 4891 4970 4971 4892
5034 3 2 0 6 4892 4971 4972 4893
5035 3 2 0 6 4893 4972 4973 4894
5036 3 2 0 6 4894 4973 4974 4895
5037 3 2 0 6 4895 4974 4975 4896
5038 3 2 0 6 4896 4975 4976 4897
5039 3 2 0 6 4897 4976 4977 4898
5040 3 2 0 6 4898 4977 4978 4899
5041 3 2 0 6 4899 4978 4979 4900
5042 3 2 0 6 4900 4979 4980 4901
5043 3 2 0 6 4901 4980 4981 4902
5044 3 2 0 6 4902 4981 183 184
5045 3 2 0 6 63 64 4982 4903
5046 3 2 0 6 4903 4982 4983 4904
5047 3 2 0 6 4904 4983 4984 4905
5048 3 2 0 6 4905 4984 4985 4906
5049 3 2 0 6 4906 4985 4986 4907
5050 3 2 0 6 4907 4986 4987 4908
5051 3 2 0 6 4908 4987 4988 4909
5052 3 2 0 6 4909 4988 4989 4910
5053 3 2 0 6 4910 4989 4990 4911
5054 3 2 0 6 4911 4990 4991 4912
5055 3 2 0 6 4912 4991 4992 4913
5056 3 2 0 6 4913 4992 4993 4914
5057 3 2 0 6 4914 4993 4994 4915
5058 3 2 0 6 4915 4994 4995 4916
5059 3 2 0 6 4916 4995 4996 4917
5060 3 2 0 6 4917 4996 4997 4918
5061 3 2 0 6 4918 4997 4998 4919
5062 3 2 0 6 4919 4998 4999 4920
5063 3 2 0 6 4920 4999 5000 4921
5064 3 2 0 6 4921 5000 5001 4922
5065 3 2 0 6 4922 5001 5002 4923
5066 3 2 0 6 4923 5002 5003 4924
5067 3 2 0 6 4924 5003 5004 4925
5068 3 2 0 6 4925 5004 5005 4926
5069 3 2 0 6 4926 5005 5006 4927
5070 3 2 0 6 4927 5006 5007 4928
5071 3 2 0 6 4928 5007 5008 4929
5072 3 2 0 6 4929 5008 5009 4930
5073 3 2 0 6 4930 5009 5010 4931
5074 3 2 0 6 4931 5010 5011 4932
5075 3 2 0 6 4932 5011 5012 4933
5076 3 2 0 6 4933 5012 5013 4934
5077 3 2 0 6 4934 5013 5014 4935
5078 3 2 0 6 4935 5014 5015 4936
5079 3 2 0 6 4936 5015 5016 4937
5080 3 2 0 6 4937 5016 5017 4938
5081 3 2 0 6 4938 5017 5018 4939
5082 3 2 0 6 4939 5018 5019 4940
5083 3 2 0 6 4940 5019 5020 4941
5084 3 2 0 6 4941 5020 5021 4942
5085 3 2 0 6 4942 5021 5022 4943
5086 3 2 0 6 4943 5022 5023 4944
5087 3 2 0 6 4944 5023 5024 4945
5088 3 2 0 6 4945 5024 5025 4946
5089 3 2 0 6 4946 5025 5026 4947
5090 3 2 0 6 4947 5026 5027 4948
5091 3 2 0 6 4948 5027 5028 4949
5092 3 2 0 6 4949 5028 5029 4950
5093 3 2 0 6 4950 5029 5030 4951
5094 3 2 0 6 4951 5030 5031 4952
5095 3 2 0 6 4952 5031 5032 4953
5096 3 2 0 6 4953 5032 5033 4954
5097 3 2 0 6 4954 5033 5034 4955
5098 3 2 0 6 4955 5034 5035 4956
5099 3 2 0 6 4956 5035 5036 4957
5100 3 2 0 6 4957 5036 5037 4958
5101 3 2 0 6 4958 5037 5038 4959
5102 3 2 0 6 4959 5038 5039 4960
5103 3 2 0 6 4960 5039 5040 4961
5104 3 2 0 6 4961 5040 5041 4962
5105 3 2 0 6 4962 5041 5042 4963
5106 3 2 0 6 4963 5042 5043 4964
5107 3 2 0 6 4964 5043 5044 4965
5108 3 2 0 6 4965 5044 5045 4966
5109 3 2 0 6 4966 5045 5046 4967
5110 3 2 0 6 4967 5046 5047 4968
5111 3 2 0 6 4968 5047 5048 4969
5112 3 2 0 6 4969 5048 5049 4970
5113 3 2 0 6 4970 5049 5050 4971
5114 3 2 0 6 4971 5050 5051 4972
5115 3 2 0 6 4972 5051 5052 4973
5116 3 2 0 6 4973 5052 5053 4974
5117 3 2 0 6 4974 5053 5054 4975
5118 3 2 0 6 4975 5054 5055 4976
5119 3 2 0 6 4976 5055 5056 4977
5120 3 2 0 6 4977 5056 5057 4978
5121 3 2 0 6 4978 5057 5058 4979
5122 3 2 0 6 4979 5058 5059 4980
5123 3 2 0 6 4980 5059 5060 4981
5124 3 2 0 6 4981 5060 182 183
5125 3 2 0 6 64 65 5061 4982
5126 3 2 0 6 4982 5061 5062 4983
5127 3 2 0 6 4983 5062 5063 4984
5128 3 2 0 6 4984 5063 5064 4985
5129 3 2 0 6 4985 5064 5065 4986
5130 3 2 0 6 4986 5065 5066 4987
5131 3 2 0 6 4987 5066 5067 4988
5132 3 2 0 6 4988 5067 5068 4989
5133 3 2 0 6 4989 5068 5069 4990
5134 3 2 0 6 4990 5069 5070 4991
5135 3 2 0 6 4991 5070 5071 4992
5136 3 2 0 6 4992 5071 5072 4993
5137 3 2 0 6 4993 5072 5073 4994
5138 3 2 0 6 4994 5073 5074 4995
5139 3 2 0 6 4995 5074 5075 4996
5140 3 2 0 6 4996 5075 5076 4997
5141 3 2 0 6 4997 5076 5077 4998
5142 3 2 0 6 4998 5077 5078 4999
5143 3 2 0 6 4999 5078 5079 5000
5144 3 2 0 6 5000 5079 5080 5001
5145 3 2 0 6 5001 5080 5081 5002
5146 3 2 0 6 5002 5081 5082 5003
5147 3 2 0 6 5003 5082 5083 5004
5148 3 2 0 6 5004 5083 5084 5005
5149 3 2 0 6 5005 5084 5085 5006
5150 3 2 0 6 5006 5085 5086 5007
5151 3 2 0 6 5007 5086 5087 5008
5152 3 2 0 6 5008 5087 5088 5009
5153 3 2 0 6 5009 5088 5089 5010
5154 3 2 0 6 5010 5089 5090 5011
5155 3 2 0 6 5011 5090 5091 5012
5156 3 2 0 6 5012 5091 5092 5013
5157 3 2 0 6 5013 5092 5093 5014
5158 3 2 0 6 5014 5093 5094 5015
5159 3 2 0 6 5015 5094 5095 5016
5160 3 2 0 6 5016 5095 5096 5017
5161 3 2 0 6 5017 5096 5097 5018
5162 3 2 0 6 5018 5097 5098 5019
5163 3 2 0 6 5019 5098 5099 5020
5164 3 2 0 6 5020 5099 5100 5021
5165 3 2 0 6 5021 5100 5101 5022
5166 3 2 0 6 5022 5101 5102 5023
5167 3 2 0 6 5023 5102 5103 5024
5168 3 2 0 6 5024 5103 5104 5025
5169 3 2 0 6 5025 5104 5105 5026
5170 3 2 0 6 5026 5105 5106 5027
5171 3 2 0 6 5027 5106 5107 5028
5172 3 2 0 6 5028 5107 5108 5029
5173 3 2 0 6 5029 5108 5109 5030
5174 3 2 0 6 5030 5109 5110 5031
5175 3 2 0 6 5031 5110 5111 5032
5176 3 2 0 6 5032 5111 5112 5033
5177 3 2 0 6 5033 5112 5113 5034
5178 3 2 0 6 5034 5113 5114 5035
5179 3 2 0 6 5035 5114 5115 5036
5180 3 2 0 6 5036 5115 5116 5037
5181 3 2 0 6 5037 5116 5117 5038
5182 3 2 0 6 5038 5117 5118 5039
5183 3 2 0 6 5039 5118 5119 5040
5184 3 2 0 6 5040 5119 5120 5041
5185 3 2 0 6 5041 5120 5121 5042
5186 3 2 0 6 5042 5121 5122 5043
5187 3 2 0 6 5043 5122 5123 5044
5188 3 2 0 6 5044 5123 5124 5045
5189 3 2 0 6 5045 5124 5125 5046
5190 3 2 0 6 5046 5125 5126 5047
5191 3 2 0 6 5047 5126 5127 5048
5192 3 2 0 6 5048 5127 5128 5049
5193 3 2 0 6 5049 5128 5129 5050
5194 3 2 0 6 5050 5129 5130 5051
5195 3 2 0 6 5051 5130 5131 5052
5196 3 2 0 6 5052 5131 5132 5053
5197 3 2 0 6 5053 5132 5133 5054
5198 3 2 0 6 5054 5133 5134 5055
5199 3 2 0 6 5055 5134 5135 5056
5200 3 2 0 6 5056 5135 5136 5057
5201 3 2 0 6 5057 5136 5137 5058
5202 3 2 0 6 5058 5137 5138 5059
5203 3 2 0 6 5059 5138 5139 5060
5204 3 2 0 6 5060 5139 181 182
5205 3 2 0 6 65 66 5140 5061
5206 3 2 0 6 5061 5140 5141 5062
5207 3 2 0 6 5062 5141 5142 5063
5208 3 2 0 6 5063 5142 5143 5064
5209 3 2 0 6 5064 5143 5144 5065
5210 3 2 0 6 5065 5144 5145 5066
5211 3 2 0 6 5066 5145 5146 5067
5212 3 2 0 6 5067 5146 5147 5068
5213 3 2 0 6 5068 5147 5148 5069
5214 3 2 0 6 5069 5148 5149 5070
5215 3 2 0 6 5070 5149 5150 5071
5216 3 2 0 6 5071 5150 5151 5072
5217 3 2 0 6 5072 5151 5152 5073
5218 3 2 0 6 5073 5152 5153 5074
5219 3 2 0 6 5074 5153 5154 5075
5220 3 2 0 6 5075 5154 5155 5076
5221 3 2 0 6 5076 5155 5156 5077
5222 3 2 0 6 5077 5156 5157 5078
5223 3 2 0 6 5078 5157 5158 5079
5224 3 2 0 6 5079 5158 5159 5080
5225 3 2 0 6 5080 5159 5160 5081
5226 3 2 0 6 5081 5160 5161 5082
5227 3 2 0 6 5082 5161 5162 5083
5228 3 2 0 6 5083 5162 5163 5084
5229 3 2 0 6 5084 5163 5164 5085
5230 3 2 0 6 5085 5164 5165 5086
5231 3 2 0 6 5086 5165 5166 5087
5232 3 2 0 6 5087 5166 5167 5088
5233 3 2 0 6 5088 5167 5168 5089
5234 3 2 0 6 5089 5168 5169 5090
5235 3 2 0 6 5090 5169 5170 5091
5236 3 2 0 6 5091 5170 5171 5092
5237 3 2 0 6 5092 5171 5172 5093
5238 3 2 0 6 5093 5172 5173 5094
5239 3 2 0 6 5094 5173 5174 5095
5240 3 2 0 6 5095 5174 5175 5096
5241 3 2 0 6 5096 5175 5176 5097
5242 3 2 0 6 5097 5176 5177 5098
5243 3 2 0 6 5098 5177 5178 5099
5244 3 2 0 6 5099 5178 5179 5100
5245 3 2 0 6 5100 5179 5180 5101
5246 3 2 0 6 5101 5180 5181 5102
5247 3 2 0 6 5102 5181 5182 5103
5248 3 2 0 6 5103 5182 5183 5104
5249 3 2 0 6 5104 5183 5184 5105
5250 3 2 0 6 5105 5184 5185 5106
5251 3 2 0 6 5106 5185 5186 5107
5252 3 2 0 6 5107 5186 5187 5108
5253 3 2 0 6 5108 5187 5188 5109
5254 3 2 0 6 5109 5188 5189 5110
5255 3 2 0 6 5110 5189 5190 5111
5256 3 2 0 6 5111 5190 5191 5112
5257 3 2 0 6 5112 5191 5192 5113
5258 3 2 0 6 5113 5192 5193 5114
5259 3 2 0 6 5114 5193 5194 5115
5260 3 2 0 6 5115 5194 5195 5116
5261 3 2 0 6 5116 5195 5196 5117
5262 3 2 0 6 5117 5196 5197 5118
5263 3 2 0 6 5118 5197 5198 5119
5264 3 2 0 6 5119 5198 5199 5120
5265 3 2 0 6 5120 5199 5200 5121
5266 3 2 0 6 5121 5200 5201 5122
5267 3 2 0 6 5122 5201 5202 5123
5268 3 2 0 6 5123 5202 5203 5124
5269 3 2 0 6 5124 5203 5204 5125
5270 3 2 0 6 5125 5204 5205 5126
5271 3 2 0 6 5126 5205 5206 5127
5272 3 2 0 6 5127 5206 5207 5128
5273 3 2 0 6 5128 5207 5208 5129
5274 3 2 0 6 5129 5208 5209 5130
5275 3 2 0 6 5130 5209 5210 5131
5276 3 2 0 6 5131 5210 5211 5132
5277 3 2 0 6 5132 5211 5212 5133
5278 3 2 0 6 5133 5212 5213 5134
5279 3 2 0 6 5134 5213 5214 5135
5280 3 2 0 6 5135 5214 5215 5136
5281 3 2 0 6 5136 5215 5216 5137
5282 3 2 0 6 5137 5216 5217 5138
5283 3 2 0 6 5138 5217 5218 5139
5284 3 2 0 6 5139 5218 180 181
5285 3 2 0 6 66 67 5219 5140
5286 3 2 0 6 5140 5219 5220 5141
5287 3 2 0 6 5141 5220 5221 5142
5288 3 2 0 6 5142 5221 5222 5143
5289 3 2 0 6 5143 5222 5223 5144
5290 3 2 0 6 5144 5223 5224 5145
5291 3 2 0 6 5145 5224 5225 5146
5292 3 2 0 6 5146 5225 5226 5147
5293 3 2 0 6 5147 5226 5227 5148
5294 3 2 0 6 5148 5227 5228 5149
5295 3 2 0 6 5149 5228 5229 5150
5296 3 2 0 6 5150 5229 5230 5151
5297 3 2 0 6 5151 5230 5231 5152
5298 3 2 0 6 5152 5231 5232 5153
5299 3 2 0 6 5153 5232 5233 5154
5300 3 2 0 6 5154 5233 5234 5155
5301 3 2 0 6 5155 5234 5235 5156
5302 3 2 0 6 5156 5235 5236 5157
5303 3 2 0 6 5157 5236 5237 5158
5304 3 2 0 6 5158 5237 5238 5159
5305 3 2 0 6 5159 5238 5239 5160
5306 3 2 0 6 5160 5239 5240 5161
5307 3 2 0 6 5161 5240 5241 5162
5308 3 2 0 6 5162 5241 5242 5163
5309 3 2 0 6 5163 5242 5243 5164
5310 3 2 0 6 5164 5243 5244 5165
5311 3 2 0 6 5165 5244 5245 5166
5312 3 2 0 6 5166 5245 5246 5167
5313 3 2 0 6 5167 5246 5247 5168
5314 3 2 0 6 5168 5247 5248 5169
5315 3 2 0 6 5169 5248 5249 5170
5316 3 2 0 6 5170 5249 5250 5171
5317 3 2 0 6 5171 5250 5251 5172
5318 3 2 0 6 5172 5251 5252 5173
5319 3 2 0 6 5173 5252 5253 5174
5320 3 2 0 6 5174 5253 5254 5175
5321 3 2 0 6 5175 5254 5255 5176
5322 3 2 0 6 5176 5255 5256 5177
5323 3 2 0 6 5177 5256 5257 5178
5324 3 2 0 6 5178 5257 5258 5179
5325 3 2 0 6 5179 5258 5259 5180
5326 3 2 0 6 5180 5259 5260 5181
5327 3 2 0 6 5181 5260 5261 5182
5328 3 2 0 6 5182 5261 5262 5183
5329 3 2 0 6 5183 5262 5263 5184
5330 3 2 0 6 5184 5263 5264 5185
5331 3 2 0 6 5185 5264 5265 5186
5332 3 2 0 6 5186 5265 5266 5187
5333 3 2 0 6 5187 5266 5267 5188
5334 3 2 0 6 5188 5267 5268 5189
5335 3 2 0 6 5189 5268 5269 5190
5336 3 2 0 6 5190 5269 5270 5191
5337 3 2 0 6 5191 5270 5271 5192
5338 3 2 0 6 5192 5271 5272 5193
5339 3 2 0 6 5193 5272 5273 5194
5340 3 2 0 6 5194 5273 5274 5195
5341 3 2 0 6 5195 5274 5275 5196
5342 3 2 0 6 5196 5275 5276 5197
5343 3 2 0 6 5197 5276 5277 5198
5344 3 2 0 6 5198 5277 5278 5199
5345 3 2 0 6 5199 5278 5279 5200
5346 3 2 0 6 5200 5279 5280 5201
5347 3 2 0 6 5201 5280 5281 5202
5348 3 2 0 6 5202 5281 5282 5203
5349 3 2 0 6 5203 5282 5283 5204
5350 3 2 0 6 5204 5283 5284 5205
5351 3 2 0 6 5205 5284 5285 5206
5352 3 2 0 6 5206 5285 5286 5207
5353 3 2 0 6 5207 5286 5287 5208
5354 3 2 0 6 5208 5287 5288 5209
5355 3 2 0 6 5209 5288 5289 5210
5356 3 2 0 6 5210 5289 5290 5211
5357 3 2 0 6 5211 5290 5291 5212
5358 3 2 0 6 5212 5291 5292 5213
5359 3 2 0 6 5213 5292 5293 5214
5360 3 2 0 6 5214 5293 5294 5215
5361 3 2 0 6 5215 5294 5295 5216
5362 3 2 0 6 5216 5295 5296 5217
5363 3 2 0 6 5217 5296 5297 5218
5364 3 2 0 6 5218 5297 179 180
5365 3 2 0 6 67 68 5298 5219
5366 3 2 0 6 5219 5298 5299 5220
5367 3 2 0 6 5220 5299 5300 5221
5368 3 2 0 6 5221 5300 5301 5222
5369 3 2 0 6 5222 5301 5302 5223
5370 3 2 0 6 5223 5302 5303 5224
5371 3 2 0 6 5224 5303 5304 5225
5372 3 2 0 6 5225 5304 5305 5226
5373 3 2 0 6 5226 5305 5306 5227
5374 3 2 0 6 5227 5306 5307 5228
5375 3 2 0 6 5228 5307 5308 5229
5376 3 2 0 6 5229 5308 5309 5230
5377 3 2 0 6 5230 5309 5310 5231
5378 3 2 0 6 5231 5310 5311 5232
5379 3 2 0 6 5232 5311 5312 5233
5380 3 2 0 6 5233 5312 5313 5234
5381 3 2 0 6 5234 5313 5314 5235
5382 3 2 0 6 5235 5314 5315 5236
5383 3 2 0 6 5236 5315 5316 5237
5384 3 2 0 6 5237 5316 5317 5238
5385 3 2 0 6 5238 5317 5318 5239
5386 3 2 0 6 5239 5318 5319 5240
5387 3 2 0 6 5240 5319 5320 5241
5388 3 2 0 6 5241 5320 5321 5242
5389 3 2 0 6 5242 5321 5322 5243
5390 3 2 0 6 5243 5322 5323 5244
5391 3 2 0 6 5244 5323 5324 5245
5392 3 2 0 6 5245 5324 5325 5246
5393 3 2 0 6 5246 5325 5326 5247
5394 3 2 0 6 5247 5326 5327 5248
5395 3 2 0 6 5248 5327 5328 5249
5396 3 2 0 6 5249 5328 5329 5250
5397 3 2 0 6 5250 5329 5330 5251
5398 3 2 0 6 5251 5330 5331 5252
5399 3 2 0 6 5252 5331 5332 5253
5400 3 2 0 6 5253 5332 5333 5254
5401 3 2 0 6 5254 5333 5334 5255
5402 3 2 0 6 5255 5334 5335 5256
5403 3 2 0 6 5256 5335 5336 5257
5404 3 2 0 6 5257 5336 5337 5258
5405 3 2 0 6 5258 5337 5338 5259
5406 3 2 0 6 5259 5338 5339 5260
5407 3 2 0 6 5260 5339 5340 5261
5408 3 2 0 6 5261 5340 5341 5262
5409 3 2 0 6 5262 5341 5342 5263
5410 3 2 0 6 5263 5342 5343 5264
5411 3 2 0 6 5264 5343 5344 5265
5412 3 2 0 6 5265 5344 5345 5266
5413 3 2 0 6 5266 5345 5346 5267
5414 3 2 0 6 5267 5346 5347 5268
5415 3 2 0 6 5268 5347 5348 5269
5416 3 2 0 6 5269 5348 5349 5270
5417 3 2 0 6 5270 5349 5350 5271
5418 3 2 0 6 5271 5350 5351 5272
5419 3 2 0 6 5272 5351 5352 5273
5420 3 2 0 6 5273 5352 5353 5274
5421 3 2 0 6 5274 5353 5354 5275
5422 3 2 0 6 5275 5354 5355 5276
5423 3 2 0 6 5276 5355 5356 5277
5424 3 2 0 6 5277 5356 5357 5278
5425 3 2 0 6 5278 5357 5358 5279
5426 3 2 0 6 5279 5358 5359 5280
5427 3 2 0 6 5280 5359 5360 5281
5428 3 2 0 6 5281 5360 5361 5282
5429 3 2 0 6 5282 5361 5362 5283
5430 3 2 0 6 5283 5362 5363 5284
5431 3 2 0 6 5284 5363 5364 5285
5432 3 2 0 6 5285 5364 5365 5286
5433 3 2 0 6 5286 5365 5366 5287
5434 3 2 0 6 5287 5366 5367 5288
5435 3 2 0 6 5288 5367 5368 5289
5436 3 2 0 6 5289 5368 5369 5290
5437 3 2 0 6 5290 5369 5370 5291
5438 3 2 0 6 5291 5370 5371 5292
5439 3 2 0 6 5292 5371 5372 5293
5440 3 2 0 6 5293 5372 5373 5294
5441 3 2 0 6 5294 5373 5374 5295
5442 3 2 0 6 5295 5374 5375 5296
5443 3 2 0 6 5296 5375 5376 5297
5444 3 2 0 6 5297 5376 178 179
5445 3 2 0 6 68 69 5377 5298
5446 3 2 0 6 5298 5377 5378 5299
5447 3 2 0 6 5299 5378 5379 5300
5448 3 2 0 6 5300 5379 5380 5301
5449 3 2 0 6 5301 5380 5381 5302
5450 3 2 0 6 5302 5381 5382 5303
5451 3 2 0 6 5303 5382 5383 5304
5452 3 2 0 6 5304 5383 5384 5305
5453 3 2 0 6 5305 5384 5385 5306
5454 3 2 0 6 5306 5385 5386 5307
5455 3 2 0 6 5307 5386 5387 5308
5456 3 2 0 6 5308 5387 5388 5309
5457 3 2 0 6 5309 5388 5389 5310
5458 3 2 0 6 5310 5389 5390 5311
5459 3 2 0 6 5311 5390 5391 5312
5460 3 2 0 6 5312 5391 5392 5313
5461 3 2 0 6 5313 5392 5393 5314
5462 3 2 0 6 5314 5393 5394 5315
5463 3 2 0 6 5315 5394 5395 5316
5464 3 2 0 6 5316 5395 5396 5317
5465 3 2 0 6 5317 5396 5397 5318
5466 3 2 0 6 5318 5397 5398 5319
5467 3 2 0 6 5319 5398 5399 5320
5468 3 2 0 6 5320 5399 5400 5321
5469 3 2 0 6 5321 5400 5401 5322
5470 3 2 0 6 5322 5401 5402 5323
5471 3 2 0 6 5323 5402 5403 5324
5472 3 2 0 6 5324 5403 5404 5325
5473 3 2 0 6 5325 5404 5405 5326
5474 3 2 0 6 5326 5405 5406 5327
5475 3 2 0 6 5327 5406 5407 5328
5476 3 2 0 6 5328 5407 5408 5329
5477 3 2 0 6 5329 5408 5409 5330
5478 3 2 0 6 5330 5409 5410 5331
5479 3 2 0 6 5331 5410 5411 5332
5480 3 2 0 6 5332 5411 5412 5333
5481 3 2 0 6 5333 5412 5413 5334
5482 3 2 0 6 5334 5413 5414 5335
5483 3 2 0 6 5335 5414 5415 5336
5484 3 2 0 6 5336 5415 5416 5337
5485 3 2 0 6 5337 5416 5417 5338
5486 3 2 0 6 5338 5417 5418 5339
5487 3 2 0 6 5339 5418 5419 5340
5488 3 2 0 6 5340 5419 5420 5341
5489 3 2 0 6 5341 5420 5421 5342
5490 3 2 0 6 5342 5421 5422 5343
5491 3 2 0 6 5343 5422 5423 5344
5492 3 2 0 6 5344 5423 5424 5345
5493 3 2 0 6 5345 5424 5425 5346
5494 3 2 0 6 5346 5425 5426 5347
5495 3 2 0 6 5347 5426 5427 5348
5496 3 2 0 6 5348 5427 5428 5349
5497 3 2 0 6 5349 5428 5429 5350
5498 3 2 0 6 5350 5429 5430 5351
5499 3 2 0 6 5351 5430 5431 5352
5500 3 2 0 6 5352 5431 5432 5353
5501 3 2 0 6 5353 5432 5433 5354
5502 3 2 0 6 5354 5433 5434 5355
5503 3 2 0 6 5355 5434 5435 5356
5504 3 2 0 6 5356 5435 5436 5357
5505 3 2 0 6 5357 5436 5437 5358
5506 3 2 0 6 5358 5437 5438 5359
5507 3 2 0 6 5359 5438 5439 5360
5508 3 2 0 6 5360 5439 5440 5361
5509 3 2 0 6 5361 5440 5441 5362
5510 3 2 0 6 5362 5441 5442 5363
5511 3 2 0 6 5363 5442 5443 5364
5512 3 2 0 6 5364 5443 5444 5365
5513 3 2 0 6 5365 5444 5445 5366
5514 3 2 0 6 5366 5445 5446 5367
5515 3 2 0 6 5367 5446 5447 5368
5516 3 2 0 6 5368 5447 5448 5369
5517 3 2 0 6 5369 5448 5449 5370
5518 3 2 0 6 5370 5449 5450 5371
5519 3 2 0 6 5371 5450 5451 5372
5520 3 2 0 6 5372 5451 5452 5373
5521 3 2 0 6 5373 5452 5453 5374
5522 3 2 0 6 5374 5453 5454 5375
5523 3 2 0 6 5375 5454 5455 5376
5524 3 2 0 6 5376 5455 177 178
5525 3 2 0 6 69 70 5456 5377
5526 3 2 0 6 5377 5456 5457 5378
5527 3 2 0 6 5378 5457 5458 5379
5528 3 2 0 6 5379 5458 5459 5380
5529 3 2 0 6 5380 5459 5460 5381
5530 3 2 0 6 5381 5460 5461 5382
5531 3 2 0 6 5382 5461 5462 5383
5532 3 2 0 6 5383 5462 5463 5384
5533 3 2 0 6 5384 5463 5464 5385
5534 3 2 0 6 5385 5464 5465 5386
5535 3 2 0 6 5386 5465 5466 5387
5536 3 2 0 6 5387 5466 5467 5388
5537 3 2 0 6 5388 5467 5468 5389
5538 3 2 0 6 5389 5468 5469 5390
5539 3 2 0 6 5390 5469 5470 5391
5540 3 2 0 6 5391 5470 5471 5392
5541 3 2 0 6 5392 5471 5472 5393
5542 3 2 0 6 5393 5472 5473 5394
5543 3 2 0 6 5394 5473 5474 5395
5544 3 2 0 6 5395 5474 5475 5396
5545 3 2 0 6 5396 5475 5476 5397
5546 3 2 0 6 5397 5476 5477 5398
5547 3 2 0 6 5398 5477 5478 5399
5548 3 2 0 6 5399 5478 5479 5400
5549 3 2 0 6 5400 5479 5480 5401
5550 3 2 0 6 5401 5480 5481 5402
5551 3 2 0 6 5402 5481 5482 5403
5552 3 2 0 6 5403 5482 5483 5404
5553 3 2 0 6 5404 5483 5484 5405
5554 3 2 0 6 5405 5484 5485 5406
5555 3 2 0 6 5406 5485 5486 5407
5556 3 2 0 6 5407 5486 5487 5408
5557 3 2 0 6 5408 5487 5488 5409
5558 3 2 0 6 5409 5488 5489 5410
5559 3 2 0 6 5410 5489 5490 5411
5560 3 2 0 6 5411 5490 5491 5412
5561 3 2 0 6 5412 5491 5492 5413
5562 3 2 0 6 5413 5492 5493 5414
5563 3 2 0 6 5414 5493 5494 5415
5564 3 2 0 6 5415 5494 5495 5416
5565 3 2 0 6 5416 5495 5496 5417
5566 3 2 0 6 5417 5496 5497 5418
5567 3 2 0 6 5418 5497 5498 5419
5568 3 2 0 6 5419 5498 5499 5420
5569 3 2 0 6 5420 5499 5500 5421
5570 3 2 0 6 5421 5500 5501 5422
5571 3 2 0 6 5422 5501 5502 5423
5572 3 2 0 6 5423 5502 5503 5424
5573 3 2 0 6 5424 5503 5504 5425
5574 3 2 0 6 5425 5504 5505 5426
5575 3 2 0 6 5426 5505 5506 5427
5576 3 2 0 6 5427 5506 5507 5428
5577 3 2 0 6 5428 5507 5508 5429
5578 3 2 0 6 5429 5508 5509 5430
5579 3 2 0 6 5430 5509 5510 5431
5580 3 2 0 6 5431 5510 5511 5432
5581 3 2 0 6 5432 5511 5512 5433
5582 3 2 0 6 5433 5512 5513 5434
5583 3 2 0 6 5434 5513 5514 5435
5584 3 2 0 6 5435 5514 5515 5436
5585 3 2 0 6 5436 5515 5516 5437
5586 3 2 0 6 5437 5516 5517 5438
5587 3 2 0 6 5438 5517 5518 5439
5588 3 2 0 6 5439 5518 5519 5440
5589 3 2 0 6 5440 5519 5520 5441
5590 3 2 0 6 5441 5520 5521 5442
5591 3 2 0 6 5442 5521 5522 5443
5592 3 2 0 6 5443 5522 5523 5444
5593 3 2 0 6 5444 5523 5524 5445
5594 3 2 0 6 5445 5524 5525 5446
5595 3 2 0 6 5446 5525 5526 5447
5596 3 2 0 6 5447 5526 5527 5448
5597 3 2 0 6 5448 5527 5528 5449
5598 3 2 0 6 5449 5528 5529 5450
5599 3 2 0 6 5450 5529 5530 5451
5600 3 2 0 6 5451 5530 5531 5452
5601 3 2 0 6 5452 5531 5532 5453
5602 3 2 0 6 5453 5532 5533 5454
5603 3 2 0 6 5454 5533 5534 5455
5604 3 2 0 6 5455 5534 176 177
5605 3 2 0 6 70 71 5535 5456
5606 3 2 0 6 5456 5535 5536 5457
5607 3 2 0 6 5457 5536 5537 5458
5608 3 2 0 6 5458 5537 5538 5459
5609 3 2 0 6 5459 5538 5539 5460
5610 3 2 0 6 5460 5539 5540 5461
5611 3 2 0 6 5461 5540 5541 5462
5612 3 2 0 6 5462 5541 5542 5463
5613 3 2 0 6 5463 5542 5543 5464
5614 3 2 0 6 5464 5543 5544 5465
5615 3 2 0 6 5465 5544 5545 5466
5616 3 2 0 6 5466 5545 5546 5467
5617 3 2 0 6 5467 5546 5547 5468
5618 3 2 0 6 5468 5547 5548 5469
5619 3 2 0 6 5469 5548 5549 5470
5620 3 2 0 6 5470 5549 5550 5471
5621 3 2 0 6 5471 5550 5551 5472
5622 3 2 0 6 5472 5551 5552 5473
5623 3 2 0 6 5473 5552 5553 5474
5624 3 2 0 6 5474 5553 5554 5475
5625 3 2 0 6 5475 5554 5555 5476
5626 3 2 0 6 5476 5555 5556 5477
5627 3 2 0 6 5477 5556 5557 5478
5628 3 2 0 6 5478 5557 5558 5479
5629 3 2 0 6 5479 5558 5559 5480
5630 3 2 0 6 5480 5559 5560 5481
5631 3 2 0 6 5481 5560 5561 5482
5632 3 2 0 6 5482 5561 5562 5483
5633 3 2 0 6 5483 5562 5563 5484
5634 3 2 0 6 5484 5563 5564 5485
5635 3 2 0 6 5485 5564 5565 5486
5636 3 2 0 6 5486 5565 5566 5487
5637 3 2 0 6 5487 5566 5567 5488
5638 3 2 0 6 5488 5567 5568 5489
5639 3 2 0 6 5489 5568 5569 5490
5640 3 2 0 6 5490 5569 5570 5491
5641 3 2 0 6 5491 5570 5571 5492
5642 3 2 0 6 5492 5571 5572 5493
5643 3 2 0 6 5493 5572 5573 5494
5644 3 2 0 6 5494 5573 5574 5495
5645 3 2 0 6 5495 5574 5575 5496
5646 3 2 0 6 5496 5575 5576 5497
5647 3 2 0 6 5497 5576 5577 5498
5648 3 2 0 6 5498 5577 5578 5499
5649 3 2 0 6 5499 5578 5579 5500
5650 3 2 0 6 5500 5579 5580 5501
5651 3 2 0 6 5501 5580 5581 5502
5652 3 2 0 6 5502 5581 5582 5503
5653 3 2 0 6 5503 5582 5583 5504
5654 3 2 0 6 5504 5583 5584 5505
5655 3 2 0 6 5505 5584 5585 5506
5656 3 2 0 6 5506 5585 5586 5507
5657 3 2 0 6 5507 5586 5587 5508
5658 3 2 0 6 5508 5587 5588 5509
5659 3 2 0 6 5509 5588 5589 5510
5660 3 2 0 6 5510 5589 5590 5511
5661 3 2 0 6 5511 5590 5591 5512
5662 3 2 0 6 5512 5591 5592 5513
5663 3 2 0 6 5513 5592 5593 5514
5664 3 2 0 6 5514 5593 5594 5515
5665 3 2 0 6 5515 5594 5595 5516
5666 3 2 0 6 5516 5595 5596 5517
5667 3 2 0 6 5517 5596 5597 5518
5668 3 2 0 6 5518 5597 5598 5519
5669 3 2 0 6 5519 5598 5599 5520
5670 3 2 0 6 5520 5599 5600 5521
5671 3 2 0 6 5521 5600 5601 5522
5672 3 2 0 6 5522 5601 5602 5523
5673 3 2 0 6 5523 5602 5603 5524
5674 3 2 0 6 5524 5603 5604 5525
5675 3 2 0 6 5525 5604 5605 5526
5676 3 2 0 6 5526 5605 5606 5527
5677 3 2 0 6 5527 5606 5607 5528
5678 3 2 0 6 5528 5607 5608 5529
5679 3 2 0 6 5529 5608 5609 5530
5680 3 2 0 6 5530 5609 5610 5531
5681 3 2 0 6 5531 5610 5611 5532
5682 3 2 0 6 5532 5611 5612 5533
5683 3 2 0 6 5533 5612 5613 5534
5684 3 2 0 6 5534 5613 175 176
5685 3 2 0 6 71 72 5614 5535
5686 3 2 0 6 5535 5614 5615 5536
5687 3 2 0 6 5536 5615 5616 5537
5688 3 2 0 6 5537 5616 5617 5538
5689 3 2 0 6 5538 5617 5618 5539
5690 3 2 0 6 5539 5618 5619 5540
5691 3 2 0 6 5540 5619 5620 5541
5692 3 2 0 6 5541 5620 5621 5542
5693 3 2 0 6 5542 5621 5622 5543
5694 3 2 0 6 5543 5622 5623 5544
5695 3 2 0 6 5544 5623 5624 5545
5696 3 2 0 6 5545 5624 5625 5546
5697 3 2 0 6 5546 5625 5626 5547
5698 3 2 0 6 5547 5626 5627 5548
5699 3 2 0 6 5548 5627 5628 5549
5700 3 2 0 6 5549 5628 5629 5550
5701 3 2 0 6 5550 5629 5630 5551
5702 3 2 0 6 5551 5630 5631 5552
5703 3 2 0 6 5552 5631 5632 5553
5704 3 2 0 6 5553 5632 5633 5554
5705 3 2 0 6 5554 5633 5634 5555
5706 3 2 0 6 5555 5634 5635 5556
5707 3 2 0 6 5556 5635 5636 5557
5708 3 2 0 6 5557 5636 5637 5558
5709 3 2 0 6 5558 5637 5638 5559
5710 3 2 0 6 5559 5638 5639 5560
5711 3 2 0 6 5560 5639 5640 5561
5712 3 2 0 6 5561 5640 5641 5562
5713 3 2 0 6 5562 5641 5642 5563
5714 3 2 0 6 5563 5642 5643 5564
5715 3 2 0 6 5564 5643 5644 5565
5716 3 2 0 6 5565 5644 5645 5566
5717 3 2 0 6 5566 5645 5646 5567
5718 3 2 0 6 5567 5646 5647 5568
5719 3 2 0 6 5568 5647 5648 5569
5720 3 2 0 6 5569 5648 5649 5570
5721 3 2 0 6 5570 5649 5650 5571
5722 3 2 0 6 5571 5650 5651 5572
5723 3 2 0 6 5572 5651 5652 5573
5724 3 2 0 6 5573 5652 5653 5574
5725 3 2 0 6 5574 5653 5654 5575
5726 3 2 0 6 5575 5654 5655 5576
5727 3 2 0 6 5576 5655 5656 5577
5728 3 2 0 6 5577 5656 5657 5578
5729 3 2 0 6 5578 5657 5658 5579
5730 3 2 0 6 5579 5658 5659 5580
5731 3 2 0 6 5580 5659 5660 5581
5732 3 2 0 6 5581 5660 5661 5582
5733 3 2 0 6 5582 5661 5662 5583
5734 3 2 0 6 5583 5662 5663 5584
5735 3 2 0 6 5584 5663 5664 5585
5736 3 2 0 6 5585 5664 5665 5586
5737 3 2 0 6 5586 5665 5666 5587
5738 3 2 0 6 5587 5666 5667 5588
5739 3 2 0 6 5588 5667 5668 5589
5740 3 2 0 6 5589 5668 5669 5590
5741 3 2 0 6 5590 5669 5670 5591
5742 3 2 0 6 5591 5670 5671 5592
5743 3 2 0 6 5592 5671 5672 5593
5744 3 2 0 6 5593 5672 5673 5594
5745 3 2 0 6 5594 5673 5674 5595
5746 3 2 0 6 5595 5674 5675 5596
5747 3 2 0 6 5596 5675 5676 5597
5748 3 2 0 6 5597 5676 5677 5598
5749 3 2 0 6 5598 5677 5678 5599
5750 3 2 0 6 5599 5678 5679 5600
5751 3 2 0 6 5600 5679 5680 5601
5752 3 2 0 6 5601 5680 5681 5602
5753 3 2 0 6 5602 5681 5682 5603
5754 3 2 0 6 5603 5682 5683 5604
5755 3 2 0 6 5604 5683 5684 5605
5756 3 2 0 6 5605 5684 5685 5606
5757 3 2 0 6 5606 5685 5686 5607
5758 3 2 0 6 5607 5686 5687 5608
5759 3 2 0 6 5608 5687 5688 5609
5760 3 2 0 6 5609 5688 5689 5610
5761 3 2 0 6 5610 5689 5690 5611
5762 3 2 0 6 5611 5690 5691 5612
5763 3 2 0 6 5612 5691 5692 5613
5764 3 2 0 6 5613 5692 174 175
5765 3 2 0 6 72 73 5693 5614
5766 3 2 0 6 5614 5693 5694 5615
5767 3 2 0 6 5615 5694 5695 5616
5768 3 2 0 6 5616 5695 5696 5617
5769 3 2 0 6 5617 5696 5697 5618
5770 3 2 0 6 5618 5697 5698 5619
5771 3 2 0 6 5619 5698 5699 5620
5772 3 2 0 6 5620 5699 5700 5621
5773 3 2 0 6 5621 5700 5701 5622
5774 3 2 0 6 5622 5701 5702 5623
5775 3 2 0 6 5623 5702 5703 5624
5776 3 2 0 6 5624 5703 5704 5625
5777 3 2 0 6 5625 5704 5705 5626
5778 3 2 0 6 5626 5705 5706 5627
5779 3 2 0 6 5627 5706 5707 5628
5780 3 2 0 6 5628 5707 5708 5629
5781 3 2 0 6 5629 5708 5709 5630
5782 3 2 0 6 5630 5709 5710 5631
5783 3 2 0 6 5631 5710 5711 5632
5784 3 2 0 6 5632 5711 5712 5633
5785 3 2 0 6 5633 5712 5713 5634
5786 3 2 0 6 5634 5713 5714 5635
5787 3 2 0 6 5635 5714 5715 5636
5788 3 2 0 6 5636 5715 5716 5637
5789 3 2 0 6 5637 5716 5717 5638
5790 3 2 0 6 5638 5717 5718 5639
5791 3 2 0 6 5639 5718 5719 5640
5792 3 2 0 6 5640 5719 5720 5641
5793 3 2 0 6 5641 5720 5721 5642
5794 3 2 0 6 5642 5721 5722 5643
5795 3 2 0 6 5643 5722 5723 5644
5796 3 2 0 6 5644 5723 5724 5645
5797 3 2 0 6 5645 5724 5725 5646
5798 3 2 0 6 5646 5725 5726 5647
5799 3 2 0 6 5647 5726 5727 5648
5800 3 2 0 6 5648 5727 5728 5649
5801 3 2 0 6 5649 5728 5729 5650
5802 3 2 0 6 5650 5729 5730 5651
5803 3 2 0 6 5651 5730 5731 5652
5804 3 2 0 6 5652 5731 5732 5653
5805 3 2 0 6 5653 5732 5733 5654
5806 3 2 0 6 5654 5733 5734 5655
5807 3 2 0 6 5655 5734 5735 5656
5808 3 2 0 6 5656 5735 5736 5657
5809 3 2 0 6 5657 5736 5737 5658
5810 3 2 0 6 5658 5737 5738 5659
5811 3 2 0 6 5659 5738 5739 5660
5812 3 2 0 6 5660 5739 5740 5661
5813 3 2 0 6 5661 5740 5741 5662
5814 3 2 0 6 5662 5741 5742 5663
5815 3 2 0 6 5663 5742 5743 5664
5816 3 2 0 6 5664 5743 5744 5665
5817 3 2 0 6 5665 5744 5745 5666
5818 3 2 0 6 5666 5745 5746 5667
5819 3 2 0 6 5667 5746 5747 5668
5820 3 2 0 6 5668 5747 5748 5669
5821 3 2 0 6 5669 5748 5749 5670
5822 3 2 0 6 5670 5749 5750 5671
5823 3 2 0 6 5671 5750 5751 5672
5824 3 2 0 6 5672 5751 5752 5673
5825 3 2 0 6 5673 5752 5753 5674
5826 3 2 0 6 5674 5753 5754 5675
5827 3 2 0 6 5675 5754 5755 5676
5828 3 2 0 6 5676 5755 5756 5677
5829 3 2 0 6 5677 5756 5757 5678
5830 3 2 0 6 5678 5757 5758 5679
5831 3 2 0 6 5679 5758 5759 5680
5832 3 2 0 6 5680 5759 5760 5681
5833 3 2 0 6 5681 5760 5761 5682
5834 3 2 0 6 5682 5761 5762 5683
5835 3 2 0 6 5683 5762 5763 5684
5836 3 2 0 6 5684 5763 5764 5685
5837 3 2 0 6 5685 5764 5765 5686
5838 3 2 0 6 5686 5765 5766 5687
5839 3 2 0 6 5687 5766 5767 5688
5840 3 2 0 6 5688 5767 5768 5689
5841 3 2 0 6 5689 5768 5769 5690
5842 3 2 0 6 5690 5769 5770 5691
5843 3 2 0 6 5691 5770 5771 5692
5844 3 2 0 6 5692 5771 173 174
5845 3 2 0 6 73 74 5772 5693
5846 3 2 0 6 5693 5772 5773 5694
5847 3 2 0 6 5694 5773 5774 5695
5848 3 2 0 6 5695 5774 5775 5696
5849 3 2 0 6 5696 5775 5776 5697
5850 3 2 0 6 5697 5776 5777 5698
5851 3 2 0 6 5698 5777 5778 5699
5852 3 2 0 6 5699 5778 5779 5700
5853 3 2 0 6 5700 5779 5780 5701
5854 3 2 0 6 5701 5780 5781 5702
5855 3 2 0 6 5702 5781 5782 5703
5856 3 2 0 6 5703 5782 5783 5704
5857 3 2 0 6 5704 5783 5784 5705
5858 3 2 0 6 5705 5784 5785 5706
5859 3 2 0 6 5706 5785 5786 5707
5860 3 2 0 6 5707 5786 5787 5708
5861 3 2 0 6 5708 5787 5788 5709
5862 3 2 0 6 5709 5788 5789 5710
5863 3 2 0 6 5710 5789 5790 5711
5864 3 2 0 6 5711 5790 5791 5712
5865 3 2 0 6 5712 5791 5792 5713
5866 3 2 0 6 5713 5792 5793 5714
5867 3 2 0 6 5714 5793 5794 5715
5868 3 2 0 6 5715 5794 5795 5716
5869 3 2 0 6 5716 5795 5796 5717
5870 3 2 0 6 5717 5796 5797 5718
5871 3 2 0 6 5718 5797 5798 5719
5872 3 2 0 6 5719 5798 5799 5720
5873 3 2 0 6 5720 5799 5800 5721
5874 3 2 0 6 5721 5800 5801 5722
5875 3 2 0 6 5722 5801 5802 5723
5876 3 2 0 6 5723 5802 5803 5724
5877 3 2 0 6 5724 5803 5804 5725
5878 3 2 0 6 5725 5804 5805 5726
5879 3 2 0 6 5726 5805 5806 5727
5880 3 2 0 6 5727 5806 5807 5728
5881 3 2 0 6 5728 5807 5808 5729
5882 3 2 0 6 5729 5808 5809 5730
5883 3 2 0 6 5730 5809 5810 5731
5884 3 2 0 6 5731 5810 5811 5732
5885 3 2 0 6 5732 5811 5812 5733
5886 3 2 0 6 5733 5812 5813 5734
5887 3 2 0 6 5734 5813 5814 5735
5888 3 2 0 6 5735 5814 5815 5736
5889 3 2 0 6 5736 5815 5816 5737
5890 3 2 0 6 5737 5816 5817 5738
5891 3 2 0 6 5738 5817 5818 5739
5892 3 2 0 6 5739 5818 5819 5740
5893 3 2 0 6 5740 5819 5820 5741
5894 3 2 0 6 5741 5820 5821 5742
5895 3 2 0 6 5742 5821 5822 5743
5896 3 2 0 6 5743 5822 5823 5744
5897 3 2 0 6 5744 5823 5824 5745
5898 3 2 0 6 5745 5824 5825 5746
5899 3 2 0 6 5746 5825 5826 5747
5900 3 2 0 6 5747 5826 5827 5748
5901 3 2 0 6 5748 5827 5828 5749
5902 3 2 0 6 5749 5828 5829 5750
5903 3 2 0 6 5750 5829 5830 5751
5904 3 2 0 6 5751 5830 5831 5752
5905 3 2 0 6 5752 5831 5832 5753
5906 3 2 0 6 5753 5832 5833 5754
5907 3 2 0 6 5754 5833 5834 5755
5908 3 2 0 6 5755 5834 5835 5756
5909 3 2 0 6 5756 5835 5836 5757
5910 3 2 0 6 5757 5836 5837 5758
5911 3 2 0 6 5758 5837 5838 5759
5912 3 2 0 6 5759 5838 5839 5760
5913 3 2 0 6 5760 5839 5840 5761
5914 3 2 0 6 5761 5840 5841 5762
5915 3 2 0 6 5762 5841 5842 5763
5916 3 2 0 6 5763 5842 5843 5764
5917 3 2 0 6 5764 5843 5844 5765
5918 3 2 0 6 5765 5844 5845 5766
5919 3 2 0 6 5766 5845 5846 5767
5920 3 2 0 6 5767 5846 5847 5768
5921 3 2 0 6 5768 5847 5848 5769
5922 3 2 0 6 5769 5848 5849 5770
5923 3 2 0 6 5770 5849 5850 5771
5924 3 2 0 6 5771 5850 172 173
5925 3 2 0 6 74 75 5851 5772
5926 3 2 0 6 5772 5851 5852 5773
5927 3 2 0 6 5773 5852 5853 5774
5928 3 2 0 6 5774 5853 5854 5775
5929 3 2 0 6 5775 5854 5855 5776
5930 3 2 0 6 5776 5855 5856 5777
5931 3 2 0 6 5777 5856 5857 5778
5932 3 2 0 6 5778 5857 5858 5779
5933 3 2 0 6 5779 5858 5859 5780
5934 3 2 0 6 5780 5859 5860 5781
5935 3 2 0 6 5781 5860 5861 5782
5936 3 2 0 6 5782 5861 5862 5783
5937 3 2 0 6 5783 5862 5863 5784
5938 3 2 0 6 5784 5863 5864 5785
5939 3 2 0 6 5785 5864 5865 5786
5940 3 2 0 6 5786 5865 5866 5787
5941 3 2 0 6 5787 5866 5867 5788
5942 3 2 0 6 5788 5867 5868 5789
5943 3 2 0 6 5789 5868 5869 5790
5944 3 2 0 6 5790 5869 5870 5791
5945 3 2 0 6 5791 5870 5871 5792
5946 3 2 0 6 5792 5871 5872 5793
5947 3 2 0 6 5793 5872 5873 5794
5948 3 2 0 6 5794 5873 5874 5795
5949 3 2 0 6 5795 5874 5875 5796
5950 3 2 0 6 5796 5875 5876 5797
5951 3 2 0 6 5797 5876 5877 5798
5952 3 2 0 6 5798 5877 5878 5799
5953 3 2 0 6 5799 5878 5879 5800
5954 3 2 0 6 5800 5879 5880 5801
5955 3 2 0 6 5801 5880 5881 5802
5956 3 2 0 6 5802 5881 5882 5803
5957 3 2 0 6 5803 5882 5883 5804
5958 3 2 0 6 5804 5883 5884 5805
5959 3 2 0 6 5805 5884 5885 5806
5960 3 2 0 6 5806 5885 5886 5807
5961 3 2 0 6 5807 5886 5887 5808
5962 3 2 0 6 5808 5887 5888 5809
5963 3 2 0 6 5809 5888 5889 5810
5964 3 2 0 6 5810 5889 5890 5811
5965 3 2 0 6 5811 5890 5891 5812
5966 3 2 0 6 5812 5891 5892 5813
5967 3 2 0 6 5813 5892 5893 5814
5968 3 2 0 6 5814 5893 5894 5815
5969 3 2 0 6 5815 5894 5895 5816
5970 3 2 0 6 5816 5895 5896 5817
5971 3 2 0 6 5817 5896 5897 5818
5972 3 2 0 6 5818 5897 5898 5819
5973 3 2 0 6 5819 5898 5899 5820
5974 3 2 0 6 5820 5899 5900 5821
5975 3 2 0 6 5821 5900 5901 5822
5976 3 2 0 6 5822 5901 5902 5823
5977 3 2 0 6 5823 5902 5903 5824
5978 3 2 0 6 5824 5903 5904 5825
5979 3 2 0 6 5825 5904 5905 5826
5980 3 2 0 6 5826 5905 5906 5827
5981 3 2 0 6 5827 5906 5907 5828
5982 3 2 0 6 5828 5907 5908 5829
5983 3 2 0 6 5829 5908 5909 5830
5984 3 2 0 6 5830 5909 5910 5831
5985 3 2 0 6 5831 5910 5911 5832
5986 3 2 0 6 5832 5911 5912 5833
5987 3 2 0 6 5833 5912 5913 5834
5988 3 2 0 6 5834 5913 5914 5835
5989 3 2 0 6 5835 5914 5915 5836
5990 3 2 0 6 5836 5915 5916 5837
5991 3 2 0 6 5837 5916 5917 5838
5992 3 2 0 6 5838 5917 5918 5839
5993 3 2 0 6 5839 5918 5919 5840
5994 3 2 0 6 5840 5919 5920 5841
5995 3 2 0 6 5841 5920 5921 5842
5996 3 2 0 6 5842 5921 5922 5843
5997 3 2 0 6 5843 5922 5923 5844
5998 3 2 0 6 5844 5923 5924 5845
5999 3 2 0 6 5845 5924 5925 5846
6000 3 2 0 6 5846 5925 5926 5847
6001 3 2 0 6 5847 5926 5927 5848
6002 3 2 0 6 5848 5927 5928 5849
6003 3 2 0 6 5849 5928 5929 5850
6004 3 2 0 6 5850 5929 171 172
6005 3 2 0 6 75 76 5930 5851
6006 3 2 0 6 5851 5930 5931 5852
6007 3 2 0 6 5852 5931 5932 5853
6008 3 2 0 6 5853 5932 5933 5854
6009 3 2 0 6 5854 5933 5934 5855
6010 3 2 0 6 5855 5934 5935 5856
6011 3 2 0 6 5856 5935 5936 5857
6012 3 2 0 6 5857 5936 5937 5858
6013 3 2 0 6 5858 5937 5938 5859
6014 3 2 0 6 5859 5938 5939 5860
6015 3 2 0 6 5860 5939 5940 5861
6016 3 2 0 6 5861 5940 5941 5862
6017 3 2 0 6 5862 5941 5942 5863
6018 3 2 0 6 5863 5942 5943 5864
6019 3 2 0 6 5864 5943 5944 5865
6020 3 2 0 6 5865 5944 5945 5866
6021 3 2 0 6 5866 5945 5946 5867
6022 3 2 0 6 5867 5946 5947 5868
6023 3 2 0 6 5868 5947 5948 5869
6024 3 2 0 6 5869 5948 5949 5870
6025 3 2 0 6 5870 5949 5950 5871
6026 3 2 0 6 5871 5950 5951 5872
6027 3 2 0 6 5872 5951 5952 5873
6028 3 2 0 6 5873 5952 5953 5874
6029 3 2 0 6 5874 5953 5954 5875
6030 3 2 0 6 5875 5954 5955 5876
6031 3 2 0 6 5876 5955 5956 5877
6032 3 2 0 6 5877 5956 5957 5878
6033 3 2 0 6 5878 5957 5958 5879
6034 3 2 0 6 5879 5958 5959 5880
6035 3 2 0 6 5880 5959 5960 5881
6036 3 2 0 6 5881 5960 5961 5882
6037 3 2 0 6 5882 5961 5962 5883
6038 3 2 0 6 5883 5962 5963 5884
6039 3 2 0 6 5884 5963 5964 5885
6040 3 2 0 6 5885 5964 5965 5886
6041 3 2 0 6 5886 5965 5966 5887
6042 3 2 0 6 5887 5966 5967 5888
6043 3 2 0 6 5888 5967 5968 5889
6044 3 2 0 6 5889 5968 5969 5890
6045 3 2 0 6 5890 5969 5970 5891
6046 3 2 0 6 5891 5970 5971 5892
6047 3 2 0 6 5892 5971 5972 5893
6048 3 2 0 6 5893 5972 5973 5894
6049 3 2 0 6 5894 5973 5974 5895
6050 3 2 0 6 5895 5974 5975 5896
6051 3 2 0 6 5896 5975 5976 5897
6052 3 2 0 6 5897 5976 5977 5898
6053 3 2 0 6 5898 5977 5978 5899
6054 3 2 0 6 5899 5978 5979 5900
6055 3 2 0 6 5900 5979 5980 5901
6056 3 2 0 6 5901 5980 5981 5902
6057 3 2 0 6 5902 5981 5982 5903
6058 3 2 0 6 5903 5982 5983 5904
6059 3 2 0 6 5904 5983 5984 5905
6060 3 2 0 6 5905 5984 5985 5906
6061 3 2 0 6 5906 5985 5986 5907
6062 3 2 0 6 5907 5986 5987 5908
6063 3 2 0 6 5908 5987 5988 5909
6064 3 2 0 6 5909 5988 5989 5910
6065 3 2 0 6 5910 5989 5990 5911
6066 3 2 0 6 5911 5990 5991 5912
6067 3 2 0 6 5912 5991 5992 5913
6068 3 2 0 6 5913 5992 5993 5914
6069 3 2 0 6 5914 5993 5994 5915
6070 3 2 0 6 5915 5994 5995 5916
6071 3 2 0 6 5916 5995 5996 5917
6072 3 2 0 6 5917 5996 5997 5918
6073 3 2 0 6 5918 5997 5998 5919
6074 3 2 0 6 5919 5998 5999 5920
6075 3 2 0 6 5920 5999 6000 5921
6076 3 2 0 6 5921 6000 6001 5922
6077 3 2 0 6 5922 6001 6002 5923
6078 3 2 0 6 5923 6002 6003 5924
6079 3 2 0 6 5924 6003 6004 5925
6080 3 2 0 6 5925 6004 6005 5926
6081 3 2 0 6 5926 6005 6006 5927
6082 3 2 0 6 5927 6006 6007 5928
6083 3 2 0 6 5928 6007 6008 5929
6084 3 2 0 6 5929 6008 170 171
6085 3 2 0 6 76 77 6009 5930
6086 3 2 0 6 5930 6009 6010 5931
6087 3 2 0 6 5931 6010 6011 5932
6088 3 2 0 6 5932 6011 6012 5933
6089 3 2 0 6 5933 6012 6013 5934
6090 3 2 0 6 5934 6013 6014 5935
6091 3 2 0 6 5935 6014 6015 5936
6092 3 2 0 6 5936 6015 6016 5937
6093 3 2 0 6 5937 6016 6017 5938
6094 3 2 0 6 5938 6017 6018 5939
6095 3 2 0 6 5939 6018 6019 5940
6096 3 2 0 6 5940 6019 6020 5941
6097 3 2 0 6 5941 6020 6021 5942
6098 3 2 0 6 5942 6021 6022 5943
6099 3 2 0 6 5943 6022 6023 5944
6100 3 2 0 6 5944 6023 6024 5945
6101 3 2 0 6 5945 6024 6025 5946
6102 3 2 0 6 5946 6025 6026 5947
6103 3 2 0 6 5947 6026 6027 5948
6104 3 2 0 6 5948 6027 6028 5949
6105 3 2 0 6 5949 6028 6029 5950
6106 3 2 0 6 5950 6029 6030 5951
6107 3 2 0 6 5951 6030 6031 5952
6108 3 2 0 6 5952 6031 6032 5953
6109 3 2 0 6 5953 6032 6033 5954
6110 3 2 0 6 5954 6033 6034 5955
6111 3 2 0 6 5955 6034 6035 5956
6112 3 2 0 6 5956 6035 6036 5957
6113 3 2 0 6 5957 6036 6037 5958
6114 3 2 0 6 5958 6037 6038 5959
6115 3 2 0 6 5959 6038 6039 5960
6116 3 2 0 6 5960 6039 6040 5961
6117 3 2 0 6 5961 6040 6041 5962
6118 3 2 0 6 5962 6041 6042 5963
6119 3 2 0 6 5963 6042 6043 5964
6120 3 2 0 6 5964 6043 6044 5965
6121 3 2 0 6 5965 6044 6045 5966
6122 3 2 0 6 5966 6045 6046 5967
6123 3 2 0 6 5967 6046 6047 5968
6124 3 2 0 6 5968 6047 6048 5969
6125 3 2 0 6 5969 6048 6049 5970
6126 3 2 0 6 5970 6049 6050 5971
6127 3 2 0 6 5971 6050 6051 5972
6128 3 2 0 6 5972 6051 6052 5973
6129 3 2 0 6 5973 6052 6053 5974
6130 3 2 0 6 5974 6053 6054 5975
6131 3 2 0 6 5975 6054 6055 5976
6132 3 2 0 6 5976 6055 6056 5977
6133 3 2 0 6 5977 6056 6057 5978
6134 3 2 0 6 5978 6057 6058 5979
6135 3 2 0 6 5979 6058 6059 5980
6136 3 2 0 6 5980 6059 6060 5981
6137 3 2 0 6 5981 6060 6061 5982
6138 3 2 0 6 5982 6061 6062 5983
6139 3 2 0 6 5983 6062 6063 5984
6140 3 2 0 6 5984 6063 6064 5985
6141 3 2 0 6 5985 6064 6065 5986
6142 3 2 0 6 5986 6065 6066 5987
6143 3 2 0 6 5987 6066 6067 5988
6144 3 2 0 6 5988 6067 6068 5989
6145 3 2 0 6 5989 6068 6069 5990
6146 3 2 0 6 5990 6069 6070 5991
6147 3 2 0 6 5991 6070 6071 5992
6148 3 2 0 6 5992 6071 6072 5993
6149 3 2 0 6 5993 6072 6073 5994
6150 3 2 0 6 5994 6073 6074 5995
6151 3 2 0 6 5995 6074 6075 5996
6152 3 2 0 6 5996 6075 6076 5997
6153 3 2 0 6 5997 6076 6077 5998
6154 3 2 0 6 5998 6077 6078 5999
6155 3 2 0 6 5999 6078 6079 6000
6156 3 2 0 6 6000 6079 6080 6001
6157 3 2 0 6 6001 6080 6081 6002
6158 3 2 0 6 6002 6081 6082 6003
6159 3 2 0 6 6003 6082 6083 6004
6160 3 2 0 6 6004 6083 6084 6005
6161 3 2 0 6 6005 6084 6085 6006
6162 3 2 0 6 6006 6085 6086 6007
6163 3 2 0 6 6007 6086 6087 6008
6164 3 2 0 6 6008 6087 169 170
6165 3 2 0 6 77 78 6088 6009
6166 3 2 0 6 6009 6088 6089 6010
6167 3 2 0 6 6010 6089 6090 6011
6168 3 2 0 6 6011 6090 6091 6012
6169 3 2 0 6 6012 6091 6092 6013
6170 3 2 0 6 6013 6092 6093 6014
6171 3 2 0 6 6014 6093 6094 6015
6172 3 2 0 6 6015 6094 6095 6016
6173 3 2 0 6 6016 6095 6096 6017
6174 3 2 0 6 6017 6096 6097 6018
6175 3 2 0 6 6018 6097 6098 6019
6176 3 2 0 6 6019 6098 6099 6020
6177 3 2 0 6 6020 6099 6100 6021
6178 3 2 0 6 6021 6100 6101 6022
6179 3 2 0 6 6022 6101 6102 6023
6180 3 2 0 6 6023 6102 6103 6024
6181 3 2 0 6 6024 6103 6104 6025
6182 3 2 0 6 6025 6104 6105 6026
6183 3 2 0 6 6026 6105 6106 6027
6184 3 2 0 6 6027 6106 6107 6028
6185 3 2 0 6 6028 6107 6108 6029
6186 3 2 0 6 6029 6108 6109 6030
6187 3 2 0 6 6030 6109 6110 6031
6188 3 2 0 6 6031 6110 6111 6032
6189 3 2 0 6 6032 6111 6112 6033
6190 3 2 0 6 6033 6112 6113 6034
6191 3 2 0 6 6034 6113 6114 6035
6192 3 2 0 6 6035 6114 6115 6036
6193 3 2 0 6 6036 6115 6116 6037
6194 3 2 0 6 6037 6116 6117 6038
6195 3 2 0 6 6038 6117 6118 6039
6196 3 2 0 6 6039 6118 6119 6040
6197 3 2 0 6 6040 6119 6120 6041
6198 3 2 0 6 6041 6120 6121 6042
6199 3 2 0 6 6042 6121 6122 6043
6200 3 2 0 6 6043 6122 6123 6044
6201 3 2 0 6 6044 6123 6124 6045
6202 3 2 0 6 6045 6124 6125 6046
6203 3 2 0 6 6046 6125 6126 6047
6204 3 2 0 6 6047 6126 6127 6048
6205 3 2 0 6 6048 6127 6128 6049
6206 3 2 0 6 6049 6128 6129 6050
6207 3 2 0 6 6050 6129 6130 6051
6208 3 2 0 6 6051 6130 6131 6052
6209 3 2 0 6 6052 6131 6132 6053
6210 3 2 0 6 6053 6132 6133 6054
6211 3 2 0 6 6054 6133 6134 6055
6212 3 2 0 6 6055 6134 6135 6056
6213 3 2 0 6 6056 6135 6136 6057
6214 3 2 0 6 6057 6136 6137 6058
6215 3 2 0 6 6058 6137 6138 6059
6216 3 2 0 6 6059 6138 6139 6060
6217 3 2 0 6 6060 6139 6140 6061
6218 3 2 0 6 6061 6140 6141 6062
6219 3 2 0 6 6062 6141 6142 6063
6220 3 2 0 6 6063 6142 6143 6064
6221 3 2 0 6 6064 6143 6144 6065
6222 3 2 0 6 6065 6144 6145 6066
6223 3 2 0 6 6066 6145 6146 6067
6224 3 2 0 6 6067 6146 6147 6068
6225 3 2 0 6 6068 6147 6148 6069
6226 3 2 0 6 6069 6148 6149 6070
6227 3 2 0 6 6070 6149 6150 6071
6228 3 2 0 6 6071 6150 6151 6072
6229 3 2 0 6 6072 6151 6152 6073
6230 3 2 0 6 6073 6152 6153 6074
6231 3 2 0 6 6074 6153 6154 6075
6232 3 2 0 6 6075 6154 6155 6076
6233 3 2 0 6 6076 6155 6156 6077
6234 3 2 0 6 6077 6156 6157 6078
6235 3 2 0 6 6078 6157 6158 6079
6236 3 2 0 6 6079 6158 6159 6080
6237 3 2 0 6 6080 6159 6160 6081
6238 3 2 0 6 6081 6160 6161 6082
6239 3 2 0 6 6082 6161 6162 6083
6240 3 2 0 6 6083 6162 6163 6084
6241 3 2 0 6 6084 6163 6164 6085
6242 3 2 0 6 6085 6164 6165 6086
6243 3 2 0 6 6086 6165 6166 6087
6244 3 2 0 6 6087 6166 168 169
6245 3 2 0 6 78 79 6167 6088
6246 3 2 0 6 6088 6167 6168 6089
6247 3 2 0 6 6089 6168 6169 6090
6248 3 2 0 6 6090 6169 6170 6091
6249 3 2 0 6 6091 6170 6171 6092
6250 3 2 0 6 6092 6171 6172 6093
6251 3 2 0 6 6093 6172 6173 6094
6252 3 2 0 6 6094 6173 6174 6095
6253 3 2 0 6 6095 6174 6175 6096
6254 3 2 0 6 6096 6175 6176 6097
6255 3 2 0 6 6097 6176 6177 6098
6256 3 2 0 6 6098 6177 6178 6099
6257 3 2 0 6 6099 6178 6179 6100
6258 3 2 0 6 6100 6179 6180 6101
6259 3 2 0 6 6101 6180 6181 6102
6260 3 2 0 6 6102 6181 6182 6103
6261 3 2 0 6 6103 6182 6183 6104
6262 3 2 0 6 6104 6183 6184 6105
6263 3 2 0 6 6105 6184 6185 6106
6264 3 2 0 6 6106 6185 6186 6107
6265 3 2 0 6 6107 6186 6187 6108
6266 3 2 0 6 6108 6187 6188 6109
6267 3 2 0 6 6109 6188 6189 6110
6268 3 2 0 6 6110 6189 6190 6111
6269 3 2 0 6 6111 6190 6191 6112
6270 3 2 0 6 6112 6191 6192 6113
6271 3 2 0 6 6113 6192 6193 6114
6272 3 2 0 6 6114 6193 6194 6115
6273 3 2 0 6 6115 6194 6195 6116
6274 3 2 0 6 6116 6195 6196 6117
6275 3 2 0 6 6117 6196 6197 6118
6276 3 2 0 6 6118 6197 6198 6119
6277 3 2 0 6 6119 6198 6199 6120
6278 3 2 0 6 6120 6199 6200 6121
6279 3 2 0 6 6121 6200 6201 6122
6280 3 2 0 6 6122 6201 6202 6123
6281 3 2 0 6 6123 6202 6203 6124
6282 3 2 0 6 6124 6203 6204 6125
6283 3 2 0 6 6125 6204 6205 6126
6284 3 2 0 6 6126 6205 6206 6127
6285 3 2 0 6 6127 6206 6207 6128
6286 3 2 0 6 6128 6207 6208 6129
6287 3 2 0 6 6129 6208 6209 6130
6288 3 2 0 6 6130 6209 6210 6131
6289 3 2 0 6 6131 6210 6211 6132
6290 3 2 0 6 6132 6211 6212 6133
6291 3 2 0 6 6133 6212 6213 6134
6292 3 2 0 6 6134 6213 6214 6135
6293 3 2 0 6 6135 6214 6215 6136
6294 3 2 0 6 6136 6215 6216 6137
6295 3 2 0 6 6137 6216 6217 6138
6296 3 2 0 6 6138 6217 6218 6139
6297 3 2 0 6 6139 6218 6219 6140
6298 3 2 0 6 6140 6219 6220 6141
6299 3 2 0 6 6141 6220 6221 6142
6300 3 2 0 6 6142 6221 6222 6143
6301 3 2 0 6 6143 6222 6223 6144
6302 3 2 0 6 6144 6223 6224 6145
6303 3 2 0 6 6145 6224 6225 6146
6304 3 2 0 6 6146 6225 6226 6147
6305 3 2 0 6 6147 6226 6227 6148
6306 3 2 0 6 6148 6227 6228 6149
6307 3 2 0 6 6149 6228 6229 6150
6308 3 2 0 6 6150 6229 6230 6151
6309 3 2 0 6 6151 6230 6231 6152
6310 3 2 0 6 6152 6231 6232 6153
6311 3 2 0 6 6153 6232 6233 6154
6312 3 2 0 6 6154 6233 6234 6155
6313 3 2 0 6 6155 6234 6235 6156
6314 3 2 0 6 6156 6235 6236 6157
6315 3 2 0 6 6157 6236 6237 6158
6316 3 2 0 6 6158 6237 6238 6159
6317 3 2 0 6 6159 6238 6239 6160
6318 3 2 0 6 6160 6239 6240 6161
6319 3 2 0 6 6161 6240 6241 6162
6320 3 2 0 6 6162 6241 6242 6163
6321 3 2 0 6 6163 6242 6243 6164
6322 3 2 0 6 6164 6243 6244 6165
6323 3 2 0 6 6165 6244 6245 6166
6324 3 2 0 6 6166 6245 167 168
6325 3 2 0 6 79 80 6246 6167
6326 3 2 0 6 6167 6246 6247 6168
6327 3 2 0 6 6168 6247 6248 6169
6328 3 2 0 6 6169 6248 6249 6170
6329 3 2 0 6 6170 6249 6250 6171
6330 3 2 0 6 6171 6250 6251 6172
6331 3 2 0 6 6172 6251 6252 6173
6332 3 2 0 6 6173 6252 6253 6174
6333 3 2 0 6 6174 6253 6254 6175
6334 3 2 0 6 6175 6254 6255 6176
6335 3 2 0 6 6176 6255 6256 6177
6336 3 2 0 6 6177 6256 6257 6178
6337 3 2 0 6 6178 6257 6258 6179
6338 3 2 0 6 6179 6258 6259 6180
6339 3 2 0 6 6180 6259 6260 6181
6340 3 2 0 6 6181 6260 6261 6182
6341 3 2 0 6 6182 6261 6262 6183
6342 3 2 0 6 6183 6262 6263 6184
6343 3 2 0 6 6184 6263 6264 6185
6344 3 2 0 6 6185 6264 6265 6186
6345 3 2 0 6 6186 6265 6266 6187
6346 3 2 0 6 6187 6266 6267 6188
6347 3 2 0 6 6188 6267 6268 6189
6348 3 2 0 6 6189 6268 6269 6190
6349 3 2 0 6 6190 6269 6270 6191
6350 3 2 0 6 6191 6270 6271 6192
6351 3 2 0 6 6192 6271 6272 6193
6352 3 2 0 6 6193 6272 6273 6194
6353 3 2 0 6 6194 6273 6274 6195
6354 3 2 0 6 6195 6274 6275 6196
6355 3 2 0 6 6196 6275 6276 6197
6356 3 2 0 6 6197 6276 6277 6198
6357 3 2 0 6 6198 6277 6278 6199
6358 3 2 0 6 6199 6278 6279 6200
6359 3 2 0 6 6200 6279 6280 6201
6360 3 2 0 6 6201 6280 6281 6202
6361 3 2 0 6 6202 6281 6282 6203
6362 3 2 0 6 6203 6282 6283 6204
6363 3 2 0 6 6204 6283 6284 6205
6364 3 2 0 6 6205 6284 6285 6206
6365 3 2 0 6 6206 6285 6286 6207
6366 3 2 0 6 6207 6286 6287 6208
6367 3 2 0 6 6208 6287 6288 6209
6368 3 2 0 6 6209 6288 6289 6210
6369 3 2 0 6 6210 6289 6290 6211
6370 3 2 0 6 6211 6290 6291 6212
6371 3 2 0 6 6212 6291 6292 6213
6372 3 2 0 6 6213 6292 6293 6214
6373 3 2 0 6 6214 6293 6294 6215
6374 3 2 0 6 6215 6294 6295 6216
6375 3 2 0 6 6216 6295 6296 6217
6376 3 2 0 6 6217 6296 6297 6218
6377 3 2 0 6 6218 6297 6298 6219
6378 3 2 0 6 6219 6298 6299 6220
6379 3 2 0 6 6220 6299 6300 6221
6380 3 2 0 6 6221 6300 6301 6222
6381 3 2 0 6 6222 6301 6302 6223
6382 3 2 0 6 6223 6302 6303 6224
6383 3 2 0 6 6224 6303 6304 6225
6384 3 2 0 6 6225 6304 6305 6226
6385 3 2 0 6 6226 6305 6306 6227
6386 3 2 0 6 6227 6306 6307 6228
6387 3 2 0 6 6228 6307 6308 6229
6388 3 2 0 6 6229 6308 6309 6230
6389 3 2 0 6 6230 6309 6310 6231
6390 3 2 0 6 6231 6310 6311 6232
6391 3 2 0 6 6232 6311 6312 6233
6392 3 2 0 6 6233 6312 6313 6234
6393 3 2 0 6 6234 6313 6314 6235
6394 3 2 0 6 6235 6314 6315 6236
6395 3 2 0 6 6236 6315 6316 6237
6396 3 2 0 6 6237 6316 6317 6238
6397 3 2 0 6 6238 6317 6318 6239
6398 3 2 0 6 6239 6318 6319 6240
6399 3 2 0 6 6240 6319 6320 6241
6400 3 2 0 6 6241 6320 6321 6242
6401 3 2 0 6 6242 6321 6322 6243
6402 3 2 0 6 6243 6322 6323 6244
6403 3 2 0 6 6244 6323 6324 6245
6404 3 2 0 6 6245 6324 166 167
6405 3 2 0 6 80 81 6325 6246
6406 3 2 0 6 6246 6325 6326 6247
6407 3 2 0 6 6247 6326 6327 6248
6408 3 2 0 6 6248 6327 6328 6249
6409 3 2 0 6 6249 6328 6329 6250
6410 3 2 0 6 6250 6329 6330 6251
6411 3 2 0 6 6251 6330 6331 6252
6412 3 2 0 6 6252 6331 6332 6253
6413 3 2 0 6 6253 6332 6333 6254
6414 3 2 0 6 6254 6333 6334 6255
6415 3 2 0 6 6255 6334 6335 6256
6416 3 2 0 6 6256 6335 6336 6257
6417 3 2 0 6 6257 6336 6337 6258
6418 3 2 0 6 6258 6337 6338 6259
6419 3 2 0 6 6259 6338 6339 6260
6420 3 2 0 6 6260 6339 6340 6261
6421 3 2 0 6 6261 6340 6341 6262
6422 3 2 0 6 6262 6341 6342 6263
6423 3 2 0 6 6263 6342 6343 6264
6424 3 2 0 6 6264 6343 6344 6265
6425 3 2 0 6 6265 6344 6345 6266
6426 3 2 0 6 6266 6345 6346 6267
6427 3 2 0 6 6267 6346 6347 6268
6428 3 2 0 6 6268 6347 6348 6269
6429 3 2 0 6 6269 6348 6349 6270
6430 3 2 0 6 6270 6349 6350 6271
6431 3 2 0 6 6271 6350 6351 6272
6432 3 2 0 6 6272 6351 6352 6273
6433 3 2 0 6 6273 6352 6353 6274
6434 3 2 0 6 6274 6353 6354 6275
6435 3 2 0 6 6275 6354 6355 6276
6436 3 2 0 6 6276 6355 6356 6277
6437 3 2 0 6 6277 6356 6357 6278
6438 3 2 0 6 6278 6357 6358 6279
6439 3 2 0 6 6279 6358 6359 6280
6440 3 2 0 6 6280 6359 6360 6281
6441 3 2 0 6 6281 6360 6361 6282
6442 3 2 0 6 6282 6361 6362 6283
6443 3 2 0 6 6283 6362 6363 6284
6444 3 2 0 6 6284 6363 6364 6285
6445 3 2 0 6 6285 6364 6365 6286
6446 3 2 0 6 6286 6365 6366 6287
6447 3 2 0 6 6287 6366 6367 6288
6448 3 2 0 6 6288 6367 6368 6289
6449 3 2 0 6 6289 6368 6369 6290
6450 3 2 0 6 6290 6369 6370 6291
6451 3 2 0 6 6291 6370 6371 6292
6452 3 2 0 6 6292 6371 6372 6293
6453 3 2 0 6 6293 6372 6373 6294
6454 3 2 0 6 6294 6373 6374 6295
6455 3 2 0 6 6295 6374 6375 6296
6456 3 2 0 6 6296 6375 6376 6297
6457 3 2 0 6 6297 6376 6377 6298
6458 3 2 0 6 6298 6377 6378 6299
6459 3 2 0 6 6299 6378 6379 6300
6460 3 2 0 6 6300 6379 6380 6301
6461 3 2 0 6 6301 6380 6381 6302
6462 3 2 0 6 6302 6381 6382 6303
6463 3 2 0 6 6303 6382 6383 6304
6464 3 2 0 6 6304 6383 6384 6305
6465 3 2 0 6 6305 6384 6385 6306
6466 3 2 0 6 6306 6385 6386 6307
6467 3 2 0 6 6307 6386 6387 6308
6468 3 2 0 6 6308 6387 6388 6309
6469 3 2 0 6 6309 6388 6389 6310
6470 3 2 0 6 6310 6389 6390 6311
6471 3 2 0 6 6311 6390 6391 6312
6472 3 2 0 6 6312 6391 6392 6313
6473 3 2 0 6 6313 6392 6393 6314
6474 3 2 0 6 6314 6393 6394 6315
6475 3 2 0 6 6315 6394 6395 6316
6476 3 2 0 6 6316 6395 6396 6317
6477 3 2 0 6 6317 6396 6397 6318
6478 3 2 0 6 6318 6397 6398 6319
6479 3 2 0 6 6319 6398 6399 6320
6480 3 2 0 6 6320 6399 6400 6321
6481 3 2 0 6 6321 6400 6401 6322
6482 3 2 0 6 6322 6401 6402 6323
6483 3 2 0 6 6323 6402 6403 6324
6484 3 2 0 6 6324 6403 165 166
6485 3 2 0 6 81 82 6404 6325
6486 3 2 0 6 6325 6404 6405 6326
6487 3 2 0 6 6326 6405 6406 6327
6488 3 2 0 6 6327 6406 6407 6328
6489 3 2 0 6 6328 6407 6408 6329
6490 3 2 0 6 6329 6408 6409 6330
6491 3 2 0 6 6330 6409 6410 6331
6492 3 2 0 6 6331 6410 6411 6332
6493 3 2 0 6 6332 6411 6412 6333
6494 3 2 0 6 6333 6412 6413 6334
6495 3 2 0 6 6334 6413 6414 6335
6496 3 2 0 6 6335 6414 6415 6336
6497 3 2 0 6 6336 6415 6416 6337
6498 3 2 0 6 6337 6416 6417 6338
6499 3 2 0 6 6338 6417 6418 6339
6500 3 2 0 6 6339 6418 6419 6340
6501 3 2 0 6 6340 6419 6420 6341
6502 3 2 0 6 6341 6420 6421 6342
6503 3 2 0 6 6342 6421 6422 6343
6504 3 2 0 6 6343 6422 6423 6344
6505 3 2 0 6 6344 6423 6424 6345
6506 3 2 0 6 6345 6424 6425 6346
6507 3 2 0 6 6346 6425 6426 6347
6508 3 2 0 6 6347 6426 6427 6348
6509 3 2 0 6 6348 6427 6428 6349
6510 3 2 0 6 6349 6428 6429 6350
6511 3 2 0 6 6350 6429 6430 6351
6512 3 2 0 6 6351 6430 6431 6352
6513 3 2 0 6 6352 6431 6432 6353
6514 3 2 0 6 6353 6432 6433 6354
6515 3 2 0 6 6354 6433 6434 6355
6516 3 2 0 6 6355 6434 6435 6356
6517 3 2 0 6 6356 6435 6436 6357
6518 3 2 0 6 6357 6436 6437 6358
6519 3 2 0 6 6358 6437 6438 6359
6520 3 2 0 6 6359 6438 6439 6360
6521 3 2 0 6 6360 6439 6440 6361
6522 3 2 0 6 6361 6440 6441 6362
6523 3 2 0 6 6362 6441 6442 6363
6524 3 2 0 6 6363 6442 6443 6364
6525 3 2 0 6 6364 6443 6444 6365
6526 3 2 0 6 6365 6444 6445 6366
6527 3 2 0 6 6366 6445 6446 6367
6528 3 2 0 6 6367 6446 6447 6368
6529 3 2 0 6 6368 6447 6448 6369
6530 3 2 0 6 6369 6448 6449 6370
6531 3 2 0 6 6370 6449 6450 6371
6532 3 2 0 6 6371 6450 6451 6372
6533 3 2 0 6 6372 6451 6452 6373
6534 3 2 0 6 6373 6452 6453 6374
6535 3 2 0 6 6374 6453 6454 6375
6536 3 2 0 6 6375 6454 6455 6376
6537 3 2 0 6 6376 6455 6456 6377
6538 3 2 0 6 6377 6456 6457 6378
6539 3 2 0 6 6378 6457 6458 6379
6540 3 2 0 6 6379 6458 6459 6380
6541 3 2 0 6 6380 6459 6460 6381
6542 3 2 0 6 6381 6460 6461 6382
6543 3 2 0 6 6382 6461 6462 6383
6544 3 2 0 6 6383 6462 6463 6384
6545 3 2 0 6 6384 6463 6464 6385
6546 3 2 0 6 6385 6464 6465 6386
6547 3 2 0 6 6386 6465 6466 6387
6548 3 2 0 6 6387 6466 6467 6388
6549 3 2 0 6 6388 6467 6468 6389
6550 3 2 0 6 6389 6468 6469 6390
6551 3 2 0 6 6390 6469 6470 6391
6552 3 2 0 6 6391 6470 6471 6392
6553 3 2 0 6 6392 6471 6472 6393
6554 3 2 0 6 6393 6472 6473 6394
6555 3 2 0 6 6394 6473 6474 6395
6556 3 2 0 6 6395 6474 6475 6396
6557 3 2 0 6 6396 6475 6476 6397
6558 3 2 0 6 6397 6476 6477 6398
6559 3 2 0 6 6398 6477 6478 6399
6560 3 2 0 6 6399 6478 6479 6400
6561 3 2 0 6 6400 6479 6480 6401
6562 3 2 0 6 6401 6480 6481 6402
6563 3 2 0 6 6402 6481 6482 6403
6564 3 2 0 6 6403 6482 164 165
6565 3 2 0 6 82 83 6483 6404
6566 3 2 0 6 6404 6483 6484 6405
6567 3 2 0 6 6405 6484 6485 6406
6568 3 2 0 6 6406 6485 6486 6407
6569 3 2 0 6 6407 6486 6487 6408
6570 3 2 0 6 6408 6487 6488 6409
6571 3 2 0 6 6409 6488 6489 6410
6572 3 2 0 6 6410 6489 6490 6411
6573 3 2 0 6 6411 6490 6491 6412
6574 3 2 0 6 6412 6491 6492 6413
6575 3 2 0 6 6413 6492 6493 6414
6576 3 2 0 6 6414 6493 6494 6415
6577 3 2 0 6 6415 6494 6495 6416
6578 3 2 0 6 6416 6495 6496 6417
6579 3 2 0 6 6417 6496 6497 6418
6580 3 2 0 6 6418 6497 6498 6419
6581 3 2 0 6 6419 6498 6499 6420
6582 3 2 0 6 6420 6499 6500 6421
6583 3 2 0 6 6421 6500 6501 6422
6584 3 2 0 6 6422 6501 6502 6423
6585 3 2 0 6 6423 6502 6503 6424
6586 3 2 0 6 6424 6503 6504 6425
6587 3 2 0 6 6425 6504 6505 6426
6588 3 2 0 6 6426 6505 6506 6427
6589 3 2 0 6 6427 6506 6507 6428
6590 3 2 0 6 6428 6507 6508 6429
6591 3 2 0 6 6429 6508 6509 6430
6592 3 2 0 6 6430 6509 6510 6431
6593 3 2 0 6 6431 6510 6511 6432
6594 3 2 0 6 6432 6511 6512 6433
6595 3 2 0 6 6433 6512 6513 6434
6596 3 2 0 6 6434 6513 6514 6435
6597 3 2 0 6 6435 6514 6515 6436
6598 3 2 0 6 6436 6515 6516 6437
6599 3 2 0 6 6437 6516 6517 6438
6600 3 2 0 6 6438 6517 6518 6439
6601 3 2 0 6 6439 6518 6519 6440
6602 3 2 0 6 6440 6519 6520 6441
6603 3 2 0 6 6441 6520 6521 6442
6604 3 2 0 6 6442 6521 6522 6443
6605 3 2 0 6 6443 6522 6523 6444
6606 3 2 0 6 6444 6523 6524 6445
6607 3 2 0 6 6445 6524 6525 6446
6608 3 2 0 6 6446 6525 6526 6447
6609 3 2 0 6 6447 6526 6527 6448
6610 3 2 0 6 6448 6527 6528 6449
6611 3 2 0 6 6449 6528 6529 6450
6612 3 2 0 6 6450 6529 6530 6451
6613 3 2 0 6 6451 6530 6531 6452
6614 3 2 0 6 6452 6531 6532 6453
6615 3 2 0 6 6453 6532 6533 6454
6616 3 2 0 6 6454 6533 6534 6455
6617 3 2 0 6 6455 6534 6535 6456
6618 3 2 0 6 6456 6535 6536 6457
6619 3 2 0 6 6457 6536 6537 6458
6620 3 2 0 6 6458 6537 6538 6459
6621 3 2 0 6 6459 6538 6539 6460
6622 3 2 0 6 6460 6539 6540 6461
6623 3 2 0 6 6461 6540 6541 6462
6624 3 2 0 6 6462 6541 6542 6463
6625 3 2 0 6 6463 6542 6543 6464
6626 3 2 0 6 6464 6543 6544 6465
6627 3 2 0 6 6465 6544 6545 6466
6628 3 2 0 6 6466 6545 6546 6467
6629 3 2 0 6 6467 6546 6547 6468
6630 3 2 0 6 6468 6547 6548 6469
6631 3 2 0 6 6469 6548 6549 6470
6632 3 2 0 6 6470 6549 6550 6471
6633 3 2 0 6 6471 6550 6551 6472
6634 3 2 0 6 6472 6551 6552 6473
6635 3 2 0 6 6473 6552 6553 6474
6636 3 2 0 6 6474 6553 6554 6475
6637 3 2 0 6 6475 6554 6555 6476
6638 3 2 0 6 6476 6555 6556 6477
6639 3 2 0 6 6477 6556 6557 6478
6640 3 2 0 6 6478 6557 6558 6479
6641 3 2 0 6 6479 6558 6559 6480
6642 3 2 0 6 6480 6559 6560 6481
6643 3 2 0 6 6481 6560 6561 6482
6644 3 2 0 6 6482 6561 163 164
6645 3 2 0 6 83 2 84 6483
6646 3 2 0 6 6483 84 85 6484
6647 3 2 0 6 6484 85 86 6485
6648 3 2 0 6 6485 86 87 6486
6649 3 2 0 6 6486 87 88 6487
6650 3 2 0 6 6487 88 89 6488
6651 3 2 0 6 6488 89 90 6489
6652 3 2 0 6 6489 90 91 6490
6653 3 2 0 6 6490 91 92 6491
6654 3 2 0 6 6491 92 93 6492
6655 3 2 0 6 6492 93 94 6493
6656 3 2 0 6 6493 94 95 6494
6657 3 2 0 6 6494 95 96 6495
6658 3 2 0 6 6495 96 97 6496
6659 3 2 0 6 6496 97 98 6497
6660 3 2 0 6 6497 98 99 6498
6661 3 2 0 6 6498 99 100 6499
6662 3 2 0 6 6499 100 101 6500
6663 3 2 0 6 6500 101 102 6501
6664 3 2 0 6 6501 102 103 6502
6665 3 2 0 6 6502 103 104 6503
6666 3 2 0 6 6503 104 105 6504
6667 3 2 0 6 6504 105 106 6505
6668 3 2 0 6 6505 106 107 6506
6669 3 2 0 6 6506 107 108 6507
6670 3 2 0 6 6507 108 109 6508
6671 3 2 0 6 6508 109 110 6509
6672 3 2 0 6 6509 110 111 6510
6673 3 2 0 6 6510 111 112 6511
6674 3 2 0 6 6511 112 113 6512
6675 3 2 0 6 6512 113 114 6513
6676 3 2 0 6 6513 114 115 6514
6677 3 2 0 6 6514 115 116 6515
6678 3 2 0 6 6515 116 117 6516
6679 3 2 0 6 6516 117 118 6517
6680 3 2 0 6 6517 118 119 6518
6681 3 2 0 6 6518 119 120 6519
6682 3 2 0 6 6519 120 121 6520
6683 3 2 0 6 6520 121 122 6521
6684 3 2 0 6 6521 122 123 6522
6685 3 2 0 6 6522 123 124 6523
6686 3 2 0 6 6523 124 125 6524
6687 3 2 0 6 6524 125 126 6525
6688 3 2 0 6 6525 126 127 6526
6689 3 2 0 6 6526 127 128 6527
6690 3 2 0 6 6527 128 129 6528
6691 3 2 0 6 6528 129 130 6529
6692 3 2 0 6 6529 130 131 6530
6693 3 2 0 6 6530 131 132 6531
6694 3 2 0 6 6531 132 133 6532
6695 3 2 0 6 6532 133 134 6533
6696 3 2 0 6 6533 134 135 6534
6697 3 2 0 6 6534 135 136 6535
6698 3 2 0 6 6535 136 137 6536
6699 3 2 0 6 6536 137 138 6537
6700 3 2 0 6 6537 138 139 6538
6701 3 2 0 6 6538 139 140 6539
6702 3 2 0 6 6539 140 141 6540
6703 3 2 0 6 6540 141 142 6541
6704 3 2 0 6 6541 142 143 6542
6705 3 2 0 6 6542 143 144 6543
6706 3 2 0 6 6543 144 145 6544
6707 3 2 0 6 6544 145 146 6545
6708 3 2 0 6 6545 146 147 6546
6709 3 2 0 6 6546 147 148 6547
6710 3 2 0 6 6547 148 149 6548
6711 3 2 0 6 6548 149 150 6549
6712 3 2 0 6 6549 150 151 6550
6713 3 2 0 6 6550 151 152 6551
6714 3 2 0 6 6551 152 153 6552
6715 3 2 0 6 6552 153 154 6553
6716 3 2 0 6 6553 154 155 6554
6717 3 2 0 6 6554 155 156 6555
6718 3 2 0 6 6555 156 157 6556
6719 3 2 0 6 6556 157 158 6557
6720 3 2 0 6 6557 158 159 6558
6721 3 2 0 6 6558 159 160 6559
6722 3 2 0 6 6559 160 161 6560
6723 3 2 0 6 6560 161 162 6561
6724 3 2 0 6 6561 162 3 163
$EndElements
